seed,type,visibility_m,friction_mu,mass_kg,grade_percent,v_safe_mps,v_command_mps,violations
1000,correlated,34.411531345907434,0.5112134613159519,164844.81742397146,-9.15066927630912,9.791862203813196,9.791862203813196,0
1001,correlated,18.780448079696242,0.33281012354570055,163116.18419489835,-8.277914093731809,6.9514819617840145,6.9514819617840145,0
1002,correlated,10.804472989784148,0.2244052525134958,161722.76009844377,-7.589103073693731,1.013696616051828,1.013696616051828,0
1003,correlated,31.901260914048688,0.44971413424404827,164873.78646149664,-7.613250166431188,11.11,11.11,0
1004,correlated,6.752823731877116,0.27653288653777297,166865.60819847696,-6.544288427020376,2.0269506811005487,2.0269506811005487,0
1005,correlated,34.66464939084385,0.47912873807542494,162679.15178150713,-6.628059258068303,11.11,11.11,0
1006,correlated,38.44073129890557,0.5293607517347889,161302.10130502787,-6.470578159358212,11.11,11.11,0
1007,correlated,29.67124551145696,0.45032421106073267,170396.85464660943,-8.941775078121562,10.700061559987441,10.700061559987441,0
1008,correlated,32.63011396657869,0.4618373739602217,165537.15494064393,-7.5342582379934955,11.11,11.11,0
1009,correlated,32.66961258039734,0.4499491301641557,162428.1300975211,-8.906204406372776,10.948794287872449,10.948794287872449,0
1010,correlated,22.741541875274145,0.37576812073124194,161241.6308023214,-8.327506673306392,4.875300907500643,4.875300907500643,0
1011,correlated,34.50563898487698,0.5256780779674987,160828.37160588635,-9.551268950284797,10.548449745372672,10.548449745372672,0
1012,correlated,6.202820894955882,0.23939697226129336,167359.80835342128,-6.810936629338377,5.957277502151345,5.957277502151345,0
1013,correlated,30.066736651557612,0.43776704960338186,168240.58467929083,-9.91072896992813,8.71508903749417,8.71508903749417,0
1014,correlated,15.430974119537188,0.30032982708573125,168681.53364519062,-9.636262360974651,6.86962355444769,6.86962355444769,0
1015,correlated,33.23801607218845,0.4794101774815482,162002.32497589465,-7.406600745211403,11.11,11.11,0
1016,correlated,42.738621033836964,0.5723610654112338,167112.72720434028,-7.282434118065856,11.11,11.11,0
1017,correlated,10.064096972993443,0.28779726825779095,167477.5946317844,-7.363771603113069,7.677607638498066,7.677607638498066,0
1018,correlated,8.643537219974537,0.24167699851389302,164780.450293186,-8.001432450808215,0.0,0.0,0
1019,correlated,19.57636907546916,0.3741117345864734,166364.13051233036,-9.175922211944453,6.888691935212638,6.888691935212638,0
1020,correlated,39.152887096837915,0.53091359821926,162310.360659978,-8.76012483449905,10.455980941337803,10.455980941337803,0
1021,correlated,36.51253642297895,0.5067750030518103,166987.16214657907,-9.109600278169115,10.921491870152774,10.921491870152774,0
1022,correlated,11.156156784210166,0.28884731243466155,167906.7409872756,-8.603337398388714,5.617797607913987,5.617797607913987,0
1023,correlated,46.13314068875541,0.57469075523713,171939.9605787614,-9.788410821322447,8.666329216331478,8.666329216331478,0
1024,correlated,34.14610537978902,0.47685982903540103,165443.7045886431,-7.367549074290379,11.11,11.11,0
1025,correlated,32.10118645465542,0.4138780854244744,168355.0084274071,-8.106636996037848,11.056540782336137,11.056540782336137,0
1026,correlated,20.824111955061046,0.3603819004643487,161378.29491779106,-8.85770128468697,8.602763548518016,8.602763548518016,0
1027,correlated,9.927646404684888,0.30882048766040476,165488.512332825,-9.696786574079429,4.721271951612151,4.721271951612151,0
1028,correlated,37.43249131453941,0.4938102648578457,162263.00934815974,-7.582563788770113,11.11,11.11,0
1029,correlated,6.846793476805779,0.3136733153309365,159984.78592431836,-6.400266834048748,0.0,0.0,0
1030,correlated,25.477867456534835,0.36871789714019537,163461.7357334234,-7.534407581127514,11.061536914205861,11.061536914205861,0
1031,correlated,5.045808699503248,0.22533283070228532,161519.31688876555,-8.327080943122564,4.1156896222348704,4.1156896222348704,0
1032,correlated,24.227675077063502,0.3439200438789517,166791.88069779877,-7.557755281918174,10.31760131636855,10.31760131636855,0
1033,correlated,26.911976961047,0.4355190974299025,172736.70528336306,-7.645521763667226,11.11,11.11,0
1034,correlated,41.26458149106589,0.587154483841826,163767.89606905036,-8.990088231533964,10.272231326586775,10.272231326586775,0
1035,correlated,5.569701547163268,0.25581057896948234,170077.99991790295,-8.122507853601984,4.688797578638283,4.688797578638283,0
1036,correlated,39.18959234148727,0.589819790554294,161514.2516387103,-7.694530365395134,11.11,11.11,0
1037,correlated,31.838675799382923,0.43828564867837766,166484.36660500374,-6.621967495572235,11.11,11.11,0
1038,correlated,41.19950718514631,0.5435318411777843,165638.37647174034,-9.917419934963974,9.602242708275082,9.602242708275082,0
1039,correlated,25.45524432005712,0.4277126684266149,166729.0592847619,-6.3524008122854685,11.11,11.11,0
1040,correlated,42.362246807455215,0.572285329536548,164799.50937941507,-7.138336505104526,11.11,11.11,0
1041,correlated,5.975250963634771,0.20523872104231858,166610.50032751577,-6.08158996754767,0.0,0.0,0
1042,correlated,19.414101815335567,0.37056879924580616,164062.98120212037,-9.353969088071782,6.891932065234619,6.891932065234619,0
1043,correlated,29.807841975114126,0.4328934949397184,166244.07026565462,-8.304344565323229,11.033230870311254,11.033230870311254,0
1044,correlated,10.208877611416945,0.33655812209820246,161896.50405978842,-7.511914156137546,3.734768101487072,3.734768101487072,0
1045,correlated,38.95503389524425,0.45618692491799473,172302.28773527683,-6.960759147363505,11.11,11.11,0
1046,correlated,5.079410562447083,0.23805318982038925,163267.99736013828,-6.399818052530954,4.657148615540802,4.657148615540802,0
1047,correlated,41.10311124918057,0.5076395285892165,168336.1171279167,-6.750928068249782,11.11,11.11,0
1048,correlated,30.43752101014586,0.39253859096286015,166271.57577718637,-6.670697991676034,11.11,11.11,0
1049,correlated,38.7614661451639,0.5031866963401768,168329.94063556637,-8.602621749797454,11.11,11.11,0
1050,correlated,46.24911940898237,0.6027473764460465,161469.93536470874,-8.919265062000012,11.11,11.11,0
1051,correlated,27.808646906120327,0.34694248315346143,157101.4803270062,-6.227467009521732,9.930337605325494,9.930337605325494,0
1052,correlated,34.9481866486194,0.528866501423741,161255.11526550015,-9.336803287027813,10.767073411026248,10.767073411026248,0
1053,correlated,33.993223712972174,0.4848780305990752,162555.44137363526,-8.39461710029931,11.11,11.11,0
1054,correlated,43.2793564182111,0.5725482315926067,162419.72398469967,-9.513290943917818,10.102956126444537,10.102956126444537,0
1055,correlated,21.121718610467134,0.3772493098935471,160763.35483082308,-9.840216788608753,8.074077287758088,8.074077287758088,0
1056,correlated,22.195010683325936,0.36272185818328967,163086.9185161506,-7.532390673754505,9.839873013281993,9.839873013281993,0
1057,correlated,20.62850566153653,0.3502371728760812,166847.70194160967,-6.0776595962526585,8.668827838589316,8.668827838589316,0
1058,correlated,12.537352018864988,0.3153254846664797,164860.3835964308,-7.301183034739318,7.8881706877801285,7.8881706877801285,0
1059,correlated,20.834315657833983,0.3648728071149474,166358.2582029157,-9.083520666803434,8.971737428279067,8.971737428279067,0
1060,correlated,30.39587223989652,0.447627953955147,163728.76186838982,-7.016050721922358,10.61415200277159,10.61415200277159,0
1061,correlated,23.718166636201644,0.39514073203978173,164547.4965421543,-8.993814159507792,8.665007162074751,8.665007162074751,0
1062,correlated,31.747433618294515,0.49673791313927856,159970.59804744928,-6.3218581171362445,11.11,11.11,0
1063,correlated,19.32820120141838,0.3384645762424047,162171.36031872718,-9.428697444637482,9.82978244451323,9.82978244451323,0
1064,correlated,19.26335999902279,0.36699597452535704,165920.10478475923,-6.860755142374208,5.260223974091235,5.260223974091235,0
1065,correlated,6.264177016616068,0.30863186787386465,165040.29128980933,-6.934660187830609,0.0,0.0,0
1066,correlated,21.065797653082026,0.3192768678232167,167134.4990201898,-8.0514321552794,7.754014929321524,7.754014929321524,0
1067,correlated,9.160540892617796,0.22423527863842774,160964.55897037953,-8.573527342012486,5.227496473426363,5.227496473426363,0
1068,correlated,45.95579213448221,0.5702164790045027,167382.04278678604,-9.861547032458144,9.178689838403173,9.178689838403173,0
1069,correlated,18.015818787171167,0.33387417326867813,165437.41193244123,-9.406437403678558,6.754701392056533,6.754701392056533,0
1070,correlated,14.377157244997298,0.3487274817416081,167655.88724768793,-6.276569990256325,4.490420646367576,4.490420646367576,0
1071,correlated,24.597641115120723,0.39365511314539625,167119.66193129902,-9.273896656421673,9.356437545026784,9.356437545026784,0
1072,correlated,38.20931200753701,0.5243685938641991,168018.0319189028,-9.536919614493277,9.560988659345053,9.560988659345053,0
1073,correlated,19.03170138161103,0.36895998614028264,159478.18307024776,-8.71235652551549,8.17672406366178,8.17672406366178,0
1074,correlated,33.624896287508676,0.4212977915750905,164678.992242907,-7.585856557122049,11.11,11.11,0
1075,correlated,36.604104447473695,0.4768267413867038,168584.7870993727,-7.687982390096518,10.95565382775156,10.95565382775156,0
1076,correlated,47.85162840226316,0.5569736977737287,164944.0081310393,-7.729710475977115,11.11,11.11,0
1077,correlated,30.42867360857715,0.5108767062159654,166130.09375357736,-7.873499140686363,10.735022312688145,10.735022312688145,0
1078,correlated,16.039209331487548,0.3624450656836329,167055.2028128825,-9.102308298468856,3.7041654291099286,3.7041654291099286,0
1079,correlated,20.761166467385173,0.3341932517194087,170476.6865339885,-9.836696331894007,9.16220415372376,9.16220415372376,0
1080,correlated,24.93095677364345,0.4332532745988104,165293.38627201243,-8.339497121119267,10.360568452946184,10.360568452946184,0
1081,correlated,21.063636148782482,0.3828533623420576,161059.63437147456,-6.222022516601644,11.11,11.11,0
1082,correlated,27.269482022695303,0.475648337996058,169501.31802419695,-9.417599025922645,9.509230394581184,9.509230394581184,0
1083,correlated,13.31438518393255,0.30649809075887063,167633.7684942091,-7.610389990898492,3.9461981840574767,3.9461981840574767,0
1084,correlated,10.429927982800717,0.3241680045116762,170076.4801201464,-8.524615341064106,1.5034581964357339,1.5034581964357339,0
1085,correlated,21.364744507312913,0.3651310919440442,165317.83522093872,-7.951770925391548,10.950533722466236,10.950533722466236,0
1086,correlated,38.60077967923415,0.5145972975717062,165530.14855147726,-8.99006553063714,10.976789572330613,10.976789572330613,0
1087,correlated,12.403704340856356,0.34107630197284733,166915.2126729683,-9.670795508958388,5.526399869934117,5.526399869934117,0
1088,correlated,21.25310238034839,0.4054518456397726,166019.92006198835,-8.003934460241835,9.57770146075492,9.57770146075492,0
1089,correlated,31.584735579078004,0.40858067475338733,161962.6074119626,-6.423444426578302,11.11,11.11,0
1090,correlated,12.073404079328427,0.28221618356400463,170697.642866188,-9.174570531007012,2.812293155127087,2.812293155127087,0
1091,correlated,19.764704332922292,0.33927650316393104,164953.49324417335,-9.79954815174278,7.154877700784038,7.154877700784038,0
1092,correlated,10.448048840715721,0.2774905693327597,165717.97829496223,-9.381234182122643,1.2854303097547084,1.2854303097547084,0
1093,correlated,25.763302412701343,0.40239693055185527,166397.0373833075,-6.141128621400066,11.11,11.11,0
1094,correlated,41.887954869168446,0.5388058208102154,165882.9827884386,-8.33673183508052,11.11,11.11,0
1095,correlated,24.869879853956167,0.38481569432726587,158312.52126919792,-7.904960285367895,8.579155453725066,8.579155453725066,0
1096,correlated,24.182513202751917,0.4383554585866333,166678.53047693864,-8.226629734487538,8.276176615052314,8.276176615052314,0
1097,correlated,47.26475506425918,0.5709343007216383,166055.0809063661,-7.022753457685832,11.11,11.11,0
1098,correlated,26.719087276457067,0.44460555823481407,161220.0501446708,-7.619608789905749,10.453027895702858,10.453027895702858,0
1099,correlated,26.01027455735254,0.3477907258782871,167787.0764898381,-8.739170684413025,10.433721776348612,10.433721776348612,0
1100,correlated,12.759946140078835,0.2541303380252929,164754.37201742356,-6.742277242315975,2.8916654746176156,2.8916654746176156,0
1101,correlated,42.39897186940304,0.5285673549171042,167608.7582010708,-9.687688705543131,9.759639113937519,9.759639113937519,0
1102,correlated,18.733527604605847,0.3749168171442075,167753.36031282623,-8.504159889197364,7.662747259785672,7.662747259785672,0
1103,correlated,10.991135135612929,0.2583891268134954,166881.82784381375,-8.120698928087625,0.0,0.0,0
1104,correlated,30.261694064655227,0.49703878916206223,163153.95155384784,-8.753810823907525,11.11,11.11,0
1105,correlated,29.472886170234293,0.41990755325075174,157299.87262924135,-8.59546542122497,11.11,11.11,0
1106,correlated,26.97784153630159,0.445429906087879,165324.0962059828,-6.602673322765722,11.11,11.11,0
1107,correlated,22.16642627911007,0.40729248644473615,164003.87516835754,-6.927815872172218,8.560750042352675,8.560750042352675,0
1108,correlated,42.646084309357214,0.5897278133330188,168142.63733107023,-6.0813360684848305,11.11,11.11,0
1109,correlated,34.28090692677149,0.5202163086880993,157927.56714253357,-8.127868982008437,11.11,11.11,0
1110,correlated,8.924969362249538,0.30678228574048233,165300.38016932533,-6.81980926347231,0.0,0.0,0
1111,correlated,9.299713964394291,0.2769218416173727,166771.5562721343,-8.758092232520625,0.9686959075908214,0.9686959075908214,0
1112,correlated,8.561319191988423,0.25949602248489645,161364.6478880729,-6.481281455849396,1.4075096134762435,1.4075096134762435,0
1113,correlated,49.146604816309576,0.6080117438262083,168225.66818979406,-8.30524794544812,11.050336490176118,11.050336490176118,0
1114,correlated,11.80390245382975,0.312592278122565,163638.87305991497,-9.331814832932755,4.414925479063783,4.414925479063783,0
1115,correlated,23.080295991037605,0.3641865666566798,169098.38153407906,-7.841829220429478,10.925596999700394,10.925596999700394,0
1116,correlated,39.7714521509415,0.5261771328983242,162049.379616705,-7.996118172295099,11.11,11.11,0
1117,correlated,15.897446478916324,0.3420544226911361,166363.43459003128,-8.957215210904495,0.0,0.0,0
1118,correlated,39.32752295862735,0.5250573102017158,161171.37112249722,-6.647757907800486,11.11,11.11,0
1119,correlated,11.69926068374766,0.27267804685974667,164413.339562743,-7.683010948586105,4.278086404856813,4.278086404856813,0
1120,correlated,37.43723165630423,0.49623937881992225,160002.70913673256,-6.913067686687887,11.11,11.11,0
1121,correlated,26.215165529155843,0.4504730702461562,173317.98730814416,-9.719868886646474,8.637824252678069,8.637824252678069,0
1122,correlated,35.3820805429488,0.4707010151766299,161148.91459310116,-9.21781638479652,10.83958626617373,10.83958626617373,0
1123,correlated,19.148369212603633,0.3557471720859648,167249.0481894334,-9.772867133397241,8.182993806780543,8.182993806780543,0
1124,correlated,19.234541667490497,0.38711967866807123,162313.33168277715,-6.076346516716589,9.9729906333074,9.9729906333074,0
1125,correlated,44.61484831904767,0.5527285203758898,166504.6765475846,-6.200654766982655,11.11,11.11,0
1126,correlated,44.45885518926851,0.6042069848589142,164307.23958900565,-9.014539108328785,10.761077258252673,10.761077258252673,0
1127,correlated,6.652821089834395,0.23813815548969883,165881.9070574991,-9.942728128738224,4.493296239551815,4.493296239551815,0
1128,correlated,38.22360574100642,0.5187253483181973,166010.21452033598,-6.2841304258327195,11.11,11.11,0
1129,correlated,49.52826259405156,0.5876203510400875,160956.7187864622,-8.172862179352606,11.11,11.11,0
1130,correlated,22.05864402113746,0.41372737705400325,161622.84442941798,-6.31438286367057,9.10457191757933,9.10457191757933,0
1131,correlated,18.894551247953224,0.36066669594208695,164640.64566931344,-6.196223406352712,7.243961144643078,7.243961144643078,0
1132,correlated,45.03519143805994,0.5910949353634306,162112.10667546987,-9.80686541772922,10.18041731153365,10.18041731153365,0
1133,correlated,19.617624211460527,0.35811335436413566,162789.28686998226,-9.591102760934419,7.062835242761085,7.062835242761085,0
1134,correlated,6.562276559131342,0.18567457548854835,164644.36711748494,-8.189257681478942,0.0,0.0,0
1135,correlated,15.460586203469731,0.33150366953365923,162242.39782709372,-7.681674695828535,8.110636182116064,8.110636182116064,0
1136,correlated,11.540233037978838,0.34096799862417654,165119.23787263484,-8.081150235628128,1.9634853096521967,1.9634853096521967,0
1137,correlated,41.06356109219598,0.5295967318821747,163474.9128519259,-9.775507111498111,10.118754187806163,10.118754187806163,0
1138,correlated,12.388318187392024,0.2885009990494329,161811.70485082737,-7.732655433109613,0.0,0.0,0
1139,correlated,13.886619847541485,0.3606062325691769,174637.75385122123,-6.408818360894314,8.479258489403062,8.479258489403062,0
1140,correlated,16.95957181513994,0.31522839092188737,169009.94346210125,-8.191080367234193,7.633055561541861,7.633055561541861,0
1141,correlated,15.577242036823856,0.33096290883149093,162501.01926807777,-6.081834769375379,7.1969117220895065,7.1969117220895065,0
1142,correlated,46.019604877966074,0.5867637770100783,157712.78259063335,-6.273684081203799,11.11,11.11,0
1143,correlated,8.205015383199019,0.27526084620672875,163274.3425472749,-8.949238927945418,3.6857912024142516,3.6857912024142516,0
1144,correlated,23.288174778484798,0.37644776050512846,168453.9243988185,-6.192816762711191,10.429055593853148,10.429055593853148,0
1145,correlated,49.06938245589515,0.5901724102788279,164029.13708885148,-7.813058059576111,11.11,11.11,0
1146,correlated,5.044238285341567,0.24316006663186215,161496.7325175831,-7.097655359305749,2.8609258279810335,2.8609258279810335,0
1147,correlated,23.334632061554156,0.43643687006380266,166030.15485024374,-6.538218414393279,9.962126526387827,9.962126526387827,0
1148,correlated,10.903230538325857,0.2880510762404972,165233.3421773658,-9.172267564384502,0.0,0.0,0
1149,correlated,12.00678507418677,0.29175098836115104,163932.73683285768,-8.821308675745442,0.0,0.0,0
1150,correlated,35.690240734908734,0.4872476323975671,168934.99792756213,-7.109720482296529,11.11,11.11,0
1151,correlated,34.60872288591761,0.5341402118027845,163975.2166314941,-8.59790689726759,11.11,11.11,0
1152,correlated,38.89671991298201,0.48711609696185765,160905.48103942862,-8.67982097406139,11.11,11.11,0
1153,correlated,35.94373326375566,0.5259237671189105,167765.75349072565,-8.168312325300171,11.11,11.11,0
1154,correlated,10.676954566876498,0.26005697343012046,159811.60495623696,-6.92928143312208,4.621451614652922,4.621451614652922,0
1155,correlated,30.611299123903983,0.41933231515839237,164940.4469536747,-6.370480666184793,11.11,11.11,0
1156,correlated,29.384994088553054,0.45311220277435593,157537.81719176547,-6.721110002641821,10.956560247216652,10.956560247216652,0
1157,correlated,13.88394895847125,0.3515607059573237,166508.6002213621,-9.982665061415807,4.314077243501808,4.314077243501808,0
1158,correlated,30.892246488813065,0.4652476958838965,165716.91838795863,-6.304994732189032,11.11,11.11,0
1159,correlated,11.00192430383722,0.2936388244389437,169015.16696581696,-9.751762683366508,0.0,0.0,0
1160,correlated,5.557420466239902,0.2082719957957661,163987.08477732385,-7.703544701742269,0.0,0.0,0
1161,correlated,25.924354293401493,0.41734561038637535,164462.03412437867,-6.435892219287041,10.443548428891908,10.443548428891908,0
1162,correlated,36.79499740940922,0.5002841238176811,165900.75506930822,-7.403640203963198,11.11,11.11,0
1163,correlated,22.792184050112194,0.3721796732060918,167217.3474527407,-9.179939417574204,6.997702004816569,6.997702004816569,0
1164,correlated,6.837870705369953,0.2545127738377864,167709.90127775093,-7.320519616391445,6.540861244047681,6.540861244047681,0
1165,correlated,19.802891675525704,0.38121460215787534,170721.9585088882,-7.526091807215982,8.192861697828384,8.192861697828384,0
1166,correlated,25.802229987743587,0.40453116638594666,166150.37134439734,-8.915780911017883,9.651348527146478,9.651348527146478,0
1167,correlated,21.086548975462247,0.3657387201145084,166179.51600111308,-9.68401712381098,8.564407613799187,8.564407613799187,0
1168,correlated,23.776780971900177,0.4148838989916663,161515.3835772612,-9.541511840474808,6.958396369220227,6.958396369220227,0
1169,correlated,38.670036184056364,0.5090158154340657,164572.02665323977,-6.3770269029773345,11.11,11.11,0
1170,correlated,44.935718834796866,0.5272598533562737,167632.42135625484,-7.589069895208263,11.11,11.11,0
1171,correlated,29.417063220437324,0.376791540360807,162491.68004619257,-7.226784722388383,11.11,11.11,0
1172,correlated,43.75863667327023,0.5424296166834017,168139.78925332773,-6.388081194248938,11.11,11.11,0
1173,correlated,24.056713702078373,0.4145037433588373,165312.56892486673,-9.765957497761937,9.831221200411811,9.831221200411811,0
1174,correlated,31.69783973784261,0.4463013692023774,165956.15851966152,-9.951088112617576,8.96748770347207,8.96748770347207,0
1175,correlated,36.901227305605836,0.5118991258830361,166157.54220065416,-9.312493564924567,10.32959608743943,10.32959608743943,0
1176,correlated,31.601771653363162,0.46763887571426405,164947.10931714962,-9.584627045433926,10.052798320033208,10.052798320033208,0
1177,correlated,18.164484555313912,0.37909123386989163,161774.05888947696,-7.860943384924518,8.064477809164517,8.064477809164517,0
1178,correlated,47.50924970398904,0.6152193043583032,165130.99035410926,-7.594510215340719,11.11,11.11,0
1179,correlated,24.608070450089112,0.33887771201921313,166998.05732642894,-7.487087481399635,10.166331360576393,10.166331360576393,0
1180,correlated,24.737378179278483,0.3925879518065293,168207.1750487631,-6.486386128432968,11.11,11.11,0
1181,correlated,24.40183130426198,0.4492982160420674,163626.17950989964,-6.745273163230159,10.220378505515583,10.220378505515583,0
1182,correlated,37.538305826531506,0.4979627595847168,161502.57296039758,-9.60799072100686,10.241430551379501,10.241430551379501,0
1183,correlated,26.114201303800716,0.4754604173219835,162588.16013633818,-7.15549240673621,11.11,11.11,0
1184,correlated,26.25188113667499,0.41401576395146616,161483.50118571846,-6.605455854737991,10.45583497646347,10.45583497646347,0
1185,correlated,9.971805676558171,0.30700387287008385,163586.80284556825,-9.937151397914766,0.3503118727453129,0.3503118727453129,0
1186,correlated,37.24306493400897,0.5102495663276946,164651.87372688667,-9.06892051857569,10.55582473783197,10.55582473783197,0
1187,correlated,44.48002853368804,0.5502907438755613,164218.48707822425,-6.87049497609487,11.11,11.11,0
1188,correlated,13.269467669874038,0.33607140411587805,165844.82284033738,-6.2777453622779955,0.2891548866362518,0.2891548866362518,0
1189,correlated,42.546952673006075,0.5797906038527518,166811.64274550605,-9.776882099141355,10.021626342870869,10.021626342870869,0
1190,correlated,23.97436762896275,0.4251733180694962,166974.8311761857,-7.538708379595965,11.11,11.11,0
1191,correlated,35.50439005125484,0.49699363567954213,165092.41029128907,-9.768515918163585,10.221361148807905,10.221361148807905,0
1192,correlated,49.261034600527715,0.6055871075264755,162120.46537660962,-7.118500644208584,11.11,11.11,0
1193,correlated,48.83321278995205,0.5513263867233229,164251.5088964955,-6.315428461937372,11.11,11.11,0
1194,correlated,42.87302512693469,0.5351430619599397,163788.64602984968,-9.682994986678484,10.131855018951923,10.131855018951923,0
1195,correlated,39.77050104522288,0.5144701107597663,163496.0771172725,-7.808340782357083,11.11,11.11,0
1196,correlated,31.58248363505085,0.5182796567059029,167185.076033999,-7.164198962463873,11.11,11.11,0
1197,correlated,45.500302079376546,0.5637966370202886,162074.2620523824,-8.783154179730065,11.11,11.11,0
1198,correlated,32.767568349445334,0.4903269330666052,170659.37852638142,-6.064488076899133,11.11,11.11,0
1199,correlated,32.51991252074386,0.4421901506378027,162674.47461008866,-9.330338085366005,10.369560225226369,10.369560225226369,0
1200,correlated,30.287915662476244,0.4490200638331268,165622.02247933793,-6.577777069726766,10.57311170708633,10.57311170708633,0
1201,correlated,36.4474870389715,0.4631867563788857,171095.45456212267,-6.944325194603596,11.11,11.11,0
1202,correlated,29.969983207306868,0.43989177649902933,166281.27860435733,-8.366035654370908,10.35685604025497,10.35685604025497,0
1203,correlated,33.106411509830735,0.4227735737534854,163213.68461427157,-8.484583450616398,10.990722653433268,10.990722653433268,0
1204,correlated,34.026768076448775,0.4736683158698197,164556.78578837196,-9.968694026819595,8.976739021179949,8.976739021179949,0
1205,correlated,16.669052679572168,0.3033929862459956,159642.1138837433,-6.79452318784549,7.73991850617302,7.73991850617302,0
1206,correlated,41.34285785719008,0.5226156588465962,167691.67934349226,-7.283051720140972,11.11,11.11,0
1207,correlated,40.422417912794245,0.49459889314655325,168672.0946237965,-8.54376668413919,10.699538818630803,10.699538818630803,0
1208,correlated,6.934599469149496,0.28848550865450706,168396.32345836924,-6.542959069554437,7.525167747463165,7.525167747463165,0
1209,correlated,18.99771031190307,0.35801914849705274,167013.57248749075,-6.0530499420676875,7.394064070624589,7.394064070624589,0
1210,correlated,18.87902916636359,0.38508034073009245,168649.66331640477,-6.117566534833728,8.887754132802536,8.887754132802536,0
1211,correlated,46.78340692561629,0.5679977683667244,166001.39414798195,-6.010971872853377,11.11,11.11,0
1212,correlated,16.037924446831497,0.32096869973790215,166390.9623926049,-6.1219147163125065,6.359487691680202,6.359487691680202,0
1213,correlated,19.34656944683612,0.36971367797527416,166050.86188027076,-8.484436953616282,7.164341664198592,7.164341664198592,0
1214,correlated,19.948125496789253,0.38767497880911117,163863.7201268999,-7.1744222456766416,8.200448571807957,8.200448571807957,0
1215,correlated,25.152678516636378,0.3985449285901716,161849.4939738586,-6.841610677637098,10.503763676454712,10.503763676454712,0
1216,correlated,49.80191823008512,0.6260154151613077,165904.22080335068,-6.442488555300999,11.11,11.11,0
1217,correlated,37.35011641120257,0.4318118106598715,166362.24652998886,-7.91156793999155,11.11,11.11,0
1218,correlated,36.726219145926514,0.4651568256634912,167674.93283621862,-7.157552687343126,11.11,11.11,0
1219,correlated,25.924370069655332,0.42236922292381474,162912.1633618359,-6.7915364190207645,11.11,11.11,0
1220,correlated,13.631572359627437,0.40808188605518714,163665.01898532314,-6.507679417407134,7.649084037310816,7.649084037310816,0
1221,correlated,26.125181738607704,0.3972450810972646,166710.7765408884,-6.070035372019952,11.11,11.11,0
1222,correlated,8.036837572807606,0.23888576404249623,160643.72854856323,-8.065620587193719,2.329947210607471,2.329947210607471,0
1223,correlated,28.808455938876953,0.4367533482063642,164485.3323325523,-9.440291356476237,9.466589569852912,9.466589569852912,0
1224,correlated,37.60539895547599,0.5135643659209927,168059.99227065555,-9.466730176445555,9.454708368212449,9.454708368212449,0
1225,correlated,32.16993182333148,0.40672309358528985,167690.80037554048,-7.29466142704777,11.11,11.11,0
1226,correlated,23.72306504667086,0.44615207537691687,166574.23901972844,-7.081517588011476,8.648465223210573,8.648465223210573,0
1227,correlated,22.339069959567258,0.4014202591383268,165281.69387235324,-7.464886497991142,11.11,11.11,0
1228,correlated,23.37618256028084,0.3429262762008034,164770.34963642113,-8.675898191079273,10.287788286024103,10.287788286024103,0
1229,correlated,19.5096394918095,0.32340705311243445,163821.80952322285,-7.665360234638669,8.002561145479532,8.002561145479532,0
1230,correlated,17.46618393208383,0.3899782499688247,161081.64162421325,-6.87920829604797,10.21702287738004,10.21702287738004,0
1231,correlated,24.57440127899141,0.40446760372531315,165847.97075158652,-8.636281176802214,11.11,11.11,0
1232,correlated,27.544845499763742,0.3732499884770883,166022.71271543737,-6.243572098592289,11.11,11.11,0
1233,correlated,40.38968556554956,0.5422856632743515,165620.1581456262,-6.550211641851574,11.11,11.11,0
1234,correlated,13.618375267050153,0.28602286872976274,171080.4977373614,-6.858565665144923,3.743974543604045,3.743974543604045,0
1235,correlated,47.919316201328336,0.5835124506134133,165734.5634749085,-6.226372562472804,11.11,11.11,0
1236,correlated,16.609947601599647,0.38546074596588253,164786.98336808177,-6.310353332239471,3.2274837259987588,3.2274837259987588,0
1237,correlated,37.72760904554168,0.5327604570975436,167373.35176370663,-9.77621513111201,8.969003287020934,8.969003287020934,0
1238,correlated,46.7401471563518,0.5325718801435193,159656.3267343643,-9.638436315060494,9.800046708192836,9.800046708192836,0
1239,correlated,27.777042394826037,0.4332691703128408,169954.19906149746,-8.502131360830287,10.399083351505904,10.399083351505904,0
1240,correlated,39.61189765912507,0.513038510233751,164269.74742726583,-6.509865347312639,11.11,11.11,0
1241,correlated,49.869242700832,0.6225088377229249,163233.62640056325,-8.173948773053027,11.11,11.11,0
1242,correlated,43.309343116758356,0.5133966095308672,170046.01533729897,-8.717999389832672,10.408732126189884,10.408732126189884,0
1243,correlated,49.55038590300242,0.6187019607880845,164558.02938845207,-8.655664529778253,11.031878282595184,11.031878282595184,0
1244,correlated,35.078151629264894,0.4952980257770534,166024.71110469996,-8.960689895605036,10.11961700510548,10.11961700510548,0
1245,correlated,20.02429454249866,0.35902358984410754,165956.82076070653,-9.791727021100426,5.113978498860534,5.113978498860534,0
1246,correlated,12.345917147989237,0.33109609350650443,168673.7571401461,-6.791937149520777,8.441726133286386,8.441726133286386,0
1247,correlated,29.78085978481576,0.4595956111094811,164761.80554999775,-6.161144278734938,10.713749001389596,10.713749001389596,0
1248,correlated,18.333044748464765,0.4352489312450918,165108.3092894197,-9.170985300817607,5.012630611861615,5.012630611861615,0
1249,correlated,49.14620079588817,0.5562306299358719,168253.79766166455,-9.345733853587932,9.53918480156397,9.53918480156397,0
1250,correlated,6.946264917043166,0.263888449683246,161279.34532311704,-8.899321528979927,4.825308878894085,4.825308878894085,0
1251,correlated,31.390400642614615,0.42531579046512386,163189.1848503489,-8.990515465118854,10.181867159782794,10.181867159782794,0
1252,correlated,26.516548819277812,0.45165196904596167,161826.14275073394,-9.26312804977631,9.830709080884407,9.830709080884407,0
1253,correlated,12.159333630495977,0.32419658764052245,166284.95666873455,-6.323612107530151,8.095922331733439,8.095922331733439,0
1254,correlated,34.11912343666961,0.5080952786875456,165652.97594557152,-6.327603333533504,11.11,11.11,0
1255,correlated,16.233582298630076,0.3150909548738238,161571.5791795572,-8.529339101997834,5.082720603719678,5.082720603719678,0
1256,correlated,48.777891131783115,0.6225022171729702,166948.8574660747,-9.402482298638574,9.73651167085468,9.73651167085468,0
1257,correlated,6.945807389685596,0.26695024883786356,165885.74140075714,-7.274517544360179,4.073907805837964,4.073907805837964,0
1258,correlated,15.893812502091441,0.34860091721910585,170397.90280261418,-8.517969357245885,6.0335200622608385,6.0335200622608385,0
1259,correlated,40.80669862051662,0.5597639100241565,163702.8360169057,-7.902561477821288,11.11,11.11,0
1260,correlated,22.529346346726932,0.39855269420732714,164576.66751688547,-7.630043812080392,8.714270534255967,8.714270534255967,0
1261,correlated,12.21322506062182,0.2550846615680986,166411.8948051942,-8.894874243226699,6.415111407553546,6.415111407553546,0
1262,correlated,42.324946960851385,0.5000126128750896,167594.2609378053,-9.797793025044548,9.758370729980452,9.758370729980452,0
1263,correlated,11.810270662622095,0.36634788504459886,164565.5481592328,-7.756074999845274,0.0,0.0,0
1264,correlated,16.87073534024666,0.3483053218265642,160274.2152624971,-6.628729133390646,7.8002865634600695,7.8002865634600695,0
1265,correlated,8.712917191178935,0.2742780047079536,166622.28712517087,-6.843266009123486,0.0,0.0,0
1266,correlated,48.64517685473854,0.6186261572805966,165242.31187520694,-7.606438390476914,11.11,11.11,0
1267,correlated,40.11081931516231,0.5076827074672162,168747.34449199055,-8.776788486738692,10.593121766271896,10.593121766271896,0
1268,correlated,49.73209873028311,0.6360917449150658,170119.8351688686,-8.908756689471486,9.801353182224016,9.801353182224016,0
1269,correlated,40.57135355297031,0.5086327631873895,164494.9925706443,-6.545347454104835,11.11,11.11,0
1270,correlated,37.31793140470624,0.5256438199893455,166764.03271224257,-6.345113211750499,11.11,11.11,0
1271,correlated,8.816907322595815,0.30557956201045694,165493.53306047534,-6.389511002078914,4.934495233312687,4.934495233312687,0
1272,correlated,36.48905361264009,0.4631697183300691,163060.87838099123,-8.740535924536779,11.11,11.11,0
1273,correlated,6.6440503452481945,0.31729858881630973,164394.98897762556,-6.294504531132011,2.752060602643136,2.752060602643136,0
1274,correlated,39.94513493113978,0.5293736186006668,166607.4075059172,-6.090122121702946,11.11,11.11,0
1275,correlated,14.987651959307964,0.3523749336978302,163920.96588214877,-6.920950187251352,6.431901891116292,6.431901891116292,0
1276,correlated,24.403592209552148,0.36072304786177367,168166.39171132576,-7.572832265179871,10.646627594156458,10.646627594156458,0
1277,correlated,10.697955866525229,0.3264258929008334,164529.1560265847,-7.383565994730087,5.755951279389854,5.755951279389854,0
1278,correlated,16.0283518846378,0.287817564844015,164560.1726341302,-8.000104398663506,6.6427113852810304,6.6427113852810304,0
1279,correlated,43.080511766750156,0.5338413258349058,170191.7348241922,-6.5551784857124815,11.11,11.11,0
1280,correlated,40.80824049248396,0.5583348722880062,171284.2311496221,-6.371058751777413,11.11,11.11,0
1281,correlated,16.8585717508971,0.3982442873389696,163322.5998396669,-9.121823005642117,8.560854606765353,8.560854606765353,0
1282,correlated,43.2979607971322,0.549785171045251,163963.22532885056,-9.182666483850113,9.9944214229472,9.9944214229472,0
1283,correlated,8.234465056303815,0.30214026209682576,168203.3569523937,-8.481545327135018,3.089795234724917,3.089795234724917,0
1284,correlated,39.864422123065424,0.5040487158218329,169268.08417144977,-9.071086563681613,10.265368166145112,10.265368166145112,0
1285,correlated,8.476062317185518,0.23913472149219903,165825.96161121162,-7.3722270855245595,0.0,0.0,0
1286,correlated,8.856331890743455,0.298406785117549,168540.0940628965,-8.514813287624428,3.188987087827826,3.188987087827826,0
1287,correlated,15.025907134827708,0.3579417305057357,163791.66026248512,-9.867075442586692,7.676240984523964,7.676240984523964,0
1288,correlated,20.830477609125204,0.3563772137203764,169618.4300147497,-8.44177381759208,8.004166342440213,8.004166342440213,0
1289,correlated,42.37283459951808,0.5625663916388048,164698.23803187924,-9.37064266611311,10.418160985222377,10.418160985222377,0
1290,correlated,17.621876918783826,0.30546282252277474,161675.02889730275,-7.915605326624805,6.530994910116902,6.530994910116902,0
1291,correlated,8.650028201952903,0.3142299587736318,158127.29787395033,-6.415538942209061,7.586531905081871,7.586531905081871,0
1292,correlated,35.26777580674822,0.4965350390552351,163909.91039836334,-7.26717893473204,11.11,11.11,0
1293,correlated,5.573195921993156,0.20658706014769196,165490.90721521626,-6.676625107618824,0.0,0.0,0
1294,correlated,48.44925572158224,0.625756238201475,166356.31441287408,-8.89626465235566,9.998218418015302,9.998218418015302,0
1295,correlated,26.758786892036404,0.41072637611918816,166040.29417575247,-8.961817175870513,9.673410636394433,9.673410636394433,0
1296,correlated,46.89558546573603,0.5491251893699904,164298.87659410297,-7.759009234040951,11.11,11.11,0
1297,correlated,5.2416320132707535,0.2135658032661671,163313.50893152817,-9.494905604130164,1.982050536135303,1.982050536135303,0
1298,correlated,29.28582920476708,0.47872046051295386,160628.32213716002,-7.660971715231696,11.11,11.11,0
1299,correlated,24.661159211353496,0.4334608788308415,165994.8214834251,-9.490460026866689,9.451052112656972,9.451052112656972,0
1300,correlated,19.418366495710288,0.35231306171741794,166065.0284053506,-8.088630822751226,4.591937143069913,4.591937143069913,0
1301,correlated,21.827778812673383,0.38880896890249966,168807.48973050606,-6.786346926066461,9.304024774942643,9.304024774942643,0
1302,correlated,43.07669607367153,0.5665744268735147,167488.99949362793,-9.190634633582494,10.371656361302014,10.371656361302014,0
1303,correlated,47.04455201976743,0.5530135117809055,162943.7285848039,-6.56871958345433,11.11,11.11,0
1304,correlated,44.78771729942984,0.5738361649640397,161128.45613726293,-8.600105342809574,11.11,11.11,0
1305,correlated,21.642772645069797,0.40849539243592586,162540.77914343198,-9.30528134526815,6.878704715040854,6.878704715040854,0
1306,correlated,28.018591239473125,0.4652448582090664,164150.40040242334,-6.473692295020529,11.11,11.11,0
1307,correlated,48.730734406943334,0.566208253328302,165517.68788219814,-6.24553257238182,11.11,11.11,0
1308,correlated,13.164717052183281,0.3910124812806197,164810.801124297,-7.454626271098467,10.17958546874598,10.17958546874598,0
1309,correlated,17.350690466102495,0.32746214097472187,164797.21568962277,-8.18866052137755,7.133396481407131,7.133396481407131,0
1310,correlated,48.27013140201748,0.5853171235074229,160910.77529200705,-6.127331071975894,11.11,11.11,0
1311,correlated,13.504882906772298,0.3481020855014436,160895.61068452627,-7.097823885863656,0.0,0.0,0
1312,correlated,24.41307604028277,0.4019416039809305,167673.95803516885,-6.9983120121603735,9.055102766329336,9.055102766329336,0
1313,correlated,49.662608658750635,0.5433563083572811,164937.14425644226,-6.4581460265022805,11.11,11.11,0
1314,correlated,34.165974360033246,0.4346482521038426,171067.08525058164,-6.497735307659044,11.11,11.11,0
1315,correlated,13.44025461429973,0.3018133385830644,166826.73999922758,-6.473078069695957,7.696219905333139,7.696219905333139,0
1316,correlated,11.620394743055051,0.30476010525293684,168322.32976678637,-8.618381195938762,7.0674136655304,7.0674136655304,0
1317,correlated,11.666904817062534,0.3049035173940944,166618.71592823038,-9.754447404164637,7.030393648572207,7.030393648572207,0
1318,correlated,8.377996622292933,0.3223724074922153,166606.11150064238,-8.948484900931811,0.0,0.0,0
1319,correlated,33.07673077463136,0.46752027171227306,162708.6921234766,-8.018662438764249,11.11,11.11,0
1320,correlated,43.64577080039326,0.5697905261507877,166154.38854457,-7.423927387922575,11.11,11.11,0
1321,correlated,15.012870725392537,0.33219541889998355,162070.6648538609,-8.713130635719121,5.760867747597797,5.760867747597797,0
1322,correlated,15.107553001411445,0.30678998922744055,159905.68456578895,-9.452430104786544,6.916503018915107,6.916503018915107,0
1323,correlated,13.99163193022021,0.31262484227688636,159425.18570257458,-7.149105087253654,3.640807128949168,3.640807128949168,0
1324,correlated,49.59921144982434,0.5910677584869639,169951.70194354103,-8.766249559677304,11.11,11.11,0
1325,correlated,41.41917857892967,0.5145681397808034,164697.10677794108,-8.242033501918398,11.11,11.11,0
1326,correlated,42.08024944020458,0.5552285493618503,163129.37757586982,-9.569862162599179,10.48475662340488,10.48475662340488,0
1327,correlated,30.734777352596243,0.42364459639620017,165742.42027201122,-8.851636203086672,10.337768673235013,10.337768673235013,0
1328,correlated,21.208999821560056,0.4249017688018089,175544.3655106242,-7.066881580354613,9.915109735331484,9.915109735331484,0
1329,correlated,48.20035450125231,0.5380938906715121,163210.5205467619,-7.385426756963373,11.11,11.11,0
1330,correlated,15.348995539980264,0.3503334133626596,162989.58722419027,-8.083555825736227,10.249069027258736,10.249069027258736,0
1331,correlated,6.529665771838085,0.28945392792689384,163571.20116744118,-9.325085177200512,0.0,0.0,0
1332,correlated,32.108120248203505,0.4721841206412538,170401.1761811733,-8.137111511759766,11.11,11.11,0
1333,correlated,18.48134414783764,0.3652798263061735,168962.89258639512,-6.74062530553221,9.599738600201297,9.599738600201297,0
1334,correlated,48.24738648912033,0.5848253715517829,160831.61104381506,-6.338085799766549,11.11,11.11,0
1335,correlated,14.961418992433982,0.33078007290536326,163205.68741362376,-9.457628117166086,6.162101509569804,6.162101509569804,0
1336,correlated,39.725078845806806,0.5242400666764355,164100.8392919037,-7.138989612143738,11.11,11.11,0
1337,correlated,16.791110375701177,0.3268820834294489,162719.1775665658,-8.162732451141734,3.4792726511471352,3.4792726511471352,0
1338,correlated,32.37389490180249,0.4431850296644834,169225.01176439383,-8.365082502002576,11.02667619951151,11.02667619951151,0
1339,correlated,17.993209893755427,0.3600007986581938,164400.77419794927,-9.091691592183315,7.304390497129922,7.304390497129922,0
1340,correlated,48.166104691604474,0.573818522504691,165876.1187978762,-7.579960007736975,11.11,11.11,0
1341,correlated,27.590633707583514,0.44827278242951396,162113.07820195874,-8.19175135166823,11.11,11.11,0
1342,correlated,35.26041926162273,0.5303669606164612,158284.82997577745,-9.193774958557448,10.409450098835865,10.409450098835865,0
1343,correlated,40.01607665619206,0.5764182636106713,168577.78729963323,-8.925863682562424,11.11,11.11,0
1344,correlated,31.736752608158113,0.5050925674241746,162928.49333945307,-7.4579805518764015,11.11,11.11,0
1345,correlated,12.802998003382683,0.37864637943744944,165955.61753867724,-8.868441783009926,0.0,0.0,0
1346,correlated,46.5876835361458,0.5538015286600798,164332.57986915758,-8.416749605568363,11.11,11.11,0
1347,correlated,38.201967777482565,0.5219465373948485,168996.96285393264,-9.938372384593293,9.529975633007878,9.529975633007878,0
1348,correlated,34.25448514139076,0.469483974533724,168167.92346130428,-6.839941187138901,11.11,11.11,0
1349,correlated,9.090291197738722,0.24617139479113914,158322.54496526462,-7.300971765549595,0.0,0.0,0
1350,correlated,14.305006798198331,0.23933190995713233,162175.59293770322,-9.590260487493417,4.565856783933175,4.565856783933175,0
1351,correlated,11.275453407725905,0.29668522521123813,162352.03638122889,-8.043600914186541,5.7033523560227755,5.7033523560227755,0
1352,correlated,14.114010025415448,0.2986606566921758,164966.20299404455,-8.696847738466783,5.643312970174379,5.643312970174379,0
1353,correlated,12.902906216912903,0.35160158399396907,169666.8443181881,-8.511453286389127,9.340283874778956,9.340283874778956,0
1354,correlated,24.69856142979129,0.38388917349165225,168872.6162882938,-9.210104368392193,9.83582753192763,9.83582753192763,0
1355,correlated,33.27056893641277,0.4932740048195216,162888.91850819188,-7.9963611006910895,11.11,11.11,0
1356,correlated,8.32667720731277,0.29152571219435014,166357.5237257658,-6.968526409245063,0.0,0.0,0
1357,correlated,11.409356164120691,0.27969910597923414,169176.3124539906,-6.081048663025086,7.1732590037682975,7.1732590037682975,0
1358,correlated,47.06870355036051,0.5478904764588848,166690.26189658575,-6.31223803392291,11.11,11.11,0
1359,correlated,34.07668402652528,0.47124913326940565,163855.83857099243,-7.354136419950834,11.11,11.11,0
1360,correlated,5.4529638066418595,0.23187803343435698,164691.07537594697,-7.612839444616913,2.65876630599037,2.65876630599037,0
1361,correlated,41.49811289820402,0.5167621470560961,164198.63670561928,-6.250408329335167,11.11,11.11,0
1362,correlated,36.07551625088713,0.4858379674680518,167126.42057416425,-9.008463443576975,10.039902190215598,10.039902190215598,0
1363,correlated,38.46465394501731,0.5213973764893504,164571.57306587312,-6.298940247045447,11.11,11.11,0
1364,correlated,7.174121316627403,0.26445509782159315,161665.8014873881,-9.384892735628336,0.0,0.0,0
1365,correlated,6.023673855768347,0.24725257336538778,165603.0713189665,-8.210053383493849,0.0,0.0,0
1366,correlated,46.46455261711451,0.6002023035010466,162082.8796783392,-9.761751379416257,9.345671650672287,9.345671650672287,0
1367,correlated,44.87651278516395,0.5639623946275276,163936.392226456,-8.209225863868744,11.11,11.11,0
1368,correlated,24.947300753959354,0.41339264117141655,162592.2007268645,-6.662294188946444,10.983113674844729,10.983113674844729,0
1369,correlated,12.913422657576294,0.2627206777105014,164627.46145072812,-8.514051761989448,0.0,0.0,0
1370,correlated,21.975292649545832,0.3684608796552014,162984.50963931775,-7.543017932187196,7.869036421112732,7.869036421112732,0
1371,correlated,6.92894354381551,0.24029784091079412,161941.72348665583,-9.203584911117753,0.0,0.0,0
1372,correlated,24.073394202679232,0.3933743834840822,167032.4758160668,-9.609552680201748,9.176564109831592,9.176564109831592,0
1373,correlated,8.650808493534567,0.2744308930104976,169554.48529010543,-9.875949907209762,3.700530759728944,3.700530759728944,0
1374,correlated,23.08924984781146,0.4217514737774016,161901.5716758199,-6.27343786622982,5.7661149582087985,5.7661149582087985,0
1375,correlated,27.977614647881563,0.34499213234324505,162908.5985957855,-7.578662579737596,10.272554077372819,10.272554077372819,0
1376,correlated,25.29619066483636,0.454697287285187,164834.9523221397,-8.745322896371817,10.008484103718347,10.008484103718347,0
1377,correlated,42.48290306669083,0.5870996692853716,169683.8399709729,-7.115929548209262,11.11,11.11,0
1378,correlated,7.44856972468436,0.21530752070472423,161783.9913252166,-9.131137426880976,0.0,0.0,0
1379,correlated,24.93346567063356,0.379304052179584,164980.13444908295,-8.971741003761078,9.219692636774798,9.219692636774798,0
1380,correlated,36.98095403031424,0.4776336178168153,164339.92615738575,-7.9074676190907605,10.902673831610933,10.902673831610933,0
1381,correlated,45.98736041276022,0.5904134550947062,167051.26578320406,-8.998393970836856,9.842961187282967,9.842961187282967,0
1382,correlated,6.71532029088285,0.23276851830825576,164224.13464741854,-6.1449680351980955,1.527503820031876,1.527503820031876,0
1383,correlated,44.98303441247619,0.5449279691794784,164870.0012613601,-8.21249359450962,11.11,11.11,0
1384,correlated,14.71279146567408,0.35122575979739573,167966.52436175078,-6.300497912225419,8.36196325515588,8.36196325515588,0
1385,correlated,23.12247369544851,0.37890782866990225,164729.87751188784,-9.120386961597756,10.975369542519186,10.975369542519186,0
1386,correlated,27.26661882177051,0.4285861971767384,164729.1124485957,-7.829662117411361,10.201132234691302,10.201132234691302,0
1387,correlated,19.217765771102336,0.3969971338789995,171586.17476841636,-8.692410516257032,8.05809246237001,8.05809246237001,0
1388,correlated,29.86620595536351,0.4777520177387135,165169.0824772597,-7.91957248680568,11.11,11.11,0
1389,correlated,20.274010762679616,0.3151308078685075,163860.75913972745,-6.01075515553475,8.249278443928125,8.249278443928125,0
1390,correlated,12.49603441645361,0.31168404540099437,160691.74286079023,-7.205951344453416,8.665921793699505,8.665921793699505,0
1391,correlated,24.93743364552548,0.4127505199787988,166742.07418516438,-6.259403911966494,11.11,11.11,0
1392,correlated,36.202921625623674,0.49294670743146973,166654.81131298793,-9.07200506676933,10.666860966266471,10.666860966266471,0
1393,correlated,37.94491051190788,0.5132600043230247,170360.4625049847,-9.990132552746182,9.00257753767089,9.00257753767089,0
1394,correlated,5.167438066995499,0.23071578430009915,168481.36516105948,-9.820776779285126,3.9476346389094723,3.9476346389094723,0
1395,correlated,47.330259585737366,0.5815103621564002,168030.6852167305,-7.612498277362118,11.11,11.11,0
1396,correlated,23.055903208667743,0.3471883316028104,167866.1321604935,-7.640129376486067,9.137336161806196,9.137336161806196,0
1397,correlated,18.476721180780295,0.27248452327464145,166087.57204917326,-7.7350963999067055,7.958299486024314,7.958299486024314,0
1398,correlated,26.011365682673638,0.43614553362468683,170586.89145224524,-9.075829540708504,10.35612736261025,10.35612736261025,0
1399,correlated,10.530768515629745,0.2776887632889868,163193.56084411047,-7.141453689307699,2.2891662140199083,2.2891662140199083,0
1400,correlated,10.568320320801115,0.28204898163612935,163343.24186126428,-7.821365852813328,7.02068965904569,7.02068965904569,0
1401,correlated,45.21176147418251,0.5538679190922698,168948.19608645697,-9.094973946976602,11.003861573253205,11.003861573253205,0
1402,correlated,22.83679765792797,0.35597664404005297,166340.74292754062,-7.836304508052914,10.679299321201588,10.679299321201588,0
1403,correlated,37.10082321041858,0.5085701900395403,167893.328233736,-7.993979861100907,11.11,11.11,0
1404,correlated,36.627400421269996,0.47992997061640513,167769.14281266325,-9.995699581485125,9.540993059710718,9.540993059710718,0
1405,correlated,24.455969652741338,0.43601136981414,161518.6377961444,-6.21791323814263,11.070659611528223,11.070659611528223,0
1406,correlated,20.82083084714886,0.4207906458870664,163784.73067255778,-7.520145387943097,11.11,11.11,0
1407,correlated,27.931038697061187,0.36766961138820514,168292.21162411463,-7.061955171374508,10.24894577655806,10.24894577655806,0
1408,correlated,15.177399981247149,0.35959825082757824,166599.89051071048,-7.40363741915113,6.623452066894382,6.623452066894382,0
1409,correlated,7.720621162190078,0.2713797203606146,162764.8321742447,-8.550585243240114,3.938260714371585,3.938260714371585,0
1410,correlated,36.68420138985064,0.5246877806823733,169647.6849042316,-7.973529209853025,11.11,11.11,0
1411,correlated,16.333634637836624,0.3768344188518507,163847.06132962904,-6.6272282102831035,4.501170478035778,4.501170478035778,0
1412,correlated,44.588447548109066,0.50198633753956,163112.83822918686,-6.956321160825169,11.11,11.11,0
1413,correlated,34.263234060263876,0.47148920803836813,161032.18837492482,-7.923389562496529,11.11,11.11,0
1414,correlated,15.017619883912456,0.3178431995839805,163604.50651785493,-7.687245234696673,9.476051247150993,9.476051247150993,0
1415,correlated,42.42206360241989,0.5638684970741155,158937.8909095163,-7.403765547918134,11.11,11.11,0
1416,correlated,8.425890890307537,0.29911389506698227,158920.81254088748,-8.243106423618137,0.0,0.0,0
1417,correlated,47.80114912848874,0.5780532806142213,164416.57478191223,-9.600915926827398,10.050049222757211,10.050049222757211,0
1418,correlated,44.213872181869604,0.5468137883384916,165502.5614322836,-9.803744870929155,9.456521005516246,9.456521005516246,0
1419,correlated,37.295495091068105,0.4489359355856913,161057.07126264562,-7.466734037253887,11.11,11.11,0
1420,correlated,45.34910009144048,0.5225086811492676,161379.06619839135,-6.052330091190654,11.11,11.11,0
1421,correlated,31.066844417025994,0.4418116044743686,163383.105499547,-8.861833709463426,11.11,11.11,0
1422,correlated,29.84314415946819,0.46186681817437947,166578.00359272485,-6.462202743004215,10.450046236418675,10.450046236418675,0
1423,correlated,11.239371729130188,0.32541994867296997,164099.7578333188,-8.056597199072495,5.339338697425378,5.339338697425378,0
1424,correlated,36.97830607543733,0.549580436579377,157695.3106687468,-7.74708091946982,11.11,11.11,0
1425,correlated,25.98806085986331,0.40538154601326165,160812.76881904618,-7.403125553299521,11.11,11.11,0
1426,correlated,44.9995489762534,0.6272831535867944,166640.01365740178,-8.216340043896114,11.11,11.11,0
1427,correlated,41.68169821985315,0.4889817495061984,167703.50034242944,-8.191530208737897,11.11,11.11,0
1428,correlated,36.4380736330352,0.5250550672097621,162158.93463291248,-9.575743287681442,9.725719181755727,9.725719181755727,0
1429,correlated,6.900124953250119,0.2947804782280285,162941.53714006313,-6.396982126532913,6.3166301699160865,6.3166301699160865,0
1430,correlated,31.484571777037853,0.43382495656731157,164818.2223596298,-9.788712689315595,9.360252253638254,9.360252253638254,0
1431,correlated,14.444700687302054,0.3468154308922264,163739.8427542757,-8.445566858078497,5.867154900626861,5.867154900626861,0
1432,correlated,47.663881265874295,0.5832253475963889,165259.73251950258,-7.732066067714704,11.11,11.11,0
1433,correlated,40.16911371402857,0.5382686735350138,164640.29744330735,-8.720457537168826,11.11,11.11,0
1434,correlated,22.59166337833982,0.3521269040903331,164757.047679734,-9.14958651123531,9.123593378616556,9.123593378616556,0
1435,correlated,15.26704410031437,0.30431617638319775,162856.49862282918,-6.635703674922674,6.4023944262705355,6.4023944262705355,0
1436,correlated,32.869411610620816,0.434671232135882,167418.1020607399,-6.539277355779583,10.895767431603337,10.895767431603337,0
1437,correlated,27.051906684554925,0.48531398491509703,165421.33622569288,-7.704775294390187,11.11,11.11,0
1438,correlated,28.34519396258135,0.40624416751153564,167900.7551299316,-9.041550927322241,9.804557231653144,9.804557231653144,0
1439,correlated,18.262361921521595,0.3451632257351209,160866.76249865163,-6.4818748865474545,9.70705978780744,9.70705978780744,0
1440,correlated,32.8619626913876,0.4695086356921571,163529.4811399604,-8.632536155923807,11.11,11.11,0
1441,correlated,26.059328113888537,0.3538269431147599,170437.7255174453,-6.176902980036879,8.197582063911039,8.197582063911039,0
1442,correlated,20.367177533750606,0.3619606311252176,167204.61310188822,-6.077058675674843,4.308632556536306,4.308632556536306,0
1443,correlated,34.34320200621319,0.48919642628350957,166598.81702944354,-6.021123641583971,11.11,11.11,0
1444,correlated,17.040182139846085,0.3426244491659154,169097.16152221116,-7.747814855555964,6.343506053473594,6.343506053473594,0
1445,correlated,26.922818713838875,0.42686367006784603,168094.27772190614,-9.049830188192411,9.967989672856751,9.967989672856751,0
1446,correlated,5.348417939788559,0.2305839108234566,163209.51606639402,-7.0168719769778285,3.0699366552124068,3.0699366552124068,0
1447,correlated,25.86215272020649,0.4375115333554606,168094.56151270983,-8.196771797532492,7.901505395029675,7.901505395029675,0
1448,correlated,14.977712536815359,0.3326928384817891,157195.14972409167,-9.43914797658843,4.577820548685694,4.577820548685694,0
1449,correlated,47.480565055640106,0.6081679928072881,158822.4379751448,-9.125360633526553,10.7572646509086,10.7572646509086,0
1450,correlated,41.29708783202147,0.5207371462420065,169471.16238565507,-6.600744331506924,11.11,11.11,0
1451,correlated,6.283026965017227,0.3009657829340934,165114.41564836868,-9.475522691703695,1.6440393940159135,1.6440393940159135,0
1452,correlated,20.43379674717018,0.35578971118812164,164300.96699716165,-9.427737126794486,10.67369133564365,10.67369133564365,0
1453,correlated,36.07988530868694,0.444223203998931,165909.27016326098,-6.428702423450952,11.11,11.11,0
1454,correlated,45.310611504812805,0.5678344097114217,162470.20612128204,-6.291882879900323,11.11,11.11,0
1455,correlated,5.815578866911208,0.18844394397263864,162311.00129328266,-8.736738465907282,4.606383836606644,4.606383836606644,0
1456,correlated,5.926822561202623,0.3060819926731321,161894.34186833978,-6.071717632811388,0.0,0.0,0
1457,correlated,38.49152601883519,0.44921243035121944,160326.4816282372,-8.61271028846507,11.11,11.11,0
1458,correlated,33.06504342344569,0.41500592477889975,167110.9302735581,-6.80021438488793,11.11,11.11,0
1459,correlated,40.4051946398325,0.5393828146688866,166346.73225338818,-8.941320418312683,10.16216574741721,10.16216574741721,0
1460,correlated,30.43399099458267,0.4379399182140491,160785.81188424633,-8.865801828378968,7.768758720724285,7.768758720724285,0
1461,correlated,17.197446340491027,0.3584069697504175,163720.34582457753,-7.156280609159276,6.2449298657192465,6.2449298657192465,0
1462,correlated,48.71285858739929,0.6134231811680504,163100.67686775152,-9.148580487366674,10.347213637827586,10.347213637827586,0
1463,correlated,6.103022665047371,0.24791023680728616,163838.4434422437,-6.628193736383812,0.0,0.0,0
1464,correlated,36.04396202125372,0.4952292321447915,170322.75582023672,-7.201593623887816,11.11,11.11,0
1465,correlated,7.701138617951586,0.2611028189201531,161029.1844382975,-9.970836158859342,0.0,0.0,0
1466,correlated,22.741456433518017,0.3983419136481393,163260.5197801484,-9.87318176681995,8.28568354957664,8.28568354957664,0
1467,correlated,9.755030392126265,0.32351770981091127,162677.31362177554,-7.078264778299344,7.089755739969759,7.089755739969759,0
1468,correlated,6.3498232877999286,0.303368922764386,158166.55875676096,-6.686727053115677,5.349929472121543,5.349929472121543,0
1469,correlated,15.657252087446185,0.3509434185742927,165975.54382877317,-8.79164884943815,8.7351607488305,8.7351607488305,0
1470,correlated,49.36540215215428,0.597295011509165,165249.8647345484,-8.769290710505881,11.11,11.11,0
1471,correlated,28.510635410636194,0.39243228274677133,159956.5960103218,-9.859248585558117,9.484592587537941,9.484592587537941,0
1472,correlated,44.771178178955154,0.5728626922021721,160770.90884072852,-9.277723901291168,11.09186431878629,11.09186431878629,0
1473,correlated,42.65318167580094,0.5537395275980268,160928.85874893513,-8.22032196055413,11.11,11.11,0
1474,correlated,46.55521840200025,0.6009519215189574,163860.1924610568,-6.558260611122456,11.11,11.11,0
1475,correlated,15.762342400031558,0.3283664139921022,165678.5903609312,-8.020750589871266,7.495471555783232,7.495471555783232,0
1476,correlated,28.03683843909115,0.4328934781280277,162408.49673475567,-8.295679522467656,11.11,11.11,0
1477,correlated,19.462998616992863,0.4121625658487344,164862.3387185177,-6.217997026571483,6.9477974608768,6.9477974608768,0
1478,correlated,21.521779378379566,0.4025999866895517,164610.51169223714,-8.96414389078414,9.25696085742129,9.25696085742129,0
1479,correlated,11.611937113790187,0.3099211836122385,166287.07579863392,-9.849570584056478,0.0,0.0,0
1480,correlated,34.882299355709605,0.5139335755808562,162185.8745184,-9.737584423636896,9.46094332909037,9.46094332909037,0
1481,correlated,49.18955251074107,0.6177716666627522,166158.07680088226,-7.637062653755018,11.11,11.11,0
1482,correlated,19.944000909458193,0.3163944156221176,166063.36843225657,-8.61232710742786,8.81249531420064,8.81249531420064,0
1483,correlated,25.24414022637576,0.38609131458905915,167358.356409922,-8.838750612349994,7.684907835729434,7.684907835729434,0
1484,correlated,30.197895904520074,0.43690121139830346,162159.0952982657,-8.912049266561342,10.500466989693889,10.500466989693889,0
1485,correlated,15.041066594701391,0.3148947577756411,160319.80968405254,-9.303551790581956,8.908396164744898,8.908396164744898,0
1486,correlated,20.25395597076973,0.3906962527336327,164202.45000355583,-6.388642772560647,10.083111949402477,10.083111949402477,0
1487,correlated,36.59386866329062,0.4673674256330552,160639.33046833964,-6.48516197885408,11.11,11.11,0
1488,correlated,38.519680796479435,0.5207845412549054,164190.91426436137,-8.08593949086883,11.11,11.11,0
1489,correlated,15.784906281373521,0.30515121406872625,166931.38338886516,-9.52316198457294,5.31597298567896,5.31597298567896,0
1490,correlated,10.390333432794764,0.2949125815526741,164579.36798040775,-8.18301989322863,5.262176759268264,5.262176759268264,0
1491,correlated,39.88788839334185,0.5135145570705779,171388.18833637773,-9.751453516179883,8.794113536812175,8.794113536812175,0
1492,correlated,22.59448604343817,0.37583610794199535,162789.77433048288,-8.877398967880719,10.5830745794252,10.5830745794252,0
1493,correlated,16.395544070568018,0.35557491620619003,162813.6211100391,-9.058735974960484,8.596228248666973,8.596228248666973,0
1494,correlated,24.11305964749754,0.45044856144278206,164629.26364643787,-6.787333854248743,8.850652442465485,8.850652442465485,0
1495,correlated,27.881257446535724,0.40976284922422607,165740.40617715195,-6.767083652816185,7.798604044816766,7.798604044816766,0
1496,correlated,14.98688437544947,0.3511720369708131,163790.24189956172,-7.540233540613565,5.897541115176515,5.897541115176515,0
1497,correlated,29.98351140333016,0.4023683674038764,157445.98105040984,-6.874047568984805,10.79821383566269,10.79821383566269,0
1498,correlated,40.618811715411276,0.5641955613931002,164866.15651724295,-7.492788185867308,11.11,11.11,0
1499,correlated,41.099858728941406,0.5688474880099701,163707.7762188148,-6.5138607141173335,11.11,11.11,0
1500,independent,49.3031757408588,0.20009749148455072,162791.21886248613,-7.43504080582051,6.0029247445365215,6.0029247445365215,0
1501,independent,23.255081331652455,0.45100490472051924,159257.21870014013,-6.383758271376524,11.11,11.11,0
1502,independent,33.77097745352044,0.5451544829512063,160244.47562196662,-9.637305313629195,9.588869069274077,9.588869069274077,0
1503,independent,18.54297816856689,0.6339656826145309,167634.73250655667,-9.452825766404487,9.182995283773662,9.182995283773662,0
1504,independent,47.33300740099431,0.5691714093790418,162754.24303846265,-7.371146030378017,11.11,11.11,0
1505,independent,33.54724449879649,0.28740551284211735,161400.9004462401,-8.317250086454305,8.622165385263521,8.622165385263521,0
1506,independent,36.310833265601744,0.24372129487507074,165431.67890314842,-7.305725703655302,7.311638846252122,7.311638846252122,0
1507,independent,9.045287978296345,0.5815482162237348,165885.41316655843,-8.023167534503736,7.3141118838008055,7.3141118838008055,0
1508,independent,38.00085832271579,0.294134782708534,170453.25557034888,-8.386290840482346,8.82404348125602,8.82404348125602,0
1509,independent,29.4534401682126,0.15155334747937957,167022.77795352347,-7.6743821096187315,4.546600424381387,4.546600424381387,0
1510,independent,11.980496840130746,0.3514359338598023,164314.97064622477,-6.037727852343426,4.4436300030326334,4.4436300030326334,0
1511,independent,25.828486915218818,0.25609296321617137,167939.15207341174,-9.72059000807426,6.423102242163338,6.423102242163338,0
1512,independent,7.9750937154937604,0.6147878717999913,167524.4835480662,-8.23208670971088,0.0,0.0,0
1513,independent,7.688764652062941,0.29675959895185655,168043.77126902592,-6.322157117471587,0.0,0.0,0
1514,independent,46.99033694264201,0.18756696618955773,164901.59160840043,-9.695199523357047,5.627008985686732,5.627008985686732,0
1515,independent,48.600760692254646,0.4964997798649372,165140.88113463108,-7.852491334321136,11.11,11.11,0
1516,independent,37.015764432258635,0.5575351820781496,163818.1193960266,-7.998824180126502,11.11,11.11,0
1517,independent,5.415216813245528,0.5901360165426047,165498.21738365537,-7.935797210569394,4.519938135013137,4.519938135013137,0
1518,independent,12.878548452733945,0.4446289640517471,164656.77855707007,-6.416379154890275,7.168755001461512,7.168755001461512,0
1519,independent,12.900398381530705,0.5677145711036876,159015.84529797928,-7.0655771728183465,8.36347052217534,8.36347052217534,0
1520,independent,11.762985342679269,0.6413985281169964,168009.60805051855,-6.367247353484211,3.3468052613218426,3.3468052613218426,0
1521,independent,26.645419535811737,0.30342674612273324,163745.34145184164,-9.153981070714629,9.102802383681997,9.102802383681997,0
1522,independent,31.382939533935772,0.39390492901771557,168863.57498633917,-9.942202156380837,9.603368214471574,9.603368214471574,0
1523,independent,33.004108644586225,0.5360815853110694,164766.62473341858,-8.230937068725726,10.776851621353428,10.776851621353428,0
1524,independent,47.3786357439416,0.3455293968147505,157711.2148012666,-7.2391594816976905,10.365881904442514,10.365881904442514,0
1525,independent,39.963463440165484,0.44270771848794654,168154.86071186487,-8.277951818289612,11.11,11.11,0
1526,independent,40.44841987876181,0.3789172674700828,168241.40582286275,-6.364843661953888,11.11,11.11,0
1527,independent,20.66782289506611,0.5326390761007289,160595.7857461234,-9.750557170260574,9.504490058628875,9.504490058628875,0
1528,independent,48.30420083167056,0.3592768749700622,160151.7203029873,-8.108838192402333,10.778306249101867,10.778306249101867,0
1529,independent,13.60774772744702,0.2335875371419889,163373.74818665558,-7.787278749027683,4.539043614587977,4.539043614587977,0
1530,independent,16.55540363504975,0.15529489274592326,168375.33518890652,-8.869871707833177,0.0,0.0,0
1531,independent,26.222592637040254,0.5586152250729064,159926.66741257434,-6.1602495240777015,8.937354743033334,8.937354743033334,0
1532,independent,43.34039571739041,0.3880177332343906,168223.7601837281,-6.569732111509017,11.11,11.11,0
1533,independent,44.31865843687185,0.2841746459021094,167537.69167186524,-6.931744658526913,8.525239377063281,8.525239377063281,0
1534,independent,31.331803281570778,0.161140893983078,169559.26732107543,-6.772037141897856,4.83422681949234,4.83422681949234,0
1535,independent,45.94834848038392,0.5812764024496515,160795.82548381976,-6.712351810368798,11.11,11.11,0
1536,independent,45.711058734869674,0.5814794848523017,161661.1526589355,-8.74035692980339,10.86114648818554,10.86114648818554,0
1537,independent,48.576607146096975,0.29221712583842074,161776.60207043958,-6.2968782879264875,8.766513775152623,8.766513775152623,0
1538,independent,6.304266200269053,0.5440602291319399,165595.629681042,-6.972664462455345,4.180283542241541,4.180283542241541,0
1539,independent,40.329351747764264,0.1826061514614212,165810.1215707437,-8.664660796194722,5.478184543842636,5.478184543842636,0
1540,independent,43.150614367268304,0.2948198310945661,164875.8253552788,-6.833614540321804,8.844594932836984,8.844594932836984,0
1541,independent,14.941506940375175,0.27067971293301074,171509.87318047174,-7.30795779035259,7.58381797081026,7.58381797081026,0
1542,independent,17.93992762874938,0.2000864075032284,166856.0183815197,-9.431965513821764,4.881097658055023,4.881097658055023,0
1543,independent,29.795176118900446,0.5279819685412787,163319.6828891135,-6.805102077157114,11.11,11.11,0
1544,independent,25.25991216515458,0.16286520925240763,165924.08558529615,-8.088190556950309,4.885956277572229,4.885956277572229,0
1545,independent,32.14703451513918,0.46869888004430804,166018.17275373283,-8.522081631210687,11.11,11.11,0
1546,independent,21.586786953740273,0.327838601605993,167503.77924294106,-9.76528763291338,8.776308239918409,8.776308239918409,0
1547,independent,15.79851622463081,0.4892233704831598,167701.0717739519,-9.30972853797748,3.0182389703610872,3.0182389703610872,0
1548,independent,46.994777556237004,0.6232537443532474,163711.22383940077,-7.480681545078209,11.11,11.11,0
1549,independent,13.20859756721052,0.4004982735262129,162503.15369285335,-9.385269462839691,6.655152019062621,6.655152019062621,0
1550,independent,38.134798616587695,0.49261220914765147,161105.90205510735,-7.110525630973653,11.11,11.11,0
1551,independent,12.556582469232326,0.6467339397459316,164890.0269267998,-7.253979586757575,3.6028022314492705,3.6028022314492705,0
1552,independent,14.486539205590176,0.2371634521644296,165862.31445824177,-6.854486133979937,5.966454154271948,5.966454154271948,0
1553,independent,34.820138666344036,0.550076939037662,162537.1003494698,-9.091103347508424,9.966147930602515,9.966147930602515,0
1554,independent,40.36239819888338,0.4251907893476917,160597.62702547206,-8.323363942649486,11.11,11.11,0
1555,independent,7.842610350296562,0.5303593613116984,168202.89340837297,-6.011512112611463,4.459744127518646,4.459744127518646,0
1556,independent,31.004683642633086,0.27775066521050584,167551.82366007776,-8.209790548526941,8.332519956315176,8.332519956315176,0
1557,independent,30.394194058798377,0.5986488424035871,161872.44878999802,-8.977397170478365,11.11,11.11,0
1558,independent,10.751444008180098,0.5768480226654488,165972.72615054826,-9.878980893466137,4.871230631101926,4.871230631101926,0
1559,independent,22.291044637726188,0.643376987152868,168109.7927039069,-6.4066495364784135,8.21176874499422,8.21176874499422,0
1560,independent,34.84103660518226,0.6304285787543961,164252.44752258068,-7.961168134865298,11.11,11.11,0
1561,independent,45.92968439721404,0.5027975922861355,168422.89453917288,-6.153410054595336,11.11,11.11,0
1562,independent,39.28126041519916,0.15622767722803108,170825.48092542173,-6.736343475027756,4.686830316840933,4.686830316840933,0
1563,independent,29.347858036516968,0.16232110276834624,166134.99239621608,-6.937496146322317,4.869633083050387,4.869633083050387,0
1564,independent,9.546846223907762,0.3847673836925093,163497.67163234926,-9.1325816149148,5.892909005606842,5.892909005606842,0
1565,independent,39.36724892476784,0.6237894480557258,169766.2655115847,-9.529117860392098,9.511843517179534,9.511843517179534,0
1566,independent,17.09487084327916,0.32172036969520224,161348.2043637613,-8.616648606478241,5.300254748083111,5.300254748083111,0
1567,independent,10.932211824079085,0.3165480061268312,163674.96705109175,-6.158923103594738,8.062290971531299,8.062290971531299,0
1568,independent,28.501400666221315,0.27429792776234174,167529.30977141994,-7.1294091770618016,8.228937832870253,8.228937832870253,0
1569,independent,23.01273147864076,0.4330585792313786,168259.76680950646,-8.730495532467842,10.124048450107654,10.124048450107654,0
1570,independent,25.9386818498926,0.5924955913802843,162486.94364602552,-7.956563221535591,11.11,11.11,0
1571,independent,25.77868938497704,0.5802944664003108,164122.80598623893,-9.099685145077679,9.727402224496304,9.727402224496304,0
1572,independent,30.18370839445166,0.22203237642194004,165107.3837695531,-7.16212716067607,6.660971292658202,6.660971292658202,0
1573,independent,43.48984019196794,0.2141278211525164,162853.63429453835,-9.99850702304901,6.423834634575492,6.423834634575492,0
1574,independent,14.355033725220087,0.645682199126683,166051.54677524872,-7.290718026365729,7.317725224412049,7.317725224412049,0
1575,independent,36.34438864259367,0.5743711971907902,166380.85792925872,-6.427853236806864,11.11,11.11,0
1576,independent,19.79808623159293,0.46927897119522766,164201.82612592925,-6.214791821307037,8.381339135499038,8.381339135499038,0
1577,independent,44.633731062227355,0.6213733326023964,164888.95667236953,-7.288994890405281,11.11,11.11,0
1578,independent,15.56369200516557,0.4369589915439447,164295.26962334386,-6.317534209407161,7.2381509960605985,7.2381509960605985,0
1579,independent,31.395828867273316,0.5775525272070311,165034.9361923953,-9.25922306540653,10.381474514877874,10.381474514877874,0
1580,independent,37.93258634096999,0.21272652696530944,159416.9658189772,-8.308368924312969,6.381795808959283,6.381795808959283,0
1581,independent,10.42921561229129,0.3926797048719509,166318.45463990772,-6.4357753933519,8.625300977911817,8.625300977911817,0
1582,independent,9.356897185214851,0.15059061611732208,164278.254928939,-6.79250880907396,0.0,0.0,0
1583,independent,25.10393490764464,0.6074984184315245,161194.41996693998,-7.325500430450991,11.11,11.11,0
1584,independent,8.32285748073804,0.5224120398798688,164824.1458541542,-8.82446271074906,3.877650878984663,3.877650878984663,0
1585,independent,12.906952704629962,0.44684675531598983,168092.58437536674,-8.690574767213736,4.061723436799598,4.061723436799598,0
1586,independent,48.14748544907422,0.3838278036008178,164620.37540784068,-8.521268590806288,11.11,11.11,0
1587,independent,45.88513471841375,0.6439023475699143,162029.406486533,-6.755296707597071,11.11,11.11,0
1588,independent,28.866045171685567,0.6387705081883632,166147.57195849842,-6.341112981036272,10.861848127429298,10.861848127429298,0
1589,independent,47.845040648162225,0.460723621505539,169257.2407166554,-7.456388969014235,11.11,11.11,0
1590,independent,5.592729778463176,0.45527484792411255,161426.63221000254,-9.631535087560252,4.2794539192792005,4.2794539192792005,0
1591,independent,23.54456150873218,0.2992958523299276,168707.98115629668,-7.785091754225348,8.978875569897829,8.978875569897829,0
1592,independent,36.671748377764054,0.530498588124912,167107.47277191572,-8.699719864683152,10.27663146860751,10.27663146860751,0
1593,independent,20.931244647007155,0.5188431747467457,161240.62653615215,-7.198315170403463,8.274841981845883,8.274841981845883,0
1594,independent,24.659052330134273,0.589856841267672,163290.449298418,-9.303730032243964,8.492598151246202,8.492598151246202,0
1595,independent,6.516880899850973,0.3566094758107514,165993.64682659457,-9.41507457558331,3.594255702654272,3.594255702654272,0
1596,independent,41.90686363959123,0.41691538152569285,168881.2897494814,-6.903536873128108,11.11,11.11,0
1597,independent,41.45956276406404,0.4609915812483597,166046.52168453776,-8.576573049482285,11.11,11.11,0
1598,independent,32.07959958653601,0.3063225411795344,162156.55087566993,-8.80718496307952,9.189676235386031,9.189676235386031,0
1599,independent,16.404265851402585,0.29984124115975297,165735.1957620119,-8.855634811610342,5.479882303720654,5.479882303720654,0
1600,independent,33.67008414639231,0.31488000340524613,164813.78692671502,-8.468878568103431,9.446400102157384,9.446400102157384,0
1601,independent,17.040058049338846,0.1655820974322458,165689.5656342177,-6.925738569177065,4.967462922967374,4.967462922967374,0
1602,independent,49.23791472880097,0.19029911590574958,162910.33156167908,-7.302430023400309,5.708973477172488,5.708973477172488,0
1603,independent,36.92714561375246,0.30347142259259197,167916.9936872547,-9.956819015421313,9.000177782228368,9.000177782228368,0
1604,independent,46.548991487413595,0.5180803586243609,161374.76939227546,-8.28492406693029,11.11,11.11,0
1605,independent,41.45569217920795,0.17490481316869513,165875.94112836863,-6.316352798197539,5.247144395060854,5.247144395060854,0
1606,independent,48.852166678630645,0.343406668689764,166378.54348596727,-6.165113238374417,10.30220006069292,10.30220006069292,0
1607,independent,47.446694028571166,0.42572276745084936,164863.66868089457,-7.675032377896427,11.11,11.11,0
1608,independent,17.964544544927655,0.517048065757805,164552.69589877027,-6.861272904156701,11.039190353837078,11.039190353837078,0
1609,independent,19.775385110756396,0.6050393473860074,166435.0712702971,-9.858163654537394,8.667314313404564,8.667314313404564,0
1610,independent,19.854796870329906,0.43361946472543045,163690.67260072974,-9.055137484991219,10.158909408783456,10.158909408783456,0
1611,independent,20.496636962352035,0.2694053788313433,161610.24205600555,-7.935390021338861,5.310586411918251,5.310586411918251,0
1612,independent,8.644988354165907,0.21321461150757495,165315.6461884674,-8.112841125368513,2.528878895923561,2.528878895923561,0
1613,independent,17.182951373390893,0.6134707898287117,163114.84742615488,-9.841022735820284,8.483968327619817,8.483968327619817,0
1614,independent,10.827250672060472,0.47969287161902463,160185.58381609205,-6.0626122281554595,4.687795794797255,4.687795794797255,0
1615,independent,30.271929774501913,0.2748068846420645,163777.6216755324,-8.952542023629023,8.244206539261935,8.244206539261935,0
1616,independent,16.025606759125615,0.38009001894281114,162973.324416437,-9.808150716025477,8.196029719002748,8.196029719002748,0
1617,independent,25.144781527970338,0.43799205373088534,165782.06959433475,-8.48066828475554,11.11,11.11,0
1618,independent,32.23220148520326,0.3005539503548571,166906.042184748,-8.170490146592773,9.016618510645714,9.016618510645714,0
1619,independent,17.505017543682023,0.3125558082033506,172177.32225052622,-6.094601219109405,6.4639259058037135,6.4639259058037135,0
1620,independent,31.761307969195222,0.5452515282976556,166394.01107299386,-6.9103265140843675,11.11,11.11,0
1621,independent,46.58748341991242,0.6348999736630235,165915.9070575939,-9.60282706484628,9.205812143049739,9.205812143049739,0
1622,independent,29.358514125310567,0.2191618090725421,162953.20635084916,-8.359564643662758,6.574854272176263,6.574854272176263,0
1623,independent,30.15657121374873,0.16568141606428774,165353.427726665,-9.457970825915183,4.970442481928632,4.970442481928632,0
1624,independent,34.41359435588443,0.30121413159003363,164122.77336823917,-8.057498881623697,9.036423947701008,9.036423947701008,0
1625,independent,42.35569537476195,0.4730718330602306,165781.7238594557,-9.488856325783345,10.105522758545266,10.105522758545266,0
1626,independent,10.403784447093427,0.47859625480244494,168681.23454882,-6.010828866148371,8.099103302030333,8.099103302030333,0
1627,independent,28.08378844173173,0.6081901504021741,163797.35353902902,-7.53038680025066,11.11,11.11,0
1628,independent,39.769601299742654,0.5897566215792258,163624.17021651234,-8.966797040571024,10.06044950156648,10.06044950156648,0
1629,independent,7.049349990990283,0.5030159515449102,163108.51846492596,-7.720485548474162,7.143423943217328,7.143423943217328,0
1630,independent,8.877590426140328,0.29542953803719296,165030.82223037456,-6.617032331214521,5.082458989392159,5.082458989392159,0
1631,independent,22.960766510637157,0.3205414634520841,166612.21894808733,-8.354062006360245,9.616243903562523,9.616243903562523,0
1632,independent,17.986649885015957,0.5004379958181887,167183.17581634485,-6.7035206086088195,6.796021784556742,6.796021784556742,0
1633,independent,7.239684173693994,0.5168287880844212,171140.9230862525,-7.945074005484869,2.2738408637888803,2.2738408637888803,0
1634,independent,29.635589057992433,0.24073938169061035,158831.2903694266,-7.35717973876105,7.222181450718311,7.222181450718311,0
1635,independent,30.725521546488498,0.3159101376193735,165571.2152070726,-6.873975150611601,9.477304128581205,9.477304128581205,0
1636,independent,9.321452318431056,0.3086840536695047,166341.5527403849,-7.242703440166963,4.986173445638418,4.986173445638418,0
1637,independent,23.355589543248428,0.33073470140996,163991.97099254632,-8.90823762336013,9.51315414222074,9.51315414222074,0
1638,independent,27.806912475106614,0.3119243201868719,164398.62643433127,-6.471413591391494,9.357729605606156,9.357729605606156,0
1639,independent,24.286221402534597,0.2151212528759938,162584.32989478394,-6.959626377143004,6.453637586279814,6.453637586279814,0
1640,independent,41.31714706455977,0.5710650118663354,163916.32885555676,-7.7418829980343356,11.11,11.11,0
1641,independent,8.415268114564466,0.23904416680063015,168100.79533398553,-7.0727944544424926,2.5852604997185313,2.5852604997185313,0
1642,independent,22.79319194339147,0.4212052126627034,168318.8987043121,-6.981346359768332,10.933665665733274,10.933665665733274,0
1643,independent,5.761864708761489,0.5336730194680687,159666.8235416685,-6.5155178869656085,0.0,0.0,0
1644,independent,23.645063082507367,0.3134889695031555,168728.7114694158,-8.994795554707581,8.165263022625153,8.165263022625153,0
1645,independent,28.958656724171167,0.3208838955649944,163413.45169136798,-8.238577766303871,9.626516866949832,9.626516866949832,0
1646,independent,10.577889326392878,0.6304780481619191,167271.93404296122,-6.781354085773108,6.708414788518285,6.708414788518285,0
1647,independent,9.563160140142713,0.199819583784462,171411.27717125916,-8.118177580215228,3.614936373742843,3.614936373742843,0
1648,independent,8.192401386160522,0.6160959303658495,164570.96900685964,-7.656374820977993,3.834236190875723,3.834236190875723,0
1649,independent,27.06814582958572,0.21563662916302648,162396.96677134806,-7.100984950396876,6.187290951853743,6.187290951853743,0
1650,independent,45.38635982639139,0.4919664591465257,164287.37165790822,-7.797208028751379,11.11,11.11,0
1651,independent,8.129548264035547,0.6397594946513111,163762.4106554111,-8.542787826405212,6.266740443875337,6.266740443875337,0
1652,independent,33.00859715262156,0.5340654435791318,166725.1068362824,-7.934484417406905,11.11,11.11,0
1653,independent,12.863998837879514,0.217890756533322,168523.12490425442,-6.061666579314084,5.568035345864896,5.568035345864896,0
1654,independent,20.495743962465585,0.5668664414596665,159650.1290491936,-7.818923768651544,9.76706332799231,9.76706332799231,0
1655,independent,38.675300920779684,0.295265039750104,161123.27379968524,-7.59199907180623,8.85795119250312,8.85795119250312,0
1656,independent,27.294104287005165,0.16221661395932177,165658.35984719943,-8.987543886675967,4.224648388465399,4.224648388465399,0
1657,independent,6.673258374202042,0.4584284826544962,167868.46013258302,-8.153272105270394,3.9072235303546186,3.9072235303546186,0
1658,independent,18.854411560382324,0.47838211557068755,170662.25242857262,-8.183090764362815,9.539185531334882,9.539185531334882,0
1659,independent,33.95864089951074,0.40727784251710786,167046.64167204543,-9.068692624543168,9.415501893850069,9.415501893850069,0
1660,independent,23.67669270384679,0.5584764784642082,158859.80948903624,-6.581405042859703,10.824482595017882,10.824482595017882,0
1661,independent,8.550692175025876,0.18620910309240743,165868.58069643506,-8.173895184713937,3.1832116277698583,3.1832116277698583,0
1662,independent,37.186661874967285,0.2983098133778772,167711.8721255763,-7.152192108624027,8.949294401336317,8.949294401336317,0
1663,independent,47.457932551077434,0.5603097226496934,167093.06099562402,-6.3095670702567,11.11,11.11,0
1664,independent,31.087313583094396,0.15449565197559398,163808.49084348613,-7.6416651318618705,4.63486955926782,4.63486955926782,0
1665,independent,16.761428951118233,0.4435534653212164,165907.85279594376,-9.709804729958101,6.986146982631508,6.986146982631508,0
1666,independent,43.877674946004106,0.3081830008505927,165284.29167287785,-6.873358293705761,9.24549002551778,9.24549002551778,0
1667,independent,45.26259084263796,0.19562887752100735,170120.0867020873,-9.870647847415547,5.86886632563022,5.86886632563022,0
1668,independent,29.260078796165093,0.3937727167319225,168295.79876771176,-8.309372803341113,11.11,11.11,0
1669,independent,48.632165916451456,0.586672883786588,160637.55376459204,-9.976188829051853,9.735554443175488,9.735554443175488,0
1670,independent,26.839429700709804,0.46246999539251743,168911.58554380483,-8.511632563529705,9.918049315997688,9.918049315997688,0
1671,independent,46.21022898193961,0.609832761119167,164531.31930677255,-8.675551552836804,10.710566842605921,10.710566842605921,0
1672,independent,23.5062275665235,0.1792045528534327,161836.05040331095,-9.045850415215256,5.376136585602981,5.376136585602981,0
1673,independent,21.341553233770867,0.4614205642366912,165927.9589730821,-6.895160711055816,6.778915234188998,6.778915234188998,0
1674,independent,20.395983247031136,0.6342916535937686,160826.46784329636,-8.934950436970556,8.681802421622956,8.681802421622956,0
1675,independent,5.1416826162413365,0.4929219883613908,167180.49691729483,-6.622611068398926,2.0051251199888696,2.0051251199888696,0
1676,independent,22.99252486154463,0.2971344763579912,165924.90548441964,-8.587270819162203,8.914034290739735,8.914034290739735,0
1677,independent,46.79011789806046,0.3500155322330768,170218.15166061211,-7.956197242540812,10.500465966992303,10.500465966992303,0
1678,independent,37.163827342822444,0.2746539911844703,162959.29503196108,-9.657557151141198,8.23961973553411,8.23961973553411,0
1679,independent,47.20178324850431,0.4856225134846188,159788.3127721237,-6.6735618457523405,11.11,11.11,0
1680,independent,9.160572525262314,0.2529856654820224,165153.57169605186,-9.614705597427559,0.0,0.0,0
1681,independent,10.792721500671888,0.5871687128026722,165936.92645592106,-7.688794600683796,4.262963445466745,4.262963445466745,0
1682,independent,30.27160808116603,0.25444454786835013,165667.31114807617,-7.364174986553408,7.633336436050504,7.633336436050504,0
1683,independent,25.6976276815659,0.5590489727395458,161584.7172663247,-8.160007532840632,10.609678331778442,10.609678331778442,0
1684,independent,48.655122252422444,0.30017215719293555,163971.95531783288,-8.204023686196923,9.005164715788066,9.005164715788066,0
1685,independent,24.171689098643142,0.546488722487846,165520.3161078662,-6.34838282602158,10.523461977241451,10.523461977241451,0
1686,independent,46.43329658011831,0.163928830903974,160716.9346002947,-7.831812747488655,4.91786492711922,4.91786492711922,0
1687,independent,36.12138584145324,0.46540363799802875,167212.16508297552,-6.7881598468663835,11.11,11.11,0
1688,independent,6.467593760425895,0.35477292619293366,168698.046075042,-8.245215265136018,0.5667945298279419,0.5667945298279419,0
1689,independent,12.637753288269053,0.29977312019694835,167543.99669616032,-8.361743365757468,7.761507829973014,7.761507829973014,0
1690,independent,49.80051277185568,0.24337483983235655,161841.63574570348,-6.005646621923319,7.301245194970696,7.301245194970696,0
1691,independent,42.83878440745562,0.4159566463592489,170546.06940127097,-6.8576393012406225,11.11,11.11,0
1692,independent,38.22121075027398,0.5839570553090505,166443.65613800925,-6.947358012915684,11.11,11.11,0
1693,independent,19.075882110730873,0.23497673602515332,166894.25141191966,-8.849081166690047,6.4421119014890715,6.4421119014890715,0
1694,independent,6.690464860206279,0.43182793706403444,166021.67824791002,-6.420580655683779,7.024701991461268,7.024701991461268,0
1695,independent,43.781857456823815,0.40816722650991144,161295.36729838458,-8.947445441807302,10.276181080952044,10.276181080952044,0
1696,independent,15.912121334723132,0.4342893212164679,168772.66719594662,-7.960565809814476,7.262774204775199,7.262774204775199,0
1697,independent,45.63199758771455,0.5702742477420855,166532.5936536119,-6.697110847172429,11.11,11.11,0
1698,independent,6.910501139826325,0.5460439992951498,162601.81224157242,-8.375516420812634,0.0,0.0,0
1699,independent,16.95374394582646,0.31731865929988456,161335.3553254589,-8.474437738973608,4.988402215498358,4.988402215498358,0
1700,independent,31.96673999114183,0.1709842803972517,170648.61876557043,-8.443301457837393,5.12952841191755,5.12952841191755,0
1701,independent,9.024495544606893,0.20768884273871804,157629.8076851611,-6.480068371444904,6.230665282161541,6.230665282161541,0
1702,independent,37.52192139037164,0.4823084117370515,166093.1946084746,-7.333359730104219,11.11,11.11,0
1703,independent,9.610109592677803,0.2450241133922453,169721.20385975513,-9.565977212206723,2.5149276861345453,2.5149276861345453,0
1704,independent,6.672540769116623,0.3196357511229877,167622.1391475698,-6.961021229884857,3.6657441790050034,3.6657441790050034,0
1705,independent,43.94969192785139,0.25206012169928516,161955.82851332615,-9.323643291451328,7.561803650978555,7.561803650978555,0
1706,independent,49.07316933567876,0.5596822707471504,167497.14264381686,-7.513959803354961,11.11,11.11,0
1707,independent,20.81524350578325,0.40452037776586214,163089.2779088139,-6.639372958779131,8.974610894554718,8.974610894554718,0
1708,independent,42.56545620780933,0.17487597438697092,164122.02829555157,-8.015542592085232,5.246279231609128,5.246279231609128,0
1709,independent,13.335834127551449,0.15945783326009946,163787.32482029957,-9.67479869621553,4.157551786305512,4.157551786305512,0
1710,independent,47.700328226691944,0.2757980403393172,161157.32255951452,-8.438770237992216,8.273941210179515,8.273941210179515,0
1711,independent,20.332212815613936,0.4986641688948553,161622.86411804022,-8.94007632467967,9.197571273593736,9.197571273593736,0
1712,independent,46.852627066134524,0.45054153958710763,160705.7642743816,-9.080759617603682,11.11,11.11,0
1713,independent,29.215450874009566,0.2287671144535415,167563.12513189518,-7.827640626078326,6.863013433606245,6.863013433606245,0
1714,independent,43.963722859309875,0.22701548271251668,165855.7268609089,-8.354837447767828,6.8104644813755,6.8104644813755,0
1715,independent,21.080487583219902,0.6110146673133653,166793.4571631867,-6.823113512891119,7.9285042461226976,7.9285042461226976,0
1716,independent,40.706325186397436,0.4242120586604724,164293.28855330983,-6.501870661973155,11.11,11.11,0
1717,independent,20.996349917328402,0.2824742617513518,162996.60493585418,-9.143641271392625,7.67134471779391,7.67134471779391,0
1718,independent,10.750049829898831,0.33589675029390176,165429.6814679597,-8.88284214858036,2.210749439193249,2.210749439193249,0
1719,independent,21.78843197410585,0.5088953819457197,162435.7430587329,-6.048506835631057,8.64532858100856,8.64532858100856,0
1720,independent,10.160127448933423,0.2098335275316958,168529.4493040197,-8.619656277438308,2.2923361824936683,2.2923361824936683,0
1721,independent,19.509949791290765,0.6194393681014658,166877.69896466652,-6.690298995494599,9.140025435015277,9.140025435015277,0
1722,independent,34.305548672214584,0.4306013128383934,166155.18743386524,-9.313549014688162,9.739205399792361,9.739205399792361,0
1723,independent,38.99870134007083,0.25612904264246805,170222.40165658723,-7.949929871841684,7.683871279274042,7.683871279274042,0
1724,independent,41.53241449895406,0.31271626122777885,166488.30512302482,-7.701609422052702,9.381487836833365,9.381487836833365,0
1725,independent,25.292318692219713,0.3259158494105434,163605.17809952324,-9.44383819781788,9.777475482316301,9.777475482316301,0
1726,independent,17.224639332729687,0.44026729527480013,162605.86304874992,-6.197322219898181,10.0208942452565,10.0208942452565,0
1727,independent,27.52196491032375,0.1576969292110739,169993.91396619982,-7.14169972559286,4.730907876332217,4.730907876332217,0
1728,independent,18.07947691319114,0.20728492263328366,161668.36609957126,-6.290400005579977,6.21854767899851,6.21854767899851,0
1729,independent,14.547136783717992,0.27950912026388075,169957.0825844988,-7.2309962975568265,4.940574196032199,4.940574196032199,0
1730,independent,47.70938082693758,0.5650230164843411,169402.32949316423,-8.136847544835707,11.11,11.11,0
1731,independent,32.405426592178436,0.31202002411035956,163928.72829264207,-6.492763253010239,9.360600723310787,9.360600723310787,0
1732,independent,34.87387585324928,0.36378372920848423,164808.12166610322,-7.072037706448122,10.913511876254526,10.913511876254526,0
1733,independent,18.947697650472897,0.31231979521497777,165052.28453324048,-7.508608634812935,0.0,0.0,0
1734,independent,41.34846026187954,0.5809760337682532,167225.04082637595,-9.458892134622232,10.162959544974948,10.162959544974948,0
1735,independent,11.617762562179845,0.4460664554755517,162065.6757048409,-8.178819302084456,0.0,0.0,0
1736,independent,7.894596421881072,0.1579571739369879,163751.46918380665,-8.396288375159882,3.6405193876127124,3.6405193876127124,0
1737,independent,12.220040241454786,0.5974004155297026,170547.6027561891,-8.144027313478158,2.822640232103792,2.822640232103792,0
1738,independent,41.76056045585606,0.35755528647205403,167695.17618609229,-7.835290737914535,10.726658594161622,10.726658594161622,0
1739,independent,31.49150081599423,0.5072807508854681,167161.06970794586,-7.363470818362341,11.11,11.11,0
1740,independent,43.207864164329614,0.2299385655190284,167210.96068161167,-8.740236070609184,6.898156965570852,6.898156965570852,0
1741,independent,23.76812948840716,0.29529831417895314,167512.09028144227,-8.57642186700976,8.395150475495713,8.395150475495713,0
1742,independent,9.261422746139491,0.23729443573536305,162205.1277410004,-9.634198299241307,6.063015662585669,6.063015662585669,0
1743,independent,11.718157412933998,0.17364999539414813,163866.44087433166,-7.841068316924343,3.8577893666778853,3.8577893666778853,0
1744,independent,39.87503595224136,0.4397172848918047,160882.4457568287,-8.106869517820387,11.11,11.11,0
1745,independent,18.196194374502287,0.4530534743114383,170635.06233599843,-6.885649397446885,10.359579094915611,10.359579094915611,0
1746,independent,47.47864572546927,0.1828970322291936,158800.37820821122,-7.265905787480607,5.486910966875808,5.486910966875808,0
1747,independent,10.80772908790678,0.40093461721957635,164391.04816435263,-8.116086368177179,1.3996239014337681,1.3996239014337681,0
1748,independent,16.406108997752177,0.38044258948884746,171867.77025563232,-9.876271756721463,8.300544730037357,8.300544730037357,0
1749,independent,27.379941106039496,0.24461021982776973,163709.2439103914,-7.527291884364878,7.338306594833092,7.338306594833092,0
1750,independent,46.842705614937536,0.5707900647056655,162947.46300838297,-9.179158511569426,10.24018314394893,10.24018314394893,0
1751,independent,5.8379955357752,0.20404632390428826,160531.24245553673,-8.92302576149554,0.0,0.0,0
1752,independent,42.70161390106668,0.31735323258211756,164095.44612508308,-9.749051448630778,9.201253864554182,9.201253864554182,0
1753,independent,30.701991628524592,0.5040764798996276,166008.38220648034,-7.902968051775374,10.425751444738731,10.425751444738731,0
1754,independent,14.106035563807103,0.19078009905325524,164281.14071140916,-8.128620093754748,3.6338120901785937,3.6338120901785937,0
1755,independent,12.791220613873097,0.4849452787222508,166749.1248499289,-8.820499424767647,5.2089568918464435,5.2089568918464435,0
1756,independent,16.0912159794137,0.39563865354122363,168663.3197349862,-9.86771122322741,6.2977095277821,6.2977095277821,0
1757,independent,14.135597673340353,0.22723812450839478,169413.76020176092,-8.908430801183446,3.4031498490396093,3.4031498490396093,0
1758,independent,39.79821650034674,0.3480817273594813,167050.68223073482,-7.484014428647281,10.442451820784438,10.442451820784438,0
1759,independent,35.9057271214632,0.5602446895305422,168934.5121228601,-9.360872517142331,10.233046202753439,10.233046202753439,0
1760,independent,12.01318669123756,0.42339775765711507,167655.78356003703,-7.870571412282075,4.312451617368489,4.312451617368489,0
1761,independent,36.18925668549527,0.4384884171811635,166527.60420005757,-7.4240997339280765,11.11,11.11,0
1762,independent,12.242751835789432,0.533796874316484,161059.0957918842,-7.313172993211313,5.76049897669968,5.76049897669968,0
1763,independent,17.339102776432,0.4272103441805917,166628.88802509103,-6.439918497170275,7.890598196856382,7.890598196856382,0
1764,independent,12.763332612659209,0.6464317927711196,164136.37071241534,-9.646026239629443,6.919388221295144,6.919388221295144,0
1765,independent,40.23028065347413,0.2944303175079277,165816.82829582883,-6.545933833949163,8.832909525237831,8.832909525237831,0
1766,independent,36.028881385953945,0.32194390807283346,167599.7599559943,-9.023803449020809,9.658317242185003,9.658317242185003,0
1767,independent,46.099204290820765,0.5815246432118395,169885.23522454576,-8.317631768051365,10.629812483888427,10.629812483888427,0
1768,independent,22.258292550833396,0.6077133143359174,162518.4914291483,-8.191885696268875,8.768794945577158,8.768794945577158,0
1769,independent,8.025190448450184,0.3350842685929718,167405.0245132619,-9.459714581233383,0.0,0.0,0
1770,independent,18.571079099875448,0.24780806936912478,168150.5984107388,-6.660439844499747,7.052442999734794,7.052442999734794,0
1771,independent,20.803729703410156,0.5851161096999854,161827.0637762441,-8.549976633806827,9.440886002959852,9.440886002959852,0
1772,independent,49.67047467239581,0.5149251943178443,163728.30995192955,-7.933016296228726,11.11,11.11,0
1773,independent,43.93029309551309,0.4168783887428862,163537.63402422646,-8.289926663510096,11.11,11.11,0
1774,independent,26.083263660908028,0.5425511913416612,169710.87641932344,-7.691601602923718,10.32605248435865,10.32605248435865,0
1775,independent,13.181146733387308,0.6264883902076864,166660.29683641501,-6.4709493783935415,3.314889339913328,3.314889339913328,0
1776,independent,11.415720278930054,0.40184524372645836,166937.31656030196,-9.313166983991064,0.0,0.0,0
1777,independent,6.377918788758753,0.1896439056703285,167343.20323612343,-7.036585622739295,5.319975171599363,5.319975171599363,0
1778,independent,5.555738382412132,0.23250561150038937,167196.46777574663,-9.830964323622378,0.0,0.0,0
1779,independent,8.932205550392077,0.3911866875967689,166604.38297877202,-6.809560495405327,6.458162731346382,6.458162731346382,0
1780,independent,26.61500125128187,0.22185900325125787,167754.87745982816,-8.26147444795955,6.6557700975377365,6.6557700975377365,0
1781,independent,39.91562807627577,0.27679270353602725,161657.57447825727,-8.89997991474884,8.303781106080818,8.303781106080818,0
1782,independent,28.707239482504406,0.5639461282018952,163902.00080470985,-7.377230251679748,11.11,11.11,0
1783,independent,20.2029798889357,0.400888235691247,165818.67336056018,-7.5801687870193355,8.291153906788127,8.291153906788127,0
1784,independent,8.482502228201222,0.3121135095393667,164839.6456913109,-8.09017336296423,4.318844022525541,4.318844022525541,0
1785,independent,43.454889718587154,0.3996952846681856,169991.10603314193,-7.287475626610445,11.11,11.11,0
1786,independent,47.466133492208144,0.34408337582618764,163869.46459442348,-9.636521632808364,10.12236043758857,10.12236043758857,0
1787,independent,13.751933685411341,0.36861044516627695,163514.44539151486,-9.863157076609955,6.866169348922732,6.866169348922732,0
1788,independent,15.157259964191482,0.6226157561050991,166117.22998210564,-6.551793114366376,6.234761509697704,6.234761509697704,0
1789,independent,25.559922934860847,0.29796171137391025,170238.35960114351,-6.294780146894234,8.938851341217308,8.938851341217308,0
1790,independent,48.18628850433369,0.3731766669644988,170318.87458560523,-9.426007570939674,9.847828382967942,9.847828382967942,0
1791,independent,26.408731052847212,0.20196588454784944,166709.33330853927,-9.66252508552768,6.058976536435483,6.058976536435483,0
1792,independent,42.05133443389442,0.36002812639444437,164404.47986305822,-6.127192890785043,10.800843791833332,10.800843791833332,0
1793,independent,41.83523200383357,0.1990944802048931,161582.40725789347,-8.662867893708903,5.972834406146792,5.972834406146792,0
1794,independent,35.6741946835038,0.4970084354308847,163389.34334944715,-7.029403908656709,11.11,11.11,0
1795,independent,35.58134374271793,0.33814631480319124,161176.65922901066,-8.4468517755516,10.144389444095737,10.144389444095737,0
1796,independent,27.170704859055533,0.41438234636418414,163741.8134265421,-9.553491092325718,9.41393368720215,9.41393368720215,0
1797,independent,10.410646984652534,0.35806195969579124,164658.17125814015,-9.071636955926428,5.285654696239448,5.285654696239448,0
1798,independent,27.385933929336193,0.21801103598547936,166860.30762857114,-6.064246889085596,6.540331079564381,6.540331079564381,0
1799,independent,30.310855129682274,0.3605403837534439,165690.8518065195,-9.879058207760194,9.9091626088952,9.9091626088952,0
1800,independent,41.12088601800593,0.4418588292111013,161561.86252494925,-8.158200735149158,11.11,11.11,0
1801,independent,8.864752120115782,0.49224586741729703,162108.6181889278,-6.344917611453138,3.8691345398758474,3.8691345398758474,0
1802,independent,43.97214867628667,0.44204785963567583,164350.99927594652,-9.230514521519378,10.221583919603837,10.221583919603837,0
1803,independent,10.414498379734674,0.619974823244065,164366.68248638316,-7.38130128593338,5.8451582910193824,5.8451582910193824,0
1804,independent,28.63509830461315,0.22988985289051952,165322.84520877778,-8.272242686346317,6.896695586715586,6.896695586715586,0
1805,independent,7.735745903717039,0.18394613965492404,163962.62385336944,-8.355334724255279,3.0418568140832964,3.0418568140832964,0
1806,independent,25.654956384442478,0.3843379795375981,167697.96748200268,-7.526236408770625,10.629561038372573,10.629561038372573,0
1807,independent,21.721663316481187,0.20414611362082966,163864.08943847087,-8.02861632284236,6.124383408624889,6.124383408624889,0
1808,independent,17.077413941681215,0.4294341797163572,164962.33131024387,-6.137870136528409,9.462396093438711,9.462396093438711,0
1809,independent,42.794788322920624,0.4409629655830797,164093.0095373618,-7.625087346929607,11.11,11.11,0
1810,independent,6.641393152660656,0.16485990357065186,162140.6702482705,-8.946468111774783,1.4677236803926346,1.4677236803926346,0
1811,independent,26.42445106681526,0.4533678090231964,164796.15150209572,-9.586094876738517,9.418930785387575,9.418930785387575,0
1812,independent,13.545489207150254,0.22061092410618635,167020.17246166573,-9.046093009542513,5.188182586564234,5.188182586564234,0
1813,independent,24.76615949760224,0.15504787128914546,165693.59238875608,-7.728521819866597,4.651436138674364,4.651436138674364,0
1814,independent,23.654350646656084,0.5498519846950704,166647.75593606938,-6.962663852867511,9.585615279864562,9.585615279864562,0
1815,independent,5.416908246837217,0.602819984108223,164040.1212544123,-6.3202300275385905,0.0,0.0,0
1816,independent,18.171196097853922,0.1940944015486987,162499.5674836155,-9.416842123273696,5.822832046460961,5.822832046460961,0
1817,independent,41.94990451810488,0.46303260373411526,165652.04481565498,-7.448041424450752,11.11,11.11,0
1818,independent,6.916194328119988,0.5527707349195781,167056.73654904572,-7.840991802614494,0.0,0.0,0
1819,independent,15.120704234044021,0.23340899741740082,166033.09632950567,-6.699557301726382,7.002269922522024,7.002269922522024,0
1820,independent,16.76695684506616,0.21517928725635446,158620.25407262027,-9.23946571370114,3.864011055540679,3.864011055540679,0
1821,independent,37.6900347281341,0.4821763897414204,165020.5767708214,-9.257287912583969,10.096580878122108,10.096580878122108,0
1822,independent,32.46388967949108,0.2888625797781277,163404.36189519413,-7.011965731366617,8.66587739334383,8.66587739334383,0
1823,independent,23.79772218530455,0.19743528897732485,166205.36011013138,-7.335581383472489,5.923058669319746,5.923058669319746,0
1824,independent,28.013666704792605,0.590766544956808,165483.59773121306,-9.510283089182671,8.055347419258476,8.055347419258476,0
1825,independent,10.94158333332442,0.3653652213078368,166207.1616965795,-9.511465998782889,4.102539042936255,4.102539042936255,0
1826,independent,36.16136403058064,0.15562513232680883,160486.75738599928,-8.890746790511933,4.668753969804265,4.668753969804265,0
1827,independent,39.14260107193387,0.35874526027426,161297.04483787672,-9.949388864570048,9.601528949784035,9.601528949784035,0
1828,independent,42.07406313295044,0.3505282302431353,163010.8448092573,-6.120931472884837,10.515846907294058,10.515846907294058,0
1829,independent,21.758409080913257,0.5438420481610522,163544.8953829053,-7.153887872027951,11.11,11.11,0
1830,independent,9.229805586442462,0.16915414237858442,164929.62141056955,-9.943481225023143,0.0,0.0,0
1831,independent,12.234442203271454,0.5945535635225517,163344.58206790005,-6.8982326728941565,8.246397756557034,8.246397756557034,0
1832,independent,6.523490885460616,0.3768489949102545,163075.3143417267,-9.786684877781312,1.9644582369948944,1.9644582369948944,0
1833,independent,36.9016944283428,0.23441624269945863,169714.2289271982,-9.915246827536812,7.032487280983759,7.032487280983759,0
1834,independent,32.0792338131538,0.6350440990453383,167856.14864180874,-8.193540314742586,11.11,11.11,0
1835,independent,30.856595940715675,0.21066660925810662,161912.25532980188,-8.539078680218477,6.319998277743199,6.319998277743199,0
1836,independent,39.37909944317508,0.2662124697642362,162615.84347516243,-8.481540737805691,7.986374092927085,7.986374092927085,0
1837,independent,30.371298738989818,0.543200839150285,166863.6941828762,-7.3886918349723425,11.11,11.11,0
1838,independent,7.703785514454494,0.29193716005699655,165421.82024390527,-7.997322714985296,4.383539223568713,4.383539223568713,0
1839,independent,29.58291530894358,0.5453474320058281,164474.61964836967,-7.49616739610298,11.11,11.11,0
1840,independent,8.870979468168395,0.5877517443539787,163366.73912881402,-8.101867295131202,4.176357222958092,4.176357222958092,0
1841,independent,36.32467644724845,0.6396785167541602,166324.45132987364,-6.071044882969799,11.11,11.11,0
1842,independent,47.011097450517305,0.3355820013883537,163485.3821225835,-7.837256840053907,10.06746004165061,10.06746004165061,0
1843,independent,7.485022701140085,0.514432833677855,162798.62632326403,-6.105401533098979,5.331506932960252,5.331506932960252,0
1844,independent,44.99236566130804,0.16191368828956168,163654.63887740567,-6.347897645107283,4.857410648686851,4.857410648686851,0
1845,independent,42.49095653649143,0.45648632986194926,166336.1974927648,-7.511984418968586,11.11,11.11,0
1846,independent,46.48683705560556,0.16508231495921824,163470.9524695169,-6.4200988122328075,4.952469448776547,4.952469448776547,0
1847,independent,40.89961687607278,0.2612884641183294,166740.84625161652,-6.341057049384101,7.838653923549882,7.838653923549882,0
1848,independent,5.195013111535166,0.4176374553066705,165246.90873433446,-7.861523363351456,0.0,0.0,0
1849,independent,45.679953457238206,0.5088261904006449,168329.08493689654,-6.284929090141914,11.11,11.11,0
1850,independent,19.45687646041752,0.26170552910287537,164027.7763290786,-6.273725281281349,6.162331961881252,6.162331961881252,0
1851,independent,27.689904245056116,0.5017325981094589,162246.46950995314,-6.159932634798816,10.690462006122136,10.690462006122136,0
1852,independent,21.327942486705147,0.3010160997480519,165203.03757038392,-9.58934360382165,7.633070394858194,7.633070394858194,0
1853,independent,14.685629610116926,0.15352369749936864,161878.86915459778,-7.927826717362764,3.2065253991563685,3.2065253991563685,0
1854,independent,45.69420200114915,0.22606984324158716,164516.8284600771,-8.089576095096657,6.782095297247615,6.782095297247615,0
1855,independent,10.180727004370992,0.42885145951210846,164019.18960622785,-7.258646959779169,7.083757946866758,7.083757946866758,0
1856,independent,24.69072896684504,0.33834019416293937,162339.93731036902,-7.836438121182763,10.15020582488818,10.15020582488818,0
1857,independent,47.74940730239372,0.21358439769862694,164730.9359915122,-8.159508813243288,6.407531930958808,6.407531930958808,0
1858,independent,12.465304864086434,0.502524655343974,169986.723963466,-6.497235086517332,7.2707842367070175,7.2707842367070175,0
1859,independent,42.51899250633761,0.28420898605759315,160765.29804390878,-7.2460573955397845,8.526269581727794,8.526269581727794,0
1860,independent,42.80324638360705,0.33221680406275,163754.94032533007,-9.289972139571814,9.966504121882501,9.966504121882501,0
1861,independent,30.191077685124355,0.37044259123428336,166812.24054395276,-8.436907605267926,11.11,11.11,0
1862,independent,6.471883986471077,0.1592226315676248,166016.4977328409,-8.932656992862597,0.0,0.0,0
1863,independent,12.95686366955079,0.5044199727426708,170921.3201912897,-6.1099066418455585,7.384974724564923,7.384974724564923,0
1864,independent,43.72912087088007,0.518665913524445,165704.3562406103,-6.545889953431008,11.11,11.11,0
1865,independent,15.828000853995134,0.6195729184631643,164742.6341148694,-8.521471418181685,6.950107976037575,6.950107976037575,0
1866,independent,38.45961605090055,0.2612866644717955,165226.67606178744,-9.680985215004457,7.838599934153865,7.838599934153865,0
1867,independent,27.572920808062833,0.22675271658630905,163936.5626428735,-6.3286370788473425,6.802581497589271,6.802581497589271,0
1868,independent,38.97187883688221,0.42159939460923523,164084.10636904446,-8.649653695053908,11.11,11.11,0
1869,independent,14.555026325886377,0.2938967618933501,159699.6663846748,-7.0527406046609,7.086698804258125,7.086698804258125,0
1870,independent,31.37171655812926,0.3452347792273809,165861.7587464102,-7.150991326633099,9.635353675428329,9.635353675428329,0
1871,independent,47.56994608689138,0.30610412210779003,169708.8439467986,-9.96718740786241,9.183123663233701,9.183123663233701,0
1872,independent,24.792312893799686,0.37732947912621606,162436.84671698633,-6.964106195491542,10.668070518220206,10.668070518220206,0
1873,independent,6.066844674120517,0.15891721709028198,167615.13965110108,-9.269121063467992,0.0,0.0,0
1874,independent,41.333722875731695,0.39290168445088414,167768.44367627345,-6.380776241026579,11.11,11.11,0
1875,independent,22.2074952582813,0.18581986166327505,165786.891668771,-8.281653107999105,5.574595849898252,5.574595849898252,0
1876,independent,33.14708389420016,0.3206825993045701,164678.32757192437,-9.567753281730791,9.620477979137103,9.620477979137103,0
1877,independent,19.86169578728069,0.20804018402254135,159574.35390794874,-8.548970368946355,4.897820692087062,4.897820692087062,0
1878,independent,10.313581777231558,0.20557660857875729,164000.24186837891,-7.682347533597152,0.0,0.0,0
1879,independent,40.03552093903983,0.6309913878749377,166872.01801528048,-8.467631172147977,11.11,11.11,0
1880,independent,29.241307526488534,0.35294998248840725,164902.90802880374,-9.019328996954783,10.480351796017564,10.480351796017564,0
1881,independent,25.056675247071464,0.5257653465528276,162946.0494344905,-7.185243660726719,9.42724260626497,9.42724260626497,0
1882,independent,36.935807365442145,0.5534693401428408,163519.2135273072,-8.484263643354037,11.11,11.11,0
1883,independent,11.38722118926582,0.250313597019875,167493.68992469503,-7.380412965098692,3.1808548647953234,3.1808548647953234,0
1884,independent,20.610703813590604,0.6170884703899926,167975.0914168402,-9.3419661617976,10.110219849393667,10.110219849393667,0
1885,independent,16.369684908326377,0.38507186590605447,165718.58722555454,-9.81776837571143,9.32085280427565,9.32085280427565,0
1886,independent,39.93982174370801,0.41673352223453597,164672.48610428118,-9.031870210931196,10.095132191821072,10.095132191821072,0
1887,independent,45.967324275139944,0.5184485869990758,165953.5070321497,-9.477106936242787,9.82132112028623,9.82132112028623,0
1888,independent,30.631151091497177,0.6489538544460948,165681.70441798106,-7.61749028243263,11.11,11.11,0
1889,independent,31.369451712864645,0.4616075920980135,161768.76424289425,-7.276611302951472,11.11,11.11,0
1890,independent,24.805254622335372,0.4010652460609142,166960.4980652413,-6.116827404416474,11.11,11.11,0
1891,independent,20.042261218011134,0.6454485427227801,163765.9377224417,-8.231699750182399,8.064975847952889,8.064975847952889,0
1892,independent,21.472321478206624,0.3320402630738175,163725.02353343493,-9.32203295119358,9.822656628497079,9.822656628497079,0
1893,independent,5.322952848371027,0.3885915814447649,163691.65330573113,-6.313767392209163,4.543759117811467,4.543759117811467,0
1894,independent,15.892371617591017,0.41935342161136113,168518.44873595008,-7.208545220178616,8.170504001854052,8.170504001854052,0
1895,independent,38.72146274544648,0.6029855307570128,163785.30019442653,-9.601476369293046,9.87344642553604,9.87344642553604,0
1896,independent,11.762140562815297,0.16086776439458347,170020.30920249646,-9.496916780185385,0.0,0.0,0
1897,independent,48.65286200263542,0.4898836002817972,168416.95926144853,-6.489853050830537,11.11,11.11,0
1898,independent,30.625198571926404,0.5811198399584832,167346.18843740525,-6.447488462677017,11.11,11.11,0
1899,independent,11.532567630186147,0.3032041128024269,163689.7417922225,-7.880268119279327,4.0985482938439235,4.0985482938439235,0
1900,independent,19.951073002641422,0.507137953495805,160874.41925800836,-6.656054693927852,7.88964881172001,7.88964881172001,0
1901,independent,24.28709113244854,0.3772574165649072,160601.74335241222,-7.738537266894662,11.11,11.11,0
1902,independent,9.75335266028147,0.39967099078185253,160409.24535453794,-8.953864883693937,5.491094821115847,5.491094821115847,0
1903,independent,46.20701373235443,0.30170771858923284,167829.02340930278,-7.703604177688473,9.051231557676985,9.051231557676985,0
1904,independent,31.192231771477775,0.6153845693830013,164239.77703157932,-8.015309967318442,11.11,11.11,0
1905,independent,19.820477824659875,0.2554012772618489,162543.36392292936,-8.571433731712725,7.4509266604557745,7.4509266604557745,0
1906,independent,24.584631614024115,0.5774473824053519,162804.170470316,-7.411298871336703,10.641204946392694,10.641204946392694,0
1907,independent,34.000967359327134,0.4631655677508434,163343.66403238996,-8.882052485288764,10.315507062948544,10.315507062948544,0
1908,independent,36.06038891247137,0.5339714691079069,167466.36890230022,-6.902583009172263,11.11,11.11,0
1909,independent,35.14882049124698,0.19307958323168525,167067.5426009736,-8.852910549976105,5.792387496950558,5.792387496950558,0
1910,independent,7.2697952998530155,0.2592858038046296,163319.24566468087,-8.801656400150843,0.0,0.0,0
1911,independent,19.84724623142224,0.45139511550800115,160000.7875845835,-6.0072239559321705,10.779122909581089,10.779122909581089,0
1912,independent,6.235808708577002,0.20866239512744636,173461.67939507836,-7.269235596101064,3.8270996896347693,3.8270996896347693,0
1913,independent,29.179382255161517,0.3737748079390536,167741.8869596193,-9.790448208400653,8.997931371104835,8.997931371104835,0
1914,independent,35.82716340263801,0.1695671807362115,165285.7911694718,-8.810170210315734,5.087015422086345,5.087015422086345,0
1915,independent,32.45906104333652,0.3329407040827356,172651.39421101895,-8.286439660541205,9.988221122482067,9.988221122482067,0
1916,independent,13.42366519716575,0.23154749748150763,163939.6871674198,-9.345881702049503,4.8348186735183445,4.8348186735183445,0
1917,independent,11.95330900897411,0.2539474840344186,165773.53376141217,-9.952387899687222,6.016547355132753,6.016547355132753,0
1918,independent,13.466033163696466,0.2693440530092456,162223.4560119597,-7.176359008270529,5.096892769253046,5.096892769253046,0
1919,independent,32.33254581497542,0.41235283380405485,163145.33108562906,-6.829073861251844,11.11,11.11,0
1920,independent,21.988067668642177,0.2869577547488976,164436.7234688119,-8.965172008635907,4.26618182055121,4.26618182055121,0
1921,independent,15.933267052283023,0.5034538999876856,169703.80838034392,-8.031375648263081,8.811876032322578,8.811876032322578,0
1922,independent,38.282751146501624,0.2032885794217766,166261.13818618513,-6.417215448063793,6.098657382653299,6.098657382653299,0
1923,independent,24.162824685921663,0.32337803483766203,162354.86107030025,-9.873124170904001,9.613198693759589,9.613198693759589,0
1924,independent,18.267012825695744,0.171777551102848,168804.47556243572,-7.762313131825383,3.8906565762639844,3.8906565762639844,0
1925,independent,37.664341080362455,0.551422949939434,165373.03354123214,-8.376468280640914,11.11,11.11,0
1926,independent,14.345195704589889,0.3048272314807853,161645.6018754931,-6.455901804323986,7.839929660443268,7.839929660443268,0
1927,independent,25.258486292194213,0.433177401056154,161638.99140573427,-7.646055040354618,11.11,11.11,0
1928,independent,40.668127738847744,0.28346607666250956,163688.21460119158,-9.633188294778597,8.503982299875286,8.503982299875286,0
1929,independent,21.632447996150283,0.26281771260043285,164709.05821185178,-7.153921758950883,5.692126254197362,5.692126254197362,0
1930,independent,28.210570605195215,0.32743949235260916,168526.4728048452,-7.796415172879998,9.823184770578274,9.823184770578274,0
1931,independent,27.928745376175858,0.4875147932419245,164723.0801275376,-9.866408961403248,9.31947303739109,9.31947303739109,0
1932,independent,35.93519589164025,0.278359357862456,163575.03423018413,-9.877481736147551,8.35078073587368,8.35078073587368,0
1933,independent,10.515984680710105,0.23946519316975698,164033.94724936687,-9.45670923741634,4.488388927748957,4.488388927748957,0
1934,independent,16.459372757727564,0.2365863778043674,162154.3491013028,-7.928642136766234,5.341470359436345,5.341470359436345,0
1935,independent,30.483499026636455,0.36954793568920985,159858.24424567056,-8.51550079265117,11.086438070676296,11.086438070676296,0
1936,independent,22.730463885774483,0.3270961630759569,160527.46308385793,-7.946247170299926,9.812884892278706,9.812884892278706,0
1937,independent,43.25850902927439,0.39735978994533416,168290.3378380312,-9.719926210200667,9.695463116256267,9.695463116256267,0
1938,independent,27.94677694531078,0.36736930128227363,167485.6568282097,-6.8579280445210244,10.571027800325144,10.571027800325144,0
1939,independent,49.0583263432971,0.5080110098869516,165552.60234022368,-7.5697021406478715,11.11,11.11,0
1940,independent,16.494559214061027,0.260935683252442,168476.56284595164,-6.51089403444916,4.1938472945212455,4.1938472945212455,0
1941,independent,20.715121287027475,0.4028671526143691,159743.1574852127,-8.85353004115538,7.543456277034554,7.543456277034554,0
1942,independent,31.139387312081535,0.23003333836640075,161626.34609296353,-7.929965317224894,6.901000150992022,6.901000150992022,0
1943,independent,25.580581392844294,0.4333175156677841,173460.36740385668,-9.947987766157343,9.385047016475369,9.385047016475369,0
1944,independent,9.058314710252183,0.6070005633432168,163566.96741844833,-7.9956821518588015,6.869508052916473,6.869508052916473,0
1945,independent,9.405519407529862,0.183615874999606,162168.53082824277,-9.307864103205763,0.0,0.0,0
1946,independent,22.71717599722752,0.48414218803303155,165934.4245002153,-7.947048651073459,6.762041680348185,6.762041680348185,0
1947,independent,38.382516620718825,0.21270507981126294,158507.33697599286,-9.275787881486924,6.381152394337888,6.381152394337888,0
1948,independent,27.151154140235988,0.30544798552882824,166131.54061211395,-8.961307003794476,9.163439565864847,9.163439565864847,0
1949,independent,48.71370329806932,0.27964902932913904,160100.30715834803,-9.96252937503849,8.389470879874171,8.389470879874171,0
1950,independent,13.523262146698105,0.28301695420971595,165849.46421406794,-9.342000621810252,2.1699307677624953,2.1699307677624953,0
1951,independent,23.004036640379457,0.5349150761765468,158618.71246641656,-6.5436649722700055,8.390902142589061,8.390902142589061,0
1952,independent,11.772584450851841,0.36541740072886175,166906.31605892166,-6.504420837803863,5.867007888782614,5.867007888782614,0
1953,independent,48.59053708615043,0.5143649525529559,165899.78182087222,-7.949445877167827,11.11,11.11,0
1954,independent,49.67444977048188,0.4730608104358962,165554.1482933976,-7.083131704574287,11.11,11.11,0
1955,independent,45.36958124625324,0.2983682051741795,166120.5465290458,-7.574537759463232,8.951046155225384,8.951046155225384,0
1956,independent,6.8387505552383505,0.4183858197620568,166259.69211537813,-8.74692379775711,5.145001368734173,5.145001368734173,0
1957,independent,5.8183838317065515,0.3940187276422593,165689.76736270142,-8.954597785805316,4.32640637104811,4.32640637104811,0
1958,independent,31.84740453940134,0.44836631624487777,166386.75655544692,-6.9292386276031195,10.829272238037776,10.829272238037776,0
1959,independent,19.055437472175157,0.16328537836913085,169864.5653772304,-8.149220758198163,4.898561351073925,4.898561351073925,0
1960,independent,24.229352044951852,0.44842010642823105,161056.83877865976,-9.582090821770185,9.665965066679192,9.665965066679192,0
1961,independent,14.511545993784628,0.5815425735568337,164387.91860257913,-6.745830289844658,8.155449371403988,8.155449371403988,0
1962,independent,12.289062465800901,0.19857415493900446,168154.7680887936,-6.9600960101387574,4.950219062338387,4.950219062338387,0
1963,independent,48.05691769889414,0.38113172364793113,163004.70429052963,-6.810430813946697,11.11,11.11,0
1964,independent,44.41628816191993,0.5992566959455062,163866.60806231416,-8.171884194636998,11.11,11.11,0
1965,independent,48.83959555740484,0.16897780592763065,165849.67867201313,-6.627878000147309,5.069334177828919,5.069334177828919,0
1966,independent,30.824492153433155,0.30776414667327046,163651.75360559399,-9.986175518211585,9.232924400198113,9.232924400198113,0
1967,independent,37.63038093683348,0.43656034026102297,167406.96217283094,-6.225245836972148,11.11,11.11,0
1968,independent,29.594512940232313,0.4198364126828147,163525.96883485952,-9.828137187791876,9.373121321892201,9.373121321892201,0
1969,independent,31.954897113308423,0.4388431829216345,165708.49391196237,-6.287700158370821,11.11,11.11,0
1970,independent,43.148506431761305,0.3984413799315105,164262.5831186036,-9.32072346280882,9.714998790343797,9.714998790343797,0
1971,independent,14.637041589042315,0.46835806205165875,165572.31667113933,-6.245608979900202,5.239279463546027,5.239279463546027,0
1972,independent,16.22255357389728,0.499625053385061,166142.23344015604,-9.23343541162357,5.536922192421361,5.536922192421361,0
1973,independent,26.75735329492192,0.2904410150200508,162580.5543590783,-7.936634357713325,8.713230450601525,8.713230450601525,0
1974,independent,41.40861847063184,0.33074523197572525,167364.9192922812,-7.531057173704982,9.922356959271758,9.922356959271758,0
1975,independent,10.920000750866603,0.3840033034341178,161383.346046719,-6.313694449274523,2.603504376223145,2.603504376223145,0
1976,independent,39.466985031510184,0.36924355857555813,167655.3332546514,-7.82244341924317,11.077306757266744,11.077306757266744,0
1977,independent,32.87786307756233,0.16234874785454426,167075.79300961847,-7.87729507537459,4.870462435636328,4.870462435636328,0
1978,independent,19.55410177483578,0.3296057654076314,164814.57111736079,-9.708543336169726,7.064345422316249,7.064345422316249,0
1979,independent,49.019419121172774,0.5250047626390305,162114.36909615362,-6.788460314545752,11.11,11.11,0
1980,independent,9.800770256021387,0.20269738725810935,162780.51792161958,-6.114874564077766,5.056988043930837,5.056988043930837,0
1981,independent,10.153372522080353,0.2751210944311603,170176.55909140367,-7.564294962131656,0.4199344752942525,0.4199344752942525,0
1982,independent,36.195717032198516,0.6453113573057799,162565.20340335785,-8.663696852179791,9.451765702339934,9.451765702339934,0
1983,independent,13.536077599367587,0.3710409492137007,163773.60047506497,-9.718065593946477,0.0,0.0,0
1984,independent,5.394007827321819,0.2993727840803573,164919.29331945832,-8.87262712386811,0.0,0.0,0
1985,independent,5.239953657820015,0.18150308867131928,162267.921187852,-7.58567052239904,1.2393989303342263,1.2393989303342263,0
1986,independent,30.599389618905374,0.1886691442419204,167546.21308112075,-7.820372884795383,5.660074327257612,5.660074327257612,0
1987,independent,15.313817818714725,0.1845733069171074,168051.49333987798,-8.208865432825398,5.537199207513222,5.537199207513222,0
1988,independent,22.284346469640134,0.2630760354550009,166557.95885589253,-9.042942260189642,6.685431411620387,6.685431411620387,0
1989,independent,49.95561729800784,0.4263175796009747,164208.84582438355,-6.591111646351893,11.11,11.11,0
1990,independent,37.48897658714967,0.18877502885017564,169685.28075568657,-6.177287192410506,5.663250865505269,5.663250865505269,0
1991,independent,28.43913062067196,0.20026832685890025,161133.36163764587,-8.59403126421369,6.0080498057670075,6.0080498057670075,0
1992,independent,43.7081793365925,0.36074342590816477,163721.9818803892,-7.411440008872333,10.822302777244943,10.822302777244943,0
1993,independent,9.51900092904476,0.259705678788295,164392.86405487935,-9.181802455469038,4.631222053697455,4.631222053697455,0
1994,independent,22.494294441913976,0.15773549699803782,164541.95689263314,-6.861311425414693,4.732064909941134,4.732064909941134,0
1995,independent,20.683663974692706,0.33610548031285736,171303.5716257175,-6.143771594288201,6.305192220521881,6.305192220521881,0
1996,independent,32.86873025446012,0.1789719836538111,170668.86396881004,-9.735930964757035,5.369159509614333,5.369159509614333,0
1997,independent,39.701666756123466,0.1873785847800626,166333.91995995227,-6.031097412548889,5.621357543401879,5.621357543401879,0
1998,independent,30.17505095115776,0.5307459953607048,167366.90581721484,-8.582111673715207,10.574753889251944,10.574753889251944,0
1999,independent,42.103407816382074,0.6423133792704464,164047.55957792827,-7.6269731830317635,11.11,11.11,0
