visibility_m,civil_grade_pct,friction_label,friction_mu,loading_label,mass_kg,reaction_label,reaction_time_s,speed_label,initial_speed_mps,deceleration_mps2,stopping_distance_m,safe_speed_mps,safe_speed_kmh,safe_headway_m,limiting_constraint
100.0,8.0,dry_high,0.65,empty,74000.0,low,0.3,low,3.0,7.3351,1.5135,5.5556,20.0,19.2908,v_mine
100.0,8.0,dry_high,0.65,empty,74000.0,low,0.3,medium_site,5.56,7.3377,3.7745,5.5556,20.0,19.2908,v_mine
100.0,8.0,dry_high,0.65,empty,74000.0,low,0.3,high_max,11.11,7.3484,11.7316,5.5556,20.0,19.2908,v_mine
100.0,8.0,dry_high,0.65,empty,74000.0,nominal,0.45,low,3.0,7.3351,1.9635,5.5556,20.0,20.1242,v_mine
100.0,8.0,dry_high,0.65,empty,74000.0,nominal,0.45,medium_site,5.56,7.3377,4.6085,5.5556,20.0,20.1242,v_mine
100.0,8.0,dry_high,0.65,empty,74000.0,nominal,0.45,high_max,11.11,7.3484,13.3981,5.5556,20.0,20.1242,v_mine
100.0,8.0,dry_high,0.65,empty,74000.0,high_human,1.2,low,3.0,7.3351,4.2135,5.5556,20.0,24.2908,v_mine
100.0,8.0,dry_high,0.65,empty,74000.0,high_human,1.2,medium_site,5.56,7.3377,8.7785,5.5556,20.0,24.2908,v_mine
100.0,8.0,dry_high,0.65,empty,74000.0,high_human,1.2,high_max,11.11,7.3484,21.7306,5.5556,20.0,24.2908,v_mine
100.0,8.0,dry_high,0.65,medium,119750.0,low,0.3,low,3.0,5.5714,1.7077,5.5556,20.0,19.9569,v_mine
100.0,8.0,dry_high,0.65,medium,119750.0,low,0.3,medium_site,5.56,5.573,4.4415,5.5556,20.0,19.9569,v_mine
100.0,8.0,dry_high,0.65,medium,119750.0,low,0.3,high_max,11.11,5.5796,14.394,5.5556,20.0,19.9569,v_mine
100.0,8.0,dry_high,0.65,medium,119750.0,nominal,0.45,low,3.0,5.5714,2.1577,5.5556,20.0,20.7902,v_mine
100.0,8.0,dry_high,0.65,medium,119750.0,nominal,0.45,medium_site,5.56,5.573,5.2755,5.5556,20.0,20.7902,v_mine
100.0,8.0,dry_high,0.65,medium,119750.0,nominal,0.45,high_max,11.11,5.5796,16.0605,5.5556,20.0,20.7902,v_mine
100.0,8.0,dry_high,0.65,medium,119750.0,high_human,1.2,low,3.0,5.5714,4.4077,5.5556,20.0,24.9569,v_mine
100.0,8.0,dry_high,0.65,medium,119750.0,high_human,1.2,medium_site,5.56,5.573,9.4455,5.5556,20.0,24.9569,v_mine
100.0,8.0,dry_high,0.65,medium,119750.0,high_human,1.2,high_max,11.11,5.5796,24.393,5.5556,20.0,24.9569,v_mine
100.0,8.0,dry_high,0.65,max_gross,165500.0,low,0.3,low,3.0,4.3016,1.9461,5.5556,20.0,20.7746,v_mine
100.0,8.0,dry_high,0.65,max_gross,165500.0,low,0.3,medium_site,5.56,4.3027,5.2603,5.5556,20.0,20.7746,v_mine
100.0,8.0,dry_high,0.65,max_gross,165500.0,low,0.3,high_max,11.11,4.3075,17.6605,5.5556,20.0,20.7746,v_mine
100.0,8.0,dry_high,0.65,max_gross,165500.0,nominal,0.45,low,3.0,4.3016,2.3961,5.5556,20.0,21.6079,v_mine
100.0,8.0,dry_high,0.65,max_gross,165500.0,nominal,0.45,medium_site,5.56,4.3027,6.0943,5.5556,20.0,21.6079,v_mine
100.0,8.0,dry_high,0.65,max_gross,165500.0,nominal,0.45,high_max,11.11,4.3075,19.327,5.5556,20.0,21.6079,v_mine
100.0,8.0,dry_high,0.65,max_gross,165500.0,high_human,1.2,low,3.0,4.3016,4.6461,5.5556,20.0,25.7746,v_mine
100.0,8.0,dry_high,0.65,max_gross,165500.0,high_human,1.2,medium_site,5.56,4.3027,10.2643,5.5556,20.0,25.7746,v_mine
100.0,8.0,dry_high,0.65,max_gross,165500.0,high_human,1.2,high_max,11.11,4.3075,27.6595,5.5556,20.0,25.7746,v_mine
100.0,8.0,moderate,0.45,empty,74000.0,low,0.3,low,3.0,5.3794,1.7365,5.5556,20.0,20.056,v_mine
100.0,8.0,moderate,0.45,empty,74000.0,low,0.3,medium_site,5.56,5.3819,4.54,5.5556,20.0,20.056,v_mine
100.0,8.0,moderate,0.45,empty,74000.0,low,0.3,high_max,11.11,5.3926,14.7775,5.5556,20.0,20.056,v_mine
100.0,8.0,moderate,0.45,empty,74000.0,nominal,0.45,low,3.0,5.3794,2.1865,5.5556,20.0,20.8893,v_mine
100.0,8.0,moderate,0.45,empty,74000.0,nominal,0.45,medium_site,5.56,5.3819,5.374,5.5556,20.0,20.8893,v_mine
100.0,8.0,moderate,0.45,empty,74000.0,nominal,0.45,high_max,11.11,5.3926,16.444,5.5556,20.0,20.8893,v_mine
100.0,8.0,moderate,0.45,empty,74000.0,high_human,1.2,low,3.0,5.3794,4.4365,5.5556,20.0,25.056,v_mine
100.0,8.0,moderate,0.45,empty,74000.0,high_human,1.2,medium_site,5.56,5.3819,9.544,5.5556,20.0,25.056,v_mine
100.0,8.0,moderate,0.45,empty,74000.0,high_human,1.2,high_max,11.11,5.3926,24.7765,5.5556,20.0,25.056,v_mine
100.0,8.0,moderate,0.45,medium,119750.0,low,0.3,low,3.0,5.379,1.7366,5.5556,20.0,20.056,v_mine
100.0,8.0,moderate,0.45,medium,119750.0,low,0.3,medium_site,5.56,5.3805,4.5407,5.5556,20.0,20.056,v_mine
100.0,8.0,moderate,0.45,medium,119750.0,low,0.3,high_max,11.11,5.3872,14.7891,5.5556,20.0,20.056,v_mine
100.0,8.0,moderate,0.45,medium,119750.0,nominal,0.45,low,3.0,5.379,2.1866,5.5556,20.0,20.8893,v_mine
100.0,8.0,moderate,0.45,medium,119750.0,nominal,0.45,medium_site,5.56,5.3805,5.3747,5.5556,20.0,20.8893,v_mine
100.0,8.0,moderate,0.45,medium,119750.0,nominal,0.45,high_max,11.11,5.3872,16.4556,5.5556,20.0,20.8893,v_mine
100.0,8.0,moderate,0.45,medium,119750.0,high_human,1.2,low,3.0,5.379,4.4366,5.5556,20.0,25.056,v_mine
100.0,8.0,moderate,0.45,medium,119750.0,high_human,1.2,medium_site,5.56,5.3805,9.5447,5.5556,20.0,25.056,v_mine
100.0,8.0,moderate,0.45,medium,119750.0,high_human,1.2,high_max,11.11,5.3872,24.7881,5.5556,20.0,25.056,v_mine
100.0,8.0,moderate,0.45,max_gross,165500.0,low,0.3,low,3.0,4.3016,1.9461,5.5556,20.0,20.7746,v_mine
100.0,8.0,moderate,0.45,max_gross,165500.0,low,0.3,medium_site,5.56,4.3027,5.2603,5.5556,20.0,20.7746,v_mine
100.0,8.0,moderate,0.45,max_gross,165500.0,low,0.3,high_max,11.11,4.3075,17.6605,5.5556,20.0,20.7746,v_mine
100.0,8.0,moderate,0.45,max_gross,165500.0,nominal,0.45,low,3.0,4.3016,2.3961,5.5556,20.0,21.6079,v_mine
100.0,8.0,moderate,0.45,max_gross,165500.0,nominal,0.45,medium_site,5.56,4.3027,6.0943,5.5556,20.0,21.6079,v_mine
100.0,8.0,moderate,0.45,max_gross,165500.0,nominal,0.45,high_max,11.11,4.3075,19.327,5.5556,20.0,21.6079,v_mine
100.0,8.0,moderate,0.45,max_gross,165500.0,high_human,1.2,low,3.0,4.3016,4.6461,5.5556,20.0,25.7746,v_mine
100.0,8.0,moderate,0.45,max_gross,165500.0,high_human,1.2,medium_site,5.56,4.3027,10.2643,5.5556,20.0,25.7746,v_mine
100.0,8.0,moderate,0.45,max_gross,165500.0,high_human,1.2,high_max,11.11,4.3075,27.6595,5.5556,20.0,25.7746,v_mine
100.0,8.0,wet,0.35,empty,74000.0,low,0.3,low,3.0,4.4015,1.9224,5.5556,20.0,20.6936,v_mine
100.0,8.0,wet,0.35,empty,74000.0,low,0.3,medium_site,5.56,4.404,5.1777,5.5556,20.0,20.6936,v_mine
100.0,8.0,wet,0.35,empty,74000.0,low,0.3,high_max,11.11,4.4147,17.3125,5.5556,20.0,20.6936,v_mine
100.0,8.0,wet,0.35,empty,74000.0,nominal,0.45,low,3.0,4.4015,2.3724,5.5556,20.0,21.5269,v_mine
100.0,8.0,wet,0.35,empty,74000.0,nominal,0.45,medium_site,5.56,4.404,6.0117,5.5556,20.0,21.5269,v_mine
100.0,8.0,wet,0.35,empty,74000.0,nominal,0.45,high_max,11.11,4.4147,18.979,5.5556,20.0,21.5269,v_mine
100.0,8.0,wet,0.35,empty,74000.0,high_human,1.2,low,3.0,4.4015,4.6224,5.5556,20.0,25.6936,v_mine
100.0,8.0,wet,0.35,empty,74000.0,high_human,1.2,medium_site,5.56,4.404,10.1817,5.5556,20.0,25.6936,v_mine
100.0,8.0,wet,0.35,empty,74000.0,high_human,1.2,high_max,11.11,4.4147,27.3115,5.5556,20.0,25.6936,v_mine
100.0,8.0,wet,0.35,medium,119750.0,low,0.3,low,3.0,4.4011,1.9225,5.5556,20.0,20.6936,v_mine
100.0,8.0,wet,0.35,medium,119750.0,low,0.3,medium_site,5.56,4.4027,5.1788,5.5556,20.0,20.6936,v_mine
100.0,8.0,wet,0.35,medium,119750.0,low,0.3,high_max,11.11,4.4093,17.3299,5.5556,20.0,20.6936,v_mine
100.0,8.0,wet,0.35,medium,119750.0,nominal,0.45,low,3.0,4.4011,2.3725,5.5556,20.0,21.5269,v_mine
100.0,8.0,wet,0.35,medium,119750.0,nominal,0.45,medium_site,5.56,4.4027,6.0128,5.5556,20.0,21.5269,v_mine
100.0,8.0,wet,0.35,medium,119750.0,nominal,0.45,high_max,11.11,4.4093,18.9964,5.5556,20.0,21.5269,v_mine
100.0,8.0,wet,0.35,medium,119750.0,high_human,1.2,low,3.0,4.4011,4.6225,5.5556,20.0,25.6936,v_mine
100.0,8.0,wet,0.35,medium,119750.0,high_human,1.2,medium_site,5.56,4.4027,10.1828,5.5556,20.0,25.6936,v_mine
100.0,8.0,wet,0.35,medium,119750.0,high_human,1.2,high_max,11.11,4.4093,27.3289,5.5556,20.0,25.6936,v_mine
100.0,8.0,wet,0.35,max_gross,165500.0,low,0.3,low,3.0,4.3016,1.9461,5.5556,20.0,20.7746,v_mine
100.0,8.0,wet,0.35,max_gross,165500.0,low,0.3,medium_site,5.56,4.3027,5.2603,5.5556,20.0,20.7746,v_mine
100.0,8.0,wet,0.35,max_gross,165500.0,low,0.3,high_max,11.11,4.3075,17.6605,5.5556,20.0,20.7746,v_mine
100.0,8.0,wet,0.35,max_gross,165500.0,nominal,0.45,low,3.0,4.3016,2.3961,5.5556,20.0,21.6079,v_mine
100.0,8.0,wet,0.35,max_gross,165500.0,nominal,0.45,medium_site,5.56,4.3027,6.0943,5.5556,20.0,21.6079,v_mine
100.0,8.0,wet,0.35,max_gross,165500.0,nominal,0.45,high_max,11.11,4.3075,19.327,5.5556,20.0,21.6079,v_mine
100.0,8.0,wet,0.35,max_gross,165500.0,high_human,1.2,low,3.0,4.3016,4.6461,5.5556,20.0,25.7746,v_mine
100.0,8.0,wet,0.35,max_gross,165500.0,high_human,1.2,medium_site,5.56,4.3027,10.2643,5.5556,20.0,25.7746,v_mine
100.0,8.0,wet,0.35,max_gross,165500.0,high_human,1.2,high_max,11.11,4.3075,27.6595,5.5556,20.0,25.7746,v_mine
100.0,8.0,low_friction,0.2,empty,74000.0,low,0.3,low,3.0,2.9347,2.4334,5.5556,20.0,22.4471,v_mine
100.0,8.0,low_friction,0.2,empty,74000.0,low,0.3,medium_site,5.56,2.9372,6.9304,5.5556,20.0,22.4471,v_mine
100.0,8.0,low_friction,0.2,empty,74000.0,low,0.3,high_max,11.11,2.9479,24.2684,5.5556,20.0,22.4471,v_mine
100.0,8.0,low_friction,0.2,empty,74000.0,nominal,0.45,low,3.0,2.9347,2.8834,5.5556,20.0,23.2804,v_mine
100.0,8.0,low_friction,0.2,empty,74000.0,nominal,0.45,medium_site,5.56,2.9372,7.7644,5.5556,20.0,23.2804,v_mine
100.0,8.0,low_friction,0.2,empty,74000.0,nominal,0.45,high_max,11.11,2.9479,25.9349,5.5556,20.0,23.2804,v_mine
100.0,8.0,low_friction,0.2,empty,74000.0,high_human,1.2,low,3.0,2.9347,5.1334,5.5556,20.0,27.4471,v_mine
100.0,8.0,low_friction,0.2,empty,74000.0,high_human,1.2,medium_site,5.56,2.9372,11.9344,5.5556,20.0,27.4471,v_mine
100.0,8.0,low_friction,0.2,empty,74000.0,high_human,1.2,high_max,11.11,2.9479,34.2674,5.5556,20.0,27.4471,v_mine
100.0,8.0,low_friction,0.2,medium,119750.0,low,0.3,low,3.0,2.9343,2.4336,5.5556,20.0,22.4471,v_mine
100.0,8.0,low_friction,0.2,medium,119750.0,low,0.3,medium_site,5.56,2.9358,6.9329,5.5556,20.0,22.4471,v_mine
100.0,8.0,low_friction,0.2,medium,119750.0,low,0.3,high_max,11.11,2.9425,24.3073,5.5556,20.0,22.4471,v_mine
100.0,8.0,low_friction,0.2,medium,119750.0,nominal,0.45,low,3.0,2.9343,2.8836,5.5556,20.0,23.2804,v_mine
100.0,8.0,low_friction,0.2,medium,119750.0,nominal,0.45,medium_site,5.56,2.9358,7.7669,5.5556,20.0,23.2804,v_mine
100.0,8.0,low_friction,0.2,medium,119750.0,nominal,0.45,high_max,11.11,2.9425,25.9738,5.5556,20.0,23.2804,v_mine
100.0,8.0,low_friction,0.2,medium,119750.0,high_human,1.2,low,3.0,2.9343,5.1336,5.5556,20.0,27.4471,v_mine
100.0,8.0,low_friction,0.2,medium,119750.0,high_human,1.2,medium_site,5.56,2.9358,11.9369,5.5556,20.0,27.4471,v_mine
100.0,8.0,low_friction,0.2,medium,119750.0,high_human,1.2,high_max,11.11,2.9425,34.3063,5.5556,20.0,27.4471,v_mine
100.0,8.0,low_friction,0.2,max_gross,165500.0,low,0.3,low,3.0,2.9341,2.4337,5.5556,20.0,22.4471,v_mine
100.0,8.0,low_friction,0.2,max_gross,165500.0,low,0.3,medium_site,5.56,2.9352,6.934,5.5556,20.0,22.4471,v_mine
100.0,8.0,low_friction,0.2,max_gross,165500.0,low,0.3,high_max,11.11,2.94,24.3247,5.5556,20.0,22.4471,v_mine
100.0,8.0,low_friction,0.2,max_gross,165500.0,nominal,0.45,low,3.0,2.9341,2.8837,5.5556,20.0,23.2804,v_mine
100.0,8.0,low_friction,0.2,max_gross,165500.0,nominal,0.45,medium_site,5.56,2.9352,7.768,5.5556,20.0,23.2804,v_mine
100.0,8.0,low_friction,0.2,max_gross,165500.0,nominal,0.45,high_max,11.11,2.94,25.9912,5.5556,20.0,23.2804,v_mine
100.0,8.0,low_friction,0.2,max_gross,165500.0,high_human,1.2,low,3.0,2.9341,5.1337,5.5556,20.0,27.4471,v_mine
100.0,8.0,low_friction,0.2,max_gross,165500.0,high_human,1.2,medium_site,5.56,2.9352,11.938,5.5556,20.0,27.4471,v_mine
100.0,8.0,low_friction,0.2,max_gross,165500.0,high_human,1.2,high_max,11.11,2.94,34.3237,5.5556,20.0,27.4471,v_mine
100.0,5.0,dry_high,0.65,empty,74000.0,low,0.3,low,3.0,7.0554,1.5378,5.5556,20.0,19.3743,v_mine
100.0,5.0,dry_high,0.65,empty,74000.0,low,0.3,medium_site,5.56,7.058,3.858,5.5556,20.0,19.3743,v_mine
100.0,5.0,dry_high,0.65,empty,74000.0,low,0.3,high_max,11.11,7.0687,12.0639,5.5556,20.0,19.3743,v_mine
100.0,5.0,dry_high,0.65,empty,74000.0,nominal,0.45,low,3.0,7.0554,1.9878,5.5556,20.0,20.2076,v_mine
100.0,5.0,dry_high,0.65,empty,74000.0,nominal,0.45,medium_site,5.56,7.058,4.692,5.5556,20.0,20.2076,v_mine
100.0,5.0,dry_high,0.65,empty,74000.0,nominal,0.45,high_max,11.11,7.0687,13.7304,5.5556,20.0,20.2076,v_mine
100.0,5.0,dry_high,0.65,empty,74000.0,high_human,1.2,low,3.0,7.0554,4.2378,5.5556,20.0,24.3743,v_mine
100.0,5.0,dry_high,0.65,empty,74000.0,high_human,1.2,medium_site,5.56,7.058,8.862,5.5556,20.0,24.3743,v_mine
100.0,5.0,dry_high,0.65,empty,74000.0,high_human,1.2,high_max,11.11,7.0687,22.0629,5.5556,20.0,24.3743,v_mine
100.0,5.0,dry_high,0.65,medium,119750.0,low,0.3,low,3.0,5.2794,1.7524,5.5556,20.0,20.1101,v_mine
100.0,5.0,dry_high,0.65,medium,119750.0,low,0.3,medium_site,5.56,5.281,4.5949,5.5556,20.0,20.1101,v_mine
100.0,5.0,dry_high,0.65,medium,119750.0,low,0.3,high_max,11.11,5.2876,15.0049,5.5556,20.0,20.1101,v_mine
100.0,5.0,dry_high,0.65,medium,119750.0,nominal,0.45,low,3.0,5.2794,2.2024,5.5556,20.0,20.9434,v_mine
100.0,5.0,dry_high,0.65,medium,119750.0,nominal,0.45,medium_site,5.56,5.281,5.4289,5.5556,20.0,20.9434,v_mine
100.0,5.0,dry_high,0.65,medium,119750.0,nominal,0.45,high_max,11.11,5.2876,16.6714,5.5556,20.0,20.9434,v_mine
100.0,5.0,dry_high,0.65,medium,119750.0,high_human,1.2,low,3.0,5.2794,4.4524,5.5556,20.0,25.1101,v_mine
100.0,5.0,dry_high,0.65,medium,119750.0,high_human,1.2,medium_site,5.56,5.281,9.5989,5.5556,20.0,25.1101,v_mine
100.0,5.0,dry_high,0.65,medium,119750.0,high_human,1.2,high_max,11.11,5.2876,25.0039,5.5556,20.0,25.1101,v_mine
100.0,5.0,dry_high,0.65,max_gross,165500.0,low,0.3,low,3.0,4.0096,2.0223,5.5556,20.0,21.0359,v_mine
100.0,5.0,dry_high,0.65,max_gross,165500.0,low,0.3,medium_site,5.56,4.0107,5.5219,5.5556,20.0,21.0359,v_mine
100.0,5.0,dry_high,0.65,max_gross,165500.0,low,0.3,high_max,11.11,4.0155,18.7025,5.5556,20.0,21.0359,v_mine
100.0,5.0,dry_high,0.65,max_gross,165500.0,nominal,0.45,low,3.0,4.0096,2.4723,5.5556,20.0,21.8693,v_mine
100.0,5.0,dry_high,0.65,max_gross,165500.0,nominal,0.45,medium_site,5.56,4.0107,6.3559,5.5556,20.0,21.8693,v_mine
100.0,5.0,dry_high,0.65,max_gross,165500.0,nominal,0.45,high_max,11.11,4.0155,20.369,5.5556,20.0,21.8693,v_mine
100.0,5.0,dry_high,0.65,max_gross,165500.0,high_human,1.2,low,3.0,4.0096,4.7223,5.5556,20.0,26.0359,v_mine
100.0,5.0,dry_high,0.65,max_gross,165500.0,high_human,1.2,medium_site,5.56,4.0107,10.5259,5.5556,20.0,26.0359,v_mine
100.0,5.0,dry_high,0.65,max_gross,165500.0,high_human,1.2,high_max,11.11,4.0155,28.7015,5.5556,20.0,26.0359,v_mine
100.0,5.0,moderate,0.45,empty,74000.0,low,0.3,low,3.0,5.0959,1.7831,5.5556,20.0,20.2156,v_mine
100.0,5.0,moderate,0.45,empty,74000.0,low,0.3,medium_site,5.56,5.0984,4.6997,5.5556,20.0,20.2156,v_mine
100.0,5.0,moderate,0.45,empty,74000.0,low,0.3,high_max,11.11,5.1091,15.4125,5.5556,20.0,20.2156,v_mine
100.0,5.0,moderate,0.45,empty,74000.0,nominal,0.45,low,3.0,5.0959,2.2331,5.5556,20.0,21.049,v_mine
100.0,5.0,moderate,0.45,empty,74000.0,nominal,0.45,medium_site,5.56,5.0984,5.5337,5.5556,20.0,21.049,v_mine
100.0,5.0,moderate,0.45,empty,74000.0,nominal,0.45,high_max,11.11,5.1091,17.079,5.5556,20.0,21.049,v_mine
100.0,5.0,moderate,0.45,empty,74000.0,high_human,1.2,low,3.0,5.0959,4.4831,5.5556,20.0,25.2156,v_mine
100.0,5.0,moderate,0.45,empty,74000.0,high_human,1.2,medium_site,5.56,5.0984,9.7037,5.5556,20.0,25.2156,v_mine
100.0,5.0,moderate,0.45,empty,74000.0,high_human,1.2,high_max,11.11,5.1091,25.4115,5.5556,20.0,25.2156,v_mine
100.0,5.0,moderate,0.45,medium,119750.0,low,0.3,low,3.0,5.0955,1.7831,5.5556,20.0,20.2156,v_mine
100.0,5.0,moderate,0.45,medium,119750.0,low,0.3,medium_site,5.56,5.097,4.7005,5.5556,20.0,20.2156,v_mine
100.0,5.0,moderate,0.45,medium,119750.0,low,0.3,high_max,11.11,5.1037,15.4255,5.5556,20.0,20.2156,v_mine
100.0,5.0,moderate,0.45,medium,119750.0,nominal,0.45,low,3.0,5.0955,2.2331,5.5556,20.0,21.049,v_mine
100.0,5.0,moderate,0.45,medium,119750.0,nominal,0.45,medium_site,5.56,5.097,5.5345,5.5556,20.0,21.049,v_mine
100.0,5.0,moderate,0.45,medium,119750.0,nominal,0.45,high_max,11.11,5.1037,17.092,5.5556,20.0,21.049,v_mine
100.0,5.0,moderate,0.45,medium,119750.0,high_human,1.2,low,3.0,5.0955,4.4831,5.5556,20.0,25.2156,v_mine
100.0,5.0,moderate,0.45,medium,119750.0,high_human,1.2,medium_site,5.56,5.097,9.7045,5.5556,20.0,25.2156,v_mine
100.0,5.0,moderate,0.45,medium,119750.0,high_human,1.2,high_max,11.11,5.1037,25.4245,5.5556,20.0,25.2156,v_mine
100.0,5.0,moderate,0.45,max_gross,165500.0,low,0.3,low,3.0,4.0096,2.0223,5.5556,20.0,21.0359,v_mine
100.0,5.0,moderate,0.45,max_gross,165500.0,low,0.3,medium_site,5.56,4.0107,5.5219,5.5556,20.0,21.0359,v_mine
100.0,5.0,moderate,0.45,max_gross,165500.0,low,0.3,high_max,11.11,4.0155,18.7025,5.5556,20.0,21.0359,v_mine
100.0,5.0,moderate,0.45,max_gross,165500.0,nominal,0.45,low,3.0,4.0096,2.4723,5.5556,20.0,21.8693,v_mine
100.0,5.0,moderate,0.45,max_gross,165500.0,nominal,0.45,medium_site,5.56,4.0107,6.3559,5.5556,20.0,21.8693,v_mine
100.0,5.0,moderate,0.45,max_gross,165500.0,nominal,0.45,high_max,11.11,4.0155,20.369,5.5556,20.0,21.8693,v_mine
100.0,5.0,moderate,0.45,max_gross,165500.0,high_human,1.2,low,3.0,4.0096,4.7223,5.5556,20.0,26.0359,v_mine
100.0,5.0,moderate,0.45,max_gross,165500.0,high_human,1.2,medium_site,5.56,4.0107,10.5259,5.5556,20.0,26.0359,v_mine
100.0,5.0,moderate,0.45,max_gross,165500.0,high_human,1.2,high_max,11.11,4.0155,28.7015,5.5556,20.0,26.0359,v_mine
100.0,5.0,wet,0.35,empty,74000.0,low,0.3,low,3.0,4.1161,1.9933,5.5556,20.0,20.9368,v_mine
100.0,5.0,wet,0.35,empty,74000.0,low,0.3,medium_site,5.56,4.1186,5.4209,5.5556,20.0,20.9368,v_mine
100.0,5.0,wet,0.35,empty,74000.0,low,0.3,high_max,11.11,4.1294,18.2787,5.5556,20.0,20.9368,v_mine
100.0,5.0,wet,0.35,empty,74000.0,nominal,0.45,low,3.0,4.1161,2.4433,5.5556,20.0,21.7702,v_mine
100.0,5.0,wet,0.35,empty,74000.0,nominal,0.45,medium_site,5.56,4.1186,6.2549,5.5556,20.0,21.7702,v_mine
100.0,5.0,wet,0.35,empty,74000.0,nominal,0.45,high_max,11.11,4.1294,19.9452,5.5556,20.0,21.7702,v_mine
100.0,5.0,wet,0.35,empty,74000.0,high_human,1.2,low,3.0,4.1161,4.6933,5.5556,20.0,25.9368,v_mine
100.0,5.0,wet,0.35,empty,74000.0,high_human,1.2,medium_site,5.56,4.1186,10.4249,5.5556,20.0,25.9368,v_mine
100.0,5.0,wet,0.35,empty,74000.0,high_human,1.2,high_max,11.11,4.1294,28.2777,5.5556,20.0,25.9368,v_mine
100.0,5.0,wet,0.35,medium,119750.0,low,0.3,low,3.0,4.1157,1.9934,5.5556,20.0,20.9368,v_mine
100.0,5.0,wet,0.35,medium,119750.0,low,0.3,medium_site,5.56,4.1173,5.4221,5.5556,20.0,20.9368,v_mine
100.0,5.0,wet,0.35,medium,119750.0,low,0.3,high_max,11.11,4.1239,18.2985,5.5556,20.0,20.9368,v_mine
100.0,5.0,wet,0.35,medium,119750.0,nominal,0.45,low,3.0,4.1157,2.4434,5.5556,20.0,21.7702,v_mine
100.0,5.0,wet,0.35,medium,119750.0,nominal,0.45,medium_site,5.56,4.1173,6.2561,5.5556,20.0,21.7702,v_mine
100.0,5.0,wet,0.35,medium,119750.0,nominal,0.45,high_max,11.11,4.1239,19.965,5.5556,20.0,21.7702,v_mine
100.0,5.0,wet,0.35,medium,119750.0,high_human,1.2,low,3.0,4.1157,4.6934,5.5556,20.0,25.9368,v_mine
100.0,5.0,wet,0.35,medium,119750.0,high_human,1.2,medium_site,5.56,4.1173,10.4261,5.5556,20.0,25.9368,v_mine
100.0,5.0,wet,0.35,medium,119750.0,high_human,1.2,high_max,11.11,4.1239,28.2975,5.5556,20.0,25.9368,v_mine
100.0,5.0,wet,0.35,max_gross,165500.0,low,0.3,low,3.0,4.0096,2.0223,5.5556,20.0,21.0359,v_mine
100.0,5.0,wet,0.35,max_gross,165500.0,low,0.3,medium_site,5.56,4.0107,5.5219,5.5556,20.0,21.0359,v_mine
100.0,5.0,wet,0.35,max_gross,165500.0,low,0.3,high_max,11.11,4.0155,18.7025,5.5556,20.0,21.0359,v_mine
100.0,5.0,wet,0.35,max_gross,165500.0,nominal,0.45,low,3.0,4.0096,2.4723,5.5556,20.0,21.8693,v_mine
100.0,5.0,wet,0.35,max_gross,165500.0,nominal,0.45,medium_site,5.56,4.0107,6.3559,5.5556,20.0,21.8693,v_mine
100.0,5.0,wet,0.35,max_gross,165500.0,nominal,0.45,high_max,11.11,4.0155,20.369,5.5556,20.0,21.8693,v_mine
100.0,5.0,wet,0.35,max_gross,165500.0,high_human,1.2,low,3.0,4.0096,4.7223,5.5556,20.0,26.0359,v_mine
100.0,5.0,wet,0.35,max_gross,165500.0,high_human,1.2,medium_site,5.56,4.0107,10.5259,5.5556,20.0,26.0359,v_mine
100.0,5.0,wet,0.35,max_gross,165500.0,high_human,1.2,high_max,11.11,4.0155,28.7015,5.5556,20.0,26.0359,v_mine
100.0,5.0,low_friction,0.2,empty,74000.0,low,0.3,low,3.0,2.6464,2.6004,5.5556,20.0,23.0202,v_mine
100.0,5.0,low_friction,0.2,empty,74000.0,low,0.3,medium_site,5.56,2.649,7.503,5.5556,20.0,23.0202,v_mine
100.0,5.0,low_friction,0.2,empty,74000.0,low,0.3,high_max,11.11,2.6597,26.5372,5.5556,20.0,23.0202,v_mine
100.0,5.0,low_friction,0.2,empty,74000.0,nominal,0.45,low,3.0,2.6464,3.0504,5.5556,20.0,23.8536,v_mine
100.0,5.0,low_friction,0.2,empty,74000.0,nominal,0.45,medium_site,5.56,2.649,8.337,5.5556,20.0,23.8536,v_mine
100.0,5.0,low_friction,0.2,empty,74000.0,nominal,0.45,high_max,11.11,2.6597,28.2037,5.5556,20.0,23.8536,v_mine
100.0,5.0,low_friction,0.2,empty,74000.0,high_human,1.2,low,3.0,2.6464,5.3004,5.5556,20.0,28.0202,v_mine
100.0,5.0,low_friction,0.2,empty,74000.0,high_human,1.2,medium_site,5.56,2.649,12.507,5.5556,20.0,28.0202,v_mine
100.0,5.0,low_friction,0.2,empty,74000.0,high_human,1.2,high_max,11.11,2.6597,36.5362,5.5556,20.0,28.0202,v_mine
100.0,5.0,low_friction,0.2,medium,119750.0,low,0.3,low,3.0,2.646,2.6007,5.5556,20.0,23.0202,v_mine
100.0,5.0,low_friction,0.2,medium,119750.0,low,0.3,medium_site,5.56,2.6476,7.506,5.5556,20.0,23.0202,v_mine
100.0,5.0,low_friction,0.2,medium,119750.0,low,0.3,high_max,11.11,2.6542,26.5849,5.5556,20.0,23.0202,v_mine
100.0,5.0,low_friction,0.2,medium,119750.0,nominal,0.45,low,3.0,2.646,3.0507,5.5556,20.0,23.8536,v_mine
100.0,5.0,low_friction,0.2,medium,119750.0,nominal,0.45,medium_site,5.56,2.6476,8.34,5.5556,20.0,23.8536,v_mine
100.0,5.0,low_friction,0.2,medium,119750.0,nominal,0.45,high_max,11.11,2.6542,28.2514,5.5556,20.0,23.8536,v_mine
100.0,5.0,low_friction,0.2,medium,119750.0,high_human,1.2,low,3.0,2.646,5.3007,5.5556,20.0,28.0202,v_mine
100.0,5.0,low_friction,0.2,medium,119750.0,high_human,1.2,medium_site,5.56,2.6476,12.51,5.5556,20.0,28.0202,v_mine
100.0,5.0,low_friction,0.2,medium,119750.0,high_human,1.2,high_max,11.11,2.6542,36.5839,5.5556,20.0,28.0202,v_mine
100.0,5.0,low_friction,0.2,max_gross,165500.0,low,0.3,low,3.0,2.6459,2.6008,5.5556,20.0,23.0202,v_mine
100.0,5.0,low_friction,0.2,max_gross,165500.0,low,0.3,medium_site,5.56,2.647,7.5074,5.5556,20.0,23.0202,v_mine
100.0,5.0,low_friction,0.2,max_gross,165500.0,low,0.3,high_max,11.11,2.6518,26.6063,5.5556,20.0,23.0202,v_mine
100.0,5.0,low_friction,0.2,max_gross,165500.0,nominal,0.45,low,3.0,2.6459,3.0508,5.5556,20.0,23.8536,v_mine
100.0,5.0,low_friction,0.2,max_gross,165500.0,nominal,0.45,medium_site,5.56,2.647,8.3414,5.5556,20.0,23.8536,v_mine
100.0,5.0,low_friction,0.2,max_gross,165500.0,nominal,0.45,high_max,11.11,2.6518,28.2728,5.5556,20.0,23.8536,v_mine
100.0,5.0,low_friction,0.2,max_gross,165500.0,high_human,1.2,low,3.0,2.6459,5.3008,5.5556,20.0,28.0202,v_mine
100.0,5.0,low_friction,0.2,max_gross,165500.0,high_human,1.2,medium_site,5.56,2.647,12.5114,5.5556,20.0,28.0202,v_mine
100.0,5.0,low_friction,0.2,max_gross,165500.0,high_human,1.2,high_max,11.11,2.6518,36.6053,5.5556,20.0,28.0202,v_mine
100.0,0.0,dry_high,0.65,empty,74000.0,low,0.3,low,3.0,6.5737,1.5845,5.5556,20.0,19.5346,v_mine
100.0,0.0,dry_high,0.65,empty,74000.0,low,0.3,medium_site,5.56,6.5763,4.0184,5.5556,20.0,19.5346,v_mine
100.0,0.0,dry_high,0.65,empty,74000.0,low,0.3,high_max,11.11,6.587,12.7024,5.5556,20.0,19.5346,v_mine
100.0,0.0,dry_high,0.65,empty,74000.0,nominal,0.45,low,3.0,6.5737,2.0345,5.5556,20.0,20.3679,v_mine
100.0,0.0,dry_high,0.65,empty,74000.0,nominal,0.45,medium_site,5.56,6.5763,4.8524,5.5556,20.0,20.3679,v_mine
100.0,0.0,dry_high,0.65,empty,74000.0,nominal,0.45,high_max,11.11,6.587,14.3689,5.5556,20.0,20.3679,v_mine
100.0,0.0,dry_high,0.65,empty,74000.0,high_human,1.2,low,3.0,6.5737,4.2845,5.5556,20.0,24.5346,v_mine
100.0,0.0,dry_high,0.65,empty,74000.0,high_human,1.2,medium_site,5.56,6.5763,9.0224,5.5556,20.0,24.5346,v_mine
100.0,0.0,dry_high,0.65,empty,74000.0,high_human,1.2,high_max,11.11,6.587,22.7014,5.5556,20.0,24.5346,v_mine
100.0,0.0,dry_high,0.65,medium,119750.0,low,0.3,low,3.0,4.7897,1.8395,5.5556,20.0,20.409,v_mine
100.0,0.0,dry_high,0.65,medium,119750.0,low,0.3,medium_site,5.56,4.7913,4.894,5.5556,20.0,20.409,v_mine
100.0,0.0,dry_high,0.65,medium,119750.0,low,0.3,high_max,11.11,4.7979,16.196,5.5556,20.0,20.409,v_mine
100.0,0.0,dry_high,0.65,medium,119750.0,nominal,0.45,low,3.0,4.7897,2.2895,5.5556,20.0,21.2423,v_mine
100.0,0.0,dry_high,0.65,medium,119750.0,nominal,0.45,medium_site,5.56,4.7913,5.728,5.5556,20.0,21.2423,v_mine
100.0,0.0,dry_high,0.65,medium,119750.0,nominal,0.45,high_max,11.11,4.7979,17.8625,5.5556,20.0,21.2423,v_mine
100.0,0.0,dry_high,0.65,medium,119750.0,high_human,1.2,low,3.0,4.7897,4.5395,5.5556,20.0,25.409,v_mine
100.0,0.0,dry_high,0.65,medium,119750.0,high_human,1.2,medium_site,5.56,4.7913,9.898,5.5556,20.0,25.409,v_mine
100.0,0.0,dry_high,0.65,medium,119750.0,high_human,1.2,high_max,11.11,4.7979,26.195,5.5556,20.0,25.409,v_mine
100.0,0.0,dry_high,0.65,max_gross,165500.0,low,0.3,low,3.0,3.5199,2.1784,5.5556,20.0,21.5715,v_mine
100.0,0.0,dry_high,0.65,max_gross,165500.0,low,0.3,medium_site,5.56,3.5211,6.0578,5.5556,20.0,21.5715,v_mine
100.0,0.0,dry_high,0.65,max_gross,165500.0,low,0.3,high_max,11.11,3.5259,20.8368,5.5556,20.0,21.5715,v_mine
100.0,0.0,dry_high,0.65,max_gross,165500.0,nominal,0.45,low,3.0,3.5199,2.6284,5.5556,20.0,22.4048,v_mine
100.0,0.0,dry_high,0.65,max_gross,165500.0,nominal,0.45,medium_site,5.56,3.5211,6.8918,5.5556,20.0,22.4048,v_mine
100.0,0.0,dry_high,0.65,max_gross,165500.0,nominal,0.45,high_max,11.11,3.5259,22.5033,5.5556,20.0,22.4048,v_mine
100.0,0.0,dry_high,0.65,max_gross,165500.0,high_human,1.2,low,3.0,3.5199,4.8784,5.5556,20.0,26.5715,v_mine
100.0,0.0,dry_high,0.65,max_gross,165500.0,high_human,1.2,medium_site,5.56,3.5211,11.0618,5.5556,20.0,26.5715,v_mine
100.0,0.0,dry_high,0.65,max_gross,165500.0,high_human,1.2,high_max,11.11,3.5259,30.8358,5.5556,20.0,26.5715,v_mine
100.0,0.0,moderate,0.45,empty,74000.0,low,0.3,low,3.0,4.6117,1.8758,5.5556,20.0,20.5337,v_mine
100.0,0.0,moderate,0.45,empty,74000.0,low,0.3,medium_site,5.56,4.6143,5.0178,5.5556,20.0,20.5337,v_mine
100.0,0.0,moderate,0.45,empty,74000.0,low,0.3,high_max,11.11,4.625,16.677,5.5556,20.0,20.5337,v_mine
100.0,0.0,moderate,0.45,empty,74000.0,nominal,0.45,low,3.0,4.6117,2.3258,5.5556,20.0,21.367,v_mine
100.0,0.0,moderate,0.45,empty,74000.0,nominal,0.45,medium_site,5.56,4.6143,5.8518,5.5556,20.0,21.367,v_mine
100.0,0.0,moderate,0.45,empty,74000.0,nominal,0.45,high_max,11.11,4.625,18.3435,5.5556,20.0,21.367,v_mine
100.0,0.0,moderate,0.45,empty,74000.0,high_human,1.2,low,3.0,4.6117,4.5758,5.5556,20.0,25.5337,v_mine
100.0,0.0,moderate,0.45,empty,74000.0,high_human,1.2,medium_site,5.56,4.6143,10.0218,5.5556,20.0,25.5337,v_mine
100.0,0.0,moderate,0.45,empty,74000.0,high_human,1.2,high_max,11.11,4.625,26.676,5.5556,20.0,25.5337,v_mine
100.0,0.0,moderate,0.45,medium,119750.0,low,0.3,low,3.0,4.6113,1.8759,5.5556,20.0,20.5337,v_mine
100.0,0.0,moderate,0.45,medium,119750.0,low,0.3,medium_site,5.56,4.6129,5.0188,5.5556,20.0,20.5337,v_mine
100.0,0.0,moderate,0.45,medium,119750.0,low,0.3,high_max,11.11,4.6195,16.6928,5.5556,20.0,20.5337,v_mine
100.0,0.0,moderate,0.45,medium,119750.0,nominal,0.45,low,3.0,4.6113,2.3259,5.5556,20.0,21.367,v_mine
100.0,0.0,moderate,0.45,medium,119750.0,nominal,0.45,medium_site,5.56,4.6129,5.8528,5.5556,20.0,21.367,v_mine
100.0,0.0,moderate,0.45,medium,119750.0,nominal,0.45,high_max,11.11,4.6195,18.3593,5.5556,20.0,21.367,v_mine
100.0,0.0,moderate,0.45,medium,119750.0,high_human,1.2,low,3.0,4.6113,4.5759,5.5556,20.0,25.5337,v_mine
100.0,0.0,moderate,0.45,medium,119750.0,high_human,1.2,medium_site,5.56,4.6129,10.0228,5.5556,20.0,25.5337,v_mine
100.0,0.0,moderate,0.45,medium,119750.0,high_human,1.2,high_max,11.11,4.6195,26.6918,5.5556,20.0,25.5337,v_mine
100.0,0.0,moderate,0.45,max_gross,165500.0,low,0.3,low,3.0,3.5199,2.1784,5.5556,20.0,21.5715,v_mine
100.0,0.0,moderate,0.45,max_gross,165500.0,low,0.3,medium_site,5.56,3.5211,6.0578,5.5556,20.0,21.5715,v_mine
100.0,0.0,moderate,0.45,max_gross,165500.0,low,0.3,high_max,11.11,3.5259,20.8368,5.5556,20.0,21.5715,v_mine
100.0,0.0,moderate,0.45,max_gross,165500.0,nominal,0.45,low,3.0,3.5199,2.6284,5.5556,20.0,22.4048,v_mine
100.0,0.0,moderate,0.45,max_gross,165500.0,nominal,0.45,medium_site,5.56,3.5211,6.8918,5.5556,20.0,22.4048,v_mine
100.0,0.0,moderate,0.45,max_gross,165500.0,nominal,0.45,high_max,11.11,3.5259,22.5033,5.5556,20.0,22.4048,v_mine
100.0,0.0,moderate,0.45,max_gross,165500.0,high_human,1.2,low,3.0,3.5199,4.8784,5.5556,20.0,26.5715,v_mine
100.0,0.0,moderate,0.45,max_gross,165500.0,high_human,1.2,medium_site,5.56,3.5211,11.0618,5.5556,20.0,26.5715,v_mine
100.0,0.0,moderate,0.45,max_gross,165500.0,high_human,1.2,high_max,11.11,3.5259,30.8358,5.5556,20.0,26.5715,v_mine
100.0,0.0,wet,0.35,empty,74000.0,low,0.3,low,3.0,3.6307,2.1394,5.5556,20.0,21.4383,v_mine
100.0,0.0,wet,0.35,empty,74000.0,low,0.3,medium_site,5.56,3.6333,5.9222,5.5556,20.0,21.4383,v_mine
100.0,0.0,wet,0.35,empty,74000.0,low,0.3,high_max,11.11,3.644,20.2693,5.5556,20.0,21.4383,v_mine
100.0,0.0,wet,0.35,empty,74000.0,nominal,0.45,low,3.0,3.6307,2.5894,5.5556,20.0,22.2716,v_mine
100.0,0.0,wet,0.35,empty,74000.0,nominal,0.45,medium_site,5.56,3.6333,6.7562,5.5556,20.0,22.2716,v_mine
100.0,0.0,wet,0.35,empty,74000.0,nominal,0.45,high_max,11.11,3.644,21.9358,5.5556,20.0,22.2716,v_mine
100.0,0.0,wet,0.35,empty,74000.0,high_human,1.2,low,3.0,3.6307,4.8394,5.5556,20.0,26.4383,v_mine
100.0,0.0,wet,0.35,empty,74000.0,high_human,1.2,medium_site,5.56,3.6333,10.9262,5.5556,20.0,26.4383,v_mine
100.0,0.0,wet,0.35,empty,74000.0,high_human,1.2,high_max,11.11,3.644,30.2683,5.5556,20.0,26.4383,v_mine
100.0,0.0,wet,0.35,medium,119750.0,low,0.3,low,3.0,3.6303,2.1396,5.5556,20.0,21.4383,v_mine
100.0,0.0,wet,0.35,medium,119750.0,low,0.3,medium_site,5.56,3.6319,5.9238,5.5556,20.0,21.4383,v_mine
100.0,0.0,wet,0.35,medium,119750.0,low,0.3,high_max,11.11,3.6385,20.2948,5.5556,20.0,21.4383,v_mine
100.0,0.0,wet,0.35,medium,119750.0,nominal,0.45,low,3.0,3.6303,2.5896,5.5556,20.0,22.2716,v_mine
100.0,0.0,wet,0.35,medium,119750.0,nominal,0.45,medium_site,5.56,3.6319,6.7578,5.5556,20.0,22.2716,v_mine
100.0,0.0,wet,0.35,medium,119750.0,nominal,0.45,high_max,11.11,3.6385,21.9613,5.5556,20.0,22.2716,v_mine
100.0,0.0,wet,0.35,medium,119750.0,high_human,1.2,low,3.0,3.6303,4.8396,5.5556,20.0,26.4383,v_mine
100.0,0.0,wet,0.35,medium,119750.0,high_human,1.2,medium_site,5.56,3.6319,10.9278,5.5556,20.0,26.4383,v_mine
100.0,0.0,wet,0.35,medium,119750.0,high_human,1.2,high_max,11.11,3.6385,30.2938,5.5556,20.0,26.4383,v_mine
100.0,0.0,wet,0.35,max_gross,165500.0,low,0.3,low,3.0,3.5199,2.1784,5.5556,20.0,21.5715,v_mine
100.0,0.0,wet,0.35,max_gross,165500.0,low,0.3,medium_site,5.56,3.5211,6.0578,5.5556,20.0,21.5715,v_mine
100.0,0.0,wet,0.35,max_gross,165500.0,low,0.3,high_max,11.11,3.5259,20.8368,5.5556,20.0,21.5715,v_mine
100.0,0.0,wet,0.35,max_gross,165500.0,nominal,0.45,low,3.0,3.5199,2.6284,5.5556,20.0,22.4048,v_mine
100.0,0.0,wet,0.35,max_gross,165500.0,nominal,0.45,medium_site,5.56,3.5211,6.8918,5.5556,20.0,22.4048,v_mine
100.0,0.0,wet,0.35,max_gross,165500.0,nominal,0.45,high_max,11.11,3.5259,22.5033,5.5556,20.0,22.4048,v_mine
100.0,0.0,wet,0.35,max_gross,165500.0,high_human,1.2,low,3.0,3.5199,4.8784,5.5556,20.0,26.5715,v_mine
100.0,0.0,wet,0.35,max_gross,165500.0,high_human,1.2,medium_site,5.56,3.5211,11.0618,5.5556,20.0,26.5715,v_mine
100.0,0.0,wet,0.35,max_gross,165500.0,high_human,1.2,high_max,11.11,3.5259,30.8358,5.5556,20.0,26.5715,v_mine
100.0,0.0,low_friction,0.2,empty,74000.0,low,0.3,low,3.0,2.1592,2.9841,5.5556,20.0,24.3371,v_mine
100.0,0.0,low_friction,0.2,empty,74000.0,low,0.3,medium_site,5.56,2.1618,8.818,5.5556,20.0,24.3371,v_mine
100.0,0.0,low_friction,0.2,empty,74000.0,low,0.3,high_max,11.11,2.1725,31.7408,5.5556,20.0,24.3371,v_mine
100.0,0.0,low_friction,0.2,empty,74000.0,nominal,0.45,low,3.0,2.1592,3.4341,5.5556,20.0,25.1704,v_mine
100.0,0.0,low_friction,0.2,empty,74000.0,nominal,0.45,medium_site,5.56,2.1618,9.652,5.5556,20.0,25.1704,v_mine
100.0,0.0,low_friction,0.2,empty,74000.0,nominal,0.45,high_max,11.11,2.1725,33.4073,5.5556,20.0,25.1704,v_mine
100.0,0.0,low_friction,0.2,empty,74000.0,high_human,1.2,low,3.0,2.1592,5.6841,5.5556,20.0,29.3371,v_mine
100.0,0.0,low_friction,0.2,empty,74000.0,high_human,1.2,medium_site,5.56,2.1618,13.822,5.5556,20.0,29.3371,v_mine
100.0,0.0,low_friction,0.2,empty,74000.0,high_human,1.2,high_max,11.11,2.1725,41.7398,5.5556,20.0,29.3371,v_mine
100.0,0.0,low_friction,0.2,medium,119750.0,low,0.3,low,3.0,2.1588,2.9844,5.5556,20.0,24.3371,v_mine
100.0,0.0,low_friction,0.2,medium,119750.0,low,0.3,medium_site,5.56,2.1604,8.8226,5.5556,20.0,24.3371,v_mine
100.0,0.0,low_friction,0.2,medium,119750.0,low,0.3,high_max,11.11,2.167,31.8124,5.5556,20.0,24.3371,v_mine
100.0,0.0,low_friction,0.2,medium,119750.0,nominal,0.45,low,3.0,2.1588,3.4344,5.5556,20.0,25.1704,v_mine
100.0,0.0,low_friction,0.2,medium,119750.0,nominal,0.45,medium_site,5.56,2.1604,9.6566,5.5556,20.0,25.1704,v_mine
100.0,0.0,low_friction,0.2,medium,119750.0,nominal,0.45,high_max,11.11,2.167,33.4789,5.5556,20.0,25.1704,v_mine
100.0,0.0,low_friction,0.2,medium,119750.0,high_human,1.2,low,3.0,2.1588,5.6844,5.5556,20.0,29.3371,v_mine
100.0,0.0,low_friction,0.2,medium,119750.0,high_human,1.2,medium_site,5.56,2.1604,13.8266,5.5556,20.0,29.3371,v_mine
100.0,0.0,low_friction,0.2,medium,119750.0,high_human,1.2,high_max,11.11,2.167,41.8114,5.5556,20.0,29.3371,v_mine
100.0,0.0,low_friction,0.2,max_gross,165500.0,low,0.3,low,3.0,2.1587,2.9846,5.5556,20.0,24.3371,v_mine
100.0,0.0,low_friction,0.2,max_gross,165500.0,low,0.3,medium_site,5.56,2.1598,8.8246,5.5556,20.0,24.3371,v_mine
100.0,0.0,low_friction,0.2,max_gross,165500.0,low,0.3,high_max,11.11,2.1646,31.8446,5.5556,20.0,24.3371,v_mine
100.0,0.0,low_friction,0.2,max_gross,165500.0,nominal,0.45,low,3.0,2.1587,3.4346,5.5556,20.0,25.1704,v_mine
100.0,0.0,low_friction,0.2,max_gross,165500.0,nominal,0.45,medium_site,5.56,2.1598,9.6586,5.5556,20.0,25.1704,v_mine
100.0,0.0,low_friction,0.2,max_gross,165500.0,nominal,0.45,high_max,11.11,2.1646,33.5111,5.5556,20.0,25.1704,v_mine
100.0,0.0,low_friction,0.2,max_gross,165500.0,high_human,1.2,low,3.0,2.1587,5.6846,5.5556,20.0,29.3371,v_mine
100.0,0.0,low_friction,0.2,max_gross,165500.0,high_human,1.2,medium_site,5.56,2.1598,13.8286,5.5556,20.0,29.3371,v_mine
100.0,0.0,low_friction,0.2,max_gross,165500.0,high_human,1.2,high_max,11.11,2.1646,41.8436,5.5556,20.0,29.3371,v_mine
100.0,-5.0,dry_high,0.65,empty,74000.0,low,0.3,low,3.0,6.0757,1.6407,5.5556,20.0,19.7271,v_mine
100.0,-5.0,dry_high,0.65,empty,74000.0,low,0.3,medium_site,5.56,6.0782,4.211,5.5556,20.0,19.7271,v_mine
100.0,-5.0,dry_high,0.65,empty,74000.0,low,0.3,high_max,11.11,6.0889,13.4688,5.5556,20.0,19.7271,v_mine
100.0,-5.0,dry_high,0.65,empty,74000.0,nominal,0.45,low,3.0,6.0757,2.0907,5.5556,20.0,20.5604,v_mine
100.0,-5.0,dry_high,0.65,empty,74000.0,nominal,0.45,medium_site,5.56,6.0782,5.045,5.5556,20.0,20.5604,v_mine
100.0,-5.0,dry_high,0.65,empty,74000.0,nominal,0.45,high_max,11.11,6.0889,15.1353,5.5556,20.0,20.5604,v_mine
100.0,-5.0,dry_high,0.65,empty,74000.0,high_human,1.2,low,3.0,6.0757,4.3407,5.5556,20.0,24.7271,v_mine
100.0,-5.0,dry_high,0.65,empty,74000.0,high_human,1.2,medium_site,5.56,6.0782,9.215,5.5556,20.0,24.7271,v_mine
100.0,-5.0,dry_high,0.65,empty,74000.0,high_human,1.2,high_max,11.11,6.0889,23.4678,5.5556,20.0,24.7271,v_mine
100.0,-5.0,dry_high,0.65,medium,119750.0,low,0.3,low,3.0,4.2996,1.9466,5.5556,20.0,20.7764,v_mine
100.0,-5.0,dry_high,0.65,medium,119750.0,low,0.3,medium_site,5.56,4.3012,5.2616,5.5556,20.0,20.7764,v_mine
100.0,-5.0,dry_high,0.65,medium,119750.0,low,0.3,high_max,11.11,4.3078,17.6596,5.5556,20.0,20.7764,v_mine
100.0,-5.0,dry_high,0.65,medium,119750.0,nominal,0.45,low,3.0,4.2996,2.3966,5.5556,20.0,21.6097,v_mine
100.0,-5.0,dry_high,0.65,medium,119750.0,nominal,0.45,medium_site,5.56,4.3012,6.0956,5.5556,20.0,21.6097,v_mine
100.0,-5.0,dry_high,0.65,medium,119750.0,nominal,0.45,high_max,11.11,4.3078,19.3261,5.5556,20.0,21.6097,v_mine
100.0,-5.0,dry_high,0.65,medium,119750.0,high_human,1.2,low,3.0,4.2996,4.6466,5.5556,20.0,25.7764,v_mine
100.0,-5.0,dry_high,0.65,medium,119750.0,high_human,1.2,medium_site,5.56,4.3012,10.2656,5.5556,20.0,25.7764,v_mine
100.0,-5.0,dry_high,0.65,medium,119750.0,high_human,1.2,high_max,11.11,4.3078,27.6586,5.5556,20.0,25.7764,v_mine
100.0,-5.0,dry_high,0.65,max_gross,165500.0,low,0.3,low,3.0,3.0298,2.3852,5.5556,20.0,22.2809,v_mine
100.0,-5.0,dry_high,0.65,max_gross,165500.0,low,0.3,medium_site,5.56,3.0309,6.7677,5.5556,20.0,22.2809,v_mine
100.0,-5.0,dry_high,0.65,max_gross,165500.0,low,0.3,high_max,11.11,3.0357,23.6629,5.5556,20.0,22.2809,v_mine
100.0,-5.0,dry_high,0.65,max_gross,165500.0,nominal,0.45,low,3.0,3.0298,2.8352,5.5556,20.0,23.1142,v_mine
100.0,-5.0,dry_high,0.65,max_gross,165500.0,nominal,0.45,medium_site,5.56,3.0309,7.6017,5.5556,20.0,23.1142,v_mine
100.0,-5.0,dry_high,0.65,max_gross,165500.0,nominal,0.45,high_max,11.11,3.0357,25.3294,5.5556,20.0,23.1142,v_mine
100.0,-5.0,dry_high,0.65,max_gross,165500.0,high_human,1.2,low,3.0,3.0298,5.0852,5.5556,20.0,27.2809,v_mine
100.0,-5.0,dry_high,0.65,max_gross,165500.0,high_human,1.2,medium_site,5.56,3.0309,11.7717,5.5556,20.0,27.2809,v_mine
100.0,-5.0,dry_high,0.65,max_gross,165500.0,high_human,1.2,high_max,11.11,3.0357,33.6619,5.5556,20.0,27.2809,v_mine
100.0,-5.0,moderate,0.45,empty,74000.0,low,0.3,low,3.0,4.1161,1.9933,5.5556,20.0,20.9368,v_mine
100.0,-5.0,moderate,0.45,empty,74000.0,low,0.3,medium_site,5.56,4.1186,5.4209,5.5556,20.0,20.9368,v_mine
100.0,-5.0,moderate,0.45,empty,74000.0,low,0.3,high_max,11.11,4.1294,18.2787,5.5556,20.0,20.9368,v_mine
100.0,-5.0,moderate,0.45,empty,74000.0,nominal,0.45,low,3.0,4.1161,2.4433,5.5556,20.0,21.7702,v_mine
100.0,-5.0,moderate,0.45,empty,74000.0,nominal,0.45,medium_site,5.56,4.1186,6.2549,5.5556,20.0,21.7702,v_mine
100.0,-5.0,moderate,0.45,empty,74000.0,nominal,0.45,high_max,11.11,4.1294,19.9452,5.5556,20.0,21.7702,v_mine
100.0,-5.0,moderate,0.45,empty,74000.0,high_human,1.2,low,3.0,4.1161,4.6933,5.5556,20.0,25.9368,v_mine
100.0,-5.0,moderate,0.45,empty,74000.0,high_human,1.2,medium_site,5.56,4.1186,10.4249,5.5556,20.0,25.9368,v_mine
100.0,-5.0,moderate,0.45,empty,74000.0,high_human,1.2,high_max,11.11,4.1294,28.2777,5.5556,20.0,25.9368,v_mine
100.0,-5.0,moderate,0.45,medium,119750.0,low,0.3,low,3.0,4.1157,1.9934,5.5556,20.0,20.9368,v_mine
100.0,-5.0,moderate,0.45,medium,119750.0,low,0.3,medium_site,5.56,4.1173,5.4221,5.5556,20.0,20.9368,v_mine
100.0,-5.0,moderate,0.45,medium,119750.0,low,0.3,high_max,11.11,4.1239,18.2985,5.5556,20.0,20.9368,v_mine
100.0,-5.0,moderate,0.45,medium,119750.0,nominal,0.45,low,3.0,4.1157,2.4434,5.5556,20.0,21.7702,v_mine
100.0,-5.0,moderate,0.45,medium,119750.0,nominal,0.45,medium_site,5.56,4.1173,6.2561,5.5556,20.0,21.7702,v_mine
100.0,-5.0,moderate,0.45,medium,119750.0,nominal,0.45,high_max,11.11,4.1239,19.965,5.5556,20.0,21.7702,v_mine
100.0,-5.0,moderate,0.45,medium,119750.0,high_human,1.2,low,3.0,4.1157,4.6934,5.5556,20.0,25.9368,v_mine
100.0,-5.0,moderate,0.45,medium,119750.0,high_human,1.2,medium_site,5.56,4.1173,10.4261,5.5556,20.0,25.9368,v_mine
100.0,-5.0,moderate,0.45,medium,119750.0,high_human,1.2,high_max,11.11,4.1239,28.2975,5.5556,20.0,25.9368,v_mine
100.0,-5.0,moderate,0.45,max_gross,165500.0,low,0.3,low,3.0,3.0298,2.3852,5.5556,20.0,22.2809,v_mine
100.0,-5.0,moderate,0.45,max_gross,165500.0,low,0.3,medium_site,5.56,3.0309,6.7677,5.5556,20.0,22.2809,v_mine
100.0,-5.0,moderate,0.45,max_gross,165500.0,low,0.3,high_max,11.11,3.0357,23.6629,5.5556,20.0,22.2809,v_mine
100.0,-5.0,moderate,0.45,max_gross,165500.0,nominal,0.45,low,3.0,3.0298,2.8352,5.5556,20.0,23.1142,v_mine
100.0,-5.0,moderate,0.45,max_gross,165500.0,nominal,0.45,medium_site,5.56,3.0309,7.6017,5.5556,20.0,23.1142,v_mine
100.0,-5.0,moderate,0.45,max_gross,165500.0,nominal,0.45,high_max,11.11,3.0357,25.3294,5.5556,20.0,23.1142,v_mine
100.0,-5.0,moderate,0.45,max_gross,165500.0,high_human,1.2,low,3.0,3.0298,5.0852,5.5556,20.0,27.2809,v_mine
100.0,-5.0,moderate,0.45,max_gross,165500.0,high_human,1.2,medium_site,5.56,3.0309,11.7717,5.5556,20.0,27.2809,v_mine
100.0,-5.0,moderate,0.45,max_gross,165500.0,high_human,1.2,high_max,11.11,3.0357,33.6619,5.5556,20.0,27.2809,v_mine
100.0,-5.0,wet,0.35,empty,74000.0,low,0.3,low,3.0,3.1363,2.3348,5.5556,20.0,22.1087,v_mine
100.0,-5.0,wet,0.35,empty,74000.0,low,0.3,medium_site,5.56,3.1389,6.5923,5.5556,20.0,22.1087,v_mine
100.0,-5.0,wet,0.35,empty,74000.0,low,0.3,high_max,11.11,3.1496,22.928,5.5556,20.0,22.1087,v_mine
100.0,-5.0,wet,0.35,empty,74000.0,nominal,0.45,low,3.0,3.1363,2.7848,5.5556,20.0,22.9421,v_mine
100.0,-5.0,wet,0.35,empty,74000.0,nominal,0.45,medium_site,5.56,3.1389,7.4263,5.5556,20.0,22.9421,v_mine
100.0,-5.0,wet,0.35,empty,74000.0,nominal,0.45,high_max,11.11,3.1496,24.5945,5.5556,20.0,22.9421,v_mine
100.0,-5.0,wet,0.35,empty,74000.0,high_human,1.2,low,3.0,3.1363,5.0348,5.5556,20.0,27.1087,v_mine
100.0,-5.0,wet,0.35,empty,74000.0,high_human,1.2,medium_site,5.56,3.1389,11.5963,5.5556,20.0,27.1087,v_mine
100.0,-5.0,wet,0.35,empty,74000.0,high_human,1.2,high_max,11.11,3.1496,32.927,5.5556,20.0,27.1087,v_mine
100.0,-5.0,wet,0.35,medium,119750.0,low,0.3,low,3.0,3.1359,2.335,5.5556,20.0,22.1087,v_mine
100.0,-5.0,wet,0.35,medium,119750.0,low,0.3,medium_site,5.56,3.1375,6.5945,5.5556,20.0,22.1087,v_mine
100.0,-5.0,wet,0.35,medium,119750.0,low,0.3,high_max,11.11,3.1441,22.962,5.5556,20.0,22.1087,v_mine
100.0,-5.0,wet,0.35,medium,119750.0,nominal,0.45,low,3.0,3.1359,2.785,5.5556,20.0,22.9421,v_mine
100.0,-5.0,wet,0.35,medium,119750.0,nominal,0.45,medium_site,5.56,3.1375,7.4285,5.5556,20.0,22.9421,v_mine
100.0,-5.0,wet,0.35,medium,119750.0,nominal,0.45,high_max,11.11,3.1441,24.6285,5.5556,20.0,22.9421,v_mine
100.0,-5.0,wet,0.35,medium,119750.0,high_human,1.2,low,3.0,3.1359,5.035,5.5556,20.0,27.1087,v_mine
100.0,-5.0,wet,0.35,medium,119750.0,high_human,1.2,medium_site,5.56,3.1375,11.5985,5.5556,20.0,27.1087,v_mine
100.0,-5.0,wet,0.35,medium,119750.0,high_human,1.2,high_max,11.11,3.1441,32.961,5.5556,20.0,27.1087,v_mine
100.0,-5.0,wet,0.35,max_gross,165500.0,low,0.3,low,3.0,3.0298,2.3852,5.5556,20.0,22.2809,v_mine
100.0,-5.0,wet,0.35,max_gross,165500.0,low,0.3,medium_site,5.56,3.0309,6.7677,5.5556,20.0,22.2809,v_mine
100.0,-5.0,wet,0.35,max_gross,165500.0,low,0.3,high_max,11.11,3.0357,23.6629,5.5556,20.0,22.2809,v_mine
100.0,-5.0,wet,0.35,max_gross,165500.0,nominal,0.45,low,3.0,3.0298,2.8352,5.5556,20.0,23.1142,v_mine
100.0,-5.0,wet,0.35,max_gross,165500.0,nominal,0.45,medium_site,5.56,3.0309,7.6017,5.5556,20.0,23.1142,v_mine
100.0,-5.0,wet,0.35,max_gross,165500.0,nominal,0.45,high_max,11.11,3.0357,25.3294,5.5556,20.0,23.1142,v_mine
100.0,-5.0,wet,0.35,max_gross,165500.0,high_human,1.2,low,3.0,3.0298,5.0852,5.5556,20.0,27.2809,v_mine
100.0,-5.0,wet,0.35,max_gross,165500.0,high_human,1.2,medium_site,5.56,3.0309,11.7717,5.5556,20.0,27.2809,v_mine
100.0,-5.0,wet,0.35,max_gross,165500.0,high_human,1.2,high_max,11.11,3.0357,33.6619,5.5556,20.0,27.2809,v_mine
100.0,-5.0,low_friction,0.2,empty,74000.0,low,0.3,low,3.0,1.6667,3.6,5.5556,20.0,26.4517,v_mine
100.0,-5.0,low_friction,0.2,empty,74000.0,low,0.3,medium_site,5.56,1.6692,10.928,5.5556,20.0,26.4517,v_mine
100.0,-5.0,low_friction,0.2,empty,74000.0,low,0.3,high_max,11.11,1.6799,40.0704,5.5556,20.0,26.4517,v_mine
100.0,-5.0,low_friction,0.2,empty,74000.0,nominal,0.45,low,3.0,1.6667,4.05,5.5556,20.0,27.2851,v_mine
100.0,-5.0,low_friction,0.2,empty,74000.0,nominal,0.45,medium_site,5.56,1.6692,11.762,5.5556,20.0,27.2851,v_mine
100.0,-5.0,low_friction,0.2,empty,74000.0,nominal,0.45,high_max,11.11,1.6799,41.7369,5.5556,20.0,27.2851,v_mine
100.0,-5.0,low_friction,0.2,empty,74000.0,high_human,1.2,low,3.0,1.6667,6.3,5.5556,20.0,31.4517,v_mine
100.0,-5.0,low_friction,0.2,empty,74000.0,high_human,1.2,medium_site,5.56,1.6692,15.932,5.5556,20.0,31.4517,v_mine
100.0,-5.0,low_friction,0.2,empty,74000.0,high_human,1.2,high_max,11.11,1.6799,50.0694,5.5556,20.0,31.4517,v_mine
100.0,-5.0,low_friction,0.2,medium,119750.0,low,0.3,low,3.0,1.6663,3.6007,5.5556,20.0,26.4517,v_mine
100.0,-5.0,low_friction,0.2,medium,119750.0,low,0.3,medium_site,5.56,1.6678,10.9356,5.5556,20.0,26.4517,v_mine
100.0,-5.0,low_friction,0.2,medium,119750.0,low,0.3,high_max,11.11,1.6745,40.1903,5.5556,20.0,26.4517,v_mine
100.0,-5.0,low_friction,0.2,medium,119750.0,nominal,0.45,low,3.0,1.6663,4.0507,5.5556,20.0,27.2851,v_mine
100.0,-5.0,low_friction,0.2,medium,119750.0,nominal,0.45,medium_site,5.56,1.6678,11.7696,5.5556,20.0,27.2851,v_mine
100.0,-5.0,low_friction,0.2,medium,119750.0,nominal,0.45,high_max,11.11,1.6745,41.8568,5.5556,20.0,27.2851,v_mine
100.0,-5.0,low_friction,0.2,medium,119750.0,high_human,1.2,low,3.0,1.6663,6.3007,5.5556,20.0,31.4517,v_mine
100.0,-5.0,low_friction,0.2,medium,119750.0,high_human,1.2,medium_site,5.56,1.6678,15.9396,5.5556,20.0,31.4517,v_mine
100.0,-5.0,low_friction,0.2,medium,119750.0,high_human,1.2,high_max,11.11,1.6745,50.1893,5.5556,20.0,31.4517,v_mine
100.0,-5.0,low_friction,0.2,max_gross,165500.0,low,0.3,low,3.0,1.6661,3.6009,5.5556,20.0,26.4517,v_mine
100.0,-5.0,low_friction,0.2,max_gross,165500.0,low,0.3,medium_site,5.56,1.6672,10.939,5.5556,20.0,26.4517,v_mine
100.0,-5.0,low_friction,0.2,max_gross,165500.0,low,0.3,high_max,11.11,1.672,40.2442,5.5556,20.0,26.4517,v_mine
100.0,-5.0,low_friction,0.2,max_gross,165500.0,nominal,0.45,low,3.0,1.6661,4.0509,5.5556,20.0,27.2851,v_mine
100.0,-5.0,low_friction,0.2,max_gross,165500.0,nominal,0.45,medium_site,5.56,1.6672,11.773,5.5556,20.0,27.2851,v_mine
100.0,-5.0,low_friction,0.2,max_gross,165500.0,nominal,0.45,high_max,11.11,1.672,41.9107,5.5556,20.0,27.2851,v_mine
100.0,-5.0,low_friction,0.2,max_gross,165500.0,high_human,1.2,low,3.0,1.6661,6.3009,5.5556,20.0,31.4517,v_mine
100.0,-5.0,low_friction,0.2,max_gross,165500.0,high_human,1.2,medium_site,5.56,1.6672,15.943,5.5556,20.0,31.4517,v_mine
100.0,-5.0,low_friction,0.2,max_gross,165500.0,high_human,1.2,high_max,11.11,1.672,50.2432,5.5556,20.0,31.4517,v_mine
100.0,-8.0,dry_high,0.65,empty,74000.0,low,0.3,low,3.0,5.7705,1.6798,5.5556,20.0,19.8615,v_mine
100.0,-8.0,dry_high,0.65,empty,74000.0,low,0.3,medium_site,5.56,5.773,4.3454,5.5556,20.0,19.8615,v_mine
100.0,-8.0,dry_high,0.65,empty,74000.0,low,0.3,high_max,11.11,5.7838,14.0036,5.5556,20.0,19.8615,v_mine
100.0,-8.0,dry_high,0.65,empty,74000.0,nominal,0.45,low,3.0,5.7705,2.1298,5.5556,20.0,20.6948,v_mine
100.0,-8.0,dry_high,0.65,empty,74000.0,nominal,0.45,medium_site,5.56,5.773,5.1794,5.5556,20.0,20.6948,v_mine
100.0,-8.0,dry_high,0.65,empty,74000.0,nominal,0.45,high_max,11.11,5.7838,15.6701,5.5556,20.0,20.6948,v_mine
100.0,-8.0,dry_high,0.65,empty,74000.0,high_human,1.2,low,3.0,5.7705,4.3798,5.5556,20.0,24.8615,v_mine
100.0,-8.0,dry_high,0.65,empty,74000.0,high_human,1.2,medium_site,5.56,5.773,9.3494,5.5556,20.0,24.8615,v_mine
100.0,-8.0,dry_high,0.65,empty,74000.0,high_human,1.2,high_max,11.11,5.7838,24.0026,5.5556,20.0,24.8615,v_mine
100.0,-8.0,dry_high,0.65,medium,119750.0,low,0.3,low,3.0,4.0068,2.0231,5.5556,20.0,21.0387,v_mine
100.0,-8.0,dry_high,0.65,medium,119750.0,low,0.3,medium_site,5.56,4.0084,5.5241,5.5556,20.0,21.0387,v_mine
100.0,-8.0,dry_high,0.65,medium,119750.0,low,0.3,high_max,11.11,4.015,18.7043,5.5556,20.0,21.0387,v_mine
100.0,-8.0,dry_high,0.65,medium,119750.0,nominal,0.45,low,3.0,4.0068,2.4731,5.5556,20.0,21.8721,v_mine
100.0,-8.0,dry_high,0.65,medium,119750.0,nominal,0.45,medium_site,5.56,4.0084,6.3581,5.5556,20.0,21.8721,v_mine
100.0,-8.0,dry_high,0.65,medium,119750.0,nominal,0.45,high_max,11.11,4.015,20.3708,5.5556,20.0,21.8721,v_mine
100.0,-8.0,dry_high,0.65,medium,119750.0,high_human,1.2,low,3.0,4.0068,4.7231,5.5556,20.0,26.0387,v_mine
100.0,-8.0,dry_high,0.65,medium,119750.0,high_human,1.2,medium_site,5.56,4.0084,10.5281,5.5556,20.0,26.0387,v_mine
100.0,-8.0,dry_high,0.65,medium,119750.0,high_human,1.2,high_max,11.11,4.015,28.7033,5.5556,20.0,26.0387,v_mine
100.0,-8.0,dry_high,0.65,max_gross,165500.0,low,0.3,low,3.0,2.737,2.5441,5.5556,20.0,22.8259,v_mine
100.0,-8.0,dry_high,0.65,max_gross,165500.0,low,0.3,medium_site,5.56,2.7381,7.313,5.5556,20.0,22.8259,v_mine
100.0,-8.0,dry_high,0.65,max_gross,165500.0,low,0.3,high_max,11.11,2.7429,25.833,5.5556,20.0,22.8259,v_mine
100.0,-8.0,dry_high,0.65,max_gross,165500.0,nominal,0.45,low,3.0,2.737,2.9941,5.5556,20.0,23.6593,v_mine
100.0,-8.0,dry_high,0.65,max_gross,165500.0,nominal,0.45,medium_site,5.56,2.7381,8.147,5.5556,20.0,23.6593,v_mine
100.0,-8.0,dry_high,0.65,max_gross,165500.0,nominal,0.45,high_max,11.11,2.7429,27.4995,5.5556,20.0,23.6593,v_mine
100.0,-8.0,dry_high,0.65,max_gross,165500.0,high_human,1.2,low,3.0,2.737,5.2441,5.5556,20.0,27.8259,v_mine
100.0,-8.0,dry_high,0.65,max_gross,165500.0,high_human,1.2,medium_site,5.56,2.7381,12.317,5.5556,20.0,27.8259,v_mine
100.0,-8.0,dry_high,0.65,max_gross,165500.0,high_human,1.2,high_max,11.11,2.7429,35.832,5.5556,20.0,27.8259,v_mine
100.0,-8.0,moderate,0.45,empty,74000.0,low,0.3,low,3.0,3.8148,2.0796,5.5556,20.0,21.2331,v_mine
100.0,-8.0,moderate,0.45,empty,74000.0,low,0.3,medium_site,5.56,3.8173,5.7171,5.5556,20.0,21.2331,v_mine
100.0,-8.0,moderate,0.45,empty,74000.0,low,0.3,high_max,11.11,3.828,19.4552,5.5556,20.0,21.2331,v_mine
100.0,-8.0,moderate,0.45,empty,74000.0,nominal,0.45,low,3.0,3.8148,2.5296,5.5556,20.0,22.0665,v_mine
100.0,-8.0,moderate,0.45,empty,74000.0,nominal,0.45,medium_site,5.56,3.8173,6.5511,5.5556,20.0,22.0665,v_mine
100.0,-8.0,moderate,0.45,empty,74000.0,nominal,0.45,high_max,11.11,3.828,21.1217,5.5556,20.0,22.0665,v_mine
100.0,-8.0,moderate,0.45,empty,74000.0,high_human,1.2,low,3.0,3.8148,4.7796,5.5556,20.0,26.2331,v_mine
100.0,-8.0,moderate,0.45,empty,74000.0,high_human,1.2,medium_site,5.56,3.8173,10.7211,5.5556,20.0,26.2331,v_mine
100.0,-8.0,moderate,0.45,empty,74000.0,high_human,1.2,high_max,11.11,3.828,29.4542,5.5556,20.0,26.2331,v_mine
100.0,-8.0,moderate,0.45,medium,119750.0,low,0.3,low,3.0,3.8144,2.0798,5.5556,20.0,21.2331,v_mine
100.0,-8.0,moderate,0.45,medium,119750.0,low,0.3,medium_site,5.56,3.8159,5.7186,5.5556,20.0,21.2331,v_mine
100.0,-8.0,moderate,0.45,medium,119750.0,low,0.3,high_max,11.11,3.8226,19.4782,5.5556,20.0,21.2331,v_mine
100.0,-8.0,moderate,0.45,medium,119750.0,nominal,0.45,low,3.0,3.8144,2.5298,5.5556,20.0,22.0665,v_mine
100.0,-8.0,moderate,0.45,medium,119750.0,nominal,0.45,medium_site,5.56,3.8159,6.5526,5.5556,20.0,22.0665,v_mine
100.0,-8.0,moderate,0.45,medium,119750.0,nominal,0.45,high_max,11.11,3.8226,21.1447,5.5556,20.0,22.0665,v_mine
100.0,-8.0,moderate,0.45,medium,119750.0,high_human,1.2,low,3.0,3.8144,4.7798,5.5556,20.0,26.2331,v_mine
100.0,-8.0,moderate,0.45,medium,119750.0,high_human,1.2,medium_site,5.56,3.8159,10.7226,5.5556,20.0,26.2331,v_mine
100.0,-8.0,moderate,0.45,medium,119750.0,high_human,1.2,high_max,11.11,3.8226,29.4772,5.5556,20.0,26.2331,v_mine
100.0,-8.0,moderate,0.45,max_gross,165500.0,low,0.3,low,3.0,2.737,2.5441,5.5556,20.0,22.8259,v_mine
100.0,-8.0,moderate,0.45,max_gross,165500.0,low,0.3,medium_site,5.56,2.7381,7.313,5.5556,20.0,22.8259,v_mine
100.0,-8.0,moderate,0.45,max_gross,165500.0,low,0.3,high_max,11.11,2.7429,25.833,5.5556,20.0,22.8259,v_mine
100.0,-8.0,moderate,0.45,max_gross,165500.0,nominal,0.45,low,3.0,2.737,2.9941,5.5556,20.0,23.6593,v_mine
100.0,-8.0,moderate,0.45,max_gross,165500.0,nominal,0.45,medium_site,5.56,2.7381,8.147,5.5556,20.0,23.6593,v_mine
100.0,-8.0,moderate,0.45,max_gross,165500.0,nominal,0.45,high_max,11.11,2.7429,27.4995,5.5556,20.0,23.6593,v_mine
100.0,-8.0,moderate,0.45,max_gross,165500.0,high_human,1.2,low,3.0,2.737,5.2441,5.5556,20.0,27.8259,v_mine
100.0,-8.0,moderate,0.45,max_gross,165500.0,high_human,1.2,medium_site,5.56,2.7381,12.317,5.5556,20.0,27.8259,v_mine
100.0,-8.0,moderate,0.45,max_gross,165500.0,high_human,1.2,high_max,11.11,2.7429,35.832,5.5556,20.0,27.8259,v_mine
100.0,-8.0,wet,0.35,empty,74000.0,low,0.3,low,3.0,2.8369,2.4862,5.5556,20.0,22.6285,v_mine
100.0,-8.0,wet,0.35,empty,74000.0,low,0.3,medium_site,5.56,2.8394,7.1116,5.5556,20.0,22.6285,v_mine
100.0,-8.0,wet,0.35,empty,74000.0,low,0.3,high_max,11.11,2.8501,24.9867,5.5556,20.0,22.6285,v_mine
100.0,-8.0,wet,0.35,empty,74000.0,nominal,0.45,low,3.0,2.8369,2.9362,5.5556,20.0,23.4618,v_mine
100.0,-8.0,wet,0.35,empty,74000.0,nominal,0.45,medium_site,5.56,2.8394,7.9456,5.5556,20.0,23.4618,v_mine
100.0,-8.0,wet,0.35,empty,74000.0,nominal,0.45,high_max,11.11,2.8501,26.6532,5.5556,20.0,23.4618,v_mine
100.0,-8.0,wet,0.35,empty,74000.0,high_human,1.2,low,3.0,2.8369,5.1862,5.5556,20.0,27.6285,v_mine
100.0,-8.0,wet,0.35,empty,74000.0,high_human,1.2,medium_site,5.56,2.8394,12.1156,5.5556,20.0,27.6285,v_mine
100.0,-8.0,wet,0.35,empty,74000.0,high_human,1.2,high_max,11.11,2.8501,34.9857,5.5556,20.0,27.6285,v_mine
100.0,-8.0,wet,0.35,medium,119750.0,low,0.3,low,3.0,2.8365,2.4865,5.5556,20.0,22.6285,v_mine
100.0,-8.0,wet,0.35,medium,119750.0,low,0.3,medium_site,5.56,2.8381,7.1143,5.5556,20.0,22.6285,v_mine
100.0,-8.0,wet,0.35,medium,119750.0,low,0.3,high_max,11.11,2.8447,25.0283,5.5556,20.0,22.6285,v_mine
100.0,-8.0,wet,0.35,medium,119750.0,nominal,0.45,low,3.0,2.8365,2.9365,5.5556,20.0,23.4618,v_mine
100.0,-8.0,wet,0.35,medium,119750.0,nominal,0.45,medium_site,5.56,2.8381,7.9483,5.5556,20.0,23.4618,v_mine
100.0,-8.0,wet,0.35,medium,119750.0,nominal,0.45,high_max,11.11,2.8447,26.6948,5.5556,20.0,23.4618,v_mine
100.0,-8.0,wet,0.35,medium,119750.0,high_human,1.2,low,3.0,2.8365,5.1865,5.5556,20.0,27.6285,v_mine
100.0,-8.0,wet,0.35,medium,119750.0,high_human,1.2,medium_site,5.56,2.8381,12.1183,5.5556,20.0,27.6285,v_mine
100.0,-8.0,wet,0.35,medium,119750.0,high_human,1.2,high_max,11.11,2.8447,35.0273,5.5556,20.0,27.6285,v_mine
100.0,-8.0,wet,0.35,max_gross,165500.0,low,0.3,low,3.0,2.737,2.5441,5.5556,20.0,22.8259,v_mine
100.0,-8.0,wet,0.35,max_gross,165500.0,low,0.3,medium_site,5.56,2.7381,7.313,5.5556,20.0,22.8259,v_mine
100.0,-8.0,wet,0.35,max_gross,165500.0,low,0.3,high_max,11.11,2.7429,25.833,5.5556,20.0,22.8259,v_mine
100.0,-8.0,wet,0.35,max_gross,165500.0,nominal,0.45,low,3.0,2.737,2.9941,5.5556,20.0,23.6593,v_mine
100.0,-8.0,wet,0.35,max_gross,165500.0,nominal,0.45,medium_site,5.56,2.7381,8.147,5.5556,20.0,23.6593,v_mine
100.0,-8.0,wet,0.35,max_gross,165500.0,nominal,0.45,high_max,11.11,2.7429,27.4995,5.5556,20.0,23.6593,v_mine
100.0,-8.0,wet,0.35,max_gross,165500.0,high_human,1.2,low,3.0,2.737,5.2441,5.5556,20.0,27.8259,v_mine
100.0,-8.0,wet,0.35,max_gross,165500.0,high_human,1.2,medium_site,5.56,2.7381,12.317,5.5556,20.0,27.8259,v_mine
100.0,-8.0,wet,0.35,max_gross,165500.0,high_human,1.2,high_max,11.11,2.7429,35.832,5.5556,20.0,27.8259,v_mine
100.0,-8.0,low_friction,0.2,empty,74000.0,low,0.3,low,3.0,1.3701,4.1845,5.5556,20.0,28.459,v_mine
100.0,-8.0,low_friction,0.2,empty,74000.0,low,0.3,medium_site,5.56,1.3726,12.9289,5.5556,20.0,28.459,v_mine
100.0,-8.0,low_friction,0.2,empty,74000.0,low,0.3,high_max,11.11,1.3833,47.9471,5.5556,20.0,28.459,v_mine
100.0,-8.0,low_friction,0.2,empty,74000.0,nominal,0.45,low,3.0,1.3701,4.6345,5.5556,20.0,29.2923,v_mine
100.0,-8.0,low_friction,0.2,empty,74000.0,nominal,0.45,medium_site,5.56,1.3726,13.7629,5.5556,20.0,29.2923,v_mine
100.0,-8.0,low_friction,0.2,empty,74000.0,nominal,0.45,high_max,11.11,1.3833,49.6136,5.5556,20.0,29.2923,v_mine
100.0,-8.0,low_friction,0.2,empty,74000.0,high_human,1.2,low,3.0,1.3701,6.8845,5.5556,20.0,33.459,v_mine
100.0,-8.0,low_friction,0.2,empty,74000.0,high_human,1.2,medium_site,5.56,1.3726,17.9329,5.5556,20.0,33.459,v_mine
100.0,-8.0,low_friction,0.2,empty,74000.0,high_human,1.2,high_max,11.11,1.3833,57.9461,5.5556,20.0,33.459,v_mine
100.0,-8.0,low_friction,0.2,medium,119750.0,low,0.3,low,3.0,1.3697,4.1855,5.5556,20.0,28.459,v_mine
100.0,-8.0,low_friction,0.2,medium,119750.0,low,0.3,medium_site,5.56,1.3712,12.9401,5.5556,20.0,28.459,v_mine
100.0,-8.0,low_friction,0.2,medium,119750.0,low,0.3,high_max,11.11,1.3779,48.1241,5.5556,20.0,28.459,v_mine
100.0,-8.0,low_friction,0.2,medium,119750.0,nominal,0.45,low,3.0,1.3697,4.6355,5.5556,20.0,29.2923,v_mine
100.0,-8.0,low_friction,0.2,medium,119750.0,nominal,0.45,medium_site,5.56,1.3712,13.7741,5.5556,20.0,29.2923,v_mine
100.0,-8.0,low_friction,0.2,medium,119750.0,nominal,0.45,high_max,11.11,1.3779,49.7906,5.5556,20.0,29.2923,v_mine
100.0,-8.0,low_friction,0.2,medium,119750.0,high_human,1.2,low,3.0,1.3697,6.8855,5.5556,20.0,33.459,v_mine
100.0,-8.0,low_friction,0.2,medium,119750.0,high_human,1.2,medium_site,5.56,1.3712,17.9441,5.5556,20.0,33.459,v_mine
100.0,-8.0,low_friction,0.2,medium,119750.0,high_human,1.2,high_max,11.11,1.3779,58.1231,5.5556,20.0,33.459,v_mine
100.0,-8.0,low_friction,0.2,max_gross,165500.0,low,0.3,low,3.0,1.3695,4.1859,5.5556,20.0,28.459,v_mine
100.0,-8.0,low_friction,0.2,max_gross,165500.0,low,0.3,medium_site,5.56,1.3706,12.9452,5.5556,20.0,28.459,v_mine
100.0,-8.0,low_friction,0.2,max_gross,165500.0,low,0.3,high_max,11.11,1.3754,48.2036,5.5556,20.0,28.459,v_mine
100.0,-8.0,low_friction,0.2,max_gross,165500.0,nominal,0.45,low,3.0,1.3695,4.6359,5.5556,20.0,29.2923,v_mine
100.0,-8.0,low_friction,0.2,max_gross,165500.0,nominal,0.45,medium_site,5.56,1.3706,13.7792,5.5556,20.0,29.2923,v_mine
100.0,-8.0,low_friction,0.2,max_gross,165500.0,nominal,0.45,high_max,11.11,1.3754,49.8701,5.5556,20.0,29.2923,v_mine
100.0,-8.0,low_friction,0.2,max_gross,165500.0,high_human,1.2,low,3.0,1.3695,6.8859,5.5556,20.0,33.459,v_mine
100.0,-8.0,low_friction,0.2,max_gross,165500.0,high_human,1.2,medium_site,5.56,1.3706,17.9492,5.5556,20.0,33.459,v_mine
100.0,-8.0,low_friction,0.2,max_gross,165500.0,high_human,1.2,high_max,11.11,1.3754,58.2026,5.5556,20.0,33.459,v_mine
50.0,8.0,dry_high,0.65,empty,74000.0,low,0.3,low,3.0,7.3351,1.5135,5.5556,20.0,19.2908,v_mine
50.0,8.0,dry_high,0.65,empty,74000.0,low,0.3,medium_site,5.56,7.3377,3.7745,5.5556,20.0,19.2908,v_mine
50.0,8.0,dry_high,0.65,empty,74000.0,low,0.3,high_max,11.11,7.3484,11.7316,5.5556,20.0,19.2908,v_mine
50.0,8.0,dry_high,0.65,empty,74000.0,nominal,0.45,low,3.0,7.3351,1.9635,5.5556,20.0,20.1242,v_mine
50.0,8.0,dry_high,0.65,empty,74000.0,nominal,0.45,medium_site,5.56,7.3377,4.6085,5.5556,20.0,20.1242,v_mine
50.0,8.0,dry_high,0.65,empty,74000.0,nominal,0.45,high_max,11.11,7.3484,13.3981,5.5556,20.0,20.1242,v_mine
50.0,8.0,dry_high,0.65,empty,74000.0,high_human,1.2,low,3.0,7.3351,4.2135,5.5556,20.0,24.2908,v_mine
50.0,8.0,dry_high,0.65,empty,74000.0,high_human,1.2,medium_site,5.56,7.3377,8.7785,5.5556,20.0,24.2908,v_mine
50.0,8.0,dry_high,0.65,empty,74000.0,high_human,1.2,high_max,11.11,7.3484,21.7306,5.5556,20.0,24.2908,v_mine
50.0,8.0,dry_high,0.65,medium,119750.0,low,0.3,low,3.0,5.5714,1.7077,5.5556,20.0,19.9569,v_mine
50.0,8.0,dry_high,0.65,medium,119750.0,low,0.3,medium_site,5.56,5.573,4.4415,5.5556,20.0,19.9569,v_mine
50.0,8.0,dry_high,0.65,medium,119750.0,low,0.3,high_max,11.11,5.5796,14.394,5.5556,20.0,19.9569,v_mine
50.0,8.0,dry_high,0.65,medium,119750.0,nominal,0.45,low,3.0,5.5714,2.1577,5.5556,20.0,20.7902,v_mine
50.0,8.0,dry_high,0.65,medium,119750.0,nominal,0.45,medium_site,5.56,5.573,5.2755,5.5556,20.0,20.7902,v_mine
50.0,8.0,dry_high,0.65,medium,119750.0,nominal,0.45,high_max,11.11,5.5796,16.0605,5.5556,20.0,20.7902,v_mine
50.0,8.0,dry_high,0.65,medium,119750.0,high_human,1.2,low,3.0,5.5714,4.4077,5.5556,20.0,24.9569,v_mine
50.0,8.0,dry_high,0.65,medium,119750.0,high_human,1.2,medium_site,5.56,5.573,9.4455,5.5556,20.0,24.9569,v_mine
50.0,8.0,dry_high,0.65,medium,119750.0,high_human,1.2,high_max,11.11,5.5796,24.393,5.5556,20.0,24.9569,v_mine
50.0,8.0,dry_high,0.65,max_gross,165500.0,low,0.3,low,3.0,4.3016,1.9461,5.5556,20.0,20.7746,v_mine
50.0,8.0,dry_high,0.65,max_gross,165500.0,low,0.3,medium_site,5.56,4.3027,5.2603,5.5556,20.0,20.7746,v_mine
50.0,8.0,dry_high,0.65,max_gross,165500.0,low,0.3,high_max,11.11,4.3075,17.6605,5.5556,20.0,20.7746,v_mine
50.0,8.0,dry_high,0.65,max_gross,165500.0,nominal,0.45,low,3.0,4.3016,2.3961,5.5556,20.0,21.6079,v_mine
50.0,8.0,dry_high,0.65,max_gross,165500.0,nominal,0.45,medium_site,5.56,4.3027,6.0943,5.5556,20.0,21.6079,v_mine
50.0,8.0,dry_high,0.65,max_gross,165500.0,nominal,0.45,high_max,11.11,4.3075,19.327,5.5556,20.0,21.6079,v_mine
50.0,8.0,dry_high,0.65,max_gross,165500.0,high_human,1.2,low,3.0,4.3016,4.6461,5.5556,20.0,25.7746,v_mine
50.0,8.0,dry_high,0.65,max_gross,165500.0,high_human,1.2,medium_site,5.56,4.3027,10.2643,5.5556,20.0,25.7746,v_mine
50.0,8.0,dry_high,0.65,max_gross,165500.0,high_human,1.2,high_max,11.11,4.3075,27.6595,5.5556,20.0,25.7746,v_mine
50.0,8.0,moderate,0.45,empty,74000.0,low,0.3,low,3.0,5.3794,1.7365,5.5556,20.0,20.056,v_mine
50.0,8.0,moderate,0.45,empty,74000.0,low,0.3,medium_site,5.56,5.3819,4.54,5.5556,20.0,20.056,v_mine
50.0,8.0,moderate,0.45,empty,74000.0,low,0.3,high_max,11.11,5.3926,14.7775,5.5556,20.0,20.056,v_mine
50.0,8.0,moderate,0.45,empty,74000.0,nominal,0.45,low,3.0,5.3794,2.1865,5.5556,20.0,20.8893,v_mine
50.0,8.0,moderate,0.45,empty,74000.0,nominal,0.45,medium_site,5.56,5.3819,5.374,5.5556,20.0,20.8893,v_mine
50.0,8.0,moderate,0.45,empty,74000.0,nominal,0.45,high_max,11.11,5.3926,16.444,5.5556,20.0,20.8893,v_mine
50.0,8.0,moderate,0.45,empty,74000.0,high_human,1.2,low,3.0,5.3794,4.4365,5.5556,20.0,25.056,v_mine
50.0,8.0,moderate,0.45,empty,74000.0,high_human,1.2,medium_site,5.56,5.3819,9.544,5.5556,20.0,25.056,v_mine
50.0,8.0,moderate,0.45,empty,74000.0,high_human,1.2,high_max,11.11,5.3926,24.7765,5.5556,20.0,25.056,v_mine
50.0,8.0,moderate,0.45,medium,119750.0,low,0.3,low,3.0,5.379,1.7366,5.5556,20.0,20.056,v_mine
50.0,8.0,moderate,0.45,medium,119750.0,low,0.3,medium_site,5.56,5.3805,4.5407,5.5556,20.0,20.056,v_mine
50.0,8.0,moderate,0.45,medium,119750.0,low,0.3,high_max,11.11,5.3872,14.7891,5.5556,20.0,20.056,v_mine
50.0,8.0,moderate,0.45,medium,119750.0,nominal,0.45,low,3.0,5.379,2.1866,5.5556,20.0,20.8893,v_mine
50.0,8.0,moderate,0.45,medium,119750.0,nominal,0.45,medium_site,5.56,5.3805,5.3747,5.5556,20.0,20.8893,v_mine
50.0,8.0,moderate,0.45,medium,119750.0,nominal,0.45,high_max,11.11,5.3872,16.4556,5.5556,20.0,20.8893,v_mine
50.0,8.0,moderate,0.45,medium,119750.0,high_human,1.2,low,3.0,5.379,4.4366,5.5556,20.0,25.056,v_mine
50.0,8.0,moderate,0.45,medium,119750.0,high_human,1.2,medium_site,5.56,5.3805,9.5447,5.5556,20.0,25.056,v_mine
50.0,8.0,moderate,0.45,medium,119750.0,high_human,1.2,high_max,11.11,5.3872,24.7881,5.5556,20.0,25.056,v_mine
50.0,8.0,moderate,0.45,max_gross,165500.0,low,0.3,low,3.0,4.3016,1.9461,5.5556,20.0,20.7746,v_mine
50.0,8.0,moderate,0.45,max_gross,165500.0,low,0.3,medium_site,5.56,4.3027,5.2603,5.5556,20.0,20.7746,v_mine
50.0,8.0,moderate,0.45,max_gross,165500.0,low,0.3,high_max,11.11,4.3075,17.6605,5.5556,20.0,20.7746,v_mine
50.0,8.0,moderate,0.45,max_gross,165500.0,nominal,0.45,low,3.0,4.3016,2.3961,5.5556,20.0,21.6079,v_mine
50.0,8.0,moderate,0.45,max_gross,165500.0,nominal,0.45,medium_site,5.56,4.3027,6.0943,5.5556,20.0,21.6079,v_mine
50.0,8.0,moderate,0.45,max_gross,165500.0,nominal,0.45,high_max,11.11,4.3075,19.327,5.5556,20.0,21.6079,v_mine
50.0,8.0,moderate,0.45,max_gross,165500.0,high_human,1.2,low,3.0,4.3016,4.6461,5.5556,20.0,25.7746,v_mine
50.0,8.0,moderate,0.45,max_gross,165500.0,high_human,1.2,medium_site,5.56,4.3027,10.2643,5.5556,20.0,25.7746,v_mine
50.0,8.0,moderate,0.45,max_gross,165500.0,high_human,1.2,high_max,11.11,4.3075,27.6595,5.5556,20.0,25.7746,v_mine
50.0,8.0,wet,0.35,empty,74000.0,low,0.3,low,3.0,4.4015,1.9224,5.5556,20.0,20.6936,v_mine
50.0,8.0,wet,0.35,empty,74000.0,low,0.3,medium_site,5.56,4.404,5.1777,5.5556,20.0,20.6936,v_mine
50.0,8.0,wet,0.35,empty,74000.0,low,0.3,high_max,11.11,4.4147,17.3125,5.5556,20.0,20.6936,v_mine
50.0,8.0,wet,0.35,empty,74000.0,nominal,0.45,low,3.0,4.4015,2.3724,5.5556,20.0,21.5269,v_mine
50.0,8.0,wet,0.35,empty,74000.0,nominal,0.45,medium_site,5.56,4.404,6.0117,5.5556,20.0,21.5269,v_mine
50.0,8.0,wet,0.35,empty,74000.0,nominal,0.45,high_max,11.11,4.4147,18.979,5.5556,20.0,21.5269,v_mine
50.0,8.0,wet,0.35,empty,74000.0,high_human,1.2,low,3.0,4.4015,4.6224,5.5556,20.0,25.6936,v_mine
50.0,8.0,wet,0.35,empty,74000.0,high_human,1.2,medium_site,5.56,4.404,10.1817,5.5556,20.0,25.6936,v_mine
50.0,8.0,wet,0.35,empty,74000.0,high_human,1.2,high_max,11.11,4.4147,27.3115,5.5556,20.0,25.6936,v_mine
50.0,8.0,wet,0.35,medium,119750.0,low,0.3,low,3.0,4.4011,1.9225,5.5556,20.0,20.6936,v_mine
50.0,8.0,wet,0.35,medium,119750.0,low,0.3,medium_site,5.56,4.4027,5.1788,5.5556,20.0,20.6936,v_mine
50.0,8.0,wet,0.35,medium,119750.0,low,0.3,high_max,11.11,4.4093,17.3299,5.5556,20.0,20.6936,v_mine
50.0,8.0,wet,0.35,medium,119750.0,nominal,0.45,low,3.0,4.4011,2.3725,5.5556,20.0,21.5269,v_mine
50.0,8.0,wet,0.35,medium,119750.0,nominal,0.45,medium_site,5.56,4.4027,6.0128,5.5556,20.0,21.5269,v_mine
50.0,8.0,wet,0.35,medium,119750.0,nominal,0.45,high_max,11.11,4.4093,18.9964,5.5556,20.0,21.5269,v_mine
50.0,8.0,wet,0.35,medium,119750.0,high_human,1.2,low,3.0,4.4011,4.6225,5.5556,20.0,25.6936,v_mine
50.0,8.0,wet,0.35,medium,119750.0,high_human,1.2,medium_site,5.56,4.4027,10.1828,5.5556,20.0,25.6936,v_mine
50.0,8.0,wet,0.35,medium,119750.0,high_human,1.2,high_max,11.11,4.4093,27.3289,5.5556,20.0,25.6936,v_mine
50.0,8.0,wet,0.35,max_gross,165500.0,low,0.3,low,3.0,4.3016,1.9461,5.5556,20.0,20.7746,v_mine
50.0,8.0,wet,0.35,max_gross,165500.0,low,0.3,medium_site,5.56,4.3027,5.2603,5.5556,20.0,20.7746,v_mine
50.0,8.0,wet,0.35,max_gross,165500.0,low,0.3,high_max,11.11,4.3075,17.6605,5.5556,20.0,20.7746,v_mine
50.0,8.0,wet,0.35,max_gross,165500.0,nominal,0.45,low,3.0,4.3016,2.3961,5.5556,20.0,21.6079,v_mine
50.0,8.0,wet,0.35,max_gross,165500.0,nominal,0.45,medium_site,5.56,4.3027,6.0943,5.5556,20.0,21.6079,v_mine
50.0,8.0,wet,0.35,max_gross,165500.0,nominal,0.45,high_max,11.11,4.3075,19.327,5.5556,20.0,21.6079,v_mine
50.0,8.0,wet,0.35,max_gross,165500.0,high_human,1.2,low,3.0,4.3016,4.6461,5.5556,20.0,25.7746,v_mine
50.0,8.0,wet,0.35,max_gross,165500.0,high_human,1.2,medium_site,5.56,4.3027,10.2643,5.5556,20.0,25.7746,v_mine
50.0,8.0,wet,0.35,max_gross,165500.0,high_human,1.2,high_max,11.11,4.3075,27.6595,5.5556,20.0,25.7746,v_mine
50.0,8.0,low_friction,0.2,empty,74000.0,low,0.3,low,3.0,2.9347,2.4334,5.5556,20.0,22.4471,v_mine
50.0,8.0,low_friction,0.2,empty,74000.0,low,0.3,medium_site,5.56,2.9372,6.9304,5.5556,20.0,22.4471,v_mine
50.0,8.0,low_friction,0.2,empty,74000.0,low,0.3,high_max,11.11,2.9479,24.2684,5.5556,20.0,22.4471,v_mine
50.0,8.0,low_friction,0.2,empty,74000.0,nominal,0.45,low,3.0,2.9347,2.8834,5.5556,20.0,23.2804,v_mine
50.0,8.0,low_friction,0.2,empty,74000.0,nominal,0.45,medium_site,5.56,2.9372,7.7644,5.5556,20.0,23.2804,v_mine
50.0,8.0,low_friction,0.2,empty,74000.0,nominal,0.45,high_max,11.11,2.9479,25.9349,5.5556,20.0,23.2804,v_mine
50.0,8.0,low_friction,0.2,empty,74000.0,high_human,1.2,low,3.0,2.9347,5.1334,5.5556,20.0,27.4471,v_mine
50.0,8.0,low_friction,0.2,empty,74000.0,high_human,1.2,medium_site,5.56,2.9372,11.9344,5.5556,20.0,27.4471,v_mine
50.0,8.0,low_friction,0.2,empty,74000.0,high_human,1.2,high_max,11.11,2.9479,34.2674,5.5556,20.0,27.4471,v_mine
50.0,8.0,low_friction,0.2,medium,119750.0,low,0.3,low,3.0,2.9343,2.4336,5.5556,20.0,22.4471,v_mine
50.0,8.0,low_friction,0.2,medium,119750.0,low,0.3,medium_site,5.56,2.9358,6.9329,5.5556,20.0,22.4471,v_mine
50.0,8.0,low_friction,0.2,medium,119750.0,low,0.3,high_max,11.11,2.9425,24.3073,5.5556,20.0,22.4471,v_mine
50.0,8.0,low_friction,0.2,medium,119750.0,nominal,0.45,low,3.0,2.9343,2.8836,5.5556,20.0,23.2804,v_mine
50.0,8.0,low_friction,0.2,medium,119750.0,nominal,0.45,medium_site,5.56,2.9358,7.7669,5.5556,20.0,23.2804,v_mine
50.0,8.0,low_friction,0.2,medium,119750.0,nominal,0.45,high_max,11.11,2.9425,25.9738,5.5556,20.0,23.2804,v_mine
50.0,8.0,low_friction,0.2,medium,119750.0,high_human,1.2,low,3.0,2.9343,5.1336,5.5556,20.0,27.4471,v_mine
50.0,8.0,low_friction,0.2,medium,119750.0,high_human,1.2,medium_site,5.56,2.9358,11.9369,5.5556,20.0,27.4471,v_mine
50.0,8.0,low_friction,0.2,medium,119750.0,high_human,1.2,high_max,11.11,2.9425,34.3063,5.5556,20.0,27.4471,v_mine
50.0,8.0,low_friction,0.2,max_gross,165500.0,low,0.3,low,3.0,2.9341,2.4337,5.5556,20.0,22.4471,v_mine
50.0,8.0,low_friction,0.2,max_gross,165500.0,low,0.3,medium_site,5.56,2.9352,6.934,5.5556,20.0,22.4471,v_mine
50.0,8.0,low_friction,0.2,max_gross,165500.0,low,0.3,high_max,11.11,2.94,24.3247,5.5556,20.0,22.4471,v_mine
50.0,8.0,low_friction,0.2,max_gross,165500.0,nominal,0.45,low,3.0,2.9341,2.8837,5.5556,20.0,23.2804,v_mine
50.0,8.0,low_friction,0.2,max_gross,165500.0,nominal,0.45,medium_site,5.56,2.9352,7.768,5.5556,20.0,23.2804,v_mine
50.0,8.0,low_friction,0.2,max_gross,165500.0,nominal,0.45,high_max,11.11,2.94,25.9912,5.5556,20.0,23.2804,v_mine
50.0,8.0,low_friction,0.2,max_gross,165500.0,high_human,1.2,low,3.0,2.9341,5.1337,5.5556,20.0,27.4471,v_mine
50.0,8.0,low_friction,0.2,max_gross,165500.0,high_human,1.2,medium_site,5.56,2.9352,11.938,5.5556,20.0,27.4471,v_mine
50.0,8.0,low_friction,0.2,max_gross,165500.0,high_human,1.2,high_max,11.11,2.94,34.3237,5.5556,20.0,27.4471,v_mine
50.0,5.0,dry_high,0.65,empty,74000.0,low,0.3,low,3.0,7.0554,1.5378,5.5556,20.0,19.3743,v_mine
50.0,5.0,dry_high,0.65,empty,74000.0,low,0.3,medium_site,5.56,7.058,3.858,5.5556,20.0,19.3743,v_mine
50.0,5.0,dry_high,0.65,empty,74000.0,low,0.3,high_max,11.11,7.0687,12.0639,5.5556,20.0,19.3743,v_mine
50.0,5.0,dry_high,0.65,empty,74000.0,nominal,0.45,low,3.0,7.0554,1.9878,5.5556,20.0,20.2076,v_mine
50.0,5.0,dry_high,0.65,empty,74000.0,nominal,0.45,medium_site,5.56,7.058,4.692,5.5556,20.0,20.2076,v_mine
50.0,5.0,dry_high,0.65,empty,74000.0,nominal,0.45,high_max,11.11,7.0687,13.7304,5.5556,20.0,20.2076,v_mine
50.0,5.0,dry_high,0.65,empty,74000.0,high_human,1.2,low,3.0,7.0554,4.2378,5.5556,20.0,24.3743,v_mine
50.0,5.0,dry_high,0.65,empty,74000.0,high_human,1.2,medium_site,5.56,7.058,8.862,5.5556,20.0,24.3743,v_mine
50.0,5.0,dry_high,0.65,empty,74000.0,high_human,1.2,high_max,11.11,7.0687,22.0629,5.5556,20.0,24.3743,v_mine
50.0,5.0,dry_high,0.65,medium,119750.0,low,0.3,low,3.0,5.2794,1.7524,5.5556,20.0,20.1101,v_mine
50.0,5.0,dry_high,0.65,medium,119750.0,low,0.3,medium_site,5.56,5.281,4.5949,5.5556,20.0,20.1101,v_mine
50.0,5.0,dry_high,0.65,medium,119750.0,low,0.3,high_max,11.11,5.2876,15.0049,5.5556,20.0,20.1101,v_mine
50.0,5.0,dry_high,0.65,medium,119750.0,nominal,0.45,low,3.0,5.2794,2.2024,5.5556,20.0,20.9434,v_mine
50.0,5.0,dry_high,0.65,medium,119750.0,nominal,0.45,medium_site,5.56,5.281,5.4289,5.5556,20.0,20.9434,v_mine
50.0,5.0,dry_high,0.65,medium,119750.0,nominal,0.45,high_max,11.11,5.2876,16.6714,5.5556,20.0,20.9434,v_mine
50.0,5.0,dry_high,0.65,medium,119750.0,high_human,1.2,low,3.0,5.2794,4.4524,5.5556,20.0,25.1101,v_mine
50.0,5.0,dry_high,0.65,medium,119750.0,high_human,1.2,medium_site,5.56,5.281,9.5989,5.5556,20.0,25.1101,v_mine
50.0,5.0,dry_high,0.65,medium,119750.0,high_human,1.2,high_max,11.11,5.2876,25.0039,5.5556,20.0,25.1101,v_mine
50.0,5.0,dry_high,0.65,max_gross,165500.0,low,0.3,low,3.0,4.0096,2.0223,5.5556,20.0,21.0359,v_mine
50.0,5.0,dry_high,0.65,max_gross,165500.0,low,0.3,medium_site,5.56,4.0107,5.5219,5.5556,20.0,21.0359,v_mine
50.0,5.0,dry_high,0.65,max_gross,165500.0,low,0.3,high_max,11.11,4.0155,18.7025,5.5556,20.0,21.0359,v_mine
50.0,5.0,dry_high,0.65,max_gross,165500.0,nominal,0.45,low,3.0,4.0096,2.4723,5.5556,20.0,21.8693,v_mine
50.0,5.0,dry_high,0.65,max_gross,165500.0,nominal,0.45,medium_site,5.56,4.0107,6.3559,5.5556,20.0,21.8693,v_mine
50.0,5.0,dry_high,0.65,max_gross,165500.0,nominal,0.45,high_max,11.11,4.0155,20.369,5.5556,20.0,21.8693,v_mine
50.0,5.0,dry_high,0.65,max_gross,165500.0,high_human,1.2,low,3.0,4.0096,4.7223,5.5556,20.0,26.0359,v_mine
50.0,5.0,dry_high,0.65,max_gross,165500.0,high_human,1.2,medium_site,5.56,4.0107,10.5259,5.5556,20.0,26.0359,v_mine
50.0,5.0,dry_high,0.65,max_gross,165500.0,high_human,1.2,high_max,11.11,4.0155,28.7015,5.5556,20.0,26.0359,v_mine
50.0,5.0,moderate,0.45,empty,74000.0,low,0.3,low,3.0,5.0959,1.7831,5.5556,20.0,20.2156,v_mine
50.0,5.0,moderate,0.45,empty,74000.0,low,0.3,medium_site,5.56,5.0984,4.6997,5.5556,20.0,20.2156,v_mine
50.0,5.0,moderate,0.45,empty,74000.0,low,0.3,high_max,11.11,5.1091,15.4125,5.5556,20.0,20.2156,v_mine
50.0,5.0,moderate,0.45,empty,74000.0,nominal,0.45,low,3.0,5.0959,2.2331,5.5556,20.0,21.049,v_mine
50.0,5.0,moderate,0.45,empty,74000.0,nominal,0.45,medium_site,5.56,5.0984,5.5337,5.5556,20.0,21.049,v_mine
50.0,5.0,moderate,0.45,empty,74000.0,nominal,0.45,high_max,11.11,5.1091,17.079,5.5556,20.0,21.049,v_mine
50.0,5.0,moderate,0.45,empty,74000.0,high_human,1.2,low,3.0,5.0959,4.4831,5.5556,20.0,25.2156,v_mine
50.0,5.0,moderate,0.45,empty,74000.0,high_human,1.2,medium_site,5.56,5.0984,9.7037,5.5556,20.0,25.2156,v_mine
50.0,5.0,moderate,0.45,empty,74000.0,high_human,1.2,high_max,11.11,5.1091,25.4115,5.5556,20.0,25.2156,v_mine
50.0,5.0,moderate,0.45,medium,119750.0,low,0.3,low,3.0,5.0955,1.7831,5.5556,20.0,20.2156,v_mine
50.0,5.0,moderate,0.45,medium,119750.0,low,0.3,medium_site,5.56,5.097,4.7005,5.5556,20.0,20.2156,v_mine
50.0,5.0,moderate,0.45,medium,119750.0,low,0.3,high_max,11.11,5.1037,15.4255,5.5556,20.0,20.2156,v_mine
50.0,5.0,moderate,0.45,medium,119750.0,nominal,0.45,low,3.0,5.0955,2.2331,5.5556,20.0,21.049,v_mine
50.0,5.0,moderate,0.45,medium,119750.0,nominal,0.45,medium_site,5.56,5.097,5.5345,5.5556,20.0,21.049,v_mine
50.0,5.0,moderate,0.45,medium,119750.0,nominal,0.45,high_max,11.11,5.1037,17.092,5.5556,20.0,21.049,v_mine
50.0,5.0,moderate,0.45,medium,119750.0,high_human,1.2,low,3.0,5.0955,4.4831,5.5556,20.0,25.2156,v_mine
50.0,5.0,moderate,0.45,medium,119750.0,high_human,1.2,medium_site,5.56,5.097,9.7045,5.5556,20.0,25.2156,v_mine
50.0,5.0,moderate,0.45,medium,119750.0,high_human,1.2,high_max,11.11,5.1037,25.4245,5.5556,20.0,25.2156,v_mine
50.0,5.0,moderate,0.45,max_gross,165500.0,low,0.3,low,3.0,4.0096,2.0223,5.5556,20.0,21.0359,v_mine
50.0,5.0,moderate,0.45,max_gross,165500.0,low,0.3,medium_site,5.56,4.0107,5.5219,5.5556,20.0,21.0359,v_mine
50.0,5.0,moderate,0.45,max_gross,165500.0,low,0.3,high_max,11.11,4.0155,18.7025,5.5556,20.0,21.0359,v_mine
50.0,5.0,moderate,0.45,max_gross,165500.0,nominal,0.45,low,3.0,4.0096,2.4723,5.5556,20.0,21.8693,v_mine
50.0,5.0,moderate,0.45,max_gross,165500.0,nominal,0.45,medium_site,5.56,4.0107,6.3559,5.5556,20.0,21.8693,v_mine
50.0,5.0,moderate,0.45,max_gross,165500.0,nominal,0.45,high_max,11.11,4.0155,20.369,5.5556,20.0,21.8693,v_mine
50.0,5.0,moderate,0.45,max_gross,165500.0,high_human,1.2,low,3.0,4.0096,4.7223,5.5556,20.0,26.0359,v_mine
50.0,5.0,moderate,0.45,max_gross,165500.0,high_human,1.2,medium_site,5.56,4.0107,10.5259,5.5556,20.0,26.0359,v_mine
50.0,5.0,moderate,0.45,max_gross,165500.0,high_human,1.2,high_max,11.11,4.0155,28.7015,5.5556,20.0,26.0359,v_mine
50.0,5.0,wet,0.35,empty,74000.0,low,0.3,low,3.0,4.1161,1.9933,5.5556,20.0,20.9368,v_mine
50.0,5.0,wet,0.35,empty,74000.0,low,0.3,medium_site,5.56,4.1186,5.4209,5.5556,20.0,20.9368,v_mine
50.0,5.0,wet,0.35,empty,74000.0,low,0.3,high_max,11.11,4.1294,18.2787,5.5556,20.0,20.9368,v_mine
50.0,5.0,wet,0.35,empty,74000.0,nominal,0.45,low,3.0,4.1161,2.4433,5.5556,20.0,21.7702,v_mine
50.0,5.0,wet,0.35,empty,74000.0,nominal,0.45,medium_site,5.56,4.1186,6.2549,5.5556,20.0,21.7702,v_mine
50.0,5.0,wet,0.35,empty,74000.0,nominal,0.45,high_max,11.11,4.1294,19.9452,5.5556,20.0,21.7702,v_mine
50.0,5.0,wet,0.35,empty,74000.0,high_human,1.2,low,3.0,4.1161,4.6933,5.5556,20.0,25.9368,v_mine
50.0,5.0,wet,0.35,empty,74000.0,high_human,1.2,medium_site,5.56,4.1186,10.4249,5.5556,20.0,25.9368,v_mine
50.0,5.0,wet,0.35,empty,74000.0,high_human,1.2,high_max,11.11,4.1294,28.2777,5.5556,20.0,25.9368,v_mine
50.0,5.0,wet,0.35,medium,119750.0,low,0.3,low,3.0,4.1157,1.9934,5.5556,20.0,20.9368,v_mine
50.0,5.0,wet,0.35,medium,119750.0,low,0.3,medium_site,5.56,4.1173,5.4221,5.5556,20.0,20.9368,v_mine
50.0,5.0,wet,0.35,medium,119750.0,low,0.3,high_max,11.11,4.1239,18.2985,5.5556,20.0,20.9368,v_mine
50.0,5.0,wet,0.35,medium,119750.0,nominal,0.45,low,3.0,4.1157,2.4434,5.5556,20.0,21.7702,v_mine
50.0,5.0,wet,0.35,medium,119750.0,nominal,0.45,medium_site,5.56,4.1173,6.2561,5.5556,20.0,21.7702,v_mine
50.0,5.0,wet,0.35,medium,119750.0,nominal,0.45,high_max,11.11,4.1239,19.965,5.5556,20.0,21.7702,v_mine
50.0,5.0,wet,0.35,medium,119750.0,high_human,1.2,low,3.0,4.1157,4.6934,5.5556,20.0,25.9368,v_mine
50.0,5.0,wet,0.35,medium,119750.0,high_human,1.2,medium_site,5.56,4.1173,10.4261,5.5556,20.0,25.9368,v_mine
50.0,5.0,wet,0.35,medium,119750.0,high_human,1.2,high_max,11.11,4.1239,28.2975,5.5556,20.0,25.9368,v_mine
50.0,5.0,wet,0.35,max_gross,165500.0,low,0.3,low,3.0,4.0096,2.0223,5.5556,20.0,21.0359,v_mine
50.0,5.0,wet,0.35,max_gross,165500.0,low,0.3,medium_site,5.56,4.0107,5.5219,5.5556,20.0,21.0359,v_mine
50.0,5.0,wet,0.35,max_gross,165500.0,low,0.3,high_max,11.11,4.0155,18.7025,5.5556,20.0,21.0359,v_mine
50.0,5.0,wet,0.35,max_gross,165500.0,nominal,0.45,low,3.0,4.0096,2.4723,5.5556,20.0,21.8693,v_mine
50.0,5.0,wet,0.35,max_gross,165500.0,nominal,0.45,medium_site,5.56,4.0107,6.3559,5.5556,20.0,21.8693,v_mine
50.0,5.0,wet,0.35,max_gross,165500.0,nominal,0.45,high_max,11.11,4.0155,20.369,5.5556,20.0,21.8693,v_mine
50.0,5.0,wet,0.35,max_gross,165500.0,high_human,1.2,low,3.0,4.0096,4.7223,5.5556,20.0,26.0359,v_mine
50.0,5.0,wet,0.35,max_gross,165500.0,high_human,1.2,medium_site,5.56,4.0107,10.5259,5.5556,20.0,26.0359,v_mine
50.0,5.0,wet,0.35,max_gross,165500.0,high_human,1.2,high_max,11.11,4.0155,28.7015,5.5556,20.0,26.0359,v_mine
50.0,5.0,low_friction,0.2,empty,74000.0,low,0.3,low,3.0,2.6464,2.6004,5.5556,20.0,23.0202,v_mine
50.0,5.0,low_friction,0.2,empty,74000.0,low,0.3,medium_site,5.56,2.649,7.503,5.5556,20.0,23.0202,v_mine
50.0,5.0,low_friction,0.2,empty,74000.0,low,0.3,high_max,11.11,2.6597,26.5372,5.5556,20.0,23.0202,v_mine
50.0,5.0,low_friction,0.2,empty,74000.0,nominal,0.45,low,3.0,2.6464,3.0504,5.5556,20.0,23.8536,v_mine
50.0,5.0,low_friction,0.2,empty,74000.0,nominal,0.45,medium_site,5.56,2.649,8.337,5.5556,20.0,23.8536,v_mine
50.0,5.0,low_friction,0.2,empty,74000.0,nominal,0.45,high_max,11.11,2.6597,28.2037,5.5556,20.0,23.8536,v_mine
50.0,5.0,low_friction,0.2,empty,74000.0,high_human,1.2,low,3.0,2.6464,5.3004,5.5556,20.0,28.0202,v_mine
50.0,5.0,low_friction,0.2,empty,74000.0,high_human,1.2,medium_site,5.56,2.649,12.507,5.5556,20.0,28.0202,v_mine
50.0,5.0,low_friction,0.2,empty,74000.0,high_human,1.2,high_max,11.11,2.6597,36.5362,5.5556,20.0,28.0202,v_mine
50.0,5.0,low_friction,0.2,medium,119750.0,low,0.3,low,3.0,2.646,2.6007,5.5556,20.0,23.0202,v_mine
50.0,5.0,low_friction,0.2,medium,119750.0,low,0.3,medium_site,5.56,2.6476,7.506,5.5556,20.0,23.0202,v_mine
50.0,5.0,low_friction,0.2,medium,119750.0,low,0.3,high_max,11.11,2.6542,26.5849,5.5556,20.0,23.0202,v_mine
50.0,5.0,low_friction,0.2,medium,119750.0,nominal,0.45,low,3.0,2.646,3.0507,5.5556,20.0,23.8536,v_mine
50.0,5.0,low_friction,0.2,medium,119750.0,nominal,0.45,medium_site,5.56,2.6476,8.34,5.5556,20.0,23.8536,v_mine
50.0,5.0,low_friction,0.2,medium,119750.0,nominal,0.45,high_max,11.11,2.6542,28.2514,5.5556,20.0,23.8536,v_mine
50.0,5.0,low_friction,0.2,medium,119750.0,high_human,1.2,low,3.0,2.646,5.3007,5.5556,20.0,28.0202,v_mine
50.0,5.0,low_friction,0.2,medium,119750.0,high_human,1.2,medium_site,5.56,2.6476,12.51,5.5556,20.0,28.0202,v_mine
50.0,5.0,low_friction,0.2,medium,119750.0,high_human,1.2,high_max,11.11,2.6542,36.5839,5.5556,20.0,28.0202,v_mine
50.0,5.0,low_friction,0.2,max_gross,165500.0,low,0.3,low,3.0,2.6459,2.6008,5.5556,20.0,23.0202,v_mine
50.0,5.0,low_friction,0.2,max_gross,165500.0,low,0.3,medium_site,5.56,2.647,7.5074,5.5556,20.0,23.0202,v_mine
50.0,5.0,low_friction,0.2,max_gross,165500.0,low,0.3,high_max,11.11,2.6518,26.6063,5.5556,20.0,23.0202,v_mine
50.0,5.0,low_friction,0.2,max_gross,165500.0,nominal,0.45,low,3.0,2.6459,3.0508,5.5556,20.0,23.8536,v_mine
50.0,5.0,low_friction,0.2,max_gross,165500.0,nominal,0.45,medium_site,5.56,2.647,8.3414,5.5556,20.0,23.8536,v_mine
50.0,5.0,low_friction,0.2,max_gross,165500.0,nominal,0.45,high_max,11.11,2.6518,28.2728,5.5556,20.0,23.8536,v_mine
50.0,5.0,low_friction,0.2,max_gross,165500.0,high_human,1.2,low,3.0,2.6459,5.3008,5.5556,20.0,28.0202,v_mine
50.0,5.0,low_friction,0.2,max_gross,165500.0,high_human,1.2,medium_site,5.56,2.647,12.5114,5.5556,20.0,28.0202,v_mine
50.0,5.0,low_friction,0.2,max_gross,165500.0,high_human,1.2,high_max,11.11,2.6518,36.6053,5.5556,20.0,28.0202,v_mine
50.0,0.0,dry_high,0.65,empty,74000.0,low,0.3,low,3.0,6.5737,1.5845,5.5556,20.0,19.5346,v_mine
50.0,0.0,dry_high,0.65,empty,74000.0,low,0.3,medium_site,5.56,6.5763,4.0184,5.5556,20.0,19.5346,v_mine
50.0,0.0,dry_high,0.65,empty,74000.0,low,0.3,high_max,11.11,6.587,12.7024,5.5556,20.0,19.5346,v_mine
50.0,0.0,dry_high,0.65,empty,74000.0,nominal,0.45,low,3.0,6.5737,2.0345,5.5556,20.0,20.3679,v_mine
50.0,0.0,dry_high,0.65,empty,74000.0,nominal,0.45,medium_site,5.56,6.5763,4.8524,5.5556,20.0,20.3679,v_mine
50.0,0.0,dry_high,0.65,empty,74000.0,nominal,0.45,high_max,11.11,6.587,14.3689,5.5556,20.0,20.3679,v_mine
50.0,0.0,dry_high,0.65,empty,74000.0,high_human,1.2,low,3.0,6.5737,4.2845,5.5556,20.0,24.5346,v_mine
50.0,0.0,dry_high,0.65,empty,74000.0,high_human,1.2,medium_site,5.56,6.5763,9.0224,5.5556,20.0,24.5346,v_mine
50.0,0.0,dry_high,0.65,empty,74000.0,high_human,1.2,high_max,11.11,6.587,22.7014,5.5556,20.0,24.5346,v_mine
50.0,0.0,dry_high,0.65,medium,119750.0,low,0.3,low,3.0,4.7897,1.8395,5.5556,20.0,20.409,v_mine
50.0,0.0,dry_high,0.65,medium,119750.0,low,0.3,medium_site,5.56,4.7913,4.894,5.5556,20.0,20.409,v_mine
50.0,0.0,dry_high,0.65,medium,119750.0,low,0.3,high_max,11.11,4.7979,16.196,5.5556,20.0,20.409,v_mine
50.0,0.0,dry_high,0.65,medium,119750.0,nominal,0.45,low,3.0,4.7897,2.2895,5.5556,20.0,21.2423,v_mine
50.0,0.0,dry_high,0.65,medium,119750.0,nominal,0.45,medium_site,5.56,4.7913,5.728,5.5556,20.0,21.2423,v_mine
50.0,0.0,dry_high,0.65,medium,119750.0,nominal,0.45,high_max,11.11,4.7979,17.8625,5.5556,20.0,21.2423,v_mine
50.0,0.0,dry_high,0.65,medium,119750.0,high_human,1.2,low,3.0,4.7897,4.5395,5.5556,20.0,25.409,v_mine
50.0,0.0,dry_high,0.65,medium,119750.0,high_human,1.2,medium_site,5.56,4.7913,9.898,5.5556,20.0,25.409,v_mine
50.0,0.0,dry_high,0.65,medium,119750.0,high_human,1.2,high_max,11.11,4.7979,26.195,5.5556,20.0,25.409,v_mine
50.0,0.0,dry_high,0.65,max_gross,165500.0,low,0.3,low,3.0,3.5199,2.1784,5.5556,20.0,21.5715,v_mine
50.0,0.0,dry_high,0.65,max_gross,165500.0,low,0.3,medium_site,5.56,3.5211,6.0578,5.5556,20.0,21.5715,v_mine
50.0,0.0,dry_high,0.65,max_gross,165500.0,low,0.3,high_max,11.11,3.5259,20.8368,5.5556,20.0,21.5715,v_mine
50.0,0.0,dry_high,0.65,max_gross,165500.0,nominal,0.45,low,3.0,3.5199,2.6284,5.5556,20.0,22.4048,v_mine
50.0,0.0,dry_high,0.65,max_gross,165500.0,nominal,0.45,medium_site,5.56,3.5211,6.8918,5.5556,20.0,22.4048,v_mine
50.0,0.0,dry_high,0.65,max_gross,165500.0,nominal,0.45,high_max,11.11,3.5259,22.5033,5.5556,20.0,22.4048,v_mine
50.0,0.0,dry_high,0.65,max_gross,165500.0,high_human,1.2,low,3.0,3.5199,4.8784,5.5556,20.0,26.5715,v_mine
50.0,0.0,dry_high,0.65,max_gross,165500.0,high_human,1.2,medium_site,5.56,3.5211,11.0618,5.5556,20.0,26.5715,v_mine
50.0,0.0,dry_high,0.65,max_gross,165500.0,high_human,1.2,high_max,11.11,3.5259,30.8358,5.5556,20.0,26.5715,v_mine
50.0,0.0,moderate,0.45,empty,74000.0,low,0.3,low,3.0,4.6117,1.8758,5.5556,20.0,20.5337,v_mine
50.0,0.0,moderate,0.45,empty,74000.0,low,0.3,medium_site,5.56,4.6143,5.0178,5.5556,20.0,20.5337,v_mine
50.0,0.0,moderate,0.45,empty,74000.0,low,0.3,high_max,11.11,4.625,16.677,5.5556,20.0,20.5337,v_mine
50.0,0.0,moderate,0.45,empty,74000.0,nominal,0.45,low,3.0,4.6117,2.3258,5.5556,20.0,21.367,v_mine
50.0,0.0,moderate,0.45,empty,74000.0,nominal,0.45,medium_site,5.56,4.6143,5.8518,5.5556,20.0,21.367,v_mine
50.0,0.0,moderate,0.45,empty,74000.0,nominal,0.45,high_max,11.11,4.625,18.3435,5.5556,20.0,21.367,v_mine
50.0,0.0,moderate,0.45,empty,74000.0,high_human,1.2,low,3.0,4.6117,4.5758,5.5556,20.0,25.5337,v_mine
50.0,0.0,moderate,0.45,empty,74000.0,high_human,1.2,medium_site,5.56,4.6143,10.0218,5.5556,20.0,25.5337,v_mine
50.0,0.0,moderate,0.45,empty,74000.0,high_human,1.2,high_max,11.11,4.625,26.676,5.5556,20.0,25.5337,v_mine
50.0,0.0,moderate,0.45,medium,119750.0,low,0.3,low,3.0,4.6113,1.8759,5.5556,20.0,20.5337,v_mine
50.0,0.0,moderate,0.45,medium,119750.0,low,0.3,medium_site,5.56,4.6129,5.0188,5.5556,20.0,20.5337,v_mine
50.0,0.0,moderate,0.45,medium,119750.0,low,0.3,high_max,11.11,4.6195,16.6928,5.5556,20.0,20.5337,v_mine
50.0,0.0,moderate,0.45,medium,119750.0,nominal,0.45,low,3.0,4.6113,2.3259,5.5556,20.0,21.367,v_mine
50.0,0.0,moderate,0.45,medium,119750.0,nominal,0.45,medium_site,5.56,4.6129,5.8528,5.5556,20.0,21.367,v_mine
50.0,0.0,moderate,0.45,medium,119750.0,nominal,0.45,high_max,11.11,4.6195,18.3593,5.5556,20.0,21.367,v_mine
50.0,0.0,moderate,0.45,medium,119750.0,high_human,1.2,low,3.0,4.6113,4.5759,5.5556,20.0,25.5337,v_mine
50.0,0.0,moderate,0.45,medium,119750.0,high_human,1.2,medium_site,5.56,4.6129,10.0228,5.5556,20.0,25.5337,v_mine
50.0,0.0,moderate,0.45,medium,119750.0,high_human,1.2,high_max,11.11,4.6195,26.6918,5.5556,20.0,25.5337,v_mine
50.0,0.0,moderate,0.45,max_gross,165500.0,low,0.3,low,3.0,3.5199,2.1784,5.5556,20.0,21.5715,v_mine
50.0,0.0,moderate,0.45,max_gross,165500.0,low,0.3,medium_site,5.56,3.5211,6.0578,5.5556,20.0,21.5715,v_mine
50.0,0.0,moderate,0.45,max_gross,165500.0,low,0.3,high_max,11.11,3.5259,20.8368,5.5556,20.0,21.5715,v_mine
50.0,0.0,moderate,0.45,max_gross,165500.0,nominal,0.45,low,3.0,3.5199,2.6284,5.5556,20.0,22.4048,v_mine
50.0,0.0,moderate,0.45,max_gross,165500.0,nominal,0.45,medium_site,5.56,3.5211,6.8918,5.5556,20.0,22.4048,v_mine
50.0,0.0,moderate,0.45,max_gross,165500.0,nominal,0.45,high_max,11.11,3.5259,22.5033,5.5556,20.0,22.4048,v_mine
50.0,0.0,moderate,0.45,max_gross,165500.0,high_human,1.2,low,3.0,3.5199,4.8784,5.5556,20.0,26.5715,v_mine
50.0,0.0,moderate,0.45,max_gross,165500.0,high_human,1.2,medium_site,5.56,3.5211,11.0618,5.5556,20.0,26.5715,v_mine
50.0,0.0,moderate,0.45,max_gross,165500.0,high_human,1.2,high_max,11.11,3.5259,30.8358,5.5556,20.0,26.5715,v_mine
50.0,0.0,wet,0.35,empty,74000.0,low,0.3,low,3.0,3.6307,2.1394,5.5556,20.0,21.4383,v_mine
50.0,0.0,wet,0.35,empty,74000.0,low,0.3,medium_site,5.56,3.6333,5.9222,5.5556,20.0,21.4383,v_mine
50.0,0.0,wet,0.35,empty,74000.0,low,0.3,high_max,11.11,3.644,20.2693,5.5556,20.0,21.4383,v_mine
50.0,0.0,wet,0.35,empty,74000.0,nominal,0.45,low,3.0,3.6307,2.5894,5.5556,20.0,22.2716,v_mine
50.0,0.0,wet,0.35,empty,74000.0,nominal,0.45,medium_site,5.56,3.6333,6.7562,5.5556,20.0,22.2716,v_mine
50.0,0.0,wet,0.35,empty,74000.0,nominal,0.45,high_max,11.11,3.644,21.9358,5.5556,20.0,22.2716,v_mine
50.0,0.0,wet,0.35,empty,74000.0,high_human,1.2,low,3.0,3.6307,4.8394,5.5556,20.0,26.4383,v_mine
50.0,0.0,wet,0.35,empty,74000.0,high_human,1.2,medium_site,5.56,3.6333,10.9262,5.5556,20.0,26.4383,v_mine
50.0,0.0,wet,0.35,empty,74000.0,high_human,1.2,high_max,11.11,3.644,30.2683,5.5556,20.0,26.4383,v_mine
50.0,0.0,wet,0.35,medium,119750.0,low,0.3,low,3.0,3.6303,2.1396,5.5556,20.0,21.4383,v_mine
50.0,0.0,wet,0.35,medium,119750.0,low,0.3,medium_site,5.56,3.6319,5.9238,5.5556,20.0,21.4383,v_mine
50.0,0.0,wet,0.35,medium,119750.0,low,0.3,high_max,11.11,3.6385,20.2948,5.5556,20.0,21.4383,v_mine
50.0,0.0,wet,0.35,medium,119750.0,nominal,0.45,low,3.0,3.6303,2.5896,5.5556,20.0,22.2716,v_mine
50.0,0.0,wet,0.35,medium,119750.0,nominal,0.45,medium_site,5.56,3.6319,6.7578,5.5556,20.0,22.2716,v_mine
50.0,0.0,wet,0.35,medium,119750.0,nominal,0.45,high_max,11.11,3.6385,21.9613,5.5556,20.0,22.2716,v_mine
50.0,0.0,wet,0.35,medium,119750.0,high_human,1.2,low,3.0,3.6303,4.8396,5.5556,20.0,26.4383,v_mine
50.0,0.0,wet,0.35,medium,119750.0,high_human,1.2,medium_site,5.56,3.6319,10.9278,5.5556,20.0,26.4383,v_mine
50.0,0.0,wet,0.35,medium,119750.0,high_human,1.2,high_max,11.11,3.6385,30.2938,5.5556,20.0,26.4383,v_mine
50.0,0.0,wet,0.35,max_gross,165500.0,low,0.3,low,3.0,3.5199,2.1784,5.5556,20.0,21.5715,v_mine
50.0,0.0,wet,0.35,max_gross,165500.0,low,0.3,medium_site,5.56,3.5211,6.0578,5.5556,20.0,21.5715,v_mine
50.0,0.0,wet,0.35,max_gross,165500.0,low,0.3,high_max,11.11,3.5259,20.8368,5.5556,20.0,21.5715,v_mine
50.0,0.0,wet,0.35,max_gross,165500.0,nominal,0.45,low,3.0,3.5199,2.6284,5.5556,20.0,22.4048,v_mine
50.0,0.0,wet,0.35,max_gross,165500.0,nominal,0.45,medium_site,5.56,3.5211,6.8918,5.5556,20.0,22.4048,v_mine
50.0,0.0,wet,0.35,max_gross,165500.0,nominal,0.45,high_max,11.11,3.5259,22.5033,5.5556,20.0,22.4048,v_mine
50.0,0.0,wet,0.35,max_gross,165500.0,high_human,1.2,low,3.0,3.5199,4.8784,5.5556,20.0,26.5715,v_mine
50.0,0.0,wet,0.35,max_gross,165500.0,high_human,1.2,medium_site,5.56,3.5211,11.0618,5.5556,20.0,26.5715,v_mine
50.0,0.0,wet,0.35,max_gross,165500.0,high_human,1.2,high_max,11.11,3.5259,30.8358,5.5556,20.0,26.5715,v_mine
50.0,0.0,low_friction,0.2,empty,74000.0,low,0.3,low,3.0,2.1592,2.9841,5.5556,20.0,24.3371,v_mine
50.0,0.0,low_friction,0.2,empty,74000.0,low,0.3,medium_site,5.56,2.1618,8.818,5.5556,20.0,24.3371,v_mine
50.0,0.0,low_friction,0.2,empty,74000.0,low,0.3,high_max,11.11,2.1725,31.7408,5.5556,20.0,24.3371,v_mine
50.0,0.0,low_friction,0.2,empty,74000.0,nominal,0.45,low,3.0,2.1592,3.4341,5.5556,20.0,25.1704,v_mine
50.0,0.0,low_friction,0.2,empty,74000.0,nominal,0.45,medium_site,5.56,2.1618,9.652,5.5556,20.0,25.1704,v_mine
50.0,0.0,low_friction,0.2,empty,74000.0,nominal,0.45,high_max,11.11,2.1725,33.4073,5.5556,20.0,25.1704,v_mine
50.0,0.0,low_friction,0.2,empty,74000.0,high_human,1.2,low,3.0,2.1592,5.6841,5.5556,20.0,29.3371,v_mine
50.0,0.0,low_friction,0.2,empty,74000.0,high_human,1.2,medium_site,5.56,2.1618,13.822,5.5556,20.0,29.3371,v_mine
50.0,0.0,low_friction,0.2,empty,74000.0,high_human,1.2,high_max,11.11,2.1725,41.7398,5.5556,20.0,29.3371,v_mine
50.0,0.0,low_friction,0.2,medium,119750.0,low,0.3,low,3.0,2.1588,2.9844,5.5556,20.0,24.3371,v_mine
50.0,0.0,low_friction,0.2,medium,119750.0,low,0.3,medium_site,5.56,2.1604,8.8226,5.5556,20.0,24.3371,v_mine
50.0,0.0,low_friction,0.2,medium,119750.0,low,0.3,high_max,11.11,2.167,31.8124,5.5556,20.0,24.3371,v_mine
50.0,0.0,low_friction,0.2,medium,119750.0,nominal,0.45,low,3.0,2.1588,3.4344,5.5556,20.0,25.1704,v_mine
50.0,0.0,low_friction,0.2,medium,119750.0,nominal,0.45,medium_site,5.56,2.1604,9.6566,5.5556,20.0,25.1704,v_mine
50.0,0.0,low_friction,0.2,medium,119750.0,nominal,0.45,high_max,11.11,2.167,33.4789,5.5556,20.0,25.1704,v_mine
50.0,0.0,low_friction,0.2,medium,119750.0,high_human,1.2,low,3.0,2.1588,5.6844,5.5556,20.0,29.3371,v_mine
50.0,0.0,low_friction,0.2,medium,119750.0,high_human,1.2,medium_site,5.56,2.1604,13.8266,5.5556,20.0,29.3371,v_mine
50.0,0.0,low_friction,0.2,medium,119750.0,high_human,1.2,high_max,11.11,2.167,41.8114,5.5556,20.0,29.3371,v_mine
50.0,0.0,low_friction,0.2,max_gross,165500.0,low,0.3,low,3.0,2.1587,2.9846,5.5556,20.0,24.3371,v_mine
50.0,0.0,low_friction,0.2,max_gross,165500.0,low,0.3,medium_site,5.56,2.1598,8.8246,5.5556,20.0,24.3371,v_mine
50.0,0.0,low_friction,0.2,max_gross,165500.0,low,0.3,high_max,11.11,2.1646,31.8446,5.5556,20.0,24.3371,v_mine
50.0,0.0,low_friction,0.2,max_gross,165500.0,nominal,0.45,low,3.0,2.1587,3.4346,5.5556,20.0,25.1704,v_mine
50.0,0.0,low_friction,0.2,max_gross,165500.0,nominal,0.45,medium_site,5.56,2.1598,9.6586,5.5556,20.0,25.1704,v_mine
50.0,0.0,low_friction,0.2,max_gross,165500.0,nominal,0.45,high_max,11.11,2.1646,33.5111,5.5556,20.0,25.1704,v_mine
50.0,0.0,low_friction,0.2,max_gross,165500.0,high_human,1.2,low,3.0,2.1587,5.6846,5.5556,20.0,29.3371,v_mine
50.0,0.0,low_friction,0.2,max_gross,165500.0,high_human,1.2,medium_site,5.56,2.1598,13.8286,5.5556,20.0,29.3371,v_mine
50.0,0.0,low_friction,0.2,max_gross,165500.0,high_human,1.2,high_max,11.11,2.1646,41.8436,5.5556,20.0,29.3371,v_mine
50.0,-5.0,dry_high,0.65,empty,74000.0,low,0.3,low,3.0,6.0757,1.6407,5.5556,20.0,19.7271,v_mine
50.0,-5.0,dry_high,0.65,empty,74000.0,low,0.3,medium_site,5.56,6.0782,4.211,5.5556,20.0,19.7271,v_mine
50.0,-5.0,dry_high,0.65,empty,74000.0,low,0.3,high_max,11.11,6.0889,13.4688,5.5556,20.0,19.7271,v_mine
50.0,-5.0,dry_high,0.65,empty,74000.0,nominal,0.45,low,3.0,6.0757,2.0907,5.5556,20.0,20.5604,v_mine
50.0,-5.0,dry_high,0.65,empty,74000.0,nominal,0.45,medium_site,5.56,6.0782,5.045,5.5556,20.0,20.5604,v_mine
50.0,-5.0,dry_high,0.65,empty,74000.0,nominal,0.45,high_max,11.11,6.0889,15.1353,5.5556,20.0,20.5604,v_mine
50.0,-5.0,dry_high,0.65,empty,74000.0,high_human,1.2,low,3.0,6.0757,4.3407,5.5556,20.0,24.7271,v_mine
50.0,-5.0,dry_high,0.65,empty,74000.0,high_human,1.2,medium_site,5.56,6.0782,9.215,5.5556,20.0,24.7271,v_mine
50.0,-5.0,dry_high,0.65,empty,74000.0,high_human,1.2,high_max,11.11,6.0889,23.4678,5.5556,20.0,24.7271,v_mine
50.0,-5.0,dry_high,0.65,medium,119750.0,low,0.3,low,3.0,4.2996,1.9466,5.5556,20.0,20.7764,v_mine
50.0,-5.0,dry_high,0.65,medium,119750.0,low,0.3,medium_site,5.56,4.3012,5.2616,5.5556,20.0,20.7764,v_mine
50.0,-5.0,dry_high,0.65,medium,119750.0,low,0.3,high_max,11.11,4.3078,17.6596,5.5556,20.0,20.7764,v_mine
50.0,-5.0,dry_high,0.65,medium,119750.0,nominal,0.45,low,3.0,4.2996,2.3966,5.5556,20.0,21.6097,v_mine
50.0,-5.0,dry_high,0.65,medium,119750.0,nominal,0.45,medium_site,5.56,4.3012,6.0956,5.5556,20.0,21.6097,v_mine
50.0,-5.0,dry_high,0.65,medium,119750.0,nominal,0.45,high_max,11.11,4.3078,19.3261,5.5556,20.0,21.6097,v_mine
50.0,-5.0,dry_high,0.65,medium,119750.0,high_human,1.2,low,3.0,4.2996,4.6466,5.5556,20.0,25.7764,v_mine
50.0,-5.0,dry_high,0.65,medium,119750.0,high_human,1.2,medium_site,5.56,4.3012,10.2656,5.5556,20.0,25.7764,v_mine
50.0,-5.0,dry_high,0.65,medium,119750.0,high_human,1.2,high_max,11.11,4.3078,27.6586,5.5556,20.0,25.7764,v_mine
50.0,-5.0,dry_high,0.65,max_gross,165500.0,low,0.3,low,3.0,3.0298,2.3852,5.5556,20.0,22.2809,v_mine
50.0,-5.0,dry_high,0.65,max_gross,165500.0,low,0.3,medium_site,5.56,3.0309,6.7677,5.5556,20.0,22.2809,v_mine
50.0,-5.0,dry_high,0.65,max_gross,165500.0,low,0.3,high_max,11.11,3.0357,23.6629,5.5556,20.0,22.2809,v_mine
50.0,-5.0,dry_high,0.65,max_gross,165500.0,nominal,0.45,low,3.0,3.0298,2.8352,5.5556,20.0,23.1142,v_mine
50.0,-5.0,dry_high,0.65,max_gross,165500.0,nominal,0.45,medium_site,5.56,3.0309,7.6017,5.5556,20.0,23.1142,v_mine
50.0,-5.0,dry_high,0.65,max_gross,165500.0,nominal,0.45,high_max,11.11,3.0357,25.3294,5.5556,20.0,23.1142,v_mine
50.0,-5.0,dry_high,0.65,max_gross,165500.0,high_human,1.2,low,3.0,3.0298,5.0852,5.5556,20.0,27.2809,v_mine
50.0,-5.0,dry_high,0.65,max_gross,165500.0,high_human,1.2,medium_site,5.56,3.0309,11.7717,5.5556,20.0,27.2809,v_mine
50.0,-5.0,dry_high,0.65,max_gross,165500.0,high_human,1.2,high_max,11.11,3.0357,33.6619,5.5556,20.0,27.2809,v_mine
50.0,-5.0,moderate,0.45,empty,74000.0,low,0.3,low,3.0,4.1161,1.9933,5.5556,20.0,20.9368,v_mine
50.0,-5.0,moderate,0.45,empty,74000.0,low,0.3,medium_site,5.56,4.1186,5.4209,5.5556,20.0,20.9368,v_mine
50.0,-5.0,moderate,0.45,empty,74000.0,low,0.3,high_max,11.11,4.1294,18.2787,5.5556,20.0,20.9368,v_mine
50.0,-5.0,moderate,0.45,empty,74000.0,nominal,0.45,low,3.0,4.1161,2.4433,5.5556,20.0,21.7702,v_mine
50.0,-5.0,moderate,0.45,empty,74000.0,nominal,0.45,medium_site,5.56,4.1186,6.2549,5.5556,20.0,21.7702,v_mine
50.0,-5.0,moderate,0.45,empty,74000.0,nominal,0.45,high_max,11.11,4.1294,19.9452,5.5556,20.0,21.7702,v_mine
50.0,-5.0,moderate,0.45,empty,74000.0,high_human,1.2,low,3.0,4.1161,4.6933,5.5556,20.0,25.9368,v_mine
50.0,-5.0,moderate,0.45,empty,74000.0,high_human,1.2,medium_site,5.56,4.1186,10.4249,5.5556,20.0,25.9368,v_mine
50.0,-5.0,moderate,0.45,empty,74000.0,high_human,1.2,high_max,11.11,4.1294,28.2777,5.5556,20.0,25.9368,v_mine
50.0,-5.0,moderate,0.45,medium,119750.0,low,0.3,low,3.0,4.1157,1.9934,5.5556,20.0,20.9368,v_mine
50.0,-5.0,moderate,0.45,medium,119750.0,low,0.3,medium_site,5.56,4.1173,5.4221,5.5556,20.0,20.9368,v_mine
50.0,-5.0,moderate,0.45,medium,119750.0,low,0.3,high_max,11.11,4.1239,18.2985,5.5556,20.0,20.9368,v_mine
50.0,-5.0,moderate,0.45,medium,119750.0,nominal,0.45,low,3.0,4.1157,2.4434,5.5556,20.0,21.7702,v_mine
50.0,-5.0,moderate,0.45,medium,119750.0,nominal,0.45,medium_site,5.56,4.1173,6.2561,5.5556,20.0,21.7702,v_mine
50.0,-5.0,moderate,0.45,medium,119750.0,nominal,0.45,high_max,11.11,4.1239,19.965,5.5556,20.0,21.7702,v_mine
50.0,-5.0,moderate,0.45,medium,119750.0,high_human,1.2,low,3.0,4.1157,4.6934,5.5556,20.0,25.9368,v_mine
50.0,-5.0,moderate,0.45,medium,119750.0,high_human,1.2,medium_site,5.56,4.1173,10.4261,5.5556,20.0,25.9368,v_mine
50.0,-5.0,moderate,0.45,medium,119750.0,high_human,1.2,high_max,11.11,4.1239,28.2975,5.5556,20.0,25.9368,v_mine
50.0,-5.0,moderate,0.45,max_gross,165500.0,low,0.3,low,3.0,3.0298,2.3852,5.5556,20.0,22.2809,v_mine
50.0,-5.0,moderate,0.45,max_gross,165500.0,low,0.3,medium_site,5.56,3.0309,6.7677,5.5556,20.0,22.2809,v_mine
50.0,-5.0,moderate,0.45,max_gross,165500.0,low,0.3,high_max,11.11,3.0357,23.6629,5.5556,20.0,22.2809,v_mine
50.0,-5.0,moderate,0.45,max_gross,165500.0,nominal,0.45,low,3.0,3.0298,2.8352,5.5556,20.0,23.1142,v_mine
50.0,-5.0,moderate,0.45,max_gross,165500.0,nominal,0.45,medium_site,5.56,3.0309,7.6017,5.5556,20.0,23.1142,v_mine
50.0,-5.0,moderate,0.45,max_gross,165500.0,nominal,0.45,high_max,11.11,3.0357,25.3294,5.5556,20.0,23.1142,v_mine
50.0,-5.0,moderate,0.45,max_gross,165500.0,high_human,1.2,low,3.0,3.0298,5.0852,5.5556,20.0,27.2809,v_mine
50.0,-5.0,moderate,0.45,max_gross,165500.0,high_human,1.2,medium_site,5.56,3.0309,11.7717,5.5556,20.0,27.2809,v_mine
50.0,-5.0,moderate,0.45,max_gross,165500.0,high_human,1.2,high_max,11.11,3.0357,33.6619,5.5556,20.0,27.2809,v_mine
50.0,-5.0,wet,0.35,empty,74000.0,low,0.3,low,3.0,3.1363,2.3348,5.5556,20.0,22.1087,v_mine
50.0,-5.0,wet,0.35,empty,74000.0,low,0.3,medium_site,5.56,3.1389,6.5923,5.5556,20.0,22.1087,v_mine
50.0,-5.0,wet,0.35,empty,74000.0,low,0.3,high_max,11.11,3.1496,22.928,5.5556,20.0,22.1087,v_mine
50.0,-5.0,wet,0.35,empty,74000.0,nominal,0.45,low,3.0,3.1363,2.7848,5.5556,20.0,22.9421,v_mine
50.0,-5.0,wet,0.35,empty,74000.0,nominal,0.45,medium_site,5.56,3.1389,7.4263,5.5556,20.0,22.9421,v_mine
50.0,-5.0,wet,0.35,empty,74000.0,nominal,0.45,high_max,11.11,3.1496,24.5945,5.5556,20.0,22.9421,v_mine
50.0,-5.0,wet,0.35,empty,74000.0,high_human,1.2,low,3.0,3.1363,5.0348,5.5556,20.0,27.1087,v_mine
50.0,-5.0,wet,0.35,empty,74000.0,high_human,1.2,medium_site,5.56,3.1389,11.5963,5.5556,20.0,27.1087,v_mine
50.0,-5.0,wet,0.35,empty,74000.0,high_human,1.2,high_max,11.11,3.1496,32.927,5.5556,20.0,27.1087,v_mine
50.0,-5.0,wet,0.35,medium,119750.0,low,0.3,low,3.0,3.1359,2.335,5.5556,20.0,22.1087,v_mine
50.0,-5.0,wet,0.35,medium,119750.0,low,0.3,medium_site,5.56,3.1375,6.5945,5.5556,20.0,22.1087,v_mine
50.0,-5.0,wet,0.35,medium,119750.0,low,0.3,high_max,11.11,3.1441,22.962,5.5556,20.0,22.1087,v_mine
50.0,-5.0,wet,0.35,medium,119750.0,nominal,0.45,low,3.0,3.1359,2.785,5.5556,20.0,22.9421,v_mine
50.0,-5.0,wet,0.35,medium,119750.0,nominal,0.45,medium_site,5.56,3.1375,7.4285,5.5556,20.0,22.9421,v_mine
50.0,-5.0,wet,0.35,medium,119750.0,nominal,0.45,high_max,11.11,3.1441,24.6285,5.5556,20.0,22.9421,v_mine
50.0,-5.0,wet,0.35,medium,119750.0,high_human,1.2,low,3.0,3.1359,5.035,5.5556,20.0,27.1087,v_mine
50.0,-5.0,wet,0.35,medium,119750.0,high_human,1.2,medium_site,5.56,3.1375,11.5985,5.5556,20.0,27.1087,v_mine
50.0,-5.0,wet,0.35,medium,119750.0,high_human,1.2,high_max,11.11,3.1441,32.961,5.5556,20.0,27.1087,v_mine
50.0,-5.0,wet,0.35,max_gross,165500.0,low,0.3,low,3.0,3.0298,2.3852,5.5556,20.0,22.2809,v_mine
50.0,-5.0,wet,0.35,max_gross,165500.0,low,0.3,medium_site,5.56,3.0309,6.7677,5.5556,20.0,22.2809,v_mine
50.0,-5.0,wet,0.35,max_gross,165500.0,low,0.3,high_max,11.11,3.0357,23.6629,5.5556,20.0,22.2809,v_mine
50.0,-5.0,wet,0.35,max_gross,165500.0,nominal,0.45,low,3.0,3.0298,2.8352,5.5556,20.0,23.1142,v_mine
50.0,-5.0,wet,0.35,max_gross,165500.0,nominal,0.45,medium_site,5.56,3.0309,7.6017,5.5556,20.0,23.1142,v_mine
50.0,-5.0,wet,0.35,max_gross,165500.0,nominal,0.45,high_max,11.11,3.0357,25.3294,5.5556,20.0,23.1142,v_mine
50.0,-5.0,wet,0.35,max_gross,165500.0,high_human,1.2,low,3.0,3.0298,5.0852,5.5556,20.0,27.2809,v_mine
50.0,-5.0,wet,0.35,max_gross,165500.0,high_human,1.2,medium_site,5.56,3.0309,11.7717,5.5556,20.0,27.2809,v_mine
50.0,-5.0,wet,0.35,max_gross,165500.0,high_human,1.2,high_max,11.11,3.0357,33.6619,5.5556,20.0,27.2809,v_mine
50.0,-5.0,low_friction,0.2,empty,74000.0,low,0.3,low,3.0,1.6667,3.6,5.5556,20.0,26.4517,v_mine
50.0,-5.0,low_friction,0.2,empty,74000.0,low,0.3,medium_site,5.56,1.6692,10.928,5.5556,20.0,26.4517,v_mine
50.0,-5.0,low_friction,0.2,empty,74000.0,low,0.3,high_max,11.11,1.6799,40.0704,5.5556,20.0,26.4517,v_mine
50.0,-5.0,low_friction,0.2,empty,74000.0,nominal,0.45,low,3.0,1.6667,4.05,5.5556,20.0,27.2851,v_mine
50.0,-5.0,low_friction,0.2,empty,74000.0,nominal,0.45,medium_site,5.56,1.6692,11.762,5.5556,20.0,27.2851,v_mine
50.0,-5.0,low_friction,0.2,empty,74000.0,nominal,0.45,high_max,11.11,1.6799,41.7369,5.5556,20.0,27.2851,v_mine
50.0,-5.0,low_friction,0.2,empty,74000.0,high_human,1.2,low,3.0,1.6667,6.3,5.5556,20.0,31.4517,v_mine
50.0,-5.0,low_friction,0.2,empty,74000.0,high_human,1.2,medium_site,5.56,1.6692,15.932,5.5556,20.0,31.4517,v_mine
50.0,-5.0,low_friction,0.2,empty,74000.0,high_human,1.2,high_max,11.11,1.6799,50.0694,5.5556,20.0,31.4517,v_mine
50.0,-5.0,low_friction,0.2,medium,119750.0,low,0.3,low,3.0,1.6663,3.6007,5.5556,20.0,26.4517,v_mine
50.0,-5.0,low_friction,0.2,medium,119750.0,low,0.3,medium_site,5.56,1.6678,10.9356,5.5556,20.0,26.4517,v_mine
50.0,-5.0,low_friction,0.2,medium,119750.0,low,0.3,high_max,11.11,1.6745,40.1903,5.5556,20.0,26.4517,v_mine
50.0,-5.0,low_friction,0.2,medium,119750.0,nominal,0.45,low,3.0,1.6663,4.0507,5.5556,20.0,27.2851,v_mine
50.0,-5.0,low_friction,0.2,medium,119750.0,nominal,0.45,medium_site,5.56,1.6678,11.7696,5.5556,20.0,27.2851,v_mine
50.0,-5.0,low_friction,0.2,medium,119750.0,nominal,0.45,high_max,11.11,1.6745,41.8568,5.5556,20.0,27.2851,v_mine
50.0,-5.0,low_friction,0.2,medium,119750.0,high_human,1.2,low,3.0,1.6663,6.3007,5.5556,20.0,31.4517,v_mine
50.0,-5.0,low_friction,0.2,medium,119750.0,high_human,1.2,medium_site,5.56,1.6678,15.9396,5.5556,20.0,31.4517,v_mine
50.0,-5.0,low_friction,0.2,medium,119750.0,high_human,1.2,high_max,11.11,1.6745,50.1893,5.5556,20.0,31.4517,v_mine
50.0,-5.0,low_friction,0.2,max_gross,165500.0,low,0.3,low,3.0,1.6661,3.6009,5.5556,20.0,26.4517,v_mine
50.0,-5.0,low_friction,0.2,max_gross,165500.0,low,0.3,medium_site,5.56,1.6672,10.939,5.5556,20.0,26.4517,v_mine
50.0,-5.0,low_friction,0.2,max_gross,165500.0,low,0.3,high_max,11.11,1.672,40.2442,5.5556,20.0,26.4517,v_mine
50.0,-5.0,low_friction,0.2,max_gross,165500.0,nominal,0.45,low,3.0,1.6661,4.0509,5.5556,20.0,27.2851,v_mine
50.0,-5.0,low_friction,0.2,max_gross,165500.0,nominal,0.45,medium_site,5.56,1.6672,11.773,5.5556,20.0,27.2851,v_mine
50.0,-5.0,low_friction,0.2,max_gross,165500.0,nominal,0.45,high_max,11.11,1.672,41.9107,5.5556,20.0,27.2851,v_mine
50.0,-5.0,low_friction,0.2,max_gross,165500.0,high_human,1.2,low,3.0,1.6661,6.3009,5.5556,20.0,31.4517,v_mine
50.0,-5.0,low_friction,0.2,max_gross,165500.0,high_human,1.2,medium_site,5.56,1.6672,15.943,5.5556,20.0,31.4517,v_mine
50.0,-5.0,low_friction,0.2,max_gross,165500.0,high_human,1.2,high_max,11.11,1.672,50.2432,5.5556,20.0,31.4517,v_mine
50.0,-8.0,dry_high,0.65,empty,74000.0,low,0.3,low,3.0,5.7705,1.6798,5.5556,20.0,19.8615,v_mine
50.0,-8.0,dry_high,0.65,empty,74000.0,low,0.3,medium_site,5.56,5.773,4.3454,5.5556,20.0,19.8615,v_mine
50.0,-8.0,dry_high,0.65,empty,74000.0,low,0.3,high_max,11.11,5.7838,14.0036,5.5556,20.0,19.8615,v_mine
50.0,-8.0,dry_high,0.65,empty,74000.0,nominal,0.45,low,3.0,5.7705,2.1298,5.5556,20.0,20.6948,v_mine
50.0,-8.0,dry_high,0.65,empty,74000.0,nominal,0.45,medium_site,5.56,5.773,5.1794,5.5556,20.0,20.6948,v_mine
50.0,-8.0,dry_high,0.65,empty,74000.0,nominal,0.45,high_max,11.11,5.7838,15.6701,5.5556,20.0,20.6948,v_mine
50.0,-8.0,dry_high,0.65,empty,74000.0,high_human,1.2,low,3.0,5.7705,4.3798,5.5556,20.0,24.8615,v_mine
50.0,-8.0,dry_high,0.65,empty,74000.0,high_human,1.2,medium_site,5.56,5.773,9.3494,5.5556,20.0,24.8615,v_mine
50.0,-8.0,dry_high,0.65,empty,74000.0,high_human,1.2,high_max,11.11,5.7838,24.0026,5.5556,20.0,24.8615,v_mine
50.0,-8.0,dry_high,0.65,medium,119750.0,low,0.3,low,3.0,4.0068,2.0231,5.5556,20.0,21.0387,v_mine
50.0,-8.0,dry_high,0.65,medium,119750.0,low,0.3,medium_site,5.56,4.0084,5.5241,5.5556,20.0,21.0387,v_mine
50.0,-8.0,dry_high,0.65,medium,119750.0,low,0.3,high_max,11.11,4.015,18.7043,5.5556,20.0,21.0387,v_mine
50.0,-8.0,dry_high,0.65,medium,119750.0,nominal,0.45,low,3.0,4.0068,2.4731,5.5556,20.0,21.8721,v_mine
50.0,-8.0,dry_high,0.65,medium,119750.0,nominal,0.45,medium_site,5.56,4.0084,6.3581,5.5556,20.0,21.8721,v_mine
50.0,-8.0,dry_high,0.65,medium,119750.0,nominal,0.45,high_max,11.11,4.015,20.3708,5.5556,20.0,21.8721,v_mine
50.0,-8.0,dry_high,0.65,medium,119750.0,high_human,1.2,low,3.0,4.0068,4.7231,5.5556,20.0,26.0387,v_mine
50.0,-8.0,dry_high,0.65,medium,119750.0,high_human,1.2,medium_site,5.56,4.0084,10.5281,5.5556,20.0,26.0387,v_mine
50.0,-8.0,dry_high,0.65,medium,119750.0,high_human,1.2,high_max,11.11,4.015,28.7033,5.5556,20.0,26.0387,v_mine
50.0,-8.0,dry_high,0.65,max_gross,165500.0,low,0.3,low,3.0,2.737,2.5441,5.5556,20.0,22.8259,v_mine
50.0,-8.0,dry_high,0.65,max_gross,165500.0,low,0.3,medium_site,5.56,2.7381,7.313,5.5556,20.0,22.8259,v_mine
50.0,-8.0,dry_high,0.65,max_gross,165500.0,low,0.3,high_max,11.11,2.7429,25.833,5.5556,20.0,22.8259,v_mine
50.0,-8.0,dry_high,0.65,max_gross,165500.0,nominal,0.45,low,3.0,2.737,2.9941,5.5556,20.0,23.6593,v_mine
50.0,-8.0,dry_high,0.65,max_gross,165500.0,nominal,0.45,medium_site,5.56,2.7381,8.147,5.5556,20.0,23.6593,v_mine
50.0,-8.0,dry_high,0.65,max_gross,165500.0,nominal,0.45,high_max,11.11,2.7429,27.4995,5.5556,20.0,23.6593,v_mine
50.0,-8.0,dry_high,0.65,max_gross,165500.0,high_human,1.2,low,3.0,2.737,5.2441,5.5556,20.0,27.8259,v_mine
50.0,-8.0,dry_high,0.65,max_gross,165500.0,high_human,1.2,medium_site,5.56,2.7381,12.317,5.5556,20.0,27.8259,v_mine
50.0,-8.0,dry_high,0.65,max_gross,165500.0,high_human,1.2,high_max,11.11,2.7429,35.832,5.5556,20.0,27.8259,v_mine
50.0,-8.0,moderate,0.45,empty,74000.0,low,0.3,low,3.0,3.8148,2.0796,5.5556,20.0,21.2331,v_mine
50.0,-8.0,moderate,0.45,empty,74000.0,low,0.3,medium_site,5.56,3.8173,5.7171,5.5556,20.0,21.2331,v_mine
50.0,-8.0,moderate,0.45,empty,74000.0,low,0.3,high_max,11.11,3.828,19.4552,5.5556,20.0,21.2331,v_mine
50.0,-8.0,moderate,0.45,empty,74000.0,nominal,0.45,low,3.0,3.8148,2.5296,5.5556,20.0,22.0665,v_mine
50.0,-8.0,moderate,0.45,empty,74000.0,nominal,0.45,medium_site,5.56,3.8173,6.5511,5.5556,20.0,22.0665,v_mine
50.0,-8.0,moderate,0.45,empty,74000.0,nominal,0.45,high_max,11.11,3.828,21.1217,5.5556,20.0,22.0665,v_mine
50.0,-8.0,moderate,0.45,empty,74000.0,high_human,1.2,low,3.0,3.8148,4.7796,5.5556,20.0,26.2331,v_mine
50.0,-8.0,moderate,0.45,empty,74000.0,high_human,1.2,medium_site,5.56,3.8173,10.7211,5.5556,20.0,26.2331,v_mine
50.0,-8.0,moderate,0.45,empty,74000.0,high_human,1.2,high_max,11.11,3.828,29.4542,5.5556,20.0,26.2331,v_mine
50.0,-8.0,moderate,0.45,medium,119750.0,low,0.3,low,3.0,3.8144,2.0798,5.5556,20.0,21.2331,v_mine
50.0,-8.0,moderate,0.45,medium,119750.0,low,0.3,medium_site,5.56,3.8159,5.7186,5.5556,20.0,21.2331,v_mine
50.0,-8.0,moderate,0.45,medium,119750.0,low,0.3,high_max,11.11,3.8226,19.4782,5.5556,20.0,21.2331,v_mine
50.0,-8.0,moderate,0.45,medium,119750.0,nominal,0.45,low,3.0,3.8144,2.5298,5.5556,20.0,22.0665,v_mine
50.0,-8.0,moderate,0.45,medium,119750.0,nominal,0.45,medium_site,5.56,3.8159,6.5526,5.5556,20.0,22.0665,v_mine
50.0,-8.0,moderate,0.45,medium,119750.0,nominal,0.45,high_max,11.11,3.8226,21.1447,5.5556,20.0,22.0665,v_mine
50.0,-8.0,moderate,0.45,medium,119750.0,high_human,1.2,low,3.0,3.8144,4.7798,5.5556,20.0,26.2331,v_mine
50.0,-8.0,moderate,0.45,medium,119750.0,high_human,1.2,medium_site,5.56,3.8159,10.7226,5.5556,20.0,26.2331,v_mine
50.0,-8.0,moderate,0.45,medium,119750.0,high_human,1.2,high_max,11.11,3.8226,29.4772,5.5556,20.0,26.2331,v_mine
50.0,-8.0,moderate,0.45,max_gross,165500.0,low,0.3,low,3.0,2.737,2.5441,5.5556,20.0,22.8259,v_mine
50.0,-8.0,moderate,0.45,max_gross,165500.0,low,0.3,medium_site,5.56,2.7381,7.313,5.5556,20.0,22.8259,v_mine
50.0,-8.0,moderate,0.45,max_gross,165500.0,low,0.3,high_max,11.11,2.7429,25.833,5.5556,20.0,22.8259,v_mine
50.0,-8.0,moderate,0.45,max_gross,165500.0,nominal,0.45,low,3.0,2.737,2.9941,5.5556,20.0,23.6593,v_mine
50.0,-8.0,moderate,0.45,max_gross,165500.0,nominal,0.45,medium_site,5.56,2.7381,8.147,5.5556,20.0,23.6593,v_mine
50.0,-8.0,moderate,0.45,max_gross,165500.0,nominal,0.45,high_max,11.11,2.7429,27.4995,5.5556,20.0,23.6593,v_mine
50.0,-8.0,moderate,0.45,max_gross,165500.0,high_human,1.2,low,3.0,2.737,5.2441,5.5556,20.0,27.8259,v_mine
50.0,-8.0,moderate,0.45,max_gross,165500.0,high_human,1.2,medium_site,5.56,2.7381,12.317,5.5556,20.0,27.8259,v_mine
50.0,-8.0,moderate,0.45,max_gross,165500.0,high_human,1.2,high_max,11.11,2.7429,35.832,5.5556,20.0,27.8259,v_mine
50.0,-8.0,wet,0.35,empty,74000.0,low,0.3,low,3.0,2.8369,2.4862,5.5556,20.0,22.6285,v_mine
50.0,-8.0,wet,0.35,empty,74000.0,low,0.3,medium_site,5.56,2.8394,7.1116,5.5556,20.0,22.6285,v_mine
50.0,-8.0,wet,0.35,empty,74000.0,low,0.3,high_max,11.11,2.8501,24.9867,5.5556,20.0,22.6285,v_mine
50.0,-8.0,wet,0.35,empty,74000.0,nominal,0.45,low,3.0,2.8369,2.9362,5.5556,20.0,23.4618,v_mine
50.0,-8.0,wet,0.35,empty,74000.0,nominal,0.45,medium_site,5.56,2.8394,7.9456,5.5556,20.0,23.4618,v_mine
50.0,-8.0,wet,0.35,empty,74000.0,nominal,0.45,high_max,11.11,2.8501,26.6532,5.5556,20.0,23.4618,v_mine
50.0,-8.0,wet,0.35,empty,74000.0,high_human,1.2,low,3.0,2.8369,5.1862,5.5556,20.0,27.6285,v_mine
50.0,-8.0,wet,0.35,empty,74000.0,high_human,1.2,medium_site,5.56,2.8394,12.1156,5.5556,20.0,27.6285,v_mine
50.0,-8.0,wet,0.35,empty,74000.0,high_human,1.2,high_max,11.11,2.8501,34.9857,5.5556,20.0,27.6285,v_mine
50.0,-8.0,wet,0.35,medium,119750.0,low,0.3,low,3.0,2.8365,2.4865,5.5556,20.0,22.6285,v_mine
50.0,-8.0,wet,0.35,medium,119750.0,low,0.3,medium_site,5.56,2.8381,7.1143,5.5556,20.0,22.6285,v_mine
50.0,-8.0,wet,0.35,medium,119750.0,low,0.3,high_max,11.11,2.8447,25.0283,5.5556,20.0,22.6285,v_mine
50.0,-8.0,wet,0.35,medium,119750.0,nominal,0.45,low,3.0,2.8365,2.9365,5.5556,20.0,23.4618,v_mine
50.0,-8.0,wet,0.35,medium,119750.0,nominal,0.45,medium_site,5.56,2.8381,7.9483,5.5556,20.0,23.4618,v_mine
50.0,-8.0,wet,0.35,medium,119750.0,nominal,0.45,high_max,11.11,2.8447,26.6948,5.5556,20.0,23.4618,v_mine
50.0,-8.0,wet,0.35,medium,119750.0,high_human,1.2,low,3.0,2.8365,5.1865,5.5556,20.0,27.6285,v_mine
50.0,-8.0,wet,0.35,medium,119750.0,high_human,1.2,medium_site,5.56,2.8381,12.1183,5.5556,20.0,27.6285,v_mine
50.0,-8.0,wet,0.35,medium,119750.0,high_human,1.2,high_max,11.11,2.8447,35.0273,5.5556,20.0,27.6285,v_mine
50.0,-8.0,wet,0.35,max_gross,165500.0,low,0.3,low,3.0,2.737,2.5441,5.5556,20.0,22.8259,v_mine
50.0,-8.0,wet,0.35,max_gross,165500.0,low,0.3,medium_site,5.56,2.7381,7.313,5.5556,20.0,22.8259,v_mine
50.0,-8.0,wet,0.35,max_gross,165500.0,low,0.3,high_max,11.11,2.7429,25.833,5.5556,20.0,22.8259,v_mine
50.0,-8.0,wet,0.35,max_gross,165500.0,nominal,0.45,low,3.0,2.737,2.9941,5.5556,20.0,23.6593,v_mine
50.0,-8.0,wet,0.35,max_gross,165500.0,nominal,0.45,medium_site,5.56,2.7381,8.147,5.5556,20.0,23.6593,v_mine
50.0,-8.0,wet,0.35,max_gross,165500.0,nominal,0.45,high_max,11.11,2.7429,27.4995,5.5556,20.0,23.6593,v_mine
50.0,-8.0,wet,0.35,max_gross,165500.0,high_human,1.2,low,3.0,2.737,5.2441,5.5556,20.0,27.8259,v_mine
50.0,-8.0,wet,0.35,max_gross,165500.0,high_human,1.2,medium_site,5.56,2.7381,12.317,5.5556,20.0,27.8259,v_mine
50.0,-8.0,wet,0.35,max_gross,165500.0,high_human,1.2,high_max,11.11,2.7429,35.832,5.5556,20.0,27.8259,v_mine
50.0,-8.0,low_friction,0.2,empty,74000.0,low,0.3,low,3.0,1.3701,4.1845,5.5556,20.0,28.459,v_mine
50.0,-8.0,low_friction,0.2,empty,74000.0,low,0.3,medium_site,5.56,1.3726,12.9289,5.5556,20.0,28.459,v_mine
50.0,-8.0,low_friction,0.2,empty,74000.0,low,0.3,high_max,11.11,1.3833,47.9471,5.5556,20.0,28.459,v_mine
50.0,-8.0,low_friction,0.2,empty,74000.0,nominal,0.45,low,3.0,1.3701,4.6345,5.5556,20.0,29.2923,v_mine
50.0,-8.0,low_friction,0.2,empty,74000.0,nominal,0.45,medium_site,5.56,1.3726,13.7629,5.5556,20.0,29.2923,v_mine
50.0,-8.0,low_friction,0.2,empty,74000.0,nominal,0.45,high_max,11.11,1.3833,49.6136,5.5556,20.0,29.2923,v_mine
50.0,-8.0,low_friction,0.2,empty,74000.0,high_human,1.2,low,3.0,1.3701,6.8845,5.5556,20.0,33.459,v_mine
50.0,-8.0,low_friction,0.2,empty,74000.0,high_human,1.2,medium_site,5.56,1.3726,17.9329,5.5556,20.0,33.459,v_mine
50.0,-8.0,low_friction,0.2,empty,74000.0,high_human,1.2,high_max,11.11,1.3833,57.9461,5.5556,20.0,33.459,v_mine
50.0,-8.0,low_friction,0.2,medium,119750.0,low,0.3,low,3.0,1.3697,4.1855,5.5556,20.0,28.459,v_mine
50.0,-8.0,low_friction,0.2,medium,119750.0,low,0.3,medium_site,5.56,1.3712,12.9401,5.5556,20.0,28.459,v_mine
50.0,-8.0,low_friction,0.2,medium,119750.0,low,0.3,high_max,11.11,1.3779,48.1241,5.5556,20.0,28.459,v_mine
50.0,-8.0,low_friction,0.2,medium,119750.0,nominal,0.45,low,3.0,1.3697,4.6355,5.5556,20.0,29.2923,v_mine
50.0,-8.0,low_friction,0.2,medium,119750.0,nominal,0.45,medium_site,5.56,1.3712,13.7741,5.5556,20.0,29.2923,v_mine
50.0,-8.0,low_friction,0.2,medium,119750.0,nominal,0.45,high_max,11.11,1.3779,49.7906,5.5556,20.0,29.2923,v_mine
50.0,-8.0,low_friction,0.2,medium,119750.0,high_human,1.2,low,3.0,1.3697,6.8855,5.5556,20.0,33.459,v_mine
50.0,-8.0,low_friction,0.2,medium,119750.0,high_human,1.2,medium_site,5.56,1.3712,17.9441,5.5556,20.0,33.459,v_mine
50.0,-8.0,low_friction,0.2,medium,119750.0,high_human,1.2,high_max,11.11,1.3779,58.1231,5.5556,20.0,33.459,v_mine
50.0,-8.0,low_friction,0.2,max_gross,165500.0,low,0.3,low,3.0,1.3695,4.1859,5.5556,20.0,28.459,v_mine
50.0,-8.0,low_friction,0.2,max_gross,165500.0,low,0.3,medium_site,5.56,1.3706,12.9452,5.5556,20.0,28.459,v_mine
50.0,-8.0,low_friction,0.2,max_gross,165500.0,low,0.3,high_max,11.11,1.3754,48.2036,5.5556,20.0,28.459,v_mine
50.0,-8.0,low_friction,0.2,max_gross,165500.0,nominal,0.45,low,3.0,1.3695,4.6359,5.5556,20.0,29.2923,v_mine
50.0,-8.0,low_friction,0.2,max_gross,165500.0,nominal,0.45,medium_site,5.56,1.3706,13.7792,5.5556,20.0,29.2923,v_mine
50.0,-8.0,low_friction,0.2,max_gross,165500.0,nominal,0.45,high_max,11.11,1.3754,49.8701,5.5556,20.0,29.2923,v_mine
50.0,-8.0,low_friction,0.2,max_gross,165500.0,high_human,1.2,low,3.0,1.3695,6.8859,5.5556,20.0,33.459,v_mine
50.0,-8.0,low_friction,0.2,max_gross,165500.0,high_human,1.2,medium_site,5.56,1.3706,17.9492,5.5556,20.0,33.459,v_mine
50.0,-8.0,low_friction,0.2,max_gross,165500.0,high_human,1.2,high_max,11.11,1.3754,58.2026,5.5556,20.0,33.459,v_mine
25.0,8.0,dry_high,0.65,empty,74000.0,low,0.3,low,3.0,7.3351,1.5135,5.5556,20.0,19.2908,v_mine
25.0,8.0,dry_high,0.65,empty,74000.0,low,0.3,medium_site,5.56,7.3377,3.7745,5.5556,20.0,19.2908,v_mine
25.0,8.0,dry_high,0.65,empty,74000.0,low,0.3,high_max,11.11,7.3484,11.7316,5.5556,20.0,19.2908,v_mine
25.0,8.0,dry_high,0.65,empty,74000.0,nominal,0.45,low,3.0,7.3351,1.9635,5.5556,20.0,20.1242,v_mine
25.0,8.0,dry_high,0.65,empty,74000.0,nominal,0.45,medium_site,5.56,7.3377,4.6085,5.5556,20.0,20.1242,v_mine
25.0,8.0,dry_high,0.65,empty,74000.0,nominal,0.45,high_max,11.11,7.3484,13.3981,5.5556,20.0,20.1242,v_mine
25.0,8.0,dry_high,0.65,empty,74000.0,high_human,1.2,low,3.0,7.3351,4.2135,5.5556,20.0,24.2908,v_mine
25.0,8.0,dry_high,0.65,empty,74000.0,high_human,1.2,medium_site,5.56,7.3377,8.7785,5.5556,20.0,24.2908,v_mine
25.0,8.0,dry_high,0.65,empty,74000.0,high_human,1.2,high_max,11.11,7.3484,21.7306,5.5556,20.0,24.2908,v_mine
25.0,8.0,dry_high,0.65,medium,119750.0,low,0.3,low,3.0,5.5714,1.7077,5.5556,20.0,19.9569,v_mine
25.0,8.0,dry_high,0.65,medium,119750.0,low,0.3,medium_site,5.56,5.573,4.4415,5.5556,20.0,19.9569,v_mine
25.0,8.0,dry_high,0.65,medium,119750.0,low,0.3,high_max,11.11,5.5796,14.394,5.5556,20.0,19.9569,v_mine
25.0,8.0,dry_high,0.65,medium,119750.0,nominal,0.45,low,3.0,5.5714,2.1577,5.5556,20.0,20.7902,v_mine
25.0,8.0,dry_high,0.65,medium,119750.0,nominal,0.45,medium_site,5.56,5.573,5.2755,5.5556,20.0,20.7902,v_mine
25.0,8.0,dry_high,0.65,medium,119750.0,nominal,0.45,high_max,11.11,5.5796,16.0605,5.5556,20.0,20.7902,v_mine
25.0,8.0,dry_high,0.65,medium,119750.0,high_human,1.2,low,3.0,5.5714,4.4077,5.5556,20.0,24.9569,v_mine
25.0,8.0,dry_high,0.65,medium,119750.0,high_human,1.2,medium_site,5.56,5.573,9.4455,5.5556,20.0,24.9569,v_mine
25.0,8.0,dry_high,0.65,medium,119750.0,high_human,1.2,high_max,11.11,5.5796,24.393,5.5556,20.0,24.9569,v_mine
25.0,8.0,dry_high,0.65,max_gross,165500.0,low,0.3,low,3.0,4.3016,1.9461,5.5556,20.0,20.7746,v_mine
25.0,8.0,dry_high,0.65,max_gross,165500.0,low,0.3,medium_site,5.56,4.3027,5.2603,5.5556,20.0,20.7746,v_mine
25.0,8.0,dry_high,0.65,max_gross,165500.0,low,0.3,high_max,11.11,4.3075,17.6605,5.5556,20.0,20.7746,v_mine
25.0,8.0,dry_high,0.65,max_gross,165500.0,nominal,0.45,low,3.0,4.3016,2.3961,5.5556,20.0,21.6079,v_mine
25.0,8.0,dry_high,0.65,max_gross,165500.0,nominal,0.45,medium_site,5.56,4.3027,6.0943,5.5556,20.0,21.6079,v_mine
25.0,8.0,dry_high,0.65,max_gross,165500.0,nominal,0.45,high_max,11.11,4.3075,19.327,5.5556,20.0,21.6079,v_mine
25.0,8.0,dry_high,0.65,max_gross,165500.0,high_human,1.2,low,3.0,4.3016,4.6461,5.5556,20.0,25.7746,v_mine
25.0,8.0,dry_high,0.65,max_gross,165500.0,high_human,1.2,medium_site,5.56,4.3027,10.2643,5.5556,20.0,25.7746,v_mine
25.0,8.0,dry_high,0.65,max_gross,165500.0,high_human,1.2,high_max,11.11,4.3075,27.6595,5.5556,20.0,25.7746,v_mine
25.0,8.0,moderate,0.45,empty,74000.0,low,0.3,low,3.0,5.3794,1.7365,5.5556,20.0,20.056,v_mine
25.0,8.0,moderate,0.45,empty,74000.0,low,0.3,medium_site,5.56,5.3819,4.54,5.5556,20.0,20.056,v_mine
25.0,8.0,moderate,0.45,empty,74000.0,low,0.3,high_max,11.11,5.3926,14.7775,5.5556,20.0,20.056,v_mine
25.0,8.0,moderate,0.45,empty,74000.0,nominal,0.45,low,3.0,5.3794,2.1865,5.5556,20.0,20.8893,v_mine
25.0,8.0,moderate,0.45,empty,74000.0,nominal,0.45,medium_site,5.56,5.3819,5.374,5.5556,20.0,20.8893,v_mine
25.0,8.0,moderate,0.45,empty,74000.0,nominal,0.45,high_max,11.11,5.3926,16.444,5.5556,20.0,20.8893,v_mine
25.0,8.0,moderate,0.45,empty,74000.0,high_human,1.2,low,3.0,5.3794,4.4365,5.5556,20.0,25.056,v_mine
25.0,8.0,moderate,0.45,empty,74000.0,high_human,1.2,medium_site,5.56,5.3819,9.544,5.5556,20.0,25.056,v_mine
25.0,8.0,moderate,0.45,empty,74000.0,high_human,1.2,high_max,11.11,5.3926,24.7765,5.5556,20.0,25.056,v_mine
25.0,8.0,moderate,0.45,medium,119750.0,low,0.3,low,3.0,5.379,1.7366,5.5556,20.0,20.056,v_mine
25.0,8.0,moderate,0.45,medium,119750.0,low,0.3,medium_site,5.56,5.3805,4.5407,5.5556,20.0,20.056,v_mine
25.0,8.0,moderate,0.45,medium,119750.0,low,0.3,high_max,11.11,5.3872,14.7891,5.5556,20.0,20.056,v_mine
25.0,8.0,moderate,0.45,medium,119750.0,nominal,0.45,low,3.0,5.379,2.1866,5.5556,20.0,20.8893,v_mine
25.0,8.0,moderate,0.45,medium,119750.0,nominal,0.45,medium_site,5.56,5.3805,5.3747,5.5556,20.0,20.8893,v_mine
25.0,8.0,moderate,0.45,medium,119750.0,nominal,0.45,high_max,11.11,5.3872,16.4556,5.5556,20.0,20.8893,v_mine
25.0,8.0,moderate,0.45,medium,119750.0,high_human,1.2,low,3.0,5.379,4.4366,5.5556,20.0,25.056,v_mine
25.0,8.0,moderate,0.45,medium,119750.0,high_human,1.2,medium_site,5.56,5.3805,9.5447,5.5556,20.0,25.056,v_mine
25.0,8.0,moderate,0.45,medium,119750.0,high_human,1.2,high_max,11.11,5.3872,24.7881,5.5556,20.0,25.056,v_mine
25.0,8.0,moderate,0.45,max_gross,165500.0,low,0.3,low,3.0,4.3016,1.9461,5.5556,20.0,20.7746,v_mine
25.0,8.0,moderate,0.45,max_gross,165500.0,low,0.3,medium_site,5.56,4.3027,5.2603,5.5556,20.0,20.7746,v_mine
25.0,8.0,moderate,0.45,max_gross,165500.0,low,0.3,high_max,11.11,4.3075,17.6605,5.5556,20.0,20.7746,v_mine
25.0,8.0,moderate,0.45,max_gross,165500.0,nominal,0.45,low,3.0,4.3016,2.3961,5.5556,20.0,21.6079,v_mine
25.0,8.0,moderate,0.45,max_gross,165500.0,nominal,0.45,medium_site,5.56,4.3027,6.0943,5.5556,20.0,21.6079,v_mine
25.0,8.0,moderate,0.45,max_gross,165500.0,nominal,0.45,high_max,11.11,4.3075,19.327,5.5556,20.0,21.6079,v_mine
25.0,8.0,moderate,0.45,max_gross,165500.0,high_human,1.2,low,3.0,4.3016,4.6461,5.5556,20.0,25.7746,v_mine
25.0,8.0,moderate,0.45,max_gross,165500.0,high_human,1.2,medium_site,5.56,4.3027,10.2643,5.5556,20.0,25.7746,v_mine
25.0,8.0,moderate,0.45,max_gross,165500.0,high_human,1.2,high_max,11.11,4.3075,27.6595,5.5556,20.0,25.7746,v_mine
25.0,8.0,wet,0.35,empty,74000.0,low,0.3,low,3.0,4.4015,1.9224,5.5556,20.0,20.6936,v_mine
25.0,8.0,wet,0.35,empty,74000.0,low,0.3,medium_site,5.56,4.404,5.1777,5.5556,20.0,20.6936,v_mine
25.0,8.0,wet,0.35,empty,74000.0,low,0.3,high_max,11.11,4.4147,17.3125,5.5556,20.0,20.6936,v_mine
25.0,8.0,wet,0.35,empty,74000.0,nominal,0.45,low,3.0,4.4015,2.3724,5.5556,20.0,21.5269,v_mine
25.0,8.0,wet,0.35,empty,74000.0,nominal,0.45,medium_site,5.56,4.404,6.0117,5.5556,20.0,21.5269,v_mine
25.0,8.0,wet,0.35,empty,74000.0,nominal,0.45,high_max,11.11,4.4147,18.979,5.5556,20.0,21.5269,v_mine
25.0,8.0,wet,0.35,empty,74000.0,high_human,1.2,low,3.0,4.4015,4.6224,5.5556,20.0,25.6936,v_mine
25.0,8.0,wet,0.35,empty,74000.0,high_human,1.2,medium_site,5.56,4.404,10.1817,5.5556,20.0,25.6936,v_mine
25.0,8.0,wet,0.35,empty,74000.0,high_human,1.2,high_max,11.11,4.4147,27.3115,5.5556,20.0,25.6936,v_mine
25.0,8.0,wet,0.35,medium,119750.0,low,0.3,low,3.0,4.4011,1.9225,5.5556,20.0,20.6936,v_mine
25.0,8.0,wet,0.35,medium,119750.0,low,0.3,medium_site,5.56,4.4027,5.1788,5.5556,20.0,20.6936,v_mine
25.0,8.0,wet,0.35,medium,119750.0,low,0.3,high_max,11.11,4.4093,17.3299,5.5556,20.0,20.6936,v_mine
25.0,8.0,wet,0.35,medium,119750.0,nominal,0.45,low,3.0,4.4011,2.3725,5.5556,20.0,21.5269,v_mine
25.0,8.0,wet,0.35,medium,119750.0,nominal,0.45,medium_site,5.56,4.4027,6.0128,5.5556,20.0,21.5269,v_mine
25.0,8.0,wet,0.35,medium,119750.0,nominal,0.45,high_max,11.11,4.4093,18.9964,5.5556,20.0,21.5269,v_mine
25.0,8.0,wet,0.35,medium,119750.0,high_human,1.2,low,3.0,4.4011,4.6225,5.5556,20.0,25.6936,v_mine
25.0,8.0,wet,0.35,medium,119750.0,high_human,1.2,medium_site,5.56,4.4027,10.1828,5.5556,20.0,25.6936,v_mine
25.0,8.0,wet,0.35,medium,119750.0,high_human,1.2,high_max,11.11,4.4093,27.3289,5.5556,20.0,25.6936,v_mine
25.0,8.0,wet,0.35,max_gross,165500.0,low,0.3,low,3.0,4.3016,1.9461,5.5556,20.0,20.7746,v_mine
25.0,8.0,wet,0.35,max_gross,165500.0,low,0.3,medium_site,5.56,4.3027,5.2603,5.5556,20.0,20.7746,v_mine
25.0,8.0,wet,0.35,max_gross,165500.0,low,0.3,high_max,11.11,4.3075,17.6605,5.5556,20.0,20.7746,v_mine
25.0,8.0,wet,0.35,max_gross,165500.0,nominal,0.45,low,3.0,4.3016,2.3961,5.5556,20.0,21.6079,v_mine
25.0,8.0,wet,0.35,max_gross,165500.0,nominal,0.45,medium_site,5.56,4.3027,6.0943,5.5556,20.0,21.6079,v_mine
25.0,8.0,wet,0.35,max_gross,165500.0,nominal,0.45,high_max,11.11,4.3075,19.327,5.5556,20.0,21.6079,v_mine
25.0,8.0,wet,0.35,max_gross,165500.0,high_human,1.2,low,3.0,4.3016,4.6461,5.5556,20.0,25.7746,v_mine
25.0,8.0,wet,0.35,max_gross,165500.0,high_human,1.2,medium_site,5.56,4.3027,10.2643,5.5556,20.0,25.7746,v_mine
25.0,8.0,wet,0.35,max_gross,165500.0,high_human,1.2,high_max,11.11,4.3075,27.6595,5.5556,20.0,25.7746,v_mine
25.0,8.0,low_friction,0.2,empty,74000.0,low,0.3,low,3.0,2.9347,2.4334,5.5556,20.0,22.4471,v_mine
25.0,8.0,low_friction,0.2,empty,74000.0,low,0.3,medium_site,5.56,2.9372,6.9304,5.5556,20.0,22.4471,v_mine
25.0,8.0,low_friction,0.2,empty,74000.0,low,0.3,high_max,11.11,2.9479,24.2684,5.5556,20.0,22.4471,v_mine
25.0,8.0,low_friction,0.2,empty,74000.0,nominal,0.45,low,3.0,2.9347,2.8834,5.5556,20.0,23.2804,v_mine
25.0,8.0,low_friction,0.2,empty,74000.0,nominal,0.45,medium_site,5.56,2.9372,7.7644,5.5556,20.0,23.2804,v_mine
25.0,8.0,low_friction,0.2,empty,74000.0,nominal,0.45,high_max,11.11,2.9479,25.9349,5.5556,20.0,23.2804,v_mine
25.0,8.0,low_friction,0.2,empty,74000.0,high_human,1.2,low,3.0,2.9347,5.1334,5.5556,20.0,27.4471,v_mine
25.0,8.0,low_friction,0.2,empty,74000.0,high_human,1.2,medium_site,5.56,2.9372,11.9344,5.5556,20.0,27.4471,v_mine
25.0,8.0,low_friction,0.2,empty,74000.0,high_human,1.2,high_max,11.11,2.9479,34.2674,5.5556,20.0,27.4471,v_mine
25.0,8.0,low_friction,0.2,medium,119750.0,low,0.3,low,3.0,2.9343,2.4336,5.5556,20.0,22.4471,v_mine
25.0,8.0,low_friction,0.2,medium,119750.0,low,0.3,medium_site,5.56,2.9358,6.9329,5.5556,20.0,22.4471,v_mine
25.0,8.0,low_friction,0.2,medium,119750.0,low,0.3,high_max,11.11,2.9425,24.3073,5.5556,20.0,22.4471,v_mine
25.0,8.0,low_friction,0.2,medium,119750.0,nominal,0.45,low,3.0,2.9343,2.8836,5.5556,20.0,23.2804,v_mine
25.0,8.0,low_friction,0.2,medium,119750.0,nominal,0.45,medium_site,5.56,2.9358,7.7669,5.5556,20.0,23.2804,v_mine
25.0,8.0,low_friction,0.2,medium,119750.0,nominal,0.45,high_max,11.11,2.9425,25.9738,5.5556,20.0,23.2804,v_mine
25.0,8.0,low_friction,0.2,medium,119750.0,high_human,1.2,low,3.0,2.9343,5.1336,5.5556,20.0,27.4471,v_mine
25.0,8.0,low_friction,0.2,medium,119750.0,high_human,1.2,medium_site,5.56,2.9358,11.9369,5.5556,20.0,27.4471,v_mine
25.0,8.0,low_friction,0.2,medium,119750.0,high_human,1.2,high_max,11.11,2.9425,34.3063,5.5556,20.0,27.4471,v_mine
25.0,8.0,low_friction,0.2,max_gross,165500.0,low,0.3,low,3.0,2.9341,2.4337,5.5556,20.0,22.4471,v_mine
25.0,8.0,low_friction,0.2,max_gross,165500.0,low,0.3,medium_site,5.56,2.9352,6.934,5.5556,20.0,22.4471,v_mine
25.0,8.0,low_friction,0.2,max_gross,165500.0,low,0.3,high_max,11.11,2.94,24.3247,5.5556,20.0,22.4471,v_mine
25.0,8.0,low_friction,0.2,max_gross,165500.0,nominal,0.45,low,3.0,2.9341,2.8837,5.5556,20.0,23.2804,v_mine
25.0,8.0,low_friction,0.2,max_gross,165500.0,nominal,0.45,medium_site,5.56,2.9352,7.768,5.5556,20.0,23.2804,v_mine
25.0,8.0,low_friction,0.2,max_gross,165500.0,nominal,0.45,high_max,11.11,2.94,25.9912,5.5556,20.0,23.2804,v_mine
25.0,8.0,low_friction,0.2,max_gross,165500.0,high_human,1.2,low,3.0,2.9341,5.1337,5.5556,20.0,27.4471,v_mine
25.0,8.0,low_friction,0.2,max_gross,165500.0,high_human,1.2,medium_site,5.56,2.9352,11.938,5.5556,20.0,27.4471,v_mine
25.0,8.0,low_friction,0.2,max_gross,165500.0,high_human,1.2,high_max,11.11,2.94,34.3237,5.5556,20.0,27.4471,v_mine
25.0,5.0,dry_high,0.65,empty,74000.0,low,0.3,low,3.0,7.0554,1.5378,5.5556,20.0,19.3743,v_mine
25.0,5.0,dry_high,0.65,empty,74000.0,low,0.3,medium_site,5.56,7.058,3.858,5.5556,20.0,19.3743,v_mine
25.0,5.0,dry_high,0.65,empty,74000.0,low,0.3,high_max,11.11,7.0687,12.0639,5.5556,20.0,19.3743,v_mine
25.0,5.0,dry_high,0.65,empty,74000.0,nominal,0.45,low,3.0,7.0554,1.9878,5.5556,20.0,20.2076,v_mine
25.0,5.0,dry_high,0.65,empty,74000.0,nominal,0.45,medium_site,5.56,7.058,4.692,5.5556,20.0,20.2076,v_mine
25.0,5.0,dry_high,0.65,empty,74000.0,nominal,0.45,high_max,11.11,7.0687,13.7304,5.5556,20.0,20.2076,v_mine
25.0,5.0,dry_high,0.65,empty,74000.0,high_human,1.2,low,3.0,7.0554,4.2378,5.5556,20.0,24.3743,v_mine
25.0,5.0,dry_high,0.65,empty,74000.0,high_human,1.2,medium_site,5.56,7.058,8.862,5.5556,20.0,24.3743,v_mine
25.0,5.0,dry_high,0.65,empty,74000.0,high_human,1.2,high_max,11.11,7.0687,22.0629,5.5556,20.0,24.3743,v_mine
25.0,5.0,dry_high,0.65,medium,119750.0,low,0.3,low,3.0,5.2794,1.7524,5.5556,20.0,20.1101,v_mine
25.0,5.0,dry_high,0.65,medium,119750.0,low,0.3,medium_site,5.56,5.281,4.5949,5.5556,20.0,20.1101,v_mine
25.0,5.0,dry_high,0.65,medium,119750.0,low,0.3,high_max,11.11,5.2876,15.0049,5.5556,20.0,20.1101,v_mine
25.0,5.0,dry_high,0.65,medium,119750.0,nominal,0.45,low,3.0,5.2794,2.2024,5.5556,20.0,20.9434,v_mine
25.0,5.0,dry_high,0.65,medium,119750.0,nominal,0.45,medium_site,5.56,5.281,5.4289,5.5556,20.0,20.9434,v_mine
25.0,5.0,dry_high,0.65,medium,119750.0,nominal,0.45,high_max,11.11,5.2876,16.6714,5.5556,20.0,20.9434,v_mine
25.0,5.0,dry_high,0.65,medium,119750.0,high_human,1.2,low,3.0,5.2794,4.4524,5.5556,20.0,25.1101,v_mine
25.0,5.0,dry_high,0.65,medium,119750.0,high_human,1.2,medium_site,5.56,5.281,9.5989,5.5556,20.0,25.1101,v_mine
25.0,5.0,dry_high,0.65,medium,119750.0,high_human,1.2,high_max,11.11,5.2876,25.0039,5.5556,20.0,25.1101,v_mine
25.0,5.0,dry_high,0.65,max_gross,165500.0,low,0.3,low,3.0,4.0096,2.0223,5.5556,20.0,21.0359,v_mine
25.0,5.0,dry_high,0.65,max_gross,165500.0,low,0.3,medium_site,5.56,4.0107,5.5219,5.5556,20.0,21.0359,v_mine
25.0,5.0,dry_high,0.65,max_gross,165500.0,low,0.3,high_max,11.11,4.0155,18.7025,5.5556,20.0,21.0359,v_mine
25.0,5.0,dry_high,0.65,max_gross,165500.0,nominal,0.45,low,3.0,4.0096,2.4723,5.5556,20.0,21.8693,v_mine
25.0,5.0,dry_high,0.65,max_gross,165500.0,nominal,0.45,medium_site,5.56,4.0107,6.3559,5.5556,20.0,21.8693,v_mine
25.0,5.0,dry_high,0.65,max_gross,165500.0,nominal,0.45,high_max,11.11,4.0155,20.369,5.5556,20.0,21.8693,v_mine
25.0,5.0,dry_high,0.65,max_gross,165500.0,high_human,1.2,low,3.0,4.0096,4.7223,5.5556,20.0,26.0359,v_mine
25.0,5.0,dry_high,0.65,max_gross,165500.0,high_human,1.2,medium_site,5.56,4.0107,10.5259,5.5556,20.0,26.0359,v_mine
25.0,5.0,dry_high,0.65,max_gross,165500.0,high_human,1.2,high_max,11.11,4.0155,28.7015,5.5556,20.0,26.0359,v_mine
25.0,5.0,moderate,0.45,empty,74000.0,low,0.3,low,3.0,5.0959,1.7831,5.5556,20.0,20.2156,v_mine
25.0,5.0,moderate,0.45,empty,74000.0,low,0.3,medium_site,5.56,5.0984,4.6997,5.5556,20.0,20.2156,v_mine
25.0,5.0,moderate,0.45,empty,74000.0,low,0.3,high_max,11.11,5.1091,15.4125,5.5556,20.0,20.2156,v_mine
25.0,5.0,moderate,0.45,empty,74000.0,nominal,0.45,low,3.0,5.0959,2.2331,5.5556,20.0,21.049,v_mine
25.0,5.0,moderate,0.45,empty,74000.0,nominal,0.45,medium_site,5.56,5.0984,5.5337,5.5556,20.0,21.049,v_mine
25.0,5.0,moderate,0.45,empty,74000.0,nominal,0.45,high_max,11.11,5.1091,17.079,5.5556,20.0,21.049,v_mine
25.0,5.0,moderate,0.45,empty,74000.0,high_human,1.2,low,3.0,5.0959,4.4831,5.5556,20.0,25.2156,v_mine
25.0,5.0,moderate,0.45,empty,74000.0,high_human,1.2,medium_site,5.56,5.0984,9.7037,5.5556,20.0,25.2156,v_mine
25.0,5.0,moderate,0.45,empty,74000.0,high_human,1.2,high_max,11.11,5.1091,25.4115,5.5556,20.0,25.2156,v_mine
25.0,5.0,moderate,0.45,medium,119750.0,low,0.3,low,3.0,5.0955,1.7831,5.5556,20.0,20.2156,v_mine
25.0,5.0,moderate,0.45,medium,119750.0,low,0.3,medium_site,5.56,5.097,4.7005,5.5556,20.0,20.2156,v_mine
25.0,5.0,moderate,0.45,medium,119750.0,low,0.3,high_max,11.11,5.1037,15.4255,5.5556,20.0,20.2156,v_mine
25.0,5.0,moderate,0.45,medium,119750.0,nominal,0.45,low,3.0,5.0955,2.2331,5.5556,20.0,21.049,v_mine
25.0,5.0,moderate,0.45,medium,119750.0,nominal,0.45,medium_site,5.56,5.097,5.5345,5.5556,20.0,21.049,v_mine
25.0,5.0,moderate,0.45,medium,119750.0,nominal,0.45,high_max,11.11,5.1037,17.092,5.5556,20.0,21.049,v_mine
25.0,5.0,moderate,0.45,medium,119750.0,high_human,1.2,low,3.0,5.0955,4.4831,5.5556,20.0,25.2156,v_mine
25.0,5.0,moderate,0.45,medium,119750.0,high_human,1.2,medium_site,5.56,5.097,9.7045,5.5556,20.0,25.2156,v_mine
25.0,5.0,moderate,0.45,medium,119750.0,high_human,1.2,high_max,11.11,5.1037,25.4245,5.5556,20.0,25.2156,v_mine
25.0,5.0,moderate,0.45,max_gross,165500.0,low,0.3,low,3.0,4.0096,2.0223,5.5556,20.0,21.0359,v_mine
25.0,5.0,moderate,0.45,max_gross,165500.0,low,0.3,medium_site,5.56,4.0107,5.5219,5.5556,20.0,21.0359,v_mine
25.0,5.0,moderate,0.45,max_gross,165500.0,low,0.3,high_max,11.11,4.0155,18.7025,5.5556,20.0,21.0359,v_mine
25.0,5.0,moderate,0.45,max_gross,165500.0,nominal,0.45,low,3.0,4.0096,2.4723,5.5556,20.0,21.8693,v_mine
25.0,5.0,moderate,0.45,max_gross,165500.0,nominal,0.45,medium_site,5.56,4.0107,6.3559,5.5556,20.0,21.8693,v_mine
25.0,5.0,moderate,0.45,max_gross,165500.0,nominal,0.45,high_max,11.11,4.0155,20.369,5.5556,20.0,21.8693,v_mine
25.0,5.0,moderate,0.45,max_gross,165500.0,high_human,1.2,low,3.0,4.0096,4.7223,5.5556,20.0,26.0359,v_mine
25.0,5.0,moderate,0.45,max_gross,165500.0,high_human,1.2,medium_site,5.56,4.0107,10.5259,5.5556,20.0,26.0359,v_mine
25.0,5.0,moderate,0.45,max_gross,165500.0,high_human,1.2,high_max,11.11,4.0155,28.7015,5.5556,20.0,26.0359,v_mine
25.0,5.0,wet,0.35,empty,74000.0,low,0.3,low,3.0,4.1161,1.9933,5.5556,20.0,20.9368,v_mine
25.0,5.0,wet,0.35,empty,74000.0,low,0.3,medium_site,5.56,4.1186,5.4209,5.5556,20.0,20.9368,v_mine
25.0,5.0,wet,0.35,empty,74000.0,low,0.3,high_max,11.11,4.1294,18.2787,5.5556,20.0,20.9368,v_mine
25.0,5.0,wet,0.35,empty,74000.0,nominal,0.45,low,3.0,4.1161,2.4433,5.5556,20.0,21.7702,v_mine
25.0,5.0,wet,0.35,empty,74000.0,nominal,0.45,medium_site,5.56,4.1186,6.2549,5.5556,20.0,21.7702,v_mine
25.0,5.0,wet,0.35,empty,74000.0,nominal,0.45,high_max,11.11,4.1294,19.9452,5.5556,20.0,21.7702,v_mine
25.0,5.0,wet,0.35,empty,74000.0,high_human,1.2,low,3.0,4.1161,4.6933,5.5556,20.0,25.9368,v_mine
25.0,5.0,wet,0.35,empty,74000.0,high_human,1.2,medium_site,5.56,4.1186,10.4249,5.5556,20.0,25.9368,v_mine
25.0,5.0,wet,0.35,empty,74000.0,high_human,1.2,high_max,11.11,4.1294,28.2777,5.5556,20.0,25.9368,v_mine
25.0,5.0,wet,0.35,medium,119750.0,low,0.3,low,3.0,4.1157,1.9934,5.5556,20.0,20.9368,v_mine
25.0,5.0,wet,0.35,medium,119750.0,low,0.3,medium_site,5.56,4.1173,5.4221,5.5556,20.0,20.9368,v_mine
25.0,5.0,wet,0.35,medium,119750.0,low,0.3,high_max,11.11,4.1239,18.2985,5.5556,20.0,20.9368,v_mine
25.0,5.0,wet,0.35,medium,119750.0,nominal,0.45,low,3.0,4.1157,2.4434,5.5556,20.0,21.7702,v_mine
25.0,5.0,wet,0.35,medium,119750.0,nominal,0.45,medium_site,5.56,4.1173,6.2561,5.5556,20.0,21.7702,v_mine
25.0,5.0,wet,0.35,medium,119750.0,nominal,0.45,high_max,11.11,4.1239,19.965,5.5556,20.0,21.7702,v_mine
25.0,5.0,wet,0.35,medium,119750.0,high_human,1.2,low,3.0,4.1157,4.6934,5.5556,20.0,25.9368,v_mine
25.0,5.0,wet,0.35,medium,119750.0,high_human,1.2,medium_site,5.56,4.1173,10.4261,5.5556,20.0,25.9368,v_mine
25.0,5.0,wet,0.35,medium,119750.0,high_human,1.2,high_max,11.11,4.1239,28.2975,5.5556,20.0,25.9368,v_mine
25.0,5.0,wet,0.35,max_gross,165500.0,low,0.3,low,3.0,4.0096,2.0223,5.5556,20.0,21.0359,v_mine
25.0,5.0,wet,0.35,max_gross,165500.0,low,0.3,medium_site,5.56,4.0107,5.5219,5.5556,20.0,21.0359,v_mine
25.0,5.0,wet,0.35,max_gross,165500.0,low,0.3,high_max,11.11,4.0155,18.7025,5.5556,20.0,21.0359,v_mine
25.0,5.0,wet,0.35,max_gross,165500.0,nominal,0.45,low,3.0,4.0096,2.4723,5.5556,20.0,21.8693,v_mine
25.0,5.0,wet,0.35,max_gross,165500.0,nominal,0.45,medium_site,5.56,4.0107,6.3559,5.5556,20.0,21.8693,v_mine
25.0,5.0,wet,0.35,max_gross,165500.0,nominal,0.45,high_max,11.11,4.0155,20.369,5.5556,20.0,21.8693,v_mine
25.0,5.0,wet,0.35,max_gross,165500.0,high_human,1.2,low,3.0,4.0096,4.7223,5.5556,20.0,26.0359,v_mine
25.0,5.0,wet,0.35,max_gross,165500.0,high_human,1.2,medium_site,5.56,4.0107,10.5259,5.5556,20.0,26.0359,v_mine
25.0,5.0,wet,0.35,max_gross,165500.0,high_human,1.2,high_max,11.11,4.0155,28.7015,5.5556,20.0,26.0359,v_mine
25.0,5.0,low_friction,0.2,empty,74000.0,low,0.3,low,3.0,2.6464,2.6004,5.5556,20.0,23.0202,v_mine
25.0,5.0,low_friction,0.2,empty,74000.0,low,0.3,medium_site,5.56,2.649,7.503,5.5556,20.0,23.0202,v_mine
25.0,5.0,low_friction,0.2,empty,74000.0,low,0.3,high_max,11.11,2.6597,26.5372,5.5556,20.0,23.0202,v_mine
25.0,5.0,low_friction,0.2,empty,74000.0,nominal,0.45,low,3.0,2.6464,3.0504,5.5556,20.0,23.8536,v_mine
25.0,5.0,low_friction,0.2,empty,74000.0,nominal,0.45,medium_site,5.56,2.649,8.337,5.5556,20.0,23.8536,v_mine
25.0,5.0,low_friction,0.2,empty,74000.0,nominal,0.45,high_max,11.11,2.6597,28.2037,5.5556,20.0,23.8536,v_mine
25.0,5.0,low_friction,0.2,empty,74000.0,high_human,1.2,low,3.0,2.6464,5.3004,5.5556,20.0,28.0202,v_mine
25.0,5.0,low_friction,0.2,empty,74000.0,high_human,1.2,medium_site,5.56,2.649,12.507,5.5556,20.0,28.0202,v_mine
25.0,5.0,low_friction,0.2,empty,74000.0,high_human,1.2,high_max,11.11,2.6597,36.5362,5.5556,20.0,28.0202,v_mine
25.0,5.0,low_friction,0.2,medium,119750.0,low,0.3,low,3.0,2.646,2.6007,5.5556,20.0,23.0202,v_mine
25.0,5.0,low_friction,0.2,medium,119750.0,low,0.3,medium_site,5.56,2.6476,7.506,5.5556,20.0,23.0202,v_mine
25.0,5.0,low_friction,0.2,medium,119750.0,low,0.3,high_max,11.11,2.6542,26.5849,5.5556,20.0,23.0202,v_mine
25.0,5.0,low_friction,0.2,medium,119750.0,nominal,0.45,low,3.0,2.646,3.0507,5.5556,20.0,23.8536,v_mine
25.0,5.0,low_friction,0.2,medium,119750.0,nominal,0.45,medium_site,5.56,2.6476,8.34,5.5556,20.0,23.8536,v_mine
25.0,5.0,low_friction,0.2,medium,119750.0,nominal,0.45,high_max,11.11,2.6542,28.2514,5.5556,20.0,23.8536,v_mine
25.0,5.0,low_friction,0.2,medium,119750.0,high_human,1.2,low,3.0,2.646,5.3007,5.5556,20.0,28.0202,v_mine
25.0,5.0,low_friction,0.2,medium,119750.0,high_human,1.2,medium_site,5.56,2.6476,12.51,5.5556,20.0,28.0202,v_mine
25.0,5.0,low_friction,0.2,medium,119750.0,high_human,1.2,high_max,11.11,2.6542,36.5839,5.5556,20.0,28.0202,v_mine
25.0,5.0,low_friction,0.2,max_gross,165500.0,low,0.3,low,3.0,2.6459,2.6008,5.5556,20.0,23.0202,v_mine
25.0,5.0,low_friction,0.2,max_gross,165500.0,low,0.3,medium_site,5.56,2.647,7.5074,5.5556,20.0,23.0202,v_mine
25.0,5.0,low_friction,0.2,max_gross,165500.0,low,0.3,high_max,11.11,2.6518,26.6063,5.5556,20.0,23.0202,v_mine
25.0,5.0,low_friction,0.2,max_gross,165500.0,nominal,0.45,low,3.0,2.6459,3.0508,5.5556,20.0,23.8536,v_mine
25.0,5.0,low_friction,0.2,max_gross,165500.0,nominal,0.45,medium_site,5.56,2.647,8.3414,5.5556,20.0,23.8536,v_mine
25.0,5.0,low_friction,0.2,max_gross,165500.0,nominal,0.45,high_max,11.11,2.6518,28.2728,5.5556,20.0,23.8536,v_mine
25.0,5.0,low_friction,0.2,max_gross,165500.0,high_human,1.2,low,3.0,2.6459,5.3008,5.5556,20.0,28.0202,v_mine
25.0,5.0,low_friction,0.2,max_gross,165500.0,high_human,1.2,medium_site,5.56,2.647,12.5114,5.5556,20.0,28.0202,v_mine
25.0,5.0,low_friction,0.2,max_gross,165500.0,high_human,1.2,high_max,11.11,2.6518,36.6053,5.5556,20.0,28.0202,v_mine
25.0,0.0,dry_high,0.65,empty,74000.0,low,0.3,low,3.0,6.5737,1.5845,5.5556,20.0,19.5346,v_mine
25.0,0.0,dry_high,0.65,empty,74000.0,low,0.3,medium_site,5.56,6.5763,4.0184,5.5556,20.0,19.5346,v_mine
25.0,0.0,dry_high,0.65,empty,74000.0,low,0.3,high_max,11.11,6.587,12.7024,5.5556,20.0,19.5346,v_mine
25.0,0.0,dry_high,0.65,empty,74000.0,nominal,0.45,low,3.0,6.5737,2.0345,5.5556,20.0,20.3679,v_mine
25.0,0.0,dry_high,0.65,empty,74000.0,nominal,0.45,medium_site,5.56,6.5763,4.8524,5.5556,20.0,20.3679,v_mine
25.0,0.0,dry_high,0.65,empty,74000.0,nominal,0.45,high_max,11.11,6.587,14.3689,5.5556,20.0,20.3679,v_mine
25.0,0.0,dry_high,0.65,empty,74000.0,high_human,1.2,low,3.0,6.5737,4.2845,5.5556,20.0,24.5346,v_mine
25.0,0.0,dry_high,0.65,empty,74000.0,high_human,1.2,medium_site,5.56,6.5763,9.0224,5.5556,20.0,24.5346,v_mine
25.0,0.0,dry_high,0.65,empty,74000.0,high_human,1.2,high_max,11.11,6.587,22.7014,5.5556,20.0,24.5346,v_mine
25.0,0.0,dry_high,0.65,medium,119750.0,low,0.3,low,3.0,4.7897,1.8395,5.5556,20.0,20.409,v_mine
25.0,0.0,dry_high,0.65,medium,119750.0,low,0.3,medium_site,5.56,4.7913,4.894,5.5556,20.0,20.409,v_mine
25.0,0.0,dry_high,0.65,medium,119750.0,low,0.3,high_max,11.11,4.7979,16.196,5.5556,20.0,20.409,v_mine
25.0,0.0,dry_high,0.65,medium,119750.0,nominal,0.45,low,3.0,4.7897,2.2895,5.5556,20.0,21.2423,v_mine
25.0,0.0,dry_high,0.65,medium,119750.0,nominal,0.45,medium_site,5.56,4.7913,5.728,5.5556,20.0,21.2423,v_mine
25.0,0.0,dry_high,0.65,medium,119750.0,nominal,0.45,high_max,11.11,4.7979,17.8625,5.5556,20.0,21.2423,v_mine
25.0,0.0,dry_high,0.65,medium,119750.0,high_human,1.2,low,3.0,4.7897,4.5395,5.5556,20.0,25.409,v_mine
25.0,0.0,dry_high,0.65,medium,119750.0,high_human,1.2,medium_site,5.56,4.7913,9.898,5.5556,20.0,25.409,v_mine
25.0,0.0,dry_high,0.65,medium,119750.0,high_human,1.2,high_max,11.11,4.7979,26.195,5.5556,20.0,25.409,v_mine
25.0,0.0,dry_high,0.65,max_gross,165500.0,low,0.3,low,3.0,3.5199,2.1784,5.5556,20.0,21.5715,v_mine
25.0,0.0,dry_high,0.65,max_gross,165500.0,low,0.3,medium_site,5.56,3.5211,6.0578,5.5556,20.0,21.5715,v_mine
25.0,0.0,dry_high,0.65,max_gross,165500.0,low,0.3,high_max,11.11,3.5259,20.8368,5.5556,20.0,21.5715,v_mine
25.0,0.0,dry_high,0.65,max_gross,165500.0,nominal,0.45,low,3.0,3.5199,2.6284,5.5556,20.0,22.4048,v_mine
25.0,0.0,dry_high,0.65,max_gross,165500.0,nominal,0.45,medium_site,5.56,3.5211,6.8918,5.5556,20.0,22.4048,v_mine
25.0,0.0,dry_high,0.65,max_gross,165500.0,nominal,0.45,high_max,11.11,3.5259,22.5033,5.5556,20.0,22.4048,v_mine
25.0,0.0,dry_high,0.65,max_gross,165500.0,high_human,1.2,low,3.0,3.5199,4.8784,5.5556,20.0,26.5715,v_mine
25.0,0.0,dry_high,0.65,max_gross,165500.0,high_human,1.2,medium_site,5.56,3.5211,11.0618,5.5556,20.0,26.5715,v_mine
25.0,0.0,dry_high,0.65,max_gross,165500.0,high_human,1.2,high_max,11.11,3.5259,30.8358,5.5556,20.0,26.5715,v_mine
25.0,0.0,moderate,0.45,empty,74000.0,low,0.3,low,3.0,4.6117,1.8758,5.5556,20.0,20.5337,v_mine
25.0,0.0,moderate,0.45,empty,74000.0,low,0.3,medium_site,5.56,4.6143,5.0178,5.5556,20.0,20.5337,v_mine
25.0,0.0,moderate,0.45,empty,74000.0,low,0.3,high_max,11.11,4.625,16.677,5.5556,20.0,20.5337,v_mine
25.0,0.0,moderate,0.45,empty,74000.0,nominal,0.45,low,3.0,4.6117,2.3258,5.5556,20.0,21.367,v_mine
25.0,0.0,moderate,0.45,empty,74000.0,nominal,0.45,medium_site,5.56,4.6143,5.8518,5.5556,20.0,21.367,v_mine
25.0,0.0,moderate,0.45,empty,74000.0,nominal,0.45,high_max,11.11,4.625,18.3435,5.5556,20.0,21.367,v_mine
25.0,0.0,moderate,0.45,empty,74000.0,high_human,1.2,low,3.0,4.6117,4.5758,5.5556,20.0,25.5337,v_mine
25.0,0.0,moderate,0.45,empty,74000.0,high_human,1.2,medium_site,5.56,4.6143,10.0218,5.5556,20.0,25.5337,v_mine
25.0,0.0,moderate,0.45,empty,74000.0,high_human,1.2,high_max,11.11,4.625,26.676,5.5556,20.0,25.5337,v_mine
25.0,0.0,moderate,0.45,medium,119750.0,low,0.3,low,3.0,4.6113,1.8759,5.5556,20.0,20.5337,v_mine
25.0,0.0,moderate,0.45,medium,119750.0,low,0.3,medium_site,5.56,4.6129,5.0188,5.5556,20.0,20.5337,v_mine
25.0,0.0,moderate,0.45,medium,119750.0,low,0.3,high_max,11.11,4.6195,16.6928,5.5556,20.0,20.5337,v_mine
25.0,0.0,moderate,0.45,medium,119750.0,nominal,0.45,low,3.0,4.6113,2.3259,5.5556,20.0,21.367,v_mine
25.0,0.0,moderate,0.45,medium,119750.0,nominal,0.45,medium_site,5.56,4.6129,5.8528,5.5556,20.0,21.367,v_mine
25.0,0.0,moderate,0.45,medium,119750.0,nominal,0.45,high_max,11.11,4.6195,18.3593,5.5556,20.0,21.367,v_mine
25.0,0.0,moderate,0.45,medium,119750.0,high_human,1.2,low,3.0,4.6113,4.5759,5.5556,20.0,25.5337,v_mine
25.0,0.0,moderate,0.45,medium,119750.0,high_human,1.2,medium_site,5.56,4.6129,10.0228,5.5556,20.0,25.5337,v_mine
25.0,0.0,moderate,0.45,medium,119750.0,high_human,1.2,high_max,11.11,4.6195,26.6918,5.5556,20.0,25.5337,v_mine
25.0,0.0,moderate,0.45,max_gross,165500.0,low,0.3,low,3.0,3.5199,2.1784,5.5556,20.0,21.5715,v_mine
25.0,0.0,moderate,0.45,max_gross,165500.0,low,0.3,medium_site,5.56,3.5211,6.0578,5.5556,20.0,21.5715,v_mine
25.0,0.0,moderate,0.45,max_gross,165500.0,low,0.3,high_max,11.11,3.5259,20.8368,5.5556,20.0,21.5715,v_mine
25.0,0.0,moderate,0.45,max_gross,165500.0,nominal,0.45,low,3.0,3.5199,2.6284,5.5556,20.0,22.4048,v_mine
25.0,0.0,moderate,0.45,max_gross,165500.0,nominal,0.45,medium_site,5.56,3.5211,6.8918,5.5556,20.0,22.4048,v_mine
25.0,0.0,moderate,0.45,max_gross,165500.0,nominal,0.45,high_max,11.11,3.5259,22.5033,5.5556,20.0,22.4048,v_mine
25.0,0.0,moderate,0.45,max_gross,165500.0,high_human,1.2,low,3.0,3.5199,4.8784,5.5556,20.0,26.5715,v_mine
25.0,0.0,moderate,0.45,max_gross,165500.0,high_human,1.2,medium_site,5.56,3.5211,11.0618,5.5556,20.0,26.5715,v_mine
25.0,0.0,moderate,0.45,max_gross,165500.0,high_human,1.2,high_max,11.11,3.5259,30.8358,5.5556,20.0,26.5715,v_mine
25.0,0.0,wet,0.35,empty,74000.0,low,0.3,low,3.0,3.6307,2.1394,5.5556,20.0,21.4383,v_mine
25.0,0.0,wet,0.35,empty,74000.0,low,0.3,medium_site,5.56,3.6333,5.9222,5.5556,20.0,21.4383,v_mine
25.0,0.0,wet,0.35,empty,74000.0,low,0.3,high_max,11.11,3.644,20.2693,5.5556,20.0,21.4383,v_mine
25.0,0.0,wet,0.35,empty,74000.0,nominal,0.45,low,3.0,3.6307,2.5894,5.5556,20.0,22.2716,v_mine
25.0,0.0,wet,0.35,empty,74000.0,nominal,0.45,medium_site,5.56,3.6333,6.7562,5.5556,20.0,22.2716,v_mine
25.0,0.0,wet,0.35,empty,74000.0,nominal,0.45,high_max,11.11,3.644,21.9358,5.5556,20.0,22.2716,v_mine
25.0,0.0,wet,0.35,empty,74000.0,high_human,1.2,low,3.0,3.6307,4.8394,5.5556,20.0,26.4383,v_mine
25.0,0.0,wet,0.35,empty,74000.0,high_human,1.2,medium_site,5.56,3.6333,10.9262,5.5556,20.0,26.4383,v_mine
25.0,0.0,wet,0.35,empty,74000.0,high_human,1.2,high_max,11.11,3.644,30.2683,5.5556,20.0,26.4383,v_mine
25.0,0.0,wet,0.35,medium,119750.0,low,0.3,low,3.0,3.6303,2.1396,5.5556,20.0,21.4383,v_mine
25.0,0.0,wet,0.35,medium,119750.0,low,0.3,medium_site,5.56,3.6319,5.9238,5.5556,20.0,21.4383,v_mine
25.0,0.0,wet,0.35,medium,119750.0,low,0.3,high_max,11.11,3.6385,20.2948,5.5556,20.0,21.4383,v_mine
25.0,0.0,wet,0.35,medium,119750.0,nominal,0.45,low,3.0,3.6303,2.5896,5.5556,20.0,22.2716,v_mine
25.0,0.0,wet,0.35,medium,119750.0,nominal,0.45,medium_site,5.56,3.6319,6.7578,5.5556,20.0,22.2716,v_mine
25.0,0.0,wet,0.35,medium,119750.0,nominal,0.45,high_max,11.11,3.6385,21.9613,5.5556,20.0,22.2716,v_mine
25.0,0.0,wet,0.35,medium,119750.0,high_human,1.2,low,3.0,3.6303,4.8396,5.5556,20.0,26.4383,v_mine
25.0,0.0,wet,0.35,medium,119750.0,high_human,1.2,medium_site,5.56,3.6319,10.9278,5.5556,20.0,26.4383,v_mine
25.0,0.0,wet,0.35,medium,119750.0,high_human,1.2,high_max,11.11,3.6385,30.2938,5.5556,20.0,26.4383,v_mine
25.0,0.0,wet,0.35,max_gross,165500.0,low,0.3,low,3.0,3.5199,2.1784,5.5556,20.0,21.5715,v_mine
25.0,0.0,wet,0.35,max_gross,165500.0,low,0.3,medium_site,5.56,3.5211,6.0578,5.5556,20.0,21.5715,v_mine
25.0,0.0,wet,0.35,max_gross,165500.0,low,0.3,high_max,11.11,3.5259,20.8368,5.5556,20.0,21.5715,v_mine
25.0,0.0,wet,0.35,max_gross,165500.0,nominal,0.45,low,3.0,3.5199,2.6284,5.5556,20.0,22.4048,v_mine
25.0,0.0,wet,0.35,max_gross,165500.0,nominal,0.45,medium_site,5.56,3.5211,6.8918,5.5556,20.0,22.4048,v_mine
25.0,0.0,wet,0.35,max_gross,165500.0,nominal,0.45,high_max,11.11,3.5259,22.5033,5.5556,20.0,22.4048,v_mine
25.0,0.0,wet,0.35,max_gross,165500.0,high_human,1.2,low,3.0,3.5199,4.8784,5.5556,20.0,26.5715,v_mine
25.0,0.0,wet,0.35,max_gross,165500.0,high_human,1.2,medium_site,5.56,3.5211,11.0618,5.5556,20.0,26.5715,v_mine
25.0,0.0,wet,0.35,max_gross,165500.0,high_human,1.2,high_max,11.11,3.5259,30.8358,5.5556,20.0,26.5715,v_mine
25.0,0.0,low_friction,0.2,empty,74000.0,low,0.3,low,3.0,2.1592,2.9841,5.5556,20.0,24.3371,v_mine
25.0,0.0,low_friction,0.2,empty,74000.0,low,0.3,medium_site,5.56,2.1618,8.818,5.5556,20.0,24.3371,v_mine
25.0,0.0,low_friction,0.2,empty,74000.0,low,0.3,high_max,11.11,2.1725,31.7408,5.5556,20.0,24.3371,v_mine
25.0,0.0,low_friction,0.2,empty,74000.0,nominal,0.45,low,3.0,2.1592,3.4341,5.5556,20.0,25.1704,v_mine
25.0,0.0,low_friction,0.2,empty,74000.0,nominal,0.45,medium_site,5.56,2.1618,9.652,5.5556,20.0,25.1704,v_mine
25.0,0.0,low_friction,0.2,empty,74000.0,nominal,0.45,high_max,11.11,2.1725,33.4073,5.5556,20.0,25.1704,v_mine
25.0,0.0,low_friction,0.2,empty,74000.0,high_human,1.2,low,3.0,2.1592,5.6841,5.5556,20.0,29.3371,v_mine
25.0,0.0,low_friction,0.2,empty,74000.0,high_human,1.2,medium_site,5.56,2.1618,13.822,5.5556,20.0,29.3371,v_mine
25.0,0.0,low_friction,0.2,empty,74000.0,high_human,1.2,high_max,11.11,2.1725,41.7398,5.5556,20.0,29.3371,v_mine
25.0,0.0,low_friction,0.2,medium,119750.0,low,0.3,low,3.0,2.1588,2.9844,5.5556,20.0,24.3371,v_mine
25.0,0.0,low_friction,0.2,medium,119750.0,low,0.3,medium_site,5.56,2.1604,8.8226,5.5556,20.0,24.3371,v_mine
25.0,0.0,low_friction,0.2,medium,119750.0,low,0.3,high_max,11.11,2.167,31.8124,5.5556,20.0,24.3371,v_mine
25.0,0.0,low_friction,0.2,medium,119750.0,nominal,0.45,low,3.0,2.1588,3.4344,5.5556,20.0,25.1704,v_mine
25.0,0.0,low_friction,0.2,medium,119750.0,nominal,0.45,medium_site,5.56,2.1604,9.6566,5.5556,20.0,25.1704,v_mine
25.0,0.0,low_friction,0.2,medium,119750.0,nominal,0.45,high_max,11.11,2.167,33.4789,5.5556,20.0,25.1704,v_mine
25.0,0.0,low_friction,0.2,medium,119750.0,high_human,1.2,low,3.0,2.1588,5.6844,5.5556,20.0,29.3371,v_mine
25.0,0.0,low_friction,0.2,medium,119750.0,high_human,1.2,medium_site,5.56,2.1604,13.8266,5.5556,20.0,29.3371,v_mine
25.0,0.0,low_friction,0.2,medium,119750.0,high_human,1.2,high_max,11.11,2.167,41.8114,5.5556,20.0,29.3371,v_mine
25.0,0.0,low_friction,0.2,max_gross,165500.0,low,0.3,low,3.0,2.1587,2.9846,5.5556,20.0,24.3371,v_mine
25.0,0.0,low_friction,0.2,max_gross,165500.0,low,0.3,medium_site,5.56,2.1598,8.8246,5.5556,20.0,24.3371,v_mine
25.0,0.0,low_friction,0.2,max_gross,165500.0,low,0.3,high_max,11.11,2.1646,31.8446,5.5556,20.0,24.3371,v_mine
25.0,0.0,low_friction,0.2,max_gross,165500.0,nominal,0.45,low,3.0,2.1587,3.4346,5.5556,20.0,25.1704,v_mine
25.0,0.0,low_friction,0.2,max_gross,165500.0,nominal,0.45,medium_site,5.56,2.1598,9.6586,5.5556,20.0,25.1704,v_mine
25.0,0.0,low_friction,0.2,max_gross,165500.0,nominal,0.45,high_max,11.11,2.1646,33.5111,5.5556,20.0,25.1704,v_mine
25.0,0.0,low_friction,0.2,max_gross,165500.0,high_human,1.2,low,3.0,2.1587,5.6846,5.5556,20.0,29.3371,v_mine
25.0,0.0,low_friction,0.2,max_gross,165500.0,high_human,1.2,medium_site,5.56,2.1598,13.8286,5.5556,20.0,29.3371,v_mine
25.0,0.0,low_friction,0.2,max_gross,165500.0,high_human,1.2,high_max,11.11,2.1646,41.8436,5.5556,20.0,29.3371,v_mine
25.0,-5.0,dry_high,0.65,empty,74000.0,low,0.3,low,3.0,6.0757,1.6407,5.5556,20.0,19.7271,v_mine
25.0,-5.0,dry_high,0.65,empty,74000.0,low,0.3,medium_site,5.56,6.0782,4.211,5.5556,20.0,19.7271,v_mine
25.0,-5.0,dry_high,0.65,empty,74000.0,low,0.3,high_max,11.11,6.0889,13.4688,5.5556,20.0,19.7271,v_mine
25.0,-5.0,dry_high,0.65,empty,74000.0,nominal,0.45,low,3.0,6.0757,2.0907,5.5556,20.0,20.5604,v_mine
25.0,-5.0,dry_high,0.65,empty,74000.0,nominal,0.45,medium_site,5.56,6.0782,5.045,5.5556,20.0,20.5604,v_mine
25.0,-5.0,dry_high,0.65,empty,74000.0,nominal,0.45,high_max,11.11,6.0889,15.1353,5.5556,20.0,20.5604,v_mine
25.0,-5.0,dry_high,0.65,empty,74000.0,high_human,1.2,low,3.0,6.0757,4.3407,5.5556,20.0,24.7271,v_mine
25.0,-5.0,dry_high,0.65,empty,74000.0,high_human,1.2,medium_site,5.56,6.0782,9.215,5.5556,20.0,24.7271,v_mine
25.0,-5.0,dry_high,0.65,empty,74000.0,high_human,1.2,high_max,11.11,6.0889,23.4678,5.5556,20.0,24.7271,v_mine
25.0,-5.0,dry_high,0.65,medium,119750.0,low,0.3,low,3.0,4.2996,1.9466,5.5556,20.0,20.7764,v_mine
25.0,-5.0,dry_high,0.65,medium,119750.0,low,0.3,medium_site,5.56,4.3012,5.2616,5.5556,20.0,20.7764,v_mine
25.0,-5.0,dry_high,0.65,medium,119750.0,low,0.3,high_max,11.11,4.3078,17.6596,5.5556,20.0,20.7764,v_mine
25.0,-5.0,dry_high,0.65,medium,119750.0,nominal,0.45,low,3.0,4.2996,2.3966,5.5556,20.0,21.6097,v_mine
25.0,-5.0,dry_high,0.65,medium,119750.0,nominal,0.45,medium_site,5.56,4.3012,6.0956,5.5556,20.0,21.6097,v_mine
25.0,-5.0,dry_high,0.65,medium,119750.0,nominal,0.45,high_max,11.11,4.3078,19.3261,5.5556,20.0,21.6097,v_mine
25.0,-5.0,dry_high,0.65,medium,119750.0,high_human,1.2,low,3.0,4.2996,4.6466,5.5556,20.0,25.7764,v_mine
25.0,-5.0,dry_high,0.65,medium,119750.0,high_human,1.2,medium_site,5.56,4.3012,10.2656,5.5556,20.0,25.7764,v_mine
25.0,-5.0,dry_high,0.65,medium,119750.0,high_human,1.2,high_max,11.11,4.3078,27.6586,5.5556,20.0,25.7764,v_mine
25.0,-5.0,dry_high,0.65,max_gross,165500.0,low,0.3,low,3.0,3.0298,2.3852,5.5556,20.0,22.2809,v_mine
25.0,-5.0,dry_high,0.65,max_gross,165500.0,low,0.3,medium_site,5.56,3.0309,6.7677,5.5556,20.0,22.2809,v_mine
25.0,-5.0,dry_high,0.65,max_gross,165500.0,low,0.3,high_max,11.11,3.0357,23.6629,5.5556,20.0,22.2809,v_mine
25.0,-5.0,dry_high,0.65,max_gross,165500.0,nominal,0.45,low,3.0,3.0298,2.8352,5.5556,20.0,23.1142,v_mine
25.0,-5.0,dry_high,0.65,max_gross,165500.0,nominal,0.45,medium_site,5.56,3.0309,7.6017,5.5556,20.0,23.1142,v_mine
25.0,-5.0,dry_high,0.65,max_gross,165500.0,nominal,0.45,high_max,11.11,3.0357,25.3294,5.5556,20.0,23.1142,v_mine
25.0,-5.0,dry_high,0.65,max_gross,165500.0,high_human,1.2,low,3.0,3.0298,5.0852,5.5556,20.0,27.2809,v_mine
25.0,-5.0,dry_high,0.65,max_gross,165500.0,high_human,1.2,medium_site,5.56,3.0309,11.7717,5.5556,20.0,27.2809,v_mine
25.0,-5.0,dry_high,0.65,max_gross,165500.0,high_human,1.2,high_max,11.11,3.0357,33.6619,5.5556,20.0,27.2809,v_mine
25.0,-5.0,moderate,0.45,empty,74000.0,low,0.3,low,3.0,4.1161,1.9933,5.5556,20.0,20.9368,v_mine
25.0,-5.0,moderate,0.45,empty,74000.0,low,0.3,medium_site,5.56,4.1186,5.4209,5.5556,20.0,20.9368,v_mine
25.0,-5.0,moderate,0.45,empty,74000.0,low,0.3,high_max,11.11,4.1294,18.2787,5.5556,20.0,20.9368,v_mine
25.0,-5.0,moderate,0.45,empty,74000.0,nominal,0.45,low,3.0,4.1161,2.4433,5.5556,20.0,21.7702,v_mine
25.0,-5.0,moderate,0.45,empty,74000.0,nominal,0.45,medium_site,5.56,4.1186,6.2549,5.5556,20.0,21.7702,v_mine
25.0,-5.0,moderate,0.45,empty,74000.0,nominal,0.45,high_max,11.11,4.1294,19.9452,5.5556,20.0,21.7702,v_mine
25.0,-5.0,moderate,0.45,empty,74000.0,high_human,1.2,low,3.0,4.1161,4.6933,5.5556,20.0,25.9368,v_mine
25.0,-5.0,moderate,0.45,empty,74000.0,high_human,1.2,medium_site,5.56,4.1186,10.4249,5.5556,20.0,25.9368,v_mine
25.0,-5.0,moderate,0.45,empty,74000.0,high_human,1.2,high_max,11.11,4.1294,28.2777,5.5556,20.0,25.9368,v_mine
25.0,-5.0,moderate,0.45,medium,119750.0,low,0.3,low,3.0,4.1157,1.9934,5.5556,20.0,20.9368,v_mine
25.0,-5.0,moderate,0.45,medium,119750.0,low,0.3,medium_site,5.56,4.1173,5.4221,5.5556,20.0,20.9368,v_mine
25.0,-5.0,moderate,0.45,medium,119750.0,low,0.3,high_max,11.11,4.1239,18.2985,5.5556,20.0,20.9368,v_mine
25.0,-5.0,moderate,0.45,medium,119750.0,nominal,0.45,low,3.0,4.1157,2.4434,5.5556,20.0,21.7702,v_mine
25.0,-5.0,moderate,0.45,medium,119750.0,nominal,0.45,medium_site,5.56,4.1173,6.2561,5.5556,20.0,21.7702,v_mine
25.0,-5.0,moderate,0.45,medium,119750.0,nominal,0.45,high_max,11.11,4.1239,19.965,5.5556,20.0,21.7702,v_mine
25.0,-5.0,moderate,0.45,medium,119750.0,high_human,1.2,low,3.0,4.1157,4.6934,5.5556,20.0,25.9368,v_mine
25.0,-5.0,moderate,0.45,medium,119750.0,high_human,1.2,medium_site,5.56,4.1173,10.4261,5.5556,20.0,25.9368,v_mine
25.0,-5.0,moderate,0.45,medium,119750.0,high_human,1.2,high_max,11.11,4.1239,28.2975,5.5556,20.0,25.9368,v_mine
25.0,-5.0,moderate,0.45,max_gross,165500.0,low,0.3,low,3.0,3.0298,2.3852,5.5556,20.0,22.2809,v_mine
25.0,-5.0,moderate,0.45,max_gross,165500.0,low,0.3,medium_site,5.56,3.0309,6.7677,5.5556,20.0,22.2809,v_mine
25.0,-5.0,moderate,0.45,max_gross,165500.0,low,0.3,high_max,11.11,3.0357,23.6629,5.5556,20.0,22.2809,v_mine
25.0,-5.0,moderate,0.45,max_gross,165500.0,nominal,0.45,low,3.0,3.0298,2.8352,5.5556,20.0,23.1142,v_mine
25.0,-5.0,moderate,0.45,max_gross,165500.0,nominal,0.45,medium_site,5.56,3.0309,7.6017,5.5556,20.0,23.1142,v_mine
25.0,-5.0,moderate,0.45,max_gross,165500.0,nominal,0.45,high_max,11.11,3.0357,25.3294,5.5556,20.0,23.1142,v_mine
25.0,-5.0,moderate,0.45,max_gross,165500.0,high_human,1.2,low,3.0,3.0298,5.0852,5.5556,20.0,27.2809,v_mine
25.0,-5.0,moderate,0.45,max_gross,165500.0,high_human,1.2,medium_site,5.56,3.0309,11.7717,5.5556,20.0,27.2809,v_mine
25.0,-5.0,moderate,0.45,max_gross,165500.0,high_human,1.2,high_max,11.11,3.0357,33.6619,5.5556,20.0,27.2809,v_mine
25.0,-5.0,wet,0.35,empty,74000.0,low,0.3,low,3.0,3.1363,2.3348,5.5556,20.0,22.1087,v_mine
25.0,-5.0,wet,0.35,empty,74000.0,low,0.3,medium_site,5.56,3.1389,6.5923,5.5556,20.0,22.1087,v_mine
25.0,-5.0,wet,0.35,empty,74000.0,low,0.3,high_max,11.11,3.1496,22.928,5.5556,20.0,22.1087,v_mine
25.0,-5.0,wet,0.35,empty,74000.0,nominal,0.45,low,3.0,3.1363,2.7848,5.5556,20.0,22.9421,v_mine
25.0,-5.0,wet,0.35,empty,74000.0,nominal,0.45,medium_site,5.56,3.1389,7.4263,5.5556,20.0,22.9421,v_mine
25.0,-5.0,wet,0.35,empty,74000.0,nominal,0.45,high_max,11.11,3.1496,24.5945,5.5556,20.0,22.9421,v_mine
25.0,-5.0,wet,0.35,empty,74000.0,high_human,1.2,low,3.0,3.1363,5.0348,5.5556,20.0,27.1087,v_mine
25.0,-5.0,wet,0.35,empty,74000.0,high_human,1.2,medium_site,5.56,3.1389,11.5963,5.5556,20.0,27.1087,v_mine
25.0,-5.0,wet,0.35,empty,74000.0,high_human,1.2,high_max,11.11,3.1496,32.927,5.5556,20.0,27.1087,v_mine
25.0,-5.0,wet,0.35,medium,119750.0,low,0.3,low,3.0,3.1359,2.335,5.5556,20.0,22.1087,v_mine
25.0,-5.0,wet,0.35,medium,119750.0,low,0.3,medium_site,5.56,3.1375,6.5945,5.5556,20.0,22.1087,v_mine
25.0,-5.0,wet,0.35,medium,119750.0,low,0.3,high_max,11.11,3.1441,22.962,5.5556,20.0,22.1087,v_mine
25.0,-5.0,wet,0.35,medium,119750.0,nominal,0.45,low,3.0,3.1359,2.785,5.5556,20.0,22.9421,v_mine
25.0,-5.0,wet,0.35,medium,119750.0,nominal,0.45,medium_site,5.56,3.1375,7.4285,5.5556,20.0,22.9421,v_mine
25.0,-5.0,wet,0.35,medium,119750.0,nominal,0.45,high_max,11.11,3.1441,24.6285,5.5556,20.0,22.9421,v_mine
25.0,-5.0,wet,0.35,medium,119750.0,high_human,1.2,low,3.0,3.1359,5.035,5.5556,20.0,27.1087,v_mine
25.0,-5.0,wet,0.35,medium,119750.0,high_human,1.2,medium_site,5.56,3.1375,11.5985,5.5556,20.0,27.1087,v_mine
25.0,-5.0,wet,0.35,medium,119750.0,high_human,1.2,high_max,11.11,3.1441,32.961,5.5556,20.0,27.1087,v_mine
25.0,-5.0,wet,0.35,max_gross,165500.0,low,0.3,low,3.0,3.0298,2.3852,5.5556,20.0,22.2809,v_mine
25.0,-5.0,wet,0.35,max_gross,165500.0,low,0.3,medium_site,5.56,3.0309,6.7677,5.5556,20.0,22.2809,v_mine
25.0,-5.0,wet,0.35,max_gross,165500.0,low,0.3,high_max,11.11,3.0357,23.6629,5.5556,20.0,22.2809,v_mine
25.0,-5.0,wet,0.35,max_gross,165500.0,nominal,0.45,low,3.0,3.0298,2.8352,5.5556,20.0,23.1142,v_mine
25.0,-5.0,wet,0.35,max_gross,165500.0,nominal,0.45,medium_site,5.56,3.0309,7.6017,5.5556,20.0,23.1142,v_mine
25.0,-5.0,wet,0.35,max_gross,165500.0,nominal,0.45,high_max,11.11,3.0357,25.3294,5.5556,20.0,23.1142,v_mine
25.0,-5.0,wet,0.35,max_gross,165500.0,high_human,1.2,low,3.0,3.0298,5.0852,5.5556,20.0,27.2809,v_mine
25.0,-5.0,wet,0.35,max_gross,165500.0,high_human,1.2,medium_site,5.56,3.0309,11.7717,5.5556,20.0,27.2809,v_mine
25.0,-5.0,wet,0.35,max_gross,165500.0,high_human,1.2,high_max,11.11,3.0357,33.6619,5.5556,20.0,27.2809,v_mine
25.0,-5.0,low_friction,0.2,empty,74000.0,low,0.3,low,3.0,1.6667,3.6,5.5556,20.0,26.4517,v_mine
25.0,-5.0,low_friction,0.2,empty,74000.0,low,0.3,medium_site,5.56,1.6692,10.928,5.5556,20.0,26.4517,v_mine
25.0,-5.0,low_friction,0.2,empty,74000.0,low,0.3,high_max,11.11,1.6799,40.0704,5.5556,20.0,26.4517,v_mine
25.0,-5.0,low_friction,0.2,empty,74000.0,nominal,0.45,low,3.0,1.6667,4.05,5.5556,20.0,27.2851,v_mine
25.0,-5.0,low_friction,0.2,empty,74000.0,nominal,0.45,medium_site,5.56,1.6692,11.762,5.5556,20.0,27.2851,v_mine
25.0,-5.0,low_friction,0.2,empty,74000.0,nominal,0.45,high_max,11.11,1.6799,41.7369,5.5556,20.0,27.2851,v_mine
25.0,-5.0,low_friction,0.2,empty,74000.0,high_human,1.2,low,3.0,1.6667,6.3,5.5556,20.0,31.4517,v_mine
25.0,-5.0,low_friction,0.2,empty,74000.0,high_human,1.2,medium_site,5.56,1.6692,15.932,5.5556,20.0,31.4517,v_mine
25.0,-5.0,low_friction,0.2,empty,74000.0,high_human,1.2,high_max,11.11,1.6799,50.0694,5.5556,20.0,31.4517,v_mine
25.0,-5.0,low_friction,0.2,medium,119750.0,low,0.3,low,3.0,1.6663,3.6007,5.5556,20.0,26.4517,v_mine
25.0,-5.0,low_friction,0.2,medium,119750.0,low,0.3,medium_site,5.56,1.6678,10.9356,5.5556,20.0,26.4517,v_mine
25.0,-5.0,low_friction,0.2,medium,119750.0,low,0.3,high_max,11.11,1.6745,40.1903,5.5556,20.0,26.4517,v_mine
25.0,-5.0,low_friction,0.2,medium,119750.0,nominal,0.45,low,3.0,1.6663,4.0507,5.5556,20.0,27.2851,v_mine
25.0,-5.0,low_friction,0.2,medium,119750.0,nominal,0.45,medium_site,5.56,1.6678,11.7696,5.5556,20.0,27.2851,v_mine
25.0,-5.0,low_friction,0.2,medium,119750.0,nominal,0.45,high_max,11.11,1.6745,41.8568,5.5556,20.0,27.2851,v_mine
25.0,-5.0,low_friction,0.2,medium,119750.0,high_human,1.2,low,3.0,1.6663,6.3007,5.5556,20.0,31.4517,v_mine
25.0,-5.0,low_friction,0.2,medium,119750.0,high_human,1.2,medium_site,5.56,1.6678,15.9396,5.5556,20.0,31.4517,v_mine
25.0,-5.0,low_friction,0.2,medium,119750.0,high_human,1.2,high_max,11.11,1.6745,50.1893,5.5556,20.0,31.4517,v_mine
25.0,-5.0,low_friction,0.2,max_gross,165500.0,low,0.3,low,3.0,1.6661,3.6009,5.5556,20.0,26.4517,v_mine
25.0,-5.0,low_friction,0.2,max_gross,165500.0,low,0.3,medium_site,5.56,1.6672,10.939,5.5556,20.0,26.4517,v_mine
25.0,-5.0,low_friction,0.2,max_gross,165500.0,low,0.3,high_max,11.11,1.672,40.2442,5.5556,20.0,26.4517,v_mine
25.0,-5.0,low_friction,0.2,max_gross,165500.0,nominal,0.45,low,3.0,1.6661,4.0509,5.5556,20.0,27.2851,v_mine
25.0,-5.0,low_friction,0.2,max_gross,165500.0,nominal,0.45,medium_site,5.56,1.6672,11.773,5.5556,20.0,27.2851,v_mine
25.0,-5.0,low_friction,0.2,max_gross,165500.0,nominal,0.45,high_max,11.11,1.672,41.9107,5.5556,20.0,27.2851,v_mine
25.0,-5.0,low_friction,0.2,max_gross,165500.0,high_human,1.2,low,3.0,1.6661,6.3009,5.5556,20.0,31.4517,v_mine
25.0,-5.0,low_friction,0.2,max_gross,165500.0,high_human,1.2,medium_site,5.56,1.6672,15.943,5.5556,20.0,31.4517,v_mine
25.0,-5.0,low_friction,0.2,max_gross,165500.0,high_human,1.2,high_max,11.11,1.672,50.2432,5.5556,20.0,31.4517,v_mine
25.0,-8.0,dry_high,0.65,empty,74000.0,low,0.3,low,3.0,5.7705,1.6798,5.5556,20.0,19.8615,v_mine
25.0,-8.0,dry_high,0.65,empty,74000.0,low,0.3,medium_site,5.56,5.773,4.3454,5.5556,20.0,19.8615,v_mine
25.0,-8.0,dry_high,0.65,empty,74000.0,low,0.3,high_max,11.11,5.7838,14.0036,5.5556,20.0,19.8615,v_mine
25.0,-8.0,dry_high,0.65,empty,74000.0,nominal,0.45,low,3.0,5.7705,2.1298,5.5556,20.0,20.6948,v_mine
25.0,-8.0,dry_high,0.65,empty,74000.0,nominal,0.45,medium_site,5.56,5.773,5.1794,5.5556,20.0,20.6948,v_mine
25.0,-8.0,dry_high,0.65,empty,74000.0,nominal,0.45,high_max,11.11,5.7838,15.6701,5.5556,20.0,20.6948,v_mine
25.0,-8.0,dry_high,0.65,empty,74000.0,high_human,1.2,low,3.0,5.7705,4.3798,5.5556,20.0,24.8615,v_mine
25.0,-8.0,dry_high,0.65,empty,74000.0,high_human,1.2,medium_site,5.56,5.773,9.3494,5.5556,20.0,24.8615,v_mine
25.0,-8.0,dry_high,0.65,empty,74000.0,high_human,1.2,high_max,11.11,5.7838,24.0026,5.5556,20.0,24.8615,v_mine
25.0,-8.0,dry_high,0.65,medium,119750.0,low,0.3,low,3.0,4.0068,2.0231,5.5556,20.0,21.0387,v_mine
25.0,-8.0,dry_high,0.65,medium,119750.0,low,0.3,medium_site,5.56,4.0084,5.5241,5.5556,20.0,21.0387,v_mine
25.0,-8.0,dry_high,0.65,medium,119750.0,low,0.3,high_max,11.11,4.015,18.7043,5.5556,20.0,21.0387,v_mine
25.0,-8.0,dry_high,0.65,medium,119750.0,nominal,0.45,low,3.0,4.0068,2.4731,5.5556,20.0,21.8721,v_mine
25.0,-8.0,dry_high,0.65,medium,119750.0,nominal,0.45,medium_site,5.56,4.0084,6.3581,5.5556,20.0,21.8721,v_mine
25.0,-8.0,dry_high,0.65,medium,119750.0,nominal,0.45,high_max,11.11,4.015,20.3708,5.5556,20.0,21.8721,v_mine
25.0,-8.0,dry_high,0.65,medium,119750.0,high_human,1.2,low,3.0,4.0068,4.7231,5.5556,20.0,26.0387,v_mine
25.0,-8.0,dry_high,0.65,medium,119750.0,high_human,1.2,medium_site,5.56,4.0084,10.5281,5.5556,20.0,26.0387,v_mine
25.0,-8.0,dry_high,0.65,medium,119750.0,high_human,1.2,high_max,11.11,4.015,28.7033,5.5556,20.0,26.0387,v_mine
25.0,-8.0,dry_high,0.65,max_gross,165500.0,low,0.3,low,3.0,2.737,2.5441,5.5556,20.0,22.8259,v_mine
25.0,-8.0,dry_high,0.65,max_gross,165500.0,low,0.3,medium_site,5.56,2.7381,7.313,5.5556,20.0,22.8259,v_mine
25.0,-8.0,dry_high,0.65,max_gross,165500.0,low,0.3,high_max,11.11,2.7429,25.833,5.5556,20.0,22.8259,v_mine
25.0,-8.0,dry_high,0.65,max_gross,165500.0,nominal,0.45,low,3.0,2.737,2.9941,5.5556,20.0,23.6593,v_mine
25.0,-8.0,dry_high,0.65,max_gross,165500.0,nominal,0.45,medium_site,5.56,2.7381,8.147,5.5556,20.0,23.6593,v_mine
25.0,-8.0,dry_high,0.65,max_gross,165500.0,nominal,0.45,high_max,11.11,2.7429,27.4995,5.5556,20.0,23.6593,v_mine
25.0,-8.0,dry_high,0.65,max_gross,165500.0,high_human,1.2,low,3.0,2.737,5.2441,5.5556,20.0,27.8259,v_mine
25.0,-8.0,dry_high,0.65,max_gross,165500.0,high_human,1.2,medium_site,5.56,2.7381,12.317,5.5556,20.0,27.8259,v_mine
25.0,-8.0,dry_high,0.65,max_gross,165500.0,high_human,1.2,high_max,11.11,2.7429,35.832,5.5556,20.0,27.8259,v_mine
25.0,-8.0,moderate,0.45,empty,74000.0,low,0.3,low,3.0,3.8148,2.0796,5.5556,20.0,21.2331,v_mine
25.0,-8.0,moderate,0.45,empty,74000.0,low,0.3,medium_site,5.56,3.8173,5.7171,5.5556,20.0,21.2331,v_mine
25.0,-8.0,moderate,0.45,empty,74000.0,low,0.3,high_max,11.11,3.828,19.4552,5.5556,20.0,21.2331,v_mine
25.0,-8.0,moderate,0.45,empty,74000.0,nominal,0.45,low,3.0,3.8148,2.5296,5.5556,20.0,22.0665,v_mine
25.0,-8.0,moderate,0.45,empty,74000.0,nominal,0.45,medium_site,5.56,3.8173,6.5511,5.5556,20.0,22.0665,v_mine
25.0,-8.0,moderate,0.45,empty,74000.0,nominal,0.45,high_max,11.11,3.828,21.1217,5.5556,20.0,22.0665,v_mine
25.0,-8.0,moderate,0.45,empty,74000.0,high_human,1.2,low,3.0,3.8148,4.7796,5.5556,20.0,26.2331,v_mine
25.0,-8.0,moderate,0.45,empty,74000.0,high_human,1.2,medium_site,5.56,3.8173,10.7211,5.5556,20.0,26.2331,v_mine
25.0,-8.0,moderate,0.45,empty,74000.0,high_human,1.2,high_max,11.11,3.828,29.4542,5.5556,20.0,26.2331,v_mine
25.0,-8.0,moderate,0.45,medium,119750.0,low,0.3,low,3.0,3.8144,2.0798,5.5556,20.0,21.2331,v_mine
25.0,-8.0,moderate,0.45,medium,119750.0,low,0.3,medium_site,5.56,3.8159,5.7186,5.5556,20.0,21.2331,v_mine
25.0,-8.0,moderate,0.45,medium,119750.0,low,0.3,high_max,11.11,3.8226,19.4782,5.5556,20.0,21.2331,v_mine
25.0,-8.0,moderate,0.45,medium,119750.0,nominal,0.45,low,3.0,3.8144,2.5298,5.5556,20.0,22.0665,v_mine
25.0,-8.0,moderate,0.45,medium,119750.0,nominal,0.45,medium_site,5.56,3.8159,6.5526,5.5556,20.0,22.0665,v_mine
25.0,-8.0,moderate,0.45,medium,119750.0,nominal,0.45,high_max,11.11,3.8226,21.1447,5.5556,20.0,22.0665,v_mine
25.0,-8.0,moderate,0.45,medium,119750.0,high_human,1.2,low,3.0,3.8144,4.7798,5.5556,20.0,26.2331,v_mine
25.0,-8.0,moderate,0.45,medium,119750.0,high_human,1.2,medium_site,5.56,3.8159,10.7226,5.5556,20.0,26.2331,v_mine
25.0,-8.0,moderate,0.45,medium,119750.0,high_human,1.2,high_max,11.11,3.8226,29.4772,5.5556,20.0,26.2331,v_mine
25.0,-8.0,moderate,0.45,max_gross,165500.0,low,0.3,low,3.0,2.737,2.5441,5.5556,20.0,22.8259,v_mine
25.0,-8.0,moderate,0.45,max_gross,165500.0,low,0.3,medium_site,5.56,2.7381,7.313,5.5556,20.0,22.8259,v_mine
25.0,-8.0,moderate,0.45,max_gross,165500.0,low,0.3,high_max,11.11,2.7429,25.833,5.5556,20.0,22.8259,v_mine
25.0,-8.0,moderate,0.45,max_gross,165500.0,nominal,0.45,low,3.0,2.737,2.9941,5.5556,20.0,23.6593,v_mine
25.0,-8.0,moderate,0.45,max_gross,165500.0,nominal,0.45,medium_site,5.56,2.7381,8.147,5.5556,20.0,23.6593,v_mine
25.0,-8.0,moderate,0.45,max_gross,165500.0,nominal,0.45,high_max,11.11,2.7429,27.4995,5.5556,20.0,23.6593,v_mine
25.0,-8.0,moderate,0.45,max_gross,165500.0,high_human,1.2,low,3.0,2.737,5.2441,5.5556,20.0,27.8259,v_mine
25.0,-8.0,moderate,0.45,max_gross,165500.0,high_human,1.2,medium_site,5.56,2.7381,12.317,5.5556,20.0,27.8259,v_mine
25.0,-8.0,moderate,0.45,max_gross,165500.0,high_human,1.2,high_max,11.11,2.7429,35.832,5.5556,20.0,27.8259,v_mine
25.0,-8.0,wet,0.35,empty,74000.0,low,0.3,low,3.0,2.8369,2.4862,5.5556,20.0,22.6285,v_mine
25.0,-8.0,wet,0.35,empty,74000.0,low,0.3,medium_site,5.56,2.8394,7.1116,5.5556,20.0,22.6285,v_mine
25.0,-8.0,wet,0.35,empty,74000.0,low,0.3,high_max,11.11,2.8501,24.9867,5.5556,20.0,22.6285,v_mine
25.0,-8.0,wet,0.35,empty,74000.0,nominal,0.45,low,3.0,2.8369,2.9362,5.5556,20.0,23.4618,v_mine
25.0,-8.0,wet,0.35,empty,74000.0,nominal,0.45,medium_site,5.56,2.8394,7.9456,5.5556,20.0,23.4618,v_mine
25.0,-8.0,wet,0.35,empty,74000.0,nominal,0.45,high_max,11.11,2.8501,26.6532,5.5556,20.0,23.4618,v_mine
25.0,-8.0,wet,0.35,empty,74000.0,high_human,1.2,low,3.0,2.8369,5.1862,5.5556,20.0,27.6285,v_mine
25.0,-8.0,wet,0.35,empty,74000.0,high_human,1.2,medium_site,5.56,2.8394,12.1156,5.5556,20.0,27.6285,v_mine
25.0,-8.0,wet,0.35,empty,74000.0,high_human,1.2,high_max,11.11,2.8501,34.9857,5.5556,20.0,27.6285,v_mine
25.0,-8.0,wet,0.35,medium,119750.0,low,0.3,low,3.0,2.8365,2.4865,5.5556,20.0,22.6285,v_mine
25.0,-8.0,wet,0.35,medium,119750.0,low,0.3,medium_site,5.56,2.8381,7.1143,5.5556,20.0,22.6285,v_mine
25.0,-8.0,wet,0.35,medium,119750.0,low,0.3,high_max,11.11,2.8447,25.0283,5.5556,20.0,22.6285,v_mine
25.0,-8.0,wet,0.35,medium,119750.0,nominal,0.45,low,3.0,2.8365,2.9365,5.5556,20.0,23.4618,v_mine
25.0,-8.0,wet,0.35,medium,119750.0,nominal,0.45,medium_site,5.56,2.8381,7.9483,5.5556,20.0,23.4618,v_mine
25.0,-8.0,wet,0.35,medium,119750.0,nominal,0.45,high_max,11.11,2.8447,26.6948,5.5556,20.0,23.4618,v_mine
25.0,-8.0,wet,0.35,medium,119750.0,high_human,1.2,low,3.0,2.8365,5.1865,5.5556,20.0,27.6285,v_mine
25.0,-8.0,wet,0.35,medium,119750.0,high_human,1.2,medium_site,5.56,2.8381,12.1183,5.5556,20.0,27.6285,v_mine
25.0,-8.0,wet,0.35,medium,119750.0,high_human,1.2,high_max,11.11,2.8447,35.0273,5.5556,20.0,27.6285,v_mine
25.0,-8.0,wet,0.35,max_gross,165500.0,low,0.3,low,3.0,2.737,2.5441,5.5556,20.0,22.8259,v_mine
25.0,-8.0,wet,0.35,max_gross,165500.0,low,0.3,medium_site,5.56,2.7381,7.313,5.5556,20.0,22.8259,v_mine
25.0,-8.0,wet,0.35,max_gross,165500.0,low,0.3,high_max,11.11,2.7429,25.833,5.5556,20.0,22.8259,v_mine
25.0,-8.0,wet,0.35,max_gross,165500.0,nominal,0.45,low,3.0,2.737,2.9941,5.5556,20.0,23.6593,v_mine
25.0,-8.0,wet,0.35,max_gross,165500.0,nominal,0.45,medium_site,5.56,2.7381,8.147,5.5556,20.0,23.6593,v_mine
25.0,-8.0,wet,0.35,max_gross,165500.0,nominal,0.45,high_max,11.11,2.7429,27.4995,5.5556,20.0,23.6593,v_mine
25.0,-8.0,wet,0.35,max_gross,165500.0,high_human,1.2,low,3.0,2.737,5.2441,5.5556,20.0,27.8259,v_mine
25.0,-8.0,wet,0.35,max_gross,165500.0,high_human,1.2,medium_site,5.56,2.7381,12.317,5.5556,20.0,27.8259,v_mine
25.0,-8.0,wet,0.35,max_gross,165500.0,high_human,1.2,high_max,11.11,2.7429,35.832,5.5556,20.0,27.8259,v_mine
25.0,-8.0,low_friction,0.2,empty,74000.0,low,0.3,low,3.0,1.3701,4.1845,5.5556,20.0,28.459,v_mine
25.0,-8.0,low_friction,0.2,empty,74000.0,low,0.3,medium_site,5.56,1.3726,12.9289,5.5556,20.0,28.459,v_mine
25.0,-8.0,low_friction,0.2,empty,74000.0,low,0.3,high_max,11.11,1.3833,47.9471,5.5556,20.0,28.459,v_mine
25.0,-8.0,low_friction,0.2,empty,74000.0,nominal,0.45,low,3.0,1.3701,4.6345,5.5556,20.0,29.2923,v_mine
25.0,-8.0,low_friction,0.2,empty,74000.0,nominal,0.45,medium_site,5.56,1.3726,13.7629,5.5556,20.0,29.2923,v_mine
25.0,-8.0,low_friction,0.2,empty,74000.0,nominal,0.45,high_max,11.11,1.3833,49.6136,5.5556,20.0,29.2923,v_mine
25.0,-8.0,low_friction,0.2,empty,74000.0,high_human,1.2,low,3.0,1.3701,6.8845,5.5556,20.0,33.459,v_mine
25.0,-8.0,low_friction,0.2,empty,74000.0,high_human,1.2,medium_site,5.56,1.3726,17.9329,5.5556,20.0,33.459,v_mine
25.0,-8.0,low_friction,0.2,empty,74000.0,high_human,1.2,high_max,11.11,1.3833,57.9461,5.5556,20.0,33.459,v_mine
25.0,-8.0,low_friction,0.2,medium,119750.0,low,0.3,low,3.0,1.3697,4.1855,5.5556,20.0,28.459,v_mine
25.0,-8.0,low_friction,0.2,medium,119750.0,low,0.3,medium_site,5.56,1.3712,12.9401,5.5556,20.0,28.459,v_mine
25.0,-8.0,low_friction,0.2,medium,119750.0,low,0.3,high_max,11.11,1.3779,48.1241,5.5556,20.0,28.459,v_mine
25.0,-8.0,low_friction,0.2,medium,119750.0,nominal,0.45,low,3.0,1.3697,4.6355,5.5556,20.0,29.2923,v_mine
25.0,-8.0,low_friction,0.2,medium,119750.0,nominal,0.45,medium_site,5.56,1.3712,13.7741,5.5556,20.0,29.2923,v_mine
25.0,-8.0,low_friction,0.2,medium,119750.0,nominal,0.45,high_max,11.11,1.3779,49.7906,5.5556,20.0,29.2923,v_mine
25.0,-8.0,low_friction,0.2,medium,119750.0,high_human,1.2,low,3.0,1.3697,6.8855,5.5556,20.0,33.459,v_mine
25.0,-8.0,low_friction,0.2,medium,119750.0,high_human,1.2,medium_site,5.56,1.3712,17.9441,5.5556,20.0,33.459,v_mine
25.0,-8.0,low_friction,0.2,medium,119750.0,high_human,1.2,high_max,11.11,1.3779,58.1231,5.5556,20.0,33.459,v_mine
25.0,-8.0,low_friction,0.2,max_gross,165500.0,low,0.3,low,3.0,1.3695,4.1859,5.5556,20.0,28.459,v_mine
25.0,-8.0,low_friction,0.2,max_gross,165500.0,low,0.3,medium_site,5.56,1.3706,12.9452,5.5556,20.0,28.459,v_mine
25.0,-8.0,low_friction,0.2,max_gross,165500.0,low,0.3,high_max,11.11,1.3754,48.2036,5.5556,20.0,28.459,v_mine
25.0,-8.0,low_friction,0.2,max_gross,165500.0,nominal,0.45,low,3.0,1.3695,4.6359,5.5556,20.0,29.2923,v_mine
25.0,-8.0,low_friction,0.2,max_gross,165500.0,nominal,0.45,medium_site,5.56,1.3706,13.7792,5.5556,20.0,29.2923,v_mine
25.0,-8.0,low_friction,0.2,max_gross,165500.0,nominal,0.45,high_max,11.11,1.3754,49.8701,5.5556,20.0,29.2923,v_mine
25.0,-8.0,low_friction,0.2,max_gross,165500.0,high_human,1.2,low,3.0,1.3695,6.8859,5.5556,20.0,33.459,v_mine
25.0,-8.0,low_friction,0.2,max_gross,165500.0,high_human,1.2,medium_site,5.56,1.3706,17.9492,5.5556,20.0,33.459,v_mine
25.0,-8.0,low_friction,0.2,max_gross,165500.0,high_human,1.2,high_max,11.11,1.3754,58.2026,5.5556,20.0,33.459,v_mine
12.0,8.0,dry_high,0.65,empty,74000.0,low,0.3,low,3.0,7.3351,1.5135,5.5556,20.0,19.2908,v_mine
12.0,8.0,dry_high,0.65,empty,74000.0,low,0.3,medium_site,5.56,7.3377,3.7745,5.5556,20.0,19.2908,v_mine
12.0,8.0,dry_high,0.65,empty,74000.0,low,0.3,high_max,11.11,7.3484,11.7316,5.5556,20.0,19.2908,v_mine
12.0,8.0,dry_high,0.65,empty,74000.0,nominal,0.45,low,3.0,7.3351,1.9635,5.5556,20.0,20.1242,v_mine
12.0,8.0,dry_high,0.65,empty,74000.0,nominal,0.45,medium_site,5.56,7.3377,4.6085,5.5556,20.0,20.1242,v_mine
12.0,8.0,dry_high,0.65,empty,74000.0,nominal,0.45,high_max,11.11,7.3484,13.3981,5.5556,20.0,20.1242,v_mine
12.0,8.0,dry_high,0.65,empty,74000.0,high_human,1.2,low,3.0,7.3351,4.2135,4.6205,16.63,22.52,v_stop
12.0,8.0,dry_high,0.65,empty,74000.0,high_human,1.2,medium_site,5.56,7.3377,8.7785,4.6205,16.63,22.52,v_stop
12.0,8.0,dry_high,0.65,empty,74000.0,high_human,1.2,high_max,11.11,7.3484,21.7306,4.6205,16.63,22.52,v_stop
12.0,8.0,dry_high,0.65,medium,119750.0,low,0.3,low,3.0,5.5714,1.7077,5.5556,20.0,19.9569,v_mine
12.0,8.0,dry_high,0.65,medium,119750.0,low,0.3,medium_site,5.56,5.573,4.4415,5.5556,20.0,19.9569,v_mine
12.0,8.0,dry_high,0.65,medium,119750.0,low,0.3,high_max,11.11,5.5796,14.394,5.5556,20.0,19.9569,v_mine
12.0,8.0,dry_high,0.65,medium,119750.0,nominal,0.45,low,3.0,5.5714,2.1577,5.5556,20.0,20.7902,v_mine
12.0,8.0,dry_high,0.65,medium,119750.0,nominal,0.45,medium_site,5.56,5.573,5.2755,5.5556,20.0,20.7902,v_mine
12.0,8.0,dry_high,0.65,medium,119750.0,nominal,0.45,high_max,11.11,5.5796,16.0605,5.5556,20.0,20.7902,v_mine
12.0,8.0,dry_high,0.65,medium,119750.0,high_human,1.2,low,3.0,5.5714,4.4077,4.3911,15.81,22.52,v_stop
12.0,8.0,dry_high,0.65,medium,119750.0,high_human,1.2,medium_site,5.56,5.573,9.4455,4.3911,15.81,22.52,v_stop
12.0,8.0,dry_high,0.65,medium,119750.0,high_human,1.2,high_max,11.11,5.5796,24.393,4.3911,15.81,22.52,v_stop
12.0,8.0,dry_high,0.65,max_gross,165500.0,low,0.3,low,3.0,4.3016,1.9461,5.5556,20.0,20.7746,v_mine
12.0,8.0,dry_high,0.65,max_gross,165500.0,low,0.3,medium_site,5.56,4.3027,5.2603,5.5556,20.0,20.7746,v_mine
12.0,8.0,dry_high,0.65,max_gross,165500.0,low,0.3,high_max,11.11,4.3075,17.6605,5.5556,20.0,20.7746,v_mine
12.0,8.0,dry_high,0.65,max_gross,165500.0,nominal,0.45,low,3.0,4.3016,2.3961,5.5556,20.0,21.6079,v_mine
12.0,8.0,dry_high,0.65,max_gross,165500.0,nominal,0.45,medium_site,5.56,4.3027,6.0943,5.5556,20.0,21.6079,v_mine
12.0,8.0,dry_high,0.65,max_gross,165500.0,nominal,0.45,high_max,11.11,4.3075,19.327,5.5556,20.0,21.6079,v_mine
12.0,8.0,dry_high,0.65,max_gross,165500.0,high_human,1.2,low,3.0,4.3016,4.6461,4.1583,14.97,22.52,v_stop
12.0,8.0,dry_high,0.65,max_gross,165500.0,high_human,1.2,medium_site,5.56,4.3027,10.2643,4.1583,14.97,22.52,v_stop
12.0,8.0,dry_high,0.65,max_gross,165500.0,high_human,1.2,high_max,11.11,4.3075,27.6595,4.1583,14.97,22.52,v_stop
12.0,8.0,moderate,0.45,empty,74000.0,low,0.3,low,3.0,5.3794,1.7365,5.5556,20.0,20.056,v_mine
12.0,8.0,moderate,0.45,empty,74000.0,low,0.3,medium_site,5.56,5.3819,4.54,5.5556,20.0,20.056,v_mine
12.0,8.0,moderate,0.45,empty,74000.0,low,0.3,high_max,11.11,5.3926,14.7775,5.5556,20.0,20.056,v_mine
12.0,8.0,moderate,0.45,empty,74000.0,nominal,0.45,low,3.0,5.3794,2.1865,5.5556,20.0,20.8893,v_mine
12.0,8.0,moderate,0.45,empty,74000.0,nominal,0.45,medium_site,5.56,5.3819,5.374,5.5556,20.0,20.8893,v_mine
12.0,8.0,moderate,0.45,empty,74000.0,nominal,0.45,high_max,11.11,5.3926,16.444,5.5556,20.0,20.8893,v_mine
12.0,8.0,moderate,0.45,empty,74000.0,high_human,1.2,low,3.0,5.3794,4.4365,4.3604,15.7,22.52,v_stop
12.0,8.0,moderate,0.45,empty,74000.0,high_human,1.2,medium_site,5.56,5.3819,9.544,4.3604,15.7,22.52,v_stop
12.0,8.0,moderate,0.45,empty,74000.0,high_human,1.2,high_max,11.11,5.3926,24.7765,4.3604,15.7,22.52,v_stop
12.0,8.0,moderate,0.45,medium,119750.0,low,0.3,low,3.0,5.379,1.7366,5.5556,20.0,20.056,v_mine
12.0,8.0,moderate,0.45,medium,119750.0,low,0.3,medium_site,5.56,5.3805,4.5407,5.5556,20.0,20.056,v_mine
12.0,8.0,moderate,0.45,medium,119750.0,low,0.3,high_max,11.11,5.3872,14.7891,5.5556,20.0,20.056,v_mine
12.0,8.0,moderate,0.45,medium,119750.0,nominal,0.45,low,3.0,5.379,2.1866,5.5556,20.0,20.8893,v_mine
12.0,8.0,moderate,0.45,medium,119750.0,nominal,0.45,medium_site,5.56,5.3805,5.3747,5.5556,20.0,20.8893,v_mine
12.0,8.0,moderate,0.45,medium,119750.0,nominal,0.45,high_max,11.11,5.3872,16.4556,5.5556,20.0,20.8893,v_mine
12.0,8.0,moderate,0.45,medium,119750.0,high_human,1.2,low,3.0,5.379,4.4366,4.3604,15.7,22.52,v_stop
12.0,8.0,moderate,0.45,medium,119750.0,high_human,1.2,medium_site,5.56,5.3805,9.5447,4.3604,15.7,22.52,v_stop
12.0,8.0,moderate,0.45,medium,119750.0,high_human,1.2,high_max,11.11,5.3872,24.7881,4.3604,15.7,22.52,v_stop
12.0,8.0,moderate,0.45,max_gross,165500.0,low,0.3,low,3.0,4.3016,1.9461,5.5556,20.0,20.7746,v_mine
12.0,8.0,moderate,0.45,max_gross,165500.0,low,0.3,medium_site,5.56,4.3027,5.2603,5.5556,20.0,20.7746,v_mine
12.0,8.0,moderate,0.45,max_gross,165500.0,low,0.3,high_max,11.11,4.3075,17.6605,5.5556,20.0,20.7746,v_mine
12.0,8.0,moderate,0.45,max_gross,165500.0,nominal,0.45,low,3.0,4.3016,2.3961,5.5556,20.0,21.6079,v_mine
12.0,8.0,moderate,0.45,max_gross,165500.0,nominal,0.45,medium_site,5.56,4.3027,6.0943,5.5556,20.0,21.6079,v_mine
12.0,8.0,moderate,0.45,max_gross,165500.0,nominal,0.45,high_max,11.11,4.3075,19.327,5.5556,20.0,21.6079,v_mine
12.0,8.0,moderate,0.45,max_gross,165500.0,high_human,1.2,low,3.0,4.3016,4.6461,4.1583,14.97,22.52,v_stop
12.0,8.0,moderate,0.45,max_gross,165500.0,high_human,1.2,medium_site,5.56,4.3027,10.2643,4.1583,14.97,22.52,v_stop
12.0,8.0,moderate,0.45,max_gross,165500.0,high_human,1.2,high_max,11.11,4.3075,27.6595,4.1583,14.97,22.52,v_stop
12.0,8.0,wet,0.35,empty,74000.0,low,0.3,low,3.0,4.4015,1.9224,5.5556,20.0,20.6936,v_mine
12.0,8.0,wet,0.35,empty,74000.0,low,0.3,medium_site,5.56,4.404,5.1777,5.5556,20.0,20.6936,v_mine
12.0,8.0,wet,0.35,empty,74000.0,low,0.3,high_max,11.11,4.4147,17.3125,5.5556,20.0,20.6936,v_mine
12.0,8.0,wet,0.35,empty,74000.0,nominal,0.45,low,3.0,4.4015,2.3724,5.5556,20.0,21.5269,v_mine
12.0,8.0,wet,0.35,empty,74000.0,nominal,0.45,medium_site,5.56,4.404,6.0117,5.5556,20.0,21.5269,v_mine
12.0,8.0,wet,0.35,empty,74000.0,nominal,0.45,high_max,11.11,4.4147,18.979,5.5556,20.0,21.5269,v_mine
12.0,8.0,wet,0.35,empty,74000.0,high_human,1.2,low,3.0,4.4015,4.6224,4.1794,15.05,22.52,v_stop
12.0,8.0,wet,0.35,empty,74000.0,high_human,1.2,medium_site,5.56,4.404,10.1817,4.1794,15.05,22.52,v_stop
12.0,8.0,wet,0.35,empty,74000.0,high_human,1.2,high_max,11.11,4.4147,27.3115,4.1794,15.05,22.52,v_stop
12.0,8.0,wet,0.35,medium,119750.0,low,0.3,low,3.0,4.4011,1.9225,5.5556,20.0,20.6936,v_mine
12.0,8.0,wet,0.35,medium,119750.0,low,0.3,medium_site,5.56,4.4027,5.1788,5.5556,20.0,20.6936,v_mine
12.0,8.0,wet,0.35,medium,119750.0,low,0.3,high_max,11.11,4.4093,17.3299,5.5556,20.0,20.6936,v_mine
12.0,8.0,wet,0.35,medium,119750.0,nominal,0.45,low,3.0,4.4011,2.3725,5.5556,20.0,21.5269,v_mine
12.0,8.0,wet,0.35,medium,119750.0,nominal,0.45,medium_site,5.56,4.4027,6.0128,5.5556,20.0,21.5269,v_mine
12.0,8.0,wet,0.35,medium,119750.0,nominal,0.45,high_max,11.11,4.4093,18.9964,5.5556,20.0,21.5269,v_mine
12.0,8.0,wet,0.35,medium,119750.0,high_human,1.2,low,3.0,4.4011,4.6225,4.1794,15.05,22.52,v_stop
12.0,8.0,wet,0.35,medium,119750.0,high_human,1.2,medium_site,5.56,4.4027,10.1828,4.1794,15.05,22.52,v_stop
12.0,8.0,wet,0.35,medium,119750.0,high_human,1.2,high_max,11.11,4.4093,27.3289,4.1794,15.05,22.52,v_stop
12.0,8.0,wet,0.35,max_gross,165500.0,low,0.3,low,3.0,4.3016,1.9461,5.5556,20.0,20.7746,v_mine
12.0,8.0,wet,0.35,max_gross,165500.0,low,0.3,medium_site,5.56,4.3027,5.2603,5.5556,20.0,20.7746,v_mine
12.0,8.0,wet,0.35,max_gross,165500.0,low,0.3,high_max,11.11,4.3075,17.6605,5.5556,20.0,20.7746,v_mine
12.0,8.0,wet,0.35,max_gross,165500.0,nominal,0.45,low,3.0,4.3016,2.3961,5.5556,20.0,21.6079,v_mine
12.0,8.0,wet,0.35,max_gross,165500.0,nominal,0.45,medium_site,5.56,4.3027,6.0943,5.5556,20.0,21.6079,v_mine
12.0,8.0,wet,0.35,max_gross,165500.0,nominal,0.45,high_max,11.11,4.3075,19.327,5.5556,20.0,21.6079,v_mine
12.0,8.0,wet,0.35,max_gross,165500.0,high_human,1.2,low,3.0,4.3016,4.6461,4.1583,14.97,22.52,v_stop
12.0,8.0,wet,0.35,max_gross,165500.0,high_human,1.2,medium_site,5.56,4.3027,10.2643,4.1583,14.97,22.52,v_stop
12.0,8.0,wet,0.35,max_gross,165500.0,high_human,1.2,high_max,11.11,4.3075,27.6595,4.1583,14.97,22.52,v_stop
12.0,8.0,low_friction,0.2,empty,74000.0,low,0.3,low,3.0,2.9347,2.4334,4.8445,17.44,20.9733,v_traction
12.0,8.0,low_friction,0.2,empty,74000.0,low,0.3,medium_site,5.56,2.9372,6.9304,4.8445,17.44,20.9733,v_traction
12.0,8.0,low_friction,0.2,empty,74000.0,low,0.3,high_max,11.11,2.9479,24.2684,4.8445,17.44,20.9733,v_traction
12.0,8.0,low_friction,0.2,empty,74000.0,nominal,0.45,low,3.0,2.9347,2.8834,4.8445,17.44,21.7,v_traction
12.0,8.0,low_friction,0.2,empty,74000.0,nominal,0.45,medium_site,5.56,2.9372,7.7644,4.8445,17.44,21.7,v_traction
12.0,8.0,low_friction,0.2,empty,74000.0,nominal,0.45,high_max,11.11,2.9479,25.9349,4.8445,17.44,21.7,v_traction
12.0,8.0,low_friction,0.2,empty,74000.0,high_human,1.2,low,3.0,2.9347,5.1334,3.7915,13.65,22.52,v_stop
12.0,8.0,low_friction,0.2,empty,74000.0,high_human,1.2,medium_site,5.56,2.9372,11.9344,3.7915,13.65,22.52,v_stop
12.0,8.0,low_friction,0.2,empty,74000.0,high_human,1.2,high_max,11.11,2.9479,34.2674,3.7915,13.65,22.52,v_stop
12.0,8.0,low_friction,0.2,medium,119750.0,low,0.3,low,3.0,2.9343,2.4336,4.8445,17.44,20.9733,v_traction
12.0,8.0,low_friction,0.2,medium,119750.0,low,0.3,medium_site,5.56,2.9358,6.9329,4.8445,17.44,20.9733,v_traction
12.0,8.0,low_friction,0.2,medium,119750.0,low,0.3,high_max,11.11,2.9425,24.3073,4.8445,17.44,20.9733,v_traction
12.0,8.0,low_friction,0.2,medium,119750.0,nominal,0.45,low,3.0,2.9343,2.8836,4.8445,17.44,21.7,v_traction
12.0,8.0,low_friction,0.2,medium,119750.0,nominal,0.45,medium_site,5.56,2.9358,7.7669,4.8445,17.44,21.7,v_traction
12.0,8.0,low_friction,0.2,medium,119750.0,nominal,0.45,high_max,11.11,2.9425,25.9738,4.8445,17.44,21.7,v_traction
12.0,8.0,low_friction,0.2,medium,119750.0,high_human,1.2,low,3.0,2.9343,5.1336,3.7915,13.65,22.52,v_stop
12.0,8.0,low_friction,0.2,medium,119750.0,high_human,1.2,medium_site,5.56,2.9358,11.9369,3.7915,13.65,22.52,v_stop
12.0,8.0,low_friction,0.2,medium,119750.0,high_human,1.2,high_max,11.11,2.9425,34.3063,3.7915,13.65,22.52,v_stop
12.0,8.0,low_friction,0.2,max_gross,165500.0,low,0.3,low,3.0,2.9341,2.4337,4.8445,17.44,20.9733,v_traction
12.0,8.0,low_friction,0.2,max_gross,165500.0,low,0.3,medium_site,5.56,2.9352,6.934,4.8445,17.44,20.9733,v_traction
12.0,8.0,low_friction,0.2,max_gross,165500.0,low,0.3,high_max,11.11,2.94,24.3247,4.8445,17.44,20.9733,v_traction
12.0,8.0,low_friction,0.2,max_gross,165500.0,nominal,0.45,low,3.0,2.9341,2.8837,4.8445,17.44,21.7,v_traction
12.0,8.0,low_friction,0.2,max_gross,165500.0,nominal,0.45,medium_site,5.56,2.9352,7.768,4.8445,17.44,21.7,v_traction
12.0,8.0,low_friction,0.2,max_gross,165500.0,nominal,0.45,high_max,11.11,2.94,25.9912,4.8445,17.44,21.7,v_traction
12.0,8.0,low_friction,0.2,max_gross,165500.0,high_human,1.2,low,3.0,2.9341,5.1337,3.7915,13.65,22.52,v_stop
12.0,8.0,low_friction,0.2,max_gross,165500.0,high_human,1.2,medium_site,5.56,2.9352,11.938,3.7915,13.65,22.52,v_stop
12.0,8.0,low_friction,0.2,max_gross,165500.0,high_human,1.2,high_max,11.11,2.94,34.3237,3.7915,13.65,22.52,v_stop
12.0,5.0,dry_high,0.65,empty,74000.0,low,0.3,low,3.0,7.0554,1.5378,5.5556,20.0,19.3743,v_mine
12.0,5.0,dry_high,0.65,empty,74000.0,low,0.3,medium_site,5.56,7.058,3.858,5.5556,20.0,19.3743,v_mine
12.0,5.0,dry_high,0.65,empty,74000.0,low,0.3,high_max,11.11,7.0687,12.0639,5.5556,20.0,19.3743,v_mine
12.0,5.0,dry_high,0.65,empty,74000.0,nominal,0.45,low,3.0,7.0554,1.9878,5.5556,20.0,20.2076,v_mine
12.0,5.0,dry_high,0.65,empty,74000.0,nominal,0.45,medium_site,5.56,7.058,4.692,5.5556,20.0,20.2076,v_mine
12.0,5.0,dry_high,0.65,empty,74000.0,nominal,0.45,high_max,11.11,7.0687,13.7304,5.5556,20.0,20.2076,v_mine
12.0,5.0,dry_high,0.65,empty,74000.0,high_human,1.2,low,3.0,7.0554,4.2378,4.5893,16.52,22.52,v_stop
12.0,5.0,dry_high,0.65,empty,74000.0,high_human,1.2,medium_site,5.56,7.058,8.862,4.5893,16.52,22.52,v_stop
12.0,5.0,dry_high,0.65,empty,74000.0,high_human,1.2,high_max,11.11,7.0687,22.0629,4.5893,16.52,22.52,v_stop
12.0,5.0,dry_high,0.65,medium,119750.0,low,0.3,low,3.0,5.2794,1.7524,5.5556,20.0,20.1101,v_mine
12.0,5.0,dry_high,0.65,medium,119750.0,low,0.3,medium_site,5.56,5.281,4.5949,5.5556,20.0,20.1101,v_mine
12.0,5.0,dry_high,0.65,medium,119750.0,low,0.3,high_max,11.11,5.2876,15.0049,5.5556,20.0,20.1101,v_mine
12.0,5.0,dry_high,0.65,medium,119750.0,nominal,0.45,low,3.0,5.2794,2.2024,5.5556,20.0,20.9434,v_mine
12.0,5.0,dry_high,0.65,medium,119750.0,nominal,0.45,medium_site,5.56,5.281,5.4289,5.5556,20.0,20.9434,v_mine
12.0,5.0,dry_high,0.65,medium,119750.0,nominal,0.45,high_max,11.11,5.2876,16.6714,5.5556,20.0,20.9434,v_mine
12.0,5.0,dry_high,0.65,medium,119750.0,high_human,1.2,low,3.0,5.2794,4.4524,4.3439,15.64,22.52,v_stop
12.0,5.0,dry_high,0.65,medium,119750.0,high_human,1.2,medium_site,5.56,5.281,9.5989,4.3439,15.64,22.52,v_stop
12.0,5.0,dry_high,0.65,medium,119750.0,high_human,1.2,high_max,11.11,5.2876,25.0039,4.3439,15.64,22.52,v_stop
12.0,5.0,dry_high,0.65,max_gross,165500.0,low,0.3,low,3.0,4.0096,2.0223,5.5556,20.0,21.0359,v_mine
12.0,5.0,dry_high,0.65,max_gross,165500.0,low,0.3,medium_site,5.56,4.0107,5.5219,5.5556,20.0,21.0359,v_mine
12.0,5.0,dry_high,0.65,max_gross,165500.0,low,0.3,high_max,11.11,4.0155,18.7025,5.5556,20.0,21.0359,v_mine
12.0,5.0,dry_high,0.65,max_gross,165500.0,nominal,0.45,low,3.0,4.0096,2.4723,5.5556,20.0,21.8693,v_mine
12.0,5.0,dry_high,0.65,max_gross,165500.0,nominal,0.45,medium_site,5.56,4.0107,6.3559,5.5556,20.0,21.8693,v_mine
12.0,5.0,dry_high,0.65,max_gross,165500.0,nominal,0.45,high_max,11.11,4.0155,20.369,5.5556,20.0,21.8693,v_mine
12.0,5.0,dry_high,0.65,max_gross,165500.0,high_human,1.2,low,3.0,4.0096,4.7223,4.0926,14.73,22.52,v_stop
12.0,5.0,dry_high,0.65,max_gross,165500.0,high_human,1.2,medium_site,5.56,4.0107,10.5259,4.0926,14.73,22.52,v_stop
12.0,5.0,dry_high,0.65,max_gross,165500.0,high_human,1.2,high_max,11.11,4.0155,28.7015,4.0926,14.73,22.52,v_stop
12.0,5.0,moderate,0.45,empty,74000.0,low,0.3,low,3.0,5.0959,1.7831,5.5556,20.0,20.2156,v_mine
12.0,5.0,moderate,0.45,empty,74000.0,low,0.3,medium_site,5.56,5.0984,4.6997,5.5556,20.0,20.2156,v_mine
12.0,5.0,moderate,0.45,empty,74000.0,low,0.3,high_max,11.11,5.1091,15.4125,5.5556,20.0,20.2156,v_mine
12.0,5.0,moderate,0.45,empty,74000.0,nominal,0.45,low,3.0,5.0959,2.2331,5.5556,20.0,21.049,v_mine
12.0,5.0,moderate,0.45,empty,74000.0,nominal,0.45,medium_site,5.56,5.0984,5.5337,5.5556,20.0,21.049,v_mine
12.0,5.0,moderate,0.45,empty,74000.0,nominal,0.45,high_max,11.11,5.1091,17.079,5.5556,20.0,21.049,v_mine
12.0,5.0,moderate,0.45,empty,74000.0,high_human,1.2,low,3.0,5.0959,4.4831,4.3124,15.52,22.52,v_stop
12.0,5.0,moderate,0.45,empty,74000.0,high_human,1.2,medium_site,5.56,5.0984,9.7037,4.3124,15.52,22.52,v_stop
12.0,5.0,moderate,0.45,empty,74000.0,high_human,1.2,high_max,11.11,5.1091,25.4115,4.3124,15.52,22.52,v_stop
12.0,5.0,moderate,0.45,medium,119750.0,low,0.3,low,3.0,5.0955,1.7831,5.5556,20.0,20.2156,v_mine
12.0,5.0,moderate,0.45,medium,119750.0,low,0.3,medium_site,5.56,5.097,4.7005,5.5556,20.0,20.2156,v_mine
12.0,5.0,moderate,0.45,medium,119750.0,low,0.3,high_max,11.11,5.1037,15.4255,5.5556,20.0,20.2156,v_mine
12.0,5.0,moderate,0.45,medium,119750.0,nominal,0.45,low,3.0,5.0955,2.2331,5.5556,20.0,21.049,v_mine
12.0,5.0,moderate,0.45,medium,119750.0,nominal,0.45,medium_site,5.56,5.097,5.5345,5.5556,20.0,21.049,v_mine
12.0,5.0,moderate,0.45,medium,119750.0,nominal,0.45,high_max,11.11,5.1037,17.092,5.5556,20.0,21.049,v_mine
12.0,5.0,moderate,0.45,medium,119750.0,high_human,1.2,low,3.0,5.0955,4.4831,4.3124,15.52,22.52,v_stop
12.0,5.0,moderate,0.45,medium,119750.0,high_human,1.2,medium_site,5.56,5.097,9.7045,4.3124,15.52,22.52,v_stop
12.0,5.0,moderate,0.45,medium,119750.0,high_human,1.2,high_max,11.11,5.1037,25.4245,4.3124,15.52,22.52,v_stop
12.0,5.0,moderate,0.45,max_gross,165500.0,low,0.3,low,3.0,4.0096,2.0223,5.5556,20.0,21.0359,v_mine
12.0,5.0,moderate,0.45,max_gross,165500.0,low,0.3,medium_site,5.56,4.0107,5.5219,5.5556,20.0,21.0359,v_mine
12.0,5.0,moderate,0.45,max_gross,165500.0,low,0.3,high_max,11.11,4.0155,18.7025,5.5556,20.0,21.0359,v_mine
12.0,5.0,moderate,0.45,max_gross,165500.0,nominal,0.45,low,3.0,4.0096,2.4723,5.5556,20.0,21.8693,v_mine
12.0,5.0,moderate,0.45,max_gross,165500.0,nominal,0.45,medium_site,5.56,4.0107,6.3559,5.5556,20.0,21.8693,v_mine
12.0,5.0,moderate,0.45,max_gross,165500.0,nominal,0.45,high_max,11.11,4.0155,20.369,5.5556,20.0,21.8693,v_mine
12.0,5.0,moderate,0.45,max_gross,165500.0,high_human,1.2,low,3.0,4.0096,4.7223,4.0926,14.73,22.52,v_stop
12.0,5.0,moderate,0.45,max_gross,165500.0,high_human,1.2,medium_site,5.56,4.0107,10.5259,4.0926,14.73,22.52,v_stop
12.0,5.0,moderate,0.45,max_gross,165500.0,high_human,1.2,high_max,11.11,4.0155,28.7015,4.0926,14.73,22.52,v_stop
12.0,5.0,wet,0.35,empty,74000.0,low,0.3,low,3.0,4.1161,1.9933,5.5556,20.0,20.9368,v_mine
12.0,5.0,wet,0.35,empty,74000.0,low,0.3,medium_site,5.56,4.1186,5.4209,5.5556,20.0,20.9368,v_mine
12.0,5.0,wet,0.35,empty,74000.0,low,0.3,high_max,11.11,4.1294,18.2787,5.5556,20.0,20.9368,v_mine
12.0,5.0,wet,0.35,empty,74000.0,nominal,0.45,low,3.0,4.1161,2.4433,5.5556,20.0,21.7702,v_mine
12.0,5.0,wet,0.35,empty,74000.0,nominal,0.45,medium_site,5.56,4.1186,6.2549,5.5556,20.0,21.7702,v_mine
12.0,5.0,wet,0.35,empty,74000.0,nominal,0.45,high_max,11.11,4.1294,19.9452,5.5556,20.0,21.7702,v_mine
12.0,5.0,wet,0.35,empty,74000.0,high_human,1.2,low,3.0,4.1161,4.6933,4.1171,14.82,22.52,v_stop
12.0,5.0,wet,0.35,empty,74000.0,high_human,1.2,medium_site,5.56,4.1186,10.4249,4.1171,14.82,22.52,v_stop
12.0,5.0,wet,0.35,empty,74000.0,high_human,1.2,high_max,11.11,4.1294,28.2777,4.1171,14.82,22.52,v_stop
12.0,5.0,wet,0.35,medium,119750.0,low,0.3,low,3.0,4.1157,1.9934,5.5556,20.0,20.9368,v_mine
12.0,5.0,wet,0.35,medium,119750.0,low,0.3,medium_site,5.56,4.1173,5.4221,5.5556,20.0,20.9368,v_mine
12.0,5.0,wet,0.35,medium,119750.0,low,0.3,high_max,11.11,4.1239,18.2985,5.5556,20.0,20.9368,v_mine
12.0,5.0,wet,0.35,medium,119750.0,nominal,0.45,low,3.0,4.1157,2.4434,5.5556,20.0,21.7702,v_mine
12.0,5.0,wet,0.35,medium,119750.0,nominal,0.45,medium_site,5.56,4.1173,6.2561,5.5556,20.0,21.7702,v_mine
12.0,5.0,wet,0.35,medium,119750.0,nominal,0.45,high_max,11.11,4.1239,19.965,5.5556,20.0,21.7702,v_mine
12.0,5.0,wet,0.35,medium,119750.0,high_human,1.2,low,3.0,4.1157,4.6934,4.1171,14.82,22.52,v_stop
12.0,5.0,wet,0.35,medium,119750.0,high_human,1.2,medium_site,5.56,4.1173,10.4261,4.1171,14.82,22.52,v_stop
12.0,5.0,wet,0.35,medium,119750.0,high_human,1.2,high_max,11.11,4.1239,28.2975,4.1171,14.82,22.52,v_stop
12.0,5.0,wet,0.35,max_gross,165500.0,low,0.3,low,3.0,4.0096,2.0223,5.5556,20.0,21.0359,v_mine
12.0,5.0,wet,0.35,max_gross,165500.0,low,0.3,medium_site,5.56,4.0107,5.5219,5.5556,20.0,21.0359,v_mine
12.0,5.0,wet,0.35,max_gross,165500.0,low,0.3,high_max,11.11,4.0155,18.7025,5.5556,20.0,21.0359,v_mine
12.0,5.0,wet,0.35,max_gross,165500.0,nominal,0.45,low,3.0,4.0096,2.4723,5.5556,20.0,21.8693,v_mine
12.0,5.0,wet,0.35,max_gross,165500.0,nominal,0.45,medium_site,5.56,4.0107,6.3559,5.5556,20.0,21.8693,v_mine
12.0,5.0,wet,0.35,max_gross,165500.0,nominal,0.45,high_max,11.11,4.0155,20.369,5.5556,20.0,21.8693,v_mine
12.0,5.0,wet,0.35,max_gross,165500.0,high_human,1.2,low,3.0,4.0096,4.7223,4.0926,14.73,22.52,v_stop
12.0,5.0,wet,0.35,max_gross,165500.0,high_human,1.2,medium_site,5.56,4.0107,10.5259,4.0926,14.73,22.52,v_stop
12.0,5.0,wet,0.35,max_gross,165500.0,high_human,1.2,high_max,11.11,4.0155,28.7015,4.0926,14.73,22.52,v_stop
12.0,5.0,low_friction,0.2,empty,74000.0,low,0.3,low,3.0,2.6464,2.6004,5.3436,19.24,22.52,v_stop
12.0,5.0,low_friction,0.2,empty,74000.0,low,0.3,medium_site,5.56,2.649,7.503,5.3436,19.24,22.52,v_stop
12.0,5.0,low_friction,0.2,empty,74000.0,low,0.3,high_max,11.11,2.6597,26.5372,5.3436,19.24,22.52,v_stop
12.0,5.0,low_friction,0.2,empty,74000.0,nominal,0.45,low,3.0,2.6464,3.0504,5.0106,18.04,22.52,v_stop
12.0,5.0,low_friction,0.2,empty,74000.0,nominal,0.45,medium_site,5.56,2.649,8.337,5.0106,18.04,22.52,v_stop
12.0,5.0,low_friction,0.2,empty,74000.0,nominal,0.45,high_max,11.11,2.6597,28.2037,5.0106,18.04,22.52,v_stop
12.0,5.0,low_friction,0.2,empty,74000.0,high_human,1.2,low,3.0,2.6464,5.3004,3.6894,13.28,22.52,v_stop
12.0,5.0,low_friction,0.2,empty,74000.0,high_human,1.2,medium_site,5.56,2.649,12.507,3.6894,13.28,22.52,v_stop
12.0,5.0,low_friction,0.2,empty,74000.0,high_human,1.2,high_max,11.11,2.6597,36.5362,3.6894,13.28,22.52,v_stop
12.0,5.0,low_friction,0.2,medium,119750.0,low,0.3,low,3.0,2.646,2.6007,5.3436,19.24,22.52,v_stop
12.0,5.0,low_friction,0.2,medium,119750.0,low,0.3,medium_site,5.56,2.6476,7.506,5.3436,19.24,22.52,v_stop
12.0,5.0,low_friction,0.2,medium,119750.0,low,0.3,high_max,11.11,2.6542,26.5849,5.3436,19.24,22.52,v_stop
12.0,5.0,low_friction,0.2,medium,119750.0,nominal,0.45,low,3.0,2.646,3.0507,5.0106,18.04,22.52,v_stop
12.0,5.0,low_friction,0.2,medium,119750.0,nominal,0.45,medium_site,5.56,2.6476,8.34,5.0106,18.04,22.52,v_stop
12.0,5.0,low_friction,0.2,medium,119750.0,nominal,0.45,high_max,11.11,2.6542,28.2514,5.0106,18.04,22.52,v_stop
12.0,5.0,low_friction,0.2,medium,119750.0,high_human,1.2,low,3.0,2.646,5.3007,3.6894,13.28,22.52,v_stop
12.0,5.0,low_friction,0.2,medium,119750.0,high_human,1.2,medium_site,5.56,2.6476,12.51,3.6894,13.28,22.52,v_stop
12.0,5.0,low_friction,0.2,medium,119750.0,high_human,1.2,high_max,11.11,2.6542,36.5839,3.6894,13.28,22.52,v_stop
12.0,5.0,low_friction,0.2,max_gross,165500.0,low,0.3,low,3.0,2.6459,2.6008,5.3436,19.24,22.52,v_stop
12.0,5.0,low_friction,0.2,max_gross,165500.0,low,0.3,medium_site,5.56,2.647,7.5074,5.3436,19.24,22.52,v_stop
12.0,5.0,low_friction,0.2,max_gross,165500.0,low,0.3,high_max,11.11,2.6518,26.6063,5.3436,19.24,22.52,v_stop
12.0,5.0,low_friction,0.2,max_gross,165500.0,nominal,0.45,low,3.0,2.6459,3.0508,5.0106,18.04,22.52,v_stop
12.0,5.0,low_friction,0.2,max_gross,165500.0,nominal,0.45,medium_site,5.56,2.647,8.3414,5.0106,18.04,22.52,v_stop
12.0,5.0,low_friction,0.2,max_gross,165500.0,nominal,0.45,high_max,11.11,2.6518,28.2728,5.0106,18.04,22.52,v_stop
12.0,5.0,low_friction,0.2,max_gross,165500.0,high_human,1.2,low,3.0,2.6459,5.3008,3.6894,13.28,22.52,v_stop
12.0,5.0,low_friction,0.2,max_gross,165500.0,high_human,1.2,medium_site,5.56,2.647,12.5114,3.6894,13.28,22.52,v_stop
12.0,5.0,low_friction,0.2,max_gross,165500.0,high_human,1.2,high_max,11.11,2.6518,36.6053,3.6894,13.28,22.52,v_stop
12.0,0.0,dry_high,0.65,empty,74000.0,low,0.3,low,3.0,6.5737,1.5845,5.5556,20.0,19.5346,v_mine
12.0,0.0,dry_high,0.65,empty,74000.0,low,0.3,medium_site,5.56,6.5763,4.0184,5.5556,20.0,19.5346,v_mine
12.0,0.0,dry_high,0.65,empty,74000.0,low,0.3,high_max,11.11,6.587,12.7024,5.5556,20.0,19.5346,v_mine
12.0,0.0,dry_high,0.65,empty,74000.0,nominal,0.45,low,3.0,6.5737,2.0345,5.5556,20.0,20.3679,v_mine
12.0,0.0,dry_high,0.65,empty,74000.0,nominal,0.45,medium_site,5.56,6.5763,4.8524,5.5556,20.0,20.3679,v_mine
12.0,0.0,dry_high,0.65,empty,74000.0,nominal,0.45,high_max,11.11,6.587,14.3689,5.5556,20.0,20.3679,v_mine
12.0,0.0,dry_high,0.65,empty,74000.0,high_human,1.2,low,3.0,6.5737,4.2845,4.5316,16.31,22.52,v_stop
12.0,0.0,dry_high,0.65,empty,74000.0,high_human,1.2,medium_site,5.56,6.5763,9.0224,4.5316,16.31,22.52,v_stop
12.0,0.0,dry_high,0.65,empty,74000.0,high_human,1.2,high_max,11.11,6.587,22.7014,4.5316,16.31,22.52,v_stop
12.0,0.0,dry_high,0.65,medium,119750.0,low,0.3,low,3.0,4.7897,1.8395,5.5556,20.0,20.409,v_mine
12.0,0.0,dry_high,0.65,medium,119750.0,low,0.3,medium_site,5.56,4.7913,4.894,5.5556,20.0,20.409,v_mine
12.0,0.0,dry_high,0.65,medium,119750.0,low,0.3,high_max,11.11,4.7979,16.196,5.5556,20.0,20.409,v_mine
12.0,0.0,dry_high,0.65,medium,119750.0,nominal,0.45,low,3.0,4.7897,2.2895,5.5556,20.0,21.2423,v_mine
12.0,0.0,dry_high,0.65,medium,119750.0,nominal,0.45,medium_site,5.56,4.7913,5.728,5.5556,20.0,21.2423,v_mine
12.0,0.0,dry_high,0.65,medium,119750.0,nominal,0.45,high_max,11.11,4.7979,17.8625,5.5556,20.0,21.2423,v_mine
12.0,0.0,dry_high,0.65,medium,119750.0,high_human,1.2,low,3.0,4.7897,4.5395,4.2568,15.32,22.52,v_stop
12.0,0.0,dry_high,0.65,medium,119750.0,high_human,1.2,medium_site,5.56,4.7913,9.898,4.2568,15.32,22.52,v_stop
12.0,0.0,dry_high,0.65,medium,119750.0,high_human,1.2,high_max,11.11,4.7979,26.195,4.2568,15.32,22.52,v_stop
12.0,0.0,dry_high,0.65,max_gross,165500.0,low,0.3,low,3.0,3.5199,2.1784,5.5556,20.0,21.5715,v_mine
12.0,0.0,dry_high,0.65,max_gross,165500.0,low,0.3,medium_site,5.56,3.5211,6.0578,5.5556,20.0,21.5715,v_mine
12.0,0.0,dry_high,0.65,max_gross,165500.0,low,0.3,high_max,11.11,3.5259,20.8368,5.5556,20.0,21.5715,v_mine
12.0,0.0,dry_high,0.65,max_gross,165500.0,nominal,0.45,low,3.0,3.5199,2.6284,5.5556,20.0,22.4048,v_mine
12.0,0.0,dry_high,0.65,max_gross,165500.0,nominal,0.45,medium_site,5.56,3.5211,6.8918,5.5556,20.0,22.4048,v_mine
12.0,0.0,dry_high,0.65,max_gross,165500.0,nominal,0.45,high_max,11.11,3.5259,22.5033,5.5556,20.0,22.4048,v_mine
12.0,0.0,dry_high,0.65,max_gross,165500.0,high_human,1.2,low,3.0,3.5199,4.8784,3.9687,14.29,22.52,v_stop
12.0,0.0,dry_high,0.65,max_gross,165500.0,high_human,1.2,medium_site,5.56,3.5211,11.0618,3.9687,14.29,22.52,v_stop
12.0,0.0,dry_high,0.65,max_gross,165500.0,high_human,1.2,high_max,11.11,3.5259,30.8358,3.9687,14.29,22.52,v_stop
12.0,0.0,moderate,0.45,empty,74000.0,low,0.3,low,3.0,4.6117,1.8758,5.5556,20.0,20.5337,v_mine
12.0,0.0,moderate,0.45,empty,74000.0,low,0.3,medium_site,5.56,4.6143,5.0178,5.5556,20.0,20.5337,v_mine
12.0,0.0,moderate,0.45,empty,74000.0,low,0.3,high_max,11.11,4.625,16.677,5.5556,20.0,20.5337,v_mine
12.0,0.0,moderate,0.45,empty,74000.0,nominal,0.45,low,3.0,4.6117,2.3258,5.5556,20.0,21.367,v_mine
12.0,0.0,moderate,0.45,empty,74000.0,nominal,0.45,medium_site,5.56,4.6143,5.8518,5.5556,20.0,21.367,v_mine
12.0,0.0,moderate,0.45,empty,74000.0,nominal,0.45,high_max,11.11,4.625,18.3435,5.5556,20.0,21.367,v_mine
12.0,0.0,moderate,0.45,empty,74000.0,high_human,1.2,low,3.0,4.6117,4.5758,4.2223,15.2,22.52,v_stop
12.0,0.0,moderate,0.45,empty,74000.0,high_human,1.2,medium_site,5.56,4.6143,10.0218,4.2223,15.2,22.52,v_stop
12.0,0.0,moderate,0.45,empty,74000.0,high_human,1.2,high_max,11.11,4.625,26.676,4.2223,15.2,22.52,v_stop
12.0,0.0,moderate,0.45,medium,119750.0,low,0.3,low,3.0,4.6113,1.8759,5.5556,20.0,20.5337,v_mine
12.0,0.0,moderate,0.45,medium,119750.0,low,0.3,medium_site,5.56,4.6129,5.0188,5.5556,20.0,20.5337,v_mine
12.0,0.0,moderate,0.45,medium,119750.0,low,0.3,high_max,11.11,4.6195,16.6928,5.5556,20.0,20.5337,v_mine
12.0,0.0,moderate,0.45,medium,119750.0,nominal,0.45,low,3.0,4.6113,2.3259,5.5556,20.0,21.367,v_mine
12.0,0.0,moderate,0.45,medium,119750.0,nominal,0.45,medium_site,5.56,4.6129,5.8528,5.5556,20.0,21.367,v_mine
12.0,0.0,moderate,0.45,medium,119750.0,nominal,0.45,high_max,11.11,4.6195,18.3593,5.5556,20.0,21.367,v_mine
12.0,0.0,moderate,0.45,medium,119750.0,high_human,1.2,low,3.0,4.6113,4.5759,4.2223,15.2,22.52,v_stop
12.0,0.0,moderate,0.45,medium,119750.0,high_human,1.2,medium_site,5.56,4.6129,10.0228,4.2223,15.2,22.52,v_stop
12.0,0.0,moderate,0.45,medium,119750.0,high_human,1.2,high_max,11.11,4.6195,26.6918,4.2223,15.2,22.52,v_stop
12.0,0.0,moderate,0.45,max_gross,165500.0,low,0.3,low,3.0,3.5199,2.1784,5.5556,20.0,21.5715,v_mine
12.0,0.0,moderate,0.45,max_gross,165500.0,low,0.3,medium_site,5.56,3.5211,6.0578,5.5556,20.0,21.5715,v_mine
12.0,0.0,moderate,0.45,max_gross,165500.0,low,0.3,high_max,11.11,3.5259,20.8368,5.5556,20.0,21.5715,v_mine
12.0,0.0,moderate,0.45,max_gross,165500.0,nominal,0.45,low,3.0,3.5199,2.6284,5.5556,20.0,22.4048,v_mine
12.0,0.0,moderate,0.45,max_gross,165500.0,nominal,0.45,medium_site,5.56,3.5211,6.8918,5.5556,20.0,22.4048,v_mine
12.0,0.0,moderate,0.45,max_gross,165500.0,nominal,0.45,high_max,11.11,3.5259,22.5033,5.5556,20.0,22.4048,v_mine
12.0,0.0,moderate,0.45,max_gross,165500.0,high_human,1.2,low,3.0,3.5199,4.8784,3.9687,14.29,22.52,v_stop
12.0,0.0,moderate,0.45,max_gross,165500.0,high_human,1.2,medium_site,5.56,3.5211,11.0618,3.9687,14.29,22.52,v_stop
12.0,0.0,moderate,0.45,max_gross,165500.0,high_human,1.2,high_max,11.11,3.5259,30.8358,3.9687,14.29,22.52,v_stop
12.0,0.0,wet,0.35,empty,74000.0,low,0.3,low,3.0,3.6307,2.1394,5.5556,20.0,21.4383,v_mine
12.0,0.0,wet,0.35,empty,74000.0,low,0.3,medium_site,5.56,3.6333,5.9222,5.5556,20.0,21.4383,v_mine
12.0,0.0,wet,0.35,empty,74000.0,low,0.3,high_max,11.11,3.644,20.2693,5.5556,20.0,21.4383,v_mine
12.0,0.0,wet,0.35,empty,74000.0,nominal,0.45,low,3.0,3.6307,2.5894,5.5556,20.0,22.2716,v_mine
12.0,0.0,wet,0.35,empty,74000.0,nominal,0.45,medium_site,5.56,3.6333,6.7562,5.5556,20.0,22.2716,v_mine
12.0,0.0,wet,0.35,empty,74000.0,nominal,0.45,high_max,11.11,3.644,21.9358,5.5556,20.0,22.2716,v_mine
12.0,0.0,wet,0.35,empty,74000.0,high_human,1.2,low,3.0,3.6307,4.8394,3.9982,14.39,22.52,v_stop
12.0,0.0,wet,0.35,empty,74000.0,high_human,1.2,medium_site,5.56,3.6333,10.9262,3.9982,14.39,22.52,v_stop
12.0,0.0,wet,0.35,empty,74000.0,high_human,1.2,high_max,11.11,3.644,30.2683,3.9982,14.39,22.52,v_stop
12.0,0.0,wet,0.35,medium,119750.0,low,0.3,low,3.0,3.6303,2.1396,5.5556,20.0,21.4383,v_mine
12.0,0.0,wet,0.35,medium,119750.0,low,0.3,medium_site,5.56,3.6319,5.9238,5.5556,20.0,21.4383,v_mine
12.0,0.0,wet,0.35,medium,119750.0,low,0.3,high_max,11.11,3.6385,20.2948,5.5556,20.0,21.4383,v_mine
12.0,0.0,wet,0.35,medium,119750.0,nominal,0.45,low,3.0,3.6303,2.5896,5.5556,20.0,22.2716,v_mine
12.0,0.0,wet,0.35,medium,119750.0,nominal,0.45,medium_site,5.56,3.6319,6.7578,5.5556,20.0,22.2716,v_mine
12.0,0.0,wet,0.35,medium,119750.0,nominal,0.45,high_max,11.11,3.6385,21.9613,5.5556,20.0,22.2716,v_mine
12.0,0.0,wet,0.35,medium,119750.0,high_human,1.2,low,3.0,3.6303,4.8396,3.9982,14.39,22.52,v_stop
12.0,0.0,wet,0.35,medium,119750.0,high_human,1.2,medium_site,5.56,3.6319,10.9278,3.9982,14.39,22.52,v_stop
12.0,0.0,wet,0.35,medium,119750.0,high_human,1.2,high_max,11.11,3.6385,30.2938,3.9982,14.39,22.52,v_stop
12.0,0.0,wet,0.35,max_gross,165500.0,low,0.3,low,3.0,3.5199,2.1784,5.5556,20.0,21.5715,v_mine
12.0,0.0,wet,0.35,max_gross,165500.0,low,0.3,medium_site,5.56,3.5211,6.0578,5.5556,20.0,21.5715,v_mine
12.0,0.0,wet,0.35,max_gross,165500.0,low,0.3,high_max,11.11,3.5259,20.8368,5.5556,20.0,21.5715,v_mine
12.0,0.0,wet,0.35,max_gross,165500.0,nominal,0.45,low,3.0,3.5199,2.6284,5.5556,20.0,22.4048,v_mine
12.0,0.0,wet,0.35,max_gross,165500.0,nominal,0.45,medium_site,5.56,3.5211,6.8918,5.5556,20.0,22.4048,v_mine
12.0,0.0,wet,0.35,max_gross,165500.0,nominal,0.45,high_max,11.11,3.5259,22.5033,5.5556,20.0,22.4048,v_mine
12.0,0.0,wet,0.35,max_gross,165500.0,high_human,1.2,low,3.0,3.5199,4.8784,3.9687,14.29,22.52,v_stop
12.0,0.0,wet,0.35,max_gross,165500.0,high_human,1.2,medium_site,5.56,3.5211,11.0618,3.9687,14.29,22.52,v_stop
12.0,0.0,wet,0.35,max_gross,165500.0,high_human,1.2,high_max,11.11,3.5259,30.8358,3.9687,14.29,22.52,v_stop
12.0,0.0,low_friction,0.2,empty,74000.0,low,0.3,low,3.0,2.1592,2.9841,4.8873,17.59,22.52,v_stop
12.0,0.0,low_friction,0.2,empty,74000.0,low,0.3,medium_site,5.56,2.1618,8.818,4.8873,17.59,22.52,v_stop
12.0,0.0,low_friction,0.2,empty,74000.0,low,0.3,high_max,11.11,2.1725,31.7408,4.8873,17.59,22.52,v_stop
12.0,0.0,low_friction,0.2,empty,74000.0,nominal,0.45,low,3.0,2.1592,3.4341,4.6107,16.6,22.52,v_stop
12.0,0.0,low_friction,0.2,empty,74000.0,nominal,0.45,medium_site,5.56,2.1618,9.652,4.6107,16.6,22.52,v_stop
12.0,0.0,low_friction,0.2,empty,74000.0,nominal,0.45,high_max,11.11,2.1725,33.4073,4.6107,16.6,22.52,v_stop
12.0,0.0,low_friction,0.2,empty,74000.0,high_human,1.2,low,3.0,2.1592,5.6841,3.4865,12.55,22.52,v_stop
12.0,0.0,low_friction,0.2,empty,74000.0,high_human,1.2,medium_site,5.56,2.1618,13.822,3.4865,12.55,22.52,v_stop
12.0,0.0,low_friction,0.2,empty,74000.0,high_human,1.2,high_max,11.11,2.1725,41.7398,3.4865,12.55,22.52,v_stop
12.0,0.0,low_friction,0.2,medium,119750.0,low,0.3,low,3.0,2.1588,2.9844,4.8873,17.59,22.52,v_stop
12.0,0.0,low_friction,0.2,medium,119750.0,low,0.3,medium_site,5.56,2.1604,8.8226,4.8873,17.59,22.52,v_stop
12.0,0.0,low_friction,0.2,medium,119750.0,low,0.3,high_max,11.11,2.167,31.8124,4.8873,17.59,22.52,v_stop
12.0,0.0,low_friction,0.2,medium,119750.0,nominal,0.45,low,3.0,2.1588,3.4344,4.6107,16.6,22.52,v_stop
12.0,0.0,low_friction,0.2,medium,119750.0,nominal,0.45,medium_site,5.56,2.1604,9.6566,4.6107,16.6,22.52,v_stop
12.0,0.0,low_friction,0.2,medium,119750.0,nominal,0.45,high_max,11.11,2.167,33.4789,4.6107,16.6,22.52,v_stop
12.0,0.0,low_friction,0.2,medium,119750.0,high_human,1.2,low,3.0,2.1588,5.6844,3.4865,12.55,22.52,v_stop
12.0,0.0,low_friction,0.2,medium,119750.0,high_human,1.2,medium_site,5.56,2.1604,13.8266,3.4865,12.55,22.52,v_stop
12.0,0.0,low_friction,0.2,medium,119750.0,high_human,1.2,high_max,11.11,2.167,41.8114,3.4865,12.55,22.52,v_stop
12.0,0.0,low_friction,0.2,max_gross,165500.0,low,0.3,low,3.0,2.1587,2.9846,4.8873,17.59,22.52,v_stop
12.0,0.0,low_friction,0.2,max_gross,165500.0,low,0.3,medium_site,5.56,2.1598,8.8246,4.8873,17.59,22.52,v_stop
12.0,0.0,low_friction,0.2,max_gross,165500.0,low,0.3,high_max,11.11,2.1646,31.8446,4.8873,17.59,22.52,v_stop
12.0,0.0,low_friction,0.2,max_gross,165500.0,nominal,0.45,low,3.0,2.1587,3.4346,4.6107,16.6,22.52,v_stop
12.0,0.0,low_friction,0.2,max_gross,165500.0,nominal,0.45,medium_site,5.56,2.1598,9.6586,4.6107,16.6,22.52,v_stop
12.0,0.0,low_friction,0.2,max_gross,165500.0,nominal,0.45,high_max,11.11,2.1646,33.5111,4.6107,16.6,22.52,v_stop
12.0,0.0,low_friction,0.2,max_gross,165500.0,high_human,1.2,low,3.0,2.1587,5.6846,3.4865,12.55,22.52,v_stop
12.0,0.0,low_friction,0.2,max_gross,165500.0,high_human,1.2,medium_site,5.56,2.1598,13.8286,3.4865,12.55,22.52,v_stop
12.0,0.0,low_friction,0.2,max_gross,165500.0,high_human,1.2,high_max,11.11,2.1646,41.8436,3.4865,12.55,22.52,v_stop
12.0,-5.0,dry_high,0.65,empty,74000.0,low,0.3,low,3.0,6.0757,1.6407,5.5556,20.0,19.7271,v_mine
12.0,-5.0,dry_high,0.65,empty,74000.0,low,0.3,medium_site,5.56,6.0782,4.211,5.5556,20.0,19.7271,v_mine
12.0,-5.0,dry_high,0.65,empty,74000.0,low,0.3,high_max,11.11,6.0889,13.4688,5.5556,20.0,19.7271,v_mine
12.0,-5.0,dry_high,0.65,empty,74000.0,nominal,0.45,low,3.0,6.0757,2.0907,5.5556,20.0,20.5604,v_mine
12.0,-5.0,dry_high,0.65,empty,74000.0,nominal,0.45,medium_site,5.56,6.0782,5.045,5.5556,20.0,20.5604,v_mine
12.0,-5.0,dry_high,0.65,empty,74000.0,nominal,0.45,high_max,11.11,6.0889,15.1353,5.5556,20.0,20.5604,v_mine
12.0,-5.0,dry_high,0.65,empty,74000.0,high_human,1.2,low,3.0,6.0757,4.3407,4.4655,16.08,22.52,v_stop
12.0,-5.0,dry_high,0.65,empty,74000.0,high_human,1.2,medium_site,5.56,6.0782,9.215,4.4655,16.08,22.52,v_stop
12.0,-5.0,dry_high,0.65,empty,74000.0,high_human,1.2,high_max,11.11,6.0889,23.4678,4.4655,16.08,22.52,v_stop
12.0,-5.0,dry_high,0.65,medium,119750.0,low,0.3,low,3.0,4.2996,1.9466,5.5556,20.0,20.7764,v_mine
12.0,-5.0,dry_high,0.65,medium,119750.0,low,0.3,medium_site,5.56,4.3012,5.2616,5.5556,20.0,20.7764,v_mine
12.0,-5.0,dry_high,0.65,medium,119750.0,low,0.3,high_max,11.11,4.3078,17.6596,5.5556,20.0,20.7764,v_mine
12.0,-5.0,dry_high,0.65,medium,119750.0,nominal,0.45,low,3.0,4.2996,2.3966,5.5556,20.0,21.6097,v_mine
12.0,-5.0,dry_high,0.65,medium,119750.0,nominal,0.45,medium_site,5.56,4.3012,6.0956,5.5556,20.0,21.6097,v_mine
12.0,-5.0,dry_high,0.65,medium,119750.0,nominal,0.45,high_max,11.11,4.3078,19.3261,5.5556,20.0,21.6097,v_mine
12.0,-5.0,dry_high,0.65,medium,119750.0,high_human,1.2,low,3.0,4.2996,4.6466,4.1578,14.97,22.52,v_stop
12.0,-5.0,dry_high,0.65,medium,119750.0,high_human,1.2,medium_site,5.56,4.3012,10.2656,4.1578,14.97,22.52,v_stop
12.0,-5.0,dry_high,0.65,medium,119750.0,high_human,1.2,high_max,11.11,4.3078,27.6586,4.1578,14.97,22.52,v_stop
12.0,-5.0,dry_high,0.65,max_gross,165500.0,low,0.3,low,3.0,3.0298,2.3852,5.5556,20.0,22.2809,v_mine
12.0,-5.0,dry_high,0.65,max_gross,165500.0,low,0.3,medium_site,5.56,3.0309,6.7677,5.5556,20.0,22.2809,v_mine
12.0,-5.0,dry_high,0.65,max_gross,165500.0,low,0.3,high_max,11.11,3.0357,23.6629,5.5556,20.0,22.2809,v_mine
12.0,-5.0,dry_high,0.65,max_gross,165500.0,nominal,0.45,low,3.0,3.0298,2.8352,5.2903,19.05,22.52,v_stop
12.0,-5.0,dry_high,0.65,max_gross,165500.0,nominal,0.45,medium_site,5.56,3.0309,7.6017,5.2903,19.05,22.52,v_stop
12.0,-5.0,dry_high,0.65,max_gross,165500.0,nominal,0.45,high_max,11.11,3.0357,25.3294,5.2903,19.05,22.52,v_stop
12.0,-5.0,dry_high,0.65,max_gross,165500.0,high_human,1.2,low,3.0,3.0298,5.0852,3.823,13.76,22.52,v_stop
12.0,-5.0,dry_high,0.65,max_gross,165500.0,high_human,1.2,medium_site,5.56,3.0309,11.7717,3.823,13.76,22.52,v_stop
12.0,-5.0,dry_high,0.65,max_gross,165500.0,high_human,1.2,high_max,11.11,3.0357,33.6619,3.823,13.76,22.52,v_stop
12.0,-5.0,moderate,0.45,empty,74000.0,low,0.3,low,3.0,4.1161,1.9933,5.5556,20.0,20.9368,v_mine
12.0,-5.0,moderate,0.45,empty,74000.0,low,0.3,medium_site,5.56,4.1186,5.4209,5.5556,20.0,20.9368,v_mine
12.0,-5.0,moderate,0.45,empty,74000.0,low,0.3,high_max,11.11,4.1294,18.2787,5.5556,20.0,20.9368,v_mine
12.0,-5.0,moderate,0.45,empty,74000.0,nominal,0.45,low,3.0,4.1161,2.4433,5.5556,20.0,21.7702,v_mine
12.0,-5.0,moderate,0.45,empty,74000.0,nominal,0.45,medium_site,5.56,4.1186,6.2549,5.5556,20.0,21.7702,v_mine
12.0,-5.0,moderate,0.45,empty,74000.0,nominal,0.45,high_max,11.11,4.1294,19.9452,5.5556,20.0,21.7702,v_mine
12.0,-5.0,moderate,0.45,empty,74000.0,high_human,1.2,low,3.0,4.1161,4.6933,4.1171,14.82,22.52,v_stop
12.0,-5.0,moderate,0.45,empty,74000.0,high_human,1.2,medium_site,5.56,4.1186,10.4249,4.1171,14.82,22.52,v_stop
12.0,-5.0,moderate,0.45,empty,74000.0,high_human,1.2,high_max,11.11,4.1294,28.2777,4.1171,14.82,22.52,v_stop
12.0,-5.0,moderate,0.45,medium,119750.0,low,0.3,low,3.0,4.1157,1.9934,5.5556,20.0,20.9368,v_mine
12.0,-5.0,moderate,0.45,medium,119750.0,low,0.3,medium_site,5.56,4.1173,5.4221,5.5556,20.0,20.9368,v_mine
12.0,-5.0,moderate,0.45,medium,119750.0,low,0.3,high_max,11.11,4.1239,18.2985,5.5556,20.0,20.9368,v_mine
12.0,-5.0,moderate,0.45,medium,119750.0,nominal,0.45,low,3.0,4.1157,2.4434,5.5556,20.0,21.7702,v_mine
12.0,-5.0,moderate,0.45,medium,119750.0,nominal,0.45,medium_site,5.56,4.1173,6.2561,5.5556,20.0,21.7702,v_mine
12.0,-5.0,moderate,0.45,medium,119750.0,nominal,0.45,high_max,11.11,4.1239,19.965,5.5556,20.0,21.7702,v_mine
12.0,-5.0,moderate,0.45,medium,119750.0,high_human,1.2,low,3.0,4.1157,4.6934,4.1171,14.82,22.52,v_stop
12.0,-5.0,moderate,0.45,medium,119750.0,high_human,1.2,medium_site,5.56,4.1173,10.4261,4.1171,14.82,22.52,v_stop
12.0,-5.0,moderate,0.45,medium,119750.0,high_human,1.2,high_max,11.11,4.1239,28.2975,4.1171,14.82,22.52,v_stop
12.0,-5.0,moderate,0.45,max_gross,165500.0,low,0.3,low,3.0,3.0298,2.3852,5.5556,20.0,22.2809,v_mine
12.0,-5.0,moderate,0.45,max_gross,165500.0,low,0.3,medium_site,5.56,3.0309,6.7677,5.5556,20.0,22.2809,v_mine
12.0,-5.0,moderate,0.45,max_gross,165500.0,low,0.3,high_max,11.11,3.0357,23.6629,5.5556,20.0,22.2809,v_mine
12.0,-5.0,moderate,0.45,max_gross,165500.0,nominal,0.45,low,3.0,3.0298,2.8352,5.2903,19.05,22.52,v_stop
12.0,-5.0,moderate,0.45,max_gross,165500.0,nominal,0.45,medium_site,5.56,3.0309,7.6017,5.2903,19.05,22.52,v_stop
12.0,-5.0,moderate,0.45,max_gross,165500.0,nominal,0.45,high_max,11.11,3.0357,25.3294,5.2903,19.05,22.52,v_stop
12.0,-5.0,moderate,0.45,max_gross,165500.0,high_human,1.2,low,3.0,3.0298,5.0852,3.823,13.76,22.52,v_stop
12.0,-5.0,moderate,0.45,max_gross,165500.0,high_human,1.2,medium_site,5.56,3.0309,11.7717,3.823,13.76,22.52,v_stop
12.0,-5.0,moderate,0.45,max_gross,165500.0,high_human,1.2,high_max,11.11,3.0357,33.6619,3.823,13.76,22.52,v_stop
12.0,-5.0,wet,0.35,empty,74000.0,low,0.3,low,3.0,3.1363,2.3348,5.5556,20.0,22.1087,v_mine
12.0,-5.0,wet,0.35,empty,74000.0,low,0.3,medium_site,5.56,3.1389,6.5923,5.5556,20.0,22.1087,v_mine
12.0,-5.0,wet,0.35,empty,74000.0,low,0.3,high_max,11.11,3.1496,22.928,5.5556,20.0,22.1087,v_mine
12.0,-5.0,wet,0.35,empty,74000.0,nominal,0.45,low,3.0,3.1363,2.7848,5.3629,19.31,22.52,v_stop
12.0,-5.0,wet,0.35,empty,74000.0,nominal,0.45,medium_site,5.56,3.1389,7.4263,5.3629,19.31,22.52,v_stop
12.0,-5.0,wet,0.35,empty,74000.0,nominal,0.45,high_max,11.11,3.1496,24.5945,5.3629,19.31,22.52,v_stop
12.0,-5.0,wet,0.35,empty,74000.0,high_human,1.2,low,3.0,3.1363,5.0348,3.8567,13.88,22.52,v_stop
12.0,-5.0,wet,0.35,empty,74000.0,high_human,1.2,medium_site,5.56,3.1389,11.5963,3.8567,13.88,22.52,v_stop
12.0,-5.0,wet,0.35,empty,74000.0,high_human,1.2,high_max,11.11,3.1496,32.927,3.8567,13.88,22.52,v_stop
12.0,-5.0,wet,0.35,medium,119750.0,low,0.3,low,3.0,3.1359,2.335,5.5556,20.0,22.1087,v_mine
12.0,-5.0,wet,0.35,medium,119750.0,low,0.3,medium_site,5.56,3.1375,6.5945,5.5556,20.0,22.1087,v_mine
12.0,-5.0,wet,0.35,medium,119750.0,low,0.3,high_max,11.11,3.1441,22.962,5.5556,20.0,22.1087,v_mine
12.0,-5.0,wet,0.35,medium,119750.0,nominal,0.45,low,3.0,3.1359,2.785,5.3629,19.31,22.52,v_stop
12.0,-5.0,wet,0.35,medium,119750.0,nominal,0.45,medium_site,5.56,3.1375,7.4285,5.3629,19.31,22.52,v_stop
12.0,-5.0,wet,0.35,medium,119750.0,nominal,0.45,high_max,11.11,3.1441,24.6285,5.3629,19.31,22.52,v_stop
12.0,-5.0,wet,0.35,medium,119750.0,high_human,1.2,low,3.0,3.1359,5.035,3.8567,13.88,22.52,v_stop
12.0,-5.0,wet,0.35,medium,119750.0,high_human,1.2,medium_site,5.56,3.1375,11.5985,3.8567,13.88,22.52,v_stop
12.0,-5.0,wet,0.35,medium,119750.0,high_human,1.2,high_max,11.11,3.1441,32.961,3.8567,13.88,22.52,v_stop
12.0,-5.0,wet,0.35,max_gross,165500.0,low,0.3,low,3.0,3.0298,2.3852,5.5556,20.0,22.2809,v_mine
12.0,-5.0,wet,0.35,max_gross,165500.0,low,0.3,medium_site,5.56,3.0309,6.7677,5.5556,20.0,22.2809,v_mine
12.0,-5.0,wet,0.35,max_gross,165500.0,low,0.3,high_max,11.11,3.0357,23.6629,5.5556,20.0,22.2809,v_mine
12.0,-5.0,wet,0.35,max_gross,165500.0,nominal,0.45,low,3.0,3.0298,2.8352,5.2903,19.05,22.52,v_stop
12.0,-5.0,wet,0.35,max_gross,165500.0,nominal,0.45,medium_site,5.56,3.0309,7.6017,5.2903,19.05,22.52,v_stop
12.0,-5.0,wet,0.35,max_gross,165500.0,nominal,0.45,high_max,11.11,3.0357,25.3294,5.2903,19.05,22.52,v_stop
12.0,-5.0,wet,0.35,max_gross,165500.0,high_human,1.2,low,3.0,3.0298,5.0852,3.823,13.76,22.52,v_stop
12.0,-5.0,wet,0.35,max_gross,165500.0,high_human,1.2,medium_site,5.56,3.0309,11.7717,3.823,13.76,22.52,v_stop
12.0,-5.0,wet,0.35,max_gross,165500.0,high_human,1.2,high_max,11.11,3.0357,33.6619,3.823,13.76,22.52,v_stop
12.0,-5.0,low_friction,0.2,empty,74000.0,low,0.3,low,3.0,1.6667,3.6,4.355,15.68,22.52,v_stop
12.0,-5.0,low_friction,0.2,empty,74000.0,low,0.3,medium_site,5.56,1.6692,10.928,4.355,15.68,22.52,v_stop
12.0,-5.0,low_friction,0.2,empty,74000.0,low,0.3,high_max,11.11,1.6799,40.0704,4.355,15.68,22.52,v_stop
12.0,-5.0,low_friction,0.2,empty,74000.0,nominal,0.45,low,3.0,1.6667,4.05,4.1372,14.89,22.52,v_stop
12.0,-5.0,low_friction,0.2,empty,74000.0,nominal,0.45,medium_site,5.56,1.6692,11.762,4.1372,14.89,22.52,v_stop
12.0,-5.0,low_friction,0.2,empty,74000.0,nominal,0.45,high_max,11.11,1.6799,41.7369,4.1372,14.89,22.52,v_stop
12.0,-5.0,low_friction,0.2,empty,74000.0,high_human,1.2,low,3.0,1.6667,6.3,3.2275,11.62,22.52,v_stop
12.0,-5.0,low_friction,0.2,empty,74000.0,high_human,1.2,medium_site,5.56,1.6692,15.932,3.2275,11.62,22.52,v_stop
12.0,-5.0,low_friction,0.2,empty,74000.0,high_human,1.2,high_max,11.11,1.6799,50.0694,3.2275,11.62,22.52,v_stop
12.0,-5.0,low_friction,0.2,medium,119750.0,low,0.3,low,3.0,1.6663,3.6007,4.355,15.68,22.52,v_stop
12.0,-5.0,low_friction,0.2,medium,119750.0,low,0.3,medium_site,5.56,1.6678,10.9356,4.355,15.68,22.52,v_stop
12.0,-5.0,low_friction,0.2,medium,119750.0,low,0.3,high_max,11.11,1.6745,40.1903,4.355,15.68,22.52,v_stop
12.0,-5.0,low_friction,0.2,medium,119750.0,nominal,0.45,low,3.0,1.6663,4.0507,4.1372,14.89,22.52,v_stop
12.0,-5.0,low_friction,0.2,medium,119750.0,nominal,0.45,medium_site,5.56,1.6678,11.7696,4.1372,14.89,22.52,v_stop
12.0,-5.0,low_friction,0.2,medium,119750.0,nominal,0.45,high_max,11.11,1.6745,41.8568,4.1372,14.89,22.52,v_stop
12.0,-5.0,low_friction,0.2,medium,119750.0,high_human,1.2,low,3.0,1.6663,6.3007,3.2275,11.62,22.52,v_stop
12.0,-5.0,low_friction,0.2,medium,119750.0,high_human,1.2,medium_site,5.56,1.6678,15.9396,3.2275,11.62,22.52,v_stop
12.0,-5.0,low_friction,0.2,medium,119750.0,high_human,1.2,high_max,11.11,1.6745,50.1893,3.2275,11.62,22.52,v_stop
12.0,-5.0,low_friction,0.2,max_gross,165500.0,low,0.3,low,3.0,1.6661,3.6009,4.355,15.68,22.52,v_stop
12.0,-5.0,low_friction,0.2,max_gross,165500.0,low,0.3,medium_site,5.56,1.6672,10.939,4.355,15.68,22.52,v_stop
12.0,-5.0,low_friction,0.2,max_gross,165500.0,low,0.3,high_max,11.11,1.672,40.2442,4.355,15.68,22.52,v_stop
12.0,-5.0,low_friction,0.2,max_gross,165500.0,nominal,0.45,low,3.0,1.6661,4.0509,4.1372,14.89,22.52,v_stop
12.0,-5.0,low_friction,0.2,max_gross,165500.0,nominal,0.45,medium_site,5.56,1.6672,11.773,4.1372,14.89,22.52,v_stop
12.0,-5.0,low_friction,0.2,max_gross,165500.0,nominal,0.45,high_max,11.11,1.672,41.9107,4.1372,14.89,22.52,v_stop
12.0,-5.0,low_friction,0.2,max_gross,165500.0,high_human,1.2,low,3.0,1.6661,6.3009,3.2275,11.62,22.52,v_stop
12.0,-5.0,low_friction,0.2,max_gross,165500.0,high_human,1.2,medium_site,5.56,1.6672,15.943,3.2275,11.62,22.52,v_stop
12.0,-5.0,low_friction,0.2,max_gross,165500.0,high_human,1.2,high_max,11.11,1.672,50.2432,3.2275,11.62,22.52,v_stop
12.0,-8.0,dry_high,0.65,empty,74000.0,low,0.3,low,3.0,5.7705,1.6798,5.5556,20.0,19.8615,v_mine
12.0,-8.0,dry_high,0.65,empty,74000.0,low,0.3,medium_site,5.56,5.773,4.3454,5.5556,20.0,19.8615,v_mine
12.0,-8.0,dry_high,0.65,empty,74000.0,low,0.3,high_max,11.11,5.7838,14.0036,5.5556,20.0,19.8615,v_mine
12.0,-8.0,dry_high,0.65,empty,74000.0,nominal,0.45,low,3.0,5.7705,2.1298,5.5556,20.0,20.6948,v_mine
12.0,-8.0,dry_high,0.65,empty,74000.0,nominal,0.45,medium_site,5.56,5.773,5.1794,5.5556,20.0,20.6948,v_mine
12.0,-8.0,dry_high,0.65,empty,74000.0,nominal,0.45,high_max,11.11,5.7838,15.6701,5.5556,20.0,20.6948,v_mine
12.0,-8.0,dry_high,0.65,empty,74000.0,high_human,1.2,low,3.0,5.7705,4.3798,4.4215,15.92,22.52,v_stop
12.0,-8.0,dry_high,0.65,empty,74000.0,high_human,1.2,medium_site,5.56,5.773,9.3494,4.4215,15.92,22.52,v_stop
12.0,-8.0,dry_high,0.65,empty,74000.0,high_human,1.2,high_max,11.11,5.7838,24.0026,4.4215,15.92,22.52,v_stop
12.0,-8.0,dry_high,0.65,medium,119750.0,low,0.3,low,3.0,4.0068,2.0231,5.5556,20.0,21.0387,v_mine
12.0,-8.0,dry_high,0.65,medium,119750.0,low,0.3,medium_site,5.56,4.0084,5.5241,5.5556,20.0,21.0387,v_mine
12.0,-8.0,dry_high,0.65,medium,119750.0,low,0.3,high_max,11.11,4.015,18.7043,5.5556,20.0,21.0387,v_mine
12.0,-8.0,dry_high,0.65,medium,119750.0,nominal,0.45,low,3.0,4.0068,2.4731,5.5556,20.0,21.8721,v_mine
12.0,-8.0,dry_high,0.65,medium,119750.0,nominal,0.45,medium_site,5.56,4.0084,6.3581,5.5556,20.0,21.8721,v_mine
12.0,-8.0,dry_high,0.65,medium,119750.0,nominal,0.45,high_max,11.11,4.015,20.3708,5.5556,20.0,21.8721,v_mine
12.0,-8.0,dry_high,0.65,medium,119750.0,high_human,1.2,low,3.0,4.0068,4.7231,4.0919,14.73,22.52,v_stop
12.0,-8.0,dry_high,0.65,medium,119750.0,high_human,1.2,medium_site,5.56,4.0084,10.5281,4.0919,14.73,22.52,v_stop
12.0,-8.0,dry_high,0.65,medium,119750.0,high_human,1.2,high_max,11.11,4.015,28.7033,4.0919,14.73,22.52,v_stop
12.0,-8.0,dry_high,0.65,max_gross,165500.0,low,0.3,low,3.0,2.737,2.5441,5.4229,19.52,22.52,v_stop
12.0,-8.0,dry_high,0.65,max_gross,165500.0,low,0.3,medium_site,5.56,2.7381,7.313,5.4229,19.52,22.52,v_stop
12.0,-8.0,dry_high,0.65,max_gross,165500.0,low,0.3,high_max,11.11,2.7429,25.833,5.4229,19.52,22.52,v_stop
12.0,-8.0,dry_high,0.65,max_gross,165500.0,nominal,0.45,low,3.0,2.737,2.9941,5.0795,18.29,22.52,v_stop
12.0,-8.0,dry_high,0.65,max_gross,165500.0,nominal,0.45,medium_site,5.56,2.7381,8.147,5.0795,18.29,22.52,v_stop
12.0,-8.0,dry_high,0.65,max_gross,165500.0,nominal,0.45,high_max,11.11,2.7429,27.4995,5.0795,18.29,22.52,v_stop
12.0,-8.0,dry_high,0.65,max_gross,165500.0,high_human,1.2,low,3.0,2.737,5.2441,3.7229,13.4,22.52,v_stop
12.0,-8.0,dry_high,0.65,max_gross,165500.0,high_human,1.2,medium_site,5.56,2.7381,12.317,3.7229,13.4,22.52,v_stop
12.0,-8.0,dry_high,0.65,max_gross,165500.0,high_human,1.2,high_max,11.11,2.7429,35.832,3.7229,13.4,22.52,v_stop
12.0,-8.0,moderate,0.45,empty,74000.0,low,0.3,low,3.0,3.8148,2.0796,5.5556,20.0,21.2331,v_mine
12.0,-8.0,moderate,0.45,empty,74000.0,low,0.3,medium_site,5.56,3.8173,5.7171,5.5556,20.0,21.2331,v_mine
12.0,-8.0,moderate,0.45,empty,74000.0,low,0.3,high_max,11.11,3.828,19.4552,5.5556,20.0,21.2331,v_mine
12.0,-8.0,moderate,0.45,empty,74000.0,nominal,0.45,low,3.0,3.8148,2.5296,5.5556,20.0,22.0665,v_mine
12.0,-8.0,moderate,0.45,empty,74000.0,nominal,0.45,medium_site,5.56,3.8173,6.5511,5.5556,20.0,22.0665,v_mine
12.0,-8.0,moderate,0.45,empty,74000.0,nominal,0.45,high_max,11.11,3.828,21.1217,5.5556,20.0,22.0665,v_mine
12.0,-8.0,moderate,0.45,empty,74000.0,high_human,1.2,low,3.0,3.8148,4.7796,4.0454,14.56,22.52,v_stop
12.0,-8.0,moderate,0.45,empty,74000.0,high_human,1.2,medium_site,5.56,3.8173,10.7211,4.0454,14.56,22.52,v_stop
12.0,-8.0,moderate,0.45,empty,74000.0,high_human,1.2,high_max,11.11,3.828,29.4542,4.0454,14.56,22.52,v_stop
12.0,-8.0,moderate,0.45,medium,119750.0,low,0.3,low,3.0,3.8144,2.0798,5.5556,20.0,21.2331,v_mine
12.0,-8.0,moderate,0.45,medium,119750.0,low,0.3,medium_site,5.56,3.8159,5.7186,5.5556,20.0,21.2331,v_mine
12.0,-8.0,moderate,0.45,medium,119750.0,low,0.3,high_max,11.11,3.8226,19.4782,5.5556,20.0,21.2331,v_mine
12.0,-8.0,moderate,0.45,medium,119750.0,nominal,0.45,low,3.0,3.8144,2.5298,5.5556,20.0,22.0665,v_mine
12.0,-8.0,moderate,0.45,medium,119750.0,nominal,0.45,medium_site,5.56,3.8159,6.5526,5.5556,20.0,22.0665,v_mine
12.0,-8.0,moderate,0.45,medium,119750.0,nominal,0.45,high_max,11.11,3.8226,21.1447,5.5556,20.0,22.0665,v_mine
12.0,-8.0,moderate,0.45,medium,119750.0,high_human,1.2,low,3.0,3.8144,4.7798,4.0454,14.56,22.52,v_stop
12.0,-8.0,moderate,0.45,medium,119750.0,high_human,1.2,medium_site,5.56,3.8159,10.7226,4.0454,14.56,22.52,v_stop
12.0,-8.0,moderate,0.45,medium,119750.0,high_human,1.2,high_max,11.11,3.8226,29.4772,4.0454,14.56,22.52,v_stop
12.0,-8.0,moderate,0.45,max_gross,165500.0,low,0.3,low,3.0,2.737,2.5441,5.4229,19.52,22.52,v_stop
12.0,-8.0,moderate,0.45,max_gross,165500.0,low,0.3,medium_site,5.56,2.7381,7.313,5.4229,19.52,22.52,v_stop
12.0,-8.0,moderate,0.45,max_gross,165500.0,low,0.3,high_max,11.11,2.7429,25.833,5.4229,19.52,22.52,v_stop
12.0,-8.0,moderate,0.45,max_gross,165500.0,nominal,0.45,low,3.0,2.737,2.9941,5.0795,18.29,22.52,v_stop
12.0,-8.0,moderate,0.45,max_gross,165500.0,nominal,0.45,medium_site,5.56,2.7381,8.147,5.0795,18.29,22.52,v_stop
12.0,-8.0,moderate,0.45,max_gross,165500.0,nominal,0.45,high_max,11.11,2.7429,27.4995,5.0795,18.29,22.52,v_stop
12.0,-8.0,moderate,0.45,max_gross,165500.0,high_human,1.2,low,3.0,2.737,5.2441,3.7229,13.4,22.52,v_stop
12.0,-8.0,moderate,0.45,max_gross,165500.0,high_human,1.2,medium_site,5.56,2.7381,12.317,3.7229,13.4,22.52,v_stop
12.0,-8.0,moderate,0.45,max_gross,165500.0,high_human,1.2,high_max,11.11,2.7429,35.832,3.7229,13.4,22.52,v_stop
12.0,-8.0,wet,0.35,empty,74000.0,low,0.3,low,3.0,2.8369,2.4862,5.5074,19.83,22.52,v_stop
12.0,-8.0,wet,0.35,empty,74000.0,low,0.3,medium_site,5.56,2.8394,7.1116,5.5074,19.83,22.52,v_stop
12.0,-8.0,wet,0.35,empty,74000.0,low,0.3,high_max,11.11,2.8501,24.9867,5.5074,19.83,22.52,v_stop
12.0,-8.0,wet,0.35,empty,74000.0,nominal,0.45,low,3.0,2.8369,2.9362,5.1527,18.55,22.52,v_stop
12.0,-8.0,wet,0.35,empty,74000.0,nominal,0.45,medium_site,5.56,2.8394,7.9456,5.1527,18.55,22.52,v_stop
12.0,-8.0,wet,0.35,empty,74000.0,nominal,0.45,high_max,11.11,2.8501,26.6532,5.1527,18.55,22.52,v_stop
12.0,-8.0,wet,0.35,empty,74000.0,high_human,1.2,low,3.0,2.8369,5.1862,3.7582,13.53,22.52,v_stop
12.0,-8.0,wet,0.35,empty,74000.0,high_human,1.2,medium_site,5.56,2.8394,12.1156,3.7582,13.53,22.52,v_stop
12.0,-8.0,wet,0.35,empty,74000.0,high_human,1.2,high_max,11.11,2.8501,34.9857,3.7582,13.53,22.52,v_stop
12.0,-8.0,wet,0.35,medium,119750.0,low,0.3,low,3.0,2.8365,2.4865,5.5074,19.83,22.52,v_stop
12.0,-8.0,wet,0.35,medium,119750.0,low,0.3,medium_site,5.56,2.8381,7.1143,5.5074,19.83,22.52,v_stop
12.0,-8.0,wet,0.35,medium,119750.0,low,0.3,high_max,11.11,2.8447,25.0283,5.5074,19.83,22.52,v_stop
12.0,-8.0,wet,0.35,medium,119750.0,nominal,0.45,low,3.0,2.8365,2.9365,5.1527,18.55,22.52,v_stop
12.0,-8.0,wet,0.35,medium,119750.0,nominal,0.45,medium_site,5.56,2.8381,7.9483,5.1527,18.55,22.52,v_stop
12.0,-8.0,wet,0.35,medium,119750.0,nominal,0.45,high_max,11.11,2.8447,26.6948,5.1527,18.55,22.52,v_stop
12.0,-8.0,wet,0.35,medium,119750.0,high_human,1.2,low,3.0,2.8365,5.1865,3.7582,13.53,22.52,v_stop
12.0,-8.0,wet,0.35,medium,119750.0,high_human,1.2,medium_site,5.56,2.8381,12.1183,3.7582,13.53,22.52,v_stop
12.0,-8.0,wet,0.35,medium,119750.0,high_human,1.2,high_max,11.11,2.8447,35.0273,3.7582,13.53,22.52,v_stop
12.0,-8.0,wet,0.35,max_gross,165500.0,low,0.3,low,3.0,2.737,2.5441,5.4229,19.52,22.52,v_stop
12.0,-8.0,wet,0.35,max_gross,165500.0,low,0.3,medium_site,5.56,2.7381,7.313,5.4229,19.52,22.52,v_stop
12.0,-8.0,wet,0.35,max_gross,165500.0,low,0.3,high_max,11.11,2.7429,25.833,5.4229,19.52,22.52,v_stop
12.0,-8.0,wet,0.35,max_gross,165500.0,nominal,0.45,low,3.0,2.737,2.9941,5.0795,18.29,22.52,v_stop
12.0,-8.0,wet,0.35,max_gross,165500.0,nominal,0.45,medium_site,5.56,2.7381,8.147,5.0795,18.29,22.52,v_stop
12.0,-8.0,wet,0.35,max_gross,165500.0,nominal,0.45,high_max,11.11,2.7429,27.4995,5.0795,18.29,22.52,v_stop
12.0,-8.0,wet,0.35,max_gross,165500.0,high_human,1.2,low,3.0,2.737,5.2441,3.7229,13.4,22.52,v_stop
12.0,-8.0,wet,0.35,max_gross,165500.0,high_human,1.2,medium_site,5.56,2.7381,12.317,3.7229,13.4,22.52,v_stop
12.0,-8.0,wet,0.35,max_gross,165500.0,high_human,1.2,high_max,11.11,2.7429,35.832,3.7229,13.4,22.52,v_stop
12.0,-8.0,low_friction,0.2,empty,74000.0,low,0.3,low,3.0,1.3701,4.1845,3.9865,14.35,22.52,v_stop
12.0,-8.0,low_friction,0.2,empty,74000.0,low,0.3,medium_site,5.56,1.3726,12.9289,3.9865,14.35,22.52,v_stop
12.0,-8.0,low_friction,0.2,empty,74000.0,low,0.3,high_max,11.11,1.3833,47.9471,3.9865,14.35,22.52,v_stop
12.0,-8.0,low_friction,0.2,empty,74000.0,nominal,0.45,low,3.0,1.3701,4.6345,3.805,13.7,22.52,v_stop
12.0,-8.0,low_friction,0.2,empty,74000.0,nominal,0.45,medium_site,5.56,1.3726,13.7629,3.805,13.7,22.52,v_stop
12.0,-8.0,low_friction,0.2,empty,74000.0,nominal,0.45,high_max,11.11,1.3833,49.6136,3.805,13.7,22.52,v_stop
12.0,-8.0,low_friction,0.2,empty,74000.0,high_human,1.2,low,3.0,1.3701,6.8845,3.0332,10.92,22.52,v_stop
12.0,-8.0,low_friction,0.2,empty,74000.0,high_human,1.2,medium_site,5.56,1.3726,17.9329,3.0332,10.92,22.52,v_stop
12.0,-8.0,low_friction,0.2,empty,74000.0,high_human,1.2,high_max,11.11,1.3833,57.9461,3.0332,10.92,22.52,v_stop
12.0,-8.0,low_friction,0.2,medium,119750.0,low,0.3,low,3.0,1.3697,4.1855,3.9865,14.35,22.52,v_stop
12.0,-8.0,low_friction,0.2,medium,119750.0,low,0.3,medium_site,5.56,1.3712,12.9401,3.9865,14.35,22.52,v_stop
12.0,-8.0,low_friction,0.2,medium,119750.0,low,0.3,high_max,11.11,1.3779,48.1241,3.9865,14.35,22.52,v_stop
12.0,-8.0,low_friction,0.2,medium,119750.0,nominal,0.45,low,3.0,1.3697,4.6355,3.805,13.7,22.52,v_stop
12.0,-8.0,low_friction,0.2,medium,119750.0,nominal,0.45,medium_site,5.56,1.3712,13.7741,3.805,13.7,22.52,v_stop
12.0,-8.0,low_friction,0.2,medium,119750.0,nominal,0.45,high_max,11.11,1.3779,49.7906,3.805,13.7,22.52,v_stop
12.0,-8.0,low_friction,0.2,medium,119750.0,high_human,1.2,low,3.0,1.3697,6.8855,3.0332,10.92,22.52,v_stop
12.0,-8.0,low_friction,0.2,medium,119750.0,high_human,1.2,medium_site,5.56,1.3712,17.9441,3.0332,10.92,22.52,v_stop
12.0,-8.0,low_friction,0.2,medium,119750.0,high_human,1.2,high_max,11.11,1.3779,58.1231,3.0332,10.92,22.52,v_stop
12.0,-8.0,low_friction,0.2,max_gross,165500.0,low,0.3,low,3.0,1.3695,4.1859,3.9865,14.35,22.52,v_stop
12.0,-8.0,low_friction,0.2,max_gross,165500.0,low,0.3,medium_site,5.56,1.3706,12.9452,3.9865,14.35,22.52,v_stop
12.0,-8.0,low_friction,0.2,max_gross,165500.0,low,0.3,high_max,11.11,1.3754,48.2036,3.9865,14.35,22.52,v_stop
12.0,-8.0,low_friction,0.2,max_gross,165500.0,nominal,0.45,low,3.0,1.3695,4.6359,3.805,13.7,22.52,v_stop
12.0,-8.0,low_friction,0.2,max_gross,165500.0,nominal,0.45,medium_site,5.56,1.3706,13.7792,3.805,13.7,22.52,v_stop
12.0,-8.0,low_friction,0.2,max_gross,165500.0,nominal,0.45,high_max,11.11,1.3754,49.8701,3.805,13.7,22.52,v_stop
12.0,-8.0,low_friction,0.2,max_gross,165500.0,high_human,1.2,low,3.0,1.3695,6.8859,3.0332,10.92,22.52,v_stop
12.0,-8.0,low_friction,0.2,max_gross,165500.0,high_human,1.2,medium_site,5.56,1.3706,17.9492,3.0332,10.92,22.52,v_stop
12.0,-8.0,low_friction,0.2,max_gross,165500.0,high_human,1.2,high_max,11.11,1.3754,58.2026,3.0332,10.92,22.52,v_stop
10.0,8.0,dry_high,0.65,empty,74000.0,low,0.3,low,3.0,7.3351,1.5135,5.5556,20.0,19.2908,v_mine
10.0,8.0,dry_high,0.65,empty,74000.0,low,0.3,medium_site,5.56,7.3377,3.7745,5.5556,20.0,19.2908,v_mine
10.0,8.0,dry_high,0.65,empty,74000.0,low,0.3,high_max,11.11,7.3484,11.7316,5.5556,20.0,19.2908,v_mine
10.0,8.0,dry_high,0.65,empty,74000.0,nominal,0.45,low,3.0,7.3351,1.9635,5.5556,20.0,20.1242,v_mine
10.0,8.0,dry_high,0.65,empty,74000.0,nominal,0.45,medium_site,5.56,7.3377,4.6085,5.5556,20.0,20.1242,v_mine
10.0,8.0,dry_high,0.65,empty,74000.0,nominal,0.45,high_max,11.11,7.3484,13.3981,5.5556,20.0,20.1242,v_mine
10.0,8.0,dry_high,0.65,empty,74000.0,high_human,1.2,low,3.0,7.3351,4.2135,3.479,12.52,20.52,v_stop
10.0,8.0,dry_high,0.65,empty,74000.0,high_human,1.2,medium_site,5.56,7.3377,8.7785,3.479,12.52,20.52,v_stop
10.0,8.0,dry_high,0.65,empty,74000.0,high_human,1.2,high_max,11.11,7.3484,21.7306,3.479,12.52,20.52,v_stop
10.0,8.0,dry_high,0.65,medium,119750.0,low,0.3,low,3.0,5.5714,1.7077,5.5556,20.0,19.9569,v_mine
10.0,8.0,dry_high,0.65,medium,119750.0,low,0.3,medium_site,5.56,5.573,4.4415,5.5556,20.0,19.9569,v_mine
10.0,8.0,dry_high,0.65,medium,119750.0,low,0.3,high_max,11.11,5.5796,14.394,5.5556,20.0,19.9569,v_mine
10.0,8.0,dry_high,0.65,medium,119750.0,nominal,0.45,low,3.0,5.5714,2.1577,5.3667,19.32,20.52,v_stop
10.0,8.0,dry_high,0.65,medium,119750.0,nominal,0.45,medium_site,5.56,5.573,5.2755,5.3667,19.32,20.52,v_stop
10.0,8.0,dry_high,0.65,medium,119750.0,nominal,0.45,high_max,11.11,5.5796,16.0605,5.3667,19.32,20.52,v_stop
10.0,8.0,dry_high,0.65,medium,119750.0,high_human,1.2,low,3.0,5.5714,4.4077,3.3349,12.01,20.52,v_stop
10.0,8.0,dry_high,0.65,medium,119750.0,high_human,1.2,medium_site,5.56,5.573,9.4455,3.3349,12.01,20.52,v_stop
10.0,8.0,dry_high,0.65,medium,119750.0,high_human,1.2,high_max,11.11,5.5796,24.393,3.3349,12.01,20.52,v_stop
10.0,8.0,dry_high,0.65,max_gross,165500.0,low,0.3,low,3.0,4.3016,1.9461,5.3937,19.42,20.52,v_stop
10.0,8.0,dry_high,0.65,max_gross,165500.0,low,0.3,medium_site,5.56,4.3027,5.2603,5.3937,19.42,20.52,v_stop
10.0,8.0,dry_high,0.65,max_gross,165500.0,low,0.3,high_max,11.11,4.3075,17.6605,5.3937,19.42,20.52,v_stop
10.0,8.0,dry_high,0.65,max_gross,165500.0,nominal,0.45,low,3.0,4.3016,2.3961,4.9024,17.65,20.52,v_stop
10.0,8.0,dry_high,0.65,max_gross,165500.0,nominal,0.45,medium_site,5.56,4.3027,6.0943,4.9024,17.65,20.52,v_stop
10.0,8.0,dry_high,0.65,max_gross,165500.0,nominal,0.45,high_max,11.11,4.3075,19.327,4.9024,17.65,20.52,v_stop
10.0,8.0,dry_high,0.65,max_gross,165500.0,high_human,1.2,low,3.0,4.3016,4.6461,3.1844,11.46,20.52,v_stop
10.0,8.0,dry_high,0.65,max_gross,165500.0,high_human,1.2,medium_site,5.56,4.3027,10.2643,3.1844,11.46,20.52,v_stop
10.0,8.0,dry_high,0.65,max_gross,165500.0,high_human,1.2,high_max,11.11,4.3075,27.6595,3.1844,11.46,20.52,v_stop
10.0,8.0,moderate,0.45,empty,74000.0,low,0.3,low,3.0,5.3794,1.7365,5.5556,20.0,20.056,v_mine
10.0,8.0,moderate,0.45,empty,74000.0,low,0.3,medium_site,5.56,5.3819,4.54,5.5556,20.0,20.056,v_mine
10.0,8.0,moderate,0.45,empty,74000.0,low,0.3,high_max,11.11,5.3926,14.7775,5.5556,20.0,20.056,v_mine
10.0,8.0,moderate,0.45,empty,74000.0,nominal,0.45,low,3.0,5.3794,2.1865,5.3025,19.09,20.52,v_stop
10.0,8.0,moderate,0.45,empty,74000.0,nominal,0.45,medium_site,5.56,5.3819,5.374,5.3025,19.09,20.52,v_stop
10.0,8.0,moderate,0.45,empty,74000.0,nominal,0.45,high_max,11.11,5.3926,16.444,5.3025,19.09,20.52,v_stop
10.0,8.0,moderate,0.45,empty,74000.0,high_human,1.2,low,3.0,5.3794,4.4365,3.3152,11.93,20.52,v_stop
10.0,8.0,moderate,0.45,empty,74000.0,high_human,1.2,medium_site,5.56,5.3819,9.544,3.3152,11.93,20.52,v_stop
10.0,8.0,moderate,0.45,empty,74000.0,high_human,1.2,high_max,11.11,5.3926,24.7765,3.3152,11.93,20.52,v_stop
10.0,8.0,moderate,0.45,medium,119750.0,low,0.3,low,3.0,5.379,1.7366,5.5556,20.0,20.056,v_mine
10.0,8.0,moderate,0.45,medium,119750.0,low,0.3,medium_site,5.56,5.3805,4.5407,5.5556,20.0,20.056,v_mine
10.0,8.0,moderate,0.45,medium,119750.0,low,0.3,high_max,11.11,5.3872,14.7891,5.5556,20.0,20.056,v_mine
10.0,8.0,moderate,0.45,medium,119750.0,nominal,0.45,low,3.0,5.379,2.1866,5.3025,19.09,20.52,v_stop
10.0,8.0,moderate,0.45,medium,119750.0,nominal,0.45,medium_site,5.56,5.3805,5.3747,5.3025,19.09,20.52,v_stop
10.0,8.0,moderate,0.45,medium,119750.0,nominal,0.45,high_max,11.11,5.3872,16.4556,5.3025,19.09,20.52,v_stop
10.0,8.0,moderate,0.45,medium,119750.0,high_human,1.2,low,3.0,5.379,4.4366,3.3152,11.93,20.52,v_stop
10.0,8.0,moderate,0.45,medium,119750.0,high_human,1.2,medium_site,5.56,5.3805,9.5447,3.3152,11.93,20.52,v_stop
10.0,8.0,moderate,0.45,medium,119750.0,high_human,1.2,high_max,11.11,5.3872,24.7881,3.3152,11.93,20.52,v_stop
10.0,8.0,moderate,0.45,max_gross,165500.0,low,0.3,low,3.0,4.3016,1.9461,5.3937,19.42,20.52,v_stop
10.0,8.0,moderate,0.45,max_gross,165500.0,low,0.3,medium_site,5.56,4.3027,5.2603,5.3937,19.42,20.52,v_stop
10.0,8.0,moderate,0.45,max_gross,165500.0,low,0.3,high_max,11.11,4.3075,17.6605,5.3937,19.42,20.52,v_stop
10.0,8.0,moderate,0.45,max_gross,165500.0,nominal,0.45,low,3.0,4.3016,2.3961,4.9024,17.65,20.52,v_stop
10.0,8.0,moderate,0.45,max_gross,165500.0,nominal,0.45,medium_site,5.56,4.3027,6.0943,4.9024,17.65,20.52,v_stop
10.0,8.0,moderate,0.45,max_gross,165500.0,nominal,0.45,high_max,11.11,4.3075,19.327,4.9024,17.65,20.52,v_stop
10.0,8.0,moderate,0.45,max_gross,165500.0,high_human,1.2,low,3.0,4.3016,4.6461,3.1844,11.46,20.52,v_stop
10.0,8.0,moderate,0.45,max_gross,165500.0,high_human,1.2,medium_site,5.56,4.3027,10.2643,3.1844,11.46,20.52,v_stop
10.0,8.0,moderate,0.45,max_gross,165500.0,high_human,1.2,high_max,11.11,4.3075,27.6595,3.1844,11.46,20.52,v_stop
10.0,8.0,wet,0.35,empty,74000.0,low,0.3,low,3.0,4.4015,1.9224,5.4435,19.6,20.52,v_stop
10.0,8.0,wet,0.35,empty,74000.0,low,0.3,medium_site,5.56,4.404,5.1777,5.4435,19.6,20.52,v_stop
10.0,8.0,wet,0.35,empty,74000.0,low,0.3,high_max,11.11,4.4147,17.3125,5.4435,19.6,20.52,v_stop
10.0,8.0,wet,0.35,empty,74000.0,nominal,0.45,low,3.0,4.4015,2.3724,4.9426,17.79,20.52,v_stop
10.0,8.0,wet,0.35,empty,74000.0,nominal,0.45,medium_site,5.56,4.404,6.0117,4.9426,17.79,20.52,v_stop
10.0,8.0,wet,0.35,empty,74000.0,nominal,0.45,high_max,11.11,4.4147,18.979,4.9426,17.79,20.52,v_stop
10.0,8.0,wet,0.35,empty,74000.0,high_human,1.2,low,3.0,4.4015,4.6224,3.1982,11.51,20.52,v_stop
10.0,8.0,wet,0.35,empty,74000.0,high_human,1.2,medium_site,5.56,4.404,10.1817,3.1982,11.51,20.52,v_stop
10.0,8.0,wet,0.35,empty,74000.0,high_human,1.2,high_max,11.11,4.4147,27.3115,3.1982,11.51,20.52,v_stop
10.0,8.0,wet,0.35,medium,119750.0,low,0.3,low,3.0,4.4011,1.9225,5.4435,19.6,20.52,v_stop
10.0,8.0,wet,0.35,medium,119750.0,low,0.3,medium_site,5.56,4.4027,5.1788,5.4435,19.6,20.52,v_stop
10.0,8.0,wet,0.35,medium,119750.0,low,0.3,high_max,11.11,4.4093,17.3299,5.4435,19.6,20.52,v_stop
10.0,8.0,wet,0.35,medium,119750.0,nominal,0.45,low,3.0,4.4011,2.3725,4.9426,17.79,20.52,v_stop
10.0,8.0,wet,0.35,medium,119750.0,nominal,0.45,medium_site,5.56,4.4027,6.0128,4.9426,17.79,20.52,v_stop
10.0,8.0,wet,0.35,medium,119750.0,nominal,0.45,high_max,11.11,4.4093,18.9964,4.9426,17.79,20.52,v_stop
10.0,8.0,wet,0.35,medium,119750.0,high_human,1.2,low,3.0,4.4011,4.6225,3.1982,11.51,20.52,v_stop
10.0,8.0,wet,0.35,medium,119750.0,high_human,1.2,medium_site,5.56,4.4027,10.1828,3.1982,11.51,20.52,v_stop
10.0,8.0,wet,0.35,medium,119750.0,high_human,1.2,high_max,11.11,4.4093,27.3289,3.1982,11.51,20.52,v_stop
10.0,8.0,wet,0.35,max_gross,165500.0,low,0.3,low,3.0,4.3016,1.9461,5.3937,19.42,20.52,v_stop
10.0,8.0,wet,0.35,max_gross,165500.0,low,0.3,medium_site,5.56,4.3027,5.2603,5.3937,19.42,20.52,v_stop
10.0,8.0,wet,0.35,max_gross,165500.0,low,0.3,high_max,11.11,4.3075,17.6605,5.3937,19.42,20.52,v_stop
10.0,8.0,wet,0.35,max_gross,165500.0,nominal,0.45,low,3.0,4.3016,2.3961,4.9024,17.65,20.52,v_stop
10.0,8.0,wet,0.35,max_gross,165500.0,nominal,0.45,medium_site,5.56,4.3027,6.0943,4.9024,17.65,20.52,v_stop
10.0,8.0,wet,0.35,max_gross,165500.0,nominal,0.45,high_max,11.11,4.3075,19.327,4.9024,17.65,20.52,v_stop
10.0,8.0,wet,0.35,max_gross,165500.0,high_human,1.2,low,3.0,4.3016,4.6461,3.1844,11.46,20.52,v_stop
10.0,8.0,wet,0.35,max_gross,165500.0,high_human,1.2,medium_site,5.56,4.3027,10.2643,3.1844,11.46,20.52,v_stop
10.0,8.0,wet,0.35,max_gross,165500.0,high_human,1.2,high_max,11.11,4.3075,27.6595,3.1844,11.46,20.52,v_stop
10.0,8.0,low_friction,0.2,empty,74000.0,low,0.3,low,3.0,2.9347,2.4334,4.4224,15.92,20.18,v_traction
10.0,8.0,low_friction,0.2,empty,74000.0,low,0.3,medium_site,5.56,2.9372,6.9304,4.4224,15.92,20.18,v_traction
10.0,8.0,low_friction,0.2,empty,74000.0,low,0.3,high_max,11.11,2.9479,24.2684,4.4224,15.92,20.18,v_traction
10.0,8.0,low_friction,0.2,empty,74000.0,nominal,0.45,low,3.0,2.9347,2.8834,4.2547,15.32,20.52,v_stop
10.0,8.0,low_friction,0.2,empty,74000.0,nominal,0.45,medium_site,5.56,2.9372,7.7644,4.2547,15.32,20.52,v_stop
10.0,8.0,low_friction,0.2,empty,74000.0,nominal,0.45,high_max,11.11,2.9479,25.9349,4.2547,15.32,20.52,v_stop
10.0,8.0,low_friction,0.2,empty,74000.0,high_human,1.2,low,3.0,2.9347,5.1334,2.9395,10.58,20.52,v_stop
10.0,8.0,low_friction,0.2,empty,74000.0,high_human,1.2,medium_site,5.56,2.9372,11.9344,2.9395,10.58,20.52,v_stop
10.0,8.0,low_friction,0.2,empty,74000.0,high_human,1.2,high_max,11.11,2.9479,34.2674,2.9395,10.58,20.52,v_stop
10.0,8.0,low_friction,0.2,medium,119750.0,low,0.3,low,3.0,2.9343,2.4336,4.4224,15.92,20.18,v_traction
10.0,8.0,low_friction,0.2,medium,119750.0,low,0.3,medium_site,5.56,2.9358,6.9329,4.4224,15.92,20.18,v_traction
10.0,8.0,low_friction,0.2,medium,119750.0,low,0.3,high_max,11.11,2.9425,24.3073,4.4224,15.92,20.18,v_traction
10.0,8.0,low_friction,0.2,medium,119750.0,nominal,0.45,low,3.0,2.9343,2.8836,4.2547,15.32,20.52,v_stop
10.0,8.0,low_friction,0.2,medium,119750.0,nominal,0.45,medium_site,5.56,2.9358,7.7669,4.2547,15.32,20.52,v_stop
10.0,8.0,low_friction,0.2,medium,119750.0,nominal,0.45,high_max,11.11,2.9425,25.9738,4.2547,15.32,20.52,v_stop
10.0,8.0,low_friction,0.2,medium,119750.0,high_human,1.2,low,3.0,2.9343,5.1336,2.9395,10.58,20.52,v_stop
10.0,8.0,low_friction,0.2,medium,119750.0,high_human,1.2,medium_site,5.56,2.9358,11.9369,2.9395,10.58,20.52,v_stop
10.0,8.0,low_friction,0.2,medium,119750.0,high_human,1.2,high_max,11.11,2.9425,34.3063,2.9395,10.58,20.52,v_stop
10.0,8.0,low_friction,0.2,max_gross,165500.0,low,0.3,low,3.0,2.9341,2.4337,4.4224,15.92,20.18,v_traction
10.0,8.0,low_friction,0.2,max_gross,165500.0,low,0.3,medium_site,5.56,2.9352,6.934,4.4224,15.92,20.18,v_traction
10.0,8.0,low_friction,0.2,max_gross,165500.0,low,0.3,high_max,11.11,2.94,24.3247,4.4224,15.92,20.18,v_traction
10.0,8.0,low_friction,0.2,max_gross,165500.0,nominal,0.45,low,3.0,2.9341,2.8837,4.2547,15.32,20.52,v_stop
10.0,8.0,low_friction,0.2,max_gross,165500.0,nominal,0.45,medium_site,5.56,2.9352,7.768,4.2547,15.32,20.52,v_stop
10.0,8.0,low_friction,0.2,max_gross,165500.0,nominal,0.45,high_max,11.11,2.94,25.9912,4.2547,15.32,20.52,v_stop
10.0,8.0,low_friction,0.2,max_gross,165500.0,high_human,1.2,low,3.0,2.9341,5.1337,2.9395,10.58,20.52,v_stop
10.0,8.0,low_friction,0.2,max_gross,165500.0,high_human,1.2,medium_site,5.56,2.9352,11.938,2.9395,10.58,20.52,v_stop
10.0,8.0,low_friction,0.2,max_gross,165500.0,high_human,1.2,high_max,11.11,2.94,34.3237,2.9395,10.58,20.52,v_stop
10.0,5.0,dry_high,0.65,empty,74000.0,low,0.3,low,3.0,7.0554,1.5378,5.5556,20.0,19.3743,v_mine
10.0,5.0,dry_high,0.65,empty,74000.0,low,0.3,medium_site,5.56,7.058,3.858,5.5556,20.0,19.3743,v_mine
10.0,5.0,dry_high,0.65,empty,74000.0,low,0.3,high_max,11.11,7.0687,12.0639,5.5556,20.0,19.3743,v_mine
10.0,5.0,dry_high,0.65,empty,74000.0,nominal,0.45,low,3.0,7.0554,1.9878,5.5556,20.0,20.2076,v_mine
10.0,5.0,dry_high,0.65,empty,74000.0,nominal,0.45,medium_site,5.56,7.058,4.692,5.5556,20.0,20.2076,v_mine
10.0,5.0,dry_high,0.65,empty,74000.0,nominal,0.45,high_max,11.11,7.0687,13.7304,5.5556,20.0,20.2076,v_mine
10.0,5.0,dry_high,0.65,empty,74000.0,high_human,1.2,low,3.0,7.0554,4.2378,3.4597,12.45,20.52,v_stop
10.0,5.0,dry_high,0.65,empty,74000.0,high_human,1.2,medium_site,5.56,7.058,8.862,3.4597,12.45,20.52,v_stop
10.0,5.0,dry_high,0.65,empty,74000.0,high_human,1.2,high_max,11.11,7.0687,22.0629,3.4597,12.45,20.52,v_stop
10.0,5.0,dry_high,0.65,medium,119750.0,low,0.3,low,3.0,5.2794,1.7524,5.5556,20.0,20.1101,v_mine
10.0,5.0,dry_high,0.65,medium,119750.0,low,0.3,medium_site,5.56,5.281,4.5949,5.5556,20.0,20.1101,v_mine
10.0,5.0,dry_high,0.65,medium,119750.0,low,0.3,high_max,11.11,5.2876,15.0049,5.5556,20.0,20.1101,v_mine
10.0,5.0,dry_high,0.65,medium,119750.0,nominal,0.45,low,3.0,5.2794,2.2024,5.2685,18.97,20.52,v_stop
10.0,5.0,dry_high,0.65,medium,119750.0,nominal,0.45,medium_site,5.56,5.281,5.4289,5.2685,18.97,20.52,v_stop
10.0,5.0,dry_high,0.65,medium,119750.0,nominal,0.45,high_max,11.11,5.2876,16.6714,5.2685,18.97,20.52,v_stop
10.0,5.0,dry_high,0.65,medium,119750.0,high_human,1.2,low,3.0,5.2794,4.4524,3.3047,11.9,20.52,v_stop
10.0,5.0,dry_high,0.65,medium,119750.0,high_human,1.2,medium_site,5.56,5.281,9.5989,3.3047,11.9,20.52,v_stop
10.0,5.0,dry_high,0.65,medium,119750.0,high_human,1.2,high_max,11.11,5.2876,25.0039,3.3047,11.9,20.52,v_stop
10.0,5.0,dry_high,0.65,max_gross,165500.0,low,0.3,low,3.0,4.0096,2.0223,5.2422,18.87,20.52,v_stop
10.0,5.0,dry_high,0.65,max_gross,165500.0,low,0.3,medium_site,5.56,4.0107,5.5219,5.2422,18.87,20.52,v_stop
10.0,5.0,dry_high,0.65,max_gross,165500.0,low,0.3,high_max,11.11,4.0155,18.7025,5.2422,18.87,20.52,v_stop
10.0,5.0,dry_high,0.65,max_gross,165500.0,nominal,0.45,low,3.0,4.0096,2.4723,4.7797,17.21,20.52,v_stop
10.0,5.0,dry_high,0.65,max_gross,165500.0,nominal,0.45,medium_site,5.56,4.0107,6.3559,4.7797,17.21,20.52,v_stop
10.0,5.0,dry_high,0.65,max_gross,165500.0,nominal,0.45,high_max,11.11,4.0155,20.369,4.7797,17.21,20.52,v_stop
10.0,5.0,dry_high,0.65,max_gross,165500.0,high_human,1.2,low,3.0,4.0096,4.7223,3.1412,11.31,20.52,v_stop
10.0,5.0,dry_high,0.65,max_gross,165500.0,high_human,1.2,medium_site,5.56,4.0107,10.5259,3.1412,11.31,20.52,v_stop
10.0,5.0,dry_high,0.65,max_gross,165500.0,high_human,1.2,high_max,11.11,4.0155,28.7015,3.1412,11.31,20.52,v_stop
10.0,5.0,moderate,0.45,empty,74000.0,low,0.3,low,3.0,5.0959,1.7831,5.5556,20.0,20.2156,v_mine
10.0,5.0,moderate,0.45,empty,74000.0,low,0.3,medium_site,5.56,5.0984,4.6997,5.5556,20.0,20.2156,v_mine
10.0,5.0,moderate,0.45,empty,74000.0,low,0.3,high_max,11.11,5.1091,15.4125,5.5556,20.0,20.2156,v_mine
10.0,5.0,moderate,0.45,empty,74000.0,nominal,0.45,low,3.0,5.0959,2.2331,5.2043,18.74,20.52,v_stop
10.0,5.0,moderate,0.45,empty,74000.0,nominal,0.45,medium_site,5.56,5.0984,5.5337,5.2043,18.74,20.52,v_stop
10.0,5.0,moderate,0.45,empty,74000.0,nominal,0.45,high_max,11.11,5.1091,17.079,5.2043,18.74,20.52,v_stop
10.0,5.0,moderate,0.45,empty,74000.0,high_human,1.2,low,3.0,5.0959,4.4831,3.2844,11.82,20.52,v_stop
10.0,5.0,moderate,0.45,empty,74000.0,high_human,1.2,medium_site,5.56,5.0984,9.7037,3.2844,11.82,20.52,v_stop
10.0,5.0,moderate,0.45,empty,74000.0,high_human,1.2,high_max,11.11,5.1091,25.4115,3.2844,11.82,20.52,v_stop
10.0,5.0,moderate,0.45,medium,119750.0,low,0.3,low,3.0,5.0955,1.7831,5.5556,20.0,20.2156,v_mine
10.0,5.0,moderate,0.45,medium,119750.0,low,0.3,medium_site,5.56,5.097,4.7005,5.5556,20.0,20.2156,v_mine
10.0,5.0,moderate,0.45,medium,119750.0,low,0.3,high_max,11.11,5.1037,15.4255,5.5556,20.0,20.2156,v_mine
10.0,5.0,moderate,0.45,medium,119750.0,nominal,0.45,low,3.0,5.0955,2.2331,5.2043,18.74,20.52,v_stop
10.0,5.0,moderate,0.45,medium,119750.0,nominal,0.45,medium_site,5.56,5.097,5.5345,5.2043,18.74,20.52,v_stop
10.0,5.0,moderate,0.45,medium,119750.0,nominal,0.45,high_max,11.11,5.1037,17.092,5.2043,18.74,20.52,v_stop
10.0,5.0,moderate,0.45,medium,119750.0,high_human,1.2,low,3.0,5.0955,4.4831,3.2844,11.82,20.52,v_stop
10.0,5.0,moderate,0.45,medium,119750.0,high_human,1.2,medium_site,5.56,5.097,9.7045,3.2844,11.82,20.52,v_stop
10.0,5.0,moderate,0.45,medium,119750.0,high_human,1.2,high_max,11.11,5.1037,25.4245,3.2844,11.82,20.52,v_stop
10.0,5.0,moderate,0.45,max_gross,165500.0,low,0.3,low,3.0,4.0096,2.0223,5.2422,18.87,20.52,v_stop
10.0,5.0,moderate,0.45,max_gross,165500.0,low,0.3,medium_site,5.56,4.0107,5.5219,5.2422,18.87,20.52,v_stop
10.0,5.0,moderate,0.45,max_gross,165500.0,low,0.3,high_max,11.11,4.0155,18.7025,5.2422,18.87,20.52,v_stop
10.0,5.0,moderate,0.45,max_gross,165500.0,nominal,0.45,low,3.0,4.0096,2.4723,4.7797,17.21,20.52,v_stop
10.0,5.0,moderate,0.45,max_gross,165500.0,nominal,0.45,medium_site,5.56,4.0107,6.3559,4.7797,17.21,20.52,v_stop
10.0,5.0,moderate,0.45,max_gross,165500.0,nominal,0.45,high_max,11.11,4.0155,20.369,4.7797,17.21,20.52,v_stop
10.0,5.0,moderate,0.45,max_gross,165500.0,high_human,1.2,low,3.0,4.0096,4.7223,3.1412,11.31,20.52,v_stop
10.0,5.0,moderate,0.45,max_gross,165500.0,high_human,1.2,medium_site,5.56,4.0107,10.5259,3.1412,11.31,20.52,v_stop
10.0,5.0,moderate,0.45,max_gross,165500.0,high_human,1.2,high_max,11.11,4.0155,28.7015,3.1412,11.31,20.52,v_stop
10.0,5.0,wet,0.35,empty,74000.0,low,0.3,low,3.0,4.1161,1.9933,5.2981,19.07,20.52,v_stop
10.0,5.0,wet,0.35,empty,74000.0,low,0.3,medium_site,5.56,4.1186,5.4209,5.2981,19.07,20.52,v_stop
10.0,5.0,wet,0.35,empty,74000.0,low,0.3,high_max,11.11,4.1294,18.2787,5.2981,19.07,20.52,v_stop
10.0,5.0,wet,0.35,empty,74000.0,nominal,0.45,low,3.0,4.1161,2.4433,4.825,17.37,20.52,v_stop
10.0,5.0,wet,0.35,empty,74000.0,nominal,0.45,medium_site,5.56,4.1186,6.2549,4.825,17.37,20.52,v_stop
10.0,5.0,wet,0.35,empty,74000.0,nominal,0.45,high_max,11.11,4.1294,19.9452,4.825,17.37,20.52,v_stop
10.0,5.0,wet,0.35,empty,74000.0,high_human,1.2,low,3.0,4.1161,4.6933,3.1573,11.37,20.52,v_stop
10.0,5.0,wet,0.35,empty,74000.0,high_human,1.2,medium_site,5.56,4.1186,10.4249,3.1573,11.37,20.52,v_stop
10.0,5.0,wet,0.35,empty,74000.0,high_human,1.2,high_max,11.11,4.1294,28.2777,3.1573,11.37,20.52,v_stop
10.0,5.0,wet,0.35,medium,119750.0,low,0.3,low,3.0,4.1157,1.9934,5.2981,19.07,20.52,v_stop
10.0,5.0,wet,0.35,medium,119750.0,low,0.3,medium_site,5.56,4.1173,5.4221,5.2981,19.07,20.52,v_stop
10.0,5.0,wet,0.35,medium,119750.0,low,0.3,high_max,11.11,4.1239,18.2985,5.2981,19.07,20.52,v_stop
10.0,5.0,wet,0.35,medium,119750.0,nominal,0.45,low,3.0,4.1157,2.4434,4.825,17.37,20.52,v_stop
10.0,5.0,wet,0.35,medium,119750.0,nominal,0.45,medium_site,5.56,4.1173,6.2561,4.825,17.37,20.52,v_stop
10.0,5.0,wet,0.35,medium,119750.0,nominal,0.45,high_max,11.11,4.1239,19.965,4.825,17.37,20.52,v_stop
10.0,5.0,wet,0.35,medium,119750.0,high_human,1.2,low,3.0,4.1157,4.6934,3.1573,11.37,20.52,v_stop
10.0,5.0,wet,0.35,medium,119750.0,high_human,1.2,medium_site,5.56,4.1173,10.4261,3.1573,11.37,20.52,v_stop
10.0,5.0,wet,0.35,medium,119750.0,high_human,1.2,high_max,11.11,4.1239,28.2975,3.1573,11.37,20.52,v_stop
10.0,5.0,wet,0.35,max_gross,165500.0,low,0.3,low,3.0,4.0096,2.0223,5.2422,18.87,20.52,v_stop
10.0,5.0,wet,0.35,max_gross,165500.0,low,0.3,medium_site,5.56,4.0107,5.5219,5.2422,18.87,20.52,v_stop
10.0,5.0,wet,0.35,max_gross,165500.0,low,0.3,high_max,11.11,4.0155,18.7025,5.2422,18.87,20.52,v_stop
10.0,5.0,wet,0.35,max_gross,165500.0,nominal,0.45,low,3.0,4.0096,2.4723,4.7797,17.21,20.52,v_stop
10.0,5.0,wet,0.35,max_gross,165500.0,nominal,0.45,medium_site,5.56,4.0107,6.3559,4.7797,17.21,20.52,v_stop
10.0,5.0,wet,0.35,max_gross,165500.0,nominal,0.45,high_max,11.11,4.0155,20.369,4.7797,17.21,20.52,v_stop
10.0,5.0,wet,0.35,max_gross,165500.0,high_human,1.2,low,3.0,4.0096,4.7223,3.1412,11.31,20.52,v_stop
10.0,5.0,wet,0.35,max_gross,165500.0,high_human,1.2,medium_site,5.56,4.0107,10.5259,3.1412,11.31,20.52,v_stop
10.0,5.0,wet,0.35,max_gross,165500.0,high_human,1.2,high_max,11.11,4.0155,28.7015,3.1412,11.31,20.52,v_stop
10.0,5.0,low_friction,0.2,empty,74000.0,low,0.3,low,3.0,2.6464,2.6004,4.4106,15.88,20.52,v_stop
10.0,5.0,low_friction,0.2,empty,74000.0,low,0.3,medium_site,5.56,2.649,7.503,4.4106,15.88,20.52,v_stop
10.0,5.0,low_friction,0.2,empty,74000.0,low,0.3,high_max,11.11,2.6597,26.5372,4.4106,15.88,20.52,v_stop
10.0,5.0,low_friction,0.2,empty,74000.0,nominal,0.45,low,3.0,2.6464,3.0504,4.0889,14.72,20.52,v_stop
10.0,5.0,low_friction,0.2,empty,74000.0,nominal,0.45,medium_site,5.56,2.649,8.337,4.0889,14.72,20.52,v_stop
10.0,5.0,low_friction,0.2,empty,74000.0,nominal,0.45,high_max,11.11,2.6597,28.2037,4.0889,14.72,20.52,v_stop
10.0,5.0,low_friction,0.2,empty,74000.0,high_human,1.2,low,3.0,2.6464,5.3004,2.8696,10.33,20.52,v_stop
10.0,5.0,low_friction,0.2,empty,74000.0,high_human,1.2,medium_site,5.56,2.649,12.507,2.8696,10.33,20.52,v_stop
10.0,5.0,low_friction,0.2,empty,74000.0,high_human,1.2,high_max,11.11,2.6597,36.5362,2.8696,10.33,20.52,v_stop
10.0,5.0,low_friction,0.2,medium,119750.0,low,0.3,low,3.0,2.646,2.6007,4.4106,15.88,20.52,v_stop
10.0,5.0,low_friction,0.2,medium,119750.0,low,0.3,medium_site,5.56,2.6476,7.506,4.4106,15.88,20.52,v_stop
10.0,5.0,low_friction,0.2,medium,119750.0,low,0.3,high_max,11.11,2.6542,26.5849,4.4106,15.88,20.52,v_stop
10.0,5.0,low_friction,0.2,medium,119750.0,nominal,0.45,low,3.0,2.646,3.0507,4.0889,14.72,20.52,v_stop
10.0,5.0,low_friction,0.2,medium,119750.0,nominal,0.45,medium_site,5.56,2.6476,8.34,4.0889,14.72,20.52,v_stop
10.0,5.0,low_friction,0.2,medium,119750.0,nominal,0.45,high_max,11.11,2.6542,28.2514,4.0889,14.72,20.52,v_stop
10.0,5.0,low_friction,0.2,medium,119750.0,high_human,1.2,low,3.0,2.646,5.3007,2.8696,10.33,20.52,v_stop
10.0,5.0,low_friction,0.2,medium,119750.0,high_human,1.2,medium_site,5.56,2.6476,12.51,2.8696,10.33,20.52,v_stop
10.0,5.0,low_friction,0.2,medium,119750.0,high_human,1.2,high_max,11.11,2.6542,36.5839,2.8696,10.33,20.52,v_stop
10.0,5.0,low_friction,0.2,max_gross,165500.0,low,0.3,low,3.0,2.6459,2.6008,4.4106,15.88,20.52,v_stop
10.0,5.0,low_friction,0.2,max_gross,165500.0,low,0.3,medium_site,5.56,2.647,7.5074,4.4106,15.88,20.52,v_stop
10.0,5.0,low_friction,0.2,max_gross,165500.0,low,0.3,high_max,11.11,2.6518,26.6063,4.4106,15.88,20.52,v_stop
10.0,5.0,low_friction,0.2,max_gross,165500.0,nominal,0.45,low,3.0,2.6459,3.0508,4.0889,14.72,20.52,v_stop
10.0,5.0,low_friction,0.2,max_gross,165500.0,nominal,0.45,medium_site,5.56,2.647,8.3414,4.0889,14.72,20.52,v_stop
10.0,5.0,low_friction,0.2,max_gross,165500.0,nominal,0.45,high_max,11.11,2.6518,28.2728,4.0889,14.72,20.52,v_stop
10.0,5.0,low_friction,0.2,max_gross,165500.0,high_human,1.2,low,3.0,2.6459,5.3008,2.8696,10.33,20.52,v_stop
10.0,5.0,low_friction,0.2,max_gross,165500.0,high_human,1.2,medium_site,5.56,2.647,12.5114,2.8696,10.33,20.52,v_stop
10.0,5.0,low_friction,0.2,max_gross,165500.0,high_human,1.2,high_max,11.11,2.6518,36.6053,2.8696,10.33,20.52,v_stop
10.0,0.0,dry_high,0.65,empty,74000.0,low,0.3,low,3.0,6.5737,1.5845,5.5556,20.0,19.5346,v_mine
10.0,0.0,dry_high,0.65,empty,74000.0,low,0.3,medium_site,5.56,6.5763,4.0184,5.5556,20.0,19.5346,v_mine
10.0,0.0,dry_high,0.65,empty,74000.0,low,0.3,high_max,11.11,6.587,12.7024,5.5556,20.0,19.5346,v_mine
10.0,0.0,dry_high,0.65,empty,74000.0,nominal,0.45,low,3.0,6.5737,2.0345,5.5556,20.0,20.3679,v_mine
10.0,0.0,dry_high,0.65,empty,74000.0,nominal,0.45,medium_site,5.56,6.5763,4.8524,5.5556,20.0,20.3679,v_mine
10.0,0.0,dry_high,0.65,empty,74000.0,nominal,0.45,high_max,11.11,6.587,14.3689,5.5556,20.0,20.3679,v_mine
10.0,0.0,dry_high,0.65,empty,74000.0,high_human,1.2,low,3.0,6.5737,4.2845,3.4236,12.33,20.52,v_stop
10.0,0.0,dry_high,0.65,empty,74000.0,high_human,1.2,medium_site,5.56,6.5763,9.0224,3.4236,12.33,20.52,v_stop
10.0,0.0,dry_high,0.65,empty,74000.0,high_human,1.2,high_max,11.11,6.587,22.7014,3.4236,12.33,20.52,v_stop
10.0,0.0,dry_high,0.65,medium,119750.0,low,0.3,low,3.0,4.7897,1.8395,5.5556,20.0,20.409,v_mine
10.0,0.0,dry_high,0.65,medium,119750.0,low,0.3,medium_site,5.56,4.7913,4.894,5.5556,20.0,20.409,v_mine
10.0,0.0,dry_high,0.65,medium,119750.0,low,0.3,high_max,11.11,4.7979,16.196,5.5556,20.0,20.409,v_mine
10.0,0.0,dry_high,0.65,medium,119750.0,nominal,0.45,low,3.0,4.7897,2.2895,5.093,18.33,20.52,v_stop
10.0,0.0,dry_high,0.65,medium,119750.0,nominal,0.45,medium_site,5.56,4.7913,5.728,5.093,18.33,20.52,v_stop
10.0,0.0,dry_high,0.65,medium,119750.0,nominal,0.45,high_max,11.11,4.7979,17.8625,5.093,18.33,20.52,v_stop
10.0,0.0,dry_high,0.65,medium,119750.0,high_human,1.2,low,3.0,4.7897,4.5395,3.2485,11.69,20.52,v_stop
10.0,0.0,dry_high,0.65,medium,119750.0,high_human,1.2,medium_site,5.56,4.7913,9.898,3.2485,11.69,20.52,v_stop
10.0,0.0,dry_high,0.65,medium,119750.0,high_human,1.2,high_max,11.11,4.7979,26.195,3.2485,11.69,20.52,v_stop
10.0,0.0,dry_high,0.65,max_gross,165500.0,low,0.3,low,3.0,3.5199,2.1784,4.9699,17.89,20.52,v_stop
10.0,0.0,dry_high,0.65,max_gross,165500.0,low,0.3,medium_site,5.56,3.5211,6.0578,4.9699,17.89,20.52,v_stop
10.0,0.0,dry_high,0.65,max_gross,165500.0,low,0.3,high_max,11.11,3.5259,20.8368,4.9699,17.89,20.52,v_stop
10.0,0.0,dry_high,0.65,max_gross,165500.0,nominal,0.45,low,3.0,3.5199,2.6284,4.5565,16.4,20.52,v_stop
10.0,0.0,dry_high,0.65,max_gross,165500.0,nominal,0.45,medium_site,5.56,3.5211,6.8918,4.5565,16.4,20.52,v_stop
10.0,0.0,dry_high,0.65,max_gross,165500.0,nominal,0.45,high_max,11.11,3.5259,22.5033,4.5565,16.4,20.52,v_stop
10.0,0.0,dry_high,0.65,max_gross,165500.0,high_human,1.2,low,3.0,3.5199,4.8784,3.0589,11.01,20.52,v_stop
10.0,0.0,dry_high,0.65,max_gross,165500.0,high_human,1.2,medium_site,5.56,3.5211,11.0618,3.0589,11.01,20.52,v_stop
10.0,0.0,dry_high,0.65,max_gross,165500.0,high_human,1.2,high_max,11.11,3.5259,30.8358,3.0589,11.01,20.52,v_stop
10.0,0.0,moderate,0.45,empty,74000.0,low,0.3,low,3.0,4.6117,1.8758,5.5465,19.97,20.52,v_stop
10.0,0.0,moderate,0.45,empty,74000.0,low,0.3,medium_site,5.56,4.6143,5.0178,5.5465,19.97,20.52,v_stop
10.0,0.0,moderate,0.45,empty,74000.0,low,0.3,high_max,11.11,4.625,16.677,5.5465,19.97,20.52,v_stop
10.0,0.0,moderate,0.45,empty,74000.0,nominal,0.45,low,3.0,4.6117,2.3258,5.0253,18.09,20.52,v_stop
10.0,0.0,moderate,0.45,empty,74000.0,nominal,0.45,medium_site,5.56,4.6143,5.8518,5.0253,18.09,20.52,v_stop
10.0,0.0,moderate,0.45,empty,74000.0,nominal,0.45,high_max,11.11,4.625,18.3435,5.0253,18.09,20.52,v_stop
10.0,0.0,moderate,0.45,empty,74000.0,high_human,1.2,low,3.0,4.6117,4.5758,3.2261,11.61,20.52,v_stop
10.0,0.0,moderate,0.45,empty,74000.0,high_human,1.2,medium_site,5.56,4.6143,10.0218,3.2261,11.61,20.52,v_stop
10.0,0.0,moderate,0.45,empty,74000.0,high_human,1.2,high_max,11.11,4.625,26.676,3.2261,11.61,20.52,v_stop
10.0,0.0,moderate,0.45,medium,119750.0,low,0.3,low,3.0,4.6113,1.8759,5.5465,19.97,20.52,v_stop
10.0,0.0,moderate,0.45,medium,119750.0,low,0.3,medium_site,5.56,4.6129,5.0188,5.5465,19.97,20.52,v_stop
10.0,0.0,moderate,0.45,medium,119750.0,low,0.3,high_max,11.11,4.6195,16.6928,5.5465,19.97,20.52,v_stop
10.0,0.0,moderate,0.45,medium,119750.0,nominal,0.45,low,3.0,4.6113,2.3259,5.0253,18.09,20.52,v_stop
10.0,0.0,moderate,0.45,medium,119750.0,nominal,0.45,medium_site,5.56,4.6129,5.8528,5.0253,18.09,20.52,v_stop
10.0,0.0,moderate,0.45,medium,119750.0,nominal,0.45,high_max,11.11,4.6195,18.3593,5.0253,18.09,20.52,v_stop
10.0,0.0,moderate,0.45,medium,119750.0,high_human,1.2,low,3.0,4.6113,4.5759,3.2261,11.61,20.52,v_stop
10.0,0.0,moderate,0.45,medium,119750.0,high_human,1.2,medium_site,5.56,4.6129,10.0228,3.2261,11.61,20.52,v_stop
10.0,0.0,moderate,0.45,medium,119750.0,high_human,1.2,high_max,11.11,4.6195,26.6918,3.2261,11.61,20.52,v_stop
10.0,0.0,moderate,0.45,max_gross,165500.0,low,0.3,low,3.0,3.5199,2.1784,4.9699,17.89,20.52,v_stop
10.0,0.0,moderate,0.45,max_gross,165500.0,low,0.3,medium_site,5.56,3.5211,6.0578,4.9699,17.89,20.52,v_stop
10.0,0.0,moderate,0.45,max_gross,165500.0,low,0.3,high_max,11.11,3.5259,20.8368,4.9699,17.89,20.52,v_stop
10.0,0.0,moderate,0.45,max_gross,165500.0,nominal,0.45,low,3.0,3.5199,2.6284,4.5565,16.4,20.52,v_stop
10.0,0.0,moderate,0.45,max_gross,165500.0,nominal,0.45,medium_site,5.56,3.5211,6.8918,4.5565,16.4,20.52,v_stop
10.0,0.0,moderate,0.45,max_gross,165500.0,nominal,0.45,high_max,11.11,3.5259,22.5033,4.5565,16.4,20.52,v_stop
10.0,0.0,moderate,0.45,max_gross,165500.0,high_human,1.2,low,3.0,3.5199,4.8784,3.0589,11.01,20.52,v_stop
10.0,0.0,moderate,0.45,max_gross,165500.0,high_human,1.2,medium_site,5.56,3.5211,11.0618,3.0589,11.01,20.52,v_stop
10.0,0.0,moderate,0.45,max_gross,165500.0,high_human,1.2,high_max,11.11,3.5259,30.8358,3.0589,11.01,20.52,v_stop
10.0,0.0,wet,0.35,empty,74000.0,low,0.3,low,3.0,3.6307,2.1394,5.0334,18.12,20.52,v_stop
10.0,0.0,wet,0.35,empty,74000.0,low,0.3,medium_site,5.56,3.6333,5.9222,5.0334,18.12,20.52,v_stop
10.0,0.0,wet,0.35,empty,74000.0,low,0.3,high_max,11.11,3.644,20.2693,5.0334,18.12,20.52,v_stop
10.0,0.0,wet,0.35,empty,74000.0,nominal,0.45,low,3.0,3.6307,2.5894,4.6088,16.59,20.52,v_stop
10.0,0.0,wet,0.35,empty,74000.0,nominal,0.45,medium_site,5.56,3.6333,6.7562,4.6088,16.59,20.52,v_stop
10.0,0.0,wet,0.35,empty,74000.0,nominal,0.45,high_max,11.11,3.644,21.9358,4.6088,16.59,20.52,v_stop
10.0,0.0,wet,0.35,empty,74000.0,high_human,1.2,low,3.0,3.6307,4.8394,3.0786,11.08,20.52,v_stop
10.0,0.0,wet,0.35,empty,74000.0,high_human,1.2,medium_site,5.56,3.6333,10.9262,3.0786,11.08,20.52,v_stop
10.0,0.0,wet,0.35,empty,74000.0,high_human,1.2,high_max,11.11,3.644,30.2683,3.0786,11.08,20.52,v_stop
10.0,0.0,wet,0.35,medium,119750.0,low,0.3,low,3.0,3.6303,2.1396,5.0334,18.12,20.52,v_stop
10.0,0.0,wet,0.35,medium,119750.0,low,0.3,medium_site,5.56,3.6319,5.9238,5.0334,18.12,20.52,v_stop
10.0,0.0,wet,0.35,medium,119750.0,low,0.3,high_max,11.11,3.6385,20.2948,5.0334,18.12,20.52,v_stop
10.0,0.0,wet,0.35,medium,119750.0,nominal,0.45,low,3.0,3.6303,2.5896,4.6088,16.59,20.52,v_stop
10.0,0.0,wet,0.35,medium,119750.0,nominal,0.45,medium_site,5.56,3.6319,6.7578,4.6088,16.59,20.52,v_stop
10.0,0.0,wet,0.35,medium,119750.0,nominal,0.45,high_max,11.11,3.6385,21.9613,4.6088,16.59,20.52,v_stop
10.0,0.0,wet,0.35,medium,119750.0,high_human,1.2,low,3.0,3.6303,4.8396,3.0786,11.08,20.52,v_stop
10.0,0.0,wet,0.35,medium,119750.0,high_human,1.2,medium_site,5.56,3.6319,10.9278,3.0786,11.08,20.52,v_stop
10.0,0.0,wet,0.35,medium,119750.0,high_human,1.2,high_max,11.11,3.6385,30.2938,3.0786,11.08,20.52,v_stop
10.0,0.0,wet,0.35,max_gross,165500.0,low,0.3,low,3.0,3.5199,2.1784,4.9699,17.89,20.52,v_stop
10.0,0.0,wet,0.35,max_gross,165500.0,low,0.3,medium_site,5.56,3.5211,6.0578,4.9699,17.89,20.52,v_stop
10.0,0.0,wet,0.35,max_gross,165500.0,low,0.3,high_max,11.11,3.5259,20.8368,4.9699,17.89,20.52,v_stop
10.0,0.0,wet,0.35,max_gross,165500.0,nominal,0.45,low,3.0,3.5199,2.6284,4.5565,16.4,20.52,v_stop
10.0,0.0,wet,0.35,max_gross,165500.0,nominal,0.45,medium_site,5.56,3.5211,6.8918,4.5565,16.4,20.52,v_stop
10.0,0.0,wet,0.35,max_gross,165500.0,nominal,0.45,high_max,11.11,3.5259,22.5033,4.5565,16.4,20.52,v_stop
10.0,0.0,wet,0.35,max_gross,165500.0,high_human,1.2,low,3.0,3.5199,4.8784,3.0589,11.01,20.52,v_stop
10.0,0.0,wet,0.35,max_gross,165500.0,high_human,1.2,medium_site,5.56,3.5211,11.0618,3.0589,11.01,20.52,v_stop
10.0,0.0,wet,0.35,max_gross,165500.0,high_human,1.2,high_max,11.11,3.5259,30.8358,3.0589,11.01,20.52,v_stop
10.0,0.0,low_friction,0.2,empty,74000.0,low,0.3,low,3.0,2.1592,2.9841,4.0431,14.56,20.52,v_stop
10.0,0.0,low_friction,0.2,empty,74000.0,low,0.3,medium_site,5.56,2.1618,8.818,4.0431,14.56,20.52,v_stop
10.0,0.0,low_friction,0.2,empty,74000.0,low,0.3,high_max,11.11,2.1725,31.7408,4.0431,14.56,20.52,v_stop
10.0,0.0,low_friction,0.2,empty,74000.0,nominal,0.45,low,3.0,2.1592,3.4341,3.7749,13.59,20.52,v_stop
10.0,0.0,low_friction,0.2,empty,74000.0,nominal,0.45,medium_site,5.56,2.1618,9.652,3.7749,13.59,20.52,v_stop
10.0,0.0,low_friction,0.2,empty,74000.0,nominal,0.45,high_max,11.11,2.1725,33.4073,3.7749,13.59,20.52,v_stop
10.0,0.0,low_friction,0.2,empty,74000.0,high_human,1.2,low,3.0,2.1592,5.6841,2.7289,9.82,20.52,v_stop
10.0,0.0,low_friction,0.2,empty,74000.0,high_human,1.2,medium_site,5.56,2.1618,13.822,2.7289,9.82,20.52,v_stop
10.0,0.0,low_friction,0.2,empty,74000.0,high_human,1.2,high_max,11.11,2.1725,41.7398,2.7289,9.82,20.52,v_stop
10.0,0.0,low_friction,0.2,medium,119750.0,low,0.3,low,3.0,2.1588,2.9844,4.0431,14.56,20.52,v_stop
10.0,0.0,low_friction,0.2,medium,119750.0,low,0.3,medium_site,5.56,2.1604,8.8226,4.0431,14.56,20.52,v_stop
10.0,0.0,low_friction,0.2,medium,119750.0,low,0.3,high_max,11.11,2.167,31.8124,4.0431,14.56,20.52,v_stop
10.0,0.0,low_friction,0.2,medium,119750.0,nominal,0.45,low,3.0,2.1588,3.4344,3.7749,13.59,20.52,v_stop
10.0,0.0,low_friction,0.2,medium,119750.0,nominal,0.45,medium_site,5.56,2.1604,9.6566,3.7749,13.59,20.52,v_stop
10.0,0.0,low_friction,0.2,medium,119750.0,nominal,0.45,high_max,11.11,2.167,33.4789,3.7749,13.59,20.52,v_stop
10.0,0.0,low_friction,0.2,medium,119750.0,high_human,1.2,low,3.0,2.1588,5.6844,2.7289,9.82,20.52,v_stop
10.0,0.0,low_friction,0.2,medium,119750.0,high_human,1.2,medium_site,5.56,2.1604,13.8266,2.7289,9.82,20.52,v_stop
10.0,0.0,low_friction,0.2,medium,119750.0,high_human,1.2,high_max,11.11,2.167,41.8114,2.7289,9.82,20.52,v_stop
10.0,0.0,low_friction,0.2,max_gross,165500.0,low,0.3,low,3.0,2.1587,2.9846,4.0431,14.56,20.52,v_stop
10.0,0.0,low_friction,0.2,max_gross,165500.0,low,0.3,medium_site,5.56,2.1598,8.8246,4.0431,14.56,20.52,v_stop
10.0,0.0,low_friction,0.2,max_gross,165500.0,low,0.3,high_max,11.11,2.1646,31.8446,4.0431,14.56,20.52,v_stop
10.0,0.0,low_friction,0.2,max_gross,165500.0,nominal,0.45,low,3.0,2.1587,3.4346,3.7749,13.59,20.52,v_stop
10.0,0.0,low_friction,0.2,max_gross,165500.0,nominal,0.45,medium_site,5.56,2.1598,9.6586,3.7749,13.59,20.52,v_stop
10.0,0.0,low_friction,0.2,max_gross,165500.0,nominal,0.45,high_max,11.11,2.1646,33.5111,3.7749,13.59,20.52,v_stop
10.0,0.0,low_friction,0.2,max_gross,165500.0,high_human,1.2,low,3.0,2.1587,5.6846,2.7289,9.82,20.52,v_stop
10.0,0.0,low_friction,0.2,max_gross,165500.0,high_human,1.2,medium_site,5.56,2.1598,13.8286,2.7289,9.82,20.52,v_stop
10.0,0.0,low_friction,0.2,max_gross,165500.0,high_human,1.2,high_max,11.11,2.1646,41.8436,2.7289,9.82,20.52,v_stop
10.0,-5.0,dry_high,0.65,empty,74000.0,low,0.3,low,3.0,6.0757,1.6407,5.5556,20.0,19.7271,v_mine
10.0,-5.0,dry_high,0.65,empty,74000.0,low,0.3,medium_site,5.56,6.0782,4.211,5.5556,20.0,19.7271,v_mine
10.0,-5.0,dry_high,0.65,empty,74000.0,low,0.3,high_max,11.11,6.0889,13.4688,5.5556,20.0,19.7271,v_mine
10.0,-5.0,dry_high,0.65,empty,74000.0,nominal,0.45,low,3.0,6.0757,2.0907,5.5259,19.89,20.52,v_stop
10.0,-5.0,dry_high,0.65,empty,74000.0,nominal,0.45,medium_site,5.56,6.0782,5.045,5.5259,19.89,20.52,v_stop
10.0,-5.0,dry_high,0.65,empty,74000.0,nominal,0.45,high_max,11.11,6.0889,15.1353,5.5259,19.89,20.52,v_stop
10.0,-5.0,dry_high,0.65,empty,74000.0,high_human,1.2,low,3.0,6.0757,4.3407,3.3821,12.18,20.52,v_stop
10.0,-5.0,dry_high,0.65,empty,74000.0,high_human,1.2,medium_site,5.56,6.0782,9.215,3.3821,12.18,20.52,v_stop
10.0,-5.0,dry_high,0.65,empty,74000.0,high_human,1.2,high_max,11.11,6.0889,23.4678,3.3821,12.18,20.52,v_stop
10.0,-5.0,dry_high,0.65,medium,119750.0,low,0.3,low,3.0,4.2996,1.9466,5.3926,19.41,20.52,v_stop
10.0,-5.0,dry_high,0.65,medium,119750.0,low,0.3,medium_site,5.56,4.3012,5.2616,5.3926,19.41,20.52,v_stop
10.0,-5.0,dry_high,0.65,medium,119750.0,low,0.3,high_max,11.11,4.3078,17.6596,5.3926,19.41,20.52,v_stop
10.0,-5.0,dry_high,0.65,medium,119750.0,nominal,0.45,low,3.0,4.2996,2.3966,4.9016,17.65,20.52,v_stop
10.0,-5.0,dry_high,0.65,medium,119750.0,nominal,0.45,medium_site,5.56,4.3012,6.0956,4.9016,17.65,20.52,v_stop
10.0,-5.0,dry_high,0.65,medium,119750.0,nominal,0.45,high_max,11.11,4.3078,19.3261,4.9016,17.65,20.52,v_stop
10.0,-5.0,dry_high,0.65,medium,119750.0,high_human,1.2,low,3.0,4.2996,4.6466,3.184,11.46,20.52,v_stop
10.0,-5.0,dry_high,0.65,medium,119750.0,high_human,1.2,medium_site,5.56,4.3012,10.2656,3.184,11.46,20.52,v_stop
10.0,-5.0,dry_high,0.65,medium,119750.0,high_human,1.2,high_max,11.11,4.3078,27.6586,3.184,11.46,20.52,v_stop
10.0,-5.0,dry_high,0.65,max_gross,165500.0,low,0.3,low,3.0,3.0298,2.3852,4.6697,16.81,20.52,v_stop
10.0,-5.0,dry_high,0.65,max_gross,165500.0,low,0.3,medium_site,5.56,3.0309,6.7677,4.6697,16.81,20.52,v_stop
10.0,-5.0,dry_high,0.65,max_gross,165500.0,low,0.3,high_max,11.11,3.0357,23.6629,4.6697,16.81,20.52,v_stop
10.0,-5.0,dry_high,0.65,max_gross,165500.0,nominal,0.45,low,3.0,3.0298,2.8352,4.307,15.51,20.52,v_stop
10.0,-5.0,dry_high,0.65,max_gross,165500.0,nominal,0.45,medium_site,5.56,3.0309,7.6017,4.307,15.51,20.52,v_stop
10.0,-5.0,dry_high,0.65,max_gross,165500.0,nominal,0.45,high_max,11.11,3.0357,25.3294,4.307,15.51,20.52,v_stop
10.0,-5.0,dry_high,0.65,max_gross,165500.0,high_human,1.2,low,3.0,3.0298,5.0852,2.9609,10.66,20.52,v_stop
10.0,-5.0,dry_high,0.65,max_gross,165500.0,high_human,1.2,medium_site,5.56,3.0309,11.7717,2.9609,10.66,20.52,v_stop
10.0,-5.0,dry_high,0.65,max_gross,165500.0,high_human,1.2,high_max,11.11,3.0357,33.6619,2.9609,10.66,20.52,v_stop
10.0,-5.0,moderate,0.45,empty,74000.0,low,0.3,low,3.0,4.1161,1.9933,5.2981,19.07,20.52,v_stop
10.0,-5.0,moderate,0.45,empty,74000.0,low,0.3,medium_site,5.56,4.1186,5.4209,5.2981,19.07,20.52,v_stop
10.0,-5.0,moderate,0.45,empty,74000.0,low,0.3,high_max,11.11,4.1294,18.2787,5.2981,19.07,20.52,v_stop
10.0,-5.0,moderate,0.45,empty,74000.0,nominal,0.45,low,3.0,4.1161,2.4433,4.825,17.37,20.52,v_stop
10.0,-5.0,moderate,0.45,empty,74000.0,nominal,0.45,medium_site,5.56,4.1186,6.2549,4.825,17.37,20.52,v_stop
10.0,-5.0,moderate,0.45,empty,74000.0,nominal,0.45,high_max,11.11,4.1294,19.9452,4.825,17.37,20.52,v_stop
10.0,-5.0,moderate,0.45,empty,74000.0,high_human,1.2,low,3.0,4.1161,4.6933,3.1573,11.37,20.52,v_stop
10.0,-5.0,moderate,0.45,empty,74000.0,high_human,1.2,medium_site,5.56,4.1186,10.4249,3.1573,11.37,20.52,v_stop
10.0,-5.0,moderate,0.45,empty,74000.0,high_human,1.2,high_max,11.11,4.1294,28.2777,3.1573,11.37,20.52,v_stop
10.0,-5.0,moderate,0.45,medium,119750.0,low,0.3,low,3.0,4.1157,1.9934,5.2981,19.07,20.52,v_stop
10.0,-5.0,moderate,0.45,medium,119750.0,low,0.3,medium_site,5.56,4.1173,5.4221,5.2981,19.07,20.52,v_stop
10.0,-5.0,moderate,0.45,medium,119750.0,low,0.3,high_max,11.11,4.1239,18.2985,5.2981,19.07,20.52,v_stop
10.0,-5.0,moderate,0.45,medium,119750.0,nominal,0.45,low,3.0,4.1157,2.4434,4.825,17.37,20.52,v_stop
10.0,-5.0,moderate,0.45,medium,119750.0,nominal,0.45,medium_site,5.56,4.1173,6.2561,4.825,17.37,20.52,v_stop
10.0,-5.0,moderate,0.45,medium,119750.0,nominal,0.45,high_max,11.11,4.1239,19.965,4.825,17.37,20.52,v_stop
10.0,-5.0,moderate,0.45,medium,119750.0,high_human,1.2,low,3.0,4.1157,4.6934,3.1573,11.37,20.52,v_stop
10.0,-5.0,moderate,0.45,medium,119750.0,high_human,1.2,medium_site,5.56,4.1173,10.4261,3.1573,11.37,20.52,v_stop
10.0,-5.0,moderate,0.45,medium,119750.0,high_human,1.2,high_max,11.11,4.1239,28.2975,3.1573,11.37,20.52,v_stop
10.0,-5.0,moderate,0.45,max_gross,165500.0,low,0.3,low,3.0,3.0298,2.3852,4.6697,16.81,20.52,v_stop
10.0,-5.0,moderate,0.45,max_gross,165500.0,low,0.3,medium_site,5.56,3.0309,6.7677,4.6697,16.81,20.52,v_stop
10.0,-5.0,moderate,0.45,max_gross,165500.0,low,0.3,high_max,11.11,3.0357,23.6629,4.6697,16.81,20.52,v_stop
10.0,-5.0,moderate,0.45,max_gross,165500.0,nominal,0.45,low,3.0,3.0298,2.8352,4.307,15.51,20.52,v_stop
10.0,-5.0,moderate,0.45,max_gross,165500.0,nominal,0.45,medium_site,5.56,3.0309,7.6017,4.307,15.51,20.52,v_stop
10.0,-5.0,moderate,0.45,max_gross,165500.0,nominal,0.45,high_max,11.11,3.0357,25.3294,4.307,15.51,20.52,v_stop
10.0,-5.0,moderate,0.45,max_gross,165500.0,high_human,1.2,low,3.0,3.0298,5.0852,2.9609,10.66,20.52,v_stop
10.0,-5.0,moderate,0.45,max_gross,165500.0,high_human,1.2,medium_site,5.56,3.0309,11.7717,2.9609,10.66,20.52,v_stop
10.0,-5.0,moderate,0.45,max_gross,165500.0,high_human,1.2,high_max,11.11,3.0357,33.6619,2.9609,10.66,20.52,v_stop
10.0,-5.0,wet,0.35,empty,74000.0,low,0.3,low,3.0,3.1363,2.3348,4.7372,17.05,20.52,v_stop
10.0,-5.0,wet,0.35,empty,74000.0,low,0.3,medium_site,5.56,3.1389,6.5923,4.7372,17.05,20.52,v_stop
10.0,-5.0,wet,0.35,empty,74000.0,low,0.3,high_max,11.11,3.1496,22.928,4.7372,17.05,20.52,v_stop
10.0,-5.0,wet,0.35,empty,74000.0,nominal,0.45,low,3.0,3.1363,2.7848,4.3635,15.71,20.52,v_stop
10.0,-5.0,wet,0.35,empty,74000.0,nominal,0.45,medium_site,5.56,3.1389,7.4263,4.3635,15.71,20.52,v_stop
10.0,-5.0,wet,0.35,empty,74000.0,nominal,0.45,high_max,11.11,3.1496,24.5945,4.3635,15.71,20.52,v_stop
10.0,-5.0,wet,0.35,empty,74000.0,high_human,1.2,low,3.0,3.1363,5.0348,2.9836,10.74,20.52,v_stop
10.0,-5.0,wet,0.35,empty,74000.0,high_human,1.2,medium_site,5.56,3.1389,11.5963,2.9836,10.74,20.52,v_stop
10.0,-5.0,wet,0.35,empty,74000.0,high_human,1.2,high_max,11.11,3.1496,32.927,2.9836,10.74,20.52,v_stop
10.0,-5.0,wet,0.35,medium,119750.0,low,0.3,low,3.0,3.1359,2.335,4.7372,17.05,20.52,v_stop
10.0,-5.0,wet,0.35,medium,119750.0,low,0.3,medium_site,5.56,3.1375,6.5945,4.7372,17.05,20.52,v_stop
10.0,-5.0,wet,0.35,medium,119750.0,low,0.3,high_max,11.11,3.1441,22.962,4.7372,17.05,20.52,v_stop
10.0,-5.0,wet,0.35,medium,119750.0,nominal,0.45,low,3.0,3.1359,2.785,4.3635,15.71,20.52,v_stop
10.0,-5.0,wet,0.35,medium,119750.0,nominal,0.45,medium_site,5.56,3.1375,7.4285,4.3635,15.71,20.52,v_stop
10.0,-5.0,wet,0.35,medium,119750.0,nominal,0.45,high_max,11.11,3.1441,24.6285,4.3635,15.71,20.52,v_stop
10.0,-5.0,wet,0.35,medium,119750.0,high_human,1.2,low,3.0,3.1359,5.035,2.9836,10.74,20.52,v_stop
10.0,-5.0,wet,0.35,medium,119750.0,high_human,1.2,medium_site,5.56,3.1375,11.5985,2.9836,10.74,20.52,v_stop
10.0,-5.0,wet,0.35,medium,119750.0,high_human,1.2,high_max,11.11,3.1441,32.961,2.9836,10.74,20.52,v_stop
10.0,-5.0,wet,0.35,max_gross,165500.0,low,0.3,low,3.0,3.0298,2.3852,4.6697,16.81,20.52,v_stop
10.0,-5.0,wet,0.35,max_gross,165500.0,low,0.3,medium_site,5.56,3.0309,6.7677,4.6697,16.81,20.52,v_stop
10.0,-5.0,wet,0.35,max_gross,165500.0,low,0.3,high_max,11.11,3.0357,23.6629,4.6697,16.81,20.52,v_stop
10.0,-5.0,wet,0.35,max_gross,165500.0,nominal,0.45,low,3.0,3.0298,2.8352,4.307,15.51,20.52,v_stop
10.0,-5.0,wet,0.35,max_gross,165500.0,nominal,0.45,medium_site,5.56,3.0309,7.6017,4.307,15.51,20.52,v_stop
10.0,-5.0,wet,0.35,max_gross,165500.0,nominal,0.45,high_max,11.11,3.0357,25.3294,4.307,15.51,20.52,v_stop
10.0,-5.0,wet,0.35,max_gross,165500.0,high_human,1.2,low,3.0,3.0298,5.0852,2.9609,10.66,20.52,v_stop
10.0,-5.0,wet,0.35,max_gross,165500.0,high_human,1.2,medium_site,5.56,3.0309,11.7717,2.9609,10.66,20.52,v_stop
10.0,-5.0,wet,0.35,max_gross,165500.0,high_human,1.2,high_max,11.11,3.0357,33.6619,2.9609,10.66,20.52,v_stop
10.0,-5.0,low_friction,0.2,empty,74000.0,low,0.3,low,3.0,1.6667,3.6,3.612,13.0,20.52,v_stop
10.0,-5.0,low_friction,0.2,empty,74000.0,low,0.3,medium_site,5.56,1.6692,10.928,3.612,13.0,20.52,v_stop
10.0,-5.0,low_friction,0.2,empty,74000.0,low,0.3,high_max,11.11,1.6799,40.0704,3.612,13.0,20.52,v_stop
10.0,-5.0,low_friction,0.2,empty,74000.0,nominal,0.45,low,3.0,1.6667,4.05,3.3999,12.24,20.52,v_stop
10.0,-5.0,low_friction,0.2,empty,74000.0,nominal,0.45,medium_site,5.56,1.6692,11.762,3.3999,12.24,20.52,v_stop
10.0,-5.0,low_friction,0.2,empty,74000.0,nominal,0.45,high_max,11.11,1.6799,41.7369,3.3999,12.24,20.52,v_stop
10.0,-5.0,low_friction,0.2,empty,74000.0,high_human,1.2,low,3.0,1.6667,6.3,2.5456,9.16,20.52,v_stop
10.0,-5.0,low_friction,0.2,empty,74000.0,high_human,1.2,medium_site,5.56,1.6692,15.932,2.5456,9.16,20.52,v_stop
10.0,-5.0,low_friction,0.2,empty,74000.0,high_human,1.2,high_max,11.11,1.6799,50.0694,2.5456,9.16,20.52,v_stop
10.0,-5.0,low_friction,0.2,medium,119750.0,low,0.3,low,3.0,1.6663,3.6007,3.612,13.0,20.52,v_stop
10.0,-5.0,low_friction,0.2,medium,119750.0,low,0.3,medium_site,5.56,1.6678,10.9356,3.612,13.0,20.52,v_stop
10.0,-5.0,low_friction,0.2,medium,119750.0,low,0.3,high_max,11.11,1.6745,40.1903,3.612,13.0,20.52,v_stop
10.0,-5.0,low_friction,0.2,medium,119750.0,nominal,0.45,low,3.0,1.6663,4.0507,3.3999,12.24,20.52,v_stop
10.0,-5.0,low_friction,0.2,medium,119750.0,nominal,0.45,medium_site,5.56,1.6678,11.7696,3.3999,12.24,20.52,v_stop
10.0,-5.0,low_friction,0.2,medium,119750.0,nominal,0.45,high_max,11.11,1.6745,41.8568,3.3999,12.24,20.52,v_stop
10.0,-5.0,low_friction,0.2,medium,119750.0,high_human,1.2,low,3.0,1.6663,6.3007,2.5456,9.16,20.52,v_stop
10.0,-5.0,low_friction,0.2,medium,119750.0,high_human,1.2,medium_site,5.56,1.6678,15.9396,2.5456,9.16,20.52,v_stop
10.0,-5.0,low_friction,0.2,medium,119750.0,high_human,1.2,high_max,11.11,1.6745,50.1893,2.5456,9.16,20.52,v_stop
10.0,-5.0,low_friction,0.2,max_gross,165500.0,low,0.3,low,3.0,1.6661,3.6009,3.612,13.0,20.52,v_stop
10.0,-5.0,low_friction,0.2,max_gross,165500.0,low,0.3,medium_site,5.56,1.6672,10.939,3.612,13.0,20.52,v_stop
10.0,-5.0,low_friction,0.2,max_gross,165500.0,low,0.3,high_max,11.11,1.672,40.2442,3.612,13.0,20.52,v_stop
10.0,-5.0,low_friction,0.2,max_gross,165500.0,nominal,0.45,low,3.0,1.6661,4.0509,3.3999,12.24,20.52,v_stop
10.0,-5.0,low_friction,0.2,max_gross,165500.0,nominal,0.45,medium_site,5.56,1.6672,11.773,3.3999,12.24,20.52,v_stop
10.0,-5.0,low_friction,0.2,max_gross,165500.0,nominal,0.45,high_max,11.11,1.672,41.9107,3.3999,12.24,20.52,v_stop
10.0,-5.0,low_friction,0.2,max_gross,165500.0,high_human,1.2,low,3.0,1.6661,6.3009,2.5456,9.16,20.52,v_stop
10.0,-5.0,low_friction,0.2,max_gross,165500.0,high_human,1.2,medium_site,5.56,1.6672,15.943,2.5456,9.16,20.52,v_stop
10.0,-5.0,low_friction,0.2,max_gross,165500.0,high_human,1.2,high_max,11.11,1.672,50.2432,2.5456,9.16,20.52,v_stop
10.0,-8.0,dry_high,0.65,empty,74000.0,low,0.3,low,3.0,5.7705,1.6798,5.5556,20.0,19.8615,v_mine
10.0,-8.0,dry_high,0.65,empty,74000.0,low,0.3,medium_site,5.56,5.773,4.3454,5.5556,20.0,19.8615,v_mine
10.0,-8.0,dry_high,0.65,empty,74000.0,low,0.3,high_max,11.11,5.7838,14.0036,5.5556,20.0,19.8615,v_mine
10.0,-8.0,dry_high,0.65,empty,74000.0,nominal,0.45,low,3.0,5.7705,2.1298,5.4309,19.55,20.52,v_stop
10.0,-8.0,dry_high,0.65,empty,74000.0,nominal,0.45,medium_site,5.56,5.773,5.1794,5.4309,19.55,20.52,v_stop
10.0,-8.0,dry_high,0.65,empty,74000.0,nominal,0.45,high_max,11.11,5.7838,15.6701,5.4309,19.55,20.52,v_stop
10.0,-8.0,dry_high,0.65,empty,74000.0,high_human,1.2,low,3.0,5.7705,4.3798,3.3542,12.08,20.52,v_stop
10.0,-8.0,dry_high,0.65,empty,74000.0,high_human,1.2,medium_site,5.56,5.773,9.3494,3.3542,12.08,20.52,v_stop
10.0,-8.0,dry_high,0.65,empty,74000.0,high_human,1.2,high_max,11.11,5.7838,24.0026,3.3542,12.08,20.52,v_stop
10.0,-8.0,dry_high,0.65,medium,119750.0,low,0.3,low,3.0,4.0068,2.0231,5.2407,18.87,20.52,v_stop
10.0,-8.0,dry_high,0.65,medium,119750.0,low,0.3,medium_site,5.56,4.0084,5.5241,5.2407,18.87,20.52,v_stop
10.0,-8.0,dry_high,0.65,medium,119750.0,low,0.3,high_max,11.11,4.015,18.7043,5.2407,18.87,20.52,v_stop
10.0,-8.0,dry_high,0.65,medium,119750.0,nominal,0.45,low,3.0,4.0068,2.4731,4.7784,17.2,20.52,v_stop
10.0,-8.0,dry_high,0.65,medium,119750.0,nominal,0.45,medium_site,5.56,4.0084,6.3581,4.7784,17.2,20.52,v_stop
10.0,-8.0,dry_high,0.65,medium,119750.0,nominal,0.45,high_max,11.11,4.015,20.3708,4.7784,17.2,20.52,v_stop
10.0,-8.0,dry_high,0.65,medium,119750.0,high_human,1.2,low,3.0,4.0068,4.7231,3.1407,11.31,20.52,v_stop
10.0,-8.0,dry_high,0.65,medium,119750.0,high_human,1.2,medium_site,5.56,4.0084,10.5281,3.1407,11.31,20.52,v_stop
10.0,-8.0,dry_high,0.65,medium,119750.0,high_human,1.2,high_max,11.11,4.015,28.7033,3.1407,11.31,20.52,v_stop
10.0,-8.0,dry_high,0.65,max_gross,165500.0,low,0.3,low,3.0,2.737,2.5441,4.4743,16.11,20.52,v_stop
10.0,-8.0,dry_high,0.65,max_gross,165500.0,low,0.3,medium_site,5.56,2.7381,7.313,4.4743,16.11,20.52,v_stop
10.0,-8.0,dry_high,0.65,max_gross,165500.0,low,0.3,high_max,11.11,2.7429,25.833,4.4743,16.11,20.52,v_stop
10.0,-8.0,dry_high,0.65,max_gross,165500.0,nominal,0.45,low,3.0,2.737,2.9941,4.1427,14.91,20.52,v_stop
10.0,-8.0,dry_high,0.65,max_gross,165500.0,nominal,0.45,medium_site,5.56,2.7381,8.147,4.1427,14.91,20.52,v_stop
10.0,-8.0,dry_high,0.65,max_gross,165500.0,nominal,0.45,high_max,11.11,2.7429,27.4995,4.1427,14.91,20.52,v_stop
10.0,-8.0,dry_high,0.65,max_gross,165500.0,high_human,1.2,low,3.0,2.737,5.2441,2.8926,10.41,20.52,v_stop
10.0,-8.0,dry_high,0.65,max_gross,165500.0,high_human,1.2,medium_site,5.56,2.7381,12.317,2.8926,10.41,20.52,v_stop
10.0,-8.0,dry_high,0.65,max_gross,165500.0,high_human,1.2,high_max,11.11,2.7429,35.832,2.8926,10.41,20.52,v_stop
10.0,-8.0,moderate,0.45,empty,74000.0,low,0.3,low,3.0,3.8148,2.0796,5.1365,18.49,20.52,v_stop
10.0,-8.0,moderate,0.45,empty,74000.0,low,0.3,medium_site,5.56,3.8173,5.7171,5.1365,18.49,20.52,v_stop
10.0,-8.0,moderate,0.45,empty,74000.0,low,0.3,high_max,11.11,3.828,19.4552,5.1365,18.49,20.52,v_stop
10.0,-8.0,moderate,0.45,empty,74000.0,nominal,0.45,low,3.0,3.8148,2.5296,4.6934,16.9,20.52,v_stop
10.0,-8.0,moderate,0.45,empty,74000.0,nominal,0.45,medium_site,5.56,3.8173,6.5511,4.6934,16.9,20.52,v_stop
10.0,-8.0,moderate,0.45,empty,74000.0,nominal,0.45,high_max,11.11,3.828,21.1217,4.6934,16.9,20.52,v_stop
10.0,-8.0,moderate,0.45,empty,74000.0,high_human,1.2,low,3.0,3.8148,4.7796,3.11,11.2,20.52,v_stop
10.0,-8.0,moderate,0.45,empty,74000.0,high_human,1.2,medium_site,5.56,3.8173,10.7211,3.11,11.2,20.52,v_stop
10.0,-8.0,moderate,0.45,empty,74000.0,high_human,1.2,high_max,11.11,3.828,29.4542,3.11,11.2,20.52,v_stop
10.0,-8.0,moderate,0.45,medium,119750.0,low,0.3,low,3.0,3.8144,2.0798,5.1365,18.49,20.52,v_stop
10.0,-8.0,moderate,0.45,medium,119750.0,low,0.3,medium_site,5.56,3.8159,5.7186,5.1365,18.49,20.52,v_stop
10.0,-8.0,moderate,0.45,medium,119750.0,low,0.3,high_max,11.11,3.8226,19.4782,5.1365,18.49,20.52,v_stop
10.0,-8.0,moderate,0.45,medium,119750.0,nominal,0.45,low,3.0,3.8144,2.5298,4.6934,16.9,20.52,v_stop
10.0,-8.0,moderate,0.45,medium,119750.0,nominal,0.45,medium_site,5.56,3.8159,6.5526,4.6934,16.9,20.52,v_stop
10.0,-8.0,moderate,0.45,medium,119750.0,nominal,0.45,high_max,11.11,3.8226,21.1447,4.6934,16.9,20.52,v_stop
10.0,-8.0,moderate,0.45,medium,119750.0,high_human,1.2,low,3.0,3.8144,4.7798,3.11,11.2,20.52,v_stop
10.0,-8.0,moderate,0.45,medium,119750.0,high_human,1.2,medium_site,5.56,3.8159,10.7226,3.11,11.2,20.52,v_stop
10.0,-8.0,moderate,0.45,medium,119750.0,high_human,1.2,high_max,11.11,3.8226,29.4772,3.11,11.2,20.52,v_stop
10.0,-8.0,moderate,0.45,max_gross,165500.0,low,0.3,low,3.0,2.737,2.5441,4.4743,16.11,20.52,v_stop
10.0,-8.0,moderate,0.45,max_gross,165500.0,low,0.3,medium_site,5.56,2.7381,7.313,4.4743,16.11,20.52,v_stop
10.0,-8.0,moderate,0.45,max_gross,165500.0,low,0.3,high_max,11.11,2.7429,25.833,4.4743,16.11,20.52,v_stop
10.0,-8.0,moderate,0.45,max_gross,165500.0,nominal,0.45,low,3.0,2.737,2.9941,4.1427,14.91,20.52,v_stop
10.0,-8.0,moderate,0.45,max_gross,165500.0,nominal,0.45,medium_site,5.56,2.7381,8.147,4.1427,14.91,20.52,v_stop
10.0,-8.0,moderate,0.45,max_gross,165500.0,nominal,0.45,high_max,11.11,2.7429,27.4995,4.1427,14.91,20.52,v_stop
10.0,-8.0,moderate,0.45,max_gross,165500.0,high_human,1.2,low,3.0,2.737,5.2441,2.8926,10.41,20.52,v_stop
10.0,-8.0,moderate,0.45,max_gross,165500.0,high_human,1.2,medium_site,5.56,2.7381,12.317,2.8926,10.41,20.52,v_stop
10.0,-8.0,moderate,0.45,max_gross,165500.0,high_human,1.2,high_max,11.11,2.7429,35.832,2.8926,10.41,20.52,v_stop
10.0,-8.0,wet,0.35,empty,74000.0,low,0.3,low,3.0,2.8369,2.4862,4.542,16.35,20.52,v_stop
10.0,-8.0,wet,0.35,empty,74000.0,low,0.3,medium_site,5.56,2.8394,7.1116,4.542,16.35,20.52,v_stop
10.0,-8.0,wet,0.35,empty,74000.0,low,0.3,high_max,11.11,2.8501,24.9867,4.542,16.35,20.52,v_stop
10.0,-8.0,wet,0.35,empty,74000.0,nominal,0.45,low,3.0,2.8369,2.9362,4.1999,15.12,20.52,v_stop
10.0,-8.0,wet,0.35,empty,74000.0,nominal,0.45,medium_site,5.56,2.8394,7.9456,4.1999,15.12,20.52,v_stop
10.0,-8.0,wet,0.35,empty,74000.0,nominal,0.45,high_max,11.11,2.8501,26.6532,4.1999,15.12,20.52,v_stop
10.0,-8.0,wet,0.35,empty,74000.0,high_human,1.2,low,3.0,2.8369,5.1862,2.9167,10.5,20.52,v_stop
10.0,-8.0,wet,0.35,empty,74000.0,high_human,1.2,medium_site,5.56,2.8394,12.1156,2.9167,10.5,20.52,v_stop
10.0,-8.0,wet,0.35,empty,74000.0,high_human,1.2,high_max,11.11,2.8501,34.9857,2.9167,10.5,20.52,v_stop
10.0,-8.0,wet,0.35,medium,119750.0,low,0.3,low,3.0,2.8365,2.4865,4.542,16.35,20.52,v_stop
10.0,-8.0,wet,0.35,medium,119750.0,low,0.3,medium_site,5.56,2.8381,7.1143,4.542,16.35,20.52,v_stop
10.0,-8.0,wet,0.35,medium,119750.0,low,0.3,high_max,11.11,2.8447,25.0283,4.542,16.35,20.52,v_stop
10.0,-8.0,wet,0.35,medium,119750.0,nominal,0.45,low,3.0,2.8365,2.9365,4.1999,15.12,20.52,v_stop
10.0,-8.0,wet,0.35,medium,119750.0,nominal,0.45,medium_site,5.56,2.8381,7.9483,4.1999,15.12,20.52,v_stop
10.0,-8.0,wet,0.35,medium,119750.0,nominal,0.45,high_max,11.11,2.8447,26.6948,4.1999,15.12,20.52,v_stop
10.0,-8.0,wet,0.35,medium,119750.0,high_human,1.2,low,3.0,2.8365,5.1865,2.9167,10.5,20.52,v_stop
10.0,-8.0,wet,0.35,medium,119750.0,high_human,1.2,medium_site,5.56,2.8381,12.1183,2.9167,10.5,20.52,v_stop
10.0,-8.0,wet,0.35,medium,119750.0,high_human,1.2,high_max,11.11,2.8447,35.0273,2.9167,10.5,20.52,v_stop
10.0,-8.0,wet,0.35,max_gross,165500.0,low,0.3,low,3.0,2.737,2.5441,4.4743,16.11,20.52,v_stop
10.0,-8.0,wet,0.35,max_gross,165500.0,low,0.3,medium_site,5.56,2.7381,7.313,4.4743,16.11,20.52,v_stop
10.0,-8.0,wet,0.35,max_gross,165500.0,low,0.3,high_max,11.11,2.7429,25.833,4.4743,16.11,20.52,v_stop
10.0,-8.0,wet,0.35,max_gross,165500.0,nominal,0.45,low,3.0,2.737,2.9941,4.1427,14.91,20.52,v_stop
10.0,-8.0,wet,0.35,max_gross,165500.0,nominal,0.45,medium_site,5.56,2.7381,8.147,4.1427,14.91,20.52,v_stop
10.0,-8.0,wet,0.35,max_gross,165500.0,nominal,0.45,high_max,11.11,2.7429,27.4995,4.1427,14.91,20.52,v_stop
10.0,-8.0,wet,0.35,max_gross,165500.0,high_human,1.2,low,3.0,2.737,5.2441,2.8926,10.41,20.52,v_stop
10.0,-8.0,wet,0.35,max_gross,165500.0,high_human,1.2,medium_site,5.56,2.7381,12.317,2.8926,10.41,20.52,v_stop
10.0,-8.0,wet,0.35,max_gross,165500.0,high_human,1.2,high_max,11.11,2.7429,35.832,2.8926,10.41,20.52,v_stop
10.0,-8.0,low_friction,0.2,empty,74000.0,low,0.3,low,3.0,1.3701,4.1845,3.3121,11.92,20.52,v_stop
10.0,-8.0,low_friction,0.2,empty,74000.0,low,0.3,medium_site,5.56,1.3726,12.9289,3.3121,11.92,20.52,v_stop
10.0,-8.0,low_friction,0.2,empty,74000.0,low,0.3,high_max,11.11,1.3833,47.9471,3.3121,11.92,20.52,v_stop
10.0,-8.0,low_friction,0.2,empty,74000.0,nominal,0.45,low,3.0,1.3701,4.6345,3.1349,11.29,20.52,v_stop
10.0,-8.0,low_friction,0.2,empty,74000.0,nominal,0.45,medium_site,5.56,1.3726,13.7629,3.1349,11.29,20.52,v_stop
10.0,-8.0,low_friction,0.2,empty,74000.0,nominal,0.45,high_max,11.11,1.3833,49.6136,3.1349,11.29,20.52,v_stop
10.0,-8.0,low_friction,0.2,empty,74000.0,high_human,1.2,low,3.0,1.3701,6.8845,2.4055,8.66,20.52,v_stop
10.0,-8.0,low_friction,0.2,empty,74000.0,high_human,1.2,medium_site,5.56,1.3726,17.9329,2.4055,8.66,20.52,v_stop
10.0,-8.0,low_friction,0.2,empty,74000.0,high_human,1.2,high_max,11.11,1.3833,57.9461,2.4055,8.66,20.52,v_stop
10.0,-8.0,low_friction,0.2,medium,119750.0,low,0.3,low,3.0,1.3697,4.1855,3.3121,11.92,20.52,v_stop
10.0,-8.0,low_friction,0.2,medium,119750.0,low,0.3,medium_site,5.56,1.3712,12.9401,3.3121,11.92,20.52,v_stop
10.0,-8.0,low_friction,0.2,medium,119750.0,low,0.3,high_max,11.11,1.3779,48.1241,3.3121,11.92,20.52,v_stop
10.0,-8.0,low_friction,0.2,medium,119750.0,nominal,0.45,low,3.0,1.3697,4.6355,3.1349,11.29,20.52,v_stop
10.0,-8.0,low_friction,0.2,medium,119750.0,nominal,0.45,medium_site,5.56,1.3712,13.7741,3.1349,11.29,20.52,v_stop
10.0,-8.0,low_friction,0.2,medium,119750.0,nominal,0.45,high_max,11.11,1.3779,49.7906,3.1349,11.29,20.52,v_stop
10.0,-8.0,low_friction,0.2,medium,119750.0,high_human,1.2,low,3.0,1.3697,6.8855,2.4055,8.66,20.52,v_stop
10.0,-8.0,low_friction,0.2,medium,119750.0,high_human,1.2,medium_site,5.56,1.3712,17.9441,2.4055,8.66,20.52,v_stop
10.0,-8.0,low_friction,0.2,medium,119750.0,high_human,1.2,high_max,11.11,1.3779,58.1231,2.4055,8.66,20.52,v_stop
10.0,-8.0,low_friction,0.2,max_gross,165500.0,low,0.3,low,3.0,1.3695,4.1859,3.3121,11.92,20.52,v_stop
10.0,-8.0,low_friction,0.2,max_gross,165500.0,low,0.3,medium_site,5.56,1.3706,12.9452,3.3121,11.92,20.52,v_stop
10.0,-8.0,low_friction,0.2,max_gross,165500.0,low,0.3,high_max,11.11,1.3754,48.2036,3.3121,11.92,20.52,v_stop
10.0,-8.0,low_friction,0.2,max_gross,165500.0,nominal,0.45,low,3.0,1.3695,4.6359,3.1349,11.29,20.52,v_stop
10.0,-8.0,low_friction,0.2,max_gross,165500.0,nominal,0.45,medium_site,5.56,1.3706,13.7792,3.1349,11.29,20.52,v_stop
10.0,-8.0,low_friction,0.2,max_gross,165500.0,nominal,0.45,high_max,11.11,1.3754,49.8701,3.1349,11.29,20.52,v_stop
10.0,-8.0,low_friction,0.2,max_gross,165500.0,high_human,1.2,low,3.0,1.3695,6.8859,2.4055,8.66,20.52,v_stop
10.0,-8.0,low_friction,0.2,max_gross,165500.0,high_human,1.2,medium_site,5.56,1.3706,17.9492,2.4055,8.66,20.52,v_stop
10.0,-8.0,low_friction,0.2,max_gross,165500.0,high_human,1.2,high_max,11.11,1.3754,58.2026,2.4055,8.66,20.52,v_stop
8.0,8.0,dry_high,0.65,empty,74000.0,low,0.3,low,3.0,7.3351,1.5135,4.7887,17.24,18.52,v_stop
8.0,8.0,dry_high,0.65,empty,74000.0,low,0.3,medium_site,5.56,7.3377,3.7745,4.7887,17.24,18.52,v_stop
8.0,8.0,dry_high,0.65,empty,74000.0,low,0.3,high_max,11.11,7.3484,11.7316,4.7887,17.24,18.52,v_stop
8.0,8.0,dry_high,0.65,empty,74000.0,nominal,0.45,low,3.0,7.3351,1.9635,4.1089,14.79,18.52,v_stop
8.0,8.0,dry_high,0.65,empty,74000.0,nominal,0.45,medium_site,5.56,7.3377,4.6085,4.1089,14.79,18.52,v_stop
8.0,8.0,dry_high,0.65,empty,74000.0,nominal,0.45,high_max,11.11,7.3484,13.3981,4.1089,14.79,18.52,v_stop
8.0,8.0,dry_high,0.65,empty,74000.0,high_human,1.2,low,3.0,7.3351,4.2135,2.22,7.99,18.52,v_stop
8.0,8.0,dry_high,0.65,empty,74000.0,high_human,1.2,medium_site,5.56,7.3377,8.7785,2.22,7.99,18.52,v_stop
8.0,8.0,dry_high,0.65,empty,74000.0,high_human,1.2,high_max,11.11,7.3484,21.7306,2.22,7.99,18.52,v_stop
8.0,8.0,dry_high,0.65,medium,119750.0,low,0.3,low,3.0,5.5714,1.7077,4.3469,15.65,18.52,v_stop
8.0,8.0,dry_high,0.65,medium,119750.0,low,0.3,medium_site,5.56,5.573,4.4415,4.3469,15.65,18.52,v_stop
8.0,8.0,dry_high,0.65,medium,119750.0,low,0.3,high_max,11.11,5.5796,14.394,4.3469,15.65,18.52,v_stop
8.0,8.0,dry_high,0.65,medium,119750.0,nominal,0.45,low,3.0,5.5714,2.1577,3.7947,13.66,18.52,v_stop
8.0,8.0,dry_high,0.65,medium,119750.0,nominal,0.45,medium_site,5.56,5.573,5.2755,3.7947,13.66,18.52,v_stop
8.0,8.0,dry_high,0.65,medium,119750.0,nominal,0.45,high_max,11.11,5.5796,16.0605,3.7947,13.66,18.52,v_stop
8.0,8.0,dry_high,0.65,medium,119750.0,high_human,1.2,low,3.0,5.5714,4.4077,2.1532,7.75,18.52,v_stop
8.0,8.0,dry_high,0.65,medium,119750.0,high_human,1.2,medium_site,5.56,5.573,9.4455,2.1532,7.75,18.52,v_stop
8.0,8.0,dry_high,0.65,medium,119750.0,high_human,1.2,high_max,11.11,5.5796,24.393,2.1532,7.75,18.52,v_stop
8.0,8.0,dry_high,0.65,max_gross,165500.0,low,0.3,low,3.0,4.3016,1.9461,3.951,14.22,18.52,v_stop
8.0,8.0,dry_high,0.65,max_gross,165500.0,low,0.3,medium_site,5.56,4.3027,5.2603,3.951,14.22,18.52,v_stop
8.0,8.0,dry_high,0.65,max_gross,165500.0,low,0.3,high_max,11.11,4.3075,17.6605,3.951,14.22,18.52,v_stop
8.0,8.0,dry_high,0.65,max_gross,165500.0,nominal,0.45,low,3.0,4.3016,2.3961,3.5008,12.6,18.52,v_stop
8.0,8.0,dry_high,0.65,max_gross,165500.0,nominal,0.45,medium_site,5.56,4.3027,6.0943,3.5008,12.6,18.52,v_stop
8.0,8.0,dry_high,0.65,max_gross,165500.0,nominal,0.45,high_max,11.11,4.3075,19.327,3.5008,12.6,18.52,v_stop
8.0,8.0,dry_high,0.65,max_gross,165500.0,high_human,1.2,low,3.0,4.3016,4.6461,2.0806,7.49,18.52,v_stop
8.0,8.0,dry_high,0.65,max_gross,165500.0,high_human,1.2,medium_site,5.56,4.3027,10.2643,2.0806,7.49,18.52,v_stop
8.0,8.0,dry_high,0.65,max_gross,165500.0,high_human,1.2,high_max,11.11,4.3075,27.6595,2.0806,7.49,18.52,v_stop
8.0,8.0,moderate,0.45,empty,74000.0,low,0.3,low,3.0,5.3794,1.7365,4.2919,15.45,18.52,v_stop
8.0,8.0,moderate,0.45,empty,74000.0,low,0.3,medium_site,5.56,5.3819,4.54,4.2919,15.45,18.52,v_stop
8.0,8.0,moderate,0.45,empty,74000.0,low,0.3,high_max,11.11,5.3926,14.7775,4.2919,15.45,18.52,v_stop
8.0,8.0,moderate,0.45,empty,74000.0,nominal,0.45,low,3.0,5.3794,2.1865,3.7545,13.52,18.52,v_stop
8.0,8.0,moderate,0.45,empty,74000.0,nominal,0.45,medium_site,5.56,5.3819,5.374,3.7545,13.52,18.52,v_stop
8.0,8.0,moderate,0.45,empty,74000.0,nominal,0.45,high_max,11.11,5.3926,16.444,3.7545,13.52,18.52,v_stop
8.0,8.0,moderate,0.45,empty,74000.0,high_human,1.2,low,3.0,5.3794,4.4365,2.1439,7.72,18.52,v_stop
8.0,8.0,moderate,0.45,empty,74000.0,high_human,1.2,medium_site,5.56,5.3819,9.544,2.1439,7.72,18.52,v_stop
8.0,8.0,moderate,0.45,empty,74000.0,high_human,1.2,high_max,11.11,5.3926,24.7765,2.1439,7.72,18.52,v_stop
8.0,8.0,moderate,0.45,medium,119750.0,low,0.3,low,3.0,5.379,1.7366,4.2919,15.45,18.52,v_stop
8.0,8.0,moderate,0.45,medium,119750.0,low,0.3,medium_site,5.56,5.3805,4.5407,4.2919,15.45,18.52,v_stop
8.0,8.0,moderate,0.45,medium,119750.0,low,0.3,high_max,11.11,5.3872,14.7891,4.2919,15.45,18.52,v_stop
8.0,8.0,moderate,0.45,medium,119750.0,nominal,0.45,low,3.0,5.379,2.1866,3.7545,13.52,18.52,v_stop
8.0,8.0,moderate,0.45,medium,119750.0,nominal,0.45,medium_site,5.56,5.3805,5.3747,3.7545,13.52,18.52,v_stop
8.0,8.0,moderate,0.45,medium,119750.0,nominal,0.45,high_max,11.11,5.3872,16.4556,3.7545,13.52,18.52,v_stop
8.0,8.0,moderate,0.45,medium,119750.0,high_human,1.2,low,3.0,5.379,4.4366,2.1439,7.72,18.52,v_stop
8.0,8.0,moderate,0.45,medium,119750.0,high_human,1.2,medium_site,5.56,5.3805,9.5447,2.1439,7.72,18.52,v_stop
8.0,8.0,moderate,0.45,medium,119750.0,high_human,1.2,high_max,11.11,5.3872,24.7881,2.1439,7.72,18.52,v_stop
8.0,8.0,moderate,0.45,max_gross,165500.0,low,0.3,low,3.0,4.3016,1.9461,3.951,14.22,18.52,v_stop
8.0,8.0,moderate,0.45,max_gross,165500.0,low,0.3,medium_site,5.56,4.3027,5.2603,3.951,14.22,18.52,v_stop
8.0,8.0,moderate,0.45,max_gross,165500.0,low,0.3,high_max,11.11,4.3075,17.6605,3.951,14.22,18.52,v_stop
8.0,8.0,moderate,0.45,max_gross,165500.0,nominal,0.45,low,3.0,4.3016,2.3961,3.5008,12.6,18.52,v_stop
8.0,8.0,moderate,0.45,max_gross,165500.0,nominal,0.45,medium_site,5.56,4.3027,6.0943,3.5008,12.6,18.52,v_stop
8.0,8.0,moderate,0.45,max_gross,165500.0,nominal,0.45,high_max,11.11,4.3075,19.327,3.5008,12.6,18.52,v_stop
8.0,8.0,moderate,0.45,max_gross,165500.0,high_human,1.2,low,3.0,4.3016,4.6461,2.0806,7.49,18.52,v_stop
8.0,8.0,moderate,0.45,max_gross,165500.0,high_human,1.2,medium_site,5.56,4.3027,10.2643,2.0806,7.49,18.52,v_stop
8.0,8.0,moderate,0.45,max_gross,165500.0,high_human,1.2,high_max,11.11,4.3075,27.6595,2.0806,7.49,18.52,v_stop
8.0,8.0,wet,0.35,empty,74000.0,low,0.3,low,3.0,4.4015,1.9224,3.9851,14.35,18.52,v_stop
8.0,8.0,wet,0.35,empty,74000.0,low,0.3,medium_site,5.56,4.404,5.1777,3.9851,14.35,18.52,v_stop
8.0,8.0,wet,0.35,empty,74000.0,low,0.3,high_max,11.11,4.4147,17.3125,3.9851,14.35,18.52,v_stop
8.0,8.0,wet,0.35,empty,74000.0,nominal,0.45,low,3.0,4.4015,2.3724,3.5265,12.7,18.52,v_stop
8.0,8.0,wet,0.35,empty,74000.0,nominal,0.45,medium_site,5.56,4.404,6.0117,3.5265,12.7,18.52,v_stop
8.0,8.0,wet,0.35,empty,74000.0,nominal,0.45,high_max,11.11,4.4147,18.979,3.5265,12.7,18.52,v_stop
8.0,8.0,wet,0.35,empty,74000.0,high_human,1.2,low,3.0,4.4015,4.6224,2.0874,7.51,18.52,v_stop
8.0,8.0,wet,0.35,empty,74000.0,high_human,1.2,medium_site,5.56,4.404,10.1817,2.0874,7.51,18.52,v_stop
8.0,8.0,wet,0.35,empty,74000.0,high_human,1.2,high_max,11.11,4.4147,27.3115,2.0874,7.51,18.52,v_stop
8.0,8.0,wet,0.35,medium,119750.0,low,0.3,low,3.0,4.4011,1.9225,3.9851,14.35,18.52,v_stop
8.0,8.0,wet,0.35,medium,119750.0,low,0.3,medium_site,5.56,4.4027,5.1788,3.9851,14.35,18.52,v_stop
8.0,8.0,wet,0.35,medium,119750.0,low,0.3,high_max,11.11,4.4093,17.3299,3.9851,14.35,18.52,v_stop
8.0,8.0,wet,0.35,medium,119750.0,nominal,0.45,low,3.0,4.4011,2.3725,3.5265,12.7,18.52,v_stop
8.0,8.0,wet,0.35,medium,119750.0,nominal,0.45,medium_site,5.56,4.4027,6.0128,3.5265,12.7,18.52,v_stop
8.0,8.0,wet,0.35,medium,119750.0,nominal,0.45,high_max,11.11,4.4093,18.9964,3.5265,12.7,18.52,v_stop
8.0,8.0,wet,0.35,medium,119750.0,high_human,1.2,low,3.0,4.4011,4.6225,2.0874,7.51,18.52,v_stop
8.0,8.0,wet,0.35,medium,119750.0,high_human,1.2,medium_site,5.56,4.4027,10.1828,2.0874,7.51,18.52,v_stop
8.0,8.0,wet,0.35,medium,119750.0,high_human,1.2,high_max,11.11,4.4093,27.3289,2.0874,7.51,18.52,v_stop
8.0,8.0,wet,0.35,max_gross,165500.0,low,0.3,low,3.0,4.3016,1.9461,3.951,14.22,18.52,v_stop
8.0,8.0,wet,0.35,max_gross,165500.0,low,0.3,medium_site,5.56,4.3027,5.2603,3.951,14.22,18.52,v_stop
8.0,8.0,wet,0.35,max_gross,165500.0,low,0.3,high_max,11.11,4.3075,17.6605,3.951,14.22,18.52,v_stop
8.0,8.0,wet,0.35,max_gross,165500.0,nominal,0.45,low,3.0,4.3016,2.3961,3.5008,12.6,18.52,v_stop
8.0,8.0,wet,0.35,max_gross,165500.0,nominal,0.45,medium_site,5.56,4.3027,6.0943,3.5008,12.6,18.52,v_stop
8.0,8.0,wet,0.35,max_gross,165500.0,nominal,0.45,high_max,11.11,4.3075,19.327,3.5008,12.6,18.52,v_stop
8.0,8.0,wet,0.35,max_gross,165500.0,high_human,1.2,low,3.0,4.3016,4.6461,2.0806,7.49,18.52,v_stop
8.0,8.0,wet,0.35,max_gross,165500.0,high_human,1.2,medium_site,5.56,4.3027,10.2643,2.0806,7.49,18.52,v_stop
8.0,8.0,wet,0.35,max_gross,165500.0,high_human,1.2,high_max,11.11,4.3075,27.6595,2.0806,7.49,18.52,v_stop
8.0,8.0,low_friction,0.2,empty,74000.0,low,0.3,low,3.0,2.9347,2.4334,3.4067,12.26,18.52,v_stop
8.0,8.0,low_friction,0.2,empty,74000.0,low,0.3,medium_site,5.56,2.9372,6.9304,3.4067,12.26,18.52,v_stop
8.0,8.0,low_friction,0.2,empty,74000.0,low,0.3,high_max,11.11,2.9479,24.2684,3.4067,12.26,18.52,v_stop
8.0,8.0,low_friction,0.2,empty,74000.0,nominal,0.45,low,3.0,2.9347,2.8834,3.0781,11.08,18.52,v_stop
8.0,8.0,low_friction,0.2,empty,74000.0,nominal,0.45,medium_site,5.56,2.9372,7.7644,3.0781,11.08,18.52,v_stop
8.0,8.0,low_friction,0.2,empty,74000.0,nominal,0.45,high_max,11.11,2.9479,25.9349,3.0781,11.08,18.52,v_stop
8.0,8.0,low_friction,0.2,empty,74000.0,high_human,1.2,low,3.0,2.9347,5.1334,1.9564,7.04,18.52,v_stop
8.0,8.0,low_friction,0.2,empty,74000.0,high_human,1.2,medium_site,5.56,2.9372,11.9344,1.9564,7.04,18.52,v_stop
8.0,8.0,low_friction,0.2,empty,74000.0,high_human,1.2,high_max,11.11,2.9479,34.2674,1.9564,7.04,18.52,v_stop
8.0,8.0,low_friction,0.2,medium,119750.0,low,0.3,low,3.0,2.9343,2.4336,3.4067,12.26,18.52,v_stop
8.0,8.0,low_friction,0.2,medium,119750.0,low,0.3,medium_site,5.56,2.9358,6.9329,3.4067,12.26,18.52,v_stop
8.0,8.0,low_friction,0.2,medium,119750.0,low,0.3,high_max,11.11,2.9425,24.3073,3.4067,12.26,18.52,v_stop
8.0,8.0,low_friction,0.2,medium,119750.0,nominal,0.45,low,3.0,2.9343,2.8836,3.0781,11.08,18.52,v_stop
8.0,8.0,low_friction,0.2,medium,119750.0,nominal,0.45,medium_site,5.56,2.9358,7.7669,3.0781,11.08,18.52,v_stop
8.0,8.0,low_friction,0.2,medium,119750.0,nominal,0.45,high_max,11.11,2.9425,25.9738,3.0781,11.08,18.52,v_stop
8.0,8.0,low_friction,0.2,medium,119750.0,high_human,1.2,low,3.0,2.9343,5.1336,1.9564,7.04,18.52,v_stop
8.0,8.0,low_friction,0.2,medium,119750.0,high_human,1.2,medium_site,5.56,2.9358,11.9369,1.9564,7.04,18.52,v_stop
8.0,8.0,low_friction,0.2,medium,119750.0,high_human,1.2,high_max,11.11,2.9425,34.3063,1.9564,7.04,18.52,v_stop
8.0,8.0,low_friction,0.2,max_gross,165500.0,low,0.3,low,3.0,2.9341,2.4337,3.4067,12.26,18.52,v_stop
8.0,8.0,low_friction,0.2,max_gross,165500.0,low,0.3,medium_site,5.56,2.9352,6.934,3.4067,12.26,18.52,v_stop
8.0,8.0,low_friction,0.2,max_gross,165500.0,low,0.3,high_max,11.11,2.94,24.3247,3.4067,12.26,18.52,v_stop
8.0,8.0,low_friction,0.2,max_gross,165500.0,nominal,0.45,low,3.0,2.9341,2.8837,3.0781,11.08,18.52,v_stop
8.0,8.0,low_friction,0.2,max_gross,165500.0,nominal,0.45,medium_site,5.56,2.9352,7.768,3.0781,11.08,18.52,v_stop
8.0,8.0,low_friction,0.2,max_gross,165500.0,nominal,0.45,high_max,11.11,2.94,25.9912,3.0781,11.08,18.52,v_stop
8.0,8.0,low_friction,0.2,max_gross,165500.0,high_human,1.2,low,3.0,2.9341,5.1337,1.9564,7.04,18.52,v_stop
8.0,8.0,low_friction,0.2,max_gross,165500.0,high_human,1.2,medium_site,5.56,2.9352,11.938,1.9564,7.04,18.52,v_stop
8.0,8.0,low_friction,0.2,max_gross,165500.0,high_human,1.2,high_max,11.11,2.94,34.3237,1.9564,7.04,18.52,v_stop
8.0,5.0,dry_high,0.65,empty,74000.0,low,0.3,low,3.0,7.0554,1.5378,4.7251,17.01,18.52,v_stop
8.0,5.0,dry_high,0.65,empty,74000.0,low,0.3,medium_site,5.56,7.058,3.858,4.7251,17.01,18.52,v_stop
8.0,5.0,dry_high,0.65,empty,74000.0,low,0.3,high_max,11.11,7.0687,12.0639,4.7251,17.01,18.52,v_stop
8.0,5.0,dry_high,0.65,empty,74000.0,nominal,0.45,low,3.0,7.0554,1.9878,4.0646,14.63,18.52,v_stop
8.0,5.0,dry_high,0.65,empty,74000.0,nominal,0.45,medium_site,5.56,7.058,4.692,4.0646,14.63,18.52,v_stop
8.0,5.0,dry_high,0.65,empty,74000.0,nominal,0.45,high_max,11.11,7.0687,13.7304,4.0646,14.63,18.52,v_stop
8.0,5.0,dry_high,0.65,empty,74000.0,high_human,1.2,low,3.0,7.0554,4.2378,2.2112,7.96,18.52,v_stop
8.0,5.0,dry_high,0.65,empty,74000.0,high_human,1.2,medium_site,5.56,7.058,8.862,2.2112,7.96,18.52,v_stop
8.0,5.0,dry_high,0.65,empty,74000.0,high_human,1.2,high_max,11.11,7.0687,22.0629,2.2112,7.96,18.52,v_stop
8.0,5.0,dry_high,0.65,medium,119750.0,low,0.3,low,3.0,5.2794,1.7524,4.2628,15.35,18.52,v_stop
8.0,5.0,dry_high,0.65,medium,119750.0,low,0.3,medium_site,5.56,5.281,4.5949,4.2628,15.35,18.52,v_stop
8.0,5.0,dry_high,0.65,medium,119750.0,low,0.3,high_max,11.11,5.2876,15.0049,4.2628,15.35,18.52,v_stop
8.0,5.0,dry_high,0.65,medium,119750.0,nominal,0.45,low,3.0,5.2794,2.2024,3.7332,13.44,18.52,v_stop
8.0,5.0,dry_high,0.65,medium,119750.0,nominal,0.45,medium_site,5.56,5.281,5.4289,3.7332,13.44,18.52,v_stop
8.0,5.0,dry_high,0.65,medium,119750.0,nominal,0.45,high_max,11.11,5.2876,16.6714,3.7332,13.44,18.52,v_stop
8.0,5.0,dry_high,0.65,medium,119750.0,high_human,1.2,low,3.0,5.2794,4.4524,2.1389,7.7,18.52,v_stop
8.0,5.0,dry_high,0.65,medium,119750.0,high_human,1.2,medium_site,5.56,5.281,9.5989,2.1389,7.7,18.52,v_stop
8.0,5.0,dry_high,0.65,medium,119750.0,high_human,1.2,high_max,11.11,5.2876,25.0039,2.1389,7.7,18.52,v_stop
8.0,5.0,dry_high,0.65,max_gross,165500.0,low,0.3,low,3.0,4.0096,2.0223,3.8471,13.85,18.52,v_stop
8.0,5.0,dry_high,0.65,max_gross,165500.0,low,0.3,medium_site,5.56,4.0107,5.5219,3.8471,13.85,18.52,v_stop
8.0,5.0,dry_high,0.65,max_gross,165500.0,low,0.3,high_max,11.11,4.0155,18.7025,3.8471,13.85,18.52,v_stop
8.0,5.0,dry_high,0.65,max_gross,165500.0,nominal,0.45,low,3.0,4.0096,2.4723,3.4217,12.32,18.52,v_stop
8.0,5.0,dry_high,0.65,max_gross,165500.0,nominal,0.45,medium_site,5.56,4.0107,6.3559,3.4217,12.32,18.52,v_stop
8.0,5.0,dry_high,0.65,max_gross,165500.0,nominal,0.45,high_max,11.11,4.0155,20.369,3.4217,12.32,18.52,v_stop
8.0,5.0,dry_high,0.65,max_gross,165500.0,high_human,1.2,low,3.0,4.0096,4.7223,2.0593,7.41,18.52,v_stop
8.0,5.0,dry_high,0.65,max_gross,165500.0,high_human,1.2,medium_site,5.56,4.0107,10.5259,2.0593,7.41,18.52,v_stop
8.0,5.0,dry_high,0.65,max_gross,165500.0,high_human,1.2,high_max,11.11,4.0155,28.7015,2.0593,7.41,18.52,v_stop
8.0,5.0,moderate,0.45,empty,74000.0,low,0.3,low,3.0,5.0959,1.7831,4.2079,15.15,18.52,v_stop
8.0,5.0,moderate,0.45,empty,74000.0,low,0.3,medium_site,5.56,5.0984,4.6997,4.2079,15.15,18.52,v_stop
8.0,5.0,moderate,0.45,empty,74000.0,low,0.3,high_max,11.11,5.1091,15.4125,4.2079,15.15,18.52,v_stop
8.0,5.0,moderate,0.45,empty,74000.0,nominal,0.45,low,3.0,5.0959,2.2331,3.6928,13.29,18.52,v_stop
8.0,5.0,moderate,0.45,empty,74000.0,nominal,0.45,medium_site,5.56,5.0984,5.5337,3.6928,13.29,18.52,v_stop
8.0,5.0,moderate,0.45,empty,74000.0,nominal,0.45,high_max,11.11,5.1091,17.079,3.6928,13.29,18.52,v_stop
8.0,5.0,moderate,0.45,empty,74000.0,high_human,1.2,low,3.0,5.0959,4.4831,2.1292,7.67,18.52,v_stop
8.0,5.0,moderate,0.45,empty,74000.0,high_human,1.2,medium_site,5.56,5.0984,9.7037,2.1292,7.67,18.52,v_stop
8.0,5.0,moderate,0.45,empty,74000.0,high_human,1.2,high_max,11.11,5.1091,25.4115,2.1292,7.67,18.52,v_stop
8.0,5.0,moderate,0.45,medium,119750.0,low,0.3,low,3.0,5.0955,1.7831,4.2079,15.15,18.52,v_stop
8.0,5.0,moderate,0.45,medium,119750.0,low,0.3,medium_site,5.56,5.097,4.7005,4.2079,15.15,18.52,v_stop
8.0,5.0,moderate,0.45,medium,119750.0,low,0.3,high_max,11.11,5.1037,15.4255,4.2079,15.15,18.52,v_stop
8.0,5.0,moderate,0.45,medium,119750.0,nominal,0.45,low,3.0,5.0955,2.2331,3.6928,13.29,18.52,v_stop
8.0,5.0,moderate,0.45,medium,119750.0,nominal,0.45,medium_site,5.56,5.097,5.5345,3.6928,13.29,18.52,v_stop
8.0,5.0,moderate,0.45,medium,119750.0,nominal,0.45,high_max,11.11,5.1037,17.092,3.6928,13.29,18.52,v_stop
8.0,5.0,moderate,0.45,medium,119750.0,high_human,1.2,low,3.0,5.0955,4.4831,2.1292,7.67,18.52,v_stop
8.0,5.0,moderate,0.45,medium,119750.0,high_human,1.2,medium_site,5.56,5.097,9.7045,2.1292,7.67,18.52,v_stop
8.0,5.0,moderate,0.45,medium,119750.0,high_human,1.2,high_max,11.11,5.1037,25.4245,2.1292,7.67,18.52,v_stop
8.0,5.0,moderate,0.45,max_gross,165500.0,low,0.3,low,3.0,4.0096,2.0223,3.8471,13.85,18.52,v_stop
8.0,5.0,moderate,0.45,max_gross,165500.0,low,0.3,medium_site,5.56,4.0107,5.5219,3.8471,13.85,18.52,v_stop
8.0,5.0,moderate,0.45,max_gross,165500.0,low,0.3,high_max,11.11,4.0155,18.7025,3.8471,13.85,18.52,v_stop
8.0,5.0,moderate,0.45,max_gross,165500.0,nominal,0.45,low,3.0,4.0096,2.4723,3.4217,12.32,18.52,v_stop
8.0,5.0,moderate,0.45,max_gross,165500.0,nominal,0.45,medium_site,5.56,4.0107,6.3559,3.4217,12.32,18.52,v_stop
8.0,5.0,moderate,0.45,max_gross,165500.0,nominal,0.45,high_max,11.11,4.0155,20.369,3.4217,12.32,18.52,v_stop
8.0,5.0,moderate,0.45,max_gross,165500.0,high_human,1.2,low,3.0,4.0096,4.7223,2.0593,7.41,18.52,v_stop
8.0,5.0,moderate,0.45,max_gross,165500.0,high_human,1.2,medium_site,5.56,4.0107,10.5259,2.0593,7.41,18.52,v_stop
8.0,5.0,moderate,0.45,max_gross,165500.0,high_human,1.2,high_max,11.11,4.0155,28.7015,2.0593,7.41,18.52,v_stop
8.0,5.0,wet,0.35,empty,74000.0,low,0.3,low,3.0,4.1161,1.9933,3.8855,13.99,18.52,v_stop
8.0,5.0,wet,0.35,empty,74000.0,low,0.3,medium_site,5.56,4.1186,5.4209,3.8855,13.99,18.52,v_stop
8.0,5.0,wet,0.35,empty,74000.0,low,0.3,high_max,11.11,4.1294,18.2787,3.8855,13.99,18.52,v_stop
8.0,5.0,wet,0.35,empty,74000.0,nominal,0.45,low,3.0,4.1161,2.4433,3.451,12.42,18.52,v_stop
8.0,5.0,wet,0.35,empty,74000.0,nominal,0.45,medium_site,5.56,4.1186,6.2549,3.451,12.42,18.52,v_stop
8.0,5.0,wet,0.35,empty,74000.0,nominal,0.45,high_max,11.11,4.1294,19.9452,3.451,12.42,18.52,v_stop
8.0,5.0,wet,0.35,empty,74000.0,high_human,1.2,low,3.0,4.1161,4.6933,2.0673,7.44,18.52,v_stop
8.0,5.0,wet,0.35,empty,74000.0,high_human,1.2,medium_site,5.56,4.1186,10.4249,2.0673,7.44,18.52,v_stop
8.0,5.0,wet,0.35,empty,74000.0,high_human,1.2,high_max,11.11,4.1294,28.2777,2.0673,7.44,18.52,v_stop
8.0,5.0,wet,0.35,medium,119750.0,low,0.3,low,3.0,4.1157,1.9934,3.8855,13.99,18.52,v_stop
8.0,5.0,wet,0.35,medium,119750.0,low,0.3,medium_site,5.56,4.1173,5.4221,3.8855,13.99,18.52,v_stop
8.0,5.0,wet,0.35,medium,119750.0,low,0.3,high_max,11.11,4.1239,18.2985,3.8855,13.99,18.52,v_stop
8.0,5.0,wet,0.35,medium,119750.0,nominal,0.45,low,3.0,4.1157,2.4434,3.451,12.42,18.52,v_stop
8.0,5.0,wet,0.35,medium,119750.0,nominal,0.45,medium_site,5.56,4.1173,6.2561,3.451,12.42,18.52,v_stop
8.0,5.0,wet,0.35,medium,119750.0,nominal,0.45,high_max,11.11,4.1239,19.965,3.451,12.42,18.52,v_stop
8.0,5.0,wet,0.35,medium,119750.0,high_human,1.2,low,3.0,4.1157,4.6934,2.0673,7.44,18.52,v_stop
8.0,5.0,wet,0.35,medium,119750.0,high_human,1.2,medium_site,5.56,4.1173,10.4261,2.0673,7.44,18.52,v_stop
8.0,5.0,wet,0.35,medium,119750.0,high_human,1.2,high_max,11.11,4.1239,28.2975,2.0673,7.44,18.52,v_stop
8.0,5.0,wet,0.35,max_gross,165500.0,low,0.3,low,3.0,4.0096,2.0223,3.8471,13.85,18.52,v_stop
8.0,5.0,wet,0.35,max_gross,165500.0,low,0.3,medium_site,5.56,4.0107,5.5219,3.8471,13.85,18.52,v_stop
8.0,5.0,wet,0.35,max_gross,165500.0,low,0.3,high_max,11.11,4.0155,18.7025,3.8471,13.85,18.52,v_stop
8.0,5.0,wet,0.35,max_gross,165500.0,nominal,0.45,low,3.0,4.0096,2.4723,3.4217,12.32,18.52,v_stop
8.0,5.0,wet,0.35,max_gross,165500.0,nominal,0.45,medium_site,5.56,4.0107,6.3559,3.4217,12.32,18.52,v_stop
8.0,5.0,wet,0.35,max_gross,165500.0,nominal,0.45,high_max,11.11,4.0155,20.369,3.4217,12.32,18.52,v_stop
8.0,5.0,wet,0.35,max_gross,165500.0,high_human,1.2,low,3.0,4.0096,4.7223,2.0593,7.41,18.52,v_stop
8.0,5.0,wet,0.35,max_gross,165500.0,high_human,1.2,medium_site,5.56,4.0107,10.5259,2.0593,7.41,18.52,v_stop
8.0,5.0,wet,0.35,max_gross,165500.0,high_human,1.2,high_max,11.11,4.0155,28.7015,2.0593,7.41,18.52,v_stop
8.0,5.0,low_friction,0.2,empty,74000.0,low,0.3,low,3.0,2.6464,2.6004,3.2687,11.77,18.52,v_stop
8.0,5.0,low_friction,0.2,empty,74000.0,low,0.3,medium_site,5.56,2.649,7.503,3.2687,11.77,18.52,v_stop
8.0,5.0,low_friction,0.2,empty,74000.0,low,0.3,high_max,11.11,2.6597,26.5372,3.2687,11.77,18.52,v_stop
8.0,5.0,low_friction,0.2,empty,74000.0,nominal,0.45,low,3.0,2.6464,3.0504,2.9676,10.68,18.52,v_stop
8.0,5.0,low_friction,0.2,empty,74000.0,nominal,0.45,medium_site,5.56,2.649,8.337,2.9676,10.68,18.52,v_stop
8.0,5.0,low_friction,0.2,empty,74000.0,nominal,0.45,high_max,11.11,2.6597,28.2037,2.9676,10.68,18.52,v_stop
8.0,5.0,low_friction,0.2,empty,74000.0,high_human,1.2,low,3.0,2.6464,5.3004,1.9196,6.91,18.52,v_stop
8.0,5.0,low_friction,0.2,empty,74000.0,high_human,1.2,medium_site,5.56,2.649,12.507,1.9196,6.91,18.52,v_stop
8.0,5.0,low_friction,0.2,empty,74000.0,high_human,1.2,high_max,11.11,2.6597,36.5362,1.9196,6.91,18.52,v_stop
8.0,5.0,low_friction,0.2,medium,119750.0,low,0.3,low,3.0,2.646,2.6007,3.2687,11.77,18.52,v_stop
8.0,5.0,low_friction,0.2,medium,119750.0,low,0.3,medium_site,5.56,2.6476,7.506,3.2687,11.77,18.52,v_stop
8.0,5.0,low_friction,0.2,medium,119750.0,low,0.3,high_max,11.11,2.6542,26.5849,3.2687,11.77,18.52,v_stop
8.0,5.0,low_friction,0.2,medium,119750.0,nominal,0.45,low,3.0,2.646,3.0507,2.9676,10.68,18.52,v_stop
8.0,5.0,low_friction,0.2,medium,119750.0,nominal,0.45,medium_site,5.56,2.6476,8.34,2.9676,10.68,18.52,v_stop
8.0,5.0,low_friction,0.2,medium,119750.0,nominal,0.45,high_max,11.11,2.6542,28.2514,2.9676,10.68,18.52,v_stop
8.0,5.0,low_friction,0.2,medium,119750.0,high_human,1.2,low,3.0,2.646,5.3007,1.9196,6.91,18.52,v_stop
8.0,5.0,low_friction,0.2,medium,119750.0,high_human,1.2,medium_site,5.56,2.6476,12.51,1.9196,6.91,18.52,v_stop
8.0,5.0,low_friction,0.2,medium,119750.0,high_human,1.2,high_max,11.11,2.6542,36.5839,1.9196,6.91,18.52,v_stop
8.0,5.0,low_friction,0.2,max_gross,165500.0,low,0.3,low,3.0,2.6459,2.6008,3.2687,11.77,18.52,v_stop
8.0,5.0,low_friction,0.2,max_gross,165500.0,low,0.3,medium_site,5.56,2.647,7.5074,3.2687,11.77,18.52,v_stop
8.0,5.0,low_friction,0.2,max_gross,165500.0,low,0.3,high_max,11.11,2.6518,26.6063,3.2687,11.77,18.52,v_stop
8.0,5.0,low_friction,0.2,max_gross,165500.0,nominal,0.45,low,3.0,2.6459,3.0508,2.9676,10.68,18.52,v_stop
8.0,5.0,low_friction,0.2,max_gross,165500.0,nominal,0.45,medium_site,5.56,2.647,8.3414,2.9676,10.68,18.52,v_stop
8.0,5.0,low_friction,0.2,max_gross,165500.0,nominal,0.45,high_max,11.11,2.6518,28.2728,2.9676,10.68,18.52,v_stop
8.0,5.0,low_friction,0.2,max_gross,165500.0,high_human,1.2,low,3.0,2.6459,5.3008,1.9196,6.91,18.52,v_stop
8.0,5.0,low_friction,0.2,max_gross,165500.0,high_human,1.2,medium_site,5.56,2.647,12.5114,1.9196,6.91,18.52,v_stop
8.0,5.0,low_friction,0.2,max_gross,165500.0,high_human,1.2,high_max,11.11,2.6518,36.6053,1.9196,6.91,18.52,v_stop
8.0,0.0,dry_high,0.65,empty,74000.0,low,0.3,low,3.0,6.5737,1.5845,4.6103,16.6,18.52,v_stop
8.0,0.0,dry_high,0.65,empty,74000.0,low,0.3,medium_site,5.56,6.5763,4.0184,4.6103,16.6,18.52,v_stop
8.0,0.0,dry_high,0.65,empty,74000.0,low,0.3,high_max,11.11,6.587,12.7024,4.6103,16.6,18.52,v_stop
8.0,0.0,dry_high,0.65,empty,74000.0,nominal,0.45,low,3.0,6.5737,2.0345,3.9838,14.34,18.52,v_stop
8.0,0.0,dry_high,0.65,empty,74000.0,nominal,0.45,medium_site,5.56,6.5763,4.8524,3.9838,14.34,18.52,v_stop
8.0,0.0,dry_high,0.65,empty,74000.0,nominal,0.45,high_max,11.11,6.587,14.3689,3.9838,14.34,18.52,v_stop
8.0,0.0,dry_high,0.65,empty,74000.0,high_human,1.2,low,3.0,6.5737,4.2845,2.1947,7.9,18.52,v_stop
8.0,0.0,dry_high,0.65,empty,74000.0,high_human,1.2,medium_site,5.56,6.5763,9.0224,2.1947,7.9,18.52,v_stop
8.0,0.0,dry_high,0.65,empty,74000.0,high_human,1.2,high_max,11.11,6.587,22.7014,2.1947,7.9,18.52,v_stop
8.0,0.0,dry_high,0.65,medium,119750.0,low,0.3,low,3.0,4.7897,1.8395,4.1129,14.81,18.52,v_stop
8.0,0.0,dry_high,0.65,medium,119750.0,low,0.3,medium_site,5.56,4.7913,4.894,4.1129,14.81,18.52,v_stop
8.0,0.0,dry_high,0.65,medium,119750.0,low,0.3,high_max,11.11,4.7979,16.196,4.1129,14.81,18.52,v_stop
8.0,0.0,dry_high,0.65,medium,119750.0,nominal,0.45,low,3.0,4.7897,2.2895,3.6224,13.04,18.52,v_stop
8.0,0.0,dry_high,0.65,medium,119750.0,nominal,0.45,medium_site,5.56,4.7913,5.728,3.6224,13.04,18.52,v_stop
8.0,0.0,dry_high,0.65,medium,119750.0,nominal,0.45,high_max,11.11,4.7979,17.8625,3.6224,13.04,18.52,v_stop
8.0,0.0,dry_high,0.65,medium,119750.0,high_human,1.2,low,3.0,4.7897,4.5395,2.1119,7.6,18.52,v_stop
8.0,0.0,dry_high,0.65,medium,119750.0,high_human,1.2,medium_site,5.56,4.7913,9.898,2.1119,7.6,18.52,v_stop
8.0,0.0,dry_high,0.65,medium,119750.0,high_human,1.2,high_max,11.11,4.7979,26.195,2.1119,7.6,18.52,v_stop
8.0,0.0,dry_high,0.65,max_gross,165500.0,low,0.3,low,3.0,3.5199,2.1784,3.6592,13.17,18.52,v_stop
8.0,0.0,dry_high,0.65,max_gross,165500.0,low,0.3,medium_site,5.56,3.5211,6.0578,3.6592,13.17,18.52,v_stop
8.0,0.0,dry_high,0.65,max_gross,165500.0,low,0.3,high_max,11.11,3.5259,20.8368,3.6592,13.17,18.52,v_stop
8.0,0.0,dry_high,0.65,max_gross,165500.0,nominal,0.45,low,3.0,3.5199,2.6284,3.2768,11.8,18.52,v_stop
8.0,0.0,dry_high,0.65,max_gross,165500.0,nominal,0.45,medium_site,5.56,3.5211,6.8918,3.2768,11.8,18.52,v_stop
8.0,0.0,dry_high,0.65,max_gross,165500.0,nominal,0.45,high_max,11.11,3.5259,22.5033,3.2768,11.8,18.52,v_stop
8.0,0.0,dry_high,0.65,max_gross,165500.0,high_human,1.2,low,3.0,3.5199,4.8784,2.0179,7.26,18.52,v_stop
8.0,0.0,dry_high,0.65,max_gross,165500.0,high_human,1.2,medium_site,5.56,3.5211,11.0618,2.0179,7.26,18.52,v_stop
8.0,0.0,dry_high,0.65,max_gross,165500.0,high_human,1.2,high_max,11.11,3.5259,30.8358,2.0179,7.26,18.52,v_stop
8.0,0.0,moderate,0.45,empty,74000.0,low,0.3,low,3.0,4.6117,1.8758,4.0553,14.6,18.52,v_stop
8.0,0.0,moderate,0.45,empty,74000.0,low,0.3,medium_site,5.56,4.6143,5.0178,4.0553,14.6,18.52,v_stop
8.0,0.0,moderate,0.45,empty,74000.0,low,0.3,high_max,11.11,4.625,16.677,4.0553,14.6,18.52,v_stop
8.0,0.0,moderate,0.45,empty,74000.0,nominal,0.45,low,3.0,4.6117,2.3258,3.5793,12.89,18.52,v_stop
8.0,0.0,moderate,0.45,empty,74000.0,nominal,0.45,medium_site,5.56,4.6143,5.8518,3.5793,12.89,18.52,v_stop
8.0,0.0,moderate,0.45,empty,74000.0,nominal,0.45,high_max,11.11,4.625,18.3435,3.5793,12.89,18.52,v_stop
8.0,0.0,moderate,0.45,empty,74000.0,high_human,1.2,low,3.0,4.6117,4.5758,2.1011,7.56,18.52,v_stop
8.0,0.0,moderate,0.45,empty,74000.0,high_human,1.2,medium_site,5.56,4.6143,10.0218,2.1011,7.56,18.52,v_stop
8.0,0.0,moderate,0.45,empty,74000.0,high_human,1.2,high_max,11.11,4.625,26.676,2.1011,7.56,18.52,v_stop
8.0,0.0,moderate,0.45,medium,119750.0,low,0.3,low,3.0,4.6113,1.8759,4.0553,14.6,18.52,v_stop
8.0,0.0,moderate,0.45,medium,119750.0,low,0.3,medium_site,5.56,4.6129,5.0188,4.0553,14.6,18.52,v_stop
8.0,0.0,moderate,0.45,medium,119750.0,low,0.3,high_max,11.11,4.6195,16.6928,4.0553,14.6,18.52,v_stop
8.0,0.0,moderate,0.45,medium,119750.0,nominal,0.45,low,3.0,4.6113,2.3259,3.5793,12.89,18.52,v_stop
8.0,0.0,moderate,0.45,medium,119750.0,nominal,0.45,medium_site,5.56,4.6129,5.8528,3.5793,12.89,18.52,v_stop
8.0,0.0,moderate,0.45,medium,119750.0,nominal,0.45,high_max,11.11,4.6195,18.3593,3.5793,12.89,18.52,v_stop
8.0,0.0,moderate,0.45,medium,119750.0,high_human,1.2,low,3.0,4.6113,4.5759,2.1011,7.56,18.52,v_stop
8.0,0.0,moderate,0.45,medium,119750.0,high_human,1.2,medium_site,5.56,4.6129,10.0228,2.1011,7.56,18.52,v_stop
8.0,0.0,moderate,0.45,medium,119750.0,high_human,1.2,high_max,11.11,4.6195,26.6918,2.1011,7.56,18.52,v_stop
8.0,0.0,moderate,0.45,max_gross,165500.0,low,0.3,low,3.0,3.5199,2.1784,3.6592,13.17,18.52,v_stop
8.0,0.0,moderate,0.45,max_gross,165500.0,low,0.3,medium_site,5.56,3.5211,6.0578,3.6592,13.17,18.52,v_stop
8.0,0.0,moderate,0.45,max_gross,165500.0,low,0.3,high_max,11.11,3.5259,20.8368,3.6592,13.17,18.52,v_stop
8.0,0.0,moderate,0.45,max_gross,165500.0,nominal,0.45,low,3.0,3.5199,2.6284,3.2768,11.8,18.52,v_stop
8.0,0.0,moderate,0.45,max_gross,165500.0,nominal,0.45,medium_site,5.56,3.5211,6.8918,3.2768,11.8,18.52,v_stop
8.0,0.0,moderate,0.45,max_gross,165500.0,nominal,0.45,high_max,11.11,3.5259,22.5033,3.2768,11.8,18.52,v_stop
8.0,0.0,moderate,0.45,max_gross,165500.0,high_human,1.2,low,3.0,3.5199,4.8784,2.0179,7.26,18.52,v_stop
8.0,0.0,moderate,0.45,max_gross,165500.0,high_human,1.2,medium_site,5.56,3.5211,11.0618,2.0179,7.26,18.52,v_stop
8.0,0.0,moderate,0.45,max_gross,165500.0,high_human,1.2,high_max,11.11,3.5259,30.8358,2.0179,7.26,18.52,v_stop
8.0,0.0,wet,0.35,empty,74000.0,low,0.3,low,3.0,3.6307,2.1394,3.7032,13.33,18.52,v_stop
8.0,0.0,wet,0.35,empty,74000.0,low,0.3,medium_site,5.56,3.6333,5.9222,3.7032,13.33,18.52,v_stop
8.0,0.0,wet,0.35,empty,74000.0,low,0.3,high_max,11.11,3.644,20.2693,3.7032,13.33,18.52,v_stop
8.0,0.0,wet,0.35,empty,74000.0,nominal,0.45,low,3.0,3.6307,2.5894,3.3109,11.92,18.52,v_stop
8.0,0.0,wet,0.35,empty,74000.0,nominal,0.45,medium_site,5.56,3.6333,6.7562,3.3109,11.92,18.52,v_stop
8.0,0.0,wet,0.35,empty,74000.0,nominal,0.45,high_max,11.11,3.644,21.9358,3.3109,11.92,18.52,v_stop
8.0,0.0,wet,0.35,empty,74000.0,high_human,1.2,low,3.0,3.6307,4.8394,2.0279,7.3,18.52,v_stop
8.0,0.0,wet,0.35,empty,74000.0,high_human,1.2,medium_site,5.56,3.6333,10.9262,2.0279,7.3,18.52,v_stop
8.0,0.0,wet,0.35,empty,74000.0,high_human,1.2,high_max,11.11,3.644,30.2683,2.0279,7.3,18.52,v_stop
8.0,0.0,wet,0.35,medium,119750.0,low,0.3,low,3.0,3.6303,2.1396,3.7032,13.33,18.52,v_stop
8.0,0.0,wet,0.35,medium,119750.0,low,0.3,medium_site,5.56,3.6319,5.9238,3.7032,13.33,18.52,v_stop
8.0,0.0,wet,0.35,medium,119750.0,low,0.3,high_max,11.11,3.6385,20.2948,3.7032,13.33,18.52,v_stop
8.0,0.0,wet,0.35,medium,119750.0,nominal,0.45,low,3.0,3.6303,2.5896,3.3109,11.92,18.52,v_stop
8.0,0.0,wet,0.35,medium,119750.0,nominal,0.45,medium_site,5.56,3.6319,6.7578,3.3109,11.92,18.52,v_stop
8.0,0.0,wet,0.35,medium,119750.0,nominal,0.45,high_max,11.11,3.6385,21.9613,3.3109,11.92,18.52,v_stop
8.0,0.0,wet,0.35,medium,119750.0,high_human,1.2,low,3.0,3.6303,4.8396,2.0279,7.3,18.52,v_stop
8.0,0.0,wet,0.35,medium,119750.0,high_human,1.2,medium_site,5.56,3.6319,10.9278,2.0279,7.3,18.52,v_stop
8.0,0.0,wet,0.35,medium,119750.0,high_human,1.2,high_max,11.11,3.6385,30.2938,2.0279,7.3,18.52,v_stop
8.0,0.0,wet,0.35,max_gross,165500.0,low,0.3,low,3.0,3.5199,2.1784,3.6592,13.17,18.52,v_stop
8.0,0.0,wet,0.35,max_gross,165500.0,low,0.3,medium_site,5.56,3.5211,6.0578,3.6592,13.17,18.52,v_stop
8.0,0.0,wet,0.35,max_gross,165500.0,low,0.3,high_max,11.11,3.5259,20.8368,3.6592,13.17,18.52,v_stop
8.0,0.0,wet,0.35,max_gross,165500.0,nominal,0.45,low,3.0,3.5199,2.6284,3.2768,11.8,18.52,v_stop
8.0,0.0,wet,0.35,max_gross,165500.0,nominal,0.45,medium_site,5.56,3.5211,6.8918,3.2768,11.8,18.52,v_stop
8.0,0.0,wet,0.35,max_gross,165500.0,nominal,0.45,high_max,11.11,3.5259,22.5033,3.2768,11.8,18.52,v_stop
8.0,0.0,wet,0.35,max_gross,165500.0,high_human,1.2,low,3.0,3.5199,4.8784,2.0179,7.26,18.52,v_stop
8.0,0.0,wet,0.35,max_gross,165500.0,high_human,1.2,medium_site,5.56,3.5211,11.0618,2.0179,7.26,18.52,v_stop
8.0,0.0,wet,0.35,max_gross,165500.0,high_human,1.2,high_max,11.11,3.5259,30.8358,2.0179,7.26,18.52,v_stop
8.0,0.0,low_friction,0.2,empty,74000.0,low,0.3,low,3.0,2.1592,2.9841,3.0088,10.83,18.52,v_stop
8.0,0.0,low_friction,0.2,empty,74000.0,low,0.3,medium_site,5.56,2.1618,8.818,3.0088,10.83,18.52,v_stop
8.0,0.0,low_friction,0.2,empty,74000.0,low,0.3,high_max,11.11,2.1725,31.7408,3.0088,10.83,18.52,v_stop
8.0,0.0,low_friction,0.2,empty,74000.0,nominal,0.45,low,3.0,2.1592,3.4341,2.7561,9.92,18.52,v_stop
8.0,0.0,low_friction,0.2,empty,74000.0,nominal,0.45,medium_site,5.56,2.1618,9.652,2.7561,9.92,18.52,v_stop
8.0,0.0,low_friction,0.2,empty,74000.0,nominal,0.45,high_max,11.11,2.1725,33.4073,2.7561,9.92,18.52,v_stop
8.0,0.0,low_friction,0.2,empty,74000.0,high_human,1.2,low,3.0,2.1592,5.6841,1.8437,6.64,18.52,v_stop
8.0,0.0,low_friction,0.2,empty,74000.0,high_human,1.2,medium_site,5.56,2.1618,13.822,1.8437,6.64,18.52,v_stop
8.0,0.0,low_friction,0.2,empty,74000.0,high_human,1.2,high_max,11.11,2.1725,41.7398,1.8437,6.64,18.52,v_stop
8.0,0.0,low_friction,0.2,medium,119750.0,low,0.3,low,3.0,2.1588,2.9844,3.0088,10.83,18.52,v_stop
8.0,0.0,low_friction,0.2,medium,119750.0,low,0.3,medium_site,5.56,2.1604,8.8226,3.0088,10.83,18.52,v_stop
8.0,0.0,low_friction,0.2,medium,119750.0,low,0.3,high_max,11.11,2.167,31.8124,3.0088,10.83,18.52,v_stop
8.0,0.0,low_friction,0.2,medium,119750.0,nominal,0.45,low,3.0,2.1588,3.4344,2.7561,9.92,18.52,v_stop
8.0,0.0,low_friction,0.2,medium,119750.0,nominal,0.45,medium_site,5.56,2.1604,9.6566,2.7561,9.92,18.52,v_stop
8.0,0.0,low_friction,0.2,medium,119750.0,nominal,0.45,high_max,11.11,2.167,33.4789,2.7561,9.92,18.52,v_stop
8.0,0.0,low_friction,0.2,medium,119750.0,high_human,1.2,low,3.0,2.1588,5.6844,1.8437,6.64,18.52,v_stop
8.0,0.0,low_friction,0.2,medium,119750.0,high_human,1.2,medium_site,5.56,2.1604,13.8266,1.8437,6.64,18.52,v_stop
8.0,0.0,low_friction,0.2,medium,119750.0,high_human,1.2,high_max,11.11,2.167,41.8114,1.8437,6.64,18.52,v_stop
8.0,0.0,low_friction,0.2,max_gross,165500.0,low,0.3,low,3.0,2.1587,2.9846,3.0088,10.83,18.52,v_stop
8.0,0.0,low_friction,0.2,max_gross,165500.0,low,0.3,medium_site,5.56,2.1598,8.8246,3.0088,10.83,18.52,v_stop
8.0,0.0,low_friction,0.2,max_gross,165500.0,low,0.3,high_max,11.11,2.1646,31.8446,3.0088,10.83,18.52,v_stop
8.0,0.0,low_friction,0.2,max_gross,165500.0,nominal,0.45,low,3.0,2.1587,3.4346,2.7561,9.92,18.52,v_stop
8.0,0.0,low_friction,0.2,max_gross,165500.0,nominal,0.45,medium_site,5.56,2.1598,9.6586,2.7561,9.92,18.52,v_stop
8.0,0.0,low_friction,0.2,max_gross,165500.0,nominal,0.45,high_max,11.11,2.1646,33.5111,2.7561,9.92,18.52,v_stop
8.0,0.0,low_friction,0.2,max_gross,165500.0,high_human,1.2,low,3.0,2.1587,5.6846,1.8437,6.64,18.52,v_stop
8.0,0.0,low_friction,0.2,max_gross,165500.0,high_human,1.2,medium_site,5.56,2.1598,13.8286,1.8437,6.64,18.52,v_stop
8.0,0.0,low_friction,0.2,max_gross,165500.0,high_human,1.2,high_max,11.11,2.1646,41.8436,1.8437,6.64,18.52,v_stop
8.0,-5.0,dry_high,0.65,empty,74000.0,low,0.3,low,3.0,6.0757,1.6407,4.4839,16.14,18.52,v_stop
8.0,-5.0,dry_high,0.65,empty,74000.0,low,0.3,medium_site,5.56,6.0782,4.211,4.4839,16.14,18.52,v_stop
8.0,-5.0,dry_high,0.65,empty,74000.0,low,0.3,high_max,11.11,6.0889,13.4688,4.4839,16.14,18.52,v_stop
8.0,-5.0,dry_high,0.65,empty,74000.0,nominal,0.45,low,3.0,6.0757,2.0907,3.8936,14.02,18.52,v_stop
8.0,-5.0,dry_high,0.65,empty,74000.0,nominal,0.45,medium_site,5.56,6.0782,5.045,3.8936,14.02,18.52,v_stop
8.0,-5.0,dry_high,0.65,empty,74000.0,nominal,0.45,high_max,11.11,6.0889,15.1353,3.8936,14.02,18.52,v_stop
8.0,-5.0,dry_high,0.65,empty,74000.0,high_human,1.2,low,3.0,6.0757,4.3407,2.1754,7.83,18.52,v_stop
8.0,-5.0,dry_high,0.65,empty,74000.0,high_human,1.2,medium_site,5.56,6.0782,9.215,2.1754,7.83,18.52,v_stop
8.0,-5.0,dry_high,0.65,empty,74000.0,high_human,1.2,high_max,11.11,6.0889,23.4678,2.1754,7.83,18.52,v_stop
8.0,-5.0,dry_high,0.65,medium,119750.0,low,0.3,low,3.0,4.2996,1.9466,3.9503,14.22,18.52,v_stop
8.0,-5.0,dry_high,0.65,medium,119750.0,low,0.3,medium_site,5.56,4.3012,5.2616,3.9503,14.22,18.52,v_stop
8.0,-5.0,dry_high,0.65,medium,119750.0,low,0.3,high_max,11.11,4.3078,17.6596,3.9503,14.22,18.52,v_stop
8.0,-5.0,dry_high,0.65,medium,119750.0,nominal,0.45,low,3.0,4.2996,2.3966,3.5002,12.6,18.52,v_stop
8.0,-5.0,dry_high,0.65,medium,119750.0,nominal,0.45,medium_site,5.56,4.3012,6.0956,3.5002,12.6,18.52,v_stop
8.0,-5.0,dry_high,0.65,medium,119750.0,nominal,0.45,high_max,11.11,4.3078,19.3261,3.5002,12.6,18.52,v_stop
8.0,-5.0,dry_high,0.65,medium,119750.0,high_human,1.2,low,3.0,4.2996,4.6466,2.0805,7.49,18.52,v_stop
8.0,-5.0,dry_high,0.65,medium,119750.0,high_human,1.2,medium_site,5.56,4.3012,10.2656,2.0805,7.49,18.52,v_stop
8.0,-5.0,dry_high,0.65,medium,119750.0,high_human,1.2,high_max,11.11,4.3078,27.6586,2.0805,7.49,18.52,v_stop
8.0,-5.0,dry_high,0.65,max_gross,165500.0,low,0.3,low,3.0,3.0298,2.3852,3.4503,12.42,18.52,v_stop
8.0,-5.0,dry_high,0.65,max_gross,165500.0,low,0.3,medium_site,5.56,3.0309,6.7677,3.4503,12.42,18.52,v_stop
8.0,-5.0,dry_high,0.65,max_gross,165500.0,low,0.3,high_max,11.11,3.0357,23.6629,3.4503,12.42,18.52,v_stop
8.0,-5.0,dry_high,0.65,max_gross,165500.0,nominal,0.45,low,3.0,3.0298,2.8352,3.1128,11.21,18.52,v_stop
8.0,-5.0,dry_high,0.65,max_gross,165500.0,nominal,0.45,medium_site,5.56,3.0309,7.6017,3.1128,11.21,18.52,v_stop
8.0,-5.0,dry_high,0.65,max_gross,165500.0,nominal,0.45,high_max,11.11,3.0357,25.3294,3.1128,11.21,18.52,v_stop
8.0,-5.0,dry_high,0.65,max_gross,165500.0,high_human,1.2,low,3.0,3.0298,5.0852,1.9675,7.08,18.52,v_stop
8.0,-5.0,dry_high,0.65,max_gross,165500.0,high_human,1.2,medium_site,5.56,3.0309,11.7717,1.9675,7.08,18.52,v_stop
8.0,-5.0,dry_high,0.65,max_gross,165500.0,high_human,1.2,high_max,11.11,3.0357,33.6619,1.9675,7.08,18.52,v_stop
8.0,-5.0,moderate,0.45,empty,74000.0,low,0.3,low,3.0,4.1161,1.9933,3.8855,13.99,18.52,v_stop
8.0,-5.0,moderate,0.45,empty,74000.0,low,0.3,medium_site,5.56,4.1186,5.4209,3.8855,13.99,18.52,v_stop
8.0,-5.0,moderate,0.45,empty,74000.0,low,0.3,high_max,11.11,4.1294,18.2787,3.8855,13.99,18.52,v_stop
8.0,-5.0,moderate,0.45,empty,74000.0,nominal,0.45,low,3.0,4.1161,2.4433,3.451,12.42,18.52,v_stop
8.0,-5.0,moderate,0.45,empty,74000.0,nominal,0.45,medium_site,5.56,4.1186,6.2549,3.451,12.42,18.52,v_stop
8.0,-5.0,moderate,0.45,empty,74000.0,nominal,0.45,high_max,11.11,4.1294,19.9452,3.451,12.42,18.52,v_stop
8.0,-5.0,moderate,0.45,empty,74000.0,high_human,1.2,low,3.0,4.1161,4.6933,2.0673,7.44,18.52,v_stop
8.0,-5.0,moderate,0.45,empty,74000.0,high_human,1.2,medium_site,5.56,4.1186,10.4249,2.0673,7.44,18.52,v_stop
8.0,-5.0,moderate,0.45,empty,74000.0,high_human,1.2,high_max,11.11,4.1294,28.2777,2.0673,7.44,18.52,v_stop
8.0,-5.0,moderate,0.45,medium,119750.0,low,0.3,low,3.0,4.1157,1.9934,3.8855,13.99,18.52,v_stop
8.0,-5.0,moderate,0.45,medium,119750.0,low,0.3,medium_site,5.56,4.1173,5.4221,3.8855,13.99,18.52,v_stop
8.0,-5.0,moderate,0.45,medium,119750.0,low,0.3,high_max,11.11,4.1239,18.2985,3.8855,13.99,18.52,v_stop
8.0,-5.0,moderate,0.45,medium,119750.0,nominal,0.45,low,3.0,4.1157,2.4434,3.451,12.42,18.52,v_stop
8.0,-5.0,moderate,0.45,medium,119750.0,nominal,0.45,medium_site,5.56,4.1173,6.2561,3.451,12.42,18.52,v_stop
8.0,-5.0,moderate,0.45,medium,119750.0,nominal,0.45,high_max,11.11,4.1239,19.965,3.451,12.42,18.52,v_stop
8.0,-5.0,moderate,0.45,medium,119750.0,high_human,1.2,low,3.0,4.1157,4.6934,2.0673,7.44,18.52,v_stop
8.0,-5.0,moderate,0.45,medium,119750.0,high_human,1.2,medium_site,5.56,4.1173,10.4261,2.0673,7.44,18.52,v_stop
8.0,-5.0,moderate,0.45,medium,119750.0,high_human,1.2,high_max,11.11,4.1239,28.2975,2.0673,7.44,18.52,v_stop
8.0,-5.0,moderate,0.45,max_gross,165500.0,low,0.3,low,3.0,3.0298,2.3852,3.4503,12.42,18.52,v_stop
8.0,-5.0,moderate,0.45,max_gross,165500.0,low,0.3,medium_site,5.56,3.0309,6.7677,3.4503,12.42,18.52,v_stop
8.0,-5.0,moderate,0.45,max_gross,165500.0,low,0.3,high_max,11.11,3.0357,23.6629,3.4503,12.42,18.52,v_stop
8.0,-5.0,moderate,0.45,max_gross,165500.0,nominal,0.45,low,3.0,3.0298,2.8352,3.1128,11.21,18.52,v_stop
8.0,-5.0,moderate,0.45,max_gross,165500.0,nominal,0.45,medium_site,5.56,3.0309,7.6017,3.1128,11.21,18.52,v_stop
8.0,-5.0,moderate,0.45,max_gross,165500.0,nominal,0.45,high_max,11.11,3.0357,25.3294,3.1128,11.21,18.52,v_stop
8.0,-5.0,moderate,0.45,max_gross,165500.0,high_human,1.2,low,3.0,3.0298,5.0852,1.9675,7.08,18.52,v_stop
8.0,-5.0,moderate,0.45,max_gross,165500.0,high_human,1.2,medium_site,5.56,3.0309,11.7717,1.9675,7.08,18.52,v_stop
8.0,-5.0,moderate,0.45,max_gross,165500.0,high_human,1.2,high_max,11.11,3.0357,33.6619,1.9675,7.08,18.52,v_stop
8.0,-5.0,wet,0.35,empty,74000.0,low,0.3,low,3.0,3.1363,2.3348,3.4975,12.59,18.52,v_stop
8.0,-5.0,wet,0.35,empty,74000.0,low,0.3,medium_site,5.56,3.1389,6.5923,3.4975,12.59,18.52,v_stop
8.0,-5.0,wet,0.35,empty,74000.0,low,0.3,high_max,11.11,3.1496,22.928,3.4975,12.59,18.52,v_stop
8.0,-5.0,wet,0.35,empty,74000.0,nominal,0.45,low,3.0,3.1363,2.7848,3.1501,11.34,18.52,v_stop
8.0,-5.0,wet,0.35,empty,74000.0,nominal,0.45,medium_site,5.56,3.1389,7.4263,3.1501,11.34,18.52,v_stop
8.0,-5.0,wet,0.35,empty,74000.0,nominal,0.45,high_max,11.11,3.1496,24.5945,3.1501,11.34,18.52,v_stop
8.0,-5.0,wet,0.35,empty,74000.0,high_human,1.2,low,3.0,3.1363,5.0348,1.9793,7.13,18.52,v_stop
8.0,-5.0,wet,0.35,empty,74000.0,high_human,1.2,medium_site,5.56,3.1389,11.5963,1.9793,7.13,18.52,v_stop
8.0,-5.0,wet,0.35,empty,74000.0,high_human,1.2,high_max,11.11,3.1496,32.927,1.9793,7.13,18.52,v_stop
8.0,-5.0,wet,0.35,medium,119750.0,low,0.3,low,3.0,3.1359,2.335,3.4975,12.59,18.52,v_stop
8.0,-5.0,wet,0.35,medium,119750.0,low,0.3,medium_site,5.56,3.1375,6.5945,3.4975,12.59,18.52,v_stop
8.0,-5.0,wet,0.35,medium,119750.0,low,0.3,high_max,11.11,3.1441,22.962,3.4975,12.59,18.52,v_stop
8.0,-5.0,wet,0.35,medium,119750.0,nominal,0.45,low,3.0,3.1359,2.785,3.1501,11.34,18.52,v_stop
8.0,-5.0,wet,0.35,medium,119750.0,nominal,0.45,medium_site,5.56,3.1375,7.4285,3.1501,11.34,18.52,v_stop
8.0,-5.0,wet,0.35,medium,119750.0,nominal,0.45,high_max,11.11,3.1441,24.6285,3.1501,11.34,18.52,v_stop
8.0,-5.0,wet,0.35,medium,119750.0,high_human,1.2,low,3.0,3.1359,5.035,1.9793,7.13,18.52,v_stop
8.0,-5.0,wet,0.35,medium,119750.0,high_human,1.2,medium_site,5.56,3.1375,11.5985,1.9793,7.13,18.52,v_stop
8.0,-5.0,wet,0.35,medium,119750.0,high_human,1.2,high_max,11.11,3.1441,32.961,1.9793,7.13,18.52,v_stop
8.0,-5.0,wet,0.35,max_gross,165500.0,low,0.3,low,3.0,3.0298,2.3852,3.4503,12.42,18.52,v_stop
8.0,-5.0,wet,0.35,max_gross,165500.0,low,0.3,medium_site,5.56,3.0309,6.7677,3.4503,12.42,18.52,v_stop
8.0,-5.0,wet,0.35,max_gross,165500.0,low,0.3,high_max,11.11,3.0357,23.6629,3.4503,12.42,18.52,v_stop
8.0,-5.0,wet,0.35,max_gross,165500.0,nominal,0.45,low,3.0,3.0298,2.8352,3.1128,11.21,18.52,v_stop
8.0,-5.0,wet,0.35,max_gross,165500.0,nominal,0.45,medium_site,5.56,3.0309,7.6017,3.1128,11.21,18.52,v_stop
8.0,-5.0,wet,0.35,max_gross,165500.0,nominal,0.45,high_max,11.11,3.0357,25.3294,3.1128,11.21,18.52,v_stop
8.0,-5.0,wet,0.35,max_gross,165500.0,high_human,1.2,low,3.0,3.0298,5.0852,1.9675,7.08,18.52,v_stop
8.0,-5.0,wet,0.35,max_gross,165500.0,high_human,1.2,medium_site,5.56,3.0309,11.7717,1.9675,7.08,18.52,v_stop
8.0,-5.0,wet,0.35,max_gross,165500.0,high_human,1.2,high_max,11.11,3.0357,33.6619,1.9675,7.08,18.52,v_stop
8.0,-5.0,low_friction,0.2,empty,74000.0,low,0.3,low,3.0,1.6667,3.6,2.7008,9.72,18.52,v_stop
8.0,-5.0,low_friction,0.2,empty,74000.0,low,0.3,medium_site,5.56,1.6692,10.928,2.7008,9.72,18.52,v_stop
8.0,-5.0,low_friction,0.2,empty,74000.0,low,0.3,high_max,11.11,1.6799,40.0704,2.7008,9.72,18.52,v_stop
8.0,-5.0,low_friction,0.2,empty,74000.0,nominal,0.45,low,3.0,1.6667,4.05,2.4994,9.0,18.52,v_stop
8.0,-5.0,low_friction,0.2,empty,74000.0,nominal,0.45,medium_site,5.56,1.6692,11.762,2.4994,9.0,18.52,v_stop
8.0,-5.0,low_friction,0.2,empty,74000.0,nominal,0.45,high_max,11.11,1.6799,41.7369,2.4994,9.0,18.52,v_stop
8.0,-5.0,low_friction,0.2,empty,74000.0,high_human,1.2,low,3.0,1.6667,6.3,1.7414,6.27,18.52,v_stop
8.0,-5.0,low_friction,0.2,empty,74000.0,high_human,1.2,medium_site,5.56,1.6692,15.932,1.7414,6.27,18.52,v_stop
8.0,-5.0,low_friction,0.2,empty,74000.0,high_human,1.2,high_max,11.11,1.6799,50.0694,1.7414,6.27,18.52,v_stop
8.0,-5.0,low_friction,0.2,medium,119750.0,low,0.3,low,3.0,1.6663,3.6007,2.7008,9.72,18.52,v_stop
8.0,-5.0,low_friction,0.2,medium,119750.0,low,0.3,medium_site,5.56,1.6678,10.9356,2.7008,9.72,18.52,v_stop
8.0,-5.0,low_friction,0.2,medium,119750.0,low,0.3,high_max,11.11,1.6745,40.1903,2.7008,9.72,18.52,v_stop
8.0,-5.0,low_friction,0.2,medium,119750.0,nominal,0.45,low,3.0,1.6663,4.0507,2.4994,9.0,18.52,v_stop
8.0,-5.0,low_friction,0.2,medium,119750.0,nominal,0.45,medium_site,5.56,1.6678,11.7696,2.4994,9.0,18.52,v_stop
8.0,-5.0,low_friction,0.2,medium,119750.0,nominal,0.45,high_max,11.11,1.6745,41.8568,2.4994,9.0,18.52,v_stop
8.0,-5.0,low_friction,0.2,medium,119750.0,high_human,1.2,low,3.0,1.6663,6.3007,1.7414,6.27,18.52,v_stop
8.0,-5.0,low_friction,0.2,medium,119750.0,high_human,1.2,medium_site,5.56,1.6678,15.9396,1.7414,6.27,18.52,v_stop
8.0,-5.0,low_friction,0.2,medium,119750.0,high_human,1.2,high_max,11.11,1.6745,50.1893,1.7414,6.27,18.52,v_stop
8.0,-5.0,low_friction,0.2,max_gross,165500.0,low,0.3,low,3.0,1.6661,3.6009,2.7008,9.72,18.52,v_stop
8.0,-5.0,low_friction,0.2,max_gross,165500.0,low,0.3,medium_site,5.56,1.6672,10.939,2.7008,9.72,18.52,v_stop
8.0,-5.0,low_friction,0.2,max_gross,165500.0,low,0.3,high_max,11.11,1.672,40.2442,2.7008,9.72,18.52,v_stop
8.0,-5.0,low_friction,0.2,max_gross,165500.0,nominal,0.45,low,3.0,1.6661,4.0509,2.4994,9.0,18.52,v_stop
8.0,-5.0,low_friction,0.2,max_gross,165500.0,nominal,0.45,medium_site,5.56,1.6672,11.773,2.4994,9.0,18.52,v_stop
8.0,-5.0,low_friction,0.2,max_gross,165500.0,nominal,0.45,high_max,11.11,1.672,41.9107,2.4994,9.0,18.52,v_stop
8.0,-5.0,low_friction,0.2,max_gross,165500.0,high_human,1.2,low,3.0,1.6661,6.3009,1.7414,6.27,18.52,v_stop
8.0,-5.0,low_friction,0.2,max_gross,165500.0,high_human,1.2,medium_site,5.56,1.6672,15.943,1.7414,6.27,18.52,v_stop
8.0,-5.0,low_friction,0.2,max_gross,165500.0,high_human,1.2,high_max,11.11,1.672,50.2432,1.7414,6.27,18.52,v_stop
8.0,-8.0,dry_high,0.65,empty,74000.0,low,0.3,low,3.0,5.7705,1.6798,4.4021,15.85,18.52,v_stop
8.0,-8.0,dry_high,0.65,empty,74000.0,low,0.3,medium_site,5.56,5.773,4.3454,4.4021,15.85,18.52,v_stop
8.0,-8.0,dry_high,0.65,empty,74000.0,low,0.3,high_max,11.11,5.7838,14.0036,4.4021,15.85,18.52,v_stop
8.0,-8.0,dry_high,0.65,empty,74000.0,nominal,0.45,low,3.0,5.7705,2.1298,3.8347,13.8,18.52,v_stop
8.0,-8.0,dry_high,0.65,empty,74000.0,nominal,0.45,medium_site,5.56,5.773,5.1794,3.8347,13.8,18.52,v_stop
8.0,-8.0,dry_high,0.65,empty,74000.0,nominal,0.45,high_max,11.11,5.7838,15.6701,3.8347,13.8,18.52,v_stop
8.0,-8.0,dry_high,0.65,empty,74000.0,high_human,1.2,low,3.0,5.7705,4.3798,2.1623,7.78,18.52,v_stop
8.0,-8.0,dry_high,0.65,empty,74000.0,high_human,1.2,medium_site,5.56,5.773,9.3494,2.1623,7.78,18.52,v_stop
8.0,-8.0,dry_high,0.65,empty,74000.0,high_human,1.2,high_max,11.11,5.7838,24.0026,2.1623,7.78,18.52,v_stop
8.0,-8.0,dry_high,0.65,medium,119750.0,low,0.3,low,3.0,4.0068,2.0231,3.8461,13.85,18.52,v_stop
8.0,-8.0,dry_high,0.65,medium,119750.0,low,0.3,medium_site,5.56,4.0084,5.5241,3.8461,13.85,18.52,v_stop
8.0,-8.0,dry_high,0.65,medium,119750.0,low,0.3,high_max,11.11,4.015,18.7043,3.8461,13.85,18.52,v_stop
8.0,-8.0,dry_high,0.65,medium,119750.0,nominal,0.45,low,3.0,4.0068,2.4731,3.4209,12.32,18.52,v_stop
8.0,-8.0,dry_high,0.65,medium,119750.0,nominal,0.45,medium_site,5.56,4.0084,6.3581,3.4209,12.32,18.52,v_stop
8.0,-8.0,dry_high,0.65,medium,119750.0,nominal,0.45,high_max,11.11,4.015,20.3708,3.4209,12.32,18.52,v_stop
8.0,-8.0,dry_high,0.65,medium,119750.0,high_human,1.2,low,3.0,4.0068,4.7231,2.059,7.41,18.52,v_stop
8.0,-8.0,dry_high,0.65,medium,119750.0,high_human,1.2,medium_site,5.56,4.0084,10.5281,2.059,7.41,18.52,v_stop
8.0,-8.0,dry_high,0.65,medium,119750.0,high_human,1.2,high_max,11.11,4.015,28.7033,2.059,7.41,18.52,v_stop
8.0,-8.0,dry_high,0.65,max_gross,165500.0,low,0.3,low,3.0,2.737,2.5441,3.3134,11.93,18.52,v_stop
8.0,-8.0,dry_high,0.65,max_gross,165500.0,low,0.3,medium_site,5.56,2.7381,7.313,3.3134,11.93,18.52,v_stop
8.0,-8.0,dry_high,0.65,max_gross,165500.0,low,0.3,high_max,11.11,2.7429,25.833,3.3134,11.93,18.52,v_stop
8.0,-8.0,dry_high,0.65,max_gross,165500.0,nominal,0.45,low,3.0,2.737,2.9941,3.0036,10.81,18.52,v_stop
8.0,-8.0,dry_high,0.65,max_gross,165500.0,nominal,0.45,medium_site,5.56,2.7381,8.147,3.0036,10.81,18.52,v_stop
8.0,-8.0,dry_high,0.65,max_gross,165500.0,nominal,0.45,high_max,11.11,2.7429,27.4995,3.0036,10.81,18.52,v_stop
8.0,-8.0,dry_high,0.65,max_gross,165500.0,high_human,1.2,low,3.0,2.737,5.2441,1.9318,6.95,18.52,v_stop
8.0,-8.0,dry_high,0.65,max_gross,165500.0,high_human,1.2,medium_site,5.56,2.7381,12.317,1.9318,6.95,18.52,v_stop
8.0,-8.0,dry_high,0.65,max_gross,165500.0,high_human,1.2,high_max,11.11,2.7429,35.832,1.9318,6.95,18.52,v_stop
8.0,-8.0,moderate,0.45,empty,74000.0,low,0.3,low,3.0,3.8148,2.0796,3.7743,13.59,18.52,v_stop
8.0,-8.0,moderate,0.45,empty,74000.0,low,0.3,medium_site,5.56,3.8173,5.7171,3.7743,13.59,18.52,v_stop
8.0,-8.0,moderate,0.45,empty,74000.0,low,0.3,high_max,11.11,3.828,19.4552,3.7743,13.59,18.52,v_stop
8.0,-8.0,moderate,0.45,empty,74000.0,nominal,0.45,low,3.0,3.8148,2.5296,3.3659,12.12,18.52,v_stop
8.0,-8.0,moderate,0.45,empty,74000.0,nominal,0.45,medium_site,5.56,3.8173,6.5511,3.3659,12.12,18.52,v_stop
8.0,-8.0,moderate,0.45,empty,74000.0,nominal,0.45,high_max,11.11,3.828,21.1217,3.3659,12.12,18.52,v_stop
8.0,-8.0,moderate,0.45,empty,74000.0,high_human,1.2,low,3.0,3.8148,4.7796,2.0437,7.36,18.52,v_stop
8.0,-8.0,moderate,0.45,empty,74000.0,high_human,1.2,medium_site,5.56,3.8173,10.7211,2.0437,7.36,18.52,v_stop
8.0,-8.0,moderate,0.45,empty,74000.0,high_human,1.2,high_max,11.11,3.828,29.4542,2.0437,7.36,18.52,v_stop
8.0,-8.0,moderate,0.45,medium,119750.0,low,0.3,low,3.0,3.8144,2.0798,3.7743,13.59,18.52,v_stop
8.0,-8.0,moderate,0.45,medium,119750.0,low,0.3,medium_site,5.56,3.8159,5.7186,3.7743,13.59,18.52,v_stop
8.0,-8.0,moderate,0.45,medium,119750.0,low,0.3,high_max,11.11,3.8226,19.4782,3.7743,13.59,18.52,v_stop
8.0,-8.0,moderate,0.45,medium,119750.0,nominal,0.45,low,3.0,3.8144,2.5298,3.3659,12.12,18.52,v_stop
8.0,-8.0,moderate,0.45,medium,119750.0,nominal,0.45,medium_site,5.56,3.8159,6.5526,3.3659,12.12,18.52,v_stop
8.0,-8.0,moderate,0.45,medium,119750.0,nominal,0.45,high_max,11.11,3.8226,21.1447,3.3659,12.12,18.52,v_stop
8.0,-8.0,moderate,0.45,medium,119750.0,high_human,1.2,low,3.0,3.8144,4.7798,2.0437,7.36,18.52,v_stop
8.0,-8.0,moderate,0.45,medium,119750.0,high_human,1.2,medium_site,5.56,3.8159,10.7226,2.0437,7.36,18.52,v_stop
8.0,-8.0,moderate,0.45,medium,119750.0,high_human,1.2,high_max,11.11,3.8226,29.4772,2.0437,7.36,18.52,v_stop
8.0,-8.0,moderate,0.45,max_gross,165500.0,low,0.3,low,3.0,2.737,2.5441,3.3134,11.93,18.52,v_stop
8.0,-8.0,moderate,0.45,max_gross,165500.0,low,0.3,medium_site,5.56,2.7381,7.313,3.3134,11.93,18.52,v_stop
8.0,-8.0,moderate,0.45,max_gross,165500.0,low,0.3,high_max,11.11,2.7429,25.833,3.3134,11.93,18.52,v_stop
8.0,-8.0,moderate,0.45,max_gross,165500.0,nominal,0.45,low,3.0,2.737,2.9941,3.0036,10.81,18.52,v_stop
8.0,-8.0,moderate,0.45,max_gross,165500.0,nominal,0.45,medium_site,5.56,2.7381,8.147,3.0036,10.81,18.52,v_stop
8.0,-8.0,moderate,0.45,max_gross,165500.0,nominal,0.45,high_max,11.11,2.7429,27.4995,3.0036,10.81,18.52,v_stop
8.0,-8.0,moderate,0.45,max_gross,165500.0,high_human,1.2,low,3.0,2.737,5.2441,1.9318,6.95,18.52,v_stop
8.0,-8.0,moderate,0.45,max_gross,165500.0,high_human,1.2,medium_site,5.56,2.7381,12.317,1.9318,6.95,18.52,v_stop
8.0,-8.0,moderate,0.45,max_gross,165500.0,high_human,1.2,high_max,11.11,2.7429,35.832,1.9318,6.95,18.52,v_stop
8.0,-8.0,wet,0.35,empty,74000.0,low,0.3,low,3.0,2.8369,2.4862,3.361,12.1,18.52,v_stop
8.0,-8.0,wet,0.35,empty,74000.0,low,0.3,medium_site,5.56,2.8394,7.1116,3.361,12.1,18.52,v_stop
8.0,-8.0,wet,0.35,empty,74000.0,low,0.3,high_max,11.11,2.8501,24.9867,3.361,12.1,18.52,v_stop
8.0,-8.0,wet,0.35,empty,74000.0,nominal,0.45,low,3.0,2.8369,2.9362,3.0417,10.95,18.52,v_stop
8.0,-8.0,wet,0.35,empty,74000.0,nominal,0.45,medium_site,5.56,2.8394,7.9456,3.0417,10.95,18.52,v_stop
8.0,-8.0,wet,0.35,empty,74000.0,nominal,0.45,high_max,11.11,2.8501,26.6532,3.0417,10.95,18.52,v_stop
8.0,-8.0,wet,0.35,empty,74000.0,high_human,1.2,low,3.0,2.8369,5.1862,1.9445,7.0,18.52,v_stop
8.0,-8.0,wet,0.35,empty,74000.0,high_human,1.2,medium_site,5.56,2.8394,12.1156,1.9445,7.0,18.52,v_stop
8.0,-8.0,wet,0.35,empty,74000.0,high_human,1.2,high_max,11.11,2.8501,34.9857,1.9445,7.0,18.52,v_stop
8.0,-8.0,wet,0.35,medium,119750.0,low,0.3,low,3.0,2.8365,2.4865,3.361,12.1,18.52,v_stop
8.0,-8.0,wet,0.35,medium,119750.0,low,0.3,medium_site,5.56,2.8381,7.1143,3.361,12.1,18.52,v_stop
8.0,-8.0,wet,0.35,medium,119750.0,low,0.3,high_max,11.11,2.8447,25.0283,3.361,12.1,18.52,v_stop
8.0,-8.0,wet,0.35,medium,119750.0,nominal,0.45,low,3.0,2.8365,2.9365,3.0417,10.95,18.52,v_stop
8.0,-8.0,wet,0.35,medium,119750.0,nominal,0.45,medium_site,5.56,2.8381,7.9483,3.0417,10.95,18.52,v_stop
8.0,-8.0,wet,0.35,medium,119750.0,nominal,0.45,high_max,11.11,2.8447,26.6948,3.0417,10.95,18.52,v_stop
8.0,-8.0,wet,0.35,medium,119750.0,high_human,1.2,low,3.0,2.8365,5.1865,1.9445,7.0,18.52,v_stop
8.0,-8.0,wet,0.35,medium,119750.0,high_human,1.2,medium_site,5.56,2.8381,12.1183,1.9445,7.0,18.52,v_stop
8.0,-8.0,wet,0.35,medium,119750.0,high_human,1.2,high_max,11.11,2.8447,35.0273,1.9445,7.0,18.52,v_stop
8.0,-8.0,wet,0.35,max_gross,165500.0,low,0.3,low,3.0,2.737,2.5441,3.3134,11.93,18.52,v_stop
8.0,-8.0,wet,0.35,max_gross,165500.0,low,0.3,medium_site,5.56,2.7381,7.313,3.3134,11.93,18.52,v_stop
8.0,-8.0,wet,0.35,max_gross,165500.0,low,0.3,high_max,11.11,2.7429,25.833,3.3134,11.93,18.52,v_stop
8.0,-8.0,wet,0.35,max_gross,165500.0,nominal,0.45,low,3.0,2.737,2.9941,3.0036,10.81,18.52,v_stop
8.0,-8.0,wet,0.35,max_gross,165500.0,nominal,0.45,medium_site,5.56,2.7381,8.147,3.0036,10.81,18.52,v_stop
8.0,-8.0,wet,0.35,max_gross,165500.0,nominal,0.45,high_max,11.11,2.7429,27.4995,3.0036,10.81,18.52,v_stop
8.0,-8.0,wet,0.35,max_gross,165500.0,high_human,1.2,low,3.0,2.737,5.2441,1.9318,6.95,18.52,v_stop
8.0,-8.0,wet,0.35,max_gross,165500.0,high_human,1.2,medium_site,5.56,2.7381,12.317,1.9318,6.95,18.52,v_stop
8.0,-8.0,wet,0.35,max_gross,165500.0,high_human,1.2,high_max,11.11,2.7429,35.832,1.9318,6.95,18.52,v_stop
8.0,-8.0,low_friction,0.2,empty,74000.0,low,0.3,low,3.0,1.3701,4.1845,2.4846,8.94,18.52,v_stop
8.0,-8.0,low_friction,0.2,empty,74000.0,low,0.3,medium_site,5.56,1.3726,12.9289,2.4846,8.94,18.52,v_stop
8.0,-8.0,low_friction,0.2,empty,74000.0,low,0.3,high_max,11.11,1.3833,47.9471,2.4846,8.94,18.52,v_stop
8.0,-8.0,low_friction,0.2,empty,74000.0,nominal,0.45,low,3.0,1.3701,4.6345,2.3154,8.34,18.52,v_stop
8.0,-8.0,low_friction,0.2,empty,74000.0,nominal,0.45,medium_site,5.56,1.3726,13.7629,2.3154,8.34,18.52,v_stop
8.0,-8.0,low_friction,0.2,empty,74000.0,nominal,0.45,high_max,11.11,1.3833,49.6136,2.3154,8.34,18.52,v_stop
8.0,-8.0,low_friction,0.2,empty,74000.0,high_human,1.2,low,3.0,1.3701,6.8845,1.6607,5.98,18.52,v_stop
8.0,-8.0,low_friction,0.2,empty,74000.0,high_human,1.2,medium_site,5.56,1.3726,17.9329,1.6607,5.98,18.52,v_stop
8.0,-8.0,low_friction,0.2,empty,74000.0,high_human,1.2,high_max,11.11,1.3833,57.9461,1.6607,5.98,18.52,v_stop
8.0,-8.0,low_friction,0.2,medium,119750.0,low,0.3,low,3.0,1.3697,4.1855,2.4846,8.94,18.52,v_stop
8.0,-8.0,low_friction,0.2,medium,119750.0,low,0.3,medium_site,5.56,1.3712,12.9401,2.4846,8.94,18.52,v_stop
8.0,-8.0,low_friction,0.2,medium,119750.0,low,0.3,high_max,11.11,1.3779,48.1241,2.4846,8.94,18.52,v_stop
8.0,-8.0,low_friction,0.2,medium,119750.0,nominal,0.45,low,3.0,1.3697,4.6355,2.3154,8.34,18.52,v_stop
8.0,-8.0,low_friction,0.2,medium,119750.0,nominal,0.45,medium_site,5.56,1.3712,13.7741,2.3154,8.34,18.52,v_stop
8.0,-8.0,low_friction,0.2,medium,119750.0,nominal,0.45,high_max,11.11,1.3779,49.7906,2.3154,8.34,18.52,v_stop
8.0,-8.0,low_friction,0.2,medium,119750.0,high_human,1.2,low,3.0,1.3697,6.8855,1.6607,5.98,18.52,v_stop
8.0,-8.0,low_friction,0.2,medium,119750.0,high_human,1.2,medium_site,5.56,1.3712,17.9441,1.6607,5.98,18.52,v_stop
8.0,-8.0,low_friction,0.2,medium,119750.0,high_human,1.2,high_max,11.11,1.3779,58.1231,1.6607,5.98,18.52,v_stop
8.0,-8.0,low_friction,0.2,max_gross,165500.0,low,0.3,low,3.0,1.3695,4.1859,2.4846,8.94,18.52,v_stop
8.0,-8.0,low_friction,0.2,max_gross,165500.0,low,0.3,medium_site,5.56,1.3706,12.9452,2.4846,8.94,18.52,v_stop
8.0,-8.0,low_friction,0.2,max_gross,165500.0,low,0.3,high_max,11.11,1.3754,48.2036,2.4846,8.94,18.52,v_stop
8.0,-8.0,low_friction,0.2,max_gross,165500.0,nominal,0.45,low,3.0,1.3695,4.6359,2.3154,8.34,18.52,v_stop
8.0,-8.0,low_friction,0.2,max_gross,165500.0,nominal,0.45,medium_site,5.56,1.3706,13.7792,2.3154,8.34,18.52,v_stop
8.0,-8.0,low_friction,0.2,max_gross,165500.0,nominal,0.45,high_max,11.11,1.3754,49.8701,2.3154,8.34,18.52,v_stop
8.0,-8.0,low_friction,0.2,max_gross,165500.0,high_human,1.2,low,3.0,1.3695,6.8859,1.6607,5.98,18.52,v_stop
8.0,-8.0,low_friction,0.2,max_gross,165500.0,high_human,1.2,medium_site,5.56,1.3706,17.9492,1.6607,5.98,18.52,v_stop
8.0,-8.0,low_friction,0.2,max_gross,165500.0,high_human,1.2,high_max,11.11,1.3754,58.2026,1.6607,5.98,18.52,v_stop
5.0,8.0,dry_high,0.65,empty,74000.0,low,0.3,low,3.0,7.3351,1.5135,0.0,0.0,15.52,TIER_1_SAFETY_ZERO_SPEED_HALT
5.0,8.0,dry_high,0.65,empty,74000.0,low,0.3,medium_site,5.56,7.3377,3.7745,0.0,0.0,15.52,TIER_1_SAFETY_ZERO_SPEED_HALT
5.0,8.0,dry_high,0.65,empty,74000.0,low,0.3,high_max,11.11,7.3484,11.7316,0.0,0.0,15.52,TIER_1_SAFETY_ZERO_SPEED_HALT
5.0,8.0,dry_high,0.65,empty,74000.0,nominal,0.45,low,3.0,7.3351,1.9635,0.0,0.0,15.52,TIER_1_SAFETY_ZERO_SPEED_HALT
5.0,8.0,dry_high,0.65,empty,74000.0,nominal,0.45,medium_site,5.56,7.3377,4.6085,0.0,0.0,15.52,TIER_1_SAFETY_ZERO_SPEED_HALT
5.0,8.0,dry_high,0.65,empty,74000.0,nominal,0.45,high_max,11.11,7.3484,13.3981,0.0,0.0,15.52,TIER_1_SAFETY_ZERO_SPEED_HALT
5.0,8.0,dry_high,0.65,empty,74000.0,high_human,1.2,low,3.0,7.3351,4.2135,0.0,0.0,15.52,TIER_1_SAFETY_ZERO_SPEED_HALT
5.0,8.0,dry_high,0.65,empty,74000.0,high_human,1.2,medium_site,5.56,7.3377,8.7785,0.0,0.0,15.52,TIER_1_SAFETY_ZERO_SPEED_HALT
5.0,8.0,dry_high,0.65,empty,74000.0,high_human,1.2,high_max,11.11,7.3484,21.7306,0.0,0.0,15.52,TIER_1_SAFETY_ZERO_SPEED_HALT
5.0,8.0,dry_high,0.65,medium,119750.0,low,0.3,low,3.0,5.5714,1.7077,0.0,0.0,15.52,TIER_1_SAFETY_ZERO_SPEED_HALT
5.0,8.0,dry_high,0.65,medium,119750.0,low,0.3,medium_site,5.56,5.573,4.4415,0.0,0.0,15.52,TIER_1_SAFETY_ZERO_SPEED_HALT
5.0,8.0,dry_high,0.65,medium,119750.0,low,0.3,high_max,11.11,5.5796,14.394,0.0,0.0,15.52,TIER_1_SAFETY_ZERO_SPEED_HALT
5.0,8.0,dry_high,0.65,medium,119750.0,nominal,0.45,low,3.0,5.5714,2.1577,0.0,0.0,15.52,TIER_1_SAFETY_ZERO_SPEED_HALT
5.0,8.0,dry_high,0.65,medium,119750.0,nominal,0.45,medium_site,5.56,5.573,5.2755,0.0,0.0,15.52,TIER_1_SAFETY_ZERO_SPEED_HALT
5.0,8.0,dry_high,0.65,medium,119750.0,nominal,0.45,high_max,11.11,5.5796,16.0605,0.0,0.0,15.52,TIER_1_SAFETY_ZERO_SPEED_HALT
5.0,8.0,dry_high,0.65,medium,119750.0,high_human,1.2,low,3.0,5.5714,4.4077,0.0,0.0,15.52,TIER_1_SAFETY_ZERO_SPEED_HALT
5.0,8.0,dry_high,0.65,medium,119750.0,high_human,1.2,medium_site,5.56,5.573,9.4455,0.0,0.0,15.52,TIER_1_SAFETY_ZERO_SPEED_HALT
5.0,8.0,dry_high,0.65,medium,119750.0,high_human,1.2,high_max,11.11,5.5796,24.393,0.0,0.0,15.52,TIER_1_SAFETY_ZERO_SPEED_HALT
5.0,8.0,dry_high,0.65,max_gross,165500.0,low,0.3,low,3.0,4.3016,1.9461,0.0,0.0,15.52,TIER_1_SAFETY_ZERO_SPEED_HALT
5.0,8.0,dry_high,0.65,max_gross,165500.0,low,0.3,medium_site,5.56,4.3027,5.2603,0.0,0.0,15.52,TIER_1_SAFETY_ZERO_SPEED_HALT
5.0,8.0,dry_high,0.65,max_gross,165500.0,low,0.3,high_max,11.11,4.3075,17.6605,0.0,0.0,15.52,TIER_1_SAFETY_ZERO_SPEED_HALT
5.0,8.0,dry_high,0.65,max_gross,165500.0,nominal,0.45,low,3.0,4.3016,2.3961,0.0,0.0,15.52,TIER_1_SAFETY_ZERO_SPEED_HALT
5.0,8.0,dry_high,0.65,max_gross,165500.0,nominal,0.45,medium_site,5.56,4.3027,6.0943,0.0,0.0,15.52,TIER_1_SAFETY_ZERO_SPEED_HALT
5.0,8.0,dry_high,0.65,max_gross,165500.0,nominal,0.45,high_max,11.11,4.3075,19.327,0.0,0.0,15.52,TIER_1_SAFETY_ZERO_SPEED_HALT
5.0,8.0,dry_high,0.65,max_gross,165500.0,high_human,1.2,low,3.0,4.3016,4.6461,0.0,0.0,15.52,TIER_1_SAFETY_ZERO_SPEED_HALT
5.0,8.0,dry_high,0.65,max_gross,165500.0,high_human,1.2,medium_site,5.56,4.3027,10.2643,0.0,0.0,15.52,TIER_1_SAFETY_ZERO_SPEED_HALT
5.0,8.0,dry_high,0.65,max_gross,165500.0,high_human,1.2,high_max,11.11,4.3075,27.6595,0.0,0.0,15.52,TIER_1_SAFETY_ZERO_SPEED_HALT
5.0,8.0,moderate,0.45,empty,74000.0,low,0.3,low,3.0,5.3794,1.7365,0.0,0.0,15.52,TIER_1_SAFETY_ZERO_SPEED_HALT
5.0,8.0,moderate,0.45,empty,74000.0,low,0.3,medium_site,5.56,5.3819,4.54,0.0,0.0,15.52,TIER_1_SAFETY_ZERO_SPEED_HALT
5.0,8.0,moderate,0.45,empty,74000.0,low,0.3,high_max,11.11,5.3926,14.7775,0.0,0.0,15.52,TIER_1_SAFETY_ZERO_SPEED_HALT
5.0,8.0,moderate,0.45,empty,74000.0,nominal,0.45,low,3.0,5.3794,2.1865,0.0,0.0,15.52,TIER_1_SAFETY_ZERO_SPEED_HALT
5.0,8.0,moderate,0.45,empty,74000.0,nominal,0.45,medium_site,5.56,5.3819,5.374,0.0,0.0,15.52,TIER_1_SAFETY_ZERO_SPEED_HALT
5.0,8.0,moderate,0.45,empty,74000.0,nominal,0.45,high_max,11.11,5.3926,16.444,0.0,0.0,15.52,TIER_1_SAFETY_ZERO_SPEED_HALT
5.0,8.0,moderate,0.45,empty,74000.0,high_human,1.2,low,3.0,5.3794,4.4365,0.0,0.0,15.52,TIER_1_SAFETY_ZERO_SPEED_HALT
5.0,8.0,moderate,0.45,empty,74000.0,high_human,1.2,medium_site,5.56,5.3819,9.544,0.0,0.0,15.52,TIER_1_SAFETY_ZERO_SPEED_HALT
5.0,8.0,moderate,0.45,empty,74000.0,high_human,1.2,high_max,11.11,5.3926,24.7765,0.0,0.0,15.52,TIER_1_SAFETY_ZERO_SPEED_HALT
5.0,8.0,moderate,0.45,medium,119750.0,low,0.3,low,3.0,5.379,1.7366,0.0,0.0,15.52,TIER_1_SAFETY_ZERO_SPEED_HALT
5.0,8.0,moderate,0.45,medium,119750.0,low,0.3,medium_site,5.56,5.3805,4.5407,0.0,0.0,15.52,TIER_1_SAFETY_ZERO_SPEED_HALT
5.0,8.0,moderate,0.45,medium,119750.0,low,0.3,high_max,11.11,5.3872,14.7891,0.0,0.0,15.52,TIER_1_SAFETY_ZERO_SPEED_HALT
5.0,8.0,moderate,0.45,medium,119750.0,nominal,0.45,low,3.0,5.379,2.1866,0.0,0.0,15.52,TIER_1_SAFETY_ZERO_SPEED_HALT
5.0,8.0,moderate,0.45,medium,119750.0,nominal,0.45,medium_site,5.56,5.3805,5.3747,0.0,0.0,15.52,TIER_1_SAFETY_ZERO_SPEED_HALT
5.0,8.0,moderate,0.45,medium,119750.0,nominal,0.45,high_max,11.11,5.3872,16.4556,0.0,0.0,15.52,TIER_1_SAFETY_ZERO_SPEED_HALT
5.0,8.0,moderate,0.45,medium,119750.0,high_human,1.2,low,3.0,5.379,4.4366,0.0,0.0,15.52,TIER_1_SAFETY_ZERO_SPEED_HALT
5.0,8.0,moderate,0.45,medium,119750.0,high_human,1.2,medium_site,5.56,5.3805,9.5447,0.0,0.0,15.52,TIER_1_SAFETY_ZERO_SPEED_HALT
5.0,8.0,moderate,0.45,medium,119750.0,high_human,1.2,high_max,11.11,5.3872,24.7881,0.0,0.0,15.52,TIER_1_SAFETY_ZERO_SPEED_HALT
5.0,8.0,moderate,0.45,max_gross,165500.0,low,0.3,low,3.0,4.3016,1.9461,0.0,0.0,15.52,TIER_1_SAFETY_ZERO_SPEED_HALT
5.0,8.0,moderate,0.45,max_gross,165500.0,low,0.3,medium_site,5.56,4.3027,5.2603,0.0,0.0,15.52,TIER_1_SAFETY_ZERO_SPEED_HALT
5.0,8.0,moderate,0.45,max_gross,165500.0,low,0.3,high_max,11.11,4.3075,17.6605,0.0,0.0,15.52,TIER_1_SAFETY_ZERO_SPEED_HALT
5.0,8.0,moderate,0.45,max_gross,165500.0,nominal,0.45,low,3.0,4.3016,2.3961,0.0,0.0,15.52,TIER_1_SAFETY_ZERO_SPEED_HALT
5.0,8.0,moderate,0.45,max_gross,165500.0,nominal,0.45,medium_site,5.56,4.3027,6.0943,0.0,0.0,15.52,TIER_1_SAFETY_ZERO_SPEED_HALT
5.0,8.0,moderate,0.45,max_gross,165500.0,nominal,0.45,high_max,11.11,4.3075,19.327,0.0,0.0,15.52,TIER_1_SAFETY_ZERO_SPEED_HALT
5.0,8.0,moderate,0.45,max_gross,165500.0,high_human,1.2,low,3.0,4.3016,4.6461,0.0,0.0,15.52,TIER_1_SAFETY_ZERO_SPEED_HALT
5.0,8.0,moderate,0.45,max_gross,165500.0,high_human,1.2,medium_site,5.56,4.3027,10.2643,0.0,0.0,15.52,TIER_1_SAFETY_ZERO_SPEED_HALT
5.0,8.0,moderate,0.45,max_gross,165500.0,high_human,1.2,high_max,11.11,4.3075,27.6595,0.0,0.0,15.52,TIER_1_SAFETY_ZERO_SPEED_HALT
5.0,8.0,wet,0.35,empty,74000.0,low,0.3,low,3.0,4.4015,1.9224,0.0,0.0,15.52,TIER_1_SAFETY_ZERO_SPEED_HALT
5.0,8.0,wet,0.35,empty,74000.0,low,0.3,medium_site,5.56,4.404,5.1777,0.0,0.0,15.52,TIER_1_SAFETY_ZERO_SPEED_HALT
5.0,8.0,wet,0.35,empty,74000.0,low,0.3,high_max,11.11,4.4147,17.3125,0.0,0.0,15.52,TIER_1_SAFETY_ZERO_SPEED_HALT
5.0,8.0,wet,0.35,empty,74000.0,nominal,0.45,low,3.0,4.4015,2.3724,0.0,0.0,15.52,TIER_1_SAFETY_ZERO_SPEED_HALT
5.0,8.0,wet,0.35,empty,74000.0,nominal,0.45,medium_site,5.56,4.404,6.0117,0.0,0.0,15.52,TIER_1_SAFETY_ZERO_SPEED_HALT
5.0,8.0,wet,0.35,empty,74000.0,nominal,0.45,high_max,11.11,4.4147,18.979,0.0,0.0,15.52,TIER_1_SAFETY_ZERO_SPEED_HALT
5.0,8.0,wet,0.35,empty,74000.0,high_human,1.2,low,3.0,4.4015,4.6224,0.0,0.0,15.52,TIER_1_SAFETY_ZERO_SPEED_HALT
5.0,8.0,wet,0.35,empty,74000.0,high_human,1.2,medium_site,5.56,4.404,10.1817,0.0,0.0,15.52,TIER_1_SAFETY_ZERO_SPEED_HALT
5.0,8.0,wet,0.35,empty,74000.0,high_human,1.2,high_max,11.11,4.4147,27.3115,0.0,0.0,15.52,TIER_1_SAFETY_ZERO_SPEED_HALT
5.0,8.0,wet,0.35,medium,119750.0,low,0.3,low,3.0,4.4011,1.9225,0.0,0.0,15.52,TIER_1_SAFETY_ZERO_SPEED_HALT
5.0,8.0,wet,0.35,medium,119750.0,low,0.3,medium_site,5.56,4.4027,5.1788,0.0,0.0,15.52,TIER_1_SAFETY_ZERO_SPEED_HALT
5.0,8.0,wet,0.35,medium,119750.0,low,0.3,high_max,11.11,4.4093,17.3299,0.0,0.0,15.52,TIER_1_SAFETY_ZERO_SPEED_HALT
5.0,8.0,wet,0.35,medium,119750.0,nominal,0.45,low,3.0,4.4011,2.3725,0.0,0.0,15.52,TIER_1_SAFETY_ZERO_SPEED_HALT
5.0,8.0,wet,0.35,medium,119750.0,nominal,0.45,medium_site,5.56,4.4027,6.0128,0.0,0.0,15.52,TIER_1_SAFETY_ZERO_SPEED_HALT
5.0,8.0,wet,0.35,medium,119750.0,nominal,0.45,high_max,11.11,4.4093,18.9964,0.0,0.0,15.52,TIER_1_SAFETY_ZERO_SPEED_HALT
5.0,8.0,wet,0.35,medium,119750.0,high_human,1.2,low,3.0,4.4011,4.6225,0.0,0.0,15.52,TIER_1_SAFETY_ZERO_SPEED_HALT
5.0,8.0,wet,0.35,medium,119750.0,high_human,1.2,medium_site,5.56,4.4027,10.1828,0.0,0.0,15.52,TIER_1_SAFETY_ZERO_SPEED_HALT
5.0,8.0,wet,0.35,medium,119750.0,high_human,1.2,high_max,11.11,4.4093,27.3289,0.0,0.0,15.52,TIER_1_SAFETY_ZERO_SPEED_HALT
5.0,8.0,wet,0.35,max_gross,165500.0,low,0.3,low,3.0,4.3016,1.9461,0.0,0.0,15.52,TIER_1_SAFETY_ZERO_SPEED_HALT
5.0,8.0,wet,0.35,max_gross,165500.0,low,0.3,medium_site,5.56,4.3027,5.2603,0.0,0.0,15.52,TIER_1_SAFETY_ZERO_SPEED_HALT
5.0,8.0,wet,0.35,max_gross,165500.0,low,0.3,high_max,11.11,4.3075,17.6605,0.0,0.0,15.52,TIER_1_SAFETY_ZERO_SPEED_HALT
5.0,8.0,wet,0.35,max_gross,165500.0,nominal,0.45,low,3.0,4.3016,2.3961,0.0,0.0,15.52,TIER_1_SAFETY_ZERO_SPEED_HALT
5.0,8.0,wet,0.35,max_gross,165500.0,nominal,0.45,medium_site,5.56,4.3027,6.0943,0.0,0.0,15.52,TIER_1_SAFETY_ZERO_SPEED_HALT
5.0,8.0,wet,0.35,max_gross,165500.0,nominal,0.45,high_max,11.11,4.3075,19.327,0.0,0.0,15.52,TIER_1_SAFETY_ZERO_SPEED_HALT
5.0,8.0,wet,0.35,max_gross,165500.0,high_human,1.2,low,3.0,4.3016,4.6461,0.0,0.0,15.52,TIER_1_SAFETY_ZERO_SPEED_HALT
5.0,8.0,wet,0.35,max_gross,165500.0,high_human,1.2,medium_site,5.56,4.3027,10.2643,0.0,0.0,15.52,TIER_1_SAFETY_ZERO_SPEED_HALT
5.0,8.0,wet,0.35,max_gross,165500.0,high_human,1.2,high_max,11.11,4.3075,27.6595,0.0,0.0,15.52,TIER_1_SAFETY_ZERO_SPEED_HALT
5.0,8.0,low_friction,0.2,empty,74000.0,low,0.3,low,3.0,2.9347,2.4334,0.0,0.0,15.52,TIER_1_SAFETY_ZERO_SPEED_HALT
5.0,8.0,low_friction,0.2,empty,74000.0,low,0.3,medium_site,5.56,2.9372,6.9304,0.0,0.0,15.52,TIER_1_SAFETY_ZERO_SPEED_HALT
5.0,8.0,low_friction,0.2,empty,74000.0,low,0.3,high_max,11.11,2.9479,24.2684,0.0,0.0,15.52,TIER_1_SAFETY_ZERO_SPEED_HALT
5.0,8.0,low_friction,0.2,empty,74000.0,nominal,0.45,low,3.0,2.9347,2.8834,0.0,0.0,15.52,TIER_1_SAFETY_ZERO_SPEED_HALT
5.0,8.0,low_friction,0.2,empty,74000.0,nominal,0.45,medium_site,5.56,2.9372,7.7644,0.0,0.0,15.52,TIER_1_SAFETY_ZERO_SPEED_HALT
5.0,8.0,low_friction,0.2,empty,74000.0,nominal,0.45,high_max,11.11,2.9479,25.9349,0.0,0.0,15.52,TIER_1_SAFETY_ZERO_SPEED_HALT
5.0,8.0,low_friction,0.2,empty,74000.0,high_human,1.2,low,3.0,2.9347,5.1334,0.0,0.0,15.52,TIER_1_SAFETY_ZERO_SPEED_HALT
5.0,8.0,low_friction,0.2,empty,74000.0,high_human,1.2,medium_site,5.56,2.9372,11.9344,0.0,0.0,15.52,TIER_1_SAFETY_ZERO_SPEED_HALT
5.0,8.0,low_friction,0.2,empty,74000.0,high_human,1.2,high_max,11.11,2.9479,34.2674,0.0,0.0,15.52,TIER_1_SAFETY_ZERO_SPEED_HALT
5.0,8.0,low_friction,0.2,medium,119750.0,low,0.3,low,3.0,2.9343,2.4336,0.0,0.0,15.52,TIER_1_SAFETY_ZERO_SPEED_HALT
5.0,8.0,low_friction,0.2,medium,119750.0,low,0.3,medium_site,5.56,2.9358,6.9329,0.0,0.0,15.52,TIER_1_SAFETY_ZERO_SPEED_HALT
5.0,8.0,low_friction,0.2,medium,119750.0,low,0.3,high_max,11.11,2.9425,24.3073,0.0,0.0,15.52,TIER_1_SAFETY_ZERO_SPEED_HALT
5.0,8.0,low_friction,0.2,medium,119750.0,nominal,0.45,low,3.0,2.9343,2.8836,0.0,0.0,15.52,TIER_1_SAFETY_ZERO_SPEED_HALT
5.0,8.0,low_friction,0.2,medium,119750.0,nominal,0.45,medium_site,5.56,2.9358,7.7669,0.0,0.0,15.52,TIER_1_SAFETY_ZERO_SPEED_HALT
5.0,8.0,low_friction,0.2,medium,119750.0,nominal,0.45,high_max,11.11,2.9425,25.9738,0.0,0.0,15.52,TIER_1_SAFETY_ZERO_SPEED_HALT
5.0,8.0,low_friction,0.2,medium,119750.0,high_human,1.2,low,3.0,2.9343,5.1336,0.0,0.0,15.52,TIER_1_SAFETY_ZERO_SPEED_HALT
5.0,8.0,low_friction,0.2,medium,119750.0,high_human,1.2,medium_site,5.56,2.9358,11.9369,0.0,0.0,15.52,TIER_1_SAFETY_ZERO_SPEED_HALT
5.0,8.0,low_friction,0.2,medium,119750.0,high_human,1.2,high_max,11.11,2.9425,34.3063,0.0,0.0,15.52,TIER_1_SAFETY_ZERO_SPEED_HALT
5.0,8.0,low_friction,0.2,max_gross,165500.0,low,0.3,low,3.0,2.9341,2.4337,0.0,0.0,15.52,TIER_1_SAFETY_ZERO_SPEED_HALT
5.0,8.0,low_friction,0.2,max_gross,165500.0,low,0.3,medium_site,5.56,2.9352,6.934,0.0,0.0,15.52,TIER_1_SAFETY_ZERO_SPEED_HALT
5.0,8.0,low_friction,0.2,max_gross,165500.0,low,0.3,high_max,11.11,2.94,24.3247,0.0,0.0,15.52,TIER_1_SAFETY_ZERO_SPEED_HALT
5.0,8.0,low_friction,0.2,max_gross,165500.0,nominal,0.45,low,3.0,2.9341,2.8837,0.0,0.0,15.52,TIER_1_SAFETY_ZERO_SPEED_HALT
5.0,8.0,low_friction,0.2,max_gross,165500.0,nominal,0.45,medium_site,5.56,2.9352,7.768,0.0,0.0,15.52,TIER_1_SAFETY_ZERO_SPEED_HALT
5.0,8.0,low_friction,0.2,max_gross,165500.0,nominal,0.45,high_max,11.11,2.94,25.9912,0.0,0.0,15.52,TIER_1_SAFETY_ZERO_SPEED_HALT
5.0,8.0,low_friction,0.2,max_gross,165500.0,high_human,1.2,low,3.0,2.9341,5.1337,0.0,0.0,15.52,TIER_1_SAFETY_ZERO_SPEED_HALT
5.0,8.0,low_friction,0.2,max_gross,165500.0,high_human,1.2,medium_site,5.56,2.9352,11.938,0.0,0.0,15.52,TIER_1_SAFETY_ZERO_SPEED_HALT
5.0,8.0,low_friction,0.2,max_gross,165500.0,high_human,1.2,high_max,11.11,2.94,34.3237,0.0,0.0,15.52,TIER_1_SAFETY_ZERO_SPEED_HALT
5.0,5.0,dry_high,0.65,empty,74000.0,low,0.3,low,3.0,7.0554,1.5378,0.0,0.0,15.52,TIER_1_SAFETY_ZERO_SPEED_HALT
5.0,5.0,dry_high,0.65,empty,74000.0,low,0.3,medium_site,5.56,7.058,3.858,0.0,0.0,15.52,TIER_1_SAFETY_ZERO_SPEED_HALT
5.0,5.0,dry_high,0.65,empty,74000.0,low,0.3,high_max,11.11,7.0687,12.0639,0.0,0.0,15.52,TIER_1_SAFETY_ZERO_SPEED_HALT
5.0,5.0,dry_high,0.65,empty,74000.0,nominal,0.45,low,3.0,7.0554,1.9878,0.0,0.0,15.52,TIER_1_SAFETY_ZERO_SPEED_HALT
5.0,5.0,dry_high,0.65,empty,74000.0,nominal,0.45,medium_site,5.56,7.058,4.692,0.0,0.0,15.52,TIER_1_SAFETY_ZERO_SPEED_HALT
5.0,5.0,dry_high,0.65,empty,74000.0,nominal,0.45,high_max,11.11,7.0687,13.7304,0.0,0.0,15.52,TIER_1_SAFETY_ZERO_SPEED_HALT
5.0,5.0,dry_high,0.65,empty,74000.0,high_human,1.2,low,3.0,7.0554,4.2378,0.0,0.0,15.52,TIER_1_SAFETY_ZERO_SPEED_HALT
5.0,5.0,dry_high,0.65,empty,74000.0,high_human,1.2,medium_site,5.56,7.058,8.862,0.0,0.0,15.52,TIER_1_SAFETY_ZERO_SPEED_HALT
5.0,5.0,dry_high,0.65,empty,74000.0,high_human,1.2,high_max,11.11,7.0687,22.0629,0.0,0.0,15.52,TIER_1_SAFETY_ZERO_SPEED_HALT
5.0,5.0,dry_high,0.65,medium,119750.0,low,0.3,low,3.0,5.2794,1.7524,0.0,0.0,15.52,TIER_1_SAFETY_ZERO_SPEED_HALT
5.0,5.0,dry_high,0.65,medium,119750.0,low,0.3,medium_site,5.56,5.281,4.5949,0.0,0.0,15.52,TIER_1_SAFETY_ZERO_SPEED_HALT
5.0,5.0,dry_high,0.65,medium,119750.0,low,0.3,high_max,11.11,5.2876,15.0049,0.0,0.0,15.52,TIER_1_SAFETY_ZERO_SPEED_HALT
5.0,5.0,dry_high,0.65,medium,119750.0,nominal,0.45,low,3.0,5.2794,2.2024,0.0,0.0,15.52,TIER_1_SAFETY_ZERO_SPEED_HALT
5.0,5.0,dry_high,0.65,medium,119750.0,nominal,0.45,medium_site,5.56,5.281,5.4289,0.0,0.0,15.52,TIER_1_SAFETY_ZERO_SPEED_HALT
5.0,5.0,dry_high,0.65,medium,119750.0,nominal,0.45,high_max,11.11,5.2876,16.6714,0.0,0.0,15.52,TIER_1_SAFETY_ZERO_SPEED_HALT
5.0,5.0,dry_high,0.65,medium,119750.0,high_human,1.2,low,3.0,5.2794,4.4524,0.0,0.0,15.52,TIER_1_SAFETY_ZERO_SPEED_HALT
5.0,5.0,dry_high,0.65,medium,119750.0,high_human,1.2,medium_site,5.56,5.281,9.5989,0.0,0.0,15.52,TIER_1_SAFETY_ZERO_SPEED_HALT
5.0,5.0,dry_high,0.65,medium,119750.0,high_human,1.2,high_max,11.11,5.2876,25.0039,0.0,0.0,15.52,TIER_1_SAFETY_ZERO_SPEED_HALT
5.0,5.0,dry_high,0.65,max_gross,165500.0,low,0.3,low,3.0,4.0096,2.0223,0.0,0.0,15.52,TIER_1_SAFETY_ZERO_SPEED_HALT
5.0,5.0,dry_high,0.65,max_gross,165500.0,low,0.3,medium_site,5.56,4.0107,5.5219,0.0,0.0,15.52,TIER_1_SAFETY_ZERO_SPEED_HALT
5.0,5.0,dry_high,0.65,max_gross,165500.0,low,0.3,high_max,11.11,4.0155,18.7025,0.0,0.0,15.52,TIER_1_SAFETY_ZERO_SPEED_HALT
5.0,5.0,dry_high,0.65,max_gross,165500.0,nominal,0.45,low,3.0,4.0096,2.4723,0.0,0.0,15.52,TIER_1_SAFETY_ZERO_SPEED_HALT
5.0,5.0,dry_high,0.65,max_gross,165500.0,nominal,0.45,medium_site,5.56,4.0107,6.3559,0.0,0.0,15.52,TIER_1_SAFETY_ZERO_SPEED_HALT
5.0,5.0,dry_high,0.65,max_gross,165500.0,nominal,0.45,high_max,11.11,4.0155,20.369,0.0,0.0,15.52,TIER_1_SAFETY_ZERO_SPEED_HALT
5.0,5.0,dry_high,0.65,max_gross,165500.0,high_human,1.2,low,3.0,4.0096,4.7223,0.0,0.0,15.52,TIER_1_SAFETY_ZERO_SPEED_HALT
5.0,5.0,dry_high,0.65,max_gross,165500.0,high_human,1.2,medium_site,5.56,4.0107,10.5259,0.0,0.0,15.52,TIER_1_SAFETY_ZERO_SPEED_HALT
5.0,5.0,dry_high,0.65,max_gross,165500.0,high_human,1.2,high_max,11.11,4.0155,28.7015,0.0,0.0,15.52,TIER_1_SAFETY_ZERO_SPEED_HALT
5.0,5.0,moderate,0.45,empty,74000.0,low,0.3,low,3.0,5.0959,1.7831,0.0,0.0,15.52,TIER_1_SAFETY_ZERO_SPEED_HALT
5.0,5.0,moderate,0.45,empty,74000.0,low,0.3,medium_site,5.56,5.0984,4.6997,0.0,0.0,15.52,TIER_1_SAFETY_ZERO_SPEED_HALT
5.0,5.0,moderate,0.45,empty,74000.0,low,0.3,high_max,11.11,5.1091,15.4125,0.0,0.0,15.52,TIER_1_SAFETY_ZERO_SPEED_HALT
5.0,5.0,moderate,0.45,empty,74000.0,nominal,0.45,low,3.0,5.0959,2.2331,0.0,0.0,15.52,TIER_1_SAFETY_ZERO_SPEED_HALT
5.0,5.0,moderate,0.45,empty,74000.0,nominal,0.45,medium_site,5.56,5.0984,5.5337,0.0,0.0,15.52,TIER_1_SAFETY_ZERO_SPEED_HALT
5.0,5.0,moderate,0.45,empty,74000.0,nominal,0.45,high_max,11.11,5.1091,17.079,0.0,0.0,15.52,TIER_1_SAFETY_ZERO_SPEED_HALT
5.0,5.0,moderate,0.45,empty,74000.0,high_human,1.2,low,3.0,5.0959,4.4831,0.0,0.0,15.52,TIER_1_SAFETY_ZERO_SPEED_HALT
5.0,5.0,moderate,0.45,empty,74000.0,high_human,1.2,medium_site,5.56,5.0984,9.7037,0.0,0.0,15.52,TIER_1_SAFETY_ZERO_SPEED_HALT
5.0,5.0,moderate,0.45,empty,74000.0,high_human,1.2,high_max,11.11,5.1091,25.4115,0.0,0.0,15.52,TIER_1_SAFETY_ZERO_SPEED_HALT
5.0,5.0,moderate,0.45,medium,119750.0,low,0.3,low,3.0,5.0955,1.7831,0.0,0.0,15.52,TIER_1_SAFETY_ZERO_SPEED_HALT
5.0,5.0,moderate,0.45,medium,119750.0,low,0.3,medium_site,5.56,5.097,4.7005,0.0,0.0,15.52,TIER_1_SAFETY_ZERO_SPEED_HALT
5.0,5.0,moderate,0.45,medium,119750.0,low,0.3,high_max,11.11,5.1037,15.4255,0.0,0.0,15.52,TIER_1_SAFETY_ZERO_SPEED_HALT
5.0,5.0,moderate,0.45,medium,119750.0,nominal,0.45,low,3.0,5.0955,2.2331,0.0,0.0,15.52,TIER_1_SAFETY_ZERO_SPEED_HALT
5.0,5.0,moderate,0.45,medium,119750.0,nominal,0.45,medium_site,5.56,5.097,5.5345,0.0,0.0,15.52,TIER_1_SAFETY_ZERO_SPEED_HALT
5.0,5.0,moderate,0.45,medium,119750.0,nominal,0.45,high_max,11.11,5.1037,17.092,0.0,0.0,15.52,TIER_1_SAFETY_ZERO_SPEED_HALT
5.0,5.0,moderate,0.45,medium,119750.0,high_human,1.2,low,3.0,5.0955,4.4831,0.0,0.0,15.52,TIER_1_SAFETY_ZERO_SPEED_HALT
5.0,5.0,moderate,0.45,medium,119750.0,high_human,1.2,medium_site,5.56,5.097,9.7045,0.0,0.0,15.52,TIER_1_SAFETY_ZERO_SPEED_HALT
5.0,5.0,moderate,0.45,medium,119750.0,high_human,1.2,high_max,11.11,5.1037,25.4245,0.0,0.0,15.52,TIER_1_SAFETY_ZERO_SPEED_HALT
5.0,5.0,moderate,0.45,max_gross,165500.0,low,0.3,low,3.0,4.0096,2.0223,0.0,0.0,15.52,TIER_1_SAFETY_ZERO_SPEED_HALT
5.0,5.0,moderate,0.45,max_gross,165500.0,low,0.3,medium_site,5.56,4.0107,5.5219,0.0,0.0,15.52,TIER_1_SAFETY_ZERO_SPEED_HALT
5.0,5.0,moderate,0.45,max_gross,165500.0,low,0.3,high_max,11.11,4.0155,18.7025,0.0,0.0,15.52,TIER_1_SAFETY_ZERO_SPEED_HALT
5.0,5.0,moderate,0.45,max_gross,165500.0,nominal,0.45,low,3.0,4.0096,2.4723,0.0,0.0,15.52,TIER_1_SAFETY_ZERO_SPEED_HALT
5.0,5.0,moderate,0.45,max_gross,165500.0,nominal,0.45,medium_site,5.56,4.0107,6.3559,0.0,0.0,15.52,TIER_1_SAFETY_ZERO_SPEED_HALT
5.0,5.0,moderate,0.45,max_gross,165500.0,nominal,0.45,high_max,11.11,4.0155,20.369,0.0,0.0,15.52,TIER_1_SAFETY_ZERO_SPEED_HALT
5.0,5.0,moderate,0.45,max_gross,165500.0,high_human,1.2,low,3.0,4.0096,4.7223,0.0,0.0,15.52,TIER_1_SAFETY_ZERO_SPEED_HALT
5.0,5.0,moderate,0.45,max_gross,165500.0,high_human,1.2,medium_site,5.56,4.0107,10.5259,0.0,0.0,15.52,TIER_1_SAFETY_ZERO_SPEED_HALT
5.0,5.0,moderate,0.45,max_gross,165500.0,high_human,1.2,high_max,11.11,4.0155,28.7015,0.0,0.0,15.52,TIER_1_SAFETY_ZERO_SPEED_HALT
5.0,5.0,wet,0.35,empty,74000.0,low,0.3,low,3.0,4.1161,1.9933,0.0,0.0,15.52,TIER_1_SAFETY_ZERO_SPEED_HALT
5.0,5.0,wet,0.35,empty,74000.0,low,0.3,medium_site,5.56,4.1186,5.4209,0.0,0.0,15.52,TIER_1_SAFETY_ZERO_SPEED_HALT
5.0,5.0,wet,0.35,empty,74000.0,low,0.3,high_max,11.11,4.1294,18.2787,0.0,0.0,15.52,TIER_1_SAFETY_ZERO_SPEED_HALT
5.0,5.0,wet,0.35,empty,74000.0,nominal,0.45,low,3.0,4.1161,2.4433,0.0,0.0,15.52,TIER_1_SAFETY_ZERO_SPEED_HALT
5.0,5.0,wet,0.35,empty,74000.0,nominal,0.45,medium_site,5.56,4.1186,6.2549,0.0,0.0,15.52,TIER_1_SAFETY_ZERO_SPEED_HALT
5.0,5.0,wet,0.35,empty,74000.0,nominal,0.45,high_max,11.11,4.1294,19.9452,0.0,0.0,15.52,TIER_1_SAFETY_ZERO_SPEED_HALT
5.0,5.0,wet,0.35,empty,74000.0,high_human,1.2,low,3.0,4.1161,4.6933,0.0,0.0,15.52,TIER_1_SAFETY_ZERO_SPEED_HALT
5.0,5.0,wet,0.35,empty,74000.0,high_human,1.2,medium_site,5.56,4.1186,10.4249,0.0,0.0,15.52,TIER_1_SAFETY_ZERO_SPEED_HALT
5.0,5.0,wet,0.35,empty,74000.0,high_human,1.2,high_max,11.11,4.1294,28.2777,0.0,0.0,15.52,TIER_1_SAFETY_ZERO_SPEED_HALT
5.0,5.0,wet,0.35,medium,119750.0,low,0.3,low,3.0,4.1157,1.9934,0.0,0.0,15.52,TIER_1_SAFETY_ZERO_SPEED_HALT
5.0,5.0,wet,0.35,medium,119750.0,low,0.3,medium_site,5.56,4.1173,5.4221,0.0,0.0,15.52,TIER_1_SAFETY_ZERO_SPEED_HALT
5.0,5.0,wet,0.35,medium,119750.0,low,0.3,high_max,11.11,4.1239,18.2985,0.0,0.0,15.52,TIER_1_SAFETY_ZERO_SPEED_HALT
5.0,5.0,wet,0.35,medium,119750.0,nominal,0.45,low,3.0,4.1157,2.4434,0.0,0.0,15.52,TIER_1_SAFETY_ZERO_SPEED_HALT
5.0,5.0,wet,0.35,medium,119750.0,nominal,0.45,medium_site,5.56,4.1173,6.2561,0.0,0.0,15.52,TIER_1_SAFETY_ZERO_SPEED_HALT
5.0,5.0,wet,0.35,medium,119750.0,nominal,0.45,high_max,11.11,4.1239,19.965,0.0,0.0,15.52,TIER_1_SAFETY_ZERO_SPEED_HALT
5.0,5.0,wet,0.35,medium,119750.0,high_human,1.2,low,3.0,4.1157,4.6934,0.0,0.0,15.52,TIER_1_SAFETY_ZERO_SPEED_HALT
5.0,5.0,wet,0.35,medium,119750.0,high_human,1.2,medium_site,5.56,4.1173,10.4261,0.0,0.0,15.52,TIER_1_SAFETY_ZERO_SPEED_HALT
5.0,5.0,wet,0.35,medium,119750.0,high_human,1.2,high_max,11.11,4.1239,28.2975,0.0,0.0,15.52,TIER_1_SAFETY_ZERO_SPEED_HALT
5.0,5.0,wet,0.35,max_gross,165500.0,low,0.3,low,3.0,4.0096,2.0223,0.0,0.0,15.52,TIER_1_SAFETY_ZERO_SPEED_HALT
5.0,5.0,wet,0.35,max_gross,165500.0,low,0.3,medium_site,5.56,4.0107,5.5219,0.0,0.0,15.52,TIER_1_SAFETY_ZERO_SPEED_HALT
5.0,5.0,wet,0.35,max_gross,165500.0,low,0.3,high_max,11.11,4.0155,18.7025,0.0,0.0,15.52,TIER_1_SAFETY_ZERO_SPEED_HALT
5.0,5.0,wet,0.35,max_gross,165500.0,nominal,0.45,low,3.0,4.0096,2.4723,0.0,0.0,15.52,TIER_1_SAFETY_ZERO_SPEED_HALT
5.0,5.0,wet,0.35,max_gross,165500.0,nominal,0.45,medium_site,5.56,4.0107,6.3559,0.0,0.0,15.52,TIER_1_SAFETY_ZERO_SPEED_HALT
5.0,5.0,wet,0.35,max_gross,165500.0,nominal,0.45,high_max,11.11,4.0155,20.369,0.0,0.0,15.52,TIER_1_SAFETY_ZERO_SPEED_HALT
5.0,5.0,wet,0.35,max_gross,165500.0,high_human,1.2,low,3.0,4.0096,4.7223,0.0,0.0,15.52,TIER_1_SAFETY_ZERO_SPEED_HALT
5.0,5.0,wet,0.35,max_gross,165500.0,high_human,1.2,medium_site,5.56,4.0107,10.5259,0.0,0.0,15.52,TIER_1_SAFETY_ZERO_SPEED_HALT
5.0,5.0,wet,0.35,max_gross,165500.0,high_human,1.2,high_max,11.11,4.0155,28.7015,0.0,0.0,15.52,TIER_1_SAFETY_ZERO_SPEED_HALT
5.0,5.0,low_friction,0.2,empty,74000.0,low,0.3,low,3.0,2.6464,2.6004,0.0,0.0,15.52,TIER_1_SAFETY_ZERO_SPEED_HALT
5.0,5.0,low_friction,0.2,empty,74000.0,low,0.3,medium_site,5.56,2.649,7.503,0.0,0.0,15.52,TIER_1_SAFETY_ZERO_SPEED_HALT
5.0,5.0,low_friction,0.2,empty,74000.0,low,0.3,high_max,11.11,2.6597,26.5372,0.0,0.0,15.52,TIER_1_SAFETY_ZERO_SPEED_HALT
5.0,5.0,low_friction,0.2,empty,74000.0,nominal,0.45,low,3.0,2.6464,3.0504,0.0,0.0,15.52,TIER_1_SAFETY_ZERO_SPEED_HALT
5.0,5.0,low_friction,0.2,empty,74000.0,nominal,0.45,medium_site,5.56,2.649,8.337,0.0,0.0,15.52,TIER_1_SAFETY_ZERO_SPEED_HALT
5.0,5.0,low_friction,0.2,empty,74000.0,nominal,0.45,high_max,11.11,2.6597,28.2037,0.0,0.0,15.52,TIER_1_SAFETY_ZERO_SPEED_HALT
5.0,5.0,low_friction,0.2,empty,74000.0,high_human,1.2,low,3.0,2.6464,5.3004,0.0,0.0,15.52,TIER_1_SAFETY_ZERO_SPEED_HALT
5.0,5.0,low_friction,0.2,empty,74000.0,high_human,1.2,medium_site,5.56,2.649,12.507,0.0,0.0,15.52,TIER_1_SAFETY_ZERO_SPEED_HALT
5.0,5.0,low_friction,0.2,empty,74000.0,high_human,1.2,high_max,11.11,2.6597,36.5362,0.0,0.0,15.52,TIER_1_SAFETY_ZERO_SPEED_HALT
5.0,5.0,low_friction,0.2,medium,119750.0,low,0.3,low,3.0,2.646,2.6007,0.0,0.0,15.52,TIER_1_SAFETY_ZERO_SPEED_HALT
5.0,5.0,low_friction,0.2,medium,119750.0,low,0.3,medium_site,5.56,2.6476,7.506,0.0,0.0,15.52,TIER_1_SAFETY_ZERO_SPEED_HALT
5.0,5.0,low_friction,0.2,medium,119750.0,low,0.3,high_max,11.11,2.6542,26.5849,0.0,0.0,15.52,TIER_1_SAFETY_ZERO_SPEED_HALT
5.0,5.0,low_friction,0.2,medium,119750.0,nominal,0.45,low,3.0,2.646,3.0507,0.0,0.0,15.52,TIER_1_SAFETY_ZERO_SPEED_HALT
5.0,5.0,low_friction,0.2,medium,119750.0,nominal,0.45,medium_site,5.56,2.6476,8.34,0.0,0.0,15.52,TIER_1_SAFETY_ZERO_SPEED_HALT
5.0,5.0,low_friction,0.2,medium,119750.0,nominal,0.45,high_max,11.11,2.6542,28.2514,0.0,0.0,15.52,TIER_1_SAFETY_ZERO_SPEED_HALT
5.0,5.0,low_friction,0.2,medium,119750.0,high_human,1.2,low,3.0,2.646,5.3007,0.0,0.0,15.52,TIER_1_SAFETY_ZERO_SPEED_HALT
5.0,5.0,low_friction,0.2,medium,119750.0,high_human,1.2,medium_site,5.56,2.6476,12.51,0.0,0.0,15.52,TIER_1_SAFETY_ZERO_SPEED_HALT
5.0,5.0,low_friction,0.2,medium,119750.0,high_human,1.2,high_max,11.11,2.6542,36.5839,0.0,0.0,15.52,TIER_1_SAFETY_ZERO_SPEED_HALT
5.0,5.0,low_friction,0.2,max_gross,165500.0,low,0.3,low,3.0,2.6459,2.6008,0.0,0.0,15.52,TIER_1_SAFETY_ZERO_SPEED_HALT
5.0,5.0,low_friction,0.2,max_gross,165500.0,low,0.3,medium_site,5.56,2.647,7.5074,0.0,0.0,15.52,TIER_1_SAFETY_ZERO_SPEED_HALT
5.0,5.0,low_friction,0.2,max_gross,165500.0,low,0.3,high_max,11.11,2.6518,26.6063,0.0,0.0,15.52,TIER_1_SAFETY_ZERO_SPEED_HALT
5.0,5.0,low_friction,0.2,max_gross,165500.0,nominal,0.45,low,3.0,2.6459,3.0508,0.0,0.0,15.52,TIER_1_SAFETY_ZERO_SPEED_HALT
5.0,5.0,low_friction,0.2,max_gross,165500.0,nominal,0.45,medium_site,5.56,2.647,8.3414,0.0,0.0,15.52,TIER_1_SAFETY_ZERO_SPEED_HALT
5.0,5.0,low_friction,0.2,max_gross,165500.0,nominal,0.45,high_max,11.11,2.6518,28.2728,0.0,0.0,15.52,TIER_1_SAFETY_ZERO_SPEED_HALT
5.0,5.0,low_friction,0.2,max_gross,165500.0,high_human,1.2,low,3.0,2.6459,5.3008,0.0,0.0,15.52,TIER_1_SAFETY_ZERO_SPEED_HALT
5.0,5.0,low_friction,0.2,max_gross,165500.0,high_human,1.2,medium_site,5.56,2.647,12.5114,0.0,0.0,15.52,TIER_1_SAFETY_ZERO_SPEED_HALT
5.0,5.0,low_friction,0.2,max_gross,165500.0,high_human,1.2,high_max,11.11,2.6518,36.6053,0.0,0.0,15.52,TIER_1_SAFETY_ZERO_SPEED_HALT
5.0,0.0,dry_high,0.65,empty,74000.0,low,0.3,low,3.0,6.5737,1.5845,0.0,0.0,15.52,TIER_1_SAFETY_ZERO_SPEED_HALT
5.0,0.0,dry_high,0.65,empty,74000.0,low,0.3,medium_site,5.56,6.5763,4.0184,0.0,0.0,15.52,TIER_1_SAFETY_ZERO_SPEED_HALT
5.0,0.0,dry_high,0.65,empty,74000.0,low,0.3,high_max,11.11,6.587,12.7024,0.0,0.0,15.52,TIER_1_SAFETY_ZERO_SPEED_HALT
5.0,0.0,dry_high,0.65,empty,74000.0,nominal,0.45,low,3.0,6.5737,2.0345,0.0,0.0,15.52,TIER_1_SAFETY_ZERO_SPEED_HALT
5.0,0.0,dry_high,0.65,empty,74000.0,nominal,0.45,medium_site,5.56,6.5763,4.8524,0.0,0.0,15.52,TIER_1_SAFETY_ZERO_SPEED_HALT
5.0,0.0,dry_high,0.65,empty,74000.0,nominal,0.45,high_max,11.11,6.587,14.3689,0.0,0.0,15.52,TIER_1_SAFETY_ZERO_SPEED_HALT
5.0,0.0,dry_high,0.65,empty,74000.0,high_human,1.2,low,3.0,6.5737,4.2845,0.0,0.0,15.52,TIER_1_SAFETY_ZERO_SPEED_HALT
5.0,0.0,dry_high,0.65,empty,74000.0,high_human,1.2,medium_site,5.56,6.5763,9.0224,0.0,0.0,15.52,TIER_1_SAFETY_ZERO_SPEED_HALT
5.0,0.0,dry_high,0.65,empty,74000.0,high_human,1.2,high_max,11.11,6.587,22.7014,0.0,0.0,15.52,TIER_1_SAFETY_ZERO_SPEED_HALT
5.0,0.0,dry_high,0.65,medium,119750.0,low,0.3,low,3.0,4.7897,1.8395,0.0,0.0,15.52,TIER_1_SAFETY_ZERO_SPEED_HALT
5.0,0.0,dry_high,0.65,medium,119750.0,low,0.3,medium_site,5.56,4.7913,4.894,0.0,0.0,15.52,TIER_1_SAFETY_ZERO_SPEED_HALT
5.0,0.0,dry_high,0.65,medium,119750.0,low,0.3,high_max,11.11,4.7979,16.196,0.0,0.0,15.52,TIER_1_SAFETY_ZERO_SPEED_HALT
5.0,0.0,dry_high,0.65,medium,119750.0,nominal,0.45,low,3.0,4.7897,2.2895,0.0,0.0,15.52,TIER_1_SAFETY_ZERO_SPEED_HALT
5.0,0.0,dry_high,0.65,medium,119750.0,nominal,0.45,medium_site,5.56,4.7913,5.728,0.0,0.0,15.52,TIER_1_SAFETY_ZERO_SPEED_HALT
5.0,0.0,dry_high,0.65,medium,119750.0,nominal,0.45,high_max,11.11,4.7979,17.8625,0.0,0.0,15.52,TIER_1_SAFETY_ZERO_SPEED_HALT
5.0,0.0,dry_high,0.65,medium,119750.0,high_human,1.2,low,3.0,4.7897,4.5395,0.0,0.0,15.52,TIER_1_SAFETY_ZERO_SPEED_HALT
5.0,0.0,dry_high,0.65,medium,119750.0,high_human,1.2,medium_site,5.56,4.7913,9.898,0.0,0.0,15.52,TIER_1_SAFETY_ZERO_SPEED_HALT
5.0,0.0,dry_high,0.65,medium,119750.0,high_human,1.2,high_max,11.11,4.7979,26.195,0.0,0.0,15.52,TIER_1_SAFETY_ZERO_SPEED_HALT
5.0,0.0,dry_high,0.65,max_gross,165500.0,low,0.3,low,3.0,3.5199,2.1784,0.0,0.0,15.52,TIER_1_SAFETY_ZERO_SPEED_HALT
5.0,0.0,dry_high,0.65,max_gross,165500.0,low,0.3,medium_site,5.56,3.5211,6.0578,0.0,0.0,15.52,TIER_1_SAFETY_ZERO_SPEED_HALT
5.0,0.0,dry_high,0.65,max_gross,165500.0,low,0.3,high_max,11.11,3.5259,20.8368,0.0,0.0,15.52,TIER_1_SAFETY_ZERO_SPEED_HALT
5.0,0.0,dry_high,0.65,max_gross,165500.0,nominal,0.45,low,3.0,3.5199,2.6284,0.0,0.0,15.52,TIER_1_SAFETY_ZERO_SPEED_HALT
5.0,0.0,dry_high,0.65,max_gross,165500.0,nominal,0.45,medium_site,5.56,3.5211,6.8918,0.0,0.0,15.52,TIER_1_SAFETY_ZERO_SPEED_HALT
5.0,0.0,dry_high,0.65,max_gross,165500.0,nominal,0.45,high_max,11.11,3.5259,22.5033,0.0,0.0,15.52,TIER_1_SAFETY_ZERO_SPEED_HALT
5.0,0.0,dry_high,0.65,max_gross,165500.0,high_human,1.2,low,3.0,3.5199,4.8784,0.0,0.0,15.52,TIER_1_SAFETY_ZERO_SPEED_HALT
5.0,0.0,dry_high,0.65,max_gross,165500.0,high_human,1.2,medium_site,5.56,3.5211,11.0618,0.0,0.0,15.52,TIER_1_SAFETY_ZERO_SPEED_HALT
5.0,0.0,dry_high,0.65,max_gross,165500.0,high_human,1.2,high_max,11.11,3.5259,30.8358,0.0,0.0,15.52,TIER_1_SAFETY_ZERO_SPEED_HALT
5.0,0.0,moderate,0.45,empty,74000.0,low,0.3,low,3.0,4.6117,1.8758,0.0,0.0,15.52,TIER_1_SAFETY_ZERO_SPEED_HALT
5.0,0.0,moderate,0.45,empty,74000.0,low,0.3,medium_site,5.56,4.6143,5.0178,0.0,0.0,15.52,TIER_1_SAFETY_ZERO_SPEED_HALT
5.0,0.0,moderate,0.45,empty,74000.0,low,0.3,high_max,11.11,4.625,16.677,0.0,0.0,15.52,TIER_1_SAFETY_ZERO_SPEED_HALT
5.0,0.0,moderate,0.45,empty,74000.0,nominal,0.45,low,3.0,4.6117,2.3258,0.0,0.0,15.52,TIER_1_SAFETY_ZERO_SPEED_HALT
5.0,0.0,moderate,0.45,empty,74000.0,nominal,0.45,medium_site,5.56,4.6143,5.8518,0.0,0.0,15.52,TIER_1_SAFETY_ZERO_SPEED_HALT
5.0,0.0,moderate,0.45,empty,74000.0,nominal,0.45,high_max,11.11,4.625,18.3435,0.0,0.0,15.52,TIER_1_SAFETY_ZERO_SPEED_HALT
5.0,0.0,moderate,0.45,empty,74000.0,high_human,1.2,low,3.0,4.6117,4.5758,0.0,0.0,15.52,TIER_1_SAFETY_ZERO_SPEED_HALT
5.0,0.0,moderate,0.45,empty,74000.0,high_human,1.2,medium_site,5.56,4.6143,10.0218,0.0,0.0,15.52,TIER_1_SAFETY_ZERO_SPEED_HALT
5.0,0.0,moderate,0.45,empty,74000.0,high_human,1.2,high_max,11.11,4.625,26.676,0.0,0.0,15.52,TIER_1_SAFETY_ZERO_SPEED_HALT
5.0,0.0,moderate,0.45,medium,119750.0,low,0.3,low,3.0,4.6113,1.8759,0.0,0.0,15.52,TIER_1_SAFETY_ZERO_SPEED_HALT
5.0,0.0,moderate,0.45,medium,119750.0,low,0.3,medium_site,5.56,4.6129,5.0188,0.0,0.0,15.52,TIER_1_SAFETY_ZERO_SPEED_HALT
5.0,0.0,moderate,0.45,medium,119750.0,low,0.3,high_max,11.11,4.6195,16.6928,0.0,0.0,15.52,TIER_1_SAFETY_ZERO_SPEED_HALT
5.0,0.0,moderate,0.45,medium,119750.0,nominal,0.45,low,3.0,4.6113,2.3259,0.0,0.0,15.52,TIER_1_SAFETY_ZERO_SPEED_HALT
5.0,0.0,moderate,0.45,medium,119750.0,nominal,0.45,medium_site,5.56,4.6129,5.8528,0.0,0.0,15.52,TIER_1_SAFETY_ZERO_SPEED_HALT
5.0,0.0,moderate,0.45,medium,119750.0,nominal,0.45,high_max,11.11,4.6195,18.3593,0.0,0.0,15.52,TIER_1_SAFETY_ZERO_SPEED_HALT
5.0,0.0,moderate,0.45,medium,119750.0,high_human,1.2,low,3.0,4.6113,4.5759,0.0,0.0,15.52,TIER_1_SAFETY_ZERO_SPEED_HALT
5.0,0.0,moderate,0.45,medium,119750.0,high_human,1.2,medium_site,5.56,4.6129,10.0228,0.0,0.0,15.52,TIER_1_SAFETY_ZERO_SPEED_HALT
5.0,0.0,moderate,0.45,medium,119750.0,high_human,1.2,high_max,11.11,4.6195,26.6918,0.0,0.0,15.52,TIER_1_SAFETY_ZERO_SPEED_HALT
5.0,0.0,moderate,0.45,max_gross,165500.0,low,0.3,low,3.0,3.5199,2.1784,0.0,0.0,15.52,TIER_1_SAFETY_ZERO_SPEED_HALT
5.0,0.0,moderate,0.45,max_gross,165500.0,low,0.3,medium_site,5.56,3.5211,6.0578,0.0,0.0,15.52,TIER_1_SAFETY_ZERO_SPEED_HALT
5.0,0.0,moderate,0.45,max_gross,165500.0,low,0.3,high_max,11.11,3.5259,20.8368,0.0,0.0,15.52,TIER_1_SAFETY_ZERO_SPEED_HALT
5.0,0.0,moderate,0.45,max_gross,165500.0,nominal,0.45,low,3.0,3.5199,2.6284,0.0,0.0,15.52,TIER_1_SAFETY_ZERO_SPEED_HALT
5.0,0.0,moderate,0.45,max_gross,165500.0,nominal,0.45,medium_site,5.56,3.5211,6.8918,0.0,0.0,15.52,TIER_1_SAFETY_ZERO_SPEED_HALT
5.0,0.0,moderate,0.45,max_gross,165500.0,nominal,0.45,high_max,11.11,3.5259,22.5033,0.0,0.0,15.52,TIER_1_SAFETY_ZERO_SPEED_HALT
5.0,0.0,moderate,0.45,max_gross,165500.0,high_human,1.2,low,3.0,3.5199,4.8784,0.0,0.0,15.52,TIER_1_SAFETY_ZERO_SPEED_HALT
5.0,0.0,moderate,0.45,max_gross,165500.0,high_human,1.2,medium_site,5.56,3.5211,11.0618,0.0,0.0,15.52,TIER_1_SAFETY_ZERO_SPEED_HALT
5.0,0.0,moderate,0.45,max_gross,165500.0,high_human,1.2,high_max,11.11,3.5259,30.8358,0.0,0.0,15.52,TIER_1_SAFETY_ZERO_SPEED_HALT
5.0,0.0,wet,0.35,empty,74000.0,low,0.3,low,3.0,3.6307,2.1394,0.0,0.0,15.52,TIER_1_SAFETY_ZERO_SPEED_HALT
5.0,0.0,wet,0.35,empty,74000.0,low,0.3,medium_site,5.56,3.6333,5.9222,0.0,0.0,15.52,TIER_1_SAFETY_ZERO_SPEED_HALT
5.0,0.0,wet,0.35,empty,74000.0,low,0.3,high_max,11.11,3.644,20.2693,0.0,0.0,15.52,TIER_1_SAFETY_ZERO_SPEED_HALT
5.0,0.0,wet,0.35,empty,74000.0,nominal,0.45,low,3.0,3.6307,2.5894,0.0,0.0,15.52,TIER_1_SAFETY_ZERO_SPEED_HALT
5.0,0.0,wet,0.35,empty,74000.0,nominal,0.45,medium_site,5.56,3.6333,6.7562,0.0,0.0,15.52,TIER_1_SAFETY_ZERO_SPEED_HALT
5.0,0.0,wet,0.35,empty,74000.0,nominal,0.45,high_max,11.11,3.644,21.9358,0.0,0.0,15.52,TIER_1_SAFETY_ZERO_SPEED_HALT
5.0,0.0,wet,0.35,empty,74000.0,high_human,1.2,low,3.0,3.6307,4.8394,0.0,0.0,15.52,TIER_1_SAFETY_ZERO_SPEED_HALT
5.0,0.0,wet,0.35,empty,74000.0,high_human,1.2,medium_site,5.56,3.6333,10.9262,0.0,0.0,15.52,TIER_1_SAFETY_ZERO_SPEED_HALT
5.0,0.0,wet,0.35,empty,74000.0,high_human,1.2,high_max,11.11,3.644,30.2683,0.0,0.0,15.52,TIER_1_SAFETY_ZERO_SPEED_HALT
5.0,0.0,wet,0.35,medium,119750.0,low,0.3,low,3.0,3.6303,2.1396,0.0,0.0,15.52,TIER_1_SAFETY_ZERO_SPEED_HALT
5.0,0.0,wet,0.35,medium,119750.0,low,0.3,medium_site,5.56,3.6319,5.9238,0.0,0.0,15.52,TIER_1_SAFETY_ZERO_SPEED_HALT
5.0,0.0,wet,0.35,medium,119750.0,low,0.3,high_max,11.11,3.6385,20.2948,0.0,0.0,15.52,TIER_1_SAFETY_ZERO_SPEED_HALT
5.0,0.0,wet,0.35,medium,119750.0,nominal,0.45,low,3.0,3.6303,2.5896,0.0,0.0,15.52,TIER_1_SAFETY_ZERO_SPEED_HALT
5.0,0.0,wet,0.35,medium,119750.0,nominal,0.45,medium_site,5.56,3.6319,6.7578,0.0,0.0,15.52,TIER_1_SAFETY_ZERO_SPEED_HALT
5.0,0.0,wet,0.35,medium,119750.0,nominal,0.45,high_max,11.11,3.6385,21.9613,0.0,0.0,15.52,TIER_1_SAFETY_ZERO_SPEED_HALT
5.0,0.0,wet,0.35,medium,119750.0,high_human,1.2,low,3.0,3.6303,4.8396,0.0,0.0,15.52,TIER_1_SAFETY_ZERO_SPEED_HALT
5.0,0.0,wet,0.35,medium,119750.0,high_human,1.2,medium_site,5.56,3.6319,10.9278,0.0,0.0,15.52,TIER_1_SAFETY_ZERO_SPEED_HALT
5.0,0.0,wet,0.35,medium,119750.0,high_human,1.2,high_max,11.11,3.6385,30.2938,0.0,0.0,15.52,TIER_1_SAFETY_ZERO_SPEED_HALT
5.0,0.0,wet,0.35,max_gross,165500.0,low,0.3,low,3.0,3.5199,2.1784,0.0,0.0,15.52,TIER_1_SAFETY_ZERO_SPEED_HALT
5.0,0.0,wet,0.35,max_gross,165500.0,low,0.3,medium_site,5.56,3.5211,6.0578,0.0,0.0,15.52,TIER_1_SAFETY_ZERO_SPEED_HALT
5.0,0.0,wet,0.35,max_gross,165500.0,low,0.3,high_max,11.11,3.5259,20.8368,0.0,0.0,15.52,TIER_1_SAFETY_ZERO_SPEED_HALT
5.0,0.0,wet,0.35,max_gross,165500.0,nominal,0.45,low,3.0,3.5199,2.6284,0.0,0.0,15.52,TIER_1_SAFETY_ZERO_SPEED_HALT
5.0,0.0,wet,0.35,max_gross,165500.0,nominal,0.45,medium_site,5.56,3.5211,6.8918,0.0,0.0,15.52,TIER_1_SAFETY_ZERO_SPEED_HALT
5.0,0.0,wet,0.35,max_gross,165500.0,nominal,0.45,high_max,11.11,3.5259,22.5033,0.0,0.0,15.52,TIER_1_SAFETY_ZERO_SPEED_HALT
5.0,0.0,wet,0.35,max_gross,165500.0,high_human,1.2,low,3.0,3.5199,4.8784,0.0,0.0,15.52,TIER_1_SAFETY_ZERO_SPEED_HALT
5.0,0.0,wet,0.35,max_gross,165500.0,high_human,1.2,medium_site,5.56,3.5211,11.0618,0.0,0.0,15.52,TIER_1_SAFETY_ZERO_SPEED_HALT
5.0,0.0,wet,0.35,max_gross,165500.0,high_human,1.2,high_max,11.11,3.5259,30.8358,0.0,0.0,15.52,TIER_1_SAFETY_ZERO_SPEED_HALT
5.0,0.0,low_friction,0.2,empty,74000.0,low,0.3,low,3.0,2.1592,2.9841,0.0,0.0,15.52,TIER_1_SAFETY_ZERO_SPEED_HALT
5.0,0.0,low_friction,0.2,empty,74000.0,low,0.3,medium_site,5.56,2.1618,8.818,0.0,0.0,15.52,TIER_1_SAFETY_ZERO_SPEED_HALT
5.0,0.0,low_friction,0.2,empty,74000.0,low,0.3,high_max,11.11,2.1725,31.7408,0.0,0.0,15.52,TIER_1_SAFETY_ZERO_SPEED_HALT
5.0,0.0,low_friction,0.2,empty,74000.0,nominal,0.45,low,3.0,2.1592,3.4341,0.0,0.0,15.52,TIER_1_SAFETY_ZERO_SPEED_HALT
5.0,0.0,low_friction,0.2,empty,74000.0,nominal,0.45,medium_site,5.56,2.1618,9.652,0.0,0.0,15.52,TIER_1_SAFETY_ZERO_SPEED_HALT
5.0,0.0,low_friction,0.2,empty,74000.0,nominal,0.45,high_max,11.11,2.1725,33.4073,0.0,0.0,15.52,TIER_1_SAFETY_ZERO_SPEED_HALT
5.0,0.0,low_friction,0.2,empty,74000.0,high_human,1.2,low,3.0,2.1592,5.6841,0.0,0.0,15.52,TIER_1_SAFETY_ZERO_SPEED_HALT
5.0,0.0,low_friction,0.2,empty,74000.0,high_human,1.2,medium_site,5.56,2.1618,13.822,0.0,0.0,15.52,TIER_1_SAFETY_ZERO_SPEED_HALT
5.0,0.0,low_friction,0.2,empty,74000.0,high_human,1.2,high_max,11.11,2.1725,41.7398,0.0,0.0,15.52,TIER_1_SAFETY_ZERO_SPEED_HALT
5.0,0.0,low_friction,0.2,medium,119750.0,low,0.3,low,3.0,2.1588,2.9844,0.0,0.0,15.52,TIER_1_SAFETY_ZERO_SPEED_HALT
5.0,0.0,low_friction,0.2,medium,119750.0,low,0.3,medium_site,5.56,2.1604,8.8226,0.0,0.0,15.52,TIER_1_SAFETY_ZERO_SPEED_HALT
5.0,0.0,low_friction,0.2,medium,119750.0,low,0.3,high_max,11.11,2.167,31.8124,0.0,0.0,15.52,TIER_1_SAFETY_ZERO_SPEED_HALT
5.0,0.0,low_friction,0.2,medium,119750.0,nominal,0.45,low,3.0,2.1588,3.4344,0.0,0.0,15.52,TIER_1_SAFETY_ZERO_SPEED_HALT
5.0,0.0,low_friction,0.2,medium,119750.0,nominal,0.45,medium_site,5.56,2.1604,9.6566,0.0,0.0,15.52,TIER_1_SAFETY_ZERO_SPEED_HALT
5.0,0.0,low_friction,0.2,medium,119750.0,nominal,0.45,high_max,11.11,2.167,33.4789,0.0,0.0,15.52,TIER_1_SAFETY_ZERO_SPEED_HALT
5.0,0.0,low_friction,0.2,medium,119750.0,high_human,1.2,low,3.0,2.1588,5.6844,0.0,0.0,15.52,TIER_1_SAFETY_ZERO_SPEED_HALT
5.0,0.0,low_friction,0.2,medium,119750.0,high_human,1.2,medium_site,5.56,2.1604,13.8266,0.0,0.0,15.52,TIER_1_SAFETY_ZERO_SPEED_HALT
5.0,0.0,low_friction,0.2,medium,119750.0,high_human,1.2,high_max,11.11,2.167,41.8114,0.0,0.0,15.52,TIER_1_SAFETY_ZERO_SPEED_HALT
5.0,0.0,low_friction,0.2,max_gross,165500.0,low,0.3,low,3.0,2.1587,2.9846,0.0,0.0,15.52,TIER_1_SAFETY_ZERO_SPEED_HALT
5.0,0.0,low_friction,0.2,max_gross,165500.0,low,0.3,medium_site,5.56,2.1598,8.8246,0.0,0.0,15.52,TIER_1_SAFETY_ZERO_SPEED_HALT
5.0,0.0,low_friction,0.2,max_gross,165500.0,low,0.3,high_max,11.11,2.1646,31.8446,0.0,0.0,15.52,TIER_1_SAFETY_ZERO_SPEED_HALT
5.0,0.0,low_friction,0.2,max_gross,165500.0,nominal,0.45,low,3.0,2.1587,3.4346,0.0,0.0,15.52,TIER_1_SAFETY_ZERO_SPEED_HALT
5.0,0.0,low_friction,0.2,max_gross,165500.0,nominal,0.45,medium_site,5.56,2.1598,9.6586,0.0,0.0,15.52,TIER_1_SAFETY_ZERO_SPEED_HALT
5.0,0.0,low_friction,0.2,max_gross,165500.0,nominal,0.45,high_max,11.11,2.1646,33.5111,0.0,0.0,15.52,TIER_1_SAFETY_ZERO_SPEED_HALT
5.0,0.0,low_friction,0.2,max_gross,165500.0,high_human,1.2,low,3.0,2.1587,5.6846,0.0,0.0,15.52,TIER_1_SAFETY_ZERO_SPEED_HALT
5.0,0.0,low_friction,0.2,max_gross,165500.0,high_human,1.2,medium_site,5.56,2.1598,13.8286,0.0,0.0,15.52,TIER_1_SAFETY_ZERO_SPEED_HALT
5.0,0.0,low_friction,0.2,max_gross,165500.0,high_human,1.2,high_max,11.11,2.1646,41.8436,0.0,0.0,15.52,TIER_1_SAFETY_ZERO_SPEED_HALT
5.0,-5.0,dry_high,0.65,empty,74000.0,low,0.3,low,3.0,6.0757,1.6407,0.0,0.0,15.52,TIER_1_SAFETY_ZERO_SPEED_HALT
5.0,-5.0,dry_high,0.65,empty,74000.0,low,0.3,medium_site,5.56,6.0782,4.211,0.0,0.0,15.52,TIER_1_SAFETY_ZERO_SPEED_HALT
5.0,-5.0,dry_high,0.65,empty,74000.0,low,0.3,high_max,11.11,6.0889,13.4688,0.0,0.0,15.52,TIER_1_SAFETY_ZERO_SPEED_HALT
5.0,-5.0,dry_high,0.65,empty,74000.0,nominal,0.45,low,3.0,6.0757,2.0907,0.0,0.0,15.52,TIER_1_SAFETY_ZERO_SPEED_HALT
5.0,-5.0,dry_high,0.65,empty,74000.0,nominal,0.45,medium_site,5.56,6.0782,5.045,0.0,0.0,15.52,TIER_1_SAFETY_ZERO_SPEED_HALT
5.0,-5.0,dry_high,0.65,empty,74000.0,nominal,0.45,high_max,11.11,6.0889,15.1353,0.0,0.0,15.52,TIER_1_SAFETY_ZERO_SPEED_HALT
5.0,-5.0,dry_high,0.65,empty,74000.0,high_human,1.2,low,3.0,6.0757,4.3407,0.0,0.0,15.52,TIER_1_SAFETY_ZERO_SPEED_HALT
5.0,-5.0,dry_high,0.65,empty,74000.0,high_human,1.2,medium_site,5.56,6.0782,9.215,0.0,0.0,15.52,TIER_1_SAFETY_ZERO_SPEED_HALT
5.0,-5.0,dry_high,0.65,empty,74000.0,high_human,1.2,high_max,11.11,6.0889,23.4678,0.0,0.0,15.52,TIER_1_SAFETY_ZERO_SPEED_HALT
5.0,-5.0,dry_high,0.65,medium,119750.0,low,0.3,low,3.0,4.2996,1.9466,0.0,0.0,15.52,TIER_1_SAFETY_ZERO_SPEED_HALT
5.0,-5.0,dry_high,0.65,medium,119750.0,low,0.3,medium_site,5.56,4.3012,5.2616,0.0,0.0,15.52,TIER_1_SAFETY_ZERO_SPEED_HALT
5.0,-5.0,dry_high,0.65,medium,119750.0,low,0.3,high_max,11.11,4.3078,17.6596,0.0,0.0,15.52,TIER_1_SAFETY_ZERO_SPEED_HALT
5.0,-5.0,dry_high,0.65,medium,119750.0,nominal,0.45,low,3.0,4.2996,2.3966,0.0,0.0,15.52,TIER_1_SAFETY_ZERO_SPEED_HALT
5.0,-5.0,dry_high,0.65,medium,119750.0,nominal,0.45,medium_site,5.56,4.3012,6.0956,0.0,0.0,15.52,TIER_1_SAFETY_ZERO_SPEED_HALT
5.0,-5.0,dry_high,0.65,medium,119750.0,nominal,0.45,high_max,11.11,4.3078,19.3261,0.0,0.0,15.52,TIER_1_SAFETY_ZERO_SPEED_HALT
5.0,-5.0,dry_high,0.65,medium,119750.0,high_human,1.2,low,3.0,4.2996,4.6466,0.0,0.0,15.52,TIER_1_SAFETY_ZERO_SPEED_HALT
5.0,-5.0,dry_high,0.65,medium,119750.0,high_human,1.2,medium_site,5.56,4.3012,10.2656,0.0,0.0,15.52,TIER_1_SAFETY_ZERO_SPEED_HALT
5.0,-5.0,dry_high,0.65,medium,119750.0,high_human,1.2,high_max,11.11,4.3078,27.6586,0.0,0.0,15.52,TIER_1_SAFETY_ZERO_SPEED_HALT
5.0,-5.0,dry_high,0.65,max_gross,165500.0,low,0.3,low,3.0,3.0298,2.3852,0.0,0.0,15.52,TIER_1_SAFETY_ZERO_SPEED_HALT
5.0,-5.0,dry_high,0.65,max_gross,165500.0,low,0.3,medium_site,5.56,3.0309,6.7677,0.0,0.0,15.52,TIER_1_SAFETY_ZERO_SPEED_HALT
5.0,-5.0,dry_high,0.65,max_gross,165500.0,low,0.3,high_max,11.11,3.0357,23.6629,0.0,0.0,15.52,TIER_1_SAFETY_ZERO_SPEED_HALT
5.0,-5.0,dry_high,0.65,max_gross,165500.0,nominal,0.45,low,3.0,3.0298,2.8352,0.0,0.0,15.52,TIER_1_SAFETY_ZERO_SPEED_HALT
5.0,-5.0,dry_high,0.65,max_gross,165500.0,nominal,0.45,medium_site,5.56,3.0309,7.6017,0.0,0.0,15.52,TIER_1_SAFETY_ZERO_SPEED_HALT
5.0,-5.0,dry_high,0.65,max_gross,165500.0,nominal,0.45,high_max,11.11,3.0357,25.3294,0.0,0.0,15.52,TIER_1_SAFETY_ZERO_SPEED_HALT
5.0,-5.0,dry_high,0.65,max_gross,165500.0,high_human,1.2,low,3.0,3.0298,5.0852,0.0,0.0,15.52,TIER_1_SAFETY_ZERO_SPEED_HALT
5.0,-5.0,dry_high,0.65,max_gross,165500.0,high_human,1.2,medium_site,5.56,3.0309,11.7717,0.0,0.0,15.52,TIER_1_SAFETY_ZERO_SPEED_HALT
5.0,-5.0,dry_high,0.65,max_gross,165500.0,high_human,1.2,high_max,11.11,3.0357,33.6619,0.0,0.0,15.52,TIER_1_SAFETY_ZERO_SPEED_HALT
5.0,-5.0,moderate,0.45,empty,74000.0,low,0.3,low,3.0,4.1161,1.9933,0.0,0.0,15.52,TIER_1_SAFETY_ZERO_SPEED_HALT
5.0,-5.0,moderate,0.45,empty,74000.0,low,0.3,medium_site,5.56,4.1186,5.4209,0.0,0.0,15.52,TIER_1_SAFETY_ZERO_SPEED_HALT
5.0,-5.0,moderate,0.45,empty,74000.0,low,0.3,high_max,11.11,4.1294,18.2787,0.0,0.0,15.52,TIER_1_SAFETY_ZERO_SPEED_HALT
5.0,-5.0,moderate,0.45,empty,74000.0,nominal,0.45,low,3.0,4.1161,2.4433,0.0,0.0,15.52,TIER_1_SAFETY_ZERO_SPEED_HALT
5.0,-5.0,moderate,0.45,empty,74000.0,nominal,0.45,medium_site,5.56,4.1186,6.2549,0.0,0.0,15.52,TIER_1_SAFETY_ZERO_SPEED_HALT
5.0,-5.0,moderate,0.45,empty,74000.0,nominal,0.45,high_max,11.11,4.1294,19.9452,0.0,0.0,15.52,TIER_1_SAFETY_ZERO_SPEED_HALT
5.0,-5.0,moderate,0.45,empty,74000.0,high_human,1.2,low,3.0,4.1161,4.6933,0.0,0.0,15.52,TIER_1_SAFETY_ZERO_SPEED_HALT
5.0,-5.0,moderate,0.45,empty,74000.0,high_human,1.2,medium_site,5.56,4.1186,10.4249,0.0,0.0,15.52,TIER_1_SAFETY_ZERO_SPEED_HALT
5.0,-5.0,moderate,0.45,empty,74000.0,high_human,1.2,high_max,11.11,4.1294,28.2777,0.0,0.0,15.52,TIER_1_SAFETY_ZERO_SPEED_HALT
5.0,-5.0,moderate,0.45,medium,119750.0,low,0.3,low,3.0,4.1157,1.9934,0.0,0.0,15.52,TIER_1_SAFETY_ZERO_SPEED_HALT
5.0,-5.0,moderate,0.45,medium,119750.0,low,0.3,medium_site,5.56,4.1173,5.4221,0.0,0.0,15.52,TIER_1_SAFETY_ZERO_SPEED_HALT
5.0,-5.0,moderate,0.45,medium,119750.0,low,0.3,high_max,11.11,4.1239,18.2985,0.0,0.0,15.52,TIER_1_SAFETY_ZERO_SPEED_HALT
5.0,-5.0,moderate,0.45,medium,119750.0,nominal,0.45,low,3.0,4.1157,2.4434,0.0,0.0,15.52,TIER_1_SAFETY_ZERO_SPEED_HALT
5.0,-5.0,moderate,0.45,medium,119750.0,nominal,0.45,medium_site,5.56,4.1173,6.2561,0.0,0.0,15.52,TIER_1_SAFETY_ZERO_SPEED_HALT
5.0,-5.0,moderate,0.45,medium,119750.0,nominal,0.45,high_max,11.11,4.1239,19.965,0.0,0.0,15.52,TIER_1_SAFETY_ZERO_SPEED_HALT
5.0,-5.0,moderate,0.45,medium,119750.0,high_human,1.2,low,3.0,4.1157,4.6934,0.0,0.0,15.52,TIER_1_SAFETY_ZERO_SPEED_HALT
5.0,-5.0,moderate,0.45,medium,119750.0,high_human,1.2,medium_site,5.56,4.1173,10.4261,0.0,0.0,15.52,TIER_1_SAFETY_ZERO_SPEED_HALT
5.0,-5.0,moderate,0.45,medium,119750.0,high_human,1.2,high_max,11.11,4.1239,28.2975,0.0,0.0,15.52,TIER_1_SAFETY_ZERO_SPEED_HALT
5.0,-5.0,moderate,0.45,max_gross,165500.0,low,0.3,low,3.0,3.0298,2.3852,0.0,0.0,15.52,TIER_1_SAFETY_ZERO_SPEED_HALT
5.0,-5.0,moderate,0.45,max_gross,165500.0,low,0.3,medium_site,5.56,3.0309,6.7677,0.0,0.0,15.52,TIER_1_SAFETY_ZERO_SPEED_HALT
5.0,-5.0,moderate,0.45,max_gross,165500.0,low,0.3,high_max,11.11,3.0357,23.6629,0.0,0.0,15.52,TIER_1_SAFETY_ZERO_SPEED_HALT
5.0,-5.0,moderate,0.45,max_gross,165500.0,nominal,0.45,low,3.0,3.0298,2.8352,0.0,0.0,15.52,TIER_1_SAFETY_ZERO_SPEED_HALT
5.0,-5.0,moderate,0.45,max_gross,165500.0,nominal,0.45,medium_site,5.56,3.0309,7.6017,0.0,0.0,15.52,TIER_1_SAFETY_ZERO_SPEED_HALT
5.0,-5.0,moderate,0.45,max_gross,165500.0,nominal,0.45,high_max,11.11,3.0357,25.3294,0.0,0.0,15.52,TIER_1_SAFETY_ZERO_SPEED_HALT
5.0,-5.0,moderate,0.45,max_gross,165500.0,high_human,1.2,low,3.0,3.0298,5.0852,0.0,0.0,15.52,TIER_1_SAFETY_ZERO_SPEED_HALT
5.0,-5.0,moderate,0.45,max_gross,165500.0,high_human,1.2,medium_site,5.56,3.0309,11.7717,0.0,0.0,15.52,TIER_1_SAFETY_ZERO_SPEED_HALT
5.0,-5.0,moderate,0.45,max_gross,165500.0,high_human,1.2,high_max,11.11,3.0357,33.6619,0.0,0.0,15.52,TIER_1_SAFETY_ZERO_SPEED_HALT
5.0,-5.0,wet,0.35,empty,74000.0,low,0.3,low,3.0,3.1363,2.3348,0.0,0.0,15.52,TIER_1_SAFETY_ZERO_SPEED_HALT
5.0,-5.0,wet,0.35,empty,74000.0,low,0.3,medium_site,5.56,3.1389,6.5923,0.0,0.0,15.52,TIER_1_SAFETY_ZERO_SPEED_HALT
5.0,-5.0,wet,0.35,empty,74000.0,low,0.3,high_max,11.11,3.1496,22.928,0.0,0.0,15.52,TIER_1_SAFETY_ZERO_SPEED_HALT
5.0,-5.0,wet,0.35,empty,74000.0,nominal,0.45,low,3.0,3.1363,2.7848,0.0,0.0,15.52,TIER_1_SAFETY_ZERO_SPEED_HALT
5.0,-5.0,wet,0.35,empty,74000.0,nominal,0.45,medium_site,5.56,3.1389,7.4263,0.0,0.0,15.52,TIER_1_SAFETY_ZERO_SPEED_HALT
5.0,-5.0,wet,0.35,empty,74000.0,nominal,0.45,high_max,11.11,3.1496,24.5945,0.0,0.0,15.52,TIER_1_SAFETY_ZERO_SPEED_HALT
5.0,-5.0,wet,0.35,empty,74000.0,high_human,1.2,low,3.0,3.1363,5.0348,0.0,0.0,15.52,TIER_1_SAFETY_ZERO_SPEED_HALT
5.0,-5.0,wet,0.35,empty,74000.0,high_human,1.2,medium_site,5.56,3.1389,11.5963,0.0,0.0,15.52,TIER_1_SAFETY_ZERO_SPEED_HALT
5.0,-5.0,wet,0.35,empty,74000.0,high_human,1.2,high_max,11.11,3.1496,32.927,0.0,0.0,15.52,TIER_1_SAFETY_ZERO_SPEED_HALT
5.0,-5.0,wet,0.35,medium,119750.0,low,0.3,low,3.0,3.1359,2.335,0.0,0.0,15.52,TIER_1_SAFETY_ZERO_SPEED_HALT
5.0,-5.0,wet,0.35,medium,119750.0,low,0.3,medium_site,5.56,3.1375,6.5945,0.0,0.0,15.52,TIER_1_SAFETY_ZERO_SPEED_HALT
5.0,-5.0,wet,0.35,medium,119750.0,low,0.3,high_max,11.11,3.1441,22.962,0.0,0.0,15.52,TIER_1_SAFETY_ZERO_SPEED_HALT
5.0,-5.0,wet,0.35,medium,119750.0,nominal,0.45,low,3.0,3.1359,2.785,0.0,0.0,15.52,TIER_1_SAFETY_ZERO_SPEED_HALT
5.0,-5.0,wet,0.35,medium,119750.0,nominal,0.45,medium_site,5.56,3.1375,7.4285,0.0,0.0,15.52,TIER_1_SAFETY_ZERO_SPEED_HALT
5.0,-5.0,wet,0.35,medium,119750.0,nominal,0.45,high_max,11.11,3.1441,24.6285,0.0,0.0,15.52,TIER_1_SAFETY_ZERO_SPEED_HALT
5.0,-5.0,wet,0.35,medium,119750.0,high_human,1.2,low,3.0,3.1359,5.035,0.0,0.0,15.52,TIER_1_SAFETY_ZERO_SPEED_HALT
5.0,-5.0,wet,0.35,medium,119750.0,high_human,1.2,medium_site,5.56,3.1375,11.5985,0.0,0.0,15.52,TIER_1_SAFETY_ZERO_SPEED_HALT
5.0,-5.0,wet,0.35,medium,119750.0,high_human,1.2,high_max,11.11,3.1441,32.961,0.0,0.0,15.52,TIER_1_SAFETY_ZERO_SPEED_HALT
5.0,-5.0,wet,0.35,max_gross,165500.0,low,0.3,low,3.0,3.0298,2.3852,0.0,0.0,15.52,TIER_1_SAFETY_ZERO_SPEED_HALT
5.0,-5.0,wet,0.35,max_gross,165500.0,low,0.3,medium_site,5.56,3.0309,6.7677,0.0,0.0,15.52,TIER_1_SAFETY_ZERO_SPEED_HALT
5.0,-5.0,wet,0.35,max_gross,165500.0,low,0.3,high_max,11.11,3.0357,23.6629,0.0,0.0,15.52,TIER_1_SAFETY_ZERO_SPEED_HALT
5.0,-5.0,wet,0.35,max_gross,165500.0,nominal,0.45,low,3.0,3.0298,2.8352,0.0,0.0,15.52,TIER_1_SAFETY_ZERO_SPEED_HALT
5.0,-5.0,wet,0.35,max_gross,165500.0,nominal,0.45,medium_site,5.56,3.0309,7.6017,0.0,0.0,15.52,TIER_1_SAFETY_ZERO_SPEED_HALT
5.0,-5.0,wet,0.35,max_gross,165500.0,nominal,0.45,high_max,11.11,3.0357,25.3294,0.0,0.0,15.52,TIER_1_SAFETY_ZERO_SPEED_HALT
5.0,-5.0,wet,0.35,max_gross,165500.0,high_human,1.2,low,3.0,3.0298,5.0852,0.0,0.0,15.52,TIER_1_SAFETY_ZERO_SPEED_HALT
5.0,-5.0,wet,0.35,max_gross,165500.0,high_human,1.2,medium_site,5.56,3.0309,11.7717,0.0,0.0,15.52,TIER_1_SAFETY_ZERO_SPEED_HALT
5.0,-5.0,wet,0.35,max_gross,165500.0,high_human,1.2,high_max,11.11,3.0357,33.6619,0.0,0.0,15.52,TIER_1_SAFETY_ZERO_SPEED_HALT
5.0,-5.0,low_friction,0.2,empty,74000.0,low,0.3,low,3.0,1.6667,3.6,0.0,0.0,15.52,TIER_1_SAFETY_ZERO_SPEED_HALT
5.0,-5.0,low_friction,0.2,empty,74000.0,low,0.3,medium_site,5.56,1.6692,10.928,0.0,0.0,15.52,TIER_1_SAFETY_ZERO_SPEED_HALT
5.0,-5.0,low_friction,0.2,empty,74000.0,low,0.3,high_max,11.11,1.6799,40.0704,0.0,0.0,15.52,TIER_1_SAFETY_ZERO_SPEED_HALT
5.0,-5.0,low_friction,0.2,empty,74000.0,nominal,0.45,low,3.0,1.6667,4.05,0.0,0.0,15.52,TIER_1_SAFETY_ZERO_SPEED_HALT
5.0,-5.0,low_friction,0.2,empty,74000.0,nominal,0.45,medium_site,5.56,1.6692,11.762,0.0,0.0,15.52,TIER_1_SAFETY_ZERO_SPEED_HALT
5.0,-5.0,low_friction,0.2,empty,74000.0,nominal,0.45,high_max,11.11,1.6799,41.7369,0.0,0.0,15.52,TIER_1_SAFETY_ZERO_SPEED_HALT
5.0,-5.0,low_friction,0.2,empty,74000.0,high_human,1.2,low,3.0,1.6667,6.3,0.0,0.0,15.52,TIER_1_SAFETY_ZERO_SPEED_HALT
5.0,-5.0,low_friction,0.2,empty,74000.0,high_human,1.2,medium_site,5.56,1.6692,15.932,0.0,0.0,15.52,TIER_1_SAFETY_ZERO_SPEED_HALT
5.0,-5.0,low_friction,0.2,empty,74000.0,high_human,1.2,high_max,11.11,1.6799,50.0694,0.0,0.0,15.52,TIER_1_SAFETY_ZERO_SPEED_HALT
5.0,-5.0,low_friction,0.2,medium,119750.0,low,0.3,low,3.0,1.6663,3.6007,0.0,0.0,15.52,TIER_1_SAFETY_ZERO_SPEED_HALT
5.0,-5.0,low_friction,0.2,medium,119750.0,low,0.3,medium_site,5.56,1.6678,10.9356,0.0,0.0,15.52,TIER_1_SAFETY_ZERO_SPEED_HALT
5.0,-5.0,low_friction,0.2,medium,119750.0,low,0.3,high_max,11.11,1.6745,40.1903,0.0,0.0,15.52,TIER_1_SAFETY_ZERO_SPEED_HALT
5.0,-5.0,low_friction,0.2,medium,119750.0,nominal,0.45,low,3.0,1.6663,4.0507,0.0,0.0,15.52,TIER_1_SAFETY_ZERO_SPEED_HALT
5.0,-5.0,low_friction,0.2,medium,119750.0,nominal,0.45,medium_site,5.56,1.6678,11.7696,0.0,0.0,15.52,TIER_1_SAFETY_ZERO_SPEED_HALT
5.0,-5.0,low_friction,0.2,medium,119750.0,nominal,0.45,high_max,11.11,1.6745,41.8568,0.0,0.0,15.52,TIER_1_SAFETY_ZERO_SPEED_HALT
5.0,-5.0,low_friction,0.2,medium,119750.0,high_human,1.2,low,3.0,1.6663,6.3007,0.0,0.0,15.52,TIER_1_SAFETY_ZERO_SPEED_HALT
5.0,-5.0,low_friction,0.2,medium,119750.0,high_human,1.2,medium_site,5.56,1.6678,15.9396,0.0,0.0,15.52,TIER_1_SAFETY_ZERO_SPEED_HALT
5.0,-5.0,low_friction,0.2,medium,119750.0,high_human,1.2,high_max,11.11,1.6745,50.1893,0.0,0.0,15.52,TIER_1_SAFETY_ZERO_SPEED_HALT
5.0,-5.0,low_friction,0.2,max_gross,165500.0,low,0.3,low,3.0,1.6661,3.6009,0.0,0.0,15.52,TIER_1_SAFETY_ZERO_SPEED_HALT
5.0,-5.0,low_friction,0.2,max_gross,165500.0,low,0.3,medium_site,5.56,1.6672,10.939,0.0,0.0,15.52,TIER_1_SAFETY_ZERO_SPEED_HALT
5.0,-5.0,low_friction,0.2,max_gross,165500.0,low,0.3,high_max,11.11,1.672,40.2442,0.0,0.0,15.52,TIER_1_SAFETY_ZERO_SPEED_HALT
5.0,-5.0,low_friction,0.2,max_gross,165500.0,nominal,0.45,low,3.0,1.6661,4.0509,0.0,0.0,15.52,TIER_1_SAFETY_ZERO_SPEED_HALT
5.0,-5.0,low_friction,0.2,max_gross,165500.0,nominal,0.45,medium_site,5.56,1.6672,11.773,0.0,0.0,15.52,TIER_1_SAFETY_ZERO_SPEED_HALT
5.0,-5.0,low_friction,0.2,max_gross,165500.0,nominal,0.45,high_max,11.11,1.672,41.9107,0.0,0.0,15.52,TIER_1_SAFETY_ZERO_SPEED_HALT
5.0,-5.0,low_friction,0.2,max_gross,165500.0,high_human,1.2,low,3.0,1.6661,6.3009,0.0,0.0,15.52,TIER_1_SAFETY_ZERO_SPEED_HALT
5.0,-5.0,low_friction,0.2,max_gross,165500.0,high_human,1.2,medium_site,5.56,1.6672,15.943,0.0,0.0,15.52,TIER_1_SAFETY_ZERO_SPEED_HALT
5.0,-5.0,low_friction,0.2,max_gross,165500.0,high_human,1.2,high_max,11.11,1.672,50.2432,0.0,0.0,15.52,TIER_1_SAFETY_ZERO_SPEED_HALT
5.0,-8.0,dry_high,0.65,empty,74000.0,low,0.3,low,3.0,5.7705,1.6798,0.0,0.0,15.52,TIER_1_SAFETY_ZERO_SPEED_HALT
5.0,-8.0,dry_high,0.65,empty,74000.0,low,0.3,medium_site,5.56,5.773,4.3454,0.0,0.0,15.52,TIER_1_SAFETY_ZERO_SPEED_HALT
5.0,-8.0,dry_high,0.65,empty,74000.0,low,0.3,high_max,11.11,5.7838,14.0036,0.0,0.0,15.52,TIER_1_SAFETY_ZERO_SPEED_HALT
5.0,-8.0,dry_high,0.65,empty,74000.0,nominal,0.45,low,3.0,5.7705,2.1298,0.0,0.0,15.52,TIER_1_SAFETY_ZERO_SPEED_HALT
5.0,-8.0,dry_high,0.65,empty,74000.0,nominal,0.45,medium_site,5.56,5.773,5.1794,0.0,0.0,15.52,TIER_1_SAFETY_ZERO_SPEED_HALT
5.0,-8.0,dry_high,0.65,empty,74000.0,nominal,0.45,high_max,11.11,5.7838,15.6701,0.0,0.0,15.52,TIER_1_SAFETY_ZERO_SPEED_HALT
5.0,-8.0,dry_high,0.65,empty,74000.0,high_human,1.2,low,3.0,5.7705,4.3798,0.0,0.0,15.52,TIER_1_SAFETY_ZERO_SPEED_HALT
5.0,-8.0,dry_high,0.65,empty,74000.0,high_human,1.2,medium_site,5.56,5.773,9.3494,0.0,0.0,15.52,TIER_1_SAFETY_ZERO_SPEED_HALT
5.0,-8.0,dry_high,0.65,empty,74000.0,high_human,1.2,high_max,11.11,5.7838,24.0026,0.0,0.0,15.52,TIER_1_SAFETY_ZERO_SPEED_HALT
5.0,-8.0,dry_high,0.65,medium,119750.0,low,0.3,low,3.0,4.0068,2.0231,0.0,0.0,15.52,TIER_1_SAFETY_ZERO_SPEED_HALT
5.0,-8.0,dry_high,0.65,medium,119750.0,low,0.3,medium_site,5.56,4.0084,5.5241,0.0,0.0,15.52,TIER_1_SAFETY_ZERO_SPEED_HALT
5.0,-8.0,dry_high,0.65,medium,119750.0,low,0.3,high_max,11.11,4.015,18.7043,0.0,0.0,15.52,TIER_1_SAFETY_ZERO_SPEED_HALT
5.0,-8.0,dry_high,0.65,medium,119750.0,nominal,0.45,low,3.0,4.0068,2.4731,0.0,0.0,15.52,TIER_1_SAFETY_ZERO_SPEED_HALT
5.0,-8.0,dry_high,0.65,medium,119750.0,nominal,0.45,medium_site,5.56,4.0084,6.3581,0.0,0.0,15.52,TIER_1_SAFETY_ZERO_SPEED_HALT
5.0,-8.0,dry_high,0.65,medium,119750.0,nominal,0.45,high_max,11.11,4.015,20.3708,0.0,0.0,15.52,TIER_1_SAFETY_ZERO_SPEED_HALT
5.0,-8.0,dry_high,0.65,medium,119750.0,high_human,1.2,low,3.0,4.0068,4.7231,0.0,0.0,15.52,TIER_1_SAFETY_ZERO_SPEED_HALT
5.0,-8.0,dry_high,0.65,medium,119750.0,high_human,1.2,medium_site,5.56,4.0084,10.5281,0.0,0.0,15.52,TIER_1_SAFETY_ZERO_SPEED_HALT
5.0,-8.0,dry_high,0.65,medium,119750.0,high_human,1.2,high_max,11.11,4.015,28.7033,0.0,0.0,15.52,TIER_1_SAFETY_ZERO_SPEED_HALT
5.0,-8.0,dry_high,0.65,max_gross,165500.0,low,0.3,low,3.0,2.737,2.5441,0.0,0.0,15.52,TIER_1_SAFETY_ZERO_SPEED_HALT
5.0,-8.0,dry_high,0.65,max_gross,165500.0,low,0.3,medium_site,5.56,2.7381,7.313,0.0,0.0,15.52,TIER_1_SAFETY_ZERO_SPEED_HALT
5.0,-8.0,dry_high,0.65,max_gross,165500.0,low,0.3,high_max,11.11,2.7429,25.833,0.0,0.0,15.52,TIER_1_SAFETY_ZERO_SPEED_HALT
5.0,-8.0,dry_high,0.65,max_gross,165500.0,nominal,0.45,low,3.0,2.737,2.9941,0.0,0.0,15.52,TIER_1_SAFETY_ZERO_SPEED_HALT
5.0,-8.0,dry_high,0.65,max_gross,165500.0,nominal,0.45,medium_site,5.56,2.7381,8.147,0.0,0.0,15.52,TIER_1_SAFETY_ZERO_SPEED_HALT
5.0,-8.0,dry_high,0.65,max_gross,165500.0,nominal,0.45,high_max,11.11,2.7429,27.4995,0.0,0.0,15.52,TIER_1_SAFETY_ZERO_SPEED_HALT
5.0,-8.0,dry_high,0.65,max_gross,165500.0,high_human,1.2,low,3.0,2.737,5.2441,0.0,0.0,15.52,TIER_1_SAFETY_ZERO_SPEED_HALT
5.0,-8.0,dry_high,0.65,max_gross,165500.0,high_human,1.2,medium_site,5.56,2.7381,12.317,0.0,0.0,15.52,TIER_1_SAFETY_ZERO_SPEED_HALT
5.0,-8.0,dry_high,0.65,max_gross,165500.0,high_human,1.2,high_max,11.11,2.7429,35.832,0.0,0.0,15.52,TIER_1_SAFETY_ZERO_SPEED_HALT
5.0,-8.0,moderate,0.45,empty,74000.0,low,0.3,low,3.0,3.8148,2.0796,0.0,0.0,15.52,TIER_1_SAFETY_ZERO_SPEED_HALT
5.0,-8.0,moderate,0.45,empty,74000.0,low,0.3,medium_site,5.56,3.8173,5.7171,0.0,0.0,15.52,TIER_1_SAFETY_ZERO_SPEED_HALT
5.0,-8.0,moderate,0.45,empty,74000.0,low,0.3,high_max,11.11,3.828,19.4552,0.0,0.0,15.52,TIER_1_SAFETY_ZERO_SPEED_HALT
5.0,-8.0,moderate,0.45,empty,74000.0,nominal,0.45,low,3.0,3.8148,2.5296,0.0,0.0,15.52,TIER_1_SAFETY_ZERO_SPEED_HALT
5.0,-8.0,moderate,0.45,empty,74000.0,nominal,0.45,medium_site,5.56,3.8173,6.5511,0.0,0.0,15.52,TIER_1_SAFETY_ZERO_SPEED_HALT
5.0,-8.0,moderate,0.45,empty,74000.0,nominal,0.45,high_max,11.11,3.828,21.1217,0.0,0.0,15.52,TIER_1_SAFETY_ZERO_SPEED_HALT
5.0,-8.0,moderate,0.45,empty,74000.0,high_human,1.2,low,3.0,3.8148,4.7796,0.0,0.0,15.52,TIER_1_SAFETY_ZERO_SPEED_HALT
5.0,-8.0,moderate,0.45,empty,74000.0,high_human,1.2,medium_site,5.56,3.8173,10.7211,0.0,0.0,15.52,TIER_1_SAFETY_ZERO_SPEED_HALT
5.0,-8.0,moderate,0.45,empty,74000.0,high_human,1.2,high_max,11.11,3.828,29.4542,0.0,0.0,15.52,TIER_1_SAFETY_ZERO_SPEED_HALT
5.0,-8.0,moderate,0.45,medium,119750.0,low,0.3,low,3.0,3.8144,2.0798,0.0,0.0,15.52,TIER_1_SAFETY_ZERO_SPEED_HALT
5.0,-8.0,moderate,0.45,medium,119750.0,low,0.3,medium_site,5.56,3.8159,5.7186,0.0,0.0,15.52,TIER_1_SAFETY_ZERO_SPEED_HALT
5.0,-8.0,moderate,0.45,medium,119750.0,low,0.3,high_max,11.11,3.8226,19.4782,0.0,0.0,15.52,TIER_1_SAFETY_ZERO_SPEED_HALT
5.0,-8.0,moderate,0.45,medium,119750.0,nominal,0.45,low,3.0,3.8144,2.5298,0.0,0.0,15.52,TIER_1_SAFETY_ZERO_SPEED_HALT
5.0,-8.0,moderate,0.45,medium,119750.0,nominal,0.45,medium_site,5.56,3.8159,6.5526,0.0,0.0,15.52,TIER_1_SAFETY_ZERO_SPEED_HALT
5.0,-8.0,moderate,0.45,medium,119750.0,nominal,0.45,high_max,11.11,3.8226,21.1447,0.0,0.0,15.52,TIER_1_SAFETY_ZERO_SPEED_HALT
5.0,-8.0,moderate,0.45,medium,119750.0,high_human,1.2,low,3.0,3.8144,4.7798,0.0,0.0,15.52,TIER_1_SAFETY_ZERO_SPEED_HALT
5.0,-8.0,moderate,0.45,medium,119750.0,high_human,1.2,medium_site,5.56,3.8159,10.7226,0.0,0.0,15.52,TIER_1_SAFETY_ZERO_SPEED_HALT
5.0,-8.0,moderate,0.45,medium,119750.0,high_human,1.2,high_max,11.11,3.8226,29.4772,0.0,0.0,15.52,TIER_1_SAFETY_ZERO_SPEED_HALT
5.0,-8.0,moderate,0.45,max_gross,165500.0,low,0.3,low,3.0,2.737,2.5441,0.0,0.0,15.52,TIER_1_SAFETY_ZERO_SPEED_HALT
5.0,-8.0,moderate,0.45,max_gross,165500.0,low,0.3,medium_site,5.56,2.7381,7.313,0.0,0.0,15.52,TIER_1_SAFETY_ZERO_SPEED_HALT
5.0,-8.0,moderate,0.45,max_gross,165500.0,low,0.3,high_max,11.11,2.7429,25.833,0.0,0.0,15.52,TIER_1_SAFETY_ZERO_SPEED_HALT
5.0,-8.0,moderate,0.45,max_gross,165500.0,nominal,0.45,low,3.0,2.737,2.9941,0.0,0.0,15.52,TIER_1_SAFETY_ZERO_SPEED_HALT
5.0,-8.0,moderate,0.45,max_gross,165500.0,nominal,0.45,medium_site,5.56,2.7381,8.147,0.0,0.0,15.52,TIER_1_SAFETY_ZERO_SPEED_HALT
5.0,-8.0,moderate,0.45,max_gross,165500.0,nominal,0.45,high_max,11.11,2.7429,27.4995,0.0,0.0,15.52,TIER_1_SAFETY_ZERO_SPEED_HALT
5.0,-8.0,moderate,0.45,max_gross,165500.0,high_human,1.2,low,3.0,2.737,5.2441,0.0,0.0,15.52,TIER_1_SAFETY_ZERO_SPEED_HALT
5.0,-8.0,moderate,0.45,max_gross,165500.0,high_human,1.2,medium_site,5.56,2.7381,12.317,0.0,0.0,15.52,TIER_1_SAFETY_ZERO_SPEED_HALT
5.0,-8.0,moderate,0.45,max_gross,165500.0,high_human,1.2,high_max,11.11,2.7429,35.832,0.0,0.0,15.52,TIER_1_SAFETY_ZERO_SPEED_HALT
5.0,-8.0,wet,0.35,empty,74000.0,low,0.3,low,3.0,2.8369,2.4862,0.0,0.0,15.52,TIER_1_SAFETY_ZERO_SPEED_HALT
5.0,-8.0,wet,0.35,empty,74000.0,low,0.3,medium_site,5.56,2.8394,7.1116,0.0,0.0,15.52,TIER_1_SAFETY_ZERO_SPEED_HALT
5.0,-8.0,wet,0.35,empty,74000.0,low,0.3,high_max,11.11,2.8501,24.9867,0.0,0.0,15.52,TIER_1_SAFETY_ZERO_SPEED_HALT
5.0,-8.0,wet,0.35,empty,74000.0,nominal,0.45,low,3.0,2.8369,2.9362,0.0,0.0,15.52,TIER_1_SAFETY_ZERO_SPEED_HALT
5.0,-8.0,wet,0.35,empty,74000.0,nominal,0.45,medium_site,5.56,2.8394,7.9456,0.0,0.0,15.52,TIER_1_SAFETY_ZERO_SPEED_HALT
5.0,-8.0,wet,0.35,empty,74000.0,nominal,0.45,high_max,11.11,2.8501,26.6532,0.0,0.0,15.52,TIER_1_SAFETY_ZERO_SPEED_HALT
5.0,-8.0,wet,0.35,empty,74000.0,high_human,1.2,low,3.0,2.8369,5.1862,0.0,0.0,15.52,TIER_1_SAFETY_ZERO_SPEED_HALT
5.0,-8.0,wet,0.35,empty,74000.0,high_human,1.2,medium_site,5.56,2.8394,12.1156,0.0,0.0,15.52,TIER_1_SAFETY_ZERO_SPEED_HALT
5.0,-8.0,wet,0.35,empty,74000.0,high_human,1.2,high_max,11.11,2.8501,34.9857,0.0,0.0,15.52,TIER_1_SAFETY_ZERO_SPEED_HALT
5.0,-8.0,wet,0.35,medium,119750.0,low,0.3,low,3.0,2.8365,2.4865,0.0,0.0,15.52,TIER_1_SAFETY_ZERO_SPEED_HALT
5.0,-8.0,wet,0.35,medium,119750.0,low,0.3,medium_site,5.56,2.8381,7.1143,0.0,0.0,15.52,TIER_1_SAFETY_ZERO_SPEED_HALT
5.0,-8.0,wet,0.35,medium,119750.0,low,0.3,high_max,11.11,2.8447,25.0283,0.0,0.0,15.52,TIER_1_SAFETY_ZERO_SPEED_HALT
5.0,-8.0,wet,0.35,medium,119750.0,nominal,0.45,low,3.0,2.8365,2.9365,0.0,0.0,15.52,TIER_1_SAFETY_ZERO_SPEED_HALT
5.0,-8.0,wet,0.35,medium,119750.0,nominal,0.45,medium_site,5.56,2.8381,7.9483,0.0,0.0,15.52,TIER_1_SAFETY_ZERO_SPEED_HALT
5.0,-8.0,wet,0.35,medium,119750.0,nominal,0.45,high_max,11.11,2.8447,26.6948,0.0,0.0,15.52,TIER_1_SAFETY_ZERO_SPEED_HALT
5.0,-8.0,wet,0.35,medium,119750.0,high_human,1.2,low,3.0,2.8365,5.1865,0.0,0.0,15.52,TIER_1_SAFETY_ZERO_SPEED_HALT
5.0,-8.0,wet,0.35,medium,119750.0,high_human,1.2,medium_site,5.56,2.8381,12.1183,0.0,0.0,15.52,TIER_1_SAFETY_ZERO_SPEED_HALT
5.0,-8.0,wet,0.35,medium,119750.0,high_human,1.2,high_max,11.11,2.8447,35.0273,0.0,0.0,15.52,TIER_1_SAFETY_ZERO_SPEED_HALT
5.0,-8.0,wet,0.35,max_gross,165500.0,low,0.3,low,3.0,2.737,2.5441,0.0,0.0,15.52,TIER_1_SAFETY_ZERO_SPEED_HALT
5.0,-8.0,wet,0.35,max_gross,165500.0,low,0.3,medium_site,5.56,2.7381,7.313,0.0,0.0,15.52,TIER_1_SAFETY_ZERO_SPEED_HALT
5.0,-8.0,wet,0.35,max_gross,165500.0,low,0.3,high_max,11.11,2.7429,25.833,0.0,0.0,15.52,TIER_1_SAFETY_ZERO_SPEED_HALT
5.0,-8.0,wet,0.35,max_gross,165500.0,nominal,0.45,low,3.0,2.737,2.9941,0.0,0.0,15.52,TIER_1_SAFETY_ZERO_SPEED_HALT
5.0,-8.0,wet,0.35,max_gross,165500.0,nominal,0.45,medium_site,5.56,2.7381,8.147,0.0,0.0,15.52,TIER_1_SAFETY_ZERO_SPEED_HALT
5.0,-8.0,wet,0.35,max_gross,165500.0,nominal,0.45,high_max,11.11,2.7429,27.4995,0.0,0.0,15.52,TIER_1_SAFETY_ZERO_SPEED_HALT
5.0,-8.0,wet,0.35,max_gross,165500.0,high_human,1.2,low,3.0,2.737,5.2441,0.0,0.0,15.52,TIER_1_SAFETY_ZERO_SPEED_HALT
5.0,-8.0,wet,0.35,max_gross,165500.0,high_human,1.2,medium_site,5.56,2.7381,12.317,0.0,0.0,15.52,TIER_1_SAFETY_ZERO_SPEED_HALT
5.0,-8.0,wet,0.35,max_gross,165500.0,high_human,1.2,high_max,11.11,2.7429,35.832,0.0,0.0,15.52,TIER_1_SAFETY_ZERO_SPEED_HALT
5.0,-8.0,low_friction,0.2,empty,74000.0,low,0.3,low,3.0,1.3701,4.1845,0.0,0.0,15.52,TIER_1_SAFETY_ZERO_SPEED_HALT
5.0,-8.0,low_friction,0.2,empty,74000.0,low,0.3,medium_site,5.56,1.3726,12.9289,0.0,0.0,15.52,TIER_1_SAFETY_ZERO_SPEED_HALT
5.0,-8.0,low_friction,0.2,empty,74000.0,low,0.3,high_max,11.11,1.3833,47.9471,0.0,0.0,15.52,TIER_1_SAFETY_ZERO_SPEED_HALT
5.0,-8.0,low_friction,0.2,empty,74000.0,nominal,0.45,low,3.0,1.3701,4.6345,0.0,0.0,15.52,TIER_1_SAFETY_ZERO_SPEED_HALT
5.0,-8.0,low_friction,0.2,empty,74000.0,nominal,0.45,medium_site,5.56,1.3726,13.7629,0.0,0.0,15.52,TIER_1_SAFETY_ZERO_SPEED_HALT
5.0,-8.0,low_friction,0.2,empty,74000.0,nominal,0.45,high_max,11.11,1.3833,49.6136,0.0,0.0,15.52,TIER_1_SAFETY_ZERO_SPEED_HALT
5.0,-8.0,low_friction,0.2,empty,74000.0,high_human,1.2,low,3.0,1.3701,6.8845,0.0,0.0,15.52,TIER_1_SAFETY_ZERO_SPEED_HALT
5.0,-8.0,low_friction,0.2,empty,74000.0,high_human,1.2,medium_site,5.56,1.3726,17.9329,0.0,0.0,15.52,TIER_1_SAFETY_ZERO_SPEED_HALT
5.0,-8.0,low_friction,0.2,empty,74000.0,high_human,1.2,high_max,11.11,1.3833,57.9461,0.0,0.0,15.52,TIER_1_SAFETY_ZERO_SPEED_HALT
5.0,-8.0,low_friction,0.2,medium,119750.0,low,0.3,low,3.0,1.3697,4.1855,0.0,0.0,15.52,TIER_1_SAFETY_ZERO_SPEED_HALT
5.0,-8.0,low_friction,0.2,medium,119750.0,low,0.3,medium_site,5.56,1.3712,12.9401,0.0,0.0,15.52,TIER_1_SAFETY_ZERO_SPEED_HALT
5.0,-8.0,low_friction,0.2,medium,119750.0,low,0.3,high_max,11.11,1.3779,48.1241,0.0,0.0,15.52,TIER_1_SAFETY_ZERO_SPEED_HALT
5.0,-8.0,low_friction,0.2,medium,119750.0,nominal,0.45,low,3.0,1.3697,4.6355,0.0,0.0,15.52,TIER_1_SAFETY_ZERO_SPEED_HALT
5.0,-8.0,low_friction,0.2,medium,119750.0,nominal,0.45,medium_site,5.56,1.3712,13.7741,0.0,0.0,15.52,TIER_1_SAFETY_ZERO_SPEED_HALT
5.0,-8.0,low_friction,0.2,medium,119750.0,nominal,0.45,high_max,11.11,1.3779,49.7906,0.0,0.0,15.52,TIER_1_SAFETY_ZERO_SPEED_HALT
5.0,-8.0,low_friction,0.2,medium,119750.0,high_human,1.2,low,3.0,1.3697,6.8855,0.0,0.0,15.52,TIER_1_SAFETY_ZERO_SPEED_HALT
5.0,-8.0,low_friction,0.2,medium,119750.0,high_human,1.2,medium_site,5.56,1.3712,17.9441,0.0,0.0,15.52,TIER_1_SAFETY_ZERO_SPEED_HALT
5.0,-8.0,low_friction,0.2,medium,119750.0,high_human,1.2,high_max,11.11,1.3779,58.1231,0.0,0.0,15.52,TIER_1_SAFETY_ZERO_SPEED_HALT
5.0,-8.0,low_friction,0.2,max_gross,165500.0,low,0.3,low,3.0,1.3695,4.1859,0.0,0.0,15.52,TIER_1_SAFETY_ZERO_SPEED_HALT
5.0,-8.0,low_friction,0.2,max_gross,165500.0,low,0.3,medium_site,5.56,1.3706,12.9452,0.0,0.0,15.52,TIER_1_SAFETY_ZERO_SPEED_HALT
5.0,-8.0,low_friction,0.2,max_gross,165500.0,low,0.3,high_max,11.11,1.3754,48.2036,0.0,0.0,15.52,TIER_1_SAFETY_ZERO_SPEED_HALT
5.0,-8.0,low_friction,0.2,max_gross,165500.0,nominal,0.45,low,3.0,1.3695,4.6359,0.0,0.0,15.52,TIER_1_SAFETY_ZERO_SPEED_HALT
5.0,-8.0,low_friction,0.2,max_gross,165500.0,nominal,0.45,medium_site,5.56,1.3706,13.7792,0.0,0.0,15.52,TIER_1_SAFETY_ZERO_SPEED_HALT
5.0,-8.0,low_friction,0.2,max_gross,165500.0,nominal,0.45,high_max,11.11,1.3754,49.8701,0.0,0.0,15.52,TIER_1_SAFETY_ZERO_SPEED_HALT
5.0,-8.0,low_friction,0.2,max_gross,165500.0,high_human,1.2,low,3.0,1.3695,6.8859,0.0,0.0,15.52,TIER_1_SAFETY_ZERO_SPEED_HALT
5.0,-8.0,low_friction,0.2,max_gross,165500.0,high_human,1.2,medium_site,5.56,1.3706,17.9492,0.0,0.0,15.52,TIER_1_SAFETY_ZERO_SPEED_HALT
5.0,-8.0,low_friction,0.2,max_gross,165500.0,high_human,1.2,high_max,11.11,1.3754,58.2026,0.0,0.0,15.52,TIER_1_SAFETY_ZERO_SPEED_HALT
4.0,8.0,dry_high,0.65,empty,74000.0,low,0.3,low,3.0,7.3351,1.5135,0.0,0.0,15.52,TIER_1_SAFETY_ZERO_SPEED_HALT
4.0,8.0,dry_high,0.65,empty,74000.0,low,0.3,medium_site,5.56,7.3377,3.7745,0.0,0.0,15.52,TIER_1_SAFETY_ZERO_SPEED_HALT
4.0,8.0,dry_high,0.65,empty,74000.0,low,0.3,high_max,11.11,7.3484,11.7316,0.0,0.0,15.52,TIER_1_SAFETY_ZERO_SPEED_HALT
4.0,8.0,dry_high,0.65,empty,74000.0,nominal,0.45,low,3.0,7.3351,1.9635,0.0,0.0,15.52,TIER_1_SAFETY_ZERO_SPEED_HALT
4.0,8.0,dry_high,0.65,empty,74000.0,nominal,0.45,medium_site,5.56,7.3377,4.6085,0.0,0.0,15.52,TIER_1_SAFETY_ZERO_SPEED_HALT
4.0,8.0,dry_high,0.65,empty,74000.0,nominal,0.45,high_max,11.11,7.3484,13.3981,0.0,0.0,15.52,TIER_1_SAFETY_ZERO_SPEED_HALT
4.0,8.0,dry_high,0.65,empty,74000.0,high_human,1.2,low,3.0,7.3351,4.2135,0.0,0.0,15.52,TIER_1_SAFETY_ZERO_SPEED_HALT
4.0,8.0,dry_high,0.65,empty,74000.0,high_human,1.2,medium_site,5.56,7.3377,8.7785,0.0,0.0,15.52,TIER_1_SAFETY_ZERO_SPEED_HALT
4.0,8.0,dry_high,0.65,empty,74000.0,high_human,1.2,high_max,11.11,7.3484,21.7306,0.0,0.0,15.52,TIER_1_SAFETY_ZERO_SPEED_HALT
4.0,8.0,dry_high,0.65,medium,119750.0,low,0.3,low,3.0,5.5714,1.7077,0.0,0.0,15.52,TIER_1_SAFETY_ZERO_SPEED_HALT
4.0,8.0,dry_high,0.65,medium,119750.0,low,0.3,medium_site,5.56,5.573,4.4415,0.0,0.0,15.52,TIER_1_SAFETY_ZERO_SPEED_HALT
4.0,8.0,dry_high,0.65,medium,119750.0,low,0.3,high_max,11.11,5.5796,14.394,0.0,0.0,15.52,TIER_1_SAFETY_ZERO_SPEED_HALT
4.0,8.0,dry_high,0.65,medium,119750.0,nominal,0.45,low,3.0,5.5714,2.1577,0.0,0.0,15.52,TIER_1_SAFETY_ZERO_SPEED_HALT
4.0,8.0,dry_high,0.65,medium,119750.0,nominal,0.45,medium_site,5.56,5.573,5.2755,0.0,0.0,15.52,TIER_1_SAFETY_ZERO_SPEED_HALT
4.0,8.0,dry_high,0.65,medium,119750.0,nominal,0.45,high_max,11.11,5.5796,16.0605,0.0,0.0,15.52,TIER_1_SAFETY_ZERO_SPEED_HALT
4.0,8.0,dry_high,0.65,medium,119750.0,high_human,1.2,low,3.0,5.5714,4.4077,0.0,0.0,15.52,TIER_1_SAFETY_ZERO_SPEED_HALT
4.0,8.0,dry_high,0.65,medium,119750.0,high_human,1.2,medium_site,5.56,5.573,9.4455,0.0,0.0,15.52,TIER_1_SAFETY_ZERO_SPEED_HALT
4.0,8.0,dry_high,0.65,medium,119750.0,high_human,1.2,high_max,11.11,5.5796,24.393,0.0,0.0,15.52,TIER_1_SAFETY_ZERO_SPEED_HALT
4.0,8.0,dry_high,0.65,max_gross,165500.0,low,0.3,low,3.0,4.3016,1.9461,0.0,0.0,15.52,TIER_1_SAFETY_ZERO_SPEED_HALT
4.0,8.0,dry_high,0.65,max_gross,165500.0,low,0.3,medium_site,5.56,4.3027,5.2603,0.0,0.0,15.52,TIER_1_SAFETY_ZERO_SPEED_HALT
4.0,8.0,dry_high,0.65,max_gross,165500.0,low,0.3,high_max,11.11,4.3075,17.6605,0.0,0.0,15.52,TIER_1_SAFETY_ZERO_SPEED_HALT
4.0,8.0,dry_high,0.65,max_gross,165500.0,nominal,0.45,low,3.0,4.3016,2.3961,0.0,0.0,15.52,TIER_1_SAFETY_ZERO_SPEED_HALT
4.0,8.0,dry_high,0.65,max_gross,165500.0,nominal,0.45,medium_site,5.56,4.3027,6.0943,0.0,0.0,15.52,TIER_1_SAFETY_ZERO_SPEED_HALT
4.0,8.0,dry_high,0.65,max_gross,165500.0,nominal,0.45,high_max,11.11,4.3075,19.327,0.0,0.0,15.52,TIER_1_SAFETY_ZERO_SPEED_HALT
4.0,8.0,dry_high,0.65,max_gross,165500.0,high_human,1.2,low,3.0,4.3016,4.6461,0.0,0.0,15.52,TIER_1_SAFETY_ZERO_SPEED_HALT
4.0,8.0,dry_high,0.65,max_gross,165500.0,high_human,1.2,medium_site,5.56,4.3027,10.2643,0.0,0.0,15.52,TIER_1_SAFETY_ZERO_SPEED_HALT
4.0,8.0,dry_high,0.65,max_gross,165500.0,high_human,1.2,high_max,11.11,4.3075,27.6595,0.0,0.0,15.52,TIER_1_SAFETY_ZERO_SPEED_HALT
4.0,8.0,moderate,0.45,empty,74000.0,low,0.3,low,3.0,5.3794,1.7365,0.0,0.0,15.52,TIER_1_SAFETY_ZERO_SPEED_HALT
4.0,8.0,moderate,0.45,empty,74000.0,low,0.3,medium_site,5.56,5.3819,4.54,0.0,0.0,15.52,TIER_1_SAFETY_ZERO_SPEED_HALT
4.0,8.0,moderate,0.45,empty,74000.0,low,0.3,high_max,11.11,5.3926,14.7775,0.0,0.0,15.52,TIER_1_SAFETY_ZERO_SPEED_HALT
4.0,8.0,moderate,0.45,empty,74000.0,nominal,0.45,low,3.0,5.3794,2.1865,0.0,0.0,15.52,TIER_1_SAFETY_ZERO_SPEED_HALT
4.0,8.0,moderate,0.45,empty,74000.0,nominal,0.45,medium_site,5.56,5.3819,5.374,0.0,0.0,15.52,TIER_1_SAFETY_ZERO_SPEED_HALT
4.0,8.0,moderate,0.45,empty,74000.0,nominal,0.45,high_max,11.11,5.3926,16.444,0.0,0.0,15.52,TIER_1_SAFETY_ZERO_SPEED_HALT
4.0,8.0,moderate,0.45,empty,74000.0,high_human,1.2,low,3.0,5.3794,4.4365,0.0,0.0,15.52,TIER_1_SAFETY_ZERO_SPEED_HALT
4.0,8.0,moderate,0.45,empty,74000.0,high_human,1.2,medium_site,5.56,5.3819,9.544,0.0,0.0,15.52,TIER_1_SAFETY_ZERO_SPEED_HALT
4.0,8.0,moderate,0.45,empty,74000.0,high_human,1.2,high_max,11.11,5.3926,24.7765,0.0,0.0,15.52,TIER_1_SAFETY_ZERO_SPEED_HALT
4.0,8.0,moderate,0.45,medium,119750.0,low,0.3,low,3.0,5.379,1.7366,0.0,0.0,15.52,TIER_1_SAFETY_ZERO_SPEED_HALT
4.0,8.0,moderate,0.45,medium,119750.0,low,0.3,medium_site,5.56,5.3805,4.5407,0.0,0.0,15.52,TIER_1_SAFETY_ZERO_SPEED_HALT
4.0,8.0,moderate,0.45,medium,119750.0,low,0.3,high_max,11.11,5.3872,14.7891,0.0,0.0,15.52,TIER_1_SAFETY_ZERO_SPEED_HALT
4.0,8.0,moderate,0.45,medium,119750.0,nominal,0.45,low,3.0,5.379,2.1866,0.0,0.0,15.52,TIER_1_SAFETY_ZERO_SPEED_HALT
4.0,8.0,moderate,0.45,medium,119750.0,nominal,0.45,medium_site,5.56,5.3805,5.3747,0.0,0.0,15.52,TIER_1_SAFETY_ZERO_SPEED_HALT
4.0,8.0,moderate,0.45,medium,119750.0,nominal,0.45,high_max,11.11,5.3872,16.4556,0.0,0.0,15.52,TIER_1_SAFETY_ZERO_SPEED_HALT
4.0,8.0,moderate,0.45,medium,119750.0,high_human,1.2,low,3.0,5.379,4.4366,0.0,0.0,15.52,TIER_1_SAFETY_ZERO_SPEED_HALT
4.0,8.0,moderate,0.45,medium,119750.0,high_human,1.2,medium_site,5.56,5.3805,9.5447,0.0,0.0,15.52,TIER_1_SAFETY_ZERO_SPEED_HALT
4.0,8.0,moderate,0.45,medium,119750.0,high_human,1.2,high_max,11.11,5.3872,24.7881,0.0,0.0,15.52,TIER_1_SAFETY_ZERO_SPEED_HALT
4.0,8.0,moderate,0.45,max_gross,165500.0,low,0.3,low,3.0,4.3016,1.9461,0.0,0.0,15.52,TIER_1_SAFETY_ZERO_SPEED_HALT
4.0,8.0,moderate,0.45,max_gross,165500.0,low,0.3,medium_site,5.56,4.3027,5.2603,0.0,0.0,15.52,TIER_1_SAFETY_ZERO_SPEED_HALT
4.0,8.0,moderate,0.45,max_gross,165500.0,low,0.3,high_max,11.11,4.3075,17.6605,0.0,0.0,15.52,TIER_1_SAFETY_ZERO_SPEED_HALT
4.0,8.0,moderate,0.45,max_gross,165500.0,nominal,0.45,low,3.0,4.3016,2.3961,0.0,0.0,15.52,TIER_1_SAFETY_ZERO_SPEED_HALT
4.0,8.0,moderate,0.45,max_gross,165500.0,nominal,0.45,medium_site,5.56,4.3027,6.0943,0.0,0.0,15.52,TIER_1_SAFETY_ZERO_SPEED_HALT
4.0,8.0,moderate,0.45,max_gross,165500.0,nominal,0.45,high_max,11.11,4.3075,19.327,0.0,0.0,15.52,TIER_1_SAFETY_ZERO_SPEED_HALT
4.0,8.0,moderate,0.45,max_gross,165500.0,high_human,1.2,low,3.0,4.3016,4.6461,0.0,0.0,15.52,TIER_1_SAFETY_ZERO_SPEED_HALT
4.0,8.0,moderate,0.45,max_gross,165500.0,high_human,1.2,medium_site,5.56,4.3027,10.2643,0.0,0.0,15.52,TIER_1_SAFETY_ZERO_SPEED_HALT
4.0,8.0,moderate,0.45,max_gross,165500.0,high_human,1.2,high_max,11.11,4.3075,27.6595,0.0,0.0,15.52,TIER_1_SAFETY_ZERO_SPEED_HALT
4.0,8.0,wet,0.35,empty,74000.0,low,0.3,low,3.0,4.4015,1.9224,0.0,0.0,15.52,TIER_1_SAFETY_ZERO_SPEED_HALT
4.0,8.0,wet,0.35,empty,74000.0,low,0.3,medium_site,5.56,4.404,5.1777,0.0,0.0,15.52,TIER_1_SAFETY_ZERO_SPEED_HALT
4.0,8.0,wet,0.35,empty,74000.0,low,0.3,high_max,11.11,4.4147,17.3125,0.0,0.0,15.52,TIER_1_SAFETY_ZERO_SPEED_HALT
4.0,8.0,wet,0.35,empty,74000.0,nominal,0.45,low,3.0,4.4015,2.3724,0.0,0.0,15.52,TIER_1_SAFETY_ZERO_SPEED_HALT
4.0,8.0,wet,0.35,empty,74000.0,nominal,0.45,medium_site,5.56,4.404,6.0117,0.0,0.0,15.52,TIER_1_SAFETY_ZERO_SPEED_HALT
4.0,8.0,wet,0.35,empty,74000.0,nominal,0.45,high_max,11.11,4.4147,18.979,0.0,0.0,15.52,TIER_1_SAFETY_ZERO_SPEED_HALT
4.0,8.0,wet,0.35,empty,74000.0,high_human,1.2,low,3.0,4.4015,4.6224,0.0,0.0,15.52,TIER_1_SAFETY_ZERO_SPEED_HALT
4.0,8.0,wet,0.35,empty,74000.0,high_human,1.2,medium_site,5.56,4.404,10.1817,0.0,0.0,15.52,TIER_1_SAFETY_ZERO_SPEED_HALT
4.0,8.0,wet,0.35,empty,74000.0,high_human,1.2,high_max,11.11,4.4147,27.3115,0.0,0.0,15.52,TIER_1_SAFETY_ZERO_SPEED_HALT
4.0,8.0,wet,0.35,medium,119750.0,low,0.3,low,3.0,4.4011,1.9225,0.0,0.0,15.52,TIER_1_SAFETY_ZERO_SPEED_HALT
4.0,8.0,wet,0.35,medium,119750.0,low,0.3,medium_site,5.56,4.4027,5.1788,0.0,0.0,15.52,TIER_1_SAFETY_ZERO_SPEED_HALT
4.0,8.0,wet,0.35,medium,119750.0,low,0.3,high_max,11.11,4.4093,17.3299,0.0,0.0,15.52,TIER_1_SAFETY_ZERO_SPEED_HALT
4.0,8.0,wet,0.35,medium,119750.0,nominal,0.45,low,3.0,4.4011,2.3725,0.0,0.0,15.52,TIER_1_SAFETY_ZERO_SPEED_HALT
4.0,8.0,wet,0.35,medium,119750.0,nominal,0.45,medium_site,5.56,4.4027,6.0128,0.0,0.0,15.52,TIER_1_SAFETY_ZERO_SPEED_HALT
4.0,8.0,wet,0.35,medium,119750.0,nominal,0.45,high_max,11.11,4.4093,18.9964,0.0,0.0,15.52,TIER_1_SAFETY_ZERO_SPEED_HALT
4.0,8.0,wet,0.35,medium,119750.0,high_human,1.2,low,3.0,4.4011,4.6225,0.0,0.0,15.52,TIER_1_SAFETY_ZERO_SPEED_HALT
4.0,8.0,wet,0.35,medium,119750.0,high_human,1.2,medium_site,5.56,4.4027,10.1828,0.0,0.0,15.52,TIER_1_SAFETY_ZERO_SPEED_HALT
4.0,8.0,wet,0.35,medium,119750.0,high_human,1.2,high_max,11.11,4.4093,27.3289,0.0,0.0,15.52,TIER_1_SAFETY_ZERO_SPEED_HALT
4.0,8.0,wet,0.35,max_gross,165500.0,low,0.3,low,3.0,4.3016,1.9461,0.0,0.0,15.52,TIER_1_SAFETY_ZERO_SPEED_HALT
4.0,8.0,wet,0.35,max_gross,165500.0,low,0.3,medium_site,5.56,4.3027,5.2603,0.0,0.0,15.52,TIER_1_SAFETY_ZERO_SPEED_HALT
4.0,8.0,wet,0.35,max_gross,165500.0,low,0.3,high_max,11.11,4.3075,17.6605,0.0,0.0,15.52,TIER_1_SAFETY_ZERO_SPEED_HALT
4.0,8.0,wet,0.35,max_gross,165500.0,nominal,0.45,low,3.0,4.3016,2.3961,0.0,0.0,15.52,TIER_1_SAFETY_ZERO_SPEED_HALT
4.0,8.0,wet,0.35,max_gross,165500.0,nominal,0.45,medium_site,5.56,4.3027,6.0943,0.0,0.0,15.52,TIER_1_SAFETY_ZERO_SPEED_HALT
4.0,8.0,wet,0.35,max_gross,165500.0,nominal,0.45,high_max,11.11,4.3075,19.327,0.0,0.0,15.52,TIER_1_SAFETY_ZERO_SPEED_HALT
4.0,8.0,wet,0.35,max_gross,165500.0,high_human,1.2,low,3.0,4.3016,4.6461,0.0,0.0,15.52,TIER_1_SAFETY_ZERO_SPEED_HALT
4.0,8.0,wet,0.35,max_gross,165500.0,high_human,1.2,medium_site,5.56,4.3027,10.2643,0.0,0.0,15.52,TIER_1_SAFETY_ZERO_SPEED_HALT
4.0,8.0,wet,0.35,max_gross,165500.0,high_human,1.2,high_max,11.11,4.3075,27.6595,0.0,0.0,15.52,TIER_1_SAFETY_ZERO_SPEED_HALT
4.0,8.0,low_friction,0.2,empty,74000.0,low,0.3,low,3.0,2.9347,2.4334,0.0,0.0,15.52,TIER_1_SAFETY_ZERO_SPEED_HALT
4.0,8.0,low_friction,0.2,empty,74000.0,low,0.3,medium_site,5.56,2.9372,6.9304,0.0,0.0,15.52,TIER_1_SAFETY_ZERO_SPEED_HALT
4.0,8.0,low_friction,0.2,empty,74000.0,low,0.3,high_max,11.11,2.9479,24.2684,0.0,0.0,15.52,TIER_1_SAFETY_ZERO_SPEED_HALT
4.0,8.0,low_friction,0.2,empty,74000.0,nominal,0.45,low,3.0,2.9347,2.8834,0.0,0.0,15.52,TIER_1_SAFETY_ZERO_SPEED_HALT
4.0,8.0,low_friction,0.2,empty,74000.0,nominal,0.45,medium_site,5.56,2.9372,7.7644,0.0,0.0,15.52,TIER_1_SAFETY_ZERO_SPEED_HALT
4.0,8.0,low_friction,0.2,empty,74000.0,nominal,0.45,high_max,11.11,2.9479,25.9349,0.0,0.0,15.52,TIER_1_SAFETY_ZERO_SPEED_HALT
4.0,8.0,low_friction,0.2,empty,74000.0,high_human,1.2,low,3.0,2.9347,5.1334,0.0,0.0,15.52,TIER_1_SAFETY_ZERO_SPEED_HALT
4.0,8.0,low_friction,0.2,empty,74000.0,high_human,1.2,medium_site,5.56,2.9372,11.9344,0.0,0.0,15.52,TIER_1_SAFETY_ZERO_SPEED_HALT
4.0,8.0,low_friction,0.2,empty,74000.0,high_human,1.2,high_max,11.11,2.9479,34.2674,0.0,0.0,15.52,TIER_1_SAFETY_ZERO_SPEED_HALT
4.0,8.0,low_friction,0.2,medium,119750.0,low,0.3,low,3.0,2.9343,2.4336,0.0,0.0,15.52,TIER_1_SAFETY_ZERO_SPEED_HALT
4.0,8.0,low_friction,0.2,medium,119750.0,low,0.3,medium_site,5.56,2.9358,6.9329,0.0,0.0,15.52,TIER_1_SAFETY_ZERO_SPEED_HALT
4.0,8.0,low_friction,0.2,medium,119750.0,low,0.3,high_max,11.11,2.9425,24.3073,0.0,0.0,15.52,TIER_1_SAFETY_ZERO_SPEED_HALT
4.0,8.0,low_friction,0.2,medium,119750.0,nominal,0.45,low,3.0,2.9343,2.8836,0.0,0.0,15.52,TIER_1_SAFETY_ZERO_SPEED_HALT
4.0,8.0,low_friction,0.2,medium,119750.0,nominal,0.45,medium_site,5.56,2.9358,7.7669,0.0,0.0,15.52,TIER_1_SAFETY_ZERO_SPEED_HALT
4.0,8.0,low_friction,0.2,medium,119750.0,nominal,0.45,high_max,11.11,2.9425,25.9738,0.0,0.0,15.52,TIER_1_SAFETY_ZERO_SPEED_HALT
4.0,8.0,low_friction,0.2,medium,119750.0,high_human,1.2,low,3.0,2.9343,5.1336,0.0,0.0,15.52,TIER_1_SAFETY_ZERO_SPEED_HALT
4.0,8.0,low_friction,0.2,medium,119750.0,high_human,1.2,medium_site,5.56,2.9358,11.9369,0.0,0.0,15.52,TIER_1_SAFETY_ZERO_SPEED_HALT
4.0,8.0,low_friction,0.2,medium,119750.0,high_human,1.2,high_max,11.11,2.9425,34.3063,0.0,0.0,15.52,TIER_1_SAFETY_ZERO_SPEED_HALT
4.0,8.0,low_friction,0.2,max_gross,165500.0,low,0.3,low,3.0,2.9341,2.4337,0.0,0.0,15.52,TIER_1_SAFETY_ZERO_SPEED_HALT
4.0,8.0,low_friction,0.2,max_gross,165500.0,low,0.3,medium_site,5.56,2.9352,6.934,0.0,0.0,15.52,TIER_1_SAFETY_ZERO_SPEED_HALT
4.0,8.0,low_friction,0.2,max_gross,165500.0,low,0.3,high_max,11.11,2.94,24.3247,0.0,0.0,15.52,TIER_1_SAFETY_ZERO_SPEED_HALT
4.0,8.0,low_friction,0.2,max_gross,165500.0,nominal,0.45,low,3.0,2.9341,2.8837,0.0,0.0,15.52,TIER_1_SAFETY_ZERO_SPEED_HALT
4.0,8.0,low_friction,0.2,max_gross,165500.0,nominal,0.45,medium_site,5.56,2.9352,7.768,0.0,0.0,15.52,TIER_1_SAFETY_ZERO_SPEED_HALT
4.0,8.0,low_friction,0.2,max_gross,165500.0,nominal,0.45,high_max,11.11,2.94,25.9912,0.0,0.0,15.52,TIER_1_SAFETY_ZERO_SPEED_HALT
4.0,8.0,low_friction,0.2,max_gross,165500.0,high_human,1.2,low,3.0,2.9341,5.1337,0.0,0.0,15.52,TIER_1_SAFETY_ZERO_SPEED_HALT
4.0,8.0,low_friction,0.2,max_gross,165500.0,high_human,1.2,medium_site,5.56,2.9352,11.938,0.0,0.0,15.52,TIER_1_SAFETY_ZERO_SPEED_HALT
4.0,8.0,low_friction,0.2,max_gross,165500.0,high_human,1.2,high_max,11.11,2.94,34.3237,0.0,0.0,15.52,TIER_1_SAFETY_ZERO_SPEED_HALT
4.0,5.0,dry_high,0.65,empty,74000.0,low,0.3,low,3.0,7.0554,1.5378,0.0,0.0,15.52,TIER_1_SAFETY_ZERO_SPEED_HALT
4.0,5.0,dry_high,0.65,empty,74000.0,low,0.3,medium_site,5.56,7.058,3.858,0.0,0.0,15.52,TIER_1_SAFETY_ZERO_SPEED_HALT
4.0,5.0,dry_high,0.65,empty,74000.0,low,0.3,high_max,11.11,7.0687,12.0639,0.0,0.0,15.52,TIER_1_SAFETY_ZERO_SPEED_HALT
4.0,5.0,dry_high,0.65,empty,74000.0,nominal,0.45,low,3.0,7.0554,1.9878,0.0,0.0,15.52,TIER_1_SAFETY_ZERO_SPEED_HALT
4.0,5.0,dry_high,0.65,empty,74000.0,nominal,0.45,medium_site,5.56,7.058,4.692,0.0,0.0,15.52,TIER_1_SAFETY_ZERO_SPEED_HALT
4.0,5.0,dry_high,0.65,empty,74000.0,nominal,0.45,high_max,11.11,7.0687,13.7304,0.0,0.0,15.52,TIER_1_SAFETY_ZERO_SPEED_HALT
4.0,5.0,dry_high,0.65,empty,74000.0,high_human,1.2,low,3.0,7.0554,4.2378,0.0,0.0,15.52,TIER_1_SAFETY_ZERO_SPEED_HALT
4.0,5.0,dry_high,0.65,empty,74000.0,high_human,1.2,medium_site,5.56,7.058,8.862,0.0,0.0,15.52,TIER_1_SAFETY_ZERO_SPEED_HALT
4.0,5.0,dry_high,0.65,empty,74000.0,high_human,1.2,high_max,11.11,7.0687,22.0629,0.0,0.0,15.52,TIER_1_SAFETY_ZERO_SPEED_HALT
4.0,5.0,dry_high,0.65,medium,119750.0,low,0.3,low,3.0,5.2794,1.7524,0.0,0.0,15.52,TIER_1_SAFETY_ZERO_SPEED_HALT
4.0,5.0,dry_high,0.65,medium,119750.0,low,0.3,medium_site,5.56,5.281,4.5949,0.0,0.0,15.52,TIER_1_SAFETY_ZERO_SPEED_HALT
4.0,5.0,dry_high,0.65,medium,119750.0,low,0.3,high_max,11.11,5.2876,15.0049,0.0,0.0,15.52,TIER_1_SAFETY_ZERO_SPEED_HALT
4.0,5.0,dry_high,0.65,medium,119750.0,nominal,0.45,low,3.0,5.2794,2.2024,0.0,0.0,15.52,TIER_1_SAFETY_ZERO_SPEED_HALT
4.0,5.0,dry_high,0.65,medium,119750.0,nominal,0.45,medium_site,5.56,5.281,5.4289,0.0,0.0,15.52,TIER_1_SAFETY_ZERO_SPEED_HALT
4.0,5.0,dry_high,0.65,medium,119750.0,nominal,0.45,high_max,11.11,5.2876,16.6714,0.0,0.0,15.52,TIER_1_SAFETY_ZERO_SPEED_HALT
4.0,5.0,dry_high,0.65,medium,119750.0,high_human,1.2,low,3.0,5.2794,4.4524,0.0,0.0,15.52,TIER_1_SAFETY_ZERO_SPEED_HALT
4.0,5.0,dry_high,0.65,medium,119750.0,high_human,1.2,medium_site,5.56,5.281,9.5989,0.0,0.0,15.52,TIER_1_SAFETY_ZERO_SPEED_HALT
4.0,5.0,dry_high,0.65,medium,119750.0,high_human,1.2,high_max,11.11,5.2876,25.0039,0.0,0.0,15.52,TIER_1_SAFETY_ZERO_SPEED_HALT
4.0,5.0,dry_high,0.65,max_gross,165500.0,low,0.3,low,3.0,4.0096,2.0223,0.0,0.0,15.52,TIER_1_SAFETY_ZERO_SPEED_HALT
4.0,5.0,dry_high,0.65,max_gross,165500.0,low,0.3,medium_site,5.56,4.0107,5.5219,0.0,0.0,15.52,TIER_1_SAFETY_ZERO_SPEED_HALT
4.0,5.0,dry_high,0.65,max_gross,165500.0,low,0.3,high_max,11.11,4.0155,18.7025,0.0,0.0,15.52,TIER_1_SAFETY_ZERO_SPEED_HALT
4.0,5.0,dry_high,0.65,max_gross,165500.0,nominal,0.45,low,3.0,4.0096,2.4723,0.0,0.0,15.52,TIER_1_SAFETY_ZERO_SPEED_HALT
4.0,5.0,dry_high,0.65,max_gross,165500.0,nominal,0.45,medium_site,5.56,4.0107,6.3559,0.0,0.0,15.52,TIER_1_SAFETY_ZERO_SPEED_HALT
4.0,5.0,dry_high,0.65,max_gross,165500.0,nominal,0.45,high_max,11.11,4.0155,20.369,0.0,0.0,15.52,TIER_1_SAFETY_ZERO_SPEED_HALT
4.0,5.0,dry_high,0.65,max_gross,165500.0,high_human,1.2,low,3.0,4.0096,4.7223,0.0,0.0,15.52,TIER_1_SAFETY_ZERO_SPEED_HALT
4.0,5.0,dry_high,0.65,max_gross,165500.0,high_human,1.2,medium_site,5.56,4.0107,10.5259,0.0,0.0,15.52,TIER_1_SAFETY_ZERO_SPEED_HALT
4.0,5.0,dry_high,0.65,max_gross,165500.0,high_human,1.2,high_max,11.11,4.0155,28.7015,0.0,0.0,15.52,TIER_1_SAFETY_ZERO_SPEED_HALT
4.0,5.0,moderate,0.45,empty,74000.0,low,0.3,low,3.0,5.0959,1.7831,0.0,0.0,15.52,TIER_1_SAFETY_ZERO_SPEED_HALT
4.0,5.0,moderate,0.45,empty,74000.0,low,0.3,medium_site,5.56,5.0984,4.6997,0.0,0.0,15.52,TIER_1_SAFETY_ZERO_SPEED_HALT
4.0,5.0,moderate,0.45,empty,74000.0,low,0.3,high_max,11.11,5.1091,15.4125,0.0,0.0,15.52,TIER_1_SAFETY_ZERO_SPEED_HALT
4.0,5.0,moderate,0.45,empty,74000.0,nominal,0.45,low,3.0,5.0959,2.2331,0.0,0.0,15.52,TIER_1_SAFETY_ZERO_SPEED_HALT
4.0,5.0,moderate,0.45,empty,74000.0,nominal,0.45,medium_site,5.56,5.0984,5.5337,0.0,0.0,15.52,TIER_1_SAFETY_ZERO_SPEED_HALT
4.0,5.0,moderate,0.45,empty,74000.0,nominal,0.45,high_max,11.11,5.1091,17.079,0.0,0.0,15.52,TIER_1_SAFETY_ZERO_SPEED_HALT
4.0,5.0,moderate,0.45,empty,74000.0,high_human,1.2,low,3.0,5.0959,4.4831,0.0,0.0,15.52,TIER_1_SAFETY_ZERO_SPEED_HALT
4.0,5.0,moderate,0.45,empty,74000.0,high_human,1.2,medium_site,5.56,5.0984,9.7037,0.0,0.0,15.52,TIER_1_SAFETY_ZERO_SPEED_HALT
4.0,5.0,moderate,0.45,empty,74000.0,high_human,1.2,high_max,11.11,5.1091,25.4115,0.0,0.0,15.52,TIER_1_SAFETY_ZERO_SPEED_HALT
4.0,5.0,moderate,0.45,medium,119750.0,low,0.3,low,3.0,5.0955,1.7831,0.0,0.0,15.52,TIER_1_SAFETY_ZERO_SPEED_HALT
4.0,5.0,moderate,0.45,medium,119750.0,low,0.3,medium_site,5.56,5.097,4.7005,0.0,0.0,15.52,TIER_1_SAFETY_ZERO_SPEED_HALT
4.0,5.0,moderate,0.45,medium,119750.0,low,0.3,high_max,11.11,5.1037,15.4255,0.0,0.0,15.52,TIER_1_SAFETY_ZERO_SPEED_HALT
4.0,5.0,moderate,0.45,medium,119750.0,nominal,0.45,low,3.0,5.0955,2.2331,0.0,0.0,15.52,TIER_1_SAFETY_ZERO_SPEED_HALT
4.0,5.0,moderate,0.45,medium,119750.0,nominal,0.45,medium_site,5.56,5.097,5.5345,0.0,0.0,15.52,TIER_1_SAFETY_ZERO_SPEED_HALT
4.0,5.0,moderate,0.45,medium,119750.0,nominal,0.45,high_max,11.11,5.1037,17.092,0.0,0.0,15.52,TIER_1_SAFETY_ZERO_SPEED_HALT
4.0,5.0,moderate,0.45,medium,119750.0,high_human,1.2,low,3.0,5.0955,4.4831,0.0,0.0,15.52,TIER_1_SAFETY_ZERO_SPEED_HALT
4.0,5.0,moderate,0.45,medium,119750.0,high_human,1.2,medium_site,5.56,5.097,9.7045,0.0,0.0,15.52,TIER_1_SAFETY_ZERO_SPEED_HALT
4.0,5.0,moderate,0.45,medium,119750.0,high_human,1.2,high_max,11.11,5.1037,25.4245,0.0,0.0,15.52,TIER_1_SAFETY_ZERO_SPEED_HALT
4.0,5.0,moderate,0.45,max_gross,165500.0,low,0.3,low,3.0,4.0096,2.0223,0.0,0.0,15.52,TIER_1_SAFETY_ZERO_SPEED_HALT
4.0,5.0,moderate,0.45,max_gross,165500.0,low,0.3,medium_site,5.56,4.0107,5.5219,0.0,0.0,15.52,TIER_1_SAFETY_ZERO_SPEED_HALT
4.0,5.0,moderate,0.45,max_gross,165500.0,low,0.3,high_max,11.11,4.0155,18.7025,0.0,0.0,15.52,TIER_1_SAFETY_ZERO_SPEED_HALT
4.0,5.0,moderate,0.45,max_gross,165500.0,nominal,0.45,low,3.0,4.0096,2.4723,0.0,0.0,15.52,TIER_1_SAFETY_ZERO_SPEED_HALT
4.0,5.0,moderate,0.45,max_gross,165500.0,nominal,0.45,medium_site,5.56,4.0107,6.3559,0.0,0.0,15.52,TIER_1_SAFETY_ZERO_SPEED_HALT
4.0,5.0,moderate,0.45,max_gross,165500.0,nominal,0.45,high_max,11.11,4.0155,20.369,0.0,0.0,15.52,TIER_1_SAFETY_ZERO_SPEED_HALT
4.0,5.0,moderate,0.45,max_gross,165500.0,high_human,1.2,low,3.0,4.0096,4.7223,0.0,0.0,15.52,TIER_1_SAFETY_ZERO_SPEED_HALT
4.0,5.0,moderate,0.45,max_gross,165500.0,high_human,1.2,medium_site,5.56,4.0107,10.5259,0.0,0.0,15.52,TIER_1_SAFETY_ZERO_SPEED_HALT
4.0,5.0,moderate,0.45,max_gross,165500.0,high_human,1.2,high_max,11.11,4.0155,28.7015,0.0,0.0,15.52,TIER_1_SAFETY_ZERO_SPEED_HALT
4.0,5.0,wet,0.35,empty,74000.0,low,0.3,low,3.0,4.1161,1.9933,0.0,0.0,15.52,TIER_1_SAFETY_ZERO_SPEED_HALT
4.0,5.0,wet,0.35,empty,74000.0,low,0.3,medium_site,5.56,4.1186,5.4209,0.0,0.0,15.52,TIER_1_SAFETY_ZERO_SPEED_HALT
4.0,5.0,wet,0.35,empty,74000.0,low,0.3,high_max,11.11,4.1294,18.2787,0.0,0.0,15.52,TIER_1_SAFETY_ZERO_SPEED_HALT
4.0,5.0,wet,0.35,empty,74000.0,nominal,0.45,low,3.0,4.1161,2.4433,0.0,0.0,15.52,TIER_1_SAFETY_ZERO_SPEED_HALT
4.0,5.0,wet,0.35,empty,74000.0,nominal,0.45,medium_site,5.56,4.1186,6.2549,0.0,0.0,15.52,TIER_1_SAFETY_ZERO_SPEED_HALT
4.0,5.0,wet,0.35,empty,74000.0,nominal,0.45,high_max,11.11,4.1294,19.9452,0.0,0.0,15.52,TIER_1_SAFETY_ZERO_SPEED_HALT
4.0,5.0,wet,0.35,empty,74000.0,high_human,1.2,low,3.0,4.1161,4.6933,0.0,0.0,15.52,TIER_1_SAFETY_ZERO_SPEED_HALT
4.0,5.0,wet,0.35,empty,74000.0,high_human,1.2,medium_site,5.56,4.1186,10.4249,0.0,0.0,15.52,TIER_1_SAFETY_ZERO_SPEED_HALT
4.0,5.0,wet,0.35,empty,74000.0,high_human,1.2,high_max,11.11,4.1294,28.2777,0.0,0.0,15.52,TIER_1_SAFETY_ZERO_SPEED_HALT
4.0,5.0,wet,0.35,medium,119750.0,low,0.3,low,3.0,4.1157,1.9934,0.0,0.0,15.52,TIER_1_SAFETY_ZERO_SPEED_HALT
4.0,5.0,wet,0.35,medium,119750.0,low,0.3,medium_site,5.56,4.1173,5.4221,0.0,0.0,15.52,TIER_1_SAFETY_ZERO_SPEED_HALT
4.0,5.0,wet,0.35,medium,119750.0,low,0.3,high_max,11.11,4.1239,18.2985,0.0,0.0,15.52,TIER_1_SAFETY_ZERO_SPEED_HALT
4.0,5.0,wet,0.35,medium,119750.0,nominal,0.45,low,3.0,4.1157,2.4434,0.0,0.0,15.52,TIER_1_SAFETY_ZERO_SPEED_HALT
4.0,5.0,wet,0.35,medium,119750.0,nominal,0.45,medium_site,5.56,4.1173,6.2561,0.0,0.0,15.52,TIER_1_SAFETY_ZERO_SPEED_HALT
4.0,5.0,wet,0.35,medium,119750.0,nominal,0.45,high_max,11.11,4.1239,19.965,0.0,0.0,15.52,TIER_1_SAFETY_ZERO_SPEED_HALT
4.0,5.0,wet,0.35,medium,119750.0,high_human,1.2,low,3.0,4.1157,4.6934,0.0,0.0,15.52,TIER_1_SAFETY_ZERO_SPEED_HALT
4.0,5.0,wet,0.35,medium,119750.0,high_human,1.2,medium_site,5.56,4.1173,10.4261,0.0,0.0,15.52,TIER_1_SAFETY_ZERO_SPEED_HALT
4.0,5.0,wet,0.35,medium,119750.0,high_human,1.2,high_max,11.11,4.1239,28.2975,0.0,0.0,15.52,TIER_1_SAFETY_ZERO_SPEED_HALT
4.0,5.0,wet,0.35,max_gross,165500.0,low,0.3,low,3.0,4.0096,2.0223,0.0,0.0,15.52,TIER_1_SAFETY_ZERO_SPEED_HALT
4.0,5.0,wet,0.35,max_gross,165500.0,low,0.3,medium_site,5.56,4.0107,5.5219,0.0,0.0,15.52,TIER_1_SAFETY_ZERO_SPEED_HALT
4.0,5.0,wet,0.35,max_gross,165500.0,low,0.3,high_max,11.11,4.0155,18.7025,0.0,0.0,15.52,TIER_1_SAFETY_ZERO_SPEED_HALT
4.0,5.0,wet,0.35,max_gross,165500.0,nominal,0.45,low,3.0,4.0096,2.4723,0.0,0.0,15.52,TIER_1_SAFETY_ZERO_SPEED_HALT
4.0,5.0,wet,0.35,max_gross,165500.0,nominal,0.45,medium_site,5.56,4.0107,6.3559,0.0,0.0,15.52,TIER_1_SAFETY_ZERO_SPEED_HALT
4.0,5.0,wet,0.35,max_gross,165500.0,nominal,0.45,high_max,11.11,4.0155,20.369,0.0,0.0,15.52,TIER_1_SAFETY_ZERO_SPEED_HALT
4.0,5.0,wet,0.35,max_gross,165500.0,high_human,1.2,low,3.0,4.0096,4.7223,0.0,0.0,15.52,TIER_1_SAFETY_ZERO_SPEED_HALT
4.0,5.0,wet,0.35,max_gross,165500.0,high_human,1.2,medium_site,5.56,4.0107,10.5259,0.0,0.0,15.52,TIER_1_SAFETY_ZERO_SPEED_HALT
4.0,5.0,wet,0.35,max_gross,165500.0,high_human,1.2,high_max,11.11,4.0155,28.7015,0.0,0.0,15.52,TIER_1_SAFETY_ZERO_SPEED_HALT
4.0,5.0,low_friction,0.2,empty,74000.0,low,0.3,low,3.0,2.6464,2.6004,0.0,0.0,15.52,TIER_1_SAFETY_ZERO_SPEED_HALT
4.0,5.0,low_friction,0.2,empty,74000.0,low,0.3,medium_site,5.56,2.649,7.503,0.0,0.0,15.52,TIER_1_SAFETY_ZERO_SPEED_HALT
4.0,5.0,low_friction,0.2,empty,74000.0,low,0.3,high_max,11.11,2.6597,26.5372,0.0,0.0,15.52,TIER_1_SAFETY_ZERO_SPEED_HALT
4.0,5.0,low_friction,0.2,empty,74000.0,nominal,0.45,low,3.0,2.6464,3.0504,0.0,0.0,15.52,TIER_1_SAFETY_ZERO_SPEED_HALT
4.0,5.0,low_friction,0.2,empty,74000.0,nominal,0.45,medium_site,5.56,2.649,8.337,0.0,0.0,15.52,TIER_1_SAFETY_ZERO_SPEED_HALT
4.0,5.0,low_friction,0.2,empty,74000.0,nominal,0.45,high_max,11.11,2.6597,28.2037,0.0,0.0,15.52,TIER_1_SAFETY_ZERO_SPEED_HALT
4.0,5.0,low_friction,0.2,empty,74000.0,high_human,1.2,low,3.0,2.6464,5.3004,0.0,0.0,15.52,TIER_1_SAFETY_ZERO_SPEED_HALT
4.0,5.0,low_friction,0.2,empty,74000.0,high_human,1.2,medium_site,5.56,2.649,12.507,0.0,0.0,15.52,TIER_1_SAFETY_ZERO_SPEED_HALT
4.0,5.0,low_friction,0.2,empty,74000.0,high_human,1.2,high_max,11.11,2.6597,36.5362,0.0,0.0,15.52,TIER_1_SAFETY_ZERO_SPEED_HALT
4.0,5.0,low_friction,0.2,medium,119750.0,low,0.3,low,3.0,2.646,2.6007,0.0,0.0,15.52,TIER_1_SAFETY_ZERO_SPEED_HALT
4.0,5.0,low_friction,0.2,medium,119750.0,low,0.3,medium_site,5.56,2.6476,7.506,0.0,0.0,15.52,TIER_1_SAFETY_ZERO_SPEED_HALT
4.0,5.0,low_friction,0.2,medium,119750.0,low,0.3,high_max,11.11,2.6542,26.5849,0.0,0.0,15.52,TIER_1_SAFETY_ZERO_SPEED_HALT
4.0,5.0,low_friction,0.2,medium,119750.0,nominal,0.45,low,3.0,2.646,3.0507,0.0,0.0,15.52,TIER_1_SAFETY_ZERO_SPEED_HALT
4.0,5.0,low_friction,0.2,medium,119750.0,nominal,0.45,medium_site,5.56,2.6476,8.34,0.0,0.0,15.52,TIER_1_SAFETY_ZERO_SPEED_HALT
4.0,5.0,low_friction,0.2,medium,119750.0,nominal,0.45,high_max,11.11,2.6542,28.2514,0.0,0.0,15.52,TIER_1_SAFETY_ZERO_SPEED_HALT
4.0,5.0,low_friction,0.2,medium,119750.0,high_human,1.2,low,3.0,2.646,5.3007,0.0,0.0,15.52,TIER_1_SAFETY_ZERO_SPEED_HALT
4.0,5.0,low_friction,0.2,medium,119750.0,high_human,1.2,medium_site,5.56,2.6476,12.51,0.0,0.0,15.52,TIER_1_SAFETY_ZERO_SPEED_HALT
4.0,5.0,low_friction,0.2,medium,119750.0,high_human,1.2,high_max,11.11,2.6542,36.5839,0.0,0.0,15.52,TIER_1_SAFETY_ZERO_SPEED_HALT
4.0,5.0,low_friction,0.2,max_gross,165500.0,low,0.3,low,3.0,2.6459,2.6008,0.0,0.0,15.52,TIER_1_SAFETY_ZERO_SPEED_HALT
4.0,5.0,low_friction,0.2,max_gross,165500.0,low,0.3,medium_site,5.56,2.647,7.5074,0.0,0.0,15.52,TIER_1_SAFETY_ZERO_SPEED_HALT
4.0,5.0,low_friction,0.2,max_gross,165500.0,low,0.3,high_max,11.11,2.6518,26.6063,0.0,0.0,15.52,TIER_1_SAFETY_ZERO_SPEED_HALT
4.0,5.0,low_friction,0.2,max_gross,165500.0,nominal,0.45,low,3.0,2.6459,3.0508,0.0,0.0,15.52,TIER_1_SAFETY_ZERO_SPEED_HALT
4.0,5.0,low_friction,0.2,max_gross,165500.0,nominal,0.45,medium_site,5.56,2.647,8.3414,0.0,0.0,15.52,TIER_1_SAFETY_ZERO_SPEED_HALT
4.0,5.0,low_friction,0.2,max_gross,165500.0,nominal,0.45,high_max,11.11,2.6518,28.2728,0.0,0.0,15.52,TIER_1_SAFETY_ZERO_SPEED_HALT
4.0,5.0,low_friction,0.2,max_gross,165500.0,high_human,1.2,low,3.0,2.6459,5.3008,0.0,0.0,15.52,TIER_1_SAFETY_ZERO_SPEED_HALT
4.0,5.0,low_friction,0.2,max_gross,165500.0,high_human,1.2,medium_site,5.56,2.647,12.5114,0.0,0.0,15.52,TIER_1_SAFETY_ZERO_SPEED_HALT
4.0,5.0,low_friction,0.2,max_gross,165500.0,high_human,1.2,high_max,11.11,2.6518,36.6053,0.0,0.0,15.52,TIER_1_SAFETY_ZERO_SPEED_HALT
4.0,0.0,dry_high,0.65,empty,74000.0,low,0.3,low,3.0,6.5737,1.5845,0.0,0.0,15.52,TIER_1_SAFETY_ZERO_SPEED_HALT
4.0,0.0,dry_high,0.65,empty,74000.0,low,0.3,medium_site,5.56,6.5763,4.0184,0.0,0.0,15.52,TIER_1_SAFETY_ZERO_SPEED_HALT
4.0,0.0,dry_high,0.65,empty,74000.0,low,0.3,high_max,11.11,6.587,12.7024,0.0,0.0,15.52,TIER_1_SAFETY_ZERO_SPEED_HALT
4.0,0.0,dry_high,0.65,empty,74000.0,nominal,0.45,low,3.0,6.5737,2.0345,0.0,0.0,15.52,TIER_1_SAFETY_ZERO_SPEED_HALT
4.0,0.0,dry_high,0.65,empty,74000.0,nominal,0.45,medium_site,5.56,6.5763,4.8524,0.0,0.0,15.52,TIER_1_SAFETY_ZERO_SPEED_HALT
4.0,0.0,dry_high,0.65,empty,74000.0,nominal,0.45,high_max,11.11,6.587,14.3689,0.0,0.0,15.52,TIER_1_SAFETY_ZERO_SPEED_HALT
4.0,0.0,dry_high,0.65,empty,74000.0,high_human,1.2,low,3.0,6.5737,4.2845,0.0,0.0,15.52,TIER_1_SAFETY_ZERO_SPEED_HALT
4.0,0.0,dry_high,0.65,empty,74000.0,high_human,1.2,medium_site,5.56,6.5763,9.0224,0.0,0.0,15.52,TIER_1_SAFETY_ZERO_SPEED_HALT
4.0,0.0,dry_high,0.65,empty,74000.0,high_human,1.2,high_max,11.11,6.587,22.7014,0.0,0.0,15.52,TIER_1_SAFETY_ZERO_SPEED_HALT
4.0,0.0,dry_high,0.65,medium,119750.0,low,0.3,low,3.0,4.7897,1.8395,0.0,0.0,15.52,TIER_1_SAFETY_ZERO_SPEED_HALT
4.0,0.0,dry_high,0.65,medium,119750.0,low,0.3,medium_site,5.56,4.7913,4.894,0.0,0.0,15.52,TIER_1_SAFETY_ZERO_SPEED_HALT
4.0,0.0,dry_high,0.65,medium,119750.0,low,0.3,high_max,11.11,4.7979,16.196,0.0,0.0,15.52,TIER_1_SAFETY_ZERO_SPEED_HALT
4.0,0.0,dry_high,0.65,medium,119750.0,nominal,0.45,low,3.0,4.7897,2.2895,0.0,0.0,15.52,TIER_1_SAFETY_ZERO_SPEED_HALT
4.0,0.0,dry_high,0.65,medium,119750.0,nominal,0.45,medium_site,5.56,4.7913,5.728,0.0,0.0,15.52,TIER_1_SAFETY_ZERO_SPEED_HALT
4.0,0.0,dry_high,0.65,medium,119750.0,nominal,0.45,high_max,11.11,4.7979,17.8625,0.0,0.0,15.52,TIER_1_SAFETY_ZERO_SPEED_HALT
4.0,0.0,dry_high,0.65,medium,119750.0,high_human,1.2,low,3.0,4.7897,4.5395,0.0,0.0,15.52,TIER_1_SAFETY_ZERO_SPEED_HALT
4.0,0.0,dry_high,0.65,medium,119750.0,high_human,1.2,medium_site,5.56,4.7913,9.898,0.0,0.0,15.52,TIER_1_SAFETY_ZERO_SPEED_HALT
4.0,0.0,dry_high,0.65,medium,119750.0,high_human,1.2,high_max,11.11,4.7979,26.195,0.0,0.0,15.52,TIER_1_SAFETY_ZERO_SPEED_HALT
4.0,0.0,dry_high,0.65,max_gross,165500.0,low,0.3,low,3.0,3.5199,2.1784,0.0,0.0,15.52,TIER_1_SAFETY_ZERO_SPEED_HALT
4.0,0.0,dry_high,0.65,max_gross,165500.0,low,0.3,medium_site,5.56,3.5211,6.0578,0.0,0.0,15.52,TIER_1_SAFETY_ZERO_SPEED_HALT
4.0,0.0,dry_high,0.65,max_gross,165500.0,low,0.3,high_max,11.11,3.5259,20.8368,0.0,0.0,15.52,TIER_1_SAFETY_ZERO_SPEED_HALT
4.0,0.0,dry_high,0.65,max_gross,165500.0,nominal,0.45,low,3.0,3.5199,2.6284,0.0,0.0,15.52,TIER_1_SAFETY_ZERO_SPEED_HALT
4.0,0.0,dry_high,0.65,max_gross,165500.0,nominal,0.45,medium_site,5.56,3.5211,6.8918,0.0,0.0,15.52,TIER_1_SAFETY_ZERO_SPEED_HALT
4.0,0.0,dry_high,0.65,max_gross,165500.0,nominal,0.45,high_max,11.11,3.5259,22.5033,0.0,0.0,15.52,TIER_1_SAFETY_ZERO_SPEED_HALT
4.0,0.0,dry_high,0.65,max_gross,165500.0,high_human,1.2,low,3.0,3.5199,4.8784,0.0,0.0,15.52,TIER_1_SAFETY_ZERO_SPEED_HALT
4.0,0.0,dry_high,0.65,max_gross,165500.0,high_human,1.2,medium_site,5.56,3.5211,11.0618,0.0,0.0,15.52,TIER_1_SAFETY_ZERO_SPEED_HALT
4.0,0.0,dry_high,0.65,max_gross,165500.0,high_human,1.2,high_max,11.11,3.5259,30.8358,0.0,0.0,15.52,TIER_1_SAFETY_ZERO_SPEED_HALT
4.0,0.0,moderate,0.45,empty,74000.0,low,0.3,low,3.0,4.6117,1.8758,0.0,0.0,15.52,TIER_1_SAFETY_ZERO_SPEED_HALT
4.0,0.0,moderate,0.45,empty,74000.0,low,0.3,medium_site,5.56,4.6143,5.0178,0.0,0.0,15.52,TIER_1_SAFETY_ZERO_SPEED_HALT
4.0,0.0,moderate,0.45,empty,74000.0,low,0.3,high_max,11.11,4.625,16.677,0.0,0.0,15.52,TIER_1_SAFETY_ZERO_SPEED_HALT
4.0,0.0,moderate,0.45,empty,74000.0,nominal,0.45,low,3.0,4.6117,2.3258,0.0,0.0,15.52,TIER_1_SAFETY_ZERO_SPEED_HALT
4.0,0.0,moderate,0.45,empty,74000.0,nominal,0.45,medium_site,5.56,4.6143,5.8518,0.0,0.0,15.52,TIER_1_SAFETY_ZERO_SPEED_HALT
4.0,0.0,moderate,0.45,empty,74000.0,nominal,0.45,high_max,11.11,4.625,18.3435,0.0,0.0,15.52,TIER_1_SAFETY_ZERO_SPEED_HALT
4.0,0.0,moderate,0.45,empty,74000.0,high_human,1.2,low,3.0,4.6117,4.5758,0.0,0.0,15.52,TIER_1_SAFETY_ZERO_SPEED_HALT
4.0,0.0,moderate,0.45,empty,74000.0,high_human,1.2,medium_site,5.56,4.6143,10.0218,0.0,0.0,15.52,TIER_1_SAFETY_ZERO_SPEED_HALT
4.0,0.0,moderate,0.45,empty,74000.0,high_human,1.2,high_max,11.11,4.625,26.676,0.0,0.0,15.52,TIER_1_SAFETY_ZERO_SPEED_HALT
4.0,0.0,moderate,0.45,medium,119750.0,low,0.3,low,3.0,4.6113,1.8759,0.0,0.0,15.52,TIER_1_SAFETY_ZERO_SPEED_HALT
4.0,0.0,moderate,0.45,medium,119750.0,low,0.3,medium_site,5.56,4.6129,5.0188,0.0,0.0,15.52,TIER_1_SAFETY_ZERO_SPEED_HALT
4.0,0.0,moderate,0.45,medium,119750.0,low,0.3,high_max,11.11,4.6195,16.6928,0.0,0.0,15.52,TIER_1_SAFETY_ZERO_SPEED_HALT
4.0,0.0,moderate,0.45,medium,119750.0,nominal,0.45,low,3.0,4.6113,2.3259,0.0,0.0,15.52,TIER_1_SAFETY_ZERO_SPEED_HALT
4.0,0.0,moderate,0.45,medium,119750.0,nominal,0.45,medium_site,5.56,4.6129,5.8528,0.0,0.0,15.52,TIER_1_SAFETY_ZERO_SPEED_HALT
4.0,0.0,moderate,0.45,medium,119750.0,nominal,0.45,high_max,11.11,4.6195,18.3593,0.0,0.0,15.52,TIER_1_SAFETY_ZERO_SPEED_HALT
4.0,0.0,moderate,0.45,medium,119750.0,high_human,1.2,low,3.0,4.6113,4.5759,0.0,0.0,15.52,TIER_1_SAFETY_ZERO_SPEED_HALT
4.0,0.0,moderate,0.45,medium,119750.0,high_human,1.2,medium_site,5.56,4.6129,10.0228,0.0,0.0,15.52,TIER_1_SAFETY_ZERO_SPEED_HALT
4.0,0.0,moderate,0.45,medium,119750.0,high_human,1.2,high_max,11.11,4.6195,26.6918,0.0,0.0,15.52,TIER_1_SAFETY_ZERO_SPEED_HALT
4.0,0.0,moderate,0.45,max_gross,165500.0,low,0.3,low,3.0,3.5199,2.1784,0.0,0.0,15.52,TIER_1_SAFETY_ZERO_SPEED_HALT
4.0,0.0,moderate,0.45,max_gross,165500.0,low,0.3,medium_site,5.56,3.5211,6.0578,0.0,0.0,15.52,TIER_1_SAFETY_ZERO_SPEED_HALT
4.0,0.0,moderate,0.45,max_gross,165500.0,low,0.3,high_max,11.11,3.5259,20.8368,0.0,0.0,15.52,TIER_1_SAFETY_ZERO_SPEED_HALT
4.0,0.0,moderate,0.45,max_gross,165500.0,nominal,0.45,low,3.0,3.5199,2.6284,0.0,0.0,15.52,TIER_1_SAFETY_ZERO_SPEED_HALT
4.0,0.0,moderate,0.45,max_gross,165500.0,nominal,0.45,medium_site,5.56,3.5211,6.8918,0.0,0.0,15.52,TIER_1_SAFETY_ZERO_SPEED_HALT
4.0,0.0,moderate,0.45,max_gross,165500.0,nominal,0.45,high_max,11.11,3.5259,22.5033,0.0,0.0,15.52,TIER_1_SAFETY_ZERO_SPEED_HALT
4.0,0.0,moderate,0.45,max_gross,165500.0,high_human,1.2,low,3.0,3.5199,4.8784,0.0,0.0,15.52,TIER_1_SAFETY_ZERO_SPEED_HALT
4.0,0.0,moderate,0.45,max_gross,165500.0,high_human,1.2,medium_site,5.56,3.5211,11.0618,0.0,0.0,15.52,TIER_1_SAFETY_ZERO_SPEED_HALT
4.0,0.0,moderate,0.45,max_gross,165500.0,high_human,1.2,high_max,11.11,3.5259,30.8358,0.0,0.0,15.52,TIER_1_SAFETY_ZERO_SPEED_HALT
4.0,0.0,wet,0.35,empty,74000.0,low,0.3,low,3.0,3.6307,2.1394,0.0,0.0,15.52,TIER_1_SAFETY_ZERO_SPEED_HALT
4.0,0.0,wet,0.35,empty,74000.0,low,0.3,medium_site,5.56,3.6333,5.9222,0.0,0.0,15.52,TIER_1_SAFETY_ZERO_SPEED_HALT
4.0,0.0,wet,0.35,empty,74000.0,low,0.3,high_max,11.11,3.644,20.2693,0.0,0.0,15.52,TIER_1_SAFETY_ZERO_SPEED_HALT
4.0,0.0,wet,0.35,empty,74000.0,nominal,0.45,low,3.0,3.6307,2.5894,0.0,0.0,15.52,TIER_1_SAFETY_ZERO_SPEED_HALT
4.0,0.0,wet,0.35,empty,74000.0,nominal,0.45,medium_site,5.56,3.6333,6.7562,0.0,0.0,15.52,TIER_1_SAFETY_ZERO_SPEED_HALT
4.0,0.0,wet,0.35,empty,74000.0,nominal,0.45,high_max,11.11,3.644,21.9358,0.0,0.0,15.52,TIER_1_SAFETY_ZERO_SPEED_HALT
4.0,0.0,wet,0.35,empty,74000.0,high_human,1.2,low,3.0,3.6307,4.8394,0.0,0.0,15.52,TIER_1_SAFETY_ZERO_SPEED_HALT
4.0,0.0,wet,0.35,empty,74000.0,high_human,1.2,medium_site,5.56,3.6333,10.9262,0.0,0.0,15.52,TIER_1_SAFETY_ZERO_SPEED_HALT
4.0,0.0,wet,0.35,empty,74000.0,high_human,1.2,high_max,11.11,3.644,30.2683,0.0,0.0,15.52,TIER_1_SAFETY_ZERO_SPEED_HALT
4.0,0.0,wet,0.35,medium,119750.0,low,0.3,low,3.0,3.6303,2.1396,0.0,0.0,15.52,TIER_1_SAFETY_ZERO_SPEED_HALT
4.0,0.0,wet,0.35,medium,119750.0,low,0.3,medium_site,5.56,3.6319,5.9238,0.0,0.0,15.52,TIER_1_SAFETY_ZERO_SPEED_HALT
4.0,0.0,wet,0.35,medium,119750.0,low,0.3,high_max,11.11,3.6385,20.2948,0.0,0.0,15.52,TIER_1_SAFETY_ZERO_SPEED_HALT
4.0,0.0,wet,0.35,medium,119750.0,nominal,0.45,low,3.0,3.6303,2.5896,0.0,0.0,15.52,TIER_1_SAFETY_ZERO_SPEED_HALT
4.0,0.0,wet,0.35,medium,119750.0,nominal,0.45,medium_site,5.56,3.6319,6.7578,0.0,0.0,15.52,TIER_1_SAFETY_ZERO_SPEED_HALT
4.0,0.0,wet,0.35,medium,119750.0,nominal,0.45,high_max,11.11,3.6385,21.9613,0.0,0.0,15.52,TIER_1_SAFETY_ZERO_SPEED_HALT
4.0,0.0,wet,0.35,medium,119750.0,high_human,1.2,low,3.0,3.6303,4.8396,0.0,0.0,15.52,TIER_1_SAFETY_ZERO_SPEED_HALT
4.0,0.0,wet,0.35,medium,119750.0,high_human,1.2,medium_site,5.56,3.6319,10.9278,0.0,0.0,15.52,TIER_1_SAFETY_ZERO_SPEED_HALT
4.0,0.0,wet,0.35,medium,119750.0,high_human,1.2,high_max,11.11,3.6385,30.2938,0.0,0.0,15.52,TIER_1_SAFETY_ZERO_SPEED_HALT
4.0,0.0,wet,0.35,max_gross,165500.0,low,0.3,low,3.0,3.5199,2.1784,0.0,0.0,15.52,TIER_1_SAFETY_ZERO_SPEED_HALT
4.0,0.0,wet,0.35,max_gross,165500.0,low,0.3,medium_site,5.56,3.5211,6.0578,0.0,0.0,15.52,TIER_1_SAFETY_ZERO_SPEED_HALT
4.0,0.0,wet,0.35,max_gross,165500.0,low,0.3,high_max,11.11,3.5259,20.8368,0.0,0.0,15.52,TIER_1_SAFETY_ZERO_SPEED_HALT
4.0,0.0,wet,0.35,max_gross,165500.0,nominal,0.45,low,3.0,3.5199,2.6284,0.0,0.0,15.52,TIER_1_SAFETY_ZERO_SPEED_HALT
4.0,0.0,wet,0.35,max_gross,165500.0,nominal,0.45,medium_site,5.56,3.5211,6.8918,0.0,0.0,15.52,TIER_1_SAFETY_ZERO_SPEED_HALT
4.0,0.0,wet,0.35,max_gross,165500.0,nominal,0.45,high_max,11.11,3.5259,22.5033,0.0,0.0,15.52,TIER_1_SAFETY_ZERO_SPEED_HALT
4.0,0.0,wet,0.35,max_gross,165500.0,high_human,1.2,low,3.0,3.5199,4.8784,0.0,0.0,15.52,TIER_1_SAFETY_ZERO_SPEED_HALT
4.0,0.0,wet,0.35,max_gross,165500.0,high_human,1.2,medium_site,5.56,3.5211,11.0618,0.0,0.0,15.52,TIER_1_SAFETY_ZERO_SPEED_HALT
4.0,0.0,wet,0.35,max_gross,165500.0,high_human,1.2,high_max,11.11,3.5259,30.8358,0.0,0.0,15.52,TIER_1_SAFETY_ZERO_SPEED_HALT
4.0,0.0,low_friction,0.2,empty,74000.0,low,0.3,low,3.0,2.1592,2.9841,0.0,0.0,15.52,TIER_1_SAFETY_ZERO_SPEED_HALT
4.0,0.0,low_friction,0.2,empty,74000.0,low,0.3,medium_site,5.56,2.1618,8.818,0.0,0.0,15.52,TIER_1_SAFETY_ZERO_SPEED_HALT
4.0,0.0,low_friction,0.2,empty,74000.0,low,0.3,high_max,11.11,2.1725,31.7408,0.0,0.0,15.52,TIER_1_SAFETY_ZERO_SPEED_HALT
4.0,0.0,low_friction,0.2,empty,74000.0,nominal,0.45,low,3.0,2.1592,3.4341,0.0,0.0,15.52,TIER_1_SAFETY_ZERO_SPEED_HALT
4.0,0.0,low_friction,0.2,empty,74000.0,nominal,0.45,medium_site,5.56,2.1618,9.652,0.0,0.0,15.52,TIER_1_SAFETY_ZERO_SPEED_HALT
4.0,0.0,low_friction,0.2,empty,74000.0,nominal,0.45,high_max,11.11,2.1725,33.4073,0.0,0.0,15.52,TIER_1_SAFETY_ZERO_SPEED_HALT
4.0,0.0,low_friction,0.2,empty,74000.0,high_human,1.2,low,3.0,2.1592,5.6841,0.0,0.0,15.52,TIER_1_SAFETY_ZERO_SPEED_HALT
4.0,0.0,low_friction,0.2,empty,74000.0,high_human,1.2,medium_site,5.56,2.1618,13.822,0.0,0.0,15.52,TIER_1_SAFETY_ZERO_SPEED_HALT
4.0,0.0,low_friction,0.2,empty,74000.0,high_human,1.2,high_max,11.11,2.1725,41.7398,0.0,0.0,15.52,TIER_1_SAFETY_ZERO_SPEED_HALT
4.0,0.0,low_friction,0.2,medium,119750.0,low,0.3,low,3.0,2.1588,2.9844,0.0,0.0,15.52,TIER_1_SAFETY_ZERO_SPEED_HALT
4.0,0.0,low_friction,0.2,medium,119750.0,low,0.3,medium_site,5.56,2.1604,8.8226,0.0,0.0,15.52,TIER_1_SAFETY_ZERO_SPEED_HALT
4.0,0.0,low_friction,0.2,medium,119750.0,low,0.3,high_max,11.11,2.167,31.8124,0.0,0.0,15.52,TIER_1_SAFETY_ZERO_SPEED_HALT
4.0,0.0,low_friction,0.2,medium,119750.0,nominal,0.45,low,3.0,2.1588,3.4344,0.0,0.0,15.52,TIER_1_SAFETY_ZERO_SPEED_HALT
4.0,0.0,low_friction,0.2,medium,119750.0,nominal,0.45,medium_site,5.56,2.1604,9.6566,0.0,0.0,15.52,TIER_1_SAFETY_ZERO_SPEED_HALT
4.0,0.0,low_friction,0.2,medium,119750.0,nominal,0.45,high_max,11.11,2.167,33.4789,0.0,0.0,15.52,TIER_1_SAFETY_ZERO_SPEED_HALT
4.0,0.0,low_friction,0.2,medium,119750.0,high_human,1.2,low,3.0,2.1588,5.6844,0.0,0.0,15.52,TIER_1_SAFETY_ZERO_SPEED_HALT
4.0,0.0,low_friction,0.2,medium,119750.0,high_human,1.2,medium_site,5.56,2.1604,13.8266,0.0,0.0,15.52,TIER_1_SAFETY_ZERO_SPEED_HALT
4.0,0.0,low_friction,0.2,medium,119750.0,high_human,1.2,high_max,11.11,2.167,41.8114,0.0,0.0,15.52,TIER_1_SAFETY_ZERO_SPEED_HALT
4.0,0.0,low_friction,0.2,max_gross,165500.0,low,0.3,low,3.0,2.1587,2.9846,0.0,0.0,15.52,TIER_1_SAFETY_ZERO_SPEED_HALT
4.0,0.0,low_friction,0.2,max_gross,165500.0,low,0.3,medium_site,5.56,2.1598,8.8246,0.0,0.0,15.52,TIER_1_SAFETY_ZERO_SPEED_HALT
4.0,0.0,low_friction,0.2,max_gross,165500.0,low,0.3,high_max,11.11,2.1646,31.8446,0.0,0.0,15.52,TIER_1_SAFETY_ZERO_SPEED_HALT
4.0,0.0,low_friction,0.2,max_gross,165500.0,nominal,0.45,low,3.0,2.1587,3.4346,0.0,0.0,15.52,TIER_1_SAFETY_ZERO_SPEED_HALT
4.0,0.0,low_friction,0.2,max_gross,165500.0,nominal,0.45,medium_site,5.56,2.1598,9.6586,0.0,0.0,15.52,TIER_1_SAFETY_ZERO_SPEED_HALT
4.0,0.0,low_friction,0.2,max_gross,165500.0,nominal,0.45,high_max,11.11,2.1646,33.5111,0.0,0.0,15.52,TIER_1_SAFETY_ZERO_SPEED_HALT
4.0,0.0,low_friction,0.2,max_gross,165500.0,high_human,1.2,low,3.0,2.1587,5.6846,0.0,0.0,15.52,TIER_1_SAFETY_ZERO_SPEED_HALT
4.0,0.0,low_friction,0.2,max_gross,165500.0,high_human,1.2,medium_site,5.56,2.1598,13.8286,0.0,0.0,15.52,TIER_1_SAFETY_ZERO_SPEED_HALT
4.0,0.0,low_friction,0.2,max_gross,165500.0,high_human,1.2,high_max,11.11,2.1646,41.8436,0.0,0.0,15.52,TIER_1_SAFETY_ZERO_SPEED_HALT
4.0,-5.0,dry_high,0.65,empty,74000.0,low,0.3,low,3.0,6.0757,1.6407,0.0,0.0,15.52,TIER_1_SAFETY_ZERO_SPEED_HALT
4.0,-5.0,dry_high,0.65,empty,74000.0,low,0.3,medium_site,5.56,6.0782,4.211,0.0,0.0,15.52,TIER_1_SAFETY_ZERO_SPEED_HALT
4.0,-5.0,dry_high,0.65,empty,74000.0,low,0.3,high_max,11.11,6.0889,13.4688,0.0,0.0,15.52,TIER_1_SAFETY_ZERO_SPEED_HALT
4.0,-5.0,dry_high,0.65,empty,74000.0,nominal,0.45,low,3.0,6.0757,2.0907,0.0,0.0,15.52,TIER_1_SAFETY_ZERO_SPEED_HALT
4.0,-5.0,dry_high,0.65,empty,74000.0,nominal,0.45,medium_site,5.56,6.0782,5.045,0.0,0.0,15.52,TIER_1_SAFETY_ZERO_SPEED_HALT
4.0,-5.0,dry_high,0.65,empty,74000.0,nominal,0.45,high_max,11.11,6.0889,15.1353,0.0,0.0,15.52,TIER_1_SAFETY_ZERO_SPEED_HALT
4.0,-5.0,dry_high,0.65,empty,74000.0,high_human,1.2,low,3.0,6.0757,4.3407,0.0,0.0,15.52,TIER_1_SAFETY_ZERO_SPEED_HALT
4.0,-5.0,dry_high,0.65,empty,74000.0,high_human,1.2,medium_site,5.56,6.0782,9.215,0.0,0.0,15.52,TIER_1_SAFETY_ZERO_SPEED_HALT
4.0,-5.0,dry_high,0.65,empty,74000.0,high_human,1.2,high_max,11.11,6.0889,23.4678,0.0,0.0,15.52,TIER_1_SAFETY_ZERO_SPEED_HALT
4.0,-5.0,dry_high,0.65,medium,119750.0,low,0.3,low,3.0,4.2996,1.9466,0.0,0.0,15.52,TIER_1_SAFETY_ZERO_SPEED_HALT
4.0,-5.0,dry_high,0.65,medium,119750.0,low,0.3,medium_site,5.56,4.3012,5.2616,0.0,0.0,15.52,TIER_1_SAFETY_ZERO_SPEED_HALT
4.0,-5.0,dry_high,0.65,medium,119750.0,low,0.3,high_max,11.11,4.3078,17.6596,0.0,0.0,15.52,TIER_1_SAFETY_ZERO_SPEED_HALT
4.0,-5.0,dry_high,0.65,medium,119750.0,nominal,0.45,low,3.0,4.2996,2.3966,0.0,0.0,15.52,TIER_1_SAFETY_ZERO_SPEED_HALT
4.0,-5.0,dry_high,0.65,medium,119750.0,nominal,0.45,medium_site,5.56,4.3012,6.0956,0.0,0.0,15.52,TIER_1_SAFETY_ZERO_SPEED_HALT
4.0,-5.0,dry_high,0.65,medium,119750.0,nominal,0.45,high_max,11.11,4.3078,19.3261,0.0,0.0,15.52,TIER_1_SAFETY_ZERO_SPEED_HALT
4.0,-5.0,dry_high,0.65,medium,119750.0,high_human,1.2,low,3.0,4.2996,4.6466,0.0,0.0,15.52,TIER_1_SAFETY_ZERO_SPEED_HALT
4.0,-5.0,dry_high,0.65,medium,119750.0,high_human,1.2,medium_site,5.56,4.3012,10.2656,0.0,0.0,15.52,TIER_1_SAFETY_ZERO_SPEED_HALT
4.0,-5.0,dry_high,0.65,medium,119750.0,high_human,1.2,high_max,11.11,4.3078,27.6586,0.0,0.0,15.52,TIER_1_SAFETY_ZERO_SPEED_HALT
4.0,-5.0,dry_high,0.65,max_gross,165500.0,low,0.3,low,3.0,3.0298,2.3852,0.0,0.0,15.52,TIER_1_SAFETY_ZERO_SPEED_HALT
4.0,-5.0,dry_high,0.65,max_gross,165500.0,low,0.3,medium_site,5.56,3.0309,6.7677,0.0,0.0,15.52,TIER_1_SAFETY_ZERO_SPEED_HALT
4.0,-5.0,dry_high,0.65,max_gross,165500.0,low,0.3,high_max,11.11,3.0357,23.6629,0.0,0.0,15.52,TIER_1_SAFETY_ZERO_SPEED_HALT
4.0,-5.0,dry_high,0.65,max_gross,165500.0,nominal,0.45,low,3.0,3.0298,2.8352,0.0,0.0,15.52,TIER_1_SAFETY_ZERO_SPEED_HALT
4.0,-5.0,dry_high,0.65,max_gross,165500.0,nominal,0.45,medium_site,5.56,3.0309,7.6017,0.0,0.0,15.52,TIER_1_SAFETY_ZERO_SPEED_HALT
4.0,-5.0,dry_high,0.65,max_gross,165500.0,nominal,0.45,high_max,11.11,3.0357,25.3294,0.0,0.0,15.52,TIER_1_SAFETY_ZERO_SPEED_HALT
4.0,-5.0,dry_high,0.65,max_gross,165500.0,high_human,1.2,low,3.0,3.0298,5.0852,0.0,0.0,15.52,TIER_1_SAFETY_ZERO_SPEED_HALT
4.0,-5.0,dry_high,0.65,max_gross,165500.0,high_human,1.2,medium_site,5.56,3.0309,11.7717,0.0,0.0,15.52,TIER_1_SAFETY_ZERO_SPEED_HALT
4.0,-5.0,dry_high,0.65,max_gross,165500.0,high_human,1.2,high_max,11.11,3.0357,33.6619,0.0,0.0,15.52,TIER_1_SAFETY_ZERO_SPEED_HALT
4.0,-5.0,moderate,0.45,empty,74000.0,low,0.3,low,3.0,4.1161,1.9933,0.0,0.0,15.52,TIER_1_SAFETY_ZERO_SPEED_HALT
4.0,-5.0,moderate,0.45,empty,74000.0,low,0.3,medium_site,5.56,4.1186,5.4209,0.0,0.0,15.52,TIER_1_SAFETY_ZERO_SPEED_HALT
4.0,-5.0,moderate,0.45,empty,74000.0,low,0.3,high_max,11.11,4.1294,18.2787,0.0,0.0,15.52,TIER_1_SAFETY_ZERO_SPEED_HALT
4.0,-5.0,moderate,0.45,empty,74000.0,nominal,0.45,low,3.0,4.1161,2.4433,0.0,0.0,15.52,TIER_1_SAFETY_ZERO_SPEED_HALT
4.0,-5.0,moderate,0.45,empty,74000.0,nominal,0.45,medium_site,5.56,4.1186,6.2549,0.0,0.0,15.52,TIER_1_SAFETY_ZERO_SPEED_HALT
4.0,-5.0,moderate,0.45,empty,74000.0,nominal,0.45,high_max,11.11,4.1294,19.9452,0.0,0.0,15.52,TIER_1_SAFETY_ZERO_SPEED_HALT
4.0,-5.0,moderate,0.45,empty,74000.0,high_human,1.2,low,3.0,4.1161,4.6933,0.0,0.0,15.52,TIER_1_SAFETY_ZERO_SPEED_HALT
4.0,-5.0,moderate,0.45,empty,74000.0,high_human,1.2,medium_site,5.56,4.1186,10.4249,0.0,0.0,15.52,TIER_1_SAFETY_ZERO_SPEED_HALT
4.0,-5.0,moderate,0.45,empty,74000.0,high_human,1.2,high_max,11.11,4.1294,28.2777,0.0,0.0,15.52,TIER_1_SAFETY_ZERO_SPEED_HALT
4.0,-5.0,moderate,0.45,medium,119750.0,low,0.3,low,3.0,4.1157,1.9934,0.0,0.0,15.52,TIER_1_SAFETY_ZERO_SPEED_HALT
4.0,-5.0,moderate,0.45,medium,119750.0,low,0.3,medium_site,5.56,4.1173,5.4221,0.0,0.0,15.52,TIER_1_SAFETY_ZERO_SPEED_HALT
4.0,-5.0,moderate,0.45,medium,119750.0,low,0.3,high_max,11.11,4.1239,18.2985,0.0,0.0,15.52,TIER_1_SAFETY_ZERO_SPEED_HALT
4.0,-5.0,moderate,0.45,medium,119750.0,nominal,0.45,low,3.0,4.1157,2.4434,0.0,0.0,15.52,TIER_1_SAFETY_ZERO_SPEED_HALT
4.0,-5.0,moderate,0.45,medium,119750.0,nominal,0.45,medium_site,5.56,4.1173,6.2561,0.0,0.0,15.52,TIER_1_SAFETY_ZERO_SPEED_HALT
4.0,-5.0,moderate,0.45,medium,119750.0,nominal,0.45,high_max,11.11,4.1239,19.965,0.0,0.0,15.52,TIER_1_SAFETY_ZERO_SPEED_HALT
4.0,-5.0,moderate,0.45,medium,119750.0,high_human,1.2,low,3.0,4.1157,4.6934,0.0,0.0,15.52,TIER_1_SAFETY_ZERO_SPEED_HALT
4.0,-5.0,moderate,0.45,medium,119750.0,high_human,1.2,medium_site,5.56,4.1173,10.4261,0.0,0.0,15.52,TIER_1_SAFETY_ZERO_SPEED_HALT
4.0,-5.0,moderate,0.45,medium,119750.0,high_human,1.2,high_max,11.11,4.1239,28.2975,0.0,0.0,15.52,TIER_1_SAFETY_ZERO_SPEED_HALT
4.0,-5.0,moderate,0.45,max_gross,165500.0,low,0.3,low,3.0,3.0298,2.3852,0.0,0.0,15.52,TIER_1_SAFETY_ZERO_SPEED_HALT
4.0,-5.0,moderate,0.45,max_gross,165500.0,low,0.3,medium_site,5.56,3.0309,6.7677,0.0,0.0,15.52,TIER_1_SAFETY_ZERO_SPEED_HALT
4.0,-5.0,moderate,0.45,max_gross,165500.0,low,0.3,high_max,11.11,3.0357,23.6629,0.0,0.0,15.52,TIER_1_SAFETY_ZERO_SPEED_HALT
4.0,-5.0,moderate,0.45,max_gross,165500.0,nominal,0.45,low,3.0,3.0298,2.8352,0.0,0.0,15.52,TIER_1_SAFETY_ZERO_SPEED_HALT
4.0,-5.0,moderate,0.45,max_gross,165500.0,nominal,0.45,medium_site,5.56,3.0309,7.6017,0.0,0.0,15.52,TIER_1_SAFETY_ZERO_SPEED_HALT
4.0,-5.0,moderate,0.45,max_gross,165500.0,nominal,0.45,high_max,11.11,3.0357,25.3294,0.0,0.0,15.52,TIER_1_SAFETY_ZERO_SPEED_HALT
4.0,-5.0,moderate,0.45,max_gross,165500.0,high_human,1.2,low,3.0,3.0298,5.0852,0.0,0.0,15.52,TIER_1_SAFETY_ZERO_SPEED_HALT
4.0,-5.0,moderate,0.45,max_gross,165500.0,high_human,1.2,medium_site,5.56,3.0309,11.7717,0.0,0.0,15.52,TIER_1_SAFETY_ZERO_SPEED_HALT
4.0,-5.0,moderate,0.45,max_gross,165500.0,high_human,1.2,high_max,11.11,3.0357,33.6619,0.0,0.0,15.52,TIER_1_SAFETY_ZERO_SPEED_HALT
4.0,-5.0,wet,0.35,empty,74000.0,low,0.3,low,3.0,3.1363,2.3348,0.0,0.0,15.52,TIER_1_SAFETY_ZERO_SPEED_HALT
4.0,-5.0,wet,0.35,empty,74000.0,low,0.3,medium_site,5.56,3.1389,6.5923,0.0,0.0,15.52,TIER_1_SAFETY_ZERO_SPEED_HALT
4.0,-5.0,wet,0.35,empty,74000.0,low,0.3,high_max,11.11,3.1496,22.928,0.0,0.0,15.52,TIER_1_SAFETY_ZERO_SPEED_HALT
4.0,-5.0,wet,0.35,empty,74000.0,nominal,0.45,low,3.0,3.1363,2.7848,0.0,0.0,15.52,TIER_1_SAFETY_ZERO_SPEED_HALT
4.0,-5.0,wet,0.35,empty,74000.0,nominal,0.45,medium_site,5.56,3.1389,7.4263,0.0,0.0,15.52,TIER_1_SAFETY_ZERO_SPEED_HALT
4.0,-5.0,wet,0.35,empty,74000.0,nominal,0.45,high_max,11.11,3.1496,24.5945,0.0,0.0,15.52,TIER_1_SAFETY_ZERO_SPEED_HALT
4.0,-5.0,wet,0.35,empty,74000.0,high_human,1.2,low,3.0,3.1363,5.0348,0.0,0.0,15.52,TIER_1_SAFETY_ZERO_SPEED_HALT
4.0,-5.0,wet,0.35,empty,74000.0,high_human,1.2,medium_site,5.56,3.1389,11.5963,0.0,0.0,15.52,TIER_1_SAFETY_ZERO_SPEED_HALT
4.0,-5.0,wet,0.35,empty,74000.0,high_human,1.2,high_max,11.11,3.1496,32.927,0.0,0.0,15.52,TIER_1_SAFETY_ZERO_SPEED_HALT
4.0,-5.0,wet,0.35,medium,119750.0,low,0.3,low,3.0,3.1359,2.335,0.0,0.0,15.52,TIER_1_SAFETY_ZERO_SPEED_HALT
4.0,-5.0,wet,0.35,medium,119750.0,low,0.3,medium_site,5.56,3.1375,6.5945,0.0,0.0,15.52,TIER_1_SAFETY_ZERO_SPEED_HALT
4.0,-5.0,wet,0.35,medium,119750.0,low,0.3,high_max,11.11,3.1441,22.962,0.0,0.0,15.52,TIER_1_SAFETY_ZERO_SPEED_HALT
4.0,-5.0,wet,0.35,medium,119750.0,nominal,0.45,low,3.0,3.1359,2.785,0.0,0.0,15.52,TIER_1_SAFETY_ZERO_SPEED_HALT
4.0,-5.0,wet,0.35,medium,119750.0,nominal,0.45,medium_site,5.56,3.1375,7.4285,0.0,0.0,15.52,TIER_1_SAFETY_ZERO_SPEED_HALT
4.0,-5.0,wet,0.35,medium,119750.0,nominal,0.45,high_max,11.11,3.1441,24.6285,0.0,0.0,15.52,TIER_1_SAFETY_ZERO_SPEED_HALT
4.0,-5.0,wet,0.35,medium,119750.0,high_human,1.2,low,3.0,3.1359,5.035,0.0,0.0,15.52,TIER_1_SAFETY_ZERO_SPEED_HALT
4.0,-5.0,wet,0.35,medium,119750.0,high_human,1.2,medium_site,5.56,3.1375,11.5985,0.0,0.0,15.52,TIER_1_SAFETY_ZERO_SPEED_HALT
4.0,-5.0,wet,0.35,medium,119750.0,high_human,1.2,high_max,11.11,3.1441,32.961,0.0,0.0,15.52,TIER_1_SAFETY_ZERO_SPEED_HALT
4.0,-5.0,wet,0.35,max_gross,165500.0,low,0.3,low,3.0,3.0298,2.3852,0.0,0.0,15.52,TIER_1_SAFETY_ZERO_SPEED_HALT
4.0,-5.0,wet,0.35,max_gross,165500.0,low,0.3,medium_site,5.56,3.0309,6.7677,0.0,0.0,15.52,TIER_1_SAFETY_ZERO_SPEED_HALT
4.0,-5.0,wet,0.35,max_gross,165500.0,low,0.3,high_max,11.11,3.0357,23.6629,0.0,0.0,15.52,TIER_1_SAFETY_ZERO_SPEED_HALT
4.0,-5.0,wet,0.35,max_gross,165500.0,nominal,0.45,low,3.0,3.0298,2.8352,0.0,0.0,15.52,TIER_1_SAFETY_ZERO_SPEED_HALT
4.0,-5.0,wet,0.35,max_gross,165500.0,nominal,0.45,medium_site,5.56,3.0309,7.6017,0.0,0.0,15.52,TIER_1_SAFETY_ZERO_SPEED_HALT
4.0,-5.0,wet,0.35,max_gross,165500.0,nominal,0.45,high_max,11.11,3.0357,25.3294,0.0,0.0,15.52,TIER_1_SAFETY_ZERO_SPEED_HALT
4.0,-5.0,wet,0.35,max_gross,165500.0,high_human,1.2,low,3.0,3.0298,5.0852,0.0,0.0,15.52,TIER_1_SAFETY_ZERO_SPEED_HALT
4.0,-5.0,wet,0.35,max_gross,165500.0,high_human,1.2,medium_site,5.56,3.0309,11.7717,0.0,0.0,15.52,TIER_1_SAFETY_ZERO_SPEED_HALT
4.0,-5.0,wet,0.35,max_gross,165500.0,high_human,1.2,high_max,11.11,3.0357,33.6619,0.0,0.0,15.52,TIER_1_SAFETY_ZERO_SPEED_HALT
4.0,-5.0,low_friction,0.2,empty,74000.0,low,0.3,low,3.0,1.6667,3.6,0.0,0.0,15.52,TIER_1_SAFETY_ZERO_SPEED_HALT
4.0,-5.0,low_friction,0.2,empty,74000.0,low,0.3,medium_site,5.56,1.6692,10.928,0.0,0.0,15.52,TIER_1_SAFETY_ZERO_SPEED_HALT
4.0,-5.0,low_friction,0.2,empty,74000.0,low,0.3,high_max,11.11,1.6799,40.0704,0.0,0.0,15.52,TIER_1_SAFETY_ZERO_SPEED_HALT
4.0,-5.0,low_friction,0.2,empty,74000.0,nominal,0.45,low,3.0,1.6667,4.05,0.0,0.0,15.52,TIER_1_SAFETY_ZERO_SPEED_HALT
4.0,-5.0,low_friction,0.2,empty,74000.0,nominal,0.45,medium_site,5.56,1.6692,11.762,0.0,0.0,15.52,TIER_1_SAFETY_ZERO_SPEED_HALT
4.0,-5.0,low_friction,0.2,empty,74000.0,nominal,0.45,high_max,11.11,1.6799,41.7369,0.0,0.0,15.52,TIER_1_SAFETY_ZERO_SPEED_HALT
4.0,-5.0,low_friction,0.2,empty,74000.0,high_human,1.2,low,3.0,1.6667,6.3,0.0,0.0,15.52,TIER_1_SAFETY_ZERO_SPEED_HALT
4.0,-5.0,low_friction,0.2,empty,74000.0,high_human,1.2,medium_site,5.56,1.6692,15.932,0.0,0.0,15.52,TIER_1_SAFETY_ZERO_SPEED_HALT
4.0,-5.0,low_friction,0.2,empty,74000.0,high_human,1.2,high_max,11.11,1.6799,50.0694,0.0,0.0,15.52,TIER_1_SAFETY_ZERO_SPEED_HALT
4.0,-5.0,low_friction,0.2,medium,119750.0,low,0.3,low,3.0,1.6663,3.6007,0.0,0.0,15.52,TIER_1_SAFETY_ZERO_SPEED_HALT
4.0,-5.0,low_friction,0.2,medium,119750.0,low,0.3,medium_site,5.56,1.6678,10.9356,0.0,0.0,15.52,TIER_1_SAFETY_ZERO_SPEED_HALT
4.0,-5.0,low_friction,0.2,medium,119750.0,low,0.3,high_max,11.11,1.6745,40.1903,0.0,0.0,15.52,TIER_1_SAFETY_ZERO_SPEED_HALT
4.0,-5.0,low_friction,0.2,medium,119750.0,nominal,0.45,low,3.0,1.6663,4.0507,0.0,0.0,15.52,TIER_1_SAFETY_ZERO_SPEED_HALT
4.0,-5.0,low_friction,0.2,medium,119750.0,nominal,0.45,medium_site,5.56,1.6678,11.7696,0.0,0.0,15.52,TIER_1_SAFETY_ZERO_SPEED_HALT
4.0,-5.0,low_friction,0.2,medium,119750.0,nominal,0.45,high_max,11.11,1.6745,41.8568,0.0,0.0,15.52,TIER_1_SAFETY_ZERO_SPEED_HALT
4.0,-5.0,low_friction,0.2,medium,119750.0,high_human,1.2,low,3.0,1.6663,6.3007,0.0,0.0,15.52,TIER_1_SAFETY_ZERO_SPEED_HALT
4.0,-5.0,low_friction,0.2,medium,119750.0,high_human,1.2,medium_site,5.56,1.6678,15.9396,0.0,0.0,15.52,TIER_1_SAFETY_ZERO_SPEED_HALT
4.0,-5.0,low_friction,0.2,medium,119750.0,high_human,1.2,high_max,11.11,1.6745,50.1893,0.0,0.0,15.52,TIER_1_SAFETY_ZERO_SPEED_HALT
4.0,-5.0,low_friction,0.2,max_gross,165500.0,low,0.3,low,3.0,1.6661,3.6009,0.0,0.0,15.52,TIER_1_SAFETY_ZERO_SPEED_HALT
4.0,-5.0,low_friction,0.2,max_gross,165500.0,low,0.3,medium_site,5.56,1.6672,10.939,0.0,0.0,15.52,TIER_1_SAFETY_ZERO_SPEED_HALT
4.0,-5.0,low_friction,0.2,max_gross,165500.0,low,0.3,high_max,11.11,1.672,40.2442,0.0,0.0,15.52,TIER_1_SAFETY_ZERO_SPEED_HALT
4.0,-5.0,low_friction,0.2,max_gross,165500.0,nominal,0.45,low,3.0,1.6661,4.0509,0.0,0.0,15.52,TIER_1_SAFETY_ZERO_SPEED_HALT
4.0,-5.0,low_friction,0.2,max_gross,165500.0,nominal,0.45,medium_site,5.56,1.6672,11.773,0.0,0.0,15.52,TIER_1_SAFETY_ZERO_SPEED_HALT
4.0,-5.0,low_friction,0.2,max_gross,165500.0,nominal,0.45,high_max,11.11,1.672,41.9107,0.0,0.0,15.52,TIER_1_SAFETY_ZERO_SPEED_HALT
4.0,-5.0,low_friction,0.2,max_gross,165500.0,high_human,1.2,low,3.0,1.6661,6.3009,0.0,0.0,15.52,TIER_1_SAFETY_ZERO_SPEED_HALT
4.0,-5.0,low_friction,0.2,max_gross,165500.0,high_human,1.2,medium_site,5.56,1.6672,15.943,0.0,0.0,15.52,TIER_1_SAFETY_ZERO_SPEED_HALT
4.0,-5.0,low_friction,0.2,max_gross,165500.0,high_human,1.2,high_max,11.11,1.672,50.2432,0.0,0.0,15.52,TIER_1_SAFETY_ZERO_SPEED_HALT
4.0,-8.0,dry_high,0.65,empty,74000.0,low,0.3,low,3.0,5.7705,1.6798,0.0,0.0,15.52,TIER_1_SAFETY_ZERO_SPEED_HALT
4.0,-8.0,dry_high,0.65,empty,74000.0,low,0.3,medium_site,5.56,5.773,4.3454,0.0,0.0,15.52,TIER_1_SAFETY_ZERO_SPEED_HALT
4.0,-8.0,dry_high,0.65,empty,74000.0,low,0.3,high_max,11.11,5.7838,14.0036,0.0,0.0,15.52,TIER_1_SAFETY_ZERO_SPEED_HALT
4.0,-8.0,dry_high,0.65,empty,74000.0,nominal,0.45,low,3.0,5.7705,2.1298,0.0,0.0,15.52,TIER_1_SAFETY_ZERO_SPEED_HALT
4.0,-8.0,dry_high,0.65,empty,74000.0,nominal,0.45,medium_site,5.56,5.773,5.1794,0.0,0.0,15.52,TIER_1_SAFETY_ZERO_SPEED_HALT
4.0,-8.0,dry_high,0.65,empty,74000.0,nominal,0.45,high_max,11.11,5.7838,15.6701,0.0,0.0,15.52,TIER_1_SAFETY_ZERO_SPEED_HALT
4.0,-8.0,dry_high,0.65,empty,74000.0,high_human,1.2,low,3.0,5.7705,4.3798,0.0,0.0,15.52,TIER_1_SAFETY_ZERO_SPEED_HALT
4.0,-8.0,dry_high,0.65,empty,74000.0,high_human,1.2,medium_site,5.56,5.773,9.3494,0.0,0.0,15.52,TIER_1_SAFETY_ZERO_SPEED_HALT
4.0,-8.0,dry_high,0.65,empty,74000.0,high_human,1.2,high_max,11.11,5.7838,24.0026,0.0,0.0,15.52,TIER_1_SAFETY_ZERO_SPEED_HALT
4.0,-8.0,dry_high,0.65,medium,119750.0,low,0.3,low,3.0,4.0068,2.0231,0.0,0.0,15.52,TIER_1_SAFETY_ZERO_SPEED_HALT
4.0,-8.0,dry_high,0.65,medium,119750.0,low,0.3,medium_site,5.56,4.0084,5.5241,0.0,0.0,15.52,TIER_1_SAFETY_ZERO_SPEED_HALT
4.0,-8.0,dry_high,0.65,medium,119750.0,low,0.3,high_max,11.11,4.015,18.7043,0.0,0.0,15.52,TIER_1_SAFETY_ZERO_SPEED_HALT
4.0,-8.0,dry_high,0.65,medium,119750.0,nominal,0.45,low,3.0,4.0068,2.4731,0.0,0.0,15.52,TIER_1_SAFETY_ZERO_SPEED_HALT
4.0,-8.0,dry_high,0.65,medium,119750.0,nominal,0.45,medium_site,5.56,4.0084,6.3581,0.0,0.0,15.52,TIER_1_SAFETY_ZERO_SPEED_HALT
4.0,-8.0,dry_high,0.65,medium,119750.0,nominal,0.45,high_max,11.11,4.015,20.3708,0.0,0.0,15.52,TIER_1_SAFETY_ZERO_SPEED_HALT
4.0,-8.0,dry_high,0.65,medium,119750.0,high_human,1.2,low,3.0,4.0068,4.7231,0.0,0.0,15.52,TIER_1_SAFETY_ZERO_SPEED_HALT
4.0,-8.0,dry_high,0.65,medium,119750.0,high_human,1.2,medium_site,5.56,4.0084,10.5281,0.0,0.0,15.52,TIER_1_SAFETY_ZERO_SPEED_HALT
4.0,-8.0,dry_high,0.65,medium,119750.0,high_human,1.2,high_max,11.11,4.015,28.7033,0.0,0.0,15.52,TIER_1_SAFETY_ZERO_SPEED_HALT
4.0,-8.0,dry_high,0.65,max_gross,165500.0,low,0.3,low,3.0,2.737,2.5441,0.0,0.0,15.52,TIER_1_SAFETY_ZERO_SPEED_HALT
4.0,-8.0,dry_high,0.65,max_gross,165500.0,low,0.3,medium_site,5.56,2.7381,7.313,0.0,0.0,15.52,TIER_1_SAFETY_ZERO_SPEED_HALT
4.0,-8.0,dry_high,0.65,max_gross,165500.0,low,0.3,high_max,11.11,2.7429,25.833,0.0,0.0,15.52,TIER_1_SAFETY_ZERO_SPEED_HALT
4.0,-8.0,dry_high,0.65,max_gross,165500.0,nominal,0.45,low,3.0,2.737,2.9941,0.0,0.0,15.52,TIER_1_SAFETY_ZERO_SPEED_HALT
4.0,-8.0,dry_high,0.65,max_gross,165500.0,nominal,0.45,medium_site,5.56,2.7381,8.147,0.0,0.0,15.52,TIER_1_SAFETY_ZERO_SPEED_HALT
4.0,-8.0,dry_high,0.65,max_gross,165500.0,nominal,0.45,high_max,11.11,2.7429,27.4995,0.0,0.0,15.52,TIER_1_SAFETY_ZERO_SPEED_HALT
4.0,-8.0,dry_high,0.65,max_gross,165500.0,high_human,1.2,low,3.0,2.737,5.2441,0.0,0.0,15.52,TIER_1_SAFETY_ZERO_SPEED_HALT
4.0,-8.0,dry_high,0.65,max_gross,165500.0,high_human,1.2,medium_site,5.56,2.7381,12.317,0.0,0.0,15.52,TIER_1_SAFETY_ZERO_SPEED_HALT
4.0,-8.0,dry_high,0.65,max_gross,165500.0,high_human,1.2,high_max,11.11,2.7429,35.832,0.0,0.0,15.52,TIER_1_SAFETY_ZERO_SPEED_HALT
4.0,-8.0,moderate,0.45,empty,74000.0,low,0.3,low,3.0,3.8148,2.0796,0.0,0.0,15.52,TIER_1_SAFETY_ZERO_SPEED_HALT
4.0,-8.0,moderate,0.45,empty,74000.0,low,0.3,medium_site,5.56,3.8173,5.7171,0.0,0.0,15.52,TIER_1_SAFETY_ZERO_SPEED_HALT
4.0,-8.0,moderate,0.45,empty,74000.0,low,0.3,high_max,11.11,3.828,19.4552,0.0,0.0,15.52,TIER_1_SAFETY_ZERO_SPEED_HALT
4.0,-8.0,moderate,0.45,empty,74000.0,nominal,0.45,low,3.0,3.8148,2.5296,0.0,0.0,15.52,TIER_1_SAFETY_ZERO_SPEED_HALT
4.0,-8.0,moderate,0.45,empty,74000.0,nominal,0.45,medium_site,5.56,3.8173,6.5511,0.0,0.0,15.52,TIER_1_SAFETY_ZERO_SPEED_HALT
4.0,-8.0,moderate,0.45,empty,74000.0,nominal,0.45,high_max,11.11,3.828,21.1217,0.0,0.0,15.52,TIER_1_SAFETY_ZERO_SPEED_HALT
4.0,-8.0,moderate,0.45,empty,74000.0,high_human,1.2,low,3.0,3.8148,4.7796,0.0,0.0,15.52,TIER_1_SAFETY_ZERO_SPEED_HALT
4.0,-8.0,moderate,0.45,empty,74000.0,high_human,1.2,medium_site,5.56,3.8173,10.7211,0.0,0.0,15.52,TIER_1_SAFETY_ZERO_SPEED_HALT
4.0,-8.0,moderate,0.45,empty,74000.0,high_human,1.2,high_max,11.11,3.828,29.4542,0.0,0.0,15.52,TIER_1_SAFETY_ZERO_SPEED_HALT
4.0,-8.0,moderate,0.45,medium,119750.0,low,0.3,low,3.0,3.8144,2.0798,0.0,0.0,15.52,TIER_1_SAFETY_ZERO_SPEED_HALT
4.0,-8.0,moderate,0.45,medium,119750.0,low,0.3,medium_site,5.56,3.8159,5.7186,0.0,0.0,15.52,TIER_1_SAFETY_ZERO_SPEED_HALT
4.0,-8.0,moderate,0.45,medium,119750.0,low,0.3,high_max,11.11,3.8226,19.4782,0.0,0.0,15.52,TIER_1_SAFETY_ZERO_SPEED_HALT
4.0,-8.0,moderate,0.45,medium,119750.0,nominal,0.45,low,3.0,3.8144,2.5298,0.0,0.0,15.52,TIER_1_SAFETY_ZERO_SPEED_HALT
4.0,-8.0,moderate,0.45,medium,119750.0,nominal,0.45,medium_site,5.56,3.8159,6.5526,0.0,0.0,15.52,TIER_1_SAFETY_ZERO_SPEED_HALT
4.0,-8.0,moderate,0.45,medium,119750.0,nominal,0.45,high_max,11.11,3.8226,21.1447,0.0,0.0,15.52,TIER_1_SAFETY_ZERO_SPEED_HALT
4.0,-8.0,moderate,0.45,medium,119750.0,high_human,1.2,low,3.0,3.8144,4.7798,0.0,0.0,15.52,TIER_1_SAFETY_ZERO_SPEED_HALT
4.0,-8.0,moderate,0.45,medium,119750.0,high_human,1.2,medium_site,5.56,3.8159,10.7226,0.0,0.0,15.52,TIER_1_SAFETY_ZERO_SPEED_HALT
4.0,-8.0,moderate,0.45,medium,119750.0,high_human,1.2,high_max,11.11,3.8226,29.4772,0.0,0.0,15.52,TIER_1_SAFETY_ZERO_SPEED_HALT
4.0,-8.0,moderate,0.45,max_gross,165500.0,low,0.3,low,3.0,2.737,2.5441,0.0,0.0,15.52,TIER_1_SAFETY_ZERO_SPEED_HALT
4.0,-8.0,moderate,0.45,max_gross,165500.0,low,0.3,medium_site,5.56,2.7381,7.313,0.0,0.0,15.52,TIER_1_SAFETY_ZERO_SPEED_HALT
4.0,-8.0,moderate,0.45,max_gross,165500.0,low,0.3,high_max,11.11,2.7429,25.833,0.0,0.0,15.52,TIER_1_SAFETY_ZERO_SPEED_HALT
4.0,-8.0,moderate,0.45,max_gross,165500.0,nominal,0.45,low,3.0,2.737,2.9941,0.0,0.0,15.52,TIER_1_SAFETY_ZERO_SPEED_HALT
4.0,-8.0,moderate,0.45,max_gross,165500.0,nominal,0.45,medium_site,5.56,2.7381,8.147,0.0,0.0,15.52,TIER_1_SAFETY_ZERO_SPEED_HALT
4.0,-8.0,moderate,0.45,max_gross,165500.0,nominal,0.45,high_max,11.11,2.7429,27.4995,0.0,0.0,15.52,TIER_1_SAFETY_ZERO_SPEED_HALT
4.0,-8.0,moderate,0.45,max_gross,165500.0,high_human,1.2,low,3.0,2.737,5.2441,0.0,0.0,15.52,TIER_1_SAFETY_ZERO_SPEED_HALT
4.0,-8.0,moderate,0.45,max_gross,165500.0,high_human,1.2,medium_site,5.56,2.7381,12.317,0.0,0.0,15.52,TIER_1_SAFETY_ZERO_SPEED_HALT
4.0,-8.0,moderate,0.45,max_gross,165500.0,high_human,1.2,high_max,11.11,2.7429,35.832,0.0,0.0,15.52,TIER_1_SAFETY_ZERO_SPEED_HALT
4.0,-8.0,wet,0.35,empty,74000.0,low,0.3,low,3.0,2.8369,2.4862,0.0,0.0,15.52,TIER_1_SAFETY_ZERO_SPEED_HALT
4.0,-8.0,wet,0.35,empty,74000.0,low,0.3,medium_site,5.56,2.8394,7.1116,0.0,0.0,15.52,TIER_1_SAFETY_ZERO_SPEED_HALT
4.0,-8.0,wet,0.35,empty,74000.0,low,0.3,high_max,11.11,2.8501,24.9867,0.0,0.0,15.52,TIER_1_SAFETY_ZERO_SPEED_HALT
4.0,-8.0,wet,0.35,empty,74000.0,nominal,0.45,low,3.0,2.8369,2.9362,0.0,0.0,15.52,TIER_1_SAFETY_ZERO_SPEED_HALT
4.0,-8.0,wet,0.35,empty,74000.0,nominal,0.45,medium_site,5.56,2.8394,7.9456,0.0,0.0,15.52,TIER_1_SAFETY_ZERO_SPEED_HALT
4.0,-8.0,wet,0.35,empty,74000.0,nominal,0.45,high_max,11.11,2.8501,26.6532,0.0,0.0,15.52,TIER_1_SAFETY_ZERO_SPEED_HALT
4.0,-8.0,wet,0.35,empty,74000.0,high_human,1.2,low,3.0,2.8369,5.1862,0.0,0.0,15.52,TIER_1_SAFETY_ZERO_SPEED_HALT
4.0,-8.0,wet,0.35,empty,74000.0,high_human,1.2,medium_site,5.56,2.8394,12.1156,0.0,0.0,15.52,TIER_1_SAFETY_ZERO_SPEED_HALT
4.0,-8.0,wet,0.35,empty,74000.0,high_human,1.2,high_max,11.11,2.8501,34.9857,0.0,0.0,15.52,TIER_1_SAFETY_ZERO_SPEED_HALT
4.0,-8.0,wet,0.35,medium,119750.0,low,0.3,low,3.0,2.8365,2.4865,0.0,0.0,15.52,TIER_1_SAFETY_ZERO_SPEED_HALT
4.0,-8.0,wet,0.35,medium,119750.0,low,0.3,medium_site,5.56,2.8381,7.1143,0.0,0.0,15.52,TIER_1_SAFETY_ZERO_SPEED_HALT
4.0,-8.0,wet,0.35,medium,119750.0,low,0.3,high_max,11.11,2.8447,25.0283,0.0,0.0,15.52,TIER_1_SAFETY_ZERO_SPEED_HALT
4.0,-8.0,wet,0.35,medium,119750.0,nominal,0.45,low,3.0,2.8365,2.9365,0.0,0.0,15.52,TIER_1_SAFETY_ZERO_SPEED_HALT
4.0,-8.0,wet,0.35,medium,119750.0,nominal,0.45,medium_site,5.56,2.8381,7.9483,0.0,0.0,15.52,TIER_1_SAFETY_ZERO_SPEED_HALT
4.0,-8.0,wet,0.35,medium,119750.0,nominal,0.45,high_max,11.11,2.8447,26.6948,0.0,0.0,15.52,TIER_1_SAFETY_ZERO_SPEED_HALT
4.0,-8.0,wet,0.35,medium,119750.0,high_human,1.2,low,3.0,2.8365,5.1865,0.0,0.0,15.52,TIER_1_SAFETY_ZERO_SPEED_HALT
4.0,-8.0,wet,0.35,medium,119750.0,high_human,1.2,medium_site,5.56,2.8381,12.1183,0.0,0.0,15.52,TIER_1_SAFETY_ZERO_SPEED_HALT
4.0,-8.0,wet,0.35,medium,119750.0,high_human,1.2,high_max,11.11,2.8447,35.0273,0.0,0.0,15.52,TIER_1_SAFETY_ZERO_SPEED_HALT
4.0,-8.0,wet,0.35,max_gross,165500.0,low,0.3,low,3.0,2.737,2.5441,0.0,0.0,15.52,TIER_1_SAFETY_ZERO_SPEED_HALT
4.0,-8.0,wet,0.35,max_gross,165500.0,low,0.3,medium_site,5.56,2.7381,7.313,0.0,0.0,15.52,TIER_1_SAFETY_ZERO_SPEED_HALT
4.0,-8.0,wet,0.35,max_gross,165500.0,low,0.3,high_max,11.11,2.7429,25.833,0.0,0.0,15.52,TIER_1_SAFETY_ZERO_SPEED_HALT
4.0,-8.0,wet,0.35,max_gross,165500.0,nominal,0.45,low,3.0,2.737,2.9941,0.0,0.0,15.52,TIER_1_SAFETY_ZERO_SPEED_HALT
4.0,-8.0,wet,0.35,max_gross,165500.0,nominal,0.45,medium_site,5.56,2.7381,8.147,0.0,0.0,15.52,TIER_1_SAFETY_ZERO_SPEED_HALT
4.0,-8.0,wet,0.35,max_gross,165500.0,nominal,0.45,high_max,11.11,2.7429,27.4995,0.0,0.0,15.52,TIER_1_SAFETY_ZERO_SPEED_HALT
4.0,-8.0,wet,0.35,max_gross,165500.0,high_human,1.2,low,3.0,2.737,5.2441,0.0,0.0,15.52,TIER_1_SAFETY_ZERO_SPEED_HALT
4.0,-8.0,wet,0.35,max_gross,165500.0,high_human,1.2,medium_site,5.56,2.7381,12.317,0.0,0.0,15.52,TIER_1_SAFETY_ZERO_SPEED_HALT
4.0,-8.0,wet,0.35,max_gross,165500.0,high_human,1.2,high_max,11.11,2.7429,35.832,0.0,0.0,15.52,TIER_1_SAFETY_ZERO_SPEED_HALT
4.0,-8.0,low_friction,0.2,empty,74000.0,low,0.3,low,3.0,1.3701,4.1845,0.0,0.0,15.52,TIER_1_SAFETY_ZERO_SPEED_HALT
4.0,-8.0,low_friction,0.2,empty,74000.0,low,0.3,medium_site,5.56,1.3726,12.9289,0.0,0.0,15.52,TIER_1_SAFETY_ZERO_SPEED_HALT
4.0,-8.0,low_friction,0.2,empty,74000.0,low,0.3,high_max,11.11,1.3833,47.9471,0.0,0.0,15.52,TIER_1_SAFETY_ZERO_SPEED_HALT
4.0,-8.0,low_friction,0.2,empty,74000.0,nominal,0.45,low,3.0,1.3701,4.6345,0.0,0.0,15.52,TIER_1_SAFETY_ZERO_SPEED_HALT
4.0,-8.0,low_friction,0.2,empty,74000.0,nominal,0.45,medium_site,5.56,1.3726,13.7629,0.0,0.0,15.52,TIER_1_SAFETY_ZERO_SPEED_HALT
4.0,-8.0,low_friction,0.2,empty,74000.0,nominal,0.45,high_max,11.11,1.3833,49.6136,0.0,0.0,15.52,TIER_1_SAFETY_ZERO_SPEED_HALT
4.0,-8.0,low_friction,0.2,empty,74000.0,high_human,1.2,low,3.0,1.3701,6.8845,0.0,0.0,15.52,TIER_1_SAFETY_ZERO_SPEED_HALT
4.0,-8.0,low_friction,0.2,empty,74000.0,high_human,1.2,medium_site,5.56,1.3726,17.9329,0.0,0.0,15.52,TIER_1_SAFETY_ZERO_SPEED_HALT
4.0,-8.0,low_friction,0.2,empty,74000.0,high_human,1.2,high_max,11.11,1.3833,57.9461,0.0,0.0,15.52,TIER_1_SAFETY_ZERO_SPEED_HALT
4.0,-8.0,low_friction,0.2,medium,119750.0,low,0.3,low,3.0,1.3697,4.1855,0.0,0.0,15.52,TIER_1_SAFETY_ZERO_SPEED_HALT
4.0,-8.0,low_friction,0.2,medium,119750.0,low,0.3,medium_site,5.56,1.3712,12.9401,0.0,0.0,15.52,TIER_1_SAFETY_ZERO_SPEED_HALT
4.0,-8.0,low_friction,0.2,medium,119750.0,low,0.3,high_max,11.11,1.3779,48.1241,0.0,0.0,15.52,TIER_1_SAFETY_ZERO_SPEED_HALT
4.0,-8.0,low_friction,0.2,medium,119750.0,nominal,0.45,low,3.0,1.3697,4.6355,0.0,0.0,15.52,TIER_1_SAFETY_ZERO_SPEED_HALT
4.0,-8.0,low_friction,0.2,medium,119750.0,nominal,0.45,medium_site,5.56,1.3712,13.7741,0.0,0.0,15.52,TIER_1_SAFETY_ZERO_SPEED_HALT
4.0,-8.0,low_friction,0.2,medium,119750.0,nominal,0.45,high_max,11.11,1.3779,49.7906,0.0,0.0,15.52,TIER_1_SAFETY_ZERO_SPEED_HALT
4.0,-8.0,low_friction,0.2,medium,119750.0,high_human,1.2,low,3.0,1.3697,6.8855,0.0,0.0,15.52,TIER_1_SAFETY_ZERO_SPEED_HALT
4.0,-8.0,low_friction,0.2,medium,119750.0,high_human,1.2,medium_site,5.56,1.3712,17.9441,0.0,0.0,15.52,TIER_1_SAFETY_ZERO_SPEED_HALT
4.0,-8.0,low_friction,0.2,medium,119750.0,high_human,1.2,high_max,11.11,1.3779,58.1231,0.0,0.0,15.52,TIER_1_SAFETY_ZERO_SPEED_HALT
4.0,-8.0,low_friction,0.2,max_gross,165500.0,low,0.3,low,3.0,1.3695,4.1859,0.0,0.0,15.52,TIER_1_SAFETY_ZERO_SPEED_HALT
4.0,-8.0,low_friction,0.2,max_gross,165500.0,low,0.3,medium_site,5.56,1.3706,12.9452,0.0,0.0,15.52,TIER_1_SAFETY_ZERO_SPEED_HALT
4.0,-8.0,low_friction,0.2,max_gross,165500.0,low,0.3,high_max,11.11,1.3754,48.2036,0.0,0.0,15.52,TIER_1_SAFETY_ZERO_SPEED_HALT
4.0,-8.0,low_friction,0.2,max_gross,165500.0,nominal,0.45,low,3.0,1.3695,4.6359,0.0,0.0,15.52,TIER_1_SAFETY_ZERO_SPEED_HALT
4.0,-8.0,low_friction,0.2,max_gross,165500.0,nominal,0.45,medium_site,5.56,1.3706,13.7792,0.0,0.0,15.52,TIER_1_SAFETY_ZERO_SPEED_HALT
4.0,-8.0,low_friction,0.2,max_gross,165500.0,nominal,0.45,high_max,11.11,1.3754,49.8701,0.0,0.0,15.52,TIER_1_SAFETY_ZERO_SPEED_HALT
4.0,-8.0,low_friction,0.2,max_gross,165500.0,high_human,1.2,low,3.0,1.3695,6.8859,0.0,0.0,15.52,TIER_1_SAFETY_ZERO_SPEED_HALT
4.0,-8.0,low_friction,0.2,max_gross,165500.0,high_human,1.2,medium_site,5.56,1.3706,17.9492,0.0,0.0,15.52,TIER_1_SAFETY_ZERO_SPEED_HALT
4.0,-8.0,low_friction,0.2,max_gross,165500.0,high_human,1.2,high_max,11.11,1.3754,58.2026,0.0,0.0,15.52,TIER_1_SAFETY_ZERO_SPEED_HALT
3.0,8.0,dry_high,0.65,empty,74000.0,low,0.3,low,3.0,7.3351,1.5135,0.0,0.0,15.52,TIER_1_SAFETY_ZERO_SPEED_HALT
3.0,8.0,dry_high,0.65,empty,74000.0,low,0.3,medium_site,5.56,7.3377,3.7745,0.0,0.0,15.52,TIER_1_SAFETY_ZERO_SPEED_HALT
3.0,8.0,dry_high,0.65,empty,74000.0,low,0.3,high_max,11.11,7.3484,11.7316,0.0,0.0,15.52,TIER_1_SAFETY_ZERO_SPEED_HALT
3.0,8.0,dry_high,0.65,empty,74000.0,nominal,0.45,low,3.0,7.3351,1.9635,0.0,0.0,15.52,TIER_1_SAFETY_ZERO_SPEED_HALT
3.0,8.0,dry_high,0.65,empty,74000.0,nominal,0.45,medium_site,5.56,7.3377,4.6085,0.0,0.0,15.52,TIER_1_SAFETY_ZERO_SPEED_HALT
3.0,8.0,dry_high,0.65,empty,74000.0,nominal,0.45,high_max,11.11,7.3484,13.3981,0.0,0.0,15.52,TIER_1_SAFETY_ZERO_SPEED_HALT
3.0,8.0,dry_high,0.65,empty,74000.0,high_human,1.2,low,3.0,7.3351,4.2135,0.0,0.0,15.52,TIER_1_SAFETY_ZERO_SPEED_HALT
3.0,8.0,dry_high,0.65,empty,74000.0,high_human,1.2,medium_site,5.56,7.3377,8.7785,0.0,0.0,15.52,TIER_1_SAFETY_ZERO_SPEED_HALT
3.0,8.0,dry_high,0.65,empty,74000.0,high_human,1.2,high_max,11.11,7.3484,21.7306,0.0,0.0,15.52,TIER_1_SAFETY_ZERO_SPEED_HALT
3.0,8.0,dry_high,0.65,medium,119750.0,low,0.3,low,3.0,5.5714,1.7077,0.0,0.0,15.52,TIER_1_SAFETY_ZERO_SPEED_HALT
3.0,8.0,dry_high,0.65,medium,119750.0,low,0.3,medium_site,5.56,5.573,4.4415,0.0,0.0,15.52,TIER_1_SAFETY_ZERO_SPEED_HALT
3.0,8.0,dry_high,0.65,medium,119750.0,low,0.3,high_max,11.11,5.5796,14.394,0.0,0.0,15.52,TIER_1_SAFETY_ZERO_SPEED_HALT
3.0,8.0,dry_high,0.65,medium,119750.0,nominal,0.45,low,3.0,5.5714,2.1577,0.0,0.0,15.52,TIER_1_SAFETY_ZERO_SPEED_HALT
3.0,8.0,dry_high,0.65,medium,119750.0,nominal,0.45,medium_site,5.56,5.573,5.2755,0.0,0.0,15.52,TIER_1_SAFETY_ZERO_SPEED_HALT
3.0,8.0,dry_high,0.65,medium,119750.0,nominal,0.45,high_max,11.11,5.5796,16.0605,0.0,0.0,15.52,TIER_1_SAFETY_ZERO_SPEED_HALT
3.0,8.0,dry_high,0.65,medium,119750.0,high_human,1.2,low,3.0,5.5714,4.4077,0.0,0.0,15.52,TIER_1_SAFETY_ZERO_SPEED_HALT
3.0,8.0,dry_high,0.65,medium,119750.0,high_human,1.2,medium_site,5.56,5.573,9.4455,0.0,0.0,15.52,TIER_1_SAFETY_ZERO_SPEED_HALT
3.0,8.0,dry_high,0.65,medium,119750.0,high_human,1.2,high_max,11.11,5.5796,24.393,0.0,0.0,15.52,TIER_1_SAFETY_ZERO_SPEED_HALT
3.0,8.0,dry_high,0.65,max_gross,165500.0,low,0.3,low,3.0,4.3016,1.9461,0.0,0.0,15.52,TIER_1_SAFETY_ZERO_SPEED_HALT
3.0,8.0,dry_high,0.65,max_gross,165500.0,low,0.3,medium_site,5.56,4.3027,5.2603,0.0,0.0,15.52,TIER_1_SAFETY_ZERO_SPEED_HALT
3.0,8.0,dry_high,0.65,max_gross,165500.0,low,0.3,high_max,11.11,4.3075,17.6605,0.0,0.0,15.52,TIER_1_SAFETY_ZERO_SPEED_HALT
3.0,8.0,dry_high,0.65,max_gross,165500.0,nominal,0.45,low,3.0,4.3016,2.3961,0.0,0.0,15.52,TIER_1_SAFETY_ZERO_SPEED_HALT
3.0,8.0,dry_high,0.65,max_gross,165500.0,nominal,0.45,medium_site,5.56,4.3027,6.0943,0.0,0.0,15.52,TIER_1_SAFETY_ZERO_SPEED_HALT
3.0,8.0,dry_high,0.65,max_gross,165500.0,nominal,0.45,high_max,11.11,4.3075,19.327,0.0,0.0,15.52,TIER_1_SAFETY_ZERO_SPEED_HALT
3.0,8.0,dry_high,0.65,max_gross,165500.0,high_human,1.2,low,3.0,4.3016,4.6461,0.0,0.0,15.52,TIER_1_SAFETY_ZERO_SPEED_HALT
3.0,8.0,dry_high,0.65,max_gross,165500.0,high_human,1.2,medium_site,5.56,4.3027,10.2643,0.0,0.0,15.52,TIER_1_SAFETY_ZERO_SPEED_HALT
3.0,8.0,dry_high,0.65,max_gross,165500.0,high_human,1.2,high_max,11.11,4.3075,27.6595,0.0,0.0,15.52,TIER_1_SAFETY_ZERO_SPEED_HALT
3.0,8.0,moderate,0.45,empty,74000.0,low,0.3,low,3.0,5.3794,1.7365,0.0,0.0,15.52,TIER_1_SAFETY_ZERO_SPEED_HALT
3.0,8.0,moderate,0.45,empty,74000.0,low,0.3,medium_site,5.56,5.3819,4.54,0.0,0.0,15.52,TIER_1_SAFETY_ZERO_SPEED_HALT
3.0,8.0,moderate,0.45,empty,74000.0,low,0.3,high_max,11.11,5.3926,14.7775,0.0,0.0,15.52,TIER_1_SAFETY_ZERO_SPEED_HALT
3.0,8.0,moderate,0.45,empty,74000.0,nominal,0.45,low,3.0,5.3794,2.1865,0.0,0.0,15.52,TIER_1_SAFETY_ZERO_SPEED_HALT
3.0,8.0,moderate,0.45,empty,74000.0,nominal,0.45,medium_site,5.56,5.3819,5.374,0.0,0.0,15.52,TIER_1_SAFETY_ZERO_SPEED_HALT
3.0,8.0,moderate,0.45,empty,74000.0,nominal,0.45,high_max,11.11,5.3926,16.444,0.0,0.0,15.52,TIER_1_SAFETY_ZERO_SPEED_HALT
3.0,8.0,moderate,0.45,empty,74000.0,high_human,1.2,low,3.0,5.3794,4.4365,0.0,0.0,15.52,TIER_1_SAFETY_ZERO_SPEED_HALT
3.0,8.0,moderate,0.45,empty,74000.0,high_human,1.2,medium_site,5.56,5.3819,9.544,0.0,0.0,15.52,TIER_1_SAFETY_ZERO_SPEED_HALT
3.0,8.0,moderate,0.45,empty,74000.0,high_human,1.2,high_max,11.11,5.3926,24.7765,0.0,0.0,15.52,TIER_1_SAFETY_ZERO_SPEED_HALT
3.0,8.0,moderate,0.45,medium,119750.0,low,0.3,low,3.0,5.379,1.7366,0.0,0.0,15.52,TIER_1_SAFETY_ZERO_SPEED_HALT
3.0,8.0,moderate,0.45,medium,119750.0,low,0.3,medium_site,5.56,5.3805,4.5407,0.0,0.0,15.52,TIER_1_SAFETY_ZERO_SPEED_HALT
3.0,8.0,moderate,0.45,medium,119750.0,low,0.3,high_max,11.11,5.3872,14.7891,0.0,0.0,15.52,TIER_1_SAFETY_ZERO_SPEED_HALT
3.0,8.0,moderate,0.45,medium,119750.0,nominal,0.45,low,3.0,5.379,2.1866,0.0,0.0,15.52,TIER_1_SAFETY_ZERO_SPEED_HALT
3.0,8.0,moderate,0.45,medium,119750.0,nominal,0.45,medium_site,5.56,5.3805,5.3747,0.0,0.0,15.52,TIER_1_SAFETY_ZERO_SPEED_HALT
3.0,8.0,moderate,0.45,medium,119750.0,nominal,0.45,high_max,11.11,5.3872,16.4556,0.0,0.0,15.52,TIER_1_SAFETY_ZERO_SPEED_HALT
3.0,8.0,moderate,0.45,medium,119750.0,high_human,1.2,low,3.0,5.379,4.4366,0.0,0.0,15.52,TIER_1_SAFETY_ZERO_SPEED_HALT
3.0,8.0,moderate,0.45,medium,119750.0,high_human,1.2,medium_site,5.56,5.3805,9.5447,0.0,0.0,15.52,TIER_1_SAFETY_ZERO_SPEED_HALT
3.0,8.0,moderate,0.45,medium,119750.0,high_human,1.2,high_max,11.11,5.3872,24.7881,0.0,0.0,15.52,TIER_1_SAFETY_ZERO_SPEED_HALT
3.0,8.0,moderate,0.45,max_gross,165500.0,low,0.3,low,3.0,4.3016,1.9461,0.0,0.0,15.52,TIER_1_SAFETY_ZERO_SPEED_HALT
3.0,8.0,moderate,0.45,max_gross,165500.0,low,0.3,medium_site,5.56,4.3027,5.2603,0.0,0.0,15.52,TIER_1_SAFETY_ZERO_SPEED_HALT
3.0,8.0,moderate,0.45,max_gross,165500.0,low,0.3,high_max,11.11,4.3075,17.6605,0.0,0.0,15.52,TIER_1_SAFETY_ZERO_SPEED_HALT
3.0,8.0,moderate,0.45,max_gross,165500.0,nominal,0.45,low,3.0,4.3016,2.3961,0.0,0.0,15.52,TIER_1_SAFETY_ZERO_SPEED_HALT
3.0,8.0,moderate,0.45,max_gross,165500.0,nominal,0.45,medium_site,5.56,4.3027,6.0943,0.0,0.0,15.52,TIER_1_SAFETY_ZERO_SPEED_HALT
3.0,8.0,moderate,0.45,max_gross,165500.0,nominal,0.45,high_max,11.11,4.3075,19.327,0.0,0.0,15.52,TIER_1_SAFETY_ZERO_SPEED_HALT
3.0,8.0,moderate,0.45,max_gross,165500.0,high_human,1.2,low,3.0,4.3016,4.6461,0.0,0.0,15.52,TIER_1_SAFETY_ZERO_SPEED_HALT
3.0,8.0,moderate,0.45,max_gross,165500.0,high_human,1.2,medium_site,5.56,4.3027,10.2643,0.0,0.0,15.52,TIER_1_SAFETY_ZERO_SPEED_HALT
3.0,8.0,moderate,0.45,max_gross,165500.0,high_human,1.2,high_max,11.11,4.3075,27.6595,0.0,0.0,15.52,TIER_1_SAFETY_ZERO_SPEED_HALT
3.0,8.0,wet,0.35,empty,74000.0,low,0.3,low,3.0,4.4015,1.9224,0.0,0.0,15.52,TIER_1_SAFETY_ZERO_SPEED_HALT
3.0,8.0,wet,0.35,empty,74000.0,low,0.3,medium_site,5.56,4.404,5.1777,0.0,0.0,15.52,TIER_1_SAFETY_ZERO_SPEED_HALT
3.0,8.0,wet,0.35,empty,74000.0,low,0.3,high_max,11.11,4.4147,17.3125,0.0,0.0,15.52,TIER_1_SAFETY_ZERO_SPEED_HALT
3.0,8.0,wet,0.35,empty,74000.0,nominal,0.45,low,3.0,4.4015,2.3724,0.0,0.0,15.52,TIER_1_SAFETY_ZERO_SPEED_HALT
3.0,8.0,wet,0.35,empty,74000.0,nominal,0.45,medium_site,5.56,4.404,6.0117,0.0,0.0,15.52,TIER_1_SAFETY_ZERO_SPEED_HALT
3.0,8.0,wet,0.35,empty,74000.0,nominal,0.45,high_max,11.11,4.4147,18.979,0.0,0.0,15.52,TIER_1_SAFETY_ZERO_SPEED_HALT
3.0,8.0,wet,0.35,empty,74000.0,high_human,1.2,low,3.0,4.4015,4.6224,0.0,0.0,15.52,TIER_1_SAFETY_ZERO_SPEED_HALT
3.0,8.0,wet,0.35,empty,74000.0,high_human,1.2,medium_site,5.56,4.404,10.1817,0.0,0.0,15.52,TIER_1_SAFETY_ZERO_SPEED_HALT
3.0,8.0,wet,0.35,empty,74000.0,high_human,1.2,high_max,11.11,4.4147,27.3115,0.0,0.0,15.52,TIER_1_SAFETY_ZERO_SPEED_HALT
3.0,8.0,wet,0.35,medium,119750.0,low,0.3,low,3.0,4.4011,1.9225,0.0,0.0,15.52,TIER_1_SAFETY_ZERO_SPEED_HALT
3.0,8.0,wet,0.35,medium,119750.0,low,0.3,medium_site,5.56,4.4027,5.1788,0.0,0.0,15.52,TIER_1_SAFETY_ZERO_SPEED_HALT
3.0,8.0,wet,0.35,medium,119750.0,low,0.3,high_max,11.11,4.4093,17.3299,0.0,0.0,15.52,TIER_1_SAFETY_ZERO_SPEED_HALT
3.0,8.0,wet,0.35,medium,119750.0,nominal,0.45,low,3.0,4.4011,2.3725,0.0,0.0,15.52,TIER_1_SAFETY_ZERO_SPEED_HALT
3.0,8.0,wet,0.35,medium,119750.0,nominal,0.45,medium_site,5.56,4.4027,6.0128,0.0,0.0,15.52,TIER_1_SAFETY_ZERO_SPEED_HALT
3.0,8.0,wet,0.35,medium,119750.0,nominal,0.45,high_max,11.11,4.4093,18.9964,0.0,0.0,15.52,TIER_1_SAFETY_ZERO_SPEED_HALT
3.0,8.0,wet,0.35,medium,119750.0,high_human,1.2,low,3.0,4.4011,4.6225,0.0,0.0,15.52,TIER_1_SAFETY_ZERO_SPEED_HALT
3.0,8.0,wet,0.35,medium,119750.0,high_human,1.2,medium_site,5.56,4.4027,10.1828,0.0,0.0,15.52,TIER_1_SAFETY_ZERO_SPEED_HALT
3.0,8.0,wet,0.35,medium,119750.0,high_human,1.2,high_max,11.11,4.4093,27.3289,0.0,0.0,15.52,TIER_1_SAFETY_ZERO_SPEED_HALT
3.0,8.0,wet,0.35,max_gross,165500.0,low,0.3,low,3.0,4.3016,1.9461,0.0,0.0,15.52,TIER_1_SAFETY_ZERO_SPEED_HALT
3.0,8.0,wet,0.35,max_gross,165500.0,low,0.3,medium_site,5.56,4.3027,5.2603,0.0,0.0,15.52,TIER_1_SAFETY_ZERO_SPEED_HALT
3.0,8.0,wet,0.35,max_gross,165500.0,low,0.3,high_max,11.11,4.3075,17.6605,0.0,0.0,15.52,TIER_1_SAFETY_ZERO_SPEED_HALT
3.0,8.0,wet,0.35,max_gross,165500.0,nominal,0.45,low,3.0,4.3016,2.3961,0.0,0.0,15.52,TIER_1_SAFETY_ZERO_SPEED_HALT
3.0,8.0,wet,0.35,max_gross,165500.0,nominal,0.45,medium_site,5.56,4.3027,6.0943,0.0,0.0,15.52,TIER_1_SAFETY_ZERO_SPEED_HALT
3.0,8.0,wet,0.35,max_gross,165500.0,nominal,0.45,high_max,11.11,4.3075,19.327,0.0,0.0,15.52,TIER_1_SAFETY_ZERO_SPEED_HALT
3.0,8.0,wet,0.35,max_gross,165500.0,high_human,1.2,low,3.0,4.3016,4.6461,0.0,0.0,15.52,TIER_1_SAFETY_ZERO_SPEED_HALT
3.0,8.0,wet,0.35,max_gross,165500.0,high_human,1.2,medium_site,5.56,4.3027,10.2643,0.0,0.0,15.52,TIER_1_SAFETY_ZERO_SPEED_HALT
3.0,8.0,wet,0.35,max_gross,165500.0,high_human,1.2,high_max,11.11,4.3075,27.6595,0.0,0.0,15.52,TIER_1_SAFETY_ZERO_SPEED_HALT
3.0,8.0,low_friction,0.2,empty,74000.0,low,0.3,low,3.0,2.9347,2.4334,0.0,0.0,15.52,TIER_1_SAFETY_ZERO_SPEED_HALT
3.0,8.0,low_friction,0.2,empty,74000.0,low,0.3,medium_site,5.56,2.9372,6.9304,0.0,0.0,15.52,TIER_1_SAFETY_ZERO_SPEED_HALT
3.0,8.0,low_friction,0.2,empty,74000.0,low,0.3,high_max,11.11,2.9479,24.2684,0.0,0.0,15.52,TIER_1_SAFETY_ZERO_SPEED_HALT
3.0,8.0,low_friction,0.2,empty,74000.0,nominal,0.45,low,3.0,2.9347,2.8834,0.0,0.0,15.52,TIER_1_SAFETY_ZERO_SPEED_HALT
3.0,8.0,low_friction,0.2,empty,74000.0,nominal,0.45,medium_site,5.56,2.9372,7.7644,0.0,0.0,15.52,TIER_1_SAFETY_ZERO_SPEED_HALT
3.0,8.0,low_friction,0.2,empty,74000.0,nominal,0.45,high_max,11.11,2.9479,25.9349,0.0,0.0,15.52,TIER_1_SAFETY_ZERO_SPEED_HALT
3.0,8.0,low_friction,0.2,empty,74000.0,high_human,1.2,low,3.0,2.9347,5.1334,0.0,0.0,15.52,TIER_1_SAFETY_ZERO_SPEED_HALT
3.0,8.0,low_friction,0.2,empty,74000.0,high_human,1.2,medium_site,5.56,2.9372,11.9344,0.0,0.0,15.52,TIER_1_SAFETY_ZERO_SPEED_HALT
3.0,8.0,low_friction,0.2,empty,74000.0,high_human,1.2,high_max,11.11,2.9479,34.2674,0.0,0.0,15.52,TIER_1_SAFETY_ZERO_SPEED_HALT
3.0,8.0,low_friction,0.2,medium,119750.0,low,0.3,low,3.0,2.9343,2.4336,0.0,0.0,15.52,TIER_1_SAFETY_ZERO_SPEED_HALT
3.0,8.0,low_friction,0.2,medium,119750.0,low,0.3,medium_site,5.56,2.9358,6.9329,0.0,0.0,15.52,TIER_1_SAFETY_ZERO_SPEED_HALT
3.0,8.0,low_friction,0.2,medium,119750.0,low,0.3,high_max,11.11,2.9425,24.3073,0.0,0.0,15.52,TIER_1_SAFETY_ZERO_SPEED_HALT
3.0,8.0,low_friction,0.2,medium,119750.0,nominal,0.45,low,3.0,2.9343,2.8836,0.0,0.0,15.52,TIER_1_SAFETY_ZERO_SPEED_HALT
3.0,8.0,low_friction,0.2,medium,119750.0,nominal,0.45,medium_site,5.56,2.9358,7.7669,0.0,0.0,15.52,TIER_1_SAFETY_ZERO_SPEED_HALT
3.0,8.0,low_friction,0.2,medium,119750.0,nominal,0.45,high_max,11.11,2.9425,25.9738,0.0,0.0,15.52,TIER_1_SAFETY_ZERO_SPEED_HALT
3.0,8.0,low_friction,0.2,medium,119750.0,high_human,1.2,low,3.0,2.9343,5.1336,0.0,0.0,15.52,TIER_1_SAFETY_ZERO_SPEED_HALT
3.0,8.0,low_friction,0.2,medium,119750.0,high_human,1.2,medium_site,5.56,2.9358,11.9369,0.0,0.0,15.52,TIER_1_SAFETY_ZERO_SPEED_HALT
3.0,8.0,low_friction,0.2,medium,119750.0,high_human,1.2,high_max,11.11,2.9425,34.3063,0.0,0.0,15.52,TIER_1_SAFETY_ZERO_SPEED_HALT
3.0,8.0,low_friction,0.2,max_gross,165500.0,low,0.3,low,3.0,2.9341,2.4337,0.0,0.0,15.52,TIER_1_SAFETY_ZERO_SPEED_HALT
3.0,8.0,low_friction,0.2,max_gross,165500.0,low,0.3,medium_site,5.56,2.9352,6.934,0.0,0.0,15.52,TIER_1_SAFETY_ZERO_SPEED_HALT
3.0,8.0,low_friction,0.2,max_gross,165500.0,low,0.3,high_max,11.11,2.94,24.3247,0.0,0.0,15.52,TIER_1_SAFETY_ZERO_SPEED_HALT
3.0,8.0,low_friction,0.2,max_gross,165500.0,nominal,0.45,low,3.0,2.9341,2.8837,0.0,0.0,15.52,TIER_1_SAFETY_ZERO_SPEED_HALT
3.0,8.0,low_friction,0.2,max_gross,165500.0,nominal,0.45,medium_site,5.56,2.9352,7.768,0.0,0.0,15.52,TIER_1_SAFETY_ZERO_SPEED_HALT
3.0,8.0,low_friction,0.2,max_gross,165500.0,nominal,0.45,high_max,11.11,2.94,25.9912,0.0,0.0,15.52,TIER_1_SAFETY_ZERO_SPEED_HALT
3.0,8.0,low_friction,0.2,max_gross,165500.0,high_human,1.2,low,3.0,2.9341,5.1337,0.0,0.0,15.52,TIER_1_SAFETY_ZERO_SPEED_HALT
3.0,8.0,low_friction,0.2,max_gross,165500.0,high_human,1.2,medium_site,5.56,2.9352,11.938,0.0,0.0,15.52,TIER_1_SAFETY_ZERO_SPEED_HALT
3.0,8.0,low_friction,0.2,max_gross,165500.0,high_human,1.2,high_max,11.11,2.94,34.3237,0.0,0.0,15.52,TIER_1_SAFETY_ZERO_SPEED_HALT
3.0,5.0,dry_high,0.65,empty,74000.0,low,0.3,low,3.0,7.0554,1.5378,0.0,0.0,15.52,TIER_1_SAFETY_ZERO_SPEED_HALT
3.0,5.0,dry_high,0.65,empty,74000.0,low,0.3,medium_site,5.56,7.058,3.858,0.0,0.0,15.52,TIER_1_SAFETY_ZERO_SPEED_HALT
3.0,5.0,dry_high,0.65,empty,74000.0,low,0.3,high_max,11.11,7.0687,12.0639,0.0,0.0,15.52,TIER_1_SAFETY_ZERO_SPEED_HALT
3.0,5.0,dry_high,0.65,empty,74000.0,nominal,0.45,low,3.0,7.0554,1.9878,0.0,0.0,15.52,TIER_1_SAFETY_ZERO_SPEED_HALT
3.0,5.0,dry_high,0.65,empty,74000.0,nominal,0.45,medium_site,5.56,7.058,4.692,0.0,0.0,15.52,TIER_1_SAFETY_ZERO_SPEED_HALT
3.0,5.0,dry_high,0.65,empty,74000.0,nominal,0.45,high_max,11.11,7.0687,13.7304,0.0,0.0,15.52,TIER_1_SAFETY_ZERO_SPEED_HALT
3.0,5.0,dry_high,0.65,empty,74000.0,high_human,1.2,low,3.0,7.0554,4.2378,0.0,0.0,15.52,TIER_1_SAFETY_ZERO_SPEED_HALT
3.0,5.0,dry_high,0.65,empty,74000.0,high_human,1.2,medium_site,5.56,7.058,8.862,0.0,0.0,15.52,TIER_1_SAFETY_ZERO_SPEED_HALT
3.0,5.0,dry_high,0.65,empty,74000.0,high_human,1.2,high_max,11.11,7.0687,22.0629,0.0,0.0,15.52,TIER_1_SAFETY_ZERO_SPEED_HALT
3.0,5.0,dry_high,0.65,medium,119750.0,low,0.3,low,3.0,5.2794,1.7524,0.0,0.0,15.52,TIER_1_SAFETY_ZERO_SPEED_HALT
3.0,5.0,dry_high,0.65,medium,119750.0,low,0.3,medium_site,5.56,5.281,4.5949,0.0,0.0,15.52,TIER_1_SAFETY_ZERO_SPEED_HALT
3.0,5.0,dry_high,0.65,medium,119750.0,low,0.3,high_max,11.11,5.2876,15.0049,0.0,0.0,15.52,TIER_1_SAFETY_ZERO_SPEED_HALT
3.0,5.0,dry_high,0.65,medium,119750.0,nominal,0.45,low,3.0,5.2794,2.2024,0.0,0.0,15.52,TIER_1_SAFETY_ZERO_SPEED_HALT
3.0,5.0,dry_high,0.65,medium,119750.0,nominal,0.45,medium_site,5.56,5.281,5.4289,0.0,0.0,15.52,TIER_1_SAFETY_ZERO_SPEED_HALT
3.0,5.0,dry_high,0.65,medium,119750.0,nominal,0.45,high_max,11.11,5.2876,16.6714,0.0,0.0,15.52,TIER_1_SAFETY_ZERO_SPEED_HALT
3.0,5.0,dry_high,0.65,medium,119750.0,high_human,1.2,low,3.0,5.2794,4.4524,0.0,0.0,15.52,TIER_1_SAFETY_ZERO_SPEED_HALT
3.0,5.0,dry_high,0.65,medium,119750.0,high_human,1.2,medium_site,5.56,5.281,9.5989,0.0,0.0,15.52,TIER_1_SAFETY_ZERO_SPEED_HALT
3.0,5.0,dry_high,0.65,medium,119750.0,high_human,1.2,high_max,11.11,5.2876,25.0039,0.0,0.0,15.52,TIER_1_SAFETY_ZERO_SPEED_HALT
3.0,5.0,dry_high,0.65,max_gross,165500.0,low,0.3,low,3.0,4.0096,2.0223,0.0,0.0,15.52,TIER_1_SAFETY_ZERO_SPEED_HALT
3.0,5.0,dry_high,0.65,max_gross,165500.0,low,0.3,medium_site,5.56,4.0107,5.5219,0.0,0.0,15.52,TIER_1_SAFETY_ZERO_SPEED_HALT
3.0,5.0,dry_high,0.65,max_gross,165500.0,low,0.3,high_max,11.11,4.0155,18.7025,0.0,0.0,15.52,TIER_1_SAFETY_ZERO_SPEED_HALT
3.0,5.0,dry_high,0.65,max_gross,165500.0,nominal,0.45,low,3.0,4.0096,2.4723,0.0,0.0,15.52,TIER_1_SAFETY_ZERO_SPEED_HALT
3.0,5.0,dry_high,0.65,max_gross,165500.0,nominal,0.45,medium_site,5.56,4.0107,6.3559,0.0,0.0,15.52,TIER_1_SAFETY_ZERO_SPEED_HALT
3.0,5.0,dry_high,0.65,max_gross,165500.0,nominal,0.45,high_max,11.11,4.0155,20.369,0.0,0.0,15.52,TIER_1_SAFETY_ZERO_SPEED_HALT
3.0,5.0,dry_high,0.65,max_gross,165500.0,high_human,1.2,low,3.0,4.0096,4.7223,0.0,0.0,15.52,TIER_1_SAFETY_ZERO_SPEED_HALT
3.0,5.0,dry_high,0.65,max_gross,165500.0,high_human,1.2,medium_site,5.56,4.0107,10.5259,0.0,0.0,15.52,TIER_1_SAFETY_ZERO_SPEED_HALT
3.0,5.0,dry_high,0.65,max_gross,165500.0,high_human,1.2,high_max,11.11,4.0155,28.7015,0.0,0.0,15.52,TIER_1_SAFETY_ZERO_SPEED_HALT
3.0,5.0,moderate,0.45,empty,74000.0,low,0.3,low,3.0,5.0959,1.7831,0.0,0.0,15.52,TIER_1_SAFETY_ZERO_SPEED_HALT
3.0,5.0,moderate,0.45,empty,74000.0,low,0.3,medium_site,5.56,5.0984,4.6997,0.0,0.0,15.52,TIER_1_SAFETY_ZERO_SPEED_HALT
3.0,5.0,moderate,0.45,empty,74000.0,low,0.3,high_max,11.11,5.1091,15.4125,0.0,0.0,15.52,TIER_1_SAFETY_ZERO_SPEED_HALT
3.0,5.0,moderate,0.45,empty,74000.0,nominal,0.45,low,3.0,5.0959,2.2331,0.0,0.0,15.52,TIER_1_SAFETY_ZERO_SPEED_HALT
3.0,5.0,moderate,0.45,empty,74000.0,nominal,0.45,medium_site,5.56,5.0984,5.5337,0.0,0.0,15.52,TIER_1_SAFETY_ZERO_SPEED_HALT
3.0,5.0,moderate,0.45,empty,74000.0,nominal,0.45,high_max,11.11,5.1091,17.079,0.0,0.0,15.52,TIER_1_SAFETY_ZERO_SPEED_HALT
3.0,5.0,moderate,0.45,empty,74000.0,high_human,1.2,low,3.0,5.0959,4.4831,0.0,0.0,15.52,TIER_1_SAFETY_ZERO_SPEED_HALT
3.0,5.0,moderate,0.45,empty,74000.0,high_human,1.2,medium_site,5.56,5.0984,9.7037,0.0,0.0,15.52,TIER_1_SAFETY_ZERO_SPEED_HALT
3.0,5.0,moderate,0.45,empty,74000.0,high_human,1.2,high_max,11.11,5.1091,25.4115,0.0,0.0,15.52,TIER_1_SAFETY_ZERO_SPEED_HALT
3.0,5.0,moderate,0.45,medium,119750.0,low,0.3,low,3.0,5.0955,1.7831,0.0,0.0,15.52,TIER_1_SAFETY_ZERO_SPEED_HALT
3.0,5.0,moderate,0.45,medium,119750.0,low,0.3,medium_site,5.56,5.097,4.7005,0.0,0.0,15.52,TIER_1_SAFETY_ZERO_SPEED_HALT
3.0,5.0,moderate,0.45,medium,119750.0,low,0.3,high_max,11.11,5.1037,15.4255,0.0,0.0,15.52,TIER_1_SAFETY_ZERO_SPEED_HALT
3.0,5.0,moderate,0.45,medium,119750.0,nominal,0.45,low,3.0,5.0955,2.2331,0.0,0.0,15.52,TIER_1_SAFETY_ZERO_SPEED_HALT
3.0,5.0,moderate,0.45,medium,119750.0,nominal,0.45,medium_site,5.56,5.097,5.5345,0.0,0.0,15.52,TIER_1_SAFETY_ZERO_SPEED_HALT
3.0,5.0,moderate,0.45,medium,119750.0,nominal,0.45,high_max,11.11,5.1037,17.092,0.0,0.0,15.52,TIER_1_SAFETY_ZERO_SPEED_HALT
3.0,5.0,moderate,0.45,medium,119750.0,high_human,1.2,low,3.0,5.0955,4.4831,0.0,0.0,15.52,TIER_1_SAFETY_ZERO_SPEED_HALT
3.0,5.0,moderate,0.45,medium,119750.0,high_human,1.2,medium_site,5.56,5.097,9.7045,0.0,0.0,15.52,TIER_1_SAFETY_ZERO_SPEED_HALT
3.0,5.0,moderate,0.45,medium,119750.0,high_human,1.2,high_max,11.11,5.1037,25.4245,0.0,0.0,15.52,TIER_1_SAFETY_ZERO_SPEED_HALT
3.0,5.0,moderate,0.45,max_gross,165500.0,low,0.3,low,3.0,4.0096,2.0223,0.0,0.0,15.52,TIER_1_SAFETY_ZERO_SPEED_HALT
3.0,5.0,moderate,0.45,max_gross,165500.0,low,0.3,medium_site,5.56,4.0107,5.5219,0.0,0.0,15.52,TIER_1_SAFETY_ZERO_SPEED_HALT
3.0,5.0,moderate,0.45,max_gross,165500.0,low,0.3,high_max,11.11,4.0155,18.7025,0.0,0.0,15.52,TIER_1_SAFETY_ZERO_SPEED_HALT
3.0,5.0,moderate,0.45,max_gross,165500.0,nominal,0.45,low,3.0,4.0096,2.4723,0.0,0.0,15.52,TIER_1_SAFETY_ZERO_SPEED_HALT
3.0,5.0,moderate,0.45,max_gross,165500.0,nominal,0.45,medium_site,5.56,4.0107,6.3559,0.0,0.0,15.52,TIER_1_SAFETY_ZERO_SPEED_HALT
3.0,5.0,moderate,0.45,max_gross,165500.0,nominal,0.45,high_max,11.11,4.0155,20.369,0.0,0.0,15.52,TIER_1_SAFETY_ZERO_SPEED_HALT
3.0,5.0,moderate,0.45,max_gross,165500.0,high_human,1.2,low,3.0,4.0096,4.7223,0.0,0.0,15.52,TIER_1_SAFETY_ZERO_SPEED_HALT
3.0,5.0,moderate,0.45,max_gross,165500.0,high_human,1.2,medium_site,5.56,4.0107,10.5259,0.0,0.0,15.52,TIER_1_SAFETY_ZERO_SPEED_HALT
3.0,5.0,moderate,0.45,max_gross,165500.0,high_human,1.2,high_max,11.11,4.0155,28.7015,0.0,0.0,15.52,TIER_1_SAFETY_ZERO_SPEED_HALT
3.0,5.0,wet,0.35,empty,74000.0,low,0.3,low,3.0,4.1161,1.9933,0.0,0.0,15.52,TIER_1_SAFETY_ZERO_SPEED_HALT
3.0,5.0,wet,0.35,empty,74000.0,low,0.3,medium_site,5.56,4.1186,5.4209,0.0,0.0,15.52,TIER_1_SAFETY_ZERO_SPEED_HALT
3.0,5.0,wet,0.35,empty,74000.0,low,0.3,high_max,11.11,4.1294,18.2787,0.0,0.0,15.52,TIER_1_SAFETY_ZERO_SPEED_HALT
3.0,5.0,wet,0.35,empty,74000.0,nominal,0.45,low,3.0,4.1161,2.4433,0.0,0.0,15.52,TIER_1_SAFETY_ZERO_SPEED_HALT
3.0,5.0,wet,0.35,empty,74000.0,nominal,0.45,medium_site,5.56,4.1186,6.2549,0.0,0.0,15.52,TIER_1_SAFETY_ZERO_SPEED_HALT
3.0,5.0,wet,0.35,empty,74000.0,nominal,0.45,high_max,11.11,4.1294,19.9452,0.0,0.0,15.52,TIER_1_SAFETY_ZERO_SPEED_HALT
3.0,5.0,wet,0.35,empty,74000.0,high_human,1.2,low,3.0,4.1161,4.6933,0.0,0.0,15.52,TIER_1_SAFETY_ZERO_SPEED_HALT
3.0,5.0,wet,0.35,empty,74000.0,high_human,1.2,medium_site,5.56,4.1186,10.4249,0.0,0.0,15.52,TIER_1_SAFETY_ZERO_SPEED_HALT
3.0,5.0,wet,0.35,empty,74000.0,high_human,1.2,high_max,11.11,4.1294,28.2777,0.0,0.0,15.52,TIER_1_SAFETY_ZERO_SPEED_HALT
3.0,5.0,wet,0.35,medium,119750.0,low,0.3,low,3.0,4.1157,1.9934,0.0,0.0,15.52,TIER_1_SAFETY_ZERO_SPEED_HALT
3.0,5.0,wet,0.35,medium,119750.0,low,0.3,medium_site,5.56,4.1173,5.4221,0.0,0.0,15.52,TIER_1_SAFETY_ZERO_SPEED_HALT
3.0,5.0,wet,0.35,medium,119750.0,low,0.3,high_max,11.11,4.1239,18.2985,0.0,0.0,15.52,TIER_1_SAFETY_ZERO_SPEED_HALT
3.0,5.0,wet,0.35,medium,119750.0,nominal,0.45,low,3.0,4.1157,2.4434,0.0,0.0,15.52,TIER_1_SAFETY_ZERO_SPEED_HALT
3.0,5.0,wet,0.35,medium,119750.0,nominal,0.45,medium_site,5.56,4.1173,6.2561,0.0,0.0,15.52,TIER_1_SAFETY_ZERO_SPEED_HALT
3.0,5.0,wet,0.35,medium,119750.0,nominal,0.45,high_max,11.11,4.1239,19.965,0.0,0.0,15.52,TIER_1_SAFETY_ZERO_SPEED_HALT
3.0,5.0,wet,0.35,medium,119750.0,high_human,1.2,low,3.0,4.1157,4.6934,0.0,0.0,15.52,TIER_1_SAFETY_ZERO_SPEED_HALT
3.0,5.0,wet,0.35,medium,119750.0,high_human,1.2,medium_site,5.56,4.1173,10.4261,0.0,0.0,15.52,TIER_1_SAFETY_ZERO_SPEED_HALT
3.0,5.0,wet,0.35,medium,119750.0,high_human,1.2,high_max,11.11,4.1239,28.2975,0.0,0.0,15.52,TIER_1_SAFETY_ZERO_SPEED_HALT
3.0,5.0,wet,0.35,max_gross,165500.0,low,0.3,low,3.0,4.0096,2.0223,0.0,0.0,15.52,TIER_1_SAFETY_ZERO_SPEED_HALT
3.0,5.0,wet,0.35,max_gross,165500.0,low,0.3,medium_site,5.56,4.0107,5.5219,0.0,0.0,15.52,TIER_1_SAFETY_ZERO_SPEED_HALT
3.0,5.0,wet,0.35,max_gross,165500.0,low,0.3,high_max,11.11,4.0155,18.7025,0.0,0.0,15.52,TIER_1_SAFETY_ZERO_SPEED_HALT
3.0,5.0,wet,0.35,max_gross,165500.0,nominal,0.45,low,3.0,4.0096,2.4723,0.0,0.0,15.52,TIER_1_SAFETY_ZERO_SPEED_HALT
3.0,5.0,wet,0.35,max_gross,165500.0,nominal,0.45,medium_site,5.56,4.0107,6.3559,0.0,0.0,15.52,TIER_1_SAFETY_ZERO_SPEED_HALT
3.0,5.0,wet,0.35,max_gross,165500.0,nominal,0.45,high_max,11.11,4.0155,20.369,0.0,0.0,15.52,TIER_1_SAFETY_ZERO_SPEED_HALT
3.0,5.0,wet,0.35,max_gross,165500.0,high_human,1.2,low,3.0,4.0096,4.7223,0.0,0.0,15.52,TIER_1_SAFETY_ZERO_SPEED_HALT
3.0,5.0,wet,0.35,max_gross,165500.0,high_human,1.2,medium_site,5.56,4.0107,10.5259,0.0,0.0,15.52,TIER_1_SAFETY_ZERO_SPEED_HALT
3.0,5.0,wet,0.35,max_gross,165500.0,high_human,1.2,high_max,11.11,4.0155,28.7015,0.0,0.0,15.52,TIER_1_SAFETY_ZERO_SPEED_HALT
3.0,5.0,low_friction,0.2,empty,74000.0,low,0.3,low,3.0,2.6464,2.6004,0.0,0.0,15.52,TIER_1_SAFETY_ZERO_SPEED_HALT
3.0,5.0,low_friction,0.2,empty,74000.0,low,0.3,medium_site,5.56,2.649,7.503,0.0,0.0,15.52,TIER_1_SAFETY_ZERO_SPEED_HALT
3.0,5.0,low_friction,0.2,empty,74000.0,low,0.3,high_max,11.11,2.6597,26.5372,0.0,0.0,15.52,TIER_1_SAFETY_ZERO_SPEED_HALT
3.0,5.0,low_friction,0.2,empty,74000.0,nominal,0.45,low,3.0,2.6464,3.0504,0.0,0.0,15.52,TIER_1_SAFETY_ZERO_SPEED_HALT
3.0,5.0,low_friction,0.2,empty,74000.0,nominal,0.45,medium_site,5.56,2.649,8.337,0.0,0.0,15.52,TIER_1_SAFETY_ZERO_SPEED_HALT
3.0,5.0,low_friction,0.2,empty,74000.0,nominal,0.45,high_max,11.11,2.6597,28.2037,0.0,0.0,15.52,TIER_1_SAFETY_ZERO_SPEED_HALT
3.0,5.0,low_friction,0.2,empty,74000.0,high_human,1.2,low,3.0,2.6464,5.3004,0.0,0.0,15.52,TIER_1_SAFETY_ZERO_SPEED_HALT
3.0,5.0,low_friction,0.2,empty,74000.0,high_human,1.2,medium_site,5.56,2.649,12.507,0.0,0.0,15.52,TIER_1_SAFETY_ZERO_SPEED_HALT
3.0,5.0,low_friction,0.2,empty,74000.0,high_human,1.2,high_max,11.11,2.6597,36.5362,0.0,0.0,15.52,TIER_1_SAFETY_ZERO_SPEED_HALT
3.0,5.0,low_friction,0.2,medium,119750.0,low,0.3,low,3.0,2.646,2.6007,0.0,0.0,15.52,TIER_1_SAFETY_ZERO_SPEED_HALT
3.0,5.0,low_friction,0.2,medium,119750.0,low,0.3,medium_site,5.56,2.6476,7.506,0.0,0.0,15.52,TIER_1_SAFETY_ZERO_SPEED_HALT
3.0,5.0,low_friction,0.2,medium,119750.0,low,0.3,high_max,11.11,2.6542,26.5849,0.0,0.0,15.52,TIER_1_SAFETY_ZERO_SPEED_HALT
3.0,5.0,low_friction,0.2,medium,119750.0,nominal,0.45,low,3.0,2.646,3.0507,0.0,0.0,15.52,TIER_1_SAFETY_ZERO_SPEED_HALT
3.0,5.0,low_friction,0.2,medium,119750.0,nominal,0.45,medium_site,5.56,2.6476,8.34,0.0,0.0,15.52,TIER_1_SAFETY_ZERO_SPEED_HALT
3.0,5.0,low_friction,0.2,medium,119750.0,nominal,0.45,high_max,11.11,2.6542,28.2514,0.0,0.0,15.52,TIER_1_SAFETY_ZERO_SPEED_HALT
3.0,5.0,low_friction,0.2,medium,119750.0,high_human,1.2,low,3.0,2.646,5.3007,0.0,0.0,15.52,TIER_1_SAFETY_ZERO_SPEED_HALT
3.0,5.0,low_friction,0.2,medium,119750.0,high_human,1.2,medium_site,5.56,2.6476,12.51,0.0,0.0,15.52,TIER_1_SAFETY_ZERO_SPEED_HALT
3.0,5.0,low_friction,0.2,medium,119750.0,high_human,1.2,high_max,11.11,2.6542,36.5839,0.0,0.0,15.52,TIER_1_SAFETY_ZERO_SPEED_HALT
3.0,5.0,low_friction,0.2,max_gross,165500.0,low,0.3,low,3.0,2.6459,2.6008,0.0,0.0,15.52,TIER_1_SAFETY_ZERO_SPEED_HALT
3.0,5.0,low_friction,0.2,max_gross,165500.0,low,0.3,medium_site,5.56,2.647,7.5074,0.0,0.0,15.52,TIER_1_SAFETY_ZERO_SPEED_HALT
3.0,5.0,low_friction,0.2,max_gross,165500.0,low,0.3,high_max,11.11,2.6518,26.6063,0.0,0.0,15.52,TIER_1_SAFETY_ZERO_SPEED_HALT
3.0,5.0,low_friction,0.2,max_gross,165500.0,nominal,0.45,low,3.0,2.6459,3.0508,0.0,0.0,15.52,TIER_1_SAFETY_ZERO_SPEED_HALT
3.0,5.0,low_friction,0.2,max_gross,165500.0,nominal,0.45,medium_site,5.56,2.647,8.3414,0.0,0.0,15.52,TIER_1_SAFETY_ZERO_SPEED_HALT
3.0,5.0,low_friction,0.2,max_gross,165500.0,nominal,0.45,high_max,11.11,2.6518,28.2728,0.0,0.0,15.52,TIER_1_SAFETY_ZERO_SPEED_HALT
3.0,5.0,low_friction,0.2,max_gross,165500.0,high_human,1.2,low,3.0,2.6459,5.3008,0.0,0.0,15.52,TIER_1_SAFETY_ZERO_SPEED_HALT
3.0,5.0,low_friction,0.2,max_gross,165500.0,high_human,1.2,medium_site,5.56,2.647,12.5114,0.0,0.0,15.52,TIER_1_SAFETY_ZERO_SPEED_HALT
3.0,5.0,low_friction,0.2,max_gross,165500.0,high_human,1.2,high_max,11.11,2.6518,36.6053,0.0,0.0,15.52,TIER_1_SAFETY_ZERO_SPEED_HALT
3.0,0.0,dry_high,0.65,empty,74000.0,low,0.3,low,3.0,6.5737,1.5845,0.0,0.0,15.52,TIER_1_SAFETY_ZERO_SPEED_HALT
3.0,0.0,dry_high,0.65,empty,74000.0,low,0.3,medium_site,5.56,6.5763,4.0184,0.0,0.0,15.52,TIER_1_SAFETY_ZERO_SPEED_HALT
3.0,0.0,dry_high,0.65,empty,74000.0,low,0.3,high_max,11.11,6.587,12.7024,0.0,0.0,15.52,TIER_1_SAFETY_ZERO_SPEED_HALT
3.0,0.0,dry_high,0.65,empty,74000.0,nominal,0.45,low,3.0,6.5737,2.0345,0.0,0.0,15.52,TIER_1_SAFETY_ZERO_SPEED_HALT
3.0,0.0,dry_high,0.65,empty,74000.0,nominal,0.45,medium_site,5.56,6.5763,4.8524,0.0,0.0,15.52,TIER_1_SAFETY_ZERO_SPEED_HALT
3.0,0.0,dry_high,0.65,empty,74000.0,nominal,0.45,high_max,11.11,6.587,14.3689,0.0,0.0,15.52,TIER_1_SAFETY_ZERO_SPEED_HALT
3.0,0.0,dry_high,0.65,empty,74000.0,high_human,1.2,low,3.0,6.5737,4.2845,0.0,0.0,15.52,TIER_1_SAFETY_ZERO_SPEED_HALT
3.0,0.0,dry_high,0.65,empty,74000.0,high_human,1.2,medium_site,5.56,6.5763,9.0224,0.0,0.0,15.52,TIER_1_SAFETY_ZERO_SPEED_HALT
3.0,0.0,dry_high,0.65,empty,74000.0,high_human,1.2,high_max,11.11,6.587,22.7014,0.0,0.0,15.52,TIER_1_SAFETY_ZERO_SPEED_HALT
3.0,0.0,dry_high,0.65,medium,119750.0,low,0.3,low,3.0,4.7897,1.8395,0.0,0.0,15.52,TIER_1_SAFETY_ZERO_SPEED_HALT
3.0,0.0,dry_high,0.65,medium,119750.0,low,0.3,medium_site,5.56,4.7913,4.894,0.0,0.0,15.52,TIER_1_SAFETY_ZERO_SPEED_HALT
3.0,0.0,dry_high,0.65,medium,119750.0,low,0.3,high_max,11.11,4.7979,16.196,0.0,0.0,15.52,TIER_1_SAFETY_ZERO_SPEED_HALT
3.0,0.0,dry_high,0.65,medium,119750.0,nominal,0.45,low,3.0,4.7897,2.2895,0.0,0.0,15.52,TIER_1_SAFETY_ZERO_SPEED_HALT
3.0,0.0,dry_high,0.65,medium,119750.0,nominal,0.45,medium_site,5.56,4.7913,5.728,0.0,0.0,15.52,TIER_1_SAFETY_ZERO_SPEED_HALT
3.0,0.0,dry_high,0.65,medium,119750.0,nominal,0.45,high_max,11.11,4.7979,17.8625,0.0,0.0,15.52,TIER_1_SAFETY_ZERO_SPEED_HALT
3.0,0.0,dry_high,0.65,medium,119750.0,high_human,1.2,low,3.0,4.7897,4.5395,0.0,0.0,15.52,TIER_1_SAFETY_ZERO_SPEED_HALT
3.0,0.0,dry_high,0.65,medium,119750.0,high_human,1.2,medium_site,5.56,4.7913,9.898,0.0,0.0,15.52,TIER_1_SAFETY_ZERO_SPEED_HALT
3.0,0.0,dry_high,0.65,medium,119750.0,high_human,1.2,high_max,11.11,4.7979,26.195,0.0,0.0,15.52,TIER_1_SAFETY_ZERO_SPEED_HALT
3.0,0.0,dry_high,0.65,max_gross,165500.0,low,0.3,low,3.0,3.5199,2.1784,0.0,0.0,15.52,TIER_1_SAFETY_ZERO_SPEED_HALT
3.0,0.0,dry_high,0.65,max_gross,165500.0,low,0.3,medium_site,5.56,3.5211,6.0578,0.0,0.0,15.52,TIER_1_SAFETY_ZERO_SPEED_HALT
3.0,0.0,dry_high,0.65,max_gross,165500.0,low,0.3,high_max,11.11,3.5259,20.8368,0.0,0.0,15.52,TIER_1_SAFETY_ZERO_SPEED_HALT
3.0,0.0,dry_high,0.65,max_gross,165500.0,nominal,0.45,low,3.0,3.5199,2.6284,0.0,0.0,15.52,TIER_1_SAFETY_ZERO_SPEED_HALT
3.0,0.0,dry_high,0.65,max_gross,165500.0,nominal,0.45,medium_site,5.56,3.5211,6.8918,0.0,0.0,15.52,TIER_1_SAFETY_ZERO_SPEED_HALT
3.0,0.0,dry_high,0.65,max_gross,165500.0,nominal,0.45,high_max,11.11,3.5259,22.5033,0.0,0.0,15.52,TIER_1_SAFETY_ZERO_SPEED_HALT
3.0,0.0,dry_high,0.65,max_gross,165500.0,high_human,1.2,low,3.0,3.5199,4.8784,0.0,0.0,15.52,TIER_1_SAFETY_ZERO_SPEED_HALT
3.0,0.0,dry_high,0.65,max_gross,165500.0,high_human,1.2,medium_site,5.56,3.5211,11.0618,0.0,0.0,15.52,TIER_1_SAFETY_ZERO_SPEED_HALT
3.0,0.0,dry_high,0.65,max_gross,165500.0,high_human,1.2,high_max,11.11,3.5259,30.8358,0.0,0.0,15.52,TIER_1_SAFETY_ZERO_SPEED_HALT
3.0,0.0,moderate,0.45,empty,74000.0,low,0.3,low,3.0,4.6117,1.8758,0.0,0.0,15.52,TIER_1_SAFETY_ZERO_SPEED_HALT
3.0,0.0,moderate,0.45,empty,74000.0,low,0.3,medium_site,5.56,4.6143,5.0178,0.0,0.0,15.52,TIER_1_SAFETY_ZERO_SPEED_HALT
3.0,0.0,moderate,0.45,empty,74000.0,low,0.3,high_max,11.11,4.625,16.677,0.0,0.0,15.52,TIER_1_SAFETY_ZERO_SPEED_HALT
3.0,0.0,moderate,0.45,empty,74000.0,nominal,0.45,low,3.0,4.6117,2.3258,0.0,0.0,15.52,TIER_1_SAFETY_ZERO_SPEED_HALT
3.0,0.0,moderate,0.45,empty,74000.0,nominal,0.45,medium_site,5.56,4.6143,5.8518,0.0,0.0,15.52,TIER_1_SAFETY_ZERO_SPEED_HALT
3.0,0.0,moderate,0.45,empty,74000.0,nominal,0.45,high_max,11.11,4.625,18.3435,0.0,0.0,15.52,TIER_1_SAFETY_ZERO_SPEED_HALT
3.0,0.0,moderate,0.45,empty,74000.0,high_human,1.2,low,3.0,4.6117,4.5758,0.0,0.0,15.52,TIER_1_SAFETY_ZERO_SPEED_HALT
3.0,0.0,moderate,0.45,empty,74000.0,high_human,1.2,medium_site,5.56,4.6143,10.0218,0.0,0.0,15.52,TIER_1_SAFETY_ZERO_SPEED_HALT
3.0,0.0,moderate,0.45,empty,74000.0,high_human,1.2,high_max,11.11,4.625,26.676,0.0,0.0,15.52,TIER_1_SAFETY_ZERO_SPEED_HALT
3.0,0.0,moderate,0.45,medium,119750.0,low,0.3,low,3.0,4.6113,1.8759,0.0,0.0,15.52,TIER_1_SAFETY_ZERO_SPEED_HALT
3.0,0.0,moderate,0.45,medium,119750.0,low,0.3,medium_site,5.56,4.6129,5.0188,0.0,0.0,15.52,TIER_1_SAFETY_ZERO_SPEED_HALT
3.0,0.0,moderate,0.45,medium,119750.0,low,0.3,high_max,11.11,4.6195,16.6928,0.0,0.0,15.52,TIER_1_SAFETY_ZERO_SPEED_HALT
3.0,0.0,moderate,0.45,medium,119750.0,nominal,0.45,low,3.0,4.6113,2.3259,0.0,0.0,15.52,TIER_1_SAFETY_ZERO_SPEED_HALT
3.0,0.0,moderate,0.45,medium,119750.0,nominal,0.45,medium_site,5.56,4.6129,5.8528,0.0,0.0,15.52,TIER_1_SAFETY_ZERO_SPEED_HALT
3.0,0.0,moderate,0.45,medium,119750.0,nominal,0.45,high_max,11.11,4.6195,18.3593,0.0,0.0,15.52,TIER_1_SAFETY_ZERO_SPEED_HALT
3.0,0.0,moderate,0.45,medium,119750.0,high_human,1.2,low,3.0,4.6113,4.5759,0.0,0.0,15.52,TIER_1_SAFETY_ZERO_SPEED_HALT
3.0,0.0,moderate,0.45,medium,119750.0,high_human,1.2,medium_site,5.56,4.6129,10.0228,0.0,0.0,15.52,TIER_1_SAFETY_ZERO_SPEED_HALT
3.0,0.0,moderate,0.45,medium,119750.0,high_human,1.2,high_max,11.11,4.6195,26.6918,0.0,0.0,15.52,TIER_1_SAFETY_ZERO_SPEED_HALT
3.0,0.0,moderate,0.45,max_gross,165500.0,low,0.3,low,3.0,3.5199,2.1784,0.0,0.0,15.52,TIER_1_SAFETY_ZERO_SPEED_HALT
3.0,0.0,moderate,0.45,max_gross,165500.0,low,0.3,medium_site,5.56,3.5211,6.0578,0.0,0.0,15.52,TIER_1_SAFETY_ZERO_SPEED_HALT
3.0,0.0,moderate,0.45,max_gross,165500.0,low,0.3,high_max,11.11,3.5259,20.8368,0.0,0.0,15.52,TIER_1_SAFETY_ZERO_SPEED_HALT
3.0,0.0,moderate,0.45,max_gross,165500.0,nominal,0.45,low,3.0,3.5199,2.6284,0.0,0.0,15.52,TIER_1_SAFETY_ZERO_SPEED_HALT
3.0,0.0,moderate,0.45,max_gross,165500.0,nominal,0.45,medium_site,5.56,3.5211,6.8918,0.0,0.0,15.52,TIER_1_SAFETY_ZERO_SPEED_HALT
3.0,0.0,moderate,0.45,max_gross,165500.0,nominal,0.45,high_max,11.11,3.5259,22.5033,0.0,0.0,15.52,TIER_1_SAFETY_ZERO_SPEED_HALT
3.0,0.0,moderate,0.45,max_gross,165500.0,high_human,1.2,low,3.0,3.5199,4.8784,0.0,0.0,15.52,TIER_1_SAFETY_ZERO_SPEED_HALT
3.0,0.0,moderate,0.45,max_gross,165500.0,high_human,1.2,medium_site,5.56,3.5211,11.0618,0.0,0.0,15.52,TIER_1_SAFETY_ZERO_SPEED_HALT
3.0,0.0,moderate,0.45,max_gross,165500.0,high_human,1.2,high_max,11.11,3.5259,30.8358,0.0,0.0,15.52,TIER_1_SAFETY_ZERO_SPEED_HALT
3.0,0.0,wet,0.35,empty,74000.0,low,0.3,low,3.0,3.6307,2.1394,0.0,0.0,15.52,TIER_1_SAFETY_ZERO_SPEED_HALT
3.0,0.0,wet,0.35,empty,74000.0,low,0.3,medium_site,5.56,3.6333,5.9222,0.0,0.0,15.52,TIER_1_SAFETY_ZERO_SPEED_HALT
3.0,0.0,wet,0.35,empty,74000.0,low,0.3,high_max,11.11,3.644,20.2693,0.0,0.0,15.52,TIER_1_SAFETY_ZERO_SPEED_HALT
3.0,0.0,wet,0.35,empty,74000.0,nominal,0.45,low,3.0,3.6307,2.5894,0.0,0.0,15.52,TIER_1_SAFETY_ZERO_SPEED_HALT
3.0,0.0,wet,0.35,empty,74000.0,nominal,0.45,medium_site,5.56,3.6333,6.7562,0.0,0.0,15.52,TIER_1_SAFETY_ZERO_SPEED_HALT
3.0,0.0,wet,0.35,empty,74000.0,nominal,0.45,high_max,11.11,3.644,21.9358,0.0,0.0,15.52,TIER_1_SAFETY_ZERO_SPEED_HALT
3.0,0.0,wet,0.35,empty,74000.0,high_human,1.2,low,3.0,3.6307,4.8394,0.0,0.0,15.52,TIER_1_SAFETY_ZERO_SPEED_HALT
3.0,0.0,wet,0.35,empty,74000.0,high_human,1.2,medium_site,5.56,3.6333,10.9262,0.0,0.0,15.52,TIER_1_SAFETY_ZERO_SPEED_HALT
3.0,0.0,wet,0.35,empty,74000.0,high_human,1.2,high_max,11.11,3.644,30.2683,0.0,0.0,15.52,TIER_1_SAFETY_ZERO_SPEED_HALT
3.0,0.0,wet,0.35,medium,119750.0,low,0.3,low,3.0,3.6303,2.1396,0.0,0.0,15.52,TIER_1_SAFETY_ZERO_SPEED_HALT
3.0,0.0,wet,0.35,medium,119750.0,low,0.3,medium_site,5.56,3.6319,5.9238,0.0,0.0,15.52,TIER_1_SAFETY_ZERO_SPEED_HALT
3.0,0.0,wet,0.35,medium,119750.0,low,0.3,high_max,11.11,3.6385,20.2948,0.0,0.0,15.52,TIER_1_SAFETY_ZERO_SPEED_HALT
3.0,0.0,wet,0.35,medium,119750.0,nominal,0.45,low,3.0,3.6303,2.5896,0.0,0.0,15.52,TIER_1_SAFETY_ZERO_SPEED_HALT
3.0,0.0,wet,0.35,medium,119750.0,nominal,0.45,medium_site,5.56,3.6319,6.7578,0.0,0.0,15.52,TIER_1_SAFETY_ZERO_SPEED_HALT
3.0,0.0,wet,0.35,medium,119750.0,nominal,0.45,high_max,11.11,3.6385,21.9613,0.0,0.0,15.52,TIER_1_SAFETY_ZERO_SPEED_HALT
3.0,0.0,wet,0.35,medium,119750.0,high_human,1.2,low,3.0,3.6303,4.8396,0.0,0.0,15.52,TIER_1_SAFETY_ZERO_SPEED_HALT
3.0,0.0,wet,0.35,medium,119750.0,high_human,1.2,medium_site,5.56,3.6319,10.9278,0.0,0.0,15.52,TIER_1_SAFETY_ZERO_SPEED_HALT
3.0,0.0,wet,0.35,medium,119750.0,high_human,1.2,high_max,11.11,3.6385,30.2938,0.0,0.0,15.52,TIER_1_SAFETY_ZERO_SPEED_HALT
3.0,0.0,wet,0.35,max_gross,165500.0,low,0.3,low,3.0,3.5199,2.1784,0.0,0.0,15.52,TIER_1_SAFETY_ZERO_SPEED_HALT
3.0,0.0,wet,0.35,max_gross,165500.0,low,0.3,medium_site,5.56,3.5211,6.0578,0.0,0.0,15.52,TIER_1_SAFETY_ZERO_SPEED_HALT
3.0,0.0,wet,0.35,max_gross,165500.0,low,0.3,high_max,11.11,3.5259,20.8368,0.0,0.0,15.52,TIER_1_SAFETY_ZERO_SPEED_HALT
3.0,0.0,wet,0.35,max_gross,165500.0,nominal,0.45,low,3.0,3.5199,2.6284,0.0,0.0,15.52,TIER_1_SAFETY_ZERO_SPEED_HALT
3.0,0.0,wet,0.35,max_gross,165500.0,nominal,0.45,medium_site,5.56,3.5211,6.8918,0.0,0.0,15.52,TIER_1_SAFETY_ZERO_SPEED_HALT
3.0,0.0,wet,0.35,max_gross,165500.0,nominal,0.45,high_max,11.11,3.5259,22.5033,0.0,0.0,15.52,TIER_1_SAFETY_ZERO_SPEED_HALT
3.0,0.0,wet,0.35,max_gross,165500.0,high_human,1.2,low,3.0,3.5199,4.8784,0.0,0.0,15.52,TIER_1_SAFETY_ZERO_SPEED_HALT
3.0,0.0,wet,0.35,max_gross,165500.0,high_human,1.2,medium_site,5.56,3.5211,11.0618,0.0,0.0,15.52,TIER_1_SAFETY_ZERO_SPEED_HALT
3.0,0.0,wet,0.35,max_gross,165500.0,high_human,1.2,high_max,11.11,3.5259,30.8358,0.0,0.0,15.52,TIER_1_SAFETY_ZERO_SPEED_HALT
3.0,0.0,low_friction,0.2,empty,74000.0,low,0.3,low,3.0,2.1592,2.9841,0.0,0.0,15.52,TIER_1_SAFETY_ZERO_SPEED_HALT
3.0,0.0,low_friction,0.2,empty,74000.0,low,0.3,medium_site,5.56,2.1618,8.818,0.0,0.0,15.52,TIER_1_SAFETY_ZERO_SPEED_HALT
3.0,0.0,low_friction,0.2,empty,74000.0,low,0.3,high_max,11.11,2.1725,31.7408,0.0,0.0,15.52,TIER_1_SAFETY_ZERO_SPEED_HALT
3.0,0.0,low_friction,0.2,empty,74000.0,nominal,0.45,low,3.0,2.1592,3.4341,0.0,0.0,15.52,TIER_1_SAFETY_ZERO_SPEED_HALT
3.0,0.0,low_friction,0.2,empty,74000.0,nominal,0.45,medium_site,5.56,2.1618,9.652,0.0,0.0,15.52,TIER_1_SAFETY_ZERO_SPEED_HALT
3.0,0.0,low_friction,0.2,empty,74000.0,nominal,0.45,high_max,11.11,2.1725,33.4073,0.0,0.0,15.52,TIER_1_SAFETY_ZERO_SPEED_HALT
3.0,0.0,low_friction,0.2,empty,74000.0,high_human,1.2,low,3.0,2.1592,5.6841,0.0,0.0,15.52,TIER_1_SAFETY_ZERO_SPEED_HALT
3.0,0.0,low_friction,0.2,empty,74000.0,high_human,1.2,medium_site,5.56,2.1618,13.822,0.0,0.0,15.52,TIER_1_SAFETY_ZERO_SPEED_HALT
3.0,0.0,low_friction,0.2,empty,74000.0,high_human,1.2,high_max,11.11,2.1725,41.7398,0.0,0.0,15.52,TIER_1_SAFETY_ZERO_SPEED_HALT
3.0,0.0,low_friction,0.2,medium,119750.0,low,0.3,low,3.0,2.1588,2.9844,0.0,0.0,15.52,TIER_1_SAFETY_ZERO_SPEED_HALT
3.0,0.0,low_friction,0.2,medium,119750.0,low,0.3,medium_site,5.56,2.1604,8.8226,0.0,0.0,15.52,TIER_1_SAFETY_ZERO_SPEED_HALT
3.0,0.0,low_friction,0.2,medium,119750.0,low,0.3,high_max,11.11,2.167,31.8124,0.0,0.0,15.52,TIER_1_SAFETY_ZERO_SPEED_HALT
3.0,0.0,low_friction,0.2,medium,119750.0,nominal,0.45,low,3.0,2.1588,3.4344,0.0,0.0,15.52,TIER_1_SAFETY_ZERO_SPEED_HALT
3.0,0.0,low_friction,0.2,medium,119750.0,nominal,0.45,medium_site,5.56,2.1604,9.6566,0.0,0.0,15.52,TIER_1_SAFETY_ZERO_SPEED_HALT
3.0,0.0,low_friction,0.2,medium,119750.0,nominal,0.45,high_max,11.11,2.167,33.4789,0.0,0.0,15.52,TIER_1_SAFETY_ZERO_SPEED_HALT
3.0,0.0,low_friction,0.2,medium,119750.0,high_human,1.2,low,3.0,2.1588,5.6844,0.0,0.0,15.52,TIER_1_SAFETY_ZERO_SPEED_HALT
3.0,0.0,low_friction,0.2,medium,119750.0,high_human,1.2,medium_site,5.56,2.1604,13.8266,0.0,0.0,15.52,TIER_1_SAFETY_ZERO_SPEED_HALT
3.0,0.0,low_friction,0.2,medium,119750.0,high_human,1.2,high_max,11.11,2.167,41.8114,0.0,0.0,15.52,TIER_1_SAFETY_ZERO_SPEED_HALT
3.0,0.0,low_friction,0.2,max_gross,165500.0,low,0.3,low,3.0,2.1587,2.9846,0.0,0.0,15.52,TIER_1_SAFETY_ZERO_SPEED_HALT
3.0,0.0,low_friction,0.2,max_gross,165500.0,low,0.3,medium_site,5.56,2.1598,8.8246,0.0,0.0,15.52,TIER_1_SAFETY_ZERO_SPEED_HALT
3.0,0.0,low_friction,0.2,max_gross,165500.0,low,0.3,high_max,11.11,2.1646,31.8446,0.0,0.0,15.52,TIER_1_SAFETY_ZERO_SPEED_HALT
3.0,0.0,low_friction,0.2,max_gross,165500.0,nominal,0.45,low,3.0,2.1587,3.4346,0.0,0.0,15.52,TIER_1_SAFETY_ZERO_SPEED_HALT
3.0,0.0,low_friction,0.2,max_gross,165500.0,nominal,0.45,medium_site,5.56,2.1598,9.6586,0.0,0.0,15.52,TIER_1_SAFETY_ZERO_SPEED_HALT
3.0,0.0,low_friction,0.2,max_gross,165500.0,nominal,0.45,high_max,11.11,2.1646,33.5111,0.0,0.0,15.52,TIER_1_SAFETY_ZERO_SPEED_HALT
3.0,0.0,low_friction,0.2,max_gross,165500.0,high_human,1.2,low,3.0,2.1587,5.6846,0.0,0.0,15.52,TIER_1_SAFETY_ZERO_SPEED_HALT
3.0,0.0,low_friction,0.2,max_gross,165500.0,high_human,1.2,medium_site,5.56,2.1598,13.8286,0.0,0.0,15.52,TIER_1_SAFETY_ZERO_SPEED_HALT
3.0,0.0,low_friction,0.2,max_gross,165500.0,high_human,1.2,high_max,11.11,2.1646,41.8436,0.0,0.0,15.52,TIER_1_SAFETY_ZERO_SPEED_HALT
3.0,-5.0,dry_high,0.65,empty,74000.0,low,0.3,low,3.0,6.0757,1.6407,0.0,0.0,15.52,TIER_1_SAFETY_ZERO_SPEED_HALT
3.0,-5.0,dry_high,0.65,empty,74000.0,low,0.3,medium_site,5.56,6.0782,4.211,0.0,0.0,15.52,TIER_1_SAFETY_ZERO_SPEED_HALT
3.0,-5.0,dry_high,0.65,empty,74000.0,low,0.3,high_max,11.11,6.0889,13.4688,0.0,0.0,15.52,TIER_1_SAFETY_ZERO_SPEED_HALT
3.0,-5.0,dry_high,0.65,empty,74000.0,nominal,0.45,low,3.0,6.0757,2.0907,0.0,0.0,15.52,TIER_1_SAFETY_ZERO_SPEED_HALT
3.0,-5.0,dry_high,0.65,empty,74000.0,nominal,0.45,medium_site,5.56,6.0782,5.045,0.0,0.0,15.52,TIER_1_SAFETY_ZERO_SPEED_HALT
3.0,-5.0,dry_high,0.65,empty,74000.0,nominal,0.45,high_max,11.11,6.0889,15.1353,0.0,0.0,15.52,TIER_1_SAFETY_ZERO_SPEED_HALT
3.0,-5.0,dry_high,0.65,empty,74000.0,high_human,1.2,low,3.0,6.0757,4.3407,0.0,0.0,15.52,TIER_1_SAFETY_ZERO_SPEED_HALT
3.0,-5.0,dry_high,0.65,empty,74000.0,high_human,1.2,medium_site,5.56,6.0782,9.215,0.0,0.0,15.52,TIER_1_SAFETY_ZERO_SPEED_HALT
3.0,-5.0,dry_high,0.65,empty,74000.0,high_human,1.2,high_max,11.11,6.0889,23.4678,0.0,0.0,15.52,TIER_1_SAFETY_ZERO_SPEED_HALT
3.0,-5.0,dry_high,0.65,medium,119750.0,low,0.3,low,3.0,4.2996,1.9466,0.0,0.0,15.52,TIER_1_SAFETY_ZERO_SPEED_HALT
3.0,-5.0,dry_high,0.65,medium,119750.0,low,0.3,medium_site,5.56,4.3012,5.2616,0.0,0.0,15.52,TIER_1_SAFETY_ZERO_SPEED_HALT
3.0,-5.0,dry_high,0.65,medium,119750.0,low,0.3,high_max,11.11,4.3078,17.6596,0.0,0.0,15.52,TIER_1_SAFETY_ZERO_SPEED_HALT
3.0,-5.0,dry_high,0.65,medium,119750.0,nominal,0.45,low,3.0,4.2996,2.3966,0.0,0.0,15.52,TIER_1_SAFETY_ZERO_SPEED_HALT
3.0,-5.0,dry_high,0.65,medium,119750.0,nominal,0.45,medium_site,5.56,4.3012,6.0956,0.0,0.0,15.52,TIER_1_SAFETY_ZERO_SPEED_HALT
3.0,-5.0,dry_high,0.65,medium,119750.0,nominal,0.45,high_max,11.11,4.3078,19.3261,0.0,0.0,15.52,TIER_1_SAFETY_ZERO_SPEED_HALT
3.0,-5.0,dry_high,0.65,medium,119750.0,high_human,1.2,low,3.0,4.2996,4.6466,0.0,0.0,15.52,TIER_1_SAFETY_ZERO_SPEED_HALT
3.0,-5.0,dry_high,0.65,medium,119750.0,high_human,1.2,medium_site,5.56,4.3012,10.2656,0.0,0.0,15.52,TIER_1_SAFETY_ZERO_SPEED_HALT
3.0,-5.0,dry_high,0.65,medium,119750.0,high_human,1.2,high_max,11.11,4.3078,27.6586,0.0,0.0,15.52,TIER_1_SAFETY_ZERO_SPEED_HALT
3.0,-5.0,dry_high,0.65,max_gross,165500.0,low,0.3,low,3.0,3.0298,2.3852,0.0,0.0,15.52,TIER_1_SAFETY_ZERO_SPEED_HALT
3.0,-5.0,dry_high,0.65,max_gross,165500.0,low,0.3,medium_site,5.56,3.0309,6.7677,0.0,0.0,15.52,TIER_1_SAFETY_ZERO_SPEED_HALT
3.0,-5.0,dry_high,0.65,max_gross,165500.0,low,0.3,high_max,11.11,3.0357,23.6629,0.0,0.0,15.52,TIER_1_SAFETY_ZERO_SPEED_HALT
3.0,-5.0,dry_high,0.65,max_gross,165500.0,nominal,0.45,low,3.0,3.0298,2.8352,0.0,0.0,15.52,TIER_1_SAFETY_ZERO_SPEED_HALT
3.0,-5.0,dry_high,0.65,max_gross,165500.0,nominal,0.45,medium_site,5.56,3.0309,7.6017,0.0,0.0,15.52,TIER_1_SAFETY_ZERO_SPEED_HALT
3.0,-5.0,dry_high,0.65,max_gross,165500.0,nominal,0.45,high_max,11.11,3.0357,25.3294,0.0,0.0,15.52,TIER_1_SAFETY_ZERO_SPEED_HALT
3.0,-5.0,dry_high,0.65,max_gross,165500.0,high_human,1.2,low,3.0,3.0298,5.0852,0.0,0.0,15.52,TIER_1_SAFETY_ZERO_SPEED_HALT
3.0,-5.0,dry_high,0.65,max_gross,165500.0,high_human,1.2,medium_site,5.56,3.0309,11.7717,0.0,0.0,15.52,TIER_1_SAFETY_ZERO_SPEED_HALT
3.0,-5.0,dry_high,0.65,max_gross,165500.0,high_human,1.2,high_max,11.11,3.0357,33.6619,0.0,0.0,15.52,TIER_1_SAFETY_ZERO_SPEED_HALT
3.0,-5.0,moderate,0.45,empty,74000.0,low,0.3,low,3.0,4.1161,1.9933,0.0,0.0,15.52,TIER_1_SAFETY_ZERO_SPEED_HALT
3.0,-5.0,moderate,0.45,empty,74000.0,low,0.3,medium_site,5.56,4.1186,5.4209,0.0,0.0,15.52,TIER_1_SAFETY_ZERO_SPEED_HALT
3.0,-5.0,moderate,0.45,empty,74000.0,low,0.3,high_max,11.11,4.1294,18.2787,0.0,0.0,15.52,TIER_1_SAFETY_ZERO_SPEED_HALT
3.0,-5.0,moderate,0.45,empty,74000.0,nominal,0.45,low,3.0,4.1161,2.4433,0.0,0.0,15.52,TIER_1_SAFETY_ZERO_SPEED_HALT
3.0,-5.0,moderate,0.45,empty,74000.0,nominal,0.45,medium_site,5.56,4.1186,6.2549,0.0,0.0,15.52,TIER_1_SAFETY_ZERO_SPEED_HALT
3.0,-5.0,moderate,0.45,empty,74000.0,nominal,0.45,high_max,11.11,4.1294,19.9452,0.0,0.0,15.52,TIER_1_SAFETY_ZERO_SPEED_HALT
3.0,-5.0,moderate,0.45,empty,74000.0,high_human,1.2,low,3.0,4.1161,4.6933,0.0,0.0,15.52,TIER_1_SAFETY_ZERO_SPEED_HALT
3.0,-5.0,moderate,0.45,empty,74000.0,high_human,1.2,medium_site,5.56,4.1186,10.4249,0.0,0.0,15.52,TIER_1_SAFETY_ZERO_SPEED_HALT
3.0,-5.0,moderate,0.45,empty,74000.0,high_human,1.2,high_max,11.11,4.1294,28.2777,0.0,0.0,15.52,TIER_1_SAFETY_ZERO_SPEED_HALT
3.0,-5.0,moderate,0.45,medium,119750.0,low,0.3,low,3.0,4.1157,1.9934,0.0,0.0,15.52,TIER_1_SAFETY_ZERO_SPEED_HALT
3.0,-5.0,moderate,0.45,medium,119750.0,low,0.3,medium_site,5.56,4.1173,5.4221,0.0,0.0,15.52,TIER_1_SAFETY_ZERO_SPEED_HALT
3.0,-5.0,moderate,0.45,medium,119750.0,low,0.3,high_max,11.11,4.1239,18.2985,0.0,0.0,15.52,TIER_1_SAFETY_ZERO_SPEED_HALT
3.0,-5.0,moderate,0.45,medium,119750.0,nominal,0.45,low,3.0,4.1157,2.4434,0.0,0.0,15.52,TIER_1_SAFETY_ZERO_SPEED_HALT
3.0,-5.0,moderate,0.45,medium,119750.0,nominal,0.45,medium_site,5.56,4.1173,6.2561,0.0,0.0,15.52,TIER_1_SAFETY_ZERO_SPEED_HALT
3.0,-5.0,moderate,0.45,medium,119750.0,nominal,0.45,high_max,11.11,4.1239,19.965,0.0,0.0,15.52,TIER_1_SAFETY_ZERO_SPEED_HALT
3.0,-5.0,moderate,0.45,medium,119750.0,high_human,1.2,low,3.0,4.1157,4.6934,0.0,0.0,15.52,TIER_1_SAFETY_ZERO_SPEED_HALT
3.0,-5.0,moderate,0.45,medium,119750.0,high_human,1.2,medium_site,5.56,4.1173,10.4261,0.0,0.0,15.52,TIER_1_SAFETY_ZERO_SPEED_HALT
3.0,-5.0,moderate,0.45,medium,119750.0,high_human,1.2,high_max,11.11,4.1239,28.2975,0.0,0.0,15.52,TIER_1_SAFETY_ZERO_SPEED_HALT
3.0,-5.0,moderate,0.45,max_gross,165500.0,low,0.3,low,3.0,3.0298,2.3852,0.0,0.0,15.52,TIER_1_SAFETY_ZERO_SPEED_HALT
3.0,-5.0,moderate,0.45,max_gross,165500.0,low,0.3,medium_site,5.56,3.0309,6.7677,0.0,0.0,15.52,TIER_1_SAFETY_ZERO_SPEED_HALT
3.0,-5.0,moderate,0.45,max_gross,165500.0,low,0.3,high_max,11.11,3.0357,23.6629,0.0,0.0,15.52,TIER_1_SAFETY_ZERO_SPEED_HALT
3.0,-5.0,moderate,0.45,max_gross,165500.0,nominal,0.45,low,3.0,3.0298,2.8352,0.0,0.0,15.52,TIER_1_SAFETY_ZERO_SPEED_HALT
3.0,-5.0,moderate,0.45,max_gross,165500.0,nominal,0.45,medium_site,5.56,3.0309,7.6017,0.0,0.0,15.52,TIER_1_SAFETY_ZERO_SPEED_HALT
3.0,-5.0,moderate,0.45,max_gross,165500.0,nominal,0.45,high_max,11.11,3.0357,25.3294,0.0,0.0,15.52,TIER_1_SAFETY_ZERO_SPEED_HALT
3.0,-5.0,moderate,0.45,max_gross,165500.0,high_human,1.2,low,3.0,3.0298,5.0852,0.0,0.0,15.52,TIER_1_SAFETY_ZERO_SPEED_HALT
3.0,-5.0,moderate,0.45,max_gross,165500.0,high_human,1.2,medium_site,5.56,3.0309,11.7717,0.0,0.0,15.52,TIER_1_SAFETY_ZERO_SPEED_HALT
3.0,-5.0,moderate,0.45,max_gross,165500.0,high_human,1.2,high_max,11.11,3.0357,33.6619,0.0,0.0,15.52,TIER_1_SAFETY_ZERO_SPEED_HALT
3.0,-5.0,wet,0.35,empty,74000.0,low,0.3,low,3.0,3.1363,2.3348,0.0,0.0,15.52,TIER_1_SAFETY_ZERO_SPEED_HALT
3.0,-5.0,wet,0.35,empty,74000.0,low,0.3,medium_site,5.56,3.1389,6.5923,0.0,0.0,15.52,TIER_1_SAFETY_ZERO_SPEED_HALT
3.0,-5.0,wet,0.35,empty,74000.0,low,0.3,high_max,11.11,3.1496,22.928,0.0,0.0,15.52,TIER_1_SAFETY_ZERO_SPEED_HALT
3.0,-5.0,wet,0.35,empty,74000.0,nominal,0.45,low,3.0,3.1363,2.7848,0.0,0.0,15.52,TIER_1_SAFETY_ZERO_SPEED_HALT
3.0,-5.0,wet,0.35,empty,74000.0,nominal,0.45,medium_site,5.56,3.1389,7.4263,0.0,0.0,15.52,TIER_1_SAFETY_ZERO_SPEED_HALT
3.0,-5.0,wet,0.35,empty,74000.0,nominal,0.45,high_max,11.11,3.1496,24.5945,0.0,0.0,15.52,TIER_1_SAFETY_ZERO_SPEED_HALT
3.0,-5.0,wet,0.35,empty,74000.0,high_human,1.2,low,3.0,3.1363,5.0348,0.0,0.0,15.52,TIER_1_SAFETY_ZERO_SPEED_HALT
3.0,-5.0,wet,0.35,empty,74000.0,high_human,1.2,medium_site,5.56,3.1389,11.5963,0.0,0.0,15.52,TIER_1_SAFETY_ZERO_SPEED_HALT
3.0,-5.0,wet,0.35,empty,74000.0,high_human,1.2,high_max,11.11,3.1496,32.927,0.0,0.0,15.52,TIER_1_SAFETY_ZERO_SPEED_HALT
3.0,-5.0,wet,0.35,medium,119750.0,low,0.3,low,3.0,3.1359,2.335,0.0,0.0,15.52,TIER_1_SAFETY_ZERO_SPEED_HALT
3.0,-5.0,wet,0.35,medium,119750.0,low,0.3,medium_site,5.56,3.1375,6.5945,0.0,0.0,15.52,TIER_1_SAFETY_ZERO_SPEED_HALT
3.0,-5.0,wet,0.35,medium,119750.0,low,0.3,high_max,11.11,3.1441,22.962,0.0,0.0,15.52,TIER_1_SAFETY_ZERO_SPEED_HALT
3.0,-5.0,wet,0.35,medium,119750.0,nominal,0.45,low,3.0,3.1359,2.785,0.0,0.0,15.52,TIER_1_SAFETY_ZERO_SPEED_HALT
3.0,-5.0,wet,0.35,medium,119750.0,nominal,0.45,medium_site,5.56,3.1375,7.4285,0.0,0.0,15.52,TIER_1_SAFETY_ZERO_SPEED_HALT
3.0,-5.0,wet,0.35,medium,119750.0,nominal,0.45,high_max,11.11,3.1441,24.6285,0.0,0.0,15.52,TIER_1_SAFETY_ZERO_SPEED_HALT
3.0,-5.0,wet,0.35,medium,119750.0,high_human,1.2,low,3.0,3.1359,5.035,0.0,0.0,15.52,TIER_1_SAFETY_ZERO_SPEED_HALT
3.0,-5.0,wet,0.35,medium,119750.0,high_human,1.2,medium_site,5.56,3.1375,11.5985,0.0,0.0,15.52,TIER_1_SAFETY_ZERO_SPEED_HALT
3.0,-5.0,wet,0.35,medium,119750.0,high_human,1.2,high_max,11.11,3.1441,32.961,0.0,0.0,15.52,TIER_1_SAFETY_ZERO_SPEED_HALT
3.0,-5.0,wet,0.35,max_gross,165500.0,low,0.3,low,3.0,3.0298,2.3852,0.0,0.0,15.52,TIER_1_SAFETY_ZERO_SPEED_HALT
3.0,-5.0,wet,0.35,max_gross,165500.0,low,0.3,medium_site,5.56,3.0309,6.7677,0.0,0.0,15.52,TIER_1_SAFETY_ZERO_SPEED_HALT
3.0,-5.0,wet,0.35,max_gross,165500.0,low,0.3,high_max,11.11,3.0357,23.6629,0.0,0.0,15.52,TIER_1_SAFETY_ZERO_SPEED_HALT
3.0,-5.0,wet,0.35,max_gross,165500.0,nominal,0.45,low,3.0,3.0298,2.8352,0.0,0.0,15.52,TIER_1_SAFETY_ZERO_SPEED_HALT
3.0,-5.0,wet,0.35,max_gross,165500.0,nominal,0.45,medium_site,5.56,3.0309,7.6017,0.0,0.0,15.52,TIER_1_SAFETY_ZERO_SPEED_HALT
3.0,-5.0,wet,0.35,max_gross,165500.0,nominal,0.45,high_max,11.11,3.0357,25.3294,0.0,0.0,15.52,TIER_1_SAFETY_ZERO_SPEED_HALT
3.0,-5.0,wet,0.35,max_gross,165500.0,high_human,1.2,low,3.0,3.0298,5.0852,0.0,0.0,15.52,TIER_1_SAFETY_ZERO_SPEED_HALT
3.0,-5.0,wet,0.35,max_gross,165500.0,high_human,1.2,medium_site,5.56,3.0309,11.7717,0.0,0.0,15.52,TIER_1_SAFETY_ZERO_SPEED_HALT
3.0,-5.0,wet,0.35,max_gross,165500.0,high_human,1.2,high_max,11.11,3.0357,33.6619,0.0,0.0,15.52,TIER_1_SAFETY_ZERO_SPEED_HALT
3.0,-5.0,low_friction,0.2,empty,74000.0,low,0.3,low,3.0,1.6667,3.6,0.0,0.0,15.52,TIER_1_SAFETY_ZERO_SPEED_HALT
3.0,-5.0,low_friction,0.2,empty,74000.0,low,0.3,medium_site,5.56,1.6692,10.928,0.0,0.0,15.52,TIER_1_SAFETY_ZERO_SPEED_HALT
3.0,-5.0,low_friction,0.2,empty,74000.0,low,0.3,high_max,11.11,1.6799,40.0704,0.0,0.0,15.52,TIER_1_SAFETY_ZERO_SPEED_HALT
3.0,-5.0,low_friction,0.2,empty,74000.0,nominal,0.45,low,3.0,1.6667,4.05,0.0,0.0,15.52,TIER_1_SAFETY_ZERO_SPEED_HALT
3.0,-5.0,low_friction,0.2,empty,74000.0,nominal,0.45,medium_site,5.56,1.6692,11.762,0.0,0.0,15.52,TIER_1_SAFETY_ZERO_SPEED_HALT
3.0,-5.0,low_friction,0.2,empty,74000.0,nominal,0.45,high_max,11.11,1.6799,41.7369,0.0,0.0,15.52,TIER_1_SAFETY_ZERO_SPEED_HALT
3.0,-5.0,low_friction,0.2,empty,74000.0,high_human,1.2,low,3.0,1.6667,6.3,0.0,0.0,15.52,TIER_1_SAFETY_ZERO_SPEED_HALT
3.0,-5.0,low_friction,0.2,empty,74000.0,high_human,1.2,medium_site,5.56,1.6692,15.932,0.0,0.0,15.52,TIER_1_SAFETY_ZERO_SPEED_HALT
3.0,-5.0,low_friction,0.2,empty,74000.0,high_human,1.2,high_max,11.11,1.6799,50.0694,0.0,0.0,15.52,TIER_1_SAFETY_ZERO_SPEED_HALT
3.0,-5.0,low_friction,0.2,medium,119750.0,low,0.3,low,3.0,1.6663,3.6007,0.0,0.0,15.52,TIER_1_SAFETY_ZERO_SPEED_HALT
3.0,-5.0,low_friction,0.2,medium,119750.0,low,0.3,medium_site,5.56,1.6678,10.9356,0.0,0.0,15.52,TIER_1_SAFETY_ZERO_SPEED_HALT
3.0,-5.0,low_friction,0.2,medium,119750.0,low,0.3,high_max,11.11,1.6745,40.1903,0.0,0.0,15.52,TIER_1_SAFETY_ZERO_SPEED_HALT
3.0,-5.0,low_friction,0.2,medium,119750.0,nominal,0.45,low,3.0,1.6663,4.0507,0.0,0.0,15.52,TIER_1_SAFETY_ZERO_SPEED_HALT
3.0,-5.0,low_friction,0.2,medium,119750.0,nominal,0.45,medium_site,5.56,1.6678,11.7696,0.0,0.0,15.52,TIER_1_SAFETY_ZERO_SPEED_HALT
3.0,-5.0,low_friction,0.2,medium,119750.0,nominal,0.45,high_max,11.11,1.6745,41.8568,0.0,0.0,15.52,TIER_1_SAFETY_ZERO_SPEED_HALT
3.0,-5.0,low_friction,0.2,medium,119750.0,high_human,1.2,low,3.0,1.6663,6.3007,0.0,0.0,15.52,TIER_1_SAFETY_ZERO_SPEED_HALT
3.0,-5.0,low_friction,0.2,medium,119750.0,high_human,1.2,medium_site,5.56,1.6678,15.9396,0.0,0.0,15.52,TIER_1_SAFETY_ZERO_SPEED_HALT
3.0,-5.0,low_friction,0.2,medium,119750.0,high_human,1.2,high_max,11.11,1.6745,50.1893,0.0,0.0,15.52,TIER_1_SAFETY_ZERO_SPEED_HALT
3.0,-5.0,low_friction,0.2,max_gross,165500.0,low,0.3,low,3.0,1.6661,3.6009,0.0,0.0,15.52,TIER_1_SAFETY_ZERO_SPEED_HALT
3.0,-5.0,low_friction,0.2,max_gross,165500.0,low,0.3,medium_site,5.56,1.6672,10.939,0.0,0.0,15.52,TIER_1_SAFETY_ZERO_SPEED_HALT
3.0,-5.0,low_friction,0.2,max_gross,165500.0,low,0.3,high_max,11.11,1.672,40.2442,0.0,0.0,15.52,TIER_1_SAFETY_ZERO_SPEED_HALT
3.0,-5.0,low_friction,0.2,max_gross,165500.0,nominal,0.45,low,3.0,1.6661,4.0509,0.0,0.0,15.52,TIER_1_SAFETY_ZERO_SPEED_HALT
3.0,-5.0,low_friction,0.2,max_gross,165500.0,nominal,0.45,medium_site,5.56,1.6672,11.773,0.0,0.0,15.52,TIER_1_SAFETY_ZERO_SPEED_HALT
3.0,-5.0,low_friction,0.2,max_gross,165500.0,nominal,0.45,high_max,11.11,1.672,41.9107,0.0,0.0,15.52,TIER_1_SAFETY_ZERO_SPEED_HALT
3.0,-5.0,low_friction,0.2,max_gross,165500.0,high_human,1.2,low,3.0,1.6661,6.3009,0.0,0.0,15.52,TIER_1_SAFETY_ZERO_SPEED_HALT
3.0,-5.0,low_friction,0.2,max_gross,165500.0,high_human,1.2,medium_site,5.56,1.6672,15.943,0.0,0.0,15.52,TIER_1_SAFETY_ZERO_SPEED_HALT
3.0,-5.0,low_friction,0.2,max_gross,165500.0,high_human,1.2,high_max,11.11,1.672,50.2432,0.0,0.0,15.52,TIER_1_SAFETY_ZERO_SPEED_HALT
3.0,-8.0,dry_high,0.65,empty,74000.0,low,0.3,low,3.0,5.7705,1.6798,0.0,0.0,15.52,TIER_1_SAFETY_ZERO_SPEED_HALT
3.0,-8.0,dry_high,0.65,empty,74000.0,low,0.3,medium_site,5.56,5.773,4.3454,0.0,0.0,15.52,TIER_1_SAFETY_ZERO_SPEED_HALT
3.0,-8.0,dry_high,0.65,empty,74000.0,low,0.3,high_max,11.11,5.7838,14.0036,0.0,0.0,15.52,TIER_1_SAFETY_ZERO_SPEED_HALT
3.0,-8.0,dry_high,0.65,empty,74000.0,nominal,0.45,low,3.0,5.7705,2.1298,0.0,0.0,15.52,TIER_1_SAFETY_ZERO_SPEED_HALT
3.0,-8.0,dry_high,0.65,empty,74000.0,nominal,0.45,medium_site,5.56,5.773,5.1794,0.0,0.0,15.52,TIER_1_SAFETY_ZERO_SPEED_HALT
3.0,-8.0,dry_high,0.65,empty,74000.0,nominal,0.45,high_max,11.11,5.7838,15.6701,0.0,0.0,15.52,TIER_1_SAFETY_ZERO_SPEED_HALT
3.0,-8.0,dry_high,0.65,empty,74000.0,high_human,1.2,low,3.0,5.7705,4.3798,0.0,0.0,15.52,TIER_1_SAFETY_ZERO_SPEED_HALT
3.0,-8.0,dry_high,0.65,empty,74000.0,high_human,1.2,medium_site,5.56,5.773,9.3494,0.0,0.0,15.52,TIER_1_SAFETY_ZERO_SPEED_HALT
3.0,-8.0,dry_high,0.65,empty,74000.0,high_human,1.2,high_max,11.11,5.7838,24.0026,0.0,0.0,15.52,TIER_1_SAFETY_ZERO_SPEED_HALT
3.0,-8.0,dry_high,0.65,medium,119750.0,low,0.3,low,3.0,4.0068,2.0231,0.0,0.0,15.52,TIER_1_SAFETY_ZERO_SPEED_HALT
3.0,-8.0,dry_high,0.65,medium,119750.0,low,0.3,medium_site,5.56,4.0084,5.5241,0.0,0.0,15.52,TIER_1_SAFETY_ZERO_SPEED_HALT
3.0,-8.0,dry_high,0.65,medium,119750.0,low,0.3,high_max,11.11,4.015,18.7043,0.0,0.0,15.52,TIER_1_SAFETY_ZERO_SPEED_HALT
3.0,-8.0,dry_high,0.65,medium,119750.0,nominal,0.45,low,3.0,4.0068,2.4731,0.0,0.0,15.52,TIER_1_SAFETY_ZERO_SPEED_HALT
3.0,-8.0,dry_high,0.65,medium,119750.0,nominal,0.45,medium_site,5.56,4.0084,6.3581,0.0,0.0,15.52,TIER_1_SAFETY_ZERO_SPEED_HALT
3.0,-8.0,dry_high,0.65,medium,119750.0,nominal,0.45,high_max,11.11,4.015,20.3708,0.0,0.0,15.52,TIER_1_SAFETY_ZERO_SPEED_HALT
3.0,-8.0,dry_high,0.65,medium,119750.0,high_human,1.2,low,3.0,4.0068,4.7231,0.0,0.0,15.52,TIER_1_SAFETY_ZERO_SPEED_HALT
3.0,-8.0,dry_high,0.65,medium,119750.0,high_human,1.2,medium_site,5.56,4.0084,10.5281,0.0,0.0,15.52,TIER_1_SAFETY_ZERO_SPEED_HALT
3.0,-8.0,dry_high,0.65,medium,119750.0,high_human,1.2,high_max,11.11,4.015,28.7033,0.0,0.0,15.52,TIER_1_SAFETY_ZERO_SPEED_HALT
3.0,-8.0,dry_high,0.65,max_gross,165500.0,low,0.3,low,3.0,2.737,2.5441,0.0,0.0,15.52,TIER_1_SAFETY_ZERO_SPEED_HALT
3.0,-8.0,dry_high,0.65,max_gross,165500.0,low,0.3,medium_site,5.56,2.7381,7.313,0.0,0.0,15.52,TIER_1_SAFETY_ZERO_SPEED_HALT
3.0,-8.0,dry_high,0.65,max_gross,165500.0,low,0.3,high_max,11.11,2.7429,25.833,0.0,0.0,15.52,TIER_1_SAFETY_ZERO_SPEED_HALT
3.0,-8.0,dry_high,0.65,max_gross,165500.0,nominal,0.45,low,3.0,2.737,2.9941,0.0,0.0,15.52,TIER_1_SAFETY_ZERO_SPEED_HALT
3.0,-8.0,dry_high,0.65,max_gross,165500.0,nominal,0.45,medium_site,5.56,2.7381,8.147,0.0,0.0,15.52,TIER_1_SAFETY_ZERO_SPEED_HALT
3.0,-8.0,dry_high,0.65,max_gross,165500.0,nominal,0.45,high_max,11.11,2.7429,27.4995,0.0,0.0,15.52,TIER_1_SAFETY_ZERO_SPEED_HALT
3.0,-8.0,dry_high,0.65,max_gross,165500.0,high_human,1.2,low,3.0,2.737,5.2441,0.0,0.0,15.52,TIER_1_SAFETY_ZERO_SPEED_HALT
3.0,-8.0,dry_high,0.65,max_gross,165500.0,high_human,1.2,medium_site,5.56,2.7381,12.317,0.0,0.0,15.52,TIER_1_SAFETY_ZERO_SPEED_HALT
3.0,-8.0,dry_high,0.65,max_gross,165500.0,high_human,1.2,high_max,11.11,2.7429,35.832,0.0,0.0,15.52,TIER_1_SAFETY_ZERO_SPEED_HALT
3.0,-8.0,moderate,0.45,empty,74000.0,low,0.3,low,3.0,3.8148,2.0796,0.0,0.0,15.52,TIER_1_SAFETY_ZERO_SPEED_HALT
3.0,-8.0,moderate,0.45,empty,74000.0,low,0.3,medium_site,5.56,3.8173,5.7171,0.0,0.0,15.52,TIER_1_SAFETY_ZERO_SPEED_HALT
3.0,-8.0,moderate,0.45,empty,74000.0,low,0.3,high_max,11.11,3.828,19.4552,0.0,0.0,15.52,TIER_1_SAFETY_ZERO_SPEED_HALT
3.0,-8.0,moderate,0.45,empty,74000.0,nominal,0.45,low,3.0,3.8148,2.5296,0.0,0.0,15.52,TIER_1_SAFETY_ZERO_SPEED_HALT
3.0,-8.0,moderate,0.45,empty,74000.0,nominal,0.45,medium_site,5.56,3.8173,6.5511,0.0,0.0,15.52,TIER_1_SAFETY_ZERO_SPEED_HALT
3.0,-8.0,moderate,0.45,empty,74000.0,nominal,0.45,high_max,11.11,3.828,21.1217,0.0,0.0,15.52,TIER_1_SAFETY_ZERO_SPEED_HALT
3.0,-8.0,moderate,0.45,empty,74000.0,high_human,1.2,low,3.0,3.8148,4.7796,0.0,0.0,15.52,TIER_1_SAFETY_ZERO_SPEED_HALT
3.0,-8.0,moderate,0.45,empty,74000.0,high_human,1.2,medium_site,5.56,3.8173,10.7211,0.0,0.0,15.52,TIER_1_SAFETY_ZERO_SPEED_HALT
3.0,-8.0,moderate,0.45,empty,74000.0,high_human,1.2,high_max,11.11,3.828,29.4542,0.0,0.0,15.52,TIER_1_SAFETY_ZERO_SPEED_HALT
3.0,-8.0,moderate,0.45,medium,119750.0,low,0.3,low,3.0,3.8144,2.0798,0.0,0.0,15.52,TIER_1_SAFETY_ZERO_SPEED_HALT
3.0,-8.0,moderate,0.45,medium,119750.0,low,0.3,medium_site,5.56,3.8159,5.7186,0.0,0.0,15.52,TIER_1_SAFETY_ZERO_SPEED_HALT
3.0,-8.0,moderate,0.45,medium,119750.0,low,0.3,high_max,11.11,3.8226,19.4782,0.0,0.0,15.52,TIER_1_SAFETY_ZERO_SPEED_HALT
3.0,-8.0,moderate,0.45,medium,119750.0,nominal,0.45,low,3.0,3.8144,2.5298,0.0,0.0,15.52,TIER_1_SAFETY_ZERO_SPEED_HALT
3.0,-8.0,moderate,0.45,medium,119750.0,nominal,0.45,medium_site,5.56,3.8159,6.5526,0.0,0.0,15.52,TIER_1_SAFETY_ZERO_SPEED_HALT
3.0,-8.0,moderate,0.45,medium,119750.0,nominal,0.45,high_max,11.11,3.8226,21.1447,0.0,0.0,15.52,TIER_1_SAFETY_ZERO_SPEED_HALT
3.0,-8.0,moderate,0.45,medium,119750.0,high_human,1.2,low,3.0,3.8144,4.7798,0.0,0.0,15.52,TIER_1_SAFETY_ZERO_SPEED_HALT
3.0,-8.0,moderate,0.45,medium,119750.0,high_human,1.2,medium_site,5.56,3.8159,10.7226,0.0,0.0,15.52,TIER_1_SAFETY_ZERO_SPEED_HALT
3.0,-8.0,moderate,0.45,medium,119750.0,high_human,1.2,high_max,11.11,3.8226,29.4772,0.0,0.0,15.52,TIER_1_SAFETY_ZERO_SPEED_HALT
3.0,-8.0,moderate,0.45,max_gross,165500.0,low,0.3,low,3.0,2.737,2.5441,0.0,0.0,15.52,TIER_1_SAFETY_ZERO_SPEED_HALT
3.0,-8.0,moderate,0.45,max_gross,165500.0,low,0.3,medium_site,5.56,2.7381,7.313,0.0,0.0,15.52,TIER_1_SAFETY_ZERO_SPEED_HALT
3.0,-8.0,moderate,0.45,max_gross,165500.0,low,0.3,high_max,11.11,2.7429,25.833,0.0,0.0,15.52,TIER_1_SAFETY_ZERO_SPEED_HALT
3.0,-8.0,moderate,0.45,max_gross,165500.0,nominal,0.45,low,3.0,2.737,2.9941,0.0,0.0,15.52,TIER_1_SAFETY_ZERO_SPEED_HALT
3.0,-8.0,moderate,0.45,max_gross,165500.0,nominal,0.45,medium_site,5.56,2.7381,8.147,0.0,0.0,15.52,TIER_1_SAFETY_ZERO_SPEED_HALT
3.0,-8.0,moderate,0.45,max_gross,165500.0,nominal,0.45,high_max,11.11,2.7429,27.4995,0.0,0.0,15.52,TIER_1_SAFETY_ZERO_SPEED_HALT
3.0,-8.0,moderate,0.45,max_gross,165500.0,high_human,1.2,low,3.0,2.737,5.2441,0.0,0.0,15.52,TIER_1_SAFETY_ZERO_SPEED_HALT
3.0,-8.0,moderate,0.45,max_gross,165500.0,high_human,1.2,medium_site,5.56,2.7381,12.317,0.0,0.0,15.52,TIER_1_SAFETY_ZERO_SPEED_HALT
3.0,-8.0,moderate,0.45,max_gross,165500.0,high_human,1.2,high_max,11.11,2.7429,35.832,0.0,0.0,15.52,TIER_1_SAFETY_ZERO_SPEED_HALT
3.0,-8.0,wet,0.35,empty,74000.0,low,0.3,low,3.0,2.8369,2.4862,0.0,0.0,15.52,TIER_1_SAFETY_ZERO_SPEED_HALT
3.0,-8.0,wet,0.35,empty,74000.0,low,0.3,medium_site,5.56,2.8394,7.1116,0.0,0.0,15.52,TIER_1_SAFETY_ZERO_SPEED_HALT
3.0,-8.0,wet,0.35,empty,74000.0,low,0.3,high_max,11.11,2.8501,24.9867,0.0,0.0,15.52,TIER_1_SAFETY_ZERO_SPEED_HALT
3.0,-8.0,wet,0.35,empty,74000.0,nominal,0.45,low,3.0,2.8369,2.9362,0.0,0.0,15.52,TIER_1_SAFETY_ZERO_SPEED_HALT
3.0,-8.0,wet,0.35,empty,74000.0,nominal,0.45,medium_site,5.56,2.8394,7.9456,0.0,0.0,15.52,TIER_1_SAFETY_ZERO_SPEED_HALT
3.0,-8.0,wet,0.35,empty,74000.0,nominal,0.45,high_max,11.11,2.8501,26.6532,0.0,0.0,15.52,TIER_1_SAFETY_ZERO_SPEED_HALT
3.0,-8.0,wet,0.35,empty,74000.0,high_human,1.2,low,3.0,2.8369,5.1862,0.0,0.0,15.52,TIER_1_SAFETY_ZERO_SPEED_HALT
3.0,-8.0,wet,0.35,empty,74000.0,high_human,1.2,medium_site,5.56,2.8394,12.1156,0.0,0.0,15.52,TIER_1_SAFETY_ZERO_SPEED_HALT
3.0,-8.0,wet,0.35,empty,74000.0,high_human,1.2,high_max,11.11,2.8501,34.9857,0.0,0.0,15.52,TIER_1_SAFETY_ZERO_SPEED_HALT
3.0,-8.0,wet,0.35,medium,119750.0,low,0.3,low,3.0,2.8365,2.4865,0.0,0.0,15.52,TIER_1_SAFETY_ZERO_SPEED_HALT
3.0,-8.0,wet,0.35,medium,119750.0,low,0.3,medium_site,5.56,2.8381,7.1143,0.0,0.0,15.52,TIER_1_SAFETY_ZERO_SPEED_HALT
3.0,-8.0,wet,0.35,medium,119750.0,low,0.3,high_max,11.11,2.8447,25.0283,0.0,0.0,15.52,TIER_1_SAFETY_ZERO_SPEED_HALT
3.0,-8.0,wet,0.35,medium,119750.0,nominal,0.45,low,3.0,2.8365,2.9365,0.0,0.0,15.52,TIER_1_SAFETY_ZERO_SPEED_HALT
3.0,-8.0,wet,0.35,medium,119750.0,nominal,0.45,medium_site,5.56,2.8381,7.9483,0.0,0.0,15.52,TIER_1_SAFETY_ZERO_SPEED_HALT
3.0,-8.0,wet,0.35,medium,119750.0,nominal,0.45,high_max,11.11,2.8447,26.6948,0.0,0.0,15.52,TIER_1_SAFETY_ZERO_SPEED_HALT
3.0,-8.0,wet,0.35,medium,119750.0,high_human,1.2,low,3.0,2.8365,5.1865,0.0,0.0,15.52,TIER_1_SAFETY_ZERO_SPEED_HALT
3.0,-8.0,wet,0.35,medium,119750.0,high_human,1.2,medium_site,5.56,2.8381,12.1183,0.0,0.0,15.52,TIER_1_SAFETY_ZERO_SPEED_HALT
3.0,-8.0,wet,0.35,medium,119750.0,high_human,1.2,high_max,11.11,2.8447,35.0273,0.0,0.0,15.52,TIER_1_SAFETY_ZERO_SPEED_HALT
3.0,-8.0,wet,0.35,max_gross,165500.0,low,0.3,low,3.0,2.737,2.5441,0.0,0.0,15.52,TIER_1_SAFETY_ZERO_SPEED_HALT
3.0,-8.0,wet,0.35,max_gross,165500.0,low,0.3,medium_site,5.56,2.7381,7.313,0.0,0.0,15.52,TIER_1_SAFETY_ZERO_SPEED_HALT
3.0,-8.0,wet,0.35,max_gross,165500.0,low,0.3,high_max,11.11,2.7429,25.833,0.0,0.0,15.52,TIER_1_SAFETY_ZERO_SPEED_HALT
3.0,-8.0,wet,0.35,max_gross,165500.0,nominal,0.45,low,3.0,2.737,2.9941,0.0,0.0,15.52,TIER_1_SAFETY_ZERO_SPEED_HALT
3.0,-8.0,wet,0.35,max_gross,165500.0,nominal,0.45,medium_site,5.56,2.7381,8.147,0.0,0.0,15.52,TIER_1_SAFETY_ZERO_SPEED_HALT
3.0,-8.0,wet,0.35,max_gross,165500.0,nominal,0.45,high_max,11.11,2.7429,27.4995,0.0,0.0,15.52,TIER_1_SAFETY_ZERO_SPEED_HALT
3.0,-8.0,wet,0.35,max_gross,165500.0,high_human,1.2,low,3.0,2.737,5.2441,0.0,0.0,15.52,TIER_1_SAFETY_ZERO_SPEED_HALT
3.0,-8.0,wet,0.35,max_gross,165500.0,high_human,1.2,medium_site,5.56,2.7381,12.317,0.0,0.0,15.52,TIER_1_SAFETY_ZERO_SPEED_HALT
3.0,-8.0,wet,0.35,max_gross,165500.0,high_human,1.2,high_max,11.11,2.7429,35.832,0.0,0.0,15.52,TIER_1_SAFETY_ZERO_SPEED_HALT
3.0,-8.0,low_friction,0.2,empty,74000.0,low,0.3,low,3.0,1.3701,4.1845,0.0,0.0,15.52,TIER_1_SAFETY_ZERO_SPEED_HALT
3.0,-8.0,low_friction,0.2,empty,74000.0,low,0.3,medium_site,5.56,1.3726,12.9289,0.0,0.0,15.52,TIER_1_SAFETY_ZERO_SPEED_HALT
3.0,-8.0,low_friction,0.2,empty,74000.0,low,0.3,high_max,11.11,1.3833,47.9471,0.0,0.0,15.52,TIER_1_SAFETY_ZERO_SPEED_HALT
3.0,-8.0,low_friction,0.2,empty,74000.0,nominal,0.45,low,3.0,1.3701,4.6345,0.0,0.0,15.52,TIER_1_SAFETY_ZERO_SPEED_HALT
3.0,-8.0,low_friction,0.2,empty,74000.0,nominal,0.45,medium_site,5.56,1.3726,13.7629,0.0,0.0,15.52,TIER_1_SAFETY_ZERO_SPEED_HALT
3.0,-8.0,low_friction,0.2,empty,74000.0,nominal,0.45,high_max,11.11,1.3833,49.6136,0.0,0.0,15.52,TIER_1_SAFETY_ZERO_SPEED_HALT
3.0,-8.0,low_friction,0.2,empty,74000.0,high_human,1.2,low,3.0,1.3701,6.8845,0.0,0.0,15.52,TIER_1_SAFETY_ZERO_SPEED_HALT
3.0,-8.0,low_friction,0.2,empty,74000.0,high_human,1.2,medium_site,5.56,1.3726,17.9329,0.0,0.0,15.52,TIER_1_SAFETY_ZERO_SPEED_HALT
3.0,-8.0,low_friction,0.2,empty,74000.0,high_human,1.2,high_max,11.11,1.3833,57.9461,0.0,0.0,15.52,TIER_1_SAFETY_ZERO_SPEED_HALT
3.0,-8.0,low_friction,0.2,medium,119750.0,low,0.3,low,3.0,1.3697,4.1855,0.0,0.0,15.52,TIER_1_SAFETY_ZERO_SPEED_HALT
3.0,-8.0,low_friction,0.2,medium,119750.0,low,0.3,medium_site,5.56,1.3712,12.9401,0.0,0.0,15.52,TIER_1_SAFETY_ZERO_SPEED_HALT
3.0,-8.0,low_friction,0.2,medium,119750.0,low,0.3,high_max,11.11,1.3779,48.1241,0.0,0.0,15.52,TIER_1_SAFETY_ZERO_SPEED_HALT
3.0,-8.0,low_friction,0.2,medium,119750.0,nominal,0.45,low,3.0,1.3697,4.6355,0.0,0.0,15.52,TIER_1_SAFETY_ZERO_SPEED_HALT
3.0,-8.0,low_friction,0.2,medium,119750.0,nominal,0.45,medium_site,5.56,1.3712,13.7741,0.0,0.0,15.52,TIER_1_SAFETY_ZERO_SPEED_HALT
3.0,-8.0,low_friction,0.2,medium,119750.0,nominal,0.45,high_max,11.11,1.3779,49.7906,0.0,0.0,15.52,TIER_1_SAFETY_ZERO_SPEED_HALT
3.0,-8.0,low_friction,0.2,medium,119750.0,high_human,1.2,low,3.0,1.3697,6.8855,0.0,0.0,15.52,TIER_1_SAFETY_ZERO_SPEED_HALT
3.0,-8.0,low_friction,0.2,medium,119750.0,high_human,1.2,medium_site,5.56,1.3712,17.9441,0.0,0.0,15.52,TIER_1_SAFETY_ZERO_SPEED_HALT
3.0,-8.0,low_friction,0.2,medium,119750.0,high_human,1.2,high_max,11.11,1.3779,58.1231,0.0,0.0,15.52,TIER_1_SAFETY_ZERO_SPEED_HALT
3.0,-8.0,low_friction,0.2,max_gross,165500.0,low,0.3,low,3.0,1.3695,4.1859,0.0,0.0,15.52,TIER_1_SAFETY_ZERO_SPEED_HALT
3.0,-8.0,low_friction,0.2,max_gross,165500.0,low,0.3,medium_site,5.56,1.3706,12.9452,0.0,0.0,15.52,TIER_1_SAFETY_ZERO_SPEED_HALT
3.0,-8.0,low_friction,0.2,max_gross,165500.0,low,0.3,high_max,11.11,1.3754,48.2036,0.0,0.0,15.52,TIER_1_SAFETY_ZERO_SPEED_HALT
3.0,-8.0,low_friction,0.2,max_gross,165500.0,nominal,0.45,low,3.0,1.3695,4.6359,0.0,0.0,15.52,TIER_1_SAFETY_ZERO_SPEED_HALT
3.0,-8.0,low_friction,0.2,max_gross,165500.0,nominal,0.45,medium_site,5.56,1.3706,13.7792,0.0,0.0,15.52,TIER_1_SAFETY_ZERO_SPEED_HALT
3.0,-8.0,low_friction,0.2,max_gross,165500.0,nominal,0.45,high_max,11.11,1.3754,49.8701,0.0,0.0,15.52,TIER_1_SAFETY_ZERO_SPEED_HALT
3.0,-8.0,low_friction,0.2,max_gross,165500.0,high_human,1.2,low,3.0,1.3695,6.8859,0.0,0.0,15.52,TIER_1_SAFETY_ZERO_SPEED_HALT
3.0,-8.0,low_friction,0.2,max_gross,165500.0,high_human,1.2,medium_site,5.56,1.3706,17.9492,0.0,0.0,15.52,TIER_1_SAFETY_ZERO_SPEED_HALT
3.0,-8.0,low_friction,0.2,max_gross,165500.0,high_human,1.2,high_max,11.11,1.3754,58.2026,0.0,0.0,15.52,TIER_1_SAFETY_ZERO_SPEED_HALT
