sample_id,vehicle_state,mass_kg,grade_pct,friction_mu,visibility_m,standstill_buffer_s_base_m,available_stopping_range_m,tau_local_s,a_dec_mps2,v_safe_mps,v_safe_kmh,stopping_distance_m,travel_margin_surplus_m,standoff_sight_distance_m,safety_invariant_preserved
1,MOVING,108270.4,-2.02,0.3595,64.9,5.92,58.98,0.31,3.5717,5.556,20.0,6.0435,52.9335,58.8565,True
6,MOVING,88273.5,5.85,0.3608,70.92,3.32,67.6,0.3322,4.3496,5.556,20.0,5.3941,62.2064,65.5263,True
11,MOVING,75883.5,6.18,0.3122,45.24,4.65,40.59,0.3584,3.9049,5.556,20.0,5.9438,34.6434,39.2974,True
16,MOVING,90781.5,-7.77,0.3849,82.55,5.05,77.5,0.301,3.2479,5.556,20.0,6.4245,71.0723,76.1211,True
21,MOVING,129984.5,-5.17,0.2991,95.28,3.1,92.19,0.3071,2.6685,5.556,20.0,7.4903,84.6979,87.7942,True
26,MOVING,145843.6,-5.57,0.3078,49.13,5.45,43.68,0.3387,2.7138,5.556,20.0,7.5694,36.109,41.5598,True
31,MOVING,129590.4,-7.91,0.3678,64.27,3.52,60.75,0.2943,3.0665,5.556,20.0,6.6682,54.0849,57.6009,True
36,MOVING,147968.4,-2.48,0.3719,35.87,4.79,31.08,0.3322,3.6477,5.556,20.0,6.077,25.0019,29.7956,True
41,MOVING,85166.5,6.75,0.2803,48.09,3.13,44.97,0.2738,3.6475,5.556,20.0,5.7528,39.2141,42.3396,True
46,MOVING,134620.8,1.91,0.3787,64.65,3.06,61.59,0.3016,4.1456,5.556,20.0,5.3986,56.1909,59.2555,True
51,MOVING,162717.0,4.96,0.2565,38.39,3.66,34.73,0.3312,3.2432,5.556,20.0,6.599,28.1296,31.7906,True
56,MOVING,158351.5,-0.37,0.3949,73.61,5.82,67.79,0.3015,3.6826,5.556,20.0,5.8667,61.9265,67.7471,True
61,MOVING,109564.0,-3.87,0.3157,57.42,5.46,51.96,0.3315,2.9594,5.556,20.0,7.057,44.9051,50.3638,True
66,MOVING,123656.7,2.46,0.314,7.17,5.97,1.21,0.2823,3.565,2.0948,7.54,1.2069,0.0,5.9674,True
71,MOVING,144660.4,6.98,0.313,14.43,4.5,9.93,0.3154,3.9896,5.556,20.0,5.6213,4.3065,8.8075,True
76,MOVING,140704.2,-3.61,0.324,34.2,5.3,28.9,0.2972,3.0661,5.556,20.0,6.6852,22.2107,27.511,True
81,MOVING,152974.0,1.41,0.3545,81.0,4.73,76.27,0.3122,3.8598,5.556,20.0,5.7332,70.5353,75.2685,True
86,MOVING,103754.3,1.8,0.3287,15.13,5.96,9.17,0.2784,3.6446,5.556,20.0,5.7817,3.3925,9.3505,True
91,MOVING,84942.9,-4.46,0.356,76.69,3.48,73.21,0.3223,3.2961,5.556,20.0,6.4735,66.7402,70.2199,True
96,MOVING,119182.3,-1.87,0.3365,92.09,4.5,87.59,0.2931,3.3611,5.556,20.0,6.2207,81.3725,85.8676,True
101,MOVING,76875.8,7.55,0.3859,33.11,5.62,27.5,0.3134,4.7564,5.556,20.0,4.986,22.5107,28.1261,True
106,MOVING,96810.2,-4.44,0.2697,25.88,4.55,21.33,0.3189,2.4522,5.556,20.0,8.0663,13.2612,17.8105,True
111,MOVING,100512.3,-3.79,0.3899,7.27,4.81,2.46,0.345,3.6945,3.1786,11.44,2.4639,-0.0,4.8088,True
116,MOVING,153738.6,-5.25,0.3382,17.2,3.08,14.12,0.3246,3.0424,5.556,20.0,6.8769,7.2471,10.3251,True
121,MOVING,147880.8,-7.67,0.3544,36.85,5.48,31.37,0.3135,2.9593,5.556,20.0,6.9572,24.4153,29.8911,True
126,MOVING,113080.4,5.14,0.2779,82.17,5.56,76.62,0.303,3.4693,5.556,20.0,6.1323,70.4835,76.0422,True
131,MOVING,112193.1,7.9,0.2965,15.07,5.25,9.82,0.3123,3.9154,5.556,20.0,5.6772,4.1438,9.3905,True
136,MOVING,103573.1,-7.77,0.2612,29.44,3.66,25.79,0.3365,2.0389,5.556,20.0,9.4397,16.3463,20.0038,True
141,MOVING,162063.9,-7.49,0.3707,87.0,5.77,81.23,0.3122,2.9057,5.556,20.0,7.0462,74.1788,79.9506,True
146,MOVING,77375.2,4.48,0.3402,32.13,4.81,27.32,0.2834,4.0161,5.556,20.0,5.4177,21.9035,26.7172,True
151,MOVING,157106.3,6.22,0.2617,31.45,3.23,28.22,0.3004,3.4147,5.556,20.0,6.1893,22.0343,25.263,True
156,MOVING,96148.1,-1.33,0.2785,80.01,3.22,76.8,0.3088,2.8463,5.556,20.0,7.1386,69.6578,72.8756,True
161,STAGED_STOPPED,107652.2,0.86,0.342,3.85,5.01,0.0,0.2963,3.6832,0.0,0.0,0.0,0.0,3.8545,True
166,MOVING,150430.2,-5.99,0.2908,96.29,4.5,91.79,0.3323,2.5054,5.556,20.0,8.0065,83.7814,88.286,True
171,MOVING,135997.1,0.3,0.3983,89.39,3.51,85.88,0.2912,4.1809,5.556,20.0,5.3097,80.5672,84.0801,True
176,MOVING,89954.5,-6.96,0.2697,35.42,5.25,30.16,0.3144,2.2015,5.556,20.0,8.7579,21.4053,26.6601,True
181,MOVING,105207.6,2.87,0.3897,12.3,3.37,8.92,0.3142,4.3467,5.556,20.0,5.2967,3.6274,7.0003,True
186,MOVING,134388.5,-0.08,0.2851,41.67,4.5,37.17,0.3326,3.0333,5.556,20.0,6.936,30.2361,34.7325,True
191,MOVING,82518.9,2.09,0.2577,38.19,4.85,33.34,0.2903,2.9763,5.556,20.0,6.7989,26.538,31.3913,True
196,MOVING,105952.7,6.87,0.3709,81.85,4.71,77.14,0.3043,4.5452,5.556,20.0,5.0864,72.0535,76.7653,True
201,MOVING,132745.9,0.34,0.259,91.26,4.1,87.16,0.3031,2.8185,5.556,20.0,7.1601,80.0005,84.0958,True
206,MOVING,74841.5,-4.72,0.2926,6.82,5.62,1.2,0.2844,2.6493,1.8822,6.78,1.2039,0.0,5.6156,True
211,MOVING,124209.1,7.62,0.2831,83.02,4.19,78.83,0.3139,3.7575,5.556,20.0,5.852,72.9781,77.1686,True
216,MOVING,95708.3,4.54,0.305,6.8,5.64,1.16,0.3127,3.6777,1.9942,7.18,1.1642,0.0,5.6372,True
221,MOVING,134171.6,2.86,0.286,75.0,4.94,70.06,0.3129,3.329,5.556,20.0,6.375,63.6847,68.6206,True
226,MOVING,96325.1,0.73,0.3136,34.41,5.84,28.57,0.3048,3.3919,5.556,20.0,6.244,22.3258,28.1622,True
231,MOVING,146725.2,0.2,0.3607,72.92,5.91,67.01,0.3001,3.8022,5.556,20.0,5.7264,61.2816,67.1934,True
236,MOVING,140104.4,1.29,0.2521,8.02,5.99,2.03,0.3491,2.8441,2.5493,9.18,2.0325,0.0,5.9889,True
241,MOVING,160052.0,0.74,0.2928,95.86,3.69,92.17,0.3084,3.1886,5.556,20.0,6.5541,85.6137,89.3026,True
246,MOVING,158941.1,7.47,0.2864,88.53,5.36,83.16,0.3079,3.776,5.556,20.0,5.798,77.3657,82.7294,True
251,MOVING,100942.1,3.18,0.3751,50.35,3.04,47.31,0.317,4.2333,5.556,20.0,5.4072,41.8989,44.939,True
256,MOVING,124947.3,-7.81,0.3423,62.09,4.24,57.85,0.296,2.8275,5.556,20.0,7.1032,50.7457,54.9876,True
261,MOVING,130273.2,2.9,0.3759,16.43,4.17,12.26,0.3232,4.2146,5.556,20.0,5.458,6.8027,10.9713,True
266,MOVING,141780.3,-7.33,0.267,30.87,3.06,27.81,0.2999,2.139,5.556,20.0,8.8823,18.9281,21.9913,True
271,MOVING,148056.5,-1.85,0.3107,26.3,3.45,22.85,0.2883,3.1099,5.556,20.0,6.565,16.2863,19.7382,True
276,MOVING,119888.7,-0.32,0.291,98.1,5.22,92.87,0.2932,3.0684,5.556,20.0,6.6593,86.2143,91.4387,True
281,MOVING,155435.5,-1.45,0.2845,6.08,3.5,2.57,0.3103,2.8932,3.0642,11.03,2.5735,0.0,3.5046,True
286,MOVING,77288.7,-6.27,0.3794,27.07,5.19,21.88,0.3261,3.3443,5.556,20.0,6.427,15.4521,20.6395,True
291,MOVING,76790.8,0.36,0.3657,39.32,4.81,34.52,0.3079,3.8661,5.556,20.0,5.7031,28.8119,33.6211,True
296,MOVING,121785.3,7.65,0.2735,98.47,4.67,93.8,0.3257,3.667,5.556,20.0,6.0189,87.7789,92.4502,True
301,MOVING,78728.9,6.58,0.3766,83.51,4.71,78.8,0.3048,4.5733,5.556,20.0,5.0687,73.7351,78.4413,True
306,MOVING,163290.5,3.59,0.3576,39.15,6.0,33.15,0.3106,3.9648,5.556,20.0,5.6186,27.5323,33.5286,True
311,MOVING,114165.9,7.62,0.2985,63.45,4.42,59.03,0.3123,3.9089,5.556,20.0,5.6837,53.3466,57.768,True
316,MOVING,137681.6,0.51,0.2505,54.05,3.65,50.4,0.325,2.7525,5.556,20.0,7.4133,42.9896,46.6409,True
321,MOVING,124254.2,0.85,0.3412,71.93,5.98,65.96,0.2774,3.6741,5.556,20.0,5.7422,60.2162,66.1926,True
326,MOVING,141517.6,-4.12,0.2929,90.86,3.8,87.06,0.3402,2.7106,5.556,20.0,7.5843,79.4724,83.2756,True
331,MOVING,106571.5,3.39,0.2828,38.15,3.19,34.96,0.2827,3.349,5.556,20.0,6.1793,28.7783,31.9704,True
336,MOVING,77726.7,4.58,0.3023,33.19,5.66,27.53,0.3272,3.6554,5.556,20.0,6.0404,21.4896,27.1515,True
341,MOVING,118982.9,-5.98,0.3972,47.17,5.81,41.37,0.3646,3.5479,5.556,20.0,6.3763,34.9905,40.7976,True
346,MOVING,130350.3,-1.05,0.3353,31.38,5.31,26.07,0.2979,3.4304,5.556,20.0,6.1545,19.9151,25.2266,True
351,MOVING,120037.0,1.25,0.2924,24.78,5.91,18.87,0.3497,3.2357,5.556,20.0,6.7131,12.1567,18.0629,True
356,MOVING,132781.4,-6.84,0.3785,99.19,4.05,95.15,0.3481,3.2783,5.556,20.0,6.6421,88.5037,92.551,True
361,MOVING,109517.5,6.08,0.3975,72.19,4.9,67.29,0.3099,4.7311,5.556,20.0,4.984,62.3015,67.2047,True
366,MOVING,109328.4,-1.92,0.3641,13.34,4.46,8.88,0.3182,3.627,5.556,20.0,6.0235,2.8594,7.3185,True
371,MOVING,83221.2,-2.16,0.2667,84.59,5.46,79.13,0.2708,2.6485,5.556,20.0,7.3321,71.7987,77.26,True
376,MOVING,103186.3,-0.1,0.3335,72.7,5.62,67.08,0.2919,3.5057,5.556,20.0,6.0244,61.0535,66.6736,True
381,MOVING,84812.1,4.62,0.3349,14.57,3.19,11.38,0.2988,3.9779,5.556,20.0,5.5401,5.8385,9.0332,True
386,MOVING,147518.5,-4.89,0.2846,31.34,4.27,27.06,0.3357,2.5534,5.556,20.0,7.9098,19.1534,23.4282,True
391,MOVING,164631.2,6.18,0.3014,67.73,3.41,64.32,0.3394,3.7998,5.556,20.0,5.9478,58.3734,61.7852,True
396,MOVING,159164.3,3.93,0.3154,83.63,4.55,79.08,0.3078,3.7207,5.556,20.0,5.8581,73.2199,77.7678,True
401,MOVING,83435.8,-5.25,0.3605,93.2,3.47,89.73,0.3597,3.2611,5.556,20.0,6.7312,83.0008,86.4658,True
406,MOVING,155940.4,-5.55,0.314,11.22,3.73,7.49,0.3003,2.7756,5.556,20.0,7.2295,0.2597,3.9878,True
411,MOVING,103217.2,4.7,0.2836,31.07,5.51,25.57,0.3188,3.4829,5.556,20.0,6.2029,19.3622,24.8706,True
416,MOVING,115032.8,5.21,0.2812,15.92,4.1,11.82,0.3377,3.5095,5.556,20.0,6.2742,5.5444,9.6443,True
421,MOVING,146429.5,-5.0,0.3109,89.08,4.46,84.62,0.321,2.8001,5.556,20.0,7.2957,77.3279,81.7848,True
426,MOVING,124281.9,5.45,0.3304,59.46,5.41,54.05,0.2914,4.0136,5.556,20.0,5.4648,48.5808,53.9935,True
431,MOVING,87083.7,-5.56,0.387,13.45,3.27,10.18,0.3173,3.49,5.556,20.0,6.1856,3.9955,7.2654,True
436,MOVING,138138.7,-2.19,0.3414,89.41,4.74,84.67,0.2885,3.3779,5.556,20.0,6.1719,78.494,83.2362,True
441,MOVING,81762.7,3.1,0.2787,63.5,4.2,59.3,0.3063,3.2811,5.556,20.0,6.4059,52.892,57.0898,True
446,MOVING,160673.2,3.46,0.3515,99.88,3.12,96.77,0.2913,4.007,5.556,20.0,5.4705,91.2955,94.4112,True
451,MOVING,145108.9,3.66,0.3789,65.25,5.39,59.86,0.3404,4.3175,5.556,20.0,5.4659,54.3914,59.7791,True
456,MOVING,119075.2,-0.65,0.3434,31.71,5.08,26.63,0.2887,3.5488,5.556,20.0,5.9534,20.6763,25.7531,True
461,MOVING,84753.7,0.08,0.3285,58.98,4.71,54.26,0.3123,3.475,5.556,20.0,6.1766,48.0882,52.803,True
466,MOVING,108300.7,-2.1,0.2678,75.85,5.61,70.24,0.3277,2.6649,5.556,20.0,7.6127,62.6247,68.2354,True
471,MOVING,75112.1,1.15,0.3076,55.9,3.81,52.09,0.3069,3.3749,5.556,20.0,6.2787,45.8123,49.6219,True
476,MOVING,164856.3,-1.03,0.371,79.76,3.5,76.27,0.3511,3.4801,5.556,20.0,6.3857,69.8814,73.3765,True
481,MOVING,131590.0,-3.98,0.3768,76.41,5.1,71.31,0.2716,3.5475,5.556,20.0,5.86,65.4532,70.5488,True
486,MOVING,156456.0,5.58,0.2977,57.36,4.3,53.07,0.3398,3.7061,5.556,20.0,6.0524,47.0129,51.3086,True
491,MOVING,115692.6,-4.06,0.3959,18.77,3.47,15.3,0.2851,3.7271,5.556,20.0,5.7252,9.5742,13.0461,True
496,MOVING,106331.7,-5.34,0.3941,36.08,4.74,31.34,0.3238,3.582,5.556,20.0,6.1078,25.2278,29.9675,True
501,MOVING,137881.8,-7.4,0.3149,96.6,5.57,91.03,0.3344,2.6005,5.556,20.0,7.7934,83.2379,88.8062,True
506,MOVING,88879.4,-1.09,0.3569,17.47,3.69,13.78,0.3382,3.6376,5.556,20.0,6.1221,7.656,11.3479,True
511,MOVING,130127.5,-6.05,0.2768,29.76,5.74,24.02,0.3407,2.362,5.556,20.0,8.4274,15.5936,21.3301,True
516,MOVING,76412.6,-0.09,0.3115,36.66,4.62,32.04,0.3095,3.2906,5.556,20.0,6.41,25.6274,30.2481,True
521,MOVING,128363.0,0.55,0.2935,10.46,3.12,7.34,0.2899,3.1773,5.556,20.0,6.4684,0.8707,3.9888,True
526,MOVING,116885.4,4.23,0.2687,37.33,5.85,31.49,0.3022,3.2922,5.556,20.0,6.3673,25.1194,30.9671,True
531,MOVING,148380.4,3.97,0.2869,77.82,4.95,72.87,0.3103,3.4458,5.556,20.0,6.2033,66.6679,71.6188,True
536,MOVING,160446.1,-1.15,0.3496,4.99,4.82,0.17,0.3214,3.5599,0.4321,1.56,0.1651,0.0,4.8226,True
541,MOVING,161295.7,-6.33,0.3461,93.35,4.95,88.4,0.299,3.0128,5.556,20.0,6.7843,81.6133,86.5618,True
546,MOVING,106771.9,-1.45,0.3665,39.69,5.0,34.69,0.296,3.6964,5.556,20.0,5.82,28.8665,33.8673,True
551,MOVING,121595.0,-1.03,0.3342,47.48,5.38,42.1,0.3084,3.4211,5.556,20.0,6.2252,35.8725,41.2508,True
556,MOVING,110918.7,0.16,0.3659,51.18,4.83,46.34,0.3135,3.8491,5.556,20.0,5.7516,40.5921,45.4251,True
561,MOVING,138423.3,-6.11,0.271,43.65,4.12,39.53,0.3084,2.2984,5.556,20.0,8.4284,31.1061,35.2215,True
566,MOVING,127977.5,3.28,0.3362,44.96,3.32,41.64,0.314,3.8623,5.556,20.0,5.7408,35.9008,39.2189,True
571,MOVING,121030.0,2.08,0.3568,76.81,3.74,73.06,0.2846,3.9475,5.556,20.0,5.491,67.5697,71.3146,True
576,MOVING,160881.1,6.42,0.3414,78.95,4.95,73.99,0.2998,4.2137,5.556,20.0,5.3284,68.6647,73.6196,True
581,MOVING,116010.9,-1.44,0.3736,42.98,4.82,38.16,0.329,3.7672,5.556,20.0,5.9252,32.2374,37.0588,True
586,MOVING,95973.3,-2.85,0.3828,49.69,3.41,46.28,0.2984,3.7175,5.556,20.0,5.8095,40.4669,43.876,True
591,MOVING,86702.7,4.43,0.3303,17.86,4.81,13.06,0.2789,3.9149,5.556,20.0,5.4919,7.5644,12.3716,True
596,MOVING,117367.5,3.2,0.2768,51.05,4.33,46.72,0.3116,3.272,5.556,20.0,6.4482,40.2673,44.5993,True
601,MOVING,89457.6,-4.9,0.3777,49.81,5.71,44.1,0.3127,3.4642,5.556,20.0,6.1926,37.9091,43.6192,True
606,MOVING,116161.3,-4.68,0.3553,64.78,3.36,61.42,0.2854,3.2669,5.556,20.0,6.3103,55.1128,58.4709,True
611,MOVING,77597.1,0.58,0.3046,91.35,5.57,85.77,0.3208,3.2899,5.556,20.0,6.4739,79.2994,84.8712,True
616,MOVING,158259.8,0.18,0.268,67.04,3.47,63.56,0.3071,2.8915,5.556,20.0,7.0438,56.5176,59.9917,True
621,MOVING,90883.7,-2.28,0.3248,59.69,5.05,54.64,0.2772,3.2061,5.556,20.0,6.3546,48.2874,53.3352,True
626,MOVING,107755.6,2.46,0.2544,52.67,3.12,49.54,0.2935,2.9797,5.556,20.0,6.8105,42.7335,45.8547,True
631,MOVING,139271.5,0.88,0.3723,70.91,5.8,65.12,0.3264,3.9823,5.556,20.0,5.6894,59.4262,65.2255,True
636,MOVING,114938.2,7.35,0.3087,90.16,3.02,87.14,0.303,3.9825,5.556,20.0,5.5591,81.5822,84.6055,True
641,MOVING,75836.5,1.15,0.3001,98.7,3.19,95.52,0.3294,3.301,5.556,20.0,6.5061,89.0094,92.1954,True
646,MOVING,155483.2,-6.81,0.3757,24.17,4.21,19.96,0.3285,3.1153,5.556,20.0,6.7794,13.1837,17.3943,True
651,MOVING,81953.2,6.99,0.343,11.57,3.29,8.28,0.2936,4.284,5.556,20.0,5.2343,3.0484,6.3366,True
656,MOVING,85673.6,6.95,0.3717,23.11,3.93,19.17,0.3131,4.5608,5.556,20.0,5.1239,14.0503,17.9826,True
661,MOVING,106582.9,-0.47,0.3601,94.98,5.62,89.36,0.3169,3.7307,5.556,20.0,5.8979,83.4632,89.0816,True
666,MOVING,87986.6,-5.77,0.3773,91.49,4.58,86.91,0.3337,3.3735,5.556,20.0,6.4295,80.4826,85.0638,True
671,MOVING,89863.7,6.54,0.2617,33.15,5.84,27.31,0.3124,3.4453,5.556,20.0,6.2156,21.0931,26.9367,True
676,MOVING,163887.6,4.35,0.2727,61.84,4.78,57.06,0.3154,3.3424,5.556,20.0,6.37,50.6887,55.4731,True
681,MOVING,148762.1,-0.39,0.2909,79.14,4.91,74.23,0.3143,3.06,5.556,20.0,6.7904,67.4418,72.3497,True
686,MOVING,124943.8,-3.23,0.3285,97.48,5.64,91.85,0.3383,3.1474,5.556,20.0,6.7835,85.0647,90.7011,True
691,MOVING,103616.7,3.61,0.2998,35.55,4.54,31.0,0.3177,3.537,5.556,20.0,6.1287,24.8754,29.4203,True
696,MOVING,129871.7,4.95,0.3067,29.48,5.39,24.09,0.3307,3.7342,5.556,20.0,5.9707,18.1168,23.5114,True
701,MOVING,122731.9,-5.05,0.3822,85.38,4.46,80.93,0.3266,3.494,5.556,20.0,6.2321,74.6965,79.1518,True
706,MOVING,164581.4,1.43,0.3972,92.19,3.31,88.88,0.2859,3.7269,5.556,20.0,5.7296,83.1479,86.4557,True
711,MOVING,143560.8,0.88,0.3327,98.48,3.9,94.57,0.2788,3.5945,5.556,20.0,5.8429,88.7317,92.6323,True
716,MOVING,159051.9,-7.4,0.3616,78.63,5.86,72.78,0.3548,2.9789,5.556,20.0,7.1524,65.624,71.4824,True
721,MOVING,159858.2,2.86,0.3763,58.55,3.23,55.32,0.3187,3.966,5.556,20.0,5.6626,49.6593,52.8915,True
726,MOVING,151027.3,-1.69,0.3809,26.73,4.51,22.22,0.3032,3.7215,5.556,20.0,5.832,16.3834,20.8948,True
731,MOVING,89030.3,-2.17,0.3927,24.76,4.45,20.31,0.3182,3.8818,5.556,20.0,5.7441,14.5708,19.0207,True
736,MOVING,154263.8,-4.64,0.3301,67.4,5.42,61.98,0.3192,3.0235,5.556,20.0,6.8784,55.1045,60.5242,True
741,MOVING,116335.2,-5.35,0.3801,22.41,5.09,17.31,0.3038,3.4429,5.556,20.0,6.1711,11.1422,16.2369,True
746,MOVING,156311.1,1.27,0.3974,94.67,5.03,89.63,0.3532,3.8887,5.556,20.0,5.9314,83.7028,88.737,True
751,MOVING,84696.2,-1.18,0.3843,6.82,3.91,2.91,0.3052,3.8982,3.722,13.4,2.9127,0.0,3.9067,True
756,MOVING,146653.3,2.34,0.2743,91.58,4.22,87.36,0.3465,3.1644,5.556,20.0,6.8028,80.5559,84.7761,True
761,MOVING,87878.3,-7.23,0.3066,95.69,5.97,89.71,0.3128,2.5355,5.556,20.0,7.8255,81.8884,87.861,True
766,MOVING,126144.9,2.09,0.2853,93.98,3.75,90.23,0.2921,3.2477,5.556,20.0,6.3754,83.8584,87.6046,True
771,MOVING,84122.8,-0.44,0.2717,19.58,4.38,15.19,0.3032,2.8668,5.556,20.0,7.0685,8.1245,12.5076,True
776,MOVING,87717.4,-7.91,0.3989,55.63,5.63,50.0,0.2885,3.3715,5.556,20.0,6.1809,43.8194,49.45,True
781,MOVING,137496.3,7.34,0.3841,20.5,4.06,16.44,0.2818,4.7196,5.556,20.0,4.8362,11.6017,15.6618,True
786,MOVING,157123.2,-6.64,0.27,26.26,4.27,21.99,0.3101,2.2368,5.556,20.0,8.6233,13.3656,17.6326,True
791,MOVING,88031.7,4.59,0.2579,20.29,5.51,14.78,0.2982,3.2211,5.556,20.0,6.4483,8.3338,13.8389,True
796,MOVING,153799.3,-2.55,0.3674,89.53,4.26,85.27,0.2813,3.5716,5.556,20.0,5.8842,79.3848,83.6469,True
801,MOVING,138712.3,-2.38,0.3288,72.25,4.94,67.31,0.2987,3.235,5.556,20.0,6.4305,60.883,65.8205,True
806,MOVING,141384.6,-6.58,0.2767,36.18,5.82,30.36,0.3259,2.3085,5.556,20.0,8.4963,21.8607,27.6848,True
811,MOVING,164113.0,2.31,0.3176,72.39,4.26,68.14,0.3127,3.5856,5.556,20.0,6.0419,62.0932,66.3514,True
816,MOVING,121473.7,1.24,0.3535,18.16,3.37,14.79,0.3195,3.8324,5.556,20.0,5.8026,8.9838,12.357,True
821,MOVING,147461.1,-0.1,0.3888,23.87,4.63,19.24,0.3322,3.9656,5.556,20.0,5.7379,13.4977,18.1301,True
826,MOVING,158166.8,0.1,0.2954,40.5,5.58,34.92,0.2972,3.1517,5.556,20.0,6.5485,28.3757,33.9545,True
831,MOVING,94551.3,-4.34,0.3822,95.08,5.67,89.41,0.3134,3.5643,5.556,20.0,6.0719,83.3392,89.006,True
836,MOVING,112331.7,7.46,0.3108,35.54,3.98,31.56,0.3153,4.0141,5.556,20.0,5.5968,25.9591,29.9384,True
841,MOVING,75198.1,5.67,0.2557,73.42,5.25,68.18,0.352,3.304,5.556,20.0,6.6273,61.5499,66.7961,True
846,MOVING,111938.1,5.69,0.3911,29.8,3.13,26.68,0.3445,4.6304,5.556,20.0,5.2475,21.4275,24.5574,True
851,MOVING,80137.5,0.02,0.289,50.24,3.51,46.74,0.2752,3.0803,5.556,20.0,6.5395,40.1969,43.7042,True
856,MOVING,91447.9,0.91,0.3071,48.65,4.08,44.56,0.3484,3.3459,5.556,20.0,6.5487,38.0163,42.0975,True
861,MOVING,144960.8,7.19,0.2917,18.93,5.27,13.66,0.3042,3.8015,5.556,20.0,5.7506,7.906,13.1804,True
866,MOVING,125207.1,7.51,0.2634,24.39,5.34,19.05,0.2947,3.5553,5.556,20.0,5.9785,13.0673,18.4075,True
871,MOVING,108157.8,-6.95,0.349,58.82,3.32,55.5,0.333,2.9789,5.556,20.0,7.0314,48.4713,51.7892,True
876,MOVING,88288.0,-3.13,0.2987,29.78,3.49,26.29,0.286,2.8661,5.556,20.0,6.9742,19.3114,22.8046,True
881,MOVING,95143.3,-2.01,0.2972,50.82,4.84,45.98,0.3337,2.9621,5.556,20.0,7.0645,38.9126,43.7571,True
886,MOVING,90336.8,3.11,0.256,55.74,5.69,50.05,0.3187,3.0598,5.556,20.0,6.815,43.2362,48.9283,True
891,MOVING,140087.4,5.69,0.3749,66.08,3.99,62.08,0.3055,4.4724,5.556,20.0,5.1484,56.9357,60.9304,True
896,MOVING,92756.1,-5.55,0.2866,88.04,5.27,82.77,0.336,2.5075,5.556,20.0,8.0222,74.7474,80.0131,True
901,MOVING,93021.6,0.23,0.3746,83.88,3.79,80.09,0.2914,3.941,5.556,20.0,5.5353,74.5596,78.3455,True
906,MOVING,155679.5,-1.41,0.3903,78.96,3.75,75.21,0.3247,3.6396,5.556,20.0,6.0449,69.1635,72.9151,True
911,MOVING,128012.0,-7.91,0.3565,17.47,4.27,13.2,0.2677,2.9561,5.556,20.0,6.7086,6.4871,10.7588,True
916,MOVING,113905.6,-6.77,0.3422,8.78,4.29,4.49,0.3344,2.9301,4.2432,15.28,4.4914,0.0,4.2865,True
921,MOVING,153464.8,3.47,0.3913,60.27,5.86,54.41,0.3108,4.1689,5.556,20.0,5.4291,48.9836,54.8397,True
926,MOVING,76055.9,-4.56,0.3831,66.74,5.68,61.06,0.3017,3.5511,5.556,20.0,6.0228,55.0414,60.7203,True
931,MOVING,86751.1,5.82,0.3444,39.48,3.25,36.22,0.2838,4.1857,5.556,20.0,5.2644,30.9592,34.2109,True
936,MOVING,98916.1,-4.93,0.2658,50.16,3.19,46.97,0.2965,2.3653,5.556,20.0,8.1727,38.7991,41.9899,True
941,MOVING,99076.1,1.96,0.3723,82.57,5.87,76.71,0.2824,4.0873,5.556,20.0,5.3454,71.3607,77.2262,True
946,MOVING,75006.1,2.88,0.2908,78.85,3.24,75.61,0.2885,3.3779,5.556,20.0,6.1723,69.4341,72.6769,True
951,MOVING,128947.3,-5.26,0.3963,51.54,4.49,47.05,0.2947,3.6112,5.556,20.0,5.9117,41.136,45.63,True
956,MOVING,109057.2,5.74,0.3956,35.47,4.62,30.85,0.3121,4.6798,5.556,20.0,5.0322,25.8225,30.438,True
961,MOVING,81576.1,-2.96,0.3782,87.85,5.74,82.11,0.325,3.6623,5.556,20.0,6.0203,76.0912,81.8306,True
966,MOVING,106544.1,-5.35,0.3005,81.82,3.4,78.42,0.2975,2.6642,5.556,20.0,7.4461,70.9742,74.3725,True
971,MOVING,134725.9,-1.75,0.3951,78.22,4.77,73.44,0.2928,3.9474,5.556,20.0,5.5369,67.9068,72.6786,True
976,MOVING,97997.2,-0.83,0.3057,73.64,5.62,68.02,0.2818,3.162,5.556,20.0,6.4469,61.5766,67.1953,True
981,MOVING,104583.3,3.08,0.388,73.81,5.8,68.0,0.294,4.3507,5.556,20.0,5.1809,62.8217,68.6257,True
986,MOVING,119337.5,-4.58,0.2618,14.92,3.21,11.7,0.3387,2.3608,5.556,20.0,8.4196,3.2846,6.4981,True
991,MOVING,147146.6,2.57,0.3547,21.97,4.79,17.18,0.3401,3.9739,5.556,20.0,5.7738,11.4108,16.2009,True
996,MOVING,82379.8,-2.25,0.2726,76.06,3.03,73.03,0.3163,2.6977,5.556,20.0,7.4786,65.5543,68.5858,True
1001,MOVING,90939.7,0.53,0.3659,39.69,5.79,33.9,0.325,3.885,5.556,20.0,5.7786,28.1263,33.9122,True
1006,MOVING,134278.7,7.18,0.3327,10.33,4.36,5.96,0.3368,4.2013,5.556,20.0,5.545,0.4186,4.7835,True
1011,MOVING,94240.7,0.2,0.3462,84.78,3.01,81.77,0.3071,3.6599,5.556,20.0,5.9233,75.8473,78.8544,True
1016,MOVING,158660.2,6.79,0.295,63.77,5.92,57.86,0.32,3.7948,5.556,20.0,5.845,52.0116,57.9283,True
1021,MOVING,137814.0,3.24,0.3012,7.36,3.4,3.97,0.3274,3.5148,4.2525,15.31,3.965,0.0,3.3967,True
1026,MOVING,117390.6,1.06,0.3727,89.83,3.14,86.69,0.3013,4.0045,5.556,20.0,5.5286,81.164,84.3051,True
1031,MOVING,77386.2,-3.63,0.2964,33.22,3.21,30.01,0.3065,2.7933,5.556,20.0,7.2284,22.7848,25.9945,True
1036,MOVING,137710.4,7.12,0.2787,44.48,4.96,39.52,0.3336,3.6671,5.556,20.0,6.0625,33.4618,38.4194,True
1041,MOVING,123363.5,1.19,0.356,69.91,5.79,64.12,0.2953,3.8533,5.556,20.0,5.646,58.4697,64.2603,True
1046,MOVING,130351.5,3.41,0.364,75.8,4.71,71.09,0.3207,4.1466,5.556,20.0,5.5039,65.5886,70.2937,True
1051,MOVING,154035.2,-7.63,0.3307,21.33,3.8,17.53,0.3078,2.7318,5.556,20.0,7.3602,10.1725,13.9695,True
1056,MOVING,106090.1,-2.46,0.3326,99.28,5.14,94.14,0.3091,3.2652,5.556,20.0,6.4445,87.6989,92.834,True
1061,MOVING,153941.5,4.08,0.3157,40.47,3.94,36.53,0.295,3.7382,5.556,20.0,5.7679,30.7611,34.7015,True
1066,MOVING,141488.8,-6.54,0.337,98.96,5.0,93.96,0.3216,2.9025,5.556,20.0,7.1048,86.8537,91.8509,True
1071,MOVING,101112.2,-3.72,0.2699,39.38,5.11,34.27,0.3041,2.526,5.556,20.0,7.8002,26.4655,31.5795,True
1076,MOVING,113141.2,0.5,0.2529,21.37,3.0,18.36,0.308,2.7743,5.556,20.0,7.2743,11.0901,14.0932,True
1081,MOVING,145950.6,7.94,0.387,91.86,5.14,86.72,0.3189,4.7888,5.556,20.0,4.9948,81.7204,86.8653,True
1086,MOVING,116767.2,-1.73,0.2609,77.45,5.09,72.36,0.3049,2.6337,5.556,20.0,7.5544,64.8053,69.8935,True
1091,MOVING,160260.0,7.24,0.3507,30.67,3.82,26.85,0.3165,4.3832,5.556,20.0,5.28,21.5735,25.3941,True
1096,MOVING,90152.3,-2.97,0.2515,21.15,4.5,16.65,0.3324,2.4194,5.556,20.0,8.2265,8.4234,12.9211,True
1101,MOVING,79292.6,-3.64,0.353,36.43,5.72,30.71,0.322,3.3479,5.556,20.0,6.3992,24.3138,30.0331,True
1106,MOVING,89911.4,-6.33,0.2703,93.07,3.06,90.01,0.3128,2.2698,5.556,20.0,8.5379,81.4762,84.5336,True
1111,MOVING,148648.7,2.27,0.3869,24.49,4.52,19.96,0.2658,4.1673,5.556,20.0,5.1807,14.783,19.308,True
1116,MOVING,127077.9,6.03,0.2726,77.32,3.5,73.82,0.2845,3.503,5.556,20.0,5.9869,67.8325,71.3333,True
1121,MOVING,155320.4,3.94,0.3117,95.42,4.33,91.09,0.3121,3.6849,5.556,20.0,5.9228,85.1636,89.4949,True
1126,MOVING,124403.4,3.56,0.377,62.32,3.77,58.55,0.3155,4.2884,5.556,20.0,5.352,53.2026,56.9721,True
1131,MOVING,140192.9,4.41,0.3923,44.11,5.83,38.28,0.2984,4.52,5.556,20.0,5.0728,33.2029,39.0378,True
1136,MOVING,80966.0,-5.4,0.2764,78.31,3.88,74.43,0.3001,2.4223,5.556,20.0,8.0391,66.3888,70.2711,True
1141,MOVING,149458.3,4.27,0.3675,12.2,3.8,8.4,0.3195,4.2641,5.556,20.0,5.3949,3.0063,6.8015,True
1146,MOVING,154394.6,2.73,0.353,5.46,4.4,1.07,0.3082,3.9737,1.9319,6.95,1.065,0.0,4.3989,True
1151,MOVING,138815.2,-7.64,0.3555,66.88,5.75,61.13,0.2971,2.9728,5.556,20.0,6.8426,54.2853,60.0393,True
1156,MOVING,142873.6,-3.04,0.3303,4.77,3.92,0.85,0.3104,3.1842,1.5392,5.54,0.8497,0.0,3.923,True
1161,MOVING,149562.2,-3.96,0.2598,25.62,4.99,20.62,0.2943,2.4021,5.556,20.0,8.0605,12.5634,17.5559,True
1166,MOVING,148844.0,0.54,0.2987,67.26,3.05,64.22,0.3301,3.2276,5.556,20.0,6.616,57.6001,60.6474,True
1171,MOVING,130448.8,5.49,0.3917,30.85,3.47,27.38,0.3249,4.618,5.556,20.0,5.1476,22.2346,25.704,True
1176,MOVING,123408.7,0.87,0.3588,20.59,4.17,16.43,0.2962,3.8495,5.556,20.0,5.6553,10.7715,14.9374,True
1181,MOVING,162113.8,3.58,0.2731,22.52,4.2,18.32,0.3249,3.2725,5.556,20.0,6.5216,11.8011,16.0019,True
1186,MOVING,159756.4,7.84,0.2741,41.75,5.08,36.67,0.3108,3.6913,5.556,20.0,5.908,30.7655,35.8443,True
1191,MOVING,80162.6,1.72,0.2966,39.83,3.05,36.78,0.2875,3.322,5.556,20.0,6.2434,30.5327,33.5853,True
1196,MOVING,153745.6,-3.76,0.2785,79.25,3.14,76.11,0.3197,2.6065,5.556,20.0,7.6977,68.4094,71.5527,True
1201,MOVING,143381.1,-4.37,0.2532,66.45,3.23,63.22,0.3121,2.2984,5.556,20.0,8.4497,54.767,57.9974,True
1206,MOVING,144492.3,6.65,0.2636,84.79,4.26,80.53,0.2935,3.4742,5.556,20.0,6.0732,74.4607,78.718,True
1211,MOVING,112995.6,-5.74,0.3112,51.11,3.57,47.55,0.3354,2.7305,5.556,20.0,7.5164,40.0294,43.5958,True
1216,MOVING,94200.4,-4.02,0.2666,40.34,3.26,37.07,0.3088,2.4637,5.556,20.0,7.9806,29.0915,32.3552,True
1221,MOVING,161004.0,-6.95,0.2953,18.85,3.98,14.87,0.306,2.4538,5.556,20.0,7.99,6.8815,10.8574,True
1226,MOVING,132425.1,-1.22,0.3931,16.75,3.45,13.31,0.3119,3.9797,5.556,20.0,5.6112,7.6955,11.1419,True
1231,MOVING,155810.1,4.74,0.3157,69.98,5.63,64.35,0.2998,3.8008,5.556,20.0,5.7263,58.6232,64.2489,True
1236,MOVING,107720.2,0.16,0.2803,7.34,4.33,3.02,0.2904,3.0104,3.4761,12.51,3.0164,0.0,4.3252,True
1241,MOVING,153479.0,-4.3,0.3753,36.64,3.73,32.91,0.2933,3.4068,5.556,20.0,6.1604,26.7448,30.4757,True
1246,MOVING,131299.2,4.37,0.3924,66.96,3.78,63.18,0.2614,4.5173,5.556,20.0,4.8689,58.3081,62.0862,True
1251,MOVING,146883.2,0.86,0.3683,26.94,5.68,21.26,0.3181,3.9416,5.556,20.0,5.683,15.575,21.2584,True
1256,MOVING,113373.0,7.24,0.2639,7.59,3.24,4.35,0.3115,3.5334,4.5513,16.38,4.3488,0.0,3.2429,True
1261,MOVING,98612.9,-3.63,0.2686,16.27,4.92,11.35,0.3288,2.522,5.556,20.0,7.9471,3.4033,8.3219,True
1266,MOVING,80628.9,6.32,0.3548,95.39,3.59,91.81,0.2922,4.336,5.556,20.0,5.1833,86.6247,90.2113,True
1271,MOVING,137590.8,-5.6,0.3248,56.17,5.19,50.98,0.3309,2.8763,5.556,20.0,7.2045,43.7722,48.9665,True
1276,MOVING,83601.1,-3.2,0.2539,99.97,4.53,95.44,0.3329,2.4202,5.556,20.0,8.2267,87.2167,91.7439,True
1281,MOVING,130561.2,-3.8,0.2914,36.24,5.66,30.58,0.3039,2.7285,5.556,20.0,7.3452,23.239,28.8987,True
1286,MOVING,121370.6,-4.8,0.3868,74.89,5.57,69.31,0.3112,3.5632,5.556,20.0,6.0605,63.2537,68.8282,True
1291,MOVING,110318.5,1.4,0.3935,55.63,5.93,49.69,0.2955,4.2414,5.556,20.0,5.2809,44.4129,50.3446,True
1296,MOVING,92313.7,-7.82,0.2913,16.07,5.02,11.04,0.331,2.3282,5.556,20.0,8.4682,2.5766,7.5978,True
1301,MOVING,76890.1,-1.07,0.3256,14.03,3.48,10.55,0.3332,3.3323,5.556,20.0,6.4831,4.0683,7.5443,True
1306,MOVING,153693.7,-7.18,0.37,42.79,4.25,38.54,0.3164,3.1206,5.556,20.0,6.704,31.8372,36.0889,True
1311,MOVING,81330.5,-6.27,0.3329,84.28,4.0,80.28,0.2767,2.8889,5.556,20.0,6.88,73.4014,77.3979,True
1316,MOVING,132887.4,4.47,0.3632,74.3,4.41,69.89,0.267,4.2411,5.556,20.0,5.1228,64.7656,69.1759,True
1321,MOVING,96609.9,1.65,0.2703,17.85,5.25,12.61,0.3323,3.0566,5.556,20.0,6.8957,5.7111,10.957,True
1326,MOVING,104826.0,-2.98,0.3296,59.08,4.78,54.29,0.3132,3.184,5.556,20.0,6.5875,47.706,52.4879,True
1331,MOVING,124815.8,5.34,0.3106,75.09,3.21,71.88,0.2997,3.8102,5.556,20.0,5.7162,66.1624,69.3762,True
1336,MOVING,133504.8,1.05,0.3488,32.86,3.01,29.85,0.2938,3.7692,5.556,20.0,5.7275,24.1179,27.1318,True
1341,MOVING,97578.0,-1.62,0.2787,90.84,5.53,85.31,0.3379,2.8183,5.556,20.0,7.3541,77.9586,83.487,True
1346,MOVING,112932.6,7.23,0.346,33.71,3.87,29.85,0.3271,4.3353,5.556,20.0,5.3777,24.4683,28.3345,True
1351,MOVING,153333.4,-1.72,0.279,71.1,4.59,66.51,0.3206,2.8127,5.556,20.0,7.2689,59.2418,63.8274,True
1356,MOVING,153918.2,-5.87,0.2724,88.65,3.87,84.78,0.3176,2.3368,5.556,20.0,8.3699,76.4068,80.2779,True
1361,MOVING,157481.2,4.31,0.3337,91.47,3.91,87.55,0.2573,3.9359,5.556,20.0,5.351,82.202,86.1149,True
1366,MOVING,86038.4,3.66,0.3006,96.44,3.3,93.14,0.3368,3.5496,5.556,20.0,6.2196,86.9154,90.2184,True
1371,MOVING,162882.7,6.93,0.3293,53.0,4.6,48.4,0.3151,4.144,5.556,20.0,5.4751,42.9207,47.5203,True
1376,MOVING,153673.6,-0.8,0.3459,52.18,4.7,47.48,0.3368,3.5586,5.556,20.0,6.2083,41.2692,45.9675,True
1381,MOVING,88962.4,-1.19,0.2753,83.11,3.7,79.41,0.2844,2.8282,5.556,20.0,7.0374,72.3698,76.0714,True
1386,MOVING,103754.9,-0.3,0.3083,98.52,3.05,95.47,0.3321,3.239,5.556,20.0,6.6106,88.858,91.9096,True
1391,MOVING,95598.6,-7.82,0.3615,46.64,5.07,41.57,0.2871,3.014,5.556,20.0,6.7163,34.8519,39.9267,True
1396,MOVING,149842.8,-3.94,0.2729,80.92,5.09,75.83,0.3044,2.5331,5.556,20.0,7.7841,68.047,73.1381,True
1401,MOVING,89284.3,-5.64,0.3297,50.84,5.47,45.36,0.3105,2.9201,5.556,20.0,7.0106,38.3539,43.8283,True
1406,MOVING,117428.7,1.44,0.3959,56.2,3.9,52.3,0.3132,4.2687,5.556,20.0,5.3557,46.948,50.8447,True
1411,MOVING,92834.5,-6.09,0.3851,84.65,3.66,80.99,0.2908,3.4189,5.556,20.0,6.1302,74.8602,78.5239,True
1416,MOVING,159699.4,-3.11,0.3042,51.94,5.91,46.02,0.3176,2.9212,5.556,20.0,7.0481,38.9728,44.887,True
1421,MOVING,102928.3,3.27,0.3686,5.1,4.69,0.42,0.3354,4.1777,0.936,3.37,0.4188,0.0,4.685,True
1426,MOVING,162308.4,-2.16,0.3668,24.52,3.98,20.53,0.3091,3.422,5.556,20.0,6.2277,14.307,18.2888,True
1431,MOVING,115608.7,-4.92,0.388,19.27,5.98,13.29,0.2921,3.5643,5.556,20.0,5.9532,7.3323,13.3157,True
1436,MOVING,76742.6,0.12,0.2901,23.87,5.54,18.32,0.3209,3.1026,5.556,20.0,6.7575,11.5675,17.1079,True
1441,MOVING,162747.0,-3.26,0.3213,16.14,3.08,13.06,0.313,3.0749,5.556,20.0,6.7584,6.3032,9.3822,True
1446,MOVING,90209.2,5.31,0.2951,16.35,5.15,11.19,0.3475,3.654,5.556,20.0,6.1548,5.0402,10.1921,True
1451,MOVING,119491.5,-5.21,0.3821,12.03,3.31,8.72,0.3234,3.4764,5.556,20.0,6.2365,2.4799,5.7896,True
1456,MOVING,159181.8,-6.39,0.2548,89.84,4.91,84.92,0.2867,2.1135,5.556,20.0,8.896,76.0264,80.9402,True
1461,MOVING,110038.6,-4.2,0.358,6.87,5.45,1.42,0.3236,3.3418,2.1817,7.85,1.4183,0.0,5.4523,True
1466,MOVING,78411.4,-7.49,0.3869,56.9,3.85,53.05,0.2936,3.2956,5.556,20.0,6.3146,46.7391,50.5869,True
1471,MOVING,125882.0,-7.06,0.2537,61.36,5.37,56.0,0.3111,2.0357,5.556,20.0,9.3106,46.6857,52.0513,True
1476,MOVING,135084.8,-5.08,0.326,35.44,3.39,32.04,0.333,2.9406,5.556,20.0,7.0992,24.9443,28.3388,True
1481,MOVING,148831.8,1.65,0.3174,63.71,5.28,58.43,0.2997,3.5193,5.556,20.0,6.0508,52.3822,57.6592,True
1486,MOVING,107531.2,-1.56,0.3905,16.79,5.35,11.45,0.3195,3.9217,5.556,20.0,5.7108,5.7355,11.0835,True
1491,MOVING,95735.3,7.05,0.3505,25.38,3.95,21.43,0.337,4.3621,5.556,20.0,5.4108,16.0202,19.9658,True
1496,MOVING,135141.5,0.75,0.354,81.67,3.17,78.5,0.3441,3.7902,5.556,20.0,5.9841,72.5202,75.6871,True
1501,MOVING,121496.0,-3.07,0.2969,24.69,5.4,19.29,0.3067,2.8547,5.556,20.0,7.1109,12.1762,17.5775,True
1506,MOVING,110492.3,5.45,0.2893,80.1,5.04,75.06,0.309,3.6117,5.556,20.0,5.9904,69.0674,74.109,True
1511,MOVING,148388.2,-7.33,0.2589,58.04,3.4,54.64,0.3067,2.0601,5.556,20.0,9.1959,45.4468,48.8423,True
1516,MOVING,74692.0,2.04,0.3223,5.06,4.96,0.1,0.3316,3.6058,0.2745,0.99,0.1015,0.0,4.9579,True
1521,MOVING,79514.5,2.97,0.2547,71.43,3.65,67.78,0.2851,3.0335,5.556,20.0,6.6719,61.1111,64.7622,True
1526,MOVING,97495.1,4.1,0.262,83.15,3.53,79.63,0.2863,3.2142,5.556,20.0,6.3928,73.2355,76.762,True
1531,MOVING,102484.7,7.54,0.3092,36.52,3.31,33.21,0.3063,4.0054,5.556,20.0,5.5553,27.6525,30.9639,True
1536,MOVING,85152.6,5.62,0.38,6.2,3.06,3.14,0.3068,4.5162,4.116,14.82,3.1383,-0.0,3.0585,True
1541,MOVING,138877.7,5.32,0.3589,42.38,4.77,37.61,0.2969,4.2811,5.556,20.0,5.2551,32.3544,37.1261,True
1546,MOVING,118244.4,-1.22,0.377,56.58,5.51,51.07,0.3251,3.8223,5.556,20.0,5.8442,45.2219,50.7365,True
1551,MOVING,161053.4,-5.12,0.3341,90.3,4.66,85.64,0.3133,3.0159,5.556,20.0,6.8584,78.7807,83.4367,True
1556,MOVING,93402.1,1.04,0.2921,54.48,5.45,49.03,0.2845,3.2114,5.556,20.0,6.3867,42.6419,48.0952,True
1561,MOVING,106338.1,-1.37,0.3622,28.86,5.16,23.7,0.2878,3.662,5.556,20.0,5.8138,17.8828,23.0452,True
1566,MOVING,112772.1,-3.79,0.3426,17.77,5.42,12.35,0.3075,3.2315,5.556,20.0,6.4845,5.8655,11.2822,True
1571,MOVING,127674.7,-3.58,0.2761,85.96,4.87,81.09,0.2861,2.6001,5.556,20.0,7.526,73.5625,78.4297,True
1576,MOVING,82757.9,-5.57,0.3414,45.77,4.26,41.51,0.3088,3.0422,5.556,20.0,6.7892,34.7224,38.9858,True
1581,MOVING,95223.2,-6.26,0.3895,73.09,3.83,69.27,0.2865,3.4446,5.556,20.0,6.0724,63.194,67.0226,True
1586,STAGED_STOPPED,86484.2,2.62,0.2526,3.95,5.6,0.0,0.3141,2.9786,0.0,0.0,0.0,0.0,3.9517,True
1591,MOVING,137357.9,-0.44,0.3405,89.82,3.86,85.96,0.3069,3.5418,5.556,20.0,6.0627,79.9003,83.7582,True
1596,MOVING,126922.4,4.75,0.3843,82.09,4.33,77.76,0.2963,4.475,5.556,20.0,5.095,72.6697,76.9966,True
1601,MOVING,91555.9,-1.84,0.3935,32.41,3.18,29.24,0.311,3.9227,5.556,20.0,5.6627,23.573,26.7492,True
1606,MOVING,121494.0,4.62,0.3756,91.55,5.32,86.24,0.304,4.3772,5.556,20.0,5.215,81.0208,86.3366,True
1611,MOVING,154527.2,6.46,0.355,67.62,5.36,62.26,0.3346,4.351,5.556,20.0,5.4065,56.8511,62.2145,True
1616,MOVING,135258.1,4.57,0.2973,5.79,4.76,1.03,0.2998,3.6056,1.8522,6.67,1.031,0.0,4.7633,True
1621,MOVING,116566.3,0.83,0.2643,61.56,3.45,58.11,0.2988,2.9185,5.556,20.0,6.9486,51.1583,54.6112,True
1626,MOVING,137135.4,-6.86,0.2781,39.28,4.65,34.63,0.3063,2.2947,5.556,20.0,8.4281,26.2041,30.8499,True
1631,MOVING,143188.9,6.86,0.3767,3.45,3.39,0.06,0.3045,4.6018,0.1793,0.65,0.0581,0.0,3.3869,True
1636,MOVING,95469.8,-1.9,0.26,99.04,3.43,95.61,0.2999,2.6081,5.556,20.0,7.5839,88.0308,91.4561,True
1641,MOVING,123406.1,7.78,0.3955,90.02,5.08,84.94,0.3049,4.8721,5.556,20.0,4.8621,80.0767,85.1593,True
1646,MOVING,143107.2,-6.4,0.3976,21.81,4.06,17.75,0.3099,3.4619,5.556,20.0,6.1804,11.573,15.6343,True
1651,MOVING,77308.7,-2.25,0.2624,88.36,4.77,83.59,0.3415,2.5964,5.556,20.0,7.8417,75.7468,80.5204,True
1656,MOVING,159731.6,1.74,0.2631,46.49,3.88,42.61,0.2805,2.995,5.556,20.0,6.7121,35.8975,39.7744,True
1661,MOVING,128954.4,5.73,0.2738,14.41,3.34,11.07,0.3259,3.4871,5.556,20.0,6.2371,4.8375,8.1753,True
1666,MOVING,151905.4,-2.31,0.3761,40.8,4.3,36.5,0.3175,3.6389,5.556,20.0,6.0058,30.49,34.79,True
1671,MOVING,108827.0,-2.61,0.3216,16.79,3.42,13.37,0.3146,3.1416,5.556,20.0,6.6609,6.7073,10.1258,True
1676,MOVING,101878.1,-4.48,0.3836,96.61,5.71,90.9,0.3154,3.5641,5.556,20.0,6.0831,84.8197,90.5266,True
1681,MOVING,105668.1,-5.37,0.3558,21.62,3.98,17.64,0.3375,3.2029,5.556,20.0,6.6939,10.9469,14.9232,True
1686,MOVING,152874.3,-0.58,0.3013,43.18,4.66,38.52,0.2815,3.1433,5.556,20.0,6.4742,32.0458,36.7069,True
1691,MOVING,89997.7,-3.53,0.3895,28.91,5.15,23.76,0.3003,3.7163,5.556,20.0,5.8218,17.9362,23.0862,True
1696,MOVING,80237.8,-2.64,0.3957,49.38,3.02,46.36,0.3226,3.8648,5.556,20.0,5.7862,40.5722,43.5894,True
1701,MOVING,162372.7,-5.89,0.2581,19.27,4.13,15.14,0.3176,2.1948,5.556,20.0,8.797,6.3386,10.468,True
1706,MOVING,83668.3,2.18,0.3628,98.86,4.51,94.35,0.3102,4.0159,5.556,20.0,5.5667,88.7827,93.2902,True
1711,MOVING,87910.3,5.7,0.3668,35.19,3.47,31.72,0.3253,4.394,5.556,20.0,5.3202,26.3974,29.8705,True
1716,MOVING,165030.3,-1.56,0.281,40.18,3.22,36.96,0.3085,2.8481,5.556,20.0,7.1333,29.8254,33.0463,True
1721,MOVING,87015.8,-6.06,0.3317,31.92,3.54,28.38,0.3006,2.8983,5.556,20.0,6.9954,21.3882,24.9233,True
1726,MOVING,79699.7,-1.43,0.3259,88.7,5.91,82.79,0.3114,3.3001,5.556,20.0,6.4072,76.3815,82.2889,True
1731,MOVING,102022.2,3.36,0.3758,58.06,5.61,52.45,0.3409,4.2577,5.556,20.0,5.5192,46.9306,52.5399,True
1736,MOVING,155124.3,3.34,0.3189,83.49,4.89,78.6,0.2997,3.6981,5.556,20.0,5.8387,72.7613,77.6538,True
1741,MOVING,149719.7,-2.84,0.2541,39.94,4.26,35.68,0.3293,2.4571,5.556,20.0,8.1109,27.5651,31.828,True
1746,MOVING,118043.0,-5.37,0.3976,85.32,4.23,81.09,0.3489,3.613,5.556,20.0,6.2105,74.8794,79.1133,True
1751,MOVING,122980.9,0.53,0.2572,31.25,3.55,27.7,0.3219,2.8202,5.556,20.0,7.2615,20.4412,23.9918,True
1756,MOVING,147340.6,0.13,0.2525,24.72,5.39,19.33,0.3117,2.7337,5.556,20.0,7.3777,11.9572,17.3461,True
1761,MOVING,115575.5,3.11,0.3933,91.98,5.6,86.39,0.3203,4.4048,5.556,20.0,5.2838,81.1016,86.6976,True
1766,MOVING,103707.8,2.14,0.3967,17.96,4.53,13.43,0.3046,4.345,5.556,20.0,5.2447,8.1846,12.7141,True
1771,MOVING,116039.4,-7.87,0.3035,79.57,4.84,74.72,0.3021,2.4426,5.556,20.0,7.9972,66.7278,71.5687,True
1776,MOVING,102859.7,-3.1,0.3281,68.48,4.24,64.24,0.3094,3.1565,5.556,20.0,6.6089,57.6318,61.8672,True
1781,MOVING,77516.0,-3.26,0.3032,74.42,4.7,69.72,0.3265,2.8971,5.556,20.0,7.1418,62.5805,67.2791,True
1786,MOVING,155903.3,5.93,0.3337,95.91,5.95,89.96,0.2661,4.0925,5.556,20.0,5.25,84.7055,90.6565,True
1791,MOVING,87740.5,5.09,0.3504,72.65,5.71,66.95,0.2848,4.1751,5.556,20.0,5.2792,61.6665,67.3735,True
1796,MOVING,81758.5,5.95,0.3309,86.26,5.27,80.99,0.2984,4.0662,5.556,20.0,5.4536,75.5389,80.8112,True
1801,MOVING,161519.9,-5.17,0.3398,50.24,5.14,45.1,0.3012,3.0664,5.556,20.0,6.7071,38.3908,43.5335,True
1806,MOVING,144880.8,-6.16,0.2656,61.64,5.91,55.73,0.2787,2.2406,5.556,20.0,8.437,47.2895,53.2035,True
1811,MOVING,134417.7,7.45,0.2517,32.1,3.12,28.98,0.3054,3.4342,5.556,20.0,6.191,22.7881,25.9046,True
1816,MOVING,162559.2,0.25,0.3353,20.77,4.64,16.13,0.3241,3.5579,5.556,20.0,6.1389,9.988,14.6312,True
1821,MOVING,92820.4,6.75,0.2504,34.11,3.74,30.36,0.2974,3.3555,5.556,20.0,6.2524,24.1099,27.8546,True
1826,MOVING,122522.6,-3.35,0.2983,51.61,4.2,47.41,0.2893,2.8398,5.556,20.0,7.0425,40.3701,44.5722,True
1831,MOVING,163667.3,-0.74,0.2983,19.3,4.6,14.71,0.3637,3.098,5.556,20.0,7.0027,7.7039,12.3004,True
1836,MOVING,134067.8,-6.4,0.3962,80.17,4.1,76.07,0.2943,3.4964,5.556,20.0,6.0495,70.0239,74.1223,True
1841,MOVING,108053.3,-7.8,0.3125,41.34,3.01,38.33,0.3386,2.5371,5.556,20.0,7.9646,30.3638,33.375,True
1846,MOVING,96023.4,-6.99,0.3782,14.52,4.84,9.68,0.2931,3.2601,5.556,20.0,6.3628,3.3221,8.1593,True
1851,MOVING,100160.5,-3.39,0.2567,90.38,5.57,84.81,0.3239,2.4289,5.556,20.0,8.1541,76.6536,82.2246,True
1856,MOVING,97080.1,-6.08,0.3844,11.86,5.42,6.44,0.2997,3.4124,5.556,20.0,6.1882,0.2509,5.6746,True
1861,MOVING,145044.9,6.57,0.3477,54.14,4.29,49.85,0.294,4.2903,5.556,20.0,5.2308,44.618,48.9069,True
1866,MOVING,159771.0,-5.92,0.3986,55.52,4.47,51.05,0.309,3.1079,5.556,20.0,6.6828,44.3677,48.8404,True
1871,MOVING,148827.4,7.79,0.3396,49.7,4.39,45.31,0.3218,4.3261,5.556,20.0,5.3559,39.9544,44.3437,True
1876,MOVING,123614.7,6.99,0.2622,91.39,4.13,87.26,0.305,3.4935,5.556,20.0,6.1127,81.1512,85.2781,True
1881,MOVING,137033.0,-0.15,0.3299,5.69,3.76,1.93,0.3328,3.4653,2.6827,9.66,1.9312,0.0,3.7614,True
1886,MOVING,116232.5,-6.22,0.3155,66.03,4.73,61.3,0.3056,2.7232,5.556,20.0,7.3659,53.9334,58.6658,True
1891,MOVING,83074.8,2.79,0.3927,19.38,5.28,14.1,0.3156,4.3689,5.556,20.0,5.2865,8.8162,14.0971,True
1896,MOVING,141076.0,-3.27,0.3602,57.85,3.84,54.01,0.3009,3.4558,5.556,20.0,6.1383,47.8679,51.7127,True
1901,MOVING,124711.7,-6.96,0.3321,70.82,3.31,67.51,0.3262,2.8128,5.556,20.0,7.2997,60.2074,63.5194,True
1906,MOVING,92527.0,4.1,0.3479,21.02,4.95,16.08,0.319,4.056,5.556,20.0,5.5778,10.5016,15.4468,True
1911,MOVING,101962.8,6.82,0.3379,89.48,5.98,83.5,0.3158,4.2187,5.556,20.0,5.413,78.092,84.0708,True
1916,MOVING,140069.5,7.83,0.3159,20.54,4.16,16.38,0.3226,4.0978,5.556,20.0,5.559,10.8202,14.9842,True
1921,MOVING,137649.1,5.17,0.2726,7.61,4.47,3.14,0.3074,3.4212,3.7019,13.33,3.1406,0.0,4.4707,True
1926,MOVING,82508.6,5.93,0.2938,56.04,5.42,50.62,0.3071,3.7016,5.556,20.0,5.876,44.7433,50.1642,True
1931,MOVING,127068.5,3.04,0.3575,11.59,5.95,5.63,0.2736,4.0466,5.556,20.0,5.3342,0.2981,6.2522,True
1936,MOVING,147656.5,-5.03,0.2815,82.53,5.24,77.29,0.3362,2.5092,5.556,20.0,8.0193,69.2686,74.5117,True
1941,MOVING,79357.4,-6.55,0.2662,37.82,4.61,33.21,0.3368,2.2092,5.556,20.0,8.8576,24.3534,28.9616,True
1946,MOVING,121330.1,5.22,0.25,13.87,4.17,9.7,0.2997,3.2045,5.556,20.0,6.4817,3.2193,7.3892,True
1951,MOVING,82106.9,7.89,0.3342,55.6,5.74,49.86,0.3116,4.2834,5.556,20.0,5.3345,44.5255,50.2644,True
1956,MOVING,159379.9,5.54,0.2757,46.05,5.64,40.41,0.2832,3.4866,5.556,20.0,6.0003,34.4089,40.0513,True
1961,MOVING,84827.8,7.48,0.2613,86.92,3.55,83.37,0.3416,3.5316,5.556,20.0,6.2685,77.1031,80.6531,True
1966,MOVING,127780.9,-0.75,0.3949,49.44,5.03,44.41,0.3065,4.0444,5.556,20.0,5.5192,38.8871,43.9188,True
1971,MOVING,76213.5,-6.48,0.2864,86.36,5.01,81.35,0.3319,2.4133,5.556,20.0,8.2397,73.1083,78.1166,True
1976,MOVING,160072.2,5.77,0.383,17.84,3.87,13.97,0.3029,4.2456,5.556,20.0,5.3184,8.6527,12.522,True
1981,MOVING,91028.3,-5.73,0.2787,74.55,3.01,71.54,0.3121,2.412,5.556,20.0,8.133,63.411,66.418,True
1986,MOVING,81375.0,1.43,0.3881,67.96,3.39,64.57,0.2818,4.1907,5.556,20.0,5.2486,59.326,62.7121,True
1991,MOVING,144044.4,-6.39,0.3494,69.17,3.47,65.7,0.3293,3.039,5.556,20.0,6.9085,58.7905,62.2606,True
1996,MOVING,134111.4,-7.93,0.3187,57.14,3.75,53.39,0.3164,2.5854,5.556,20.0,7.7277,45.6621,49.4076,True
2001,MOVING,97946.1,2.47,0.3647,5.59,3.39,2.2,0.336,4.0625,3.0766,11.08,2.1985,0.0,3.3873,True
2006,MOVING,143484.9,6.85,0.3211,41.0,3.48,37.52,0.3174,4.0562,5.556,20.0,5.5689,31.9482,35.4327,True
2011,MOVING,77075.6,7.36,0.3971,8.55,3.05,5.5,0.277,4.8479,5.556,20.0,4.7229,0.7774,3.8247,True
2016,MOVING,111615.2,1.99,0.3348,32.9,4.3,28.61,0.3214,3.7229,5.556,20.0,5.9316,22.6752,26.9719,True
2021,MOVING,162150.6,-1.6,0.3617,13.62,5.62,8.0,0.3198,3.4805,5.556,20.0,6.2115,1.7862,7.409,True
2026,MOVING,97804.4,-7.03,0.2645,75.65,3.28,72.37,0.3231,2.1443,5.556,20.0,8.9935,63.3755,66.6576,True
2031,MOVING,92125.9,0.04,0.2583,43.21,5.74,37.47,0.3375,2.7819,5.556,20.0,7.4231,30.0491,35.7859,True
2036,MOVING,105979.8,0.7,0.3569,31.65,4.87,26.77,0.2961,3.8131,5.556,20.0,5.693,21.0806,25.9538,True
2041,MOVING,151831.4,1.98,0.3588,9.5,5.76,3.73,0.2753,3.9566,4.4552,16.04,3.7347,0.0,5.7609,True
2046,MOVING,140137.5,-6.47,0.2716,42.85,4.19,38.66,0.3242,2.2689,5.556,20.0,8.6039,30.0551,34.2492,True
2051,MOVING,115934.5,-3.56,0.3702,69.02,3.93,65.09,0.2906,3.5249,5.556,20.0,5.9932,59.0998,63.0285,True
2056,MOVING,135215.5,0.16,0.2815,23.33,3.26,20.07,0.3079,3.0214,5.556,20.0,6.8193,13.2464,16.5067,True
2061,MOVING,79698.0,7.24,0.319,22.01,5.1,16.92,0.3176,4.0724,5.556,20.0,5.5545,11.3646,16.4603,True
2066,MOVING,145944.5,-1.15,0.2912,53.35,4.69,48.66,0.3407,2.9886,5.556,20.0,7.0575,41.6022,46.2902,True
2071,MOVING,143242.8,-0.58,0.2956,15.68,4.71,10.97,0.2987,3.087,5.556,20.0,6.6594,4.3145,9.0226,True
2076,MOVING,153657.9,6.01,0.299,50.29,3.96,46.33,0.3112,3.7592,5.556,20.0,5.8349,40.4989,44.4553,True
2081,MOVING,76485.8,1.29,0.3838,85.07,4.77,80.31,0.303,4.136,5.556,20.0,5.415,74.8919,79.6586,True
2086,MOVING,119549.8,-3.38,0.3436,37.11,4.39,32.72,0.3028,3.2817,5.556,20.0,6.3856,26.3351,30.7276,True
2091,MOVING,144968.5,-3.63,0.3125,72.52,5.57,66.95,0.341,2.9517,5.556,20.0,7.1237,59.8222,65.397,True
2096,MOVING,146546.2,-5.02,0.3395,54.56,3.32,51.24,0.2976,3.079,5.556,20.0,6.6664,44.5763,47.8917,True
2101,MOVING,157730.7,-1.49,0.2551,58.97,4.5,54.47,0.3101,2.6002,5.556,20.0,7.6591,46.8138,51.3099,True
2106,MOVING,102983.7,5.56,0.3063,13.99,4.6,9.4,0.2974,3.7884,5.556,20.0,5.7264,3.6706,8.2677,True
2111,MOVING,86875.1,-6.22,0.3057,8.07,4.53,3.54,0.3277,2.6281,3.5357,12.73,3.5371,0.0,4.5328,True
2116,MOVING,87917.5,-6.77,0.3962,80.65,5.81,74.84,0.3026,3.4579,5.556,20.0,6.1446,68.6935,74.5033,True
2121,MOVING,147529.7,-2.42,0.3756,82.31,4.56,77.75,0.3168,3.6903,5.556,20.0,5.9426,71.8117,76.3679,True
2126,MOVING,135114.7,6.77,0.2622,86.55,5.85,80.7,0.2985,3.4727,5.556,20.0,6.1029,74.5954,80.448,True
2131,MOVING,88844.4,1.81,0.376,10.27,5.19,5.08,0.2943,4.1096,5.3634,19.31,5.0785,0.0,5.1899,True
2136,MOVING,155458.6,-2.44,0.2962,11.99,4.41,7.57,0.3403,2.9096,5.556,20.0,7.1953,0.3767,4.7905,True
2141,MOVING,148944.3,1.62,0.3263,70.43,3.45,66.98,0.2718,3.6039,5.556,20.0,5.793,61.1906,64.6373,True
2146,MOVING,149179.8,2.38,0.3024,26.41,4.34,22.07,0.2757,3.4425,5.556,20.0,6.0154,16.0569,20.3923,True
2151,MOVING,104671.5,-1.13,0.3445,21.83,3.94,17.89,0.3153,3.5129,5.556,20.0,6.1454,11.7408,15.6853,True
2156,MOVING,95948.5,-3.29,0.3088,97.2,3.83,93.37,0.3086,2.9496,5.556,20.0,6.9475,86.4211,90.2501,True
2161,MOVING,133580.0,-1.97,0.3094,47.42,5.37,42.05,0.3404,3.0851,5.556,20.0,6.8941,35.1582,40.5284,True
2166,MOVING,163588.1,1.82,0.3903,51.48,3.48,48.0,0.3024,3.7861,5.556,20.0,5.757,42.2461,45.7266,True
2171,MOVING,136798.9,-2.16,0.2961,8.51,4.81,3.7,0.3029,2.9369,3.8561,13.88,3.6994,0.0,4.8143,True
2176,MOVING,150589.3,2.9,0.3462,40.38,5.71,34.67,0.3412,3.9224,5.556,20.0,5.8306,28.836,34.5469,True
2181,MOVING,101935.9,-3.55,0.3896,63.53,3.48,60.05,0.317,3.7151,5.556,20.0,5.9158,54.1332,57.6138,True
2186,MOVING,159854.9,3.43,0.3056,40.98,3.92,37.06,0.2995,3.576,5.556,20.0,5.9804,31.0788,34.9999,True
2191,MOVING,97816.2,1.49,0.2871,38.26,3.55,34.71,0.3111,3.2071,5.556,20.0,6.5412,28.1704,31.7166,True
2196,MOVING,114905.6,-0.81,0.3488,40.89,5.85,35.04,0.3354,3.5864,5.556,20.0,6.1671,28.8773,34.7275,True
2201,MOVING,163377.2,-2.95,0.2598,92.29,3.63,88.66,0.3418,2.5022,5.556,20.0,8.0671,80.5896,84.2243,True
2206,MOVING,158004.0,-7.8,0.2597,85.08,3.78,81.3,0.2952,2.0208,5.556,20.0,9.2779,72.0204,75.8027,True
2211,MOVING,142987.5,1.87,0.3222,28.35,5.7,22.66,0.3163,3.5873,5.556,20.0,6.0601,16.5949,22.2938,True
2216,MOVING,101884.7,-0.91,0.3916,89.35,4.8,84.55,0.2847,3.9959,5.556,20.0,5.4444,79.1033,83.9072,True
2221,MOVING,138387.3,-6.8,0.2879,84.26,3.99,80.27,0.3267,2.3969,5.556,20.0,8.2548,72.0191,76.0091,True
2226,MOVING,116892.3,-0.23,0.3653,51.73,4.54,47.19,0.2955,3.8051,5.556,20.0,5.6982,41.4963,46.0346,True
2231,MOVING,142002.2,1.84,0.3125,40.78,4.35,36.42,0.2887,3.4898,5.556,20.0,6.0266,30.3967,34.7486,True
2236,MOVING,128279.8,7.5,0.3454,22.45,3.46,18.99,0.2951,4.3551,5.556,20.0,5.1838,13.8025,17.2644,True
2241,MOVING,146703.9,-6.35,0.3726,67.05,3.07,63.98,0.2719,3.2695,5.556,20.0,6.2316,57.7447,60.8179,True
2246,MOVING,121712.3,-6.19,0.2628,67.84,3.15,64.69,0.2747,2.2111,5.556,20.0,8.5067,56.1814,59.3301,True
2251,MOVING,82587.9,2.69,0.3909,5.93,5.51,0.42,0.3206,4.3401,0.9733,3.5,0.4212,0.0,5.5088,True
2256,MOVING,126317.2,1.53,0.2572,82.33,4.58,77.75,0.3046,2.9174,5.556,20.0,6.9831,70.7639,75.3475,True
2261,MOVING,144810.0,7.71,0.3774,51.09,5.85,45.24,0.3101,4.6879,5.556,20.0,5.0156,40.2294,46.0767,True
2266,MOVING,131764.6,-2.06,0.3325,19.69,3.42,16.27,0.2913,3.3036,5.556,20.0,6.2903,9.9803,13.4027,True
2271,MOVING,83536.6,6.78,0.391,58.19,4.49,53.7,0.3134,4.734,5.556,20.0,5.0017,48.7002,53.1908,True
2276,MOVING,128959.6,-1.75,0.3358,8.55,5.66,2.89,0.3074,3.3664,3.4963,12.59,2.8903,0.0,5.6598,True
2281,MOVING,97276.8,-0.19,0.334,20.33,5.65,14.68,0.2937,3.5012,5.556,20.0,6.0404,8.6376,14.29,True
2286,MOVING,99328.5,4.24,0.376,27.49,3.42,24.07,0.3052,4.3448,5.556,20.0,5.248,18.8203,22.2453,True
2291,MOVING,129886.4,-1.16,0.2672,74.16,3.46,70.7,0.314,2.7515,5.556,20.0,7.354,63.3438,66.8036,True
2296,MOVING,74701.3,6.26,0.2739,54.44,5.48,48.95,0.3055,3.538,5.556,20.0,6.0597,42.8908,48.3754,True
2301,MOVING,147436.6,7.11,0.2922,30.26,5.5,24.76,0.3086,3.798,5.556,20.0,5.7785,18.9855,24.4831,True
2306,MOVING,110326.9,-3.62,0.3021,58.52,3.8,54.71,0.3174,2.851,5.556,20.0,7.1774,47.5368,51.3387,True
2311,MOVING,120428.2,1.83,0.3149,37.87,3.36,34.51,0.341,3.512,5.556,20.0,6.2896,28.2234,31.5847,True
2316,MOVING,86031.3,-4.55,0.2853,31.92,3.68,28.24,0.3121,2.5939,5.556,20.0,7.6844,20.5566,24.2401,True
2321,MOVING,157046.4,-1.09,0.3206,73.17,5.17,68.01,0.3212,3.2815,5.556,20.0,6.4879,61.5197,66.6864,True
2326,MOVING,161388.0,4.64,0.3348,63.36,5.26,58.1,0.3134,3.9789,5.556,20.0,5.6204,52.4791,57.7367,True
2331,MOVING,97571.1,1.81,0.374,87.38,3.12,84.25,0.3315,4.0899,5.556,20.0,5.6156,78.6376,81.7608,True
2336,MOVING,109121.3,-6.31,0.3927,95.94,3.04,92.9,0.2924,3.4702,5.556,20.0,6.0722,86.8249,89.8658,True
2341,MOVING,142732.8,2.56,0.3065,91.34,4.78,86.56,0.319,3.5008,5.556,20.0,6.181,80.3759,85.1577,True
2346,MOVING,135174.4,4.99,0.2534,49.35,3.74,45.61,0.3174,3.2162,5.556,20.0,6.5624,39.0449,42.7859,True
2351,MOVING,132202.8,2.5,0.266,52.24,5.51,46.73,0.3166,3.0978,5.556,20.0,6.7415,39.9901,45.5005,True
2356,MOVING,85031.1,-4.61,0.266,60.34,5.51,54.83,0.3,2.3991,5.556,20.0,8.1,46.7313,52.2418,True
2361,MOVING,75071.2,4.4,0.3378,94.59,4.06,90.53,0.3048,3.9852,5.556,20.0,5.5665,84.9646,89.0231,True
2366,MOVING,78002.1,-5.56,0.3199,26.18,5.08,21.1,0.2889,2.8329,5.556,20.0,7.0536,14.0436,19.1259,True
2371,MOVING,133684.7,-7.2,0.256,63.14,4.01,59.13,0.2775,2.0447,5.556,20.0,9.0902,50.0365,54.0472,True
2376,MOVING,99197.4,4.01,0.3724,30.77,5.87,24.9,0.3135,4.2871,5.556,20.0,5.342,19.5551,25.4249,True
2381,MOVING,149251.6,-2.99,0.3187,70.87,5.36,65.51,0.3262,3.0758,5.556,20.0,6.8303,58.6792,64.0363,True
2386,MOVING,127271.2,-4.71,0.2786,49.28,3.53,45.74,0.328,2.513,5.556,20.0,7.9643,37.78,41.3125,True
2391,MOVING,108271.6,2.92,0.2509,69.32,3.33,66.0,0.3007,2.9908,5.556,20.0,6.8316,59.1656,62.4931,True
2396,MOVING,105647.8,-2.24,0.3117,12.19,3.17,9.01,0.2997,3.0821,5.556,20.0,6.673,2.3419,5.5167,True
2401,MOVING,105165.3,3.9,0.2728,49.49,4.51,44.98,0.3305,3.3001,5.556,20.0,6.513,38.4693,42.9777,True
2406,MOVING,129428.8,-6.85,0.2868,98.44,5.82,92.62,0.321,2.3798,5.556,20.0,8.2693,84.3524,90.1688,True
2411,MOVING,136977.1,2.48,0.3687,97.65,5.84,91.82,0.3232,4.1025,5.556,20.0,5.5582,86.2571,92.0949,True
2416,MOVING,162207.6,-6.38,0.2722,15.53,4.92,10.61,0.2919,2.2842,5.556,20.0,8.379,2.2294,7.1516,True
2421,MOVING,88642.3,7.65,0.2535,66.56,4.74,61.82,0.3081,3.4713,5.556,20.0,6.1578,55.6616,60.3995,True
2426,MOVING,156357.6,5.32,0.2576,87.67,3.27,84.41,0.3003,3.2882,5.556,20.0,6.3622,78.0462,81.3117,True
2431,MOVING,129169.3,7.78,0.3298,64.8,5.49,59.31,0.3341,4.2288,5.556,20.0,5.5062,53.8071,59.2941,True
2436,MOVING,109637.6,7.28,0.385,30.81,5.77,25.03,0.3034,4.7222,5.556,20.0,4.9541,20.079,25.8517,True
2441,MOVING,124664.6,5.33,0.3405,32.57,4.49,28.08,0.2995,4.1004,5.556,20.0,5.4281,22.6533,27.1419,True
2446,MOVING,101663.5,-7.9,0.2853,25.94,3.78,22.16,0.3177,2.2609,5.556,20.0,8.5919,13.5641,17.3483,True
2451,MOVING,98727.7,6.03,0.2927,65.75,5.33,60.42,0.318,3.7,5.556,20.0,5.938,54.481,59.8071,True
2456,STAGED_STOPPED,86736.5,-5.61,0.3383,3.87,5.43,0.0,0.2965,3.0088,0.0,0.0,0.0,0.0,3.8731,True
2461,MOVING,164937.1,-5.24,0.337,76.94,3.42,73.52,0.3181,3.0317,5.556,20.0,6.8587,66.6566,70.0768,True
2466,MOVING,92420.1,-4.08,0.2533,82.16,5.34,76.82,0.2938,2.3268,5.556,20.0,8.266,68.5542,73.8975,True
2471,MOVING,94839.1,3.29,0.3343,15.0,4.51,10.49,0.2845,3.8442,5.556,20.0,5.5955,4.8925,9.4008,True
2476,MOVING,153602.2,-2.41,0.2968,48.54,5.14,43.4,0.3297,2.9191,5.556,20.0,7.1194,36.2825,41.4238,True
2481,MOVING,99232.7,5.28,0.3521,3.71,3.26,0.45,0.3533,4.2098,0.956,3.44,0.4463,0.0,3.2597,True
2486,MOVING,163760.3,-4.62,0.3475,77.78,4.27,73.51,0.3161,3.1513,5.556,20.0,6.6539,66.8575,71.1311,True
2491,MOVING,100149.2,4.87,0.3513,78.42,3.39,75.03,0.2988,4.1625,5.556,20.0,5.3681,69.6599,73.054,True
2496,MOVING,119047.8,7.87,0.3566,69.17,3.99,65.18,0.3188,4.5003,5.556,20.0,5.2006,59.9842,63.9707,True
2501,STAGED_STOPPED,149718.0,4.91,0.3133,4.16,4.3,0.0,0.3153,3.7938,0.0,0.0,0.0,0.0,4.1603,True
2506,MOVING,83997.7,7.72,0.3431,33.2,3.68,29.52,0.3392,4.3538,5.556,20.0,5.4296,24.0894,27.769,True
2511,MOVING,79714.9,-2.86,0.3173,42.39,3.58,38.81,0.3009,3.0748,5.556,20.0,6.6914,32.1219,35.7002,True
2516,MOVING,158764.0,-1.08,0.3819,63.93,4.82,59.12,0.3295,3.6037,5.556,20.0,6.1138,53.0025,57.8188,True
2521,MOVING,137366.7,-7.13,0.3185,40.82,5.72,35.1,0.2743,2.6626,5.556,20.0,7.3208,27.782,33.5022,True
2526,MOVING,99506.5,1.47,0.2609,86.68,5.66,81.02,0.3259,2.9477,5.556,20.0,7.0471,73.9739,79.633,True
2531,MOVING,135929.1,-4.93,0.2767,65.15,4.51,60.64,0.2849,2.4725,5.556,20.0,7.8255,52.8103,57.3195,True
2536,MOVING,150324.2,1.28,0.3605,56.05,5.33,50.72,0.3144,3.9056,5.556,20.0,5.6985,45.0208,50.348,True
2541,MOVING,134256.5,-6.74,0.3805,69.19,5.38,63.81,0.3316,3.3082,5.556,20.0,6.5079,57.3049,62.6853,True
2546,MOVING,118617.9,-6.39,0.3838,23.16,5.38,17.78,0.2987,3.3757,5.556,20.0,6.2318,11.5455,16.9252,True
2551,MOVING,105917.1,-0.22,0.3026,21.32,5.78,15.54,0.2771,3.1914,5.556,20.0,6.3756,9.1598,14.9407,True
2556,MOVING,161393.0,0.5,0.3618,98.81,3.08,95.73,0.3155,3.7016,5.556,20.0,5.9224,89.8041,92.8874,True
2561,MOVING,146698.2,4.46,0.3728,30.42,3.1,27.32,0.3018,4.3335,5.556,20.0,5.2386,22.0846,25.1862,True
2566,MOVING,101019.1,4.47,0.3632,13.25,3.65,9.59,0.2876,4.2405,5.556,20.0,5.2379,4.3538,8.0086,True
2571,MOVING,111066.9,7.48,0.2853,8.82,5.75,3.06,0.3037,3.7659,3.7941,13.66,3.0634,0.0,5.7541,True
2576,STAGED_STOPPED,132603.6,-2.48,0.2983,3.59,3.61,0.0,0.2944,2.9259,0.0,0.0,0.0,0.0,3.5913,True
2581,MOVING,85247.2,4.83,0.3388,77.88,3.06,74.82,0.3248,4.0367,5.556,20.0,5.6279,69.1931,72.2522,True
2586,MOVING,131167.7,-3.78,0.3504,30.83,5.79,25.04,0.3334,3.3077,5.556,20.0,6.5183,18.5213,24.3092,True
2591,MOVING,149261.9,6.1,0.3246,51.81,3.29,48.51,0.3286,4.019,5.556,20.0,5.666,42.8455,46.1403,True
2596,MOVING,144944.2,-7.5,0.2559,89.22,4.16,85.06,0.2919,2.0142,5.556,20.0,9.2844,75.774,79.9375,True
2601,MOVING,131604.5,-3.56,0.337,82.21,3.76,78.45,0.2978,3.1984,5.556,20.0,6.4805,71.9693,75.7302,True
2606,MOVING,120768.3,-0.78,0.3964,54.12,4.31,49.81,0.2958,4.0556,5.556,20.0,5.4491,44.3636,48.6727,True
2611,MOVING,150799.5,-3.68,0.3256,34.98,3.06,31.93,0.3145,3.0748,5.556,20.0,6.7671,25.1589,28.2141,True
2616,MOVING,83323.2,2.39,0.2853,84.88,3.56,81.32,0.3021,3.2761,5.556,20.0,6.3898,74.9281,78.4887,True
2621,MOVING,146187.3,3.77,0.3035,31.0,4.02,26.99,0.3328,3.5881,5.556,20.0,6.1508,20.8377,24.8535,True
2626,MOVING,162213.2,-4.15,0.3257,7.2,3.11,4.09,0.3235,3.0291,4.0929,14.73,4.0892,0.0,3.1073,True
2631,MOVING,131893.1,-0.16,0.3786,58.9,5.19,53.72,0.2889,3.9425,5.556,20.0,5.5201,48.1958,53.3828,True
2636,MOVING,134974.3,-4.55,0.3099,58.41,3.81,54.6,0.3275,2.8346,5.556,20.0,7.2645,47.3352,51.1442,True
2641,MOVING,101271.8,-1.54,0.3182,47.57,3.88,43.69,0.2999,3.215,5.556,20.0,6.4673,37.2225,41.1012,True
2646,MOVING,106944.6,-1.42,0.253,69.86,4.86,65.0,0.3362,2.5864,5.556,20.0,7.8355,57.1679,62.0271,True
2651,MOVING,93112.8,-1.69,0.259,47.26,5.36,41.9,0.3057,2.6189,5.556,20.0,7.5923,34.3086,39.6703,True
2656,MOVING,112110.2,-4.26,0.2619,99.0,5.2,93.8,0.3289,2.3933,5.556,20.0,8.2763,85.5251,90.7229,True
2661,MOVING,117213.8,-3.74,0.3976,68.2,5.83,62.37,0.3252,3.7753,5.556,20.0,5.8949,56.4776,62.3076,True
2666,MOVING,101020.1,-2.45,0.2824,68.16,5.68,62.47,0.338,2.7726,5.556,20.0,7.4449,55.0285,60.7105,True
2671,MOVING,133002.2,-6.85,0.3955,12.81,3.05,9.76,0.3212,3.4439,5.556,20.0,6.2665,3.4931,6.5416,True
2676,MOVING,100298.0,4.05,0.3235,83.24,5.7,77.54,0.3158,3.8117,5.556,20.0,5.8039,71.7325,77.4338,True
2681,MOVING,98484.7,3.66,0.3811,73.34,4.03,69.31,0.2834,4.3385,5.556,20.0,5.1322,64.1805,68.2057,True
2686,MOVING,75768.5,6.74,0.3852,76.07,5.46,70.62,0.3011,4.6734,5.556,20.0,4.9756,65.6397,71.0952,True
2691,MOVING,122580.8,1.46,0.3644,43.92,3.61,40.31,0.3008,3.9619,5.556,20.0,5.5669,34.7437,38.3537,True
2696,MOVING,121491.5,1.84,0.3843,41.01,3.41,37.6,0.3132,4.1939,5.556,20.0,5.4204,32.1808,35.5936,True
2701,MOVING,121698.6,-0.19,0.2614,69.71,3.7,66.0,0.3165,2.7898,5.556,20.0,7.2908,58.7142,62.417,True
2706,MOVING,147854.7,6.03,0.3074,47.75,4.45,43.3,0.2908,3.8442,5.556,20.0,5.631,37.6689,42.1197,True
2711,MOVING,144742.5,-5.47,0.2833,93.0,4.62,88.37,0.3403,2.4835,5.556,20.0,8.1056,80.2657,84.8903,True
2716,MOVING,101431.7,-6.2,0.262,42.84,4.73,38.11,0.304,2.2024,5.556,20.0,8.6971,29.4147,34.1441,True
2721,MOVING,156218.3,0.96,0.3382,52.18,5.84,46.34,0.3061,3.6558,5.556,20.0,5.9227,40.4212,46.2571,True
2726,MOVING,101716.8,6.82,0.374,42.88,4.45,38.43,0.3151,4.5707,5.556,20.0,5.1274,33.2996,37.7498,True
2731,MOVING,142391.2,-4.52,0.3201,25.94,4.34,21.6,0.3085,2.9385,5.556,20.0,6.9666,14.6322,18.9756,True
2736,MOVING,145844.8,-0.51,0.2541,85.76,4.06,81.7,0.2907,2.6872,5.556,20.0,7.3587,74.3372,78.4001,True
2741,MOVING,107459.8,2.66,0.3507,47.73,3.43,44.3,0.339,3.9444,5.556,20.0,5.7965,38.5064,41.9372,True
2746,MOVING,145490.9,-4.02,0.3129,70.13,5.73,64.4,0.317,2.9166,5.556,20.0,7.0532,57.3436,63.0721,True
2751,MOVING,109517.2,-7.55,0.3657,36.49,5.92,30.57,0.3449,3.0823,5.556,20.0,6.9234,23.6498,29.5654,True
2756,MOVING,100581.2,5.39,0.3546,12.88,5.54,7.35,0.3151,4.2449,5.556,20.0,5.3869,1.9597,7.4955,True
2761,MOVING,87478.2,-5.59,0.3608,22.58,5.27,17.31,0.2871,3.2308,5.556,20.0,6.3726,10.9356,16.2066,True
2766,MOVING,161651.0,0.73,0.3306,17.72,5.11,12.61,0.2796,3.5589,5.556,20.0,5.8904,6.7211,11.8277,True
2771,MOVING,80975.9,3.48,0.3177,70.12,4.83,65.29,0.3125,3.7,5.556,20.0,5.9079,59.3826,64.2142,True
2776,MOVING,113602.7,-1.29,0.3854,75.54,3.52,72.02,0.3028,3.8981,5.556,20.0,5.6417,66.3831,69.9,True
2781,MOVING,78573.1,2.88,0.2993,48.02,4.88,43.14,0.3189,3.4612,5.556,20.0,6.231,36.9061,41.7898,True
2786,MOVING,96140.9,4.78,0.2893,63.59,5.95,57.65,0.3414,3.5471,5.556,20.0,6.248,51.3975,57.3436,True
2791,STAGED_STOPPED,139122.6,-3.32,0.3676,3.67,4.41,0.0,0.3184,3.5231,0.0,0.0,0.0,0.0,3.6705,True
2796,MOVING,128310.8,7.24,0.3858,95.32,5.96,89.36,0.3379,4.7262,5.556,20.0,5.1431,84.2204,90.1803,True
2801,MOVING,146522.5,0.94,0.2515,39.99,5.9,34.09,0.3346,2.8034,5.556,20.0,7.3646,26.7217,32.6252,True
2806,MOVING,163423.7,5.2,0.3312,22.2,3.78,18.43,0.3507,3.9974,5.556,20.0,5.8098,12.6169,16.3946,True
2811,MOVING,96631.6,-3.4,0.3174,9.3,4.08,5.22,0.3037,3.0219,4.7739,17.19,5.2205,0.0,4.0768,True
2816,MOVING,144603.9,-6.38,0.348,30.68,3.38,27.31,0.2937,3.0261,5.556,20.0,6.7325,20.5739,23.9492,True
2821,MOVING,158746.8,-5.65,0.2739,7.13,4.59,2.54,0.3236,2.3735,2.7853,10.03,2.5356,0.0,4.5937,True
2826,MOVING,151595.9,-4.87,0.3912,58.6,4.08,54.52,0.2912,3.396,5.556,20.0,6.1625,48.3561,52.4395,True
2831,MOVING,118001.4,-2.36,0.3672,72.55,3.78,68.76,0.3216,3.6132,5.556,20.0,6.0582,62.7065,66.4879,True
2836,MOVING,158137.1,2.51,0.3603,55.89,3.35,52.54,0.3119,3.9688,5.556,20.0,5.6221,46.9147,50.2646,True
2841,MOVING,109909.9,5.66,0.3958,12.98,5.31,7.67,0.3228,4.6744,5.556,20.0,5.0956,2.5728,7.8855,True
2846,MOVING,106676.6,-3.54,0.2889,53.41,5.8,47.61,0.3008,2.7292,5.556,20.0,7.3267,40.2794,46.0798,True
2851,MOVING,134081.7,-4.4,0.3571,25.31,5.34,19.98,0.3043,3.3124,5.556,20.0,6.3502,13.627,18.9643,True
2856,MOVING,120295.1,-4.67,0.3663,93.79,5.6,88.19,0.3229,3.3749,5.556,20.0,6.3673,81.8239,87.4205,True
2861,MOVING,153309.5,-2.65,0.3176,88.47,4.55,83.92,0.2972,3.0983,5.556,20.0,6.633,77.2911,81.8371,True
2866,MOVING,127078.1,4.46,0.332,40.54,5.57,34.97,0.3003,3.9352,5.556,20.0,5.5906,29.3814,34.9479,True
2871,MOVING,155809.6,3.4,0.3153,3.8,3.39,0.41,0.2987,3.6693,0.9477,3.41,0.4055,0.0,3.3945,True
2876,MOVING,117584.7,-1.04,0.3477,66.46,4.48,61.97,0.3054,3.5529,5.556,20.0,6.0413,55.9336,60.4172,True
2881,MOVING,104338.2,4.08,0.354,18.69,4.65,14.03,0.2777,4.1137,5.556,20.0,5.2948,8.7396,13.3926,True
2886,MOVING,160081.8,-6.66,0.3669,86.61,5.8,80.81,0.2813,3.029,5.556,20.0,6.6583,74.1481,79.9488,True
2891,MOVING,104395.5,2.56,0.3663,36.31,5.76,30.55,0.308,4.0873,5.556,20.0,5.4877,25.0577,30.8193,True
2896,MOVING,154143.3,-6.29,0.2861,49.17,4.64,44.53,0.3224,2.4289,5.556,20.0,8.1462,36.3866,41.0263,True
2901,MOVING,85699.8,6.18,0.267,37.15,5.51,31.64,0.3298,3.463,5.556,20.0,6.2892,25.3531,30.8657,True
2906,MOVING,78999.0,1.54,0.3714,35.41,5.72,29.69,0.3357,4.0378,5.556,20.0,5.6877,23.9981,29.7228,True
2911,MOVING,95083.1,0.84,0.3111,52.35,4.1,48.26,0.307,3.3784,5.556,20.0,6.2744,41.9827,46.0804,True
2916,MOVING,134668.8,-0.0,0.3404,26.86,3.75,23.11,0.3119,3.5827,5.556,20.0,6.0409,17.0661,20.8204,True
2921,MOVING,103764.5,5.93,0.3744,82.54,3.29,79.25,0.2884,4.491,5.556,20.0,5.0391,74.2106,77.4968,True
2926,MOVING,156527.5,-2.27,0.3152,47.46,4.63,42.84,0.3209,3.1129,5.556,20.0,6.7412,36.0946,40.7211,True
2931,MOVING,128043.4,-0.77,0.3499,64.8,3.36,61.44,0.2977,3.6009,5.556,20.0,5.9401,55.5022,58.8602,True
2936,MOVING,89309.9,3.48,0.3822,87.57,3.1,84.47,0.2682,4.3323,5.556,20.0,5.0527,79.4192,82.5151,True
2941,MOVING,98277.3,-3.48,0.2986,61.69,5.37,56.32,0.3042,2.8304,5.556,20.0,7.1432,49.1745,54.542,True
2946,MOVING,83380.2,-3.04,0.3791,74.14,5.1,69.04,0.3379,3.6633,5.556,20.0,6.091,62.9493,68.0449,True
2951,MOVING,149716.8,-0.89,0.308,45.88,3.0,42.88,0.3133,3.1779,5.556,20.0,6.5977,36.2795,39.2801,True
2956,MOVING,137555.5,3.31,0.3213,81.02,5.38,75.64,0.2976,3.7182,5.556,20.0,5.8043,69.8383,75.2157,True
2961,MOVING,91864.5,-7.94,0.2981,78.0,5.33,72.68,0.3332,2.382,5.556,20.0,8.3306,64.3463,69.6739,True
2966,MOVING,138157.0,-4.21,0.266,77.77,3.56,74.21,0.3044,2.439,5.556,20.0,8.0193,66.1901,69.747,True
2971,MOVING,108817.4,0.05,0.3308,57.68,5.13,52.55,0.3298,3.4943,5.556,20.0,6.2496,46.2963,51.4288,True
2976,MOVING,76305.2,3.34,0.3967,59.04,4.34,54.71,0.2666,4.4602,5.556,20.0,4.942,49.7636,54.1029,True
2981,MOVING,114046.0,-5.06,0.3595,45.26,3.57,41.69,0.2788,3.2699,5.556,20.0,6.2691,35.4192,38.9878,True
2986,MOVING,162483.7,6.53,0.3695,61.92,3.59,58.33,0.3101,4.2686,5.556,20.0,5.3385,52.9918,56.5826,True
2991,MOVING,90401.9,6.54,0.269,53.85,4.5,49.34,0.2993,3.5168,5.556,20.0,6.0518,43.2921,47.7944,True
2996,MOVING,153174.6,7.04,0.2625,67.31,4.87,62.44,0.3292,3.5019,5.556,20.0,6.2363,56.2072,61.0758,True
3001,MOVING,135552.3,7.59,0.3285,52.37,5.84,46.53,0.2977,4.1987,5.556,20.0,5.3302,41.2046,47.0444,True
3006,MOVING,150204.0,3.03,0.2642,96.07,4.66,91.41,0.3301,3.1314,5.556,20.0,6.7631,84.647,89.3078,True
3011,MOVING,124220.6,1.05,0.3987,63.87,3.44,60.43,0.3097,4.2578,5.556,20.0,5.3455,55.0859,58.5266,True
3016,MOVING,104565.6,2.22,0.2878,43.26,3.33,39.93,0.2876,3.2845,5.556,20.0,6.2969,33.6339,36.9668,True
3021,MOVING,100146.9,1.31,0.3599,86.81,4.08,82.73,0.3091,3.9032,5.556,20.0,5.6717,77.0583,81.1372,True
3026,MOVING,108213.8,-7.94,0.3645,65.9,4.42,61.47,0.3168,3.0313,5.556,20.0,6.852,54.6223,59.0456,True
3031,MOVING,92207.8,-3.12,0.2835,16.17,3.5,12.67,0.3041,2.7179,5.556,20.0,7.3683,5.3018,8.805,True
3036,MOVING,99283.2,2.78,0.3625,73.63,3.57,70.06,0.3031,4.0715,5.556,20.0,5.4748,64.585,68.1597,True
3041,MOVING,90411.9,-1.16,0.3948,91.61,4.54,87.07,0.2907,4.0036,5.556,20.0,5.4702,81.5973,86.1403,True
3046,MOVING,138466.7,2.32,0.2985,56.68,4.19,52.49,0.324,3.3986,5.556,20.0,6.3417,46.1442,50.3344,True
3051,MOVING,92788.0,6.84,0.3616,90.58,3.57,87.0,0.3233,4.4517,5.556,20.0,5.2633,81.7404,85.312,True
3056,MOVING,162621.2,1.39,0.3038,75.63,4.98,70.65,0.3053,3.3599,5.556,20.0,6.2902,64.3608,69.3433,True
3061,MOVING,101202.1,4.74,0.3277,55.28,3.99,51.29,0.3262,3.92,5.556,20.0,5.7498,45.5395,49.5337,True
3066,MOVING,98467.3,1.62,0.2718,28.31,3.9,24.42,0.3043,3.069,5.556,20.0,6.7201,17.6968,21.5939,True
3071,MOVING,138656.6,-1.54,0.3511,38.45,3.82,34.63,0.3088,3.5367,5.556,20.0,6.0796,28.5472,32.3713,True
3076,MOVING,153247.8,2.01,0.3588,46.64,5.44,41.2,0.3241,3.9602,5.556,20.0,5.6984,35.5,40.94,True
3081,MOVING,141393.0,-3.63,0.3423,71.54,4.66,66.88,0.3278,3.244,5.556,20.0,6.5793,60.2985,64.959,True
3086,MOVING,136230.2,-7.93,0.2629,54.63,4.22,50.41,0.2911,2.0392,5.556,20.0,9.186,41.2208,45.4401,True
3091,MOVING,115198.3,-4.92,0.3597,98.63,3.72,94.91,0.3168,3.2859,5.556,20.0,6.4576,88.4518,92.1689,True
3096,MOVING,135530.1,7.96,0.2547,93.46,4.65,88.81,0.288,3.5129,5.556,20.0,5.9937,82.8187,87.4696,True
3101,MOVING,82475.2,-4.72,0.3505,17.78,3.48,14.3,0.284,3.2154,5.556,20.0,6.3782,7.9212,11.4012,True
3106,MOVING,113747.9,2.16,0.3484,54.67,3.42,51.25,0.334,3.8727,5.556,20.0,5.8414,45.4112,48.8314,True
3111,MOVING,132348.5,-4.43,0.2683,55.25,5.38,49.87,0.3123,2.4397,5.556,20.0,8.0614,41.8108,47.1897,True
3116,MOVING,154288.5,0.35,0.2614,29.14,4.78,24.36,0.3076,2.8432,5.556,20.0,7.1378,17.2214,21.9998,True
3121,MOVING,98778.8,2.48,0.3655,92.16,4.71,87.46,0.2945,4.0712,5.556,20.0,5.4273,82.0307,86.7374,True
3126,MOVING,129516.0,-7.64,0.3025,58.49,3.99,54.5,0.3024,2.4555,5.556,20.0,7.9661,46.5317,50.5195,True
3131,MOVING,147665.8,2.69,0.3759,29.83,3.37,26.46,0.3207,4.1944,5.556,20.0,5.4617,20.9945,24.3634,True
3136,MOVING,130435.7,7.92,0.3324,93.9,4.78,89.12,0.2846,4.2685,5.556,20.0,5.1971,83.9277,88.7032,True
3141,MOVING,107956.8,7.25,0.2891,74.37,5.41,68.96,0.3263,3.7812,5.556,20.0,5.8946,63.0641,68.4756,True
3146,STAGED_STOPPED,107713.1,3.63,0.3362,3.08,5.14,0.0,0.316,3.8949,0.0,0.0,0.0,0.0,3.079,True
3151,MOVING,131667.6,-3.79,0.3672,21.11,3.98,17.13,0.3042,3.4712,5.556,20.0,6.1369,10.9923,14.9705,True
3156,MOVING,133413.0,-7.0,0.3777,34.64,4.99,29.65,0.3518,3.2546,5.556,20.0,6.6969,22.95,27.9444,True
3161,MOVING,114618.6,0.6,0.3909,39.65,3.59,36.06,0.301,4.1375,5.556,20.0,5.4028,30.6561,34.2484,True
3166,MOVING,118935.3,-7.18,0.3905,26.2,4.48,21.72,0.2947,3.3621,5.556,20.0,6.228,15.4894,19.9701,True
3171,MOVING,133948.4,0.51,0.3658,82.69,3.04,79.65,0.331,3.8832,5.556,20.0,5.8138,73.8362,76.8745,True
3176,MOVING,90986.7,3.75,0.2969,22.21,3.74,18.47,0.2964,3.5221,5.556,20.0,6.029,12.4445,16.1833,True
3181,MOVING,84104.5,-6.51,0.3396,25.88,3.36,22.52,0.32,2.9313,5.556,20.0,7.0432,15.4794,18.8384,True
3186,MOVING,123003.2,5.59,0.3427,99.35,4.19,95.16,0.3518,4.1474,5.556,20.0,5.6763,89.4842,93.6726,True
3191,MOVING,102163.3,5.4,0.3607,15.03,4.5,10.52,0.3161,4.3054,5.556,20.0,5.341,5.1832,9.6849,True
3196,MOVING,120265.5,5.6,0.2837,98.91,4.82,94.08,0.3105,3.5713,5.556,20.0,6.0471,88.0374,92.8623,True
3201,MOVING,124633.5,-7.92,0.3457,65.76,4.39,61.38,0.282,2.849,5.556,20.0,6.9843,54.3937,58.78,True
3206,MOVING,150668.6,6.66,0.3596,19.19,4.64,14.55,0.2996,4.4156,5.556,20.0,5.16,9.3906,14.0305,True
3211,MOVING,88673.4,2.8,0.2719,11.75,3.92,7.83,0.3097,3.1849,5.556,20.0,6.5666,1.2635,5.1844,True
3216,MOVING,84755.9,-0.6,0.3061,92.01,3.28,88.73,0.3108,3.1881,5.556,20.0,6.5679,82.1599,85.4419,True
3221,MOVING,121116.4,-1.17,0.3133,23.71,3.5,20.21,0.3204,3.2029,5.556,20.0,6.599,13.6085,17.1063,True
3226,MOVING,155513.3,-4.25,0.3903,73.47,5.42,68.05,0.292,3.3647,5.556,20.0,6.2093,61.8383,67.2575,True
3231,MOVING,121509.0,-7.25,0.3383,11.78,4.89,6.9,0.3295,2.8442,5.3969,19.43,6.8984,0.0,4.8857,True
3236,MOVING,95429.6,6.92,0.2981,36.8,4.9,31.9,0.2872,3.8377,5.556,20.0,5.6175,26.285,31.1804,True
3241,MOVING,112043.4,-4.24,0.3493,80.6,3.22,77.38,0.3548,3.2513,5.556,20.0,6.7186,70.6593,73.8808,True
3246,MOVING,89710.0,2.79,0.3857,44.53,4.47,40.06,0.2968,4.2998,5.556,20.0,5.2385,34.8213,39.2874,True
3251,MOVING,122724.1,3.66,0.3951,17.02,5.41,11.61,0.3139,4.4763,5.556,20.0,5.1922,6.4147,11.8256,True
3256,MOVING,87070.0,-3.75,0.3819,86.17,4.93,81.24,0.3334,3.6205,5.556,20.0,6.1157,75.1267,80.052,True
3261,MOVING,92694.9,3.95,0.3967,21.86,4.0,17.86,0.3013,4.5189,5.556,20.0,5.0896,12.7733,16.7733,True
3266,MOVING,80317.7,7.34,0.2677,38.61,4.14,34.47,0.3195,3.5806,5.556,20.0,6.0856,28.3826,32.5213,True
3271,MOVING,97174.4,-5.31,0.3267,42.0,5.38,36.62,0.2764,2.9234,5.556,20.0,6.8155,29.7999,35.1824,True
3276,MOVING,149157.0,-2.93,0.2609,75.15,4.04,71.11,0.3481,2.5157,5.556,20.0,8.0693,63.0456,67.0834,True
3281,MOVING,115293.4,4.34,0.2874,51.49,3.49,48.0,0.3375,3.4866,5.556,20.0,6.3021,41.693,45.1846,True
3286,MOVING,80926.5,7.31,0.3371,87.56,5.18,82.38,0.3002,4.2563,5.556,20.0,5.294,77.09,82.2665,True
3291,MOVING,80128.1,0.52,0.3795,91.83,4.81,87.02,0.3081,4.0178,5.556,20.0,5.5534,81.4638,86.2766,True
3296,MOVING,80090.7,-4.48,0.3229,47.91,5.37,42.54,0.3073,2.9691,5.556,20.0,6.9056,35.6327,41.0015,True
3301,MOVING,113662.7,0.27,0.264,18.53,5.78,12.75,0.3295,2.8607,5.556,20.0,7.2258,5.5197,11.2993,True
3306,MOVING,106072.6,2.14,0.3139,64.35,5.68,58.67,0.2964,3.5326,5.556,20.0,6.0157,52.6535,58.3305,True
3311,MOVING,140130.5,-3.11,0.2583,97.78,5.21,92.57,0.3194,2.4726,5.556,20.0,8.017,84.5481,89.7619,True
3316,MOVING,134544.1,-6.35,0.3893,40.72,3.23,37.49,0.2901,3.4339,5.556,20.0,6.1068,31.3852,34.611,True
3321,MOVING,124180.4,2.9,0.3431,57.28,4.49,52.79,0.3111,3.8934,5.556,20.0,5.6926,47.1007,51.5875,True
3326,MOVING,142784.8,-7.19,0.2786,98.56,5.97,92.6,0.2977,2.2663,5.556,20.0,8.4645,84.1316,90.0979,True
3331,MOVING,130773.4,-5.08,0.3094,69.48,4.86,64.62,0.3193,2.7783,5.556,20.0,7.3297,57.2906,62.1503,True
3336,MOVING,142623.0,3.9,0.3934,9.8,5.98,3.82,0.2709,4.4819,4.7613,17.14,3.8187,0.0,5.9773,True
3341,MOVING,155355.2,5.33,0.2582,25.24,5.33,19.91,0.2796,3.2953,5.556,20.0,6.2372,13.6715,18.9991,True
3346,MOVING,139550.3,-1.02,0.274,82.08,4.31,77.77,0.3311,2.832,5.556,20.0,7.2898,70.4788,74.7853,True
3351,MOVING,93664.5,6.42,0.3047,22.94,4.47,18.47,0.3085,3.855,5.556,20.0,5.718,12.7523,17.2186,True
3356,MOVING,81042.9,3.59,0.3838,86.54,5.16,81.38,0.3017,4.3584,5.556,20.0,5.2175,76.1657,81.3242,True
3361,MOVING,146856.1,-3.88,0.3591,36.21,4.4,31.81,0.3193,3.3832,5.556,20.0,6.3361,25.4692,29.8715,True
3366,MOVING,132228.2,1.94,0.335,5.75,3.42,2.33,0.302,3.72,3.1896,11.48,2.3306,-0.0,3.4233,True
3371,MOVING,94012.5,5.64,0.2533,62.56,4.11,58.46,0.322,3.2772,5.556,20.0,6.4988,51.9569,56.0653,True
3376,MOVING,145189.3,1.07,0.331,96.88,5.05,91.83,0.2942,3.5965,5.556,20.0,5.9262,85.9068,90.954,True
3381,MOVING,107703.8,-6.66,0.3773,22.09,5.32,16.78,0.3126,3.2848,5.556,20.0,6.4356,10.3395,15.658,True
3386,MOVING,154445.5,-3.06,0.2617,28.12,4.66,23.46,0.2752,2.5098,5.556,20.0,7.6785,15.782,20.4402,True
3391,MOVING,103557.0,-6.98,0.3654,73.02,3.06,69.96,0.3006,3.137,5.556,20.0,6.5901,63.3668,66.4278,True
3396,MOVING,165148.4,-5.17,0.2911,84.89,5.64,79.25,0.3243,2.5891,5.556,20.0,7.7635,71.4855,77.1218,True
3401,MOVING,80153.9,7.81,0.3179,39.58,3.29,36.29,0.3153,4.1157,5.556,20.0,5.5021,30.7834,34.0758,True
3406,MOVING,147809.9,-2.48,0.2846,57.94,4.44,53.5,0.298,2.792,5.556,20.0,7.1836,46.3161,50.7602,True
3411,MOVING,111624.0,-6.06,0.272,88.29,4.86,83.43,0.306,2.3149,5.556,20.0,8.3673,75.059,79.9226,True
3416,MOVING,125805.5,-0.65,0.3554,34.43,4.08,30.35,0.3066,3.6663,5.556,20.0,5.9134,24.4375,28.5139,True
3421,MOVING,143938.3,6.94,0.3123,70.43,4.2,66.23,0.3048,3.9788,5.556,20.0,5.5726,60.6623,64.8577,True
3426,MOVING,130686.6,4.75,0.3839,93.71,3.51,90.19,0.2995,4.4703,5.556,20.0,5.1168,85.0752,88.5888,True
3431,MOVING,127157.0,-6.27,0.385,17.99,3.64,14.35,0.2863,3.3991,5.556,20.0,6.1316,8.2207,11.8585,True
3436,MOVING,109614.6,7.36,0.3511,86.4,3.3,83.1,0.3231,4.3984,5.556,20.0,5.304,77.7957,81.0998,True
3441,MOVING,105284.3,-1.95,0.3956,68.7,3.02,65.68,0.3248,3.9331,5.556,20.0,5.7289,59.9497,62.9729,True
3446,MOVING,133430.1,6.21,0.3366,80.2,4.88,75.32,0.3578,4.1471,5.556,20.0,5.7097,69.6091,74.4873,True
3451,MOVING,115610.9,4.55,0.2584,88.79,3.5,85.28,0.303,3.2226,5.556,20.0,6.473,78.8106,82.3136,True
3456,MOVING,89313.2,5.33,0.2993,22.22,3.65,18.57,0.313,3.6971,5.556,20.0,5.9137,12.6534,16.3028,True
3461,MOVING,99188.9,7.61,0.3707,26.85,4.28,22.57,0.3014,4.6129,5.556,20.0,5.0207,17.5535,21.8303,True
3466,MOVING,138520.2,1.3,0.2598,19.15,4.04,15.11,0.2918,2.9198,5.556,20.0,6.9072,8.2071,12.2422,True
3471,MOVING,75751.8,-5.51,0.318,30.55,3.99,26.56,0.3532,2.8186,5.556,20.0,7.4382,19.1266,23.1117,True
3476,MOVING,147457.2,-7.57,0.3801,79.61,5.89,73.72,0.3214,3.2205,5.556,20.0,6.5781,67.144,73.0302,True
3481,MOVING,88062.7,3.11,0.2546,66.91,3.16,63.74,0.3352,3.0461,5.556,20.0,6.9292,56.8144,59.9781,True
3486,MOVING,128244.9,7.86,0.2918,50.0,4.57,45.43,0.3041,3.8663,5.556,20.0,5.6816,39.7503,44.3172,True
3491,MOVING,81737.7,5.7,0.3638,3.87,3.67,0.2,0.3338,4.3649,0.5038,1.81,0.1972,0.0,3.6724,True
3496,MOVING,93327.7,-1.99,0.2823,50.58,5.23,45.36,0.2871,2.8188,5.556,20.0,7.0705,38.2871,43.5122,True
3501,MOVING,100216.5,-4.38,0.3676,77.78,3.66,74.11,0.3156,3.4168,5.556,20.0,6.2708,67.843,71.5064,True
3506,MOVING,130970.7,6.88,0.2807,42.73,3.64,39.09,0.3148,3.6643,5.556,20.0,5.961,33.1258,36.7661,True
3511,MOVING,104678.0,-0.08,0.2567,33.76,3.62,30.14,0.305,2.7542,5.556,20.0,7.2986,22.8373,26.4573,True
3516,MOVING,159823.8,0.79,0.3263,64.17,3.01,61.16,0.3162,3.5225,5.556,20.0,6.1388,55.021,58.0282,True
3521,MOVING,94987.0,-1.42,0.321,70.12,5.07,65.05,0.2928,3.2534,5.556,20.0,6.371,58.6821,63.7477,True
3526,MOVING,87475.7,5.78,0.3214,63.0,3.54,59.45,0.2941,3.9575,5.556,20.0,5.534,53.9202,57.4651,True
3531,MOVING,99470.7,6.64,0.2503,99.13,4.12,95.01,0.3185,3.3441,5.556,20.0,6.3848,88.6299,92.7499,True
3536,MOVING,85865.6,-3.97,0.2857,93.68,5.84,87.84,0.2835,2.6555,5.556,20.0,7.3877,80.4528,86.2941,True
3541,MOVING,93261.4,-0.5,0.3805,64.03,3.5,60.53,0.3048,3.9275,5.556,20.0,5.6236,54.9047,58.4059,True
3546,MOVING,88175.7,2.86,0.3151,57.51,5.72,51.79,0.3106,3.6138,5.556,20.0,5.9966,45.7971,51.5176,True
3551,MOVING,147548.1,-2.45,0.3771,11.51,3.92,7.6,0.2802,3.7021,5.556,20.0,5.7261,1.8728,5.7886,True
3556,MOVING,131095.9,-1.61,0.3485,34.74,4.84,29.9,0.3155,3.5052,5.556,20.0,6.1564,23.7394,28.5818,True
3561,MOVING,102041.4,-6.98,0.3981,63.82,3.91,59.92,0.326,3.4565,5.556,20.0,6.2764,53.6419,57.5474,True
3566,MOVING,140338.1,-1.14,0.3502,51.16,3.39,47.76,0.3268,3.5678,5.556,20.0,6.1417,41.6232,45.015,True
3571,MOVING,102719.6,-5.68,0.2899,85.34,5.62,79.72,0.2994,2.5279,5.556,20.0,7.7694,71.9466,77.5713,True
3576,MOVING,107989.3,4.49,0.3872,43.4,4.83,38.57,0.3383,4.4778,5.556,20.0,5.3266,33.2448,38.076,True
3581,MOVING,118211.0,-5.54,0.2644,29.89,4.03,25.86,0.3423,2.2912,5.556,20.0,8.6382,17.2258,21.2532,True
3586,MOVING,104033.3,-7.66,0.2631,62.91,3.09,59.82,0.3088,2.0686,5.556,20.0,9.177,50.6443,53.7331,True
3591,MOVING,161057.2,-4.24,0.3297,13.46,5.38,8.07,0.2585,3.06,5.556,20.0,6.4802,1.5931,6.9753,True
3596,MOVING,132994.2,-1.43,0.3402,57.96,4.11,53.85,0.2912,3.4417,5.556,20.0,6.1023,47.7442,51.8579,True
3601,MOVING,86922.0,-5.01,0.3312,97.89,5.77,92.13,0.3411,2.9974,5.556,20.0,7.0448,85.0828,90.8499,True
3606,MOVING,90729.7,-5.63,0.3243,46.16,3.85,42.31,0.3219,2.8687,5.556,20.0,7.1686,35.143,38.9913,True
3611,MOVING,126270.3,0.92,0.253,65.8,3.21,62.59,0.2663,2.816,5.556,20.0,6.9604,55.6268,58.8413,True
3616,MOVING,81962.1,3.95,0.3873,49.09,4.2,44.9,0.3261,4.4269,5.556,20.0,5.2981,39.6004,43.7957,True
3621,MOVING,135558.0,-0.27,0.3737,22.63,5.78,16.85,0.2951,3.883,5.556,20.0,5.6147,11.2308,17.012,True
3626,MOVING,98087.1,-1.47,0.352,90.17,3.54,86.63,0.2906,3.552,5.556,20.0,5.9597,80.6748,84.2131,True
3631,STAGED_STOPPED,142649.3,-5.1,0.3309,3.21,4.14,0.0,0.321,2.9863,0.0,0.0,0.0,0.0,3.2095,True
3636,MOVING,118480.9,5.57,0.305,67.8,4.13,63.67,0.3308,3.7761,5.556,20.0,5.9256,57.7398,61.8734,True
3641,MOVING,95790.4,0.2,0.2713,19.55,5.77,13.78,0.3236,2.9252,5.556,20.0,7.0744,6.7048,12.4736,True
3646,MOVING,88136.0,1.81,0.3505,56.15,5.56,50.59,0.3004,3.859,5.556,20.0,5.6685,44.9209,50.4776,True
3651,MOVING,144404.6,-0.81,0.3841,44.6,4.44,40.17,0.2704,3.9326,5.556,20.0,5.4271,34.7417,39.1775,True
3656,MOVING,92707.0,7.55,0.3745,71.81,5.81,66.0,0.2948,4.6456,5.556,20.0,4.9602,61.0432,66.8542,True
3661,MOVING,120651.6,4.36,0.3103,36.31,3.57,32.74,0.2816,3.7129,5.556,20.0,5.7215,27.0184,30.585,True
3666,MOVING,114093.3,6.02,0.3785,37.97,4.81,33.16,0.2811,4.5391,5.556,20.0,4.9619,28.1997,33.0052,True
3671,MOVING,95729.3,-5.38,0.324,15.23,3.75,11.48,0.3015,2.8909,5.556,20.0,7.0144,4.4655,8.2144,True
3676,MOVING,99716.1,0.94,0.3141,86.93,5.79,81.14,0.3109,3.4169,5.556,20.0,6.2448,74.8922,80.6825,True
3681,MOVING,142695.4,7.06,0.3967,59.91,5.08,54.83,0.3338,4.7895,5.556,20.0,5.0772,49.7555,54.8343,True
3686,MOVING,125769.0,-5.13,0.2915,84.75,3.85,80.9,0.3113,2.597,5.556,20.0,7.6726,73.23,77.0763,True
3691,MOVING,149657.6,-0.15,0.3058,81.18,4.58,76.59,0.288,3.229,5.556,20.0,6.3803,70.2145,74.7974,True
3696,MOVING,76754.5,-6.63,0.3238,58.26,3.99,54.26,0.2903,2.764,5.556,20.0,7.1969,47.0672,51.0617,True
3701,MOVING,129948.9,7.14,0.3788,78.6,5.41,73.19,0.3036,4.6482,5.556,20.0,5.0072,68.1812,73.5939,True
3706,MOVING,154964.2,-6.24,0.3946,53.22,4.9,48.32,0.3139,3.1832,5.556,20.0,6.5926,41.7314,46.6281,True
3711,MOVING,74941.0,-1.39,0.3166,87.87,4.52,83.35,0.3135,3.2134,5.556,20.0,6.5453,76.809,81.328,True
3716,MOVING,102537.0,-4.62,0.3952,60.12,3.35,56.77,0.3033,3.6646,5.556,20.0,5.8969,50.873,54.2261,True
3721,MOVING,105419.9,-0.57,0.3467,18.31,3.28,15.03,0.3066,3.5891,5.556,20.0,6.0038,9.0267,12.3069,True
3726,MOVING,158969.7,7.27,0.335,96.58,5.55,91.03,0.3274,4.2318,5.556,20.0,5.4666,85.5607,91.1091,True
3731,MOVING,87768.2,-2.56,0.3844,11.08,3.66,7.42,0.2899,3.7625,5.556,20.0,5.7127,1.7113,5.3722,True
3736,MOVING,117092.9,-5.02,0.3697,61.55,5.92,55.62,0.3084,3.3741,5.556,20.0,6.2879,49.3338,55.2586,True
3741,MOVING,156748.9,-3.64,0.3263,12.95,3.22,9.73,0.3124,3.0857,5.556,20.0,6.7374,2.9962,6.2121,True
3746,MOVING,93438.9,-2.9,0.2777,38.14,4.26,33.88,0.3202,2.6829,5.556,20.0,7.5319,26.3503,30.6102,True
3751,MOVING,155944.0,-6.74,0.3761,82.63,3.02,79.61,0.3232,3.1121,5.556,20.0,6.7551,72.8533,75.8755,True
3756,MOVING,91440.8,1.2,0.2712,44.01,3.32,40.69,0.2766,3.0218,5.556,20.0,6.6448,34.0491,37.3643,True
3761,MOVING,84970.0,-7.78,0.2854,33.26,5.84,27.41,0.338,2.274,5.556,20.0,8.665,18.7478,24.5922,True
3766,MOVING,101444.7,-0.16,0.353,39.27,4.24,35.03,0.2889,3.6916,5.556,20.0,5.7859,29.2453,33.484,True
3771,MOVING,124022.7,1.09,0.2796,61.85,5.29,56.56,0.2915,3.0935,5.556,20.0,6.6088,49.9535,55.2441,True
3776,MOVING,159237.3,7.0,0.2855,8.49,5.3,3.2,0.3085,3.723,3.8634,13.91,3.1962,0.0,5.2968,True
3781,MOVING,110556.0,7.93,0.3529,98.26,4.98,93.28,0.3275,4.4697,5.556,20.0,5.2729,88.0093,92.9893,True
3786,MOVING,83557.6,-4.44,0.3962,78.49,3.59,74.9,0.2998,3.692,5.556,20.0,5.846,69.0572,72.6465,True
3791,MOVING,93644.7,-3.99,0.2747,16.98,3.65,13.33,0.3356,2.5462,5.556,20.0,7.9262,5.401,9.0531,True
3796,MOVING,134272.7,5.63,0.3733,73.68,3.95,69.72,0.2991,4.4513,5.556,20.0,5.1292,64.5922,68.5462,True
3801,MOVING,101116.7,6.31,0.2962,20.64,6.0,14.65,0.2994,3.7617,5.556,20.0,5.7664,8.8795,14.8749,True
3806,MOVING,162729.7,-5.96,0.3589,66.73,3.83,62.9,0.2659,3.0407,5.556,20.0,6.5533,56.347,60.174,True
3811,MOVING,137319.0,4.89,0.3085,82.67,3.81,78.86,0.3188,3.7463,5.556,20.0,5.8914,72.9696,76.7815,True
3816,MOVING,126853.3,-3.93,0.392,54.59,4.56,50.03,0.3374,3.7006,5.556,20.0,6.0454,43.9829,48.543,True
3821,MOVING,106099.9,-5.19,0.3068,65.77,4.98,60.79,0.2999,2.7407,5.556,20.0,7.2978,53.4938,58.4738,True
3826,MOVING,81749.0,-4.14,0.3741,21.6,3.53,18.07,0.2897,3.5054,5.556,20.0,6.0127,12.0559,15.5834,True
3831,MOVING,108860.7,-1.62,0.3147,21.58,3.75,17.83,0.3253,3.1716,5.556,20.0,6.6736,11.159,14.9041,True
3836,MOVING,101750.7,1.99,0.338,6.39,5.55,0.84,0.3279,3.7548,1.5646,5.63,0.839,0.0,5.5542,True
3841,MOVING,122638.9,-5.95,0.385,28.24,5.7,22.54,0.3003,3.4314,5.556,20.0,6.1664,16.371,22.0753,True
3846,MOVING,134061.5,-5.9,0.2948,40.42,4.45,35.97,0.3288,2.5528,5.556,20.0,7.8731,28.0989,32.5444,True
3851,MOVING,112216.5,-5.76,0.3389,68.78,3.61,65.17,0.2843,2.9983,5.556,20.0,6.7274,58.446,62.0546,True
3856,MOVING,81027.5,5.91,0.3921,14.44,3.98,10.46,0.3669,4.6623,5.556,20.0,5.3491,5.1125,9.0877,True
3861,MOVING,148542.4,-3.05,0.2525,35.35,5.38,29.97,0.2919,2.4219,5.556,20.0,7.9947,21.9762,27.3532,True
3866,MOVING,106473.1,2.72,0.2949,54.89,5.79,49.1,0.3035,3.402,5.556,20.0,6.2234,42.8806,48.671,True
3871,MOVING,110166.2,4.52,0.3057,23.89,5.82,18.07,0.3086,3.6825,5.556,20.0,5.9061,12.162,17.9851,True
3876,MOVING,112355.2,-6.93,0.3353,70.32,3.28,67.04,0.3219,2.8465,5.556,20.0,7.2111,59.8301,63.113,True
3881,MOVING,119972.1,-0.23,0.3427,59.88,3.19,56.7,0.3102,3.5832,5.556,20.0,6.0307,50.6673,53.8535,True
3886,MOVING,159488.8,6.7,0.3826,65.6,3.86,61.75,0.3257,4.3491,5.556,20.0,5.3584,56.3888,60.2444,True
3891,MOVING,142844.4,4.23,0.3723,21.88,5.93,15.95,0.3143,4.3074,5.556,20.0,5.3292,10.6251,16.5527,True
3896,MOVING,149439.1,3.14,0.3082,32.05,3.89,28.16,0.3098,3.5743,5.556,20.0,6.0394,22.1249,26.0148,True
3901,MOVING,113464.1,-3.92,0.3537,7.2,5.49,1.71,0.2829,3.3263,2.5619,9.22,1.7115,0.0,5.4852,True
3906,MOVING,118287.9,-1.97,0.2705,55.86,4.44,51.43,0.3202,2.7042,5.556,20.0,7.4866,43.9408,48.3766,True
3911,MOVING,77593.2,5.58,0.3957,94.83,5.11,89.73,0.3283,4.6656,5.556,20.0,5.132,84.5936,89.6988,True
3916,MOVING,110156.7,3.95,0.2765,70.64,3.67,66.97,0.3261,3.3412,5.556,20.0,6.4311,60.5409,64.2088,True
3921,MOVING,160628.2,-5.23,0.3599,80.04,5.33,74.72,0.3316,3.1567,5.556,20.0,6.7316,67.9852,73.3114,True
3926,MOVING,76357.9,-5.04,0.3021,69.65,3.11,66.54,0.3381,2.7104,5.556,20.0,7.5729,58.9626,62.0749,True
3931,MOVING,159875.5,-2.27,0.263,54.24,4.91,49.34,0.3332,2.601,5.556,20.0,7.7853,41.5528,46.4589,True
3936,MOVING,124001.0,-5.06,0.2962,31.88,5.89,25.98,0.3131,2.6503,5.556,20.0,7.5635,18.4187,24.3131,True
3941,MOVING,143291.4,-5.59,0.3697,44.06,3.03,41.03,0.2924,3.3172,5.556,20.0,6.2773,34.7573,37.7866,True
3946,MOVING,75518.2,6.68,0.3639,44.16,5.43,38.73,0.3427,4.459,5.556,20.0,5.3653,33.3682,38.7996,True
3951,MOVING,76169.3,7.96,0.3829,63.57,3.04,60.53,0.3253,4.7657,5.556,20.0,5.0462,55.4814,58.5211,True
3956,MOVING,153459.5,3.32,0.3253,47.88,3.02,44.86,0.3512,3.7585,5.556,20.0,6.0578,38.8022,41.8182,True
3961,MOVING,126516.4,-3.63,0.343,20.66,4.81,15.85,0.3075,3.2514,5.556,20.0,6.4557,9.3946,14.2035,True
3966,MOVING,146044.5,3.56,0.3232,90.74,3.66,87.08,0.3291,3.7617,5.556,20.0,5.9316,81.1484,84.8088,True
3971,MOVING,163102.7,-4.73,0.3984,53.01,3.79,49.22,0.331,3.1535,5.556,20.0,6.7336,42.484,46.2767,True
3976,MOVING,156738.3,-4.88,0.373,94.93,5.61,89.32,0.2836,3.2763,5.556,20.0,6.2868,83.0369,88.6444,True
3981,MOVING,150161.3,-6.19,0.2609,95.99,5.35,90.64,0.3065,2.1929,5.556,20.0,8.7416,81.8996,87.2532,True
3986,MOVING,159131.5,-1.93,0.3034,69.2,4.24,64.96,0.2882,3.0305,5.556,20.0,6.6942,58.2628,62.5045,True
3991,MOVING,81642.5,-6.76,0.2811,35.44,4.64,30.8,0.33,2.3336,5.556,20.0,8.4475,22.3558,26.9973,True
3996,MOVING,114452.8,-1.21,0.387,78.26,4.88,73.37,0.2993,3.9213,5.556,20.0,5.5989,67.775,72.6596,True
4001,MOVING,126337.6,-6.83,0.3528,54.74,4.98,49.76,0.3,3.0285,5.556,20.0,6.7633,42.9937,47.9765,True
4006,MOVING,98538.0,6.66,0.3147,80.75,4.13,76.62,0.306,3.9752,5.556,20.0,5.5828,71.0383,75.1688,True
4011,MOVING,77172.6,5.3,0.3184,12.03,4.22,7.8,0.2957,3.8818,5.556,20.0,5.619,2.1851,6.4067,True
4016,MOVING,97774.3,-4.66,0.2826,52.13,4.45,47.67,0.323,2.5571,5.556,20.0,7.8309,39.8433,44.2969,True
4021,MOVING,111634.3,5.11,0.3067,84.77,3.6,81.17,0.2886,3.7492,5.556,20.0,5.7202,75.453,79.05,True
4026,MOVING,149428.1,-2.43,0.3302,17.9,4.02,13.88,0.3012,3.2436,5.556,20.0,6.4321,7.4474,11.4712,True
4031,MOVING,135421.3,-1.3,0.3936,16.52,3.26,13.25,0.2801,3.9776,5.556,20.0,5.4368,7.8182,11.0807,True
4036,MOVING,164440.5,4.29,0.3482,39.82,3.94,35.88,0.2759,4.0103,5.556,20.0,5.3817,30.4993,34.4379,True
4041,MOVING,153248.3,-7.58,0.314,71.29,4.0,67.28,0.3084,2.5735,5.556,20.0,7.7108,59.5731,63.5751,True
4046,MOVING,113115.0,-2.59,0.3079,91.66,3.76,87.91,0.3075,3.009,5.556,20.0,6.838,81.0677,84.8262,True
4051,MOVING,159500.6,2.45,0.2741,57.8,3.08,54.72,0.296,3.1728,5.556,20.0,6.5093,48.2093,51.2913,True
4056,MOVING,75482.3,5.56,0.3921,95.5,4.31,91.19,0.3092,4.6285,5.556,20.0,5.0527,86.1366,90.4463,True
4061,MOVING,100907.2,4.33,0.3608,23.51,5.41,18.1,0.2978,4.2042,5.556,20.0,5.3261,12.7711,18.1845,True
4066,MOVING,83410.1,6.08,0.359,93.32,5.64,87.68,0.2884,4.3546,5.556,20.0,5.1468,82.5288,88.1736,True
4071,MOVING,103676.1,0.73,0.3951,94.84,5.33,89.51,0.3472,4.1913,5.556,20.0,5.6116,83.8997,89.2316,True
4076,MOVING,126645.4,2.12,0.2618,20.15,4.28,15.86,0.2964,3.0197,5.556,20.0,6.7583,9.1046,13.3883,True
4081,MOVING,137350.4,-5.01,0.377,94.59,4.54,90.05,0.2915,3.4471,5.556,20.0,6.0973,83.9486,88.4905,True
4086,MOVING,79484.8,-0.72,0.2666,68.39,5.02,63.37,0.3246,2.7884,5.556,20.0,7.3388,56.036,61.0551,True
4091,MOVING,141174.8,7.31,0.28,37.61,3.13,34.48,0.3029,3.6976,5.556,20.0,5.8569,28.62,31.7528,True
4096,MOVING,116578.3,3.51,0.3643,21.95,5.37,16.57,0.34,4.1591,5.556,20.0,5.6002,10.9748,16.3456,True
4101,MOVING,131770.8,3.19,0.3421,50.11,5.34,44.76,0.3049,3.9106,5.556,20.0,5.6408,39.1217,44.4659,True
4106,MOVING,134739.9,-3.25,0.3621,90.69,3.98,86.72,0.3103,3.4755,5.556,20.0,6.1652,80.5515,84.5288,True
4111,MOVING,125598.6,5.27,0.3623,56.21,3.72,52.49,0.3279,4.3094,5.556,20.0,5.4032,47.0894,50.8098,True
4116,MOVING,105197.7,-2.82,0.2835,49.86,3.77,46.1,0.3358,2.747,5.556,20.0,7.4844,38.6126,42.3806,True
4121,MOVING,100841.8,2.6,0.2955,17.43,4.87,12.55,0.2922,3.3968,5.556,20.0,6.1673,6.386,11.2581,True
4126,MOVING,135887.0,3.67,0.3452,43.48,5.18,38.3,0.3394,3.9873,5.556,20.0,5.7567,32.5432,37.7281,True
4131,MOVING,98883.8,-7.54,0.3025,64.21,4.48,59.73,0.3047,2.465,5.556,20.0,7.9547,51.7756,56.2568,True
4136,MOVING,75486.3,-3.06,0.291,36.24,3.22,33.02,0.3056,2.798,5.556,20.0,7.2143,25.8035,29.025,True
4141,MOVING,105359.9,-2.41,0.339,19.17,5.29,13.88,0.3129,3.3328,5.556,20.0,6.3695,7.506,12.796,True
4146,STAGED_STOPPED,133455.6,2.18,0.31,3.01,3.91,0.0,0.2805,3.4983,0.0,0.0,0.0,0.0,3.0095,True
4151,MOVING,84817.0,2.23,0.3378,67.49,3.28,64.21,0.3379,3.7755,5.556,20.0,5.9655,58.2397,61.52,True
4156,MOVING,75180.1,5.32,0.2998,50.61,5.34,45.27,0.2915,3.7019,5.556,20.0,5.789,39.4811,44.822,True
4161,MOVING,121073.2,-6.28,0.3996,92.52,4.09,88.44,0.3096,3.5409,5.556,20.0,6.0793,82.357,86.4429,True
4166,MOVING,109568.5,-0.44,0.263,22.43,3.51,18.92,0.2899,2.7817,5.556,20.0,7.1593,11.7601,15.2659,True
4171,MOVING,90186.1,4.39,0.3283,15.23,4.21,11.02,0.2894,3.8914,5.556,20.0,5.5744,5.4461,9.6535,True
4176,MOVING,165094.6,6.02,0.3899,49.81,5.32,44.49,0.272,4.1655,5.556,20.0,5.2163,39.2708,44.5895,True
4181,MOVING,110847.4,-6.49,0.3021,8.26,3.12,5.13,0.3023,2.5659,4.4158,15.9,5.1344,-0.0,3.1232,True
4186,MOVING,131864.3,-1.07,0.3991,93.09,3.33,89.76,0.2968,4.0543,5.556,20.0,5.4558,84.3062,87.6341,True
4191,MOVING,142942.7,-1.28,0.3355,66.3,4.7,61.61,0.3268,3.4092,5.556,20.0,6.3429,55.263,59.9611,True
4196,MOVING,91077.6,-6.89,0.3148,93.51,4.91,88.6,0.3081,2.6511,5.556,20.0,7.5336,81.0656,85.9767,True
4201,MOVING,151771.3,-0.51,0.3689,31.76,5.59,26.17,0.3229,3.8127,5.556,20.0,5.8422,20.3299,25.9219,True
4206,MOVING,117781.9,2.28,0.3417,26.69,4.87,21.83,0.2742,3.8191,5.556,20.0,5.5647,16.2606,21.1258,True
4211,MOVING,83651.7,-7.18,0.3329,38.43,3.21,35.22,0.3286,2.799,5.556,20.0,7.3399,27.8773,31.0881,True
4216,MOVING,149036.2,-6.09,0.336,73.49,4.65,68.84,0.2988,2.937,5.556,20.0,6.9155,61.9231,66.5729,True
4221,MOVING,102161.0,3.22,0.3662,69.12,5.77,63.34,0.3258,4.1508,5.556,20.0,5.5284,57.8155,63.5895,True
4226,MOVING,140815.3,0.63,0.2746,47.02,5.81,41.21,0.2711,2.9998,5.556,20.0,6.6514,34.558,40.3639,True
4231,MOVING,138209.1,-6.38,0.28,75.16,4.83,70.33,0.3293,2.3608,5.556,20.0,8.3676,61.9617,66.7928,True
4236,MOVING,102893.2,7.61,0.3943,26.22,4.38,21.85,0.3099,4.8443,5.556,20.0,4.9079,16.9376,21.3155,True
4241,MOVING,135823.2,4.9,0.3183,19.82,5.86,13.95,0.2843,3.8426,5.556,20.0,5.5961,8.3547,14.2196,True
4246,MOVING,159527.8,-6.44,0.3292,10.14,5.92,4.22,0.3313,2.8361,4.042,14.55,4.2195,0.0,5.9224,True
4251,MOVING,108572.3,-6.44,0.3367,41.94,5.47,36.47,0.3221,2.9092,5.556,20.0,7.0952,29.3737,34.8481,True
4256,MOVING,134216.4,6.66,0.3456,36.14,3.12,33.02,0.3239,4.2781,5.556,20.0,5.4076,27.6161,30.7348,True
4261,MOVING,84535.9,-1.09,0.3345,26.82,4.63,22.19,0.2973,3.4178,5.556,20.0,6.1679,16.0237,20.6534,True
4266,MOVING,114446.1,-4.65,0.3186,15.98,5.99,9.99,0.3325,2.9108,5.556,20.0,7.1499,2.8364,8.8289,True
4271,STAGED_STOPPED,133362.0,0.0,0.3574,4.95,5.66,0.0,0.3126,3.7505,0.0,0.0,0.0,0.0,4.9519,True
4276,MOVING,127228.9,-4.74,0.3625,4.64,3.19,1.45,0.2981,3.3316,2.2653,8.16,1.4454,0.0,3.1908,True
4281,MOVING,88883.5,6.29,0.2604,28.73,4.93,23.8,0.2757,3.4094,5.556,20.0,6.0587,17.7365,22.6671,True
4286,MOVING,128463.5,3.03,0.3121,28.2,4.89,23.32,0.3312,3.6013,5.556,20.0,6.1258,17.1896,22.0748,True
4291,MOVING,123435.5,4.29,0.3696,83.08,5.9,77.18,0.2873,4.2866,5.556,20.0,5.1972,71.9878,77.8842,True
4296,MOVING,101113.8,4.09,0.3591,88.01,3.66,84.35,0.3222,4.165,5.556,20.0,5.4961,78.8587,82.5144,True
4301,MOVING,81376.3,-5.51,0.3959,85.25,3.89,81.36,0.3082,3.5815,5.556,20.0,6.022,75.3406,79.2318,True
4306,MOVING,81337.1,2.46,0.2822,38.56,5.68,32.88,0.342,3.2525,5.556,20.0,6.6454,26.2319,31.911,True
4311,MOVING,99351.8,-4.38,0.3505,11.33,3.5,7.83,0.2891,3.2504,5.556,20.0,6.3547,1.4782,4.9739,True
4316,MOVING,90209.5,3.51,0.3025,50.25,3.27,46.99,0.2855,3.5532,5.556,20.0,5.9302,41.056,44.3228,True
4321,MOVING,127129.0,-5.63,0.3319,65.29,4.84,60.46,0.3207,2.944,5.556,20.0,7.0247,53.4314,58.2695,True
4326,MOVING,160973.8,6.19,0.3834,36.31,5.8,30.51,0.3323,4.2674,5.556,20.0,5.4633,25.0465,30.8471,True
4331,MOVING,99650.6,-5.79,0.2973,90.96,4.21,86.75,0.2864,2.5884,5.556,20.0,7.5542,79.198,83.4085,True
4336,MOVING,78992.7,7.39,0.3502,63.63,3.64,59.99,0.3068,4.3917,5.556,20.0,5.2189,54.7735,58.4157,True
4341,STAGED_STOPPED,114495.8,-2.81,0.3688,3.26,3.84,0.0,0.2767,3.585,0.0,0.0,0.0,0.0,3.2553,True
4346,MOVING,106308.9,-7.28,0.3184,25.03,4.0,21.04,0.3074,2.6461,5.556,20.0,7.5408,13.4967,17.493,True
4351,MOVING,145773.1,-5.93,0.2759,49.95,5.58,44.37,0.2721,2.3648,5.556,20.0,8.0388,36.3304,41.911,True
4356,MOVING,129365.7,-1.15,0.3968,61.75,5.43,56.32,0.3199,4.0231,5.556,20.0,5.6138,50.7045,56.137,True
4361,MOVING,79452.2,7.23,0.3767,12.93,5.49,7.44,0.296,4.6362,5.556,20.0,4.9735,2.4618,7.9516,True
4366,MOVING,134986.8,-0.59,0.256,43.47,4.7,38.77,0.2949,2.6977,5.556,20.0,7.3602,31.4087,36.1119,True
4371,MOVING,92509.9,6.0,0.3761,28.83,3.71,25.12,0.3171,4.5132,5.556,20.0,5.1815,19.9366,23.6486,True
4376,MOVING,118221.4,5.2,0.3576,58.98,4.37,54.62,0.3317,4.256,5.556,20.0,5.4692,49.1474,53.5152,True
4381,MOVING,79676.8,6.97,0.2847,67.91,3.57,64.34,0.3172,3.7112,5.556,20.0,5.9211,58.4224,61.9877,True
4386,MOVING,125045.4,5.38,0.3669,24.14,3.63,20.52,0.3014,4.3651,5.556,20.0,5.2103,15.3062,18.9334,True
4391,MOVING,90952.8,-7.86,0.3736,69.78,5.9,63.88,0.3367,3.1284,5.556,20.0,6.8046,57.0745,62.9726,True
4396,MOVING,151058.1,0.43,0.2509,72.96,3.31,69.64,0.2814,2.747,5.556,20.0,7.1821,62.4627,65.7759,True
4401,MOVING,85280.5,-7.39,0.3709,5.77,5.17,0.61,0.2769,3.1488,1.2661,4.56,0.6051,0.0,5.1671,True
4406,MOVING,136614.8,-7.54,0.3918,41.84,5.38,36.46,0.3201,3.3391,5.556,20.0,6.4009,30.0615,35.4431,True
4411,MOVING,81023.4,0.87,0.3638,63.78,5.96,57.82,0.2971,3.8979,5.556,20.0,5.6103,52.2072,58.1688,True
4416,MOVING,118802.4,2.05,0.2914,38.6,5.97,32.62,0.2883,3.3032,5.556,20.0,6.2745,26.3469,32.3213,True
4421,MOVING,83005.8,7.22,0.3905,28.17,5.81,22.36,0.3062,4.7701,5.556,20.0,4.9368,17.4209,23.2284,True
4426,MOVING,109973.0,4.31,0.2866,45.22,3.01,42.21,0.3007,3.4753,5.556,20.0,6.112,36.0975,39.1043,True
4431,MOVING,135995.4,7.93,0.3423,8.84,5.08,3.76,0.2964,4.3659,4.5799,16.49,3.7595,0.0,5.0793,True
4436,MOVING,99675.0,-2.34,0.2644,81.81,3.83,77.98,0.3359,2.6079,5.556,20.0,7.7847,70.1935,74.0204,True
4441,MOVING,153999.1,-2.84,0.2886,5.92,4.12,1.8,0.2905,2.7963,2.4608,8.86,1.7975,0.0,4.1224,True
4446,MOVING,163507.2,-1.6,0.3705,88.38,3.19,85.18,0.2942,3.4522,5.556,20.0,6.1052,79.0768,82.2703,True
4451,MOVING,112431.0,6.19,0.3697,87.75,5.62,82.13,0.272,4.469,5.556,20.0,4.965,77.168,82.7884,True
4456,MOVING,79455.0,-2.05,0.2544,68.92,5.22,63.7,0.3238,2.5383,5.556,20.0,7.8796,55.8218,61.045,True
4461,MOVING,110850.7,7.5,0.3569,13.21,4.09,9.12,0.3058,4.4681,5.556,20.0,5.1535,3.9693,8.0567,True
4466,MOVING,110234.1,-2.55,0.3551,89.76,3.66,86.1,0.3159,3.476,5.556,20.0,6.1954,79.9043,83.5618,True
4471,MOVING,156994.3,6.23,0.3056,86.82,5.35,81.47,0.3023,3.8452,5.556,20.0,5.6935,75.7797,81.1265,True
4476,MOVING,118267.9,0.39,0.3161,24.2,3.27,20.93,0.3046,3.3831,5.556,20.0,6.2547,14.6748,17.9445,True
4481,MOVING,88773.4,-6.71,0.3873,17.49,5.63,11.86,0.3029,3.3777,5.556,20.0,6.2524,5.606,11.2344,True
4486,MOVING,141917.8,-1.52,0.3908,23.46,3.03,20.42,0.3121,3.9286,5.556,20.0,5.6627,14.7594,17.794,True
4491,MOVING,97896.4,5.92,0.3396,42.67,6.0,36.67,0.3246,4.149,5.556,20.0,5.5237,31.1475,37.1468,True
4496,MOVING,129824.9,-1.75,0.3651,98.0,3.72,94.28,0.3031,3.6539,5.556,20.0,5.9083,88.3677,92.0904,True
4501,MOVING,128835.9,3.98,0.2827,31.78,5.66,26.12,0.3472,3.4045,5.556,20.0,6.4624,19.6575,25.3154,True
4506,MOVING,100134.8,-0.51,0.2688,79.63,4.64,74.99,0.2968,2.832,5.556,20.0,7.0989,67.8901,72.5346,True
4511,MOVING,89958.4,6.95,0.3049,23.86,5.44,18.42,0.3329,3.907,5.556,20.0,5.7998,12.6211,18.0565,True
4516,MOVING,111273.9,-5.28,0.2824,96.17,4.44,91.73,0.3335,2.4937,5.556,20.0,8.0425,83.6896,88.1325,True
4521,MOVING,152842.3,4.57,0.3709,15.51,5.59,9.92,0.3022,4.2911,5.556,20.0,5.2757,4.644,10.2385,True
4526,MOVING,113315.1,-2.44,0.3525,37.09,4.27,32.83,0.318,3.4619,5.556,20.0,6.2255,26.6001,30.8659,True
4531,MOVING,98595.0,0.38,0.3193,91.85,3.1,88.75,0.3169,3.4137,5.556,20.0,6.282,82.471,85.5707,True
4536,MOVING,127801.2,-5.58,0.2875,89.78,4.87,84.91,0.3153,2.5131,5.556,20.0,7.8934,77.0194,81.8853,True
4541,MOVING,89722.4,-2.73,0.3047,60.21,5.05,55.16,0.3115,2.9635,5.556,20.0,6.9386,48.2187,53.273,True
4546,MOVING,148285.8,-2.34,0.3693,98.99,5.83,93.16,0.316,3.6362,5.556,20.0,6.0002,87.161,92.988,True
4551,MOVING,159346.9,-3.08,0.2517,6.5,3.76,2.74,0.3236,2.4104,2.9367,10.57,2.7394,0.0,3.7633,True
4556,MOVING,125660.0,-1.49,0.2563,17.16,4.48,12.68,0.3224,2.6124,5.556,20.0,7.6994,4.9791,9.4586,True
4561,MOVING,139894.4,3.54,0.338,75.43,5.69,69.74,0.34,3.9044,5.556,20.0,5.842,63.9007,69.5913,True
4566,MOVING,156110.8,-5.61,0.2804,35.58,3.6,31.97,0.3393,2.4404,5.556,20.0,8.2097,23.7638,27.3679,True
4571,MOVING,119755.3,-5.06,0.26,91.52,5.6,85.91,0.3269,2.2956,5.556,20.0,8.5399,77.374,82.9752,True
4576,MOVING,102602.7,-2.64,0.3849,93.6,3.6,90.0,0.2814,3.7602,5.556,20.0,5.6682,84.3313,87.9357,True
4581,MOVING,159510.8,-0.29,0.3256,90.93,5.27,85.66,0.3009,3.4099,5.556,20.0,6.198,79.4617,84.7309,True
4586,MOVING,162356.0,-2.32,0.3559,14.33,3.63,10.7,0.338,3.4052,5.556,20.0,6.4105,4.2858,7.9162,True
4591,MOVING,126618.0,3.74,0.3114,15.67,4.26,11.41,0.3002,3.6635,5.556,20.0,5.8807,5.53,9.7942,True
4596,MOVING,133037.5,5.36,0.36,95.43,3.85,91.59,0.3057,4.2952,5.556,20.0,5.292,86.2936,90.1399,True
4601,MOVING,92174.8,-5.51,0.3355,77.0,3.54,73.46,0.3083,2.9908,5.556,20.0,6.8739,66.5819,70.125,True
4606,MOVING,156075.1,5.65,0.318,31.5,5.64,25.86,0.3302,3.9115,5.556,20.0,5.7803,20.0772,25.716,True
4611,MOVING,105040.5,-1.75,0.3474,68.13,5.28,62.85,0.3242,3.4803,5.556,20.0,6.2361,56.6094,61.891,True
4616,MOVING,103000.2,6.16,0.3378,41.07,4.02,37.04,0.3295,4.1543,5.556,20.0,5.5463,31.498,35.5214,True
4621,MOVING,152436.6,6.23,0.2593,34.75,4.47,30.28,0.3222,3.3919,5.556,20.0,6.3406,23.9384,28.4052,True
4626,MOVING,136452.5,0.26,0.2585,13.56,3.35,10.21,0.3027,2.8059,5.556,20.0,7.1827,3.03,6.3799,True
4631,MOVING,84975.7,6.07,0.3119,6.59,5.56,1.03,0.3413,3.8917,1.7948,6.46,1.0265,0.0,5.5615,True
4636,MOVING,161143.4,-5.05,0.3247,84.63,5.08,79.55,0.3235,2.9307,5.556,20.0,7.064,72.4868,77.5643,True
4641,MOVING,160536.1,0.52,0.2574,97.08,5.94,91.14,0.3123,2.8198,5.556,20.0,7.2087,83.9318,89.869,True
4646,MOVING,141891.0,-2.65,0.3766,23.95,3.21,20.74,0.3483,3.6771,5.556,20.0,6.1328,14.6098,17.8209,True
4651,MOVING,78907.6,-4.5,0.2883,20.29,3.07,17.22,0.345,2.6275,5.556,20.0,7.7912,9.4264,12.4959,True
4656,MOVING,89397.5,5.38,0.2764,83.99,4.16,79.84,0.3208,3.4781,5.556,20.0,6.2198,73.6161,77.774,True
4661,MOVING,120766.9,5.47,0.3376,65.72,4.21,61.5,0.2818,4.0857,5.556,20.0,5.3434,56.1595,60.3732,True
4666,MOVING,138909.1,0.62,0.3154,40.8,5.61,35.19,0.3007,3.3983,5.556,20.0,6.2127,28.9779,34.5842,True
4671,MOVING,107212.9,-0.02,0.2544,17.1,4.66,12.45,0.3182,2.7376,5.556,20.0,7.406,5.0432,9.6985,True
4676,MOVING,155103.8,-7.41,0.3141,52.08,3.45,48.62,0.2936,2.5916,5.556,20.0,7.5867,41.0376,44.4926,True
4681,MOVING,98756.2,0.4,0.3012,4.56,4.39,0.17,0.3226,3.238,0.4336,1.56,0.1689,0.0,4.3862,True
4686,MOVING,109970.6,-5.31,0.2971,29.63,5.3,24.32,0.3418,2.6343,5.556,20.0,7.758,16.5631,21.8671,True
4691,MOVING,107776.0,5.27,0.2908,16.74,5.89,10.86,0.308,3.6087,5.556,20.0,5.988,4.8678,10.7545,True
4696,MOVING,154512.2,-3.16,0.2714,21.76,4.05,17.71,0.2762,2.596,5.556,20.0,7.4799,10.227,14.2817,True
4701,STAGED_STOPPED,96872.5,7.91,0.3675,3.66,4.03,0.0,0.3271,4.6108,0.0,0.0,0.0,0.0,3.6592,True
4706,MOVING,112630.6,0.1,0.3133,69.02,5.2,63.82,0.3176,3.3267,5.556,20.0,6.4042,57.4181,62.6154,True
4711,MOVING,112335.7,-1.46,0.3173,74.49,4.02,70.47,0.3031,3.2133,5.556,20.0,6.4872,63.9857,68.0026,True
4716,MOVING,103358.2,-5.85,0.2526,28.19,5.62,22.57,0.3169,2.145,5.556,20.0,8.9566,13.6142,19.2378,True
4721,MOVING,105569.0,1.82,0.3205,53.85,3.58,50.27,0.3041,3.5655,5.556,20.0,6.0185,44.2533,47.8351,True
4726,MOVING,74020.8,5.64,0.2562,69.99,4.6,65.39,0.3113,3.3053,5.556,20.0,6.3991,58.9929,63.5902,True
4731,MOVING,85013.3,7.51,0.3297,79.87,5.78,74.09,0.2902,4.203,5.556,20.0,5.2849,68.805,74.5873,True
4736,MOVING,84901.4,-7.7,0.2671,44.13,3.52,40.61,0.3256,2.1025,5.556,20.0,9.1499,31.4617,34.9834,True
4741,MOVING,139762.7,6.26,0.2932,38.29,5.4,32.89,0.3275,3.7265,5.556,20.0,5.9612,26.9317,32.3302,True
4746,MOVING,78925.5,-1.06,0.3415,54.16,4.05,50.12,0.3343,3.4898,5.556,20.0,6.2799,43.8394,47.8845,True
4751,MOVING,105223.9,-4.09,0.3381,54.26,5.31,48.95,0.3247,3.1565,5.556,20.0,6.694,42.2528,47.5656,True
4756,MOVING,153242.3,4.35,0.3562,66.75,3.46,63.29,0.3104,4.1606,5.556,20.0,5.4342,57.8554,61.312,True
4761,MOVING,118215.7,1.13,0.285,28.11,5.02,23.09,0.3201,3.1503,5.556,20.0,6.678,16.4122,21.4292,True
4766,MOVING,164780.4,-2.35,0.3806,33.98,3.15,30.83,0.2982,3.3525,5.556,20.0,6.2609,24.5719,27.7192,True
4771,MOVING,74638.9,5.75,0.2948,7.45,4.06,3.4,0.2887,3.6944,4.0557,14.6,3.3972,0.0,4.0565,True
4776,MOVING,149718.4,3.82,0.3547,99.43,4.12,95.31,0.3092,4.0953,5.556,20.0,5.4867,89.8266,93.9445,True
4781,MOVING,80239.1,6.33,0.3445,40.61,3.35,37.27,0.334,4.2359,5.556,20.0,5.4993,31.7675,35.1132,True
4786,MOVING,108483.3,4.4,0.316,53.9,4.23,49.67,0.357,3.7716,5.556,20.0,6.0757,43.5966,47.8288,True
4791,MOVING,83772.3,-0.71,0.2877,50.48,3.42,47.06,0.3236,2.997,5.556,20.0,6.9477,40.112,43.5364,True
4796,STAGED_STOPPED,103316.7,5.39,0.3124,3.3,5.6,0.0,0.3199,3.8322,0.0,0.0,0.0,0.0,3.3005,True
4801,MOVING,85331.9,7.45,0.3262,19.42,4.39,15.03,0.3211,4.1628,5.556,20.0,5.4919,9.5412,13.9291,True
4806,MOVING,123833.7,0.92,0.3669,98.73,5.26,93.47,0.2975,3.9334,5.556,20.0,5.5769,87.8905,93.1497,True
4811,MOVING,89446.1,-3.92,0.2584,46.87,3.44,43.43,0.3205,2.3925,5.556,20.0,8.2318,35.1992,38.6417,True
4816,MOVING,159533.8,-0.91,0.3781,40.71,4.53,36.18,0.3378,3.6037,5.556,20.0,6.1599,30.0164,34.5486,True
4821,MOVING,100002.9,-2.64,0.303,24.69,4.83,19.86,0.3236,2.9575,5.556,20.0,7.0168,12.8397,17.6724,True
4826,MOVING,88629.0,-5.89,0.2979,99.48,4.41,95.07,0.2934,2.5842,5.556,20.0,7.6028,87.4707,91.8761,True
4831,MOVING,146874.3,-0.77,0.2536,68.58,3.47,65.12,0.2934,2.6571,5.556,20.0,7.4387,57.6788,61.1438,True
4836,MOVING,82001.4,-1.05,0.2709,38.59,5.02,33.56,0.3385,2.7992,5.556,20.0,7.3945,26.1687,31.1905,True
4841,MOVING,161441.9,-4.41,0.2915,76.49,3.98,72.5,0.3259,2.6689,5.556,20.0,7.594,64.9086,68.8924,True
4846,MOVING,109887.9,4.59,0.303,81.19,3.94,77.25,0.3414,3.6621,5.556,20.0,6.1115,71.1383,75.0794,True
4851,MOVING,163785.1,5.37,0.3871,22.63,5.28,17.35,0.3158,4.1286,5.556,20.0,5.4932,11.8553,17.1323,True
4856,MOVING,91569.5,5.79,0.2866,38.04,3.07,34.97,0.3281,3.617,5.556,20.0,6.0899,28.8776,31.9492,True
4861,MOVING,131227.2,-3.45,0.2656,94.56,3.5,91.06,0.3105,2.5098,5.556,20.0,7.8751,83.1809,86.6817,True
4866,MOVING,132161.5,-7.31,0.294,12.27,3.71,8.56,0.3217,2.4046,5.556,20.0,8.206,0.3533,4.0679,True
4871,MOVING,108964.3,-4.89,0.3572,40.28,5.09,35.19,0.3087,3.264,5.556,20.0,6.4441,28.7458,33.8379,True
4876,MOVING,132815.7,1.71,0.3057,40.9,5.55,35.35,0.3382,3.4108,5.556,20.0,6.4043,28.947,34.498,True
4881,MOVING,92674.0,5.1,0.3569,87.78,3.89,83.89,0.3105,4.2399,5.556,20.0,5.3656,78.522,82.411,True
4886,MOVING,154857.1,6.24,0.266,77.68,3.54,74.14,0.3196,3.4584,5.556,20.0,6.2388,67.9006,71.4423,True
4891,MOVING,102923.3,2.95,0.358,59.63,3.29,56.35,0.302,4.0434,5.556,20.0,5.4953,50.8501,54.1394,True
4896,MOVING,81373.1,-6.9,0.3102,3.56,3.23,0.34,0.3294,2.604,0.724,2.61,0.3391,0.0,3.2255,True
4901,MOVING,74553.3,-5.8,0.3697,97.73,4.72,93.01,0.3022,3.2963,5.556,20.0,6.3613,86.6448,91.3665,True
4906,MOVING,88795.1,4.94,0.3654,22.19,3.65,18.54,0.2894,4.3077,5.556,20.0,5.191,13.346,16.9976,True
4911,MOVING,154929.8,-3.88,0.3434,63.47,3.67,59.79,0.2991,3.2301,5.556,20.0,6.4401,53.3534,57.0269,True
4916,MOVING,157858.8,-6.11,0.3241,31.52,3.59,27.93,0.3246,2.8195,5.556,20.0,7.2776,20.6506,24.2432,True
4921,MOVING,161113.7,3.82,0.3977,30.5,3.97,26.53,0.2769,4.0329,5.556,20.0,5.3657,21.1635,25.1346,True
4926,MOVING,97521.2,-3.75,0.3325,80.76,3.79,76.97,0.3437,3.1358,5.556,20.0,6.8315,70.1377,73.9323,True
4931,MOVING,112775.0,-5.97,0.3335,73.65,3.69,69.95,0.3032,2.9256,5.556,20.0,6.9604,62.9917,66.6858,True
4936,MOVING,106176.0,7.1,0.3731,32.13,4.12,28.0,0.3323,4.5882,5.556,20.0,5.2104,22.7942,26.9162,True
4941,MOVING,105279.2,-0.23,0.2679,72.63,5.94,66.68,0.339,2.8495,5.556,20.0,7.3002,59.383,65.3264,True
4946,MOVING,160100.8,7.97,0.3938,24.42,3.08,21.34,0.2704,4.4591,5.556,20.0,4.9635,16.3807,19.458,True
4951,MOVING,110147.4,1.14,0.2584,11.33,5.67,5.66,0.316,2.8913,4.8801,17.57,5.6607,-0.0,5.6678,True
4956,MOVING,142530.1,3.45,0.3071,50.58,5.38,45.21,0.3007,3.5931,5.556,20.0,5.9666,39.2388,44.6161,True
4961,MOVING,123931.2,0.05,0.2632,20.46,4.44,16.02,0.2932,2.8313,5.556,20.0,7.0804,8.9397,13.3783,True
4966,MOVING,93766.9,4.42,0.3519,95.43,5.16,90.27,0.3008,4.1255,5.556,20.0,5.4123,84.859,90.0211,True
4971,MOVING,117471.7,8.0,0.2881,95.32,4.63,90.7,0.3279,3.8422,5.556,20.0,5.8387,84.8577,89.4845,True
4976,MOVING,114875.5,0.94,0.2688,78.22,5.74,72.48,0.2871,2.9735,5.556,20.0,6.7859,65.6942,71.4323,True
4981,MOVING,163421.5,-3.85,0.3362,25.49,4.01,21.48,0.3221,3.1616,5.556,20.0,6.6715,14.8122,18.8216,True
4986,MOVING,88012.7,-0.76,0.374,31.36,3.21,28.15,0.3405,3.8383,5.556,20.0,5.9129,22.2338,25.4486,True
4991,MOVING,163250.0,7.03,0.3305,22.0,4.71,17.29,0.3292,4.1654,5.556,20.0,5.5345,11.7554,16.4642,True
4996,MOVING,156111.9,2.41,0.2991,45.14,5.64,39.49,0.2954,3.4143,5.556,20.0,6.1616,33.3316,38.9756,True
5001,MOVING,110017.7,-0.01,0.2639,62.11,4.63,57.48,0.2953,2.8322,5.556,20.0,7.0904,50.3891,55.0207,True
5006,MOVING,82064.3,-4.49,0.2577,40.84,4.81,36.03,0.2855,2.3299,5.556,20.0,8.211,27.8189,32.6265,True
5011,MOVING,89143.2,-6.92,0.3857,60.24,5.98,54.27,0.3399,3.3414,5.556,20.0,6.5077,47.7583,53.7366,True
5016,MOVING,93374.7,5.58,0.338,76.98,5.08,71.9,0.3366,4.1004,5.556,20.0,5.6343,66.2684,71.3507,True
5021,MOVING,135023.9,-3.64,0.2614,58.25,3.17,55.08,0.3111,2.4496,5.556,20.0,8.029,47.0512,50.2186,True
5026,MOVING,122274.3,6.1,0.3128,97.42,5.4,92.02,0.3357,3.9035,5.556,20.0,5.8192,86.1989,91.5976,True
5031,MOVING,101703.9,2.33,0.3306,83.02,3.87,79.15,0.324,3.7148,5.556,20.0,5.9549,73.1908,77.0605,True
5036,MOVING,108746.0,4.92,0.3336,8.34,4.83,3.51,0.3072,3.9937,4.2095,15.15,3.5115,0.0,4.8259,True
5041,MOVING,143742.4,0.55,0.394,82.61,4.81,77.81,0.3192,4.1258,5.556,20.0,5.5146,72.2915,77.0998,True
5046,MOVING,129125.9,1.32,0.2734,28.25,5.15,23.1,0.2862,3.0558,5.556,20.0,6.6412,16.4612,21.6116,True
5051,MOVING,92076.4,5.93,0.3303,94.56,3.37,91.19,0.3136,4.0587,5.556,20.0,5.5454,85.641,89.0116,True
5056,MOVING,134235.1,3.9,0.263,39.62,4.07,35.55,0.2974,3.2041,5.556,20.0,6.4695,29.0802,33.1524,True
5061,MOVING,159357.4,-7.73,0.2606,31.26,3.94,27.32,0.3039,2.037,5.556,20.0,9.2655,18.0504,21.9903,True
5066,MOVING,77359.2,3.07,0.2918,92.09,3.9,88.19,0.3252,3.4062,5.556,20.0,6.3381,81.852,85.7534,True
5071,MOVING,124582.6,6.93,0.2857,64.63,3.82,60.81,0.3133,3.7177,5.556,20.0,5.8926,54.9208,58.7363,True
5076,MOVING,121398.0,0.37,0.3053,10.76,5.72,5.03,0.3141,3.2756,4.8044,17.3,5.0323,0.0,5.7232,True
5081,MOVING,80853.0,2.72,0.3942,66.19,3.98,62.21,0.3165,4.3762,5.556,20.0,5.2854,56.9287,60.9062,True
5086,MOVING,120199.4,-6.4,0.3634,66.13,4.41,61.72,0.3126,3.1747,5.556,20.0,6.5983,55.12,59.5299,True
5091,MOVING,77336.2,-4.38,0.3344,60.32,3.22,57.1,0.2906,3.0913,5.556,20.0,6.6077,50.4923,53.7139,True
5096,MOVING,114067.8,-0.14,0.2812,81.49,5.77,75.72,0.3093,2.9892,5.556,20.0,6.882,68.8352,74.6086,True
5101,MOVING,115090.7,-0.55,0.2749,87.09,3.3,83.79,0.282,2.8877,5.556,20.0,6.9118,76.8821,80.1809,True
5106,MOVING,83756.1,6.12,0.3927,49.34,3.29,46.04,0.3061,4.6882,5.556,20.0,4.9931,41.0484,44.3431,True
5111,MOVING,162761.8,4.25,0.3446,27.55,4.2,23.36,0.3195,4.0377,5.556,20.0,5.5976,17.7582,21.9533,True
5116,MOVING,131715.5,5.23,0.363,15.63,5.92,9.71,0.3593,4.3121,5.556,20.0,5.5757,4.1345,10.0507,True
5121,MOVING,103100.6,1.1,0.2961,69.02,3.88,65.14,0.3015,3.2573,5.556,20.0,6.4136,58.7229,62.6058,True
5126,MOVING,129848.2,-3.63,0.3826,80.73,3.97,76.76,0.3011,3.6394,5.556,20.0,5.9139,70.849,74.8181,True
5131,MOVING,125168.5,-3.73,0.3219,86.05,3.22,82.83,0.2894,3.0333,5.556,20.0,6.6963,76.1347,79.3524,True
5136,MOVING,108494.2,-6.23,0.2715,69.61,4.92,64.68,0.3073,2.2921,5.556,20.0,8.4414,56.2413,61.1644,True
5141,STAGED_STOPPED,126673.4,3.37,0.268,3.68,4.26,0.0,0.3066,3.2025,0.0,0.0,0.0,0.0,3.6771,True
5146,MOVING,154505.2,7.99,0.2785,22.72,5.09,17.64,0.3204,3.748,5.556,20.0,5.8985,11.7388,16.8255,True
5151,MOVING,102336.8,3.28,0.3302,74.39,4.29,70.11,0.2995,3.8023,5.556,20.0,5.723,64.3837,68.6701,True
5156,MOVING,101538.4,2.89,0.3895,85.72,4.24,81.48,0.3173,4.3463,5.556,20.0,5.3141,76.1704,80.4079,True
5161,MOVING,130420.9,-0.94,0.3121,83.34,5.31,78.04,0.2897,3.2141,5.556,20.0,6.4117,71.6249,76.9311,True
5166,MOVING,164095.9,-5.46,0.3736,85.89,5.97,79.93,0.3055,3.0622,5.556,20.0,6.7375,73.1891,79.1559,True
5171,MOVING,112933.8,-5.29,0.2999,4.54,4.41,0.13,0.3042,2.6635,0.3405,1.23,0.1253,0.0,4.4108,True
5176,MOVING,148724.0,3.43,0.3824,60.24,3.28,56.97,0.3505,4.2792,5.556,20.0,5.5543,51.4126,54.6892,True
5181,MOVING,109499.5,-6.12,0.3765,64.31,4.49,59.82,0.3299,3.3317,5.556,20.0,6.4655,53.3527,57.843,True
5186,MOVING,160132.1,2.78,0.3289,58.93,4.67,54.26,0.3293,3.7415,5.556,20.0,5.9551,48.3038,52.9734,True
5191,MOVING,104393.8,7.67,0.3865,65.81,4.4,61.42,0.3,4.7731,5.556,20.0,4.9006,56.5158,60.9133,True
5196,MOVING,147016.8,-1.94,0.3122,18.31,3.88,14.43,0.3339,3.1159,5.556,20.0,6.8089,7.6248,11.5006,True
5201,MOVING,101860.9,2.19,0.3242,82.03,5.39,76.65,0.3102,3.6384,5.556,20.0,5.9653,70.6832,76.0688,True
5206,MOVING,108514.0,-1.58,0.2517,14.65,5.94,8.71,0.3165,2.5578,5.556,20.0,7.7926,0.9204,6.8612,True
5211,MOVING,160713.3,6.53,0.3071,15.38,4.06,11.31,0.3239,3.8892,5.556,20.0,5.7682,5.544,9.6089,True
5216,MOVING,129651.3,0.63,0.2661,99.54,3.08,96.46,0.3437,2.917,5.556,20.0,7.201,89.2602,92.3413,True
5221,MOVING,101443.5,5.85,0.3919,84.62,4.13,80.49,0.3128,4.654,5.556,20.0,5.0542,75.4347,79.5636,True
5226,MOVING,79251.4,-7.24,0.3963,39.98,4.12,35.86,0.3313,3.4132,5.556,20.0,6.3629,29.5009,33.6205,True
5231,MOVING,134823.6,-5.01,0.3693,57.4,5.57,51.83,0.2804,3.3716,5.556,20.0,6.1358,45.6949,51.2651,True
5236,MOVING,74672.8,-0.67,0.3251,45.42,3.56,41.86,0.2824,3.3672,5.556,20.0,6.1529,35.7071,39.2701,True
5241,MOVING,163581.4,7.9,0.356,62.88,3.57,59.3,0.302,4.3793,5.556,20.0,5.2022,54.0994,57.6734,True
5246,MOVING,127259.4,-4.97,0.2864,39.49,5.46,34.03,0.3502,2.5626,5.556,20.0,7.9687,26.0622,31.5224,True
5251,MOVING,109323.7,-7.47,0.3667,88.7,3.01,85.69,0.3251,3.0999,5.556,20.0,6.785,78.9076,81.9137,True
5256,MOVING,117971.2,6.78,0.3892,66.84,3.3,63.54,0.2885,4.7157,5.556,20.0,4.8758,58.6644,61.9653,True
5261,MOVING,92665.5,2.7,0.3291,95.46,5.38,90.09,0.2934,3.7367,5.556,20.0,5.7604,84.3289,89.704,True
5266,MOVING,120904.3,-3.23,0.255,11.67,3.55,8.12,0.3131,2.4273,5.556,20.0,8.0984,0.02,3.5739,True
5271,MOVING,91629.9,-7.99,0.2966,51.92,4.21,47.71,0.3157,2.3629,5.556,20.0,8.2859,39.4248,43.6326,True
5276,MOVING,94814.6,-0.22,0.3945,10.22,4.54,5.69,0.3068,4.0921,5.556,20.0,5.4766,0.2112,4.7471,True
5281,MOVING,164413.4,6.98,0.3329,13.42,5.53,7.88,0.3247,4.1838,5.556,20.0,5.4932,2.3915,7.924,True
5286,MOVING,138934.9,3.87,0.2823,68.73,5.02,63.71,0.3011,3.3914,5.556,20.0,6.224,57.4886,62.5045,True
5291,MOVING,99787.0,-2.42,0.2556,6.51,5.38,1.13,0.3333,2.5134,1.6851,6.07,1.1266,0.0,5.3837,True
5296,MOVING,86300.7,4.57,0.2886,53.63,4.37,49.25,0.3512,3.52,5.556,20.0,6.3361,42.9175,47.2911,True
5301,MOVING,145690.4,7.83,0.3342,16.06,5.36,10.7,0.2839,4.2773,5.556,20.0,5.1858,5.5107,10.873,True
5306,MOVING,123002.1,-6.78,0.2739,69.77,3.59,66.18,0.2821,2.2605,5.556,20.0,8.3954,57.7828,61.3762,True
5311,MOVING,104727.2,7.89,0.3731,20.44,5.08,15.36,0.3122,4.6633,5.556,20.0,5.0443,10.3159,15.4005,True
5316,MOVING,115433.5,5.41,0.2779,39.25,5.74,33.51,0.3418,3.4961,5.556,20.0,6.3136,27.1984,32.9335,True
5321,MOVING,99853.3,4.52,0.2605,24.28,3.35,20.93,0.3095,3.2397,5.556,20.0,6.484,14.4456,17.7938,True
5326,MOVING,126936.6,0.85,0.3558,8.4,4.12,4.27,0.3029,3.8184,4.6723,16.82,4.2739,0.0,4.125,True
5331,MOVING,97679.5,-7.08,0.2563,15.04,5.78,9.27,0.3035,2.0591,5.556,20.0,9.1819,0.0839,5.8624,True
5336,MOVING,160440.7,5.36,0.3169,65.39,4.06,61.33,0.3542,3.873,5.556,20.0,5.9531,55.3724,59.4326,True
5341,MOVING,148177.5,3.29,0.3133,7.18,3.82,3.36,0.306,3.6391,3.9531,14.23,3.3567,0.0,3.824,True
5346,MOVING,123184.9,5.34,0.2934,83.67,5.18,78.49,0.2901,3.6409,5.556,20.0,5.8507,72.6368,77.8169,True
5351,MOVING,141084.2,-7.81,0.3518,61.97,4.47,57.5,0.3278,2.9212,5.556,20.0,7.1047,50.394,54.868,True
5356,MOVING,111116.5,4.24,0.2603,15.98,3.84,12.13,0.3104,3.2114,5.556,20.0,6.5307,5.6038,9.4478,True
5361,MOVING,129197.0,6.19,0.3199,51.74,5.42,46.32,0.323,3.9825,5.556,20.0,5.6701,40.6501,46.0724,True
5366,MOVING,164611.1,-7.83,0.3602,13.36,4.99,8.37,0.2906,2.8201,5.556,20.0,7.0877,1.2873,6.273,True
5371,MOVING,109183.2,-5.01,0.3369,66.07,4.03,62.04,0.2944,3.054,5.556,20.0,6.6896,55.3465,59.3796,True
5376,MOVING,146652.3,2.5,0.3979,92.78,3.37,89.42,0.3556,4.2404,5.556,20.0,5.6156,83.8003,87.1691,True
5381,MOVING,94531.0,6.22,0.2547,85.85,3.06,82.79,0.3173,3.3462,5.556,20.0,6.3753,76.4108,79.4748,True
5386,MOVING,120765.1,2.49,0.3131,44.31,5.79,38.52,0.2854,3.5589,5.556,20.0,5.9223,32.6012,38.3896,True
5391,MOVING,86759.7,-5.61,0.2793,94.47,5.14,89.32,0.3481,2.4309,5.556,20.0,8.2835,81.0386,86.1818,True
5396,MOVING,108042.0,-1.16,0.3072,24.91,4.65,20.26,0.3514,3.1434,5.556,20.0,6.8625,13.3997,18.0457,True
5401,MOVING,96325.6,1.97,0.327,7.12,3.7,3.42,0.3003,3.6441,4.0134,14.45,3.4154,0.0,3.7008,True
5406,MOVING,155943.4,-3.99,0.3039,41.37,4.4,36.97,0.3003,2.8316,5.556,20.0,7.1192,29.8515,34.253,True
5411,MOVING,136930.9,3.97,0.255,19.77,3.94,15.84,0.3346,3.1324,5.556,20.0,6.7863,9.0491,12.9859,True
5416,MOVING,109345.3,4.05,0.2815,77.45,3.7,73.75,0.282,3.3996,5.556,20.0,6.1071,67.6379,71.3413,True
5421,MOVING,91591.6,-2.85,0.3853,83.12,5.97,77.16,0.2904,3.7431,5.556,20.0,5.7368,71.4201,77.3863,True
5426,MOVING,126753.9,1.04,0.2706,70.31,5.67,64.64,0.3048,3.0012,5.556,20.0,6.8364,57.8012,63.4745,True
5431,MOVING,129570.2,1.84,0.3103,99.29,5.61,93.68,0.3221,3.4686,5.556,20.0,6.2394,87.4375,93.0508,True
5436,MOVING,141671.7,-7.03,0.2919,96.17,4.5,91.67,0.3377,2.4124,5.556,20.0,8.2745,83.3939,87.8958,True
5441,MOVING,116120.1,5.8,0.3207,85.06,3.19,81.88,0.3688,3.9523,5.556,20.0,5.9544,75.9213,79.1084,True
5446,MOVING,92217.0,-2.55,0.2849,97.9,3.38,94.52,0.3227,2.7888,5.556,20.0,7.3274,87.1917,90.5759,True
5451,MOVING,100510.1,1.06,0.3635,23.2,4.61,18.6,0.3128,3.9132,5.556,20.0,5.6821,12.9137,17.5211,True
5456,MOVING,93896.9,-0.37,0.2553,18.06,4.93,13.13,0.2832,2.713,5.556,20.0,7.2623,5.8692,10.7986,True
5461,MOVING,147212.6,-5.29,0.3612,36.68,3.88,32.81,0.3319,3.264,5.556,20.0,6.5727,26.2344,30.1101,True
5466,MOVING,120292.2,2.22,0.3756,52.05,3.24,48.81,0.3123,4.1454,5.556,20.0,5.4585,43.354,46.5895,True
5471,MOVING,136881.9,-7.12,0.2722,75.02,3.73,71.28,0.3089,2.2103,5.556,20.0,8.6994,62.5848,66.318,True
5476,MOVING,111440.2,-6.68,0.3707,28.09,3.02,25.06,0.3436,3.2177,5.556,20.0,6.7057,18.3574,21.3801,True
5481,MOVING,148263.9,1.7,0.2851,16.93,4.61,12.32,0.2906,3.2072,5.556,20.0,6.427,5.8881,10.5008,True
5486,MOVING,164344.2,5.04,0.3902,87.45,3.36,84.09,0.3103,4.0852,5.556,20.0,5.502,78.588,81.9502,True
5491,MOVING,88307.1,-0.02,0.3178,89.15,5.67,83.48,0.28,3.3599,5.556,20.0,6.1493,77.3302,82.9975,True
5496,MOVING,104540.6,4.96,0.3294,93.42,4.88,88.53,0.3215,3.9567,5.556,20.0,5.6869,82.8473,87.7306,True
5501,MOVING,121465.4,7.37,0.3476,23.46,3.25,20.21,0.3373,4.3644,5.556,20.0,5.4107,14.7963,18.0463,True
5506,MOVING,90631.4,5.51,0.2964,70.85,3.6,67.26,0.2847,3.6861,5.556,20.0,5.7687,61.4865,65.0818,True
5511,MOVING,86195.5,-3.33,0.3151,7.56,5.44,2.11,0.2842,3.0076,2.8121,10.12,2.114,0.0,5.4411,True
5516,MOVING,144992.8,-6.62,0.2778,82.3,3.55,78.75,0.2731,2.3157,5.556,20.0,8.1821,70.5645,74.1161,True
5521,MOVING,150340.7,-7.9,0.3288,42.51,4.27,38.25,0.3138,2.6866,5.556,20.0,7.4883,30.7569,35.0257,True
5526,MOVING,77145.5,-5.91,0.2592,73.45,5.31,68.15,0.2919,2.2035,5.556,20.0,8.6263,59.5225,64.8283,True
5531,MOVING,123906.7,-6.6,0.282,91.21,3.29,87.92,0.2829,2.3585,5.556,20.0,8.1159,79.8041,83.0985,True
5536,MOVING,83544.6,6.44,0.3525,36.52,3.75,32.77,0.2826,4.3239,5.556,20.0,5.1399,27.6329,31.3818,True
5541,MOVING,83764.1,-1.35,0.3453,28.14,3.76,24.38,0.3229,3.4994,5.556,20.0,6.2045,18.1739,21.9345,True
5546,MOVING,80888.0,2.73,0.2816,42.3,5.57,36.73,0.2831,3.2733,5.556,20.0,6.2881,30.4437,36.0143,True
5551,MOVING,97794.4,-0.14,0.2878,41.86,5.42,36.44,0.3043,3.0537,5.556,20.0,6.7452,29.6982,35.1155,True
5556,MOVING,138997.2,4.88,0.3696,79.98,4.87,75.1,0.3417,4.3425,5.556,20.0,5.4527,69.6501,74.525,True
5561,MOVING,105198.0,0.44,0.367,27.3,3.65,23.65,0.3235,3.8869,5.556,20.0,5.7681,17.8813,21.5272,True
5566,MOVING,76255.0,-4.27,0.3254,93.99,5.5,88.49,0.3045,3.0147,5.556,20.0,6.8115,81.6745,87.178,True
5571,MOVING,163267.6,5.98,0.3405,79.23,5.24,73.99,0.3331,4.1638,5.556,20.0,5.5575,68.4285,73.6683,True
5576,MOVING,85744.0,1.21,0.2663,47.72,5.32,42.4,0.3004,2.9746,5.556,20.0,6.8579,35.5454,40.8624,True
5581,MOVING,77655.2,7.08,0.2651,64.09,3.52,60.57,0.2938,3.5302,5.556,20.0,6.0042,54.5665,58.089,True
5586,MOVING,79041.8,-3.38,0.3854,79.55,3.55,76.0,0.3279,3.6913,5.556,20.0,6.0029,69.9982,73.5485,True
5591,MOVING,102516.2,2.51,0.3867,12.77,5.86,6.91,0.2859,4.2825,5.556,20.0,5.1927,1.7163,7.5761,True
5596,MOVING,117724.9,-3.34,0.3174,61.12,3.36,57.76,0.3277,3.0285,5.556,20.0,6.9171,50.8395,54.2015,True
5601,MOVING,98535.1,-2.54,0.2689,11.83,4.78,7.05,0.2969,2.6324,5.3622,19.3,7.0533,-0.0,4.7762,True
5606,MOVING,128687.9,-4.64,0.366,32.63,4.98,27.64,0.2793,3.3763,5.556,20.0,6.1235,21.5215,26.504,True
5611,MOVING,81042.7,1.02,0.2887,30.58,5.62,24.96,0.2722,3.1757,5.556,20.0,6.3724,18.5835,24.2034,True
5616,MOVING,150753.8,-3.06,0.3211,87.64,3.29,84.36,0.3015,3.0926,5.556,20.0,6.6661,77.6923,80.9785,True
5621,MOVING,83321.9,-1.15,0.3751,61.26,4.27,56.98,0.2916,3.8102,5.556,20.0,5.6713,51.3113,55.5848,True
5626,MOVING,151201.2,-2.82,0.272,92.48,3.23,89.25,0.3366,2.6351,5.556,20.0,7.7273,81.521,84.7495,True
5631,MOVING,143233.2,-1.15,0.2791,49.33,5.28,44.05,0.2924,2.8694,5.556,20.0,7.0038,37.0459,42.3242,True
5636,MOVING,79215.7,-7.58,0.3973,81.34,3.22,78.11,0.3253,3.3881,5.556,20.0,6.3631,71.7494,74.9741,True
5641,MOVING,126408.5,-0.63,0.2627,71.39,5.94,65.45,0.3288,2.7595,5.556,20.0,7.4202,58.0348,63.9726,True
5646,MOVING,99090.5,7.03,0.3855,29.34,5.85,23.49,0.3116,4.7029,5.556,20.0,5.0133,18.4724,24.3248,True
5651,MOVING,141864.1,-7.58,0.318,42.42,3.8,38.62,0.308,2.6125,5.556,20.0,7.6193,31.0051,34.8033,True
5656,MOVING,85881.9,-3.97,0.3813,90.7,6.0,84.7,0.3214,3.5922,5.556,20.0,6.0821,78.6227,84.6185,True
5661,MOVING,90845.3,-3.18,0.2985,87.06,4.45,82.61,0.3208,2.8593,5.556,20.0,7.1805,75.4318,79.8771,True
5666,MOVING,145503.8,5.08,0.3554,54.57,4.8,49.77,0.3186,4.2232,5.556,20.0,5.4251,44.3434,49.1406,True
5671,MOVING,151853.0,1.86,0.3304,46.27,4.28,41.99,0.327,3.6668,5.556,20.0,6.026,35.9629,40.2463,True
5676,MOVING,77058.3,5.01,0.3723,32.19,5.09,27.1,0.3046,4.382,5.556,20.0,5.2148,21.8889,26.9744,True
5681,MOVING,95537.6,5.12,0.317,81.4,4.33,77.07,0.3412,3.851,5.556,20.0,5.9039,71.1701,75.4958,True
5686,MOVING,143446.4,4.62,0.3136,37.38,4.35,33.03,0.3208,3.7697,5.556,20.0,5.8766,27.1509,31.5029,True
5691,MOVING,95308.4,-5.16,0.3783,45.05,5.87,39.18,0.3081,3.4444,5.556,20.0,6.1931,32.9856,38.8587,True
5696,MOVING,102315.8,0.33,0.279,4.64,4.0,0.64,0.2864,3.0131,1.2841,4.62,0.6414,0.0,4.0032,True
5701,MOVING,100975.8,-3.22,0.3589,16.49,5.74,10.75,0.3072,3.447,5.556,20.0,6.1847,4.5633,10.3056,True
5706,MOVING,98310.2,-1.08,0.3306,42.02,3.09,38.93,0.3294,3.3814,5.556,20.0,6.395,32.5386,35.627,True
5711,MOVING,89440.6,-6.75,0.3026,15.55,4.21,11.35,0.2913,2.5445,5.556,20.0,7.6841,3.664,7.8708,True
5716,MOVING,101595.2,6.12,0.3842,24.32,3.47,20.84,0.3486,4.6038,5.556,20.0,5.2895,15.5536,19.0265,True
5721,MOVING,83576.4,-1.57,0.2575,21.62,3.01,18.61,0.3099,2.6161,5.556,20.0,7.6216,10.9896,14.0032,True
5726,MOVING,132873.7,-7.18,0.2708,77.52,4.63,72.88,0.3206,2.191,5.556,20.0,8.8256,64.056,68.6896,True
5731,MOVING,149164.6,4.15,0.3244,36.05,3.42,32.63,0.3025,3.8293,5.556,20.0,5.7113,26.9145,30.3384,True
5736,MOVING,136464.4,-2.19,0.2962,36.74,3.85,32.88,0.2969,2.9345,5.556,20.0,6.9091,25.9748,29.8261,True
5741,MOVING,155524.1,-1.54,0.2681,56.12,5.98,50.14,0.3259,2.7225,5.556,20.0,7.4798,42.6564,48.6408,True
5746,MOVING,137297.7,4.47,0.3339,87.45,4.52,82.93,0.2994,3.9539,5.556,20.0,5.567,77.3649,81.8828,True
5751,MOVING,96290.8,-0.69,0.3843,69.6,4.54,65.06,0.2784,3.9457,5.556,20.0,5.4587,59.605,64.1463,True
5756,MOVING,109029.3,5.39,0.259,58.13,5.74,52.39,0.3143,3.3086,5.556,20.0,6.411,45.9821,51.718,True
5761,MOVING,143734.9,-6.29,0.3725,42.53,4.25,38.28,0.3174,3.2749,5.556,20.0,6.4764,31.8045,36.0513,True
5766,MOVING,141475.0,-5.1,0.3008,96.84,4.58,92.26,0.2838,2.6915,5.556,20.0,7.3114,84.9511,89.5317,True
5771,MOVING,131935.8,-2.06,0.2807,74.23,4.38,69.85,0.2701,2.7947,5.556,20.0,7.0238,62.8265,67.2091,True
5776,MOVING,108341.9,2.36,0.2552,28.09,5.22,22.87,0.3171,2.979,5.556,20.0,6.9427,15.928,21.1462,True
5781,MOVING,133683.7,-6.42,0.3543,70.47,3.3,67.17,0.3301,3.0843,5.556,20.0,6.8384,60.3289,63.6335,True
5786,MOVING,157225.1,-1.02,0.3736,9.74,5.6,4.14,0.3326,3.6437,4.415,15.89,4.1433,0.0,5.5991,True
5791,MOVING,98263.1,4.78,0.3799,50.44,5.1,45.33,0.3193,4.4338,5.556,20.0,5.2554,40.0761,45.1807,True
5796,MOVING,146752.6,-4.63,0.3021,65.73,3.1,62.62,0.2893,2.7504,5.556,20.0,7.2189,55.405,58.5096,True
5801,MOVING,101397.2,-0.1,0.3708,61.25,4.63,56.61,0.3254,3.8721,5.556,20.0,5.7943,50.8204,55.4549,True
5806,MOVING,82088.3,-6.21,0.3126,9.52,4.52,5.01,0.2852,2.6963,4.4842,16.14,5.0076,0.0,4.5155,True
5811,MOVING,89238.3,-6.18,0.3531,23.81,5.78,18.03,0.3228,3.0953,5.556,20.0,6.7802,11.2523,17.0306,True
5816,MOVING,79181.2,2.87,0.3091,82.42,3.57,78.85,0.3108,3.557,5.556,20.0,6.066,72.7845,76.3503,True
5821,MOVING,151129.5,-6.9,0.2903,48.7,5.75,42.95,0.3184,2.4092,5.556,20.0,8.1758,34.7752,40.5282,True
5826,MOVING,107051.3,-3.63,0.3312,93.22,4.89,88.32,0.2916,3.1358,5.556,20.0,6.5421,81.7824,86.6734,True
5831,MOVING,165154.5,3.69,0.3207,70.18,4.67,65.51,0.2786,3.7495,5.556,20.0,5.6644,59.8479,64.5129,True
5836,MOVING,128480.5,1.05,0.26,35.1,4.46,30.64,0.2801,2.898,5.556,20.0,6.8819,23.7544,28.2141,True
5841,MOVING,112190.5,1.22,0.3766,37.74,4.92,32.82,0.2632,4.0585,5.556,20.0,5.2655,27.5569,32.4791,True
5846,MOVING,95637.5,1.43,0.365,61.61,3.32,58.29,0.3056,3.9638,5.556,20.0,5.5916,52.6984,56.0167,True
5851,MOVING,88869.8,-5.17,0.2874,36.09,3.15,32.94,0.3121,2.5531,5.556,20.0,7.7796,25.1638,28.3115,True
5856,MOVING,143756.1,-3.34,0.316,88.3,4.04,84.26,0.3242,3.015,5.556,20.0,6.9202,77.3401,81.38,True
5861,MOVING,115668.6,-6.65,0.3182,19.34,3.09,16.25,0.2992,2.7082,5.556,20.0,7.3615,8.8891,11.9791,True
5866,MOVING,114506.5,-6.77,0.2729,24.76,3.86,20.9,0.3456,2.2519,5.556,20.0,8.774,12.1295,15.9886,True
5871,MOVING,93284.8,-2.79,0.2847,97.34,3.41,93.93,0.3332,2.7628,5.556,20.0,7.4377,86.4921,89.9022,True
5876,MOVING,97634.5,6.52,0.2783,48.44,5.46,42.98,0.3173,3.6067,5.556,20.0,6.0422,36.9398,42.3969,True
5881,MOVING,92689.5,-7.47,0.3414,27.74,4.03,23.71,0.3654,2.853,5.556,20.0,7.4402,16.2664,20.2975,True
5886,MOVING,118458.5,-4.73,0.3496,73.39,3.59,69.8,0.3147,3.2063,5.556,20.0,6.5625,63.2381,66.8288,True
5891,MOVING,139761.0,-7.4,0.398,55.69,4.57,51.12,0.3373,3.4132,5.556,20.0,6.3961,44.7211,49.2937,True
5896,MOVING,96492.4,-1.64,0.3851,12.52,5.92,6.6,0.3273,3.8603,5.556,20.0,5.8166,0.7879,6.7045,True
5901,MOVING,131786.3,-2.8,0.2984,52.88,5.93,46.95,0.3455,2.8956,5.556,20.0,7.25,39.6983,45.6273,True
5906,STAGED_STOPPED,131000.3,-5.91,0.2697,4.23,5.4,0.0,0.3363,2.3064,0.0,0.0,0.0,0.0,4.2298,True
5911,MOVING,111179.4,6.93,0.3452,27.45,5.43,22.02,0.3143,4.2993,5.556,20.0,5.3361,16.6824,22.1097,True
5916,MOVING,81705.5,-1.47,0.3837,44.94,4.83,40.11,0.3087,3.8631,5.556,20.0,5.7105,34.3977,39.2279,True
5921,MOVING,84017.6,6.24,0.313,22.6,4.21,18.39,0.3179,3.9191,5.556,20.0,5.7044,12.6813,16.8941,True
5926,MOVING,139656.9,6.07,0.2644,93.08,3.15,89.93,0.3277,3.4267,5.556,20.0,6.3246,83.603,86.7568,True
5931,MOVING,81194.3,-7.37,0.2831,15.76,3.42,12.34,0.2921,2.2925,5.556,20.0,8.3556,3.9853,7.4017,True
5936,MOVING,141034.1,-7.5,0.3223,83.67,5.62,78.05,0.2996,2.6632,5.556,20.0,7.4602,70.5884,76.2067,True
5941,MOVING,111618.1,-1.02,0.3109,68.5,5.92,62.58,0.2617,3.1931,5.556,20.0,6.2878,56.2892,62.2131,True
5946,MOVING,105253.7,0.74,0.3833,19.73,5.42,14.31,0.3293,4.0767,5.556,20.0,5.6157,8.6896,14.1133,True
5951,MOVING,87414.7,7.17,0.362,7.01,5.48,1.53,0.3245,4.4873,2.5226,9.08,1.5276,0.0,5.4827,True
5956,MOVING,130963.0,4.96,0.2892,3.58,3.11,0.48,0.286,3.5638,1.0868,3.91,0.4766,0.0,3.1062,True
5961,MOVING,110632.6,0.89,0.3753,39.29,5.52,33.77,0.2917,4.0124,5.556,20.0,5.4676,28.3017,33.8236,True
5966,MOVING,156124.2,-2.22,0.3896,6.09,5.65,0.43,0.3226,3.5507,0.9475,3.41,0.4321,0.0,5.6544,True
5971,STAGED_STOPPED,146404.9,6.14,0.3129,4.49,5.64,0.0,0.3233,3.909,0.0,0.0,0.0,0.0,4.4879,True
5976,MOVING,161131.8,5.69,0.3997,46.31,4.08,42.24,0.3066,4.2152,5.556,20.0,5.365,36.8723,40.948,True
5981,MOVING,133031.2,2.52,0.3154,54.39,3.52,50.87,0.2999,3.5841,5.556,20.0,5.9724,44.8993,48.4207,True
5986,MOVING,75282.3,-2.7,0.3621,50.05,3.01,47.04,0.3089,3.5299,5.556,20.0,6.0886,40.9516,43.9572,True
5991,MOVING,75215.2,1.74,0.3765,90.86,4.06,86.8,0.333,4.1074,5.556,20.0,5.6081,81.1896,85.2496,True
5996,MOVING,136625.8,-7.88,0.3031,26.32,3.56,22.76,0.3065,2.4376,5.556,20.0,8.0344,14.7249,18.2834,True
6001,MOVING,133315.5,-7.93,0.2591,91.91,3.24,88.67,0.3218,2.002,5.556,20.0,9.4972,79.1706,82.4123,True
6006,MOVING,162053.9,-4.45,0.3672,55.04,5.7,49.34,0.3175,3.2032,5.556,20.0,6.5824,42.7569,48.4528,True
6011,MOVING,147538.0,-7.29,0.3112,47.18,5.51,41.67,0.3004,2.5761,5.556,20.0,7.6604,34.008,39.5167,True
6016,MOVING,142943.0,0.72,0.2844,30.38,5.8,24.58,0.2887,3.1047,5.556,20.0,6.5755,18.0085,23.8087,True
6021,MOVING,112245.5,-0.17,0.3442,27.4,4.3,23.1,0.3185,3.6039,5.556,20.0,6.0523,17.0431,21.3431,True
6026,MOVING,98036.6,0.09,0.2704,43.61,3.55,40.06,0.3071,2.9057,5.556,20.0,7.0182,33.0404,36.5872,True
6031,MOVING,131017.1,-0.64,0.3418,99.37,4.62,94.75,0.3554,3.5341,5.556,20.0,6.3421,88.4093,93.0318,True
6036,MOVING,95565.0,0.77,0.3733,69.79,3.77,66.02,0.295,3.9813,5.556,20.0,5.5161,60.5048,64.2712,True
6041,MOVING,128312.1,-6.25,0.2959,91.46,3.52,87.93,0.3179,2.5298,5.556,20.0,7.8673,80.0656,83.5895,True
6046,MOVING,143436.4,2.23,0.3449,53.66,3.3,50.35,0.3185,3.845,5.556,20.0,5.7841,44.57,47.8744,True
6051,MOVING,120986.9,4.12,0.2535,89.49,5.6,83.89,0.3135,3.133,5.556,20.0,6.6684,77.2246,82.8261,True
6056,MOVING,119107.9,4.19,0.2829,73.77,4.67,69.11,0.3273,3.4276,5.556,20.0,6.3214,62.7855,67.4524,True
6061,MOVING,110922.1,-2.2,0.3191,64.3,3.21,61.1,0.3097,3.158,5.556,20.0,6.6081,54.4869,57.6956,True
6066,MOVING,146646.9,3.02,0.3691,96.06,5.82,90.24,0.3171,4.1586,5.556,20.0,5.4735,84.7691,90.5914,True
6071,MOVING,160859.2,-3.72,0.3436,56.93,4.77,52.16,0.3002,3.2483,5.556,20.0,6.4197,45.7406,50.507,True
6076,MOVING,77217.1,-5.18,0.3069,40.13,5.0,35.13,0.2923,2.7432,5.556,20.0,7.2507,27.8755,32.8757,True
6081,MOVING,114928.2,0.91,0.3074,78.93,3.21,75.73,0.2987,3.3486,5.556,20.0,6.2686,69.4577,72.6664,True
6086,MOVING,115885.5,5.39,0.266,60.88,5.54,55.34,0.3043,3.3775,5.556,20.0,6.2605,49.0831,54.6213,True
6091,MOVING,112332.4,-3.5,0.2952,69.92,3.56,66.37,0.3203,2.7956,5.556,20.0,7.3005,59.0653,62.6239,True
6096,MOVING,141892.6,7.68,0.3515,95.7,5.97,89.72,0.3117,4.4324,5.556,20.0,5.2138,84.5106,90.4854,True
6101,MOVING,106256.4,2.33,0.299,33.07,5.61,27.46,0.3008,3.4046,5.556,20.0,6.2047,21.2518,26.8619,True
6106,MOVING,90334.6,-2.75,0.27,51.75,3.89,47.86,0.3229,2.6224,5.556,20.0,7.6795,40.1776,44.0657,True
6111,MOVING,163348.8,-1.63,0.374,43.31,4.06,39.25,0.3402,3.4521,5.556,20.0,6.3611,32.8901,36.9539,True
6116,MOVING,138269.5,6.14,0.2586,73.85,4.61,69.24,0.2946,3.3775,5.556,20.0,6.2069,63.0286,67.643,True
6121,MOVING,78760.2,5.28,0.3472,34.2,5.97,28.23,0.2894,4.162,5.556,20.0,5.3161,22.9174,28.8845,True
6126,MOVING,145985.2,0.45,0.2611,93.78,3.16,90.62,0.2894,2.8498,5.556,20.0,7.0238,83.597,86.7601,True
6131,MOVING,108401.4,3.94,0.301,91.96,4.63,87.33,0.333,3.5804,5.556,20.0,6.1612,81.1718,85.8014,True
6136,MOVING,83363.4,-0.37,0.3252,56.22,5.2,51.01,0.3013,3.3977,5.556,20.0,6.2164,44.797,50.0015,True
6141,MOVING,116673.3,-0.77,0.3142,23.42,5.25,18.18,0.3062,3.2511,5.556,20.0,6.4485,11.7273,16.9739,True
6146,MOVING,89382.8,-6.34,0.2643,83.55,4.23,79.32,0.3152,2.2111,5.556,20.0,8.7316,70.5897,74.8159,True
6151,MOVING,127049.1,7.61,0.3961,80.45,4.1,76.35,0.3066,4.8617,5.556,20.0,4.8781,71.4729,75.5694,True
6156,MOVING,76971.1,-0.97,0.2789,53.1,4.12,48.98,0.3064,2.8853,5.556,20.0,7.0517,41.9295,46.0463,True
6161,MOVING,88162.9,0.67,0.3316,98.85,3.89,94.96,0.3003,3.5633,5.556,20.0,6.0001,88.964,92.8544,True
6166,MOVING,118739.0,5.35,0.2898,58.1,3.48,54.62,0.2636,3.6061,5.556,20.0,5.7449,48.8756,52.36,True
6171,MOVING,78833.6,-7.19,0.2629,23.58,3.54,20.03,0.3321,2.1126,5.556,20.0,9.1509,10.8811,14.4252,True
6176,MOVING,122221.2,-3.49,0.3673,61.72,5.72,56.0,0.3157,3.5032,5.556,20.0,6.16,49.8434,55.5594,True
6181,MOVING,128304.9,5.7,0.345,74.13,3.35,70.78,0.3341,4.1801,5.556,20.0,5.5486,65.2342,68.5854,True
6186,MOVING,147446.8,2.94,0.2909,66.97,3.22,63.75,0.3381,3.3848,5.556,20.0,6.4387,57.3117,60.5281,True
6191,MOVING,137815.0,0.95,0.3464,30.28,4.31,25.97,0.2976,3.7356,5.556,20.0,5.785,20.1874,24.4925,True
6196,MOVING,88260.4,0.6,0.3782,5.63,5.5,0.12,0.298,4.0124,0.3588,1.29,0.123,0.0,5.5027,True
6201,MOVING,138350.1,4.46,0.2859,37.07,4.99,32.08,0.2888,3.4828,5.556,20.0,6.0362,26.0472,31.035,True
6206,MOVING,160728.9,-6.79,0.3179,87.6,4.2,83.4,0.2844,2.6904,5.556,20.0,7.3168,76.0825,80.2788,True
6211,MOVING,119431.2,7.48,0.3681,40.28,4.29,35.99,0.2815,4.5763,5.556,20.0,4.9367,31.0491,35.3411,True
6216,MOVING,147490.1,2.33,0.2992,98.25,4.42,93.83,0.3184,3.4067,5.556,20.0,6.3,87.5251,91.9463,True
6221,MOVING,147058.5,5.76,0.3658,82.44,3.35,79.09,0.3385,4.3898,5.556,20.0,5.3964,73.6897,77.0427,True
6226,MOVING,131480.9,7.13,0.2645,88.83,4.67,84.16,0.2808,3.5288,5.556,20.0,5.9337,78.2263,82.8922,True
6231,MOVING,126938.6,-5.57,0.3727,96.9,3.37,93.53,0.3244,3.3486,5.556,20.0,6.4116,87.1176,90.4851,True
6236,MOVING,151147.8,0.88,0.3784,76.43,4.99,71.44,0.2978,3.9704,5.556,20.0,5.542,65.8978,70.8919,True
6241,MOVING,158161.0,0.02,0.292,37.12,3.94,33.18,0.3212,3.1106,5.556,20.0,6.7467,26.4327,30.3751,True
6246,MOVING,129514.5,-0.96,0.3116,67.01,3.84,63.18,0.3075,3.207,5.556,20.0,6.5213,56.6549,60.4935,True
6251,MOVING,116438.6,-2.58,0.2563,92.0,3.57,88.43,0.3175,2.5047,5.556,20.0,7.9262,80.4997,84.0711,True
6256,MOVING,124313.7,7.94,0.3033,92.99,5.64,87.34,0.3236,3.9855,5.556,20.0,5.6708,81.6708,87.3156,True
6261,MOVING,85024.1,-0.97,0.3652,28.55,3.44,25.11,0.3094,3.7314,5.556,20.0,5.8552,19.2555,22.6926,True
6266,MOVING,119830.2,4.52,0.2918,23.5,3.62,19.88,0.3312,3.5456,5.556,20.0,6.1936,13.6852,17.3081,True
6271,MOVING,106025.6,-1.9,0.2604,75.99,3.11,72.88,0.3293,2.612,5.556,20.0,7.739,65.1436,68.255,True
6276,MOVING,133724.6,-5.25,0.31,87.66,4.08,83.58,0.3047,2.7657,5.556,20.0,7.2738,76.3111,80.3873,True
6281,MOVING,149658.4,-3.33,0.3903,47.86,4.01,43.85,0.3302,3.5933,5.556,20.0,6.13,37.7195,41.7305,True
6286,MOVING,126046.4,2.35,0.3843,60.21,3.08,57.14,0.3026,4.2426,5.556,20.0,5.3194,51.8164,54.8938,True
6291,MOVING,87064.9,-2.87,0.3661,19.97,5.0,14.97,0.317,3.5523,5.556,20.0,6.1061,8.8599,13.8603,True
6296,MOVING,154634.4,-2.79,0.3401,94.69,5.65,89.04,0.2981,3.3054,5.556,20.0,6.3257,82.7162,88.3684,True
6301,MOVING,145637.5,-1.35,0.3158,27.07,3.32,23.75,0.2773,3.2089,5.556,20.0,6.3508,17.3993,20.7214,True
6306,MOVING,114546.2,1.46,0.2553,14.59,3.63,10.96,0.2831,2.8914,5.556,20.0,6.911,4.0485,7.6811,True
6311,MOVING,107101.8,2.06,0.2677,66.01,5.53,60.48,0.3176,3.0721,5.556,20.0,6.7885,53.6884,59.218,True
6316,MOVING,159407.3,0.04,0.3996,34.03,5.88,28.14,0.2966,3.699,5.556,20.0,5.8202,22.3238,28.2048,True
6321,MOVING,130556.4,6.14,0.2757,83.94,5.52,78.42,0.3359,3.5445,5.556,20.0,6.2207,72.2003,77.72,True
6326,MOVING,91690.5,-4.25,0.3132,40.73,4.1,36.63,0.3036,2.8979,5.556,20.0,7.0131,29.6169,33.7178,True
6331,MOVING,77437.3,-5.01,0.328,49.91,4.88,45.04,0.3222,2.9672,5.556,20.0,6.9919,38.0472,42.9226,True
6336,MOVING,142144.7,7.52,0.3725,5.3,3.14,2.16,0.2769,4.6229,3.3714,12.14,2.1628,0.0,3.1421,True
6341,MOVING,96642.9,-7.98,0.3113,38.33,3.1,35.24,0.3252,2.5078,5.556,20.0,7.9617,27.2753,30.3723,True
6346,MOVING,80687.3,0.36,0.2771,23.74,4.24,19.5,0.3058,2.9972,5.556,20.0,6.8485,12.6521,16.8906,True
6351,MOVING,74673.2,-6.72,0.339,23.85,3.41,20.43,0.2971,2.9045,5.556,20.0,6.9646,13.467,16.8812,True
6356,MOVING,162610.4,7.73,0.2755,49.78,5.69,44.09,0.2791,3.6941,5.556,20.0,5.729,38.3564,44.0487,True
6361,MOVING,79938.3,-2.22,0.3146,67.48,5.85,61.63,0.2958,3.112,5.556,20.0,6.6031,55.0225,60.8723,True
6366,MOVING,127266.2,-1.76,0.374,89.98,3.63,86.34,0.2898,3.7404,5.556,20.0,5.7367,80.6083,84.2411,True
6371,MOVING,134757.1,1.41,0.2619,6.48,4.64,1.84,0.3228,2.9516,2.4818,8.93,1.8445,0.0,4.6366,True
6376,MOVING,77606.7,-4.77,0.3137,86.53,5.85,80.68,0.3425,2.8509,5.556,20.0,7.3169,73.3603,79.2094,True
6381,MOVING,128948.9,-6.83,0.2825,21.73,5.83,15.9,0.301,2.3405,5.556,20.0,8.267,7.6298,13.459,True
6386,MOVING,131508.1,-4.71,0.2921,24.77,5.99,18.78,0.2875,2.6444,5.556,20.0,7.4338,11.3446,17.3332,True
6391,MOVING,82065.0,-3.98,0.3978,52.11,3.97,48.13,0.3056,3.7535,5.556,20.0,5.8102,42.3205,46.2953,True
6396,MOVING,99427.0,-0.28,0.282,70.95,4.28,66.68,0.3021,2.9831,5.556,20.0,6.8523,59.8239,64.1007,True
6401,MOVING,136605.1,1.31,0.3209,47.61,5.15,42.46,0.29,3.5209,5.556,20.0,5.9948,36.4672,41.6174,True
6406,MOVING,155306.8,6.33,0.3832,90.9,5.48,85.42,0.3348,4.4061,5.556,20.0,5.3631,80.0606,85.5374,True
6411,MOVING,78372.0,-2.84,0.3368,49.34,3.49,45.85,0.3022,3.2675,5.556,20.0,6.4026,39.4475,42.9356,True
6416,MOVING,112868.7,-1.56,0.2658,36.82,3.22,33.6,0.3305,2.6981,5.556,20.0,7.5571,26.0459,29.2642,True
6421,MOVING,164435.9,2.72,0.2909,98.09,5.17,92.92,0.2895,3.3635,5.556,20.0,6.1973,86.7207,91.8939,True
6426,MOVING,88356.6,2.93,0.3178,4.36,3.1,1.25,0.3002,3.6481,2.1202,7.63,1.2526,0.0,3.1041,True
6431,MOVING,140012.6,-3.35,0.3113,99.89,5.27,94.62,0.3138,2.9679,5.556,20.0,6.9437,87.6728,92.9436,True
6436,MOVING,125436.2,2.58,0.3412,75.7,5.67,70.03,0.3485,3.8426,5.556,20.0,5.9529,64.0723,69.7428,True
6441,MOVING,98600.8,-1.68,0.3862,13.35,4.71,8.64,0.316,3.867,5.556,20.0,5.7471,2.8883,7.6016,True
6446,MOVING,123336.2,7.0,0.3971,75.75,5.96,69.79,0.3237,4.8147,5.556,20.0,5.0042,64.7877,70.7495,True
6451,MOVING,150960.3,5.55,0.3151,65.2,3.38,61.82,0.3196,3.8732,5.556,20.0,5.7609,56.0611,59.4383,True
6456,MOVING,91498.7,7.82,0.3438,57.22,5.96,51.26,0.3026,4.3698,5.556,20.0,5.2135,46.0498,52.0068,True
6461,MOVING,98268.4,-7.31,0.3216,47.68,5.32,42.36,0.3384,2.6748,5.556,20.0,7.6503,34.7093,40.0318,True
6466,MOVING,79065.4,-6.9,0.2834,28.56,4.88,23.67,0.3331,2.3413,5.556,20.0,8.4427,15.2321,20.1145,True
6471,MOVING,134202.4,-2.52,0.3807,34.73,3.37,31.36,0.3435,3.7302,5.556,20.0,6.0464,25.311,28.6832,True
6476,MOVING,158606.3,-5.13,0.2842,72.22,4.36,67.86,0.3196,2.5254,5.556,20.0,7.8876,59.9738,64.3328,True
6481,MOVING,128213.2,-2.04,0.3957,93.26,4.11,89.15,0.3396,3.9243,5.556,20.0,5.8199,83.3342,87.4412,True
6486,MOVING,118956.7,2.36,0.2913,8.93,3.83,5.1,0.2952,3.3328,4.9274,17.74,5.0971,-0.0,3.8289,True
6491,MOVING,129247.0,-7.51,0.3286,26.75,5.58,21.17,0.3209,2.7242,5.556,20.0,7.4484,13.7222,19.2977,True
6496,MOVING,85953.0,-1.08,0.3529,25.15,4.92,20.23,0.3076,3.5997,5.556,20.0,5.9969,14.2344,19.1564,True
6501,MOVING,92407.5,-3.17,0.3082,81.89,4.9,76.99,0.2971,2.9559,5.556,20.0,6.8723,70.1143,75.0181,True
6506,MOVING,147897.8,-2.1,0.2625,19.71,3.75,15.96,0.2949,2.6134,5.556,20.0,7.5444,8.4126,12.1607,True
6511,MOVING,78788.5,6.08,0.2541,23.64,3.28,20.36,0.315,3.3266,5.556,20.0,6.3896,13.9707,17.247,True
6516,MOVING,95310.5,0.75,0.3604,40.56,5.12,35.44,0.3208,3.8527,5.556,20.0,5.7884,29.6538,34.7725,True
6521,MOVING,94648.3,-5.16,0.2541,85.99,5.81,80.18,0.2898,2.2283,5.556,20.0,8.5364,71.6441,77.4532,True
6526,MOVING,165368.3,2.11,0.3377,62.89,3.44,59.45,0.3019,3.7631,5.556,20.0,5.7788,53.6722,57.1134,True
6531,MOVING,124747.8,4.0,0.2565,53.27,3.83,49.44,0.2862,3.1504,5.556,20.0,6.4892,42.9522,46.7815,True
6536,MOVING,96907.8,2.59,0.2644,77.25,3.76,73.48,0.2976,3.0903,5.556,20.0,6.6478,66.8354,70.5989,True
6541,MOVING,91247.7,-7.58,0.362,18.41,4.22,14.19,0.2989,3.0434,5.556,20.0,6.7322,7.455,11.6773,True
6546,MOVING,81879.6,0.27,0.3201,69.47,4.09,65.38,0.3148,3.4105,5.556,20.0,6.2743,59.1101,63.198,True
6551,MOVING,104570.6,-5.44,0.3688,76.46,3.61,72.86,0.3245,3.3229,5.556,20.0,6.4478,66.408,70.0167,True
6556,MOVING,139240.8,-2.62,0.3058,97.05,3.56,93.49,0.2923,2.9859,5.556,20.0,6.793,86.6927,90.2572,True
6561,MOVING,95973.9,-8.0,0.2789,27.8,4.53,23.27,0.3301,2.1887,5.556,20.0,8.8861,14.3882,18.9169,True
6566,MOVING,106591.7,6.54,0.3713,58.46,3.72,54.74,0.3413,4.5174,5.556,20.0,5.3131,49.4264,53.1463,True
6571,MOVING,125433.1,-2.81,0.2547,48.26,5.67,42.59,0.3269,2.4665,5.556,20.0,8.0739,34.514,40.1814,True
6576,MOVING,138672.5,7.71,0.2769,48.18,5.14,43.04,0.3318,3.7056,5.556,20.0,6.0089,37.0312,42.1759,True
6581,MOVING,154676.4,3.18,0.3605,28.09,5.19,22.9,0.34,4.0897,5.556,20.0,5.6628,17.2331,22.425,True
6586,MOVING,111542.8,5.58,0.2944,8.7,5.9,2.8,0.3317,3.674,3.4779,12.52,2.7996,0.0,5.9006,True
6591,MOVING,115537.2,-1.92,0.384,46.1,5.36,40.74,0.2742,3.8213,5.556,20.0,5.5624,35.1764,40.5411,True
6596,MOVING,98916.9,-7.16,0.2831,32.66,4.37,28.28,0.2719,2.3137,5.556,20.0,8.1815,20.1016,24.4738,True
6601,MOVING,122813.4,-1.55,0.3905,98.01,5.23,92.77,0.328,3.9225,5.556,20.0,5.7571,87.0163,92.2492,True
6606,MOVING,84682.4,0.83,0.2657,66.93,3.56,63.38,0.328,2.9321,5.556,20.0,7.0865,56.2893,59.8468,True
6611,MOVING,153563.0,-2.46,0.3589,13.47,5.47,8.0,0.2999,3.5227,5.556,20.0,6.0476,1.95,7.4189,True
6616,MOVING,140657.2,-2.63,0.3251,55.9,3.28,52.62,0.3076,3.1747,5.556,20.0,6.571,46.0525,49.3313,True
6621,MOVING,84360.7,1.3,0.375,28.41,3.83,24.57,0.3246,4.0495,5.556,20.0,5.6152,18.9586,22.7899,True
6626,MOVING,89708.6,1.18,0.2799,13.0,5.32,7.68,0.3187,3.1061,5.556,20.0,6.7398,0.942,6.2584,True
6631,MOVING,111699.6,-5.67,0.2937,11.58,3.95,7.63,0.312,2.565,5.507,19.83,7.6303,0.0,3.9458,True
6636,MOVING,104926.9,0.24,0.3928,33.25,3.21,30.04,0.3195,4.1205,5.556,20.0,5.5211,24.5195,27.7296,True
6641,MOVING,143206.6,2.37,0.3249,82.17,3.71,78.46,0.3552,3.663,5.556,20.0,6.1873,72.2756,75.9867,True
6646,MOVING,111569.8,7.63,0.2899,6.41,3.07,3.34,0.2972,3.8248,4.044,14.56,3.3399,-0.0,3.074,True
6651,MOVING,82122.8,-7.51,0.3508,48.84,3.96,44.88,0.3019,2.9404,5.556,20.0,6.9263,37.9557,41.9139,True
6656,MOVING,112244.1,0.18,0.2753,54.52,5.66,48.85,0.2983,2.9634,5.556,20.0,6.866,41.986,47.6493,True
6661,MOVING,126364.0,4.07,0.3983,25.63,4.55,21.08,0.2743,4.5469,5.556,20.0,4.9183,16.1576,20.7075,True
6666,MOVING,143246.2,-5.48,0.3213,42.29,4.59,37.7,0.3227,2.8543,5.556,20.0,7.2002,30.5011,35.0929,True
6671,MOVING,105624.9,1.4,0.2511,19.15,3.09,16.06,0.3025,2.8445,5.556,20.0,7.107,8.9575,12.0426,True
6676,MOVING,152575.2,-1.23,0.2554,29.51,5.02,24.49,0.2831,2.6287,5.556,20.0,7.4444,17.0497,22.0648,True
6681,MOVING,133972.4,6.89,0.2644,30.84,4.2,26.64,0.3025,3.5048,5.556,20.0,6.0844,20.5568,24.7522,True
6686,MOVING,75475.4,-4.1,0.3558,16.35,3.31,13.04,0.3438,3.3291,5.556,20.0,6.5463,6.4889,9.8036,True
6691,MOVING,146297.0,3.48,0.3368,20.76,4.82,15.94,0.3237,3.8866,5.556,20.0,5.7695,10.1722,14.9933,True
6696,MOVING,141790.8,2.62,0.2653,14.85,5.05,9.8,0.2987,3.103,5.556,20.0,6.6338,3.1624,8.2133,True
6701,MOVING,126266.0,5.62,0.2879,26.06,5.0,21.05,0.287,3.6147,5.556,20.0,5.8644,15.1902,20.1936,True
6706,MOVING,148843.7,-6.78,0.3128,11.77,3.29,8.48,0.3373,2.6414,5.556,20.0,7.7177,0.7621,4.0484,True
6711,MOVING,83017.0,3.86,0.3425,76.85,4.11,72.74,0.3397,3.9795,5.556,20.0,5.7658,66.9725,71.0849,True
6716,MOVING,111982.3,6.83,0.3633,52.02,5.41,46.61,0.3252,4.4677,5.556,20.0,5.2617,41.3515,46.7578,True
6721,MOVING,144662.5,-2.97,0.3876,70.26,4.86,65.4,0.3027,3.7534,5.556,20.0,5.7941,59.6103,64.4709,True
6726,MOVING,82203.2,5.03,0.3277,10.3,4.95,5.35,0.2708,3.9476,5.5177,19.86,5.3505,0.0,4.9464,True
6731,MOVING,116056.4,1.25,0.3376,99.27,4.59,94.68,0.325,3.6782,5.556,20.0,6.0018,88.6788,93.2653,True
6736,MOVING,125529.5,6.67,0.3471,28.84,5.1,23.74,0.2966,4.2934,5.556,20.0,5.2427,18.4974,23.5941,True
6741,MOVING,89654.4,0.27,0.3489,41.34,3.68,37.66,0.2725,3.6933,5.556,20.0,5.6932,31.9692,35.6457,True
6746,MOVING,165002.6,0.39,0.3669,24.48,3.33,21.16,0.3425,3.6167,5.556,20.0,6.1704,14.9847,18.3105,True
6751,MOVING,100297.3,4.93,0.3145,16.06,3.85,12.21,0.2925,3.8082,5.556,20.0,5.6782,6.5331,10.3848,True
6756,MOVING,115136.9,2.14,0.3066,37.29,5.81,31.48,0.309,3.4608,5.556,20.0,6.1767,25.3039,31.109,True
6761,MOVING,99661.6,-7.0,0.3352,45.21,4.59,40.61,0.3483,2.8384,5.556,20.0,7.3727,33.2389,37.8328,True
6766,MOVING,156876.7,-4.55,0.2638,9.58,5.24,4.34,0.2999,2.3828,3.8872,13.99,4.3364,0.0,5.2445,True
6771,MOVING,84324.9,5.7,0.2997,82.15,3.53,78.62,0.3121,3.7368,5.556,20.0,5.8647,72.7556,76.2888,True
6776,MOVING,100284.1,-1.85,0.337,71.16,3.79,67.37,0.3008,3.3676,5.556,20.0,6.2544,61.1132,64.9012,True
6781,MOVING,106483.9,-1.79,0.3398,16.09,5.23,10.86,0.3133,3.4019,5.556,20.0,6.2779,4.5807,9.808,True
6786,MOVING,154039.4,1.42,0.2683,21.89,4.47,17.42,0.2877,3.0143,5.556,20.0,6.7188,10.7024,15.1716,True
6791,MOVING,149568.8,1.34,0.3555,19.89,5.17,14.73,0.3254,3.8618,5.556,20.0,5.8047,8.9212,14.0874,True
6796,MOVING,100130.5,-5.65,0.2878,88.48,3.61,84.87,0.3158,2.5103,5.556,20.0,7.903,76.9665,80.5776,True
6801,MOVING,79224.6,0.65,0.3672,11.13,5.48,5.65,0.2881,3.91,5.556,20.0,5.548,0.1015,5.5776,True
6806,MOVING,147171.8,7.48,0.3936,55.83,5.87,49.95,0.3204,4.7127,5.556,20.0,5.0553,44.8997,50.7721,True
6811,MOVING,144820.6,2.91,0.3372,69.69,3.96,65.73,0.3076,3.8357,5.556,20.0,5.733,59.9956,63.9534,True
6816,MOVING,85975.6,-7.8,0.254,26.73,4.28,22.45,0.3308,1.9646,5.556,20.0,9.6939,12.7511,17.0344,True
6821,MOVING,118123.6,-4.7,0.2921,7.13,5.46,1.67,0.3366,2.6458,2.2124,7.96,1.6697,0.0,5.4554,True
6826,MOVING,148216.1,-6.73,0.2598,67.03,5.39,61.64,0.3318,2.1277,5.556,20.0,9.0978,52.5416,57.9275,True
6831,MOVING,159236.3,1.46,0.3845,67.77,3.83,63.94,0.3125,3.8425,5.556,20.0,5.7529,58.1894,62.0162,True
6836,MOVING,88322.4,-5.9,0.3089,77.46,5.84,71.61,0.3234,2.691,5.556,20.0,7.5326,64.0785,69.923,True
6841,MOVING,157699.6,6.5,0.2846,91.16,3.87,87.29,0.3086,3.6657,5.556,20.0,5.9253,81.3629,85.2366,True
6846,MOVING,91716.6,2.86,0.257,53.21,5.2,48.0,0.3413,3.0441,5.556,20.0,6.9666,41.038,46.2393,True
6851,MOVING,94748.4,6.35,0.3221,90.48,4.74,85.73,0.3573,4.0188,5.556,20.0,5.8259,79.9077,84.6499,True
6856,MOVING,103921.1,7.9,0.3035,52.97,5.3,47.68,0.3066,3.9845,5.556,20.0,5.5769,42.0987,47.3962,True
6861,MOVING,80579.5,-0.86,0.3648,45.86,4.36,41.5,0.3339,3.7378,5.556,20.0,5.9843,35.5144,39.8761,True
6866,MOVING,101757.8,2.13,0.3734,12.71,3.58,9.14,0.271,4.1152,5.556,20.0,5.2561,3.8813,7.4573,True
6871,MOVING,120031.1,2.73,0.3085,91.88,3.3,88.58,0.3031,3.536,5.556,20.0,6.0493,82.531,85.8296,True
6876,MOVING,113773.1,1.94,0.3395,15.79,4.63,11.16,0.3329,3.7646,5.556,20.0,5.9494,5.2132,9.8402,True
6881,STAGED_STOPPED,144201.9,0.07,0.2696,3.42,5.13,0.0,0.309,2.8951,0.0,0.0,0.0,0.0,3.4203,True
6886,MOVING,159253.4,-1.16,0.3498,89.51,3.92,85.6,0.2831,3.5613,5.556,20.0,5.907,79.69,83.6057,True
6891,MOVING,116143.3,1.78,0.3194,96.62,5.02,91.6,0.2618,3.552,5.556,20.0,5.8,85.7974,90.8217,True
6896,MOVING,156005.6,2.59,0.2617,64.59,5.94,58.65,0.3362,3.0642,5.556,20.0,6.9049,51.7464,57.6837,True
6901,MOVING,95019.0,-3.43,0.3621,89.26,3.36,85.89,0.3216,3.4576,5.556,20.0,6.2505,79.6436,83.0071,True
6906,MOVING,78789.8,7.46,0.3378,64.81,3.14,61.67,0.3322,4.2779,5.556,20.0,5.4538,56.2127,59.3564,True
6911,MOVING,112070.5,7.24,0.3742,55.85,4.07,51.78,0.2878,4.6127,5.556,20.0,4.9453,46.8312,50.9003,True
6916,MOVING,89807.3,-0.19,0.3678,32.19,5.61,26.57,0.3001,3.8339,5.556,20.0,5.6933,20.8793,26.4919,True
6921,MOVING,159498.6,2.59,0.373,54.64,5.76,48.87,0.303,3.9468,5.556,20.0,5.5942,43.2782,49.042,True
6926,MOVING,77619.5,6.8,0.2701,44.14,4.65,39.49,0.2711,3.5521,5.556,20.0,5.8514,33.6418,38.2906,True
6931,MOVING,103331.5,1.95,0.3782,32.24,3.5,28.74,0.2928,4.1445,5.556,20.0,5.3508,23.3878,26.8903,True
6936,MOVING,117478.1,-0.75,0.3558,50.16,5.55,44.61,0.2923,3.6606,5.556,20.0,5.8403,38.7703,44.3231,True
6941,MOVING,148295.0,3.67,0.275,40.39,4.73,35.66,0.3534,3.2997,5.556,20.0,6.6409,29.018,33.7519,True
6946,MOVING,143841.5,-6.08,0.2733,34.04,5.11,28.94,0.3116,2.3254,5.556,20.0,8.3689,20.5675,25.6755,True
6951,MOVING,142874.5,7.33,0.25,75.85,3.78,72.07,0.3097,3.4071,5.556,20.0,6.2507,65.8214,69.5989,True
6956,MOVING,106924.0,-0.46,0.3716,78.42,3.89,74.54,0.3008,3.8446,5.556,20.0,5.6856,68.8512,72.7364,True
6961,MOVING,122617.6,1.73,0.3956,57.92,4.59,53.33,0.3115,4.2929,5.556,20.0,5.326,48.0017,52.5911,True
6966,MOVING,85571.5,2.97,0.2821,88.87,5.41,83.46,0.3299,3.3012,5.556,20.0,6.5085,76.9515,82.361,True
6971,MOVING,92202.1,-3.28,0.3643,25.01,3.54,21.47,0.3293,3.4943,5.556,20.0,6.2464,15.2254,18.7627,True
6976,MOVING,113898.3,2.39,0.356,98.55,5.28,93.26,0.319,3.9689,5.556,20.0,5.6614,87.6002,92.8851,True
6981,MOVING,91762.8,4.66,0.2533,30.97,4.37,26.6,0.3089,3.1822,5.556,20.0,6.5665,20.0342,24.3993,True
6986,MOVING,101743.5,-7.88,0.3769,27.77,4.4,23.37,0.2849,3.1584,5.556,20.0,6.4697,16.8964,21.2995,True
6991,MOVING,160641.6,-6.87,0.3492,72.96,3.82,69.14,0.3259,2.9883,5.556,20.0,6.9758,62.1651,65.9834,True
6996,MOVING,127045.9,-2.93,0.2993,17.06,3.88,13.18,0.3496,2.892,5.556,20.0,7.2794,5.8988,9.7757,True
7001,MOVING,77550.2,5.01,0.3797,23.66,5.2,18.46,0.3191,4.4542,5.556,20.0,5.238,13.2265,18.4232,True
7006,STAGED_STOPPED,108478.2,5.85,0.2698,3.84,4.75,0.0,0.2824,3.4594,0.0,0.0,0.0,0.0,3.8377,True
7011,MOVING,96919.2,6.85,0.2777,80.35,5.19,75.16,0.3077,3.6319,5.556,20.0,5.9591,69.2054,74.393,True
7016,MOVING,153206.5,7.5,0.3076,23.76,3.63,20.13,0.3523,3.9861,5.556,20.0,5.8298,14.3022,17.9338,True
7021,MOVING,124388.2,-3.43,0.3131,80.3,5.6,74.7,0.3094,2.9773,5.556,20.0,6.9033,67.7954,73.393,True
7026,MOVING,119140.8,-2.93,0.3957,26.81,3.2,23.61,0.3072,3.8371,5.556,20.0,5.7295,17.8787,21.0805,True
7031,MOVING,135003.9,0.26,0.3781,19.35,3.27,16.09,0.3127,3.9782,5.556,20.0,5.6174,10.4677,13.7374,True
7036,MOVING,150504.9,5.32,0.3233,68.58,5.18,63.39,0.3113,3.9325,5.556,20.0,5.6543,57.7368,62.921,True
7041,MOVING,145733.4,0.16,0.2933,83.43,5.63,77.81,0.307,3.1368,5.556,20.0,6.6264,71.1791,76.8085,True
7046,MOVING,109049.9,1.17,0.3631,33.97,3.4,30.56,0.3104,3.9211,5.556,20.0,5.6608,24.8998,28.3044,True
7051,MOVING,154360.1,1.16,0.3403,8.09,5.39,2.7,0.3173,3.6966,3.449,12.42,2.7034,-0.0,5.39,True
7056,MOVING,84956.8,-6.65,0.2595,60.78,5.8,54.97,0.3283,2.1336,5.556,20.0,9.0579,45.9132,51.7175,True
7061,MOVING,160312.9,-4.41,0.3195,81.49,5.01,76.48,0.3371,2.9429,5.556,20.0,7.1176,69.3597,74.373,True
7066,MOVING,128987.6,0.99,0.303,86.7,5.08,81.62,0.3146,3.3138,5.556,20.0,6.4057,75.2096,80.294,True
7071,MOVING,107401.9,-2.34,0.3705,28.6,4.5,24.09,0.2982,3.6488,5.556,20.0,5.8868,18.2077,22.7098,True
7076,MOVING,90710.2,-4.21,0.3079,56.89,3.46,53.43,0.2816,2.8488,5.556,20.0,6.9827,46.4482,49.9103,True
7081,MOVING,104708.2,-0.68,0.3951,34.87,3.15,31.72,0.3178,4.0534,5.556,20.0,5.5734,26.1458,29.2987,True
7086,MOVING,75679.8,4.49,0.2861,26.17,3.59,22.57,0.3109,3.4873,5.556,20.0,6.1532,16.4192,20.0126,True
7091,MOVING,82320.6,-6.57,0.3736,12.75,5.67,7.08,0.2798,3.2578,5.556,20.0,6.2922,0.7889,6.4595,True
7096,MOVING,128212.2,6.94,0.3275,66.93,5.61,61.32,0.2718,4.1272,5.556,20.0,5.25,56.0698,61.6829,True
7101,MOVING,74838.6,5.3,0.259,33.65,4.09,29.55,0.307,3.301,5.556,20.0,6.3817,23.1722,27.2643,True
7106,STAGED_STOPPED,80129.7,4.05,0.3341,3.48,5.8,0.0,0.3148,3.915,0.0,0.0,0.0,0.0,3.4808,True
7111,MOVING,139910.5,3.94,0.3907,86.53,5.85,80.69,0.2862,4.4595,5.556,20.0,5.0512,75.6354,81.4808,True
7116,MOVING,157089.7,-1.63,0.3107,15.9,5.14,10.77,0.2953,3.1319,5.556,20.0,6.569,4.1974,9.3332,True
7121,MOVING,157032.9,-4.46,0.311,64.63,3.7,60.93,0.3119,2.8547,5.556,20.0,7.1394,53.7875,57.4875,True
7126,MOVING,118102.5,1.18,0.3217,37.81,3.74,34.07,0.3402,3.516,5.556,20.0,6.2799,27.7889,31.5269,True
7131,MOVING,99864.1,4.32,0.3679,32.1,5.8,26.3,0.3173,4.2734,5.556,20.0,5.3749,20.9258,26.7301,True
7136,MOVING,141576.3,7.23,0.3889,87.17,5.67,81.5,0.3259,4.7564,5.556,20.0,5.0559,76.443,82.1172,True
7141,MOVING,160538.5,3.2,0.3334,17.11,3.43,13.69,0.3265,3.8258,5.556,20.0,5.8482,7.8391,11.2655,True
7146,MOVING,139876.3,2.72,0.3452,94.46,5.26,89.2,0.2703,3.8956,5.556,20.0,5.4641,83.7405,89.0006,True
7151,MOVING,144452.6,0.09,0.344,37.31,4.6,32.71,0.3379,3.6281,5.556,20.0,6.1316,26.5832,31.1783,True
7156,MOVING,149282.6,-2.66,0.3698,64.7,4.97,59.72,0.3043,3.6102,5.556,20.0,5.9661,53.7567,58.7313,True
7161,MOVING,140784.9,0.78,0.3092,25.5,3.72,21.78,0.344,3.3538,5.556,20.0,6.5136,15.2646,18.984,True
7166,MOVING,78754.9,7.54,0.3971,49.89,3.93,45.96,0.3148,4.8642,5.556,20.0,4.922,41.0344,44.9641,True
7171,MOVING,118195.8,-1.16,0.3194,19.79,4.79,15.0,0.3114,3.2636,5.556,20.0,6.4596,8.5372,13.331,True
7176,MOVING,117559.2,3.52,0.3521,27.36,4.6,22.75,0.2748,4.041,5.556,20.0,5.3461,17.4085,22.0091,True
7181,MOVING,95376.7,7.6,0.3998,8.03,5.28,2.75,0.3287,4.8971,3.8272,13.78,2.7534,0.0,5.2781,True
7186,MOVING,158383.4,-4.59,0.331,33.66,4.44,29.22,0.3028,3.0375,5.556,20.0,6.7636,22.4578,26.8949,True
7191,MOVING,125230.0,-4.99,0.2949,7.5,5.83,1.67,0.3145,2.6446,2.2574,8.13,1.6734,0.0,5.8279,True
7196,MOVING,123571.1,-1.52,0.3083,13.53,4.61,8.92,0.3418,3.1189,5.556,20.0,6.8478,2.072,6.682,True
7201,MOVING,107765.1,1.07,0.3111,18.87,4.93,13.93,0.3146,3.3999,5.556,20.0,6.2877,7.6451,12.5795,True
7206,MOVING,90797.5,0.38,0.3419,88.14,4.14,83.99,0.2983,3.6354,5.556,20.0,5.9031,78.088,82.2326,True
7211,MOVING,115753.0,4.01,0.2606,95.93,3.28,92.65,0.3169,3.1919,5.556,20.0,6.5963,86.0515,89.3293,True
7216,MOVING,129966.5,-1.89,0.3755,69.33,5.36,63.97,0.2962,3.7414,5.556,20.0,5.7711,58.1948,63.5543,True
7221,MOVING,160565.9,-7.51,0.2825,26.63,4.56,22.07,0.3131,2.2725,5.556,20.0,8.5316,13.534,18.097,True
7226,MOVING,162942.9,-5.82,0.252,89.65,4.1,85.55,0.3015,2.1426,5.556,20.0,8.8791,76.6721,80.768,True
7231,MOVING,74851.9,1.33,0.2592,67.29,4.69,62.61,0.3105,2.9168,5.556,20.0,7.0167,55.5901,60.2773,True
7236,MOVING,117319.3,2.62,0.3091,39.98,5.96,34.01,0.3389,3.5312,5.556,20.0,6.2538,27.7578,33.7213,True
7241,MOVING,148977.6,-6.74,0.25,91.84,3.86,87.97,0.3161,2.0317,5.556,20.0,9.353,78.6215,82.4857,True
7246,MOVING,78306.1,1.7,0.3407,32.55,5.92,26.63,0.294,3.7525,5.556,20.0,5.7463,20.8827,26.803,True
7251,MOVING,152085.7,-5.11,0.2548,55.42,4.79,50.62,0.2968,2.2402,5.556,20.0,8.5387,42.0821,46.8767,True
7256,MOVING,124538.9,4.52,0.3861,92.16,3.17,88.99,0.2947,4.47,5.556,20.0,5.09,83.8978,87.0719,True
7261,MOVING,97450.8,4.17,0.3109,47.61,4.18,43.43,0.3183,3.699,5.556,20.0,5.941,37.4893,41.6703,True
7266,MOVING,81251.3,-5.16,0.2757,27.42,5.85,21.56,0.338,2.4395,5.556,20.0,8.2048,13.3589,19.2117,True
7271,MOVING,103345.2,-0.12,0.2822,7.25,3.58,3.67,0.313,3.0002,3.8455,13.84,3.6682,0.0,3.5778,True
7276,MOVING,154063.3,-1.46,0.2593,36.76,5.06,31.69,0.2819,2.6445,5.556,20.0,7.4028,24.2884,29.3523,True
7281,MOVING,126183.6,-1.93,0.3666,79.43,5.52,73.91,0.3016,3.6505,5.556,20.0,5.9036,68.0048,73.5215,True
7286,MOVING,120122.4,0.03,0.3919,96.83,5.76,91.06,0.3137,4.0917,5.556,20.0,5.5149,85.549,91.3105,True
7291,MOVING,140097.2,-0.85,0.3331,39.58,3.2,36.38,0.2828,3.428,5.556,20.0,6.0735,30.3092,33.5078,True
7296,MOVING,163511.3,1.75,0.3549,64.38,3.25,61.13,0.3523,3.7801,5.556,20.0,6.0404,55.0898,58.3393,True
7301,MOVING,85806.8,-1.07,0.2663,66.19,4.59,61.6,0.3058,2.7515,5.556,20.0,7.3083,54.293,58.8814,True
7306,MOVING,157606.1,-7.05,0.3907,17.27,5.27,12.0,0.3121,3.0451,5.556,20.0,6.8028,5.1967,10.4649,True
7311,MOVING,162468.2,1.34,0.3542,91.16,3.17,87.98,0.29,3.7623,5.556,20.0,5.7139,82.2704,85.4453,True
7316,MOVING,164525.5,3.6,0.2675,21.77,3.03,18.74,0.3269,3.2199,5.556,20.0,6.6094,12.1321,15.1594,True
7321,MOVING,96509.0,-1.84,0.3233,77.7,5.13,72.58,0.2603,3.2344,5.556,20.0,6.2183,66.3591,71.4858,True
7326,MOVING,91731.7,4.87,0.2936,83.89,3.22,80.67,0.2966,3.5974,5.556,20.0,5.9384,74.7338,77.9565,True
7331,MOVING,93694.8,3.73,0.2605,69.97,3.26,66.71,0.3439,3.1636,5.556,20.0,6.7894,59.9224,63.1853,True
7336,MOVING,95416.3,7.83,0.2716,38.66,3.15,35.51,0.3144,3.6656,5.556,20.0,5.9572,29.5552,32.7005,True
7341,STAGED_STOPPED,160379.8,3.72,0.334,3.22,5.47,0.0,0.3106,3.8829,0.0,0.0,0.0,0.0,3.2185,True
7346,MOVING,98501.3,2.55,0.3582,61.17,5.3,55.88,0.3419,4.0065,5.556,20.0,5.7522,50.1231,55.42,True
7351,MOVING,104132.9,4.5,0.292,38.28,3.12,35.15,0.3255,3.5464,5.556,20.0,6.1605,28.9942,32.1187,True
7356,MOVING,143582.5,-1.71,0.3626,60.93,5.72,55.21,0.3446,3.6326,5.556,20.0,6.1638,49.0455,54.767,True
7361,MOVING,138461.2,1.05,0.3076,29.87,3.69,26.18,0.3113,3.3638,5.556,20.0,6.3183,19.8569,23.5506,True
7366,STAGED_STOPPED,108148.5,7.47,0.3591,3.13,3.88,0.0,0.3327,4.4868,0.0,0.0,0.0,0.0,3.1321,True
7371,MOVING,135688.1,-4.74,0.2924,89.9,3.53,86.37,0.3006,2.6449,5.556,20.0,7.5059,78.8637,82.3922,True
7376,MOVING,81200.8,5.04,0.2825,82.58,3.55,79.03,0.3412,3.5056,5.556,20.0,6.2985,72.7363,76.2851,True
7381,STAGED_STOPPED,113435.0,3.54,0.3747,3.49,4.0,0.0,0.3043,4.2647,0.0,0.0,0.0,0.0,3.4936,True
7386,MOVING,103775.8,4.35,0.2581,59.63,4.92,54.71,0.2959,3.2002,5.556,20.0,6.4672,48.2419,53.16,True
7391,MOVING,133462.5,4.06,0.3146,56.79,3.37,53.42,0.2907,3.7253,5.556,20.0,5.7581,47.6633,51.0296,True
7396,MOVING,79637.1,7.71,0.3081,52.18,4.31,47.87,0.3207,4.0103,5.556,20.0,5.6304,42.2413,46.5506,True
7401,MOVING,80002.5,3.26,0.3862,36.19,3.08,33.11,0.3235,4.35,5.556,20.0,5.3456,27.7656,30.8467,True
7406,MOVING,93838.5,2.75,0.3877,60.45,4.83,55.62,0.2968,4.3154,5.556,20.0,5.2255,50.3913,55.2226,True
7411,MOVING,112812.9,-4.1,0.3359,48.11,4.77,43.34,0.2987,3.1345,5.556,20.0,6.5837,36.7608,41.5275,True
7416,MOVING,123721.6,6.72,0.2543,17.43,5.88,11.56,0.3266,3.3905,5.556,20.0,6.3669,5.1901,11.0652,True
7421,MOVING,91955.4,6.75,0.274,46.47,5.27,41.21,0.3105,3.5862,5.556,20.0,6.0293,35.1769,40.4428,True
7426,MOVING,107645.3,-7.64,0.2634,92.3,4.63,87.67,0.2787,2.0732,5.556,20.0,8.9932,78.672,83.3022,True
7431,MOVING,100189.5,6.78,0.2946,26.72,4.67,22.05,0.2989,3.79,5.556,20.0,5.7331,16.3126,20.9822,True
7436,MOVING,156052.3,-0.29,0.3002,57.76,5.21,52.54,0.275,3.1606,5.556,20.0,6.4111,46.1327,51.3441,True
7441,MOVING,132492.6,0.56,0.3564,15.86,5.88,9.98,0.3172,3.7946,5.556,20.0,5.8301,4.1463,10.0289,True
7446,MOVING,138777.2,-6.28,0.3113,44.7,3.91,40.79,0.3136,2.6769,5.556,20.0,7.508,33.2806,37.1879,True
7451,MOVING,123081.6,7.72,0.2664,75.21,3.24,71.96,0.2972,3.6043,5.556,20.0,5.9337,66.0312,69.2734,True
7456,MOVING,165399.8,0.44,0.3683,84.92,3.49,81.42,0.3216,3.6136,5.556,20.0,6.0582,75.364,78.8573,True
7461,MOVING,117870.1,-5.67,0.2977,56.2,5.9,50.3,0.3029,2.6051,5.556,20.0,7.6078,42.696,48.5965,True
7466,MOVING,109093.4,1.75,0.2782,65.03,5.96,59.07,0.31,3.1447,5.556,20.0,6.6306,52.4363,58.4002,True
7471,MOVING,148838.2,4.46,0.3764,93.34,3.48,89.86,0.3246,4.3694,5.556,20.0,5.3357,84.5203,88.0019,True
7476,MOVING,119490.8,-7.65,0.357,58.21,4.69,53.52,0.2781,2.9868,5.556,20.0,6.713,46.8052,51.4994,True
7481,MOVING,105381.4,1.46,0.2667,66.79,5.05,61.74,0.2988,3.0031,5.556,20.0,6.7997,54.9451,59.9932,True
7486,MOVING,136097.4,-3.18,0.3319,49.6,4.04,45.57,0.288,3.1871,5.556,20.0,6.4431,39.122,43.1601,True
7491,MOVING,84006.1,6.87,0.3274,83.36,5.45,77.91,0.3305,4.1206,5.556,20.0,5.5822,72.3294,77.7782,True
7496,MOVING,81167.9,0.24,0.3729,57.26,4.3,52.96,0.2943,3.9258,5.556,20.0,5.5669,47.3972,51.6931,True
7501,MOVING,123673.3,-4.15,0.3958,51.78,3.05,48.74,0.2948,3.7163,5.556,20.0,5.7913,42.9449,45.9928,True
7506,MOVING,160593.6,2.91,0.3087,28.32,5.74,22.58,0.3143,3.5561,5.556,20.0,6.0867,16.4912,22.2297,True
7511,MOVING,150578.9,-5.76,0.3066,64.94,5.21,59.73,0.3017,2.6831,5.556,20.0,7.4288,52.3033,57.5127,True
7516,MOVING,149082.7,7.06,0.3168,32.01,3.06,28.95,0.3127,4.0338,5.556,20.0,5.5635,23.3897,26.4511,True
7521,MOVING,107798.5,0.98,0.311,26.0,4.18,21.82,0.3265,3.3911,5.556,20.0,6.3653,15.4573,19.6366,True
7526,MOVING,130060.6,0.88,0.3931,62.02,5.83,56.19,0.2785,4.186,5.556,20.0,5.2343,50.9585,56.7875,True
7531,MOVING,81745.4,2.29,0.2819,13.96,4.63,9.34,0.3224,3.2335,5.556,20.0,6.5648,2.7712,7.3986,True
7536,MOVING,138168.3,6.33,0.2723,11.38,3.92,7.46,0.3105,3.5291,5.556,20.0,6.0987,1.3646,5.2808,True
7541,MOVING,91556.4,0.3,0.3577,78.28,4.77,73.51,0.2924,3.7826,5.556,20.0,5.7049,67.8019,72.5726,True
7546,MOVING,78271.7,3.42,0.2956,98.19,3.54,94.65,0.2864,3.4781,5.556,20.0,6.0289,88.6237,92.1638,True
7551,MOVING,160529.1,-1.41,0.3576,59.77,5.39,54.39,0.299,3.5327,5.556,20.0,6.0305,48.3549,53.7434,True
7556,MOVING,115138.3,-3.97,0.2653,43.04,4.93,38.11,0.2625,2.4554,5.556,20.0,7.7444,30.3696,35.3002,True
7561,MOVING,141300.1,2.26,0.2555,20.31,3.13,17.18,0.3111,2.9707,5.556,20.0,6.9238,10.2584,13.3905,True
7566,MOVING,155810.1,1.63,0.2888,79.75,4.36,75.39,0.3067,3.2372,5.556,20.0,6.4721,68.918,73.2773,True
7571,MOVING,107596.0,6.83,0.3285,84.48,4.48,80.0,0.3265,4.1275,5.556,20.0,5.5536,74.4442,78.9257,True
7576,MOVING,89426.8,4.6,0.283,78.34,5.14,73.19,0.2962,3.4677,5.556,20.0,6.0968,67.0967,72.2388,True
7581,MOVING,135467.8,0.02,0.3827,84.32,5.7,78.62,0.3087,4.0003,5.556,20.0,5.5737,73.0415,78.7465,True
7586,MOVING,135774.4,-3.75,0.3538,42.73,4.64,38.09,0.3216,3.3445,5.556,20.0,6.4017,31.6883,36.3269,True
7591,MOVING,91569.5,-3.66,0.3992,54.19,4.84,49.35,0.2819,3.7984,5.556,20.0,5.6295,43.7253,48.5611,True
7596,MOVING,164605.4,3.33,0.3302,31.75,3.19,28.57,0.3291,3.8073,5.556,20.0,5.8823,22.6837,25.8688,True
7601,MOVING,135123.8,-2.76,0.2837,11.3,4.43,6.87,0.2862,2.7554,5.4133,19.49,6.8669,0.0,4.4286,True
7606,MOVING,135328.2,-1.73,0.264,83.66,3.0,80.65,0.3045,2.6639,5.556,20.0,7.4857,73.1646,76.1696,True
7611,MOVING,102656.2,-7.27,0.3573,53.29,3.92,49.37,0.3294,3.0276,5.556,20.0,6.9279,42.4378,46.3621,True
7616,MOVING,115029.3,-2.09,0.282,66.28,4.74,61.54,0.2898,2.8048,5.556,20.0,7.1129,54.4237,59.1674,True
7621,MOVING,152784.6,-7.47,0.3478,59.73,3.08,56.65,0.2739,2.9152,5.556,20.0,6.8164,49.8353,52.9175,True
7626,MOVING,133530.5,-0.51,0.2978,98.76,3.43,95.34,0.3098,3.1153,5.556,20.0,6.6755,88.6596,92.0852,True
7631,MOVING,118707.4,3.94,0.2714,26.59,5.35,21.24,0.3269,3.2902,5.556,20.0,6.5075,14.7321,20.0834,True
7636,MOVING,78012.0,-0.68,0.3601,87.91,3.05,84.86,0.2756,3.7099,5.556,20.0,5.6917,79.1655,82.2179,True
7641,MOVING,115177.2,-3.54,0.3059,25.44,3.7,21.73,0.357,2.8964,5.556,20.0,7.3121,14.422,18.124,True
7646,MOVING,137056.6,5.67,0.2886,52.04,4.1,47.94,0.3369,3.6263,5.556,20.0,6.1281,41.8144,45.9146,True
7651,MOVING,80609.0,-3.16,0.3271,29.46,5.01,24.45,0.3235,3.1409,5.556,20.0,6.7112,17.7406,22.747,True
7656,MOVING,142928.1,3.35,0.259,96.49,4.97,91.52,0.3005,3.1117,5.556,20.0,6.6299,84.8864,89.8562,True
7661,MOVING,77510.1,-0.15,0.2931,97.05,5.47,91.58,0.3388,3.1051,5.556,20.0,6.8532,84.7274,90.2015,True
7666,MOVING,99384.5,-5.97,0.3464,60.54,5.05,55.49,0.3381,3.0518,5.556,20.0,6.9359,48.5552,53.6052,True
7671,MOVING,144434.2,-7.7,0.3524,75.57,4.56,71.01,0.3299,2.9373,5.556,20.0,7.0873,63.9233,68.4855,True
7676,MOVING,126875.8,1.09,0.2588,6.38,4.57,1.81,0.3355,2.8898,2.4106,8.68,1.8143,0.0,4.5664,True
7681,MOVING,159785.9,0.11,0.281,93.15,5.75,87.4,0.2944,3.0115,5.556,20.0,6.7607,80.636,86.3862,True
7686,MOVING,144280.2,7.51,0.2565,26.26,4.95,21.32,0.3288,3.4869,5.556,20.0,6.2531,15.0624,20.0117,True
7691,MOVING,80620.7,-3.49,0.3586,84.16,3.63,80.53,0.3023,3.4174,5.556,20.0,6.1963,74.3322,77.9637,True
7696,MOVING,136048.2,1.61,0.2686,24.5,5.83,18.67,0.2864,3.0371,5.556,20.0,6.673,11.9984,17.8245,True
7701,MOVING,165196.5,4.56,0.3171,5.42,4.19,1.23,0.3264,3.7976,2.0591,7.41,1.2304,0.0,4.1939,True
7706,MOVING,76841.7,7.56,0.3228,54.35,5.25,49.1,0.31,4.1405,5.556,20.0,5.45,43.6473,48.8971,True
7711,MOVING,77058.5,-5.75,0.347,85.1,5.07,80.03,0.298,3.0788,5.556,20.0,6.6691,73.3587,78.4286,True
7716,MOVING,161303.0,-2.38,0.2708,21.95,3.25,18.7,0.2927,2.6669,5.556,20.0,7.4137,11.2842,14.5387,True
7721,MOVING,124696.3,6.41,0.3292,44.21,5.0,39.21,0.3066,4.0935,5.556,20.0,5.4742,33.7359,38.7347,True
7726,MOVING,86784.4,6.89,0.2602,89.48,3.2,86.28,0.3173,3.4651,5.556,20.0,6.2174,80.0665,83.2625,True
7731,MOVING,122262.3,-0.32,0.2792,65.44,5.24,60.2,0.2867,2.9523,5.556,20.0,6.821,53.3807,58.6177,True
7736,MOVING,131997.3,-1.08,0.3513,91.87,4.22,87.65,0.3076,3.584,5.556,20.0,6.0154,81.635,85.8524,True
7741,MOVING,129243.6,-1.43,0.3861,57.25,4.87,52.37,0.286,3.8911,5.556,20.0,5.5557,46.8176,51.6894,True
7746,MOVING,128847.9,-7.26,0.2811,91.44,3.81,87.64,0.2991,2.2834,5.556,20.0,8.421,79.2146,83.0222,True
7751,MOVING,88482.9,3.82,0.2656,42.3,3.01,39.29,0.3221,3.222,5.556,20.0,6.5799,32.7058,35.7205,True
7756,MOVING,142476.3,-2.72,0.2517,20.84,4.44,16.4,0.332,2.446,5.556,20.0,8.1548,8.2445,12.6847,True
7761,MOVING,130166.9,2.25,0.3463,16.59,5.21,11.38,0.2925,3.8608,5.556,20.0,5.6226,5.7568,10.9648,True
7766,MOVING,131160.1,-3.02,0.3543,43.6,4.02,39.57,0.3247,3.4225,5.556,20.0,6.3139,33.261,37.2833,True
7771,STAGED_STOPPED,120105.8,3.33,0.3435,3.52,5.25,0.0,0.3077,3.9384,0.0,0.0,0.0,0.0,3.5192,True
7776,MOVING,76355.4,3.48,0.3077,91.92,3.7,88.22,0.3303,3.6012,5.556,20.0,6.1212,82.0976,85.7959,True
7781,MOVING,115678.4,-6.75,0.3473,11.16,5.79,5.37,0.3232,2.9824,4.7757,17.19,5.3673,0.0,5.7894,True
7786,MOVING,118763.3,-3.44,0.3597,7.37,5.17,2.2,0.3113,3.4333,2.9592,10.65,2.1965,-0.0,5.172,True
7791,MOVING,124227.3,6.37,0.339,74.04,3.12,70.91,0.3189,4.1863,5.556,20.0,5.459,65.454,68.578,True
7796,MOVING,74065.6,-7.6,0.3734,86.49,4.92,81.57,0.3093,3.1529,5.556,20.0,6.6141,74.9532,79.8757,True
7801,MOVING,77460.5,7.54,0.2631,15.77,5.56,10.22,0.2915,3.555,5.556,20.0,5.9613,4.2553,9.8106,True
7806,MOVING,83789.7,-0.66,0.2972,3.62,3.08,0.54,0.3185,3.0946,1.0932,3.94,0.5413,0.0,3.0797,True
7811,MOVING,94412.7,6.07,0.3209,78.41,3.49,74.92,0.3093,3.9802,5.556,20.0,5.5961,69.3201,72.8149,True
7816,MOVING,121209.0,-6.03,0.3596,23.0,4.96,18.04,0.3122,3.1741,5.556,20.0,6.5973,11.4408,16.4049,True
7821,MOVING,106429.8,5.08,0.3702,4.17,4.02,0.15,0.294,4.3683,0.4397,1.58,0.1514,0.0,4.0216,True
7826,MOVING,152390.8,3.43,0.3711,20.56,4.29,16.27,0.3565,4.1902,5.556,20.0,5.6643,10.6013,14.8938,True
7831,MOVING,92342.9,-4.26,0.2639,79.14,5.81,73.34,0.2972,2.4139,5.556,20.0,8.0453,65.2908,71.0979,True
7836,MOVING,115693.0,-4.26,0.3578,21.02,4.5,16.52,0.3017,3.3333,5.556,20.0,6.3068,10.2172,14.716,True
7841,MOVING,126001.2,5.77,0.3702,6.2,5.59,0.62,0.3378,4.434,1.2829,4.62,0.619,0.0,5.5855,True
7846,MOVING,130230.5,-3.96,0.3536,10.26,3.23,7.03,0.3338,3.3223,5.556,20.0,6.5001,0.5293,3.7623,True
7851,MOVING,101744.6,3.94,0.3462,84.35,4.12,80.23,0.3177,4.0235,5.556,20.0,5.6015,74.6266,78.7477,True
7856,MOVING,112532.4,7.94,0.3833,83.57,3.17,80.4,0.2919,4.7681,5.556,20.0,4.8589,75.5454,78.7135,True
7861,MOVING,79062.9,7.08,0.2748,38.53,5.06,33.47,0.2836,3.6257,5.556,20.0,5.8328,27.6387,32.7018,True
7866,MOVING,163042.7,-7.01,0.2539,75.96,5.73,70.23,0.2829,2.0429,5.556,20.0,9.1269,61.1076,66.8377,True
7871,MOVING,150787.5,-7.28,0.2663,87.99,3.01,84.98,0.3418,2.1369,5.556,20.0,9.122,75.857,78.8633,True
7876,MOVING,123739.0,1.26,0.3158,11.43,4.66,6.76,0.341,3.4653,5.556,20.0,6.3487,0.4155,5.0796,True
7881,MOVING,78945.4,-3.34,0.2839,43.2,3.87,39.33,0.3021,2.7005,5.556,20.0,7.3941,31.9314,35.8038,True
7886,MOVING,149272.3,0.54,0.2945,13.97,3.86,10.1,0.3226,3.186,5.556,20.0,6.6371,3.4646,7.3281,True
7891,MOVING,87770.3,-2.33,0.3563,25.76,5.52,20.24,0.3052,3.5091,5.556,20.0,6.094,14.148,19.6639,True
7896,MOVING,151662.2,2.88,0.2656,9.04,5.94,3.1,0.3488,3.1309,3.4445,12.4,3.0961,0.0,5.9416,True
7901,MOVING,126797.4,-7.09,0.3182,93.12,4.43,88.69,0.3007,2.6641,5.556,20.0,7.4639,81.224,85.6532,True
7906,MOVING,164776.4,6.9,0.2788,42.06,3.99,38.07,0.3218,3.6473,5.556,20.0,6.0195,32.0505,36.0358,True
7911,MOVING,154579.5,-5.3,0.369,42.65,5.46,37.19,0.3399,3.2836,5.556,20.0,6.5892,30.6027,36.0613,True
7916,MOVING,96399.2,-4.62,0.3605,55.64,5.4,50.24,0.3193,3.3231,5.556,20.0,6.4186,43.8235,49.2211,True
7921,MOVING,133277.1,-7.12,0.2801,14.05,3.66,10.39,0.2985,2.2876,5.556,20.0,8.4055,1.9828,5.6405,True
7926,MOVING,97851.0,4.51,0.2824,89.18,4.68,84.5,0.3157,3.4536,5.556,20.0,6.223,78.2781,82.962,True
7931,MOVING,149194.8,4.08,0.3206,19.95,5.5,14.45,0.2781,3.7862,5.556,20.0,5.6215,8.8318,14.3281,True
7936,MOVING,85152.9,4.59,0.3716,46.16,3.81,42.35,0.3256,4.3352,5.556,20.0,5.3691,36.9779,40.7908,True
7941,STAGED_STOPPED,107261.6,2.31,0.2763,3.14,5.66,0.0,0.3217,3.1805,0.0,0.0,0.0,0.0,3.1351,True
7946,MOVING,86889.5,-3.09,0.3863,59.99,5.41,54.57,0.2964,3.7284,5.556,20.0,5.7864,48.7883,54.1997,True
7951,MOVING,160944.3,4.18,0.3009,24.93,4.45,20.48,0.3321,3.6022,5.556,20.0,6.13,14.3549,18.8037,True
7956,MOVING,122477.5,4.08,0.2948,59.9,5.5,54.4,0.279,3.534,5.556,20.0,5.9175,48.4873,53.9863,True
7961,MOVING,154417.6,-4.07,0.345,63.92,3.13,60.78,0.3044,3.2263,5.556,20.0,6.4751,54.3088,57.4418,True
7966,MOVING,76833.8,4.75,0.2775,62.75,5.06,57.69,0.329,3.4281,5.556,20.0,6.3302,51.3601,56.4236,True
7971,MOVING,163912.7,-7.24,0.3293,22.34,4.93,17.41,0.3128,2.7575,5.556,20.0,7.3354,10.0734,15.0009,True
7976,MOVING,88068.1,-4.82,0.3741,86.38,4.84,81.54,0.3446,3.4369,5.556,20.0,6.4052,75.1385,79.9771,True
7981,MOVING,92331.1,-0.61,0.3441,42.4,5.35,37.04,0.2702,3.5603,5.556,20.0,5.8363,31.2087,36.5614,True
7986,MOVING,145553.2,-0.33,0.3316,92.67,3.94,88.74,0.3081,3.4646,5.556,20.0,6.1668,82.5697,86.507,True
7991,MOVING,133912.0,-3.26,0.2967,42.37,3.59,38.78,0.3068,2.8335,5.556,20.0,7.1521,31.6284,35.2152,True
7996,MOVING,98994.1,1.95,0.2824,13.11,3.11,10.0,0.3181,3.2051,5.556,20.0,6.583,3.415,6.5296,True
8001,MOVING,139904.5,2.33,0.3619,29.19,5.54,23.65,0.3262,4.0215,5.556,20.0,5.6505,18.003,23.5383,True
8006,MOVING,107280.9,-3.64,0.3212,77.04,4.88,72.16,0.3541,3.036,5.556,20.0,7.0512,65.1074,69.986,True
8011,MOVING,150805.8,2.62,0.3048,45.03,5.7,39.33,0.3329,3.4903,5.556,20.0,6.2719,33.0544,38.7533,True
8016,MOVING,144660.0,6.02,0.2932,78.88,5.59,73.29,0.3224,3.7044,5.556,20.0,5.9579,67.335,72.924,True
8021,MOVING,119555.0,-0.38,0.3167,29.09,4.1,24.99,0.3058,3.3129,5.556,20.0,6.3578,18.6338,22.7346,True
8026,MOVING,111156.5,6.19,0.3703,47.58,5.06,42.52,0.3016,4.4755,5.556,20.0,5.1242,37.3953,42.4564,True
8031,MOVING,106343.2,0.12,0.3998,71.11,3.26,67.86,0.3153,4.1785,5.556,20.0,5.4457,62.4111,65.6669,True
8036,MOVING,83055.6,7.21,0.3084,86.15,5.97,80.18,0.327,3.9659,5.556,20.0,5.7089,74.4733,80.4396,True
8041,MOVING,163645.7,0.75,0.2535,90.21,3.32,86.9,0.2962,2.8047,5.556,20.0,7.1489,79.7474,83.0629,True
8046,MOVING,83218.9,2.78,0.2515,53.12,5.94,47.18,0.3208,2.9837,5.556,20.0,6.9555,40.2274,46.163,True
8051,MOVING,85649.0,-5.64,0.2859,42.82,5.02,37.81,0.3236,2.4925,5.556,20.0,7.9905,29.8185,34.8345,True
8056,MOVING,110383.6,2.68,0.2997,30.26,5.01,25.25,0.3015,3.4453,5.556,20.0,6.1553,19.0927,24.1001,True
8061,MOVING,131807.4,-6.68,0.2985,46.45,3.05,43.4,0.3037,2.5111,5.556,20.0,7.8338,35.5654,38.6124,True
8066,MOVING,75359.3,4.02,0.2564,11.56,5.75,5.8,0.3167,3.1515,5.1326,18.48,5.805,0.0,5.7503,True
8071,MOVING,113856.4,5.29,0.2889,52.37,3.99,48.38,0.3013,3.5922,5.556,20.0,5.9704,42.4047,46.3952,True
8076,MOVING,96871.2,5.54,0.3287,53.72,4.02,49.69,0.2895,4.0056,5.556,20.0,5.4615,44.2302,48.2536,True
8081,MOVING,102711.1,-2.75,0.2844,72.35,5.37,66.99,0.3015,2.7631,5.556,20.0,7.261,59.724,65.0936,True
8086,MOVING,134456.6,-0.79,0.3678,30.56,3.11,27.45,0.3143,3.7743,5.556,20.0,5.8354,21.6152,24.7244,True
8091,MOVING,152934.8,7.54,0.2601,56.47,4.49,51.98,0.2836,3.5252,5.556,20.0,5.9541,46.026,50.512,True
8096,MOVING,156836.9,0.53,0.3316,17.13,5.95,11.18,0.3457,3.5486,5.556,20.0,6.2704,4.9069,10.8566,True
8101,MOVING,148684.8,-6.78,0.2711,65.4,5.41,59.99,0.2956,2.2339,5.556,20.0,8.5519,51.4379,56.8491,True
8106,MOVING,129300.8,1.96,0.3431,68.33,5.8,62.52,0.3115,3.8016,5.556,20.0,5.7906,56.7336,62.537,True
8111,MOVING,119715.1,0.1,0.3772,31.33,5.57,25.76,0.3231,3.9533,5.556,20.0,5.6994,20.0591,25.6295,True
8116,MOVING,99662.4,-6.47,0.3096,35.48,5.74,29.74,0.336,2.6406,5.556,20.0,7.7117,22.0236,27.7673,True
8121,MOVING,100533.8,5.95,0.3139,60.72,3.29,57.43,0.314,3.9004,5.556,20.0,5.7017,51.7318,55.0207,True
8126,MOVING,74022.2,-5.09,0.3145,42.33,5.43,36.9,0.3107,2.8265,5.556,20.0,7.1873,29.7142,35.147,True
8131,MOVING,145221.0,-0.08,0.3004,57.32,4.46,52.86,0.3,3.1837,5.556,20.0,6.5149,46.347,50.8053,True
8136,STAGED_STOPPED,79813.5,3.98,0.2773,3.32,3.68,0.0,0.306,3.3527,0.0,0.0,0.0,0.0,3.3184,True
8141,MOVING,85004.8,-2.54,0.2534,66.79,3.36,63.43,0.3514,2.4811,5.556,20.0,8.1734,55.2609,58.6211,True
8146,MOVING,76031.6,-2.02,0.2694,99.12,5.64,93.49,0.3144,2.6881,5.556,20.0,7.4883,85.9982,91.6356,True
8151,MOVING,122881.2,3.74,0.2962,73.63,4.92,68.7,0.2785,3.5141,5.556,20.0,5.9393,62.7631,67.6872,True
8156,MOVING,90584.4,-1.09,0.2699,91.16,5.71,85.45,0.3307,2.785,5.556,20.0,7.3796,78.0731,83.7842,True
8161,MOVING,162094.8,2.73,0.3249,92.94,3.97,88.97,0.3139,3.6982,5.556,20.0,5.9174,83.0539,87.0203,True
8166,MOVING,107231.8,-0.97,0.2722,78.61,5.34,73.27,0.3027,2.8195,5.556,20.0,7.1562,66.1144,71.4506,True
8171,MOVING,148667.1,3.1,0.298,13.19,4.53,8.66,0.2998,3.4695,5.556,20.0,6.1144,2.5443,7.0783,True
8176,MOVING,100365.9,6.64,0.3505,60.06,3.25,56.82,0.3089,4.324,5.556,20.0,5.2856,51.5314,54.7792,True
8181,MOVING,74621.1,6.03,0.3118,71.3,5.19,66.12,0.3448,3.8875,5.556,20.0,5.886,60.2299,65.4161,True
8186,MOVING,87658.0,-6.19,0.3112,33.03,3.27,29.76,0.3147,2.6846,5.556,20.0,7.4979,22.2593,25.5273,True
8191,MOVING,153915.3,-2.11,0.2644,92.31,4.9,87.41,0.3554,2.6306,5.556,20.0,7.8418,79.5634,84.4664,True
8196,MOVING,102976.6,0.97,0.2943,45.2,5.59,39.61,0.2889,3.2267,5.556,20.0,6.3886,33.2214,38.8152,True
8201,MOVING,91503.0,6.25,0.3085,96.96,5.6,91.36,0.3023,3.8755,5.556,20.0,5.6621,85.6963,91.3006,True
8206,STAGED_STOPPED,97340.5,-2.87,0.3725,4.03,5.53,0.0,0.3297,3.615,0.0,0.0,0.0,0.0,4.0301,True
8211,MOVING,89922.0,-3.48,0.298,85.7,5.78,79.92,0.3259,2.8245,5.556,20.0,7.2749,72.644,78.4201,True
8216,MOVING,120349.3,-2.78,0.3267,10.37,5.47,4.9,0.3153,3.1752,4.6651,16.79,4.8978,0.0,5.4733,True
8221,MOVING,153721.8,-2.11,0.3397,37.31,3.23,34.08,0.3457,3.3686,5.556,20.0,6.5028,27.5728,30.8065,True
8226,MOVING,124445.5,-0.22,0.3407,18.5,4.12,14.37,0.2869,3.5646,5.556,20.0,5.9241,8.4486,12.5722,True
8231,MOVING,92573.9,-4.92,0.2815,5.82,3.51,2.3,0.2959,2.5198,2.742,9.87,2.3031,0.0,3.5127,True
8236,MOVING,124144.0,3.47,0.2641,7.59,4.95,2.63,0.3428,3.1732,3.1434,11.32,2.6347,0.0,4.9537,True
8241,MOVING,138980.9,1.48,0.3798,36.96,5.58,31.38,0.3275,4.1146,5.556,20.0,5.5705,25.8075,31.3868,True
8246,MOVING,135251.2,2.56,0.3978,78.65,4.05,74.61,0.3112,4.3957,5.556,20.0,5.2405,69.3687,73.4143,True
8251,MOVING,158313.4,-5.24,0.2752,43.25,3.49,39.76,0.2987,2.4259,5.556,20.0,8.0219,31.7363,35.2269,True
8256,MOVING,152676.7,-6.42,0.2903,99.24,5.79,93.44,0.2856,2.4571,5.556,20.0,7.8682,85.5754,91.3703,True
8261,MOVING,81832.4,-1.47,0.299,25.42,5.94,19.49,0.3126,3.0334,5.556,20.0,6.8252,12.6624,18.5979,True
8266,MOVING,75276.3,4.61,0.3024,32.61,4.91,27.7,0.3062,3.6588,5.556,20.0,5.9197,21.7841,26.6925,True
8271,MOVING,105336.5,-5.51,0.2929,92.39,3.7,88.68,0.3014,2.5733,5.556,20.0,7.6725,81.0124,84.716,True
8276,MOVING,141911.4,2.74,0.2642,35.72,5.28,30.43,0.2839,3.1037,5.556,20.0,6.5504,23.883,29.1664,True
8281,MOVING,104703.5,7.24,0.317,15.9,3.97,11.93,0.2825,4.0532,5.556,20.0,5.3776,6.5518,10.5201,True
8286,MOVING,151527.7,0.83,0.3936,65.2,4.69,60.51,0.3492,3.9564,5.556,20.0,5.8416,54.6725,59.3612,True
8291,MOVING,162703.7,6.75,0.3395,7.85,5.33,2.52,0.2904,4.2269,3.5447,12.76,2.5155,0.0,5.3317,True
8296,MOVING,150991.7,2.55,0.2861,72.32,4.13,68.19,0.3345,3.3004,5.556,20.0,6.535,61.6513,65.784,True
8301,MOVING,146127.2,2.18,0.3527,85.02,3.01,82.02,0.2778,3.9162,5.556,20.0,5.4845,76.5315,79.5387,True
8306,MOVING,92404.0,2.47,0.3836,49.4,4.37,45.03,0.338,4.2483,5.556,20.0,5.5111,39.5214,43.8921,True
8311,MOVING,117623.0,-2.19,0.2527,24.8,4.25,20.55,0.2783,2.5084,5.556,20.0,7.6993,12.8473,17.098,True
8316,MOVING,101328.5,4.75,0.3142,9.17,4.02,5.16,0.2934,3.7878,5.2366,18.85,5.1561,0.0,4.0188,True
8321,MOVING,85980.2,-4.21,0.3605,41.19,3.64,37.56,0.2649,3.3654,5.556,20.0,6.0581,31.4995,35.1365,True
8326,MOVING,149515.7,-3.09,0.3436,23.97,4.31,19.66,0.3181,3.3102,5.556,20.0,6.43,13.2312,17.5365,True
8331,MOVING,142109.7,4.47,0.3753,97.63,3.8,93.83,0.3098,4.3594,5.556,20.0,5.2618,88.5673,92.3712,True
8336,MOVING,116314.8,7.36,0.3382,31.5,5.85,25.65,0.2727,4.2722,5.556,20.0,5.128,20.5254,26.3725,True
8341,MOVING,149174.4,1.81,0.2532,9.8,3.93,5.87,0.3021,2.9051,5.0273,18.1,5.8688,0.0,3.9266,True
8346,MOVING,142898.2,5.67,0.3098,98.12,5.59,92.54,0.3102,3.8333,5.556,20.0,5.7501,86.7869,92.3735,True
8351,MOVING,149948.0,-3.72,0.3915,10.28,3.14,7.14,0.3133,3.5486,5.556,20.0,6.09,1.045,4.1872,True
8356,MOVING,103028.9,2.04,0.2806,10.05,4.64,5.41,0.3251,3.197,4.9318,17.75,5.4072,0.0,4.6424,True
8361,MOVING,148361.4,-7.81,0.3403,12.26,4.51,7.75,0.2778,2.8084,5.556,20.0,7.0394,0.7105,5.2216,True
8366,MOVING,143870.4,-5.3,0.3398,45.28,3.69,41.59,0.2884,3.0541,5.556,20.0,6.6563,34.9384,38.6285,True
8371,MOVING,88304.3,2.36,0.2931,20.3,4.83,15.47,0.2855,3.3507,5.556,20.0,6.1925,9.2784,14.1047,True
8376,MOVING,109514.2,7.82,0.2963,60.94,4.04,56.9,0.3038,3.9064,5.556,20.0,5.639,51.2592,55.2964,True
8381,MOVING,121115.9,-7.07,0.3987,73.14,3.85,69.29,0.2975,3.4534,5.556,20.0,6.1224,63.1656,67.0158,True
8386,MOVING,118973.6,4.19,0.2819,22.55,3.34,19.21,0.275,3.4182,5.556,20.0,6.0435,13.1637,16.5033,True
8391,MOVING,129450.4,-5.36,0.2867,3.87,3.43,0.44,0.3279,2.5282,0.8801,3.17,0.4418,0.0,3.4252,True
8396,MOVING,138425.5,1.65,0.263,6.81,5.47,1.34,0.3022,2.9864,2.0662,7.44,1.3392,0.0,5.4682,True
8401,MOVING,119661.8,4.77,0.3157,5.84,3.44,2.4,0.3367,3.8047,3.18,11.45,2.3996,0.0,3.4392,True
8406,MOVING,93149.8,-7.19,0.2971,79.24,3.52,75.72,0.3089,2.4476,5.556,20.0,8.0225,67.7014,71.217,True
8411,MOVING,115036.4,-0.17,0.3751,45.64,4.68,40.95,0.3505,3.9072,5.556,20.0,5.8973,35.055,39.7382,True
8416,MOVING,78388.1,6.55,0.3184,63.27,5.52,57.75,0.3325,4.0017,5.556,20.0,5.7043,52.0457,57.5676,True
8421,MOVING,126322.3,1.14,0.3739,88.77,6.0,82.77,0.3129,4.0234,5.556,20.0,5.5746,77.1932,83.1918,True
8426,MOVING,102298.0,-1.69,0.3627,31.85,4.0,27.85,0.3287,3.6358,5.556,20.0,6.0716,21.7809,25.7823,True
8431,MOVING,92216.0,7.05,0.2747,16.93,4.0,12.93,0.3396,3.6216,5.556,20.0,6.1486,6.7815,10.7832,True
8436,MOVING,96577.4,-7.84,0.3948,75.43,3.82,71.61,0.3197,3.3374,5.556,20.0,6.4011,65.2097,69.0271,True
8441,MOVING,98710.3,-1.19,0.3718,69.0,5.67,63.33,0.3301,3.774,5.556,20.0,5.9238,57.4093,63.0755,True
8446,MOVING,137053.5,-5.71,0.3076,99.22,4.09,95.13,0.3006,2.6969,5.556,20.0,7.3931,87.7378,91.8317,True
8451,MOVING,135626.8,-5.49,0.3066,57.11,3.29,53.82,0.3232,2.7094,5.556,20.0,7.4924,46.3282,49.6155,True
8456,MOVING,86957.4,-5.04,0.3809,44.86,5.93,38.93,0.2839,3.4824,5.556,20.0,6.0093,32.9211,38.852,True
8461,MOVING,162040.0,-5.95,0.3127,41.51,5.32,36.19,0.312,2.7233,5.556,20.0,7.4007,28.7922,34.1084,True
8466,MOVING,97118.7,4.97,0.2827,80.51,5.35,75.17,0.3277,3.4999,5.556,20.0,6.2304,68.9363,74.2839,True
8471,MOVING,94141.8,0.28,0.3263,83.56,5.51,78.05,0.2869,3.4722,5.556,20.0,6.0392,72.0112,77.521,True
8476,MOVING,138499.4,1.22,0.2764,84.6,3.94,80.66,0.2879,3.0749,5.556,20.0,6.6191,74.0413,77.9803,True
8481,MOVING,74276.4,-1.65,0.2597,21.8,5.31,16.49,0.2887,2.6302,5.556,20.0,7.4724,9.0166,14.3276,True
8486,MOVING,144067.3,-0.61,0.3115,93.49,4.9,88.59,0.3255,3.2399,5.556,20.0,6.5722,82.0188,86.922,True
8491,MOVING,148142.8,6.12,0.3878,29.39,4.94,24.45,0.3054,4.556,5.556,20.0,5.0847,19.368,24.3065,True
8496,MOVING,163486.4,6.23,0.3611,73.52,5.73,67.79,0.2844,4.2184,5.556,20.0,5.2389,62.556,68.284,True
8501,MOVING,112841.1,2.9,0.3285,68.65,3.98,64.67,0.3295,3.7492,5.556,20.0,5.9475,58.7224,62.7032,True
8506,MOVING,141099.5,4.32,0.268,61.9,5.11,56.79,0.3118,3.2937,5.556,20.0,6.4184,50.3703,55.479,True
8511,MOVING,90975.6,0.73,0.3243,66.64,3.37,63.27,0.3319,3.4975,5.556,20.0,6.2569,57.0156,60.3828,True
8516,MOVING,97076.5,-2.0,0.2911,12.98,4.65,8.33,0.3227,2.9037,5.556,20.0,7.1086,1.2221,5.8694,True
8521,MOVING,115387.6,-6.86,0.3504,86.14,5.36,80.78,0.3072,3.0011,5.556,20.0,6.8496,73.926,79.2905,True
8526,MOVING,76059.1,6.44,0.3314,35.54,5.68,29.87,0.3109,4.1177,5.556,20.0,5.4756,24.3903,30.0678,True
8531,MOVING,157224.3,-7.29,0.3634,82.52,5.69,76.83,0.3137,3.0296,5.556,20.0,6.8376,69.9921,75.6788,True
8536,MOVING,103636.4,0.18,0.3263,93.53,4.79,88.74,0.3247,3.4629,5.556,20.0,6.2613,82.4811,87.2681,True
8541,MOVING,127605.5,4.48,0.3052,20.97,4.38,16.6,0.3014,3.6736,5.556,20.0,5.8763,10.723,15.0984,True
8546,MOVING,120997.5,2.85,0.2751,83.89,4.19,79.7,0.3313,3.2212,5.556,20.0,6.6321,73.0654,77.2566,True
8551,MOVING,157684.5,6.11,0.3735,15.42,3.67,11.75,0.3005,4.3309,5.556,20.0,5.2335,6.5163,10.188,True
8556,STAGED_STOPPED,136179.0,7.91,0.305,4.41,4.72,0.0,0.2917,3.9989,0.0,0.0,0.0,0.0,4.4064,True
8561,MOVING,89603.5,4.48,0.2549,37.04,3.42,33.62,0.3765,3.1816,5.556,20.0,6.9431,26.6755,30.1003,True
8566,MOVING,123596.1,6.1,0.3973,59.2,4.98,54.22,0.3043,4.7304,5.556,20.0,4.9536,49.264,54.2458,True
8571,MOVING,109975.1,-5.6,0.308,38.35,5.14,33.22,0.3416,2.7117,5.556,20.0,7.5899,25.6277,30.7636,True
8576,MOVING,80392.4,3.23,0.3705,22.68,5.18,17.5,0.3361,4.1932,5.556,20.0,5.548,11.9567,17.1358,True
8581,MOVING,98702.6,-2.88,0.2561,45.29,3.13,42.15,0.2793,2.4732,5.556,20.0,7.7925,34.3611,37.4944,True
8586,MOVING,117034.7,-5.02,0.3199,95.91,5.46,90.45,0.3036,2.8869,5.556,20.0,7.0329,83.4187,88.8762,True
8591,MOVING,151533.0,-5.48,0.3758,29.17,4.15,25.03,0.3036,3.3379,5.556,20.0,6.311,18.7172,22.8625,True
8596,MOVING,123670.0,6.81,0.2762,76.04,4.33,71.7,0.286,3.6129,5.556,20.0,5.861,65.841,70.1758,True
8601,MOVING,112280.2,-2.65,0.3483,75.14,5.99,69.15,0.31,3.3998,5.556,20.0,6.2621,62.8878,68.879,True
8606,MOVING,111333.8,2.12,0.3943,69.59,5.99,63.6,0.2999,4.3188,5.556,20.0,5.2401,58.3571,64.347,True
8611,MOVING,112259.0,6.77,0.3314,19.79,5.13,14.66,0.3279,4.1496,5.556,20.0,5.5414,9.1185,14.2488,True
8616,MOVING,160959.7,1.69,0.2615,55.59,4.14,51.46,0.3301,2.9751,5.556,20.0,7.0217,44.4344,48.5702,True
8621,MOVING,165135.2,1.73,0.3297,74.52,4.72,69.8,0.3207,3.6473,5.556,20.0,6.0135,63.7902,68.5068,True
8626,MOVING,129310.7,3.72,0.2651,78.24,4.53,73.71,0.318,3.2078,5.556,20.0,6.5786,67.1298,71.6617,True
8631,STAGED_STOPPED,135691.1,6.64,0.3406,3.34,5.26,0.0,0.2764,4.2276,0.0,0.0,0.0,0.0,3.3393,True
8636,MOVING,148021.5,0.81,0.3755,18.75,3.5,15.25,0.2949,4.0076,5.556,20.0,5.49,9.765,13.2603,True
8641,MOVING,149685.0,5.61,0.3437,26.0,4.71,21.28,0.3367,4.1594,5.556,20.0,5.5816,15.6998,20.4142,True
8646,MOVING,115097.1,-0.16,0.3141,76.64,4.93,71.71,0.303,3.3103,5.556,20.0,6.346,65.365,70.2904,True
8651,MOVING,92021.3,-2.63,0.3385,37.93,5.39,32.54,0.2971,3.3062,5.556,20.0,6.3191,26.216,31.6102,True
8656,MOVING,115075.4,1.98,0.3679,72.69,5.92,66.77,0.2788,4.0459,5.556,20.0,5.3636,61.4037,67.3274,True
8661,MOVING,113685.7,-4.93,0.3824,90.74,5.29,85.45,0.2735,3.5072,5.556,20.0,5.9207,79.5315,84.8168,True
8666,MOVING,125133.9,0.64,0.2963,69.26,5.27,63.99,0.3235,3.2141,5.556,20.0,6.5993,57.3875,62.6592,True
8671,MOVING,160666.1,-2.43,0.2625,61.37,4.76,56.61,0.3029,2.5806,5.556,20.0,7.6637,48.9465,53.7027,True
8676,MOVING,103783.6,0.09,0.3251,25.88,4.05,21.83,0.3364,3.4427,5.556,20.0,6.3524,15.4814,19.5305,True
8681,MOVING,74845.6,-5.18,0.3308,93.81,3.61,90.21,0.3413,2.977,5.556,20.0,7.0809,83.1245,86.7327,True
8686,MOVING,127572.0,-6.26,0.2731,22.81,3.4,19.41,0.3717,2.3049,5.556,20.0,8.7615,10.6476,14.0474,True
8691,MOVING,113163.8,0.81,0.297,43.71,4.42,39.29,0.3022,3.2367,5.556,20.0,6.4479,32.8425,37.2584,True
8696,MOVING,129427.0,-1.63,0.2609,92.1,4.36,87.73,0.29,2.6432,5.556,20.0,7.4509,80.2822,84.6466,True
8701,MOVING,158902.9,-2.24,0.29,48.41,5.41,43.0,0.2998,2.8679,5.556,20.0,7.0478,35.9568,41.3642,True
8706,MOVING,120154.5,-1.83,0.3317,42.75,5.48,37.27,0.3004,3.3176,5.556,20.0,6.3215,30.9458,36.4238,True
8711,MOVING,147746.3,5.2,0.3724,32.31,3.1,29.21,0.3373,4.4011,5.556,20.0,5.3808,23.8294,26.9272,True
8716,MOVING,151338.1,3.41,0.2683,80.86,3.95,76.91,0.322,3.2091,5.556,20.0,6.5988,70.3098,74.2574,True
8721,MOVING,102662.4,6.82,0.2685,72.76,4.97,67.8,0.291,3.539,5.556,20.0,5.9781,61.8172,66.7852,True
8726,MOVING,140284.6,-3.39,0.3227,88.38,5.77,82.61,0.3165,3.0749,5.556,20.0,6.7778,75.8303,81.6006,True
8731,MOVING,90112.2,5.56,0.367,18.07,4.38,13.69,0.3149,4.3828,5.556,20.0,5.2711,8.4191,12.7968,True
8736,MOVING,163860.1,6.22,0.2937,83.27,5.12,78.16,0.3149,3.7288,5.556,20.0,5.8887,72.2668,77.382,True
8741,MOVING,128841.8,0.05,0.3052,92.33,3.95,88.38,0.3103,3.2432,5.556,20.0,6.4832,81.8995,85.8512,True
8746,MOVING,120183.7,6.4,0.2631,39.77,3.24,36.52,0.3426,3.4452,5.556,20.0,6.3836,30.1381,33.3821,True
8751,MOVING,129788.3,-7.19,0.3338,59.61,5.91,53.71,0.3214,2.8066,5.556,20.0,7.2853,46.4224,52.3276,True
8756,MOVING,152197.5,-4.52,0.3443,84.59,4.64,79.95,0.2913,3.1752,5.556,20.0,6.4794,73.4713,78.1072,True
8761,MOVING,75794.4,-7.72,0.3694,74.54,3.95,70.59,0.3098,3.1017,5.556,20.0,6.6972,63.8971,67.8476,True
8766,MOVING,147576.0,4.6,0.2771,68.96,4.33,64.63,0.33,3.4103,5.556,20.0,6.3595,58.2746,62.6007,True
8771,MOVING,97306.9,1.52,0.3872,10.45,4.28,6.17,0.3362,4.1902,5.556,20.0,5.5513,0.618,4.899,True
8776,MOVING,85562.9,3.93,0.3757,43.64,5.43,38.22,0.3149,4.3114,5.556,20.0,5.3296,32.886,38.3111,True
8781,MOVING,87091.9,-0.43,0.363,25.17,3.59,21.59,0.3119,3.7629,5.556,20.0,5.8347,15.7525,19.3385,True
8786,MOVING,117165.7,2.41,0.2836,45.12,3.69,41.43,0.2988,3.2617,5.556,20.0,6.392,35.0397,38.7296,True
8791,MOVING,155966.8,1.52,0.3035,33.5,3.72,29.78,0.3498,3.3703,5.556,20.0,6.5233,23.2563,26.9785,True
8796,MOVING,110924.7,1.29,0.2832,71.03,5.78,65.24,0.3272,3.1493,5.556,20.0,6.7189,58.5252,64.3075,True
8801,MOVING,143870.8,0.19,0.3138,92.98,3.28,89.71,0.3182,3.3411,5.556,20.0,6.3874,83.3205,86.5964,True
8806,MOVING,150984.1,5.09,0.3093,53.56,5.78,47.77,0.3078,3.773,5.556,20.0,5.8008,41.9728,47.7548,True
8811,MOVING,92581.0,1.92,0.3577,55.13,3.92,51.21,0.3338,3.9407,5.556,20.0,5.7711,45.4398,49.358,True
8816,MOVING,138902.3,-6.63,0.362,86.12,3.15,82.98,0.2788,3.1374,5.556,20.0,6.4684,76.5073,79.6552,True
8821,MOVING,81674.4,7.26,0.3074,72.27,3.24,69.04,0.3108,3.9612,5.556,20.0,5.6232,63.4123,66.6516,True
8826,MOVING,101617.9,1.89,0.3495,62.52,3.39,59.13,0.3031,3.8567,5.556,20.0,5.6858,53.4423,56.8303,True
8831,MOVING,105388.5,6.24,0.365,35.57,5.07,30.5,0.3259,4.4275,5.556,20.0,5.2966,25.2017,30.2749,True
8836,MOVING,77832.1,6.5,0.2567,84.32,3.15,81.17,0.3322,3.3929,5.556,20.0,6.3947,74.7742,77.9246,True
8841,MOVING,126475.2,7.06,0.2923,36.63,5.91,30.72,0.3195,3.7949,5.556,20.0,5.8424,24.8791,30.7875,True
8846,MOVING,141019.6,5.91,0.3207,16.62,3.83,12.79,0.3044,3.9633,5.556,20.0,5.5856,7.2046,11.0325,True
8851,MOVING,158190.4,7.61,0.336,39.61,4.32,35.29,0.3024,4.2739,5.556,20.0,5.2913,29.9951,34.316,True
8856,MOVING,85377.6,4.52,0.3565,55.62,3.7,51.92,0.3022,4.1809,5.556,20.0,5.3705,46.5501,50.2525,True
8861,MOVING,120275.4,-3.6,0.2925,12.53,4.79,7.73,0.2844,2.7586,5.556,20.0,7.1752,0.5587,5.35,True
8866,MOVING,137613.5,-5.02,0.3661,85.86,3.86,82.01,0.3121,3.339,5.556,20.0,6.3565,75.6488,79.5064,True
8871,MOVING,157914.5,-7.63,0.3814,90.5,5.69,84.81,0.3164,2.9812,5.556,20.0,6.9355,77.879,83.5687,True
8876,MOVING,84294.1,6.55,0.34,14.5,5.92,8.58,0.2982,4.2132,5.556,20.0,5.3202,3.2576,9.1774,True
8881,MOVING,127538.6,-7.92,0.3098,13.42,3.16,10.26,0.3319,2.4984,5.556,20.0,8.022,2.2367,5.3951,True
8886,MOVING,137107.7,3.47,0.2521,54.84,3.24,51.6,0.3389,3.0551,5.556,20.0,6.9349,44.663,47.9008,True
8891,MOVING,98930.7,-3.1,0.3159,40.63,5.94,34.69,0.3136,3.0378,5.556,20.0,6.8233,27.8628,33.8036,True
8896,MOVING,86814.1,2.68,0.3323,47.43,4.24,43.19,0.3252,3.7654,5.556,20.0,5.9057,37.2853,41.5218,True
8901,MOVING,107405.2,-2.3,0.2505,68.31,5.14,63.17,0.3136,2.4752,5.556,20.0,7.978,55.1936,60.3363,True
8906,MOVING,131350.7,-0.98,0.3468,66.98,5.55,61.43,0.3076,3.5499,5.556,20.0,6.0566,55.3774,60.9246,True
8911,MOVING,141004.6,-0.56,0.3088,70.23,4.43,65.81,0.3151,3.2188,5.556,20.0,6.5459,59.2591,63.6856,True
8916,MOVING,118184.8,-0.14,0.3192,68.86,3.28,65.58,0.3166,3.3624,5.556,20.0,6.3493,59.2301,62.5132,True
8921,MOVING,122227.0,-0.69,0.3172,35.42,4.94,30.48,0.3429,3.2886,5.556,20.0,6.5983,23.8848,28.8241,True
8926,MOVING,128381.4,-2.34,0.3657,80.24,4.76,75.47,0.2722,3.6012,5.556,20.0,5.7984,69.6762,74.4412,True
8931,MOVING,110025.3,-1.42,0.2729,94.74,3.09,91.64,0.3225,2.7821,5.556,20.0,7.3398,84.3012,87.3952,True
8936,MOVING,132885.0,4.18,0.3338,75.47,4.89,70.58,0.3384,3.9248,5.556,20.0,5.8127,64.7698,69.6602,True
8941,MOVING,116306.1,2.87,0.2663,78.72,4.12,74.59,0.3425,3.1366,5.556,20.0,6.824,67.7685,71.8918,True
8946,MOVING,153050.1,7.77,0.3357,16.63,4.63,12.0,0.3359,4.2863,5.556,20.0,5.4669,6.5359,11.1653,True
8951,MOVING,99120.8,7.53,0.34,11.46,4.44,7.02,0.3228,4.3059,5.556,20.0,5.3778,1.6394,6.0827,True
8956,MOVING,103525.6,6.43,0.2581,69.25,3.73,65.52,0.3222,3.3992,5.556,20.0,6.3309,59.1858,62.9158,True
8961,MOVING,98210.6,2.19,0.3581,48.52,3.93,44.58,0.335,3.97,5.556,20.0,5.7491,38.8356,42.7699,True
8966,MOVING,134529.5,-5.28,0.3342,94.86,3.9,90.97,0.3067,3.0008,5.556,20.0,6.8477,84.12,88.0171,True
8971,MOVING,84654.8,0.02,0.2723,38.34,3.49,34.85,0.2959,2.918,5.556,20.0,6.9334,27.9196,31.4061,True
8976,MOVING,124720.5,6.1,0.2617,19.86,5.68,14.19,0.3208,3.4035,5.556,20.0,6.317,7.869,13.5462,True
8981,MOVING,143070.8,5.85,0.3201,52.62,3.23,49.39,0.311,3.9512,5.556,20.0,5.6344,43.7543,46.987,True
8986,MOVING,137730.4,2.43,0.3723,97.63,3.88,93.75,0.3267,4.134,5.556,20.0,5.5485,88.2,92.0773,True
8991,MOVING,97074.7,-1.77,0.3382,24.83,3.37,21.46,0.2985,3.3877,5.556,20.0,6.2146,15.2479,18.6169,True
8996,MOVING,121116.0,-7.04,0.3501,22.66,3.99,18.68,0.3322,2.9804,5.556,20.0,7.0245,11.6522,15.6381,True
9001,MOVING,157592.4,-1.82,0.2802,15.92,4.28,11.64,0.2914,2.8141,5.556,20.0,7.1037,4.5401,8.8169,True
9006,MOVING,105162.7,-0.88,0.353,40.74,4.9,35.83,0.3061,3.6204,5.556,20.0,5.9639,29.8683,34.7721,True
9011,MOVING,100229.4,4.09,0.3961,44.27,3.5,40.77,0.3339,4.5265,5.556,20.0,5.2651,35.5051,39.0056,True
9016,MOVING,80793.6,-3.39,0.2786,46.31,5.35,40.96,0.2807,2.6433,5.556,20.0,7.3986,33.56,38.907,True
9021,MOVING,98939.0,-6.33,0.3638,32.88,5.91,26.97,0.2959,3.186,5.556,20.0,6.4884,20.4792,26.3875,True
9026,MOVING,108949.2,2.83,0.2915,61.62,3.19,58.43,0.2896,3.38,5.556,20.0,6.1754,52.2532,55.4466,True
9031,MOVING,105863.1,6.9,0.359,24.01,3.72,20.29,0.3244,4.4324,5.556,20.0,5.2845,15.0057,18.7268,True
9036,MOVING,139839.6,-1.59,0.3412,42.78,3.37,39.42,0.297,3.4354,5.556,20.0,6.1429,33.2747,36.6416,True
9041,MOVING,87293.7,3.33,0.367,48.98,5.29,43.69,0.335,4.1687,5.556,20.0,5.5639,38.1216,43.4166,True
9046,MOVING,76746.9,-5.81,0.281,67.64,4.58,63.05,0.3133,2.4274,5.556,20.0,8.0992,54.9545,59.5363,True
9051,MOVING,148948.3,-5.62,0.2766,48.61,3.01,45.61,0.334,2.4026,5.556,20.0,8.2799,37.3275,40.3329,True
9056,MOVING,160979.3,7.92,0.2773,89.06,3.09,85.97,0.2886,3.7298,5.556,20.0,5.7415,80.2257,83.318,True
9061,MOVING,158408.6,2.08,0.3185,16.37,4.93,11.44,0.323,3.5719,5.556,20.0,6.1155,5.3265,10.2556,True
9066,MOVING,116486.4,-4.99,0.3232,83.61,5.74,77.86,0.3165,2.9217,5.556,20.0,7.0412,70.8204,76.565,True
9071,MOVING,155122.9,-5.33,0.3641,45.97,3.03,42.94,0.3015,3.2682,5.556,20.0,6.3976,36.5399,39.5738,True
9076,MOVING,141781.4,2.31,0.3034,7.2,4.11,3.09,0.32,3.4462,3.6432,13.12,3.0917,0.0,4.1111,True
9081,MOVING,104924.3,0.1,0.3061,18.63,5.06,13.56,0.3061,3.2572,5.556,20.0,6.4394,7.1254,12.1872,True
9086,MOVING,86648.2,2.17,0.2923,29.95,5.5,24.45,0.3077,3.3233,5.556,20.0,6.3537,18.0953,23.5987,True
9091,MOVING,113617.0,-7.41,0.3771,84.93,5.35,79.58,0.3129,3.2072,5.556,20.0,6.5511,73.0244,78.3759,True
9096,MOVING,153797.7,-3.76,0.2735,68.22,4.77,63.45,0.3196,2.557,5.556,20.0,7.8118,55.6385,60.4098,True
9101,MOVING,126741.1,6.78,0.3675,39.87,5.02,34.85,0.3268,4.5038,5.556,20.0,5.243,29.6095,34.6302,True
9106,MOVING,100653.4,-3.41,0.3265,79.6,3.26,76.34,0.3331,3.1111,5.556,20.0,6.8118,69.5273,72.7834,True
9111,MOVING,160311.8,0.01,0.3025,66.85,4.83,62.02,0.3418,3.213,5.556,20.0,6.703,55.3162,60.1428,True
9116,MOVING,117522.4,-0.58,0.2548,39.46,4.55,34.92,0.3058,2.6874,5.556,20.0,7.4423,27.4764,32.0214,True
9121,MOVING,155355.4,-5.55,0.3764,33.3,3.38,29.92,0.2922,3.2412,5.556,20.0,6.3853,23.5389,26.9193,True
9126,MOVING,162001.3,1.53,0.3908,5.15,4.32,0.83,0.3294,3.7906,1.5532,5.59,0.8298,0.0,4.319,True
9131,MOVING,96382.4,-4.16,0.3845,25.32,3.82,21.5,0.316,3.6049,5.556,20.0,6.0374,15.4578,19.2827,True
9136,MOVING,124528.3,1.89,0.3492,22.89,5.69,17.19,0.3283,3.8536,5.556,20.0,5.8295,11.3639,17.0586,True
9141,MOVING,111049.3,7.53,0.3812,56.15,3.41,52.74,0.3243,4.709,5.556,20.0,5.0792,47.6629,51.0706,True
9146,MOVING,111610.8,-4.97,0.397,92.64,4.29,88.35,0.3302,3.6463,5.556,20.0,6.0678,82.2851,86.5763,True
9151,MOVING,123727.5,0.36,0.3817,5.36,3.85,1.51,0.3074,4.0239,2.4609,8.86,1.5091,0.0,3.8546,True
9156,MOVING,85541.4,-3.74,0.3245,72.62,4.55,68.06,0.3369,3.0584,5.556,20.0,6.9183,61.1428,65.6974,True
9161,MOVING,157171.8,2.28,0.3921,8.12,3.1,5.02,0.3018,3.9677,5.2238,18.81,5.0151,0.0,3.1017,True
9166,MOVING,149072.2,4.55,0.305,60.73,5.93,54.8,0.278,3.6786,5.556,20.0,5.7402,49.061,54.9861,True
9171,MOVING,98788.2,3.8,0.3036,72.77,5.51,67.27,0.308,3.5926,5.556,20.0,6.0076,61.2588,66.7645,True
9176,MOVING,92288.4,-2.06,0.3098,59.71,3.89,55.82,0.3086,3.0807,5.556,20.0,6.7246,49.0957,52.9862,True
9181,MOVING,113283.0,5.26,0.259,44.96,5.96,39.0,0.3078,3.2964,5.556,20.0,6.3926,32.6098,38.5711,True
9186,MOVING,139961.7,4.45,0.268,5.92,3.82,2.11,0.3311,3.3059,2.7937,10.06,2.1053,0.0,3.8183,True
9191,MOVING,156714.3,3.4,0.345,84.09,4.25,79.84,0.3178,3.9602,5.556,20.0,5.6633,74.1736,78.422,True
9196,MOVING,82535.8,7.67,0.272,31.5,5.74,25.75,0.3243,3.6545,5.556,20.0,6.0254,19.7285,25.4712,True
9201,MOVING,160525.1,-7.64,0.3525,96.67,5.37,91.3,0.2823,2.9232,5.556,20.0,6.8486,84.4508,89.8216,True
9206,MOVING,80961.8,4.2,0.3312,40.54,3.31,37.23,0.3026,3.9007,5.556,20.0,5.6379,31.5874,34.8985,True
9211,MOVING,157166.0,-7.43,0.3149,70.06,5.23,64.82,0.3211,2.597,5.556,20.0,7.7275,57.0972,62.3293,True
9216,MOVING,104141.6,-5.93,0.257,33.47,4.92,28.55,0.3148,2.1803,5.556,20.0,8.8284,19.7198,24.6426,True
9221,MOVING,82512.3,-4.7,0.2584,30.65,3.44,27.21,0.3166,2.3158,5.556,20.0,8.4236,18.782,22.2251,True
9226,MOVING,158854.0,-5.37,0.3027,24.33,5.21,19.12,0.3333,2.6833,5.556,20.0,7.6039,11.5208,16.7306,True
9231,MOVING,117548.7,-2.21,0.2539,32.65,4.55,28.1,0.3421,2.518,5.556,20.0,8.0303,20.0663,24.6212,True
9236,MOVING,107596.4,-0.29,0.2738,71.69,5.58,66.11,0.3243,2.9019,5.556,20.0,7.1207,58.9895,64.5697,True
9241,MOVING,104628.3,2.93,0.3251,10.56,4.24,6.31,0.3254,3.7198,5.556,20.0,5.9571,0.3562,4.6003,True
9246,MOVING,157712.1,7.94,0.3834,28.05,3.27,24.77,0.2962,4.5077,5.556,20.0,5.0699,19.705,22.9771,True
9251,MOVING,77873.6,4.81,0.306,57.78,4.78,53.0,0.312,3.714,5.556,20.0,5.8891,47.1082,51.8918,True
9256,MOVING,103940.7,-2.29,0.3947,6.28,4.34,1.94,0.2836,3.8909,2.9316,10.55,1.9357,0.0,4.3398,True
9261,MOVING,115518.5,-1.55,0.3803,98.78,3.26,95.52,0.3497,3.8222,5.556,20.0,5.9809,89.5374,92.8017,True
9266,MOVING,78094.8,6.11,0.2544,28.89,5.14,23.75,0.3215,3.3336,5.556,20.0,6.4165,17.3316,22.4699,True
9271,MOVING,102343.5,-0.09,0.3242,57.15,4.9,52.25,0.2761,3.4163,5.556,20.0,6.0522,46.1968,51.095,True
9276,MOVING,104759.1,-0.8,0.3647,48.68,4.99,43.69,0.3268,3.7427,5.556,20.0,5.9397,37.7517,42.7414,True
9281,MOVING,112244.2,-1.34,0.29,13.06,4.64,8.42,0.2843,2.9582,5.556,20.0,6.797,1.6276,6.2672,True
9286,MOVING,141005.5,4.32,0.3415,7.9,3.79,4.12,0.3056,4.0144,4.6515,16.75,4.1163,0.0,3.7883,True
9291,MOVING,120850.1,3.87,0.2597,66.01,4.62,61.39,0.2844,3.1689,5.556,20.0,6.4505,54.9441,59.5601,True
9296,MOVING,156555.5,-5.58,0.349,52.32,3.47,48.85,0.3215,3.1155,5.556,20.0,6.7403,42.1113,45.5779,True
9301,MOVING,98258.8,4.2,0.3068,46.6,3.36,43.24,0.3368,3.6622,5.556,20.0,6.0856,37.1504,40.5133,True
9306,MOVING,86714.8,0.82,0.3329,91.65,4.84,86.81,0.3353,3.5904,5.556,20.0,6.1616,80.6531,85.4921,True
9311,MOVING,98235.3,5.2,0.3262,36.65,3.88,32.77,0.2997,3.9484,5.556,20.0,5.5743,27.2004,31.0776,True
9316,MOVING,83143.8,7.57,0.2542,66.31,3.23,63.08,0.3316,3.4705,5.556,20.0,6.2895,56.7912,60.0175,True
9321,MOVING,93184.0,-0.37,0.3481,51.31,4.5,46.81,0.3044,3.6225,5.556,20.0,5.9519,40.8589,45.3616,True
9326,MOVING,160220.5,7.12,0.3045,89.01,3.46,85.55,0.3016,3.9198,5.556,20.0,5.6131,79.9358,83.3985,True
9331,MOVING,137654.5,-6.59,0.3492,72.04,5.94,66.1,0.3064,3.017,5.556,20.0,6.8184,59.2818,65.2169,True
9336,MOVING,93330.6,7.54,0.3039,67.52,3.94,63.58,0.3076,3.9531,5.556,20.0,5.6133,57.9677,61.9099,True
9341,MOVING,135671.1,5.54,0.3002,4.64,3.17,1.47,0.2977,3.7262,2.3786,8.56,1.4673,0.0,3.1718,True
9346,MOVING,165355.5,2.4,0.2675,82.45,5.12,77.33,0.3311,3.1029,5.556,20.0,6.8139,70.5168,75.6407,True
9351,MOVING,84283.0,-7.51,0.3533,86.65,3.87,82.78,0.2974,2.9645,5.556,20.0,6.8591,75.9189,79.7919,True
9356,MOVING,146112.9,5.5,0.3915,59.13,3.96,55.17,0.3081,4.548,5.556,20.0,5.1055,50.0606,54.0237,True
9361,MOVING,121587.6,-7.07,0.2925,36.32,3.24,33.08,0.3352,2.4141,5.556,20.0,8.2561,24.8255,28.0679,True
9366,MOVING,120222.5,-1.92,0.2601,60.31,4.44,55.86,0.3058,2.6073,5.556,20.0,7.6186,48.2457,52.6872,True
9371,MOVING,145441.9,-7.38,0.3848,92.29,3.71,88.58,0.3,3.2869,5.556,20.0,6.3624,82.2161,85.9289,True
9376,MOVING,96572.0,0.56,0.2939,66.27,3.04,63.23,0.3279,3.1823,5.556,20.0,6.6722,56.5563,59.5993,True
9381,MOVING,75086.2,1.43,0.3497,37.25,5.18,32.07,0.2815,3.8143,5.556,20.0,5.6106,26.4579,31.6379,True
9386,MOVING,154208.7,6.12,0.3243,50.12,4.49,45.63,0.3332,4.0185,5.556,20.0,5.6919,39.9385,44.4289,True
9391,MOVING,160843.8,6.32,0.2858,25.3,5.4,19.91,0.2894,3.6605,5.556,20.0,5.8242,14.0825,19.4783,True
9396,MOVING,74741.9,1.53,0.3183,31.32,5.11,26.21,0.3403,3.5166,5.556,20.0,6.2798,19.9317,25.0375,True
9401,MOVING,136853.9,3.59,0.2598,62.59,5.37,57.21,0.2587,3.1422,5.556,20.0,6.3492,50.8645,56.238,True
9406,STAGED_STOPPED,111256.4,-3.66,0.3273,4.97,5.3,0.0,0.301,3.094,0.0,0.0,0.0,0.0,4.9718,True
9411,MOVING,88400.1,1.09,0.2504,5.2,3.75,1.45,0.324,2.8082,2.0857,7.51,1.4504,0.0,3.7481,True
9416,MOVING,80484.8,-1.24,0.3358,48.17,5.23,42.94,0.3055,3.4167,5.556,20.0,6.2145,36.7301,41.9553,True
9421,MOVING,158578.4,6.79,0.3489,15.05,5.39,9.66,0.3165,4.3233,5.556,20.0,5.3284,4.3355,9.7211,True
9426,MOVING,145112.5,-0.69,0.3811,20.4,3.77,16.63,0.294,3.9152,5.556,20.0,5.5759,11.0548,14.8268,True
9431,MOVING,149294.3,7.01,0.2721,59.96,3.97,56.0,0.3394,3.5921,5.556,20.0,6.1827,49.8123,53.7786,True
9436,STAGED_STOPPED,101115.8,4.4,0.3897,3.38,3.73,0.0,0.2901,4.4936,0.0,0.0,0.0,0.0,3.3782,True
9441,MOVING,89663.4,0.22,0.3075,80.36,4.38,75.98,0.301,3.2823,5.556,20.0,6.3746,69.6027,73.985,True
9446,MOVING,78078.2,-1.11,0.2994,82.84,5.13,77.72,0.314,3.0722,5.556,20.0,6.7684,70.9467,76.0756,True
9451,MOVING,115041.6,-1.86,0.3138,11.11,5.31,5.8,0.3017,3.1396,5.1621,18.58,5.8011,0.0,5.308,True
9456,MOVING,97447.3,-4.13,0.3403,28.65,4.57,24.08,0.3407,3.1742,5.556,20.0,6.7553,17.3235,21.8949,True
9461,MOVING,136558.5,-2.62,0.3525,54.77,5.5,49.27,0.2841,3.4445,5.556,20.0,6.0593,43.2108,48.7119,True
9466,MOVING,161349.3,-3.49,0.3007,98.48,4.1,94.38,0.2725,2.8508,5.556,20.0,6.9279,87.4556,91.5545,True
9471,MOVING,116550.7,-6.43,0.2537,21.88,4.16,17.72,0.31,2.0981,5.556,20.0,9.0788,8.6376,12.7987,True
9476,MOVING,148589.0,-6.81,0.3728,47.32,4.19,43.13,0.2993,3.2262,5.556,20.0,6.4471,36.6842,40.8714,True
9481,MOVING,84270.1,-2.57,0.287,78.41,5.03,73.38,0.2833,2.8066,5.556,20.0,7.0734,66.3022,71.3337,True
9486,MOVING,131073.4,-3.53,0.259,97.65,5.05,92.6,0.2678,2.4377,5.556,20.0,7.8191,84.7837,89.8345,True
9491,MOVING,119873.6,6.92,0.3768,94.94,5.65,89.29,0.3448,4.6077,5.556,20.0,5.2652,84.0265,89.6739,True
9496,MOVING,116480.9,-4.12,0.3128,26.91,3.65,23.25,0.3192,2.9059,5.556,20.0,7.0851,16.1662,19.8201,True
9501,MOVING,121274.8,-5.35,0.3709,4.79,3.77,1.02,0.3332,3.3531,1.7281,6.22,1.0211,0.0,3.7655,True
9506,MOVING,116426.3,-7.98,0.3042,85.69,5.62,80.06,0.3109,2.4372,5.556,20.0,8.0603,72.002,77.6254,True
9511,STAGED_STOPPED,123824.6,0.78,0.369,5.77,5.93,0.0,0.2876,3.9404,0.0,0.0,0.0,0.0,5.7673,True
9516,MOVING,91295.1,2.92,0.3631,21.6,5.59,16.01,0.3179,4.0901,5.556,20.0,5.5397,10.4711,16.0582,True
9521,MOVING,103494.0,6.32,0.3369,82.38,4.86,77.52,0.3219,4.1608,5.556,20.0,5.498,72.0174,76.8776,True
9526,MOVING,116152.7,3.86,0.32,5.4,5.1,0.3,0.318,3.7592,0.73,2.63,0.303,0.0,5.1015,True
9531,MOVING,81162.1,4.65,0.3499,85.66,4.64,81.02,0.3023,4.1279,5.556,20.0,5.4186,75.5977,80.2409,True
9536,MOVING,114338.2,0.2,0.3698,35.19,4.69,30.5,0.2995,3.8911,5.556,20.0,5.6309,24.8676,29.5609,True
9541,MOVING,91086.1,6.82,0.2985,11.63,4.07,7.56,0.3246,3.8321,5.556,20.0,5.831,1.7242,5.7982,True
9546,MOVING,83823.5,-4.87,0.3028,46.69,3.16,43.53,0.3081,2.7335,5.556,20.0,7.3581,36.171,39.3279,True
9551,MOVING,84584.3,1.55,0.2838,96.5,5.03,91.47,0.3123,3.1804,5.556,20.0,6.5883,84.8774,89.9093,True
9556,MOVING,149645.6,-0.07,0.3733,54.22,4.37,49.85,0.2764,3.8992,5.556,20.0,5.4938,44.36,48.7296,True
9561,MOVING,150199.3,-2.38,0.3518,69.66,5.49,64.16,0.3071,3.4607,5.556,20.0,6.1664,57.9972,63.4894,True
9566,MOVING,105135.2,6.27,0.2672,89.87,5.67,84.2,0.286,3.4741,5.556,20.0,6.0317,78.167,83.8369,True
9571,MOVING,110797.3,-0.29,0.3077,75.31,4.11,71.2,0.2868,3.2346,5.556,20.0,6.3654,64.8392,68.9486,True
9576,MOVING,104857.3,-4.91,0.3493,33.51,4.51,29.01,0.3492,3.1856,5.556,20.0,6.7851,22.2211,26.7283,True
9581,MOVING,99095.0,3.5,0.3989,27.43,4.25,23.18,0.2898,4.4979,5.556,20.0,5.0415,18.1362,22.3841,True
9586,MOVING,147584.6,3.77,0.3812,87.38,4.05,83.32,0.3042,4.3407,5.556,20.0,5.2459,78.0782,82.1314,True
9591,MOVING,120684.5,4.03,0.2627,84.94,3.11,81.83,0.3175,3.2138,5.556,20.0,6.5665,75.2673,78.3757,True
9596,MOVING,108358.1,-0.42,0.3023,69.22,5.87,63.35,0.3132,3.1681,5.556,20.0,6.6121,56.7421,62.6088,True
9601,MOVING,75754.3,-4.73,0.2891,39.61,4.55,35.06,0.2695,2.6133,5.556,20.0,7.4035,27.6606,32.2064,True
9606,MOVING,144815.2,-2.26,0.379,62.03,3.46,58.57,0.3124,3.7393,5.556,20.0,5.8635,52.7039,56.168,True
9611,MOVING,138023.7,-7.15,0.3281,55.29,4.6,50.69,0.2879,2.7543,5.556,20.0,7.2035,43.4838,48.0855,True
9616,MOVING,152712.7,-5.24,0.2996,74.57,3.35,71.21,0.2973,2.6657,5.556,20.0,7.4421,63.77,67.1231,True
9621,MOVING,114457.3,4.41,0.3109,66.25,4.16,62.09,0.3343,3.7226,5.556,20.0,6.0038,56.0828,60.244,True
9626,MOVING,104221.9,-3.36,0.3076,27.92,4.64,23.28,0.3129,2.9297,5.556,20.0,7.0065,16.2721,20.9111,True
9631,MOVING,88479.0,-1.35,0.3845,26.48,4.32,22.17,0.3148,3.8826,5.556,20.0,5.7242,16.4411,20.7608,True
9636,MOVING,92200.9,1.42,0.395,74.21,3.76,70.46,0.2868,4.2578,5.556,20.0,5.2183,65.2376,68.9948,True
9641,MOVING,118248.8,-4.09,0.2778,74.2,4.45,69.75,0.3415,2.5659,5.556,20.0,7.913,61.8375,66.2907,True
9646,MOVING,135512.1,7.22,0.297,68.95,3.72,65.23,0.252,3.856,5.556,20.0,5.4028,59.8295,63.5445,True
9651,MOVING,100290.7,-3.25,0.3083,93.6,3.98,89.61,0.2735,2.9491,5.556,20.0,6.7532,82.8572,86.842,True
9656,MOVING,125486.0,2.95,0.2599,20.89,4.68,16.2,0.2955,3.0822,5.556,20.0,6.6495,9.5552,14.2392,True
9661,MOVING,125262.1,7.57,0.2668,95.47,4.6,90.87,0.3061,3.5934,5.556,20.0,5.9959,84.8714,89.4746,True
9666,MOVING,142131.2,2.07,0.2896,93.63,5.16,88.47,0.2899,3.2868,5.556,20.0,6.3064,82.1637,87.3204,True
9671,MOVING,115661.6,5.89,0.367,83.62,5.09,78.52,0.3246,4.4136,5.556,20.0,5.3005,73.2241,78.315,True
9676,MOVING,127067.1,-1.15,0.3015,64.33,3.94,60.39,0.3294,3.089,5.556,20.0,6.8265,53.5587,57.4988,True
9681,MOVING,120510.5,5.52,0.2685,7.84,3.8,4.04,0.3243,3.4143,4.2589,15.33,4.0375,-0.0,3.8001,True
9686,MOVING,115228.3,0.05,0.2616,50.51,4.64,45.87,0.306,2.8149,5.556,20.0,7.1837,38.6857,43.3286,True
9691,MOVING,162500.0,-6.98,0.3871,36.39,3.32,33.07,0.2955,2.9462,5.556,20.0,6.8807,26.1941,29.5112,True
9696,MOVING,124509.7,-4.74,0.3374,59.77,3.11,56.67,0.3271,3.0856,5.556,20.0,6.8194,49.8468,52.955,True
9701,MOVING,145437.0,2.96,0.3135,77.49,3.0,74.49,0.2955,3.6078,5.556,20.0,5.9196,68.5676,71.5695,True
9706,MOVING,89793.7,-1.17,0.3852,37.18,5.19,31.99,0.3298,3.9075,5.556,20.0,5.7826,26.2048,31.3982,True
9711,MOVING,91205.8,-2.74,0.3605,95.13,4.77,90.36,0.3237,3.5105,5.556,20.0,6.1955,84.1625,88.9298,True
9716,MOVING,119644.9,-6.31,0.3799,38.13,5.67,32.46,0.296,3.3454,5.556,20.0,6.2584,26.2018,31.8749,True
9721,STAGED_STOPPED,144463.1,0.63,0.2753,3.06,3.67,0.0,0.3078,3.0064,0.0,0.0,0.0,0.0,3.0629,True
9726,MOVING,162405.3,3.21,0.3711,96.78,5.63,91.15,0.3426,3.9459,5.556,20.0,5.8152,85.3389,90.966,True
9731,MOVING,86661.6,-0.02,0.3992,60.46,4.54,55.92,0.3101,4.1573,5.556,20.0,5.4353,50.4831,55.0213,True
9736,MOVING,129322.1,-0.0,0.347,16.81,4.37,12.44,0.3174,3.6476,5.556,20.0,5.995,6.4412,10.8112,True
9741,MOVING,74855.1,-1.38,0.3512,34.29,3.78,30.52,0.3348,3.5528,5.556,20.0,6.2044,24.3111,28.0884,True
9746,MOVING,136948.6,3.14,0.3851,6.28,3.29,2.99,0.2945,4.3276,3.9689,14.29,2.9888,0.0,3.2871,True
9751,MOVING,105584.0,7.42,0.3893,60.73,5.74,54.99,0.3207,4.7775,5.556,20.0,5.0126,49.9739,55.7163,True
9756,MOVING,98658.3,-1.32,0.3098,27.95,3.86,24.09,0.3094,3.1535,5.556,20.0,6.6136,17.4769,21.3383,True
9761,MOVING,158661.7,3.44,0.3911,3.75,3.35,0.39,0.3295,4.0483,0.8911,3.21,0.3917,0.0,3.3544,True
9766,MOVING,93631.9,-2.06,0.3497,30.68,3.35,27.33,0.3147,3.4726,5.556,20.0,6.1931,21.1411,24.4905,True
9771,MOVING,144091.4,6.08,0.2665,17.71,3.97,13.75,0.3123,3.4477,5.556,20.0,6.2118,7.5359,11.5011,True
9776,MOVING,116533.8,0.33,0.3937,7.89,4.44,3.45,0.3101,4.1381,4.2085,15.15,3.4452,0.0,4.4411,True
9781,MOVING,107419.8,-6.51,0.3423,21.17,3.0,18.16,0.3124,2.957,5.556,20.0,6.9551,11.2064,14.2104,True
9786,MOVING,144308.6,1.26,0.2982,27.89,3.05,24.84,0.3059,3.2922,5.556,20.0,6.3876,18.4567,21.5028,True
9791,MOVING,97136.2,-6.15,0.3864,58.22,4.54,53.67,0.3259,3.4249,5.556,20.0,6.3174,47.3572,51.8992,True
9796,MOVING,126443.2,4.93,0.3696,22.39,3.56,18.83,0.3083,4.3483,5.556,20.0,5.2622,13.5715,17.1294,True
9801,MOVING,145816.8,7.14,0.3614,69.83,3.3,66.53,0.2899,4.4781,5.556,20.0,5.0576,61.4722,64.7763,True
9806,MOVING,146255.1,4.34,0.3778,15.25,5.91,9.34,0.3205,4.3719,5.556,20.0,5.3114,4.03,9.943,True
9811,MOVING,84349.2,-4.86,0.3122,95.89,3.38,92.51,0.3193,2.8261,5.556,20.0,7.2356,85.2753,88.6512,True
9816,MOVING,137756.8,-2.94,0.3523,87.92,4.6,83.32,0.3183,3.4105,5.556,20.0,6.2939,77.0266,81.6253,True
9821,MOVING,132228.1,-0.03,0.3814,91.73,3.45,88.28,0.3309,3.9834,5.556,20.0,5.7134,82.5671,86.0198,True
9826,MOVING,146435.1,2.76,0.302,90.97,5.06,85.91,0.3168,3.4759,5.556,20.0,6.2006,79.7067,84.7699,True
9831,MOVING,111455.1,5.23,0.2974,88.05,5.93,82.11,0.2916,3.6696,5.556,20.0,5.8262,76.2871,82.22,True
9836,MOVING,75367.9,-5.43,0.2862,27.99,5.07,22.92,0.3045,2.5152,5.556,20.0,7.8281,15.0954,20.1641,True
9841,MOVING,152597.3,7.85,0.3521,49.56,4.59,44.97,0.3463,4.4548,5.556,20.0,5.3886,39.5845,44.1749,True
9846,MOVING,111223.1,-7.29,0.2997,93.97,4.69,89.28,0.3058,2.462,5.556,20.0,7.9681,81.311,86.0024,True
9851,MOVING,133104.6,-1.72,0.3051,74.11,4.59,69.52,0.3304,3.0674,5.556,20.0,6.8672,62.6502,67.2407,True
9856,MOVING,118046.5,4.74,0.2601,83.67,4.86,78.82,0.2909,3.2572,5.556,20.0,6.355,72.463,77.3188,True
9861,MOVING,151686.7,3.74,0.299,45.85,5.67,40.17,0.3107,3.5416,5.556,20.0,6.0844,34.0894,39.763,True
9866,MOVING,74459.8,3.63,0.3753,17.58,3.1,14.48,0.3297,4.2783,5.556,20.0,5.4393,9.0412,12.1414,True
9871,MOVING,100174.5,3.28,0.3558,24.49,5.31,19.18,0.2912,4.0542,5.556,20.0,5.4249,13.7589,19.0656,True
9876,MOVING,82137.1,-5.24,0.3966,97.34,3.3,94.04,0.2981,3.6163,5.556,20.0,5.9243,88.1166,91.4121,True
9881,MOVING,112693.2,7.14,0.3602,16.97,4.75,12.22,0.3479,4.4663,5.556,20.0,5.3885,6.8274,11.5781,True
9886,MOVING,135615.3,0.48,0.2945,36.56,5.23,31.33,0.3053,3.1796,5.556,20.0,6.5506,24.782,30.0088,True
9891,MOVING,139609.9,-5.52,0.3859,87.92,4.51,83.41,0.2939,3.4834,5.556,20.0,6.064,77.348,81.8571,True
9896,MOVING,83172.1,3.91,0.3661,73.89,3.51,70.37,0.2975,4.2157,5.556,20.0,5.3143,65.0574,68.571,True
9901,MOVING,76114.6,-4.53,0.3368,97.28,5.25,92.03,0.2957,3.1007,5.556,20.0,6.6208,85.408,90.6572,True
9906,MOVING,109820.4,-1.09,0.3127,76.52,4.7,71.83,0.3147,3.2048,5.556,20.0,6.5643,65.2619,69.9588,True
9911,MOVING,104025.5,0.49,0.2924,78.33,4.84,73.49,0.3149,3.1605,5.556,20.0,6.6331,66.8608,71.7005,True
9916,MOVING,159869.8,5.48,0.3016,6.46,3.68,2.78,0.2964,3.7342,3.5849,12.91,2.7834,0.0,3.6754,True
9921,MOVING,99421.7,-2.58,0.3291,63.73,3.74,59.99,0.3214,3.2192,5.556,20.0,6.5802,53.4085,57.1498,True
9926,MOVING,82404.3,1.49,0.2763,13.58,4.57,9.01,0.2868,3.1012,5.556,20.0,6.5703,2.4442,7.0101,True
9931,MOVING,149325.2,-3.69,0.3089,16.89,5.86,11.03,0.3057,2.9099,5.556,20.0,7.0025,4.0267,9.8878,True
9936,MOVING,83937.6,-4.04,0.3101,50.37,4.4,45.97,0.2893,2.8867,5.556,20.0,6.954,39.0135,43.4182,True
9941,MOVING,159880.6,-6.53,0.3753,90.09,5.52,84.57,0.3204,3.0458,5.556,20.0,6.8478,77.724,83.2407,True
9946,MOVING,97195.3,0.59,0.2676,34.91,5.54,29.37,0.2874,2.9267,5.556,20.0,6.8707,22.5011,28.0378,True
9951,MOVING,120887.2,0.35,0.2596,66.62,3.95,62.67,0.3341,2.8258,5.556,20.0,7.3181,55.3517,59.3008,True
9956,MOVING,105976.9,7.94,0.3534,60.68,5.3,55.38,0.3027,4.4758,5.556,20.0,5.1302,50.2455,55.5449,True
9961,MOVING,127809.9,0.35,0.2593,11.48,4.31,7.16,0.2906,2.8224,5.556,20.0,7.0832,0.0798,4.3932,True
9966,MOVING,125739.3,-6.62,0.2576,25.98,5.23,20.75,0.3099,2.1173,5.556,20.0,9.0113,11.7401,16.9726,True
9971,MOVING,80096.5,-2.85,0.3137,87.98,4.94,83.04,0.3078,3.0404,5.556,20.0,6.7867,76.25,81.1926,True
9976,MOVING,91041.4,5.9,0.308,9.87,4.39,5.48,0.3001,3.8369,5.4357,19.57,5.4815,0.0,4.3884,True
9981,MOVING,106382.4,6.24,0.2835,58.22,4.95,53.27,0.28,3.6299,5.556,20.0,5.8078,47.4597,52.4127,True
9986,MOVING,125078.2,6.33,0.3412,78.36,3.56,74.8,0.3146,4.203,5.556,20.0,5.4199,69.3805,72.9374,True
9991,MOVING,115210.1,1.19,0.3201,18.66,5.9,12.75,0.2781,3.5007,5.556,20.0,5.9538,6.7996,12.7023,True
9996,MOVING,152475.5,6.03,0.3928,76.14,5.31,70.83,0.3597,4.4424,5.556,20.0,5.4731,65.3582,70.6682,True
