run_id,mass_kg,friction_mu,civil_grade_pct,visibility_m,tau_s,v_safe_mps,a_dec_mps2,s_stop_m,margin_remaining_m,violation
1,136328.2,0.217,-6.36,63.1,0.461,5.556,1.698,11.65,51.45,False
2,87868.8,0.354,-0.07,14.43,0.561,5.556,3.662,7.33,7.1,False
3,142885.2,0.575,-5.67,58.96,0.43,5.556,3.492,6.81,52.15,False
4,104192.9,0.235,-2.97,56.93,0.441,5.556,2.208,9.44,47.49,False
5,94736.4,0.205,4.22,29.04,0.492,5.556,2.62,8.62,20.42,False
6,126243.8,0.241,1.35,52.36,0.544,5.556,2.691,8.76,43.6,False
7,83674.4,0.363,-3.96,3.23,0.61,0.0,3.364,0.0,3.23,False
8,76011.4,0.301,6.86,42.0,0.592,5.556,3.814,7.34,34.66,False
9,157445.6,0.26,-2.4,98.67,0.477,5.556,2.512,8.79,89.88,False
10,132834.0,0.414,-1.89,87.44,0.396,5.556,4.069,5.99,81.45,False
11,155550.5,0.588,4.66,8.92,0.416,4.246,4.189,3.92,5.0,False
12,86057.3,0.511,1.34,10.83,0.563,5.437,5.343,5.82,5.0,False
13,104060.6,0.644,-7.32,97.46,0.37,5.556,4.768,5.29,92.17,False
14,88943.4,0.293,1.98,48.14,0.486,5.556,3.269,7.42,40.72,False
15,113658.3,0.282,-0.45,31.81,0.377,5.556,2.92,7.38,24.43,False
16,91636.9,0.468,-5.8,50.06,0.396,5.556,4.213,5.86,44.19,False
17,126466.4,0.379,0.72,51.42,0.458,5.556,3.987,6.41,45.01,False
18,103139.9,0.422,-7.65,53.89,0.528,5.556,3.574,7.25,46.63,False
19,86526.3,0.509,-2.91,15.58,0.37,5.556,4.904,5.2,10.38,False
20,106406.7,0.422,6.09,63.31,0.519,5.556,4.928,6.02,57.29,False
21,153247.2,0.413,-3.3,47.11,0.466,5.556,3.463,7.05,40.06,False
22,142169.7,0.217,-5.1,29.21,0.58,5.556,1.824,11.68,17.52,False
23,127422.2,0.219,-4.05,23.56,0.363,5.556,1.944,9.96,13.61,False
24,114448.4,0.629,3.84,22.8,0.413,5.556,5.381,5.16,17.64,False
25,76161.3,0.21,-6.56,84.03,0.379,5.556,1.611,11.68,72.34,False
26,106917.0,0.47,3.65,60.59,0.639,5.556,5.163,6.54,54.05,False
27,102680.0,0.617,1.08,55.36,0.535,5.556,5.662,5.7,49.66,False
28,112181.1,0.353,-7.32,47.75,0.393,5.556,2.934,7.44,40.31,False
29,113337.2,0.614,-6.65,31.32,0.573,5.556,4.4,6.69,24.63,False
30,164004.0,0.566,-1.59,77.84,0.406,5.556,3.395,6.8,71.04,False
31,116009.3,0.222,-4.1,42.58,0.53,5.556,1.969,10.78,31.8,False
32,82069.6,0.434,-5.64,6.22,0.371,1.957,3.893,1.22,5.0,False
33,128045.1,0.576,6.4,56.32,0.369,5.556,5.12,5.06,51.26,False
34,114284.5,0.333,5.42,86.23,0.607,5.556,3.988,7.24,78.99,False
35,92445.4,0.466,1.12,48.8,0.477,5.556,4.884,5.81,42.99,False
36,114829.3,0.512,-1.6,86.5,0.475,5.556,4.831,5.83,80.67,False
37,107699.4,0.235,1.0,15.52,0.451,5.556,2.603,8.44,7.08,False
38,114715.1,0.237,3.5,23.48,0.553,5.556,2.862,8.46,15.02,False
39,87258.8,0.634,0.73,30.95,0.387,5.556,6.491,4.53,26.42,False
40,93807.9,0.531,5.2,39.31,0.58,5.556,5.907,5.84,33.48,False
41,141759.2,0.291,6.34,82.72,0.64,5.556,3.663,7.77,74.96,False
42,80028.3,0.213,-1.38,83.95,0.486,5.556,2.15,9.88,74.07,False
43,77358.9,0.532,2.66,77.14,0.413,5.556,5.681,5.01,72.13,False
44,123052.9,0.462,5.67,74.76,0.433,5.556,5.223,5.36,69.4,False
45,102852.5,0.393,2.45,28.8,0.475,5.556,4.294,6.23,22.57,False
46,100631.9,0.326,-3.12,56.11,0.375,5.556,3.085,7.09,49.03,False
47,115317.0,0.48,-6.04,39.9,0.552,5.556,4.303,6.65,33.25,False
48,158732.7,0.523,0.16,18.95,0.355,5.556,3.678,6.17,12.78,False
49,126374.7,0.371,7.02,95.34,0.551,5.556,4.512,6.48,88.85,False
50,74721.2,0.508,-3.11,36.74,0.451,5.556,4.875,5.67,31.07,False
51,106018.3,0.484,-6.43,79.95,0.565,5.556,4.305,6.72,73.23,False
52,149979.4,0.637,-2.53,75.0,0.581,5.556,3.617,7.5,67.5,False
53,137097.0,0.434,-6.83,68.29,0.456,5.556,3.541,6.89,61.4,False
54,117810.5,0.529,0.56,55.08,0.631,5.556,4.922,6.64,48.44,False
55,108386.3,0.257,0.19,44.57,0.445,5.556,2.737,8.11,36.46,False
56,112518.8,0.267,3.62,9.86,0.527,4.124,3.171,4.85,5.0,False
57,130040.5,0.566,4.83,78.15,0.472,5.556,4.9,5.77,72.37,False
58,81799.8,0.218,5.78,42.24,0.509,5.556,2.901,8.15,34.09,False
59,91032.0,0.285,-7.77,96.82,0.532,5.556,2.223,9.89,86.93,False
60,117742.1,0.565,-7.99,40.86,0.574,5.556,4.087,6.96,33.89,False
61,150294.2,0.396,6.37,63.76,0.42,5.556,4.481,5.78,57.98,False
62,162864.0,0.578,3.94,81.53,0.555,5.556,3.961,6.98,74.56,False
63,160956.0,0.406,-2.79,70.37,0.627,5.556,3.341,8.1,62.27,False
64,143355.6,0.61,-7.93,97.85,0.362,5.556,3.258,6.75,91.1,False
65,74879.3,0.392,-4.12,61.6,0.632,5.556,3.642,7.75,53.85,False
66,132695.4,0.289,6.19,4.99,0.414,0.0,3.636,0.0,4.99,False
67,137713.4,0.336,-7.67,9.71,0.549,3.789,2.732,4.71,5.0,False
68,138225.1,0.556,-2.22,60.92,0.621,5.556,3.959,7.35,53.57,False
69,76618.8,0.319,-3.61,61.3,0.526,5.556,2.977,8.11,53.19,False
70,125164.0,0.479,-5.06,75.56,0.562,5.556,4.096,6.89,68.67,False
71,83564.7,0.591,-0.46,23.6,0.447,5.556,5.954,5.08,18.52,False
72,94849.6,0.572,-5.5,56.98,0.509,5.556,5.266,5.76,51.22,False
73,98969.8,0.319,-0.38,7.66,0.442,2.976,3.289,2.66,5.0,False
74,79118.2,0.415,6.23,82.25,0.471,5.556,4.87,5.79,76.46,False
75,118363.9,0.208,3.12,27.67,0.432,5.556,2.544,8.47,19.2,False
76,136278.3,0.611,6.86,58.01,0.4,5.556,4.905,5.37,52.64,False
77,143774.6,0.545,-5.52,57.93,0.478,5.556,3.482,7.09,50.84,False
78,137275.8,0.263,6.94,14.17,0.446,5.556,3.45,6.95,7.22,False
79,95414.6,0.327,1.45,9.6,0.541,4.107,3.548,4.6,5.0,False
80,79812.7,0.506,3.66,28.13,0.618,5.556,5.515,6.23,21.89,False
81,77801.3,0.357,-3.07,52.06,0.566,5.556,3.403,7.68,44.38,False
82,106345.4,0.391,-6.72,97.37,0.628,5.556,3.368,8.07,89.3,False
83,159057.6,0.624,-2.59,28.5,0.465,5.556,3.401,7.12,21.38,False
84,104721.3,0.643,-3.22,37.41,0.618,5.556,5.135,6.44,30.97,False
85,159316.8,0.287,-5.69,77.79,0.489,5.556,2.448,9.02,68.77,False
86,139002.7,0.637,-0.14,81.13,0.449,5.556,4.141,6.22,74.91,False
87,97660.2,0.342,3.92,53.64,0.512,5.556,3.936,6.77,46.87,False
88,117927.7,0.275,-6.27,56.3,0.353,5.556,2.281,8.73,47.57,False
89,97444.3,0.273,-0.15,82.58,0.634,5.556,2.861,8.92,73.66,False
90,90325.0,0.568,1.27,76.79,0.49,5.556,5.9,5.34,71.45,False
91,99512.8,0.648,-0.88,64.06,0.413,5.556,5.64,5.03,59.03,False
92,89645.1,0.448,7.22,80.31,0.633,5.556,5.292,6.43,73.88,False
93,151777.7,0.629,-2.15,42.64,0.593,5.556,3.61,7.57,35.07,False
94,147931.2,0.244,-6.62,31.1,0.49,5.556,1.941,10.67,20.42,False
95,118155.3,0.613,-1.72,81.83,0.648,5.556,4.685,6.89,74.94,False
96,133641.5,0.431,-6.48,25.97,0.563,5.556,3.679,7.32,18.64,False
97,147228.5,0.267,3.58,92.13,0.394,5.556,3.162,7.07,85.06,False
98,160315.7,0.255,2.37,6.75,0.546,1.982,2.932,1.75,5.0,False
99,143680.2,0.472,4.84,8.09,0.465,3.58,4.499,3.09,5.0,False
100,91450.4,0.515,4.78,41.2,0.624,5.556,5.712,6.17,35.04,False
101,89426.3,0.499,4.24,40.95,0.505,5.556,5.508,5.61,35.34,False
102,123586.2,0.34,-4.42,80.22,0.457,5.556,3.101,7.51,72.7,False
103,131937.7,0.499,-4.76,82.77,0.581,5.556,3.9,7.19,75.58,False
104,104758.0,0.61,7.28,74.56,0.611,5.556,6.16,5.9,68.67,False
105,121096.8,0.247,3.17,16.9,0.583,5.556,2.928,8.51,8.39,False
106,141391.7,0.225,-5.23,77.49,0.514,5.556,1.891,11.02,66.47,False
107,161567.0,0.603,-2.79,35.75,0.48,5.556,3.328,7.3,28.45,False
108,151092.4,0.299,-4.13,93.91,0.555,5.556,2.727,8.74,85.17,False
109,121429.0,0.394,1.27,3.12,0.417,0.0,4.184,0.0,3.12,False
110,88523.4,0.528,-7.23,21.91,0.412,5.556,4.659,5.6,16.31,False
111,108684.0,0.489,7.71,54.39,0.616,5.556,5.731,6.11,48.27,False
112,79481.4,0.648,-2.63,11.38,0.462,5.556,6.301,5.02,6.36,False
113,150087.5,0.21,-1.74,47.47,0.431,5.556,2.085,9.8,37.67,False
114,155940.3,0.205,2.62,24.94,0.488,5.556,2.467,8.97,15.98,False
115,93466.5,0.445,5.43,57.76,0.645,5.556,5.094,6.61,51.15,False
116,160860.2,0.237,-4.14,92.23,0.472,5.556,2.111,9.93,82.29,False
117,117385.8,0.44,6.64,55.14,0.585,5.556,5.152,6.24,48.89,False
118,138834.6,0.501,-7.05,43.04,0.568,5.556,3.469,7.6,35.44,False
119,150171.4,0.256,3.05,84.08,0.554,5.556,3.007,8.21,75.87,False
120,123040.1,0.424,0.37,33.83,0.399,5.556,4.397,5.73,28.1,False
121,80465.3,0.471,3.35,24.91,0.507,5.556,5.142,5.82,19.09,False
122,98771.8,0.329,7.69,18.4,0.398,5.556,4.169,5.91,12.49,False
123,86637.8,0.449,-5.95,70.74,0.442,5.556,4.011,6.3,64.44,False
124,88745.0,0.349,-3.38,38.31,0.612,5.556,3.289,8.09,30.22,False
125,133486.9,0.628,-7.43,80.21,0.437,5.556,3.591,6.72,73.49,False
126,117448.3,0.464,-6.6,71.59,0.423,5.556,4.093,6.12,65.47,False
127,142024.4,0.229,5.3,57.61,0.415,5.556,2.959,7.52,50.09,False
128,155642.0,0.577,1.85,95.13,0.638,5.556,3.913,7.49,87.64,False
129,98270.2,0.296,-1.82,81.06,0.451,5.556,2.922,7.79,73.27,False
130,144715.4,0.426,-5.04,26.83,0.413,5.556,3.504,6.7,20.13,False
131,79183.0,0.491,5.06,12.58,0.491,5.556,5.505,5.53,7.05,False
132,87645.6,0.533,5.35,9.72,0.51,5.052,5.945,4.72,5.0,False
133,82650.8,0.285,7.28,5.33,0.615,0.492,3.695,0.33,5.0,False
134,150800.7,0.368,3.03,59.13,0.478,5.556,4.099,6.42,52.71,False
135,110243.0,0.437,-1.77,17.66,0.508,5.556,4.315,6.4,11.26,False
136,124496.8,0.325,7.38,87.76,0.551,5.556,4.098,6.83,80.94,False
137,140729.1,0.303,-6.43,83.06,0.528,5.556,2.532,9.03,74.03,False
138,88697.7,0.602,3.64,73.77,0.445,5.556,6.46,4.86,68.91,False
139,136412.5,0.207,-6.7,55.9,0.472,5.556,1.572,12.44,43.47,False
140,151188.0,0.624,-2.99,12.89,0.541,5.556,3.542,7.36,5.53,False
141,134472.3,0.284,6.08,72.9,0.525,5.556,3.578,7.23,65.67,False
142,114047.2,0.264,-1.63,57.19,0.577,5.556,2.627,9.08,48.11,False
143,101864.6,0.478,1.16,51.6,0.381,5.556,5.005,5.2,46.4,False
144,103647.6,0.295,-6.94,80.21,0.351,5.556,2.411,8.35,71.85,False
145,160927.1,0.383,-2.74,39.22,0.536,5.556,3.347,7.59,31.63,False
146,127466.7,0.242,5.22,35.03,0.618,5.556,3.079,8.45,26.58,False
147,90382.2,0.598,1.1,44.8,0.358,5.556,6.17,4.49,40.32,False
148,115202.3,0.581,-2.14,53.85,0.593,5.556,4.763,6.53,47.31,False
149,128330.0,0.326,-6.63,19.82,0.541,5.556,2.735,8.65,11.18,False
150,130180.6,0.441,1.05,63.26,0.553,5.556,4.526,6.48,56.77,False
151,139866.5,0.25,4.28,70.91,0.641,5.556,3.065,8.59,62.32,False
152,142154.1,0.286,2.72,46.32,0.398,5.556,3.27,6.93,39.39,False
153,118054.9,0.357,-6.02,79.69,0.439,5.556,3.102,7.42,72.28,False
154,79013.0,0.55,-3.24,92.89,0.611,5.556,5.274,6.32,86.57,False
155,140658.7,0.305,0.26,7.44,0.544,2.578,3.219,2.44,5.0,False
156,108236.4,0.319,-1.92,67.88,0.517,5.556,3.138,7.79,60.09,False
157,110459.8,0.389,-7.07,63.31,0.434,5.556,3.314,7.07,56.24,False
158,74966.8,0.45,1.07,65.51,0.614,5.556,4.718,6.68,58.83,False
159,164021.7,0.249,-4.48,48.59,0.568,5.556,2.201,10.16,38.42,False
160,126198.9,0.475,-6.46,15.7,0.527,5.556,3.924,6.86,8.84,False
161,123296.1,0.526,6.96,73.88,0.491,5.556,5.34,5.62,68.27,False
162,112189.1,0.502,5.27,80.35,0.458,5.556,5.617,5.29,75.06,False
163,115157.3,0.555,-6.21,92.93,0.463,5.556,4.366,6.11,86.82,False
164,118441.0,0.619,-4.24,69.2,0.614,5.556,4.426,6.9,62.3,False
165,80332.6,0.536,3.48,95.23,0.628,5.556,5.793,6.15,89.08,False
166,154951.5,0.421,-4.93,6.45,0.627,1.65,3.263,1.45,5.0,False
167,144916.3,0.253,7.95,57.78,0.476,5.556,3.451,7.12,50.66,False
168,108301.1,0.39,-0.5,22.19,0.639,5.556,3.975,7.43,14.76,False
169,120441.6,0.569,-4.17,9.96,0.546,4.613,4.355,4.96,5.0,False
170,111276.6,0.205,-6.06,39.24,0.608,5.556,1.613,12.94,26.29,False
171,130882.0,0.329,-4.39,44.18,0.632,5.556,2.992,8.67,35.51,False
172,95961.6,0.595,5.47,41.1,0.457,5.556,6.466,4.93,36.17,False
173,118675.0,0.508,3.1,72.78,0.488,5.556,5.137,5.72,67.06,False
174,78954.3,0.487,3.79,43.28,0.44,5.556,5.341,5.33,37.95,False
175,115014.7,0.374,-1.68,83.02,0.551,5.556,3.699,7.23,75.79,False
176,84369.4,0.308,7.71,34.06,0.407,5.556,3.962,6.16,27.91,False
177,148320.4,0.607,2.86,29.28,0.359,5.556,4.186,5.68,23.59,False
178,76442.8,0.205,-0.37,28.1,0.607,5.556,2.171,10.48,17.62,False
179,130548.0,0.432,2.28,99.55,0.519,5.556,4.634,6.21,93.34,False
180,83019.7,0.561,5.66,9.36,0.526,4.793,6.248,4.36,5.0,False
181,108899.9,0.444,6.11,9.7,0.388,5.236,5.147,4.69,5.0,False
182,154759.1,0.572,2.92,34.71,0.63,5.556,4.038,7.32,27.38,False
183,144208.0,0.291,6.56,44.02,0.47,5.556,3.685,6.8,37.22,False
184,108890.7,0.533,1.47,43.53,0.358,5.556,5.394,4.85,38.68,False
185,90289.6,0.567,-7.09,92.06,0.626,5.556,5.05,6.53,85.52,False
186,141402.7,0.577,0.13,62.74,0.604,5.556,4.1,7.12,55.62,False
187,132014.9,0.627,-3.39,43.51,0.565,5.556,4.031,6.97,36.54,False
188,97696.3,0.312,2.63,95.37,0.448,5.556,3.514,6.88,88.48,False
189,100710.6,0.369,-7.41,66.07,0.426,5.556,3.086,7.37,58.7,False
190,160211.3,0.451,4.41,59.38,0.384,5.556,4.063,5.93,53.45,False
191,144495.7,0.46,2.31,78.2,0.456,5.556,4.231,6.18,72.02,False
192,80925.3,0.527,-2.98,52.53,0.486,5.556,5.073,5.74,46.79,False
193,129622.0,0.437,-1.39,63.8,0.448,5.556,4.305,6.07,57.73,False
194,117719.9,0.553,-5.38,8.89,0.541,3.919,4.342,3.89,5.0,False
195,114658.0,0.259,-1.81,51.81,0.358,5.556,2.556,8.03,43.78,False
196,124445.6,0.5,7.12,93.63,0.535,5.556,5.314,5.88,87.76,False
197,107285.6,0.602,6.43,50.69,0.6,5.556,5.955,5.93,44.76,False
198,153846.1,0.201,-1.23,21.2,0.596,5.556,2.052,10.83,10.37,False
199,133519.9,0.379,2.29,23.12,0.504,5.556,4.138,6.53,16.59,False
200,124589.3,0.605,3.87,55.29,0.367,5.556,4.992,5.13,50.16,False
201,138360.4,0.62,7.3,22.59,0.396,5.556,4.887,5.36,17.23,False
202,155711.1,0.603,-1.56,16.56,0.522,5.556,3.577,7.21,9.34,False
203,78727.1,0.218,6.08,98.96,0.491,5.556,2.925,8.0,90.96,False
204,130985.7,0.537,2.26,89.42,0.423,5.556,4.619,5.69,83.73,False
205,97142.1,0.281,-1.25,10.41,0.452,4.403,2.835,5.41,5.0,False
206,133281.1,0.346,-6.72,80.26,0.471,5.556,2.924,7.9,72.37,False
207,128426.8,0.518,6.11,22.0,0.365,5.556,5.078,5.07,16.93,False
208,134168.3,0.274,6.4,20.66,0.525,5.556,3.505,7.32,13.34,False
209,121155.3,0.521,-7.09,76.77,0.416,5.556,4.043,6.13,70.65,False
210,82353.2,0.567,-2.57,48.84,0.549,5.556,5.51,5.85,42.99,False
211,106541.4,0.486,1.26,14.17,0.396,5.556,5.089,5.23,8.94,False
212,134527.9,0.243,7.44,16.12,0.483,5.556,3.301,7.36,8.76,False
213,126568.8,0.31,-3.12,78.37,0.58,5.556,2.936,8.48,69.89,False
214,111639.6,0.382,3.36,72.2,0.59,5.556,4.272,6.89,65.31,False
215,124418.0,0.245,3.54,22.21,0.447,5.556,2.952,7.71,14.5,False
216,82578.6,0.516,6.11,60.9,0.628,5.556,5.853,6.13,54.78,False
217,74526.7,0.62,1.73,61.93,0.378,5.556,6.45,4.49,57.44,False
218,103532.2,0.524,-2.09,87.3,0.511,5.556,5.132,5.85,81.45,False
219,136185.0,0.527,3.75,36.65,0.617,5.556,4.605,6.78,29.87,False
220,103225.0,0.433,6.25,93.36,0.375,5.556,5.047,5.14,88.22,False
221,114606.8,0.225,-6.99,14.99,0.607,4.897,1.711,9.98,5.01,False
222,112123.7,0.222,6.48,14.37,0.526,5.556,3.008,8.05,6.31,False
223,111646.7,0.617,-3.03,47.16,0.479,5.556,4.827,5.86,41.3,False
224,113375.0,0.283,-5.2,60.75,0.611,5.556,2.464,9.66,51.09,False
225,117167.2,0.553,-4.14,50.79,0.534,5.556,4.487,6.41,44.39,False
226,99043.1,0.405,-4.31,81.94,0.394,5.556,3.746,6.31,75.64,False
227,114423.2,0.338,-2.53,97.56,0.635,5.556,3.268,8.25,89.31,False
228,164589.6,0.595,-7.14,26.52,0.568,5.556,2.84,8.59,17.93,False
229,120246.0,0.41,-7.81,7.79,0.562,2.856,3.446,2.79,5.0,False
230,80868.0,0.455,-2.07,41.63,0.356,5.556,4.464,5.43,36.19,False
231,126733.2,0.215,6.27,56.08,0.617,5.556,2.919,8.72,47.36,False
232,96703.8,0.648,-1.55,20.5,0.616,5.556,5.735,6.11,14.39,False
233,119054.7,0.23,-0.49,85.45,0.431,5.556,2.407,8.81,76.64,False
234,143811.7,0.624,-3.34,11.03,0.351,5.503,3.695,6.03,5.0,False
235,121552.4,0.353,-6.55,66.9,0.466,5.556,3.009,7.72,59.18,False
236,90892.1,0.203,-6.41,83.4,0.481,5.556,1.56,12.56,70.83,False
237,159746.8,0.585,5.23,85.94,0.593,5.556,4.153,7.01,78.93,False
238,131853.9,0.209,-1.76,38.19,0.537,5.556,2.08,10.4,27.78,False
239,86025.6,0.611,-2.23,30.6,0.6,5.556,5.971,5.92,24.68,False
240,106433.2,0.504,-5.96,4.29,0.42,0.0,4.549,0.0,4.29,False
241,86373.2,0.224,-0.1,52.84,0.605,5.556,2.391,9.81,43.03,False
242,131141.2,0.273,-2.99,45.12,0.516,5.556,2.585,8.84,36.29,False
243,102307.0,0.329,-7.74,82.95,0.447,5.556,2.661,8.28,74.67,False
244,110255.4,0.251,1.51,66.29,0.538,5.556,2.805,8.49,57.8,False
245,107840.7,0.633,4.84,92.61,0.417,5.556,5.772,4.99,87.62,False
246,125079.8,0.328,-5.33,82.61,0.558,5.556,2.885,8.45,74.16,False
247,114229.3,0.387,7.06,17.99,0.6,5.556,4.679,6.63,11.36,False
248,108279.0,0.238,-7.9,84.85,0.544,5.556,1.751,11.83,73.02,False
249,94988.1,0.408,6.76,40.71,0.478,5.556,4.85,5.84,34.88,False
250,125088.8,0.571,-6.99,55.49,0.494,5.556,3.911,6.69,48.8,False
251,113863.9,0.451,4.23,42.14,0.439,5.556,5.037,5.5,36.64,False
252,86054.5,0.648,6.65,67.95,0.556,5.556,7.193,5.23,62.71,False
253,127742.0,0.284,0.42,3.69,0.489,0.0,3.027,0.0,3.69,False
254,137053.7,0.46,4.37,29.54,0.373,5.556,4.639,5.4,24.14,False
255,111239.9,0.363,2.45,41.51,0.559,5.556,3.997,6.96,34.55,False
256,141682.8,0.468,-0.24,73.18,0.418,5.556,4.056,6.13,67.05,False
257,139003.9,0.356,0.87,50.29,0.447,5.556,3.775,6.57,43.72,False
258,142116.1,0.413,0.97,92.09,0.531,5.556,4.164,6.66,85.43,False
259,129154.1,0.419,7.76,71.19,0.578,5.556,5.058,6.26,64.93,False
260,85491.1,0.605,-1.29,17.36,0.529,5.556,6.005,5.51,11.85,False
261,82452.8,0.624,4.15,27.01,0.577,5.556,6.719,5.5,21.51,False
262,79077.1,0.285,-3.14,31.43,0.432,5.556,2.681,8.15,23.27,False
263,161805.7,0.201,-2.17,78.09,0.393,5.556,1.956,10.08,68.02,False
264,161769.1,0.509,4.76,32.59,0.51,5.556,4.064,6.63,25.96,False
265,92398.6,0.641,-5.64,64.39,0.593,5.556,5.599,6.05,58.34,False
266,111577.6,0.33,3.12,69.65,0.517,5.556,3.741,7.0,62.65,False
267,104899.4,0.435,0.0,43.2,0.362,5.556,4.464,5.47,37.73,False
268,136157.0,0.579,-6.2,12.14,0.606,5.327,3.63,7.14,5.0,False
269,129547.1,0.556,3.14,41.41,0.506,5.556,4.752,6.06,35.35,False
270,135492.0,0.372,7.3,89.3,0.558,5.556,4.547,6.49,82.8,False
271,116578.6,0.376,2.11,64.5,0.521,5.556,4.09,6.67,57.84,False
272,127902.3,0.436,-7.24,72.07,0.507,5.556,3.753,6.93,65.14,False
273,129789.9,0.553,-3.22,79.53,0.574,5.556,4.12,6.93,72.6,False
274,88077.1,0.419,4.61,96.6,0.468,5.556,4.755,5.84,90.76,False
275,117504.1,0.391,3.56,71.07,0.52,5.556,4.381,6.41,64.66,False
276,89594.3,0.43,3.94,79.77,0.515,5.556,4.797,6.08,73.69,False
277,98622.5,0.429,-0.06,92.33,0.505,5.556,4.399,6.31,86.02,False
278,159979.3,0.311,7.74,68.21,0.446,5.556,3.994,6.34,61.87,False
279,80632.7,0.32,4.83,79.12,0.607,5.556,3.805,7.42,71.7,False
280,161651.2,0.625,4.66,10.18,0.359,5.187,4.057,5.18,5.0,False
281,76474.8,0.453,4.03,76.3,0.444,5.556,5.035,5.53,70.77,False
282,115473.1,0.297,6.97,17.58,0.604,5.556,3.787,7.43,10.15,False
283,138224.5,0.474,3.35,5.42,0.524,0.7,4.503,0.42,5.0,False
284,136943.5,0.473,1.02,43.28,0.408,5.556,4.315,5.85,37.43,False
285,98013.9,0.443,-3.08,12.83,0.545,5.556,4.242,6.66,6.16,False
286,86693.2,0.591,-1.3,10.08,0.534,5.197,5.866,5.07,5.0,False
287,89377.6,0.296,-3.53,79.81,0.425,5.556,2.758,7.96,71.86,False
288,153072.9,0.206,-5.42,33.84,0.544,5.556,1.687,12.17,21.67,False
289,130043.3,0.303,-7.65,94.73,0.607,5.556,2.411,9.77,84.96,False
290,125941.0,0.344,5.05,91.35,0.606,5.556,4.065,7.16,84.18,False
291,143697.0,0.338,-5.64,28.62,0.563,5.556,2.96,8.34,20.28,False
292,89728.1,0.594,-2.04,45.2,0.451,5.556,5.823,5.16,40.05,False
293,122939.4,0.545,-1.07,88.5,0.632,5.556,4.567,6.89,81.62,False
294,129304.1,0.505,-3.5,77.02,0.629,5.556,4.108,7.25,69.77,False
295,83444.1,0.476,-0.41,90.24,0.453,5.556,4.826,5.71,84.52,False
296,77700.3,0.261,6.63,45.59,0.644,5.556,3.399,8.12,37.47,False
297,160112.6,0.462,-7.63,49.39,0.594,5.556,2.886,8.65,40.75,False
298,80695.4,0.328,-1.94,33.07,0.506,5.556,3.222,7.6,25.47,False
299,143651.1,0.31,6.0,42.72,0.491,5.556,3.821,6.76,35.95,False
300,120853.5,0.648,5.23,13.82,0.65,5.556,5.261,6.54,7.28,False
301,139106.1,0.245,4.78,87.84,0.56,5.556,3.065,8.15,79.69,False
302,95624.2,0.434,5.61,11.97,0.373,5.556,5.0,5.16,6.81,False
303,121360.8,0.567,2.03,30.33,0.521,5.556,4.929,6.03,24.3,False
304,78087.0,0.201,-4.32,3.53,0.402,0.0,1.738,0.0,3.53,False
305,106641.3,0.352,-5.78,20.55,0.478,5.556,3.075,7.67,12.88,False
306,127131.7,0.422,-7.99,69.3,0.396,5.556,3.543,6.56,62.74,False
307,131471.3,0.389,-5.45,64.81,0.606,5.556,3.472,7.81,56.99,False
308,74970.0,0.441,5.7,65.78,0.574,5.556,5.072,6.23,59.54,False
309,91807.0,0.474,-4.52,45.18,0.436,5.556,4.399,5.93,39.25,False
310,128351.9,0.249,3.08,46.4,0.423,5.556,2.945,7.59,38.82,False
311,142506.7,0.501,5.5,58.86,0.43,5.556,4.596,5.75,53.12,False
312,95620.5,0.6,-5.6,31.64,0.527,5.556,5.402,5.78,25.85,False
313,90735.4,0.566,6.93,46.14,0.411,5.556,6.413,4.69,41.46,False
314,114058.2,0.294,5.21,14.9,0.405,5.556,3.585,6.55,8.35,False
315,163883.5,0.251,1.69,78.24,0.497,5.556,2.825,8.23,70.02,False
316,140250.3,0.64,-5.45,71.66,0.36,5.556,3.586,6.31,65.36,False
317,77593.7,0.25,-7.4,15.97,0.37,5.556,1.924,10.08,5.89,False
318,117248.4,0.333,-0.63,38.44,0.473,5.556,3.408,7.15,31.29,False
319,111914.1,0.491,-4.41,16.63,0.599,5.556,4.576,6.7,9.93,False
320,133419.2,0.223,-6.19,76.96,0.436,5.556,1.77,11.14,65.82,False
321,139473.9,0.455,6.44,18.34,0.562,5.556,4.772,6.35,11.98,False
322,89565.4,0.498,-6.07,73.61,0.477,5.556,4.48,6.1,67.52,False
323,105758.9,0.433,7.63,30.32,0.635,5.556,5.175,6.51,23.81,False
324,116521.1,0.543,6.64,46.71,0.396,5.556,5.569,4.97,41.74,False
325,103677.2,0.272,-0.36,48.54,0.525,5.556,2.829,8.37,40.17,False
326,117463.8,0.436,-6.89,31.3,0.577,5.556,3.788,7.28,24.02,False
327,114152.7,0.487,0.98,68.5,0.448,5.556,5.071,5.53,62.97,False
328,91007.1,0.562,-3.62,32.52,0.613,5.556,5.349,6.29,26.23,False
329,135496.1,0.436,-2.3,12.61,0.39,5.556,4.031,6.0,6.62,False
330,145838.6,0.46,5.57,30.62,0.492,5.556,4.515,6.15,24.47,False
331,135552.0,0.255,-2.9,71.72,0.459,5.556,2.413,8.94,62.78,False
332,90285.0,0.343,-4.69,53.07,0.574,5.556,3.096,8.17,44.9,False
333,112751.0,0.356,4.58,53.31,0.453,5.556,4.131,6.25,47.06,False
334,160430.6,0.26,-6.56,34.46,0.539,5.556,2.104,10.33,24.13,False
335,128650.4,0.248,7.22,25.48,0.575,5.556,3.334,7.82,17.65,False
336,161770.4,0.4,2.06,8.42,0.619,3.262,3.799,3.42,5.0,False
337,134107.4,0.544,2.93,72.7,0.582,5.556,4.587,6.6,66.1,False
338,78994.5,0.316,-0.8,61.22,0.375,5.556,3.222,6.87,54.35,False
339,154415.4,0.526,5.68,69.76,0.445,5.556,4.316,6.05,63.71,False
340,125207.3,0.6,-5.76,63.94,0.433,5.556,4.027,6.24,57.71,False
341,141435.9,0.442,0.04,37.05,0.372,5.556,4.091,5.84,31.21,False
342,138691.6,0.455,6.98,47.58,0.392,5.556,4.847,5.36,42.22,False
343,103588.1,0.267,-5.09,55.39,0.579,5.556,2.317,9.88,45.51,False
344,82530.1,0.523,-7.54,80.47,0.616,5.556,4.574,6.8,73.67,False
345,135704.7,0.452,6.82,80.31,0.453,5.556,4.918,5.65,74.66,False
346,163543.6,0.468,-3.9,7.53,0.637,2.466,3.177,2.53,5.0,False
347,156391.5,0.527,4.76,11.66,0.408,5.556,4.181,5.96,5.71,False
348,133961.6,0.623,-2.95,4.26,0.565,0.0,4.013,0.0,4.26,False
349,145307.4,0.25,-0.24,77.51,0.38,5.556,2.628,7.98,69.52,False
350,122427.7,0.345,0.59,35.38,0.436,5.556,3.643,6.66,28.72,False
351,151560.0,0.24,-1.55,11.46,0.448,4.599,2.404,6.46,5.0,False
352,134852.5,0.592,5.18,52.78,0.582,5.556,4.784,6.46,46.32,False
353,122258.9,0.303,-4.52,4.96,0.381,0.0,2.726,0.0,4.96,False
354,86270.0,0.206,1.19,87.86,0.645,5.556,2.334,10.2,77.67,False
355,95035.1,0.361,-5.87,59.38,0.58,5.556,3.157,8.11,51.27,False
356,92008.9,0.22,-2.34,29.37,0.48,5.556,2.125,9.93,19.44,False
357,101350.2,0.64,-0.91,82.45,0.619,5.556,5.536,6.23,76.22,False
358,105562.7,0.304,-5.47,62.6,0.364,5.556,2.64,7.86,54.74,False
359,90973.0,0.556,-2.34,50.07,0.395,5.556,5.421,5.04,45.03,False
360,128046.6,0.476,-2.33,84.91,0.533,5.556,4.265,6.58,78.33,False
361,88951.8,0.581,-0.75,85.03,0.63,5.556,5.82,6.15,78.88,False
362,84562.1,0.385,5.6,34.71,0.469,5.556,4.519,6.02,28.69,False
363,136391.6,0.355,-7.73,75.16,0.496,5.556,2.911,8.06,67.1,False
364,147020.7,0.56,1.48,52.39,0.594,5.556,4.084,7.08,45.31,False
365,137027.5,0.474,-4.08,45.88,0.619,5.556,3.812,7.49,38.39,False
366,79648.0,0.336,-5.09,21.4,0.527,5.556,2.989,8.09,13.31,False
367,136949.8,0.442,-4.4,70.38,0.575,5.556,3.782,7.27,63.11,False
368,143086.8,0.591,-6.66,93.09,0.45,5.556,3.39,7.05,86.04,False
369,154426.3,0.415,3.23,31.37,0.5,5.556,4.076,6.56,24.81,False
370,85727.8,0.302,2.95,87.63,0.533,5.556,3.449,7.44,80.19,False
371,108863.8,0.635,4.59,99.61,0.476,5.556,5.7,5.35,94.25,False
372,159885.1,0.308,-7.21,42.16,0.409,5.556,2.509,8.42,33.74,False
373,102568.0,0.285,-2.73,67.07,0.648,5.556,2.729,9.25,57.82,False
374,145400.7,0.488,-4.79,94.02,0.464,5.556,3.511,6.97,87.04,False
375,126831.0,0.448,4.48,48.63,0.585,5.556,4.974,6.35,42.28,False
376,122615.2,0.262,-2.84,56.77,0.391,5.556,2.485,8.38,48.39,False
377,117643.1,0.544,-5.12,20.85,0.413,5.556,4.372,5.82,15.03,False
378,129081.7,0.225,-1.29,33.01,0.478,5.556,2.276,9.44,23.58,False
379,110352.7,0.379,0.4,81.6,0.412,5.556,3.961,6.19,75.42,False
380,88579.6,0.639,5.53,4.49,0.386,0.0,6.947,0.0,4.49,False
381,120173.7,0.391,0.15,18.86,0.502,5.556,4.047,6.6,12.26,False
382,160886.3,0.642,-7.92,69.87,0.413,5.556,2.841,7.73,62.14,False
383,133609.2,0.357,-4.31,37.84,0.63,5.556,3.271,8.22,29.63,False
384,85503.2,0.609,5.87,58.75,0.64,5.556,6.743,5.85,52.91,False
385,145627.9,0.209,1.44,9.9,0.455,3.873,2.389,4.9,5.0,False
386,145460.7,0.536,0.25,86.6,0.386,5.556,4.003,6.0,80.6,False
387,89554.2,0.317,1.54,46.61,0.497,5.556,3.456,7.22,39.39,False
388,156111.0,0.603,-5.61,49.52,0.586,5.556,3.172,8.12,41.4,False
389,86424.5,0.542,-3.53,75.01,0.391,5.556,5.168,5.16,69.85,False
390,87100.5,0.314,-5.89,52.36,0.397,5.556,2.693,7.94,44.42,False
391,154277.4,0.288,-4.33,68.03,0.548,5.556,2.594,9.0,59.03,False
392,156268.0,0.511,3.4,89.33,0.56,5.556,4.051,6.92,82.41,False
393,130988.9,0.521,0.35,81.94,0.519,5.556,4.431,6.36,75.58,False
394,148177.8,0.584,-1.46,82.26,0.52,5.556,3.767,6.99,75.28,False
395,105474.6,0.279,4.92,92.97,0.36,5.556,3.418,6.52,86.45,False
396,116616.6,0.428,-5.56,84.71,0.37,5.556,3.849,6.06,78.64,False
397,149034.9,0.617,-7.84,40.69,0.359,5.556,3.121,6.94,33.75,False
398,126630.7,0.371,4.6,58.15,0.454,5.556,4.281,6.13,52.02,False
399,79595.7,0.371,-1.98,55.33,0.616,5.556,3.644,7.66,47.68,False
400,131725.5,0.316,6.36,85.17,0.59,5.556,3.914,7.22,77.94,False
401,110907.2,0.571,3.09,13.82,0.413,5.556,5.46,5.12,8.7,False
402,106592.8,0.247,0.83,97.22,0.355,5.556,2.699,7.69,89.53,False
403,114124.7,0.624,1.66,67.72,0.611,5.556,5.181,6.38,61.35,False
404,131739.0,0.624,1.45,19.02,0.388,5.556,4.516,5.57,13.45,False
405,89062.1,0.58,-6.12,6.55,0.374,2.53,5.273,1.55,5.0,False
406,80082.2,0.407,-6.51,28.66,0.472,5.556,3.548,6.97,21.69,False
407,156792.7,0.595,0.48,93.74,0.453,5.556,3.753,6.63,87.11,False
408,164119.9,0.609,2.73,8.87,0.558,3.709,3.815,3.87,5.0,False
409,90944.1,0.332,2.49,24.33,0.45,5.556,3.696,6.67,17.65,False
410,83602.7,0.479,-3.79,90.84,0.56,5.556,4.523,6.52,84.32,False
411,138844.7,0.481,0.78,13.99,0.451,5.556,4.236,6.15,7.85,False
412,136850.8,0.365,-3.22,70.41,0.55,5.556,3.457,7.52,62.89,False
413,100598.7,0.446,4.64,45.44,0.469,5.556,5.027,5.67,39.77,False
414,115036.8,0.476,-4.0,69.05,0.489,5.556,4.473,6.17,62.88,False
415,94913.5,0.46,-7.64,33.51,0.52,5.556,3.951,6.8,26.71,False
416,86446.9,0.335,-1.69,22.77,0.619,5.556,3.316,8.09,14.68,False
417,145030.1,0.331,-0.07,50.91,0.575,5.556,3.437,7.69,43.22,False
418,95872.3,0.556,-4.57,65.91,0.534,5.556,5.201,5.93,59.98,False
419,108589.7,0.479,-6.43,57.36,0.355,5.556,4.261,5.59,51.77,False
420,100070.6,0.475,1.96,40.81,0.469,5.556,5.053,5.66,35.15,False
421,147864.5,0.602,3.32,4.46,0.406,0.0,4.242,0.0,4.46,False
422,106486.6,0.555,-7.26,26.08,0.469,5.556,4.653,5.92,20.16,False
423,121779.1,0.228,5.76,39.84,0.639,5.556,2.992,8.71,31.13,False
424,87184.6,0.369,-4.21,87.95,0.589,5.556,3.405,7.81,80.14,False
425,124040.0,0.564,-2.08,79.45,0.53,5.556,4.429,6.43,73.02,False
426,86539.2,0.256,-2.84,80.95,0.62,5.556,2.43,9.8,71.16,False
427,127572.2,0.285,2.17,36.71,0.638,5.556,3.207,8.36,28.35,False
428,108638.4,0.437,-1.28,46.3,0.575,5.556,4.362,6.73,39.57,False
429,143558.2,0.377,-6.39,54.87,0.628,5.556,3.258,8.22,46.65,False
430,155601.2,0.512,1.34,15.84,0.596,5.556,3.864,7.31,8.53,False
431,124983.6,0.246,7.27,33.78,0.48,5.556,3.312,7.33,26.45,False
432,161912.4,0.348,-2.53,39.97,0.616,5.556,3.347,8.03,31.94,False
433,117514.4,0.614,2.17,10.57,0.467,5.518,5.091,5.57,5.0,False
434,95212.1,0.621,2.51,93.22,0.416,5.556,6.222,4.79,88.43,False
435,130041.1,0.348,-3.8,86.32,0.464,5.556,3.237,7.34,78.98,False
436,113983.8,0.311,-5.95,69.21,0.617,5.556,2.66,9.23,59.98,False
437,115997.8,0.507,-6.74,14.61,0.364,5.556,4.28,5.63,8.99,False
438,104766.9,0.646,5.82,32.61,0.564,5.556,6.018,5.7,26.91,False
439,159890.1,0.497,5.75,77.92,0.514,5.556,4.2,6.53,71.39,False
440,157424.2,0.285,-3.65,39.42,0.59,5.556,2.631,9.14,30.28,False
441,150595.1,0.538,-5.97,41.51,0.631,5.556,3.265,8.23,33.28,False
442,118176.1,0.542,-2.75,31.34,0.523,5.556,4.583,6.27,25.07,False
443,101312.9,0.618,-7.71,7.71,0.506,3.236,4.872,2.71,5.0,False
444,164444.3,0.334,-1.08,91.42,0.521,5.556,3.366,7.48,83.94,False
445,100937.4,0.354,-3.31,5.72,0.573,0.994,3.345,0.72,5.0,False
446,157229.7,0.575,-3.65,8.79,0.536,3.55,3.337,3.79,5.0,False
447,80575.2,0.442,-6.99,46.95,0.422,5.556,3.839,6.37,40.59,False
448,150235.3,0.513,1.6,40.11,0.501,5.556,4.016,6.62,33.48,False
449,143263.5,0.25,7.46,6.34,0.446,1.854,3.375,1.34,5.0,False
450,159011.1,0.238,5.35,56.1,0.601,5.556,3.049,8.4,47.7,False
451,104482.9,0.205,1.41,42.28,0.486,5.556,2.347,9.28,33.0,False
452,123474.2,0.369,-5.28,90.91,0.597,5.556,3.294,8.0,82.91,False
453,99850.3,0.229,-5.44,84.89,0.617,5.556,1.914,11.49,73.4,False
454,115586.2,0.416,-0.16,8.85,0.377,4.342,4.262,3.85,5.0,False
455,104931.8,0.259,6.63,43.04,0.51,5.556,3.381,7.4,35.65,False
456,165188.5,0.574,1.12,34.66,0.398,5.556,3.637,6.46,28.2,False
457,154727.5,0.405,0.36,36.7,0.568,5.556,3.787,7.23,29.47,False
458,156550.7,0.433,-4.65,47.8,0.568,5.556,3.256,7.9,39.9,False
459,82842.9,0.399,-3.74,30.73,0.578,5.556,3.741,7.34,23.39,False
460,148071.5,0.201,-2.94,32.42,0.591,5.556,1.88,11.49,20.93,False
461,116985.9,0.256,3.9,15.96,0.411,5.556,3.088,7.28,8.68,False
462,136888.7,0.615,-6.68,13.47,0.452,5.556,3.561,6.84,6.63,False
463,90449.9,0.36,6.54,55.52,0.412,5.556,4.364,5.83,49.7,False
464,126102.4,0.283,5.99,65.27,0.625,5.556,3.557,7.81,57.46,False
465,140807.9,0.637,-1.24,43.45,0.404,5.556,3.983,6.12,37.33,False
466,156814.5,0.387,4.71,96.17,0.645,5.556,4.167,7.29,88.88,False
467,106768.7,0.419,4.06,91.96,0.612,5.556,4.7,6.68,85.28,False
468,84676.2,0.389,-5.23,97.57,0.615,5.556,3.496,7.83,89.74,False
469,154841.5,0.236,-1.74,87.34,0.621,5.556,2.346,10.02,77.32,False
470,152342.0,0.431,6.76,89.58,0.374,5.556,4.469,5.53,84.04,False
471,97574.1,0.241,3.92,33.19,0.38,5.556,2.941,7.36,25.83,False
472,110010.8,0.353,0.48,66.19,0.482,5.556,3.712,6.83,59.35,False
473,117898.2,0.272,0.54,44.5,0.639,5.556,2.921,8.83,35.67,False
474,84169.7,0.537,1.35,77.47,0.554,5.556,5.603,5.83,71.64,False
475,143383.2,0.224,-3.4,24.5,0.577,5.556,2.064,10.68,13.82,False
476,108098.4,0.502,-1.93,80.53,0.58,5.556,4.936,6.35,74.18,False
477,106213.7,0.369,-2.9,52.28,0.48,5.556,3.534,7.03,45.25,False
478,101988.5,0.595,6.89,23.78,0.472,5.556,6.265,5.09,18.69,False
479,90895.2,0.32,6.26,43.45,0.593,5.556,3.941,7.21,36.24,False
480,106770.9,0.291,-1.22,23.59,0.607,5.556,2.928,8.64,14.95,False
481,88784.9,0.272,-1.75,98.45,0.495,5.556,2.697,8.47,89.98,False
482,104703.8,0.279,-6.38,54.4,0.558,5.556,2.305,9.8,44.6,False
483,141834.2,0.21,0.29,59.53,0.526,5.556,2.283,9.69,49.85,False
484,141745.6,0.385,4.07,50.46,0.624,5.556,4.373,7.0,43.46,False
485,94413.5,0.236,1.67,3.99,0.547,0.0,2.672,0.0,3.99,False
486,160306.1,0.498,-2.29,77.96,0.514,5.556,3.404,7.39,70.57,False
487,104495.3,0.606,1.06,49.96,0.633,5.556,5.566,6.29,43.67,False
488,163082.9,0.623,6.66,9.78,0.491,4.608,4.222,4.78,5.0,False
489,118487.0,0.576,0.49,78.32,0.539,5.556,4.888,6.15,72.17,False
490,94888.9,0.513,3.0,46.32,0.434,5.556,5.524,5.2,41.12,False
491,154570.5,0.252,5.45,43.55,0.562,5.556,3.197,7.95,35.6,False
492,157867.8,0.293,2.92,64.34,0.506,5.556,3.353,7.42,56.92,False
493,89434.8,0.225,-3.04,26.49,0.477,5.556,2.102,9.99,16.5,False
494,143808.1,0.271,-6.92,12.82,0.419,4.983,2.169,7.82,5.0,False
495,121059.8,0.461,4.38,28.78,0.623,5.556,5.143,6.46,22.32,False
496,98949.1,0.369,-3.03,98.98,0.435,5.556,3.525,6.8,92.19,False
497,149048.8,0.223,-5.1,19.0,0.526,5.556,1.882,11.12,7.88,False
498,83442.1,0.568,0.2,51.38,0.619,5.556,5.793,6.1,45.27,False
499,110602.5,0.293,-1.32,71.2,0.397,5.556,2.941,7.46,63.74,False
500,106197.6,0.241,-1.71,60.55,0.458,5.556,2.391,9.0,51.56,False
501,82777.0,0.43,5.67,94.33,0.363,5.556,4.964,5.13,89.2,False
502,142159.7,0.402,-7.87,80.44,0.569,5.556,3.297,7.84,72.6,False
503,131580.9,0.431,3.56,74.8,0.563,5.556,4.727,6.39,68.41,False
504,79078.1,0.25,-0.09,95.97,0.585,5.556,2.648,9.08,86.89,False
505,150612.3,0.595,-2.58,68.59,0.495,5.556,3.597,7.04,61.55,False
506,138947.8,0.22,-4.53,75.39,0.45,5.556,1.909,10.59,64.81,False
507,116614.6,0.323,-5.4,99.35,0.375,5.556,2.835,7.53,91.82,False
508,80967.5,0.256,-3.4,82.29,0.408,5.556,2.376,8.76,73.53,False
509,124708.9,0.435,-4.09,35.36,0.531,5.556,4.064,6.75,28.61,False
510,131683.0,0.33,-4.71,54.66,0.46,5.556,2.973,7.75,46.91,False
511,76878.2,0.28,7.4,84.06,0.496,5.556,3.658,6.98,77.09,False
512,147916.2,0.398,6.55,76.83,0.552,5.556,4.557,6.45,70.38,False
513,87199.5,0.611,-3.48,30.57,0.534,5.556,5.849,5.61,24.97,False
514,86369.6,0.278,-0.44,45.85,0.385,5.556,2.879,7.5,38.35,False
515,92045.2,0.638,2.53,3.8,0.397,0.0,6.419,0.0,3.8,False
516,163716.1,0.614,-6.37,71.4,0.632,5.556,2.933,8.77,62.63,False
517,101833.5,0.386,-1.4,48.95,0.501,5.556,3.849,6.79,42.16,False
518,162852.4,0.592,-6.62,5.55,0.389,0.982,2.925,0.55,5.0,False
519,77481.2,0.464,-5.62,55.26,0.523,5.556,4.194,6.58,48.68,False
520,143368.7,0.396,6.88,38.7,0.624,5.556,4.707,6.74,31.96,False
521,111457.8,0.493,0.84,22.08,0.405,5.556,5.122,5.26,16.82,False
522,127996.5,0.388,-5.32,52.17,0.562,5.556,3.482,7.55,44.62,False
523,114124.2,0.29,-1.76,82.29,0.406,5.556,2.871,7.63,74.66,False
524,112842.9,0.364,2.83,18.73,0.494,5.556,4.044,6.56,12.17,False
525,84684.7,0.585,2.7,69.18,0.455,5.556,6.204,5.02,64.17,False
526,156756.5,0.327,-7.73,98.85,0.416,5.556,2.64,8.16,90.69,False
527,77588.2,0.304,2.65,54.22,0.425,5.556,3.438,6.85,47.38,False
528,77465.0,0.518,-0.83,70.29,0.491,5.556,5.2,5.69,64.59,False
529,128477.1,0.204,3.86,28.29,0.443,5.556,2.579,8.44,19.84,False
530,96613.2,0.339,0.39,95.36,0.514,5.556,3.559,7.19,88.17,False
531,106094.6,0.566,4.25,44.72,0.414,5.556,5.8,4.96,39.77,False
532,79897.3,0.549,0.49,30.42,0.56,5.556,5.629,5.85,24.57,False
533,86150.8,0.276,-3.52,15.41,0.561,5.556,2.559,9.15,6.27,False
534,116531.1,0.525,-1.3,53.49,0.625,5.556,4.791,6.7,46.79,False
535,132078.1,0.259,-0.85,73.8,0.452,5.556,2.659,8.31,65.49,False
536,146099.3,0.638,-7.4,44.02,0.541,5.556,3.238,7.77,36.25,False
537,92719.3,0.588,-0.5,40.34,0.517,5.556,5.919,5.48,34.86,False
538,86360.3,0.293,-0.04,9.76,0.585,3.902,3.07,4.76,5.0,False
539,77101.2,0.331,-1.75,48.89,0.618,5.556,3.276,8.15,40.75,False
540,99614.8,0.444,-5.61,98.43,0.419,5.556,3.998,6.19,92.24,False
541,135761.8,0.476,7.7,30.16,0.416,5.556,5.002,5.4,24.76,False
542,110106.9,0.333,7.78,61.04,0.489,5.556,4.213,6.38,54.66,False
543,107746.5,0.422,0.16,57.51,0.607,5.556,4.35,6.92,50.6,False
544,103448.6,0.25,-1.22,42.82,0.639,5.556,2.53,9.65,33.17,False
545,149810.8,0.243,4.62,5.09,0.402,0.204,3.03,0.09,5.0,False
546,162544.6,0.638,4.34,26.65,0.425,5.556,4.007,6.21,20.44,False
547,146225.4,0.391,-6.07,32.15,0.444,5.556,3.364,7.05,25.1,False
548,105305.1,0.228,5.9,19.11,0.373,5.556,3.009,7.2,11.9,False
549,157757.0,0.536,-1.87,31.28,0.401,5.556,3.501,6.64,24.64,False
550,136088.3,0.384,-2.78,53.11,0.565,5.556,3.689,7.32,45.79,False
551,153409.0,0.503,-4.9,88.15,0.5,5.556,3.303,7.45,80.71,False
552,80135.8,0.561,2.41,80.15,0.505,5.556,5.941,5.41,74.74,False
553,103386.4,0.632,0.3,76.39,0.495,5.556,5.548,5.53,70.85,False
554,164342.3,0.524,-6.3,30.21,0.591,5.556,2.928,8.56,21.66,False
555,106819.5,0.55,-3.2,51.57,0.366,5.556,5.033,5.1,46.48,False
556,78784.1,0.306,-4.8,38.3,0.536,5.556,2.731,8.63,29.67,False
557,79937.8,0.228,0.73,94.28,0.534,5.556,2.511,9.11,85.17,False
558,139397.2,0.625,7.8,92.09,0.622,5.556,4.906,6.6,85.49,False
559,111094.3,0.63,-3.01,65.76,0.525,5.556,4.854,6.1,59.66,False
560,111983.4,0.437,5.0,95.65,0.455,5.556,4.966,5.63,90.01,False
561,162641.4,0.273,1.24,63.69,0.539,5.556,2.997,8.14,55.55,False
562,138952.0,0.409,2.42,16.05,0.545,5.556,4.393,6.54,9.51,False
563,108795.6,0.241,-5.57,60.59,0.57,5.556,2.011,10.84,49.75,False
564,140630.5,0.467,4.4,74.95,0.481,5.556,4.54,6.07,68.88,False
565,159278.1,0.509,-4.14,4.45,0.575,0.0,3.244,0.0,4.45,False
566,154460.8,0.519,2.47,10.39,0.582,4.637,4.0,5.39,5.0,False
567,158510.3,0.44,-4.51,58.06,0.631,5.556,3.225,8.29,49.77,False
568,154540.2,0.616,3.65,5.46,0.404,0.901,4.113,0.46,5.0,False
569,132051.1,0.64,0.27,49.56,0.562,5.556,4.39,6.64,42.92,False
570,98992.9,0.464,-2.79,25.27,0.461,5.556,4.471,6.01,19.25,False
571,145041.4,0.424,4.55,78.69,0.444,5.556,4.435,5.95,72.74,False
572,88559.7,0.455,-3.68,15.7,0.398,5.556,4.297,5.8,9.9,False
573,112852.9,0.425,-0.23,71.86,0.504,5.556,4.346,6.35,65.51,False
574,129003.9,0.339,6.46,34.33,0.464,5.556,4.152,6.29,28.04,False
575,99594.2,0.491,0.72,59.3,0.359,5.556,5.091,5.02,54.28,False
576,157994.7,0.278,7.52,23.38,0.551,5.556,3.648,7.29,16.09,False
577,159529.1,0.217,7.92,98.4,0.467,5.556,3.096,7.58,90.83,False
578,161939.2,0.45,-3.17,65.84,0.542,5.556,3.284,7.71,58.13,False
579,111395.7,0.647,3.62,89.68,0.372,5.556,5.491,4.88,84.8,False
580,104562.2,0.279,3.66,33.63,0.406,5.556,3.288,6.95,26.68,False
581,121937.0,0.447,-1.9,85.13,0.433,5.556,4.4,5.91,79.22,False
582,107346.1,0.461,-2.45,34.79,0.455,5.556,4.479,5.97,28.82,False
583,94107.5,0.221,0.53,24.7,0.386,5.556,2.416,8.53,16.17,False
584,90091.7,0.454,2.41,82.81,0.504,5.556,4.891,5.96,76.85,False
585,103665.0,0.478,-4.72,19.46,0.616,5.556,4.415,6.92,12.55,False
586,101588.9,0.575,-6.17,56.39,0.443,5.556,5.008,5.54,50.84,False
587,107456.7,0.582,5.59,93.14,0.373,5.556,5.864,4.7,88.44,False
588,140972.4,0.529,-1.08,44.33,0.54,5.556,3.994,6.86,37.47,False
589,162941.1,0.625,2.09,53.42,0.599,5.556,3.778,7.41,46.01,False
590,125367.6,0.45,-5.86,96.53,0.357,5.556,4.012,5.83,90.7,False
591,83155.9,0.446,-3.97,97.24,0.486,5.556,4.185,6.39,90.86,False
592,119264.9,0.354,-6.21,47.75,0.481,5.556,3.052,7.73,40.02,False
593,133612.5,0.353,5.73,21.62,0.427,5.556,4.216,6.03,15.59,False
594,123007.1,0.367,4.27,80.83,0.396,5.556,4.209,5.87,74.96,False
595,144130.8,0.402,-1.5,34.87,0.497,5.556,3.867,6.75,28.12,False
596,163668.6,0.457,-5.9,41.74,0.371,5.556,2.98,7.24,34.5,False
597,91957.1,0.327,5.8,53.28,0.498,5.556,3.968,6.66,46.63,False
598,146983.5,0.371,-2.19,80.09,0.496,5.556,3.624,7.01,73.08,False
599,75993.8,0.604,-6.5,58.63,0.603,5.556,5.478,6.16,52.47,False
600,124476.8,0.253,-5.08,81.81,0.579,5.556,2.175,10.31,71.5,False
601,83975.5,0.569,-3.89,16.31,0.447,5.556,5.399,5.34,10.97,False
602,81246.5,0.215,0.27,74.86,0.525,5.556,2.334,9.53,65.33,False
603,76557.0,0.543,5.43,31.29,0.566,5.556,6.05,5.7,25.59,False
604,124904.0,0.502,-7.3,59.16,0.429,5.556,3.887,6.36,52.8,False
605,89030.0,0.516,-0.76,56.82,0.351,5.556,5.189,4.92,51.9,False
606,98001.8,0.38,-4.31,13.9,0.358,5.556,3.502,6.4,7.5,False
607,96633.6,0.459,0.72,61.86,0.597,5.556,4.775,6.55,55.31,False
608,79074.7,0.454,7.94,48.29,0.478,5.556,5.419,5.5,42.79,False
609,122457.6,0.324,5.42,84.44,0.59,5.556,3.901,7.24,77.21,False
610,111615.5,0.448,-4.64,62.91,0.539,5.556,4.135,6.73,56.18,False
611,113149.3,0.312,-6.76,25.54,0.552,5.556,2.589,9.03,16.52,False
612,114638.5,0.576,0.87,30.48,0.4,5.556,5.081,5.26,25.23,False
613,136968.8,0.224,7.29,18.77,0.49,5.556,3.1,7.7,11.07,False
614,99590.8,0.312,-4.34,8.06,0.579,2.835,2.829,3.06,5.0,False
615,113081.3,0.447,7.24,65.85,0.616,5.556,5.277,6.34,59.5,False
616,124037.2,0.505,-2.1,37.24,0.589,5.556,4.426,6.76,30.48,False
617,155518.5,0.545,-5.89,86.38,0.487,5.556,3.157,7.59,78.78,False
618,110154.2,0.226,-5.87,36.59,0.381,5.556,1.835,10.53,26.06,False
619,108229.4,0.398,-4.35,93.3,0.536,5.556,3.676,7.18,86.12,False
620,99223.1,0.303,6.85,6.08,0.437,1.651,3.833,1.08,5.0,False
621,119893.6,0.278,4.48,92.83,0.474,5.556,3.363,7.22,85.61,False
622,123192.7,0.294,1.37,68.67,0.645,5.556,3.213,8.39,60.28,False
623,146909.1,0.452,-5.28,56.04,0.377,5.556,3.424,6.6,49.44,False
624,108233.2,0.625,-1.93,42.24,0.642,5.556,5.091,6.6,35.64,False
625,83037.0,0.43,1.69,46.78,0.612,5.556,4.584,6.77,40.02,False
626,79641.9,0.552,-5.37,31.84,0.622,5.556,5.08,6.49,25.34,False
627,99377.6,0.409,6.92,54.89,0.371,5.556,4.882,5.22,49.67,False
628,154276.9,0.448,-7.39,82.4,0.534,5.556,3.039,8.04,74.35,False
629,124687.5,0.616,1.94,22.68,0.386,5.556,4.799,5.36,17.33,False
630,149482.0,0.324,-4.66,13.66,0.467,5.556,2.916,7.89,5.77,False
631,129878.5,0.489,4.81,49.45,0.42,5.556,4.904,5.48,43.97,False
632,141090.4,0.468,4.57,63.78,0.633,5.556,4.544,6.91,56.87,False
633,162221.6,0.328,7.96,51.86,0.519,5.556,4.187,6.57,45.29,False
634,97299.5,0.501,2.32,93.07,0.529,5.556,5.343,5.83,87.24,False
635,148795.3,0.57,-1.23,100.0,0.395,5.556,3.774,6.29,93.71,False
636,79100.1,0.615,0.12,48.39,0.523,5.556,6.246,5.38,43.01,False
637,136338.9,0.476,7.77,34.55,0.467,5.556,4.992,5.68,28.87,False
638,108480.7,0.601,-5.23,11.98,0.521,5.556,4.756,6.14,5.85,False
639,84608.7,0.3,-3.08,80.31,0.475,5.556,2.842,8.07,72.25,False
640,82986.5,0.336,1.24,75.89,0.581,5.556,3.619,7.49,68.39,False
641,149311.3,0.209,-1.86,32.0,0.42,5.556,2.063,9.82,22.18,False
642,78049.2,0.595,-0.37,94.3,0.471,5.556,6.003,5.19,89.11,False
643,75368.3,0.336,1.36,48.83,0.511,5.556,3.63,7.09,41.74,False
644,122929.7,0.286,-5.37,98.28,0.645,5.556,2.478,9.81,88.47,False
645,115667.1,0.4,4.57,18.38,0.608,5.556,4.567,6.76,11.63,False
646,156522.9,0.335,0.96,98.98,0.425,5.556,3.576,6.68,92.3,False
647,137110.9,0.222,4.39,27.21,0.436,5.556,2.806,7.92,19.29,False
648,75695.0,0.525,1.34,48.08,0.486,5.556,5.479,5.52,42.57,False
649,145594.1,0.411,-2.06,72.92,0.366,5.556,3.773,6.12,66.8,False
650,83230.5,0.442,3.12,97.13,0.485,5.556,4.841,5.88,91.25,False
651,103958.9,0.381,6.86,83.59,0.423,5.556,4.596,5.71,77.88,False
652,141091.7,0.331,5.34,49.99,0.425,5.556,3.967,6.25,43.73,False
653,131650.8,0.382,-1.45,49.03,0.465,5.556,3.805,6.64,42.39,False
654,112795.1,0.274,7.39,27.62,0.594,5.556,3.605,7.58,20.04,False
655,99998.3,0.551,-2.23,49.65,0.518,5.556,5.387,5.74,43.9,False
656,158767.2,0.392,4.5,54.69,0.374,5.556,4.103,5.84,48.85,False
657,99917.5,0.596,-8.0,46.55,0.548,5.556,4.92,6.18,40.36,False
658,134392.4,0.291,-7.13,67.22,0.497,5.556,2.343,9.35,57.87,False
659,159091.0,0.236,-0.92,47.88,0.492,5.556,2.422,9.1,38.78,False
660,104310.6,0.438,-2.33,22.43,0.365,5.556,4.269,5.64,16.79,False
661,131839.4,0.475,7.8,71.94,0.519,5.556,5.132,5.89,66.05,False
662,107322.7,0.404,-4.5,57.06,0.457,5.556,3.718,6.69,50.37,False
663,124552.1,0.244,4.15,28.87,0.586,5.556,2.994,8.41,20.46,False
664,147470.8,0.438,4.04,56.34,0.438,5.556,4.324,6.0,50.34,False
665,86403.3,0.263,2.42,58.87,0.472,5.556,3.012,7.75,51.13,False
666,127855.6,0.326,3.57,45.07,0.599,5.556,3.744,7.45,37.62,False
667,102339.5,0.298,7.69,49.47,0.461,5.556,3.868,6.55,42.92,False
668,76466.8,0.237,-3.9,99.32,0.373,5.556,2.141,9.28,90.04,False
669,136041.9,0.343,-4.58,20.68,0.382,5.556,3.113,7.08,13.6,False
670,97380.3,0.22,-5.71,87.89,0.503,5.556,1.79,11.41,76.48,False
671,109527.2,0.363,-2.37,96.38,0.515,5.556,3.524,7.24,89.14,False
672,145309.0,0.491,7.55,13.81,0.561,5.556,4.721,6.38,7.43,False
673,83156.0,0.445,-5.0,35.89,0.547,5.556,4.068,6.83,29.06,False
674,133339.7,0.309,4.02,4.94,0.597,0.0,3.619,0.0,4.94,False
675,116405.0,0.231,-2.97,95.49,0.477,5.556,2.174,9.75,85.75,False
676,77620.7,0.32,-4.21,21.44,0.415,5.556,2.918,7.6,13.84,False
677,149628.7,0.415,-5.89,66.86,0.649,5.556,3.297,8.29,58.57,False
678,88926.4,0.323,5.86,83.47,0.406,5.556,3.933,6.18,77.29,False
679,157353.7,0.209,4.33,25.37,0.39,5.556,2.673,7.94,17.43,False
680,117643.9,0.263,2.22,4.29,0.391,0.0,2.994,0.0,4.29,False
681,150259.2,0.23,6.02,85.13,0.617,5.556,3.037,8.51,76.62,False
682,159429.1,0.478,-3.84,75.3,0.619,5.556,3.272,8.16,67.15,False
683,81688.6,0.223,5.4,42.26,0.527,5.556,2.913,8.22,34.03,False
684,144399.7,0.617,1.33,44.35,0.602,5.556,4.137,7.08,37.28,False
685,139736.7,0.537,-6.43,3.61,0.47,0.0,3.502,0.0,3.61,False
686,106901.3,0.542,-6.96,86.42,0.416,5.556,4.662,5.62,80.8,False
687,126920.0,0.649,7.4,20.42,0.52,5.556,5.255,5.83,14.59,False
688,145576.3,0.534,4.26,89.99,0.563,5.556,4.394,6.64,83.36,False
689,103439.4,0.453,6.38,42.42,0.638,5.556,5.254,6.48,35.94,False
690,88124.2,0.345,-1.44,28.68,0.378,5.556,3.442,6.58,22.09,False
691,159476.4,0.24,-5.26,92.82,0.634,5.556,2.031,11.12,81.7,False
692,107873.8,0.348,-1.79,94.88,0.625,5.556,3.434,7.96,86.91,False
693,94648.5,0.539,1.23,93.29,0.484,5.556,5.611,5.44,87.85,False
694,101260.4,0.22,4.5,63.05,0.495,5.556,2.796,8.27,54.78,False
695,152099.2,0.282,7.49,83.62,0.586,5.556,3.693,7.43,76.19,False
696,135073.3,0.41,-6.25,5.53,0.443,0.931,3.594,0.53,5.0,False
697,115492.3,0.631,0.23,23.49,0.364,5.556,4.983,5.12,18.37,False
698,96160.1,0.257,-6.1,23.31,0.561,5.556,2.116,10.41,12.9,False
699,151571.1,0.377,-3.12,8.81,0.503,3.701,3.519,3.81,5.0,False
700,94496.5,0.408,-4.24,56.96,0.35,5.556,3.783,6.03,50.93,False
701,119621.7,0.286,-1.11,82.39,0.492,5.556,2.898,8.06,74.33,False
702,117593.4,0.413,5.28,6.92,0.496,2.523,4.764,1.92,5.0,False
703,80298.0,0.421,-6.27,4.75,0.63,0.0,3.707,0.0,4.75,False
704,117166.2,0.507,6.14,10.84,0.386,5.556,5.494,4.95,5.89,False
705,117573.7,0.406,-6.17,4.39,0.393,0.0,3.564,0.0,4.39,False
706,122089.9,0.448,7.87,36.6,0.587,5.556,5.351,6.14,30.45,False
707,143907.4,0.212,-1.75,94.22,0.487,5.556,2.104,10.04,84.18,False
708,101751.0,0.561,5.35,96.53,0.396,5.556,6.128,4.72,91.81,False
709,161246.9,0.478,-6.05,36.66,0.396,5.556,3.016,7.32,29.34,False
710,144095.0,0.478,1.3,92.63,0.488,5.556,4.142,6.44,86.2,False
711,150136.2,0.622,-1.57,90.93,0.649,5.556,3.708,7.77,83.16,False
712,119807.2,0.48,4.55,67.67,0.506,5.556,5.235,5.76,61.91,False
713,108778.8,0.301,4.2,63.07,0.529,5.556,3.562,7.27,55.8,False
714,84296.1,0.362,5.96,11.31,0.369,5.556,4.329,5.62,5.7,False
715,100285.2,0.367,6.42,95.66,0.383,5.556,4.422,5.62,90.04,False
716,159641.6,0.535,1.4,80.27,0.476,5.556,3.781,6.72,73.55,False
717,121459.9,0.462,4.43,23.06,0.623,5.556,5.161,6.45,16.61,False
718,113374.9,0.468,-6.81,86.8,0.509,5.556,4.116,6.58,80.23,False
719,144910.0,0.373,1.05,79.51,0.566,5.556,3.965,7.04,72.47,False
720,78933.3,0.455,-5.45,82.84,0.435,5.556,4.12,6.16,76.67,False
721,131530.4,0.311,5.65,51.59,0.482,5.556,3.793,6.74,44.85,False
722,120032.9,0.364,-6.56,66.28,0.544,5.556,3.114,7.98,58.31,False
723,78834.5,0.465,-1.87,54.78,0.625,5.556,4.576,6.85,47.93,False
724,149744.6,0.367,0.65,31.01,0.369,5.556,3.861,6.04,24.96,False
725,122517.3,0.249,-0.74,25.09,0.637,5.556,2.567,9.55,15.54,False
726,159622.6,0.416,1.68,45.46,0.362,5.556,3.809,6.06,39.4,False
727,82750.4,0.287,-2.92,96.15,0.623,5.556,2.726,9.12,87.02,False
728,164931.6,0.48,-2.16,58.92,0.417,5.556,3.32,6.97,51.95,False
729,80690.7,0.24,-5.24,15.73,0.637,5.441,2.039,10.72,5.01,False
730,153564.8,0.233,-5.81,93.08,0.373,5.556,1.909,10.15,82.93,False
731,74104.9,0.516,1.4,5.56,0.524,0.926,5.398,0.56,5.0,False
732,119037.3,0.39,-6.65,79.35,0.622,5.556,3.368,8.04,71.31,False
733,107846.8,0.485,0.18,90.34,0.419,5.556,4.97,5.43,84.91,False
734,85548.9,0.469,-5.48,7.69,0.538,3.015,4.258,2.69,5.0,False
735,113016.1,0.362,-2.31,25.43,0.361,5.556,3.522,6.39,19.05,False
736,112323.1,0.59,3.05,5.11,0.44,0.247,5.392,0.11,5.0,False
737,134452.6,0.209,3.75,86.99,0.454,5.556,2.618,8.42,78.57,False
738,145184.4,0.63,-3.45,96.67,0.461,5.556,3.648,6.79,89.87,False
739,75296.8,0.428,-6.68,80.14,0.625,5.556,3.73,7.61,72.53,False
740,78034.0,0.321,-2.61,94.4,0.497,5.556,3.09,7.75,86.64,False
741,110291.7,0.505,0.7,7.11,0.408,3.02,5.221,2.11,5.0,False
742,86225.2,0.41,-7.91,54.37,0.508,5.556,3.437,7.31,47.06,False
743,78798.5,0.369,5.78,47.72,0.418,5.556,4.38,5.84,41.88,False
744,134918.7,0.333,-1.45,58.0,0.4,5.556,3.32,6.87,51.13,False
745,79661.7,0.647,-2.47,43.24,0.371,5.556,6.298,4.51,38.73,False
746,103124.0,0.583,6.25,52.33,0.399,5.556,6.144,4.73,47.6,False
747,143525.3,0.534,6.64,41.8,0.525,5.556,4.679,6.21,35.59,False
748,140879.2,0.211,-4.42,79.8,0.607,5.556,1.832,11.8,68.0,False
749,147528.4,0.42,0.08,3.52,0.429,0.0,3.933,0.0,3.52,False
750,125205.2,0.587,-6.4,5.39,0.352,0.84,3.962,0.39,5.0,False
751,79607.5,0.49,-4.14,44.53,0.376,5.556,4.597,5.45,39.08,False
752,117477.9,0.346,-7.69,43.65,0.585,5.556,2.835,8.69,34.95,False
753,108677.5,0.219,-5.8,49.18,0.461,5.556,1.778,11.24,37.94,False
754,125944.8,0.355,-5.09,94.21,0.462,5.556,3.176,7.43,86.78,False
755,122019.9,0.41,7.64,85.71,0.582,5.556,4.954,6.35,79.36,False
756,162009.2,0.343,1.71,83.61,0.487,5.556,3.735,6.84,76.78,False
757,119407.9,0.376,3.46,20.47,0.61,5.556,4.22,7.05,13.43,False
758,135818.6,0.319,7.7,87.42,0.523,5.556,4.075,6.69,80.72,False
759,110263.7,0.29,5.8,29.19,0.642,5.556,3.61,7.84,21.35,False
760,154042.2,0.629,-1.44,74.46,0.485,5.556,3.627,6.95,67.51,False
761,162302.9,0.266,-4.94,15.7,0.546,5.556,2.315,9.7,5.99,False
762,86962.5,0.417,4.0,45.84,0.562,5.556,4.679,6.42,39.42,False
763,77199.8,0.604,4.48,35.14,0.645,5.556,6.557,5.94,29.2,False
764,93493.7,0.406,-2.7,55.11,0.453,5.556,3.92,6.45,48.65,False
765,153059.0,0.243,3.53,73.63,0.367,5.556,2.929,7.31,66.32,False
766,158991.3,0.389,3.63,96.13,0.434,5.556,4.013,6.26,89.87,False
767,140655.0,0.458,0.42,30.71,0.526,5.556,4.149,6.64,24.06,False
768,150361.2,0.492,-1.38,85.45,0.577,5.556,3.72,7.35,78.1,False
769,93535.3,0.646,5.18,71.58,0.424,5.556,6.587,4.7,66.88,False
770,133487.5,0.505,0.99,36.09,0.481,5.556,4.416,6.17,29.92,False
771,137964.3,0.608,-3.29,26.47,0.596,5.556,3.862,7.31,19.16,False
772,156244.1,0.496,-0.29,39.99,0.54,5.556,3.69,7.18,32.81,False
773,155385.1,0.392,2.39,24.21,0.583,5.556,3.972,7.12,17.09,False
774,149398.6,0.546,-5.29,74.61,0.423,5.556,3.361,6.94,67.67,False
775,151285.1,0.575,6.93,36.27,0.585,5.556,4.511,6.67,29.6,False
776,150603.2,0.542,-5.97,64.93,0.448,5.556,3.265,7.22,57.71,False
777,119329.3,0.495,-3.61,57.0,0.474,5.556,4.454,6.1,50.9,False
778,119700.3,0.264,4.18,41.5,0.499,5.556,3.194,7.61,33.89,False
779,75492.4,0.24,-5.74,94.26,0.393,5.556,1.988,9.95,84.32,False
780,157222.0,0.299,5.81,95.76,0.354,5.556,3.697,6.14,89.62,False
781,157058.9,0.384,4.16,49.06,0.623,5.556,4.107,7.22,41.84,False
782,134961.1,0.536,7.51,18.86,0.357,5.556,5.008,5.06,13.8,False
783,138957.7,0.479,-6.21,13.8,0.621,5.556,3.548,7.8,6.0,False
784,145328.6,0.462,-3.02,80.44,0.438,5.556,3.687,6.62,73.82,False
785,119985.0,0.494,-3.83,42.89,0.461,5.556,4.407,6.06,36.83,False
786,118113.2,0.642,0.82,68.03,0.552,5.556,4.935,6.19,61.84,False
787,96512.6,0.537,-2.2,4.37,0.64,0.0,5.25,0.0,4.37,False
788,74248.0,0.547,0.71,65.19,0.604,5.556,5.635,6.09,59.09,False
789,105837.0,0.304,6.62,14.92,0.421,5.556,3.826,6.37,8.55,False
790,111995.9,0.247,-4.27,86.1,0.609,5.556,2.198,10.4,75.69,False
791,145673.6,0.302,-1.42,34.12,0.517,5.556,3.023,7.98,26.14,False
792,123406.8,0.621,4.67,11.05,0.643,5.236,5.113,6.05,5.0,False
793,85287.0,0.645,4.96,43.04,0.583,5.556,7.002,5.45,37.59,False
794,121414.5,0.429,0.29,34.7,0.556,5.556,4.435,6.57,28.14,False
795,116228.8,0.558,5.42,17.19,0.355,5.556,5.462,4.8,12.4,False
796,140896.9,0.642,6.68,35.99,0.406,5.556,4.755,5.5,30.49,False
797,114933.5,0.356,2.3,50.78,0.554,5.556,3.911,7.02,43.76,False
798,107836.9,0.408,-2.33,48.94,0.526,5.556,3.975,6.8,42.13,False
799,88911.8,0.41,-7.81,17.03,0.501,5.556,3.448,7.26,9.77,False
800,78895.9,0.601,6.15,94.31,0.421,5.556,6.686,4.65,89.66,False
801,81900.8,0.501,1.54,88.61,0.358,5.556,5.268,4.92,83.69,False
802,146788.3,0.384,2.22,69.01,0.425,5.556,4.163,6.07,62.94,False
803,97315.2,0.478,-2.64,93.08,0.407,5.556,4.625,5.6,87.49,False
804,129386.2,0.64,0.61,98.35,0.393,5.556,4.509,5.61,92.74,False
805,78653.8,0.399,4.67,60.01,0.488,5.556,4.565,6.09,53.92,False
806,126030.4,0.416,-5.69,51.86,0.462,5.556,3.714,6.72,45.14,False
807,136836.2,0.461,-3.6,74.79,0.458,5.556,3.864,6.54,68.25,False
808,77741.8,0.285,6.1,90.0,0.488,5.556,3.589,7.01,82.99,False
809,96228.5,0.342,-2.5,62.86,0.474,5.556,3.309,7.3,55.56,False
810,120482.0,0.256,6.05,81.92,0.549,5.556,3.296,7.73,74.19,False
811,163059.5,0.225,1.17,8.31,0.388,3.22,2.52,3.3,5.0,False
812,124234.8,0.267,2.25,7.04,0.459,2.396,3.04,2.04,5.0,False
813,95552.4,0.553,0.93,67.52,0.582,5.556,5.717,5.93,61.59,False
814,135946.8,0.284,-4.97,20.24,0.358,5.556,2.496,8.17,12.07,False
815,147673.7,0.245,-7.01,87.29,0.457,5.556,1.908,10.62,76.67,False
816,162997.5,0.231,-5.4,80.71,0.561,5.556,1.928,11.12,69.59,False
817,145709.8,0.502,-7.72,58.03,0.441,5.556,3.217,7.25,50.79,False
818,157920.6,0.476,-4.34,24.63,0.42,5.556,3.255,7.08,17.55,False
819,114832.1,0.428,5.73,5.19,0.517,0.345,4.947,0.19,5.0,False
820,164186.4,0.566,0.95,42.34,0.48,5.556,3.641,6.9,35.44,False
821,94728.1,0.252,-1.6,95.09,0.504,5.556,2.51,8.95,86.14,False
822,160371.3,0.54,2.74,4.81,0.356,0.0,3.894,0.0,4.81,False
823,129001.9,0.205,-6.62,91.52,0.516,5.556,1.552,12.81,78.71,False
824,87138.3,0.637,-5.4,6.16,0.55,1.676,5.906,1.16,5.0,False
825,108400.7,0.598,4.17,18.16,0.425,5.556,5.681,5.07,13.09,False
826,80385.3,0.417,-7.23,55.18,0.496,5.556,3.568,7.08,48.1,False
827,126900.9,0.458,-1.24,30.42,0.634,5.556,4.411,7.02,23.41,False
828,135265.8,0.383,0.3,49.67,0.555,5.556,3.989,6.95,42.72,False
829,149537.3,0.574,-1.81,41.08,0.522,5.556,3.698,7.07,34.0,False
830,127883.0,0.205,-5.99,44.75,0.606,5.556,1.617,12.91,31.85,False
831,85030.5,0.511,7.39,65.02,0.631,5.556,5.925,6.11,58.91,False
832,115542.6,0.499,2.63,95.34,0.634,5.556,5.216,6.48,88.86,False
833,111871.9,0.3,-3.85,27.73,0.353,5.556,2.763,7.55,20.18,False
834,106191.5,0.411,7.81,62.0,0.589,5.556,4.978,6.37,55.63,False
835,141736.7,0.509,6.19,74.87,0.431,5.556,4.684,5.69,69.18,False
836,125627.1,0.392,-1.41,65.4,0.583,5.556,3.904,7.19,58.21,False
837,141303.2,0.47,4.68,41.87,0.646,5.556,4.549,6.98,34.89,False
838,122935.6,0.545,6.49,86.55,0.382,5.556,5.307,5.03,81.52,False
839,124844.8,0.578,-3.57,42.25,0.529,5.556,4.254,6.57,35.68,False
840,96202.3,0.618,1.29,22.91,0.565,5.556,6.043,5.69,17.22,False
841,146351.1,0.479,4.24,53.16,0.431,5.556,4.372,5.93,47.24,False
842,157784.5,0.498,-1.86,84.96,0.614,5.556,3.501,7.82,77.14,False
843,88364.4,0.439,-1.07,36.51,0.529,5.556,4.403,6.44,30.06,False
844,135873.9,0.452,0.42,26.74,0.427,5.556,4.287,5.97,20.76,False
845,74615.2,0.372,-4.4,7.09,0.52,2.395,3.41,2.09,5.0,False
846,98282.2,0.412,4.52,69.8,0.631,5.556,4.68,6.81,63.0,False
847,148541.4,0.635,7.19,5.0,0.502,0.0,4.602,0.0,5.0,False
848,83488.6,0.618,-6.97,63.86,0.62,5.556,5.563,6.22,57.64,False
849,161416.7,0.508,-4.64,16.63,0.379,5.556,3.15,7.0,9.63,False
850,155485.3,0.319,-1.45,10.42,0.389,4.764,3.186,5.41,5.0,False
851,111556.9,0.298,-2.82,13.83,0.436,5.556,2.847,7.84,5.99,False
852,126971.9,0.497,5.0,72.45,0.449,5.556,5.019,5.57,66.88,False
853,148736.8,0.436,6.18,95.43,0.392,5.556,4.5,5.61,89.83,False
854,93452.0,0.407,-6.6,84.38,0.473,5.556,3.54,6.99,77.39,False
855,88038.6,0.277,-3.8,34.11,0.63,5.556,2.54,9.58,24.53,False
856,78021.1,0.468,1.18,88.01,0.372,5.556,4.909,5.21,82.8,False
857,82614.1,0.622,-0.69,54.15,0.55,5.556,6.234,5.53,48.61,False
858,165096.6,0.251,-5.25,39.88,0.434,5.556,2.143,9.61,30.27,False
859,138548.6,0.227,-2.66,32.21,0.575,5.556,2.163,10.33,21.88,False
860,110970.3,0.437,2.46,77.86,0.47,5.556,4.728,5.88,71.99,False
861,148344.4,0.371,3.88,68.4,0.454,5.556,4.213,6.18,62.22,False
862,137152.7,0.533,-0.41,76.75,0.596,5.556,4.168,7.02,69.74,False
863,139764.1,0.44,7.71,6.25,0.574,1.682,4.885,1.25,5.0,False
864,81556.2,0.609,-2.86,66.04,0.45,5.556,5.886,5.12,60.92,False
865,135655.9,0.595,5.23,25.64,0.476,5.556,4.764,5.89,19.75,False
866,138810.9,0.396,3.76,23.79,0.592,5.556,4.45,6.75,17.04,False
867,147759.8,0.204,7.41,90.03,0.486,5.556,2.918,7.99,82.04,False
868,80827.3,0.6,-0.51,43.87,0.478,5.556,6.033,5.21,38.66,False
869,134179.7,0.284,-2.07,32.48,0.376,5.556,2.785,7.63,24.85,False
870,96149.9,0.499,-7.42,95.49,0.446,5.556,4.359,6.02,89.47,False
871,84550.4,0.305,4.86,42.83,0.379,5.556,3.664,6.31,36.51,False
872,95827.6,0.572,7.41,43.22,0.617,5.556,6.519,5.8,37.43,False
873,90798.8,0.558,-7.84,85.95,0.378,5.556,4.891,5.26,80.69,False
874,103491.8,0.618,-2.37,80.56,0.537,5.556,5.281,5.91,74.65,False
875,117281.8,0.318,3.15,71.41,0.503,5.556,3.63,7.05,64.37,False
876,153672.8,0.589,-7.71,53.99,0.432,5.556,3.023,7.51,46.49,False
877,118596.0,0.47,-3.48,58.7,0.515,5.556,4.469,6.31,52.39,False
878,94087.9,0.492,1.93,78.51,0.559,5.556,5.211,6.06,72.44,False
879,97217.3,0.408,-7.2,40.58,0.64,5.556,3.485,7.98,32.6,False
880,145900.9,0.243,-0.1,39.66,0.412,5.556,2.573,8.29,31.37,False
881,157845.4,0.303,4.34,16.65,0.366,5.556,3.587,6.33,10.32,False
882,118443.7,0.505,7.16,79.07,0.501,5.556,5.542,5.57,73.5,False
883,130826.8,0.467,-3.82,73.65,0.441,5.556,4.028,6.28,67.37,False
884,94395.3,0.57,-5.96,12.09,0.418,5.556,5.196,5.29,6.8,False
885,122633.5,0.331,4.9,28.58,0.472,5.556,3.926,6.55,22.03,False
886,125671.2,0.52,5.94,47.5,0.417,5.556,5.156,5.31,42.19,False
887,162310.3,0.428,1.96,84.47,0.39,5.556,3.778,6.25,78.21,False
888,130733.6,0.567,-3.63,46.21,0.353,5.556,4.049,5.77,40.44,False
889,142653.4,0.565,5.99,73.51,0.608,5.556,4.64,6.7,66.8,False
890,92316.2,0.568,-5.8,29.75,0.436,5.556,5.194,5.39,24.36,False
891,152212.0,0.607,-5.02,90.41,0.499,5.556,3.319,7.42,82.99,False
892,151157.6,0.442,-2.18,41.15,0.483,5.556,3.623,6.94,34.21,False
893,85233.6,0.242,3.24,16.18,0.52,5.556,2.884,8.24,7.94,False
894,106236.4,0.413,-3.83,48.05,0.598,5.556,3.869,7.31,40.74,False
895,114522.8,0.483,-7.91,69.37,0.396,5.556,4.145,5.93,63.44,False
896,120605.5,0.248,-2.03,99.25,0.471,5.556,2.431,8.96,90.28,False
897,89744.5,0.634,-5.55,76.12,0.415,5.556,5.784,4.98,71.14,False
898,154271.5,0.385,5.09,26.9,0.608,5.556,4.261,7.0,19.9,False
899,90979.0,0.311,4.18,6.17,0.553,1.538,3.652,1.17,5.0,False
900,157437.3,0.304,-2.22,70.5,0.385,5.556,2.959,7.35,63.14,False
901,140222.6,0.381,-1.03,76.22,0.604,5.556,3.837,7.38,68.84,False
902,106151.4,0.262,5.37,68.18,0.561,5.556,3.295,7.8,60.38,False
903,135285.2,0.648,-6.28,13.59,0.57,5.556,3.648,7.4,6.19,False
904,122109.9,0.42,7.53,94.69,0.561,5.556,5.046,6.17,88.52,False
905,83953.5,0.567,-7.53,81.33,0.616,5.556,5.011,6.5,74.83,False
906,118952.4,0.472,5.93,81.5,0.436,5.556,5.402,5.28,76.22,False
907,81495.0,0.285,-1.22,24.6,0.579,5.556,2.879,8.58,16.02,False
908,149797.9,0.362,-7.96,31.87,0.603,5.556,2.959,8.56,23.31,False
909,92685.2,0.243,6.9,47.39,0.465,5.556,3.256,7.32,40.07,False
910,128554.1,0.585,-5.39,5.56,0.467,0.947,3.946,0.56,5.0,False
911,87978.2,0.386,3.46,51.54,0.611,5.556,4.326,6.96,44.58,False
912,163263.0,0.423,-6.23,70.47,0.448,5.556,2.957,7.71,62.76,False
913,87171.5,0.482,3.22,26.95,0.4,5.556,5.241,5.17,21.78,False
914,163522.5,0.519,-2.3,13.03,0.413,5.556,3.336,6.92,6.11,False
915,127902.1,0.347,5.04,24.14,0.519,5.556,4.087,6.66,17.48,False
916,110219.5,0.388,-0.11,41.47,0.46,5.556,3.992,6.42,35.05,False
917,124291.7,0.278,-0.68,61.53,0.61,5.556,2.857,8.79,52.74,False
918,82126.3,0.313,-2.96,43.07,0.515,5.556,2.979,8.04,35.03,False
919,89695.2,0.52,-3.56,48.65,0.413,5.556,4.944,5.41,43.24,False
920,148162.1,0.602,0.01,19.67,0.576,5.556,3.911,7.15,12.52,False
921,89692.7,0.468,-0.47,59.46,0.49,5.556,4.741,5.98,53.48,False
922,123245.3,0.273,4.33,84.16,0.528,5.556,3.298,7.61,76.55,False
923,98895.3,0.354,1.17,59.89,0.589,5.556,3.79,7.35,52.54,False
924,133829.6,0.488,4.14,65.41,0.623,5.556,4.714,6.74,58.67,False
925,143151.9,0.294,6.53,90.04,0.572,5.556,3.719,7.33,82.71,False
926,159165.4,0.589,7.63,41.14,0.439,5.556,4.399,5.95,35.19,False
927,92095.2,0.545,2.22,8.17,0.364,4.3,5.758,3.17,5.0,False
928,76352.2,0.594,-4.4,19.64,0.548,5.556,5.59,5.8,13.83,False
929,145787.6,0.345,-1.04,43.55,0.436,5.556,3.476,6.86,36.68,False
930,132188.0,0.38,2.4,66.22,0.54,5.556,4.164,6.7,59.51,False
931,82628.7,0.557,7.37,11.4,0.355,5.556,6.37,4.39,7.01,False
932,106823.9,0.365,-4.47,13.82,0.473,5.556,3.334,7.26,6.56,False
933,121092.4,0.479,2.3,16.36,0.489,5.556,4.966,5.83,10.54,False
934,84349.9,0.381,0.11,19.58,0.544,5.556,3.952,6.92,12.66,False
935,134115.5,0.569,6.54,11.27,0.476,5.556,4.939,5.77,5.5,False
936,109491.6,0.486,3.22,19.55,0.544,5.556,5.277,5.95,13.6,False
937,114018.7,0.416,6.94,66.36,0.553,5.556,4.943,6.2,60.16,False
938,113008.2,0.225,-6.52,67.29,0.395,5.556,1.763,10.95,56.34,False
939,137116.0,0.405,-1.56,80.75,0.642,5.556,4.017,7.41,73.35,False
940,155358.8,0.334,4.84,14.54,0.513,5.556,3.947,6.76,7.78,False
941,96456.1,0.331,-1.88,77.79,0.354,5.556,3.265,6.69,71.1,False
942,105611.2,0.587,-3.75,89.8,0.401,5.556,5.038,5.29,84.5,False
943,74740.1,0.203,4.24,47.28,0.608,5.556,2.609,9.29,37.99,False
944,140616.8,0.649,-5.91,95.74,0.363,5.556,3.531,6.39,89.35,False
945,79436.4,0.582,-3.66,35.54,0.393,5.556,5.55,4.96,30.58,False
946,102694.7,0.471,-6.29,94.08,0.498,5.556,4.198,6.44,87.63,False
947,127085.6,0.486,-1.07,15.95,0.443,5.556,4.422,5.95,10.0,False
948,141240.8,0.267,7.77,67.13,0.534,5.556,3.569,7.29,59.84,False
949,156498.2,0.214,-0.2,66.15,0.572,5.556,2.276,9.96,56.19,False
950,87322.2,0.583,-7.85,39.72,0.537,5.556,5.132,5.99,33.73,False
951,103963.4,0.253,6.14,70.68,0.493,5.556,3.278,7.45,63.23,False
952,145654.2,0.453,-2.86,37.68,0.381,5.556,3.693,6.29,31.38,False
953,77265.0,0.252,7.9,49.85,0.444,5.556,3.435,6.96,42.9,False
954,152418.6,0.517,7.77,52.59,0.58,5.556,4.566,6.6,45.99,False
955,124292.6,0.364,2.47,15.2,0.49,5.556,4.01,6.57,8.63,False
956,154733.7,0.253,0.53,9.15,0.611,3.372,2.726,4.15,5.0,False
957,117845.5,0.475,1.1,95.46,0.38,5.556,4.964,5.22,90.24,False
958,144726.0,0.508,1.28,57.93,0.588,5.556,4.123,7.01,50.92,False
959,139722.7,0.205,-5.67,4.4,0.572,0.0,1.645,0.0,4.4,False
960,143199.3,0.509,4.18,12.3,0.544,5.556,4.448,6.49,5.81,False
961,88130.8,0.637,-7.73,64.56,0.497,5.556,5.672,5.48,59.08,False
962,134882.4,0.411,7.57,14.2,0.517,5.556,4.962,5.98,8.21,False
963,94408.3,0.239,-1.52,33.99,0.591,5.556,2.396,9.73,24.26,False
964,137093.7,0.471,6.49,48.82,0.499,5.556,4.845,5.96,42.87,False
965,135928.6,0.642,-7.98,84.66,0.464,5.556,3.463,7.03,77.63,False
966,118704.7,0.358,3.12,20.41,0.555,5.556,4.014,6.93,13.48,False
967,86139.4,0.484,1.29,54.83,0.648,5.556,5.071,6.64,48.19,False
968,127728.4,0.209,-0.97,54.81,0.595,5.556,2.152,10.48,44.33,False
969,113296.6,0.438,4.93,86.32,0.399,5.556,4.974,5.32,81.0,False
970,81110.9,0.635,-7.62,77.04,0.519,5.556,5.662,5.61,71.43,False
971,121696.6,0.65,-7.7,96.61,0.537,5.556,3.964,6.88,89.73,False
972,128414.4,0.556,-6.87,38.27,0.524,5.556,3.809,6.97,31.3,False
973,160227.1,0.463,0.43,19.66,0.42,5.556,3.673,6.53,13.13,False
974,74377.0,0.588,8.0,31.78,0.399,5.556,6.735,4.51,27.28,False
975,76213.2,0.529,3.37,73.36,0.505,5.556,5.719,5.5,67.85,False
976,144959.4,0.546,-5.05,76.22,0.456,5.556,3.497,6.95,69.27,False
977,118397.0,0.63,5.07,57.96,0.374,5.556,5.341,4.97,52.99,False
978,121267.6,0.571,3.93,97.87,0.528,5.556,5.119,5.95,91.92,False
979,126864.4,0.221,-1.41,80.83,0.615,5.556,2.228,10.35,70.49,False
980,147387.5,0.587,4.11,67.2,0.647,5.556,4.332,7.15,60.04,False
981,163942.5,0.515,3.66,83.59,0.624,5.556,3.911,7.41,76.18,False
982,87585.6,0.361,3.42,48.89,0.491,5.556,4.076,6.51,42.37,False
983,124042.5,0.331,5.52,5.36,0.466,0.659,3.981,0.36,5.0,False
984,87951.2,0.302,6.57,5.18,0.514,0.323,3.793,0.18,5.0,False
985,77600.5,0.578,3.1,72.09,0.615,5.556,6.166,5.92,66.17,False
986,83774.0,0.396,2.81,48.5,0.499,5.556,4.358,6.31,42.19,False
987,122916.7,0.513,1.49,82.54,0.448,5.556,4.819,5.69,76.85,False
988,92496.0,0.621,-1.85,30.28,0.489,5.556,5.964,5.31,24.97,False
989,146049.4,0.581,-4.69,8.93,0.354,4.151,3.503,3.93,5.0,False
990,92935.1,0.611,-3.95,28.31,0.396,5.556,5.73,4.89,23.41,False
991,77698.6,0.49,4.96,20.9,0.564,5.556,5.488,5.95,14.95,False
992,76490.2,0.613,-3.87,57.84,0.569,5.556,5.834,5.81,52.03,False
993,136969.9,0.345,6.8,9.7,0.537,4.433,4.236,4.7,5.0,False
994,150692.4,0.429,3.01,6.56,0.474,2.129,4.142,1.56,5.0,False
995,83206.9,0.213,-3.21,10.18,0.602,3.484,1.967,5.18,5.0,False
996,94945.2,0.25,6.24,10.38,0.596,4.29,3.256,5.38,5.0,False
997,161181.3,0.223,7.36,10.5,0.468,4.563,3.095,5.5,5.0,False
998,90284.1,0.494,4.96,76.16,0.505,5.556,5.528,5.6,70.56,False
999,141483.1,0.6,-2.59,99.17,0.489,5.556,3.831,6.75,92.42,False
1000,155631.1,0.381,-3.91,89.73,0.582,5.556,3.349,7.84,81.89,False
1001,129820.2,0.438,-5.97,61.63,0.364,5.556,3.85,6.03,55.6,False
1002,109946.8,0.626,-2.67,82.33,0.641,5.556,4.939,6.68,75.65,False
1003,84668.5,0.418,-5.07,6.33,0.387,2.03,3.791,1.33,5.0,False
1004,114138.6,0.516,7.09,36.12,0.438,5.556,5.71,5.13,30.99,False
1005,157296.1,0.436,0.99,4.71,0.616,0.0,3.79,0.0,4.71,False
1006,97003.9,0.391,-7.23,3.12,0.546,0.0,3.313,0.0,3.12,False
1007,76079.8,0.297,-3.71,79.15,0.524,5.556,2.752,8.52,70.63,False
1008,164744.2,0.421,-0.06,79.66,0.629,5.556,3.531,7.87,71.8,False
1009,97528.7,0.233,1.27,35.83,0.45,5.556,2.607,8.42,27.41,False
1010,118074.6,0.359,5.79,96.07,0.608,5.556,4.284,6.98,89.09,False
1011,106122.0,0.326,-2.27,86.43,0.645,5.556,3.172,8.45,77.99,False
1012,117849.5,0.439,-4.04,38.89,0.648,5.556,4.104,7.36,31.53,False
1013,78330.5,0.391,-6.34,77.94,0.434,5.556,3.409,6.94,71.0,False
1014,108969.1,0.555,0.57,54.34,0.398,5.556,5.301,5.12,49.22,False
1015,84855.2,0.207,-3.69,20.22,0.399,5.556,1.865,10.49,9.73,False
1016,77252.1,0.354,-6.52,87.2,0.429,5.556,3.027,7.48,79.72,False
1017,102524.2,0.248,5.49,73.5,0.587,5.556,3.166,8.14,65.36,False
1018,103108.5,0.438,-0.88,28.09,0.541,5.556,4.411,6.5,21.58,False
1019,147694.7,0.362,-7.16,5.02,0.574,0.029,3.033,0.02,5.0,False
1020,100784.9,0.2,-5.57,29.15,0.626,5.556,1.617,13.02,16.13,False
1021,105922.4,0.608,1.17,14.54,0.486,5.556,5.506,5.51,9.04,False
1022,154753.6,0.233,3.77,32.38,0.439,5.556,2.849,7.86,24.52,False
1023,74417.8,0.274,-0.39,29.0,0.572,5.556,2.852,8.59,20.41,False
1024,132032.6,0.577,-1.93,95.8,0.489,5.556,4.175,6.42,89.38,False
1025,156653.4,0.456,-3.0,7.27,0.548,2.484,3.413,2.27,5.0,False
1026,154725.3,0.493,-7.7,23.58,0.544,5.556,2.999,8.17,15.41,False
1027,153315.0,0.349,-2.61,54.22,0.408,5.556,3.363,6.85,47.36,False
1028,97296.0,0.296,1.98,68.5,0.564,5.556,3.294,7.82,60.68,False
1029,149631.4,0.409,5.78,43.91,0.396,5.556,4.439,5.68,38.24,False
1030,157368.5,0.55,-3.81,61.88,0.563,5.556,3.319,7.78,54.11,False
1031,154099.1,0.452,-0.04,3.46,0.544,0.0,3.761,0.0,3.46,False
1032,163126.4,0.529,-5.58,29.67,0.418,5.556,3.022,7.43,22.24,False
1033,123460.0,0.466,-5.06,45.34,0.42,5.556,4.157,6.05,39.29,False
1034,79709.2,0.425,5.02,81.14,0.402,5.556,4.854,5.41,75.73,False
1035,149932.9,0.401,5.0,80.9,0.548,5.556,4.356,6.59,74.31,False
1036,114079.6,0.463,5.22,65.71,0.532,5.556,5.243,5.9,59.81,False
1037,84326.1,0.225,5.16,99.12,0.369,5.556,2.912,7.35,91.77,False
1038,88876.8,0.428,4.53,87.52,0.477,5.556,4.834,5.84,81.67,False
1039,74407.2,0.276,1.68,53.78,0.391,5.556,3.072,7.2,46.58,False
1040,141305.8,0.505,5.34,18.38,0.576,5.556,4.613,6.55,11.84,False
1041,144131.1,0.478,5.08,33.16,0.447,5.556,4.512,5.91,27.25,False
1042,134607.8,0.588,0.48,24.83,0.378,5.556,4.331,5.66,19.16,False
1043,75139.0,0.626,7.27,25.09,0.518,5.556,7.031,5.07,20.01,False
1044,106095.9,0.546,0.04,43.75,0.401,5.556,5.387,5.09,38.66,False
1045,75738.6,0.575,7.92,71.06,0.622,5.556,6.601,5.79,65.27,False
1046,93682.0,0.542,6.73,53.89,0.482,5.556,6.16,5.19,48.71,False
1047,106588.4,0.335,1.42,78.22,0.476,5.556,3.62,6.91,71.31,False
1048,74825.5,0.576,3.99,46.06,0.627,5.556,6.238,5.96,40.1,False
1049,83130.4,0.387,0.2,19.58,0.426,5.556,4.019,6.21,13.37,False
1050,93278.5,0.267,7.17,95.28,0.481,5.556,3.516,7.06,88.22,False
1051,116110.7,0.636,6.92,44.08,0.619,5.556,5.612,6.19,37.89,False
1052,102371.2,0.297,-2.29,47.24,0.507,5.556,2.884,8.17,39.07,False
1053,138668.2,0.376,-6.99,56.87,0.614,5.556,3.198,8.24,48.63,False
1054,155907.0,0.554,-1.8,16.34,0.377,5.556,3.549,6.44,9.9,False
1055,81104.4,0.453,1.81,95.09,0.519,5.556,4.817,6.09,89.0,False
1056,112579.9,0.474,-2.98,77.68,0.398,5.556,4.55,5.6,72.08,False
1057,79407.7,0.209,7.47,6.02,0.589,1.267,2.969,1.02,5.0,False
1058,138879.4,0.215,-7.51,41.13,0.475,5.556,1.568,12.48,28.65,False
1059,153509.0,0.615,-0.39,75.13,0.425,5.556,3.743,6.48,68.64,False
1060,91851.4,0.457,-2.73,17.47,0.382,5.556,4.413,5.62,11.85,False
1061,79036.1,0.579,4.32,7.72,0.416,3.794,6.298,2.72,5.0,False
1062,109136.2,0.452,1.74,67.19,0.618,5.556,4.801,6.65,60.54,False
1063,144875.3,0.517,2.86,65.95,0.363,5.556,4.274,5.63,60.33,False
1064,132372.3,0.445,1.75,76.71,0.521,5.556,4.525,6.31,70.4,False
1065,125286.9,0.291,4.63,84.79,0.355,5.556,3.508,6.37,78.42,False
1066,140722.3,0.343,6.67,89.95,0.358,5.556,4.206,5.66,84.29,False
1067,130707.4,0.648,-4.48,32.75,0.366,5.556,3.967,5.92,26.82,False
1068,165333.8,0.419,-3.05,24.63,0.501,5.556,3.225,7.57,17.07,False
1069,138481.4,0.501,1.32,15.29,0.65,5.556,4.299,7.2,8.09,False
1070,129072.3,0.587,5.38,36.25,0.438,5.556,4.986,5.53,30.72,False
1071,131732.2,0.376,2.51,20.51,0.414,5.556,4.127,6.04,14.47,False
1072,164135.0,0.631,-7.07,75.66,0.457,5.556,2.856,7.94,67.72,False
1073,134907.0,0.214,-6.1,19.09,0.573,5.556,1.694,12.29,6.8,False
1074,89544.4,0.391,-3.28,60.54,0.581,5.556,3.711,7.39,53.15,False
1075,152556.1,0.649,-7.64,35.03,0.48,5.556,3.055,7.72,27.31,False
1076,77621.4,0.48,-3.05,21.69,0.518,5.556,4.607,6.23,15.46,False
1077,74548.1,0.41,-4.15,83.45,0.465,5.556,3.809,6.63,76.82,False
1078,137902.4,0.263,3.33,97.99,0.358,5.556,3.102,6.97,91.02,False
1079,154475.3,0.356,6.21,90.99,0.395,5.556,4.289,5.79,85.2,False
1080,135858.8,0.373,1.98,5.11,0.35,0.282,4.048,0.11,5.0,False
1081,106136.3,0.616,-5.67,97.93,0.536,5.556,4.825,6.18,91.76,False
1082,131428.9,0.384,6.89,17.3,0.462,5.556,4.626,5.9,11.4,False
1083,143695.5,0.524,4.71,19.17,0.397,5.556,4.487,5.64,13.53,False
1084,123465.5,0.321,3.22,48.73,0.63,5.556,3.663,7.71,41.02,False
1085,103619.5,0.463,0.6,61.73,0.597,5.556,4.802,6.53,55.2,False
1086,85118.4,0.384,-6.83,52.88,0.524,5.556,3.285,7.61,45.27,False
1087,124690.5,0.543,6.7,76.7,0.621,5.556,5.265,6.38,70.32,False
1088,82427.6,0.283,-1.62,12.4,0.461,5.285,2.817,7.4,5.01,False
1089,108420.8,0.57,1.27,89.34,0.493,5.556,5.396,5.6,83.74,False
1090,78794.6,0.602,-1.33,89.58,0.386,5.556,5.975,4.72,84.85,False
1091,105581.8,0.284,3.83,73.59,0.474,5.556,3.363,7.22,66.36,False
1092,109630.5,0.595,-1.25,64.78,0.513,5.556,5.093,5.88,58.9,False
1093,85863.2,0.503,0.89,50.59,0.545,5.556,5.221,5.98,44.6,False
1094,134885.3,0.332,-0.28,30.46,0.554,5.556,3.427,7.58,22.88,False
1095,136591.8,0.573,6.76,48.35,0.514,5.556,4.886,6.01,42.34,False
1096,140751.3,0.239,-0.37,80.19,0.434,5.556,2.509,8.56,71.63,False
1097,127946.2,0.344,-0.64,62.54,0.593,5.556,3.508,7.69,54.85,False
1098,155561.1,0.437,-2.96,41.08,0.398,5.556,3.443,6.7,34.38,False
1099,116596.6,0.425,-0.41,93.43,0.521,5.556,4.329,6.46,86.97,False
1100,159963.1,0.268,4.36,36.59,0.399,5.556,3.256,6.96,29.63,False
1101,103131.4,0.55,-7.63,81.74,0.464,5.556,4.784,5.8,75.94,False
1102,79601.2,0.284,6.74,99.44,0.48,5.556,3.638,6.91,92.53,False
1103,120816.3,0.323,-5.47,41.18,0.556,5.556,2.829,8.54,32.64,False
1104,146154.0,0.297,2.59,92.23,0.523,5.556,3.361,7.49,84.74,False
1105,97192.7,0.593,-5.49,93.73,0.387,5.556,5.319,5.05,88.68,False
1106,109712.6,0.585,6.61,4.09,0.449,0.0,5.856,0.0,4.09,False
1107,124241.9,0.235,-4.09,63.04,0.414,5.556,2.102,9.64,53.4,False
1108,145809.0,0.577,-0.98,47.73,0.536,5.556,3.874,6.96,40.77,False
1109,108108.4,0.312,5.26,94.25,0.543,5.556,3.767,7.11,87.14,False
1110,151584.0,0.353,-5.34,95.2,0.486,5.556,3.131,7.63,87.57,False
1111,144387.9,0.599,6.27,17.19,0.566,5.556,4.621,6.48,10.71,False
1112,122206.0,0.353,6.0,22.01,0.579,5.556,4.242,6.86,15.16,False
1113,147304.9,0.599,1.22,37.34,0.574,5.556,4.051,7.0,30.34,False
1114,84396.6,0.581,2.76,4.22,0.424,0.0,6.168,0.0,4.22,False
1115,137340.3,0.608,3.49,24.43,0.396,5.556,4.544,5.59,18.84,False
1116,104341.5,0.244,3.03,7.8,0.492,2.842,2.886,2.8,5.0,False
1117,92399.6,0.645,4.91,17.29,0.394,5.556,6.632,4.51,12.78,False
1118,100036.8,0.272,-0.94,95.92,0.527,5.556,2.772,8.49,87.43,False
1119,138005.1,0.477,-6.7,19.88,0.422,5.556,3.527,6.72,13.16,False
1120,145151.4,0.619,2.74,38.01,0.375,5.556,4.256,5.71,32.29,False
1121,135960.2,0.467,-0.83,43.07,0.508,5.556,4.162,6.53,36.54,False
1122,161338.6,0.322,0.5,85.69,0.432,5.556,3.406,6.93,78.76,False
1123,94145.9,0.362,-7.14,47.78,0.606,5.556,3.044,8.44,39.35,False
1124,156143.8,0.379,-3.42,60.51,0.562,5.556,3.385,7.68,52.83,False
1125,113977.7,0.306,0.11,79.0,0.629,5.556,3.21,8.3,70.7,False
1126,128625.7,0.206,2.94,30.05,0.63,5.556,2.502,9.66,20.39,False
1127,161490.8,0.589,7.87,43.26,0.566,5.556,4.373,6.67,36.59,False
1128,156938.9,0.209,5.39,53.41,0.481,5.556,2.772,8.24,45.17,False
1129,126125.1,0.227,3.74,38.94,0.443,5.556,2.791,7.99,30.95,False
1130,109470.3,0.557,-3.52,73.44,0.452,5.556,4.878,5.67,67.76,False
1131,96080.7,0.526,3.92,57.25,0.544,5.556,5.735,5.71,51.54,False
1132,80931.6,0.334,-1.15,13.7,0.58,5.556,3.365,7.81,5.9,False
1133,130996.2,0.28,-2.74,80.02,0.608,5.556,2.679,9.14,70.88,False
1134,132702.8,0.631,5.7,98.98,0.422,5.556,4.901,5.49,93.49,False
1135,129544.4,0.427,4.0,31.84,0.484,5.556,4.773,5.92,25.92,False
1136,153080.1,0.293,5.81,31.75,0.649,5.556,3.633,7.85,23.9,False
1137,95299.8,0.598,-0.97,45.54,0.437,5.556,5.875,5.05,40.49,False
1138,89794.4,0.609,-4.62,38.63,0.631,5.556,5.713,6.21,32.42,False
1139,91720.2,0.465,0.15,59.22,0.35,5.556,4.776,5.18,54.04,False
1140,79690.4,0.527,-4.17,45.77,0.387,5.556,4.955,5.26,40.51,False
1141,142453.9,0.631,6.81,59.56,0.446,5.556,4.725,5.74,53.82,False
1142,125661.5,0.539,6.45,69.25,0.552,5.556,5.207,6.03,63.22,False
1143,97479.3,0.539,-3.93,30.16,0.551,5.556,5.095,6.09,24.07,False
1144,113765.2,0.29,4.28,60.9,0.518,5.556,3.462,7.33,53.57,False
1145,78517.8,0.209,7.36,69.68,0.481,5.556,2.964,7.88,61.81,False
1146,83497.1,0.456,4.37,7.34,0.388,3.288,5.09,2.34,5.0,False
1147,81579.1,0.63,0.93,40.5,0.556,5.556,6.474,5.47,35.03,False
1148,163051.1,0.285,-6.22,73.02,0.552,5.556,2.382,9.54,63.47,False
1149,137549.3,0.567,-2.26,46.96,0.621,5.556,3.975,7.33,39.63,False
1150,115875.0,0.458,-4.01,82.07,0.446,5.556,4.294,6.07,76.0,False
1151,140818.1,0.241,-6.86,76.52,0.524,5.556,1.888,11.09,65.43,False
1152,139620.0,0.609,0.55,59.77,0.419,5.556,4.191,6.01,53.77,False
1153,144699.9,0.22,1.94,65.76,0.504,5.556,2.545,8.86,56.89,False
1154,87627.3,0.532,-7.73,38.65,0.556,5.556,4.651,6.41,32.24,False
1155,132660.3,0.424,1.83,98.5,0.365,5.556,4.523,5.44,93.06,False
1156,91815.8,0.339,-2.96,8.73,0.508,3.534,3.229,3.73,5.0,False
1157,135852.2,0.494,-1.67,83.93,0.633,5.556,4.083,7.29,76.63,False
1158,82495.3,0.21,1.29,64.94,0.513,5.556,2.386,9.32,55.62,False
1159,125006.2,0.478,3.88,16.37,0.37,5.556,4.979,5.15,11.21,False
1160,77582.9,0.205,-6.55,57.2,0.62,5.556,1.561,13.33,43.87,False
1161,107018.2,0.619,4.38,71.72,0.6,5.556,5.767,6.01,65.72,False
1162,154308.1,0.359,2.92,84.19,0.44,5.556,4.003,6.3,77.89,False
1163,112270.4,0.516,2.81,91.76,0.473,5.556,5.373,5.5,86.26,False
1164,115907.4,0.552,-2.24,51.54,0.478,5.556,4.724,5.92,45.62,False
1165,155870.3,0.472,-4.85,90.27,0.456,5.556,3.251,7.28,82.98,False
1166,96030.2,0.237,-4.33,73.52,0.521,5.556,2.097,10.26,63.26,False
1167,165405.6,0.536,1.47,62.63,0.563,5.556,3.667,7.34,55.3,False
1168,138966.9,0.64,7.58,81.66,0.555,5.556,4.897,6.24,75.42,False
1169,80819.6,0.649,-5.3,95.62,0.353,5.556,6.036,4.52,91.1,False
1170,154860.1,0.612,4.57,20.48,0.495,5.556,4.197,6.43,14.06,False
1171,149192.0,0.543,0.61,33.19,0.407,5.556,3.944,6.17,27.02,False
1172,131839.0,0.535,-7.98,79.99,0.576,5.556,3.589,7.5,72.49,False
1173,129952.6,0.548,-1.69,44.36,0.423,5.556,4.265,5.97,38.39,False
1174,135644.3,0.268,-6.23,8.83,0.628,2.958,2.211,3.83,5.0,False
1175,125723.1,0.323,-7.67,96.37,0.432,5.556,2.604,8.33,88.04,False
1176,111582.5,0.221,-4.21,90.11,0.351,5.556,1.954,9.85,80.26,False
1177,137836.4,0.608,1.84,90.79,0.367,5.556,4.368,5.57,85.22,False
1178,120238.6,0.456,0.99,90.93,0.489,5.556,4.771,5.95,84.98,False
1179,118483.1,0.268,3.67,74.16,0.512,5.556,3.189,7.68,66.48,False
1180,120855.5,0.328,-3.5,7.48,0.567,2.531,3.072,2.48,5.0,False
1181,91010.6,0.358,2.78,84.64,0.645,5.556,3.984,7.46,77.18,False
1182,74291.7,0.628,-5.08,58.53,0.523,5.556,5.854,5.54,52.98,False
1183,85731.1,0.393,-1.51,10.79,0.578,4.836,3.907,5.79,5.0,False
1184,76989.2,0.575,-4.35,10.37,0.502,5.373,5.405,5.37,5.0,False
1185,105395.0,0.433,4.62,75.12,0.568,5.556,4.89,6.31,68.81,False
1186,93067.4,0.511,5.55,13.42,0.635,5.556,5.745,6.21,7.2,False
1187,91338.7,0.53,-2.59,41.81,0.396,5.556,5.139,5.2,36.61,False
1188,132023.5,0.462,-7.68,53.1,0.37,5.556,3.612,6.33,46.77,False
1189,158178.0,0.539,-0.44,64.93,0.377,5.556,3.632,6.34,58.59,False
1190,153887.9,0.51,5.92,92.13,0.58,5.556,4.352,6.77,85.37,False
1191,101980.1,0.608,-0.78,92.33,0.474,5.556,5.516,5.43,86.9,False
1192,160864.3,0.496,-1.85,44.87,0.357,5.556,3.435,6.48,38.39,False
1193,106331.2,0.644,0.99,81.1,0.405,5.556,5.468,5.07,76.03,False
1194,74479.6,0.469,2.0,91.68,0.578,5.556,5.0,6.3,85.38,False
1195,92964.4,0.289,5.17,92.01,0.493,5.556,3.541,7.1,84.91,False
1196,103122.4,0.398,4.16,37.81,0.398,5.556,4.502,5.64,32.17,False
1197,84479.3,0.412,6.21,93.89,0.602,5.556,4.836,6.53,87.35,False
1198,136102.3,0.311,1.31,44.62,0.585,5.556,3.373,7.83,36.8,False
1199,86955.0,0.532,-6.18,54.69,0.556,5.556,4.807,6.3,48.38,False
1200,83687.9,0.384,1.63,9.34,0.589,4.03,4.123,4.34,5.0,False
1201,106446.1,0.243,6.65,76.92,0.645,5.556,3.232,8.36,68.57,False
1202,85579.8,0.517,-4.91,70.64,0.429,5.556,4.788,5.6,65.04,False
1203,126284.9,0.47,4.69,83.7,0.366,5.556,5.013,5.11,78.59,False
1204,152627.7,0.618,-2.72,65.44,0.417,5.556,3.535,6.68,58.76,False
1205,163177.5,0.46,2.66,89.21,0.531,5.556,3.829,6.98,82.22,False
1206,114342.3,0.458,4.9,9.36,0.624,4.217,5.162,4.36,5.0,False
1207,161652.1,0.204,4.22,9.38,0.522,3.608,2.611,4.38,5.0,False
1208,113021.9,0.633,-3.97,10.73,0.442,5.536,4.675,5.72,5.0,False
1209,111832.3,0.38,0.56,26.34,0.53,5.556,3.979,6.82,19.52,False
1210,148079.7,0.517,2.99,86.07,0.52,5.556,4.205,6.56,79.51,False
1211,157773.0,0.388,-4.62,87.28,0.578,5.556,3.231,7.99,79.29,False
1212,95197.2,0.525,-6.33,61.97,0.463,5.556,4.721,5.84,56.13,False
1213,119556.2,0.332,2.78,20.4,0.54,5.556,3.724,7.14,13.26,False
1214,153863.3,0.301,7.49,65.17,0.436,5.556,3.877,6.4,58.77,False
1215,142351.4,0.623,5.44,16.0,0.54,5.556,4.594,6.36,9.64,False
1216,158462.3,0.22,-0.69,24.53,0.543,5.556,2.292,9.75,14.79,False
1217,84427.3,0.528,7.39,20.09,0.493,5.556,6.087,5.27,14.82,False
1218,92723.1,0.374,-5.31,86.77,0.357,5.556,3.342,6.6,80.17,False
1219,74186.1,0.61,1.53,35.79,0.543,5.556,6.338,5.45,30.34,False
1220,74699.2,0.616,3.07,34.7,0.5,5.556,6.538,5.14,29.56,False
1221,164611.4,0.34,-0.16,43.46,0.611,5.556,3.517,7.78,35.68,False
1222,140666.8,0.243,3.39,71.33,0.429,5.556,2.912,7.69,63.64,False
1223,135155.4,0.386,2.84,27.51,0.488,5.556,4.257,6.34,21.18,False
1224,116454.8,0.279,-6.02,77.86,0.561,5.556,2.344,9.7,68.16,False
1225,74700.5,0.463,7.13,87.39,0.522,5.556,5.426,5.74,81.64,False
1226,83306.5,0.454,-3.0,6.99,0.372,2.843,4.352,1.99,5.0,False
1227,156093.1,0.354,0.9,47.76,0.441,5.556,3.756,6.56,41.2,False
1228,100311.4,0.272,1.22,41.0,0.438,5.556,2.983,7.61,33.39,False
1229,75018.3,0.622,-1.71,58.86,0.499,5.556,6.129,5.29,53.57,False
1230,92927.6,0.543,2.23,88.06,0.407,5.556,5.747,4.95,83.11,False
1231,132532.7,0.477,-5.07,15.21,0.578,5.556,3.851,7.22,7.99,False
1232,155609.1,0.374,-7.75,93.16,0.443,5.556,2.974,7.65,85.51,False
1233,145365.4,0.484,0.1,55.45,0.48,5.556,3.992,6.53,48.92,False
1234,163615.1,0.237,-5.57,17.25,0.468,5.556,1.97,10.43,6.82,False
1235,160638.6,0.216,-2.95,27.0,0.626,5.556,2.029,11.08,15.92,False
1236,164455.5,0.225,5.1,23.68,0.396,5.556,2.904,7.51,16.17,False
1237,143965.9,0.528,7.14,90.42,0.426,5.556,4.716,5.64,84.78,False
1238,156987.5,0.469,-1.22,7.22,0.497,2.584,3.58,2.22,5.0,False
1239,158940.2,0.342,5.45,72.89,0.526,5.556,4.08,6.71,66.18,False
1240,136638.9,0.313,-7.98,28.96,0.415,5.556,2.477,8.53,20.43,False
1241,132402.8,0.329,4.41,70.36,0.36,5.556,3.857,6.0,64.36,False
1242,110914.5,0.487,1.73,60.89,0.561,5.556,5.141,6.12,54.77,False
1243,150718.8,0.318,-2.74,91.23,0.545,5.556,3.045,8.1,83.13,False
1244,146833.4,0.562,0.04,64.68,0.463,5.556,3.947,6.48,58.2,False
1245,135974.6,0.282,-0.98,9.68,0.559,3.822,2.872,4.68,5.0,False
1246,160710.9,0.509,-1.5,13.48,0.608,5.556,3.473,7.82,5.65,False
1247,127314.9,0.53,-3.19,91.29,0.55,5.556,4.206,6.72,84.57,False
1248,144546.5,0.44,-0.85,50.42,0.598,5.556,3.92,7.26,43.16,False
1249,151551.5,0.209,7.34,13.01,0.388,5.435,2.964,7.09,5.92,False
1250,92867.2,0.428,-1.76,80.65,0.63,5.556,4.224,7.15,73.49,False
1251,150667.2,0.468,-6.69,77.74,0.627,5.556,3.193,8.32,69.42,False
1252,100113.5,0.324,2.88,84.15,0.579,5.556,3.654,7.44,76.71,False
1253,91999.2,0.617,4.86,73.81,0.478,5.556,6.654,4.97,68.84,False
1254,74446.0,0.418,2.4,57.82,0.382,5.556,4.532,5.52,52.3,False
1255,153673.1,0.453,1.69,66.6,0.434,5.556,3.943,6.33,60.28,False
1256,130992.5,0.508,-2.44,87.49,0.525,5.556,4.157,6.63,80.86,False
1257,91220.3,0.419,3.77,43.06,0.619,5.556,4.674,6.74,36.32,False
1258,118602.8,0.407,2.1,59.46,0.497,5.556,4.395,6.27,53.19,False
1259,116500.7,0.545,-2.37,52.81,0.569,5.556,4.687,6.45,46.36,False
1260,162899.8,0.241,-7.58,51.69,0.36,5.556,1.818,10.49,41.2,False
1261,100323.4,0.302,-7.04,80.8,0.574,5.556,2.466,9.45,71.35,False
1262,80679.8,0.433,0.3,25.68,0.459,5.556,4.479,6.0,19.69,False
1263,118757.3,0.361,4.61,80.92,0.554,5.556,4.19,6.76,74.16,False
1264,139583.5,0.557,7.32,77.86,0.6,5.556,4.854,6.51,71.35,False
1265,81832.7,0.467,7.72,6.82,0.468,2.593,5.523,1.82,5.0,False
1266,158508.4,0.353,-3.06,83.74,0.563,5.556,3.359,7.72,76.02,False
1267,140719.1,0.623,-4.76,91.95,0.38,5.556,3.64,6.35,85.6,False
1268,97144.1,0.289,7.17,40.58,0.416,5.556,3.725,6.45,34.13,False
1269,95896.4,0.476,1.74,42.9,0.568,5.556,5.04,6.22,36.68,False
1270,91418.6,0.435,5.85,83.62,0.375,5.556,5.027,5.15,78.46,False
1271,124675.0,0.382,-3.5,77.89,0.636,5.556,3.605,7.81,70.08,False
1272,139481.8,0.384,7.25,30.92,0.599,5.556,4.663,6.64,24.28,False
1273,115308.5,0.498,5.44,89.59,0.539,5.556,5.501,5.8,83.79,False
1274,121520.4,0.352,0.06,92.93,0.565,5.556,3.658,7.36,85.57,False
1275,131969.7,0.511,3.53,41.44,0.489,5.556,4.712,5.99,35.45,False
1276,131239.2,0.262,-4.4,38.19,0.561,5.556,2.334,9.73,28.46,False
1277,133299.7,0.203,4.9,11.49,0.388,4.938,2.667,6.49,5.0,False
1278,74840.0,0.325,-0.12,47.06,0.415,5.556,3.375,6.88,40.18,False
1279,164993.5,0.244,2.47,76.26,0.412,5.556,2.835,7.73,68.53,False
1280,81211.5,0.293,-7.37,89.74,0.368,5.556,2.34,8.64,81.1,False
1281,116519.6,0.219,-3.03,65.77,0.397,5.556,2.048,9.74,56.03,False
1282,163456.6,0.424,4.94,85.42,0.524,5.556,4.047,6.72,78.7,False
1283,116047.9,0.619,-6.71,54.7,0.488,5.556,4.281,6.32,48.38,False
1284,90018.8,0.398,-3.52,11.64,0.64,5.056,3.753,6.64,5.0,False
1285,120255.8,0.267,-5.32,3.07,0.615,0.0,2.286,0.0,3.07,False
1286,152718.7,0.535,-2.47,79.77,0.437,5.556,3.558,6.77,73.01,False
1287,157425.5,0.219,2.39,3.02,0.572,0.0,2.574,0.0,3.02,False
1288,76995.8,0.45,0.85,45.0,0.473,5.556,4.698,5.91,39.09,False
1289,100087.6,0.597,4.54,47.83,0.553,5.556,6.139,5.59,42.24,False
1290,85061.7,0.457,-5.96,71.14,0.428,5.556,4.093,6.15,65.0,False
1291,153321.3,0.338,1.39,49.72,0.495,5.556,3.649,6.98,42.74,False
1292,84549.9,0.357,4.16,69.59,0.381,5.556,4.102,5.88,63.71,False
1293,78128.1,0.359,7.98,16.03,0.511,5.556,4.494,6.28,9.75,False
1294,105745.8,0.501,-0.27,24.4,0.392,5.556,5.084,5.21,19.19,False
1295,101837.2,0.333,-7.64,4.04,0.354,0.0,2.704,0.0,4.04,False
1296,103685.5,0.645,5.02,81.16,0.483,5.556,5.995,5.26,75.91,False
1297,103600.8,0.479,-4.03,44.06,0.466,5.556,4.502,6.02,38.04,False
1298,127737.8,0.467,3.02,28.66,0.372,5.556,4.8,5.28,23.38,False
1299,115500.9,0.367,-7.99,19.85,0.453,5.556,3.006,7.65,12.2,False
1300,103828.7,0.571,-2.83,61.6,0.361,5.556,5.218,4.96,56.63,False
1301,138780.5,0.63,-4.14,32.51,0.373,5.556,3.755,6.18,26.33,False
1302,145596.2,0.318,2.43,15.08,0.633,5.556,3.559,7.85,7.23,False
1303,138355.9,0.366,-4.28,85.52,0.649,5.556,3.364,8.2,77.32,False
1304,134969.8,0.326,-3.46,37.17,0.368,5.556,3.051,7.1,30.06,False
1305,131808.8,0.277,6.25,74.36,0.574,5.556,3.52,7.57,66.78,False
1306,126424.5,0.496,-2.66,81.06,0.614,5.556,4.288,7.01,74.05,False
1307,149569.7,0.341,-5.2,98.7,0.6,5.556,3.025,8.44,90.27,False
1308,116801.7,0.614,-5.47,83.73,0.528,5.556,4.372,6.46,77.27,False
1309,137091.1,0.307,-3.98,50.53,0.598,5.556,2.816,8.8,41.73,False
1310,78299.8,0.593,7.79,98.18,0.634,5.556,6.758,5.81,92.38,False
1311,142374.4,0.548,5.96,55.45,0.476,5.556,4.645,5.97,49.49,False
1312,160090.7,0.529,-1.38,61.11,0.514,5.556,3.498,7.26,53.85,False
1313,111819.2,0.538,4.01,38.64,0.597,5.556,5.511,6.12,32.52,False
1314,100336.2,0.38,4.91,94.88,0.438,5.556,4.405,5.93,88.95,False
1315,81316.8,0.271,5.93,87.98,0.573,5.556,3.435,7.68,80.3,False
1316,76496.4,0.263,-0.37,37.38,0.627,5.556,2.745,9.1,28.28,False
1317,92852.9,0.37,-3.35,34.82,0.519,5.556,3.496,7.3,27.52,False
1318,129620.6,0.426,7.4,33.53,0.609,5.556,5.085,6.42,27.11,False
1319,135049.4,0.489,-5.93,74.04,0.542,5.556,3.69,7.19,66.85,False
1320,121636.1,0.596,3.04,93.56,0.559,5.556,5.018,6.18,87.38,False
1321,147140.9,0.552,-1.84,63.76,0.499,5.556,3.755,6.88,56.87,False
1322,77113.5,0.335,-6.36,66.91,0.466,5.556,2.857,7.99,58.92,False
1323,114880.2,0.584,-7.79,65.0,0.605,5.556,4.223,7.02,57.99,False
1324,148219.4,0.351,-6.55,45.46,0.364,5.556,2.997,7.17,38.29,False
1325,83499.6,0.455,-3.22,27.43,0.404,5.556,4.34,5.8,21.63,False
1326,151159.7,0.59,4.21,40.74,0.434,5.556,4.249,6.05,34.7,False
1327,89514.1,0.439,5.37,56.85,0.549,5.556,5.026,6.12,50.73,False
1328,149937.8,0.473,-6.55,28.6,0.389,5.556,3.225,6.95,21.65,False
1329,117265.1,0.406,2.79,79.7,0.607,5.556,4.453,6.84,72.86,False
1330,135850.1,0.52,-6.4,21.15,0.535,5.556,3.619,7.23,13.91,False
1331,138521.8,0.646,2.47,16.39,0.646,5.556,4.411,7.09,9.31,False
1332,117742.1,0.259,5.55,38.42,0.472,5.556,3.274,7.33,31.09,False
1333,142621.3,0.507,5.72,12.68,0.548,5.556,4.615,6.39,6.29,False
1334,106639.3,0.601,-1.86,87.04,0.35,5.556,5.174,4.93,82.11,False
1335,137700.2,0.495,7.81,48.08,0.398,5.556,4.956,5.33,42.75,False
1336,93142.3,0.494,-0.85,89.66,0.405,5.556,4.958,5.36,84.3,False
1337,130913.3,0.541,7.12,84.83,0.438,5.556,5.096,5.46,79.37,False
1338,131908.7,0.325,-0.24,23.76,0.359,5.556,3.364,6.58,17.18,False
1339,74850.0,0.31,-3.64,88.12,0.465,5.556,2.884,7.93,80.19,False
1340,90423.8,0.528,5.33,70.19,0.46,5.556,5.888,5.17,65.01,False
1341,136823.7,0.581,-4.96,86.71,0.385,5.556,3.732,6.28,80.44,False
1342,154418.6,0.356,-1.78,6.08,0.621,1.334,3.517,1.08,5.0,False
1343,142305.2,0.34,0.07,71.89,0.418,5.556,3.541,6.68,65.21,False
1344,136717.9,0.328,-2.68,92.95,0.363,5.556,3.155,6.91,86.04,False
1345,153561.0,0.476,-0.38,61.76,0.523,5.556,3.742,7.03,54.73,False
1346,89370.5,0.219,0.2,45.66,0.524,5.556,2.364,9.44,36.22,False
1347,137038.4,0.417,-3.74,35.2,0.375,5.556,3.845,6.1,29.1,False
1348,93632.7,0.549,0.87,42.44,0.536,5.556,5.669,5.7,36.74,False
1349,75490.9,0.255,0.29,63.9,0.367,5.556,2.731,7.69,56.21,False
1350,138939.0,0.288,4.05,53.51,0.595,5.556,3.422,7.82,45.7,False
1351,153782.3,0.529,-1.08,17.37,0.586,5.556,3.668,7.46,9.9,False
1352,142612.9,0.37,1.25,92.38,0.522,5.556,3.949,6.81,85.57,False
1353,147398.7,0.537,4.02,97.87,0.434,5.556,4.324,5.98,91.89,False
1354,148398.2,0.208,2.21,81.15,0.626,5.556,2.452,9.77,71.38,False
1355,141850.5,0.314,6.95,14.93,0.402,5.556,3.952,6.14,8.79,False
1356,84967.1,0.411,5.58,61.69,0.469,5.556,4.772,5.84,55.85,False
1357,124962.1,0.477,4.58,73.44,0.587,5.556,5.048,6.32,67.12,False
1358,151369.6,0.641,0.62,21.61,0.647,5.556,3.893,7.56,14.06,False
1359,139171.4,0.271,-0.07,29.68,0.575,5.556,2.846,8.62,21.06,False
1360,95272.5,0.53,-0.74,13.91,0.618,5.556,5.326,6.33,7.58,False
1361,101348.3,0.611,-2.68,63.15,0.585,5.556,5.363,6.13,57.02,False
1362,129057.1,0.409,6.66,36.38,0.352,5.556,4.849,5.14,31.24,False
1363,123561.9,0.415,5.78,35.43,0.436,5.556,4.83,5.62,29.81,False
1364,82866.4,0.55,-5.05,82.52,0.418,5.556,5.093,5.36,77.17,False
1365,165194.2,0.469,-0.79,3.85,0.546,0.0,3.448,0.0,3.85,False
1366,77941.9,0.429,6.77,11.36,0.359,5.556,5.06,5.05,6.31,False
1367,121692.1,0.461,-6.1,59.02,0.579,5.556,4.118,6.96,52.06,False
1368,131851.6,0.214,-4.04,66.66,0.454,5.556,1.898,10.66,56.01,False
1369,138492.1,0.201,7.67,39.48,0.512,5.556,2.917,8.13,31.34,False
1370,108486.2,0.378,2.87,8.65,0.633,3.479,4.188,3.65,5.0,False
1371,162807.4,0.204,1.62,58.82,0.456,5.556,2.354,9.09,49.73,False
1372,110668.8,0.347,-1.29,48.65,0.403,5.556,3.479,6.68,41.98,False
1373,111697.5,0.361,7.3,56.08,0.373,5.556,4.449,5.54,50.53,False
1374,86195.8,0.287,2.25,6.25,0.505,1.644,3.23,1.25,5.0,False
1375,149601.8,0.568,1.01,41.95,0.362,5.556,3.973,5.89,36.05,False
1376,108386.1,0.419,3.33,26.64,0.573,5.556,4.635,6.51,20.13,False
1377,124744.6,0.475,-0.09,87.46,0.502,5.556,4.599,6.14,81.32,False
1378,91531.9,0.378,-3.29,29.3,0.499,5.556,3.586,7.07,22.23,False
1379,134833.3,0.495,-7.24,81.84,0.618,5.556,3.568,7.76,74.08,False
1380,121477.4,0.488,-0.82,32.84,0.555,5.556,4.646,6.41,26.43,False
1381,118636.0,0.297,1.46,54.76,0.37,5.556,3.252,6.8,47.95,False
1382,139551.8,0.303,7.47,65.65,0.61,5.556,3.891,7.35,58.3,False
1383,101837.9,0.215,-2.67,32.46,0.539,5.556,2.04,10.56,21.9,False
1384,144655.7,0.316,6.45,48.94,0.552,5.556,3.919,7.01,41.93,False
1385,74383.5,0.21,-6.21,45.44,0.464,5.556,1.643,11.97,33.47,False
1386,120733.3,0.37,-1.19,95.41,0.485,5.556,3.714,6.85,88.56,False
1387,83543.5,0.521,5.28,73.34,0.538,5.556,5.816,5.64,67.69,False
1388,160297.8,0.541,-2.01,66.69,0.545,5.556,3.432,7.53,59.16,False
1389,136938.2,0.577,5.25,4.13,0.614,0.0,4.727,0.0,4.13,False
1390,99789.2,0.53,1.92,8.19,0.409,4.102,5.58,3.19,5.0,False
1391,77632.8,0.543,4.62,35.57,0.562,5.556,5.977,5.71,29.87,False
1392,76679.1,0.365,-3.7,63.78,0.452,5.556,3.415,7.03,56.75,False
1393,145659.0,0.395,-2.82,6.21,0.544,1.595,3.696,1.21,5.0,False
1394,109677.2,0.264,-2.11,61.75,0.502,5.556,2.578,8.78,52.98,False
1395,160923.7,0.643,6.17,86.42,0.39,5.556,4.22,5.82,80.6,False
1396,153251.0,0.528,-0.9,72.38,0.354,5.556,3.698,6.14,66.24,False
1397,132697.4,0.208,3.71,15.75,0.436,5.556,2.598,8.36,7.38,False
1398,111351.8,0.539,5.61,28.94,0.45,5.556,5.687,5.21,23.72,False
1399,137082.4,0.286,-5.3,82.8,0.446,5.556,2.479,8.7,74.1,False
1400,128495.4,0.612,6.28,54.13,0.365,5.556,5.093,5.06,49.07,False
1401,91492.2,0.442,7.96,67.7,0.42,5.556,5.3,5.24,62.45,False
1402,156318.8,0.489,-4.24,18.1,0.371,5.556,3.301,6.74,11.37,False
1403,143205.8,0.415,-1.19,59.07,0.368,5.556,3.922,5.98,53.09,False
1404,164957.5,0.285,-7.75,52.49,0.565,5.556,2.226,10.07,42.42,False
1405,140551.8,0.265,-6.26,73.85,0.478,5.556,2.184,9.72,64.13,False
1406,83884.6,0.564,-7.52,32.98,0.354,5.556,4.982,5.06,27.92,False
1407,112445.1,0.41,6.53,41.37,0.502,5.556,4.846,5.97,35.4,False
1408,157985.9,0.556,0.75,75.56,0.52,5.556,3.753,7.0,68.56,False
1409,111470.0,0.286,7.12,7.65,0.364,3.28,3.693,2.65,5.0,False
1410,103312.8,0.536,-0.62,60.52,0.458,5.556,5.395,5.41,55.11,False
1411,133524.4,0.384,-3.26,70.21,0.457,5.556,3.643,6.77,63.44,False
1412,100599.5,0.435,-2.22,87.49,0.406,5.556,4.251,5.89,81.6,False
1413,102535.9,0.548,-0.79,94.84,0.614,5.556,5.485,6.22,88.62,False
1414,157671.5,0.582,-2.06,24.31,0.617,5.556,3.484,7.86,16.45,False
1415,139661.0,0.456,4.61,29.7,0.411,5.556,4.588,5.65,24.05,False
1416,103781.6,0.25,-6.0,85.41,0.514,5.556,2.055,10.36,75.05,False
1417,117401.3,0.507,-5.86,10.44,0.497,5.03,4.308,5.44,5.0,False
1418,132362.2,0.285,3.47,61.77,0.359,5.556,3.329,6.63,55.14,False
1419,164804.2,0.38,-2.37,36.6,0.466,5.556,3.302,7.26,29.34,False
1420,97708.4,0.21,-4.17,48.33,0.619,5.556,1.846,11.8,36.53,False
1421,154193.9,0.417,-3.93,31.98,0.609,5.556,3.38,7.95,24.03,False
1422,152297.0,0.451,-0.6,79.04,0.437,5.556,3.75,6.54,72.5,False
1423,122670.7,0.465,4.63,22.97,0.634,5.556,5.135,6.53,16.45,False
1424,149282.6,0.536,-0.55,82.13,0.388,5.556,3.828,6.18,75.94,False
1425,113780.9,0.236,-1.31,75.88,0.552,5.556,2.386,9.54,66.35,False
1426,136647.7,0.226,-3.72,37.37,0.396,5.556,2.052,9.72,27.65,False
1427,126363.7,0.566,-2.04,6.63,0.404,2.402,4.349,1.63,5.0,False
1428,129005.1,0.387,3.08,71.67,0.56,5.556,4.295,6.7,64.96,False
1429,132442.4,0.491,2.75,28.49,0.52,5.556,4.62,6.23,22.26,False
1430,122462.0,0.448,-2.48,51.44,0.402,5.556,4.347,5.78,45.65,False
1431,115824.2,0.302,7.7,54.92,0.484,5.556,3.908,6.64,48.28,False
1432,105719.6,0.32,2.53,6.55,0.474,2.042,3.583,1.55,5.0,False
1433,158997.9,0.36,4.43,96.66,0.488,5.556,4.091,6.48,90.18,False
1434,148853.5,0.458,7.61,77.02,0.425,5.556,4.637,5.69,71.33,False
1435,138985.8,0.356,-2.07,55.55,0.383,5.556,3.489,6.55,49.0,False
1436,97393.9,0.556,0.39,87.7,0.442,5.556,5.695,5.17,82.54,False
1437,90331.3,0.632,2.76,12.43,0.45,5.556,6.558,4.85,7.58,False
1438,137204.8,0.427,-6.79,82.57,0.525,5.556,3.542,7.27,75.29,False
1439,124838.9,0.576,6.06,21.64,0.449,5.556,5.197,5.46,16.18,False
1440,102572.3,0.387,-3.09,98.91,0.488,5.556,3.688,6.9,92.01,False
1441,141702.6,0.283,2.15,93.54,0.454,5.556,3.184,7.37,86.17,False
1442,80875.9,0.223,1.28,16.41,0.624,5.556,2.516,9.6,6.81,False
1443,146991.9,0.405,-0.92,57.87,0.472,5.556,3.849,6.63,51.24,False
1444,81747.3,0.54,3.18,30.77,0.518,5.556,5.806,5.53,25.23,False
1445,157614.3,0.439,-6.61,74.52,0.613,5.556,3.04,8.48,66.04,False
1446,116915.0,0.581,4.04,45.67,0.586,5.556,5.298,6.17,39.5,False
1447,146361.8,0.426,-1.8,84.3,0.617,5.556,3.78,7.51,76.79,False
1448,107934.4,0.581,-1.39,28.83,0.432,5.556,5.158,5.39,23.44,False
1449,112484.3,0.578,-7.5,86.04,0.482,5.556,4.354,6.22,79.82,False
1450,157396.8,0.37,2.62,29.83,0.525,5.556,3.949,6.83,23.01,False
1451,137391.0,0.408,-7.17,58.29,0.624,5.556,3.486,7.89,50.4,False
1452,79415.7,0.308,-6.43,67.08,0.478,5.556,2.581,8.63,58.45,False
1453,102816.1,0.497,-0.77,51.44,0.596,5.556,4.994,6.4,45.04,False
1454,100482.5,0.24,-4.9,29.08,0.399,5.556,2.07,9.67,19.41,False
1455,150616.6,0.524,2.48,72.77,0.373,5.556,4.093,5.84,66.93,False
1456,123988.3,0.62,-6.83,62.86,0.559,5.556,3.966,7.0,55.87,False
1457,151251.3,0.277,3.24,6.24,0.368,1.882,3.227,1.24,5.0,False
1458,146250.3,0.593,7.09,86.25,0.369,5.556,4.652,5.36,80.88,False
1459,85180.5,0.342,-7.29,24.57,0.634,5.556,2.833,8.97,15.6,False
1460,153706.5,0.368,-4.61,5.09,0.572,0.145,3.322,0.09,5.0,False
1461,74271.5,0.514,7.33,93.49,0.376,5.556,5.946,4.68,88.8,False
1462,117105.5,0.581,0.06,42.3,0.558,5.556,4.901,6.25,36.05,False
1463,80689.5,0.343,7.16,80.23,0.6,5.556,4.255,6.96,73.27,False
1464,124123.9,0.313,-6.34,27.07,0.54,5.556,2.641,8.84,18.23,False
1465,126635.5,0.555,3.76,75.33,0.551,5.556,4.91,6.2,69.12,False
1466,83371.7,0.431,-1.38,66.75,0.542,5.556,4.295,6.6,60.14,False
1467,155099.5,0.543,0.58,62.63,0.384,5.556,3.8,6.19,56.44,False
1468,119380.6,0.614,6.31,12.05,0.497,5.556,5.423,5.61,6.44,False
1469,142157.2,0.597,-4.67,43.43,0.494,5.556,3.609,7.02,36.41,False
1470,89098.3,0.385,3.72,10.88,0.446,5.466,4.338,5.88,5.0,False
1471,118519.3,0.212,1.47,67.89,0.39,5.556,2.42,8.54,59.35,False
1472,159239.2,0.364,-6.6,99.92,0.464,5.556,3.005,7.71,92.21,False
1473,160726.1,0.287,-2.33,48.33,0.557,5.556,2.78,8.65,39.68,False
1474,124544.8,0.344,4.73,86.08,0.415,5.556,4.033,6.13,79.95,False
1475,112140.6,0.437,1.37,39.13,0.639,5.556,4.615,6.89,32.24,False
1476,140832.9,0.629,7.63,61.16,0.621,5.556,4.85,6.63,54.53,False
1477,141252.4,0.285,-7.42,84.51,0.379,5.556,2.26,8.93,75.57,False
1478,145587.1,0.602,2.93,81.6,0.403,5.556,4.263,5.86,75.75,False
1479,159112.8,0.496,-4.21,40.5,0.463,5.556,3.242,7.33,33.17,False
1480,142423.3,0.456,-2.05,96.53,0.453,5.556,3.859,6.52,90.02,False
1481,152262.8,0.559,-4.53,23.53,0.616,5.556,3.366,8.01,15.52,False
1482,94309.0,0.568,-4.77,74.62,0.626,5.556,5.299,6.39,68.23,False
1483,82085.4,0.346,-1.24,61.0,0.38,5.556,3.477,6.55,54.45,False
1484,148107.3,0.516,-3.75,36.15,0.649,5.556,3.543,7.96,28.19,False
1485,113396.7,0.434,0.92,89.51,0.356,5.556,4.547,5.37,84.14,False
1486,139477.2,0.584,-1.24,76.36,0.357,5.556,4.02,5.82,70.53,False
1487,162250.2,0.552,6.82,50.56,0.416,5.556,4.255,5.94,44.62,False
1488,142868.1,0.298,3.14,69.9,0.38,5.556,3.432,6.61,63.3,False
1489,96468.4,0.225,-3.83,32.05,0.367,5.556,2.034,9.63,22.42,False
1490,136914.1,0.608,3.2,6.35,0.382,2.172,4.527,1.35,5.0,False
1491,95237.0,0.596,0.85,29.64,0.59,5.556,6.057,5.82,23.82,False
1492,147544.1,0.29,2.62,15.6,0.591,5.556,3.297,7.96,7.64,False
1493,79319.9,0.596,7.62,58.89,0.395,5.556,6.773,4.47,54.42,False
1494,159603.3,0.301,3.76,68.31,0.351,5.556,3.518,6.33,61.98,False
1495,144614.4,0.353,-0.46,43.38,0.452,5.556,3.618,6.78,36.6,False
1496,160863.8,0.383,6.07,10.86,0.383,5.556,4.211,5.79,5.07,False
1497,96263.4,0.504,-1.05,10.68,0.489,5.497,5.043,5.68,5.0,False
1498,117852.8,0.349,2.42,73.71,0.541,5.556,3.854,7.01,66.7,False
1499,105457.1,0.26,6.9,72.85,0.436,5.556,3.414,6.94,65.91,False
1500,161720.8,0.454,2.21,14.07,0.385,5.556,3.816,6.18,7.88,False
1501,140820.7,0.593,-5.5,29.2,0.359,5.556,3.565,6.32,22.87,False
1502,150651.9,0.202,3.08,59.76,0.566,5.556,2.479,9.37,50.39,False
1503,131739.1,0.544,0.55,8.19,0.589,3.31,4.426,3.19,5.0,False
1504,135989.7,0.353,2.98,15.36,0.465,5.556,3.953,6.49,8.87,False
1505,134694.8,0.602,-1.96,21.26,0.507,5.556,4.09,6.59,14.67,False
1506,75489.3,0.442,0.49,96.08,0.586,5.556,4.58,6.62,89.45,False
1507,109770.5,0.495,1.09,9.63,0.5,4.8,5.163,4.63,5.0,False
1508,136649.4,0.43,-5.23,92.51,0.535,5.556,3.711,7.13,85.38,False
1509,122146.3,0.472,4.03,31.92,0.377,5.556,5.096,5.12,26.8,False
1510,103423.2,0.292,3.56,35.46,0.505,5.556,3.408,7.33,28.13,False
1511,98722.0,0.586,-2.32,25.41,0.409,5.556,5.543,5.06,20.36,False
1512,128595.0,0.268,-4.52,70.0,0.363,5.556,2.379,8.5,61.5,False
1513,146131.0,0.22,6.91,31.79,0.444,5.556,3.028,7.56,24.22,False
1514,125813.3,0.309,-2.09,5.92,0.57,1.201,3.022,0.92,5.0,False
1515,85554.4,0.467,6.83,64.57,0.352,5.556,5.435,4.79,59.78,False
1516,86868.1,0.443,3.16,53.2,0.389,5.556,4.857,5.34,47.86,False
1517,97909.4,0.299,-0.22,58.66,0.376,5.556,3.108,7.05,51.61,False
1518,106208.2,0.579,-6.65,98.9,0.512,5.556,4.725,6.11,92.79,False
1519,141254.0,0.593,4.99,65.03,0.614,5.556,4.58,6.78,58.25,False
1520,83901.8,0.201,-6.5,42.5,0.422,5.556,1.528,12.44,30.06,False
1521,144987.9,0.332,7.87,18.87,0.398,5.556,4.211,5.88,12.99,False
1522,136843.3,0.277,-4.2,83.81,0.563,5.556,2.502,9.3,74.52,False
1523,142239.1,0.489,-7.94,84.15,0.585,5.556,3.288,7.94,76.21,False
1524,133379.5,0.425,-5.5,51.15,0.459,5.556,3.783,6.63,44.52,False
1525,92430.1,0.382,6.22,58.04,0.632,5.556,4.544,6.91,51.13,False
1526,150776.5,0.239,-5.88,29.54,0.429,5.556,1.966,10.23,19.31,False
1527,158366.7,0.49,-3.97,94.42,0.439,5.556,3.282,7.14,87.27,False
1528,148266.5,0.491,2.14,71.48,0.592,5.556,4.118,7.04,64.44,False
1529,119183.0,0.553,-3.21,7.52,0.641,2.679,4.496,2.52,5.0,False
1530,78370.9,0.519,3.36,45.55,0.467,5.556,5.62,5.34,40.21,False
1531,153959.1,0.345,7.35,54.38,0.509,5.556,4.296,6.42,47.97,False
1532,152489.3,0.648,-7.86,31.51,0.505,5.556,3.035,7.89,23.62,False
1533,125048.1,0.544,5.48,36.93,0.602,5.556,5.133,6.35,30.58,False
1534,125070.1,0.414,-7.87,7.57,0.593,2.643,3.474,2.57,5.0,False
1535,118864.5,0.288,-4.81,46.06,0.602,5.556,2.549,9.4,36.65,False
1536,139658.5,0.581,1.04,98.75,0.387,5.556,4.238,5.79,92.96,False
1537,92514.4,0.379,4.07,6.2,0.413,1.898,4.31,1.2,5.0,False
1538,104270.2,0.605,-7.41,93.96,0.522,5.556,4.748,6.15,87.81,False
1539,99858.2,0.299,4.7,69.12,0.629,5.556,3.592,7.79,61.33,False
1540,74067.4,0.397,-4.71,10.31,0.438,4.817,3.628,5.31,5.0,False
1541,129590.6,0.275,3.94,20.04,0.632,5.556,3.281,8.22,11.82,False
1542,165263.1,0.589,4.74,61.31,0.464,5.556,3.99,6.45,54.86,False
1543,137375.8,0.311,4.21,36.14,0.588,5.556,3.661,7.48,28.65,False
1544,88778.0,0.257,-2.04,57.3,0.527,5.556,2.518,9.05,48.24,False
1545,83589.4,0.486,-5.31,64.79,0.444,5.556,4.439,5.94,58.85,False
1546,133266.4,0.517,4.65,34.69,0.387,5.556,4.781,5.38,29.31,False
1547,164885.4,0.205,-1.1,7.07,0.634,1.904,2.102,2.07,5.0,False
1548,126622.9,0.622,-1.27,71.21,0.641,5.556,4.418,7.05,64.16,False
1549,155561.3,0.605,-6.41,8.67,0.517,3.428,3.104,3.67,5.0,False
1550,100366.6,0.467,2.34,33.79,0.533,5.556,5.004,6.05,27.74,False
1551,154448.9,0.221,3.39,10.12,0.505,4.061,2.693,5.11,5.0,False
1552,142734.1,0.473,-6.2,39.08,0.368,5.556,3.444,6.53,32.55,False
1553,130255.2,0.413,-7.77,37.62,0.548,5.556,3.481,7.48,30.14,False
1554,88281.6,0.213,-6.09,25.93,0.535,5.556,1.688,12.12,13.81,False
1555,102621.5,0.269,4.45,82.45,0.519,5.556,3.273,7.6,74.85,False
1556,77231.8,0.363,-1.19,95.41,0.456,5.556,3.646,6.77,88.64,False
1557,144525.8,0.256,-2.02,4.24,0.59,0.0,2.512,0.0,4.24,False
1558,75241.4,0.413,1.09,12.12,0.528,5.556,4.356,6.48,5.64,False
1559,125153.2,0.22,0.39,26.78,0.484,5.556,2.395,9.13,17.64,False
1560,119866.0,0.302,5.56,53.07,0.624,5.556,3.699,7.64,45.43,False
1561,117933.0,0.337,-5.09,52.71,0.516,5.556,3.005,8.0,44.7,False
1562,157354.2,0.48,5.94,55.29,0.499,5.556,4.274,6.38,48.91,False
1563,144854.7,0.424,-3.51,89.82,0.431,5.556,3.651,6.62,83.2,False
1564,136258.3,0.598,-3.62,24.51,0.535,5.556,3.88,6.95,17.55,False
1565,103632.8,0.215,-5.77,48.58,0.507,5.556,1.741,11.68,36.9,False
1566,74635.0,0.287,-7.89,21.51,0.473,5.556,2.237,9.53,11.98,False
1567,122707.0,0.482,-0.35,38.32,0.436,5.556,4.646,5.75,32.57,False
1568,139497.3,0.231,-7.31,12.35,0.581,4.143,1.738,7.35,5.0,False
1569,148548.7,0.552,1.84,32.39,0.409,5.556,4.081,6.05,26.34,False
1570,122452.9,0.44,7.31,67.07,0.363,5.556,5.222,4.97,62.1,False
1571,83522.0,0.623,1.18,86.53,0.495,5.556,6.427,5.15,81.39,False
1572,102682.8,0.219,-2.64,33.05,0.366,5.556,2.086,9.43,23.62,False
1573,94223.9,0.295,3.79,62.56,0.555,5.556,3.461,7.54,55.02,False
1574,115549.5,0.379,1.86,40.14,0.516,5.556,4.098,6.63,33.51,False
1575,122736.5,0.431,-6.47,69.45,0.498,5.556,3.789,6.84,62.61,False
1576,142255.8,0.587,-3.55,83.02,0.414,5.556,3.716,6.45,76.56,False
1577,104970.4,0.552,2.07,41.28,0.583,5.556,5.642,5.98,35.31,False
1578,158215.0,0.324,7.6,16.66,0.358,5.556,4.114,5.74,10.92,False
1579,138764.1,0.398,7.68,36.51,0.381,5.556,4.843,5.31,31.2,False
1580,160939.5,0.415,7.14,79.77,0.602,5.556,4.313,6.92,72.85,False
1581,84273.7,0.279,4.11,30.82,0.473,5.556,3.334,7.26,23.57,False
1582,156324.7,0.235,-5.8,80.57,0.553,5.556,1.927,11.08,69.49,False
1583,83039.3,0.419,6.55,46.09,0.356,5.556,4.942,5.1,40.99,False
1584,110843.3,0.266,-7.66,38.04,0.398,5.556,2.049,9.74,28.3,False
1585,135178.3,0.504,4.17,92.07,0.513,5.556,4.676,6.15,85.92,False
1586,108676.6,0.358,3.31,51.15,0.603,5.556,4.029,7.18,43.97,False
1587,158784.1,0.203,-3.8,66.98,0.63,5.556,1.811,12.02,54.96,False
1588,87366.1,0.466,-3.76,73.81,0.549,5.556,4.401,6.56,67.25,False
1589,97386.0,0.563,2.19,23.83,0.479,5.556,5.935,5.26,18.57,False
1590,130048.5,0.463,4.43,16.36,0.425,5.556,4.862,5.54,10.82,False
1591,122554.0,0.515,-0.25,10.44,0.575,4.928,4.661,5.44,5.0,False
1592,136582.8,0.519,7.47,57.84,0.417,5.556,4.955,5.43,52.4,False
1593,113062.1,0.357,5.6,44.94,0.552,5.556,4.248,6.7,38.25,False
1594,100444.2,0.424,-2.24,9.12,0.488,4.156,4.134,4.12,5.0,False
1595,127473.7,0.568,0.15,31.67,0.605,5.556,4.527,6.77,24.9,False
1596,129151.0,0.542,0.84,48.04,0.626,5.556,4.539,6.88,41.16,False
1597,113600.1,0.333,-3.74,84.3,0.388,5.556,3.095,7.14,77.16,False
1598,120440.7,0.273,1.38,95.83,0.516,5.556,3.009,8.0,87.83,False
1599,163685.3,0.432,-0.22,28.87,0.487,5.556,3.536,7.07,21.8,False
1600,97398.6,0.303,-5.88,89.55,0.567,5.556,2.589,9.11,80.43,False
1601,76909.8,0.244,2.67,7.27,0.611,2.254,2.852,2.27,5.0,False
1602,155065.3,0.629,5.55,54.45,0.519,5.556,4.288,6.48,47.97,False
1603,79064.8,0.64,2.03,51.98,0.58,5.556,6.674,5.54,46.45,False
1604,131579.2,0.544,0.97,97.73,0.638,5.556,4.473,7.0,90.74,False
1605,127021.1,0.568,-4.39,58.87,0.377,5.556,4.098,5.86,53.01,False
1606,145821.9,0.401,0.89,58.46,0.615,5.556,4.057,7.22,51.24,False
1607,130462.4,0.204,-6.86,86.2,0.555,5.556,1.521,13.23,72.97,False
1608,102858.7,0.22,0.56,13.57,0.438,5.454,2.408,8.57,5.01,False
1609,161792.0,0.2,7.85,21.17,0.594,5.556,2.924,8.58,12.59,False
1610,91986.2,0.275,-4.8,73.15,0.55,5.556,2.426,9.42,63.73,False
1611,142415.1,0.491,-4.88,87.07,0.469,5.556,3.582,6.92,80.15,False
1612,129727.6,0.34,-7.86,54.91,0.532,5.556,2.754,8.56,46.35,False
1613,79748.0,0.327,2.46,75.4,0.392,5.556,3.645,6.41,68.99,False
1614,84530.2,0.25,-6.07,90.2,0.392,5.556,2.057,9.68,80.52,False
1615,82158.9,0.238,-7.91,40.99,0.597,5.556,1.753,12.12,28.87,False
1616,128772.9,0.586,6.32,10.85,0.515,5.53,5.087,5.85,5.0,False
1617,135130.9,0.346,-2.37,52.21,0.361,5.556,3.357,6.6,45.61,False
1618,113719.9,0.484,7.82,88.66,0.427,5.556,5.697,5.08,83.58,False
1619,81120.1,0.217,4.32,70.61,0.361,5.556,2.752,7.62,62.99,False
1620,114459.9,0.55,0.23,60.33,0.475,5.556,5.026,5.71,54.62,False
1621,102037.2,0.256,-7.54,39.27,0.481,5.556,1.961,10.55,28.73,False
1622,114618.2,0.549,1.21,94.48,0.597,5.556,5.116,6.34,88.14,False
1623,74261.1,0.272,-6.26,49.27,0.588,5.556,2.249,10.13,39.15,False
1624,79516.3,0.516,0.5,51.4,0.618,5.556,5.308,6.34,45.06,False
1625,113492.9,0.423,-0.35,16.38,0.639,5.556,4.312,7.13,9.25,False
1626,134641.9,0.633,5.72,20.29,0.353,5.556,4.843,5.15,15.15,False
1627,137562.3,0.272,-4.89,74.58,0.584,5.556,2.381,9.73,64.86,False
1628,127447.4,0.21,-7.83,60.47,0.525,5.556,1.488,13.29,47.19,False
1629,119544.3,0.568,-4.91,46.13,0.367,5.556,4.318,5.61,40.52,False
1630,106825.9,0.241,1.85,99.31,0.392,5.556,2.743,7.81,91.5,False
1631,158639.0,0.236,3.71,72.77,0.603,5.556,2.875,8.72,64.06,False
1632,121806.9,0.545,-2.06,11.74,0.582,5.556,4.512,6.65,5.08,False
1633,146863.7,0.22,2.51,32.89,0.5,5.556,2.599,8.72,24.17,False
1634,90820.1,0.219,-5.5,22.3,0.414,5.556,1.806,10.84,11.45,False
1635,92612.3,0.279,-2.27,98.1,0.398,5.556,2.711,7.91,90.19,False
1636,81923.0,0.276,-7.97,85.84,0.482,5.556,2.123,9.95,75.89,False
1637,103067.1,0.396,-1.45,11.54,0.582,5.245,3.942,6.54,5.0,False
1638,132849.6,0.408,2.04,28.56,0.615,5.556,4.403,6.92,21.63,False
1639,99310.0,0.314,6.25,25.53,0.544,5.556,3.888,6.99,18.54,False
1640,98584.4,0.608,-4.81,77.16,0.435,5.556,5.306,5.32,71.83,False
1641,143664.2,0.315,-0.87,88.07,0.584,5.556,3.2,8.07,80.0,False
1642,114558.5,0.238,1.62,78.94,0.504,5.556,2.693,8.53,70.41,False
1643,117614.2,0.392,-0.08,47.1,0.501,5.556,4.032,6.61,40.49,False
1644,110845.7,0.207,-5.05,72.06,0.589,5.556,1.731,12.19,59.87,False
1645,111035.2,0.374,-2.6,11.59,0.56,5.168,3.613,6.59,5.0,False
1646,76271.4,0.613,-5.98,29.99,0.56,5.556,5.613,5.86,24.12,False
1647,86919.4,0.377,-2.62,96.72,0.51,5.556,3.643,7.07,89.65,False
1648,93318.2,0.319,-3.52,15.76,0.394,5.556,2.982,7.36,8.4,False
1649,99212.4,0.415,-3.8,10.14,0.471,4.752,3.898,5.13,5.0,False
1650,137391.2,0.596,-7.41,49.9,0.574,5.556,3.475,7.63,42.27,False
1651,105567.6,0.592,-4.87,89.32,0.399,5.556,4.931,5.34,83.97,False
1652,92208.6,0.62,-5.99,32.32,0.587,5.556,5.576,6.03,26.29,False
1653,128111.9,0.499,-5.64,70.68,0.551,5.556,3.939,6.98,63.7,False
1654,76860.2,0.243,-0.5,3.64,0.572,0.0,2.531,0.0,3.64,False
1655,126945.8,0.218,0.57,30.67,0.358,5.556,2.388,8.45,22.22,False
1656,151693.3,0.301,7.46,13.9,0.625,5.556,3.874,7.45,6.45,False
1657,134367.9,0.43,-2.92,59.43,0.383,5.556,4.005,5.98,53.45,False
1658,141278.5,0.433,-6.14,92.11,0.574,5.556,3.49,7.61,84.5,False
1659,161919.3,0.469,-1.3,70.82,0.639,5.556,3.467,8.0,62.81,False
1660,143957.3,0.379,7.56,77.5,0.504,5.556,4.646,6.12,71.38,False
1661,110035.0,0.42,-2.24,31.28,0.367,5.556,4.098,5.81,25.47,False
1662,95141.9,0.324,-2.15,74.65,0.537,5.556,3.162,7.86,66.79,False
1663,132415.5,0.398,-0.72,50.25,0.445,5.556,4.029,6.3,43.95,False
1664,81882.9,0.625,3.16,58.12,0.65,5.556,6.637,5.93,52.19,False
1665,142566.3,0.35,-5.96,26.85,0.369,5.556,3.039,7.13,19.72,False
1666,133429.4,0.501,-3.43,36.12,0.635,5.556,3.984,7.4,28.72,False
1667,94274.8,0.576,5.42,48.3,0.469,5.556,6.371,5.03,43.27,False
1668,133192.5,0.388,-6.85,35.76,0.585,5.556,3.32,7.9,27.86,False
1669,117781.8,0.649,-6.59,41.58,0.597,5.556,4.223,6.97,34.61,False
1670,79305.4,0.301,3.39,82.08,0.392,5.556,3.481,6.61,75.47,False
1671,126366.9,0.592,6.95,70.79,0.364,5.556,5.23,4.97,65.81,False
1672,107113.8,0.247,-3.97,47.88,0.536,5.556,2.235,9.88,38.0,False
1673,105221.6,0.251,6.2,44.33,0.399,5.556,3.261,6.95,37.38,False
1674,164178.7,0.593,-4.98,17.86,0.368,5.556,3.06,7.09,10.77,False
1675,97428.0,0.626,-5.93,40.35,0.619,5.556,5.264,6.37,33.98,False
1676,132796.8,0.454,0.72,28.17,0.357,5.556,4.411,5.48,22.69,False
1677,151023.2,0.446,6.64,88.83,0.389,5.556,4.49,5.6,83.23,False
1678,109689.2,0.361,5.65,91.02,0.429,5.556,4.289,5.98,85.04,False
1679,102776.2,0.286,-1.79,83.17,0.498,5.556,2.832,8.21,74.96,False
1680,103152.4,0.556,3.33,94.79,0.591,5.556,5.857,5.92,88.87,False
1681,76269.5,0.605,-7.47,84.68,0.353,5.556,5.388,4.82,79.85,False
1682,77355.2,0.437,1.59,93.56,0.434,5.556,4.644,5.73,87.82,False
1683,111849.6,0.43,-1.99,74.1,0.36,5.556,4.224,5.65,68.45,False
1684,74694.7,0.454,-0.88,76.44,0.58,5.556,4.565,6.61,69.83,False
1685,160784.1,0.256,-3.48,51.59,0.363,5.556,2.37,8.53,43.06,False
1686,163943.5,0.216,4.33,89.82,0.533,5.556,2.739,8.6,81.23,False
1687,145127.5,0.544,-7.95,32.69,0.519,5.556,3.21,7.69,25.0,False
1688,92830.7,0.47,-1.62,20.58,0.374,5.556,4.653,5.39,15.19,False
1689,163994.0,0.63,3.59,88.45,0.629,5.556,3.904,7.45,81.01,False
1690,137973.1,0.59,2.88,74.03,0.397,5.556,4.467,5.66,68.36,False
1691,96348.8,0.353,-6.85,65.53,0.566,5.556,2.982,8.32,57.22,False
1692,138496.7,0.551,-5.54,54.36,0.44,5.556,3.626,6.7,47.66,False
1693,142638.5,0.547,-0.28,73.57,0.461,5.556,4.026,6.4,67.17,False
1694,125304.7,0.226,0.6,64.25,0.568,5.556,2.473,9.4,54.85,False
1695,126356.1,0.557,4.4,28.89,0.452,5.556,4.982,5.61,23.28,False
1696,132153.9,0.615,-0.39,76.31,0.372,5.556,4.322,5.64,70.67,False
1697,91766.5,0.309,-0.68,79.39,0.56,5.556,3.168,7.98,71.41,False
1698,121115.3,0.55,1.23,54.14,0.505,5.556,4.86,5.98,48.16,False
1699,158824.6,0.481,1.02,39.31,0.629,5.556,3.76,7.6,31.71,False
1700,79316.0,0.364,0.37,91.77,0.495,5.556,3.81,6.8,84.97,False
1701,103773.1,0.426,-6.3,50.69,0.589,5.556,3.749,7.39,43.3,False
1702,96256.1,0.624,7.84,9.76,0.589,4.959,6.678,4.76,5.0,False
1703,125636.4,0.589,-6.34,35.75,0.626,5.556,3.955,7.38,28.37,False
1704,161054.6,0.405,2.51,92.37,0.356,5.556,3.859,5.98,86.39,False
1705,164648.9,0.583,-3.35,83.27,0.642,5.556,3.209,8.38,74.9,False
1706,82864.3,0.273,0.53,20.71,0.412,5.556,2.928,7.56,13.15,False
1707,129898.3,0.516,0.02,99.42,0.561,5.556,4.434,6.6,92.82,False
1708,164642.7,0.209,1.14,53.21,0.544,5.556,2.355,9.58,43.64,False
1709,115073.0,0.499,-3.58,68.95,0.406,5.556,4.627,5.59,63.36,False
1710,123964.2,0.631,2.25,98.95,0.614,5.556,4.855,6.59,92.37,False
1711,128414.0,0.556,-4.55,97.88,0.369,5.556,4.036,5.87,92.01,False
1712,86539.1,0.333,4.26,96.26,0.619,5.556,3.88,7.42,88.84,False
1713,116787.8,0.338,0.77,90.16,0.517,5.556,3.591,7.17,82.99,False
1714,158693.4,0.267,-2.88,27.96,0.603,5.556,2.533,9.44,18.52,False
1715,158046.5,0.479,-6.45,23.89,0.594,5.556,3.046,8.37,15.53,False
1716,136827.9,0.54,-5.36,86.73,0.419,5.556,3.692,6.51,80.22,False
1717,74354.9,0.395,1.38,73.09,0.399,5.556,4.208,5.88,67.21,False
1718,95522.3,0.398,-6.67,69.61,0.559,5.556,3.443,7.59,62.02,False
1719,100739.9,0.227,-6.65,60.76,0.536,5.556,1.767,11.72,49.05,False
1720,100649.6,0.398,-1.11,48.15,0.439,5.556,3.995,6.3,41.85,False
1721,76417.8,0.261,3.68,23.3,0.374,5.556,3.122,7.02,16.28,False
1722,95260.0,0.48,7.16,85.13,0.59,5.556,5.599,6.03,79.1,False
1723,96434.8,0.498,-5.86,45.51,0.587,5.556,4.506,6.69,38.83,False
1724,161953.0,0.249,1.82,32.31,0.408,5.556,2.817,7.75,24.57,False
1725,135592.6,0.646,-2.48,77.28,0.425,5.556,4.011,6.21,71.07,False
1726,80190.4,0.508,5.39,91.2,0.36,5.556,5.708,4.71,86.5,False
1727,108411.2,0.608,-2.42,34.09,0.63,5.556,5.034,6.57,27.53,False
1728,138127.7,0.247,-6.77,79.88,0.492,5.556,1.948,10.65,69.22,False
1729,119474.2,0.222,0.5,42.18,0.552,5.556,2.422,9.44,32.74,False
1730,90513.9,0.412,-3.39,64.81,0.592,5.556,3.905,7.24,57.57,False
1731,117264.6,0.322,4.41,24.5,0.448,5.556,3.784,6.57,17.94,False
1732,75477.0,0.258,0.12,49.14,0.564,5.556,2.738,8.77,40.37,False
1733,115208.6,0.592,2.1,95.86,0.551,5.556,5.178,6.04,89.82,False
1734,146707.6,0.386,3.08,89.53,0.375,5.556,4.249,5.72,83.81,False
1735,135264.1,0.458,-3.95,96.82,0.444,5.556,3.877,6.44,90.37,False
1736,125677.4,0.564,0.51,78.65,0.518,5.556,4.625,6.22,72.43,False
1737,102561.3,0.321,0.44,71.45,0.424,5.556,3.386,6.91,64.54,False
1738,142061.9,0.301,0.57,88.22,0.589,5.556,3.207,8.09,80.13,False
1739,142996.9,0.442,-2.82,49.01,0.501,5.556,3.767,6.88,42.13,False
1740,163298.3,0.436,-3.32,6.67,0.531,1.992,3.239,1.67,5.0,False
1741,129146.6,0.453,4.42,13.08,0.617,5.556,4.89,6.58,6.49,False
1742,109659.1,0.337,-5.68,24.78,0.585,5.556,2.946,8.49,16.29,False
1743,107150.5,0.201,7.82,73.73,0.59,5.556,2.933,8.54,65.19,False
1744,135082.9,0.384,-3.31,25.26,0.532,5.556,3.635,7.2,18.06,False
1745,149544.4,0.402,4.53,6.1,0.367,1.884,4.318,1.1,5.0,False
1746,93407.2,0.361,7.5,85.3,0.572,5.556,4.459,6.64,78.66,False
1747,76175.6,0.539,-5.59,92.45,0.638,5.556,4.933,6.67,85.77,False
1748,131372.1,0.301,-7.85,36.01,0.643,5.556,2.376,10.06,25.95,False
1749,132455.5,0.525,6.08,10.27,0.453,5.316,4.945,5.27,5.0,False
1750,88165.9,0.388,-2.07,41.44,0.618,5.556,3.804,7.49,33.95,False
1751,99972.9,0.25,-0.29,30.15,0.596,5.556,2.621,9.2,20.96,False
1752,164254.5,0.415,7.6,22.48,0.436,5.556,4.289,6.02,16.46,False
1753,121292.4,0.227,-7.02,58.49,0.417,5.556,1.736,11.2,47.28,False
1754,138844.2,0.377,3.44,82.43,0.592,5.556,4.231,6.94,75.5,False
1755,88283.2,0.217,1.09,25.97,0.465,5.556,2.435,8.92,17.05,False
1756,86453.1,0.297,-7.72,44.78,0.499,5.556,2.348,9.34,35.43,False
1757,74038.3,0.609,3.53,22.03,0.392,5.556,6.515,4.55,17.48,False
1758,90018.1,0.413,-0.06,57.69,0.402,5.556,4.24,5.87,51.82,False
1759,112535.3,0.636,1.24,56.16,0.626,5.556,5.207,6.44,49.72,False
1760,158936.9,0.511,-7.61,26.11,0.373,5.556,2.914,7.37,18.74,False
1761,118263.8,0.532,3.34,87.29,0.401,5.556,5.177,5.21,82.08,False
1762,147442.0,0.318,-7.44,90.03,0.453,5.556,2.578,8.51,81.52,False
1763,80070.6,0.48,1.82,68.18,0.435,5.556,5.082,5.45,62.72,False
1764,133760.8,0.598,-7.33,29.53,0.493,5.556,3.593,7.04,22.49,False
1765,146299.6,0.398,3.55,98.93,0.415,5.556,4.305,5.89,93.04,False
1766,136230.1,0.32,-1.01,13.94,0.385,5.556,3.236,6.91,7.04,False
1767,92472.2,0.551,1.41,91.56,0.414,5.556,5.744,4.99,86.57,False
1768,116605.4,0.27,-7.71,51.76,0.499,5.556,2.086,10.17,41.59,False
1769,153161.7,0.397,5.19,33.91,0.532,5.556,4.297,6.55,27.36,False
1770,124851.0,0.294,0.24,78.7,0.577,5.556,3.101,8.18,70.52,False
1771,106586.7,0.494,3.54,73.28,0.465,5.556,5.389,5.45,67.83,False
1772,97934.3,0.526,3.79,19.99,0.583,5.556,5.725,5.94,14.05,False
1773,145322.0,0.496,2.06,3.58,0.389,0.0,4.183,0.0,3.58,False
1774,101012.3,0.619,5.28,82.81,0.482,5.556,6.161,5.18,77.63,False
1775,126999.8,0.605,0.21,22.86,0.472,5.556,4.55,6.01,16.85,False
1776,77226.9,0.451,6.26,39.19,0.385,5.556,5.228,5.09,34.1,False
1777,162419.2,0.392,-2.29,71.32,0.425,5.556,3.359,6.96,64.36,False
1778,136762.4,0.41,-0.88,80.54,0.549,5.556,4.131,6.79,73.75,False
1779,164878.2,0.349,0.45,33.52,0.598,5.556,3.578,7.64,25.88,False
1780,112813.3,0.501,4.37,59.24,0.598,5.556,5.502,6.13,53.11,False
1781,116901.3,0.239,-2.61,12.07,0.59,4.494,2.288,7.07,5.0,False
1782,86106.4,0.36,0.28,29.02,0.65,5.556,3.756,7.72,21.3,False
1783,119679.1,0.402,-6.62,20.09,0.595,5.556,3.481,7.74,12.35,False
1784,125723.1,0.453,6.13,94.11,0.374,5.556,5.173,5.06,89.05,False
1785,160860.2,0.225,-5.83,66.99,0.454,5.556,1.832,10.95,56.04,False
1786,76807.3,0.396,5.13,91.5,0.383,5.556,4.585,5.5,86.01,False
1787,159596.6,0.333,-2.5,6.58,0.442,2.074,3.219,1.58,5.0,False
1788,85031.4,0.268,-6.27,70.47,0.584,5.556,2.207,10.23,60.24,False
1789,156107.2,0.534,4.05,40.61,0.635,5.556,4.118,7.27,33.33,False
1790,147846.1,0.628,-0.24,29.33,0.467,5.556,3.894,6.56,22.77,False
1791,117503.4,0.206,-6.22,91.54,0.356,5.556,1.605,11.59,79.95,False
1792,96600.9,0.592,-3.41,55.33,0.465,5.556,5.558,5.36,49.97,False
1793,106441.0,0.38,-2.18,45.73,0.499,5.556,3.714,6.92,38.81,False
1794,164749.3,0.312,1.92,80.84,0.451,5.556,3.445,6.99,73.86,False
1795,150720.0,0.405,-6.93,27.43,0.407,5.556,3.168,7.13,20.3,False
1796,86189.5,0.483,1.65,18.7,0.387,5.556,5.096,5.18,13.52,False
1797,101042.3,0.259,-4.84,99.23,0.57,5.556,2.258,10.01,89.23,False
1798,77492.7,0.491,-1.4,13.57,0.583,5.556,4.883,6.4,7.17,False
1799,109751.8,0.41,6.97,66.11,0.516,5.556,4.891,6.02,60.08,False
1800,152740.8,0.449,6.09,62.6,0.552,5.556,4.395,6.58,56.02,False
1801,151442.1,0.239,1.84,63.79,0.56,5.556,2.726,8.77,55.02,False
1802,152861.3,0.573,5.65,35.47,0.549,5.556,4.349,6.6,28.87,False
1803,105281.8,0.488,-2.3,31.49,0.596,5.556,4.755,6.55,24.94,False
1804,161970.3,0.448,-1.3,32.41,0.582,5.556,3.466,7.69,24.72,False
1805,116716.1,0.588,-7.05,74.91,0.496,5.556,4.22,6.41,68.5,False
1806,135066.3,0.42,-2.99,27.44,0.417,5.556,3.977,6.19,21.24,False
1807,150482.1,0.413,4.06,77.19,0.55,5.556,4.251,6.69,70.51,False
1808,93453.6,0.638,6.31,66.39,0.632,5.556,6.702,5.81,60.58,False
1809,129706.4,0.22,4.07,51.94,0.405,5.556,2.753,7.86,44.09,False
1810,100481.5,0.519,-2.13,52.52,0.391,5.556,5.083,5.21,47.31,False
1811,123988.3,0.414,6.26,92.09,0.531,5.556,4.867,6.12,85.97,False
1812,89532.2,0.482,5.21,75.97,0.512,5.556,5.432,5.69,70.28,False
1813,137221.9,0.437,-5.06,37.26,0.474,5.556,3.71,6.79,30.47,False
1814,117678.0,0.588,0.01,5.45,0.373,0.946,4.871,0.45,5.0,False
1815,151836.8,0.446,-1.6,37.68,0.47,5.556,3.664,6.82,30.86,False
1816,113179.7,0.272,7.8,54.48,0.617,5.556,3.624,7.68,46.8,False
1817,159179.3,0.31,-2.81,15.19,0.518,5.556,2.959,8.1,7.09,False
1818,74772.4,0.574,7.68,57.69,0.529,5.556,6.56,5.29,52.4,False
1819,157589.5,0.391,-6.28,35.29,0.571,5.556,3.073,8.2,27.1,False
1820,78618.8,0.475,-1.49,57.65,0.535,5.556,4.716,6.25,51.4,False
1821,163376.8,0.362,-4.9,4.51,0.484,0.0,3.082,0.0,4.51,False
1822,85808.3,0.325,2.4,23.86,0.536,5.556,3.618,7.24,16.62,False
1823,117343.7,0.638,-3.79,94.41,0.451,5.556,4.514,5.93,88.48,False
1824,116512.2,0.253,-5.53,36.15,0.382,5.556,2.138,9.34,26.81,False
1825,130759.2,0.549,7.37,13.9,0.413,5.556,5.125,5.3,8.6,False
1826,115683.3,0.25,1.7,4.86,0.484,0.0,2.814,0.0,4.86,False
1827,156982.2,0.369,1.9,49.82,0.466,5.556,3.888,6.56,43.26,False
1828,103847.4,0.504,-4.44,86.69,0.645,5.556,4.705,6.86,79.83,False
1829,129955.4,0.602,-0.82,40.23,0.46,5.556,4.35,6.11,34.12,False
1830,85107.7,0.479,-2.88,68.63,0.522,5.556,4.61,6.25,62.38,False
1831,159423.5,0.373,7.32,41.26,0.423,5.556,4.363,5.89,35.38,False
1832,148118.4,0.415,5.49,82.35,0.406,5.556,4.449,5.72,76.63,False
1833,98756.4,0.451,-6.43,57.53,0.488,5.556,3.987,6.58,50.95,False
1834,108936.2,0.408,3.91,37.24,0.39,5.556,4.583,5.53,31.71,False
1835,75214.5,0.381,0.45,61.89,0.421,5.556,3.981,6.21,55.68,False
1836,149631.6,0.372,3.01,72.14,0.489,5.556,4.146,6.44,65.7,False
1837,145984.4,0.209,5.77,23.1,0.359,5.556,2.811,7.49,15.62,False
1838,93187.7,0.212,-2.22,3.79,0.546,0.0,2.061,0.0,3.79,False
1839,147175.1,0.243,1.37,46.99,0.469,5.556,2.711,8.3,38.7,False
1840,76044.9,0.255,3.05,8.37,0.615,3.015,3.001,3.37,5.0,False
1841,90534.5,0.231,-7.58,49.92,0.433,5.556,1.716,11.4,38.52,False
1842,148640.1,0.218,-0.38,65.68,0.487,5.556,2.303,9.41,56.27,False
1843,156716.3,0.595,-5.99,30.29,0.49,5.556,3.121,7.67,22.62,False
1844,96374.1,0.491,3.23,22.88,0.64,5.556,5.325,6.46,16.43,False
1845,137576.9,0.229,-4.38,19.37,0.455,5.556,2.01,10.2,9.17,False
1846,96754.5,0.248,2.74,9.35,0.365,4.07,2.895,4.35,5.0,False
1847,86156.1,0.374,-6.94,26.57,0.496,5.556,3.183,7.61,18.96,False
1848,103414.8,0.36,7.7,77.37,0.407,5.556,4.469,5.72,71.66,False
1849,89173.0,0.472,6.59,92.18,0.408,5.556,5.459,5.1,87.08,False
1850,101958.0,0.502,4.47,23.3,0.602,5.556,5.56,6.12,17.19,False
1851,112072.0,0.326,3.83,20.78,0.476,5.556,3.77,6.74,14.05,False
1852,149076.8,0.201,6.21,15.09,0.636,5.556,2.77,9.1,5.99,False
1853,162992.6,0.258,3.06,61.24,0.5,5.556,3.025,7.88,53.36,False
1854,126556.6,0.607,3.33,37.56,0.619,5.556,4.87,6.61,30.95,False
1855,111629.1,0.461,-7.17,72.46,0.485,5.556,4.008,6.54,65.92,False
1856,153305.3,0.584,6.43,7.55,0.574,2.845,4.413,2.55,5.0,False
1857,86150.9,0.515,-0.79,6.78,0.532,2.342,5.17,1.78,5.0,False
1858,76559.0,0.606,-6.78,22.29,0.353,5.556,5.469,4.78,17.51,False
1859,77448.7,0.254,4.17,19.35,0.649,5.556,3.095,8.59,10.76,False
1860,122127.6,0.582,-6.48,10.71,0.6,4.8,4.067,5.71,5.0,False
1861,111463.5,0.323,7.36,5.48,0.603,0.702,4.074,0.48,5.0,False
1862,148150.5,0.604,4.5,35.63,0.57,5.556,4.351,6.71,28.91,False
1863,122238.1,0.453,4.85,43.32,0.396,5.556,5.113,5.22,38.11,False
1864,100830.1,0.297,4.09,77.49,0.595,5.556,3.512,7.7,69.79,False
1865,150831.4,0.56,-2.76,91.31,0.56,5.556,3.574,7.43,83.88,False
1866,87300.4,0.527,7.12,87.57,0.637,5.556,6.054,6.09,81.48,False
1867,158379.0,0.624,3.66,4.57,0.647,0.0,4.028,0.0,4.57,False
1868,125157.4,0.565,-1.83,74.47,0.558,5.556,4.413,6.6,67.87,False
1869,123538.5,0.275,0.0,80.44,0.624,5.556,2.899,8.79,71.65,False
1870,104103.4,0.352,-4.9,44.26,0.379,5.556,3.171,6.97,37.29,False
1871,97168.0,0.242,5.96,47.33,0.594,5.556,3.154,8.19,39.13,False
1872,139706.6,0.581,4.15,87.06,0.38,5.556,4.542,5.51,81.55,False
1873,82368.1,0.321,-0.33,49.09,0.633,5.556,3.32,8.17,40.92,False
1874,154154.1,0.622,0.14,61.98,0.473,5.556,3.78,6.71,55.27,False
1875,132137.4,0.646,2.67,73.23,0.594,5.556,4.622,6.64,66.59,False
1876,113095.5,0.402,-6.88,17.85,0.36,5.556,3.462,6.46,11.39,False
1877,88185.5,0.428,4.72,18.59,0.528,5.556,4.853,6.12,12.47,False
1878,127046.5,0.241,-6.43,40.03,0.43,5.556,1.932,10.38,29.66,False
1879,147288.4,0.455,5.18,58.61,0.517,5.556,4.439,6.35,52.26,False
1880,136994.4,0.34,5.87,76.6,0.497,5.556,4.106,6.52,70.08,False
1881,147443.2,0.252,-7.85,34.42,0.414,5.556,1.891,10.46,23.96,False
1882,150080.7,0.314,3.2,80.35,0.606,5.556,3.592,7.66,72.69,False
1883,164001.4,0.321,-6.19,69.55,0.543,5.556,2.733,8.66,60.89,False
1884,92566.6,0.584,3.76,18.9,0.522,5.556,6.292,5.35,13.55,False
1885,84658.1,0.647,-5.43,13.64,0.577,5.556,6.002,5.78,7.86,False
1886,138475.1,0.371,3.34,63.5,0.622,5.556,4.163,7.16,56.33,False
1887,108806.8,0.281,1.1,58.08,0.519,5.556,3.062,7.92,50.16,False
1888,114956.1,0.221,6.07,70.25,0.385,5.556,2.959,7.36,62.9,False
1889,87046.6,0.455,-7.28,29.54,0.532,5.556,3.941,6.87,22.66,False
1890,135349.4,0.598,-7.8,6.72,0.62,1.919,3.496,1.72,5.0,False
1891,160829.5,0.306,-5.57,48.24,0.493,5.556,2.647,8.57,39.68,False
1892,77630.5,0.211,7.35,85.51,0.488,5.556,2.978,7.89,77.62,False
1893,105952.6,0.268,-3.09,49.27,0.532,5.556,2.522,9.08,40.19,False
1894,137806.0,0.412,-0.72,64.92,0.359,5.556,4.119,5.74,59.18,False
1895,126274.7,0.402,-4.79,51.86,0.461,5.556,3.671,6.76,45.1,False
1896,78758.1,0.424,-7.64,50.09,0.48,5.556,3.595,6.96,43.14,False
1897,134352.3,0.402,0.87,93.45,0.506,5.556,4.223,6.46,86.98,False
1898,126042.6,0.383,-2.01,48.13,0.48,5.556,3.76,6.77,41.36,False
1899,96425.0,0.291,2.6,80.6,0.403,5.556,3.309,6.9,73.7,False
1900,127803.8,0.637,-0.99,20.66,0.549,5.556,4.405,6.55,14.1,False
1901,142010.4,0.355,-7.85,46.16,0.365,5.556,2.899,7.35,38.81,False
1902,104940.1,0.206,7.29,17.95,0.412,5.556,2.925,7.57,10.39,False
1903,146282.3,0.554,1.64,78.71,0.626,5.556,4.118,7.22,71.49,False
1904,131996.8,0.642,6.45,40.35,0.425,5.556,4.996,5.45,34.9,False
1905,87945.2,0.375,3.2,71.75,0.425,5.556,4.192,6.04,65.71,False
1906,126938.0,0.451,-0.8,47.75,0.357,5.556,4.452,5.45,42.3,False
1907,129840.2,0.356,6.87,88.42,0.516,5.556,4.356,6.41,82.01,False
1908,83476.6,0.391,-6.09,42.44,0.644,5.556,3.431,8.08,34.37,False
1909,110211.8,0.459,1.54,54.66,0.552,5.556,4.856,6.25,48.42,False
1910,85713.0,0.347,0.21,70.9,0.525,5.556,3.623,7.17,63.72,False
1911,152367.0,0.398,-0.17,70.12,0.647,5.556,3.791,7.66,62.45,False
1912,161444.4,0.594,-0.13,42.09,0.617,5.556,3.592,7.72,34.37,False
1913,88247.9,0.203,-7.77,25.66,0.474,5.556,1.421,13.49,12.17,False
1914,84129.3,0.392,-1.56,19.21,0.452,5.556,3.89,6.48,12.73,False
1915,126822.2,0.467,-6.05,92.22,0.459,5.556,3.942,6.47,85.75,False
1916,119623.8,0.53,-7.42,53.53,0.635,5.556,4.069,7.32,46.21,False
1917,139714.0,0.354,3.87,75.19,0.499,5.556,4.043,6.59,68.61,False
1918,74024.6,0.395,-7.8,34.99,0.63,5.556,3.297,8.18,26.81,False
1919,147918.4,0.441,3.99,20.03,0.598,5.556,4.308,6.9,13.13,False
1920,143137.0,0.567,-6.06,57.94,0.565,5.556,3.447,7.61,50.33,False
1921,146518.8,0.338,6.33,35.79,0.581,5.556,4.124,6.97,28.82,False
1922,105710.4,0.26,5.31,51.43,0.63,5.556,3.261,8.23,43.2,False
1923,127152.5,0.399,-1.75,14.99,0.551,5.556,3.938,6.98,8.01,False
1924,162811.9,0.334,6.67,46.67,0.559,5.556,4.121,6.85,39.82,False
1925,77272.3,0.598,6.4,5.25,0.443,0.522,6.68,0.25,5.0,False
1926,105220.2,0.332,0.13,81.28,0.374,5.556,3.47,6.53,74.76,False
1927,87837.9,0.616,-7.84,64.03,0.389,5.556,5.459,4.99,59.04,False
1928,131838.3,0.435,5.11,8.61,0.555,3.811,4.869,3.61,5.0,False
1929,133310.3,0.293,-6.98,7.51,0.473,2.507,2.375,2.51,5.0,False
1930,125251.1,0.324,-4.09,67.08,0.547,5.556,2.97,8.23,58.85,False
1931,132592.2,0.587,6.61,44.61,0.395,5.556,4.993,5.28,39.33,False
1932,157340.0,0.388,-0.37,42.92,0.567,5.556,3.657,7.37,35.55,False
1933,141069.9,0.442,3.45,14.1,0.642,5.556,4.435,7.05,7.05,False
1934,126329.0,0.249,-0.71,93.18,0.601,5.556,2.571,9.34,83.84,False
1935,158237.8,0.253,-2.61,39.68,0.419,5.556,2.424,8.69,30.99,False
1936,165145.2,0.361,7.27,27.53,0.362,5.556,4.239,5.65,21.88,False
1937,128088.4,0.483,6.37,3.45,0.439,0.0,5.114,0.0,3.45,False
1938,143762.8,0.418,2.86,67.01,0.562,5.556,4.305,6.71,60.31,False
1939,106840.8,0.54,3.7,69.52,0.565,5.556,5.709,5.84,63.68,False
1940,103768.4,0.638,5.32,98.01,0.556,5.556,6.02,5.65,92.35,False
1941,96926.1,0.265,-2.68,55.74,0.616,5.556,2.539,9.5,46.24,False
1942,75527.2,0.24,-4.4,38.4,0.627,5.556,2.119,10.77,27.63,False
1943,130978.7,0.263,3.86,10.57,0.641,4.244,3.157,5.57,5.0,False
1944,135844.2,0.549,5.57,97.27,0.405,5.556,4.793,5.47,91.8,False
1945,145554.3,0.408,-2.31,93.49,0.364,5.556,3.75,6.14,87.35,False
1946,91510.4,0.413,-1.44,7.29,0.436,2.898,4.109,2.29,5.0,False
1947,100190.9,0.48,2.96,99.73,0.622,5.556,5.198,6.42,93.3,False
1948,149239.2,0.502,-1.84,68.56,0.623,5.556,3.703,7.63,60.93,False
1949,132633.7,0.373,-1.64,4.72,0.523,0.0,3.697,0.0,4.72,False
1950,148927.2,0.635,-3.92,20.34,0.567,5.556,3.506,7.55,12.79,False
1951,77709.3,0.321,-2.34,51.94,0.489,5.556,3.122,7.66,44.29,False
1952,161071.6,0.48,4.0,14.49,0.381,5.556,4.004,5.97,8.52,False
1953,79031.7,0.639,-2.45,38.24,0.595,5.556,6.231,5.78,32.46,False
1954,76359.2,0.294,-6.98,63.15,0.441,5.556,2.388,8.91,54.24,False
1955,81719.9,0.496,1.41,47.22,0.374,5.556,5.198,5.05,42.17,False
1956,98974.4,0.27,6.43,79.53,0.561,5.556,3.469,7.57,71.97,False
1957,92322.9,0.501,-2.07,28.3,0.407,5.556,4.913,5.4,22.9,False
1958,153211.2,0.293,4.03,83.22,0.469,5.556,3.464,7.06,76.16,False
1959,152237.9,0.421,7.65,67.06,0.358,5.556,4.559,5.37,61.69,False
1960,117682.5,0.632,-5.93,46.79,0.454,5.556,4.291,6.12,40.68,False
1961,155180.7,0.483,-3.64,38.93,0.397,5.556,3.385,6.76,32.17,False
1962,152959.8,0.327,2.59,8.81,0.633,3.447,3.659,3.81,5.0,False
1963,89585.6,0.309,4.9,76.06,0.538,5.556,3.705,7.15,68.91,False
1964,159277.7,0.587,-7.54,69.89,0.524,5.556,2.913,8.21,61.68,False
1965,138083.9,0.3,-7.21,35.54,0.45,5.556,2.427,8.85,26.68,False
1966,138733.2,0.23,-5.23,5.7,0.61,0.85,1.936,0.7,5.0,False
1967,131616.2,0.252,-0.72,34.5,0.396,5.556,2.603,8.13,26.37,False
1968,101447.3,0.284,-5.57,93.22,0.452,5.556,2.43,8.86,84.36,False
1969,99958.5,0.436,1.32,21.66,0.464,5.556,4.609,5.93,15.73,False
1970,149901.9,0.565,7.34,3.08,0.424,0.0,4.583,0.0,3.08,False
1971,123051.2,0.549,-0.52,36.32,0.422,5.556,4.617,5.69,30.63,False
1972,139400.5,0.482,1.02,94.41,0.498,5.556,4.243,6.4,88.0,False
1973,80640.2,0.58,6.91,34.97,0.62,5.556,6.555,5.8,29.17,False
1974,114868.1,0.627,-7.09,52.47,0.539,5.556,4.292,6.59,45.88,False
1975,151264.4,0.6,0.02,15.02,0.623,5.556,3.836,7.48,7.54,False
1976,80035.1,0.641,6.56,94.72,0.452,5.556,7.12,4.68,90.04,False
1977,150847.6,0.208,-6.0,21.11,0.628,5.556,1.643,12.88,8.23,False
1978,83019.8,0.59,5.57,42.82,0.626,5.556,6.519,5.85,36.97,False
1979,162088.0,0.483,-1.25,93.92,0.601,5.556,3.468,7.79,86.13,False
1980,104377.8,0.284,-4.6,36.72,0.493,5.556,2.533,8.83,27.89,False
1981,108598.0,0.309,-6.58,89.61,0.592,5.556,2.578,9.28,80.34,False
1982,74270.1,0.573,-4.95,32.04,0.607,5.556,5.328,6.27,25.77,False
1983,85193.8,0.47,3.84,80.77,0.386,5.556,5.179,5.12,75.65,False
1984,129139.2,0.238,1.82,76.36,0.42,5.556,2.708,8.03,68.33,False
1985,100435.7,0.48,5.69,22.55,0.448,5.556,5.46,5.32,17.24,False
1986,109891.3,0.639,-0.11,60.58,0.597,5.556,5.192,6.29,54.29,False
1987,74796.4,0.469,2.05,11.78,0.566,5.556,5.006,6.23,5.55,False
1988,125252.7,0.639,-4.1,21.44,0.42,5.556,4.187,6.02,15.42,False
1989,101773.5,0.35,2.88,92.47,0.357,5.556,3.916,5.93,86.54,False
1990,143904.8,0.212,-7.1,82.95,0.592,5.556,1.574,13.09,69.86,False
1991,112001.1,0.645,-6.4,54.48,0.461,5.556,4.482,6.01,48.47,False
1992,144192.9,0.642,-4.22,16.09,0.578,5.556,3.599,7.5,8.59,False
1993,81634.7,0.533,7.28,43.7,0.504,5.556,6.122,5.32,38.38,False
1994,119662.6,0.501,1.81,54.44,0.629,5.556,4.972,6.6,47.85,False
1995,109887.4,0.483,4.58,23.52,0.489,5.556,5.378,5.59,17.93,False
1996,86638.2,0.378,0.95,65.19,0.642,5.556,4.005,7.42,57.76,False
1997,79216.1,0.55,0.66,95.57,0.407,5.556,5.659,4.99,90.58,False
1998,92315.4,0.574,3.37,79.78,0.596,5.556,6.155,5.82,73.96,False
1999,82446.3,0.554,-0.14,46.94,0.479,5.556,5.625,5.41,41.53,False
2000,121675.6,0.296,-6.47,76.95,0.374,5.556,2.46,8.35,68.6,False
