trial_id,operating_state,visibility_m,grade_pct,mass_kg,crr,mu,tau_s,a_dec_mps2,v_safe_mps,v_command_mps,stopping_dist_m
1,MOVING,31.89,-6.17,117486.4,0.0326,0.43,0.3211,3.9223,5.5556,4.0152,5.7185
6,MOVING,63.4,-2.55,155089.5,0.0197,0.306,0.3323,2.9481,5.5556,5.5556,7.0805
11,MOVING,80.19,-6.97,137836.2,0.0278,0.415,0.3366,3.5801,5.5556,5.3491,6.1807
16,MOVING,17.11,1.62,78926.3,0.0283,0.242,0.3174,2.81,5.5556,5.5556,7.2553
21,STAGED_STOPPED,3.71,-1.47,80398.2,0.0231,0.256,0.3166,2.5903,0.0,0.0,0.0
26,MOVING,32.2,3.23,132193.5,0.0151,0.243,0.3946,2.8488,5.5556,4.4261,7.6094
31,MOVING,71.11,5.94,149411.0,0.0341,0.275,0.4221,3.6081,5.5556,2.2256,6.622
36,MOVING,59.45,1.73,91442.1,0.022,0.297,0.3972,3.2961,5.5556,5.5556,6.8885
41,MOVING,80.69,-0.99,103544.3,0.0332,0.27,0.2938,2.8722,5.5556,5.5556,7.0055
46,MOVING,75.77,-3.01,121705.0,0.0296,0.283,0.4228,2.7705,5.5556,5.4067,7.9191
51,MOVING,44.38,7.99,126224.8,0.0215,0.398,0.3955,4.8842,5.5556,5.5556,5.357
56,MOVING,22.24,-3.24,97784.5,0.0187,0.353,0.3885,3.3225,5.5556,5.5556,6.803
61,MOVING,98.47,1.37,157178.9,0.02,0.312,0.3878,3.3884,5.5556,5.5556,6.7089
66,MOVING,68.51,-5.6,126539.0,0.0156,0.424,0.3396,3.7586,5.5556,5.5556,5.9926
71,MOVING,39.09,7.95,84291.2,0.028,0.275,0.3604,3.7367,5.5556,5.5556,6.1322
76,MOVING,10.66,-6.52,159189.2,0.0268,0.32,0.3252,2.7552,4.8068,4.8068,5.7561
81,MOVING,76.23,-1.61,106222.6,0.0308,0.414,0.3482,4.2013,5.5556,5.5556,5.6074
86,MOVING,84.14,-0.25,99843.5,0.0161,0.259,0.4002,2.6734,5.5556,5.5556,7.9958
91,MOVING,49.53,5.63,110971.7,0.0179,0.333,0.343,3.989,5.5556,2.8674,5.7742
96,MOVING,10.96,5.2,120136.7,0.0297,0.223,0.3794,2.9871,5.5556,5.5556,7.2741
101,MOVING,24.39,-6.29,83313.2,0.0297,0.368,0.3483,3.2789,5.5556,5.5556,6.6416
106,MOVING,77.11,4.32,106908.0,0.0313,0.236,0.2845,3.0422,5.5556,5.5556,6.6535
111,MOVING,65.97,2.17,118369.7,0.0329,0.338,0.3343,3.8463,5.5556,5.5556,5.8694
116,MOVING,84.93,4.18,160241.5,0.0191,0.225,0.3632,2.7983,5.5556,3.3943,7.5326
121,MOVING,82.92,-1.12,108514.5,0.0158,0.239,0.3929,2.3844,5.5556,1.7926,8.655
126,MOVING,38.83,-7.71,108702.0,0.0167,0.364,0.366,2.9727,5.5556,5.5556,7.2248
131,MOVING,45.71,-0.96,91784.3,0.0242,0.357,0.3763,3.645,5.5556,4.8686,6.3242
136,MOVING,21.79,-6.52,164960.4,0.0324,0.267,0.3706,2.2942,5.5556,3.8168,8.7856
141,MOVING,57.57,2.08,160960.4,0.0315,0.442,0.3306,3.9297,5.5556,5.5556,5.7637
146,MOVING,43.4,7.29,92164.0,0.0153,0.214,0.4074,2.9563,5.5556,5.5556,7.4833
151,MOVING,96.65,0.62,103286.1,0.0161,0.322,0.2683,3.3805,5.5556,5.5556,6.0557
156,MOVING,58.05,6.54,139295.5,0.0287,0.272,0.382,3.5846,5.5556,5.5556,6.4276
161,MOVING,7.17,3.92,162181.5,0.0272,0.418,0.3196,4.0418,4.2041,4.2041,3.5302
166,MOVING,50.0,5.78,92411.2,0.0344,0.355,0.4134,4.3776,5.5556,5.5556,5.8221
171,MOVING,35.25,-0.35,111912.5,0.0175,0.345,0.3329,3.5174,5.5556,5.5556,6.2369
176,MOVING,28.7,5.41,133889.7,0.0293,0.26,0.3748,3.3647,5.5556,5.5556,6.6685
181,MOVING,67.14,6.79,85283.7,0.0212,0.311,0.3199,3.9149,5.5556,5.5556,5.719
186,MOVING,55.51,-3.85,83931.5,0.0175,0.371,0.3128,3.4282,5.5556,5.5556,6.2391
191,MOVING,73.08,0.65,149634.2,0.0191,0.202,0.4354,2.2335,5.5556,5.5556,9.3282
196,MOVING,41.18,0.87,106437.1,0.0308,0.249,0.3775,2.8282,5.5556,5.5556,7.554
201,MOVING,63.7,0.05,77636.0,0.0279,0.329,0.4293,3.5053,5.5556,1.0212,6.7876
206,MOVING,64.75,-5.9,94658.6,0.028,0.436,0.3269,3.9667,5.5556,5.5556,5.7064
211,MOVING,58.32,2.37,164081.8,0.0175,0.214,0.3565,2.4998,5.5556,5.5556,8.1538
216,MOVING,19.44,0.75,89729.1,0.0278,0.415,0.3525,4.4157,5.5556,5.5556,5.4529
221,MOVING,54.97,-3.66,133463.4,0.0185,0.37,0.3487,3.4516,5.5556,5.5556,6.4082
226,MOVING,55.57,7.34,134442.0,0.0308,0.404,0.3562,4.9725,5.5556,5.5556,5.0824
231,MOVING,57.06,1.74,162538.9,0.0251,0.294,0.3526,3.2982,5.5556,1.241,6.6381
236,MOVING,21.31,6.17,81338.0,0.0327,0.265,0.317,3.5152,5.5556,4.139,6.1513
241,MOVING,93.86,0.61,93446.9,0.0345,0.299,0.3276,3.3289,5.5556,1.5151,6.456
246,MOVING,59.68,-3.53,100754.7,0.0318,0.249,0.4091,2.4051,5.5556,3.872,8.6891
251,MOVING,49.98,-4.98,88900.9,0.0345,0.267,0.3713,2.4631,5.5556,5.5556,8.3281
256,MOVING,68.69,1.51,161532.5,0.0347,0.25,0.3555,2.9391,5.5556,5.5556,7.2258
261,MOVING,93.01,1.95,113546.4,0.0315,0.248,0.3563,2.9349,5.5556,5.5556,7.2375
266,MOVING,86.07,6.4,144889.4,0.0288,0.379,0.4043,4.6146,5.5556,5.5556,5.5901
271,MOVING,49.53,0.57,140405.0,0.0212,0.239,0.3213,2.6089,5.5556,5.5556,7.7005
276,MOVING,88.28,-6.93,141260.0,0.0245,0.371,0.3649,3.1874,5.5556,5.5556,6.8689
281,MOVING,47.73,-0.96,110632.1,0.0259,0.282,0.3954,2.9213,5.5556,2.4347,7.4795
286,MOVING,6.04,-1.6,77717.8,0.017,0.342,0.3926,3.3637,1.1468,1.1468,0.6457
291,MOVING,13.85,6.01,89255.2,0.0286,0.298,0.3749,3.7827,5.5556,5.5556,6.1623
296,MOVING,11.29,6.89,105504.5,0.0155,0.354,0.3882,4.2924,5.5556,5.5556,5.7522
301,MOVING,52.64,0.37,155044.3,0.0245,0.438,0.3749,3.8245,5.5556,4.8589,6.1178
306,MOVING,94.52,4.0,81307.1,0.0214,0.255,0.3655,3.1016,5.5556,5.5556,7.0062
311,MOVING,71.64,-8.0,152141.1,0.0185,0.447,0.3649,3.0142,5.5556,5.5556,7.1474
316,MOVING,19.12,-0.51,91707.0,0.0268,0.383,0.3882,3.9716,5.5556,0.9906,6.0422
321,MOVING,52.2,0.01,161774.7,0.0232,0.304,0.3725,3.2095,5.5556,5.5556,6.878
326,MOVING,34.44,-0.72,123927.7,0.0339,0.401,0.3988,4.1912,5.5556,5.5556,5.8974
331,MOVING,23.32,2.66,113595.6,0.0233,0.252,0.3799,2.9545,5.5556,5.5556,7.334
336,MOVING,8.51,-3.11,121341.6,0.0215,0.368,0.3503,3.5093,3.7747,3.7747,3.3525
341,MOVING,66.69,-5.93,136891.0,0.032,0.391,0.347,3.565,5.5556,4.508,6.2567
346,MOVING,94.95,-5.94,81012.9,0.0287,0.408,0.3931,3.6981,5.5556,5.5556,6.3572
351,MOVING,88.01,-6.81,124519.7,0.0259,0.315,0.3862,2.6686,5.5556,1.3476,7.9283
356,MOVING,46.38,5.76,98607.4,0.0164,0.381,0.4073,4.4593,5.5556,5.5556,5.7235
361,MOVING,37.94,-2.67,127196.2,0.027,0.26,0.3738,2.5502,5.5556,0.2947,8.128
366,MOVING,37.87,2.5,127756.0,0.0311,0.306,0.3317,3.5498,5.5556,2.2974,6.1903
371,MOVING,45.93,-0.51,158667.2,0.029,0.241,0.3859,2.5922,5.5556,5.5556,8.0976
376,MOVING,34.98,0.05,130736.2,0.0259,0.285,0.3657,3.0573,5.5556,2.9064,7.0792
381,MOVING,78.8,7.43,76492.0,0.033,0.41,0.3534,5.0553,5.5556,5.5556,5.0159
386,MOVING,57.45,-5.22,99761.7,0.0172,0.237,0.3648,1.9817,5.5556,4.2112,9.8142
391,MOVING,40.1,-2.33,135801.7,0.0313,0.209,0.3931,2.1309,5.5556,5.5556,9.4259
396,MOVING,74.52,5.95,103680.4,0.0257,0.3,0.2958,3.7744,5.5556,5.5556,5.7322
401,MOVING,81.58,-7.12,136579.3,0.0214,0.201,0.3991,1.4746,5.5556,1.4938,12.6832
406,MOVING,67.6,0.3,121872.1,0.0267,0.379,0.3841,4.012,5.5556,3.1269,5.9807
411,MOVING,54.3,0.77,138075.7,0.0314,0.395,0.3669,4.2604,5.5556,0.3543,5.6608
416,MOVING,83.67,2.45,162706.8,0.0171,0.446,0.355,3.7877,5.5556,5.5556,6.0466
421,MOVING,59.25,7.15,150112.5,0.0215,0.382,0.3777,4.5733,5.5556,2.5975,5.473
426,MOVING,6.0,-2.03,162926.0,0.0271,0.43,0.3348,3.4421,3.0266,3.0266,2.344
431,MOVING,85.53,4.38,141594.2,0.0286,0.445,0.3543,4.594,5.5556,5.5556,5.3279
436,MOVING,76.41,1.52,115884.7,0.0219,0.386,0.3625,4.1497,5.5556,5.5556,5.7326
441,MOVING,8.74,6.05,148016.7,0.0217,0.305,0.3434,3.7929,5.2572,3.1625,5.4486
446,MOVING,25.4,6.88,158754.5,0.0275,0.229,0.3815,3.1858,5.5556,5.5556,6.9635
451,MOVING,22.74,-2.79,133136.8,0.0253,0.431,0.3795,4.1057,5.5556,5.5556,5.8674
456,MOVING,94.16,5.35,99350.8,0.0166,0.383,0.3318,4.4376,5.5556,5.5556,5.3213
461,MOVING,98.23,-1.86,134609.2,0.0325,0.37,0.3879,3.7635,5.5556,5.5556,6.2556
466,MOVING,55.67,-4.93,97103.8,0.022,0.202,0.3189,1.7084,5.5556,3.2526,10.8047
471,MOVING,16.8,2.24,114466.5,0.0156,0.33,0.3702,3.603,5.5556,5.5556,6.34
476,MOVING,12.26,-6.95,116844.5,0.0152,0.292,0.3824,2.3229,5.1307,5.1307,7.6283
481,MOVING,96.53,1.26,96036.4,0.0155,0.234,0.3229,2.5656,5.5556,5.5556,7.8091
486,MOVING,21.27,4.58,159157.9,0.0168,0.432,0.3444,4.0695,5.5556,5.1852,5.7057
491,MOVING,52.65,2.33,157954.7,0.0262,0.355,0.371,3.9673,5.5556,5.5556,5.9508
496,MOVING,62.54,-5.23,74872.2,0.0242,0.363,0.3156,3.2749,5.5556,0.4069,6.4655
501,MOVING,68.04,5.78,88111.0,0.0212,0.43,0.4098,4.9868,5.5556,5.5556,5.3712
506,MOVING,27.08,3.1,148181.8,0.0289,0.243,0.2943,2.9694,5.5556,5.5556,6.8323
511,MOVING,97.94,0.98,81174.8,0.016,0.355,0.3541,3.7394,5.5556,5.5556,6.0941
516,MOVING,18.31,-6.59,91282.3,0.016,0.215,0.3609,1.6152,5.5556,5.5556,11.5597
521,MOVING,96.57,7.54,74962.4,0.028,0.406,0.334,4.9825,5.5556,3.5302,4.9527
526,MOVING,13.01,5.99,136938.2,0.0327,0.319,0.3877,4.0313,5.5556,5.5556,5.982
531,MOVING,91.67,-5.86,101111.9,0.0227,0.371,0.3639,3.2805,5.5556,5.5556,6.7261
536,MOVING,19.31,-5.48,82592.7,0.0291,0.425,0.3634,3.9126,5.5556,5.5556,5.9632
541,MOVING,94.91,-6.96,159131.6,0.0187,0.344,0.3106,2.8721,5.5556,5.5556,7.0985
546,MOVING,71.35,-0.1,151080.0,0.0304,0.323,0.3611,3.4556,5.5556,2.4451,6.472
551,MOVING,23.24,-1.81,98583.0,0.0335,0.281,0.3494,2.9052,5.5556,5.5556,7.2531
556,MOVING,35.5,2.4,89885.3,0.0283,0.427,0.3884,4.7022,5.5556,4.4622,5.4399
561,MOVING,47.5,-5.11,164669.0,0.0337,0.367,0.3509,3.1698,5.5556,5.5556,6.8182
566,MOVING,85.34,-6.02,127545.7,0.0302,0.381,0.3707,3.4316,5.5556,5.2942,6.5568
571,MOVING,35.43,-6.84,131379.8,0.0287,0.417,0.3706,3.6886,5.5556,5.5556,6.2427
576,MOVING,73.25,0.38,161724.4,0.028,0.24,0.3589,2.6663,5.5556,5.5556,7.7819
581,MOVING,40.97,7.31,141279.8,0.032,0.418,0.3519,4.9212,5.5556,5.5556,5.0907
586,MOVING,67.11,4.46,91719.2,0.0305,0.267,0.3908,3.354,5.5556,0.2334,6.7725
591,MOVING,97.78,-6.14,92514.9,0.0327,0.374,0.3676,3.3801,5.5556,5.5556,6.6081
596,MOVING,11.16,5.06,113262.6,0.031,0.244,0.4118,3.1879,5.5556,0.4341,7.1286
601,MOVING,3.21,-7.69,80447.2,0.0333,0.306,0.3743,2.5683,0.1923,0.1923,0.0792
606,MOVING,78.63,0.09,126973.2,0.0302,0.289,0.389,3.1402,5.5556,5.5556,7.0754
611,MOVING,22.95,0.42,131754.4,0.0179,0.283,0.3824,2.9909,5.5556,5.5556,7.284
616,MOVING,47.5,-1.43,106971.0,0.0158,0.212,0.3277,2.093,5.5556,1.0335,9.1935
621,MOVING,29.69,-5.7,131814.1,0.0156,0.335,0.3084,2.8732,5.5556,5.5556,7.0842
626,MOVING,57.02,5.82,117366.4,0.0203,0.325,0.4294,3.9525,5.5556,1.8413,6.2902
631,MOVING,25.9,-6.85,95837.0,0.0324,0.33,0.3242,2.8766,5.5556,5.5556,7.1659
636,MOVING,18.09,-0.87,151141.4,0.0251,0.438,0.3594,3.8006,5.5556,5.5556,6.0573
641,MOVING,9.19,4.57,122180.1,0.0281,0.353,0.3299,4.1789,4.1424,0.8832,3.4195
646,MOVING,73.29,-3.75,161967.8,0.0314,0.4,0.3955,3.3363,5.5556,4.1862,6.8231
651,MOVING,53.33,-1.87,81608.4,0.0324,0.299,0.3087,3.0646,5.5556,5.5556,6.7508
656,MOVING,21.92,-4.02,88345.9,0.02,0.362,0.3233,3.345,5.5556,5.5556,6.4099
661,MOVING,5.44,2.66,121117.4,0.0235,0.344,0.316,3.868,3.0593,2.2646,2.1766
666,MOVING,18.41,-1.02,123693.0,0.0285,0.23,0.4069,2.4301,5.5556,5.5556,8.6109
671,MOVING,89.4,6.32,137835.3,0.0174,0.442,0.3576,4.7799,5.5556,4.3188,5.2151
676,MOVING,83.05,-6.36,112998.7,0.0155,0.332,0.3881,2.7804,5.5556,5.5556,7.7064
681,MOVING,83.96,2.14,100341.2,0.0166,0.387,0.3479,4.1696,5.5556,3.5302,5.6341
686,MOVING,73.73,5.81,77372.1,0.0267,0.359,0.3589,4.3438,5.5556,0.8041,5.5465
691,MOVING,15.27,-7.99,78586.0,0.025,0.439,0.3137,3.7583,5.5556,5.5556,5.8492
696,MOVING,25.51,6.92,136564.4,0.0299,0.367,0.3444,4.5579,5.5556,2.5581,5.2994
701,MOVING,8.85,5.03,82023.4,0.0152,0.304,0.3555,3.6145,3.9948,2.2403,3.6278
706,MOVING,90.57,7.29,160693.0,0.027,0.229,0.3212,3.216,5.5556,5.5556,6.5829
711,MOVING,13.96,6.34,120791.9,0.0198,0.41,0.4302,4.8307,5.5556,0.7435,5.5848
716,MOVING,48.3,-5.45,104905.2,0.0211,0.408,0.3715,3.6662,5.5556,0.9421,6.273
721,MOVING,75.27,-0.75,141106.6,0.0184,0.414,0.3066,4.0052,5.5556,5.5556,5.5562
726,MOVING,59.89,5.93,124873.6,0.0228,0.421,0.3614,4.924,5.5556,1.609,5.1421
731,MOVING,89.57,-7.87,131286.4,0.0288,0.271,0.3326,2.1628,5.5556,5.5556,8.983
736,MOVING,68.29,7.72,120526.8,0.0239,0.309,0.3367,4.009,5.5556,1.8559,5.7199
741,MOVING,7.79,-0.56,159002.9,0.0302,0.36,0.3023,3.7007,3.8103,3.8103,3.1136
746,MOVING,53.24,4.59,152328.2,0.0317,0.266,0.3223,3.3635,5.5556,3.9403,6.3788
751,MOVING,89.12,-0.4,141375.6,0.0267,0.293,0.3257,3.1011,5.5556,4.2233,6.7857
756,MOVING,93.23,5.21,133150.0,0.0263,0.445,0.363,4.8984,5.5556,5.5556,5.1671
761,STAGED_STOPPED,3.68,3.5,94097.4,0.018,0.393,0.3282,4.3727,0.0,0.0,0.0
766,MOVING,84.42,-2.37,122621.1,0.0226,0.239,0.3766,2.3353,5.5556,2.6878,8.7003
771,MOVING,8.5,0.03,156991.8,0.029,0.203,0.3,2.2777,3.7797,3.7797,4.27
776,MOVING,6.89,-0.31,139824.7,0.0276,0.449,0.3542,4.1734,4.2301,4.1374,3.642
781,MOVING,9.23,-5.77,85059.6,0.0169,0.302,0.3897,2.5604,3.61,3.61,3.9516
786,MOVING,52.95,-7.55,82955.9,0.0155,0.413,0.4398,3.4553,5.5556,3.1882,6.9095
791,MOVING,47.62,0.26,102969.5,0.0208,0.256,0.3347,2.7421,5.5556,3.3026,7.4871
796,MOVING,43.19,7.08,131665.7,0.0252,0.299,0.3212,3.8657,5.5556,5.5556,5.7769
801,MOVING,82.49,-1.39,118264.4,0.022,0.299,0.3276,3.0097,5.5556,3.6382,6.9474
806,MOVING,48.79,6.67,130834.1,0.0252,0.26,0.3167,3.4417,5.5556,5.5556,6.2435
811,MOVING,96.02,2.85,116032.4,0.0173,0.242,0.3503,2.818,5.5556,5.5556,7.4224
816,MOVING,85.9,0.52,145892.3,0.019,0.396,0.3934,4.0078,5.5556,0.2234,6.0363
821,MOVING,8.34,-3.15,117107.2,0.0167,0.298,0.3104,2.7756,4.2772,4.2772,4.6234
826,MOVING,70.86,-2.85,148557.0,0.0188,0.261,0.3596,2.4669,5.5556,0.3095,8.2534
831,MOVING,81.44,-4.75,135167.9,0.0203,0.341,0.3848,3.0745,5.5556,5.5556,7.1573
836,MOVING,74.57,-2.59,164569.6,0.0337,0.445,0.3479,3.4189,5.5556,1.3556,6.4467
841,MOVING,11.08,-1.22,126208.4,0.0289,0.378,0.3597,3.8733,5.5556,5.5556,5.9824
846,MOVING,90.45,0.14,164849.3,0.023,0.43,0.3749,3.5758,5.5556,3.9026,6.3986
851,MOVING,46.48,-1.5,115478.8,0.0331,0.366,0.4428,3.7702,5.5556,5.5556,6.5531
856,MOVING,81.33,-2.48,99882.7,0.0322,0.257,0.3802,2.5941,5.5556,5.4334,8.0614
861,STAGED_STOPPED,3.24,-0.62,130634.6,0.0269,0.302,0.3333,3.1639,0.0,0.0,0.0
866,MOVING,54.39,-2.0,97943.3,0.0276,0.449,0.3655,4.4748,5.5556,5.5556,5.4794
871,MOVING,29.63,7.51,107936.7,0.0316,0.409,0.3435,5.0405,5.5556,5.5556,4.9702
876,MOVING,93.29,7.89,163471.7,0.0172,0.386,0.3822,4.304,5.5556,5.5556,5.7086
881,MOVING,85.66,-4.42,112143.9,0.0199,0.441,0.4054,4.0835,5.5556,5.5556,6.0314
886,MOVING,94.48,4.07,95519.9,0.0162,0.417,0.3774,4.6429,5.5556,5.5556,5.4203
891,STAGED_STOPPED,4.23,4.27,128734.5,0.0174,0.271,0.3784,3.2439,0.0,0.0,0.0
896,MOVING,87.52,-5.12,160025.6,0.0226,0.349,0.3323,3.1339,5.5556,5.5556,6.7704
901,MOVING,29.67,5.37,79851.6,0.0296,0.33,0.3487,4.0467,5.5556,5.5556,5.7506
906,MOVING,78.99,-2.22,138054.7,0.0319,0.365,0.3354,3.6685,5.5556,5.5556,6.0702
911,MOVING,80.25,-6.01,159261.1,0.0303,0.322,0.3904,2.8574,5.5556,5.5556,7.5699
916,MOVING,88.63,3.49,107109.9,0.0283,0.34,0.356,3.953,5.5556,5.5556,5.8817
921,MOVING,9.58,6.85,119515.9,0.0222,0.423,0.2922,5.0267,5.445,5.445,4.5402
926,MOVING,20.42,-2.82,146588.5,0.0217,0.224,0.388,2.1284,5.5556,5.5556,9.4066
931,MOVING,22.78,0.99,128668.4,0.0252,0.327,0.3444,3.5499,5.5556,5.5556,6.2608
936,MOVING,26.31,-2.84,142948.2,0.0228,0.42,0.3858,3.793,5.5556,5.5556,6.2119
941,MOVING,17.15,-2.53,86230.8,0.0309,0.254,0.3466,2.5424,5.5556,5.5556,7.9956
946,MOVING,65.79,5.98,137185.6,0.0268,0.249,0.3594,3.2822,5.5556,5.5556,6.6988
951,MOVING,87.06,5.53,106050.4,0.0287,0.252,0.3459,3.2916,5.5556,3.9273,6.6099
956,MOVING,17.39,-4.93,79842.6,0.0183,0.264,0.3685,2.2829,5.5556,3.2031,8.8071
961,MOVING,71.49,6.35,132373.6,0.0309,0.263,0.4125,3.4999,5.5556,5.5556,6.7011
966,MOVING,96.86,-7.29,143329.5,0.0241,0.274,0.3437,2.2002,5.5556,5.5556,8.9237
971,MOVING,18.6,0.06,95272.2,0.0319,0.435,0.364,4.5879,5.5556,5.5556,5.3857
976,MOVING,22.66,-2.11,159951.1,0.0212,0.302,0.3686,2.9658,5.5556,5.5556,7.251
981,MOVING,47.0,-7.3,147368.3,0.0298,0.219,0.4002,1.7175,5.5556,5.5556,11.2087
986,MOVING,38.68,-1.5,82969.6,0.0229,0.21,0.3826,2.1342,5.5556,5.5556,9.3564
991,MOVING,75.6,3.0,153048.0,0.021,0.44,0.3198,4.0929,5.5556,5.5556,5.5474
996,MOVING,59.03,4.48,91016.3,0.0242,0.413,0.3552,4.7205,5.5556,5.5556,5.2425
1001,MOVING,52.68,-7.4,101479.8,0.0195,0.261,0.359,2.0234,5.5556,3.7563,9.6216
1006,MOVING,46.14,5.56,98615.1,0.0216,0.203,0.3806,2.7449,5.5556,5.5556,7.7365
1011,MOVING,33.99,5.21,157363.8,0.0167,0.36,0.386,4.1687,5.5556,5.5556,5.8467
1016,MOVING,51.47,-4.05,86596.3,0.0186,0.405,0.4271,3.7557,5.5556,5.5556,6.4818
1021,MOVING,24.25,-5.24,91722.1,0.0235,0.274,0.2994,2.3971,5.5556,1.2393,8.1011
1026,MOVING,64.49,3.9,131039.3,0.0255,0.439,0.3547,4.8288,5.5556,5.5556,5.1665
1031,MOVING,25.84,1.72,158402.2,0.0295,0.228,0.4174,2.6889,5.5556,4.0744,8.0582
1036,MOVING,57.38,-0.83,116125.5,0.0236,0.36,0.3394,3.6848,5.5556,5.5556,6.0738
1041,MOVING,78.52,1.64,112491.6,0.0349,0.312,0.4031,3.5619,5.5556,1.9389,6.572
1046,MOVING,72.58,-3.76,162543.8,0.0312,0.241,0.3239,2.3006,5.5556,5.5556,8.5071
1051,MOVING,86.46,-0.71,110214.0,0.0181,0.417,0.3847,4.1966,5.5556,3.0577,5.8145
1056,MOVING,34.54,-6.49,95664.0,0.0293,0.356,0.3489,3.1323,5.5556,2.2938,6.8654
1061,MOVING,55.49,3.1,99744.2,0.0181,0.268,0.3714,3.1069,5.5556,5.5556,7.0305
1066,MOVING,49.31,3.77,114819.0,0.0283,0.349,0.3715,4.067,5.5556,0.4245,5.8585
1071,MOVING,42.53,-2.58,153984.0,0.0235,0.294,0.3634,2.8627,5.5556,5.5556,7.4095
1076,MOVING,88.37,-6.96,100240.7,0.026,0.275,0.3472,2.2639,5.5556,4.7911,8.7459
1081,MOVING,91.34,-4.33,114624.5,0.0158,0.237,0.4051,2.0547,5.5556,5.5556,9.7617
1086,MOVING,86.03,-0.09,146163.9,0.0348,0.262,0.354,2.906,5.5556,4.4097,7.2772
1091,MOVING,15.54,-7.79,85875.0,0.0277,0.436,0.3556,3.7765,5.5556,1.3387,6.062
1096,MOVING,46.68,0.45,111092.6,0.0209,0.364,0.3548,3.8235,5.5556,5.5556,6.0075
1101,MOVING,89.04,4.07,146114.0,0.0297,0.406,0.4146,4.454,5.5556,4.9334,5.7683
1106,MOVING,48.93,-1.75,79154.8,0.0327,0.376,0.3296,3.8367,5.5556,5.5556,5.8533
1111,MOVING,66.26,7.73,104518.5,0.018,0.406,0.3782,4.8991,5.5556,5.5556,5.2511
1116,MOVING,12.98,-2.78,130725.3,0.0219,0.28,0.3879,2.6909,5.5556,5.5556,7.8899
1121,MOVING,59.63,-1.73,128781.9,0.0231,0.287,0.3098,2.8712,5.5556,2.9997,7.0961
1126,MOVING,45.57,2.2,126666.5,0.0332,0.42,0.3493,4.6586,5.5556,5.148,5.2531
1131,MOVING,32.02,0.34,128176.1,0.0161,0.247,0.4551,2.6124,5.5556,5.5556,8.4359
1136,MOVING,52.73,-1.23,98899.2,0.0247,0.237,0.3317,2.4434,5.5556,5.5556,8.1587
1141,MOVING,49.41,4.33,145486.9,0.0243,0.35,0.359,4.0908,5.5556,5.5556,5.7672
1146,MOVING,8.12,4.06,95386.5,0.0274,0.395,0.3003,4.5353,4.2836,4.2836,3.3093
1151,MOVING,98.97,6.2,161061.5,0.024,0.26,0.3584,3.3841,5.5556,5.5556,6.5512
1156,MOVING,89.16,-0.58,115014.1,0.0172,0.304,0.3455,3.0898,5.5556,1.934,6.9139
1161,MOVING,76.69,-0.25,118773.0,0.0235,0.273,0.3544,2.8804,5.5556,5.2902,7.3264
1166,MOVING,35.9,4.05,163761.8,0.0228,0.203,0.3567,2.6119,5.5556,1.8419,7.8902
1171,MOVING,19.16,-5.64,117526.1,0.0169,0.271,0.3748,2.2637,5.5556,5.5556,8.8996
1176,MOVING,56.6,6.1,81063.2,0.0191,0.277,0.3429,3.4957,5.5556,1.9646,6.3195
1181,MOVING,37.19,2.3,158806.1,0.0326,0.203,0.3062,2.5375,5.5556,5.5556,7.7828
1186,MOVING,49.78,4.85,130796.6,0.0308,0.339,0.326,4.0965,5.5556,5.5556,5.5784
1191,MOVING,60.58,-5.17,100078.0,0.0172,0.311,0.3864,2.7061,5.5556,5.5556,7.8497
1196,MOVING,18.53,-7.95,104327.6,0.0333,0.244,0.382,1.9382,5.5556,5.5556,10.0844
1201,MOVING,73.23,-6.26,165269.1,0.0179,0.227,0.3574,1.7797,5.5556,5.5556,10.6568
1206,MOVING,8.24,7.69,88261.6,0.0257,0.4,0.4002,4.9149,3.9747,3.9747,3.198
1211,MOVING,87.23,-5.11,145682.0,0.0154,0.296,0.3322,2.5536,5.5556,5.5556,7.8891
1216,MOVING,12.53,-5.89,125539.4,0.0339,0.288,0.4112,2.5739,5.5556,5.5556,8.2803
1221,MOVING,72.79,1.31,105541.4,0.0194,0.254,0.3625,2.8111,5.5556,5.5556,7.504
1226,MOVING,5.91,7.79,145136.2,0.0298,0.246,0.3526,3.4599,2.3226,2.3226,1.5985
1231,MOVING,72.93,-2.65,109431.9,0.0313,0.261,0.3795,2.6049,5.5556,5.5556,8.0328
1236,MOVING,38.53,3.22,126064.1,0.026,0.43,0.3599,4.7869,5.5556,5.5556,5.2235
1241,MOVING,72.3,-4.71,124835.2,0.0189,0.291,0.3625,2.576,5.5556,1.242,8.0046
1246,MOVING,79.93,-1.44,120589.7,0.0267,0.256,0.4017,2.6279,5.5556,4.2068,8.104
1251,MOVING,96.43,-7.68,89219.0,0.0313,0.299,0.3592,2.4818,5.5556,1.9892,8.2141
1256,MOVING,61.03,-3.02,128824.3,0.0316,0.32,0.4022,3.1529,5.5556,5.5556,7.1293
1261,MOVING,87.31,7.74,134317.7,0.0171,0.334,0.3833,4.1905,5.5556,5.5556,5.8122
1266,MOVING,49.23,-7.92,108725.3,0.017,0.273,0.362,2.0604,5.5556,1.1757,9.5014
1271,MOVING,96.87,-6.01,110657.6,0.0244,0.206,0.4342,1.6655,5.5556,1.8108,11.678
1276,MOVING,70.76,1.81,151728.5,0.0182,0.385,0.3188,3.9813,5.5556,0.8018,5.6472
1281,MOVING,21.18,6.43,76404.1,0.0206,0.233,0.334,3.1145,5.5556,3.5172,6.8106
1286,MOVING,29.42,4.61,100151.2,0.0241,0.229,0.3705,2.9298,5.5556,5.5556,7.3259
1291,MOVING,48.68,7.12,165394.3,0.0309,0.383,0.3743,4.3236,5.5556,2.8992,5.6488
1296,MOVING,87.08,7.54,80506.4,0.0257,0.386,0.3638,4.7616,5.5556,5.5556,5.262
1301,MOVING,95.76,-6.42,92694.1,0.0152,0.293,0.3208,2.3843,5.5556,5.5556,8.2546
1306,MOVING,94.58,-7.96,84264.6,0.0188,0.287,0.3258,2.2075,5.5556,5.5556,8.8007
1311,MOVING,91.16,6.28,99333.6,0.03,0.379,0.3514,4.6228,5.5556,0.029,5.2905
1316,MOVING,77.79,5.04,81537.4,0.0206,0.229,0.3634,2.9382,5.5556,3.6559,7.2715
1321,MOVING,19.24,-4.26,122943.2,0.0315,0.303,0.3537,2.8581,5.5556,5.5556,7.3646
1326,MOVING,8.12,-4.65,149434.0,0.02,0.281,0.3854,2.4968,3.7607,0.8884,4.2817
1331,MOVING,96.78,6.38,117958.8,0.0284,0.323,0.347,4.065,5.5556,5.5556,5.7245
1336,MOVING,44.84,-0.83,103026.8,0.0254,0.28,0.3471,2.9132,5.5556,5.5556,7.2256
1341,MOVING,44.56,-6.16,121965.0,0.019,0.332,0.3485,2.8287,5.5556,0.28,7.3919
1346,MOVING,41.77,4.84,79907.8,0.0276,0.304,0.4213,3.72,5.5556,4.3498,6.4889
1351,MOVING,57.04,1.11,101317.5,0.031,0.402,0.3621,4.3583,5.5556,1.9611,5.5526
1356,MOVING,96.88,-5.88,78583.2,0.0216,0.45,0.3568,4.0398,5.5556,5.5556,5.8026
1361,MOVING,78.96,5.09,124006.7,0.0311,0.262,0.3726,3.3681,5.5556,5.5556,6.6519
1366,MOVING,92.1,-0.52,155875.1,0.025,0.319,0.316,3.3197,5.5556,5.0979,6.4043
1371,MOVING,52.46,3.15,75568.4,0.0266,0.211,0.3496,2.6368,5.5556,0.6997,7.7947
1376,STAGED_STOPPED,3.81,0.77,124832.0,0.0321,0.256,0.3715,2.9035,0.0,0.0,0.0
1381,MOVING,46.4,-0.51,106488.2,0.0271,0.29,0.3312,3.0616,5.5556,3.9826,6.8805
1386,MOVING,44.61,7.83,150261.8,0.0289,0.25,0.3187,3.4918,5.5556,0.8413,6.19
1391,MOVING,68.7,7.97,159391.0,0.0238,0.263,0.3099,3.5824,5.5556,5.5556,6.0293
1396,MOVING,32.28,-0.62,87525.7,0.0267,0.224,0.3675,2.3966,5.5556,5.0885,8.481
1401,MOVING,64.75,1.55,151846.3,0.017,0.349,0.3841,3.7389,5.5556,5.5556,6.2616
1406,MOVING,92.26,5.57,93290.9,0.0213,0.235,0.3432,3.0543,5.5556,2.2617,6.9593
1411,MOVING,52.6,-1.8,109817.8,0.0298,0.239,0.3862,2.4612,5.5556,0.4352,8.4159
1416,MOVING,65.63,-3.85,88704.7,0.0309,0.311,0.3649,2.9726,5.5556,5.5556,7.219
1421,MOVING,34.1,3.33,104267.0,0.0265,0.384,0.4298,4.3463,5.5556,5.5556,5.9382
1426,MOVING,9.04,-4.43,148757.9,0.028,0.382,0.3201,3.5379,4.369,4.369,4.0962
1431,MOVING,23.29,5.94,124279.6,0.0348,0.425,0.3933,5.0816,5.5556,4.8843,5.2219
1436,MOVING,75.65,-5.51,81579.2,0.0288,0.258,0.4145,2.2699,5.5556,4.8513,9.1017
1441,MOVING,69.64,3.32,129453.7,0.0301,0.245,0.3509,3.02,5.5556,0.9568,7.0594
1446,MOVING,12.87,-7.89,164163.2,0.032,0.315,0.3485,2.6173,5.5556,5.5556,7.8322
1451,MOVING,39.98,0.75,104295.2,0.0161,0.386,0.3417,4.0181,5.5556,2.1527,5.7389
1456,MOVING,73.04,0.56,155837.2,0.0307,0.436,0.3348,3.8857,5.5556,0.727,5.8314
1461,MOVING,67.82,7.15,100681.2,0.0239,0.346,0.3823,4.3219,5.5556,1.306,5.6948
1466,MOVING,28.95,-4.5,163357.9,0.0206,0.311,0.3691,2.8086,5.5556,0.1247,7.5452
1471,MOVING,90.11,-3.32,113392.4,0.0218,0.245,0.3943,2.2896,5.5556,5.041,8.9309
1476,MOVING,64.55,2.75,145733.5,0.0214,0.437,0.3942,4.2535,5.5556,3.7576,5.8179
1481,MOVING,76.52,-7.2,92201.6,0.0297,0.268,0.3809,2.2028,5.5556,5.5556,9.122
1486,MOVING,10.06,-5.75,161875.5,0.0286,0.3,0.3452,2.6578,4.7398,4.7398,5.8625
1491,MOVING,22.68,-5.94,130419.6,0.0227,0.414,0.3318,3.6931,5.5556,5.5556,6.0219
1496,MOVING,97.14,1.57,136641.3,0.0199,0.385,0.324,4.1271,5.5556,5.5556,5.5392
1501,MOVING,46.29,-0.07,94780.2,0.0329,0.274,0.3364,3.0058,5.5556,5.5556,7.003
1506,MOVING,83.2,-5.0,77904.1,0.0151,0.232,0.3554,1.9289,5.5556,5.5556,9.9748
1511,MOVING,74.18,-3.68,99043.1,0.0224,0.256,0.4292,2.3635,5.5556,0.7876,8.9136
1516,MOVING,18.06,2.55,101844.5,0.0318,0.357,0.3592,4.0619,5.5556,5.5556,5.7946
1521,MOVING,43.38,2.86,165223.1,0.0177,0.27,0.359,3.1023,5.5556,5.5556,6.9688
1526,MOVING,20.23,-7.84,146737.1,0.0254,0.247,0.3434,1.8995,5.5556,4.5333,10.0325
1531,MOVING,60.72,7.08,161431.7,0.0282,0.261,0.3242,3.5187,5.5556,2.2203,6.1869
1536,MOVING,32.4,3.05,87273.8,0.0186,0.343,0.4385,3.8406,5.5556,5.5556,6.4544
1541,MOVING,75.7,0.91,91240.8,0.0163,0.264,0.3594,2.8344,5.5556,3.7217,7.4415
1546,MOVING,4.13,5.99,82813.5,0.0344,0.228,0.3504,3.1581,0.091,0.091,0.0332
1551,MOVING,10.37,-6.77,136633.1,0.0185,0.221,0.3902,1.6859,3.3903,3.3903,4.7319
1556,MOVING,17.97,3.3,118516.8,0.0246,0.215,0.3614,2.6672,5.5556,5.5556,7.7937
1561,MOVING,49.75,4.63,123115.2,0.0196,0.409,0.3662,4.653,5.5556,5.5556,5.351
1566,MOVING,13.63,1.29,86534.6,0.0294,0.33,0.3391,3.6478,5.5556,5.5556,6.1142
1571,MOVING,65.19,-1.07,93494.4,0.0315,0.241,0.4445,2.5691,5.5556,5.5556,8.4765
1576,MOVING,97.75,-4.1,164346.7,0.034,0.284,0.3337,2.7128,5.5556,1.0593,7.5428
1581,MOVING,71.92,-3.34,143927.9,0.0234,0.289,0.3437,2.7361,5.5556,5.5556,7.5495
1586,MOVING,92.2,-2.86,141440.2,0.0318,0.22,0.3706,2.1915,5.5556,5.5556,9.1009
1591,MOVING,70.6,6.76,75636.6,0.023,0.222,0.3066,3.0633,5.5556,5.5556,6.741
1596,MOVING,37.33,2.54,146026.1,0.0348,0.337,0.3382,3.8948,5.5556,5.5556,5.8411
1601,MOVING,4.21,2.08,93600.4,0.0211,0.316,0.416,3.5055,0.5856,0.5856,0.2925
1606,MOVING,52.8,5.26,125408.8,0.026,0.283,0.3711,3.5389,5.5556,5.5556,6.4225
1611,MOVING,38.33,5.78,115895.0,0.0342,0.242,0.3592,3.2706,5.5556,1.6544,6.7141
1616,MOVING,55.5,-6.59,148780.8,0.0345,0.417,0.3675,3.3894,5.5556,5.5556,6.595
1621,MOVING,8.51,-6.31,94034.6,0.0244,0.361,0.3549,3.1554,3.6816,3.6816,3.4542
1626,MOVING,58.69,0.84,83906.4,0.0308,0.342,0.3491,3.7391,5.5556,5.5556,6.0667
1631,MOVING,40.7,-7.53,116059.4,0.0207,0.402,0.3027,3.396,5.5556,4.7473,6.2261
1636,MOVING,36.5,6.77,106998.9,0.0216,0.405,0.3881,4.8404,5.5556,3.5032,5.3445
1641,MOVING,85.89,1.32,125181.9,0.023,0.304,0.3647,3.3336,5.5556,5.5556,6.6555
1646,MOVING,93.33,6.7,95675.0,0.027,0.362,0.3721,4.4657,5.5556,5.5556,5.5229
1651,MOVING,74.96,0.31,154729.0,0.0198,0.209,0.3977,2.272,5.5556,5.5556,9.0015
1656,MOVING,15.14,5.62,118759.7,0.0188,0.254,0.3766,3.2215,5.5556,5.5556,6.8828
1661,MOVING,17.63,-0.38,77410.7,0.0253,0.2,0.3982,2.1749,5.5556,3.1738,9.3081
1666,MOVING,29.09,-1.02,129035.9,0.0189,0.323,0.3714,3.2578,5.5556,5.5556,6.8007
1671,MOVING,32.81,3.14,77998.1,0.0236,0.203,0.3439,2.5305,5.5556,5.5556,8.0089
1676,MOVING,90.47,4.66,152845.5,0.0316,0.303,0.3496,3.737,5.5556,5.5556,6.072
1681,MOVING,33.57,-4.47,95678.8,0.0276,0.412,0.3365,3.8651,5.5556,5.5556,5.8621
1686,MOVING,48.01,-5.66,134301.2,0.0288,0.355,0.3754,3.2026,5.5556,5.5556,6.9044
1691,MOVING,71.11,0.97,144642.8,0.0255,0.307,0.3783,3.3608,5.5556,2.3694,6.6934
1696,MOVING,32.57,-1.03,105733.7,0.0283,0.256,0.3533,2.6864,5.5556,5.5556,7.7071
1701,MOVING,64.49,7.8,131561.7,0.0254,0.265,0.3559,3.6033,5.5556,5.5556,6.2601
1706,MOVING,31.73,-2.99,109977.7,0.0309,0.267,0.3055,2.6248,5.5556,2.7705,7.577
1711,MOVING,46.59,-3.35,97928.1,0.0176,0.276,0.2846,2.5449,5.5556,2.5207,7.6454
1716,MOVING,22.39,5.09,158950.9,0.0188,0.449,0.2938,4.143,5.5556,5.5556,5.357
1721,MOVING,20.04,7.93,106423.2,0.0265,0.294,0.3809,3.9118,5.5556,5.5556,6.0611
1726,MOVING,40.9,-1.05,105019.8,0.0296,0.295,0.4059,3.083,5.5556,5.5556,7.2609
1731,MOVING,4.98,-0.1,144131.4,0.0304,0.21,0.2867,2.3466,1.0739,1.0739,0.5536
1736,MOVING,23.41,0.87,148310.2,0.0182,0.401,0.3537,3.9723,5.5556,0.0346,5.8501
1741,MOVING,70.72,2.75,86077.8,0.0235,0.37,0.3839,4.1218,5.5556,4.9531,5.8767
1746,MOVING,20.09,-3.95,98809.7,0.0166,0.297,0.3176,2.6884,5.5556,5.5556,7.505
1751,MOVING,51.09,7.94,158730.7,0.0194,0.24,0.278,3.317,5.5556,2.8563,6.1966
1756,MOVING,19.4,-7.23,164134.0,0.0309,0.292,0.3312,2.4481,5.5556,5.5556,8.1439
1761,MOVING,87.93,-4.27,159213.4,0.0343,0.228,0.4049,2.1496,5.5556,3.8568,9.4284
1766,MOVING,38.07,6.59,121258.3,0.0319,0.289,0.3676,3.7868,5.5556,5.5556,6.1178
1771,MOVING,93.41,-1.35,146467.5,0.0315,0.23,0.3967,2.4352,5.5556,5.5556,8.541
1776,MOVING,62.08,-1.69,118897.0,0.0168,0.432,0.3766,4.2356,5.5556,5.5556,5.7355
1781,MOVING,83.48,-5.35,134400.3,0.0264,0.431,0.3376,3.8266,5.5556,4.0318,5.9086
1786,MOVING,71.35,-4.67,102909.9,0.0267,0.233,0.3851,2.0869,5.5556,5.5556,9.5343
1791,MOVING,79.13,-0.6,147906.6,0.0253,0.333,0.3352,3.4544,5.5556,5.5556,6.3299
1796,MOVING,97.33,4.09,96268.8,0.0342,0.446,0.3189,5.102,5.5556,5.5556,4.7966
1801,MOVING,34.75,5.43,163231.2,0.0159,0.42,0.3914,4.0563,5.5556,0.9783,5.9792
1806,MOVING,83.46,-1.9,111811.2,0.0171,0.334,0.3883,3.2574,5.5556,5.5556,6.895
1811,MOVING,78.84,2.01,112574.7,0.0202,0.287,0.3689,3.2105,5.5556,5.5556,6.8562
1816,MOVING,13.3,6.61,88450.8,0.0167,0.203,0.3691,2.7971,5.5556,1.258,7.5679
1821,MOVING,10.32,-2.43,99941.8,0.0204,0.35,0.3314,3.3929,5.5556,2.8936,6.3894
1826,MOVING,44.1,-4.24,146234.4,0.0284,0.213,0.3802,1.9477,5.5556,4.6978,10.0354
1831,MOVING,98.24,2.66,102260.5,0.018,0.243,0.3523,2.8194,5.5556,5.5556,7.4307
1836,MOVING,79.54,-1.96,135659.4,0.0273,0.209,0.3927,2.1272,5.5556,5.5556,9.4366
1841,MOVING,34.25,0.12,158995.7,0.0195,0.339,0.3234,3.532,5.5556,5.5556,6.166
1846,MOVING,44.25,0.35,130548.8,0.0178,0.352,0.3325,3.6593,5.5556,5.5556,6.0646
1851,MOVING,71.83,-2.95,114688.9,0.0226,0.41,0.2936,3.9533,5.5556,5.5556,5.5345
1856,MOVING,13.59,0.8,126390.8,0.0282,0.241,0.3666,2.717,5.5556,5.5556,7.7169
1861,MOVING,35.41,3.38,138498.9,0.0163,0.238,0.349,2.8203,5.5556,5.5556,7.4107
1866,MOVING,24.9,-2.91,134602.1,0.0151,0.282,0.3652,2.6297,5.5556,5.5556,7.8974
1871,MOVING,15.62,5.36,97876.8,0.028,0.247,0.3362,3.2181,5.5556,5.5556,6.6631
1876,MOVING,62.1,2.73,123811.4,0.0268,0.345,0.3666,3.9168,5.5556,5.5556,5.9765
1881,MOVING,81.05,-4.06,125785.7,0.0153,0.208,0.3738,1.7882,5.5556,5.5556,10.7071
1886,MOVING,72.43,-4.4,159130.2,0.0299,0.35,0.3726,3.2873,5.5556,5.1707,6.7643
1891,MOVING,57.71,1.47,132187.6,0.0176,0.437,0.3368,4.4768,5.5556,1.5312,5.3186
1896,MOVING,25.21,-2.0,112299.8,0.0274,0.327,0.3758,3.2794,5.5556,5.5556,6.7936
1901,MOVING,29.59,-0.16,154216.2,0.0202,0.323,0.3396,3.3536,5.5556,5.5556,6.4884
1906,MOVING,46.27,-5.76,93463.6,0.0309,0.301,0.3614,2.6871,5.5556,5.5556,7.7509
1911,MOVING,41.04,-0.98,155787.3,0.0329,0.262,0.3286,2.7905,5.5556,5.5556,7.3557
1916,MOVING,68.2,6.01,87542.5,0.0173,0.29,0.3438,3.5948,5.5556,5.5556,6.2029
1921,MOVING,24.36,5.23,139310.8,0.017,0.24,0.318,3.0279,5.5556,5.5556,6.8634
1926,MOVING,17.91,-7.71,162104.0,0.0213,0.427,0.3518,2.8472,5.5556,4.4794,7.3745
1931,MOVING,46.95,-2.27,102303.6,0.015,0.26,0.4074,2.4715,5.5556,5.5556,8.5074
1936,MOVING,86.2,-5.94,85160.3,0.0218,0.345,0.371,3.0057,5.5556,5.5556,7.1954
1941,MOVING,93.88,5.88,106558.0,0.0162,0.279,0.343,3.4649,5.5556,5.5556,6.3593
1946,MOVING,89.42,4.38,76808.1,0.0278,0.225,0.37,2.9071,5.5556,5.5556,7.3638
1951,MOVING,11.15,-7.05,149795.0,0.0339,0.289,0.2987,2.471,4.4824,4.4824,5.4045
1956,MOVING,5.51,-7.37,135470.8,0.0156,0.343,0.3602,2.7898,1.0374,1.0374,0.5665
1961,MOVING,54.39,4.33,120779.0,0.0191,0.397,0.3863,4.4963,5.5556,5.5556,5.5782
1966,MOVING,31.42,-0.27,155871.1,0.0167,0.257,0.2958,2.6545,5.5556,5.5556,7.4572
1971,MOVING,33.25,-3.04,101098.3,0.0168,0.234,0.3063,2.1606,5.5556,5.5556,8.8443
1976,MOVING,19.81,-7.91,137401.8,0.0281,0.362,0.3413,3.0458,5.5556,2.2902,6.9628
1981,MOVING,34.63,-2.62,118483.5,0.0269,0.445,0.3618,4.3698,5.5556,5.5556,5.5416
1986,MOVING,76.76,-3.29,100732.8,0.0257,0.433,0.3962,4.1744,5.5556,4.2859,5.8982
1991,MOVING,6.03,-4.99,114521.8,0.027,0.384,0.3769,3.5319,2.1505,2.1505,1.4652
1996,MOVING,48.35,2.16,88716.1,0.0274,0.3,0.3775,3.4219,5.5556,5.5556,6.6068
2001,MOVING,74.28,3.33,157513.8,0.034,0.256,0.3306,3.1708,5.5556,1.8483,6.7037
2006,MOVING,91.51,7.58,121764.3,0.0302,0.37,0.3771,4.66,5.5556,1.6643,5.407
2011,MOVING,97.48,7.42,158086.3,0.0204,0.43,0.3428,4.404,5.5556,3.2954,5.4085
2016,MOVING,63.35,1.73,84437.0,0.0253,0.328,0.3898,3.6343,5.5556,5.5556,6.4119
2021,MOVING,80.49,-2.33,121219.0,0.0176,0.398,0.3843,3.8482,5.5556,5.5556,6.1454
2026,MOVING,22.69,4.98,133325.9,0.0295,0.371,0.3365,4.4126,5.5556,2.7053,5.3671
2031,MOVING,61.49,-7.28,96536.1,0.0257,0.384,0.3058,3.2896,5.5556,4.8548,6.3902
2036,MOVING,55.42,-3.21,158110.4,0.0216,0.406,0.3208,3.3759,5.5556,5.5556,6.3538
2041,MOVING,89.4,4.04,116435.5,0.0165,0.436,0.3751,4.8278,5.5556,5.1813,5.2803
2046,MOVING,98.99,-3.68,107787.5,0.02,0.216,0.3513,1.9483,5.5556,3.4707,9.8727
2051,MOVING,80.79,2.48,74100.0,0.022,0.223,0.3277,2.6489,5.5556,1.3331,7.6468
2056,MOVING,27.45,-0.29,119000.9,0.0242,0.274,0.3718,2.8992,5.5556,1.9622,7.3885
2061,MOVING,68.26,3.07,92075.3,0.0248,0.374,0.3653,4.2061,5.5556,5.5556,5.6985
2066,MOVING,9.8,-0.02,149375.0,0.0296,0.323,0.336,3.4529,5.5556,5.5556,6.3359
2071,MOVING,34.8,5.67,87790.2,0.0246,0.206,0.3996,2.8116,5.5556,1.7843,7.7087
2076,MOVING,39.51,-5.97,142278.9,0.0177,0.254,0.3538,2.0763,5.5556,1.6452,9.3982
2081,MOVING,46.03,6.15,156999.3,0.0325,0.436,0.3743,4.4238,5.5556,1.1055,5.568
2086,MOVING,93.87,6.94,90019.8,0.0285,0.239,0.2801,3.3011,5.5556,3.1897,6.231
2091,MOVING,16.21,5.75,165377.8,0.0233,0.288,0.4081,3.6089,5.5556,5.5556,6.5435
2096,MOVING,42.78,-7.7,141571.4,0.0329,0.37,0.3757,3.185,5.5556,5.5556,6.9322
2101,MOVING,17.28,-3.65,115398.1,0.0282,0.307,0.3193,2.9252,5.5556,1.2515,7.0496
2106,MOVING,39.68,6.42,140005.1,0.0342,0.208,0.342,2.9968,5.5556,2.1331,7.0494
2111,MOVING,37.77,6.41,149880.6,0.0249,0.274,0.3079,3.5484,5.5556,5.5556,6.0598
2116,MOVING,13.35,3.03,76243.9,0.0283,0.284,0.3293,3.3611,5.5556,5.5556,6.4206
2121,MOVING,81.98,-7.81,134859.5,0.0221,0.33,0.3621,2.6831,5.5556,5.5556,7.7634
2126,MOVING,83.87,-6.57,112304.7,0.0217,0.303,0.3713,2.5308,5.5556,5.5556,8.1607
2131,MOVING,21.84,6.31,78549.6,0.023,0.235,0.3866,3.1468,5.5556,5.5556,7.0519
2136,MOVING,86.89,-6.8,107548.9,0.0171,0.407,0.4533,3.4821,5.5556,2.9488,6.95
2141,MOVING,76.03,0.6,75757.3,0.0263,0.234,0.3595,2.6158,5.5556,5.5556,7.8969
2146,MOVING,42.67,3.37,111458.4,0.0168,0.218,0.4121,2.6308,5.5556,5.5556,8.1553
2151,MOVING,67.14,1.61,104181.8,0.0217,0.445,0.3752,4.7304,5.5556,3.2033,5.347
2156,MOVING,22.01,-1.47,101310.8,0.0248,0.376,0.3388,3.7822,5.5556,0.8724,5.9626
2161,MOVING,57.28,-2.0,163471.1,0.0321,0.277,0.3751,2.8299,5.5556,5.5556,7.5374
2166,MOVING,28.51,1.6,145835.1,0.0313,0.427,0.4187,4.2352,5.5556,5.5556,5.9699
2171,MOVING,67.93,-2.03,109311.6,0.031,0.435,0.3788,4.374,5.5556,5.4365,5.6324
2176,MOVING,16.65,3.97,80924.4,0.0317,0.243,0.3581,3.0781,5.5556,5.5556,7.0032
2181,MOVING,47.06,0.4,80222.6,0.0311,0.333,0.4369,3.6062,5.5556,5.5556,6.7067
2186,MOVING,62.88,4.44,90951.5,0.0298,0.222,0.3331,2.8993,5.5556,5.5556,7.1732
2191,STAGED_STOPPED,3.18,-0.82,149315.7,0.0176,0.284,0.359,2.8792,0.0,0.0,0.0
2196,MOVING,97.12,-4.7,126947.6,0.0194,0.337,0.3657,3.0326,5.5556,2.0656,7.1207
2201,MOVING,31.87,7.8,122128.8,0.0252,0.404,0.4056,4.9625,5.5556,2.5548,5.3632
2206,MOVING,79.27,7.11,106539.3,0.0239,0.246,0.4154,3.336,5.5556,2.6168,6.9336
2211,MOVING,46.27,6.84,121085.6,0.027,0.393,0.3708,4.7793,5.5556,2.4915,5.289
2216,MOVING,17.05,-3.36,90938.0,0.0237,0.339,0.3484,3.2278,5.5556,3.3724,6.7164
2221,MOVING,57.77,-1.58,164243.6,0.0206,0.289,0.3822,2.8792,5.5556,5.0226,7.4835
2226,MOVING,43.94,1.24,112143.8,0.0288,0.339,0.3647,3.7264,5.5556,5.5556,6.1672
2231,MOVING,80.14,-2.66,90163.8,0.0195,0.232,0.3709,2.2047,5.5556,4.6307,9.0605
2236,MOVING,6.49,-7.17,87601.2,0.0208,0.315,0.4266,2.5826,0.845,0.845,0.4987
2241,MOVING,6.31,5.98,153133.7,0.0311,0.278,0.3236,3.6092,2.7488,2.4454,1.9363
2246,MOVING,68.15,4.46,94221.9,0.0199,0.4,0.3892,4.5541,5.5556,4.8349,5.5511
2251,MOVING,76.59,-1.48,139243.7,0.026,0.265,0.3445,2.708,5.5556,3.1585,7.6128
2256,MOVING,69.01,4.33,111884.7,0.0268,0.347,0.4119,4.0874,5.5556,5.3157,6.064
2261,MOVING,31.59,4.24,154888.7,0.032,0.243,0.3364,3.1128,5.5556,5.5556,6.8266
2266,MOVING,61.12,7.53,109716.4,0.0339,0.374,0.3788,4.7288,5.5556,5.5556,5.3681
2271,MOVING,13.85,4.29,95174.1,0.0288,0.389,0.4181,4.5143,5.5556,5.5556,5.7414
2276,MOVING,22.94,0.24,154785.2,0.0229,0.384,0.3444,3.8007,5.5556,1.1119,5.9738
2281,MOVING,48.25,0.33,158367.4,0.03,0.232,0.394,2.5978,5.5556,4.5181,8.1294
2286,MOVING,71.38,2.81,110825.0,0.0315,0.356,0.3786,4.0745,5.5556,5.5556,5.8906
2291,MOVING,77.6,7.83,151177.7,0.0264,0.363,0.388,4.5708,5.5556,5.5556,5.5318
2296,MOVING,17.6,6.9,149884.2,0.0174,0.398,0.3904,4.5147,5.5556,3.2506,5.587
2301,MOVING,14.75,6.52,100993.3,0.0153,0.409,0.2935,4.788,5.5556,5.5556,4.8537
2306,MOVING,97.44,-1.02,138088.3,0.0265,0.258,0.4208,2.6934,5.5556,5.5556,8.0673
2311,MOVING,38.95,-1.84,115778.0,0.016,0.408,0.412,3.9749,5.5556,5.5556,6.1715
2316,MOVING,72.39,1.98,106715.3,0.0202,0.298,0.346,3.31,5.5556,5.5556,6.5846
2321,MOVING,15.52,7.72,133920.8,0.0239,0.412,0.413,5.0201,5.5556,5.5556,5.3684
2326,MOVING,6.8,-5.91,117570.5,0.022,0.305,0.2913,2.6168,3.5094,3.5094,3.3757
2331,MOVING,12.62,-0.6,122798.3,0.02,0.232,0.3388,2.4125,5.5556,5.5448,8.2788
2336,MOVING,60.64,2.88,127279.9,0.0292,0.343,0.3603,3.9289,5.5556,5.5556,5.9297
2341,MOVING,14.48,-4.98,108903.3,0.0183,0.324,0.3946,2.8678,5.5556,0.918,7.5733
2346,MOVING,72.9,3.14,136270.3,0.0314,0.228,0.3591,2.8558,5.5556,5.5556,7.3988
2351,MOVING,34.23,-3.83,140748.2,0.0237,0.312,0.3908,2.9143,5.5556,5.5556,7.4664
2356,MOVING,57.25,7.71,151718.7,0.0316,0.413,0.3457,4.6877,5.5556,5.5556,5.2126
2361,MOVING,7.85,2.17,128270.3,0.0214,0.411,0.3968,4.451,3.7669,3.7669,3.0887
2366,MOVING,74.99,-4.41,130696.2,0.0252,0.386,0.3515,3.5947,5.5556,4.2374,6.2458
2371,MOVING,44.21,-4.2,108355.2,0.0193,0.291,0.4287,2.6292,5.5556,5.5556,8.2511
2376,MOVING,15.61,3.46,114099.3,0.0173,0.296,0.3131,3.407,5.5556,4.8617,6.2691
2381,MOVING,93.27,-0.17,147527.1,0.0159,0.28,0.4151,2.8902,5.5556,5.5556,7.6455
2386,MOVING,69.21,-2.4,149088.1,0.0331,0.33,0.3683,3.3261,5.5556,5.2192,6.6862
2391,MOVING,47.34,2.03,131373.2,0.0194,0.214,0.3083,2.4887,5.5556,1.1983,7.9141
2396,MOVING,62.29,-4.45,114533.5,0.0311,0.213,0.3536,1.9559,5.5556,5.5556,9.8544
2401,MOVING,15.67,3.34,88696.1,0.0234,0.202,0.4229,2.5376,5.5556,5.5556,8.4308
2406,MOVING,65.42,0.56,115323.4,0.0198,0.354,0.3869,3.7188,5.5556,0.0045,6.2994
2411,MOVING,44.86,6.84,101377.5,0.0285,0.393,0.3554,4.7895,5.5556,5.5556,5.1963
2416,MOVING,57.82,-2.83,86636.2,0.0246,0.425,0.3388,4.1328,5.5556,5.5556,5.6166
2421,MOVING,73.15,-5.3,127058.6,0.021,0.299,0.34,2.6168,5.5556,5.5556,7.7862
2426,MOVING,89.93,-7.62,125932.4,0.0269,0.268,0.3807,2.1394,5.5556,3.3209,9.3284
2431,MOVING,72.42,-3.13,155997.3,0.0292,0.32,0.3781,3.1123,5.5556,5.5556,7.0592
2436,MOVING,98.65,8.0,136534.7,0.0331,0.288,0.3288,3.9189,5.5556,3.126,5.7644
2441,MOVING,61.42,2.86,129791.8,0.0246,0.419,0.3271,4.6262,5.5556,5.5556,5.1529
2446,MOVING,80.87,7.12,74467.4,0.0219,0.267,0.3654,3.5252,5.5556,5.5556,6.4078
2451,MOVING,17.75,-3.06,75459.8,0.0326,0.318,0.3223,3.1421,5.5556,5.5556,6.7019
2456,MOVING,52.86,0.71,130546.3,0.0347,0.316,0.3708,3.5119,5.5556,5.5556,6.4542
2461,MOVING,16.84,-4.87,98502.8,0.0208,0.281,0.3722,2.4754,5.5556,5.5556,8.302
2466,MOVING,79.55,6.26,129676.3,0.0336,0.317,0.3616,4.0404,5.5556,1.7538,5.8286
2471,MOVING,79.14,5.68,98037.7,0.0246,0.292,0.3589,3.6561,5.5556,2.8812,6.2149
2476,MOVING,29.41,6.05,103744.3,0.0255,0.354,0.3226,4.3092,5.5556,0.2303,5.3736
2481,MOVING,25.88,0.27,92019.7,0.0289,0.299,0.4166,3.239,5.5556,1.2283,7.0789
2486,MOVING,86.92,7.24,119246.3,0.0349,0.218,0.4157,3.181,5.5556,5.5556,7.1606
2491,MOVING,13.16,3.21,158333.4,0.0224,0.276,0.4325,3.2381,5.5556,5.5556,7.1686
2496,MOVING,60.73,-0.64,151732.8,0.0317,0.26,0.3116,2.799,5.5556,5.5556,7.2447
2501,MOVING,76.44,4.86,142323.1,0.0243,0.376,0.4016,4.4005,5.5556,3.8422,5.738
2506,MOVING,72.16,2.5,110609.3,0.0237,0.326,0.3743,3.6743,5.5556,5.5556,6.2793
2511,MOVING,18.41,-7.25,154520.7,0.0167,0.241,0.3731,1.8127,5.5556,5.5556,10.5865
2516,MOVING,72.32,2.26,145469.7,0.0346,0.399,0.4012,4.3418,5.5556,2.7423,5.7834
2521,MOVING,13.87,3.56,142121.7,0.033,0.406,0.3115,4.5427,5.5556,5.5556,5.1279
2526,MOVING,55.59,0.14,100834.1,0.0239,0.327,0.3918,3.457,5.5556,5.5556,6.6407
2531,MOVING,98.71,-2.64,148501.7,0.0211,0.272,0.3559,2.6114,5.5556,5.5556,7.8868
2536,MOVING,64.46,5.37,96156.0,0.0151,0.369,0.3659,4.2846,5.5556,5.5556,5.6346
2541,MOVING,20.58,-7.84,112042.7,0.0218,0.32,0.371,2.5798,5.5556,5.5556,8.0432
2546,MOVING,32.84,-7.31,155050.7,0.0316,0.343,0.3473,2.9495,5.5556,5.5556,7.1618
2551,MOVING,7.66,-1.66,98581.9,0.0226,0.227,0.3278,2.2809,2.8193,2.8193,2.6667
2556,MOVING,82.94,-1.63,124590.9,0.0255,0.236,0.3499,2.4083,5.5556,2.5511,8.3515
2561,MOVING,18.85,-5.75,111194.2,0.0287,0.427,0.3531,3.898,5.5556,1.0566,5.9206
2566,MOVING,96.78,-1.19,89312.0,0.0201,0.314,0.3551,3.1622,5.5556,4.1675,6.8533
2571,MOVING,29.56,-2.39,145690.1,0.0257,0.434,0.3443,3.7933,5.5556,1.39,5.981
2576,MOVING,28.98,-7.8,98273.7,0.0297,0.228,0.3666,1.7562,5.5556,5.0483,10.8243
2581,MOVING,49.91,-5.44,89182.8,0.0152,0.325,0.4336,2.7971,5.5556,5.5556,7.9264
2586,MOVING,11.72,-3.16,137665.9,0.0226,0.443,0.3147,3.907,5.5556,5.5556,5.6984
2591,MOVING,84.5,-2.49,136752.3,0.0271,0.328,0.336,3.2416,5.5556,5.5556,6.6275
2596,MOVING,60.45,-3.45,153903.5,0.0322,0.246,0.3589,2.386,5.5556,5.5556,8.4618
2601,MOVING,68.09,1.45,77749.7,0.0347,0.373,0.3817,4.1417,5.5556,1.3212,5.8465
2606,MOVING,78.89,1.04,77848.3,0.0201,0.359,0.3521,3.8233,5.5556,5.5556,5.9926
2611,MOVING,60.0,5.67,103675.4,0.026,0.355,0.3415,4.2863,5.5556,5.5556,5.4977
2616,MOVING,56.24,3.04,79134.6,0.0195,0.355,0.3773,3.9656,5.5556,1.1281,5.9876
2621,MOVING,70.93,-4.51,115377.7,0.0311,0.417,0.3714,3.9527,5.5556,5.5556,5.9674
2626,MOVING,78.06,-5.59,79635.0,0.0306,0.251,0.3606,2.2115,5.5556,5.5556,8.9818
2631,MOVING,57.91,-6.57,132321.1,0.0253,0.278,0.3361,2.3297,5.5556,5.5556,8.4917
2636,MOVING,82.08,-1.59,74249.2,0.028,0.426,0.3816,4.2958,5.5556,5.5556,5.7125
2641,MOVING,69.9,7.0,130606.4,0.0242,0.352,0.3594,4.3603,5.5556,5.5556,5.5359
2646,MOVING,4.57,4.88,145535.1,0.0187,0.233,0.3139,2.938,0.3663,0.3663,0.1378
2651,MOVING,29.52,3.21,123173.0,0.0281,0.275,0.3513,3.2802,5.5556,5.5556,6.6564
2656,MOVING,95.68,-2.88,146818.1,0.0315,0.356,0.3971,3.5124,5.5556,5.5556,6.6
2661,MOVING,59.91,3.04,77031.1,0.0343,0.383,0.3522,4.3849,5.5556,5.5556,5.4761
2666,MOVING,40.21,2.94,162889.0,0.0228,0.346,0.3795,3.8884,5.5556,0.7222,6.077
2671,MOVING,37.67,2.49,137362.4,0.0162,0.34,0.3636,3.7368,5.5556,0.5225,6.1497
2676,MOVING,47.76,1.54,128861.5,0.0236,0.407,0.3921,4.3757,5.5556,5.5556,5.7051
2681,MOVING,41.79,0.36,100403.2,0.0167,0.352,0.3647,3.6468,5.5556,0.3491,6.2579
2686,MOVING,32.61,7.46,148982.8,0.0195,0.298,0.3489,3.8385,5.5556,5.5556,5.959
2691,MOVING,66.24,4.29,137192.8,0.0229,0.442,0.3913,4.6535,5.5556,5.5556,5.4902
2696,MOVING,90.43,-5.64,75142.2,0.0229,0.299,0.384,2.5996,5.5556,5.5556,8.0701
2701,MOVING,92.57,2.43,103456.2,0.0306,0.297,0.4141,3.4464,5.5556,5.5556,6.7784
2706,MOVING,49.8,3.19,147905.7,0.0303,0.358,0.3657,4.1196,5.5556,5.5556,5.7776
2711,MOVING,98.41,-6.36,130142.3,0.0184,0.305,0.3675,2.5397,5.5556,5.5556,8.1182
2716,MOVING,27.36,5.37,108880.1,0.0251,0.422,0.3524,4.9076,5.5556,5.5556,5.1026
2721,MOVING,9.66,5.01,123868.5,0.0286,0.388,0.4244,4.5687,5.5556,5.5556,5.7357
2726,MOVING,12.53,3.94,140313.9,0.0297,0.251,0.3961,3.1398,5.5556,5.5556,7.1155
2731,MOVING,96.89,-5.02,76140.1,0.023,0.347,0.3952,3.135,5.5556,5.5556,7.1181
2736,MOVING,33.15,-0.06,119666.8,0.0207,0.416,0.3486,4.2776,5.5556,5.5556,5.5441
2741,MOVING,10.69,7.41,118895.2,0.0234,0.398,0.3413,4.8473,5.5556,5.5556,5.0798
2746,MOVING,75.05,0.43,127393.8,0.033,0.334,0.3669,3.6393,5.5556,5.5556,6.279
2751,MOVING,50.08,7.59,91053.1,0.0331,0.327,0.3953,4.2656,5.5556,5.5556,5.8141
2756,MOVING,4.68,-1.56,146072.4,0.0333,0.247,0.3598,2.5937,2.0643,2.0643,1.5643
2761,MOVING,87.93,-2.82,161891.4,0.0178,0.281,0.4021,2.6481,5.5556,5.5556,8.0616
2766,MOVING,31.0,-7.64,119066.7,0.0271,0.213,0.3961,1.6004,5.5556,5.5556,11.8438
2771,MOVING,60.65,-1.79,117206.0,0.0257,0.428,0.3314,4.2728,5.5556,5.5556,5.4529
2776,MOVING,78.86,6.05,124799.4,0.0183,0.334,0.3486,4.0384,5.5556,5.5556,5.758
2781,MOVING,45.02,4.39,99304.0,0.033,0.356,0.2993,4.2454,5.5556,5.5556,5.2976
2786,MOVING,71.51,1.49,136120.8,0.0177,0.41,0.3738,4.3425,5.5556,5.5556,5.6307
2791,MOVING,57.72,-6.63,159308.0,0.0287,0.263,0.3302,2.2016,5.5556,5.5556,8.8439
2796,MOVING,23.72,4.26,156413.3,0.0336,0.347,0.3302,4.1419,5.5556,5.5556,5.5603
2801,MOVING,34.08,3.19,83441.0,0.0256,0.398,0.4189,4.4633,5.5556,5.5556,5.785
2806,MOVING,74.27,2.77,132546.7,0.0242,0.205,0.3535,2.5219,5.5556,5.5556,8.0833
2811,MOVING,64.8,5.28,141624.1,0.0313,0.447,0.3531,4.7075,5.5556,1.1032,5.2398
2816,MOVING,88.54,7.24,148170.0,0.0224,0.414,0.3829,4.6395,5.5556,5.5556,5.4535
2821,MOVING,67.86,-6.92,112911.8,0.0187,0.281,0.3882,2.2546,5.5556,1.6879,9.0013
2826,MOVING,5.39,4.29,81518.1,0.0233,0.349,0.4052,4.0696,2.8049,2.8049,2.1031
2831,MOVING,68.9,-2.2,77009.3,0.0208,0.27,0.3575,2.6399,5.5556,4.0555,7.8317
2836,MOVING,60.4,5.38,75551.0,0.0165,0.44,0.3787,4.9949,5.5556,5.5556,5.1935
2841,MOVING,9.43,4.76,95982.5,0.0261,0.232,0.3298,2.9896,4.7165,3.1731,5.276
2846,MOVING,63.05,7.34,108344.2,0.0316,0.386,0.295,4.803,5.5556,4.1847,4.8521
2851,MOVING,43.8,-3.06,122700.4,0.0284,0.424,0.3725,4.1336,5.5556,0.5289,5.8027
2856,MOVING,13.61,-1.45,99559.4,0.0299,0.325,0.4074,3.3372,5.5556,5.5556,6.8877
2861,MOVING,39.53,-0.25,159285.1,0.0337,0.398,0.3637,3.7588,5.5556,5.5556,6.1261
2866,MOVING,21.63,-1.9,136173.4,0.0324,0.213,0.375,2.2152,5.5556,5.5556,9.0496
2871,MOVING,29.9,-0.44,117656.0,0.0214,0.404,0.3226,4.1281,5.5556,1.072,5.5306
2876,MOVING,74.16,7.93,122158.0,0.0328,0.351,0.3034,4.5293,5.5556,4.7282,5.0931
2881,MOVING,26.17,1.87,103875.7,0.018,0.302,0.3652,3.3247,5.5556,5.5556,6.6706
2886,MOVING,12.62,6.15,132043.8,0.0317,0.359,0.3343,4.4302,5.5556,5.5556,5.3407
2891,MOVING,46.57,5.8,83719.6,0.022,0.412,0.3733,4.8162,5.5556,5.5556,5.2784
2896,MOVING,70.11,1.98,100381.1,0.0175,0.242,0.3565,2.7425,5.5556,5.5556,7.6073
2901,MOVING,92.24,7.0,82208.6,0.0329,0.214,0.3913,3.1001,5.5556,5.5556,7.152
2906,MOVING,27.35,3.36,164919.3,0.017,0.31,0.3312,3.5332,5.5556,2.79,6.2076
2911,MOVING,22.65,-7.79,164688.6,0.0338,0.411,0.3192,2.908,5.5556,5.5556,7.08
2916,MOVING,69.88,-4.47,152340.5,0.0335,0.307,0.4114,2.8982,5.5556,5.5556,7.6102
2921,MOVING,71.07,7.87,120853.0,0.0277,0.201,0.328,3.0048,5.5556,5.5556,6.9583
2926,MOVING,33.5,-2.48,136040.8,0.0154,0.206,0.3452,1.9231,5.5556,5.5556,9.9424
2931,MOVING,54.11,-6.88,148533.5,0.021,0.407,0.3662,3.2344,5.5556,2.7278,6.8057
2936,MOVING,60.31,-6.35,106555.2,0.0309,0.266,0.3705,2.2801,5.5556,5.5556,8.8265
2941,MOVING,32.07,-6.09,104925.9,0.0197,0.321,0.3585,2.7347,5.5556,5.5556,7.6351
2946,MOVING,39.28,2.47,107223.9,0.024,0.327,0.3123,3.6875,5.5556,5.5556,5.9201
2951,MOVING,63.89,5.82,158795.5,0.0263,0.291,0.3566,3.6712,5.5556,5.5556,6.1846
2956,STAGED_STOPPED,4.98,-2.07,79395.8,0.0341,0.293,0.3184,3.0,0.0,0.0,0.0
2961,MOVING,71.62,7.69,114100.5,0.0335,0.338,0.3802,4.3873,5.5556,4.9847,5.6299
2966,MOVING,72.67,4.17,125608.9,0.0246,0.262,0.3263,3.2214,5.5556,5.5556,6.6031
2971,MOVING,18.2,-3.41,99917.3,0.0193,0.408,0.3518,3.8574,5.5556,5.5556,5.9551
2976,MOVING,47.19,0.03,119741.4,0.0234,0.335,0.4209,3.516,5.5556,0.1542,6.7277
2981,MOVING,61.47,-7.07,124010.9,0.0251,0.234,0.4107,1.8394,5.5556,2.1167,10.6715
2986,MOVING,80.35,-7.05,115577.8,0.0337,0.291,0.3111,2.4863,5.5556,1.3885,7.9352
2991,STAGED_STOPPED,5.09,5.61,103066.6,0.0313,0.213,0.3527,2.944,0.0,0.0,0.0
2996,MOVING,11.71,-6.57,98245.2,0.0189,0.41,0.3555,3.5546,5.5556,5.5556,6.3163
3001,MOVING,99.6,0.62,105999.7,0.0198,0.267,0.3186,2.8754,5.5556,1.6742,7.1374
3006,MOVING,35.27,-6.79,134922.0,0.0311,0.21,0.3844,1.6924,5.5556,5.5246,11.2541
3011,MOVING,43.07,-7.52,155118.5,0.0329,0.34,0.386,2.9166,5.5556,0.1204,7.4358
3016,MOVING,94.77,6.96,160373.8,0.0152,0.318,0.4046,3.9448,5.5556,5.5556,6.1598
3021,MOVING,50.48,-2.91,150276.9,0.0196,0.251,0.3224,2.3643,5.5556,5.5556,8.3185
3026,MOVING,65.24,0.18,143806.2,0.0221,0.319,0.3976,3.3609,5.5556,5.5556,6.8006
3031,MOVING,73.74,1.24,89388.7,0.0333,0.339,0.3027,3.7743,5.5556,5.5556,5.7708
3036,MOVING,32.93,6.67,77216.8,0.0227,0.278,0.3283,3.598,5.5556,5.5556,6.1134
3041,MOVING,57.93,1.12,76297.1,0.0199,0.407,0.3352,4.2983,5.5556,5.5556,5.4526
3046,MOVING,98.51,-1.56,86590.4,0.032,0.317,0.3427,3.2669,5.5556,5.3541,6.6276
3051,MOVING,21.77,2.76,155751.3,0.0199,0.235,0.3388,2.7687,5.5556,5.5556,7.4561
3056,MOVING,99.23,6.05,103052.3,0.0161,0.236,0.4269,3.0599,5.5556,5.5556,7.4153
3061,MOVING,60.03,0.68,79112.1,0.0321,0.234,0.3136,2.6728,5.5556,3.6242,7.5164
3066,MOVING,79.16,3.57,97398.8,0.0338,0.301,0.3247,3.6308,5.5556,5.075,6.0543
3071,MOVING,35.47,-7.49,116618.1,0.0229,0.414,0.3387,3.5351,5.5556,5.5556,6.2473
3076,MOVING,22.16,4.87,129681.8,0.0245,0.383,0.3809,4.4634,5.5556,5.5556,5.5738
3081,MOVING,20.35,-1.54,158456.2,0.0301,0.304,0.3219,3.127,5.5556,5.5556,6.7238
3086,MOVING,29.42,2.99,135014.4,0.0307,0.355,0.2824,4.0749,5.5556,2.596,5.3562
3091,MOVING,15.58,2.41,115108.1,0.018,0.395,0.4078,4.2818,5.5556,5.5556,5.8697
3096,MOVING,48.22,-1.22,84410.3,0.0201,0.339,0.374,3.3992,5.5556,5.5556,6.618
3101,MOVING,68.11,2.32,79391.4,0.0297,0.402,0.4237,4.462,5.5556,1.3389,5.8128
3106,MOVING,91.81,-5.32,154974.3,0.0207,0.291,0.3389,2.5283,5.5556,5.5556,7.9864
3111,MOVING,39.15,-7.78,146246.2,0.0158,0.4,0.3819,3.1551,5.5556,5.5556,7.0131
3116,MOVING,72.2,0.82,106083.3,0.0271,0.338,0.3721,3.6639,5.5556,5.5556,6.2791
3121,MOVING,87.37,4.47,125016.1,0.0277,0.395,0.3348,4.5826,5.5556,5.5556,5.2277
3126,MOVING,65.81,5.77,126951.4,0.024,0.277,0.3079,3.5162,5.5556,0.0736,6.0998
3131,MOVING,55.55,-3.4,112290.0,0.0248,0.282,0.3494,2.6773,5.5556,5.5556,7.7052
3136,MOVING,89.79,-3.77,150979.9,0.0207,0.258,0.3734,2.3589,5.5556,5.5556,8.6169
3141,MOVING,65.23,2.06,129271.0,0.0291,0.269,0.303,3.1285,5.5556,4.5554,6.6161
3146,MOVING,38.16,6.0,74550.0,0.0271,0.45,0.4404,5.2568,5.5556,5.5556,5.3825
3151,MOVING,48.82,-3.6,112462.4,0.0191,0.345,0.3839,3.2104,5.5556,3.2832,6.9398
3156,MOVING,59.5,6.33,159701.8,0.0159,0.278,0.3684,3.4965,5.5556,3.8366,6.4606
3161,MOVING,16.12,-0.08,109774.2,0.0286,0.24,0.3825,2.6262,5.5556,4.1582,8.0013
3166,MOVING,52.69,6.99,145061.9,0.0172,0.428,0.3887,4.6435,5.5556,5.5556,5.4828
3171,MOVING,70.74,-0.82,145562.4,0.0245,0.226,0.3476,2.3775,5.5556,5.5556,8.4225
3176,MOVING,78.89,1.37,80285.5,0.0273,0.252,0.3644,2.87,5.5556,5.5556,7.4017
3181,MOVING,93.65,4.14,95287.6,0.0309,0.286,0.3497,3.5094,5.5556,5.5556,6.3403
3186,MOVING,56.36,-2.85,163417.3,0.0199,0.267,0.2817,2.5374,5.5556,2.9324,7.647
3191,MOVING,38.26,0.08,79243.9,0.0286,0.35,0.3964,3.7152,5.5556,0.4161,6.3561
3196,MOVING,85.48,-7.68,116165.9,0.0246,0.352,0.2736,2.9292,5.5556,5.5556,6.7885
3201,MOVING,65.4,6.18,149719.0,0.0216,0.408,0.3414,4.4905,5.5556,5.5556,5.3333
3206,MOVING,30.71,-0.99,137463.8,0.032,0.227,0.3537,2.4404,5.5556,0.6786,8.2886
3211,MOVING,48.39,-5.01,153142.7,0.027,0.327,0.3477,2.9758,5.5556,5.5556,7.1175
3216,MOVING,48.08,5.12,84927.3,0.0174,0.244,0.4011,3.0585,5.5556,3.7913,7.274
3221,MOVING,11.3,0.9,155760.7,0.0323,0.244,0.4069,2.794,4.9314,4.9314,6.3588
3226,MOVING,28.44,-0.5,130510.8,0.0272,0.285,0.3191,3.0103,5.5556,5.5556,6.8993
3231,MOVING,21.49,-6.34,134234.1,0.0157,0.286,0.3476,2.3283,5.5556,5.5556,8.5592
3236,MOVING,72.84,2.06,129403.3,0.0244,0.328,0.3745,3.6613,5.5556,5.5556,6.2954
3241,MOVING,38.06,7.06,82907.4,0.0181,0.443,0.3493,5.2039,5.5556,5.5556,4.9058
3246,MOVING,40.25,0.14,135378.3,0.0236,0.248,0.3465,2.6754,5.5556,3.754,7.6931
3251,MOVING,66.79,3.19,160517.0,0.033,0.204,0.3775,2.6358,5.5556,5.5556,7.952
3256,MOVING,70.43,-0.38,110253.5,0.0263,0.362,0.2891,3.7695,5.5556,5.5556,5.7003
3261,STAGED_STOPPED,5.21,-5.6,117827.7,0.0239,0.302,0.4211,2.6389,0.0,0.0,0.0
3266,MOVING,26.63,6.87,82238.1,0.0306,0.392,0.3726,4.8072,5.5556,5.5556,5.28
3271,MOVING,80.14,5.35,79222.7,0.0205,0.212,0.3526,2.8028,5.5556,1.2455,7.465
3276,MOVING,17.83,1.99,105769.2,0.0264,0.389,0.3438,4.2718,5.5556,3.9073,5.5226
3281,MOVING,74.77,-3.51,148753.3,0.0202,0.343,0.3557,3.216,5.5556,0.2611,6.7744
3286,MOVING,24.73,-2.84,131867.9,0.0278,0.31,0.3698,3.0348,5.5556,2.537,7.1399
3291,MOVING,70.55,1.02,108282.2,0.0277,0.33,0.4236,3.6102,5.5556,5.5556,6.6281
3296,MOVING,22.92,-5.65,138257.5,0.0217,0.426,0.3806,3.6375,5.5556,5.5556,6.3568
3301,MOVING,46.33,-0.08,99483.1,0.0185,0.244,0.3377,2.5634,5.5556,5.5556,7.8967
3306,MOVING,11.02,-6.66,135415.1,0.0344,0.422,0.3725,3.7464,5.5556,2.6851,6.1888
3311,MOVING,35.99,0.58,105702.4,0.031,0.309,0.3583,3.3941,5.5556,5.5556,6.5373
3316,MOVING,65.97,-6.99,153642.2,0.0307,0.32,0.3499,2.7511,5.5556,5.5556,7.5535
3321,MOVING,24.13,-6.73,129334.5,0.019,0.353,0.3083,2.9785,5.5556,4.8773,6.8939
3326,MOVING,24.53,-5.85,95052.7,0.0195,0.29,0.3536,2.4536,5.5556,3.1922,8.2542
3331,MOVING,36.76,-6.64,134081.0,0.0245,0.247,0.3914,2.0094,5.5556,2.9896,9.8546
3336,MOVING,69.24,-5.92,159385.7,0.0279,0.247,0.4099,2.1139,5.5556,5.5556,9.5773
3341,MOVING,79.97,-4.24,79222.1,0.0165,0.263,0.4092,2.3182,5.5556,4.569,8.9305
3346,MOVING,11.35,7.19,109871.0,0.0293,0.275,0.2908,3.6826,5.5556,5.5556,5.8064
3351,MOVING,30.67,2.96,90929.0,0.0238,0.443,0.3069,4.8625,5.5556,5.5556,4.8788
3356,MOVING,85.37,-5.77,91186.4,0.0187,0.449,0.3572,4.0155,5.5556,5.5556,5.8276
3361,MOVING,71.35,1.63,133825.1,0.023,0.433,0.3953,4.4955,5.5556,2.1345,5.6288
3366,MOVING,91.55,-1.12,83194.8,0.0205,0.274,0.3263,2.7772,5.5556,5.5556,7.3695
3371,MOVING,45.4,4.04,95618.3,0.0257,0.208,0.3894,2.6883,5.5556,3.7425,7.9037
3376,MOVING,9.69,7.2,164442.5,0.0334,0.29,0.3322,3.8663,4.5561,4.5561,4.1981
3381,MOVING,56.11,-6.39,98455.2,0.0234,0.321,0.3428,2.7448,5.5556,5.5556,7.5267
3386,MOVING,16.26,-7.16,138245.5,0.0213,0.222,0.3916,1.6758,5.5556,5.5556,11.3848
3391,MOVING,65.13,-4.55,132247.3,0.0302,0.268,0.3438,2.4733,5.5556,5.5556,8.1496
3396,STAGED_STOPPED,5.05,3.13,118236.0,0.0314,0.421,0.3456,4.7423,0.0,0.0,0.0
3401,MOVING,80.29,7.75,108635.7,0.0252,0.338,0.3612,4.3076,5.5556,4.8931,5.5895
3406,MOVING,67.86,-1.24,146074.3,0.0279,0.241,0.3525,2.5135,5.5556,2.9231,8.0983
3411,MOVING,90.69,-4.23,151806.3,0.0232,0.277,0.364,2.5281,5.5556,5.5556,8.1269
3416,MOVING,91.2,-4.72,129675.7,0.017,0.373,0.3447,3.3604,5.5556,5.0451,6.5075
3421,MOVING,38.41,-2.57,75030.9,0.0181,0.35,0.3241,3.3544,5.5556,2.4818,6.4011
3426,MOVING,67.6,-5.91,114970.3,0.0151,0.449,0.3845,3.9659,5.5556,3.1385,6.0274
3431,MOVING,65.22,3.92,148303.6,0.0308,0.297,0.3734,3.5996,5.5556,0.7926,6.3618
3436,MOVING,84.45,-1.67,96405.5,0.0229,0.365,0.3672,3.6382,5.5556,5.5556,6.282
3441,MOVING,11.07,7.67,119511.6,0.0234,0.254,0.3935,3.4645,5.1871,5.1871,5.9244
3446,MOVING,36.21,-4.35,101780.8,0.0338,0.236,0.3468,2.2167,5.5556,0.4627,8.8882
3451,MOVING,83.77,-2.55,120870.9,0.0297,0.446,0.3012,4.4108,5.5556,5.5556,5.1719
3456,MOVING,61.55,-6.83,148471.2,0.0174,0.432,0.3114,3.2063,5.5556,5.5556,6.5431
3461,MOVING,26.7,-6.47,104005.1,0.026,0.388,0.3343,3.4174,5.5556,1.1126,6.3731
3466,STAGED_STOPPED,4.19,5.64,74992.9,0.028,0.449,0.35,5.2173,0.0,0.0,0.0
3471,MOVING,44.12,-5.24,101891.4,0.0307,0.345,0.3288,3.1662,5.5556,5.5556,6.7009
3476,MOVING,93.52,-2.64,116880.7,0.0303,0.235,0.3301,2.3435,5.5556,3.448,8.419
3481,MOVING,89.03,-5.72,89578.3,0.0259,0.395,0.3292,3.5578,5.5556,5.3809,6.1667
3486,MOVING,52.87,5.8,164750.1,0.0195,0.369,0.3597,4.0968,5.5556,3.0305,5.7653
3491,MOVING,90.77,-1.48,100268.5,0.0241,0.346,0.383,3.4868,5.5556,0.1414,6.5538
3496,MOVING,60.44,1.45,95074.7,0.027,0.211,0.4232,2.4769,5.5556,5.5556,8.5817
3501,MOVING,28.58,2.57,93138.3,0.0217,0.392,0.3512,4.3062,5.5556,2.2887,5.5349
3506,MOVING,14.23,6.07,106873.7,0.0186,0.246,0.2988,3.1881,5.5556,5.5556,6.5004
3511,MOVING,79.19,0.38,88678.5,0.0331,0.446,0.3412,4.7317,5.5556,5.5556,5.157
3516,MOVING,91.15,-4.69,99522.2,0.0297,0.364,0.334,3.395,5.5556,2.2281,6.4011
3521,MOVING,78.2,2.45,156328.6,0.0252,0.219,0.316,2.6356,5.5556,3.7982,7.6112
3526,MOVING,94.36,-3.44,160578.3,0.0212,0.248,0.371,2.2983,5.5556,0.2805,8.7756
3531,MOVING,37.75,-6.39,143513.7,0.0349,0.203,0.3386,1.7051,5.5556,5.4862,10.9321
3536,MOVING,69.88,-3.16,130577.8,0.02,0.401,0.329,3.8179,5.5556,3.6494,5.8697
3541,MOVING,13.83,-4.34,77820.9,0.0171,0.315,0.3866,2.8285,5.5556,5.5556,7.6039
3546,MOVING,17.18,7.67,138762.5,0.0191,0.287,0.3241,3.7392,5.5556,5.5556,5.9276
3551,MOVING,35.06,4.44,148008.0,0.0345,0.348,0.369,4.1775,5.5556,5.5556,5.7444
3556,MOVING,31.56,-4.01,112351.4,0.0152,0.318,0.2968,2.8674,5.5556,3.3567,7.0307
3561,MOVING,51.28,-1.66,80232.7,0.0186,0.403,0.3873,3.9728,5.5556,5.2055,6.036
3566,MOVING,35.77,-3.21,83715.5,0.0152,0.288,0.3733,2.6577,5.5556,5.5556,7.8805
3571,MOVING,96.39,4.23,92335.3,0.023,0.414,0.3014,4.6983,5.5556,5.5556,4.9592
3576,MOVING,56.53,5.69,110963.2,0.029,0.341,0.3515,4.1842,5.5556,5.5556,5.6412
3581,MOVING,52.75,-0.5,100737.8,0.0163,0.391,0.3238,3.9426,5.5556,5.5556,5.7135
3586,MOVING,76.35,7.79,125886.7,0.0228,0.241,0.3803,3.3382,5.5556,1.6061,6.7355
3591,MOVING,19.4,1.36,81117.0,0.0196,0.226,0.3565,2.5441,5.5556,5.5556,8.0467
3596,MOVING,67.46,1.9,101583.7,0.035,0.422,0.3554,4.6634,5.5556,5.5556,5.2836
3601,MOVING,10.28,4.78,154489.6,0.0246,0.253,0.3601,3.1864,5.1723,2.8242,6.0604
3606,MOVING,45.0,2.64,88342.8,0.0325,0.33,0.319,3.8093,5.5556,5.0946,5.8235
3611,MOVING,12.57,7.11,97534.5,0.0252,0.318,0.3639,4.0568,5.5556,4.0567,5.8257
3616,MOVING,71.41,-0.01,134457.5,0.0269,0.218,0.3591,2.3991,5.5556,5.5556,8.4278
3621,MOVING,41.71,0.68,158685.5,0.0279,0.383,0.3742,3.806,5.5556,5.5556,6.1334
3626,MOVING,34.49,-0.69,152097.3,0.0206,0.405,0.3153,3.7503,5.5556,5.5556,5.8666
3631,MOVING,7.34,-7.98,75200.6,0.0196,0.245,0.3526,1.8095,2.458,2.458,2.5361
3636,MOVING,6.58,-5.9,101383.6,0.024,0.265,0.4068,2.2566,1.466,1.466,1.0725
3641,MOVING,50.82,-0.36,153423.9,0.0229,0.281,0.3959,2.9471,5.5556,5.5556,7.436
3646,MOVING,34.36,-6.2,76866.4,0.0159,0.381,0.2939,3.274,5.5556,1.6957,6.3463
3651,MOVING,10.69,-5.04,79120.7,0.0249,0.305,0.3423,2.7419,4.5031,4.5031,5.2391
3656,MOVING,15.61,-1.01,137217.9,0.0282,0.286,0.3329,2.9783,5.5556,5.5556,7.0309
3661,MOVING,71.9,3.25,120800.5,0.0324,0.331,0.3077,3.8811,5.5556,5.5556,5.6855
3666,MOVING,23.73,2.5,114377.6,0.016,0.283,0.3487,3.1809,5.5556,1.4765,6.7888
3671,MOVING,50.89,7.4,119486.9,0.0242,0.273,0.3637,3.6331,5.5556,5.5556,6.2682
3676,MOVING,14.0,-0.35,153663.4,0.0208,0.434,0.3566,3.7487,5.5556,5.5556,6.0981
3681,MOVING,31.96,-0.68,91797.1,0.0197,0.252,0.3429,2.5932,5.5556,5.5556,7.8561
3686,MOVING,77.98,7.87,160453.7,0.0221,0.29,0.3937,3.8252,5.5556,5.4962,6.2217
3691,MOVING,88.54,-0.82,78101.7,0.0343,0.321,0.3385,3.4046,5.5556,5.5556,6.4133
3696,MOVING,18.21,-1.46,97408.5,0.0306,0.309,0.343,3.1888,5.5556,3.7791,6.7454
3701,MOVING,21.61,-4.29,133732.5,0.0312,0.262,0.3956,2.4522,5.5556,5.5556,8.4909
3706,MOVING,20.6,-6.88,156348.4,0.0341,0.329,0.336,2.881,5.5556,0.099,7.2234
3711,MOVING,30.23,-3.76,124095.7,0.0296,0.353,0.3099,3.3777,5.5556,5.5556,6.2907
3716,MOVING,38.52,-3.16,142558.6,0.0278,0.271,0.3762,2.6225,5.5556,5.5556,7.9746
3721,MOVING,14.42,1.79,97466.7,0.0205,0.351,0.3808,3.8222,5.5556,5.5556,6.1531
3726,MOVING,52.31,5.69,129851.0,0.0293,0.307,0.3356,3.8488,5.5556,5.5556,5.8741
3731,MOVING,20.45,3.85,75728.5,0.0181,0.23,0.3636,2.8053,5.5556,5.5556,7.5209
3736,MOVING,69.48,4.18,122660.1,0.0285,0.338,0.3843,4.0025,5.5556,5.5556,5.9905
3741,MOVING,11.61,-1.18,112309.6,0.0346,0.407,0.3667,4.2136,5.5556,5.5556,5.6996
3746,MOVING,35.33,7.17,118357.0,0.0328,0.238,0.3324,3.3468,5.5556,5.5556,6.4581
3751,MOVING,98.9,3.64,108363.0,0.0157,0.386,0.3647,4.2896,5.5556,5.4235,5.624
3756,MOVING,13.33,-7.9,77067.8,0.0305,0.3,0.3211,2.4553,5.5556,5.5556,8.0693
3761,MOVING,61.57,4.48,160649.1,0.0253,0.307,0.3337,3.6978,5.5556,0.8254,6.0275
3766,MOVING,75.14,-0.45,83645.9,0.028,0.261,0.3519,2.7881,5.5556,5.5556,7.4901
3771,MOVING,5.96,6.48,83668.9,0.0193,0.399,0.3762,4.7268,2.3211,2.3211,1.443
3776,MOVING,82.73,-5.87,133076.1,0.0323,0.449,0.3421,3.8743,5.5556,5.5556,5.8841
3781,MOVING,12.78,-1.76,142899.6,0.0312,0.395,0.3192,3.9821,5.5556,5.2398,5.6486
3786,MOVING,46.83,6.37,94643.1,0.0326,0.388,0.3877,4.7413,5.5556,2.2546,5.4088
3791,MOVING,70.97,-7.56,150274.3,0.03,0.446,0.3605,3.2143,5.5556,5.5556,6.804
3796,MOVING,20.55,-2.2,158765.7,0.0247,0.355,0.3694,3.4914,5.5556,5.5556,6.4723
3801,MOVING,27.58,-3.86,137140.0,0.023,0.37,0.3363,3.4753,5.5556,2.5132,6.3089
3806,MOVING,51.88,0.84,127081.7,0.0226,0.389,0.3947,4.1195,5.5556,5.5556,5.9392
3811,MOVING,15.74,-5.3,109454.5,0.0216,0.402,0.3688,3.6283,5.5556,5.2243,6.3023
3816,MOVING,22.1,4.67,123336.1,0.0203,0.332,0.2935,3.904,5.5556,5.5556,5.5834
3821,MOVING,75.16,2.73,90337.1,0.0263,0.231,0.36,2.7849,5.5556,5.5556,7.5416
3826,MOVING,67.07,5.28,91976.8,0.0166,0.216,0.3397,2.795,5.5556,5.5556,7.4085
3831,MOVING,85.7,5.69,84123.7,0.0249,0.238,0.3489,3.1265,5.5556,5.5556,6.8744
3836,MOVING,69.73,1.71,95744.5,0.0204,0.412,0.3676,4.4091,5.5556,5.5556,5.5425
3841,MOVING,73.52,4.45,124205.3,0.0292,0.26,0.355,3.2662,5.5556,5.5556,6.6968
3846,MOVING,24.24,-7.08,135735.4,0.0259,0.362,0.2771,3.103,5.5556,5.5556,6.513
3851,MOVING,52.31,-5.07,142208.7,0.0157,0.402,0.3468,3.5244,5.5556,5.5344,6.3054
3856,MOVING,90.45,1.25,91277.0,0.016,0.259,0.3475,2.8149,5.5556,2.7399,7.4132
3861,MOVING,30.27,6.27,82859.5,0.0171,0.437,0.3509,5.0549,5.5556,3.6785,5.0022
3866,MOVING,99.31,6.28,87933.1,0.0177,0.345,0.4046,4.1611,5.5556,5.5556,5.9563
3871,MOVING,52.89,2.08,122462.9,0.0327,0.323,0.3807,3.6886,5.5556,5.0294,6.2988
3876,MOVING,89.78,0.27,99572.6,0.017,0.327,0.356,3.3973,5.5556,5.5556,6.5203
3881,MOVING,70.44,5.54,111377.8,0.0278,0.249,0.2939,3.2535,5.5556,5.5556,6.3763
3886,MOVING,44.19,2.6,96732.6,0.029,0.387,0.3561,4.3357,5.5556,5.5556,5.5379
3891,MOVING,62.08,4.2,145888.8,0.0248,0.373,0.3757,4.309,5.5556,5.5556,5.6689
3896,MOVING,7.39,-2.14,125600.4,0.0288,0.252,0.3712,2.5464,3.0353,3.0353,2.9357
3901,MOVING,97.77,-6.56,89671.2,0.0311,0.435,0.281,3.9158,5.5556,5.5556,5.5022
3906,MOVING,74.6,4.48,107719.8,0.0174,0.401,0.3783,4.533,5.5556,5.5556,5.5062
3911,MOVING,92.86,-6.34,125534.4,0.0169,0.388,0.3962,3.3455,5.5556,5.5556,6.814
3916,MOVING,79.38,-7.53,105163.9,0.0154,0.37,0.3632,3.0321,5.5556,5.5556,7.1073
3921,MOVING,22.84,7.38,147553.3,0.0192,0.312,0.4092,3.9571,5.5556,5.5556,6.1731
3926,MOVING,33.84,7.84,86548.7,0.0165,0.353,0.3981,4.3822,5.5556,3.8074,5.7335
3931,MOVING,28.89,-5.79,89407.0,0.0161,0.378,0.3103,3.2881,5.5556,5.5556,6.4175
3936,MOVING,25.18,6.57,158884.6,0.0348,0.347,0.3591,4.3803,5.5556,5.5556,5.5181
3941,MOVING,63.48,-0.35,149301.7,0.0278,0.408,0.3642,3.9222,5.5556,5.5556,5.9581
3946,MOVING,45.1,-6.95,144582.6,0.019,0.343,0.359,2.8574,5.5556,5.5556,7.3954
3951,MOVING,63.21,-5.46,121940.8,0.0189,0.342,0.3366,3.0002,5.5556,5.5556,7.0139
3956,MOVING,65.16,-2.68,148778.3,0.0165,0.322,0.4171,3.0565,5.5556,5.5556,7.3663
3961,MOVING,89.13,-3.33,104108.2,0.0171,0.387,0.3581,3.63,5.5556,5.5556,6.2407
3966,MOVING,72.16,-5.09,77914.1,0.0257,0.397,0.3424,3.6434,5.5556,3.9978,6.138
3971,MOVING,5.22,-3.18,114640.3,0.0172,0.236,0.3307,2.1745,1.5029,1.5029,1.0163
3976,MOVING,5.45,3.35,150679.4,0.0247,0.222,0.3798,2.7452,0.9631,0.9631,0.5347
3981,MOVING,21.03,-2.17,93254.4,0.0295,0.399,0.3992,3.9901,5.5556,2.4319,6.0852
3986,MOVING,9.47,6.53,155574.5,0.031,0.405,0.4118,4.4774,4.5938,4.5938,4.2482
3991,MOVING,16.83,-3.03,111999.5,0.0275,0.209,0.3676,2.0225,5.5556,5.5556,9.6724
3996,MOVING,80.79,-7.65,106671.3,0.0176,0.212,0.3083,1.5006,5.5556,5.5556,11.9968
4001,MOVING,67.16,4.63,110522.3,0.0176,0.21,0.3795,2.6817,5.5556,5.5556,7.8631
4006,MOVING,18.19,-4.84,157081.8,0.0302,0.328,0.3485,3.0329,5.5556,5.5556,7.0246
4011,MOVING,25.64,7.58,110949.0,0.0248,0.224,0.3245,3.1732,5.5556,5.5556,6.666
4016,MOVING,20.36,-1.77,93962.0,0.0179,0.431,0.4225,4.2239,5.5556,5.5556,6.001
4021,MOVING,11.62,-4.44,104971.0,0.0184,0.279,0.3412,2.4764,4.5261,4.5261,5.6805
4026,MOVING,14.11,5.25,149402.4,0.0156,0.406,0.3323,4.3485,5.5556,5.5556,5.395
4031,MOVING,83.42,-0.04,94840.6,0.0213,0.312,0.2874,3.2599,5.5556,5.5556,6.3307
4036,MOVING,62.8,3.87,138144.5,0.0177,0.332,0.413,3.8064,5.5556,5.5556,6.3488
4041,MOVING,24.0,2.72,127041.0,0.0311,0.29,0.4098,3.4107,5.5556,5.5556,6.8015
4046,MOVING,91.91,0.12,82823.8,0.0299,0.204,0.3231,2.3074,5.5556,5.5556,8.4834
4051,MOVING,26.58,3.38,135077.3,0.0176,0.215,0.3974,2.6155,5.5556,5.5556,8.1081
4056,MOVING,69.55,-0.48,83506.3,0.0277,0.249,0.3745,2.6633,5.5556,5.5556,7.8749
4061,MOVING,52.72,-6.56,116937.1,0.0329,0.212,0.3498,1.7569,5.5556,4.3654,10.7275
4066,MOVING,90.69,-7.77,144651.8,0.0191,0.254,0.3156,1.9121,5.5556,5.1258,9.824
4071,MOVING,95.51,-1.98,132876.0,0.0289,0.379,0.2599,3.801,5.5556,5.5556,5.504
4076,MOVING,58.19,-2.97,146254.1,0.0293,0.304,0.4074,2.9721,5.5556,0.1711,7.4559
4081,MOVING,80.74,-6.11,128284.4,0.0339,0.309,0.3444,2.7633,5.5556,4.3913,7.4979
4086,MOVING,33.7,-7.82,141424.4,0.0151,0.245,0.3784,1.7811,5.5556,5.5556,10.7667
4091,MOVING,61.77,-4.66,161542.5,0.0264,0.215,0.2831,1.9037,5.5556,5.5556,9.6793
4096,MOVING,98.55,5.44,82074.8,0.0164,0.317,0.3245,3.7944,5.5556,1.9215,5.8697
4101,MOVING,66.14,-5.82,112814.6,0.0231,0.206,0.3721,1.6753,5.5556,5.5556,11.2789
4106,MOVING,61.99,4.43,90564.1,0.0154,0.243,0.3908,2.9638,5.5556,5.5556,7.3782
4111,MOVING,95.51,-0.97,141709.1,0.0286,0.41,0.4117,4.0673,5.5556,5.5556,6.0816
4116,MOVING,34.63,-1.14,103556.5,0.0176,0.26,0.3296,2.6099,5.5556,1.5485,7.744
4121,MOVING,64.1,-0.51,80940.8,0.0237,0.25,0.3257,2.6356,5.5556,0.2439,7.6649
4126,MOVING,28.51,7.51,96994.0,0.0178,0.447,0.3573,5.2801,5.5556,5.5556,4.9077
4131,MOVING,39.13,-0.87,136526.4,0.0281,0.354,0.3207,3.6601,5.5556,2.5509,5.998
4136,MOVING,43.69,-6.56,100688.2,0.0325,0.437,0.387,3.9509,5.5556,5.5556,6.0562
4141,MOVING,72.33,6.56,100037.8,0.0218,0.215,0.3354,2.963,5.5556,4.6536,7.0716
4146,STAGED_STOPPED,3.51,-3.07,104100.0,0.0215,0.205,0.3245,1.9201,0.0,0.0,0.0
4151,MOVING,8.24,-4.04,159698.8,0.017,0.331,0.3522,3.0128,3.6553,3.6553,3.5049
4156,MOVING,54.35,1.37,143859.2,0.0252,0.261,0.3409,2.9449,5.5556,2.4559,7.1345
4161,MOVING,54.75,-3.84,165488.2,0.031,0.207,0.3476,1.9611,5.5556,5.5556,9.8004
4166,MOVING,68.46,-3.62,153650.2,0.0309,0.329,0.3303,3.1691,5.5556,5.5556,6.7047
4171,MOVING,99.78,-4.45,95475.6,0.0218,0.347,0.3607,3.1742,5.5556,4.4908,6.8659
4176,MOVING,29.56,-3.31,125719.4,0.0327,0.365,0.347,3.5725,5.5556,5.5556,6.2476
4181,MOVING,98.41,-0.07,93537.9,0.0253,0.318,0.3332,3.3636,5.5556,2.4226,6.4392
4186,MOVING,9.76,6.0,129812.6,0.0264,0.364,0.3563,4.4077,5.0774,5.0774,4.7338
4191,MOVING,32.77,-4.9,138246.5,0.0312,0.447,0.3745,3.8037,5.5556,5.5556,6.1376
4196,MOVING,83.69,7.05,110070.9,0.0243,0.271,0.3451,3.5767,5.5556,5.5268,6.2321
4201,MOVING,88.81,2.37,145364.1,0.0228,0.287,0.3841,3.2708,5.5556,5.5556,6.8522
4206,MOVING,68.19,-4.96,105173.4,0.0339,0.239,0.3213,2.1885,5.5556,5.5556,8.8362
4211,MOVING,84.42,-4.15,97395.5,0.0323,0.305,0.4541,2.8971,5.5556,5.5556,7.8496
4216,MOVING,70.34,-1.19,114250.2,0.0284,0.398,0.4158,4.064,5.5556,5.5556,6.1073
4221,MOVING,30.35,5.28,90016.6,0.0344,0.27,0.3711,3.4949,5.5556,5.5556,6.4777
4226,MOVING,36.77,-4.96,84831.8,0.024,0.251,0.3451,2.2042,5.5556,5.0904,8.9187
4231,MOVING,35.29,-5.61,85900.3,0.0297,0.31,0.3969,2.7794,5.5556,2.4063,7.7574
4236,MOVING,70.65,-0.98,104603.4,0.0303,0.43,0.3309,4.4133,5.5556,0.0395,5.3351
4241,MOVING,82.29,6.2,134288.1,0.0305,0.419,0.3149,5.0011,5.5556,5.5556,4.8354
4246,MOVING,86.78,-4.97,118494.8,0.0316,0.323,0.3962,2.9902,5.5556,3.5675,7.362
4251,MOVING,59.33,0.54,97091.9,0.0227,0.431,0.3637,4.5057,5.5556,4.9032,5.4455
4256,STAGED_STOPPED,3.1,6.72,130455.3,0.0295,0.267,0.4506,3.5633,0.0,0.0,0.0
4261,MOVING,92.67,5.53,143760.8,0.0229,0.203,0.4008,2.7576,5.5556,5.5556,7.8231
4266,MOVING,54.15,1.11,165481.6,0.0236,0.259,0.3993,2.8757,5.5556,4.5329,7.585
4271,MOVING,80.52,2.86,111308.3,0.0278,0.206,0.4122,2.5735,5.5556,3.3035,8.2864
4276,MOVING,13.22,-7.68,110597.3,0.0168,0.242,0.4081,1.7831,4.789,4.789,8.3854
4281,MOVING,90.3,-7.82,113129.0,0.0151,0.231,0.4042,1.6456,5.5556,5.5556,11.6235
4286,MOVING,37.3,3.36,150538.0,0.0337,0.412,0.3349,4.3132,5.5556,3.0354,5.4386
4291,MOVING,62.47,6.87,115445.3,0.0297,0.284,0.372,3.7413,5.5556,5.5556,6.1917
4296,MOVING,42.87,-6.3,156194.2,0.0323,0.277,0.3442,2.4097,5.5556,5.5556,8.3166
4301,STAGED_STOPPED,5.6,0.54,162077.0,0.0209,0.441,0.3858,3.652,0.0,0.0,0.0
4306,MOVING,8.48,7.6,134124.2,0.0174,0.349,0.349,4.3298,4.4262,4.4262,3.8072
4311,MOVING,33.37,-5.0,123655.1,0.0298,0.232,0.3841,2.0752,5.5556,5.5556,9.5706
4316,MOVING,50.83,0.97,85368.4,0.0228,0.208,0.3576,2.3588,5.5556,5.5556,8.5294
4321,MOVING,48.78,3.02,76671.3,0.026,0.243,0.4191,2.9367,5.5556,1.5393,7.5832
4326,MOVING,28.67,3.55,106763.4,0.0176,0.314,0.3848,3.5997,5.5556,5.5556,6.4247
4331,STAGED_STOPPED,3.25,-7.69,135362.1,0.0188,0.443,0.354,3.4952,0.0,0.0,0.0
4336,MOVING,33.6,-7.43,159845.5,0.0199,0.289,0.3211,2.2966,5.5556,2.5973,8.5037
4341,MOVING,57.16,6.93,141582.0,0.0326,0.299,0.3543,3.9176,5.5556,2.7051,5.9073
4346,MOVING,84.01,1.05,99576.4,0.0281,0.444,0.3666,4.7319,5.5556,4.6031,5.2979
4351,MOVING,97.27,3.65,135623.1,0.0234,0.408,0.3497,4.5851,5.5556,5.5556,5.3086
4356,MOVING,57.95,0.54,105524.0,0.0152,0.417,0.3653,4.288,5.5556,5.5556,5.6283
4361,MOVING,55.33,5.92,148815.6,0.0334,0.202,0.3566,2.8822,5.5556,5.5556,7.3356
4366,MOVING,64.82,-7.85,159442.0,0.0201,0.22,0.4232,1.5792,5.5556,5.5556,12.1234
4371,MOVING,52.84,-2.78,127437.0,0.0345,0.261,0.3697,2.6275,5.5556,5.5556,7.927
4376,MOVING,49.9,-4.68,108498.1,0.0255,0.375,0.3501,3.4662,5.5556,5.5556,6.397
4381,MOVING,4.99,-4.8,79367.9,0.0176,0.369,0.3011,3.321,2.0274,2.0274,1.2293
4386,MOVING,56.15,1.3,110346.7,0.0186,0.4,0.2978,4.2365,5.5556,5.5556,5.2971
4391,MOVING,45.75,5.59,100134.2,0.0203,0.372,0.3545,4.3894,5.5556,5.5556,5.4856
4396,MOVING,92.12,3.37,95590.6,0.0268,0.259,0.3553,3.1291,5.5556,5.5556,6.9056
4401,MOVING,22.31,3.14,84602.1,0.027,0.205,0.3588,2.5855,5.5556,5.5556,7.9621
4406,MOVING,58.98,-1.59,117862.8,0.0327,0.22,0.3021,2.3196,5.5556,5.5556,8.3311
4411,MOVING,59.54,3.31,74143.3,0.018,0.443,0.4696,4.8466,5.5556,5.5556,5.7929
4416,MOVING,73.86,-7.7,126846.5,0.0187,0.328,0.3663,2.6343,5.5556,2.2787,7.8931
4421,MOVING,95.24,-4.78,110170.8,0.0298,0.259,0.3226,2.3581,5.5556,5.5556,8.3367
4426,MOVING,72.51,-2.25,81446.8,0.0196,0.44,0.3578,4.2814,5.5556,5.5556,5.5924
4431,MOVING,63.02,-6.49,96258.4,0.0281,0.305,0.3518,2.6205,5.5556,5.5556,7.8432
4436,MOVING,68.37,-5.86,83948.0,0.0281,0.22,0.3622,1.8556,5.5556,5.5556,10.3289
4441,MOVING,38.06,7.54,74587.1,0.0334,0.305,0.3754,4.0521,5.5556,5.5556,5.8941
4446,MOVING,9.37,-6.57,123138.3,0.0341,0.367,0.314,3.2794,5.4434,5.267,6.2269
4451,MOVING,10.23,-6.29,145883.4,0.0274,0.324,0.3516,2.8269,4.0133,3.3859,4.2601
4456,MOVING,34.08,-3.3,142081.0,0.0223,0.24,0.4154,2.2511,5.5556,5.5556,9.1632
4461,MOVING,48.41,1.96,162089.8,0.0262,0.269,0.3294,3.0877,5.5556,5.5556,6.8278
4466,MOVING,25.13,2.86,152300.9,0.0301,0.283,0.3377,3.3501,5.5556,5.5556,6.4826
4471,MOVING,59.44,6.72,78453.5,0.0252,0.342,0.3949,4.2519,5.5556,5.5556,5.8234
4476,MOVING,3.49,2.49,102873.6,0.0162,0.248,0.4002,2.8356,0.3411,0.3411,0.157
4481,MOVING,67.63,-5.24,95526.3,0.017,0.228,0.3667,1.885,5.5556,5.5556,10.224
4486,MOVING,40.76,6.88,124550.3,0.0259,0.275,0.3573,3.6154,5.5556,4.4055,6.2537
4491,MOVING,77.55,-5.73,75575.8,0.0306,0.406,0.356,3.7176,5.5556,5.5556,6.1287
4496,MOVING,19.37,-2.1,82036.8,0.0347,0.262,0.3714,2.7073,5.5556,5.5556,7.7637
4501,MOVING,77.83,-2.41,133381.9,0.015,0.44,0.34,4.0347,5.5556,5.5556,5.7139
4506,MOVING,5.86,1.34,126021.6,0.0166,0.355,0.3677,3.7775,2.0655,2.0655,1.3242
4511,MOVING,82.17,2.49,118814.7,0.0272,0.337,0.3585,3.8149,5.5556,5.5556,6.0369
4516,MOVING,27.01,5.84,76920.1,0.0261,0.412,0.3374,4.8564,5.5556,5.4711,5.0519
4521,MOVING,93.84,-7.84,84363.8,0.0249,0.415,0.3374,3.5301,5.5556,5.5556,6.2461
4526,MOVING,36.18,-3.61,165224.3,0.0181,0.37,0.3614,3.1523,5.5556,5.5556,6.9037
4531,MOVING,37.46,3.88,108062.9,0.0273,0.366,0.3848,4.2297,5.5556,5.5556,5.7862
4536,MOVING,42.66,-4.72,150013.5,0.0163,0.211,0.3481,1.7669,5.5556,5.5556,10.6679
4541,MOVING,50.63,4.94,74505.4,0.0296,0.403,0.3877,4.7183,5.5556,5.5556,5.4244
4546,MOVING,33.17,7.96,127948.9,0.0318,0.237,0.3948,3.4102,5.5556,0.4307,6.7185
4551,MOVING,42.24,0.73,86942.6,0.0253,0.216,0.379,2.4357,5.5556,2.002,8.4415
4556,MOVING,69.84,-2.03,130712.3,0.0182,0.42,0.3326,4.0939,5.5556,5.5556,5.6175
4561,MOVING,54.56,2.62,97290.7,0.0243,0.292,0.4026,3.3563,5.5556,5.5556,6.8349
4566,MOVING,55.81,1.83,143924.2,0.0252,0.274,0.4358,3.1177,5.5556,4.9344,7.371
4571,MOVING,63.61,4.3,92238.1,0.0225,0.343,0.3193,3.9997,5.5556,5.5556,5.6325
4576,MOVING,42.6,-1.47,83187.6,0.0166,0.329,0.3891,3.2432,5.5556,5.5556,6.9202
4581,MOVING,81.04,4.27,74902.1,0.0289,0.39,0.3442,4.5269,5.5556,1.5545,5.3212
4586,MOVING,53.42,0.86,98023.9,0.0257,0.294,0.3452,3.214,5.5556,5.4608,6.7195
4591,MOVING,56.69,6.28,117753.0,0.0197,0.258,0.3559,3.3355,5.5556,4.3561,6.604
4596,MOVING,99.69,3.01,77878.6,0.0258,0.206,0.3964,2.5704,5.5556,3.1453,8.2063
4601,MOVING,79.87,4.31,77948.5,0.0233,0.225,0.3863,2.8565,5.5556,5.5556,7.5487
4606,MOVING,67.48,6.35,154393.7,0.0316,0.303,0.3374,3.8951,5.5556,1.5922,5.8366
4611,MOVING,59.87,-3.41,111311.7,0.0255,0.409,0.3866,3.9227,5.5556,5.5556,6.0819
4616,MOVING,40.64,-6.58,109012.8,0.0311,0.265,0.365,2.2534,5.5556,5.5556,8.8766
4621,MOVING,89.43,-6.26,77623.4,0.0154,0.292,0.34,2.3933,5.5556,2.7489,8.337
4626,MOVING,61.74,3.15,134516.8,0.0311,0.266,0.3901,3.2227,5.5556,5.0492,6.9558
4631,STAGED_STOPPED,4.85,5.2,119232.3,0.0253,0.31,0.3623,3.7918,0.0,0.0,0.0
4636,MOVING,89.99,-6.58,85878.4,0.0293,0.405,0.3197,3.6018,5.5556,5.5556,6.0606
4641,MOVING,71.31,-3.16,122901.5,0.0322,0.28,0.3936,2.7483,5.5556,5.5556,7.8018
4646,MOVING,74.02,1.64,132929.3,0.0234,0.31,0.3007,3.431,5.5556,4.9785,6.1685
4651,MOVING,14.14,-3.26,133656.0,0.0175,0.224,0.3562,2.0473,5.5556,5.5556,9.5168
4656,MOVING,47.0,7.35,111214.7,0.0168,0.341,0.4225,4.223,5.5556,5.3862,6.0017
4661,MOVING,73.51,0.91,78858.3,0.0207,0.352,0.3828,3.7453,5.5556,4.362,6.2472
4666,MOVING,22.99,5.42,115236.4,0.0213,0.211,0.3941,2.8022,5.5556,5.5556,7.6967
4671,MOVING,35.09,-3.56,137723.0,0.0232,0.24,0.3724,2.2296,5.5556,5.5556,8.9902
4676,MOVING,96.63,-5.18,130371.3,0.03,0.23,0.3575,2.0378,5.5556,0.6308,9.5593
4681,MOVING,72.42,4.29,130283.5,0.0325,0.319,0.3355,3.861,5.5556,5.5556,5.8607
4686,MOVING,41.6,-6.43,147745.0,0.0152,0.254,0.3677,2.0052,5.5556,5.5556,9.7386
4691,MOVING,62.58,-2.13,85949.6,0.027,0.364,0.3529,3.6296,5.5556,5.5556,6.2126
4696,MOVING,42.56,-7.7,92229.3,0.0221,0.375,0.3781,3.1318,5.5556,5.5556,7.0283
4701,MOVING,46.41,-1.22,159462.1,0.0293,0.355,0.3251,3.6169,5.5556,5.5556,6.0727
4706,MOVING,78.01,-2.31,91456.2,0.0304,0.228,0.3649,2.3115,5.5556,4.5606,8.7036
4711,MOVING,38.61,7.28,97560.7,0.0292,0.203,0.3641,2.9796,5.5556,5.5556,7.2023
4716,MOVING,60.94,-3.82,116434.4,0.0311,0.258,0.3183,2.4573,5.5556,5.5556,8.0486
4721,MOVING,79.15,6.01,92695.2,0.0242,0.267,0.3837,3.4367,5.5556,5.5556,6.6224
4726,MOVING,47.99,1.78,116962.2,0.034,0.419,0.3837,4.6128,5.5556,0.1248,5.4773
4731,MOVING,87.73,-1.29,160482.3,0.0323,0.276,0.3359,2.8985,5.5556,5.5556,7.1904
4736,MOVING,19.06,5.65,120950.7,0.024,0.317,0.3904,3.8959,5.5556,5.5556,6.13
4741,MOVING,60.17,1.46,88793.3,0.0264,0.429,0.3583,4.6123,5.5556,4.2879,5.3367
4746,MOVING,6.69,-4.07,146500.0,0.0288,0.367,0.3614,3.4763,3.0261,0.4999,2.4109
4751,MOVING,95.54,2.37,87033.5,0.0152,0.23,0.359,2.6366,5.5556,5.5556,7.8476
4756,MOVING,41.39,-0.77,147386.9,0.0324,0.223,0.3461,2.4267,5.5556,0.1906,8.282
4761,MOVING,28.93,3.79,77009.4,0.0279,0.366,0.3492,4.2344,5.5556,4.4894,5.5845
4766,MOVING,40.15,-0.99,154936.0,0.0267,0.282,0.3809,2.9306,5.5556,4.0571,7.382
4771,MOVING,34.93,4.84,106710.7,0.0278,0.349,0.3853,4.1622,5.5556,2.8122,5.8485
4776,MOVING,46.99,-7.34,108443.8,0.0168,0.3,0.2828,2.3839,5.5556,5.5556,8.0445
4781,MOVING,94.97,-3.06,112618.8,0.0155,0.323,0.369,3.0225,5.5556,5.5556,7.1556
4786,MOVING,28.98,3.78,126382.0,0.028,0.367,0.3786,4.2461,5.5556,5.5556,5.7376
4791,MOVING,66.23,-2.31,112835.2,0.0284,0.335,0.4024,3.3337,5.5556,5.5556,6.8649
4796,MOVING,72.59,6.87,151368.9,0.0187,0.432,0.3426,4.4889,5.5556,5.5556,5.3413
4801,MOVING,15.63,1.04,112218.8,0.0331,0.242,0.3067,2.8038,5.5556,5.5556,7.2082
4806,MOVING,76.36,-3.89,89845.5,0.0274,0.313,0.3679,2.949,5.5556,2.2171,7.2772
4811,MOVING,29.37,-2.23,77776.3,0.0294,0.345,0.3511,3.4468,5.5556,0.2087,6.4277
4816,MOVING,29.78,0.13,160569.6,0.0182,0.229,0.3415,2.4345,5.5556,2.8963,8.2363
4821,MOVING,19.98,3.12,79217.1,0.0265,0.419,0.3951,4.6695,5.5556,3.2786,5.5001
4826,MOVING,18.33,-4.27,152353.5,0.0279,0.335,0.3382,3.1353,5.5556,5.5556,6.8008
4831,MOVING,56.07,6.94,101320.0,0.0241,0.242,0.4055,3.2777,5.5556,5.5556,6.9611
4836,MOVING,98.61,0.72,133981.4,0.0332,0.224,0.4067,2.5934,5.5556,3.74,8.2102
4841,MOVING,78.18,7.88,163772.9,0.0262,0.424,0.3787,4.3848,5.5556,5.5556,5.6233
4846,MOVING,55.32,-1.85,111805.6,0.0321,0.321,0.3949,3.2825,5.5556,5.5556,6.8955
4851,MOVING,53.63,-5.71,129238.8,0.024,0.366,0.3757,3.2616,5.5556,2.6301,6.8185
4856,MOVING,85.4,-5.18,136877.3,0.0328,0.34,0.3593,3.1461,5.5556,2.4503,6.9016
4861,MOVING,12.34,1.82,164461.1,0.021,0.368,0.3416,3.7278,5.5556,5.5556,6.0378
4866,MOVING,77.14,-3.24,164607.0,0.0177,0.368,0.3911,3.1967,5.5556,5.2723,7.0002
4871,MOVING,82.78,-3.64,90313.0,0.0152,0.236,0.4057,2.1067,5.5556,5.5556,9.5794
4876,MOVING,15.95,5.19,110749.1,0.0346,0.35,0.3963,4.2771,5.5556,5.5556,5.8099
4881,MOVING,37.64,-7.8,112992.1,0.0161,0.296,0.2837,2.2902,5.5556,0.4253,8.3141
4886,MOVING,82.66,1.41,95535.6,0.0294,0.435,0.355,4.6948,5.5556,5.5556,5.2593
4891,MOVING,83.94,-5.48,92213.5,0.0266,0.273,0.3191,2.4003,5.5556,5.5556,8.2023
4896,MOVING,62.16,-1.11,82560.6,0.0293,0.417,0.3471,4.2649,5.5556,4.2335,5.5467
4901,MOVING,49.74,-0.81,99634.6,0.0185,0.253,0.4265,2.58,5.5556,5.5556,8.3511
4906,MOVING,17.78,0.58,159830.7,0.0202,0.406,0.3886,3.6955,5.5556,5.5556,6.3351
4911,MOVING,27.58,1.82,98070.9,0.0256,0.205,0.328,2.4399,5.5556,5.5556,8.1474
4916,MOVING,39.68,4.29,79935.3,0.0184,0.346,0.3954,3.9883,5.5556,5.5556,6.0661
4921,MOVING,39.78,-6.42,134696.4,0.0325,0.352,0.2977,3.13,5.5556,5.5556,6.5842
4926,MOVING,53.92,2.93,110211.4,0.0267,0.432,0.3638,4.7801,5.5556,3.5781,5.2497
4931,MOVING,25.57,1.36,158574.6,0.0178,0.359,0.3407,3.7762,5.5556,5.5556,5.9795
4936,MOVING,81.5,-4.99,134430.2,0.0184,0.333,0.3081,2.954,5.5556,5.5556,6.9359
4941,MOVING,89.18,6.01,129910.1,0.0277,0.414,0.4146,4.9133,5.5556,5.5556,5.444
4946,MOVING,47.75,-1.24,91125.0,0.0244,0.219,0.4226,2.2666,5.5556,5.5556,9.1567
4951,MOVING,10.37,1.83,94679.8,0.0189,0.345,0.3892,3.7513,4.9198,4.9198,5.1411
4956,MOVING,24.98,-3.8,136364.2,0.015,0.433,0.359,3.8083,5.5556,5.5556,6.0466
4961,MOVING,29.68,-2.38,99881.9,0.0234,0.374,0.3778,3.6666,5.5556,5.5556,6.3076
4966,MOVING,99.46,-6.85,74390.7,0.0212,0.415,0.3215,3.5936,5.5556,5.5556,6.0806
4971,MOVING,91.02,3.36,97261.4,0.0281,0.426,0.3775,4.7774,5.5556,3.851,5.3272
4976,MOVING,81.72,1.08,113644.4,0.0264,0.366,0.304,3.9519,5.5556,5.5556,5.5937
4981,MOVING,74.37,-2.22,98206.1,0.0224,0.307,0.3765,3.0115,5.5556,5.5556,7.2164
4986,MOVING,70.45,-6.33,115495.6,0.0217,0.394,0.3154,3.4483,5.5556,3.8041,6.2273
4991,MOVING,75.0,-6.32,129713.8,0.0345,0.384,0.3907,3.4808,5.5556,0.098,6.6042
4996,MOVING,78.28,-7.33,120619.8,0.0337,0.362,0.3691,3.153,5.5556,5.5556,6.9448
5001,MOVING,65.53,7.1,159218.0,0.0245,0.362,0.3888,4.3884,5.5556,5.5556,5.6765
5006,MOVING,66.33,-7.07,111568.9,0.0293,0.398,0.3433,3.492,5.5556,5.5556,6.3266
5011,MOVING,31.49,-6.13,102030.9,0.0221,0.267,0.4023,2.2257,5.5556,5.5556,9.1689
5016,MOVING,28.62,-6.83,112980.0,0.0199,0.347,0.3696,2.9182,5.5556,5.5556,7.3418
5021,MOVING,46.72,-1.1,112235.8,0.0279,0.362,0.3645,3.7193,5.5556,4.4848,6.1741
5026,MOVING,83.86,-0.37,145710.7,0.0256,0.349,0.296,3.6335,5.5556,5.5556,5.8919
5031,MOVING,76.5,2.97,106756.4,0.0213,0.272,0.3758,3.162,5.5556,5.5556,6.9682
5036,MOVING,37.74,-5.84,156811.7,0.0203,0.396,0.3403,3.1343,5.5556,5.5556,6.8145
5041,MOVING,88.15,2.11,118792.0,0.0205,0.27,0.3478,3.0512,5.5556,2.5861,6.9901
5046,MOVING,70.17,0.76,105737.4,0.0206,0.324,0.3543,3.4572,5.5556,5.5556,6.4321
5051,MOVING,65.84,-4.94,125898.3,0.0152,0.21,0.351,1.7172,5.5556,5.5556,10.9368
5056,MOVING,80.08,-7.71,145587.9,0.0203,0.284,0.313,2.2181,5.5556,5.5556,8.6965
5061,MOVING,70.35,4.84,130270.9,0.0288,0.301,0.3314,3.7072,5.5556,5.5556,6.0042
5066,MOVING,31.27,-6.74,161923.8,0.0245,0.221,0.3236,1.739,5.5556,1.7181,10.6721
5071,MOVING,27.86,0.83,87556.1,0.0294,0.2,0.4092,2.332,5.5556,5.5556,8.891
5076,MOVING,47.92,-1.44,91562.4,0.0175,0.408,0.3637,4.03,5.5556,5.5556,5.8496
5081,MOVING,40.92,-5.78,155695.3,0.0288,0.264,0.3203,2.2979,5.5556,5.5556,8.4952
5086,MOVING,9.61,1.7,113220.8,0.0268,0.204,0.3345,2.4301,4.8133,4.8133,6.3771
5091,MOVING,95.22,2.67,118073.1,0.0175,0.414,0.3596,4.4891,5.5556,5.5556,5.4357
5096,MOVING,5.52,5.57,110996.9,0.0176,0.344,0.3869,4.0895,1.7702,1.7702,1.068
5101,MOVING,19.94,-7.11,123526.3,0.0337,0.386,0.387,3.4127,5.5556,5.5556,6.6722
5106,MOVING,91.94,-7.12,162579.6,0.0322,0.323,0.3774,2.7803,5.5556,5.5556,7.6472
5111,MOVING,14.66,-4.02,126013.4,0.0324,0.308,0.3846,2.9451,5.5556,5.5556,7.3765
5116,MOVING,30.5,-4.42,105548.6,0.0178,0.283,0.3895,2.516,5.5556,5.5556,8.2977
5121,MOVING,53.24,1.95,137895.6,0.0187,0.241,0.2817,2.7404,5.5556,3.8482,7.1966
5126,MOVING,90.76,-0.71,127657.4,0.0273,0.392,0.3899,4.042,5.5556,5.5556,5.9839
5131,MOVING,5.88,7.55,155924.7,0.0257,0.277,0.3772,3.6973,3.0416,3.0416,2.3985
5136,MOVING,41.07,-7.33,82673.8,0.0191,0.238,0.3458,1.7937,5.5556,5.5556,10.5248
5141,MOVING,43.39,7.03,80175.9,0.0316,0.346,0.3543,4.3773,5.5556,4.2333,5.4942
5146,MOVING,36.52,-3.48,138441.4,0.0238,0.227,0.4115,2.115,5.5556,5.5556,9.5826
5151,MOVING,13.55,0.25,79685.0,0.0305,0.329,0.4209,3.5465,5.5556,5.5556,6.6897
5156,MOVING,67.25,-2.51,125337.6,0.0286,0.206,0.3255,2.0527,5.5556,5.5556,9.3262
5161,MOVING,61.26,-5.98,159198.7,0.0197,0.28,0.3491,2.3484,5.5556,2.0172,8.511
5166,MOVING,22.21,-0.38,116777.1,0.0269,0.405,0.3597,4.2028,5.5556,5.5556,5.6705
5171,MOVING,28.04,-1.49,139501.2,0.0337,0.363,0.3535,3.7416,5.5556,5.3354,6.0881
5176,MOVING,43.75,-0.76,131165.6,0.0216,0.215,0.3455,2.244,5.5556,5.5556,8.7963
5181,MOVING,5.69,0.42,126178.8,0.0212,0.368,0.3125,3.8586,3.4207,3.4207,2.5854
5186,MOVING,40.87,7.09,111640.4,0.0335,0.339,0.2697,4.3407,5.5556,5.5556,5.0538
5191,MOVING,31.67,-5.11,132231.6,0.0336,0.406,0.4244,3.8012,5.5556,5.5556,6.4178
5196,MOVING,84.86,-6.55,101901.1,0.0322,0.408,0.3377,3.6709,5.5556,5.5556,6.0799
5201,MOVING,43.79,2.61,102216.2,0.0248,0.266,0.3597,3.109,5.5556,1.1544,6.9619
5206,MOVING,74.9,1.63,90932.8,0.0274,0.343,0.3595,3.7942,5.5556,5.5556,6.0647
5211,MOVING,89.52,6.8,121156.9,0.0248,0.438,0.3545,5.1963,5.5556,3.7697,4.9392
5216,MOVING,88.49,-1.53,148592.0,0.0208,0.401,0.3446,3.7551,5.5556,5.5556,6.0242
5221,MOVING,90.1,-6.9,103492.3,0.0326,0.404,0.375,3.5941,5.5556,1.7277,6.3771
5226,MOVING,94.82,1.56,132083.0,0.0238,0.382,0.3876,4.1351,5.5556,5.5556,5.8855
5231,MOVING,36.98,2.35,130717.1,0.0347,0.356,0.3723,4.0635,5.5556,5.5556,5.8662
5236,MOVING,55.13,4.86,139616.8,0.0189,0.381,0.3298,4.3961,5.5556,5.5556,5.3425
5241,MOVING,44.64,5.98,143391.4,0.0327,0.261,0.3536,3.4577,5.5556,0.8181,6.4276
5246,STAGED_STOPPED,4.57,-7.95,128431.5,0.0349,0.412,0.3577,3.5908,0.0,0.0,0.0
5251,MOVING,42.3,3.01,104464.6,0.0269,0.269,0.2992,3.1934,5.5556,5.5556,6.4947
5256,MOVING,15.23,-4.04,97268.7,0.0231,0.351,0.3713,3.2669,5.5556,2.5628,6.7867
5261,MOVING,37.26,-3.66,116050.3,0.0301,0.252,0.4066,2.4012,5.5556,0.6003,8.686
5266,MOVING,92.1,3.42,114734.3,0.0337,0.291,0.3709,3.5211,5.5556,3.3582,6.4434
5271,MOVING,30.2,-2.74,160061.6,0.0188,0.441,0.3221,3.3514,5.5556,0.3414,6.394
5276,MOVING,62.84,-5.05,95179.9,0.02,0.339,0.3881,3.0235,5.5556,4.5728,7.2605
5281,MOVING,96.22,1.38,137647.3,0.0308,0.272,0.3358,3.1039,5.5556,5.5556,6.8375
5286,MOVING,41.25,3.56,98175.3,0.0232,0.293,0.3701,3.4519,5.5556,1.6573,6.5271
5291,MOVING,88.97,-6.45,154373.6,0.0294,0.284,0.3883,2.4357,5.5556,2.6036,8.4931
5296,MOVING,90.28,5.58,102399.0,0.0193,0.33,0.4208,3.9649,5.5556,5.5556,6.23
5301,MOVING,86.73,-3.12,140915.5,0.017,0.279,0.4555,2.5932,5.5556,0.5986,8.4816
5306,STAGED_STOPPED,4.9,2.93,109230.1,0.0347,0.423,0.4366,4.7692,0.0,0.0,0.0
5311,MOVING,38.35,2.41,152130.9,0.0238,0.238,0.3123,2.801,5.5556,1.3534,7.2447
5316,MOVING,53.67,5.07,161160.1,0.0244,0.213,0.3524,2.8246,5.5556,5.5556,7.4213
5321,MOVING,79.99,-5.45,162647.8,0.0328,0.288,0.3688,2.6105,5.5556,5.5556,7.9606
5326,MOVING,15.64,-4.54,151476.1,0.0262,0.213,0.318,1.8949,5.5167,4.7434,9.7847
5331,MOVING,36.29,5.62,136407.4,0.024,0.376,0.3706,4.464,5.5556,5.5556,5.5161
5336,MOVING,63.87,1.97,146776.3,0.03,0.316,0.4019,3.586,5.5556,2.3508,6.5366
5341,MOVING,56.76,-4.97,127455.7,0.0279,0.448,0.2737,4.1014,5.5556,3.9838,5.2832
5346,MOVING,32.14,-5.96,146834.5,0.0346,0.279,0.3761,2.4875,5.5556,5.5556,8.2937
5351,MOVING,68.66,-6.04,106982.2,0.0314,0.413,0.3867,3.7598,5.5556,5.5556,6.2528
5356,MOVING,36.62,-5.98,153190.8,0.0248,0.289,0.3321,2.4875,5.5556,1.2958,8.0491
5361,MOVING,11.96,-4.13,82423.9,0.0314,0.365,0.3376,3.4745,5.5556,0.5198,6.3174
5366,MOVING,87.28,5.84,146581.2,0.0301,0.284,0.3896,3.648,5.5556,1.0223,6.3947
5371,MOVING,60.78,0.76,119231.6,0.0234,0.255,0.3507,2.8067,5.5556,5.5556,7.4466
5376,MOVING,79.82,-0.35,118129.2,0.017,0.362,0.3216,3.684,5.5556,3.6024,5.9757
5381,MOVING,70.57,2.01,122490.5,0.0269,0.393,0.3384,4.3102,5.5556,3.1149,5.4606
5386,MOVING,60.28,5.65,162948.4,0.0232,0.404,0.3902,4.1555,5.5556,3.4532,5.8814
5391,MOVING,16.16,7.03,152813.2,0.0311,0.261,0.285,3.5482,5.5556,5.5556,5.9328
5396,MOVING,98.18,-6.55,76758.6,0.0195,0.207,0.3094,1.571,5.5556,4.1686,11.5423
5401,MOVING,73.62,-3.91,110370.5,0.0259,0.265,0.3648,2.465,5.5556,0.8082,8.2871
5406,MOVING,42.75,2.77,157176.7,0.0195,0.437,0.3173,3.9619,5.5556,0.4524,5.658
5411,MOVING,41.57,4.36,157438.9,0.0258,0.416,0.3598,4.1728,5.5556,3.1593,5.6972
5416,MOVING,43.85,4.74,92424.5,0.0306,0.39,0.3833,4.5849,5.5556,5.5556,5.4952
5421,MOVING,40.22,-0.18,131998.9,0.0242,0.447,0.3582,4.3859,5.5556,5.5556,5.5085
5426,MOVING,48.09,7.55,86475.5,0.0331,0.441,0.3348,5.3762,5.5556,0.7405,4.7306
5431,MOVING,53.01,-5.67,144396.3,0.0274,0.381,0.3186,3.4432,5.5556,5.5082,6.2517
5436,MOVING,94.65,4.44,118253.5,0.018,0.408,0.3716,4.6108,5.5556,5.5556,5.4113
5441,MOVING,13.68,1.54,100926.4,0.0238,0.244,0.3436,2.7762,5.5556,0.9035,7.4676
5446,MOVING,88.73,-6.05,110097.2,0.0169,0.229,0.3296,1.8184,5.5556,4.5633,10.3175
5451,MOVING,37.06,-5.85,98592.5,0.0236,0.323,0.4483,2.8247,5.5556,2.9418,7.9543
5456,MOVING,47.98,-5.86,107799.4,0.0304,0.344,0.3707,3.0897,5.5556,5.5556,7.0546
5461,MOVING,73.54,-6.31,135100.9,0.0213,0.237,0.43,1.9063,5.5556,5.5556,10.4842
5466,MOVING,58.93,5.44,118683.8,0.0283,0.378,0.3684,4.5161,5.5556,5.5556,5.4638
5471,MOVING,34.9,-4.09,146764.3,0.0232,0.418,0.3355,3.5733,5.5556,2.2419,6.1827
5476,MOVING,15.17,-4.84,159773.7,0.0207,0.442,0.3582,3.171,5.5556,5.5556,6.8567
5481,MOVING,47.81,-1.57,74375.4,0.0241,0.413,0.3392,4.136,5.5556,2.2744,5.6154
5486,MOVING,67.02,7.86,156750.9,0.0302,0.266,0.4045,3.6606,5.5556,5.5556,6.4631
5491,MOVING,15.27,1.78,81734.1,0.0234,0.344,0.3897,3.7722,5.5556,5.5556,6.2563
5496,MOVING,65.13,3.35,164981.2,0.0186,0.322,0.3828,3.6654,5.5556,5.5556,6.337
5501,MOVING,13.65,-1.44,131846.5,0.0306,0.3,0.3735,3.0993,5.5556,1.2955,7.0542
5506,MOVING,20.18,-7.23,151961.3,0.0163,0.427,0.384,3.0717,5.5556,2.7251,7.1573
5511,MOVING,95.45,-6.8,148327.0,0.0276,0.316,0.3672,2.6941,5.5556,4.6901,7.7679
5516,MOVING,18.67,1.88,103657.8,0.0239,0.234,0.3502,2.7094,5.5556,4.2458,7.6417
5521,MOVING,50.52,-4.49,75419.7,0.0163,0.381,0.3178,3.4525,5.5556,5.5556,6.2353
5526,MOVING,4.38,-0.54,118994.7,0.0163,0.411,0.3833,4.1347,0.4744,0.4744,0.2091
5531,MOVING,31.28,5.61,156170.5,0.0327,0.374,0.4235,4.3919,5.5556,5.5556,5.8663
5536,MOVING,9.19,-4.27,139287.3,0.0212,0.261,0.3678,2.3445,3.5199,3.5199,3.9368
5541,MOVING,18.07,-7.91,147449.4,0.0164,0.241,0.3727,1.7458,5.5556,5.5556,10.9101
5546,MOVING,37.54,0.52,147778.0,0.0327,0.312,0.3989,3.4313,5.5556,5.5556,6.714
5551,MOVING,60.6,-1.31,120302.7,0.0257,0.37,0.3687,3.7517,5.5556,5.5556,6.1616
5556,MOVING,58.19,-6.71,145815.4,0.0184,0.429,0.3379,3.2949,5.5556,5.5556,6.5609
5561,MOVING,23.9,1.39,81499.7,0.0171,0.213,0.3554,2.3941,5.5556,5.5556,8.4203
5566,MOVING,65.2,0.87,131686.0,0.0334,0.416,0.3123,4.491,5.5556,2.1584,5.1712
5571,MOVING,63.16,-0.76,130228.4,0.0275,0.385,0.3639,3.9723,5.5556,4.892,5.9069
5576,MOVING,7.43,-2.19,106046.4,0.0282,0.449,0.3227,4.4678,3.2238,3.2238,2.2034
5581,MOVING,44.74,-4.06,156927.2,0.0174,0.445,0.3846,3.2778,5.5556,1.956,6.8447
5586,MOVING,52.98,4.45,137967.4,0.0165,0.243,0.3796,2.9751,5.5556,5.5556,7.296
5591,MOVING,83.1,0.51,90298.8,0.0257,0.253,0.3585,2.7789,5.5556,2.9034,7.545
5596,MOVING,92.52,7.63,111606.9,0.0222,0.294,0.3274,3.8359,5.5556,4.6997,5.842
5601,MOVING,33.4,1.28,106528.0,0.0333,0.3,0.3745,3.3904,5.5556,5.5556,6.6321
5606,MOVING,19.56,0.75,91140.2,0.0218,0.242,0.3843,2.6565,5.5556,4.0545,7.9441
5611,MOVING,78.78,-4.09,110219.8,0.0159,0.417,0.2898,3.8372,5.5556,3.4281,5.6316
5616,MOVING,51.88,-1.52,162910.5,0.0319,0.208,0.3512,2.202,5.5556,3.8508,8.9592
5621,MOVING,81.59,7.41,82930.3,0.0189,0.348,0.3442,4.3123,5.5556,5.5556,5.4909
5626,MOVING,37.06,-7.27,163413.4,0.0321,0.348,0.2921,2.9689,5.5556,5.5556,6.8209
5631,MOVING,73.39,-0.39,110475.2,0.0195,0.335,0.3546,3.4337,5.5556,5.5556,6.4642
5636,MOVING,92.18,5.3,152256.6,0.0181,0.413,0.3357,4.3092,5.5556,1.3262,5.4462
5641,MOVING,41.93,1.33,112023.2,0.018,0.233,0.3758,2.5898,5.5556,2.0354,8.0467
5646,MOVING,24.37,7.31,114652.5,0.0181,0.346,0.3726,4.2764,5.5556,1.2464,5.6787
5651,MOVING,14.64,4.7,99625.5,0.0187,0.213,0.3766,2.7292,5.5556,5.5556,7.7469
5656,MOVING,74.84,-3.67,74680.7,0.0178,0.338,0.3843,3.128,5.5556,3.6015,7.0688
5661,MOVING,13.84,-4.57,156369.6,0.0306,0.4,0.3464,3.3692,5.5556,5.5556,6.5051
5666,MOVING,64.81,4.73,164978.5,0.0212,0.275,0.308,3.3634,5.5556,5.5556,6.2997
5671,MOVING,66.24,-3.61,93163.1,0.0192,0.257,0.42,2.35,5.5556,3.1619,8.9
5676,MOVING,76.25,-5.68,82682.4,0.0267,0.352,0.3122,3.1518,5.5556,4.1394,6.6307
5681,MOVING,46.78,-2.68,147478.0,0.0312,0.221,0.3718,2.2098,5.5556,2.8975,9.0488
5686,MOVING,73.91,-3.04,151995.7,0.0273,0.442,0.3635,3.5884,5.5556,5.5556,6.32
5691,MOVING,84.5,6.87,138840.4,0.0349,0.267,0.3107,3.6242,5.5556,3.7037,5.984
5696,MOVING,60.01,0.12,111359.5,0.0203,0.311,0.3935,3.2589,5.5556,5.5556,6.9217
5701,MOVING,61.25,1.91,132334.6,0.0154,0.416,0.4193,4.4158,5.5556,5.5556,5.8245
5706,MOVING,58.72,3.18,110861.9,0.0309,0.442,0.3558,4.9466,5.5556,2.2831,5.0964
5711,MOVING,21.28,-4.84,140659.7,0.0169,0.362,0.2933,3.2332,5.5556,5.5556,6.4026
5716,MOVING,31.79,-7.62,123578.1,0.0231,0.306,0.4412,2.4694,5.5556,5.5556,8.7008
5721,MOVING,9.96,-2.51,127446.2,0.0311,0.425,0.3688,4.2243,4.5205,4.5205,4.0861
5726,MOVING,8.83,2.66,151721.6,0.0313,0.245,0.3745,2.9656,3.6705,3.6705,3.6462
5731,MOVING,79.93,6.64,142037.0,0.0203,0.213,0.3568,2.9344,5.5556,5.5556,7.2414
5736,MOVING,59.15,3.04,118243.9,0.0225,0.361,0.4054,4.0551,5.5556,1.2284,6.058
5741,MOVING,10.67,5.86,159837.6,0.0275,0.342,0.343,4.1922,5.5556,5.5556,5.5865
5746,MOVING,86.4,-0.7,148023.4,0.0152,0.344,0.3815,3.4524,5.5556,2.999,6.5895
5751,MOVING,71.64,-5.98,126873.1,0.0329,0.423,0.3654,3.8773,5.5556,0.6892,6.0103
5756,MOVING,18.85,-6.21,85824.6,0.0286,0.282,0.329,2.4278,5.5556,5.5556,8.1841
5761,MOVING,47.99,-2.59,101888.4,0.0263,0.378,0.3499,3.7144,5.5556,5.5556,6.0987
5766,MOVING,44.08,0.38,86221.6,0.0165,0.201,0.3833,2.1717,5.5556,3.9799,9.2355
5771,MOVING,29.82,-2.19,100136.9,0.0254,0.364,0.4245,3.6068,5.5556,4.452,6.6371
5776,MOVING,61.77,3.7,122445.2,0.0183,0.29,0.3214,3.3825,5.5556,0.9313,6.3481
5781,MOVING,54.27,-5.82,147122.0,0.0256,0.347,0.3779,3.0745,5.5556,5.5556,7.1186
5786,MOVING,51.13,-3.57,141204.8,0.0317,0.297,0.3892,2.877,5.5556,5.5556,7.526
5791,MOVING,78.78,7.45,88631.0,0.032,0.233,0.3243,3.3157,5.5556,5.5556,6.4563
5796,MOVING,27.99,5.24,117540.2,0.0298,0.305,0.3741,3.789,5.5556,5.5556,6.1514
5801,STAGED_STOPPED,3.36,-6.96,102688.0,0.0259,0.291,0.3395,2.4238,0.0,0.0,0.0
5806,MOVING,6.85,-1.62,139779.7,0.0177,0.231,0.289,2.2842,2.4823,2.4823,2.0662
5811,MOVING,99.46,1.39,97779.2,0.0323,0.297,0.3202,3.3664,5.5556,5.5556,6.3631
5816,MOVING,12.57,1.53,133753.8,0.0208,0.293,0.3684,3.231,5.5556,5.5556,6.8232
5821,MOVING,76.85,-0.72,124238.4,0.0217,0.32,0.2907,3.2842,5.5556,4.5417,6.314
5826,MOVING,58.03,5.97,88601.5,0.0312,0.227,0.3843,3.108,5.5556,5.5556,7.1002
5831,MOVING,21.56,-1.73,101877.2,0.0282,0.275,0.3507,2.8018,5.5556,5.5556,7.4565
5836,MOVING,80.43,-7.63,131233.3,0.0345,0.437,0.3652,3.7826,5.5556,1.7547,6.1089
5841,MOVING,99.57,-0.89,155776.9,0.0152,0.208,0.3572,2.1045,5.5556,5.5556,9.3174
5846,MOVING,89.39,-2.44,79089.5,0.0165,0.383,0.3347,3.6779,5.5556,5.5556,6.0553
5851,MOVING,7.85,-3.78,156121.9,0.0278,0.285,0.3527,2.6939,2.5034,2.5034,2.0461
5856,MOVING,50.97,-4.69,75179.1,0.0276,0.385,0.2892,3.5818,5.5556,2.8295,5.9155
5861,MOVING,55.61,-2.04,143522.5,0.0153,0.244,0.3667,2.3462,5.5556,5.5556,8.6145
5866,MOVING,20.03,-0.85,126215.1,0.0345,0.407,0.3857,4.2503,5.5556,5.5556,5.7738
5871,MOVING,21.91,-0.46,155826.5,0.0245,0.423,0.4244,3.7246,5.5556,2.1087,6.5009
5876,MOVING,50.25,4.29,121297.8,0.0216,0.422,0.3853,4.7634,5.5556,5.5556,5.3806
5881,MOVING,27.24,0.73,100920.5,0.0349,0.374,0.2749,4.0836,5.5556,5.5556,5.3063
5886,MOVING,65.45,0.57,105543.2,0.0291,0.331,0.3827,3.5898,5.5556,2.5721,6.425
5891,MOVING,11.15,-4.32,108967.2,0.0234,0.254,0.372,2.2995,4.9101,4.9101,7.0689
5896,MOVING,18.39,-0.28,75238.2,0.0292,0.329,0.3996,3.4822,5.5556,5.5556,6.6519
5901,MOVING,49.7,-4.4,126150.8,0.0283,0.385,0.4299,3.6182,5.5556,5.5556,6.6537
5906,MOVING,63.74,-4.6,93361.0,0.0217,0.354,0.3813,3.2297,5.5556,0.4221,6.8967
5911,MOVING,11.25,1.43,80623.7,0.0182,0.249,0.382,2.7621,5.1998,5.1998,6.8806
5916,MOVING,16.47,-1.95,87419.9,0.0329,0.437,0.401,4.419,5.5556,5.5556,5.7201
5921,MOVING,63.17,-0.61,146688.5,0.0267,0.396,0.3656,3.951,5.5556,3.6302,5.9369
5926,MOVING,55.53,-5.19,146741.0,0.0318,0.318,0.3875,2.9142,5.5556,5.5556,7.4482
5931,MOVING,60.47,2.7,80336.8,0.0294,0.218,0.3713,2.6878,5.5556,5.5556,7.8046
5936,MOVING,66.96,-7.25,160765.3,0.0198,0.38,0.3675,2.9065,5.5556,5.5556,7.3512
5941,MOVING,24.35,3.0,144319.5,0.0311,0.228,0.2966,2.8349,5.5556,5.5556,7.0916
5946,MOVING,13.25,-1.25,76793.8,0.0232,0.448,0.3448,4.499,5.5556,5.5556,5.3457
5951,MOVING,33.39,-0.48,153562.4,0.0193,0.42,0.327,3.7245,5.5556,5.5556,5.96
5956,MOVING,89.41,6.33,128694.1,0.0204,0.242,0.3347,3.1861,5.5556,0.9203,6.7033
5961,MOVING,74.82,7.96,109431.8,0.035,0.416,0.318,5.1876,5.5556,0.5013,4.7413
5966,MOVING,39.17,7.96,126443.1,0.0214,0.294,0.3705,3.8637,5.5556,3.3677,6.0523
5971,MOVING,5.05,-0.63,96068.0,0.0349,0.27,0.3183,2.9239,1.212,1.212,0.637
5976,MOVING,30.92,-7.47,112304.5,0.0162,0.37,0.3231,3.0419,5.5556,5.5556,6.8681
5981,MOVING,56.52,-7.36,113504.6,0.0252,0.366,0.353,3.1028,5.5556,5.5556,6.9348
5986,MOVING,19.64,3.31,156905.8,0.028,0.303,0.3983,3.5672,5.5556,5.5556,6.5388
5991,MOVING,30.69,-4.14,142258.0,0.0174,0.228,0.3139,2.0021,5.5556,5.5556,9.452
5996,MOVING,96.82,7.94,151835.2,0.0166,0.295,0.362,3.8212,5.5556,5.5556,6.0499
6001,MOVING,60.27,-0.34,98590.3,0.0297,0.327,0.3775,3.4671,5.5556,5.5556,6.5482
6006,MOVING,13.99,4.96,117741.7,0.0254,0.244,0.3572,3.1209,5.5556,5.5556,6.9293
6011,MOVING,98.02,-4.23,78109.1,0.0231,0.228,0.3343,2.0437,5.5556,5.5556,9.4085
6016,MOVING,10.82,-0.02,147699.2,0.0228,0.235,0.4284,2.5307,4.1642,4.1642,5.2098
6021,MOVING,49.21,2.61,133757.9,0.016,0.346,0.4055,3.8067,5.5556,0.1541,6.307
6026,MOVING,60.56,-7.26,134022.8,0.0319,0.208,0.3452,1.6335,5.5556,5.5556,11.3651
6031,MOVING,47.15,-0.76,150839.0,0.0188,0.363,0.3565,3.6655,5.5556,5.5556,6.1907
6036,MOVING,87.98,-3.78,142747.0,0.021,0.408,0.3804,3.6887,5.5556,4.9716,6.297
6041,MOVING,8.1,5.04,135536.9,0.02,0.34,0.3784,4.0241,2.9919,2.9919,2.2445
6046,MOVING,44.25,3.2,78856.2,0.0308,0.382,0.3825,4.3561,5.5556,3.5356,5.6678
6051,MOVING,86.63,-2.71,151919.7,0.0242,0.263,0.3579,2.5517,5.5556,0.2431,8.0364
6056,MOVING,41.79,-6.91,96252.2,0.0319,0.281,0.4053,2.3835,5.5556,5.5556,8.7261
6061,MOVING,18.79,-7.18,112269.6,0.0288,0.283,0.3246,2.3431,5.5556,5.5556,8.3899
6066,MOVING,79.42,4.45,85882.0,0.017,0.278,0.3275,3.3253,5.5556,4.8098,6.4604
6071,MOVING,58.62,-0.68,159178.6,0.0328,0.268,0.3202,2.8872,5.5556,5.5556,7.1242
6076,MOVING,51.86,7.41,144170.9,0.0288,0.376,0.3459,4.6852,5.5556,5.5556,5.2156
6081,MOVING,83.7,1.29,108078.2,0.0254,0.258,0.4152,2.9032,5.5556,5.5556,7.6224
6086,MOVING,14.06,-4.35,133160.8,0.0196,0.401,0.3068,3.6945,5.5556,4.5249,5.8817
6091,MOVING,30.41,-3.01,157345.0,0.0191,0.332,0.3535,3.1441,5.5556,5.5556,6.8721
6096,MOVING,49.56,-5.1,113371.2,0.0257,0.306,0.3441,2.7476,5.5556,3.9742,7.5283
6101,MOVING,85.48,7.69,157850.5,0.0159,0.343,0.4014,4.2587,5.5556,5.5556,5.8535
6106,MOVING,99.82,0.87,94262.9,0.035,0.393,0.4186,4.2863,5.5556,5.5556,5.9261
6111,MOVING,87.52,-0.99,131837.0,0.0307,0.296,0.3656,3.1101,5.5556,2.7847,6.993
6116,MOVING,17.57,-4.98,139029.6,0.0222,0.422,0.3797,3.6863,5.5556,2.0278,6.2956
6121,MOVING,54.05,4.97,92588.3,0.0213,0.372,0.3558,4.3348,5.5556,5.5556,5.5365
6126,MOVING,13.44,-4.5,155458.1,0.024,0.26,0.3273,2.337,5.5556,5.5556,8.4218
6131,MOVING,88.22,-5.44,113329.6,0.0196,0.258,0.3661,2.1843,5.5556,5.5556,9.0989
6136,MOVING,47.18,7.1,141158.3,0.0284,0.364,0.3585,4.5296,5.5556,1.816,5.3985
6141,MOVING,56.51,-7.85,130442.9,0.035,0.284,0.3779,2.354,5.5556,2.7167,8.6549
6146,MOVING,39.57,1.34,128961.6,0.0256,0.393,0.3073,4.241,5.5556,0.7841,5.3458
6151,MOVING,15.05,-2.15,92829.7,0.0249,0.215,0.3711,2.1437,5.5556,4.5655,9.2604
6156,MOVING,57.31,-3.79,132165.5,0.0289,0.385,0.3103,3.6828,5.5556,5.5556,5.9145
6161,MOVING,81.32,-6.8,102919.6,0.0331,0.255,0.3526,2.1489,5.5556,4.2385,9.1405
6166,MOVING,38.99,7.59,150197.4,0.0312,0.26,0.3832,3.5858,5.5556,5.5556,6.4324
6171,MOVING,62.55,-5.01,94033.0,0.029,0.367,0.339,3.3902,5.5556,0.9515,6.4351
6176,MOVING,20.26,4.06,99106.9,0.0215,0.272,0.3517,3.2776,5.5556,3.8018,6.6625
6181,MOVING,24.14,-3.77,74991.8,0.0277,0.308,0.3749,2.9184,5.5556,5.5556,7.3709
6186,MOVING,34.16,1.68,122481.7,0.0151,0.324,0.335,3.4871,5.5556,5.5556,6.2868
6191,MOVING,19.82,1.95,81487.4,0.0192,0.436,0.4004,4.6525,5.5556,5.5556,5.5417
6196,MOVING,48.4,-3.69,128816.7,0.0158,0.211,0.3408,1.8631,5.5556,5.5556,10.1766
6201,MOVING,9.14,1.82,79136.4,0.0344,0.237,0.4122,2.8415,3.4112,3.4112,3.4536
6206,MOVING,22.35,-3.31,123818.8,0.0212,0.339,0.3926,3.2061,5.5556,5.5556,6.9948
6211,MOVING,39.38,4.05,108517.8,0.0274,0.399,0.3143,4.575,5.5556,5.5556,5.1192
6216,MOVING,30.97,-4.65,95523.7,0.0175,0.32,0.3684,2.8535,5.5556,2.2873,7.4549
6221,MOVING,41.6,-0.77,85781.3,0.0317,0.201,0.3609,2.2092,5.5556,1.1272,8.9902
6226,MOVING,92.2,2.14,94402.7,0.0204,0.258,0.3457,2.9352,5.5556,5.5556,7.178
6231,MOVING,71.18,0.5,85469.8,0.0167,0.248,0.3556,2.6465,5.5556,5.5556,7.8067
6236,MOVING,47.28,3.17,74036.0,0.0302,0.236,0.3729,2.9188,5.5556,5.5556,7.3588
6241,MOVING,13.86,-0.87,130832.3,0.0287,0.334,0.405,3.4681,5.5556,5.3062,6.6997
6246,MOVING,4.76,-1.67,147086.2,0.0168,0.384,0.3632,3.7395,2.3461,2.3461,1.5879
6251,MOVING,29.17,6.91,131872.1,0.0305,0.372,0.3944,4.6136,5.5556,5.5556,5.536
6256,MOVING,38.74,6.11,121160.9,0.0254,0.397,0.3308,4.7275,5.5556,4.5613,5.1022
6261,MOVING,65.21,-5.82,150569.1,0.0326,0.366,0.3368,3.3294,5.5556,5.5556,6.5065
6266,MOVING,68.45,-4.76,136871.7,0.0231,0.409,0.347,3.7691,5.5556,1.7853,6.0222
6271,MOVING,95.51,7.21,81341.1,0.0188,0.449,0.3449,5.2765,5.5556,2.7142,4.8411
6276,MOVING,27.39,5.11,90221.2,0.0319,0.278,0.4678,3.5348,5.5556,5.5556,6.965
6281,MOVING,43.05,1.13,89280.7,0.0165,0.432,0.4016,4.511,5.5556,4.1247,5.6519
6286,MOVING,72.23,5.25,128391.5,0.0223,0.221,0.3172,2.8946,5.5556,5.5556,7.0935
6291,MOVING,64.99,-4.54,116590.9,0.0285,0.326,0.3693,3.03,5.5556,1.5342,7.1446
6296,MOVING,94.8,4.8,80488.6,0.0161,0.419,0.3848,4.7332,5.5556,3.5926,5.3984
6301,MOVING,73.84,-6.3,88538.8,0.0301,0.371,0.3425,3.3097,5.5556,5.5556,6.5654
6306,MOVING,69.22,3.56,149596.2,0.0217,0.328,0.3823,3.7795,5.5556,5.5556,6.2072
6311,MOVING,97.82,-2.82,92503.9,0.0265,0.275,0.3599,2.6821,5.5556,5.5556,7.7532
6316,MOVING,68.4,-1.15,107840.7,0.0199,0.305,0.3514,3.0679,5.5556,4.7182,6.9827
6321,MOVING,19.23,7.11,149038.0,0.0289,0.285,0.3734,3.7699,5.5556,2.4767,6.1683
6326,MOVING,38.23,3.29,136533.3,0.0299,0.277,0.3637,3.3296,5.5556,5.5556,6.6556
6331,MOVING,51.43,-6.69,134582.9,0.0209,0.427,0.3486,3.6365,5.5556,5.5556,6.1806
6336,MOVING,11.85,-2.42,120625.3,0.0171,0.319,0.3804,3.0608,5.5556,5.5556,7.1555
6341,MOVING,79.46,-4.31,100752.3,0.0183,0.233,0.3242,2.0447,5.5556,5.5556,9.3485
6346,MOVING,8.74,-6.82,110680.4,0.0249,0.316,0.2896,2.6682,4.2522,2.0189,4.6195
6351,MOVING,35.02,-6.31,111049.7,0.0195,0.412,0.4147,3.6086,5.5556,4.5047,6.5806
6356,MOVING,9.1,7.1,106499.7,0.0191,0.361,0.385,4.4166,4.9358,4.9358,4.6583
6361,MOVING,87.68,-7.39,144853.6,0.0187,0.221,0.3575,1.6186,5.5556,5.5556,11.5206
6366,MOVING,55.15,-3.99,87169.6,0.0343,0.249,0.3848,2.3879,5.5556,5.5556,8.6004
6371,MOVING,40.89,-7.92,116962.4,0.03,0.423,0.3608,3.6546,5.5556,2.6925,6.2269
6376,MOVING,64.71,7.0,112936.0,0.016,0.311,0.3662,3.8864,5.5556,1.6086,6.0051
6381,MOVING,27.22,3.64,124518.0,0.0152,0.244,0.381,2.8949,5.5556,5.5556,7.4475
6386,MOVING,67.31,4.46,104648.9,0.0181,0.269,0.3831,3.2491,5.5556,5.5556,6.8778
6391,MOVING,75.44,0.9,124200.7,0.0297,0.276,0.3231,3.0881,5.5556,2.1122,6.7922
6396,MOVING,25.16,-7.14,112640.4,0.0335,0.221,0.3122,1.7884,5.5556,5.5556,10.3638
6401,MOVING,70.82,0.89,95028.1,0.0349,0.207,0.4005,2.4638,5.5556,5.5556,8.4886
6406,MOVING,40.4,1.97,90603.9,0.0224,0.395,0.3469,4.2875,5.5556,2.3619,5.5265
6411,MOVING,40.38,4.1,125636.9,0.0215,0.306,0.3598,3.6145,5.5556,5.5556,6.2687
6416,MOVING,67.29,1.65,82357.5,0.033,0.39,0.3535,4.3078,5.5556,5.5556,5.5464
6421,MOVING,91.79,2.46,76674.0,0.0227,0.434,0.2941,4.7224,5.5556,0.4698,4.9018
6426,MOVING,46.47,-4.92,102413.0,0.024,0.31,0.3227,2.7861,5.5556,5.5556,7.332
6431,MOVING,39.48,-3.84,138617.8,0.0247,0.234,0.3305,2.1638,5.5556,1.1631,8.9683
6436,MOVING,52.51,-6.5,138384.7,0.0193,0.429,0.3713,3.5267,5.5556,5.5556,6.4388
6441,MOVING,79.94,2.19,158864.3,0.0297,0.32,0.3268,3.6478,5.5556,5.5556,6.0464
6446,MOVING,79.95,-3.0,149625.6,0.0162,0.285,0.3937,2.6622,5.5556,3.9204,7.9842
6451,MOVING,92.15,6.3,108545.4,0.0175,0.396,0.3966,4.66,5.5556,5.5556,5.5151
6456,MOVING,77.12,2.52,157925.5,0.0205,0.405,0.2816,3.9312,5.5556,0.2575,5.49
6461,MOVING,87.43,-3.3,108192.6,0.0324,0.307,0.3305,3.0061,5.5556,5.5556,6.9696
6466,MOVING,5.94,-3.15,138177.9,0.0192,0.297,0.3145,2.7917,2.2689,0.5363,1.6356
6471,MOVING,5.26,-7.57,136194.2,0.0342,0.374,0.312,3.2544,1.4267,1.4267,0.7578
6476,MOVING,41.79,4.34,121068.2,0.0288,0.338,0.3664,4.0233,5.5556,5.5556,5.8715
6481,MOVING,47.17,-4.81,110414.1,0.0251,0.239,0.3438,2.1156,5.5556,5.5556,9.2049
6486,MOVING,35.23,5.38,119208.9,0.0291,0.254,0.3846,3.2997,5.5556,4.2642,6.8134
6491,MOVING,71.51,-4.49,85491.4,0.017,0.304,0.4232,2.7095,5.5556,5.5556,8.0466
6496,MOVING,76.86,-7.94,130017.9,0.0225,0.359,0.3601,2.9556,5.5556,5.5556,7.2222
6501,MOVING,24.36,-2.05,85346.5,0.0196,0.371,0.3418,3.6261,5.5556,2.4151,6.1549
6506,MOVING,79.84,1.64,94845.2,0.0178,0.317,0.3261,3.446,5.5556,5.5556,6.2898
6511,MOVING,48.09,5.69,144302.6,0.0292,0.419,0.3464,4.6539,5.5556,4.419,5.2404
6516,MOVING,77.92,6.76,104006.5,0.0207,0.276,0.4099,3.5658,5.5556,0.9282,6.605
6521,STAGED_STOPPED,5.23,0.2,156481.3,0.0263,0.276,0.3752,2.9871,0.0,0.0,0.0
6526,MOVING,85.29,-7.55,109919.6,0.0233,0.308,0.3738,2.5047,5.5556,5.5556,8.238
6531,MOVING,73.7,-3.04,94032.5,0.0241,0.207,0.3494,1.9669,5.5556,5.5556,9.787
6536,MOVING,74.91,-1.51,149942.6,0.0229,0.244,0.3506,2.4692,5.5556,4.5265,8.1979
6541,MOVING,88.48,-7.38,101533.1,0.0339,0.401,0.3754,3.5338,5.5556,3.2037,6.4525
6546,MOVING,33.93,5.32,89862.0,0.034,0.277,0.3438,3.5691,5.5556,5.5556,6.234
6551,MOVING,78.93,5.17,83195.7,0.0273,0.219,0.3812,2.9187,5.5556,5.5556,7.4051
6556,MOVING,87.09,3.14,153089.0,0.0268,0.433,0.3508,4.1628,5.5556,5.5556,5.6563
6561,MOVING,78.98,-5.34,76053.7,0.0154,0.237,0.3385,1.9535,5.5556,5.5556,9.7804
6566,MOVING,74.42,-7.07,131048.7,0.0273,0.448,0.329,3.7723,5.5556,5.5556,5.9188
6571,MOVING,11.6,-7.6,128706.1,0.0194,0.397,0.3285,3.3267,5.5556,5.5556,6.4637
6576,MOVING,65.17,6.43,109501.5,0.0281,0.293,0.3676,3.7674,5.5556,1.3824,6.1385
6581,MOVING,48.29,2.52,108333.7,0.0334,0.329,0.3803,3.8024,5.5556,5.5556,6.1715
6586,MOVING,54.64,4.25,114977.0,0.0292,0.403,0.3159,4.653,5.5556,5.5556,5.0715
6591,MOVING,86.22,6.23,97773.5,0.0329,0.289,0.4127,3.7601,5.5556,5.5556,6.397
6596,MOVING,22.08,-5.14,115275.6,0.0202,0.287,0.3598,2.5091,5.5556,1.6143,8.1493
6601,MOVING,5.96,-3.8,152053.9,0.0168,0.203,0.3712,1.7778,1.4485,1.4485,1.1278
6606,MOVING,78.5,7.38,96667.2,0.0164,0.388,0.3938,4.6742,5.5556,5.5556,5.4896
6611,MOVING,89.65,7.81,163102.5,0.0284,0.23,0.3577,3.2895,5.5556,2.2009,6.6784
6616,MOVING,63.94,-7.22,97127.2,0.0183,0.382,0.3881,3.2084,5.5556,5.5556,6.966
6621,MOVING,31.83,3.56,132320.6,0.0243,0.37,0.3365,4.2148,5.5556,5.5556,5.5307
6626,MOVING,18.41,0.83,81063.3,0.0258,0.21,0.3494,2.3944,5.5556,5.5556,8.3862
6631,MOVING,71.17,-0.57,135803.3,0.0272,0.363,0.3801,3.7656,5.5556,5.5556,6.2101
6636,MOVING,99.96,-7.09,136487.4,0.0257,0.434,0.3185,3.5876,5.5556,5.5556,6.0711
6641,MOVING,99.9,-4.08,86862.5,0.0238,0.219,0.3807,1.981,5.5556,5.5556,9.9055
6646,MOVING,88.92,2.0,125663.3,0.035,0.437,0.3533,4.825,5.5556,5.5556,5.1612
6651,MOVING,28.43,2.9,94233.7,0.0231,0.445,0.3312,4.8773,5.5556,5.0755,5.0042
6656,MOVING,68.14,4.41,92719.3,0.0152,0.435,0.3063,4.8432,5.5556,2.7819,4.8883
6661,MOVING,89.36,6.37,99012.9,0.0211,0.206,0.3665,2.8458,5.5556,5.5556,7.4591
6666,MOVING,77.78,-0.96,116263.6,0.0287,0.225,0.3638,2.391,5.5556,5.5556,8.4754
6671,MOVING,26.85,-4.38,78469.2,0.0246,0.383,0.4066,3.5613,5.5556,5.5556,6.5923
6676,MOVING,13.45,-2.5,96292.1,0.0323,0.327,0.3316,3.28,5.5556,1.966,6.5475
6681,MOVING,51.84,-5.93,125135.2,0.0273,0.439,0.3504,3.9885,5.5556,5.5556,5.8162
6686,MOVING,39.24,3.89,157988.8,0.0281,0.406,0.4308,4.1378,5.5556,5.5556,6.1232
6691,MOVING,7.96,7.76,159413.6,0.0156,0.407,0.3712,4.3613,3.831,3.831,3.1047
6696,MOVING,10.26,-1.17,159939.6,0.0259,0.213,0.4087,2.2281,3.5482,3.5482,4.2755
6701,MOVING,9.8,2.64,159183.9,0.02,0.352,0.4006,3.9061,5.198,5.198,5.5412
6706,MOVING,52.45,-3.21,109602.4,0.0211,0.261,0.366,2.4498,5.5556,5.5556,8.3326
6711,MOVING,54.63,-6.79,121226.9,0.0304,0.447,0.3825,4.0079,5.5556,1.5584,5.9756
6716,MOVING,57.76,3.3,111876.4,0.0223,0.252,0.2878,3.016,5.5556,0.5269,6.7157
6721,MOVING,78.13,0.45,106891.3,0.0229,0.39,0.4115,4.0913,5.5556,5.5556,6.0582
6726,MOVING,82.34,6.73,142070.2,0.018,0.371,0.2927,4.4654,5.5556,5.5556,5.0821
6731,MOVING,9.01,1.79,95732.4,0.0316,0.395,0.3234,4.3542,4.6816,4.6499,4.0307
6736,MOVING,38.17,3.41,88852.7,0.022,0.399,0.3367,4.4638,5.5556,3.9567,5.3279
6741,MOVING,96.67,1.86,90407.6,0.0197,0.407,0.3501,4.3668,5.5556,4.1261,5.4789
6746,MOVING,32.45,-7.67,137882.4,0.0335,0.354,0.321,3.0417,5.5556,5.5556,6.8569
6751,MOVING,96.97,3.59,112635.4,0.0318,0.396,0.3309,4.5433,5.5556,5.5556,5.235
6756,MOVING,7.79,-0.56,122713.9,0.0178,0.268,0.4343,2.7523,3.7435,1.2723,4.1717
6761,MOVING,85.16,-5.79,133614.1,0.0214,0.268,0.378,2.2712,5.5556,0.4961,8.8948
6766,MOVING,38.57,-3.11,91453.1,0.0311,0.37,0.3837,3.6295,5.5556,0.3256,6.3834
6771,MOVING,82.6,-0.73,108052.2,0.0183,0.402,0.372,4.047,5.5556,0.3293,5.8799
6776,MOVING,73.28,7.88,96321.3,0.0216,0.425,0.3959,5.1322,5.5556,5.5556,5.2062
6781,MOVING,64.92,1.27,128975.0,0.0274,0.325,0.302,3.5772,5.5556,5.5556,5.9921
6786,MOVING,6.01,3.78,79711.2,0.0334,0.258,0.3322,3.2301,0.7981,0.7981,0.3637
6791,MOVING,83.32,7.93,131413.0,0.0182,0.34,0.3841,4.2797,5.5556,5.5556,5.7398
6796,MOVING,69.95,4.73,115053.9,0.0246,0.238,0.4046,3.0368,5.5556,5.5556,7.3294
6801,MOVING,15.71,-6.78,134632.8,0.0321,0.309,0.3943,2.6689,5.5556,2.9584,7.9728
6806,MOVING,64.67,1.24,154241.7,0.0218,0.428,0.3239,3.9014,5.5556,3.665,5.755
6811,MOVING,75.43,-4.63,129992.9,0.0278,0.234,0.3377,2.1112,5.5556,3.8388,9.186
6816,MOVING,26.65,-0.58,144602.9,0.0202,0.259,0.3192,2.681,5.5556,2.3204,7.5294
6821,MOVING,94.9,5.86,102641.9,0.0179,0.326,0.342,3.9402,5.5556,5.5556,5.8166
6826,MOVING,78.64,-5.57,96945.4,0.0319,0.323,0.3382,2.931,5.5556,5.5556,7.144
6831,MOVING,64.01,4.09,104343.3,0.0251,0.362,0.3512,4.1918,5.5556,2.9279,5.6326
6836,MOVING,37.88,5.97,92296.1,0.0264,0.324,0.3359,4.0169,5.5556,5.5556,5.7081
6841,MOVING,25.14,1.27,83706.5,0.0249,0.412,0.3662,4.4084,5.5556,5.5556,5.5354
6846,MOVING,51.13,0.17,88415.1,0.0346,0.264,0.3342,2.9484,5.5556,3.8737,7.0909
6851,MOVING,39.44,5.16,138616.1,0.024,0.349,0.3449,4.1552,5.5556,5.5556,5.6302
6856,MOVING,44.42,1.49,155742.9,0.0198,0.241,0.3386,2.7026,5.5556,3.6129,7.5912
6861,MOVING,97.92,3.17,152443.1,0.0244,0.253,0.3113,3.0282,5.5556,5.5556,6.8257
6866,MOVING,61.81,2.28,79329.2,0.0193,0.365,0.4101,3.9875,5.5556,5.5556,6.1484
6871,MOVING,36.9,6.17,95052.5,0.0157,0.371,0.4087,4.3886,5.5556,5.5556,5.7872
6876,MOVING,58.1,-1.06,113037.8,0.0264,0.427,0.3369,4.3466,5.5556,5.5556,5.4221
6881,MOVING,69.24,0.51,156861.7,0.0336,0.223,0.3009,2.5623,5.5556,1.8036,7.6944
6886,MOVING,6.36,3.14,89608.4,0.0315,0.417,0.3009,4.7054,3.5532,3.5532,2.4108
6891,MOVING,54.64,-0.39,165351.5,0.0319,0.286,0.3597,3.0775,5.5556,4.9699,7.0129
6896,MOVING,68.91,-5.08,164321.5,0.0307,0.363,0.3595,3.1508,5.5556,5.2203,6.8953
6901,MOVING,37.76,-4.82,154646.2,0.0181,0.422,0.3346,3.2611,5.5556,5.5556,6.5909
6906,MOVING,8.05,2.28,84349.5,0.0238,0.442,0.3386,4.7906,4.9672,4.0382,4.2569
6911,MOVING,66.78,-7.18,134328.4,0.027,0.306,0.3936,2.5516,5.5556,5.5556,8.2349
6916,MOVING,6.04,0.02,156948.6,0.0275,0.285,0.3375,3.0707,1.5177,1.5177,0.8873
6921,MOVING,28.07,7.41,105462.8,0.0226,0.336,0.3621,4.2349,5.5556,2.4852,5.6559
6926,MOVING,80.06,6.11,131523.4,0.0327,0.282,0.3635,3.681,5.5556,3.3462,6.2118
6931,MOVING,97.96,-6.99,77763.7,0.0178,0.345,0.3359,2.8645,5.5556,2.2299,7.2534
6936,MOVING,20.48,-7.92,98145.7,0.0227,0.446,0.3469,3.8107,5.5556,5.5556,5.9768
6941,MOVING,89.74,-7.67,93794.4,0.0232,0.336,0.3889,2.7641,5.5556,5.5556,7.7436
6946,MOVING,50.18,-1.61,153234.2,0.0259,0.272,0.312,2.7617,5.5556,1.4659,7.3215
6951,MOVING,68.79,-2.91,92719.8,0.0335,0.427,0.3227,4.227,5.5556,5.5556,5.4436
6956,MOVING,21.22,4.8,152934.8,0.0311,0.375,0.3542,4.371,5.5556,0.8685,5.4986
6961,MOVING,49.66,3.1,85280.0,0.0177,0.31,0.3953,3.511,5.5556,5.5556,6.5917
6966,MOVING,29.2,-1.86,152548.6,0.0274,0.283,0.3449,2.8607,5.5556,5.5556,7.3108
6971,MOVING,85.01,5.24,132923.5,0.0317,0.314,0.3906,3.8994,5.5556,3.6421,6.1279
6976,MOVING,25.72,5.48,110521.3,0.0173,0.341,0.4073,4.0429,5.5556,5.5556,6.08
6981,MOVING,16.26,0.64,78900.7,0.0337,0.348,0.3573,3.8006,5.5556,5.5556,6.0456
6986,MOVING,14.05,0.44,123128.1,0.0303,0.323,0.3891,3.5124,5.5556,5.5556,6.5556
6991,MOVING,71.81,7.02,162344.9,0.0244,0.248,0.3878,3.3489,5.5556,5.5556,6.7627
6996,MOVING,98.19,-4.2,133374.5,0.0265,0.323,0.354,3.0122,5.5556,5.5556,7.0902
7001,MOVING,92.22,-1.28,128658.9,0.026,0.359,0.3641,3.646,5.5556,5.5556,6.2556
7006,MOVING,15.92,7.78,110365.1,0.0246,0.284,0.3727,3.7765,5.5556,5.0391,6.1571
7011,MOVING,99.94,-6.19,97248.0,0.0185,0.41,0.3986,3.5854,5.5556,5.5556,6.5185
7016,MOVING,29.02,-5.69,133982.8,0.0193,0.257,0.3868,2.1443,5.5556,5.5556,9.346
7021,MOVING,49.7,-2.32,116110.6,0.0212,0.366,0.3892,3.5653,5.5556,2.698,6.4904
7026,MOVING,7.3,-6.33,125378.6,0.0245,0.314,0.4122,2.6968,3.3761,0.2853,3.505
7031,MOVING,56.04,-0.97,87607.6,0.0238,0.249,0.3174,2.5845,5.5556,5.5556,7.7346
7036,MOVING,53.87,-2.95,110997.1,0.0158,0.275,0.3669,2.5628,5.5556,5.5556,8.0603
7041,MOVING,7.57,-6.18,103052.6,0.0211,0.39,0.3406,3.4179,2.7484,2.7484,2.0412
7046,MOVING,60.15,6.29,143403.7,0.0208,0.397,0.3647,4.6542,5.5556,1.6509,5.3419
7051,MOVING,65.26,5.35,100446.1,0.0161,0.207,0.4119,2.713,5.5556,5.5556,7.9769
7056,MOVING,91.77,1.6,97488.1,0.0165,0.257,0.3617,2.8436,5.5556,5.5556,7.4367
7061,MOVING,10.8,7.79,139644.2,0.0224,0.213,0.3888,3.0613,5.5556,4.4416,7.2013
7066,MOVING,73.43,-7.59,140612.2,0.0162,0.403,0.4332,3.3285,5.5556,0.807,7.0433
7071,MOVING,75.57,-0.71,90493.9,0.0263,0.224,0.3893,2.3815,5.5556,5.5556,8.6431
7076,MOVING,18.1,-3.73,88552.1,0.0328,0.423,0.3297,4.0956,5.5556,5.262,5.5995
7081,MOVING,78.69,4.42,90175.0,0.0235,0.25,0.3655,3.1156,5.5556,5.5556,6.9836
7086,MOVING,8.5,-3.88,86218.4,0.0346,0.299,0.3473,2.8862,4.6201,4.6201,5.3023
7091,MOVING,58.66,0.69,136683.7,0.0204,0.386,0.3671,4.0499,5.5556,5.5556,5.85
7096,MOVING,34.71,-4.79,128739.1,0.026,0.414,0.3525,3.8383,5.5556,5.5556,5.9791
7101,MOVING,16.18,-5.44,86582.2,0.0348,0.4,0.3563,3.7269,5.5556,4.2093,6.1205
7106,MOVING,69.51,2.88,134217.8,0.0291,0.359,0.3581,4.0885,5.5556,1.0323,5.764
7111,MOVING,69.55,-3.59,99230.9,0.0271,0.343,0.3448,3.2794,5.5556,5.5556,6.6215
7116,MOVING,39.38,-0.41,161264.6,0.0304,0.355,0.3563,3.6686,5.5556,5.5556,6.1862
7121,MOVING,46.29,-6.69,85679.5,0.0172,0.34,0.383,2.8361,5.5556,5.5556,7.5692
7126,MOVING,29.81,-4.73,100906.7,0.022,0.36,0.3034,3.2823,5.5556,2.7907,6.3871
7131,MOVING,41.47,-5.21,109624.6,0.029,0.217,0.3781,1.8963,5.5556,5.5556,10.2388
7136,MOVING,52.38,0.74,117075.5,0.0278,0.404,0.3291,4.3032,5.5556,5.5556,5.4146
7141,MOVING,57.69,1.87,126520.4,0.02,0.209,0.3761,2.4333,5.5556,5.5556,8.4316
7146,MOVING,50.01,5.74,146885.3,0.0322,0.342,0.411,4.2303,5.5556,5.5556,5.9313
7151,MOVING,66.98,6.4,118317.0,0.0281,0.273,0.3697,3.5738,5.5556,5.5556,6.3719
7156,MOVING,95.97,-7.87,145341.1,0.0187,0.344,0.4028,2.7754,5.5556,5.5556,7.7981
7161,MOVING,8.78,7.38,120889.7,0.0234,0.398,0.3296,4.8397,5.5556,5.5556,5.0196
7166,MOVING,84.39,3.72,152173.2,0.0279,0.236,0.4522,2.9537,5.5556,0.1386,7.7372
7171,MOVING,28.61,7.63,141735.5,0.0322,0.377,0.376,4.7459,5.5556,5.5556,5.3409
7176,MOVING,68.43,-1.86,112135.7,0.0269,0.443,0.3664,4.428,5.5556,0.7781,5.521
7181,MOVING,31.67,0.48,102824.4,0.0174,0.358,0.3407,3.7238,5.5556,1.4072,6.0368
7186,MOVING,70.78,4.5,76594.5,0.0212,0.422,0.3649,4.7786,5.5556,5.5556,5.2569
7191,MOVING,96.06,0.31,90831.1,0.0307,0.336,0.3544,3.6238,5.5556,5.5556,6.2274
7196,MOVING,53.95,4.93,140985.6,0.0251,0.268,0.3936,3.3516,5.5556,5.5556,6.7909
7201,MOVING,59.87,7.21,74189.3,0.031,0.209,0.3783,3.0494,5.5556,3.3473,7.1626
7206,MOVING,33.97,3.73,90820.7,0.0215,0.214,0.3456,2.6758,5.5556,5.5556,7.6874
7211,MOVING,52.67,7.63,160064.8,0.0181,0.235,0.3281,3.2228,5.5556,5.5556,6.6112
7216,MOVING,13.84,1.17,140564.0,0.0296,0.355,0.4321,3.8828,5.5556,5.5556,6.3751
7221,MOVING,12.75,1.83,110200.4,0.0349,0.319,0.4277,3.6494,5.5556,0.0148,6.6051
7226,MOVING,32.73,7.88,75312.1,0.029,0.201,0.2975,3.0184,5.5556,0.2007,6.7654
7231,MOVING,64.16,7.95,129257.4,0.0293,0.302,0.3552,4.0167,5.5556,1.4155,5.8157
7236,MOVING,31.48,-1.64,130410.6,0.0333,0.271,0.3441,2.8212,5.5556,5.5556,7.3818
7241,MOVING,91.36,-4.45,99476.4,0.0248,0.434,0.3857,4.0635,5.5556,5.5556,5.9408
7246,MOVING,37.49,-4.42,114878.6,0.0151,0.325,0.3592,2.9026,5.5556,5.5556,7.3124
7251,MOVING,65.58,1.85,95202.2,0.0185,0.345,0.3569,3.7497,5.5556,5.5556,6.0984
7256,MOVING,91.66,-4.38,82242.8,0.0314,0.233,0.3338,2.1623,5.5556,5.5556,8.9916
7261,MOVING,22.76,-3.87,140374.5,0.0228,0.308,0.3148,2.8665,5.5556,4.3569,7.1324
7266,MOVING,91.76,1.29,110252.5,0.0333,0.245,0.3676,2.8556,5.5556,5.5556,7.4464
7271,MOVING,62.84,5.26,137936.3,0.0172,0.253,0.3163,3.1615,5.5556,3.6331,6.6385
7276,MOVING,77.17,1.84,74494.0,0.0156,0.329,0.3878,3.5569,5.5556,1.9289,6.4931
7281,MOVING,75.44,-2.56,111642.2,0.0187,0.41,0.3825,3.9519,5.5556,5.5556,6.03
7286,MOVING,23.86,-6.48,158875.7,0.0203,0.355,0.3251,3.0263,5.5556,5.5556,6.9056
7291,MOVING,99.31,-7.58,156130.2,0.0316,0.386,0.3615,3.0902,5.5556,4.4129,7.0022
7296,MOVING,29.45,6.27,120101.0,0.0329,0.243,0.3455,3.3114,5.5556,5.5556,6.5797
7301,MOVING,54.93,-4.73,75260.0,0.0156,0.39,0.3562,3.5127,5.5556,1.9758,6.3721
7306,MOVING,70.79,6.31,110329.1,0.034,0.314,0.3869,4.0248,5.5556,5.5556,5.9838
7311,MOVING,74.73,2.16,156316.5,0.0247,0.388,0.4218,3.9727,5.5556,5.5556,6.228
7316,MOVING,88.18,-4.42,79142.3,0.0178,0.289,0.3976,2.5764,5.5556,5.5556,8.1988
7321,MOVING,33.93,6.63,101786.6,0.0349,0.448,0.3393,5.3694,5.5556,5.5556,4.7592
7326,MOVING,16.1,2.35,150414.0,0.0317,0.214,0.3723,2.6372,5.5556,5.5556,7.9202
7331,MOVING,36.74,2.01,154739.1,0.0246,0.377,0.3633,3.993,5.5556,4.9323,5.883
7336,MOVING,19.5,1.09,139504.2,0.0228,0.372,0.3904,3.977,5.5556,3.4384,6.0493
7341,MOVING,84.7,6.6,96561.8,0.0333,0.331,0.3382,4.2095,5.5556,2.9368,5.5449
7346,MOVING,96.8,-0.35,128489.0,0.0187,0.366,0.3702,3.7366,5.5556,4.266,6.1866
7351,MOVING,7.88,-4.55,78540.0,0.0236,0.366,0.3563,3.3693,4.6459,4.6459,4.8583
7356,MOVING,88.76,-1.87,118275.7,0.0315,0.205,0.3366,2.1322,5.5556,2.2186,9.1078
7361,MOVING,35.86,-1.56,151990.7,0.0301,0.241,0.3627,2.5022,5.5556,5.4086,8.1824
7366,MOVING,55.07,7.14,81928.1,0.0214,0.268,0.377,3.5327,5.5556,5.5556,6.4631
7371,MOVING,95.71,-5.11,105204.3,0.0307,0.314,0.323,2.8735,5.5556,5.5556,7.1652
7376,MOVING,44.45,7.13,148301.5,0.0312,0.21,0.3288,3.0536,5.5556,5.5556,6.8806
7381,MOVING,22.47,-4.23,140593.3,0.0153,0.24,0.3413,2.0825,5.5556,5.5556,9.3067
7386,MOVING,39.11,-1.3,136059.7,0.0208,0.321,0.3489,3.2254,5.5556,5.5556,6.7231
7391,MOVING,42.07,-3.49,137566.7,0.0227,0.227,0.4099,2.1056,5.5556,5.5556,9.6063
7396,MOVING,20.29,2.39,103600.8,0.0318,0.263,0.4169,3.1237,5.5556,2.1836,7.2564
7401,MOVING,54.0,-4.45,94184.9,0.0225,0.394,0.401,3.6491,5.5556,1.7863,6.457
7406,MOVING,10.04,-3.4,82314.0,0.029,0.428,0.309,4.1466,4.7519,4.7519,4.1911
7411,MOVING,41.47,2.64,76820.0,0.0264,0.281,0.3407,3.2746,5.5556,2.0064,6.6056
7416,MOVING,66.25,1.08,154559.3,0.0299,0.315,0.4016,3.4863,5.5556,5.5556,6.6578
7421,MOVING,54.47,-5.87,116172.8,0.0311,0.382,0.3818,3.4706,5.5556,5.5556,6.5678
7426,MOVING,32.27,-7.62,93358.3,0.0176,0.28,0.4026,2.165,5.5556,0.1142,9.3646
7431,MOVING,70.54,-5.05,95123.6,0.0256,0.313,0.3996,2.8187,5.5556,2.2239,7.6948
7436,MOVING,22.75,1.55,78803.4,0.0214,0.277,0.4072,3.0768,5.5556,4.4475,7.2779
7441,MOVING,74.26,-0.25,127473.8,0.0192,0.271,0.3531,2.821,5.5556,5.5556,7.432
7446,MOVING,88.28,-3.44,156768.0,0.0211,0.447,0.3956,3.3775,5.5556,0.9982,6.7671
7451,MOVING,91.94,0.62,83472.6,0.027,0.269,0.3301,2.9602,5.5556,3.5077,7.0471
7456,MOVING,53.0,6.8,82354.7,0.0233,0.294,0.358,3.7706,5.5556,5.5556,6.0814
7461,MOVING,32.34,-5.78,75432.6,0.0286,0.339,0.4181,3.0294,5.5556,5.5556,7.4168
7466,MOVING,83.21,6.67,107405.0,0.0229,0.409,0.3663,4.8772,5.5556,0.6454,5.1994
7471,MOVING,52.51,-2.48,94610.2,0.0338,0.293,0.4187,2.9633,5.5556,5.5556,7.534
7476,MOVING,43.73,4.11,119223.5,0.0208,0.442,0.389,4.9411,5.5556,5.5556,5.2846
7481,MOVING,66.53,-0.75,74858.6,0.027,0.309,0.4356,3.2175,5.5556,5.5556,7.2162
7486,MOVING,67.31,-4.65,88841.6,0.0332,0.27,0.3776,2.5115,5.5556,3.7209,8.2424
7491,MOVING,50.09,0.89,120446.5,0.0227,0.303,0.367,3.283,5.5556,1.0445,6.7395
7496,MOVING,26.7,-0.95,160141.8,0.0325,0.305,0.3612,3.2164,5.5556,5.5556,6.8048
7501,MOVING,89.72,-3.94,77531.2,0.0322,0.258,0.3817,2.4527,5.5556,5.5556,8.4126
7506,MOVING,67.04,7.12,163187.4,0.0317,0.417,0.3923,4.3762,5.5556,4.5618,5.7059
7511,MOVING,57.45,4.38,108816.6,0.0164,0.318,0.3388,3.7069,5.5556,5.5556,6.0454
7516,MOVING,80.13,-1.36,149677.2,0.0253,0.285,0.4017,2.9077,5.5556,5.5556,7.5391
7521,MOVING,12.47,-4.34,86887.0,0.0176,0.367,0.3357,3.3398,5.5556,1.0344,6.4859
7526,MOVING,37.31,-7.91,133247.6,0.0221,0.395,0.3557,3.3048,5.5556,5.5556,6.6461
7531,MOVING,14.4,-4.75,80004.7,0.0245,0.438,0.3669,4.0664,5.5556,3.2434,5.8335
7536,MOVING,94.22,-3.78,105724.0,0.0212,0.414,0.3702,3.8915,5.5556,5.5556,6.0223
7541,MOVING,11.71,-3.48,89827.5,0.0257,0.365,0.3858,3.4923,5.5556,5.5556,6.5624
7546,MOVING,14.37,-4.87,101094.5,0.0247,0.374,0.4338,3.4323,5.5556,5.5556,6.9064
7551,MOVING,76.4,1.75,89242.2,0.0261,0.356,0.3967,3.9166,5.5556,0.7965,6.144
7556,MOVING,78.11,-7.96,91146.9,0.0313,0.388,0.3515,3.3237,5.5556,5.5556,6.5957
7561,MOVING,97.62,5.21,126634.3,0.0253,0.304,0.3329,3.7362,5.5556,5.5556,5.9801
7566,STAGED_STOPPED,4.61,-4.74,127866.6,0.0308,0.28,0.3231,2.5832,0.0,0.0,0.0
7571,MOVING,59.54,-4.54,163858.1,0.0307,0.263,0.3157,2.4312,5.5556,5.5556,8.1013
7576,MOVING,27.37,6.52,144207.7,0.0345,0.348,0.3544,4.3756,5.5556,5.5556,5.4956
7581,MOVING,56.15,-1.47,158072.7,0.0339,0.243,0.3527,2.5746,5.5556,2.0565,7.9534
7586,MOVING,5.71,-7.35,116807.4,0.0172,0.428,0.3591,3.6325,3.0407,3.0407,2.3646
7591,MOVING,76.2,-4.52,120465.7,0.028,0.241,0.2984,2.1969,5.5556,5.0687,8.6821
7596,MOVING,55.51,-4.61,102266.9,0.0341,0.202,0.3777,1.8663,5.5556,5.5556,10.3671
7601,MOVING,20.92,-1.97,112300.3,0.0319,0.341,0.3115,3.4633,5.5556,5.5556,6.1864
7606,MOVING,77.05,6.0,142680.6,0.0302,0.412,0.3746,4.7381,5.5556,5.3245,5.3381
7611,MOVING,89.95,5.32,75722.3,0.0194,0.287,0.3773,3.524,5.5556,3.1177,6.4752
7616,MOVING,22.89,0.9,96896.2,0.0216,0.22,0.3749,2.458,5.5556,5.5556,8.3615
7621,MOVING,11.66,3.16,96134.9,0.015,0.331,0.3311,3.7051,5.5556,5.5556,6.0048
7626,MOVING,29.47,-0.69,116199.0,0.0253,0.32,0.3738,3.3151,5.5556,5.5556,6.7318
7631,MOVING,20.91,3.12,76568.6,0.0329,0.244,0.3791,3.0183,5.5556,1.6037,7.2194
7636,MOVING,25.63,2.11,123600.4,0.0216,0.393,0.3683,4.2673,5.5556,1.0931,5.6623
7641,MOVING,55.91,-5.76,90828.2,0.0289,0.323,0.3611,2.8824,5.5556,5.5556,7.3601
7646,MOVING,65.77,-5.71,80084.3,0.0191,0.422,0.3156,3.7542,5.5556,5.5556,5.8639
7651,MOVING,66.32,-2.58,159486.3,0.0207,0.379,0.407,3.3991,5.5556,1.236,6.8012
7656,MOVING,44.43,-5.2,138666.8,0.0162,0.416,0.3616,3.6162,5.5556,5.5556,6.2766
7661,MOVING,51.8,-5.82,155985.6,0.0198,0.298,0.4076,2.5408,5.5556,1.5363,8.3381
7666,MOVING,17.06,-0.07,76134.7,0.0268,0.442,0.3764,4.5925,5.5556,5.5556,5.4513
7671,MOVING,23.7,5.07,146807.8,0.0343,0.359,0.3556,4.3528,5.5556,3.4816,5.521
7676,MOVING,28.18,-7.88,160055.3,0.016,0.279,0.3761,2.111,5.5556,5.5556,9.4
7681,MOVING,65.25,5.43,122387.7,0.0326,0.442,0.4292,5.1798,5.5556,5.5556,5.3639
7686,MOVING,77.72,-0.33,155596.9,0.0217,0.288,0.3388,3.0039,5.5556,4.4863,7.0195
7691,MOVING,92.9,6.86,101860.5,0.0198,0.329,0.3722,4.0878,5.5556,5.5556,5.843
7696,MOVING,52.85,-7.56,162436.8,0.021,0.41,0.3472,2.852,5.5556,5.5556,7.3402
7701,MOVING,41.04,-3.53,148286.4,0.0273,0.29,0.4108,2.7655,5.5556,0.6485,7.8624
7706,MOVING,45.17,-0.48,136528.5,0.028,0.21,0.3275,2.2897,5.5556,5.5556,8.5593
7711,MOVING,91.31,5.48,89083.8,0.0181,0.299,0.3233,3.6443,5.5556,5.5556,6.0308
7716,MOVING,53.65,-2.74,111989.2,0.0245,0.205,0.3402,1.985,5.5556,5.5556,9.6646
7721,MOVING,58.53,-7.9,90082.8,0.0246,0.361,0.3525,2.9933,5.5556,5.5556,7.1138
7726,MOVING,88.87,-0.98,136904.2,0.0292,0.276,0.354,2.9013,5.5556,5.5556,7.2856
7731,MOVING,29.57,-0.86,136282.4,0.0157,0.379,0.3698,3.7902,5.5556,3.2829,6.1261
7736,MOVING,35.94,-6.52,84711.5,0.0261,0.406,0.3531,3.5925,5.5556,5.3737,6.2575
7741,MOVING,37.59,6.06,153309.6,0.0203,0.321,0.3374,3.9385,5.5556,5.5556,5.7929
7746,MOVING,20.06,-3.43,114437.9,0.0207,0.236,0.3219,2.1831,5.5556,1.7704,8.8577
7751,MOVING,10.29,-4.17,128837.3,0.0212,0.285,0.3299,2.5943,4.059,3.6242,4.5145
7756,MOVING,31.11,7.54,126121.1,0.0251,0.416,0.3325,5.0494,5.5556,5.5556,4.9032
7761,MOVING,40.98,3.13,161514.6,0.0265,0.282,0.3522,3.3287,5.5556,0.4073,6.5927
7766,MOVING,53.11,3.86,126262.4,0.0165,0.34,0.3511,3.8708,5.5556,5.5556,5.9375
7771,MOVING,45.19,-0.33,158076.2,0.0328,0.323,0.3819,3.4528,5.5556,2.4057,6.591
7776,MOVING,65.9,4.37,157568.1,0.0314,0.238,0.3823,3.072,5.5556,5.5556,7.1473
7781,MOVING,14.36,2.46,104919.7,0.0153,0.204,0.4199,2.3866,5.5556,5.5556,8.7991
7786,MOVING,56.12,5.78,130261.6,0.0305,0.356,0.2891,4.3479,5.5556,5.5556,5.1557
7791,MOVING,31.09,-3.74,128024.5,0.017,0.334,0.3136,3.0724,5.5556,5.5556,6.7654
7796,MOVING,84.75,-1.58,121240.7,0.0345,0.226,0.3554,2.4009,5.5556,3.4878,8.4021
7801,MOVING,63.97,-3.17,128253.3,0.032,0.328,0.3351,3.2145,5.5556,5.5556,6.6627
7806,MOVING,54.65,4.06,92321.0,0.0305,0.237,0.3533,3.0178,5.5556,1.9391,7.0768
7811,MOVING,49.98,-2.92,86418.6,0.0161,0.381,0.3763,3.6107,5.5556,5.5556,6.3649
7816,MOVING,10.2,-0.63,163772.9,0.0194,0.37,0.3147,3.4863,4.4906,4.4906,4.3055
7821,MOVING,24.76,-7.5,125602.7,0.0281,0.378,0.3508,3.2339,5.5556,5.5556,6.7212
7826,MOVING,72.81,-3.21,99574.9,0.0198,0.261,0.4168,2.4337,5.5556,1.0084,8.6567
7831,MOVING,84.71,5.11,131914.2,0.0205,0.247,0.338,3.1247,5.5556,5.5556,6.8168
7836,MOVING,74.28,-6.57,163598.7,0.022,0.361,0.3855,2.9346,5.5556,5.5556,7.4004
7841,MOVING,74.21,-7.53,149718.1,0.0249,0.203,0.3791,1.4893,5.5556,5.5556,12.4684
7846,MOVING,5.16,-5.17,116568.4,0.0242,0.317,0.3382,2.8328,1.3098,1.3098,0.7458
7851,STAGED_STOPPED,3.48,-0.23,99310.0,0.0295,0.443,0.3548,4.6113,0.0,0.0,0.0
7856,MOVING,27.39,-2.15,83287.3,0.0267,0.325,0.3364,3.2342,5.5556,5.2961,6.6406
7861,MOVING,38.63,-3.58,156612.1,0.0178,0.422,0.3123,3.3358,5.5556,2.0272,6.3614
7866,MOVING,39.82,-6.84,108477.0,0.0284,0.29,0.3697,2.4469,5.5556,5.5556,8.361
7871,MOVING,41.39,7.07,87694.9,0.0237,0.355,0.359,4.3978,5.5556,1.9696,5.5038
7876,MOVING,65.74,7.49,161563.9,0.0164,0.303,0.3543,3.8587,5.5556,1.7454,5.9677
7881,MOVING,89.78,-7.34,116730.3,0.0231,0.233,0.3676,1.7844,5.5556,5.5556,10.6906
7886,MOVING,20.03,0.05,98969.6,0.0212,0.222,0.3831,2.3869,5.5556,0.6397,8.5938
7891,MOVING,77.74,-5.03,104116.6,0.0262,0.38,0.3522,3.4857,5.5556,1.9589,6.3837
7896,MOVING,29.71,-4.04,101757.3,0.0212,0.423,0.3706,3.9603,5.5556,1.7406,5.9558
7901,MOVING,30.25,-0.73,114030.0,0.021,0.27,0.4251,2.7832,5.5556,5.5556,7.9068
7906,MOVING,80.35,0.7,115245.7,0.0198,0.338,0.379,3.579,5.5556,5.5556,6.4176
7911,MOVING,34.5,4.87,81079.9,0.0297,0.33,0.3466,4.0043,5.5556,5.5556,5.7792
7916,MOVING,50.25,6.86,126921.8,0.0211,0.376,0.3358,4.5587,5.5556,5.5556,5.2507
7921,MOVING,78.32,7.69,158330.7,0.0288,0.308,0.3919,4.0469,5.5556,5.5556,5.9906
7926,MOVING,20.96,-5.62,84736.4,0.0227,0.22,0.3433,1.8314,5.5556,5.5556,10.3337
7931,STAGED_STOPPED,3.21,-3.84,133350.7,0.0205,0.403,0.3624,3.7782,0.0,0.0,0.0
7936,MOVING,83.69,0.77,138595.2,0.0177,0.28,0.378,2.991,5.5556,5.5556,7.2595
7941,MOVING,89.68,7.21,140931.5,0.021,0.292,0.4687,3.7664,5.5556,3.954,6.7013
7946,MOVING,47.36,-4.87,131432.3,0.03,0.395,0.3403,3.6886,5.5556,1.8946,6.0741
7951,MOVING,75.66,1.62,161205.5,0.021,0.271,0.3393,3.0226,5.5556,1.7752,6.9907
7956,MOVING,66.82,3.39,94852.9,0.0256,0.349,0.3879,4.0027,5.5556,5.5556,6.0102
7961,MOVING,46.81,-6.64,129804.2,0.0307,0.277,0.2995,2.3604,5.5556,4.2998,8.202
7966,MOVING,52.82,-5.72,149434.2,0.0248,0.205,0.4187,1.6888,5.5556,5.5556,11.464
7971,MOVING,78.22,-1.78,114734.8,0.0226,0.438,0.3424,4.3395,5.5556,1.0383,5.4585
7976,MOVING,60.15,-6.58,162136.6,0.0249,0.202,0.3715,1.5762,5.5556,5.5556,11.8544
7981,MOVING,52.48,-0.97,103416.7,0.0156,0.409,0.4425,4.07,5.5556,2.1477,6.2499
7986,MOVING,81.08,-3.64,126366.2,0.0182,0.215,0.3644,1.928,5.5556,4.034,10.0288
7991,MOVING,50.3,-1.6,118225.6,0.0195,0.336,0.3767,3.327,5.5556,3.4327,6.7315
7996,MOVING,8.65,-7.71,81457.2,0.0167,0.442,0.343,3.7278,4.9851,3.3787,5.0433
8001,MOVING,11.16,1.2,84348.9,0.0299,0.369,0.398,4.03,5.5556,5.5556,6.0406
8006,MOVING,79.88,-5.14,75436.2,0.0202,0.279,0.3783,2.4292,5.5556,5.5556,8.4547
8011,MOVING,58.78,-0.79,158382.9,0.0168,0.31,0.3689,3.1289,5.5556,5.5556,6.9814
8016,MOVING,33.33,-4.35,79298.4,0.03,0.386,0.3431,3.651,5.5556,5.3317,6.1328
8021,MOVING,29.88,-5.7,156689.1,0.0272,0.23,0.3464,1.9654,5.5556,3.2502,9.7765
8026,MOVING,35.46,-7.78,125739.8,0.0342,0.414,0.3496,3.6242,5.5556,5.5556,6.2005
8031,MOVING,33.71,7.53,96100.7,0.0168,0.2,0.3437,2.8577,5.5556,5.5556,7.3095
8036,MOVING,47.37,3.54,152464.7,0.0152,0.223,0.3472,2.6857,5.5556,4.8391,7.6751
8041,MOVING,53.34,-0.03,155110.5,0.0281,0.412,0.3771,3.8194,5.5556,5.5556,6.1355
8046,MOVING,23.14,-1.82,154067.7,0.0162,0.308,0.3307,3.0048,5.5556,3.8975,6.9731
8051,MOVING,78.74,4.2,74534.9,0.0325,0.317,0.3423,3.8397,5.5556,1.0124,5.9209
8056,MOVING,40.54,-7.56,103546.0,0.0261,0.219,0.3689,1.6608,5.5556,5.5556,11.3418
8061,MOVING,17.76,6.77,142892.9,0.0253,0.419,0.3287,4.7589,5.5556,1.5804,5.0689
8066,MOVING,38.63,-0.48,148991.6,0.0247,0.312,0.3221,3.2535,5.5556,5.5556,6.5327
8071,MOVING,55.4,6.14,130728.4,0.024,0.407,0.4354,4.8222,5.5556,5.5556,5.6194
8076,MOVING,97.55,2.36,114909.2,0.0192,0.396,0.312,4.3029,5.5556,5.5556,5.32
8081,MOVING,35.98,-2.81,134103.6,0.0187,0.404,0.3842,3.8697,5.5556,5.5556,6.1223
8086,MOVING,66.64,-1.76,156151.8,0.0294,0.223,0.3766,2.3046,5.5556,2.3907,8.7887
8091,MOVING,46.54,-4.3,80546.0,0.0282,0.228,0.3811,2.0839,5.5556,2.0943,9.5224
8096,MOVING,65.6,2.71,117276.2,0.0245,0.276,0.3352,3.2146,5.5556,4.6689,6.6628
8101,MOVING,68.15,-4.84,132600.4,0.034,0.371,0.3305,3.4976,5.5556,5.5556,6.2484
8106,MOVING,7.03,-0.11,81723.4,0.0286,0.256,0.2933,2.7847,3.3044,3.3044,2.9297
8111,MOVING,60.77,-1.48,116378.3,0.0262,0.219,0.3169,2.2568,5.5556,5.5556,8.599
8116,MOVING,55.56,-1.65,87129.5,0.0281,0.429,0.3659,4.3157,5.5556,5.5556,5.6085
8121,MOVING,54.68,1.09,79758.3,0.0263,0.374,0.3927,4.0356,5.5556,5.5556,6.0059
8126,STAGED_STOPPED,3.85,6.89,97544.4,0.0332,0.283,0.3421,3.7665,0.0,0.0,0.0
8131,MOVING,12.69,-2.99,140787.4,0.0206,0.368,0.3562,3.5143,5.5556,5.5556,6.3704
8136,MOVING,74.16,7.89,81619.7,0.0278,0.259,0.3509,3.5732,5.5556,5.5556,6.2686
8141,MOVING,47.14,4.89,144324.1,0.0179,0.246,0.3849,3.0678,5.5556,5.5556,7.1691
8146,MOVING,86.04,3.56,95252.2,0.016,0.414,0.3314,4.5584,5.5556,5.5556,5.2265
8151,MOVING,85.41,7.86,97708.8,0.023,0.284,0.4327,3.7694,5.5556,5.5556,6.4982
8156,MOVING,96.77,-4.28,133432.8,0.0324,0.41,0.3502,3.9156,5.5556,2.2317,5.887
8161,MOVING,86.27,-4.04,99124.5,0.0298,0.286,0.4068,2.6953,5.5556,5.5556,7.9858
8166,MOVING,89.24,-7.77,144621.8,0.0185,0.391,0.3719,3.2243,5.5556,3.7011,6.8523
8171,MOVING,75.22,5.88,123416.1,0.0281,0.411,0.3601,4.875,5.5556,0.6678,5.1663
8176,MOVING,87.99,-4.88,108242.7,0.0256,0.338,0.3394,3.0815,5.5556,5.5556,6.8939
8181,MOVING,38.2,-3.66,107242.1,0.0273,0.319,0.4078,3.0346,5.5556,5.5556,7.3508
8186,MOVING,32.35,-5.5,104096.0,0.0254,0.443,0.3466,4.0482,5.5556,5.5556,5.7378
8191,MOVING,66.31,-0.97,78578.6,0.0184,0.309,0.3845,3.1169,5.5556,5.5556,7.0871
8196,MOVING,13.28,-5.92,131008.0,0.027,0.235,0.3647,1.9871,5.4196,5.4196,9.3673
8201,MOVING,12.44,3.3,152777.9,0.0176,0.338,0.2966,3.8095,5.5556,5.5556,5.6988
8206,MOVING,55.82,-3.02,130360.4,0.0326,0.268,0.3333,2.6514,5.5556,5.5556,7.6723
8211,MOVING,34.2,0.14,142429.0,0.0161,0.276,0.394,2.8774,5.5556,5.5556,7.5523
8216,MOVING,26.55,-6.76,111646.3,0.0349,0.435,0.3666,3.9369,5.5556,3.2516,5.9565
8221,MOVING,65.16,-1.92,90297.8,0.0262,0.411,0.4022,4.1012,5.5556,5.5556,5.9973
8226,MOVING,17.52,6.83,112395.9,0.0242,0.302,0.3542,3.8563,5.5556,5.5556,5.9699
8231,MOVING,65.08,-0.01,111555.8,0.0254,0.414,0.3667,4.3067,5.5556,5.5556,5.6206
8236,MOVING,73.08,4.76,83934.0,0.0292,0.391,0.323,4.5827,5.5556,5.5556,5.1618
8241,MOVING,42.68,-0.15,96783.9,0.0344,0.359,0.3663,3.8402,5.5556,5.5556,6.0536
8246,MOVING,46.92,5.14,122577.5,0.0216,0.417,0.3298,4.7975,5.5556,5.5556,5.0488
8251,MOVING,43.01,-5.81,116743.9,0.0155,0.336,0.3845,2.8717,5.5556,5.5556,7.5099
8256,MOVING,17.52,-4.26,81208.0,0.0258,0.373,0.3794,3.492,5.5556,5.5556,6.5272
8261,MOVING,40.86,-2.51,120104.9,0.0268,0.341,0.2969,3.3623,5.5556,5.5556,6.2394
8266,MOVING,8.01,-6.99,137942.1,0.0226,0.418,0.3088,3.524,3.4635,3.4635,2.7717
8271,MOVING,98.23,-1.34,75980.3,0.0182,0.222,0.3511,2.2233,5.5556,5.5556,8.8917
8276,MOVING,13.94,-3.25,106279.4,0.0349,0.377,0.3874,3.7197,5.5556,5.5556,6.3013
8281,MOVING,38.73,-5.37,105120.3,0.0323,0.369,0.4049,3.4057,5.5556,5.5556,6.7809
8286,MOVING,75.15,0.91,117546.5,0.031,0.376,0.3592,4.0852,5.5556,5.5556,5.773
8291,MOVING,97.63,7.21,158442.4,0.034,0.418,0.3807,4.5088,5.5556,3.6896,5.5377
8296,MOVING,18.17,7.51,98193.6,0.0263,0.227,0.3578,3.2076,5.5556,5.5556,6.7992
8301,MOVING,18.11,-7.15,83613.3,0.0161,0.379,0.3306,3.1603,5.5556,5.5556,6.72
8306,MOVING,66.0,4.84,85103.1,0.0301,0.392,0.3625,4.6078,5.5556,1.8752,5.3633
8311,MOVING,14.39,-2.26,154164.3,0.0194,0.287,0.3702,2.7786,5.5556,5.5556,7.6106
8316,MOVING,52.86,-1.31,131666.6,0.0224,0.424,0.3493,4.2494,5.5556,5.5556,5.5721
8321,MOVING,25.84,5.87,88399.6,0.0194,0.352,0.321,4.2151,5.5556,4.3868,5.4445
8326,MOVING,30.99,4.29,106825.9,0.0151,0.222,0.4423,2.7441,5.5556,5.5556,8.081
8331,MOVING,7.76,-4.62,132469.0,0.0191,0.244,0.3409,2.1295,3.6733,0.2471,4.4205
8336,MOVING,32.39,5.41,107577.8,0.0325,0.42,0.3304,4.9582,5.5556,5.5556,4.9478
8341,MOVING,81.65,-5.86,162169.0,0.0239,0.321,0.2962,2.8025,5.5556,5.5556,7.1521
8346,MOVING,39.1,-3.3,82551.4,0.0173,0.304,0.4056,2.8286,5.5556,2.052,7.7092
8351,MOVING,69.61,1.62,122117.0,0.0254,0.22,0.3868,2.5623,5.5556,5.5556,8.1719
8356,MOVING,34.78,-1.27,140970.7,0.0326,0.24,0.3848,2.5457,5.5556,5.5556,8.2001
8361,MOVING,40.54,-2.71,130744.4,0.0196,0.442,0.3538,4.1327,5.5556,5.5556,5.6995
8366,MOVING,58.08,3.79,86297.6,0.0249,0.317,0.3587,3.7226,5.5556,1.78,6.1385
8371,MOVING,38.59,0.16,138785.1,0.0276,0.211,0.3408,2.351,5.5556,1.3943,8.4573
8376,MOVING,26.14,3.47,139194.0,0.033,0.366,0.3847,4.2493,5.5556,5.5556,5.7687
8381,MOVING,59.45,2.45,132619.1,0.0236,0.301,0.3475,3.4198,5.5556,1.6969,6.4433
8386,MOVING,69.83,-0.77,140199.7,0.0298,0.218,0.3519,2.3519,5.5556,5.5556,8.5165
8391,MOVING,92.24,-3.28,96025.7,0.0204,0.379,0.3642,3.5966,5.5556,5.5556,6.3144
8396,MOVING,48.58,3.58,155018.2,0.0309,0.206,0.311,2.673,5.5556,0.7904,7.5012
8401,MOVING,57.65,-2.56,104422.8,0.0328,0.449,0.3685,4.4744,5.5556,2.146,5.4964
8406,MOVING,16.72,3.71,85879.5,0.0164,0.356,0.3764,4.0097,5.5556,5.5556,5.94
8411,MOVING,84.87,-4.32,85170.3,0.0276,0.268,0.38,2.4694,5.5556,5.5556,8.3606
8416,MOVING,98.65,7.14,95602.7,0.0202,0.208,0.3956,2.9286,5.5556,5.5556,7.4671
8421,MOVING,88.12,-4.82,126345.6,0.0174,0.204,0.3978,1.6967,5.5556,5.5556,11.3052
8426,MOVING,54.73,6.84,131394.6,0.0186,0.292,0.3225,3.7065,5.5556,5.5556,5.9555
8431,MOVING,19.51,2.17,143581.6,0.033,0.329,0.3795,3.761,5.5556,2.3896,6.2117
8436,MOVING,24.41,0.6,117441.9,0.0322,0.276,0.3289,3.0769,5.5556,5.5556,6.8426
8441,MOVING,37.32,-5.46,159884.5,0.0249,0.263,0.3377,2.2834,5.5556,5.5556,8.6347
8446,MOVING,91.72,1.46,94406.0,0.0327,0.259,0.3867,3.0043,5.5556,5.5556,7.2853
8451,MOVING,85.35,4.63,78302.1,0.0156,0.448,0.3734,4.9941,5.5556,5.5556,5.1643
8456,MOVING,63.97,-4.59,143240.3,0.0193,0.282,0.3402,2.4992,5.5556,5.5556,8.0649
8461,MOVING,89.07,5.09,148817.8,0.0279,0.409,0.3374,4.4676,5.5556,5.5556,5.3289
8466,MOVING,32.86,-6.9,157930.4,0.019,0.316,0.3024,2.5983,5.5556,4.9993,7.6193
8471,MOVING,93.04,-7.72,139383.4,0.0284,0.349,0.3963,2.9403,5.5556,5.5556,7.4505
8476,MOVING,61.62,6.74,79345.5,0.0158,0.224,0.3479,3.0019,5.5556,3.7938,7.0734
8481,MOVING,82.49,-0.76,132182.3,0.0252,0.225,0.371,2.3803,5.5556,5.5556,8.5444
8486,MOVING,64.69,-1.24,160595.3,0.0225,0.389,0.3074,3.5239,5.5556,0.8832,6.0872
8491,MOVING,83.54,4.44,141608.9,0.0297,0.396,0.4379,4.6069,5.5556,5.5556,5.7825
8496,MOVING,85.05,2.56,151144.7,0.026,0.289,0.3359,3.3428,5.5556,0.1485,6.4826
8501,MOVING,5.62,-1.18,84025.6,0.0155,0.381,0.3742,3.7726,0.2646,0.2646,0.1083
8506,MOVING,53.62,6.28,134514.1,0.0285,0.236,0.323,3.2005,5.5556,5.5556,6.6162
8511,MOVING,39.91,-3.73,92511.5,0.0292,0.347,0.3848,3.3218,5.5556,4.582,6.7835
8516,MOVING,45.84,-7.12,96641.2,0.0326,0.353,0.3263,3.0721,5.5556,3.0315,6.8361
8521,MOVING,90.46,-0.71,116332.5,0.0177,0.389,0.3245,3.9149,5.5556,5.5556,5.7447
8526,MOVING,48.4,-4.72,116661.9,0.0164,0.345,0.4017,3.0739,5.5556,5.5556,7.2522
8531,MOVING,83.06,-3.09,125479.3,0.0193,0.291,0.3707,2.7351,5.5556,5.5556,7.7018
8536,MOVING,58.15,3.79,80237.6,0.0208,0.369,0.3723,4.1904,5.5556,1.8521,5.751
8541,MOVING,48.86,1.32,98471.0,0.0331,0.251,0.3682,2.9169,5.5556,5.5556,7.3363
8546,MOVING,77.88,1.58,106915.9,0.0235,0.253,0.3852,2.8643,5.5556,5.5556,7.528
8551,MOVING,78.09,3.04,122721.8,0.0327,0.212,0.3275,2.6993,5.5556,2.7192,7.5366
8556,MOVING,68.19,4.24,133796.7,0.0164,0.2,0.3585,2.5402,5.5556,5.5556,8.0667
8561,MOVING,51.62,5.28,153054.4,0.0185,0.349,0.3432,4.1199,5.5556,5.5556,5.6526
8566,MOVING,45.26,2.89,104008.9,0.0326,0.224,0.3943,2.8021,5.5556,5.5556,7.6983
8571,MOVING,32.73,3.4,119351.3,0.0338,0.244,0.3858,3.0515,5.5556,5.5556,7.2007
8576,MOVING,90.59,-4.46,116664.2,0.0242,0.257,0.352,2.322,5.5556,5.5556,8.6017
8581,MOVING,40.43,1.17,86868.7,0.0318,0.429,0.3542,4.6291,5.5556,5.5556,5.3017
8586,STAGED_STOPPED,3.87,-4.38,122475.0,0.0278,0.375,0.2809,3.5128,0.0,0.0,0.0
8591,MOVING,74.34,-1.82,135531.6,0.0246,0.378,0.4391,3.7738,5.5556,5.5556,6.529
8596,MOVING,5.9,3.96,82361.6,0.0245,0.309,0.4105,3.6609,0.1953,0.1953,0.0854
8601,MOVING,39.42,-2.63,114083.7,0.0175,0.439,0.4295,4.2215,5.5556,5.5556,6.0416
8606,MOVING,9.15,-7.09,98753.6,0.0336,0.207,0.3127,1.6601,3.0407,3.0407,3.7354
8611,MOVING,80.01,4.33,78521.1,0.0329,0.25,0.3463,3.1997,5.5556,5.5556,6.747
8616,MOVING,64.25,4.77,99232.3,0.0332,0.352,0.383,4.2374,5.5556,0.6294,5.7699
8621,MOVING,93.71,-5.31,85167.7,0.0329,0.284,0.4403,2.5791,5.5556,1.2086,8.4295
8626,STAGED_STOPPED,4.91,-5.1,101510.7,0.0327,0.284,0.3461,2.5982,0.0,0.0,0.0
8631,MOVING,95.73,4.33,98206.5,0.0223,0.279,0.3674,3.3759,5.5556,2.3258,6.6126
8636,MOVING,92.15,-7.89,150416.5,0.0309,0.307,0.3685,2.5332,5.5556,3.8557,8.1393
8641,MOVING,67.6,-4.28,134867.2,0.0298,0.345,0.3428,3.2511,5.5556,5.5556,6.6514
8646,STAGED_STOPPED,3.62,-7.99,126484.1,0.0187,0.424,0.3852,3.5444,0.0,0.0,0.0
8651,MOVING,75.0,-5.61,74461.2,0.0198,0.388,0.3788,3.4467,5.5556,4.0821,6.5819
8656,MOVING,12.48,-6.74,97956.2,0.016,0.314,0.3834,2.5675,4.886,4.886,6.5223
8661,MOVING,11.77,4.04,138486.1,0.0301,0.399,0.372,4.5959,5.5556,5.055,5.4246
8666,MOVING,88.61,4.49,92234.0,0.023,0.406,0.3737,4.6411,5.5556,1.8943,5.4015
8671,MOVING,85.46,-5.13,122383.9,0.0165,0.446,0.3371,4.0253,5.5556,5.5556,5.7065
8676,MOVING,77.71,5.88,160066.8,0.0257,0.21,0.398,2.8828,5.5556,4.4753,7.5642
8681,MOVING,11.33,3.41,164979.9,0.0309,0.338,0.3249,3.952,5.5556,4.8559,5.7099
8686,MOVING,46.44,-4.05,122371.3,0.0348,0.388,0.3413,3.7458,5.5556,3.4049,6.016
8691,MOVING,48.87,2.44,152333.1,0.0322,0.422,0.3076,4.1652,5.5556,2.9527,5.4137
8696,MOVING,22.94,4.86,162751.9,0.0348,0.361,0.3602,4.1961,5.5556,4.6356,5.6789
8701,MOVING,67.68,5.76,82099.8,0.0156,0.204,0.301,2.7166,5.5556,5.5556,7.353
8706,MOVING,74.32,6.88,155510.4,0.0179,0.382,0.3725,4.3853,5.5556,2.1365,5.5887
8711,MOVING,63.91,-0.85,162100.0,0.0329,0.206,0.4164,2.2577,5.5556,5.5556,9.1487
8716,MOVING,59.32,-6.95,104564.8,0.025,0.283,0.3062,2.3372,5.5556,5.5556,8.3041
8721,MOVING,58.66,1.53,154353.0,0.0345,0.442,0.337,4.0519,5.5556,5.5556,5.6807
8726,MOVING,19.26,3.02,140011.6,0.0236,0.347,0.3541,3.9284,5.5556,1.9468,5.8956
8731,MOVING,32.62,-6.37,134252.2,0.0287,0.31,0.3435,2.6927,5.5556,5.5556,7.6397
8736,MOVING,80.88,1.32,133101.2,0.023,0.285,0.386,3.1539,5.5556,5.5556,7.0374
8741,MOVING,18.75,1.75,145740.4,0.018,0.221,0.3407,2.5169,5.5556,4.8311,8.0246
8746,MOVING,54.0,-0.49,92486.0,0.0315,0.221,0.3319,2.4233,5.5556,4.5023,8.2122
8751,MOVING,44.25,-7.63,136762.3,0.0295,0.274,0.3572,2.2211,5.5556,0.0009,8.9327
8756,MOVING,99.5,5.46,139264.9,0.0326,0.209,0.3431,2.8972,5.5556,3.6289,7.2328
8761,MOVING,78.06,-5.36,81588.5,0.0313,0.328,0.3126,2.9931,5.5556,5.5556,6.8925
8766,MOVING,30.68,-0.27,137926.0,0.0246,0.388,0.3653,4.0187,5.5556,5.5556,5.8693
8771,MOVING,48.07,-4.52,112062.9,0.0163,0.283,0.3728,2.4932,5.5556,5.5556,8.261
8776,MOVING,76.85,-2.8,98006.6,0.0309,0.224,0.3924,2.2219,5.5556,1.4172,9.1257
8781,MOVING,73.8,-1.67,161761.5,0.0175,0.361,0.4301,3.4079,5.5556,1.5596,6.9177
8786,MOVING,24.8,6.51,142939.2,0.0196,0.402,0.3787,4.6766,5.5556,4.0255,5.4036
8791,MOVING,26.2,-7.68,104689.6,0.0312,0.388,0.3394,3.3517,5.5556,1.4814,6.4901
8796,MOVING,8.83,5.87,129777.4,0.0176,0.431,0.4213,4.9622,4.9275,4.9275,4.5228
8801,MOVING,52.97,-0.19,87653.6,0.0224,0.316,0.3655,3.3038,5.5556,5.5556,6.7019
8806,MOVING,24.99,1.86,117960.5,0.0174,0.285,0.3819,3.146,5.5556,5.5556,7.0271
8811,MOVING,41.77,-7.7,111587.1,0.0199,0.356,0.32,2.919,5.5556,5.5556,7.0649
8816,MOVING,35.62,-3.1,97069.8,0.033,0.233,0.363,2.3039,5.5556,4.4791,8.7151
8821,MOVING,67.61,-7.48,144684.7,0.0283,0.33,0.3647,2.7707,5.5556,0.5786,7.5958
8826,MOVING,34.34,-5.46,122919.3,0.0276,0.205,0.3599,1.74,5.5556,3.1902,10.869
8831,MOVING,9.05,-7.57,111736.3,0.0219,0.341,0.4124,2.8044,4.185,2.4993,4.8487
8836,MOVING,10.69,0.9,91966.8,0.0246,0.279,0.4079,3.0683,4.5779,4.5779,5.2823
8841,MOVING,95.65,1.24,134424.4,0.0253,0.361,0.358,3.9051,5.5556,5.5556,5.9405
8846,MOVING,98.29,-0.76,107060.5,0.017,0.435,0.3544,4.358,5.5556,5.5556,5.5103
8851,MOVING,82.25,5.2,144003.3,0.0226,0.4,0.4052,4.5499,5.5556,3.7016,5.643
8856,MOVING,80.62,-3.3,119906.4,0.028,0.345,0.3679,3.3303,5.5556,5.5556,6.6777
8861,MOVING,83.46,-4.61,75034.6,0.0249,0.435,0.3649,4.0545,5.5556,5.5556,5.8336
8866,MOVING,32.58,-0.88,111735.1,0.0202,0.225,0.4444,2.3182,5.5556,5.5556,9.1257
8871,MOVING,44.11,-4.23,94812.0,0.0349,0.257,0.3374,2.4483,5.5556,1.9882,8.1779
8876,MOVING,60.0,7.96,126809.0,0.0213,0.308,0.3512,4.0,5.5556,3.0204,5.8095
8881,MOVING,35.69,3.16,155057.4,0.0254,0.282,0.3888,3.3235,5.5556,5.5556,6.8036
8886,MOVING,12.3,2.35,161444.4,0.025,0.248,0.3596,2.9017,5.5556,1.0093,7.3165
8891,MOVING,48.73,-3.06,151759.6,0.0207,0.328,0.3627,3.1204,5.5556,2.4174,6.9609
8896,MOVING,19.69,4.7,77807.2,0.0182,0.319,0.3526,3.7657,5.5556,5.5556,6.0568
8901,MOVING,69.87,-1.67,164943.0,0.0255,0.349,0.3718,3.4207,5.5556,1.3323,6.5771
8906,MOVING,79.01,4.14,110310.2,0.0152,0.281,0.3729,3.311,5.5556,0.2237,6.7328
8911,MOVING,77.42,-5.39,77621.7,0.0168,0.307,0.4176,2.6452,5.5556,5.5556,8.1541
8916,MOVING,14.46,-7.91,99911.1,0.0159,0.375,0.3537,3.0439,5.5556,5.5556,7.0347
8921,MOVING,15.76,0.72,80706.2,0.0235,0.37,0.3759,3.9269,5.5556,5.5556,6.0181
8926,MOVING,94.63,2.55,110961.3,0.0243,0.26,0.3459,3.0365,5.5556,5.5556,7.0042
8931,MOVING,22.35,-7.72,89759.6,0.0331,0.376,0.2851,3.2481,5.5556,5.5556,6.3352
8936,MOVING,53.45,-1.94,163352.6,0.0177,0.444,0.3747,3.3504,5.5556,5.5556,6.6877
8941,MOVING,8.97,-1.19,83921.4,0.0321,0.215,0.3345,2.3093,4.1903,4.1903,5.2036
8946,MOVING,75.9,2.1,150290.6,0.0249,0.264,0.3322,3.0412,5.5556,0.3713,6.9203
8951,MOVING,65.22,7.27,97242.7,0.0231,0.224,0.3092,3.1258,5.5556,5.5556,6.6548
8956,MOVING,20.34,5.2,79792.8,0.0244,0.221,0.4232,2.9078,5.5556,5.5556,7.6586
8961,MOVING,42.18,-2.04,160704.4,0.0216,0.388,0.4386,3.434,5.5556,3.2432,6.9309
8966,MOVING,41.08,0.46,99747.9,0.0185,0.219,0.3609,2.3704,5.5556,5.5556,8.5152
8971,MOVING,48.96,4.44,98761.3,0.035,0.253,0.3946,3.2524,5.5556,5.5556,6.9373
8976,MOVING,44.71,2.76,123244.7,0.0331,0.204,0.3743,2.595,5.5556,5.5556,8.0261
8981,MOVING,91.63,3.55,123304.7,0.0293,0.232,0.3083,2.9041,5.5556,5.5556,7.0268
8986,MOVING,36.08,-2.98,136172.2,0.0305,0.343,0.377,3.3658,5.5556,5.5556,6.6794
8991,MOVING,75.95,5.13,102274.9,0.0246,0.314,0.3369,3.82,5.5556,5.5556,5.9113
8996,MOVING,20.3,-5.76,94081.9,0.0167,0.384,0.4049,3.3617,5.5556,5.5556,6.8403
9001,MOVING,40.44,-4.62,138447.4,0.0241,0.244,0.3961,2.1701,5.5556,3.9393,9.3117
9006,MOVING,38.48,0.79,160875.1,0.0172,0.206,0.2914,2.2691,5.5556,5.5556,8.4199
9011,MOVING,22.13,6.66,85497.8,0.0192,0.299,0.3792,3.7616,5.5556,3.0442,6.2093
9016,MOVING,21.01,-1.33,139140.5,0.0242,0.362,0.4014,3.655,5.5556,2.4176,6.4525
9021,MOVING,32.38,-0.83,151329.0,0.0288,0.423,0.3609,3.8357,5.5556,4.6517,6.0283
9026,MOVING,16.86,-1.72,150098.0,0.0298,0.45,0.3402,3.7883,5.5556,5.5556,5.9637
9031,MOVING,54.06,3.16,74512.7,0.0317,0.391,0.3041,4.4497,5.5556,5.5556,5.1579
9036,MOVING,46.54,2.35,142104.4,0.0326,0.277,0.3349,3.2668,5.5556,5.5556,6.5848
9041,MOVING,85.52,-2.58,94314.8,0.0315,0.288,0.3163,2.8773,5.5556,2.8534,7.1204
9046,MOVING,76.89,1.37,148014.1,0.0317,0.373,0.3586,4.105,5.5556,5.5556,5.7518
9051,MOVING,82.45,5.37,93088.6,0.0318,0.401,0.3554,4.7611,5.5556,5.5556,5.2158
9056,MOVING,60.12,-4.68,112561.0,0.0243,0.333,0.2918,3.0439,5.5556,4.6234,6.6908
9061,MOVING,9.81,-1.46,77808.5,0.0225,0.373,0.2877,3.7382,5.5556,5.5556,5.7268
9066,MOVING,38.19,-3.8,115893.4,0.034,0.42,0.3444,4.0773,5.5556,5.5556,5.6981
9071,MOVING,65.44,-6.57,102602.3,0.0347,0.278,0.4098,2.4205,5.5556,5.5556,8.6525
9076,MOVING,67.34,3.51,110079.3,0.02,0.255,0.403,3.0386,5.5556,2.6468,7.3175
9081,MOVING,25.89,-0.47,81061.3,0.0204,0.319,0.3861,3.2777,5.5556,1.4885,6.8533
9086,MOVING,72.1,-5.69,98245.9,0.0222,0.339,0.4049,2.9784,5.5556,5.0811,7.4308
9091,MOVING,51.78,6.72,121542.2,0.0339,0.307,0.3792,3.9977,5.5556,5.5556,5.9667
9096,MOVING,57.93,-5.37,119668.0,0.0216,0.36,0.329,3.206,5.5556,5.3658,6.6413
9101,MOVING,36.25,-2.52,128476.9,0.0307,0.365,0.3727,3.636,5.5556,5.5556,6.3148
9106,MOVING,50.79,3.21,136318.0,0.0169,0.321,0.3493,3.6305,5.5556,5.5556,6.1915
9111,MOVING,25.62,-5.75,112196.1,0.0326,0.401,0.4021,3.6806,5.5556,5.5556,6.4271
9116,MOVING,31.47,3.48,153317.7,0.0157,0.432,0.3629,4.082,5.5556,5.5556,5.7967
9121,MOVING,42.28,-7.6,121941.4,0.0311,0.362,0.4062,3.1055,5.5556,3.6469,7.2261
9126,MOVING,28.32,0.36,125930.9,0.0273,0.305,0.2916,3.2922,5.5556,5.3087,6.3073
9131,MOVING,96.62,6.68,156164.1,0.0234,0.361,0.3519,4.405,5.5556,5.5556,5.4585
9136,MOVING,17.15,5.57,160225.0,0.0284,0.392,0.3552,4.2562,5.5556,5.5556,5.599
9141,MOVING,98.48,3.41,153038.5,0.0231,0.231,0.3828,2.8263,5.5556,5.3984,7.5869
9146,MOVING,58.23,-7.3,134687.9,0.0334,0.258,0.3603,2.1333,5.5556,3.1766,9.2358
9151,MOVING,31.36,-7.77,131846.7,0.0339,0.273,0.4091,2.2366,5.5556,5.5556,9.1724
9156,MOVING,29.6,-1.56,74035.3,0.0311,0.448,0.3334,4.5429,5.5556,2.5813,5.249
9161,MOVING,21.43,-5.23,121926.4,0.0296,0.257,0.4064,2.2937,5.5556,5.5556,8.9855
9166,MOVING,33.62,-6.3,90944.8,0.0292,0.426,0.3376,3.8366,5.5556,5.5556,5.898
9171,MOVING,16.3,-2.8,92489.2,0.0247,0.435,0.3198,4.2366,5.5556,5.5556,5.4194
9176,MOVING,69.84,-5.05,98089.1,0.032,0.307,0.3488,2.8254,5.5556,5.5556,7.3998
9181,MOVING,72.32,1.47,158005.4,0.0251,0.405,0.3495,3.8711,5.5556,5.5556,5.9284
9186,MOVING,8.35,-4.93,122763.3,0.0332,0.442,0.3292,4.1685,3.8152,3.8152,3.0018
9191,MOVING,99.39,6.31,149301.1,0.033,0.424,0.3564,4.6242,5.5556,3.8747,5.3172
9196,MOVING,48.26,-4.82,148913.1,0.0252,0.412,0.4352,3.4677,5.5556,5.5556,6.8682
9201,MOVING,76.09,3.44,137368.1,0.0228,0.263,0.3156,3.1344,5.5556,5.5556,6.677
9206,MOVING,44.88,-7.74,95622.4,0.0232,0.325,0.3615,2.6515,5.5556,5.5556,7.8289
9211,MOVING,24.18,-0.3,77670.3,0.0247,0.415,0.3734,4.28,5.5556,5.5556,5.6803
9216,MOVING,60.28,-4.47,81463.2,0.023,0.383,0.3795,3.5409,5.5556,4.7678,6.4664
9221,MOVING,12.97,4.43,164885.2,0.0212,0.243,0.3747,3.0208,5.5556,4.1457,7.1907
9226,MOVING,63.51,3.23,117238.9,0.02,0.307,0.4009,3.5253,5.5556,0.4096,6.6049
9231,MOVING,54.58,1.04,114531.8,0.0203,0.313,0.3886,3.3653,5.5556,1.8314,6.7444
9236,MOVING,95.17,-1.31,131618.0,0.0176,0.26,0.3977,2.5903,5.5556,2.9296,8.1671
9241,MOVING,67.19,-7.57,133112.9,0.0208,0.291,0.3125,2.306,5.5556,0.1269,8.4286
9246,MOVING,17.88,3.36,135258.7,0.0183,0.204,0.2811,2.5049,5.5556,5.5556,7.7225
9251,MOVING,96.69,-1.29,139717.6,0.0233,0.205,0.3285,2.1148,5.5556,5.5556,9.122
9256,MOVING,65.69,-6.28,98853.7,0.0267,0.36,0.3511,3.1686,5.5556,5.5556,6.8209
9261,MOVING,64.63,3.83,114938.2,0.0346,0.203,0.3438,2.7081,5.5556,4.6964,7.6084
9266,MOVING,69.72,5.73,100144.5,0.0308,0.44,0.3154,5.1672,5.5556,5.5556,4.7387
9271,MOVING,26.39,-4.22,155637.1,0.0208,0.424,0.397,3.3243,5.5556,5.5556,6.8477
9276,MOVING,45.44,-3.27,159351.6,0.035,0.406,0.3399,3.4739,5.5556,5.5556,6.3307
9281,MOVING,71.97,-0.16,155772.0,0.0304,0.423,0.301,3.8133,5.5556,0.4762,5.7194
9286,MOVING,62.97,-0.48,159943.2,0.0272,0.375,0.2927,3.6585,5.5556,2.5139,5.8446
9291,MOVING,22.99,-6.23,149262.2,0.0325,0.313,0.397,2.7746,5.5556,5.5556,7.7675
9296,MOVING,73.03,-1.98,122512.7,0.018,0.286,0.3428,2.79,5.5556,5.5556,7.436
9301,MOVING,82.12,-2.7,98105.9,0.0258,0.264,0.3987,2.5786,5.5556,5.5556,8.1998
9306,MOVING,25.82,2.53,104290.7,0.0259,0.366,0.4072,4.0859,5.5556,5.5556,6.0392
9311,MOVING,44.2,-0.32,147727.5,0.0293,0.298,0.3909,3.1759,5.5556,5.5556,7.0311
9316,MOVING,11.04,6.22,108904.5,0.0256,0.312,0.3553,3.9155,5.5556,1.425,5.9153
9321,MOVING,93.03,5.99,120119.7,0.0164,0.37,0.3408,4.3723,5.5556,5.5556,5.4229
9326,MOVING,5.87,-7.11,134368.5,0.0337,0.248,0.3752,2.0563,0.6835,0.6835,0.37
9331,MOVING,86.2,-2.2,130051.4,0.0195,0.221,0.4232,2.1466,5.5556,5.5556,9.5405
9336,MOVING,68.85,-5.55,127440.2,0.0282,0.355,0.3963,3.2055,5.5556,5.5556,7.016
9341,MOVING,51.66,-7.02,90224.2,0.0161,0.37,0.3485,3.0909,5.5556,5.5556,6.9288
9346,STAGED_STOPPED,4.15,-3.78,88672.9,0.0208,0.318,0.3071,2.9503,0.0,0.0,0.0
9351,MOVING,98.21,7.53,74209.4,0.0213,0.316,0.3603,4.0389,5.5556,5.5556,5.8223
9356,MOVING,45.32,-4.64,153563.1,0.0313,0.412,0.3454,3.4332,5.5556,5.5556,6.4141
9361,MOVING,81.05,3.09,118104.2,0.0246,0.385,0.3909,4.3154,5.5556,5.5556,5.7475
9366,MOVING,46.84,-1.23,88294.6,0.0267,0.404,0.3214,4.0985,5.5556,5.5556,5.5509
9371,MOVING,19.61,0.03,137994.0,0.0346,0.348,0.3045,3.7544,5.5556,0.7404,5.802
9376,MOVING,34.91,-7.73,96032.6,0.0295,0.215,0.3476,1.6378,5.5556,5.5556,11.354
9381,MOVING,71.79,-1.2,163166.7,0.0162,0.419,0.3018,3.4115,5.5556,5.5556,6.2
9386,MOVING,38.14,5.29,153904.5,0.02,0.353,0.3584,4.1717,5.5556,4.8459,5.6902
9391,MOVING,7.07,-0.84,143487.9,0.0241,0.269,0.3709,2.7907,3.8362,3.8362,4.0595
9396,MOVING,99.4,-6.78,91108.9,0.0242,0.386,0.3495,3.346,5.5556,5.5556,6.5539
9401,MOVING,54.98,-7.88,130332.9,0.0232,0.442,0.4344,3.6761,5.5556,5.5556,6.6114
9406,MOVING,39.44,-1.12,86271.9,0.0282,0.403,0.3681,4.1234,5.5556,4.3048,5.7876
9411,MOVING,30.4,-7.66,139925.7,0.0288,0.435,0.3484,3.4636,5.5556,3.1809,6.3912
9416,MOVING,77.35,6.58,98921.1,0.0296,0.42,0.388,5.0463,5.5556,5.5556,5.2135
9421,MOVING,56.57,-0.44,103267.8,0.032,0.2,0.3926,2.2324,5.5556,5.5556,9.0937
9426,MOVING,81.69,5.11,97944.2,0.0151,0.35,0.3662,4.0795,5.5556,5.5556,5.8173
9431,MOVING,92.7,7.73,105967.2,0.0335,0.338,0.3214,4.3874,5.5556,5.5556,5.3029
9436,MOVING,75.0,0.95,123639.1,0.0203,0.399,0.3447,4.2065,5.5556,5.5556,5.584
9441,MOVING,85.16,6.77,160252.0,0.0249,0.359,0.3534,4.3374,5.5556,5.5556,5.5213
9446,MOVING,64.24,5.81,129754.1,0.0254,0.449,0.3428,5.0555,5.5556,5.5556,4.9569
9451,MOVING,36.69,-4.24,164850.2,0.0218,0.31,0.3956,2.8333,5.5556,3.9941,7.6448
9456,MOVING,40.58,-2.03,96347.1,0.0281,0.206,0.3393,2.0934,5.5556,5.5556,9.2569
9461,MOVING,40.88,-4.89,92991.2,0.0337,0.334,0.4088,3.1242,5.5556,5.5556,7.2109
9466,MOVING,72.42,-1.52,147985.3,0.0226,0.262,0.353,2.6432,5.5556,5.5556,7.7995
9471,MOVING,80.82,1.32,108087.6,0.0344,0.296,0.3606,3.3672,5.5556,1.4659,6.5865
9476,MOVING,23.55,2.96,116813.1,0.0195,0.259,0.3893,3.0223,5.5556,5.2209,7.269
9481,MOVING,56.13,3.62,147122.0,0.027,0.444,0.2972,4.3581,5.5556,5.5556,5.1922
9486,MOVING,7.34,2.92,126431.9,0.035,0.394,0.3703,4.4861,3.808,3.808,3.0263
9491,MOVING,44.58,-6.97,160374.6,0.0274,0.255,0.4542,2.0781,5.5556,5.5556,9.9494
9496,MOVING,84.83,5.78,154535.7,0.0326,0.302,0.3454,3.8417,5.5556,2.0737,5.9358
9501,MOVING,97.23,6.53,126758.5,0.0166,0.2,0.3362,2.7595,5.5556,5.5556,7.4601
9506,MOVING,61.96,-6.53,84802.6,0.0226,0.449,0.3258,3.9718,5.5556,5.5556,5.6956
9511,MOVING,63.0,7.13,103885.3,0.032,0.358,0.3867,4.5148,5.5556,5.5556,5.5667
9516,MOVING,68.68,3.69,148787.6,0.0185,0.379,0.3655,4.2398,5.5556,5.5556,5.6706
9521,MOVING,35.88,-6.31,134572.7,0.032,0.25,0.417,2.143,5.5556,5.5556,9.5178
9526,MOVING,35.35,4.51,87465.9,0.0241,0.308,0.3649,3.6924,5.5556,5.5556,6.2066
9531,MOVING,65.04,-4.96,132319.3,0.0196,0.337,0.3831,3.0081,5.5556,5.5556,7.2588
9536,MOVING,75.3,-0.84,79676.8,0.0228,0.348,0.3518,3.5545,5.5556,2.0547,6.2963
9541,MOVING,32.02,-4.34,88303.7,0.0277,0.388,0.3976,3.6494,5.5556,5.5556,6.4375
9546,MOVING,6.24,1.97,91984.9,0.0233,0.351,0.3219,3.8671,3.8081,3.8081,3.101
9551,MOVING,22.84,5.24,160888.2,0.0342,0.376,0.3617,4.2661,5.5556,5.5556,5.6267
9556,MOVING,88.56,-7.04,140617.9,0.0296,0.216,0.3946,1.7098,5.5556,5.5556,11.2183
9561,MOVING,75.68,6.0,144246.7,0.0208,0.302,0.3906,3.7438,5.5556,5.5556,6.2921
9566,MOVING,6.95,-1.65,117768.5,0.0178,0.282,0.429,2.7823,1.6517,0.388,1.1989
9571,MOVING,10.6,3.28,165418.4,0.0171,0.218,0.408,2.6282,4.6422,0.6259,5.9941
9576,MOVING,69.37,-0.66,92700.8,0.0158,0.44,0.3303,4.4027,5.5556,5.5556,5.3404
9581,MOVING,65.0,7.49,141471.9,0.035,0.351,0.3544,4.5091,5.5556,3.5624,5.3912
9586,MOVING,27.2,-4.81,116026.9,0.0206,0.447,0.3303,4.1068,5.5556,2.8465,5.5928
9591,MOVING,69.9,-2.45,143441.0,0.0192,0.379,0.3393,3.666,5.5556,5.5556,6.0947
9596,MOVING,62.13,-5.98,134939.9,0.0174,0.337,0.3377,2.882,5.5556,3.1953,7.2308
9601,MOVING,10.78,-6.29,137559.5,0.0242,0.3,0.3367,2.5595,5.1676,5.1676,6.9568
9606,MOVING,78.93,7.28,153398.2,0.016,0.428,0.3203,4.4532,5.5556,3.0034,5.2448
9611,MOVING,8.36,6.71,74704.7,0.0312,0.255,0.3841,3.4586,4.3951,4.3951,4.4806
9616,MOVING,52.99,5.56,99358.5,0.0248,0.231,0.385,3.0493,5.5556,5.5556,7.1999
9621,MOVING,33.15,-4.74,154963.0,0.0325,0.339,0.378,3.1778,5.5556,5.5556,6.9565
9626,MOVING,35.19,4.92,82495.7,0.0219,0.423,0.3972,4.8389,5.5556,5.5556,5.3957
9631,MOVING,69.38,4.34,89779.2,0.0239,0.395,0.3584,4.5301,5.5556,5.5556,5.3978
9636,MOVING,59.39,2.15,141845.7,0.0191,0.348,0.3416,3.8043,5.5556,5.5556,5.9541
9641,MOVING,83.43,-2.36,102242.2,0.03,0.323,0.364,3.234,5.5556,5.5556,6.7941
9646,MOVING,38.51,5.71,101497.1,0.0182,0.319,0.3244,3.8578,5.5556,5.5556,5.8025
9651,MOVING,42.44,3.15,93127.1,0.0152,0.295,0.2969,3.3511,5.5556,5.5556,6.2547
9656,MOVING,89.83,-2.86,84877.9,0.016,0.293,0.3917,2.7453,5.5556,5.5556,7.7974
9661,MOVING,74.71,-0.83,120224.9,0.0266,0.235,0.3517,2.4876,5.5556,4.6111,8.1578
9666,MOVING,87.13,4.69,145889.4,0.0289,0.213,0.3304,2.8332,5.5556,5.5556,7.2824
9671,MOVING,83.03,3.14,91920.1,0.0182,0.435,0.4051,4.7453,5.5556,5.5556,5.5027
9676,MOVING,13.13,-6.46,101373.2,0.019,0.35,0.3754,2.9784,5.5556,1.2154,7.2667
9681,MOVING,98.74,4.85,138916.2,0.0157,0.352,0.343,4.0814,5.5556,5.5556,5.6865
9686,MOVING,58.2,4.34,126851.2,0.0235,0.362,0.3798,4.1985,5.5556,5.5556,5.7855
9691,MOVING,38.15,7.47,116306.3,0.027,0.409,0.3676,4.9923,5.5556,2.798,5.1333
9696,MOVING,7.15,1.85,125513.0,0.0344,0.374,0.3497,4.1877,4.3969,3.6238,3.8456
9701,MOVING,94.92,1.31,78640.7,0.0301,0.421,0.3902,4.5497,5.5556,5.5556,5.5599
9706,MOVING,28.67,-3.69,120079.0,0.0183,0.218,0.3918,1.9566,5.5556,5.5556,10.0639
9711,MOVING,47.14,1.11,147700.6,0.0181,0.277,0.393,3.0011,5.5556,5.5556,7.3256
9716,MOVING,50.52,3.14,91972.6,0.0228,0.306,0.2986,3.5289,5.5556,5.5556,6.0322
9721,MOVING,46.04,-6.66,110249.4,0.0318,0.405,0.3087,3.6223,5.5556,2.3017,5.9753
9726,MOVING,72.99,7.81,86525.9,0.018,0.372,0.3374,4.5754,5.5556,5.5556,5.2472
9731,MOVING,62.18,-7.58,129854.8,0.0334,0.393,0.3118,3.4254,5.5556,1.3905,6.2373
9736,MOVING,98.37,-3.83,112206.7,0.0297,0.37,0.4092,3.543,5.5556,5.5556,6.6293
9741,MOVING,33.01,-6.3,82462.0,0.0308,0.218,0.3396,1.8225,5.5556,5.0247,10.3541
9746,MOVING,49.06,-2.26,142578.5,0.016,0.339,0.3737,3.2553,5.5556,5.5556,6.817
9751,MOVING,74.69,-2.91,90692.1,0.024,0.278,0.4047,2.6719,5.5556,3.3118,8.0241
9756,MOVING,55.56,-3.13,74245.2,0.0261,0.402,0.4442,3.8887,5.5556,5.5556,6.4362
9761,MOVING,55.29,4.76,75262.1,0.015,0.398,0.304,4.5134,5.5556,5.5556,5.1082
9766,MOVING,22.54,-1.82,139005.1,0.0175,0.362,0.3615,3.545,5.5556,5.5556,6.3615
9771,MOVING,71.76,4.83,115926.5,0.023,0.204,0.3867,2.7003,5.5556,1.1241,7.8634
9776,MOVING,43.64,3.86,126637.0,0.0309,0.408,0.3604,4.6812,5.5556,3.9637,5.2989
9781,MOVING,68.45,3.99,138135.6,0.0305,0.255,0.3734,3.1842,5.5556,4.9482,6.921
9786,MOVING,37.07,3.49,105836.2,0.0197,0.36,0.3587,4.0639,5.5556,2.2278,5.79
9791,MOVING,14.66,7.56,137381.8,0.0314,0.249,0.3724,3.4801,5.5556,5.5556,6.5032
9796,MOVING,23.12,7.04,133330.7,0.0239,0.292,0.3536,3.7805,5.5556,2.8578,6.0467
9801,MOVING,96.06,5.72,143369.7,0.0199,0.39,0.38,4.5714,5.5556,5.5556,5.4868
9806,MOVING,72.9,2.78,79321.0,0.0177,0.422,0.3717,4.5798,5.5556,5.5556,5.4347
9811,MOVING,48.14,-2.58,151208.4,0.029,0.447,0.3432,3.6688,5.5556,0.6215,6.1131
9816,MOVING,25.46,-6.14,96702.5,0.026,0.4,0.3711,3.5673,5.5556,4.8055,6.3876
9821,STAGED_STOPPED,5.59,2.14,75689.8,0.0312,0.372,0.318,4.1681,0.0,0.0,0.0
9826,MOVING,83.67,-3.08,129082.2,0.0178,0.275,0.3086,2.5711,5.5556,4.1518,7.7167
9831,MOVING,74.36,-4.42,145529.2,0.0322,0.395,0.3795,3.6616,5.5556,4.6476,6.3229
9836,MOVING,78.66,-4.25,136615.5,0.0313,0.405,0.3909,3.8592,5.5556,3.7657,6.1707
9841,MOVING,43.43,4.89,106379.4,0.0287,0.44,0.3301,5.0669,5.5556,5.5556,4.8794
9846,MOVING,65.62,-4.82,134186.4,0.0249,0.234,0.3791,2.0631,5.5556,5.5556,9.5861
9851,MOVING,88.14,-1.95,101746.7,0.0243,0.419,0.3762,4.1535,5.5556,5.5556,5.8054
9856,MOVING,71.84,3.96,163291.2,0.0326,0.437,0.3823,4.0753,5.5556,5.5556,5.9109
9861,MOVING,61.59,4.94,86960.1,0.0156,0.392,0.4351,4.4748,5.5556,2.4135,5.8661
9866,MOVING,96.23,2.59,120623.3,0.0207,0.346,0.3845,3.8511,5.5556,5.5556,6.1436
9871,MOVING,99.35,-3.3,86362.5,0.0312,0.234,0.3427,2.275,5.5556,5.5556,8.6876
9876,MOVING,62.13,-1.27,141341.6,0.0175,0.443,0.3366,3.9385,5.5556,5.5556,5.7885
9881,MOVING,60.3,1.45,123408.1,0.0337,0.253,0.3804,2.9498,5.5556,5.5556,7.345
9886,MOVING,8.59,-3.35,160016.9,0.0153,0.444,0.3595,3.259,3.2053,3.2053,2.7284
9891,MOVING,15.03,-2.73,99756.9,0.026,0.275,0.4394,2.6809,5.5556,1.6037,8.1976
9896,MOVING,50.44,-3.2,149028.0,0.0322,0.377,0.3308,3.6925,5.5556,2.1243,6.0169
9901,MOVING,86.18,5.5,150384.8,0.0347,0.256,0.3569,3.3837,5.5556,0.6775,6.5434
9906,MOVING,55.57,-6.69,149067.0,0.0205,0.358,0.3324,3.0466,5.5556,5.5556,6.9123
9911,MOVING,26.18,-3.23,102225.2,0.0338,0.261,0.4102,2.5688,5.5556,5.5556,8.2867
9916,MOVING,70.21,2.8,98722.6,0.033,0.361,0.3086,4.1354,5.5556,5.5556,5.4461
9921,MOVING,10.12,-6.2,94403.8,0.0302,0.324,0.3587,2.8575,4.6978,1.3697,5.5467
9926,MOVING,35.28,-5.66,163342.1,0.0152,0.413,0.4101,2.9623,5.5556,5.5556,7.4881
9931,MOVING,86.83,-6.36,105002.5,0.0266,0.326,0.3067,2.8243,5.5556,5.5556,7.1682
9936,MOVING,43.56,-4.35,131219.1,0.0205,0.241,0.2892,2.141,5.5556,5.2714,8.8148
9941,MOVING,25.61,-6.18,105589.9,0.0214,0.355,0.3049,3.0774,5.5556,5.5178,6.7088
9946,MOVING,47.93,4.38,156348.7,0.0275,0.278,0.3622,3.4258,5.5556,5.5556,6.5169
9951,MOVING,74.74,-2.24,146553.7,0.0225,0.348,0.3087,3.4126,5.5556,5.0367,6.2372
9956,MOVING,54.17,0.96,164427.9,0.0349,0.215,0.3112,2.5453,5.5556,5.5556,7.7919
9961,MOVING,54.16,-7.34,113002.2,0.0191,0.255,0.3882,1.9646,5.5556,5.5556,10.0117
9966,MOVING,35.84,5.18,108227.9,0.0287,0.234,0.4153,3.0788,5.5556,2.6611,7.3199
9971,MOVING,82.93,-7.83,89143.1,0.03,0.441,0.349,3.8427,5.5556,5.5556,5.955
9976,MOVING,99.39,6.22,90410.2,0.0306,0.346,0.3748,4.2986,5.5556,5.5556,5.6726
9981,MOVING,23.14,5.43,101579.0,0.0308,0.363,0.3446,4.3896,5.5556,4.3191,5.43
9986,MOVING,72.28,-2.36,126473.4,0.0248,0.284,0.3883,2.7929,5.5556,5.5556,7.6829
9991,MOVING,8.46,0.46,117643.1,0.0164,0.405,0.3585,4.1797,3.7845,3.7845,3.0703
9996,MOVING,81.13,5.02,146529.1,0.0345,0.215,0.3896,2.9315,5.5556,3.0526,7.4289
