packet_id,condition,experiment_classification,hardware_type,distance_m,sequence_number,timestamp,rssi_dbm,snr_db,delivered,latency_ms,fallback_state,governor_authoritative
1,V2V_DIRECT,L7_PHYSICAL_BENCH_MODEL,CSS-LoRa SX1278 (Ra-02),25.0,1,1787960000.05,-55.94,8.25,True,27.52,NORMAL,True
2,V2V_DIRECT,L7_PHYSICAL_BENCH_MODEL,CSS-LoRa SX1278 (Ra-02),25.0,2,1787960000.1,-59.46,11.91,True,22.65,NORMAL,True
3,V2V_DIRECT,L7_PHYSICAL_BENCH_MODEL,CSS-LoRa SX1278 (Ra-02),25.0,3,1787960000.15,-59.89,9.32,True,26.47,NORMAL,True
4,V2V_DIRECT,L7_PHYSICAL_BENCH_MODEL,CSS-LoRa SX1278 (Ra-02),25.0,4,1787960000.2,-54.91,11.18,True,26.89,NORMAL,True
5,V2V_DIRECT,L7_PHYSICAL_BENCH_MODEL,CSS-LoRa SX1278 (Ra-02),25.0,5,1787960000.25,-59.15,9.08,True,26.31,NORMAL,True
6,V2V_DIRECT,L7_PHYSICAL_BENCH_MODEL,CSS-LoRa SX1278 (Ra-02),25.0,6,1787960000.3,-58.57,11.99,True,22.45,NORMAL,True
7,V2V_DIRECT,L7_PHYSICAL_BENCH_MODEL,CSS-LoRa SX1278 (Ra-02),25.0,7,1787960000.35,-60.21,10.71,True,22.18,NORMAL,True
8,V2V_DIRECT,L7_PHYSICAL_BENCH_MODEL,CSS-LoRa SX1278 (Ra-02),25.0,8,1787960000.4,-56.17,13.16,True,25.3,NORMAL,True
9,V2V_DIRECT,L7_PHYSICAL_BENCH_MODEL,CSS-LoRa SX1278 (Ra-02),25.0,9,1787960000.45,-58.98,12.07,True,26.1,NORMAL,True
10,V2V_DIRECT,L7_PHYSICAL_BENCH_MODEL,CSS-LoRa SX1278 (Ra-02),25.0,10,1787960000.5,-53.94,12.27,True,26.63,NORMAL,True
11,V2V_DIRECT,L7_PHYSICAL_BENCH_MODEL,CSS-LoRa SX1278 (Ra-02),25.0,11,1787960000.55,-57.24,9.35,True,24.81,NORMAL,True
12,V2V_DIRECT,L7_PHYSICAL_BENCH_MODEL,CSS-LoRa SX1278 (Ra-02),25.0,12,1787960000.6,-60.3,7.81,True,25.24,NORMAL,True
13,V2V_DIRECT,L7_PHYSICAL_BENCH_MODEL,CSS-LoRa SX1278 (Ra-02),25.0,13,1787960000.65,-56.13,12.01,True,26.79,NORMAL,True
14,V2V_DIRECT,L7_PHYSICAL_BENCH_MODEL,CSS-LoRa SX1278 (Ra-02),25.0,14,1787960000.7,-59.51,14.09,True,24.81,NORMAL,True
15,V2V_DIRECT,L7_PHYSICAL_BENCH_MODEL,CSS-LoRa SX1278 (Ra-02),25.0,15,1787960000.75,-62.46,9.33,True,27.05,NORMAL,True
16,V2V_DIRECT,L7_PHYSICAL_BENCH_MODEL,CSS-LoRa SX1278 (Ra-02),25.0,16,1787960000.8,-56.8,10.06,True,23.21,NORMAL,True
17,V2V_DIRECT,L7_PHYSICAL_BENCH_MODEL,CSS-LoRa SX1278 (Ra-02),25.0,17,1787960000.85,-55.15,12.06,True,24.84,NORMAL,True
18,V2V_DIRECT,L7_PHYSICAL_BENCH_MODEL,CSS-LoRa SX1278 (Ra-02),25.0,18,1787960000.9,-56.88,13.64,True,25.64,NORMAL,True
19,V2V_DIRECT,L7_PHYSICAL_BENCH_MODEL,CSS-LoRa SX1278 (Ra-02),25.0,19,1787960000.95,-59.11,9.06,True,23.52,NORMAL,True
20,V2V_DIRECT,L7_PHYSICAL_BENCH_MODEL,CSS-LoRa SX1278 (Ra-02),25.0,20,1787960001.0,-62.99,12.83,True,24.43,NORMAL,True
21,V2V_DIRECT,L7_PHYSICAL_BENCH_MODEL,CSS-LoRa SX1278 (Ra-02),25.0,21,1787960001.05,-57.83,11.68,True,25.46,NORMAL,True
22,V2V_DIRECT,L7_PHYSICAL_BENCH_MODEL,CSS-LoRa SX1278 (Ra-02),25.0,22,1787960001.1,-60.35,11.51,True,27.03,NORMAL,True
23,V2V_DIRECT,L7_PHYSICAL_BENCH_MODEL,CSS-LoRa SX1278 (Ra-02),25.0,23,1787960001.15,-61.48,9.01,True,26.37,NORMAL,True
24,V2V_DIRECT,L7_PHYSICAL_BENCH_MODEL,CSS-LoRa SX1278 (Ra-02),25.0,24,1787960001.2,-58.8,9.61,True,24.61,NORMAL,True
25,V2V_DIRECT,L7_PHYSICAL_BENCH_MODEL,CSS-LoRa SX1278 (Ra-02),25.0,25,1787960001.25,-56.43,11.72,True,22.59,NORMAL,True
26,V2V_DIRECT,L7_PHYSICAL_BENCH_MODEL,CSS-LoRa SX1278 (Ra-02),25.0,26,1787960001.3,-57.99,10.58,True,24.26,NORMAL,True
27,V2V_DIRECT,L7_PHYSICAL_BENCH_MODEL,CSS-LoRa SX1278 (Ra-02),25.0,27,1787960001.35,-58.8,10.41,True,24.86,NORMAL,True
28,V2V_DIRECT,L7_PHYSICAL_BENCH_MODEL,CSS-LoRa SX1278 (Ra-02),25.0,28,1787960001.4,-59.41,11.09,True,22.56,NORMAL,True
29,V2V_DIRECT,L7_PHYSICAL_BENCH_MODEL,CSS-LoRa SX1278 (Ra-02),25.0,29,1787960001.45,-57.98,9.21,True,26.19,NORMAL,True
30,V2V_DIRECT,L7_PHYSICAL_BENCH_MODEL,CSS-LoRa SX1278 (Ra-02),25.0,30,1787960001.5,-55.77,10.32,True,25.6,NORMAL,True
31,V2V_DIRECT,L7_PHYSICAL_BENCH_MODEL,CSS-LoRa SX1278 (Ra-02),25.0,31,1787960001.55,-61.09,12.44,True,24.18,NORMAL,True
32,V2V_DIRECT,L7_PHYSICAL_BENCH_MODEL,CSS-LoRa SX1278 (Ra-02),25.0,32,1787960001.6,-61.67,12.46,True,24.39,NORMAL,True
33,V2V_DIRECT,L7_PHYSICAL_BENCH_MODEL,CSS-LoRa SX1278 (Ra-02),25.0,33,1787960001.65,-56.37,10.87,True,23.37,NORMAL,True
34,V2V_DIRECT,L7_PHYSICAL_BENCH_MODEL,CSS-LoRa SX1278 (Ra-02),25.0,34,1787960001.7,-56.21,11.01,True,25.02,NORMAL,True
35,V2V_DIRECT,L7_PHYSICAL_BENCH_MODEL,CSS-LoRa SX1278 (Ra-02),25.0,35,1787960001.75,-51.58,8.72,True,22.92,NORMAL,True
36,V2V_DIRECT,L7_PHYSICAL_BENCH_MODEL,CSS-LoRa SX1278 (Ra-02),25.0,36,1787960001.8,-61.36,7.99,True,24.34,NORMAL,True
37,V2V_DIRECT,L7_PHYSICAL_BENCH_MODEL,CSS-LoRa SX1278 (Ra-02),25.0,37,1787960001.85,-59.79,11.28,True,22.36,NORMAL,True
38,V2V_DIRECT,L7_PHYSICAL_BENCH_MODEL,CSS-LoRa SX1278 (Ra-02),25.0,38,1787960001.9,-58.75,9.88,True,25.42,NORMAL,True
39,V2V_DIRECT,L7_PHYSICAL_BENCH_MODEL,CSS-LoRa SX1278 (Ra-02),25.0,39,1787960001.95,-61.21,10.93,True,23.14,NORMAL,True
40,V2V_DIRECT,L7_PHYSICAL_BENCH_MODEL,CSS-LoRa SX1278 (Ra-02),25.0,40,1787960002.0,-59.4,10.95,True,27.89,NORMAL,True
41,V2V_DIRECT,L7_PHYSICAL_BENCH_MODEL,CSS-LoRa SX1278 (Ra-02),25.0,41,1787960002.05,-62.7,12.09,True,23.3,NORMAL,True
42,V2V_DIRECT,L7_PHYSICAL_BENCH_MODEL,CSS-LoRa SX1278 (Ra-02),25.0,42,1787960002.1,-59.9,7.66,True,22.62,NORMAL,True
43,V2V_DIRECT,L7_PHYSICAL_BENCH_MODEL,CSS-LoRa SX1278 (Ra-02),25.0,43,1787960002.15,-60.74,13.92,True,24.65,NORMAL,True
44,V2V_DIRECT,L7_PHYSICAL_BENCH_MODEL,CSS-LoRa SX1278 (Ra-02),25.0,44,1787960002.2,-56.76,14.61,True,23.23,NORMAL,True
45,V2V_DIRECT,L7_PHYSICAL_BENCH_MODEL,CSS-LoRa SX1278 (Ra-02),25.0,45,1787960002.25,-57.54,9.91,True,24.66,NORMAL,True
46,V2V_DIRECT,L7_PHYSICAL_BENCH_MODEL,CSS-LoRa SX1278 (Ra-02),25.0,46,1787960002.3,-53.45,9.33,True,29.13,NORMAL,True
47,V2V_DIRECT,L7_PHYSICAL_BENCH_MODEL,CSS-LoRa SX1278 (Ra-02),25.0,47,1787960002.35,-55.51,10.39,True,26.41,NORMAL,True
48,V2V_DIRECT,L7_PHYSICAL_BENCH_MODEL,CSS-LoRa SX1278 (Ra-02),25.0,48,1787960002.4,-59.23,10.82,True,26.47,NORMAL,True
49,V2V_DIRECT,L7_PHYSICAL_BENCH_MODEL,CSS-LoRa SX1278 (Ra-02),25.0,49,1787960002.45,-58.83,11.75,True,25.84,NORMAL,True
50,V2V_DIRECT,L7_PHYSICAL_BENCH_MODEL,CSS-LoRa SX1278 (Ra-02),25.0,50,1787960002.5,-58.09,9.11,True,25.68,NORMAL,True
51,V2V_DIRECT,L7_PHYSICAL_BENCH_MODEL,CSS-LoRa SX1278 (Ra-02),25.0,51,1787960002.55,-58.69,11.3,True,25.21,NORMAL,True
52,V2V_DIRECT,L7_PHYSICAL_BENCH_MODEL,CSS-LoRa SX1278 (Ra-02),25.0,52,1787960002.6,-53.66,13.21,True,22.67,NORMAL,True
53,V2V_DIRECT,L7_PHYSICAL_BENCH_MODEL,CSS-LoRa SX1278 (Ra-02),25.0,53,1787960002.65,-58.71,5.71,True,25.5,NORMAL,True
54,V2V_DIRECT,L7_PHYSICAL_BENCH_MODEL,CSS-LoRa SX1278 (Ra-02),25.0,54,1787960002.7,-53.5,12.42,True,24.75,NORMAL,True
55,V2V_DIRECT,L7_PHYSICAL_BENCH_MODEL,CSS-LoRa SX1278 (Ra-02),25.0,55,1787960002.75,-63.55,9.61,True,22.65,NORMAL,True
56,V2V_DIRECT,L7_PHYSICAL_BENCH_MODEL,CSS-LoRa SX1278 (Ra-02),25.0,56,1787960002.8,-58.52,12.06,True,24.11,NORMAL,True
57,V2V_DIRECT,L7_PHYSICAL_BENCH_MODEL,CSS-LoRa SX1278 (Ra-02),25.0,57,1787960002.85,-60.8,11.53,True,25.7,NORMAL,True
58,V2V_DIRECT,L7_PHYSICAL_BENCH_MODEL,CSS-LoRa SX1278 (Ra-02),25.0,58,1787960002.9,-61.06,12.06,True,26.87,NORMAL,True
59,V2V_DIRECT,L7_PHYSICAL_BENCH_MODEL,CSS-LoRa SX1278 (Ra-02),25.0,59,1787960002.95,-58.07,13.75,True,27.0,NORMAL,True
60,V2V_DIRECT,L7_PHYSICAL_BENCH_MODEL,CSS-LoRa SX1278 (Ra-02),25.0,60,1787960003.0,-56.79,9.66,True,25.45,NORMAL,True
61,V2V_DIRECT,L7_PHYSICAL_BENCH_MODEL,CSS-LoRa SX1278 (Ra-02),25.0,61,1787960003.05,-58.09,10.51,True,27.31,NORMAL,True
62,V2V_DIRECT,L7_PHYSICAL_BENCH_MODEL,CSS-LoRa SX1278 (Ra-02),25.0,62,1787960003.1,-59.59,10.48,True,22.97,NORMAL,True
63,V2V_DIRECT,L7_PHYSICAL_BENCH_MODEL,CSS-LoRa SX1278 (Ra-02),25.0,63,1787960003.15,-63.76,12.88,True,24.89,NORMAL,True
64,V2V_DIRECT,L7_PHYSICAL_BENCH_MODEL,CSS-LoRa SX1278 (Ra-02),25.0,64,1787960003.2,-59.33,11.31,True,23.52,NORMAL,True
65,V2V_DIRECT,L7_PHYSICAL_BENCH_MODEL,CSS-LoRa SX1278 (Ra-02),25.0,65,1787960003.25,-62.35,13.76,True,22.85,NORMAL,True
66,V2V_DIRECT,L7_PHYSICAL_BENCH_MODEL,CSS-LoRa SX1278 (Ra-02),25.0,66,1787960003.3,-61.57,10.42,True,23.38,NORMAL,True
67,V2V_DIRECT,L7_PHYSICAL_BENCH_MODEL,CSS-LoRa SX1278 (Ra-02),25.0,67,1787960003.35,-57.27,11.44,True,24.19,NORMAL,True
68,V2V_DIRECT,L7_PHYSICAL_BENCH_MODEL,CSS-LoRa SX1278 (Ra-02),25.0,68,1787960003.4,-58.78,14.75,True,25.0,NORMAL,True
69,V2V_DIRECT,L7_PHYSICAL_BENCH_MODEL,CSS-LoRa SX1278 (Ra-02),25.0,69,1787960003.45,-55.17,9.97,True,24.66,NORMAL,True
70,V2V_DIRECT,L7_PHYSICAL_BENCH_MODEL,CSS-LoRa SX1278 (Ra-02),25.0,70,1787960003.5,-58.29,8.07,True,24.61,NORMAL,True
71,V2V_DIRECT,L7_PHYSICAL_BENCH_MODEL,CSS-LoRa SX1278 (Ra-02),25.0,71,1787960003.55,-57.52,10.41,True,24.28,NORMAL,True
72,V2V_DIRECT,L7_PHYSICAL_BENCH_MODEL,CSS-LoRa SX1278 (Ra-02),25.0,72,1787960003.6,-58.8,11.7,True,26.8,NORMAL,True
73,V2V_DIRECT,L7_PHYSICAL_BENCH_MODEL,CSS-LoRa SX1278 (Ra-02),25.0,73,1787960003.65,-57.46,10.59,True,25.52,NORMAL,True
74,V2V_DIRECT,L7_PHYSICAL_BENCH_MODEL,CSS-LoRa SX1278 (Ra-02),25.0,74,1787960003.7,-57.5,8.92,True,24.69,NORMAL,True
75,V2V_DIRECT,L7_PHYSICAL_BENCH_MODEL,CSS-LoRa SX1278 (Ra-02),25.0,75,1787960003.75,-52.68,10.21,True,26.37,NORMAL,True
76,V2V_DIRECT,L7_PHYSICAL_BENCH_MODEL,CSS-LoRa SX1278 (Ra-02),25.0,76,1787960003.8,-57.86,9.75,True,26.37,NORMAL,True
77,V2V_DIRECT,L7_PHYSICAL_BENCH_MODEL,CSS-LoRa SX1278 (Ra-02),25.0,77,1787960003.85,-63.5,9.43,True,25.5,NORMAL,True
78,V2V_DIRECT,L7_PHYSICAL_BENCH_MODEL,CSS-LoRa SX1278 (Ra-02),25.0,78,1787960003.9,-57.05,10.64,True,26.8,NORMAL,True
79,V2V_DIRECT,L7_PHYSICAL_BENCH_MODEL,CSS-LoRa SX1278 (Ra-02),25.0,79,1787960003.95,-59.29,10.46,True,24.39,NORMAL,True
80,V2V_DIRECT,L7_PHYSICAL_BENCH_MODEL,CSS-LoRa SX1278 (Ra-02),25.0,80,1787960004.0,-58.73,9.79,True,24.43,NORMAL,True
81,V2V_DIRECT,L7_PHYSICAL_BENCH_MODEL,CSS-LoRa SX1278 (Ra-02),25.0,81,1787960004.05,-63.26,11.45,True,26.21,NORMAL,True
82,V2V_DIRECT,L7_PHYSICAL_BENCH_MODEL,CSS-LoRa SX1278 (Ra-02),25.0,82,1787960004.1,-56.21,13.72,True,24.99,NORMAL,True
83,V2V_DIRECT,L7_PHYSICAL_BENCH_MODEL,CSS-LoRa SX1278 (Ra-02),25.0,83,1787960004.15,-52.44,9.43,True,23.16,NORMAL,True
84,V2V_DIRECT,L7_PHYSICAL_BENCH_MODEL,CSS-LoRa SX1278 (Ra-02),25.0,84,1787960004.2,-54.89,12.61,True,23.31,NORMAL,True
85,V2V_DIRECT,L7_PHYSICAL_BENCH_MODEL,CSS-LoRa SX1278 (Ra-02),25.0,85,1787960004.25,-55.15,12.29,True,22.99,NORMAL,True
86,V2V_DIRECT,L7_PHYSICAL_BENCH_MODEL,CSS-LoRa SX1278 (Ra-02),25.0,86,1787960004.3,-56.88,9.91,True,25.51,NORMAL,True
87,V2V_DIRECT,L7_PHYSICAL_BENCH_MODEL,CSS-LoRa SX1278 (Ra-02),25.0,87,1787960004.35,-62.2,11.69,True,22.97,NORMAL,True
88,V2V_DIRECT,L7_PHYSICAL_BENCH_MODEL,CSS-LoRa SX1278 (Ra-02),25.0,88,1787960004.4,-58.8,14.48,True,29.49,NORMAL,True
89,V2V_DIRECT,L7_PHYSICAL_BENCH_MODEL,CSS-LoRa SX1278 (Ra-02),25.0,89,1787960004.45,-53.34,9.42,True,22.68,NORMAL,True
90,V2V_DIRECT,L7_PHYSICAL_BENCH_MODEL,CSS-LoRa SX1278 (Ra-02),25.0,90,1787960004.5,-54.96,10.01,True,24.95,NORMAL,True
91,V2V_DIRECT,L7_PHYSICAL_BENCH_MODEL,CSS-LoRa SX1278 (Ra-02),25.0,91,1787960004.55,-57.13,10.25,True,23.79,NORMAL,True
92,V2V_DIRECT,L7_PHYSICAL_BENCH_MODEL,CSS-LoRa SX1278 (Ra-02),25.0,92,1787960004.6,-59.7,10.61,True,22.3,NORMAL,True
93,V2V_DIRECT,L7_PHYSICAL_BENCH_MODEL,CSS-LoRa SX1278 (Ra-02),25.0,93,1787960004.65,-55.87,10.95,True,26.75,NORMAL,True
94,V2V_DIRECT,L7_PHYSICAL_BENCH_MODEL,CSS-LoRa SX1278 (Ra-02),25.0,94,1787960004.7,-55.12,12.25,True,25.15,NORMAL,True
95,V2V_DIRECT,L7_PHYSICAL_BENCH_MODEL,CSS-LoRa SX1278 (Ra-02),25.0,95,1787960004.75,-58.67,11.21,True,25.36,NORMAL,True
96,V2V_DIRECT,L7_PHYSICAL_BENCH_MODEL,CSS-LoRa SX1278 (Ra-02),25.0,96,1787960004.8,-55.94,10.77,True,25.74,NORMAL,True
97,V2V_DIRECT,L7_PHYSICAL_BENCH_MODEL,CSS-LoRa SX1278 (Ra-02),25.0,97,1787960004.85,-58.1,12.32,True,25.85,NORMAL,True
98,V2V_DIRECT,L7_PHYSICAL_BENCH_MODEL,CSS-LoRa SX1278 (Ra-02),25.0,98,1787960004.9,-59.74,12.25,True,23.68,NORMAL,True
99,V2V_DIRECT,L7_PHYSICAL_BENCH_MODEL,CSS-LoRa SX1278 (Ra-02),25.0,99,1787960004.95,-54.79,8.18,True,22.94,NORMAL,True
100,V2V_DIRECT,L7_PHYSICAL_BENCH_MODEL,CSS-LoRa SX1278 (Ra-02),25.0,100,1787960005.0,-52.83,10.19,True,23.38,NORMAL,True
101,V2V_DIRECT,L7_PHYSICAL_BENCH_MODEL,CSS-LoRa SX1278 (Ra-02),25.0,101,1787960005.05,-54.31,10.36,True,25.95,NORMAL,True
102,V2V_DIRECT,L7_PHYSICAL_BENCH_MODEL,CSS-LoRa SX1278 (Ra-02),25.0,102,1787960005.1,-56.93,10.03,True,26.22,NORMAL,True
103,V2V_DIRECT,L7_PHYSICAL_BENCH_MODEL,CSS-LoRa SX1278 (Ra-02),25.0,103,1787960005.15,-59.51,8.27,True,24.22,NORMAL,True
104,V2V_DIRECT,L7_PHYSICAL_BENCH_MODEL,CSS-LoRa SX1278 (Ra-02),25.0,104,1787960005.2,-60.04,11.12,True,25.06,NORMAL,True
105,V2V_DIRECT,L7_PHYSICAL_BENCH_MODEL,CSS-LoRa SX1278 (Ra-02),25.0,105,1787960005.25,-56.57,15.43,True,25.04,NORMAL,True
106,V2V_DIRECT,L7_PHYSICAL_BENCH_MODEL,CSS-LoRa SX1278 (Ra-02),25.0,106,1787960005.3,-55.21,11.49,True,25.47,NORMAL,True
107,V2V_DIRECT,L7_PHYSICAL_BENCH_MODEL,CSS-LoRa SX1278 (Ra-02),25.0,107,1787960005.35,-56.41,10.94,True,22.88,NORMAL,True
108,V2V_DIRECT,L7_PHYSICAL_BENCH_MODEL,CSS-LoRa SX1278 (Ra-02),25.0,108,1787960005.4,-62.31,9.55,True,24.89,NORMAL,True
109,V2V_DIRECT,L7_PHYSICAL_BENCH_MODEL,CSS-LoRa SX1278 (Ra-02),25.0,109,1787960005.45,-55.76,12.06,True,23.94,NORMAL,True
110,V2V_DIRECT,L7_PHYSICAL_BENCH_MODEL,CSS-LoRa SX1278 (Ra-02),25.0,110,1787960005.5,-57.3,9.64,True,24.16,NORMAL,True
111,V2V_DIRECT,L7_PHYSICAL_BENCH_MODEL,CSS-LoRa SX1278 (Ra-02),25.0,111,1787960005.55,-54.07,8.48,True,26.83,NORMAL,True
112,V2V_DIRECT,L7_PHYSICAL_BENCH_MODEL,CSS-LoRa SX1278 (Ra-02),25.0,112,1787960005.6,-60.72,10.27,True,21.54,NORMAL,True
113,V2V_DIRECT,L7_PHYSICAL_BENCH_MODEL,CSS-LoRa SX1278 (Ra-02),25.0,113,1787960005.65,-58.28,11.01,True,25.79,NORMAL,True
114,V2V_DIRECT,L7_PHYSICAL_BENCH_MODEL,CSS-LoRa SX1278 (Ra-02),25.0,114,1787960005.7,-57.63,11.27,True,25.02,NORMAL,True
115,V2V_DIRECT,L7_PHYSICAL_BENCH_MODEL,CSS-LoRa SX1278 (Ra-02),25.0,115,1787960005.75,-55.2,11.46,True,27.06,NORMAL,True
116,V2V_DIRECT,L7_PHYSICAL_BENCH_MODEL,CSS-LoRa SX1278 (Ra-02),25.0,116,1787960005.8,-56.41,10.6,True,25.69,NORMAL,True
117,V2V_DIRECT,L7_PHYSICAL_BENCH_MODEL,CSS-LoRa SX1278 (Ra-02),25.0,117,1787960005.85,-53.43,11.81,True,25.04,NORMAL,True
118,V2V_DIRECT,L7_PHYSICAL_BENCH_MODEL,CSS-LoRa SX1278 (Ra-02),25.0,118,1787960005.9,-60.74,11.23,True,26.3,NORMAL,True
119,V2V_DIRECT,L7_PHYSICAL_BENCH_MODEL,CSS-LoRa SX1278 (Ra-02),25.0,119,1787960005.95,-56.31,6.88,True,24.59,NORMAL,True
120,V2V_DIRECT,L7_PHYSICAL_BENCH_MODEL,CSS-LoRa SX1278 (Ra-02),25.0,120,1787960006.0,-54.81,9.91,True,25.46,NORMAL,True
121,V2V_DIRECT,L7_PHYSICAL_BENCH_MODEL,CSS-LoRa SX1278 (Ra-02),25.0,121,1787960006.05,-61.52,9.62,True,25.21,NORMAL,True
122,V2V_DIRECT,L7_PHYSICAL_BENCH_MODEL,CSS-LoRa SX1278 (Ra-02),25.0,122,1787960006.1,-58.58,10.15,True,24.0,NORMAL,True
123,V2V_DIRECT,L7_PHYSICAL_BENCH_MODEL,CSS-LoRa SX1278 (Ra-02),25.0,123,1787960006.15,-59.18,11.91,True,26.41,NORMAL,True
124,V2V_DIRECT,L7_PHYSICAL_BENCH_MODEL,CSS-LoRa SX1278 (Ra-02),25.0,124,1787960006.2,-58.47,11.24,True,24.41,NORMAL,True
125,V2V_DIRECT,L7_PHYSICAL_BENCH_MODEL,CSS-LoRa SX1278 (Ra-02),25.0,125,1787960006.25,-54.85,9.86,True,24.43,NORMAL,True
126,V2V_DIRECT,L7_PHYSICAL_BENCH_MODEL,CSS-LoRa SX1278 (Ra-02),25.0,126,1787960006.3,-56.71,10.67,True,25.19,NORMAL,True
127,V2V_DIRECT,L7_PHYSICAL_BENCH_MODEL,CSS-LoRa SX1278 (Ra-02),25.0,127,1787960006.35,-57.7,6.96,True,25.19,NORMAL,True
128,V2V_DIRECT,L7_PHYSICAL_BENCH_MODEL,CSS-LoRa SX1278 (Ra-02),25.0,128,1787960006.4,-61.66,9.94,True,24.91,NORMAL,True
129,V2V_DIRECT,L7_PHYSICAL_BENCH_MODEL,CSS-LoRa SX1278 (Ra-02),25.0,129,1787960006.45,-59.09,10.33,True,22.03,NORMAL,True
130,V2V_DIRECT,L7_PHYSICAL_BENCH_MODEL,CSS-LoRa SX1278 (Ra-02),25.0,130,1787960006.5,-60.7,13.5,True,24.38,NORMAL,True
131,V2V_DIRECT,L7_PHYSICAL_BENCH_MODEL,CSS-LoRa SX1278 (Ra-02),25.0,131,1787960006.55,-57.99,11.67,True,23.59,NORMAL,True
132,V2V_DIRECT,L7_PHYSICAL_BENCH_MODEL,CSS-LoRa SX1278 (Ra-02),25.0,132,1787960006.6,-56.23,9.27,True,26.81,NORMAL,True
133,V2V_DIRECT,L7_PHYSICAL_BENCH_MODEL,CSS-LoRa SX1278 (Ra-02),25.0,133,1787960006.65,-54.42,10.82,True,25.07,NORMAL,True
134,V2V_DIRECT,L7_PHYSICAL_BENCH_MODEL,CSS-LoRa SX1278 (Ra-02),25.0,134,1787960006.7,-59.69,11.03,True,23.75,NORMAL,True
135,V2V_DIRECT,L7_PHYSICAL_BENCH_MODEL,CSS-LoRa SX1278 (Ra-02),25.0,135,1787960006.75,-58.04,12.01,True,23.08,NORMAL,True
136,V2V_DIRECT,L7_PHYSICAL_BENCH_MODEL,CSS-LoRa SX1278 (Ra-02),25.0,136,1787960006.8,-55.87,10.15,True,24.42,NORMAL,True
137,V2V_DIRECT,L7_PHYSICAL_BENCH_MODEL,CSS-LoRa SX1278 (Ra-02),25.0,137,1787960006.85,-60.35,9.51,True,24.39,NORMAL,True
138,V2V_DIRECT,L7_PHYSICAL_BENCH_MODEL,CSS-LoRa SX1278 (Ra-02),25.0,138,1787960006.9,-58.59,12.21,True,27.21,NORMAL,True
139,V2V_DIRECT,L7_PHYSICAL_BENCH_MODEL,CSS-LoRa SX1278 (Ra-02),25.0,139,1787960006.95,-60.96,10.09,True,23.7,NORMAL,True
140,V2V_DIRECT,L7_PHYSICAL_BENCH_MODEL,CSS-LoRa SX1278 (Ra-02),25.0,140,1787960007.0,-58.96,9.73,True,23.59,NORMAL,True
141,V2V_DIRECT,L7_PHYSICAL_BENCH_MODEL,CSS-LoRa SX1278 (Ra-02),25.0,141,1787960007.05,-56.41,10.62,True,24.93,NORMAL,True
142,V2V_DIRECT,L7_PHYSICAL_BENCH_MODEL,CSS-LoRa SX1278 (Ra-02),25.0,142,1787960007.1,-56.56,12.6,True,28.21,NORMAL,True
143,V2V_DIRECT,L7_PHYSICAL_BENCH_MODEL,CSS-LoRa SX1278 (Ra-02),25.0,143,1787960007.15,-59.79,10.37,True,24.92,NORMAL,True
144,V2V_DIRECT,L7_PHYSICAL_BENCH_MODEL,CSS-LoRa SX1278 (Ra-02),25.0,144,1787960007.2,-53.93,11.08,True,25.9,NORMAL,True
145,V2V_DIRECT,L7_PHYSICAL_BENCH_MODEL,CSS-LoRa SX1278 (Ra-02),25.0,145,1787960007.25,-57.17,9.2,True,23.15,NORMAL,True
146,V2V_DIRECT,L7_PHYSICAL_BENCH_MODEL,CSS-LoRa SX1278 (Ra-02),25.0,146,1787960007.3,-58.76,12.2,True,24.87,NORMAL,True
147,V2V_DIRECT,L7_PHYSICAL_BENCH_MODEL,CSS-LoRa SX1278 (Ra-02),25.0,147,1787960007.35,-58.17,10.41,True,24.3,NORMAL,True
148,V2V_DIRECT,L7_PHYSICAL_BENCH_MODEL,CSS-LoRa SX1278 (Ra-02),25.0,148,1787960007.4,-56.54,13.36,True,23.93,NORMAL,True
149,V2V_DIRECT,L7_PHYSICAL_BENCH_MODEL,CSS-LoRa SX1278 (Ra-02),25.0,149,1787960007.45,-56.69,8.8,True,23.97,NORMAL,True
150,V2V_DIRECT,L7_PHYSICAL_BENCH_MODEL,CSS-LoRa SX1278 (Ra-02),25.0,150,1787960007.5,-58.48,11.46,True,24.21,NORMAL,True
151,V2V_DIRECT,L7_PHYSICAL_BENCH_MODEL,CSS-LoRa SX1278 (Ra-02),25.0,151,1787960007.55,-61.66,12.38,True,24.51,NORMAL,True
152,V2V_DIRECT,L7_PHYSICAL_BENCH_MODEL,CSS-LoRa SX1278 (Ra-02),25.0,152,1787960007.6,-51.84,9.61,True,24.97,NORMAL,True
153,V2V_DIRECT,L7_PHYSICAL_BENCH_MODEL,CSS-LoRa SX1278 (Ra-02),25.0,153,1787960007.65,-56.33,10.67,True,25.42,NORMAL,True
154,V2V_DIRECT,L7_PHYSICAL_BENCH_MODEL,CSS-LoRa SX1278 (Ra-02),25.0,154,1787960007.7,-58.2,12.29,True,25.36,NORMAL,True
155,V2V_DIRECT,L7_PHYSICAL_BENCH_MODEL,CSS-LoRa SX1278 (Ra-02),25.0,155,1787960007.75,-55.22,13.53,True,25.53,NORMAL,True
156,V2V_DIRECT,L7_PHYSICAL_BENCH_MODEL,CSS-LoRa SX1278 (Ra-02),25.0,156,1787960007.8,-58.2,10.72,True,25.45,NORMAL,True
157,V2V_DIRECT,L7_PHYSICAL_BENCH_MODEL,CSS-LoRa SX1278 (Ra-02),25.0,157,1787960007.85,-53.37,11.21,True,25.38,NORMAL,True
158,V2V_DIRECT,L7_PHYSICAL_BENCH_MODEL,CSS-LoRa SX1278 (Ra-02),25.0,158,1787960007.9,-62.48,9.91,True,21.22,NORMAL,True
159,V2V_DIRECT,L7_PHYSICAL_BENCH_MODEL,CSS-LoRa SX1278 (Ra-02),25.0,159,1787960007.95,-59.52,13.2,True,25.96,NORMAL,True
160,V2V_DIRECT,L7_PHYSICAL_BENCH_MODEL,CSS-LoRa SX1278 (Ra-02),25.0,160,1787960008.0,-60.76,12.89,True,24.96,NORMAL,True
161,V2V_DIRECT,L7_PHYSICAL_BENCH_MODEL,CSS-LoRa SX1278 (Ra-02),25.0,161,1787960008.05,-59.78,9.76,True,24.88,NORMAL,True
162,V2V_DIRECT,L7_PHYSICAL_BENCH_MODEL,CSS-LoRa SX1278 (Ra-02),25.0,162,1787960008.1,-57.27,11.13,True,26.55,NORMAL,True
163,V2V_DIRECT,L7_PHYSICAL_BENCH_MODEL,CSS-LoRa SX1278 (Ra-02),25.0,163,1787960008.15,-59.16,11.12,True,26.1,NORMAL,True
164,V2V_DIRECT,L7_PHYSICAL_BENCH_MODEL,CSS-LoRa SX1278 (Ra-02),25.0,164,1787960008.2,-62.65,10.51,True,24.86,NORMAL,True
165,V2V_DIRECT,L7_PHYSICAL_BENCH_MODEL,CSS-LoRa SX1278 (Ra-02),25.0,165,1787960008.25,-56.14,11.75,True,24.85,NORMAL,True
166,V2V_DIRECT,L7_PHYSICAL_BENCH_MODEL,CSS-LoRa SX1278 (Ra-02),25.0,166,1787960008.3,-62.45,11.68,True,23.18,NORMAL,True
167,V2V_DIRECT,L7_PHYSICAL_BENCH_MODEL,CSS-LoRa SX1278 (Ra-02),25.0,167,1787960008.35,-60.07,12.12,True,24.58,NORMAL,True
168,V2V_DIRECT,L7_PHYSICAL_BENCH_MODEL,CSS-LoRa SX1278 (Ra-02),25.0,168,1787960008.4,-60.8,11.76,True,24.04,NORMAL,True
169,V2V_DIRECT,L7_PHYSICAL_BENCH_MODEL,CSS-LoRa SX1278 (Ra-02),25.0,169,1787960008.45,-55.96,10.08,True,24.71,NORMAL,True
170,V2V_DIRECT,L7_PHYSICAL_BENCH_MODEL,CSS-LoRa SX1278 (Ra-02),25.0,170,1787960008.5,-59.2,11.33,True,27.25,NORMAL,True
171,V2V_DIRECT,L7_PHYSICAL_BENCH_MODEL,CSS-LoRa SX1278 (Ra-02),25.0,171,1787960008.55,-58.21,12.84,True,25.88,NORMAL,True
172,V2V_DIRECT,L7_PHYSICAL_BENCH_MODEL,CSS-LoRa SX1278 (Ra-02),25.0,172,1787960008.6,-59.05,10.05,True,22.6,NORMAL,True
173,V2V_DIRECT,L7_PHYSICAL_BENCH_MODEL,CSS-LoRa SX1278 (Ra-02),25.0,173,1787960008.65,-56.21,12.83,True,23.7,NORMAL,True
174,V2V_DIRECT,L7_PHYSICAL_BENCH_MODEL,CSS-LoRa SX1278 (Ra-02),25.0,174,1787960008.7,-56.53,9.21,True,26.32,NORMAL,True
175,V2V_DIRECT,L7_PHYSICAL_BENCH_MODEL,CSS-LoRa SX1278 (Ra-02),25.0,175,1787960008.75,-55.78,9.54,True,27.32,NORMAL,True
176,V2V_DIRECT,L7_PHYSICAL_BENCH_MODEL,CSS-LoRa SX1278 (Ra-02),25.0,176,1787960008.8,-60.69,11.16,True,25.54,NORMAL,True
177,V2V_DIRECT,L7_PHYSICAL_BENCH_MODEL,CSS-LoRa SX1278 (Ra-02),25.0,177,1787960008.85,-53.52,12.97,True,24.19,NORMAL,True
178,V2V_DIRECT,L7_PHYSICAL_BENCH_MODEL,CSS-LoRa SX1278 (Ra-02),25.0,178,1787960008.9,-57.69,10.65,True,26.73,NORMAL,True
179,V2V_DIRECT,L7_PHYSICAL_BENCH_MODEL,CSS-LoRa SX1278 (Ra-02),25.0,179,1787960008.95,-60.84,10.08,True,25.3,NORMAL,True
180,V2V_DIRECT,L7_PHYSICAL_BENCH_MODEL,CSS-LoRa SX1278 (Ra-02),25.0,180,1787960009.0,-52.87,9.31,True,26.16,NORMAL,True
181,V2V_DIRECT,L7_PHYSICAL_BENCH_MODEL,CSS-LoRa SX1278 (Ra-02),25.0,181,1787960009.05,-60.57,9.37,True,23.82,NORMAL,True
182,V2V_DIRECT,L7_PHYSICAL_BENCH_MODEL,CSS-LoRa SX1278 (Ra-02),25.0,182,1787960009.1,-58.94,10.39,True,22.64,NORMAL,True
183,V2V_DIRECT,L7_PHYSICAL_BENCH_MODEL,CSS-LoRa SX1278 (Ra-02),25.0,183,1787960009.15,-54.68,10.28,True,27.58,NORMAL,True
184,V2V_DIRECT,L7_PHYSICAL_BENCH_MODEL,CSS-LoRa SX1278 (Ra-02),25.0,184,1787960009.2,-56.42,8.91,True,27.61,NORMAL,True
185,V2V_DIRECT,L7_PHYSICAL_BENCH_MODEL,CSS-LoRa SX1278 (Ra-02),25.0,185,1787960009.25,-54.62,12.06,True,24.34,NORMAL,True
186,V2V_DIRECT,L7_PHYSICAL_BENCH_MODEL,CSS-LoRa SX1278 (Ra-02),25.0,186,1787960009.3,-54.2,8.84,True,23.28,NORMAL,True
187,V2V_DIRECT,L7_PHYSICAL_BENCH_MODEL,CSS-LoRa SX1278 (Ra-02),25.0,187,1787960009.35,-58.68,9.83,True,24.3,NORMAL,True
188,V2V_DIRECT,L7_PHYSICAL_BENCH_MODEL,CSS-LoRa SX1278 (Ra-02),25.0,188,1787960009.4,-58.89,11.0,True,23.97,NORMAL,True
189,V2V_DIRECT,L7_PHYSICAL_BENCH_MODEL,CSS-LoRa SX1278 (Ra-02),25.0,189,1787960009.45,-57.29,7.62,True,26.18,NORMAL,True
190,V2V_DIRECT,L7_PHYSICAL_BENCH_MODEL,CSS-LoRa SX1278 (Ra-02),25.0,190,1787960009.5,-57.54,10.04,True,24.78,NORMAL,True
191,V2V_DIRECT,L7_PHYSICAL_BENCH_MODEL,CSS-LoRa SX1278 (Ra-02),25.0,191,1787960009.55,-58.38,10.51,True,24.45,NORMAL,True
192,V2V_DIRECT,L7_PHYSICAL_BENCH_MODEL,CSS-LoRa SX1278 (Ra-02),25.0,192,1787960009.6,-59.57,9.41,True,28.42,NORMAL,True
193,V2V_DIRECT,L7_PHYSICAL_BENCH_MODEL,CSS-LoRa SX1278 (Ra-02),25.0,193,1787960009.65,-59.11,13.55,True,24.59,NORMAL,True
194,V2V_DIRECT,L7_PHYSICAL_BENCH_MODEL,CSS-LoRa SX1278 (Ra-02),25.0,194,1787960009.7,-53.54,10.65,True,23.51,NORMAL,True
195,V2V_DIRECT,L7_PHYSICAL_BENCH_MODEL,CSS-LoRa SX1278 (Ra-02),25.0,195,1787960009.75,-57.03,9.05,True,25.92,NORMAL,True
196,V2V_DIRECT,L7_PHYSICAL_BENCH_MODEL,CSS-LoRa SX1278 (Ra-02),25.0,196,1787960009.8,-65.47,12.49,True,24.65,NORMAL,True
197,V2V_DIRECT,L7_PHYSICAL_BENCH_MODEL,CSS-LoRa SX1278 (Ra-02),25.0,197,1787960009.85,-52.9,11.72,True,27.49,NORMAL,True
198,V2V_DIRECT,L7_PHYSICAL_BENCH_MODEL,CSS-LoRa SX1278 (Ra-02),25.0,198,1787960009.9,-55.71,11.52,True,25.38,NORMAL,True
199,V2V_DIRECT,L7_PHYSICAL_BENCH_MODEL,CSS-LoRa SX1278 (Ra-02),25.0,199,1787960009.95,-55.77,11.55,True,25.8,NORMAL,True
200,V2V_DIRECT,L7_PHYSICAL_BENCH_MODEL,CSS-LoRa SX1278 (Ra-02),25.0,200,1787960010.0,-58.79,11.78,True,28.84,NORMAL,True
201,V2V_DIRECT,L7_PHYSICAL_BENCH_MODEL,CSS-LoRa SX1278 (Ra-02),25.0,201,1787960010.05,-62.31,10.18,True,23.58,NORMAL,True
202,V2V_DIRECT,L7_PHYSICAL_BENCH_MODEL,CSS-LoRa SX1278 (Ra-02),25.0,202,1787960010.1,-53.79,11.14,True,26.12,NORMAL,True
203,V2V_DIRECT,L7_PHYSICAL_BENCH_MODEL,CSS-LoRa SX1278 (Ra-02),25.0,203,1787960010.15,-57.07,9.52,True,25.65,NORMAL,True
204,V2V_DIRECT,L7_PHYSICAL_BENCH_MODEL,CSS-LoRa SX1278 (Ra-02),25.0,204,1787960010.2,-57.23,12.95,True,24.5,NORMAL,True
205,V2V_DIRECT,L7_PHYSICAL_BENCH_MODEL,CSS-LoRa SX1278 (Ra-02),25.0,205,1787960010.25,-61.16,10.91,True,26.15,NORMAL,True
206,V2V_DIRECT,L7_PHYSICAL_BENCH_MODEL,CSS-LoRa SX1278 (Ra-02),25.0,206,1787960010.3,-56.53,9.48,True,25.15,NORMAL,True
207,V2V_DIRECT,L7_PHYSICAL_BENCH_MODEL,CSS-LoRa SX1278 (Ra-02),25.0,207,1787960010.35,-61.01,11.25,True,25.95,NORMAL,True
208,V2V_DIRECT,L7_PHYSICAL_BENCH_MODEL,CSS-LoRa SX1278 (Ra-02),25.0,208,1787960010.4,-61.67,9.69,True,24.37,NORMAL,True
209,V2V_DIRECT,L7_PHYSICAL_BENCH_MODEL,CSS-LoRa SX1278 (Ra-02),25.0,209,1787960010.45,-58.96,14.69,True,24.78,NORMAL,True
210,V2V_DIRECT,L7_PHYSICAL_BENCH_MODEL,CSS-LoRa SX1278 (Ra-02),25.0,210,1787960010.5,-59.59,10.87,True,24.59,NORMAL,True
211,V2V_DIRECT,L7_PHYSICAL_BENCH_MODEL,CSS-LoRa SX1278 (Ra-02),25.0,211,1787960010.55,-57.56,12.88,True,23.94,NORMAL,True
212,V2V_DIRECT,L7_PHYSICAL_BENCH_MODEL,CSS-LoRa SX1278 (Ra-02),25.0,212,1787960010.6,-55.71,7.77,True,24.11,NORMAL,True
213,V2V_DIRECT,L7_PHYSICAL_BENCH_MODEL,CSS-LoRa SX1278 (Ra-02),25.0,213,1787960010.65,-60.69,8.04,True,24.68,NORMAL,True
214,V2V_DIRECT,L7_PHYSICAL_BENCH_MODEL,CSS-LoRa SX1278 (Ra-02),25.0,214,1787960010.7,-60.41,9.99,True,27.27,NORMAL,True
215,V2V_DIRECT,L7_PHYSICAL_BENCH_MODEL,CSS-LoRa SX1278 (Ra-02),25.0,215,1787960010.75,-57.25,10.47,True,25.49,NORMAL,True
216,V2V_DIRECT,L7_PHYSICAL_BENCH_MODEL,CSS-LoRa SX1278 (Ra-02),25.0,216,1787960010.8,-55.04,11.87,True,24.94,NORMAL,True
217,V2V_DIRECT,L7_PHYSICAL_BENCH_MODEL,CSS-LoRa SX1278 (Ra-02),25.0,217,1787960010.85,-51.95,11.25,True,27.58,NORMAL,True
218,V2V_DIRECT,L7_PHYSICAL_BENCH_MODEL,CSS-LoRa SX1278 (Ra-02),25.0,218,1787960010.9,-56.03,8.61,True,26.62,NORMAL,True
219,V2V_DIRECT,L7_PHYSICAL_BENCH_MODEL,CSS-LoRa SX1278 (Ra-02),25.0,219,1787960010.95,-53.53,11.19,True,26.32,NORMAL,True
220,V2V_DIRECT,L7_PHYSICAL_BENCH_MODEL,CSS-LoRa SX1278 (Ra-02),25.0,220,1787960011.0,-62.55,11.77,True,24.51,NORMAL,True
221,V2V_DIRECT,L7_PHYSICAL_BENCH_MODEL,CSS-LoRa SX1278 (Ra-02),25.0,221,1787960011.05,-58.34,10.0,True,25.0,NORMAL,True
222,V2V_DIRECT,L7_PHYSICAL_BENCH_MODEL,CSS-LoRa SX1278 (Ra-02),25.0,222,1787960011.1,-57.64,11.87,True,24.67,NORMAL,True
223,V2V_DIRECT,L7_PHYSICAL_BENCH_MODEL,CSS-LoRa SX1278 (Ra-02),25.0,223,1787960011.15,-54.35,11.09,True,25.44,NORMAL,True
224,V2V_DIRECT,L7_PHYSICAL_BENCH_MODEL,CSS-LoRa SX1278 (Ra-02),25.0,224,1787960011.2,-60.8,10.93,True,25.91,NORMAL,True
225,V2V_DIRECT,L7_PHYSICAL_BENCH_MODEL,CSS-LoRa SX1278 (Ra-02),25.0,225,1787960011.25,-56.05,14.29,True,25.61,NORMAL,True
226,V2V_DIRECT,L7_PHYSICAL_BENCH_MODEL,CSS-LoRa SX1278 (Ra-02),25.0,226,1787960011.3,-52.07,11.14,True,26.85,NORMAL,True
227,V2V_DIRECT,L7_PHYSICAL_BENCH_MODEL,CSS-LoRa SX1278 (Ra-02),25.0,227,1787960011.35,-56.88,10.66,True,23.73,NORMAL,True
228,V2V_DIRECT,L7_PHYSICAL_BENCH_MODEL,CSS-LoRa SX1278 (Ra-02),25.0,228,1787960011.4,-58.17,11.65,True,25.03,NORMAL,True
229,V2V_DIRECT,L7_PHYSICAL_BENCH_MODEL,CSS-LoRa SX1278 (Ra-02),25.0,229,1787960011.45,-56.62,8.89,True,25.2,NORMAL,True
230,V2V_DIRECT,L7_PHYSICAL_BENCH_MODEL,CSS-LoRa SX1278 (Ra-02),25.0,230,1787960011.5,-54.98,11.54,True,25.04,NORMAL,True
231,V2V_DIRECT,L7_PHYSICAL_BENCH_MODEL,CSS-LoRa SX1278 (Ra-02),25.0,231,1787960011.55,-61.07,10.55,True,23.95,NORMAL,True
232,V2V_DIRECT,L7_PHYSICAL_BENCH_MODEL,CSS-LoRa SX1278 (Ra-02),25.0,232,1787960011.6,-60.43,13.25,True,21.05,NORMAL,True
233,V2V_DIRECT,L7_PHYSICAL_BENCH_MODEL,CSS-LoRa SX1278 (Ra-02),25.0,233,1787960011.65,-55.78,11.33,True,24.09,NORMAL,True
234,V2V_DIRECT,L7_PHYSICAL_BENCH_MODEL,CSS-LoRa SX1278 (Ra-02),25.0,234,1787960011.7,-59.37,11.91,True,25.83,NORMAL,True
235,V2V_DIRECT,L7_PHYSICAL_BENCH_MODEL,CSS-LoRa SX1278 (Ra-02),25.0,235,1787960011.75,-56.36,10.28,True,25.41,NORMAL,True
236,V2V_DIRECT,L7_PHYSICAL_BENCH_MODEL,CSS-LoRa SX1278 (Ra-02),25.0,236,1787960011.8,-56.74,12.48,True,25.76,NORMAL,True
237,V2V_DIRECT,L7_PHYSICAL_BENCH_MODEL,CSS-LoRa SX1278 (Ra-02),25.0,237,1787960011.85,-54.91,13.4,True,24.93,NORMAL,True
238,V2V_DIRECT,L7_PHYSICAL_BENCH_MODEL,CSS-LoRa SX1278 (Ra-02),25.0,238,1787960011.9,-54.87,11.45,True,26.71,NORMAL,True
239,V2V_DIRECT,L7_PHYSICAL_BENCH_MODEL,CSS-LoRa SX1278 (Ra-02),25.0,239,1787960011.95,-60.2,11.04,True,26.35,NORMAL,True
240,V2V_DIRECT,L7_PHYSICAL_BENCH_MODEL,CSS-LoRa SX1278 (Ra-02),25.0,240,1787960012.0,-57.64,9.33,True,23.13,NORMAL,True
241,V2V_DIRECT,L7_PHYSICAL_BENCH_MODEL,CSS-LoRa SX1278 (Ra-02),25.0,241,1787960012.05,-59.99,11.88,True,24.7,NORMAL,True
242,V2V_DIRECT,L7_PHYSICAL_BENCH_MODEL,CSS-LoRa SX1278 (Ra-02),25.0,242,1787960012.1,-54.93,7.5,True,27.28,NORMAL,True
243,V2V_DIRECT,L7_PHYSICAL_BENCH_MODEL,CSS-LoRa SX1278 (Ra-02),25.0,243,1787960012.15,-56.35,9.97,True,24.14,NORMAL,True
244,V2V_DIRECT,L7_PHYSICAL_BENCH_MODEL,CSS-LoRa SX1278 (Ra-02),25.0,244,1787960012.2,-58.57,9.69,True,25.94,NORMAL,True
245,V2V_DIRECT,L7_PHYSICAL_BENCH_MODEL,CSS-LoRa SX1278 (Ra-02),25.0,245,1787960012.25,-56.82,10.38,True,25.38,NORMAL,True
246,V2V_DIRECT,L7_PHYSICAL_BENCH_MODEL,CSS-LoRa SX1278 (Ra-02),25.0,246,1787960012.3,-60.29,10.42,True,23.66,NORMAL,True
247,V2V_DIRECT,L7_PHYSICAL_BENCH_MODEL,CSS-LoRa SX1278 (Ra-02),25.0,247,1787960012.35,-54.45,12.74,True,22.8,NORMAL,True
248,V2V_DIRECT,L7_PHYSICAL_BENCH_MODEL,CSS-LoRa SX1278 (Ra-02),25.0,248,1787960012.4,-54.5,11.91,True,22.38,NORMAL,True
249,V2V_DIRECT,L7_PHYSICAL_BENCH_MODEL,CSS-LoRa SX1278 (Ra-02),25.0,249,1787960012.45,-59.76,11.43,True,25.89,NORMAL,True
250,V2V_DIRECT,L7_PHYSICAL_BENCH_MODEL,CSS-LoRa SX1278 (Ra-02),25.0,250,1787960012.5,-58.93,9.21,True,26.11,NORMAL,True
251,V2V_DIRECT,L7_PHYSICAL_BENCH_MODEL,CSS-LoRa SX1278 (Ra-02),25.0,251,1787960012.55,-56.56,10.65,True,24.48,NORMAL,True
252,V2V_DIRECT,L7_PHYSICAL_BENCH_MODEL,CSS-LoRa SX1278 (Ra-02),25.0,252,1787960012.6,-60.74,7.94,True,26.42,NORMAL,True
253,V2V_DIRECT,L7_PHYSICAL_BENCH_MODEL,CSS-LoRa SX1278 (Ra-02),25.0,253,1787960012.65,-59.92,11.73,True,25.55,NORMAL,True
254,V2V_DIRECT,L7_PHYSICAL_BENCH_MODEL,CSS-LoRa SX1278 (Ra-02),25.0,254,1787960012.7,-56.0,12.92,True,25.9,NORMAL,True
255,V2V_DIRECT,L7_PHYSICAL_BENCH_MODEL,CSS-LoRa SX1278 (Ra-02),25.0,255,1787960012.75,-60.02,10.59,True,23.43,NORMAL,True
256,V2V_DIRECT,L7_PHYSICAL_BENCH_MODEL,CSS-LoRa SX1278 (Ra-02),25.0,256,1787960012.8,-56.49,8.13,True,22.97,NORMAL,True
257,V2V_DIRECT,L7_PHYSICAL_BENCH_MODEL,CSS-LoRa SX1278 (Ra-02),25.0,257,1787960012.85,-58.57,9.91,True,23.68,NORMAL,True
258,V2V_DIRECT,L7_PHYSICAL_BENCH_MODEL,CSS-LoRa SX1278 (Ra-02),25.0,258,1787960012.9,-57.74,11.81,True,25.61,NORMAL,True
259,V2V_DIRECT,L7_PHYSICAL_BENCH_MODEL,CSS-LoRa SX1278 (Ra-02),25.0,259,1787960012.95,-53.92,9.99,True,27.03,NORMAL,True
260,V2V_DIRECT,L7_PHYSICAL_BENCH_MODEL,CSS-LoRa SX1278 (Ra-02),25.0,260,1787960013.0,-53.14,8.58,True,25.42,NORMAL,True
261,V2V_DIRECT,L7_PHYSICAL_BENCH_MODEL,CSS-LoRa SX1278 (Ra-02),25.0,261,1787960013.05,-59.13,8.52,True,21.08,NORMAL,True
262,V2V_DIRECT,L7_PHYSICAL_BENCH_MODEL,CSS-LoRa SX1278 (Ra-02),25.0,262,1787960013.1,-57.01,13.3,True,24.54,NORMAL,True
263,V2V_DIRECT,L7_PHYSICAL_BENCH_MODEL,CSS-LoRa SX1278 (Ra-02),25.0,263,1787960013.15,-58.72,8.25,True,25.73,NORMAL,True
264,V2V_DIRECT,L7_PHYSICAL_BENCH_MODEL,CSS-LoRa SX1278 (Ra-02),25.0,264,1787960013.2,-57.98,9.85,True,21.99,NORMAL,True
265,V2V_DIRECT,L7_PHYSICAL_BENCH_MODEL,CSS-LoRa SX1278 (Ra-02),25.0,265,1787960013.25,-59.56,9.41,True,24.79,NORMAL,True
266,V2V_DIRECT,L7_PHYSICAL_BENCH_MODEL,CSS-LoRa SX1278 (Ra-02),25.0,266,1787960013.3,-52.81,10.39,True,21.79,NORMAL,True
267,V2V_DIRECT,L7_PHYSICAL_BENCH_MODEL,CSS-LoRa SX1278 (Ra-02),25.0,267,1787960013.35,-57.17,11.67,True,25.24,NORMAL,True
268,V2V_DIRECT,L7_PHYSICAL_BENCH_MODEL,CSS-LoRa SX1278 (Ra-02),25.0,268,1787960013.4,-61.39,12.06,True,26.48,NORMAL,True
269,V2V_DIRECT,L7_PHYSICAL_BENCH_MODEL,CSS-LoRa SX1278 (Ra-02),25.0,269,1787960013.45,-57.36,11.49,True,23.66,NORMAL,True
270,V2V_DIRECT,L7_PHYSICAL_BENCH_MODEL,CSS-LoRa SX1278 (Ra-02),25.0,270,1787960013.5,-57.92,12.07,True,25.49,NORMAL,True
271,V2V_DIRECT,L7_PHYSICAL_BENCH_MODEL,CSS-LoRa SX1278 (Ra-02),25.0,271,1787960013.55,-57.54,9.88,True,25.71,NORMAL,True
272,V2V_DIRECT,L7_PHYSICAL_BENCH_MODEL,CSS-LoRa SX1278 (Ra-02),25.0,272,1787960013.6,-55.35,10.32,True,23.75,NORMAL,True
273,V2V_DIRECT,L7_PHYSICAL_BENCH_MODEL,CSS-LoRa SX1278 (Ra-02),25.0,273,1787960013.65,-55.93,12.0,True,20.84,NORMAL,True
274,V2V_DIRECT,L7_PHYSICAL_BENCH_MODEL,CSS-LoRa SX1278 (Ra-02),25.0,274,1787960013.7,-57.65,12.33,True,26.28,NORMAL,True
275,V2V_DIRECT,L7_PHYSICAL_BENCH_MODEL,CSS-LoRa SX1278 (Ra-02),25.0,275,1787960013.75,-61.72,8.79,True,22.7,NORMAL,True
276,V2V_DIRECT,L7_PHYSICAL_BENCH_MODEL,CSS-LoRa SX1278 (Ra-02),25.0,276,1787960013.8,-58.82,9.15,True,23.94,NORMAL,True
277,V2V_DIRECT,L7_PHYSICAL_BENCH_MODEL,CSS-LoRa SX1278 (Ra-02),25.0,277,1787960013.85,-60.43,12.55,True,24.48,NORMAL,True
278,V2V_DIRECT,L7_PHYSICAL_BENCH_MODEL,CSS-LoRa SX1278 (Ra-02),25.0,278,1787960013.9,-59.78,12.93,True,23.96,NORMAL,True
279,V2V_DIRECT,L7_PHYSICAL_BENCH_MODEL,CSS-LoRa SX1278 (Ra-02),25.0,279,1787960013.95,-54.61,10.98,True,24.12,NORMAL,True
280,V2V_DIRECT,L7_PHYSICAL_BENCH_MODEL,CSS-LoRa SX1278 (Ra-02),25.0,280,1787960014.0,-51.86,12.81,True,25.47,NORMAL,True
281,V2V_DIRECT,L7_PHYSICAL_BENCH_MODEL,CSS-LoRa SX1278 (Ra-02),25.0,281,1787960014.05,-59.69,10.49,True,24.42,NORMAL,True
282,V2V_DIRECT,L7_PHYSICAL_BENCH_MODEL,CSS-LoRa SX1278 (Ra-02),25.0,282,1787960014.1,-56.32,11.67,True,25.34,NORMAL,True
283,V2V_DIRECT,L7_PHYSICAL_BENCH_MODEL,CSS-LoRa SX1278 (Ra-02),25.0,283,1787960014.15,-54.86,10.64,True,26.58,NORMAL,True
284,V2V_DIRECT,L7_PHYSICAL_BENCH_MODEL,CSS-LoRa SX1278 (Ra-02),25.0,284,1787960014.2,-57.34,10.86,True,25.6,NORMAL,True
285,V2V_DIRECT,L7_PHYSICAL_BENCH_MODEL,CSS-LoRa SX1278 (Ra-02),25.0,285,1787960014.25,-56.51,10.17,True,24.59,NORMAL,True
286,V2V_DIRECT,L7_PHYSICAL_BENCH_MODEL,CSS-LoRa SX1278 (Ra-02),25.0,286,1787960014.3,-60.4,5.43,True,26.19,NORMAL,True
287,V2V_DIRECT,L7_PHYSICAL_BENCH_MODEL,CSS-LoRa SX1278 (Ra-02),25.0,287,1787960014.35,-59.01,7.91,True,23.47,NORMAL,True
288,V2V_DIRECT,L7_PHYSICAL_BENCH_MODEL,CSS-LoRa SX1278 (Ra-02),25.0,288,1787960014.4,-58.65,11.03,True,25.11,NORMAL,True
289,V2V_DIRECT,L7_PHYSICAL_BENCH_MODEL,CSS-LoRa SX1278 (Ra-02),25.0,289,1787960014.45,-58.1,8.46,True,24.03,NORMAL,True
290,V2V_DIRECT,L7_PHYSICAL_BENCH_MODEL,CSS-LoRa SX1278 (Ra-02),25.0,290,1787960014.5,-57.49,13.52,True,22.17,NORMAL,True
291,V2V_DIRECT,L7_PHYSICAL_BENCH_MODEL,CSS-LoRa SX1278 (Ra-02),25.0,291,1787960014.55,-54.8,13.12,True,24.84,NORMAL,True
292,V2V_DIRECT,L7_PHYSICAL_BENCH_MODEL,CSS-LoRa SX1278 (Ra-02),25.0,292,1787960014.6,-58.17,9.67,True,25.25,NORMAL,True
293,V2V_DIRECT,L7_PHYSICAL_BENCH_MODEL,CSS-LoRa SX1278 (Ra-02),25.0,293,1787960014.65,-61.03,9.55,True,24.67,NORMAL,True
294,V2V_DIRECT,L7_PHYSICAL_BENCH_MODEL,CSS-LoRa SX1278 (Ra-02),25.0,294,1787960014.7,-61.13,8.26,True,27.46,NORMAL,True
295,V2V_DIRECT,L7_PHYSICAL_BENCH_MODEL,CSS-LoRa SX1278 (Ra-02),25.0,295,1787960014.75,-55.47,10.5,True,22.73,NORMAL,True
296,V2V_DIRECT,L7_PHYSICAL_BENCH_MODEL,CSS-LoRa SX1278 (Ra-02),25.0,296,1787960014.8,-62.85,9.25,True,23.75,NORMAL,True
297,V2V_DIRECT,L7_PHYSICAL_BENCH_MODEL,CSS-LoRa SX1278 (Ra-02),25.0,297,1787960014.85,-56.93,10.93,True,25.96,NORMAL,True
298,V2V_DIRECT,L7_PHYSICAL_BENCH_MODEL,CSS-LoRa SX1278 (Ra-02),25.0,298,1787960014.9,-61.8,9.68,True,22.12,NORMAL,True
299,V2V_DIRECT,L7_PHYSICAL_BENCH_MODEL,CSS-LoRa SX1278 (Ra-02),25.0,299,1787960014.95,-57.24,7.41,True,25.03,NORMAL,True
300,V2V_DIRECT,L7_PHYSICAL_BENCH_MODEL,CSS-LoRa SX1278 (Ra-02),25.0,300,1787960015.0,-55.45,13.03,True,24.74,NORMAL,True
301,V2V_DIRECT,L7_PHYSICAL_BENCH_MODEL,CSS-LoRa SX1278 (Ra-02),25.0,301,1787960015.05,-62.51,6.45,True,25.25,NORMAL,True
302,V2V_DIRECT,L7_PHYSICAL_BENCH_MODEL,CSS-LoRa SX1278 (Ra-02),25.0,302,1787960015.1,-55.73,13.21,True,24.94,NORMAL,True
303,V2V_DIRECT,L7_PHYSICAL_BENCH_MODEL,CSS-LoRa SX1278 (Ra-02),25.0,303,1787960015.15,-56.12,10.99,True,26.0,NORMAL,True
304,V2V_DIRECT,L7_PHYSICAL_BENCH_MODEL,CSS-LoRa SX1278 (Ra-02),25.0,304,1787960015.2,-55.24,11.13,True,25.23,NORMAL,True
305,V2V_DIRECT,L7_PHYSICAL_BENCH_MODEL,CSS-LoRa SX1278 (Ra-02),25.0,305,1787960015.25,-58.21,9.97,True,24.45,NORMAL,True
306,V2V_DIRECT,L7_PHYSICAL_BENCH_MODEL,CSS-LoRa SX1278 (Ra-02),25.0,306,1787960015.3,-61.94,12.27,True,24.63,NORMAL,True
307,V2V_DIRECT,L7_PHYSICAL_BENCH_MODEL,CSS-LoRa SX1278 (Ra-02),25.0,307,1787960015.35,-58.66,9.05,True,25.04,NORMAL,True
308,V2V_DIRECT,L7_PHYSICAL_BENCH_MODEL,CSS-LoRa SX1278 (Ra-02),25.0,308,1787960015.4,-55.0,8.92,True,25.26,NORMAL,True
309,V2V_DIRECT,L7_PHYSICAL_BENCH_MODEL,CSS-LoRa SX1278 (Ra-02),25.0,309,1787960015.45,-56.14,9.62,True,23.09,NORMAL,True
310,V2V_DIRECT,L7_PHYSICAL_BENCH_MODEL,CSS-LoRa SX1278 (Ra-02),25.0,310,1787960015.5,-59.13,9.62,True,21.06,NORMAL,True
311,V2V_DIRECT,L7_PHYSICAL_BENCH_MODEL,CSS-LoRa SX1278 (Ra-02),25.0,311,1787960015.55,-58.68,14.35,True,27.41,NORMAL,True
312,V2V_DIRECT,L7_PHYSICAL_BENCH_MODEL,CSS-LoRa SX1278 (Ra-02),25.0,312,1787960015.6,-61.53,9.33,True,24.98,NORMAL,True
313,V2V_DIRECT,L7_PHYSICAL_BENCH_MODEL,CSS-LoRa SX1278 (Ra-02),25.0,313,1787960015.65,-56.87,10.85,True,24.03,NORMAL,True
314,V2V_DIRECT,L7_PHYSICAL_BENCH_MODEL,CSS-LoRa SX1278 (Ra-02),25.0,314,1787960015.7,-58.83,6.22,True,23.82,NORMAL,True
315,V2V_DIRECT,L7_PHYSICAL_BENCH_MODEL,CSS-LoRa SX1278 (Ra-02),25.0,315,1787960015.75,-54.79,10.56,True,23.89,NORMAL,True
316,V2V_DIRECT,L7_PHYSICAL_BENCH_MODEL,CSS-LoRa SX1278 (Ra-02),25.0,316,1787960015.8,-53.72,9.88,True,24.6,NORMAL,True
317,V2V_DIRECT,L7_PHYSICAL_BENCH_MODEL,CSS-LoRa SX1278 (Ra-02),25.0,317,1787960015.85,-54.98,8.73,True,24.26,NORMAL,True
318,V2V_DIRECT,L7_PHYSICAL_BENCH_MODEL,CSS-LoRa SX1278 (Ra-02),25.0,318,1787960015.9,-56.51,8.82,True,23.68,NORMAL,True
319,V2V_DIRECT,L7_PHYSICAL_BENCH_MODEL,CSS-LoRa SX1278 (Ra-02),25.0,319,1787960015.95,-57.24,11.55,True,25.83,NORMAL,True
320,V2V_DIRECT,L7_PHYSICAL_BENCH_MODEL,CSS-LoRa SX1278 (Ra-02),25.0,320,1787960016.0,-57.08,9.31,True,26.52,NORMAL,True
321,V2V_DIRECT,L7_PHYSICAL_BENCH_MODEL,CSS-LoRa SX1278 (Ra-02),25.0,321,1787960016.05,-57.38,8.74,True,24.71,NORMAL,True
322,V2V_DIRECT,L7_PHYSICAL_BENCH_MODEL,CSS-LoRa SX1278 (Ra-02),25.0,322,1787960016.1,-59.25,11.98,True,25.64,NORMAL,True
323,V2V_DIRECT,L7_PHYSICAL_BENCH_MODEL,CSS-LoRa SX1278 (Ra-02),25.0,323,1787960016.15,-62.17,12.52,True,23.45,NORMAL,True
324,V2V_DIRECT,L7_PHYSICAL_BENCH_MODEL,CSS-LoRa SX1278 (Ra-02),25.0,324,1787960016.2,-56.12,7.67,True,23.65,NORMAL,True
325,V2V_DIRECT,L7_PHYSICAL_BENCH_MODEL,CSS-LoRa SX1278 (Ra-02),25.0,325,1787960016.25,-56.89,13.89,True,24.62,NORMAL,True
326,V2V_DIRECT,L7_PHYSICAL_BENCH_MODEL,CSS-LoRa SX1278 (Ra-02),25.0,326,1787960016.3,-57.55,10.62,True,25.53,NORMAL,True
327,V2V_DIRECT,L7_PHYSICAL_BENCH_MODEL,CSS-LoRa SX1278 (Ra-02),25.0,327,1787960016.35,-58.7,11.71,True,26.51,NORMAL,True
328,V2V_DIRECT,L7_PHYSICAL_BENCH_MODEL,CSS-LoRa SX1278 (Ra-02),25.0,328,1787960016.4,-53.5,9.0,True,24.07,NORMAL,True
329,V2V_DIRECT,L7_PHYSICAL_BENCH_MODEL,CSS-LoRa SX1278 (Ra-02),25.0,329,1787960016.45,-58.41,12.25,True,24.81,NORMAL,True
330,V2V_DIRECT,L7_PHYSICAL_BENCH_MODEL,CSS-LoRa SX1278 (Ra-02),25.0,330,1787960016.5,-54.73,10.04,True,28.33,NORMAL,True
331,V2V_DIRECT,L7_PHYSICAL_BENCH_MODEL,CSS-LoRa SX1278 (Ra-02),25.0,331,1787960016.55,-56.11,10.67,True,24.94,NORMAL,True
332,V2V_DIRECT,L7_PHYSICAL_BENCH_MODEL,CSS-LoRa SX1278 (Ra-02),25.0,332,1787960016.6,-56.9,11.85,True,25.0,NORMAL,True
333,V2V_DIRECT,L7_PHYSICAL_BENCH_MODEL,CSS-LoRa SX1278 (Ra-02),25.0,333,1787960016.65,-54.45,9.23,True,25.86,NORMAL,True
334,V2V_DIRECT,L7_PHYSICAL_BENCH_MODEL,CSS-LoRa SX1278 (Ra-02),25.0,334,1787960016.7,-57.9,10.39,True,25.22,NORMAL,True
335,V2V_DIRECT,L7_PHYSICAL_BENCH_MODEL,CSS-LoRa SX1278 (Ra-02),25.0,335,1787960016.75,-58.82,8.95,True,28.21,NORMAL,True
336,V2V_DIRECT,L7_PHYSICAL_BENCH_MODEL,CSS-LoRa SX1278 (Ra-02),25.0,336,1787960016.8,-60.26,13.33,True,22.57,NORMAL,True
337,V2V_DIRECT,L7_PHYSICAL_BENCH_MODEL,CSS-LoRa SX1278 (Ra-02),25.0,337,1787960016.85,-62.22,10.39,True,21.92,NORMAL,True
338,V2V_DIRECT,L7_PHYSICAL_BENCH_MODEL,CSS-LoRa SX1278 (Ra-02),25.0,338,1787960016.9,-61.14,12.94,True,24.86,NORMAL,True
339,V2V_DIRECT,L7_PHYSICAL_BENCH_MODEL,CSS-LoRa SX1278 (Ra-02),25.0,339,1787960016.95,-55.21,11.65,True,24.81,NORMAL,True
340,V2V_DIRECT,L7_PHYSICAL_BENCH_MODEL,CSS-LoRa SX1278 (Ra-02),25.0,340,1787960017.0,-56.22,13.06,True,22.53,NORMAL,True
341,V2V_DIRECT,L7_PHYSICAL_BENCH_MODEL,CSS-LoRa SX1278 (Ra-02),25.0,341,1787960017.05,-59.32,9.4,True,25.16,NORMAL,True
342,V2V_DIRECT,L7_PHYSICAL_BENCH_MODEL,CSS-LoRa SX1278 (Ra-02),25.0,342,1787960017.1,-56.68,10.46,True,26.38,NORMAL,True
343,V2V_DIRECT,L7_PHYSICAL_BENCH_MODEL,CSS-LoRa SX1278 (Ra-02),25.0,343,1787960017.15,-54.4,9.89,True,25.13,NORMAL,True
344,V2V_DIRECT,L7_PHYSICAL_BENCH_MODEL,CSS-LoRa SX1278 (Ra-02),25.0,344,1787960017.2,-53.24,9.99,True,23.85,NORMAL,True
345,V2V_DIRECT,L7_PHYSICAL_BENCH_MODEL,CSS-LoRa SX1278 (Ra-02),25.0,345,1787960017.25,-59.15,9.32,True,23.86,NORMAL,True
346,V2V_DIRECT,L7_PHYSICAL_BENCH_MODEL,CSS-LoRa SX1278 (Ra-02),25.0,346,1787960017.3,-60.63,9.7,True,23.4,NORMAL,True
347,V2V_DIRECT,L7_PHYSICAL_BENCH_MODEL,CSS-LoRa SX1278 (Ra-02),25.0,347,1787960017.35,-59.38,8.05,True,27.74,NORMAL,True
348,V2V_DIRECT,L7_PHYSICAL_BENCH_MODEL,CSS-LoRa SX1278 (Ra-02),25.0,348,1787960017.4,-58.15,8.55,True,24.08,NORMAL,True
349,V2V_DIRECT,L7_PHYSICAL_BENCH_MODEL,CSS-LoRa SX1278 (Ra-02),25.0,349,1787960017.45,-61.93,9.92,True,22.42,NORMAL,True
350,V2V_DIRECT,L7_PHYSICAL_BENCH_MODEL,CSS-LoRa SX1278 (Ra-02),25.0,350,1787960017.5,-54.4,9.02,True,22.28,NORMAL,True
351,V2V_DIRECT,L7_PHYSICAL_BENCH_MODEL,CSS-LoRa SX1278 (Ra-02),25.0,351,1787960017.55,-56.64,9.53,True,22.85,NORMAL,True
352,V2V_DIRECT,L7_PHYSICAL_BENCH_MODEL,CSS-LoRa SX1278 (Ra-02),25.0,352,1787960017.6,-57.31,9.51,True,24.97,NORMAL,True
353,V2V_DIRECT,L7_PHYSICAL_BENCH_MODEL,CSS-LoRa SX1278 (Ra-02),25.0,353,1787960017.65,-60.87,9.52,True,22.98,NORMAL,True
354,V2V_DIRECT,L7_PHYSICAL_BENCH_MODEL,CSS-LoRa SX1278 (Ra-02),25.0,354,1787960017.7,-56.92,11.38,True,26.88,NORMAL,True
355,V2V_DIRECT,L7_PHYSICAL_BENCH_MODEL,CSS-LoRa SX1278 (Ra-02),25.0,355,1787960017.75,-57.72,9.46,True,26.28,NORMAL,True
356,V2V_DIRECT,L7_PHYSICAL_BENCH_MODEL,CSS-LoRa SX1278 (Ra-02),25.0,356,1787960017.8,-57.67,12.98,True,27.55,NORMAL,True
357,V2V_DIRECT,L7_PHYSICAL_BENCH_MODEL,CSS-LoRa SX1278 (Ra-02),25.0,357,1787960017.85,-58.88,10.84,True,24.89,NORMAL,True
358,V2V_DIRECT,L7_PHYSICAL_BENCH_MODEL,CSS-LoRa SX1278 (Ra-02),25.0,358,1787960017.9,-59.01,13.29,True,24.22,NORMAL,True
359,V2V_DIRECT,L7_PHYSICAL_BENCH_MODEL,CSS-LoRa SX1278 (Ra-02),25.0,359,1787960017.95,-65.0,10.83,True,20.61,NORMAL,True
360,V2V_DIRECT,L7_PHYSICAL_BENCH_MODEL,CSS-LoRa SX1278 (Ra-02),25.0,360,1787960018.0,-57.83,14.55,True,23.36,NORMAL,True
361,V2V_DIRECT,L7_PHYSICAL_BENCH_MODEL,CSS-LoRa SX1278 (Ra-02),25.0,361,1787960018.05,-56.06,12.47,True,26.19,NORMAL,True
362,V2V_DIRECT,L7_PHYSICAL_BENCH_MODEL,CSS-LoRa SX1278 (Ra-02),25.0,362,1787960018.1,-53.59,10.98,True,24.29,NORMAL,True
363,V2V_DIRECT,L7_PHYSICAL_BENCH_MODEL,CSS-LoRa SX1278 (Ra-02),25.0,363,1787960018.15,-59.44,9.27,True,25.5,NORMAL,True
364,V2V_DIRECT,L7_PHYSICAL_BENCH_MODEL,CSS-LoRa SX1278 (Ra-02),25.0,364,1787960018.2,-51.84,12.74,True,25.91,NORMAL,True
365,V2V_DIRECT,L7_PHYSICAL_BENCH_MODEL,CSS-LoRa SX1278 (Ra-02),25.0,365,1787960018.25,-56.4,12.83,True,27.08,NORMAL,True
366,V2V_DIRECT,L7_PHYSICAL_BENCH_MODEL,CSS-LoRa SX1278 (Ra-02),25.0,366,1787960018.3,-54.08,10.63,True,24.65,NORMAL,True
367,V2V_DIRECT,L7_PHYSICAL_BENCH_MODEL,CSS-LoRa SX1278 (Ra-02),25.0,367,1787960018.35,-55.52,10.79,True,23.83,NORMAL,True
368,V2V_DIRECT,L7_PHYSICAL_BENCH_MODEL,CSS-LoRa SX1278 (Ra-02),25.0,368,1787960018.4,-59.75,14.06,True,24.48,NORMAL,True
369,V2V_DIRECT,L7_PHYSICAL_BENCH_MODEL,CSS-LoRa SX1278 (Ra-02),25.0,369,1787960018.45,-54.34,12.59,True,22.67,NORMAL,True
370,V2V_DIRECT,L7_PHYSICAL_BENCH_MODEL,CSS-LoRa SX1278 (Ra-02),25.0,370,1787960018.5,-57.49,9.5,True,22.21,NORMAL,True
371,V2V_DIRECT,L7_PHYSICAL_BENCH_MODEL,CSS-LoRa SX1278 (Ra-02),25.0,371,1787960018.55,-57.87,12.02,True,23.25,NORMAL,True
372,V2V_DIRECT,L7_PHYSICAL_BENCH_MODEL,CSS-LoRa SX1278 (Ra-02),25.0,372,1787960018.6,-62.34,10.81,True,26.75,NORMAL,True
373,V2V_DIRECT,L7_PHYSICAL_BENCH_MODEL,CSS-LoRa SX1278 (Ra-02),25.0,373,1787960018.65,-52.35,12.1,True,26.73,NORMAL,True
374,V2V_DIRECT,L7_PHYSICAL_BENCH_MODEL,CSS-LoRa SX1278 (Ra-02),25.0,374,1787960018.7,-59.6,10.13,True,24.31,NORMAL,True
375,V2V_DIRECT,L7_PHYSICAL_BENCH_MODEL,CSS-LoRa SX1278 (Ra-02),25.0,375,1787960018.75,-57.41,13.06,True,23.17,NORMAL,True
376,V2V_DIRECT,L7_PHYSICAL_BENCH_MODEL,CSS-LoRa SX1278 (Ra-02),25.0,376,1787960018.8,-54.48,10.69,True,24.4,NORMAL,True
377,V2V_DIRECT,L7_PHYSICAL_BENCH_MODEL,CSS-LoRa SX1278 (Ra-02),25.0,377,1787960018.85,-59.03,10.31,True,23.31,NORMAL,True
378,V2V_DIRECT,L7_PHYSICAL_BENCH_MODEL,CSS-LoRa SX1278 (Ra-02),25.0,378,1787960018.9,-58.24,8.47,True,25.96,NORMAL,True
379,V2V_DIRECT,L7_PHYSICAL_BENCH_MODEL,CSS-LoRa SX1278 (Ra-02),25.0,379,1787960018.95,-61.58,8.93,True,24.33,NORMAL,True
380,V2V_DIRECT,L7_PHYSICAL_BENCH_MODEL,CSS-LoRa SX1278 (Ra-02),25.0,380,1787960019.0,-62.05,12.19,True,26.25,NORMAL,True
381,V2V_DIRECT,L7_PHYSICAL_BENCH_MODEL,CSS-LoRa SX1278 (Ra-02),25.0,381,1787960019.05,-54.82,10.93,True,27.02,NORMAL,True
382,V2V_DIRECT,L7_PHYSICAL_BENCH_MODEL,CSS-LoRa SX1278 (Ra-02),25.0,382,1787960019.1,-57.52,12.59,True,26.56,NORMAL,True
383,V2V_DIRECT,L7_PHYSICAL_BENCH_MODEL,CSS-LoRa SX1278 (Ra-02),25.0,383,1787960019.15,-58.57,9.31,True,25.05,NORMAL,True
384,V2V_DIRECT,L7_PHYSICAL_BENCH_MODEL,CSS-LoRa SX1278 (Ra-02),25.0,384,1787960019.2,-59.17,11.42,True,24.13,NORMAL,True
385,V2V_DIRECT,L7_PHYSICAL_BENCH_MODEL,CSS-LoRa SX1278 (Ra-02),25.0,385,1787960019.25,-58.23,12.07,True,27.14,NORMAL,True
386,V2V_DIRECT,L7_PHYSICAL_BENCH_MODEL,CSS-LoRa SX1278 (Ra-02),25.0,386,1787960019.3,-59.28,12.43,True,26.95,NORMAL,True
387,V2V_DIRECT,L7_PHYSICAL_BENCH_MODEL,CSS-LoRa SX1278 (Ra-02),25.0,387,1787960019.35,-60.65,9.91,True,22.93,NORMAL,True
388,V2V_DIRECT,L7_PHYSICAL_BENCH_MODEL,CSS-LoRa SX1278 (Ra-02),25.0,388,1787960019.4,-57.66,10.62,True,27.23,NORMAL,True
389,V2V_DIRECT,L7_PHYSICAL_BENCH_MODEL,CSS-LoRa SX1278 (Ra-02),25.0,389,1787960019.45,-58.11,11.17,True,24.08,NORMAL,True
390,V2V_DIRECT,L7_PHYSICAL_BENCH_MODEL,CSS-LoRa SX1278 (Ra-02),25.0,390,1787960019.5,-57.21,11.8,True,24.23,NORMAL,True
391,V2V_DIRECT,L7_PHYSICAL_BENCH_MODEL,CSS-LoRa SX1278 (Ra-02),25.0,391,1787960019.55,-56.89,10.88,True,22.93,NORMAL,True
392,V2V_DIRECT,L7_PHYSICAL_BENCH_MODEL,CSS-LoRa SX1278 (Ra-02),25.0,392,1787960019.6,-56.95,11.52,True,22.67,NORMAL,True
393,V2V_DIRECT,L7_PHYSICAL_BENCH_MODEL,CSS-LoRa SX1278 (Ra-02),25.0,393,1787960019.65,-62.91,9.5,True,26.65,NORMAL,True
394,V2V_DIRECT,L7_PHYSICAL_BENCH_MODEL,CSS-LoRa SX1278 (Ra-02),25.0,394,1787960019.7,-54.52,12.37,True,24.11,NORMAL,True
395,V2V_DIRECT,L7_PHYSICAL_BENCH_MODEL,CSS-LoRa SX1278 (Ra-02),25.0,395,1787960019.75,-60.33,10.85,True,26.02,NORMAL,True
396,V2V_DIRECT,L7_PHYSICAL_BENCH_MODEL,CSS-LoRa SX1278 (Ra-02),25.0,396,1787960019.8,-54.44,12.48,True,27.33,NORMAL,True
397,V2V_DIRECT,L7_PHYSICAL_BENCH_MODEL,CSS-LoRa SX1278 (Ra-02),25.0,397,1787960019.85,-58.82,11.32,True,24.13,NORMAL,True
398,V2V_DIRECT,L7_PHYSICAL_BENCH_MODEL,CSS-LoRa SX1278 (Ra-02),25.0,398,1787960019.9,-59.89,11.16,True,25.13,NORMAL,True
399,V2V_DIRECT,L7_PHYSICAL_BENCH_MODEL,CSS-LoRa SX1278 (Ra-02),25.0,399,1787960019.95,-57.46,6.74,True,27.26,NORMAL,True
400,V2V_DIRECT,L7_PHYSICAL_BENCH_MODEL,CSS-LoRa SX1278 (Ra-02),25.0,400,1787960020.0,-54.94,8.98,True,24.21,NORMAL,True
401,V2V_DIRECT,L7_PHYSICAL_BENCH_MODEL,CSS-LoRa SX1278 (Ra-02),25.0,401,1787960020.05,-56.73,10.3,True,24.43,NORMAL,True
402,V2V_DIRECT,L7_PHYSICAL_BENCH_MODEL,CSS-LoRa SX1278 (Ra-02),25.0,402,1787960020.1,-55.85,13.24,True,27.1,NORMAL,True
403,V2V_DIRECT,L7_PHYSICAL_BENCH_MODEL,CSS-LoRa SX1278 (Ra-02),25.0,403,1787960020.15,-60.38,9.12,True,23.52,NORMAL,True
404,V2V_DIRECT,L7_PHYSICAL_BENCH_MODEL,CSS-LoRa SX1278 (Ra-02),25.0,404,1787960020.2,-59.2,8.79,True,22.93,NORMAL,True
405,V2V_DIRECT,L7_PHYSICAL_BENCH_MODEL,CSS-LoRa SX1278 (Ra-02),25.0,405,1787960020.25,-55.63,12.27,True,24.25,NORMAL,True
406,V2V_DIRECT,L7_PHYSICAL_BENCH_MODEL,CSS-LoRa SX1278 (Ra-02),25.0,406,1787960020.3,-61.72,11.58,True,24.62,NORMAL,True
407,V2V_DIRECT,L7_PHYSICAL_BENCH_MODEL,CSS-LoRa SX1278 (Ra-02),25.0,407,1787960020.35,-56.47,9.6,True,25.13,NORMAL,True
408,V2V_DIRECT,L7_PHYSICAL_BENCH_MODEL,CSS-LoRa SX1278 (Ra-02),25.0,408,1787960020.4,-59.17,12.49,True,24.09,NORMAL,True
409,V2V_DIRECT,L7_PHYSICAL_BENCH_MODEL,CSS-LoRa SX1278 (Ra-02),25.0,409,1787960020.45,-59.45,11.46,True,26.98,NORMAL,True
410,V2V_DIRECT,L7_PHYSICAL_BENCH_MODEL,CSS-LoRa SX1278 (Ra-02),25.0,410,1787960020.5,-58.2,12.3,True,26.91,NORMAL,True
411,V2V_DIRECT,L7_PHYSICAL_BENCH_MODEL,CSS-LoRa SX1278 (Ra-02),25.0,411,1787960020.55,-62.9,10.42,True,24.11,NORMAL,True
412,V2V_DIRECT,L7_PHYSICAL_BENCH_MODEL,CSS-LoRa SX1278 (Ra-02),25.0,412,1787960020.6,-59.97,9.92,True,25.02,NORMAL,True
413,V2V_DIRECT,L7_PHYSICAL_BENCH_MODEL,CSS-LoRa SX1278 (Ra-02),25.0,413,1787960020.65,-59.95,13.71,True,25.93,NORMAL,True
414,V2V_DIRECT,L7_PHYSICAL_BENCH_MODEL,CSS-LoRa SX1278 (Ra-02),25.0,414,1787960020.7,-56.45,9.71,True,25.39,NORMAL,True
415,V2V_DIRECT,L7_PHYSICAL_BENCH_MODEL,CSS-LoRa SX1278 (Ra-02),25.0,415,1787960020.75,-58.67,10.61,True,25.33,NORMAL,True
416,V2V_DIRECT,L7_PHYSICAL_BENCH_MODEL,CSS-LoRa SX1278 (Ra-02),25.0,416,1787960020.8,-60.0,12.37,True,26.21,NORMAL,True
417,V2V_DIRECT,L7_PHYSICAL_BENCH_MODEL,CSS-LoRa SX1278 (Ra-02),25.0,417,1787960020.85,-56.8,10.36,True,24.08,NORMAL,True
418,V2V_DIRECT,L7_PHYSICAL_BENCH_MODEL,CSS-LoRa SX1278 (Ra-02),25.0,418,1787960020.9,-60.39,10.07,True,27.85,NORMAL,True
419,V2V_DIRECT,L7_PHYSICAL_BENCH_MODEL,CSS-LoRa SX1278 (Ra-02),25.0,419,1787960020.95,-52.17,10.2,True,25.01,NORMAL,True
420,V2V_DIRECT,L7_PHYSICAL_BENCH_MODEL,CSS-LoRa SX1278 (Ra-02),25.0,420,1787960021.0,-62.67,10.59,True,25.03,NORMAL,True
421,V2V_DIRECT,L7_PHYSICAL_BENCH_MODEL,CSS-LoRa SX1278 (Ra-02),25.0,421,1787960021.05,-58.12,12.1,True,23.34,NORMAL,True
422,V2V_DIRECT,L7_PHYSICAL_BENCH_MODEL,CSS-LoRa SX1278 (Ra-02),25.0,422,1787960021.1,-58.67,13.05,True,24.7,NORMAL,True
423,V2V_DIRECT,L7_PHYSICAL_BENCH_MODEL,CSS-LoRa SX1278 (Ra-02),25.0,423,1787960021.15,-57.4,9.04,True,25.01,NORMAL,True
424,V2V_DIRECT,L7_PHYSICAL_BENCH_MODEL,CSS-LoRa SX1278 (Ra-02),25.0,424,1787960021.2,-53.87,10.52,True,23.96,NORMAL,True
425,V2V_DIRECT,L7_PHYSICAL_BENCH_MODEL,CSS-LoRa SX1278 (Ra-02),25.0,425,1787960021.25,-58.16,11.21,True,24.97,NORMAL,True
426,V2V_DIRECT,L7_PHYSICAL_BENCH_MODEL,CSS-LoRa SX1278 (Ra-02),25.0,426,1787960021.3,-59.42,10.13,True,24.65,NORMAL,True
427,V2V_DIRECT,L7_PHYSICAL_BENCH_MODEL,CSS-LoRa SX1278 (Ra-02),25.0,427,1787960021.35,-59.44,13.01,True,24.36,NORMAL,True
428,V2V_DIRECT,L7_PHYSICAL_BENCH_MODEL,CSS-LoRa SX1278 (Ra-02),25.0,428,1787960021.4,-59.61,9.48,True,24.81,NORMAL,True
429,V2V_DIRECT,L7_PHYSICAL_BENCH_MODEL,CSS-LoRa SX1278 (Ra-02),25.0,429,1787960021.45,-59.73,8.28,True,24.13,NORMAL,True
430,V2V_DIRECT,L7_PHYSICAL_BENCH_MODEL,CSS-LoRa SX1278 (Ra-02),25.0,430,1787960021.5,-56.02,10.81,True,23.93,NORMAL,True
431,V2V_DIRECT,L7_PHYSICAL_BENCH_MODEL,CSS-LoRa SX1278 (Ra-02),25.0,431,1787960021.55,-61.24,11.36,True,23.27,NORMAL,True
432,V2V_DIRECT,L7_PHYSICAL_BENCH_MODEL,CSS-LoRa SX1278 (Ra-02),25.0,432,1787960021.6,-57.69,9.93,True,25.32,NORMAL,True
433,V2V_DIRECT,L7_PHYSICAL_BENCH_MODEL,CSS-LoRa SX1278 (Ra-02),25.0,433,1787960021.65,-50.3,8.99,True,22.14,NORMAL,True
434,V2V_DIRECT,L7_PHYSICAL_BENCH_MODEL,CSS-LoRa SX1278 (Ra-02),25.0,434,1787960021.7,-57.49,8.34,True,23.99,NORMAL,True
435,V2V_DIRECT,L7_PHYSICAL_BENCH_MODEL,CSS-LoRa SX1278 (Ra-02),25.0,435,1787960021.75,-53.03,11.91,True,25.21,NORMAL,True
436,V2V_DIRECT,L7_PHYSICAL_BENCH_MODEL,CSS-LoRa SX1278 (Ra-02),25.0,436,1787960021.8,-58.03,12.2,True,27.04,NORMAL,True
437,V2V_DIRECT,L7_PHYSICAL_BENCH_MODEL,CSS-LoRa SX1278 (Ra-02),25.0,437,1787960021.85,-55.66,11.08,True,26.53,NORMAL,True
438,V2V_DIRECT,L7_PHYSICAL_BENCH_MODEL,CSS-LoRa SX1278 (Ra-02),25.0,438,1787960021.9,-57.1,10.0,True,26.24,NORMAL,True
439,V2V_DIRECT,L7_PHYSICAL_BENCH_MODEL,CSS-LoRa SX1278 (Ra-02),25.0,439,1787960021.95,-60.13,8.41,True,26.25,NORMAL,True
440,V2V_DIRECT,L7_PHYSICAL_BENCH_MODEL,CSS-LoRa SX1278 (Ra-02),25.0,440,1787960022.0,-60.51,10.7,True,25.41,NORMAL,True
441,V2V_DIRECT,L7_PHYSICAL_BENCH_MODEL,CSS-LoRa SX1278 (Ra-02),25.0,441,1787960022.05,-60.44,10.16,True,24.95,NORMAL,True
442,V2V_DIRECT,L7_PHYSICAL_BENCH_MODEL,CSS-LoRa SX1278 (Ra-02),25.0,442,1787960022.1,-55.0,9.44,True,25.61,NORMAL,True
443,V2V_DIRECT,L7_PHYSICAL_BENCH_MODEL,CSS-LoRa SX1278 (Ra-02),25.0,443,1787960022.15,-58.31,11.77,True,24.03,NORMAL,True
444,V2V_DIRECT,L7_PHYSICAL_BENCH_MODEL,CSS-LoRa SX1278 (Ra-02),25.0,444,1787960022.2,-59.93,10.86,True,23.29,NORMAL,True
445,V2V_DIRECT,L7_PHYSICAL_BENCH_MODEL,CSS-LoRa SX1278 (Ra-02),25.0,445,1787960022.25,-58.31,9.14,True,26.92,NORMAL,True
446,V2V_DIRECT,L7_PHYSICAL_BENCH_MODEL,CSS-LoRa SX1278 (Ra-02),25.0,446,1787960022.3,-54.45,8.17,True,25.73,NORMAL,True
447,V2V_DIRECT,L7_PHYSICAL_BENCH_MODEL,CSS-LoRa SX1278 (Ra-02),25.0,447,1787960022.35,-59.02,12.39,True,23.43,NORMAL,True
448,V2V_DIRECT,L7_PHYSICAL_BENCH_MODEL,CSS-LoRa SX1278 (Ra-02),25.0,448,1787960022.4,-58.02,11.7,True,26.88,NORMAL,True
449,V2V_DIRECT,L7_PHYSICAL_BENCH_MODEL,CSS-LoRa SX1278 (Ra-02),25.0,449,1787960022.45,-59.04,11.57,True,28.24,NORMAL,True
450,V2V_DIRECT,L7_PHYSICAL_BENCH_MODEL,CSS-LoRa SX1278 (Ra-02),25.0,450,1787960022.5,-57.27,11.58,True,24.02,NORMAL,True
451,V2V_DIRECT,L7_PHYSICAL_BENCH_MODEL,CSS-LoRa SX1278 (Ra-02),25.0,451,1787960022.55,-58.1,9.86,True,21.98,NORMAL,True
452,V2V_DIRECT,L7_PHYSICAL_BENCH_MODEL,CSS-LoRa SX1278 (Ra-02),25.0,452,1787960022.6,-56.91,12.27,True,26.68,NORMAL,True
453,V2V_DIRECT,L7_PHYSICAL_BENCH_MODEL,CSS-LoRa SX1278 (Ra-02),25.0,453,1787960022.65,-57.86,10.22,True,24.72,NORMAL,True
454,V2V_DIRECT,L7_PHYSICAL_BENCH_MODEL,CSS-LoRa SX1278 (Ra-02),25.0,454,1787960022.7,-61.62,8.89,True,25.62,NORMAL,True
455,V2V_DIRECT,L7_PHYSICAL_BENCH_MODEL,CSS-LoRa SX1278 (Ra-02),25.0,455,1787960022.75,-52.87,8.89,True,25.44,NORMAL,True
456,V2V_DIRECT,L7_PHYSICAL_BENCH_MODEL,CSS-LoRa SX1278 (Ra-02),25.0,456,1787960022.8,-54.12,9.81,True,25.27,NORMAL,True
457,V2V_DIRECT,L7_PHYSICAL_BENCH_MODEL,CSS-LoRa SX1278 (Ra-02),25.0,457,1787960022.85,-53.63,10.3,True,23.16,NORMAL,True
458,V2V_DIRECT,L7_PHYSICAL_BENCH_MODEL,CSS-LoRa SX1278 (Ra-02),25.0,458,1787960022.9,-58.89,10.23,True,25.53,NORMAL,True
459,V2V_DIRECT,L7_PHYSICAL_BENCH_MODEL,CSS-LoRa SX1278 (Ra-02),25.0,459,1787960022.95,-55.31,11.55,True,30.09,NORMAL,True
460,V2V_DIRECT,L7_PHYSICAL_BENCH_MODEL,CSS-LoRa SX1278 (Ra-02),25.0,460,1787960023.0,-59.73,10.65,True,24.11,NORMAL,True
461,V2V_DIRECT,L7_PHYSICAL_BENCH_MODEL,CSS-LoRa SX1278 (Ra-02),25.0,461,1787960023.05,-58.95,11.42,True,24.74,NORMAL,True
462,V2V_DIRECT,L7_PHYSICAL_BENCH_MODEL,CSS-LoRa SX1278 (Ra-02),25.0,462,1787960023.1,-56.42,12.45,True,23.45,NORMAL,True
463,V2V_DIRECT,L7_PHYSICAL_BENCH_MODEL,CSS-LoRa SX1278 (Ra-02),25.0,463,1787960023.15,-58.62,11.99,True,25.52,NORMAL,True
464,V2V_DIRECT,L7_PHYSICAL_BENCH_MODEL,CSS-LoRa SX1278 (Ra-02),25.0,464,1787960023.2,-53.99,9.6,True,26.8,NORMAL,True
465,V2V_DIRECT,L7_PHYSICAL_BENCH_MODEL,CSS-LoRa SX1278 (Ra-02),25.0,465,1787960023.25,-57.63,12.3,True,26.26,NORMAL,True
466,V2V_DIRECT,L7_PHYSICAL_BENCH_MODEL,CSS-LoRa SX1278 (Ra-02),25.0,466,1787960023.3,-59.37,10.53,True,25.21,NORMAL,True
467,V2V_DIRECT,L7_PHYSICAL_BENCH_MODEL,CSS-LoRa SX1278 (Ra-02),25.0,467,1787960023.35,-62.73,10.44,True,25.87,NORMAL,True
468,V2V_DIRECT,L7_PHYSICAL_BENCH_MODEL,CSS-LoRa SX1278 (Ra-02),25.0,468,1787960023.4,-61.46,9.95,True,24.98,NORMAL,True
469,V2V_DIRECT,L7_PHYSICAL_BENCH_MODEL,CSS-LoRa SX1278 (Ra-02),25.0,469,1787960023.45,-57.04,10.83,True,25.09,NORMAL,True
470,V2V_DIRECT,L7_PHYSICAL_BENCH_MODEL,CSS-LoRa SX1278 (Ra-02),25.0,470,1787960023.5,-56.58,12.18,True,23.23,NORMAL,True
471,V2V_DIRECT,L7_PHYSICAL_BENCH_MODEL,CSS-LoRa SX1278 (Ra-02),25.0,471,1787960023.55,-56.29,11.51,True,24.53,NORMAL,True
472,V2V_DIRECT,L7_PHYSICAL_BENCH_MODEL,CSS-LoRa SX1278 (Ra-02),25.0,472,1787960023.6,-53.85,9.51,True,26.04,NORMAL,True
473,V2V_DIRECT,L7_PHYSICAL_BENCH_MODEL,CSS-LoRa SX1278 (Ra-02),25.0,473,1787960023.65,-54.93,10.41,True,25.64,NORMAL,True
474,V2V_DIRECT,L7_PHYSICAL_BENCH_MODEL,CSS-LoRa SX1278 (Ra-02),25.0,474,1787960023.7,-58.3,9.94,True,21.99,NORMAL,True
475,V2V_DIRECT,L7_PHYSICAL_BENCH_MODEL,CSS-LoRa SX1278 (Ra-02),25.0,475,1787960023.75,-54.58,10.48,True,22.46,NORMAL,True
476,V2V_DIRECT,L7_PHYSICAL_BENCH_MODEL,CSS-LoRa SX1278 (Ra-02),25.0,476,1787960023.8,-57.32,12.67,True,26.24,NORMAL,True
477,V2V_DIRECT,L7_PHYSICAL_BENCH_MODEL,CSS-LoRa SX1278 (Ra-02),25.0,477,1787960023.85,-58.03,9.73,True,24.2,NORMAL,True
478,V2V_DIRECT,L7_PHYSICAL_BENCH_MODEL,CSS-LoRa SX1278 (Ra-02),25.0,478,1787960023.9,-55.78,11.76,True,24.48,NORMAL,True
479,V2V_DIRECT,L7_PHYSICAL_BENCH_MODEL,CSS-LoRa SX1278 (Ra-02),25.0,479,1787960023.95,-57.68,10.86,True,23.92,NORMAL,True
480,V2V_DIRECT,L7_PHYSICAL_BENCH_MODEL,CSS-LoRa SX1278 (Ra-02),25.0,480,1787960024.0,-55.3,12.72,True,25.51,NORMAL,True
481,V2V_DIRECT,L7_PHYSICAL_BENCH_MODEL,CSS-LoRa SX1278 (Ra-02),25.0,481,1787960024.05,-61.5,10.24,True,23.14,NORMAL,True
482,V2V_DIRECT,L7_PHYSICAL_BENCH_MODEL,CSS-LoRa SX1278 (Ra-02),25.0,482,1787960024.1,-59.57,9.98,True,27.21,NORMAL,True
483,V2V_DIRECT,L7_PHYSICAL_BENCH_MODEL,CSS-LoRa SX1278 (Ra-02),25.0,483,1787960024.15,-60.22,10.27,True,25.38,NORMAL,True
484,V2V_DIRECT,L7_PHYSICAL_BENCH_MODEL,CSS-LoRa SX1278 (Ra-02),25.0,484,1787960024.2,-57.26,12.53,True,27.36,NORMAL,True
485,V2V_DIRECT,L7_PHYSICAL_BENCH_MODEL,CSS-LoRa SX1278 (Ra-02),25.0,485,1787960024.25,-59.46,10.26,True,24.47,NORMAL,True
486,V2V_DIRECT,L7_PHYSICAL_BENCH_MODEL,CSS-LoRa SX1278 (Ra-02),25.0,486,1787960024.3,-58.68,8.94,True,22.83,NORMAL,True
487,V2V_DIRECT,L7_PHYSICAL_BENCH_MODEL,CSS-LoRa SX1278 (Ra-02),25.0,487,1787960024.35,-61.02,9.89,True,24.89,NORMAL,True
488,V2V_DIRECT,L7_PHYSICAL_BENCH_MODEL,CSS-LoRa SX1278 (Ra-02),25.0,488,1787960024.4,-57.35,10.77,True,24.54,NORMAL,True
489,V2V_DIRECT,L7_PHYSICAL_BENCH_MODEL,CSS-LoRa SX1278 (Ra-02),25.0,489,1787960024.45,-58.73,9.68,True,26.52,NORMAL,True
490,V2V_DIRECT,L7_PHYSICAL_BENCH_MODEL,CSS-LoRa SX1278 (Ra-02),25.0,490,1787960024.5,-55.72,13.92,True,26.41,NORMAL,True
491,V2V_DIRECT,L7_PHYSICAL_BENCH_MODEL,CSS-LoRa SX1278 (Ra-02),25.0,491,1787960024.55,-54.32,9.9,True,25.52,NORMAL,True
492,V2V_DIRECT,L7_PHYSICAL_BENCH_MODEL,CSS-LoRa SX1278 (Ra-02),25.0,492,1787960024.6,-56.64,11.51,True,25.18,NORMAL,True
493,V2V_DIRECT,L7_PHYSICAL_BENCH_MODEL,CSS-LoRa SX1278 (Ra-02),25.0,493,1787960024.65,-55.83,9.32,True,26.18,NORMAL,True
494,V2V_DIRECT,L7_PHYSICAL_BENCH_MODEL,CSS-LoRa SX1278 (Ra-02),25.0,494,1787960024.7,-54.69,6.45,True,23.77,NORMAL,True
495,V2V_DIRECT,L7_PHYSICAL_BENCH_MODEL,CSS-LoRa SX1278 (Ra-02),25.0,495,1787960024.75,-58.41,10.8,True,25.36,NORMAL,True
496,V2V_DIRECT,L7_PHYSICAL_BENCH_MODEL,CSS-LoRa SX1278 (Ra-02),25.0,496,1787960024.8,-57.34,9.36,True,23.56,NORMAL,True
497,V2V_DIRECT,L7_PHYSICAL_BENCH_MODEL,CSS-LoRa SX1278 (Ra-02),25.0,497,1787960024.85,-58.11,9.18,True,25.33,NORMAL,True
498,V2V_DIRECT,L7_PHYSICAL_BENCH_MODEL,CSS-LoRa SX1278 (Ra-02),25.0,498,1787960024.9,-55.78,8.39,True,25.5,NORMAL,True
499,V2V_DIRECT,L7_PHYSICAL_BENCH_MODEL,CSS-LoRa SX1278 (Ra-02),25.0,499,1787960024.95,-54.55,12.38,True,26.76,NORMAL,True
500,V2V_DIRECT,L7_PHYSICAL_BENCH_MODEL,CSS-LoRa SX1278 (Ra-02),25.0,500,1787960025.0,-54.8,12.35,True,26.9,NORMAL,True
501,V2V_DIRECT,L7_PHYSICAL_BENCH_MODEL,CSS-LoRa SX1278 (Ra-02),25.0,501,1787960025.05,-53.9,12.22,True,24.14,NORMAL,True
502,V2V_DIRECT,L7_PHYSICAL_BENCH_MODEL,CSS-LoRa SX1278 (Ra-02),25.0,502,1787960025.1,-61.21,11.88,True,26.42,NORMAL,True
503,V2V_DIRECT,L7_PHYSICAL_BENCH_MODEL,CSS-LoRa SX1278 (Ra-02),25.0,503,1787960025.15,-59.4,10.05,True,23.73,NORMAL,True
504,V2V_DIRECT,L7_PHYSICAL_BENCH_MODEL,CSS-LoRa SX1278 (Ra-02),25.0,504,1787960025.2,-58.82,11.64,True,24.42,NORMAL,True
505,V2V_DIRECT,L7_PHYSICAL_BENCH_MODEL,CSS-LoRa SX1278 (Ra-02),25.0,505,1787960025.25,-60.19,10.57,True,24.09,NORMAL,True
506,V2V_DIRECT,L7_PHYSICAL_BENCH_MODEL,CSS-LoRa SX1278 (Ra-02),25.0,506,1787960025.3,-61.72,12.07,True,25.42,NORMAL,True
507,V2V_DIRECT,L7_PHYSICAL_BENCH_MODEL,CSS-LoRa SX1278 (Ra-02),25.0,507,1787960025.35,-54.06,12.13,True,24.39,NORMAL,True
508,V2V_DIRECT,L7_PHYSICAL_BENCH_MODEL,CSS-LoRa SX1278 (Ra-02),25.0,508,1787960025.4,-59.38,11.44,True,25.23,NORMAL,True
509,V2V_DIRECT,L7_PHYSICAL_BENCH_MODEL,CSS-LoRa SX1278 (Ra-02),25.0,509,1787960025.45,-55.91,8.49,True,23.45,NORMAL,True
510,V2V_DIRECT,L7_PHYSICAL_BENCH_MODEL,CSS-LoRa SX1278 (Ra-02),25.0,510,1787960025.5,-59.05,10.24,True,24.01,NORMAL,True
511,V2V_DIRECT,L7_PHYSICAL_BENCH_MODEL,CSS-LoRa SX1278 (Ra-02),25.0,511,1787960025.55,-61.87,11.05,True,24.69,NORMAL,True
512,V2V_DIRECT,L7_PHYSICAL_BENCH_MODEL,CSS-LoRa SX1278 (Ra-02),25.0,512,1787960025.6,-57.34,9.11,True,24.67,NORMAL,True
513,V2V_DIRECT,L7_PHYSICAL_BENCH_MODEL,CSS-LoRa SX1278 (Ra-02),25.0,513,1787960025.65,-61.46,10.44,True,24.53,NORMAL,True
514,V2V_DIRECT,L7_PHYSICAL_BENCH_MODEL,CSS-LoRa SX1278 (Ra-02),25.0,514,1787960025.7,-54.81,10.29,True,25.29,NORMAL,True
515,V2V_DIRECT,L7_PHYSICAL_BENCH_MODEL,CSS-LoRa SX1278 (Ra-02),25.0,515,1787960025.75,-52.58,10.56,True,25.59,NORMAL,True
516,V2V_DIRECT,L7_PHYSICAL_BENCH_MODEL,CSS-LoRa SX1278 (Ra-02),25.0,516,1787960025.8,-59.29,11.78,True,21.99,NORMAL,True
517,V2V_DIRECT,L7_PHYSICAL_BENCH_MODEL,CSS-LoRa SX1278 (Ra-02),25.0,517,1787960025.85,-58.74,10.76,True,26.11,NORMAL,True
518,V2V_DIRECT,L7_PHYSICAL_BENCH_MODEL,CSS-LoRa SX1278 (Ra-02),25.0,518,1787960025.9,-55.74,10.72,True,24.04,NORMAL,True
519,V2V_DIRECT,L7_PHYSICAL_BENCH_MODEL,CSS-LoRa SX1278 (Ra-02),25.0,519,1787960025.95,-57.09,12.07,True,22.8,NORMAL,True
520,V2V_DIRECT,L7_PHYSICAL_BENCH_MODEL,CSS-LoRa SX1278 (Ra-02),25.0,520,1787960026.0,-51.53,14.98,True,26.03,NORMAL,True
521,V2V_DIRECT,L7_PHYSICAL_BENCH_MODEL,CSS-LoRa SX1278 (Ra-02),25.0,521,1787960026.05,-54.77,14.08,True,26.15,NORMAL,True
522,V2V_DIRECT,L7_PHYSICAL_BENCH_MODEL,CSS-LoRa SX1278 (Ra-02),25.0,522,1787960026.1,-55.52,11.08,True,24.69,NORMAL,True
523,V2V_DIRECT,L7_PHYSICAL_BENCH_MODEL,CSS-LoRa SX1278 (Ra-02),25.0,523,1787960026.15,-60.34,7.99,True,25.53,NORMAL,True
524,V2V_DIRECT,L7_PHYSICAL_BENCH_MODEL,CSS-LoRa SX1278 (Ra-02),25.0,524,1787960026.2,-59.43,12.23,True,24.96,NORMAL,True
525,V2V_DIRECT,L7_PHYSICAL_BENCH_MODEL,CSS-LoRa SX1278 (Ra-02),25.0,525,1787960026.25,-54.83,8.48,True,24.68,NORMAL,True
526,V2V_DIRECT,L7_PHYSICAL_BENCH_MODEL,CSS-LoRa SX1278 (Ra-02),25.0,526,1787960026.3,-49.28,10.59,True,22.37,NORMAL,True
527,V2V_DIRECT,L7_PHYSICAL_BENCH_MODEL,CSS-LoRa SX1278 (Ra-02),25.0,527,1787960026.35,-56.63,7.78,True,25.63,NORMAL,True
528,V2V_DIRECT,L7_PHYSICAL_BENCH_MODEL,CSS-LoRa SX1278 (Ra-02),25.0,528,1787960026.4,-61.84,10.11,True,22.67,NORMAL,True
529,V2V_DIRECT,L7_PHYSICAL_BENCH_MODEL,CSS-LoRa SX1278 (Ra-02),25.0,529,1787960026.45,-61.79,12.11,True,24.64,NORMAL,True
530,V2V_DIRECT,L7_PHYSICAL_BENCH_MODEL,CSS-LoRa SX1278 (Ra-02),25.0,530,1787960026.5,-56.81,11.53,True,27.87,NORMAL,True
531,V2V_DIRECT,L7_PHYSICAL_BENCH_MODEL,CSS-LoRa SX1278 (Ra-02),25.0,531,1787960026.55,-54.79,9.22,True,24.77,NORMAL,True
532,V2V_DIRECT,L7_PHYSICAL_BENCH_MODEL,CSS-LoRa SX1278 (Ra-02),25.0,532,1787960026.6,-60.12,10.45,True,26.18,NORMAL,True
533,V2V_DIRECT,L7_PHYSICAL_BENCH_MODEL,CSS-LoRa SX1278 (Ra-02),25.0,533,1787960026.65,-54.13,11.94,True,25.81,NORMAL,True
534,V2V_DIRECT,L7_PHYSICAL_BENCH_MODEL,CSS-LoRa SX1278 (Ra-02),25.0,534,1787960026.7,-58.82,8.52,True,24.26,NORMAL,True
535,V2V_DIRECT,L7_PHYSICAL_BENCH_MODEL,CSS-LoRa SX1278 (Ra-02),25.0,535,1787960026.75,-59.2,12.36,True,24.38,NORMAL,True
536,V2V_DIRECT,L7_PHYSICAL_BENCH_MODEL,CSS-LoRa SX1278 (Ra-02),25.0,536,1787960026.8,-55.29,13.07,True,26.21,NORMAL,True
537,V2V_DIRECT,L7_PHYSICAL_BENCH_MODEL,CSS-LoRa SX1278 (Ra-02),25.0,537,1787960026.85,-54.97,11.78,True,25.41,NORMAL,True
538,V2V_DIRECT,L7_PHYSICAL_BENCH_MODEL,CSS-LoRa SX1278 (Ra-02),25.0,538,1787960026.9,-59.34,9.66,True,25.0,NORMAL,True
539,V2V_DIRECT,L7_PHYSICAL_BENCH_MODEL,CSS-LoRa SX1278 (Ra-02),25.0,539,1787960026.95,-54.29,10.07,True,24.16,NORMAL,True
540,V2V_DIRECT,L7_PHYSICAL_BENCH_MODEL,CSS-LoRa SX1278 (Ra-02),25.0,540,1787960027.0,-53.35,11.12,True,21.74,NORMAL,True
541,V2V_DIRECT,L7_PHYSICAL_BENCH_MODEL,CSS-LoRa SX1278 (Ra-02),25.0,541,1787960027.05,-54.41,9.6,True,22.51,NORMAL,True
542,V2V_DIRECT,L7_PHYSICAL_BENCH_MODEL,CSS-LoRa SX1278 (Ra-02),25.0,542,1787960027.1,-61.28,12.8,True,23.86,NORMAL,True
543,V2V_DIRECT,L7_PHYSICAL_BENCH_MODEL,CSS-LoRa SX1278 (Ra-02),25.0,543,1787960027.15,-60.77,10.3,True,22.63,NORMAL,True
544,V2V_DIRECT,L7_PHYSICAL_BENCH_MODEL,CSS-LoRa SX1278 (Ra-02),25.0,544,1787960027.2,-58.45,9.86,True,26.03,NORMAL,True
545,V2V_DIRECT,L7_PHYSICAL_BENCH_MODEL,CSS-LoRa SX1278 (Ra-02),25.0,545,1787960027.25,-57.58,9.03,True,24.7,NORMAL,True
546,V2V_DIRECT,L7_PHYSICAL_BENCH_MODEL,CSS-LoRa SX1278 (Ra-02),25.0,546,1787960027.3,-59.05,10.76,True,23.11,NORMAL,True
547,V2V_DIRECT,L7_PHYSICAL_BENCH_MODEL,CSS-LoRa SX1278 (Ra-02),25.0,547,1787960027.35,-58.95,10.51,True,21.09,NORMAL,True
548,V2V_DIRECT,L7_PHYSICAL_BENCH_MODEL,CSS-LoRa SX1278 (Ra-02),25.0,548,1787960027.4,-55.85,14.3,True,25.31,NORMAL,True
549,V2V_DIRECT,L7_PHYSICAL_BENCH_MODEL,CSS-LoRa SX1278 (Ra-02),25.0,549,1787960027.45,-59.93,11.74,True,23.98,NORMAL,True
550,V2V_DIRECT,L7_PHYSICAL_BENCH_MODEL,CSS-LoRa SX1278 (Ra-02),25.0,550,1787960027.5,-54.54,12.48,True,26.18,NORMAL,True
551,V2V_DIRECT,L7_PHYSICAL_BENCH_MODEL,CSS-LoRa SX1278 (Ra-02),25.0,551,1787960027.55,-54.78,9.9,True,23.84,NORMAL,True
552,V2V_DIRECT,L7_PHYSICAL_BENCH_MODEL,CSS-LoRa SX1278 (Ra-02),25.0,552,1787960027.6,-55.52,9.51,True,24.4,NORMAL,True
553,V2V_DIRECT,L7_PHYSICAL_BENCH_MODEL,CSS-LoRa SX1278 (Ra-02),25.0,553,1787960027.65,-59.77,10.82,True,25.6,NORMAL,True
554,V2V_DIRECT,L7_PHYSICAL_BENCH_MODEL,CSS-LoRa SX1278 (Ra-02),25.0,554,1787960027.7,-56.28,11.89,True,26.26,NORMAL,True
555,V2V_DIRECT,L7_PHYSICAL_BENCH_MODEL,CSS-LoRa SX1278 (Ra-02),25.0,555,1787960027.75,-55.43,11.08,True,24.56,NORMAL,True
556,V2V_DIRECT,L7_PHYSICAL_BENCH_MODEL,CSS-LoRa SX1278 (Ra-02),25.0,556,1787960027.8,-59.49,11.61,True,23.22,NORMAL,True
557,V2V_DIRECT,L7_PHYSICAL_BENCH_MODEL,CSS-LoRa SX1278 (Ra-02),25.0,557,1787960027.85,-56.74,11.23,True,26.29,NORMAL,True
558,V2V_DIRECT,L7_PHYSICAL_BENCH_MODEL,CSS-LoRa SX1278 (Ra-02),25.0,558,1787960027.9,-56.05,11.63,True,25.99,NORMAL,True
559,V2V_DIRECT,L7_PHYSICAL_BENCH_MODEL,CSS-LoRa SX1278 (Ra-02),25.0,559,1787960027.95,-56.28,11.36,True,24.07,NORMAL,True
560,V2V_DIRECT,L7_PHYSICAL_BENCH_MODEL,CSS-LoRa SX1278 (Ra-02),25.0,560,1787960028.0,-54.15,13.16,True,25.08,NORMAL,True
561,V2V_DIRECT,L7_PHYSICAL_BENCH_MODEL,CSS-LoRa SX1278 (Ra-02),25.0,561,1787960028.05,-56.94,10.79,True,26.22,NORMAL,True
562,V2V_DIRECT,L7_PHYSICAL_BENCH_MODEL,CSS-LoRa SX1278 (Ra-02),25.0,562,1787960028.1,-53.31,11.36,True,25.47,NORMAL,True
563,V2V_DIRECT,L7_PHYSICAL_BENCH_MODEL,CSS-LoRa SX1278 (Ra-02),25.0,563,1787960028.15,-60.6,11.55,True,24.53,NORMAL,True
564,V2V_DIRECT,L7_PHYSICAL_BENCH_MODEL,CSS-LoRa SX1278 (Ra-02),25.0,564,1787960028.2,-56.61,10.31,True,25.43,NORMAL,True
565,V2V_DIRECT,L7_PHYSICAL_BENCH_MODEL,CSS-LoRa SX1278 (Ra-02),25.0,565,1787960028.25,-57.11,10.8,True,26.12,NORMAL,True
566,V2V_DIRECT,L7_PHYSICAL_BENCH_MODEL,CSS-LoRa SX1278 (Ra-02),25.0,566,1787960028.3,-56.29,9.7,True,23.54,NORMAL,True
567,V2V_DIRECT,L7_PHYSICAL_BENCH_MODEL,CSS-LoRa SX1278 (Ra-02),25.0,567,1787960028.35,-57.08,11.46,True,24.04,NORMAL,True
568,V2V_DIRECT,L7_PHYSICAL_BENCH_MODEL,CSS-LoRa SX1278 (Ra-02),25.0,568,1787960028.4,-57.23,10.38,True,24.28,NORMAL,True
569,V2V_DIRECT,L7_PHYSICAL_BENCH_MODEL,CSS-LoRa SX1278 (Ra-02),25.0,569,1787960028.45,-60.61,10.71,True,26.66,NORMAL,True
570,V2V_DIRECT,L7_PHYSICAL_BENCH_MODEL,CSS-LoRa SX1278 (Ra-02),25.0,570,1787960028.5,-57.51,10.75,True,26.24,NORMAL,True
571,V2V_DIRECT,L7_PHYSICAL_BENCH_MODEL,CSS-LoRa SX1278 (Ra-02),25.0,571,1787960028.55,-59.64,10.63,True,25.15,NORMAL,True
572,V2V_DIRECT,L7_PHYSICAL_BENCH_MODEL,CSS-LoRa SX1278 (Ra-02),25.0,572,1787960028.6,-57.13,11.48,True,22.94,NORMAL,True
573,V2V_DIRECT,L7_PHYSICAL_BENCH_MODEL,CSS-LoRa SX1278 (Ra-02),25.0,573,1787960028.65,-60.93,10.27,True,25.4,NORMAL,True
574,V2V_DIRECT,L7_PHYSICAL_BENCH_MODEL,CSS-LoRa SX1278 (Ra-02),25.0,574,1787960028.7,-55.23,10.87,True,26.14,NORMAL,True
575,V2V_DIRECT,L7_PHYSICAL_BENCH_MODEL,CSS-LoRa SX1278 (Ra-02),25.0,575,1787960028.75,-58.92,10.2,True,22.01,NORMAL,True
576,V2V_DIRECT,L7_PHYSICAL_BENCH_MODEL,CSS-LoRa SX1278 (Ra-02),25.0,576,1787960028.8,-59.89,10.05,True,22.09,NORMAL,True
577,V2V_DIRECT,L7_PHYSICAL_BENCH_MODEL,CSS-LoRa SX1278 (Ra-02),25.0,577,1787960028.85,-61.68,8.86,True,24.42,NORMAL,True
578,V2V_DIRECT,L7_PHYSICAL_BENCH_MODEL,CSS-LoRa SX1278 (Ra-02),25.0,578,1787960028.9,-58.77,11.13,True,27.69,NORMAL,True
579,V2V_DIRECT,L7_PHYSICAL_BENCH_MODEL,CSS-LoRa SX1278 (Ra-02),25.0,579,1787960028.95,-56.41,10.66,True,23.45,NORMAL,True
580,V2V_DIRECT,L7_PHYSICAL_BENCH_MODEL,CSS-LoRa SX1278 (Ra-02),25.0,580,1787960029.0,-56.7,13.07,True,26.22,NORMAL,True
581,V2V_DIRECT,L7_PHYSICAL_BENCH_MODEL,CSS-LoRa SX1278 (Ra-02),25.0,581,1787960029.05,-60.91,11.13,True,24.16,NORMAL,True
582,V2V_DIRECT,L7_PHYSICAL_BENCH_MODEL,CSS-LoRa SX1278 (Ra-02),25.0,582,1787960029.1,-61.6,10.5,True,23.49,NORMAL,True
583,V2V_DIRECT,L7_PHYSICAL_BENCH_MODEL,CSS-LoRa SX1278 (Ra-02),25.0,583,1787960029.15,-55.52,11.52,True,25.01,NORMAL,True
584,V2V_DIRECT,L7_PHYSICAL_BENCH_MODEL,CSS-LoRa SX1278 (Ra-02),25.0,584,1787960029.2,-54.14,12.39,True,26.74,NORMAL,True
585,V2V_DIRECT,L7_PHYSICAL_BENCH_MODEL,CSS-LoRa SX1278 (Ra-02),25.0,585,1787960029.25,-57.06,11.51,True,23.41,NORMAL,True
586,V2V_DIRECT,L7_PHYSICAL_BENCH_MODEL,CSS-LoRa SX1278 (Ra-02),25.0,586,1787960029.3,-57.72,12.85,True,26.51,NORMAL,True
587,V2V_DIRECT,L7_PHYSICAL_BENCH_MODEL,CSS-LoRa SX1278 (Ra-02),25.0,587,1787960029.35,-58.81,9.73,True,26.62,NORMAL,True
588,V2V_DIRECT,L7_PHYSICAL_BENCH_MODEL,CSS-LoRa SX1278 (Ra-02),25.0,588,1787960029.4,-53.9,11.37,True,27.08,NORMAL,True
589,V2V_DIRECT,L7_PHYSICAL_BENCH_MODEL,CSS-LoRa SX1278 (Ra-02),25.0,589,1787960029.45,-57.06,11.66,True,26.12,NORMAL,True
590,V2V_DIRECT,L7_PHYSICAL_BENCH_MODEL,CSS-LoRa SX1278 (Ra-02),25.0,590,1787960029.5,-61.43,12.59,True,23.32,NORMAL,True
591,V2V_DIRECT,L7_PHYSICAL_BENCH_MODEL,CSS-LoRa SX1278 (Ra-02),25.0,591,1787960029.55,-55.42,13.23,True,28.66,NORMAL,True
592,V2V_DIRECT,L7_PHYSICAL_BENCH_MODEL,CSS-LoRa SX1278 (Ra-02),25.0,592,1787960029.6,-61.9,9.8,True,25.93,NORMAL,True
593,V2V_DIRECT,L7_PHYSICAL_BENCH_MODEL,CSS-LoRa SX1278 (Ra-02),25.0,593,1787960029.65,-61.97,11.88,True,23.89,NORMAL,True
594,V2V_DIRECT,L7_PHYSICAL_BENCH_MODEL,CSS-LoRa SX1278 (Ra-02),25.0,594,1787960029.7,-56.22,9.79,True,27.33,NORMAL,True
595,V2V_DIRECT,L7_PHYSICAL_BENCH_MODEL,CSS-LoRa SX1278 (Ra-02),25.0,595,1787960029.75,-56.03,10.67,True,22.43,NORMAL,True
596,V2V_DIRECT,L7_PHYSICAL_BENCH_MODEL,CSS-LoRa SX1278 (Ra-02),25.0,596,1787960029.8,-62.8,12.37,True,26.36,NORMAL,True
597,V2V_DIRECT,L7_PHYSICAL_BENCH_MODEL,CSS-LoRa SX1278 (Ra-02),25.0,597,1787960029.85,-60.77,12.37,True,26.83,NORMAL,True
598,V2V_DIRECT,L7_PHYSICAL_BENCH_MODEL,CSS-LoRa SX1278 (Ra-02),25.0,598,1787960029.9,-61.22,10.01,True,25.34,NORMAL,True
599,V2V_DIRECT,L7_PHYSICAL_BENCH_MODEL,CSS-LoRa SX1278 (Ra-02),25.0,599,1787960029.95,-55.49,13.79,True,23.84,NORMAL,True
600,V2V_DIRECT,L7_PHYSICAL_BENCH_MODEL,CSS-LoRa SX1278 (Ra-02),25.0,600,1787960030.0,-58.87,9.33,True,25.05,NORMAL,True
601,V2V_DIRECT,L7_PHYSICAL_BENCH_MODEL,CSS-LoRa SX1278 (Ra-02),25.0,601,1787960030.05,-56.83,9.63,True,25.94,NORMAL,True
602,V2V_DIRECT,L7_PHYSICAL_BENCH_MODEL,CSS-LoRa SX1278 (Ra-02),25.0,602,1787960030.1,-55.68,11.25,True,25.39,NORMAL,True
603,V2V_DIRECT,L7_PHYSICAL_BENCH_MODEL,CSS-LoRa SX1278 (Ra-02),25.0,603,1787960030.15,-60.86,9.9,True,25.44,NORMAL,True
604,V2V_DIRECT,L7_PHYSICAL_BENCH_MODEL,CSS-LoRa SX1278 (Ra-02),25.0,604,1787960030.2,-59.52,10.84,True,26.07,NORMAL,True
605,V2V_DIRECT,L7_PHYSICAL_BENCH_MODEL,CSS-LoRa SX1278 (Ra-02),25.0,605,1787960030.25,-54.85,10.64,True,25.35,NORMAL,True
606,V2V_DIRECT,L7_PHYSICAL_BENCH_MODEL,CSS-LoRa SX1278 (Ra-02),25.0,606,1787960030.3,-59.05,10.73,True,24.26,NORMAL,True
607,V2V_DIRECT,L7_PHYSICAL_BENCH_MODEL,CSS-LoRa SX1278 (Ra-02),25.0,607,1787960030.35,-55.1,10.86,True,25.09,NORMAL,True
608,V2V_DIRECT,L7_PHYSICAL_BENCH_MODEL,CSS-LoRa SX1278 (Ra-02),25.0,608,1787960030.4,-59.9,9.78,True,22.91,NORMAL,True
609,V2V_DIRECT,L7_PHYSICAL_BENCH_MODEL,CSS-LoRa SX1278 (Ra-02),25.0,609,1787960030.45,-51.3,11.06,True,24.95,NORMAL,True
610,V2V_DIRECT,L7_PHYSICAL_BENCH_MODEL,CSS-LoRa SX1278 (Ra-02),25.0,610,1787960030.5,-54.95,10.67,True,23.25,NORMAL,True
611,V2V_DIRECT,L7_PHYSICAL_BENCH_MODEL,CSS-LoRa SX1278 (Ra-02),25.0,611,1787960030.55,-58.99,11.76,True,25.33,NORMAL,True
612,V2V_DIRECT,L7_PHYSICAL_BENCH_MODEL,CSS-LoRa SX1278 (Ra-02),25.0,612,1787960030.6,-59.26,9.65,True,21.8,NORMAL,True
613,V2V_DIRECT,L7_PHYSICAL_BENCH_MODEL,CSS-LoRa SX1278 (Ra-02),25.0,613,1787960030.65,-60.43,9.27,True,24.69,NORMAL,True
614,V2V_DIRECT,L7_PHYSICAL_BENCH_MODEL,CSS-LoRa SX1278 (Ra-02),25.0,614,1787960030.7,-57.8,10.16,True,27.97,NORMAL,True
615,V2V_DIRECT,L7_PHYSICAL_BENCH_MODEL,CSS-LoRa SX1278 (Ra-02),25.0,615,1787960030.75,-56.86,8.44,True,25.26,NORMAL,True
616,V2V_DIRECT,L7_PHYSICAL_BENCH_MODEL,CSS-LoRa SX1278 (Ra-02),25.0,616,1787960030.8,-56.09,6.5,True,24.7,NORMAL,True
617,V2V_DIRECT,L7_PHYSICAL_BENCH_MODEL,CSS-LoRa SX1278 (Ra-02),25.0,617,1787960030.85,-57.41,10.26,True,25.32,NORMAL,True
618,V2V_DIRECT,L7_PHYSICAL_BENCH_MODEL,CSS-LoRa SX1278 (Ra-02),25.0,618,1787960030.9,-56.37,11.83,True,25.9,NORMAL,True
619,V2V_DIRECT,L7_PHYSICAL_BENCH_MODEL,CSS-LoRa SX1278 (Ra-02),25.0,619,1787960030.95,-59.41,12.25,True,26.46,NORMAL,True
620,V2V_DIRECT,L7_PHYSICAL_BENCH_MODEL,CSS-LoRa SX1278 (Ra-02),25.0,620,1787960031.0,-58.32,10.09,True,24.3,NORMAL,True
621,V2V_DIRECT,L7_PHYSICAL_BENCH_MODEL,CSS-LoRa SX1278 (Ra-02),25.0,621,1787960031.05,-52.81,11.64,True,25.87,NORMAL,True
622,V2V_DIRECT,L7_PHYSICAL_BENCH_MODEL,CSS-LoRa SX1278 (Ra-02),25.0,622,1787960031.1,-60.49,8.39,True,23.51,NORMAL,True
623,V2V_DIRECT,L7_PHYSICAL_BENCH_MODEL,CSS-LoRa SX1278 (Ra-02),25.0,623,1787960031.15,-54.91,12.48,True,23.09,NORMAL,True
624,V2V_DIRECT,L7_PHYSICAL_BENCH_MODEL,CSS-LoRa SX1278 (Ra-02),25.0,624,1787960031.2,-61.39,10.6,True,22.77,NORMAL,True
625,V2V_DIRECT,L7_PHYSICAL_BENCH_MODEL,CSS-LoRa SX1278 (Ra-02),25.0,625,1787960031.25,-61.03,10.48,True,27.33,NORMAL,True
626,V2V_DIRECT,L7_PHYSICAL_BENCH_MODEL,CSS-LoRa SX1278 (Ra-02),25.0,626,1787960031.3,-61.18,11.25,True,26.37,NORMAL,True
627,V2V_DIRECT,L7_PHYSICAL_BENCH_MODEL,CSS-LoRa SX1278 (Ra-02),25.0,627,1787960031.35,-54.32,12.14,True,24.97,NORMAL,True
628,V2V_DIRECT,L7_PHYSICAL_BENCH_MODEL,CSS-LoRa SX1278 (Ra-02),25.0,628,1787960031.4,-57.14,10.41,True,24.4,NORMAL,True
629,V2V_DIRECT,L7_PHYSICAL_BENCH_MODEL,CSS-LoRa SX1278 (Ra-02),25.0,629,1787960031.45,-58.64,11.17,True,28.15,NORMAL,True
630,V2V_DIRECT,L7_PHYSICAL_BENCH_MODEL,CSS-LoRa SX1278 (Ra-02),25.0,630,1787960031.5,-57.7,10.88,True,22.78,NORMAL,True
631,V2V_DIRECT,L7_PHYSICAL_BENCH_MODEL,CSS-LoRa SX1278 (Ra-02),25.0,631,1787960031.55,-60.94,10.28,True,21.85,NORMAL,True
632,V2V_DIRECT,L7_PHYSICAL_BENCH_MODEL,CSS-LoRa SX1278 (Ra-02),25.0,632,1787960031.6,-60.98,9.21,True,24.63,NORMAL,True
633,V2V_DIRECT,L7_PHYSICAL_BENCH_MODEL,CSS-LoRa SX1278 (Ra-02),25.0,633,1787960031.65,-57.07,8.81,True,24.51,NORMAL,True
634,V2V_DIRECT,L7_PHYSICAL_BENCH_MODEL,CSS-LoRa SX1278 (Ra-02),25.0,634,1787960031.7,-55.97,9.71,True,25.44,NORMAL,True
635,V2V_DIRECT,L7_PHYSICAL_BENCH_MODEL,CSS-LoRa SX1278 (Ra-02),25.0,635,1787960031.75,-61.27,11.52,True,24.2,NORMAL,True
636,V2V_DIRECT,L7_PHYSICAL_BENCH_MODEL,CSS-LoRa SX1278 (Ra-02),25.0,636,1787960031.8,-58.03,12.6,True,23.49,NORMAL,True
637,V2V_DIRECT,L7_PHYSICAL_BENCH_MODEL,CSS-LoRa SX1278 (Ra-02),25.0,637,1787960031.85,-58.93,13.21,True,25.9,NORMAL,True
638,V2V_DIRECT,L7_PHYSICAL_BENCH_MODEL,CSS-LoRa SX1278 (Ra-02),25.0,638,1787960031.9,-54.28,11.74,True,26.18,NORMAL,True
639,V2V_DIRECT,L7_PHYSICAL_BENCH_MODEL,CSS-LoRa SX1278 (Ra-02),25.0,639,1787960031.95,-61.62,13.18,True,22.86,NORMAL,True
640,V2V_DIRECT,L7_PHYSICAL_BENCH_MODEL,CSS-LoRa SX1278 (Ra-02),25.0,640,1787960032.0,-59.18,11.26,True,24.2,NORMAL,True
641,V2V_DIRECT,L7_PHYSICAL_BENCH_MODEL,CSS-LoRa SX1278 (Ra-02),25.0,641,1787960032.05,-55.24,9.78,True,23.16,NORMAL,True
642,V2V_DIRECT,L7_PHYSICAL_BENCH_MODEL,CSS-LoRa SX1278 (Ra-02),25.0,642,1787960032.1,-56.18,11.45,True,23.8,NORMAL,True
643,V2V_DIRECT,L7_PHYSICAL_BENCH_MODEL,CSS-LoRa SX1278 (Ra-02),25.0,643,1787960032.15,-50.34,10.91,True,25.4,NORMAL,True
644,V2V_DIRECT,L7_PHYSICAL_BENCH_MODEL,CSS-LoRa SX1278 (Ra-02),25.0,644,1787960032.2,-64.17,10.92,True,26.99,NORMAL,True
645,V2V_DIRECT,L7_PHYSICAL_BENCH_MODEL,CSS-LoRa SX1278 (Ra-02),25.0,645,1787960032.25,-60.49,11.61,True,25.34,NORMAL,True
646,V2V_DIRECT,L7_PHYSICAL_BENCH_MODEL,CSS-LoRa SX1278 (Ra-02),25.0,646,1787960032.3,-58.82,7.61,True,22.67,NORMAL,True
647,V2V_DIRECT,L7_PHYSICAL_BENCH_MODEL,CSS-LoRa SX1278 (Ra-02),25.0,647,1787960032.35,-54.06,10.58,True,23.52,NORMAL,True
648,V2V_DIRECT,L7_PHYSICAL_BENCH_MODEL,CSS-LoRa SX1278 (Ra-02),25.0,648,1787960032.4,-61.04,11.46,True,26.02,NORMAL,True
649,V2V_DIRECT,L7_PHYSICAL_BENCH_MODEL,CSS-LoRa SX1278 (Ra-02),25.0,649,1787960032.45,-53.58,11.45,True,24.21,NORMAL,True
650,V2V_DIRECT,L7_PHYSICAL_BENCH_MODEL,CSS-LoRa SX1278 (Ra-02),25.0,650,1787960032.5,-56.13,8.61,True,24.25,NORMAL,True
651,V2V_DIRECT,L7_PHYSICAL_BENCH_MODEL,CSS-LoRa SX1278 (Ra-02),25.0,651,1787960032.55,-58.84,9.57,True,25.15,NORMAL,True
652,V2V_DIRECT,L7_PHYSICAL_BENCH_MODEL,CSS-LoRa SX1278 (Ra-02),25.0,652,1787960032.6,-61.65,12.64,True,25.46,NORMAL,True
653,V2V_DIRECT,L7_PHYSICAL_BENCH_MODEL,CSS-LoRa SX1278 (Ra-02),25.0,653,1787960032.65,-54.95,10.87,True,24.17,NORMAL,True
654,V2V_DIRECT,L7_PHYSICAL_BENCH_MODEL,CSS-LoRa SX1278 (Ra-02),25.0,654,1787960032.7,-59.13,13.4,True,25.61,NORMAL,True
655,V2V_DIRECT,L7_PHYSICAL_BENCH_MODEL,CSS-LoRa SX1278 (Ra-02),25.0,655,1787960032.75,-59.98,12.44,True,26.09,NORMAL,True
656,V2V_DIRECT,L7_PHYSICAL_BENCH_MODEL,CSS-LoRa SX1278 (Ra-02),25.0,656,1787960032.8,-61.9,9.75,True,26.0,NORMAL,True
657,V2V_DIRECT,L7_PHYSICAL_BENCH_MODEL,CSS-LoRa SX1278 (Ra-02),25.0,657,1787960032.85,-55.72,12.03,True,25.46,NORMAL,True
658,V2V_DIRECT,L7_PHYSICAL_BENCH_MODEL,CSS-LoRa SX1278 (Ra-02),25.0,658,1787960032.9,-58.64,12.57,True,23.34,NORMAL,True
659,V2V_DIRECT,L7_PHYSICAL_BENCH_MODEL,CSS-LoRa SX1278 (Ra-02),25.0,659,1787960032.95,-61.67,12.2,True,21.42,NORMAL,True
660,V2V_DIRECT,L7_PHYSICAL_BENCH_MODEL,CSS-LoRa SX1278 (Ra-02),25.0,660,1787960033.0,-60.76,12.18,True,26.3,NORMAL,True
661,V2V_DIRECT,L7_PHYSICAL_BENCH_MODEL,CSS-LoRa SX1278 (Ra-02),25.0,661,1787960033.05,-56.55,9.99,True,25.07,NORMAL,True
662,V2V_DIRECT,L7_PHYSICAL_BENCH_MODEL,CSS-LoRa SX1278 (Ra-02),25.0,662,1787960033.1,-58.32,11.6,True,22.75,NORMAL,True
663,V2V_DIRECT,L7_PHYSICAL_BENCH_MODEL,CSS-LoRa SX1278 (Ra-02),25.0,663,1787960033.15,-57.37,12.54,True,23.63,NORMAL,True
664,V2V_DIRECT,L7_PHYSICAL_BENCH_MODEL,CSS-LoRa SX1278 (Ra-02),25.0,664,1787960033.2,-59.22,10.5,True,24.51,NORMAL,True
665,V2V_DIRECT,L7_PHYSICAL_BENCH_MODEL,CSS-LoRa SX1278 (Ra-02),25.0,665,1787960033.25,-58.47,10.43,True,26.37,NORMAL,True
666,V2V_DIRECT,L7_PHYSICAL_BENCH_MODEL,CSS-LoRa SX1278 (Ra-02),25.0,666,1787960033.3,-61.33,9.96,True,22.08,NORMAL,True
667,V2V_DIRECT,L7_PHYSICAL_BENCH_MODEL,CSS-LoRa SX1278 (Ra-02),25.0,667,1787960033.35,-55.97,9.73,True,24.64,NORMAL,True
668,V2V_DIRECT,L7_PHYSICAL_BENCH_MODEL,CSS-LoRa SX1278 (Ra-02),25.0,668,1787960033.4,-57.96,12.62,True,27.15,NORMAL,True
669,V2V_DIRECT,L7_PHYSICAL_BENCH_MODEL,CSS-LoRa SX1278 (Ra-02),25.0,669,1787960033.45,-62.4,10.06,True,24.97,NORMAL,True
670,V2V_DIRECT,L7_PHYSICAL_BENCH_MODEL,CSS-LoRa SX1278 (Ra-02),25.0,670,1787960033.5,-57.85,10.66,True,24.18,NORMAL,True
671,V2V_DIRECT,L7_PHYSICAL_BENCH_MODEL,CSS-LoRa SX1278 (Ra-02),25.0,671,1787960033.55,-54.67,11.23,True,25.78,NORMAL,True
672,V2V_DIRECT,L7_PHYSICAL_BENCH_MODEL,CSS-LoRa SX1278 (Ra-02),25.0,672,1787960033.6,-59.03,10.96,True,23.72,NORMAL,True
673,V2V_DIRECT,L7_PHYSICAL_BENCH_MODEL,CSS-LoRa SX1278 (Ra-02),25.0,673,1787960033.65,-57.06,8.97,True,23.27,NORMAL,True
674,V2V_DIRECT,L7_PHYSICAL_BENCH_MODEL,CSS-LoRa SX1278 (Ra-02),25.0,674,1787960033.7,-54.32,9.89,True,25.24,NORMAL,True
675,V2V_DIRECT,L7_PHYSICAL_BENCH_MODEL,CSS-LoRa SX1278 (Ra-02),25.0,675,1787960033.75,-59.04,9.67,True,24.83,NORMAL,True
676,V2V_DIRECT,L7_PHYSICAL_BENCH_MODEL,CSS-LoRa SX1278 (Ra-02),25.0,676,1787960033.8,-62.19,12.1,True,25.15,NORMAL,True
677,V2V_DIRECT,L7_PHYSICAL_BENCH_MODEL,CSS-LoRa SX1278 (Ra-02),25.0,677,1787960033.85,-58.79,11.73,True,20.83,NORMAL,True
678,V2V_DIRECT,L7_PHYSICAL_BENCH_MODEL,CSS-LoRa SX1278 (Ra-02),25.0,678,1787960033.9,-59.12,9.64,True,24.45,NORMAL,True
679,V2V_DIRECT,L7_PHYSICAL_BENCH_MODEL,CSS-LoRa SX1278 (Ra-02),25.0,679,1787960033.95,-58.83,11.6,True,24.99,NORMAL,True
680,V2V_DIRECT,L7_PHYSICAL_BENCH_MODEL,CSS-LoRa SX1278 (Ra-02),25.0,680,1787960034.0,-54.67,11.21,True,26.51,NORMAL,True
681,V2V_DIRECT,L7_PHYSICAL_BENCH_MODEL,CSS-LoRa SX1278 (Ra-02),25.0,681,1787960034.05,-54.82,11.93,True,26.48,NORMAL,True
682,V2V_DIRECT,L7_PHYSICAL_BENCH_MODEL,CSS-LoRa SX1278 (Ra-02),25.0,682,1787960034.1,-56.78,12.02,True,25.86,NORMAL,True
683,V2V_DIRECT,L7_PHYSICAL_BENCH_MODEL,CSS-LoRa SX1278 (Ra-02),25.0,683,1787960034.15,-61.23,12.43,True,26.99,NORMAL,True
684,V2V_DIRECT,L7_PHYSICAL_BENCH_MODEL,CSS-LoRa SX1278 (Ra-02),25.0,684,1787960034.2,-56.51,12.04,True,24.86,NORMAL,True
685,V2V_DIRECT,L7_PHYSICAL_BENCH_MODEL,CSS-LoRa SX1278 (Ra-02),25.0,685,1787960034.25,-57.49,9.49,True,23.6,NORMAL,True
686,V2V_DIRECT,L7_PHYSICAL_BENCH_MODEL,CSS-LoRa SX1278 (Ra-02),25.0,686,1787960034.3,-51.2,11.73,True,22.16,NORMAL,True
687,V2V_DIRECT,L7_PHYSICAL_BENCH_MODEL,CSS-LoRa SX1278 (Ra-02),25.0,687,1787960034.35,-58.74,11.03,True,26.88,NORMAL,True
688,V2V_DIRECT,L7_PHYSICAL_BENCH_MODEL,CSS-LoRa SX1278 (Ra-02),25.0,688,1787960034.4,-58.98,11.0,True,23.47,NORMAL,True
689,V2V_DIRECT,L7_PHYSICAL_BENCH_MODEL,CSS-LoRa SX1278 (Ra-02),25.0,689,1787960034.45,-59.26,11.19,True,21.84,NORMAL,True
690,V2V_DIRECT,L7_PHYSICAL_BENCH_MODEL,CSS-LoRa SX1278 (Ra-02),25.0,690,1787960034.5,-55.28,10.45,True,24.54,NORMAL,True
691,V2V_DIRECT,L7_PHYSICAL_BENCH_MODEL,CSS-LoRa SX1278 (Ra-02),25.0,691,1787960034.55,-54.61,11.28,True,22.09,NORMAL,True
692,V2V_DIRECT,L7_PHYSICAL_BENCH_MODEL,CSS-LoRa SX1278 (Ra-02),25.0,692,1787960034.6,-61.0,8.12,True,26.4,NORMAL,True
693,V2V_DIRECT,L7_PHYSICAL_BENCH_MODEL,CSS-LoRa SX1278 (Ra-02),25.0,693,1787960034.65,-57.77,13.7,True,24.31,NORMAL,True
694,V2V_DIRECT,L7_PHYSICAL_BENCH_MODEL,CSS-LoRa SX1278 (Ra-02),25.0,694,1787960034.7,-57.82,13.18,True,25.83,NORMAL,True
695,V2V_DIRECT,L7_PHYSICAL_BENCH_MODEL,CSS-LoRa SX1278 (Ra-02),25.0,695,1787960034.75,-59.82,9.83,True,24.87,NORMAL,True
696,V2V_DIRECT,L7_PHYSICAL_BENCH_MODEL,CSS-LoRa SX1278 (Ra-02),25.0,696,1787960034.8,-60.6,12.21,True,26.31,NORMAL,True
697,V2V_DIRECT,L7_PHYSICAL_BENCH_MODEL,CSS-LoRa SX1278 (Ra-02),25.0,697,1787960034.85,-57.54,13.48,True,27.4,NORMAL,True
698,V2V_DIRECT,L7_PHYSICAL_BENCH_MODEL,CSS-LoRa SX1278 (Ra-02),25.0,698,1787960034.9,-53.88,8.78,True,27.11,NORMAL,True
699,V2V_DIRECT,L7_PHYSICAL_BENCH_MODEL,CSS-LoRa SX1278 (Ra-02),25.0,699,1787960034.95,-57.29,10.46,True,23.39,NORMAL,True
700,V2V_DIRECT,L7_PHYSICAL_BENCH_MODEL,CSS-LoRa SX1278 (Ra-02),25.0,700,1787960035.0,-57.47,10.23,True,21.5,NORMAL,True
701,V2V_DIRECT,L7_PHYSICAL_BENCH_MODEL,CSS-LoRa SX1278 (Ra-02),25.0,701,1787960035.05,-56.4,10.56,True,23.15,NORMAL,True
702,V2V_DIRECT,L7_PHYSICAL_BENCH_MODEL,CSS-LoRa SX1278 (Ra-02),25.0,702,1787960035.1,-63.64,11.71,True,24.1,NORMAL,True
703,V2V_DIRECT,L7_PHYSICAL_BENCH_MODEL,CSS-LoRa SX1278 (Ra-02),25.0,703,1787960035.15,-56.86,13.07,True,25.44,NORMAL,True
704,V2V_DIRECT,L7_PHYSICAL_BENCH_MODEL,CSS-LoRa SX1278 (Ra-02),25.0,704,1787960035.2,-57.96,11.33,True,25.59,NORMAL,True
705,V2V_DIRECT,L7_PHYSICAL_BENCH_MODEL,CSS-LoRa SX1278 (Ra-02),25.0,705,1787960035.25,-59.1,12.11,True,21.61,NORMAL,True
706,V2V_DIRECT,L7_PHYSICAL_BENCH_MODEL,CSS-LoRa SX1278 (Ra-02),25.0,706,1787960035.3,-54.02,9.14,True,24.95,NORMAL,True
707,V2V_DIRECT,L7_PHYSICAL_BENCH_MODEL,CSS-LoRa SX1278 (Ra-02),25.0,707,1787960035.35,-61.04,12.29,True,23.93,NORMAL,True
708,V2V_DIRECT,L7_PHYSICAL_BENCH_MODEL,CSS-LoRa SX1278 (Ra-02),25.0,708,1787960035.4,-57.39,12.11,True,25.32,NORMAL,True
709,V2V_DIRECT,L7_PHYSICAL_BENCH_MODEL,CSS-LoRa SX1278 (Ra-02),25.0,709,1787960035.45,-57.65,11.97,True,25.51,NORMAL,True
710,V2V_DIRECT,L7_PHYSICAL_BENCH_MODEL,CSS-LoRa SX1278 (Ra-02),25.0,710,1787960035.5,-56.82,10.53,True,22.07,NORMAL,True
711,V2V_DIRECT,L7_PHYSICAL_BENCH_MODEL,CSS-LoRa SX1278 (Ra-02),25.0,711,1787960035.55,-58.99,10.93,True,23.81,NORMAL,True
712,V2V_DIRECT,L7_PHYSICAL_BENCH_MODEL,CSS-LoRa SX1278 (Ra-02),25.0,712,1787960035.6,-58.18,11.05,True,25.54,NORMAL,True
713,V2V_DIRECT,L7_PHYSICAL_BENCH_MODEL,CSS-LoRa SX1278 (Ra-02),25.0,713,1787960035.65,-57.27,10.15,True,28.84,NORMAL,True
714,V2V_DIRECT,L7_PHYSICAL_BENCH_MODEL,CSS-LoRa SX1278 (Ra-02),25.0,714,1787960035.7,-57.64,9.6,True,25.19,NORMAL,True
715,V2V_DIRECT,L7_PHYSICAL_BENCH_MODEL,CSS-LoRa SX1278 (Ra-02),25.0,715,1787960035.75,-57.38,10.56,True,26.57,NORMAL,True
716,V2V_DIRECT,L7_PHYSICAL_BENCH_MODEL,CSS-LoRa SX1278 (Ra-02),25.0,716,1787960035.8,-53.24,10.61,True,25.28,NORMAL,True
717,V2V_DIRECT,L7_PHYSICAL_BENCH_MODEL,CSS-LoRa SX1278 (Ra-02),25.0,717,1787960035.85,-57.8,10.52,True,24.75,NORMAL,True
718,V2V_DIRECT,L7_PHYSICAL_BENCH_MODEL,CSS-LoRa SX1278 (Ra-02),25.0,718,1787960035.9,-57.53,8.36,True,24.47,NORMAL,True
719,V2V_DIRECT,L7_PHYSICAL_BENCH_MODEL,CSS-LoRa SX1278 (Ra-02),25.0,719,1787960035.95,-59.1,11.27,True,25.44,NORMAL,True
720,V2V_DIRECT,L7_PHYSICAL_BENCH_MODEL,CSS-LoRa SX1278 (Ra-02),25.0,720,1787960036.0,-53.99,12.44,True,24.73,NORMAL,True
721,V2V_DIRECT,L7_PHYSICAL_BENCH_MODEL,CSS-LoRa SX1278 (Ra-02),25.0,721,1787960036.05,-56.04,13.86,True,27.27,NORMAL,True
722,V2V_DIRECT,L7_PHYSICAL_BENCH_MODEL,CSS-LoRa SX1278 (Ra-02),25.0,722,1787960036.1,-58.43,10.02,True,25.63,NORMAL,True
723,V2V_DIRECT,L7_PHYSICAL_BENCH_MODEL,CSS-LoRa SX1278 (Ra-02),25.0,723,1787960036.15,-60.69,9.26,True,26.32,NORMAL,True
724,V2V_DIRECT,L7_PHYSICAL_BENCH_MODEL,CSS-LoRa SX1278 (Ra-02),25.0,724,1787960036.2,-58.41,8.26,True,26.03,NORMAL,True
725,V2V_DIRECT,L7_PHYSICAL_BENCH_MODEL,CSS-LoRa SX1278 (Ra-02),25.0,725,1787960036.25,-59.04,11.69,True,25.51,NORMAL,True
726,V2V_DIRECT,L7_PHYSICAL_BENCH_MODEL,CSS-LoRa SX1278 (Ra-02),25.0,726,1787960036.3,-56.34,8.42,True,24.43,NORMAL,True
727,V2V_DIRECT,L7_PHYSICAL_BENCH_MODEL,CSS-LoRa SX1278 (Ra-02),25.0,727,1787960036.35,-58.3,11.24,True,21.98,NORMAL,True
728,V2V_DIRECT,L7_PHYSICAL_BENCH_MODEL,CSS-LoRa SX1278 (Ra-02),25.0,728,1787960036.4,-59.63,12.08,True,24.05,NORMAL,True
729,V2V_DIRECT,L7_PHYSICAL_BENCH_MODEL,CSS-LoRa SX1278 (Ra-02),25.0,729,1787960036.45,-56.42,9.48,True,26.52,NORMAL,True
730,V2V_DIRECT,L7_PHYSICAL_BENCH_MODEL,CSS-LoRa SX1278 (Ra-02),25.0,730,1787960036.5,-56.28,11.21,True,29.07,NORMAL,True
731,V2V_DIRECT,L7_PHYSICAL_BENCH_MODEL,CSS-LoRa SX1278 (Ra-02),25.0,731,1787960036.55,-59.95,12.39,True,23.72,NORMAL,True
732,V2V_DIRECT,L7_PHYSICAL_BENCH_MODEL,CSS-LoRa SX1278 (Ra-02),25.0,732,1787960036.6,-56.05,10.18,True,23.82,NORMAL,True
733,V2V_DIRECT,L7_PHYSICAL_BENCH_MODEL,CSS-LoRa SX1278 (Ra-02),25.0,733,1787960036.65,-59.44,11.06,True,23.04,NORMAL,True
734,V2V_DIRECT,L7_PHYSICAL_BENCH_MODEL,CSS-LoRa SX1278 (Ra-02),25.0,734,1787960036.7,-60.28,11.6,True,24.38,NORMAL,True
735,V2V_DIRECT,L7_PHYSICAL_BENCH_MODEL,CSS-LoRa SX1278 (Ra-02),25.0,735,1787960036.75,-53.5,11.21,True,23.7,NORMAL,True
736,V2V_DIRECT,L7_PHYSICAL_BENCH_MODEL,CSS-LoRa SX1278 (Ra-02),25.0,736,1787960036.8,-57.26,7.54,True,25.89,NORMAL,True
737,V2V_DIRECT,L7_PHYSICAL_BENCH_MODEL,CSS-LoRa SX1278 (Ra-02),25.0,737,1787960036.85,-55.89,13.9,True,25.9,NORMAL,True
738,V2V_DIRECT,L7_PHYSICAL_BENCH_MODEL,CSS-LoRa SX1278 (Ra-02),25.0,738,1787960036.9,-57.04,11.52,True,24.3,NORMAL,True
739,V2V_DIRECT,L7_PHYSICAL_BENCH_MODEL,CSS-LoRa SX1278 (Ra-02),25.0,739,1787960036.95,-56.85,10.05,True,24.6,NORMAL,True
740,V2V_DIRECT,L7_PHYSICAL_BENCH_MODEL,CSS-LoRa SX1278 (Ra-02),25.0,740,1787960037.0,-58.57,9.26,True,25.57,NORMAL,True
741,V2V_DIRECT,L7_PHYSICAL_BENCH_MODEL,CSS-LoRa SX1278 (Ra-02),25.0,741,1787960037.05,-61.11,12.02,True,26.09,NORMAL,True
742,V2V_DIRECT,L7_PHYSICAL_BENCH_MODEL,CSS-LoRa SX1278 (Ra-02),25.0,742,1787960037.1,-53.48,11.1,True,26.25,NORMAL,True
743,V2V_DIRECT,L7_PHYSICAL_BENCH_MODEL,CSS-LoRa SX1278 (Ra-02),25.0,743,1787960037.15,-60.45,12.74,True,20.14,NORMAL,True
744,V2V_DIRECT,L7_PHYSICAL_BENCH_MODEL,CSS-LoRa SX1278 (Ra-02),25.0,744,1787960037.2,-56.34,11.05,True,25.85,NORMAL,True
745,V2V_DIRECT,L7_PHYSICAL_BENCH_MODEL,CSS-LoRa SX1278 (Ra-02),25.0,745,1787960037.25,-58.45,12.66,True,22.09,NORMAL,True
746,V2V_DIRECT,L7_PHYSICAL_BENCH_MODEL,CSS-LoRa SX1278 (Ra-02),25.0,746,1787960037.3,-59.89,12.77,True,24.57,NORMAL,True
747,V2V_DIRECT,L7_PHYSICAL_BENCH_MODEL,CSS-LoRa SX1278 (Ra-02),25.0,747,1787960037.35,-60.14,10.95,True,23.15,NORMAL,True
748,V2V_DIRECT,L7_PHYSICAL_BENCH_MODEL,CSS-LoRa SX1278 (Ra-02),25.0,748,1787960037.4,-55.59,9.73,True,25.79,NORMAL,True
749,V2V_DIRECT,L7_PHYSICAL_BENCH_MODEL,CSS-LoRa SX1278 (Ra-02),25.0,749,1787960037.45,-55.1,10.18,True,22.73,NORMAL,True
750,V2V_DIRECT,L7_PHYSICAL_BENCH_MODEL,CSS-LoRa SX1278 (Ra-02),25.0,750,1787960037.5,-58.07,11.92,True,26.04,NORMAL,True
751,V2V_DIRECT,L7_PHYSICAL_BENCH_MODEL,CSS-LoRa SX1278 (Ra-02),25.0,751,1787960037.55,-61.24,12.58,True,23.64,NORMAL,True
752,V2V_DIRECT,L7_PHYSICAL_BENCH_MODEL,CSS-LoRa SX1278 (Ra-02),25.0,752,1787960037.6,-61.41,11.98,True,23.46,NORMAL,True
753,V2V_DIRECT,L7_PHYSICAL_BENCH_MODEL,CSS-LoRa SX1278 (Ra-02),25.0,753,1787960037.65,-57.46,8.22,True,25.33,NORMAL,True
754,V2V_DIRECT,L7_PHYSICAL_BENCH_MODEL,CSS-LoRa SX1278 (Ra-02),25.0,754,1787960037.7,-59.0,11.02,True,22.41,NORMAL,True
755,V2V_DIRECT,L7_PHYSICAL_BENCH_MODEL,CSS-LoRa SX1278 (Ra-02),25.0,755,1787960037.75,-55.87,7.68,True,25.92,NORMAL,True
756,V2V_DIRECT,L7_PHYSICAL_BENCH_MODEL,CSS-LoRa SX1278 (Ra-02),25.0,756,1787960037.8,-55.59,12.21,True,25.18,NORMAL,True
757,V2V_DIRECT,L7_PHYSICAL_BENCH_MODEL,CSS-LoRa SX1278 (Ra-02),25.0,757,1787960037.85,-52.45,9.48,True,24.33,NORMAL,True
758,V2V_DIRECT,L7_PHYSICAL_BENCH_MODEL,CSS-LoRa SX1278 (Ra-02),25.0,758,1787960037.9,-61.01,12.34,True,26.46,NORMAL,True
759,V2V_DIRECT,L7_PHYSICAL_BENCH_MODEL,CSS-LoRa SX1278 (Ra-02),25.0,759,1787960037.95,-61.46,10.23,True,25.69,NORMAL,True
760,V2V_DIRECT,L7_PHYSICAL_BENCH_MODEL,CSS-LoRa SX1278 (Ra-02),25.0,760,1787960038.0,-58.85,11.48,True,23.17,NORMAL,True
761,V2V_DIRECT,L7_PHYSICAL_BENCH_MODEL,CSS-LoRa SX1278 (Ra-02),25.0,761,1787960038.05,-55.94,12.32,True,24.29,NORMAL,True
762,V2V_DIRECT,L7_PHYSICAL_BENCH_MODEL,CSS-LoRa SX1278 (Ra-02),25.0,762,1787960038.1,-56.98,7.17,True,25.78,NORMAL,True
763,V2V_DIRECT,L7_PHYSICAL_BENCH_MODEL,CSS-LoRa SX1278 (Ra-02),25.0,763,1787960038.15,-60.39,12.27,True,22.79,NORMAL,True
764,V2V_DIRECT,L7_PHYSICAL_BENCH_MODEL,CSS-LoRa SX1278 (Ra-02),25.0,764,1787960038.2,-53.87,8.27,True,26.1,NORMAL,True
765,V2V_DIRECT,L7_PHYSICAL_BENCH_MODEL,CSS-LoRa SX1278 (Ra-02),25.0,765,1787960038.25,-55.74,11.1,True,24.09,NORMAL,True
766,V2V_DIRECT,L7_PHYSICAL_BENCH_MODEL,CSS-LoRa SX1278 (Ra-02),25.0,766,1787960038.3,-55.56,7.78,True,25.24,NORMAL,True
767,V2V_DIRECT,L7_PHYSICAL_BENCH_MODEL,CSS-LoRa SX1278 (Ra-02),25.0,767,1787960038.35,-54.61,8.17,True,26.98,NORMAL,True
768,V2V_DIRECT,L7_PHYSICAL_BENCH_MODEL,CSS-LoRa SX1278 (Ra-02),25.0,768,1787960038.4,-62.04,11.08,True,27.4,NORMAL,True
769,V2V_DIRECT,L7_PHYSICAL_BENCH_MODEL,CSS-LoRa SX1278 (Ra-02),25.0,769,1787960038.45,-60.0,8.53,True,22.83,NORMAL,True
770,V2V_DIRECT,L7_PHYSICAL_BENCH_MODEL,CSS-LoRa SX1278 (Ra-02),25.0,770,1787960038.5,-55.6,10.48,True,23.88,NORMAL,True
771,V2V_DIRECT,L7_PHYSICAL_BENCH_MODEL,CSS-LoRa SX1278 (Ra-02),25.0,771,1787960038.55,-55.73,10.3,True,24.18,NORMAL,True
772,V2V_DIRECT,L7_PHYSICAL_BENCH_MODEL,CSS-LoRa SX1278 (Ra-02),25.0,772,1787960038.6,-59.19,8.87,True,25.65,NORMAL,True
773,V2V_DIRECT,L7_PHYSICAL_BENCH_MODEL,CSS-LoRa SX1278 (Ra-02),25.0,773,1787960038.65,-52.7,12.89,True,25.5,NORMAL,True
774,V2V_DIRECT,L7_PHYSICAL_BENCH_MODEL,CSS-LoRa SX1278 (Ra-02),25.0,774,1787960038.7,-57.16,11.73,True,24.5,NORMAL,True
775,V2V_DIRECT,L7_PHYSICAL_BENCH_MODEL,CSS-LoRa SX1278 (Ra-02),25.0,775,1787960038.75,-57.45,10.41,True,24.02,NORMAL,True
776,V2V_DIRECT,L7_PHYSICAL_BENCH_MODEL,CSS-LoRa SX1278 (Ra-02),25.0,776,1787960038.8,-57.45,10.81,True,24.74,NORMAL,True
777,V2V_DIRECT,L7_PHYSICAL_BENCH_MODEL,CSS-LoRa SX1278 (Ra-02),25.0,777,1787960038.85,-58.42,10.33,True,26.01,NORMAL,True
778,V2V_DIRECT,L7_PHYSICAL_BENCH_MODEL,CSS-LoRa SX1278 (Ra-02),25.0,778,1787960038.9,-59.02,9.1,True,28.21,NORMAL,True
779,V2V_DIRECT,L7_PHYSICAL_BENCH_MODEL,CSS-LoRa SX1278 (Ra-02),25.0,779,1787960038.95,-53.01,12.83,True,24.68,NORMAL,True
780,V2V_DIRECT,L7_PHYSICAL_BENCH_MODEL,CSS-LoRa SX1278 (Ra-02),25.0,780,1787960039.0,-62.68,9.05,True,25.32,NORMAL,True
781,V2V_DIRECT,L7_PHYSICAL_BENCH_MODEL,CSS-LoRa SX1278 (Ra-02),25.0,781,1787960039.05,-58.34,9.18,True,26.96,NORMAL,True
782,V2V_DIRECT,L7_PHYSICAL_BENCH_MODEL,CSS-LoRa SX1278 (Ra-02),25.0,782,1787960039.1,-57.54,9.56,True,26.83,NORMAL,True
783,V2V_DIRECT,L7_PHYSICAL_BENCH_MODEL,CSS-LoRa SX1278 (Ra-02),25.0,783,1787960039.15,-61.36,13.69,True,25.6,NORMAL,True
784,V2V_DIRECT,L7_PHYSICAL_BENCH_MODEL,CSS-LoRa SX1278 (Ra-02),25.0,784,1787960039.2,-56.93,9.59,True,25.0,NORMAL,True
785,V2V_DIRECT,L7_PHYSICAL_BENCH_MODEL,CSS-LoRa SX1278 (Ra-02),25.0,785,1787960039.25,-59.55,10.1,True,26.34,NORMAL,True
786,V2V_DIRECT,L7_PHYSICAL_BENCH_MODEL,CSS-LoRa SX1278 (Ra-02),25.0,786,1787960039.3,-58.37,10.5,True,25.47,NORMAL,True
787,V2V_DIRECT,L7_PHYSICAL_BENCH_MODEL,CSS-LoRa SX1278 (Ra-02),25.0,787,1787960039.35,-59.81,9.9,True,21.79,NORMAL,True
788,V2V_DIRECT,L7_PHYSICAL_BENCH_MODEL,CSS-LoRa SX1278 (Ra-02),25.0,788,1787960039.4,-62.59,11.62,True,24.63,NORMAL,True
789,V2V_DIRECT,L7_PHYSICAL_BENCH_MODEL,CSS-LoRa SX1278 (Ra-02),25.0,789,1787960039.45,-54.47,11.33,True,20.1,NORMAL,True
790,V2V_DIRECT,L7_PHYSICAL_BENCH_MODEL,CSS-LoRa SX1278 (Ra-02),25.0,790,1787960039.5,-61.48,9.29,True,25.03,NORMAL,True
791,V2V_DIRECT,L7_PHYSICAL_BENCH_MODEL,CSS-LoRa SX1278 (Ra-02),25.0,791,1787960039.55,-55.88,8.8,True,24.04,NORMAL,True
792,V2V_DIRECT,L7_PHYSICAL_BENCH_MODEL,CSS-LoRa SX1278 (Ra-02),25.0,792,1787960039.6,-57.27,11.47,True,25.21,NORMAL,True
793,V2V_DIRECT,L7_PHYSICAL_BENCH_MODEL,CSS-LoRa SX1278 (Ra-02),25.0,793,1787960039.65,-60.96,8.4,True,23.42,NORMAL,True
794,V2V_DIRECT,L7_PHYSICAL_BENCH_MODEL,CSS-LoRa SX1278 (Ra-02),25.0,794,1787960039.7,-60.49,10.54,True,24.08,NORMAL,True
795,V2V_DIRECT,L7_PHYSICAL_BENCH_MODEL,CSS-LoRa SX1278 (Ra-02),25.0,795,1787960039.75,-60.38,11.06,True,24.57,NORMAL,True
796,V2V_DIRECT,L7_PHYSICAL_BENCH_MODEL,CSS-LoRa SX1278 (Ra-02),25.0,796,1787960039.8,-57.68,13.08,True,24.44,NORMAL,True
797,V2V_DIRECT,L7_PHYSICAL_BENCH_MODEL,CSS-LoRa SX1278 (Ra-02),25.0,797,1787960039.85,-62.76,10.11,True,24.33,NORMAL,True
798,V2V_DIRECT,L7_PHYSICAL_BENCH_MODEL,CSS-LoRa SX1278 (Ra-02),25.0,798,1787960039.9,-63.52,11.35,True,24.28,NORMAL,True
799,V2V_DIRECT,L7_PHYSICAL_BENCH_MODEL,CSS-LoRa SX1278 (Ra-02),25.0,799,1787960039.95,-57.61,12.43,True,23.66,NORMAL,True
800,V2V_DIRECT,L7_PHYSICAL_BENCH_MODEL,CSS-LoRa SX1278 (Ra-02),25.0,800,1787960040.0,-57.34,11.58,True,24.43,NORMAL,True
801,V2V_DIRECT,L7_PHYSICAL_BENCH_MODEL,CSS-LoRa SX1278 (Ra-02),25.0,801,1787960040.05,-54.46,9.99,True,24.83,NORMAL,True
802,V2V_DIRECT,L7_PHYSICAL_BENCH_MODEL,CSS-LoRa SX1278 (Ra-02),25.0,802,1787960040.1,-60.28,11.12,True,26.11,NORMAL,True
803,V2V_DIRECT,L7_PHYSICAL_BENCH_MODEL,CSS-LoRa SX1278 (Ra-02),25.0,803,1787960040.15,-56.02,10.33,True,23.63,NORMAL,True
804,V2V_DIRECT,L7_PHYSICAL_BENCH_MODEL,CSS-LoRa SX1278 (Ra-02),25.0,804,1787960040.2,-56.37,11.32,True,18.3,NORMAL,True
805,V2V_DIRECT,L7_PHYSICAL_BENCH_MODEL,CSS-LoRa SX1278 (Ra-02),25.0,805,1787960040.25,-56.32,9.57,True,23.34,NORMAL,True
806,V2V_DIRECT,L7_PHYSICAL_BENCH_MODEL,CSS-LoRa SX1278 (Ra-02),25.0,806,1787960040.3,-60.85,9.62,True,26.15,NORMAL,True
807,V2V_DIRECT,L7_PHYSICAL_BENCH_MODEL,CSS-LoRa SX1278 (Ra-02),25.0,807,1787960040.35,-57.19,9.56,True,23.87,NORMAL,True
808,V2V_DIRECT,L7_PHYSICAL_BENCH_MODEL,CSS-LoRa SX1278 (Ra-02),25.0,808,1787960040.4,-60.16,11.23,True,24.18,NORMAL,True
809,V2V_DIRECT,L7_PHYSICAL_BENCH_MODEL,CSS-LoRa SX1278 (Ra-02),25.0,809,1787960040.45,-60.79,13.6,True,24.63,NORMAL,True
810,V2V_DIRECT,L7_PHYSICAL_BENCH_MODEL,CSS-LoRa SX1278 (Ra-02),25.0,810,1787960040.5,-60.64,7.8,True,24.23,NORMAL,True
811,V2V_DIRECT,L7_PHYSICAL_BENCH_MODEL,CSS-LoRa SX1278 (Ra-02),25.0,811,1787960040.55,-56.85,10.91,True,24.01,NORMAL,True
812,V2V_DIRECT,L7_PHYSICAL_BENCH_MODEL,CSS-LoRa SX1278 (Ra-02),25.0,812,1787960040.6,-57.21,12.44,True,26.7,NORMAL,True
813,V2V_DIRECT,L7_PHYSICAL_BENCH_MODEL,CSS-LoRa SX1278 (Ra-02),25.0,813,1787960040.65,-57.27,9.96,True,26.61,NORMAL,True
814,V2V_DIRECT,L7_PHYSICAL_BENCH_MODEL,CSS-LoRa SX1278 (Ra-02),25.0,814,1787960040.7,-62.26,9.5,True,23.51,NORMAL,True
815,V2V_DIRECT,L7_PHYSICAL_BENCH_MODEL,CSS-LoRa SX1278 (Ra-02),25.0,815,1787960040.75,-53.99,11.96,True,22.57,NORMAL,True
816,V2V_DIRECT,L7_PHYSICAL_BENCH_MODEL,CSS-LoRa SX1278 (Ra-02),25.0,816,1787960040.8,-57.98,8.82,True,26.29,NORMAL,True
817,V2V_DIRECT,L7_PHYSICAL_BENCH_MODEL,CSS-LoRa SX1278 (Ra-02),25.0,817,1787960040.85,-57.63,10.82,True,22.69,NORMAL,True
818,V2V_DIRECT,L7_PHYSICAL_BENCH_MODEL,CSS-LoRa SX1278 (Ra-02),25.0,818,1787960040.9,-62.64,11.23,True,26.04,NORMAL,True
819,V2V_DIRECT,L7_PHYSICAL_BENCH_MODEL,CSS-LoRa SX1278 (Ra-02),25.0,819,1787960040.95,-56.79,12.27,True,23.77,NORMAL,True
820,V2V_DIRECT,L7_PHYSICAL_BENCH_MODEL,CSS-LoRa SX1278 (Ra-02),25.0,820,1787960041.0,-58.18,13.48,True,25.35,NORMAL,True
821,V2V_DIRECT,L7_PHYSICAL_BENCH_MODEL,CSS-LoRa SX1278 (Ra-02),25.0,821,1787960041.05,-58.25,10.09,True,26.96,NORMAL,True
822,V2V_DIRECT,L7_PHYSICAL_BENCH_MODEL,CSS-LoRa SX1278 (Ra-02),25.0,822,1787960041.1,-58.23,8.51,True,24.87,NORMAL,True
823,V2V_DIRECT,L7_PHYSICAL_BENCH_MODEL,CSS-LoRa SX1278 (Ra-02),25.0,823,1787960041.15,-59.25,11.05,True,23.38,NORMAL,True
824,V2V_DIRECT,L7_PHYSICAL_BENCH_MODEL,CSS-LoRa SX1278 (Ra-02),25.0,824,1787960041.2,-57.55,9.85,True,26.65,NORMAL,True
825,V2V_DIRECT,L7_PHYSICAL_BENCH_MODEL,CSS-LoRa SX1278 (Ra-02),25.0,825,1787960041.25,-57.06,12.08,True,27.03,NORMAL,True
826,V2V_DIRECT,L7_PHYSICAL_BENCH_MODEL,CSS-LoRa SX1278 (Ra-02),25.0,826,1787960041.3,-59.52,12.44,True,24.67,NORMAL,True
827,V2V_DIRECT,L7_PHYSICAL_BENCH_MODEL,CSS-LoRa SX1278 (Ra-02),25.0,827,1787960041.35,-59.85,8.75,True,27.93,NORMAL,True
828,V2V_DIRECT,L7_PHYSICAL_BENCH_MODEL,CSS-LoRa SX1278 (Ra-02),25.0,828,1787960041.4,-54.13,12.96,True,24.31,NORMAL,True
829,V2V_DIRECT,L7_PHYSICAL_BENCH_MODEL,CSS-LoRa SX1278 (Ra-02),25.0,829,1787960041.45,-56.7,9.64,True,25.38,NORMAL,True
830,V2V_DIRECT,L7_PHYSICAL_BENCH_MODEL,CSS-LoRa SX1278 (Ra-02),25.0,830,1787960041.5,-53.05,11.08,True,21.33,NORMAL,True
831,V2V_DIRECT,L7_PHYSICAL_BENCH_MODEL,CSS-LoRa SX1278 (Ra-02),25.0,831,1787960041.55,-54.17,9.9,True,26.01,NORMAL,True
832,V2V_DIRECT,L7_PHYSICAL_BENCH_MODEL,CSS-LoRa SX1278 (Ra-02),25.0,832,1787960041.6,-56.6,10.36,True,26.03,NORMAL,True
833,V2V_DIRECT,L7_PHYSICAL_BENCH_MODEL,CSS-LoRa SX1278 (Ra-02),25.0,833,1787960041.65,-55.19,9.71,True,25.78,NORMAL,True
834,V2V_DIRECT,L7_PHYSICAL_BENCH_MODEL,CSS-LoRa SX1278 (Ra-02),25.0,834,1787960041.7,-58.74,11.42,True,27.15,NORMAL,True
835,V2V_DIRECT,L7_PHYSICAL_BENCH_MODEL,CSS-LoRa SX1278 (Ra-02),25.0,835,1787960041.75,-58.2,11.61,True,25.52,NORMAL,True
836,V2V_DIRECT,L7_PHYSICAL_BENCH_MODEL,CSS-LoRa SX1278 (Ra-02),25.0,836,1787960041.8,-56.55,11.17,True,22.52,NORMAL,True
837,V2V_DIRECT,L7_PHYSICAL_BENCH_MODEL,CSS-LoRa SX1278 (Ra-02),25.0,837,1787960041.85,-59.51,11.18,True,26.88,NORMAL,True
838,V2V_DIRECT,L7_PHYSICAL_BENCH_MODEL,CSS-LoRa SX1278 (Ra-02),25.0,838,1787960041.9,-59.92,11.36,True,23.87,NORMAL,True
839,V2V_DIRECT,L7_PHYSICAL_BENCH_MODEL,CSS-LoRa SX1278 (Ra-02),25.0,839,1787960041.95,-59.9,11.4,True,24.08,NORMAL,True
840,V2V_DIRECT,L7_PHYSICAL_BENCH_MODEL,CSS-LoRa SX1278 (Ra-02),25.0,840,1787960042.0,-57.35,8.44,True,23.81,NORMAL,True
841,V2V_DIRECT,L7_PHYSICAL_BENCH_MODEL,CSS-LoRa SX1278 (Ra-02),25.0,841,1787960042.05,-62.27,11.11,True,28.11,NORMAL,True
842,V2V_DIRECT,L7_PHYSICAL_BENCH_MODEL,CSS-LoRa SX1278 (Ra-02),25.0,842,1787960042.1,-59.06,10.17,True,27.76,NORMAL,True
843,V2V_DIRECT,L7_PHYSICAL_BENCH_MODEL,CSS-LoRa SX1278 (Ra-02),25.0,843,1787960042.15,-58.56,11.06,True,27.51,NORMAL,True
844,V2V_DIRECT,L7_PHYSICAL_BENCH_MODEL,CSS-LoRa SX1278 (Ra-02),25.0,844,1787960042.2,-56.83,10.39,True,23.79,NORMAL,True
845,V2V_DIRECT,L7_PHYSICAL_BENCH_MODEL,CSS-LoRa SX1278 (Ra-02),25.0,845,1787960042.25,-57.43,11.05,True,23.44,NORMAL,True
846,V2V_DIRECT,L7_PHYSICAL_BENCH_MODEL,CSS-LoRa SX1278 (Ra-02),25.0,846,1787960042.3,-55.5,10.89,True,26.74,NORMAL,True
847,V2V_DIRECT,L7_PHYSICAL_BENCH_MODEL,CSS-LoRa SX1278 (Ra-02),25.0,847,1787960042.35,-57.28,8.45,True,25.35,NORMAL,True
848,V2V_DIRECT,L7_PHYSICAL_BENCH_MODEL,CSS-LoRa SX1278 (Ra-02),25.0,848,1787960042.4,-60.92,11.01,True,25.08,NORMAL,True
849,V2V_DIRECT,L7_PHYSICAL_BENCH_MODEL,CSS-LoRa SX1278 (Ra-02),25.0,849,1787960042.45,-53.51,9.99,True,22.2,NORMAL,True
850,V2V_DIRECT,L7_PHYSICAL_BENCH_MODEL,CSS-LoRa SX1278 (Ra-02),25.0,850,1787960042.5,-59.2,9.61,True,24.41,NORMAL,True
851,V2V_DIRECT,L7_PHYSICAL_BENCH_MODEL,CSS-LoRa SX1278 (Ra-02),25.0,851,1787960042.55,-54.94,10.54,True,23.83,NORMAL,True
852,V2V_DIRECT,L7_PHYSICAL_BENCH_MODEL,CSS-LoRa SX1278 (Ra-02),25.0,852,1787960042.6,-54.23,10.47,True,24.3,NORMAL,True
853,V2V_DIRECT,L7_PHYSICAL_BENCH_MODEL,CSS-LoRa SX1278 (Ra-02),25.0,853,1787960042.65,-60.89,12.71,True,24.87,NORMAL,True
854,V2V_DIRECT,L7_PHYSICAL_BENCH_MODEL,CSS-LoRa SX1278 (Ra-02),25.0,854,1787960042.7,-57.47,10.26,True,27.42,NORMAL,True
855,V2V_DIRECT,L7_PHYSICAL_BENCH_MODEL,CSS-LoRa SX1278 (Ra-02),25.0,855,1787960042.75,-58.39,10.7,True,24.84,NORMAL,True
856,V2V_DIRECT,L7_PHYSICAL_BENCH_MODEL,CSS-LoRa SX1278 (Ra-02),25.0,856,1787960042.8,-58.78,12.05,True,28.24,NORMAL,True
857,V2V_DIRECT,L7_PHYSICAL_BENCH_MODEL,CSS-LoRa SX1278 (Ra-02),25.0,857,1787960042.85,-61.69,10.3,True,26.11,NORMAL,True
858,V2V_DIRECT,L7_PHYSICAL_BENCH_MODEL,CSS-LoRa SX1278 (Ra-02),25.0,858,1787960042.9,-59.63,10.13,True,25.31,NORMAL,True
859,V2V_DIRECT,L7_PHYSICAL_BENCH_MODEL,CSS-LoRa SX1278 (Ra-02),25.0,859,1787960042.95,-62.01,12.54,True,25.34,NORMAL,True
860,V2V_DIRECT,L7_PHYSICAL_BENCH_MODEL,CSS-LoRa SX1278 (Ra-02),25.0,860,1787960043.0,-56.88,9.35,True,26.05,NORMAL,True
861,V2V_DIRECT,L7_PHYSICAL_BENCH_MODEL,CSS-LoRa SX1278 (Ra-02),25.0,861,1787960043.05,-59.04,11.24,True,25.33,NORMAL,True
862,V2V_DIRECT,L7_PHYSICAL_BENCH_MODEL,CSS-LoRa SX1278 (Ra-02),25.0,862,1787960043.1,-55.54,8.54,True,24.32,NORMAL,True
863,V2V_DIRECT,L7_PHYSICAL_BENCH_MODEL,CSS-LoRa SX1278 (Ra-02),25.0,863,1787960043.15,-58.42,12.75,True,24.39,NORMAL,True
864,V2V_DIRECT,L7_PHYSICAL_BENCH_MODEL,CSS-LoRa SX1278 (Ra-02),25.0,864,1787960043.2,-56.32,9.16,True,26.06,NORMAL,True
865,V2V_DIRECT,L7_PHYSICAL_BENCH_MODEL,CSS-LoRa SX1278 (Ra-02),25.0,865,1787960043.25,-57.51,10.3,True,23.01,NORMAL,True
866,V2V_DIRECT,L7_PHYSICAL_BENCH_MODEL,CSS-LoRa SX1278 (Ra-02),25.0,866,1787960043.3,-58.4,11.91,True,24.66,NORMAL,True
867,V2V_DIRECT,L7_PHYSICAL_BENCH_MODEL,CSS-LoRa SX1278 (Ra-02),25.0,867,1787960043.35,-58.92,9.06,True,25.56,NORMAL,True
868,V2V_DIRECT,L7_PHYSICAL_BENCH_MODEL,CSS-LoRa SX1278 (Ra-02),25.0,868,1787960043.4,-57.95,9.44,True,21.9,NORMAL,True
869,V2V_DIRECT,L7_PHYSICAL_BENCH_MODEL,CSS-LoRa SX1278 (Ra-02),25.0,869,1787960043.45,-56.52,10.49,True,23.82,NORMAL,True
870,V2V_DIRECT,L7_PHYSICAL_BENCH_MODEL,CSS-LoRa SX1278 (Ra-02),25.0,870,1787960043.5,-59.36,12.87,True,26.72,NORMAL,True
871,V2V_DIRECT,L7_PHYSICAL_BENCH_MODEL,CSS-LoRa SX1278 (Ra-02),25.0,871,1787960043.55,-58.65,11.5,True,23.96,NORMAL,True
872,V2V_DIRECT,L7_PHYSICAL_BENCH_MODEL,CSS-LoRa SX1278 (Ra-02),25.0,872,1787960043.6,-58.91,9.95,True,21.31,NORMAL,True
873,V2V_DIRECT,L7_PHYSICAL_BENCH_MODEL,CSS-LoRa SX1278 (Ra-02),25.0,873,1787960043.65,-59.83,9.66,True,25.43,NORMAL,True
874,V2V_DIRECT,L7_PHYSICAL_BENCH_MODEL,CSS-LoRa SX1278 (Ra-02),25.0,874,1787960043.7,-58.52,10.84,True,23.96,NORMAL,True
875,V2V_DIRECT,L7_PHYSICAL_BENCH_MODEL,CSS-LoRa SX1278 (Ra-02),25.0,875,1787960043.75,-60.72,8.42,True,27.15,NORMAL,True
876,V2V_DIRECT,L7_PHYSICAL_BENCH_MODEL,CSS-LoRa SX1278 (Ra-02),25.0,876,1787960043.8,-56.53,11.54,True,23.39,NORMAL,True
877,V2V_DIRECT,L7_PHYSICAL_BENCH_MODEL,CSS-LoRa SX1278 (Ra-02),25.0,877,1787960043.85,-60.74,11.42,True,26.66,NORMAL,True
878,V2V_DIRECT,L7_PHYSICAL_BENCH_MODEL,CSS-LoRa SX1278 (Ra-02),25.0,878,1787960043.9,-56.94,9.76,True,26.23,NORMAL,True
879,V2V_DIRECT,L7_PHYSICAL_BENCH_MODEL,CSS-LoRa SX1278 (Ra-02),25.0,879,1787960043.95,-56.62,12.89,True,26.01,NORMAL,True
880,V2V_DIRECT,L7_PHYSICAL_BENCH_MODEL,CSS-LoRa SX1278 (Ra-02),25.0,880,1787960044.0,-61.45,8.64,True,25.61,NORMAL,True
881,V2V_DIRECT,L7_PHYSICAL_BENCH_MODEL,CSS-LoRa SX1278 (Ra-02),25.0,881,1787960044.05,-57.96,10.35,True,23.9,NORMAL,True
882,V2V_DIRECT,L7_PHYSICAL_BENCH_MODEL,CSS-LoRa SX1278 (Ra-02),25.0,882,1787960044.1,-56.18,11.63,True,25.25,NORMAL,True
883,V2V_DIRECT,L7_PHYSICAL_BENCH_MODEL,CSS-LoRa SX1278 (Ra-02),25.0,883,1787960044.15,-54.83,15.14,True,23.83,NORMAL,True
884,V2V_DIRECT,L7_PHYSICAL_BENCH_MODEL,CSS-LoRa SX1278 (Ra-02),25.0,884,1787960044.2,-57.39,11.75,True,25.75,NORMAL,True
885,V2V_DIRECT,L7_PHYSICAL_BENCH_MODEL,CSS-LoRa SX1278 (Ra-02),25.0,885,1787960044.25,-60.16,10.51,True,26.56,NORMAL,True
886,V2V_DIRECT,L7_PHYSICAL_BENCH_MODEL,CSS-LoRa SX1278 (Ra-02),25.0,886,1787960044.3,-59.94,9.61,True,24.9,NORMAL,True
887,V2V_DIRECT,L7_PHYSICAL_BENCH_MODEL,CSS-LoRa SX1278 (Ra-02),25.0,887,1787960044.35,-58.5,11.58,True,26.41,NORMAL,True
888,V2V_DIRECT,L7_PHYSICAL_BENCH_MODEL,CSS-LoRa SX1278 (Ra-02),25.0,888,1787960044.4,-61.09,8.77,True,25.1,NORMAL,True
889,V2V_DIRECT,L7_PHYSICAL_BENCH_MODEL,CSS-LoRa SX1278 (Ra-02),25.0,889,1787960044.45,-59.65,11.37,True,24.24,NORMAL,True
890,V2V_DIRECT,L7_PHYSICAL_BENCH_MODEL,CSS-LoRa SX1278 (Ra-02),25.0,890,1787960044.5,-57.31,11.33,True,24.28,NORMAL,True
891,V2V_DIRECT,L7_PHYSICAL_BENCH_MODEL,CSS-LoRa SX1278 (Ra-02),25.0,891,1787960044.55,-55.97,11.45,True,26.55,NORMAL,True
892,V2V_DIRECT,L7_PHYSICAL_BENCH_MODEL,CSS-LoRa SX1278 (Ra-02),25.0,892,1787960044.6,-58.16,11.59,True,26.55,NORMAL,True
893,V2V_DIRECT,L7_PHYSICAL_BENCH_MODEL,CSS-LoRa SX1278 (Ra-02),25.0,893,1787960044.65,-58.88,11.06,True,25.1,NORMAL,True
894,V2V_DIRECT,L7_PHYSICAL_BENCH_MODEL,CSS-LoRa SX1278 (Ra-02),25.0,894,1787960044.7,-59.03,10.41,True,25.21,NORMAL,True
895,V2V_DIRECT,L7_PHYSICAL_BENCH_MODEL,CSS-LoRa SX1278 (Ra-02),25.0,895,1787960044.75,-60.59,11.34,True,24.06,NORMAL,True
896,V2V_DIRECT,L7_PHYSICAL_BENCH_MODEL,CSS-LoRa SX1278 (Ra-02),25.0,896,1787960044.8,-60.57,7.74,True,27.07,NORMAL,True
897,V2V_DIRECT,L7_PHYSICAL_BENCH_MODEL,CSS-LoRa SX1278 (Ra-02),25.0,897,1787960044.85,-58.28,10.66,True,25.06,NORMAL,True
898,V2V_DIRECT,L7_PHYSICAL_BENCH_MODEL,CSS-LoRa SX1278 (Ra-02),25.0,898,1787960044.9,-54.67,11.87,True,23.04,NORMAL,True
899,V2V_DIRECT,L7_PHYSICAL_BENCH_MODEL,CSS-LoRa SX1278 (Ra-02),25.0,899,1787960044.95,-59.69,8.46,True,26.75,NORMAL,True
900,V2V_DIRECT,L7_PHYSICAL_BENCH_MODEL,CSS-LoRa SX1278 (Ra-02),25.0,900,1787960045.0,-55.87,12.26,True,24.35,NORMAL,True
901,V2V_DIRECT,L7_PHYSICAL_BENCH_MODEL,CSS-LoRa SX1278 (Ra-02),25.0,901,1787960045.05,-59.76,10.56,True,24.9,NORMAL,True
902,V2V_DIRECT,L7_PHYSICAL_BENCH_MODEL,CSS-LoRa SX1278 (Ra-02),25.0,902,1787960045.1,-59.84,10.05,True,23.32,NORMAL,True
903,V2V_DIRECT,L7_PHYSICAL_BENCH_MODEL,CSS-LoRa SX1278 (Ra-02),25.0,903,1787960045.15,-58.96,11.15,True,24.37,NORMAL,True
904,V2V_DIRECT,L7_PHYSICAL_BENCH_MODEL,CSS-LoRa SX1278 (Ra-02),25.0,904,1787960045.2,-57.05,12.1,True,25.76,NORMAL,True
905,V2V_DIRECT,L7_PHYSICAL_BENCH_MODEL,CSS-LoRa SX1278 (Ra-02),25.0,905,1787960045.25,-57.23,9.56,True,24.51,NORMAL,True
906,V2V_DIRECT,L7_PHYSICAL_BENCH_MODEL,CSS-LoRa SX1278 (Ra-02),25.0,906,1787960045.3,-56.98,9.1,True,21.2,NORMAL,True
907,V2V_DIRECT,L7_PHYSICAL_BENCH_MODEL,CSS-LoRa SX1278 (Ra-02),25.0,907,1787960045.35,-59.57,9.82,True,23.88,NORMAL,True
908,V2V_DIRECT,L7_PHYSICAL_BENCH_MODEL,CSS-LoRa SX1278 (Ra-02),25.0,908,1787960045.4,-57.4,11.64,True,22.32,NORMAL,True
909,V2V_DIRECT,L7_PHYSICAL_BENCH_MODEL,CSS-LoRa SX1278 (Ra-02),25.0,909,1787960045.45,-57.87,12.06,True,22.34,NORMAL,True
910,V2V_DIRECT,L7_PHYSICAL_BENCH_MODEL,CSS-LoRa SX1278 (Ra-02),25.0,910,1787960045.5,-62.59,11.96,True,20.68,NORMAL,True
911,V2V_DIRECT,L7_PHYSICAL_BENCH_MODEL,CSS-LoRa SX1278 (Ra-02),25.0,911,1787960045.55,-58.43,12.47,True,24.66,NORMAL,True
912,V2V_DIRECT,L7_PHYSICAL_BENCH_MODEL,CSS-LoRa SX1278 (Ra-02),25.0,912,1787960045.6,-62.96,11.24,True,25.93,NORMAL,True
913,V2V_DIRECT,L7_PHYSICAL_BENCH_MODEL,CSS-LoRa SX1278 (Ra-02),25.0,913,1787960045.65,-57.48,7.56,True,24.85,NORMAL,True
914,V2V_DIRECT,L7_PHYSICAL_BENCH_MODEL,CSS-LoRa SX1278 (Ra-02),25.0,914,1787960045.7,-60.08,11.82,True,23.94,NORMAL,True
915,V2V_DIRECT,L7_PHYSICAL_BENCH_MODEL,CSS-LoRa SX1278 (Ra-02),25.0,915,1787960045.75,-52.72,8.09,True,24.09,NORMAL,True
916,V2V_DIRECT,L7_PHYSICAL_BENCH_MODEL,CSS-LoRa SX1278 (Ra-02),25.0,916,1787960045.8,-62.05,11.04,True,26.07,NORMAL,True
917,V2V_DIRECT,L7_PHYSICAL_BENCH_MODEL,CSS-LoRa SX1278 (Ra-02),25.0,917,1787960045.85,-61.82,13.29,True,28.36,NORMAL,True
918,V2V_DIRECT,L7_PHYSICAL_BENCH_MODEL,CSS-LoRa SX1278 (Ra-02),25.0,918,1787960045.9,-61.97,12.03,True,23.73,NORMAL,True
919,V2V_DIRECT,L7_PHYSICAL_BENCH_MODEL,CSS-LoRa SX1278 (Ra-02),25.0,919,1787960045.95,-61.27,10.21,True,21.36,NORMAL,True
920,V2V_DIRECT,L7_PHYSICAL_BENCH_MODEL,CSS-LoRa SX1278 (Ra-02),25.0,920,1787960046.0,-57.08,10.41,True,27.0,NORMAL,True
921,V2V_DIRECT,L7_PHYSICAL_BENCH_MODEL,CSS-LoRa SX1278 (Ra-02),25.0,921,1787960046.05,-59.37,11.88,True,25.8,NORMAL,True
922,V2V_DIRECT,L7_PHYSICAL_BENCH_MODEL,CSS-LoRa SX1278 (Ra-02),25.0,922,1787960046.1,-57.08,11.35,True,26.16,NORMAL,True
923,V2V_DIRECT,L7_PHYSICAL_BENCH_MODEL,CSS-LoRa SX1278 (Ra-02),25.0,923,1787960046.15,-56.97,12.98,True,24.84,NORMAL,True
924,V2V_DIRECT,L7_PHYSICAL_BENCH_MODEL,CSS-LoRa SX1278 (Ra-02),25.0,924,1787960046.2,-59.51,9.84,True,26.12,NORMAL,True
925,V2V_DIRECT,L7_PHYSICAL_BENCH_MODEL,CSS-LoRa SX1278 (Ra-02),25.0,925,1787960046.25,-61.19,8.95,True,23.14,NORMAL,True
926,V2V_DIRECT,L7_PHYSICAL_BENCH_MODEL,CSS-LoRa SX1278 (Ra-02),25.0,926,1787960046.3,-58.09,12.16,True,23.13,NORMAL,True
927,V2V_DIRECT,L7_PHYSICAL_BENCH_MODEL,CSS-LoRa SX1278 (Ra-02),25.0,927,1787960046.35,-58.1,9.66,True,24.17,NORMAL,True
928,V2V_DIRECT,L7_PHYSICAL_BENCH_MODEL,CSS-LoRa SX1278 (Ra-02),25.0,928,1787960046.4,-55.38,10.58,True,23.32,NORMAL,True
929,V2V_DIRECT,L7_PHYSICAL_BENCH_MODEL,CSS-LoRa SX1278 (Ra-02),25.0,929,1787960046.45,-54.09,10.14,True,23.57,NORMAL,True
930,V2V_DIRECT,L7_PHYSICAL_BENCH_MODEL,CSS-LoRa SX1278 (Ra-02),25.0,930,1787960046.5,-56.62,10.69,True,26.72,NORMAL,True
931,V2V_DIRECT,L7_PHYSICAL_BENCH_MODEL,CSS-LoRa SX1278 (Ra-02),25.0,931,1787960046.55,-60.7,9.51,True,22.86,NORMAL,True
932,V2V_DIRECT,L7_PHYSICAL_BENCH_MODEL,CSS-LoRa SX1278 (Ra-02),25.0,932,1787960046.6,-56.85,9.01,True,23.26,NORMAL,True
933,V2V_DIRECT,L7_PHYSICAL_BENCH_MODEL,CSS-LoRa SX1278 (Ra-02),25.0,933,1787960046.65,-59.98,7.81,True,24.45,NORMAL,True
934,V2V_DIRECT,L7_PHYSICAL_BENCH_MODEL,CSS-LoRa SX1278 (Ra-02),25.0,934,1787960046.7,-58.07,5.92,True,24.51,NORMAL,True
935,V2V_DIRECT,L7_PHYSICAL_BENCH_MODEL,CSS-LoRa SX1278 (Ra-02),25.0,935,1787960046.75,-54.76,12.65,True,22.92,NORMAL,True
936,V2V_DIRECT,L7_PHYSICAL_BENCH_MODEL,CSS-LoRa SX1278 (Ra-02),25.0,936,1787960046.8,-60.85,11.21,True,23.04,NORMAL,True
937,V2V_DIRECT,L7_PHYSICAL_BENCH_MODEL,CSS-LoRa SX1278 (Ra-02),25.0,937,1787960046.85,-58.0,10.0,True,25.3,NORMAL,True
938,V2V_DIRECT,L7_PHYSICAL_BENCH_MODEL,CSS-LoRa SX1278 (Ra-02),25.0,938,1787960046.9,-53.72,12.0,True,26.86,NORMAL,True
939,V2V_DIRECT,L7_PHYSICAL_BENCH_MODEL,CSS-LoRa SX1278 (Ra-02),25.0,939,1787960046.95,-58.82,9.48,True,24.35,NORMAL,True
940,V2V_DIRECT,L7_PHYSICAL_BENCH_MODEL,CSS-LoRa SX1278 (Ra-02),25.0,940,1787960047.0,-57.71,9.58,True,23.27,NORMAL,True
941,V2V_DIRECT,L7_PHYSICAL_BENCH_MODEL,CSS-LoRa SX1278 (Ra-02),25.0,941,1787960047.05,-55.12,9.54,True,25.64,NORMAL,True
942,V2V_DIRECT,L7_PHYSICAL_BENCH_MODEL,CSS-LoRa SX1278 (Ra-02),25.0,942,1787960047.1,-55.55,13.11,True,26.16,NORMAL,True
943,V2V_DIRECT,L7_PHYSICAL_BENCH_MODEL,CSS-LoRa SX1278 (Ra-02),25.0,943,1787960047.15,-56.62,9.15,True,25.01,NORMAL,True
944,V2V_DIRECT,L7_PHYSICAL_BENCH_MODEL,CSS-LoRa SX1278 (Ra-02),25.0,944,1787960047.2,-58.68,10.83,True,25.74,NORMAL,True
945,V2V_DIRECT,L7_PHYSICAL_BENCH_MODEL,CSS-LoRa SX1278 (Ra-02),25.0,945,1787960047.25,-58.07,9.51,True,24.54,NORMAL,True
946,V2V_DIRECT,L7_PHYSICAL_BENCH_MODEL,CSS-LoRa SX1278 (Ra-02),25.0,946,1787960047.3,-58.54,12.26,True,23.35,NORMAL,True
947,V2V_DIRECT,L7_PHYSICAL_BENCH_MODEL,CSS-LoRa SX1278 (Ra-02),25.0,947,1787960047.35,-58.79,8.4,True,24.36,NORMAL,True
948,V2V_DIRECT,L7_PHYSICAL_BENCH_MODEL,CSS-LoRa SX1278 (Ra-02),25.0,948,1787960047.4,-59.41,10.63,True,24.53,NORMAL,True
949,V2V_DIRECT,L7_PHYSICAL_BENCH_MODEL,CSS-LoRa SX1278 (Ra-02),25.0,949,1787960047.45,-56.09,9.33,True,25.23,NORMAL,True
950,V2V_DIRECT,L7_PHYSICAL_BENCH_MODEL,CSS-LoRa SX1278 (Ra-02),25.0,950,1787960047.5,-60.0,10.27,True,24.72,NORMAL,True
951,V2V_DIRECT,L7_PHYSICAL_BENCH_MODEL,CSS-LoRa SX1278 (Ra-02),25.0,951,1787960047.55,-54.55,7.71,True,24.27,NORMAL,True
952,V2V_DIRECT,L7_PHYSICAL_BENCH_MODEL,CSS-LoRa SX1278 (Ra-02),25.0,952,1787960047.6,-59.66,8.65,True,23.98,NORMAL,True
953,V2V_DIRECT,L7_PHYSICAL_BENCH_MODEL,CSS-LoRa SX1278 (Ra-02),25.0,953,1787960047.65,-61.26,10.32,True,24.52,NORMAL,True
954,V2V_DIRECT,L7_PHYSICAL_BENCH_MODEL,CSS-LoRa SX1278 (Ra-02),25.0,954,1787960047.7,-52.83,9.71,True,24.29,NORMAL,True
955,V2V_DIRECT,L7_PHYSICAL_BENCH_MODEL,CSS-LoRa SX1278 (Ra-02),25.0,955,1787960047.75,-57.15,8.94,True,20.39,NORMAL,True
956,V2V_DIRECT,L7_PHYSICAL_BENCH_MODEL,CSS-LoRa SX1278 (Ra-02),25.0,956,1787960047.8,-58.66,11.21,True,25.49,NORMAL,True
957,V2V_DIRECT,L7_PHYSICAL_BENCH_MODEL,CSS-LoRa SX1278 (Ra-02),25.0,957,1787960047.85,-62.18,11.94,True,23.27,NORMAL,True
958,V2V_DIRECT,L7_PHYSICAL_BENCH_MODEL,CSS-LoRa SX1278 (Ra-02),25.0,958,1787960047.9,-58.84,10.72,True,23.55,NORMAL,True
959,V2V_DIRECT,L7_PHYSICAL_BENCH_MODEL,CSS-LoRa SX1278 (Ra-02),25.0,959,1787960047.95,-57.71,8.78,True,22.32,NORMAL,True
960,V2V_DIRECT,L7_PHYSICAL_BENCH_MODEL,CSS-LoRa SX1278 (Ra-02),25.0,960,1787960048.0,-58.49,9.25,True,26.53,NORMAL,True
961,V2V_DIRECT,L7_PHYSICAL_BENCH_MODEL,CSS-LoRa SX1278 (Ra-02),25.0,961,1787960048.05,-53.01,10.15,True,23.43,NORMAL,True
962,V2V_DIRECT,L7_PHYSICAL_BENCH_MODEL,CSS-LoRa SX1278 (Ra-02),25.0,962,1787960048.1,-56.0,8.97,True,25.3,NORMAL,True
963,V2V_DIRECT,L7_PHYSICAL_BENCH_MODEL,CSS-LoRa SX1278 (Ra-02),25.0,963,1787960048.15,-58.76,9.13,True,20.84,NORMAL,True
964,V2V_DIRECT,L7_PHYSICAL_BENCH_MODEL,CSS-LoRa SX1278 (Ra-02),25.0,964,1787960048.2,-58.21,10.51,True,26.0,NORMAL,True
965,V2V_DIRECT,L7_PHYSICAL_BENCH_MODEL,CSS-LoRa SX1278 (Ra-02),25.0,965,1787960048.25,-57.63,10.14,True,26.49,NORMAL,True
966,V2V_DIRECT,L7_PHYSICAL_BENCH_MODEL,CSS-LoRa SX1278 (Ra-02),25.0,966,1787960048.3,-52.54,9.84,True,24.34,NORMAL,True
967,V2V_DIRECT,L7_PHYSICAL_BENCH_MODEL,CSS-LoRa SX1278 (Ra-02),25.0,967,1787960048.35,-60.28,11.69,True,25.51,NORMAL,True
968,V2V_DIRECT,L7_PHYSICAL_BENCH_MODEL,CSS-LoRa SX1278 (Ra-02),25.0,968,1787960048.4,-59.19,12.41,True,26.37,NORMAL,True
969,V2V_DIRECT,L7_PHYSICAL_BENCH_MODEL,CSS-LoRa SX1278 (Ra-02),25.0,969,1787960048.45,-57.18,10.63,True,23.23,NORMAL,True
970,V2V_DIRECT,L7_PHYSICAL_BENCH_MODEL,CSS-LoRa SX1278 (Ra-02),25.0,970,1787960048.5,-58.7,11.33,True,22.76,NORMAL,True
971,V2V_DIRECT,L7_PHYSICAL_BENCH_MODEL,CSS-LoRa SX1278 (Ra-02),25.0,971,1787960048.55,-56.8,9.09,True,25.5,NORMAL,True
972,V2V_DIRECT,L7_PHYSICAL_BENCH_MODEL,CSS-LoRa SX1278 (Ra-02),25.0,972,1787960048.6,-60.73,10.71,True,23.3,NORMAL,True
973,V2V_DIRECT,L7_PHYSICAL_BENCH_MODEL,CSS-LoRa SX1278 (Ra-02),25.0,973,1787960048.65,-56.76,13.47,True,24.84,NORMAL,True
974,V2V_DIRECT,L7_PHYSICAL_BENCH_MODEL,CSS-LoRa SX1278 (Ra-02),25.0,974,1787960048.7,-62.27,9.74,True,25.05,NORMAL,True
975,V2V_DIRECT,L7_PHYSICAL_BENCH_MODEL,CSS-LoRa SX1278 (Ra-02),25.0,975,1787960048.75,-61.08,8.63,True,24.29,NORMAL,True
976,V2V_DIRECT,L7_PHYSICAL_BENCH_MODEL,CSS-LoRa SX1278 (Ra-02),25.0,976,1787960048.8,-53.43,10.22,True,23.77,NORMAL,True
977,V2V_DIRECT,L7_PHYSICAL_BENCH_MODEL,CSS-LoRa SX1278 (Ra-02),25.0,977,1787960048.85,-59.92,12.18,True,25.19,NORMAL,True
978,V2V_DIRECT,L7_PHYSICAL_BENCH_MODEL,CSS-LoRa SX1278 (Ra-02),25.0,978,1787960048.9,-64.37,11.18,True,22.9,NORMAL,True
979,V2V_DIRECT,L7_PHYSICAL_BENCH_MODEL,CSS-LoRa SX1278 (Ra-02),25.0,979,1787960048.95,-60.59,8.38,True,27.33,NORMAL,True
980,V2V_DIRECT,L7_PHYSICAL_BENCH_MODEL,CSS-LoRa SX1278 (Ra-02),25.0,980,1787960049.0,-55.66,13.34,True,23.36,NORMAL,True
981,V2V_DIRECT,L7_PHYSICAL_BENCH_MODEL,CSS-LoRa SX1278 (Ra-02),25.0,981,1787960049.05,-58.29,10.17,True,24.04,NORMAL,True
982,V2V_DIRECT,L7_PHYSICAL_BENCH_MODEL,CSS-LoRa SX1278 (Ra-02),25.0,982,1787960049.1,-55.25,10.38,True,22.01,NORMAL,True
983,V2V_DIRECT,L7_PHYSICAL_BENCH_MODEL,CSS-LoRa SX1278 (Ra-02),25.0,983,1787960049.15,-58.4,10.1,True,24.39,NORMAL,True
984,V2V_DIRECT,L7_PHYSICAL_BENCH_MODEL,CSS-LoRa SX1278 (Ra-02),25.0,984,1787960049.2,-57.24,13.0,True,25.26,NORMAL,True
985,V2V_DIRECT,L7_PHYSICAL_BENCH_MODEL,CSS-LoRa SX1278 (Ra-02),25.0,985,1787960049.25,-58.91,14.32,True,23.34,NORMAL,True
986,V2V_DIRECT,L7_PHYSICAL_BENCH_MODEL,CSS-LoRa SX1278 (Ra-02),25.0,986,1787960049.3,-52.15,13.26,True,25.1,NORMAL,True
987,V2V_DIRECT,L7_PHYSICAL_BENCH_MODEL,CSS-LoRa SX1278 (Ra-02),25.0,987,1787960049.35,-57.73,10.0,True,25.91,NORMAL,True
988,V2V_DIRECT,L7_PHYSICAL_BENCH_MODEL,CSS-LoRa SX1278 (Ra-02),25.0,988,1787960049.4,-59.74,9.73,True,25.47,NORMAL,True
989,V2V_DIRECT,L7_PHYSICAL_BENCH_MODEL,CSS-LoRa SX1278 (Ra-02),25.0,989,1787960049.45,-54.45,10.57,True,25.2,NORMAL,True
990,V2V_DIRECT,L7_PHYSICAL_BENCH_MODEL,CSS-LoRa SX1278 (Ra-02),25.0,990,1787960049.5,-58.72,10.34,True,23.65,NORMAL,True
991,V2V_DIRECT,L7_PHYSICAL_BENCH_MODEL,CSS-LoRa SX1278 (Ra-02),25.0,991,1787960049.55,-57.0,12.17,True,23.62,NORMAL,True
992,V2V_DIRECT,L7_PHYSICAL_BENCH_MODEL,CSS-LoRa SX1278 (Ra-02),25.0,992,1787960049.6,-63.04,9.08,True,25.34,NORMAL,True
993,V2V_DIRECT,L7_PHYSICAL_BENCH_MODEL,CSS-LoRa SX1278 (Ra-02),25.0,993,1787960049.65,-55.17,11.93,True,23.18,NORMAL,True
994,V2V_DIRECT,L7_PHYSICAL_BENCH_MODEL,CSS-LoRa SX1278 (Ra-02),25.0,994,1787960049.7,-55.61,9.29,True,25.62,NORMAL,True
995,V2V_DIRECT,L7_PHYSICAL_BENCH_MODEL,CSS-LoRa SX1278 (Ra-02),25.0,995,1787960049.75,-56.8,9.75,True,25.2,NORMAL,True
996,V2V_DIRECT,L7_PHYSICAL_BENCH_MODEL,CSS-LoRa SX1278 (Ra-02),25.0,996,1787960049.8,-56.15,11.7,True,22.64,NORMAL,True
997,V2V_DIRECT,L7_PHYSICAL_BENCH_MODEL,CSS-LoRa SX1278 (Ra-02),25.0,997,1787960049.85,-59.69,12.12,True,24.87,NORMAL,True
998,V2V_DIRECT,L7_PHYSICAL_BENCH_MODEL,CSS-LoRa SX1278 (Ra-02),25.0,998,1787960049.9,-52.7,12.04,True,25.96,NORMAL,True
999,V2V_DIRECT,L7_PHYSICAL_BENCH_MODEL,CSS-LoRa SX1278 (Ra-02),25.0,999,1787960049.95,-58.74,9.71,True,26.69,NORMAL,True
1000,V2V_DIRECT,L7_PHYSICAL_BENCH_MODEL,CSS-LoRa SX1278 (Ra-02),25.0,1000,1787960050.0,-56.28,10.49,True,25.13,NORMAL,True
1001,TRUCK_TO_GATEWAY,L7_PHYSICAL_BENCH_MODEL,CSS-LoRa SX1278 (Ra-02),75.0,1,1787960050.05,-75.97,9.45,True,27.24,NORMAL,True
1002,TRUCK_TO_GATEWAY,L7_PHYSICAL_BENCH_MODEL,CSS-LoRa SX1278 (Ra-02),75.0,2,1787960050.1,-73.9,6.48,True,27.25,NORMAL,True
1003,TRUCK_TO_GATEWAY,L7_PHYSICAL_BENCH_MODEL,CSS-LoRa SX1278 (Ra-02),75.0,3,1787960050.15,-70.47,10.81,True,26.08,NORMAL,True
1004,TRUCK_TO_GATEWAY,L7_PHYSICAL_BENCH_MODEL,CSS-LoRa SX1278 (Ra-02),75.0,4,1787960050.2,-125.0,-22.0,False,,NORMAL,True
1005,TRUCK_TO_GATEWAY,L7_PHYSICAL_BENCH_MODEL,CSS-LoRa SX1278 (Ra-02),75.0,5,1787960050.25,-74.28,10.41,True,23.34,NORMAL,True
1006,TRUCK_TO_GATEWAY,L7_PHYSICAL_BENCH_MODEL,CSS-LoRa SX1278 (Ra-02),75.0,6,1787960050.3,-70.3,6.56,True,25.72,NORMAL,True
1007,TRUCK_TO_GATEWAY,L7_PHYSICAL_BENCH_MODEL,CSS-LoRa SX1278 (Ra-02),75.0,7,1787960050.35,-69.04,7.91,True,26.16,NORMAL,True
1008,TRUCK_TO_GATEWAY,L7_PHYSICAL_BENCH_MODEL,CSS-LoRa SX1278 (Ra-02),75.0,8,1787960050.4,-79.06,6.04,True,29.4,NORMAL,True
1009,TRUCK_TO_GATEWAY,L7_PHYSICAL_BENCH_MODEL,CSS-LoRa SX1278 (Ra-02),75.0,9,1787960050.45,-67.54,7.05,True,21.75,NORMAL,True
1010,TRUCK_TO_GATEWAY,L7_PHYSICAL_BENCH_MODEL,CSS-LoRa SX1278 (Ra-02),75.0,10,1787960050.5,-75.74,9.47,True,22.76,NORMAL,True
1011,TRUCK_TO_GATEWAY,L7_PHYSICAL_BENCH_MODEL,CSS-LoRa SX1278 (Ra-02),75.0,11,1787960050.55,-76.1,6.07,True,23.84,NORMAL,True
1012,TRUCK_TO_GATEWAY,L7_PHYSICAL_BENCH_MODEL,CSS-LoRa SX1278 (Ra-02),75.0,12,1787960050.6,-73.71,10.97,True,28.32,NORMAL,True
1013,TRUCK_TO_GATEWAY,L7_PHYSICAL_BENCH_MODEL,CSS-LoRa SX1278 (Ra-02),75.0,13,1787960050.65,-66.11,8.59,True,26.11,NORMAL,True
1014,TRUCK_TO_GATEWAY,L7_PHYSICAL_BENCH_MODEL,CSS-LoRa SX1278 (Ra-02),75.0,14,1787960050.7,-68.4,5.27,True,23.72,NORMAL,True
1015,TRUCK_TO_GATEWAY,L7_PHYSICAL_BENCH_MODEL,CSS-LoRa SX1278 (Ra-02),75.0,15,1787960050.75,-72.07,5.81,True,23.99,NORMAL,True
1016,TRUCK_TO_GATEWAY,L7_PHYSICAL_BENCH_MODEL,CSS-LoRa SX1278 (Ra-02),75.0,16,1787960050.8,-73.09,9.19,True,22.44,NORMAL,True
1017,TRUCK_TO_GATEWAY,L7_PHYSICAL_BENCH_MODEL,CSS-LoRa SX1278 (Ra-02),75.0,17,1787960050.85,-70.76,8.15,True,24.58,NORMAL,True
1018,TRUCK_TO_GATEWAY,L7_PHYSICAL_BENCH_MODEL,CSS-LoRa SX1278 (Ra-02),75.0,18,1787960050.9,-72.14,8.79,True,26.58,NORMAL,True
1019,TRUCK_TO_GATEWAY,L7_PHYSICAL_BENCH_MODEL,CSS-LoRa SX1278 (Ra-02),75.0,19,1787960050.95,-75.76,8.64,True,27.33,NORMAL,True
1020,TRUCK_TO_GATEWAY,L7_PHYSICAL_BENCH_MODEL,CSS-LoRa SX1278 (Ra-02),75.0,20,1787960051.0,-72.29,10.85,True,26.0,NORMAL,True
1021,TRUCK_TO_GATEWAY,L7_PHYSICAL_BENCH_MODEL,CSS-LoRa SX1278 (Ra-02),75.0,21,1787960051.05,-74.99,7.54,True,25.59,NORMAL,True
1022,TRUCK_TO_GATEWAY,L7_PHYSICAL_BENCH_MODEL,CSS-LoRa SX1278 (Ra-02),75.0,22,1787960051.1,-72.13,10.56,True,21.99,NORMAL,True
1023,TRUCK_TO_GATEWAY,L7_PHYSICAL_BENCH_MODEL,CSS-LoRa SX1278 (Ra-02),75.0,23,1787960051.15,-71.54,9.79,True,24.08,NORMAL,True
1024,TRUCK_TO_GATEWAY,L7_PHYSICAL_BENCH_MODEL,CSS-LoRa SX1278 (Ra-02),75.0,24,1787960051.2,-74.96,6.19,True,22.58,NORMAL,True
1025,TRUCK_TO_GATEWAY,L7_PHYSICAL_BENCH_MODEL,CSS-LoRa SX1278 (Ra-02),75.0,25,1787960051.25,-72.1,8.68,True,24.22,NORMAL,True
1026,TRUCK_TO_GATEWAY,L7_PHYSICAL_BENCH_MODEL,CSS-LoRa SX1278 (Ra-02),75.0,26,1787960051.3,-71.18,8.58,True,25.58,NORMAL,True
1027,TRUCK_TO_GATEWAY,L7_PHYSICAL_BENCH_MODEL,CSS-LoRa SX1278 (Ra-02),75.0,27,1787960051.35,-76.66,6.49,True,24.46,NORMAL,True
1028,TRUCK_TO_GATEWAY,L7_PHYSICAL_BENCH_MODEL,CSS-LoRa SX1278 (Ra-02),75.0,28,1787960051.4,-80.71,8.21,True,26.23,NORMAL,True
1029,TRUCK_TO_GATEWAY,L7_PHYSICAL_BENCH_MODEL,CSS-LoRa SX1278 (Ra-02),75.0,29,1787960051.45,-72.22,6.44,True,27.3,NORMAL,True
1030,TRUCK_TO_GATEWAY,L7_PHYSICAL_BENCH_MODEL,CSS-LoRa SX1278 (Ra-02),75.0,30,1787960051.5,-68.78,6.23,True,24.87,NORMAL,True
1031,TRUCK_TO_GATEWAY,L7_PHYSICAL_BENCH_MODEL,CSS-LoRa SX1278 (Ra-02),75.0,31,1787960051.55,-70.49,6.48,True,24.28,NORMAL,True
1032,TRUCK_TO_GATEWAY,L7_PHYSICAL_BENCH_MODEL,CSS-LoRa SX1278 (Ra-02),75.0,32,1787960051.6,-73.28,8.73,True,23.8,NORMAL,True
1033,TRUCK_TO_GATEWAY,L7_PHYSICAL_BENCH_MODEL,CSS-LoRa SX1278 (Ra-02),75.0,33,1787960051.65,-75.68,8.04,True,25.86,NORMAL,True
1034,TRUCK_TO_GATEWAY,L7_PHYSICAL_BENCH_MODEL,CSS-LoRa SX1278 (Ra-02),75.0,34,1787960051.7,-71.66,7.38,True,25.57,NORMAL,True
1035,TRUCK_TO_GATEWAY,L7_PHYSICAL_BENCH_MODEL,CSS-LoRa SX1278 (Ra-02),75.0,35,1787960051.75,-73.2,7.6,True,25.3,NORMAL,True
1036,TRUCK_TO_GATEWAY,L7_PHYSICAL_BENCH_MODEL,CSS-LoRa SX1278 (Ra-02),75.0,36,1787960051.8,-71.94,6.98,True,24.38,NORMAL,True
1037,TRUCK_TO_GATEWAY,L7_PHYSICAL_BENCH_MODEL,CSS-LoRa SX1278 (Ra-02),75.0,37,1787960051.85,-71.99,8.99,True,25.48,NORMAL,True
1038,TRUCK_TO_GATEWAY,L7_PHYSICAL_BENCH_MODEL,CSS-LoRa SX1278 (Ra-02),75.0,38,1787960051.9,-71.85,8.02,True,23.34,NORMAL,True
1039,TRUCK_TO_GATEWAY,L7_PHYSICAL_BENCH_MODEL,CSS-LoRa SX1278 (Ra-02),75.0,39,1787960051.95,-68.65,5.19,True,23.76,NORMAL,True
1040,TRUCK_TO_GATEWAY,L7_PHYSICAL_BENCH_MODEL,CSS-LoRa SX1278 (Ra-02),75.0,40,1787960052.0,-69.18,7.78,True,25.72,NORMAL,True
1041,TRUCK_TO_GATEWAY,L7_PHYSICAL_BENCH_MODEL,CSS-LoRa SX1278 (Ra-02),75.0,41,1787960052.05,-73.48,8.85,True,26.3,NORMAL,True
1042,TRUCK_TO_GATEWAY,L7_PHYSICAL_BENCH_MODEL,CSS-LoRa SX1278 (Ra-02),75.0,42,1787960052.1,-76.32,8.17,True,28.93,NORMAL,True
1043,TRUCK_TO_GATEWAY,L7_PHYSICAL_BENCH_MODEL,CSS-LoRa SX1278 (Ra-02),75.0,43,1787960052.15,-69.96,7.02,True,25.05,NORMAL,True
1044,TRUCK_TO_GATEWAY,L7_PHYSICAL_BENCH_MODEL,CSS-LoRa SX1278 (Ra-02),75.0,44,1787960052.2,-71.22,8.52,True,24.28,NORMAL,True
1045,TRUCK_TO_GATEWAY,L7_PHYSICAL_BENCH_MODEL,CSS-LoRa SX1278 (Ra-02),75.0,45,1787960052.25,-73.63,9.39,True,24.78,NORMAL,True
1046,TRUCK_TO_GATEWAY,L7_PHYSICAL_BENCH_MODEL,CSS-LoRa SX1278 (Ra-02),75.0,46,1787960052.3,-71.07,8.06,True,25.29,NORMAL,True
1047,TRUCK_TO_GATEWAY,L7_PHYSICAL_BENCH_MODEL,CSS-LoRa SX1278 (Ra-02),75.0,47,1787960052.35,-75.52,8.58,True,23.93,NORMAL,True
1048,TRUCK_TO_GATEWAY,L7_PHYSICAL_BENCH_MODEL,CSS-LoRa SX1278 (Ra-02),75.0,48,1787960052.4,-71.34,6.6,True,25.52,NORMAL,True
1049,TRUCK_TO_GATEWAY,L7_PHYSICAL_BENCH_MODEL,CSS-LoRa SX1278 (Ra-02),75.0,49,1787960052.4499,-72.84,8.55,True,25.91,NORMAL,True
1050,TRUCK_TO_GATEWAY,L7_PHYSICAL_BENCH_MODEL,CSS-LoRa SX1278 (Ra-02),75.0,50,1787960052.4999,-70.69,9.83,True,24.05,NORMAL,True
1051,TRUCK_TO_GATEWAY,L7_PHYSICAL_BENCH_MODEL,CSS-LoRa SX1278 (Ra-02),75.0,51,1787960052.5499,-73.85,8.42,True,22.91,NORMAL,True
1052,TRUCK_TO_GATEWAY,L7_PHYSICAL_BENCH_MODEL,CSS-LoRa SX1278 (Ra-02),75.0,52,1787960052.5999,-74.55,6.62,True,25.27,NORMAL,True
1053,TRUCK_TO_GATEWAY,L7_PHYSICAL_BENCH_MODEL,CSS-LoRa SX1278 (Ra-02),75.0,53,1787960052.6499,-72.98,9.69,True,23.76,NORMAL,True
1054,TRUCK_TO_GATEWAY,L7_PHYSICAL_BENCH_MODEL,CSS-LoRa SX1278 (Ra-02),75.0,54,1787960052.6999,-76.65,9.09,True,25.05,NORMAL,True
1055,TRUCK_TO_GATEWAY,L7_PHYSICAL_BENCH_MODEL,CSS-LoRa SX1278 (Ra-02),75.0,55,1787960052.7499,-77.22,6.82,True,26.14,NORMAL,True
1056,TRUCK_TO_GATEWAY,L7_PHYSICAL_BENCH_MODEL,CSS-LoRa SX1278 (Ra-02),75.0,56,1787960052.7999,-66.17,7.34,True,23.49,NORMAL,True
1057,TRUCK_TO_GATEWAY,L7_PHYSICAL_BENCH_MODEL,CSS-LoRa SX1278 (Ra-02),75.0,57,1787960052.8499,-74.65,9.1,True,25.65,NORMAL,True
1058,TRUCK_TO_GATEWAY,L7_PHYSICAL_BENCH_MODEL,CSS-LoRa SX1278 (Ra-02),75.0,58,1787960052.8999,-73.04,11.49,True,22.02,NORMAL,True
1059,TRUCK_TO_GATEWAY,L7_PHYSICAL_BENCH_MODEL,CSS-LoRa SX1278 (Ra-02),75.0,59,1787960052.9499,-71.49,7.79,True,25.76,NORMAL,True
1060,TRUCK_TO_GATEWAY,L7_PHYSICAL_BENCH_MODEL,CSS-LoRa SX1278 (Ra-02),75.0,60,1787960052.9999,-70.14,8.8,True,24.02,NORMAL,True
1061,TRUCK_TO_GATEWAY,L7_PHYSICAL_BENCH_MODEL,CSS-LoRa SX1278 (Ra-02),75.0,61,1787960053.0499,-75.42,10.17,True,23.7,NORMAL,True
1062,TRUCK_TO_GATEWAY,L7_PHYSICAL_BENCH_MODEL,CSS-LoRa SX1278 (Ra-02),75.0,62,1787960053.0999,-70.08,9.18,True,24.62,NORMAL,True
1063,TRUCK_TO_GATEWAY,L7_PHYSICAL_BENCH_MODEL,CSS-LoRa SX1278 (Ra-02),75.0,63,1787960053.1499,-73.03,7.93,True,28.49,NORMAL,True
1064,TRUCK_TO_GATEWAY,L7_PHYSICAL_BENCH_MODEL,CSS-LoRa SX1278 (Ra-02),75.0,64,1787960053.1999,-73.34,9.87,True,23.67,NORMAL,True
1065,TRUCK_TO_GATEWAY,L7_PHYSICAL_BENCH_MODEL,CSS-LoRa SX1278 (Ra-02),75.0,65,1787960053.2499,-74.73,6.8,True,24.03,NORMAL,True
1066,TRUCK_TO_GATEWAY,L7_PHYSICAL_BENCH_MODEL,CSS-LoRa SX1278 (Ra-02),75.0,66,1787960053.2999,-72.32,5.53,True,26.51,NORMAL,True
1067,TRUCK_TO_GATEWAY,L7_PHYSICAL_BENCH_MODEL,CSS-LoRa SX1278 (Ra-02),75.0,67,1787960053.3499,-71.83,7.7,True,25.36,NORMAL,True
1068,TRUCK_TO_GATEWAY,L7_PHYSICAL_BENCH_MODEL,CSS-LoRa SX1278 (Ra-02),75.0,68,1787960053.3999,-76.44,4.61,True,23.0,NORMAL,True
1069,TRUCK_TO_GATEWAY,L7_PHYSICAL_BENCH_MODEL,CSS-LoRa SX1278 (Ra-02),75.0,69,1787960053.4499,-73.28,8.04,True,23.92,NORMAL,True
1070,TRUCK_TO_GATEWAY,L7_PHYSICAL_BENCH_MODEL,CSS-LoRa SX1278 (Ra-02),75.0,70,1787960053.4999,-71.04,7.49,True,24.3,NORMAL,True
1071,TRUCK_TO_GATEWAY,L7_PHYSICAL_BENCH_MODEL,CSS-LoRa SX1278 (Ra-02),75.0,71,1787960053.5499,-72.44,9.46,True,27.0,NORMAL,True
1072,TRUCK_TO_GATEWAY,L7_PHYSICAL_BENCH_MODEL,CSS-LoRa SX1278 (Ra-02),75.0,72,1787960053.5999,-70.58,9.82,True,23.49,NORMAL,True
1073,TRUCK_TO_GATEWAY,L7_PHYSICAL_BENCH_MODEL,CSS-LoRa SX1278 (Ra-02),75.0,73,1787960053.6499,-74.68,6.09,True,22.82,NORMAL,True
1074,TRUCK_TO_GATEWAY,L7_PHYSICAL_BENCH_MODEL,CSS-LoRa SX1278 (Ra-02),75.0,74,1787960053.6999,-70.82,8.81,True,27.34,NORMAL,True
1075,TRUCK_TO_GATEWAY,L7_PHYSICAL_BENCH_MODEL,CSS-LoRa SX1278 (Ra-02),75.0,75,1787960053.7499,-71.92,7.32,True,25.95,NORMAL,True
1076,TRUCK_TO_GATEWAY,L7_PHYSICAL_BENCH_MODEL,CSS-LoRa SX1278 (Ra-02),75.0,76,1787960053.7999,-71.84,9.62,True,25.94,NORMAL,True
1077,TRUCK_TO_GATEWAY,L7_PHYSICAL_BENCH_MODEL,CSS-LoRa SX1278 (Ra-02),75.0,77,1787960053.8499,-75.51,7.01,True,22.75,NORMAL,True
1078,TRUCK_TO_GATEWAY,L7_PHYSICAL_BENCH_MODEL,CSS-LoRa SX1278 (Ra-02),75.0,78,1787960053.8999,-74.22,11.84,True,24.33,NORMAL,True
1079,TRUCK_TO_GATEWAY,L7_PHYSICAL_BENCH_MODEL,CSS-LoRa SX1278 (Ra-02),75.0,79,1787960053.9499,-75.67,8.02,True,24.37,NORMAL,True
1080,TRUCK_TO_GATEWAY,L7_PHYSICAL_BENCH_MODEL,CSS-LoRa SX1278 (Ra-02),75.0,80,1787960053.9999,-73.74,5.54,True,26.44,NORMAL,True
1081,TRUCK_TO_GATEWAY,L7_PHYSICAL_BENCH_MODEL,CSS-LoRa SX1278 (Ra-02),75.0,81,1787960054.0499,-75.91,8.95,True,25.6,NORMAL,True
1082,TRUCK_TO_GATEWAY,L7_PHYSICAL_BENCH_MODEL,CSS-LoRa SX1278 (Ra-02),75.0,82,1787960054.0999,-75.4,7.05,True,25.09,NORMAL,True
1083,TRUCK_TO_GATEWAY,L7_PHYSICAL_BENCH_MODEL,CSS-LoRa SX1278 (Ra-02),75.0,83,1787960054.1499,-70.58,6.45,True,24.35,NORMAL,True
1084,TRUCK_TO_GATEWAY,L7_PHYSICAL_BENCH_MODEL,CSS-LoRa SX1278 (Ra-02),75.0,84,1787960054.1999,-71.86,8.06,True,25.34,NORMAL,True
1085,TRUCK_TO_GATEWAY,L7_PHYSICAL_BENCH_MODEL,CSS-LoRa SX1278 (Ra-02),75.0,85,1787960054.2499,-73.57,9.87,True,26.48,NORMAL,True
1086,TRUCK_TO_GATEWAY,L7_PHYSICAL_BENCH_MODEL,CSS-LoRa SX1278 (Ra-02),75.0,86,1787960054.2999,-125.0,-22.0,False,,NORMAL,True
1087,TRUCK_TO_GATEWAY,L7_PHYSICAL_BENCH_MODEL,CSS-LoRa SX1278 (Ra-02),75.0,87,1787960054.3499,-70.82,9.0,True,22.39,NORMAL,True
1088,TRUCK_TO_GATEWAY,L7_PHYSICAL_BENCH_MODEL,CSS-LoRa SX1278 (Ra-02),75.0,88,1787960054.3999,-67.99,6.81,True,23.56,NORMAL,True
1089,TRUCK_TO_GATEWAY,L7_PHYSICAL_BENCH_MODEL,CSS-LoRa SX1278 (Ra-02),75.0,89,1787960054.4499,-71.87,10.14,True,25.49,NORMAL,True
1090,TRUCK_TO_GATEWAY,L7_PHYSICAL_BENCH_MODEL,CSS-LoRa SX1278 (Ra-02),75.0,90,1787960054.4999,-78.28,10.37,True,25.3,NORMAL,True
1091,TRUCK_TO_GATEWAY,L7_PHYSICAL_BENCH_MODEL,CSS-LoRa SX1278 (Ra-02),75.0,91,1787960054.5499,-77.58,8.89,True,25.49,NORMAL,True
1092,TRUCK_TO_GATEWAY,L7_PHYSICAL_BENCH_MODEL,CSS-LoRa SX1278 (Ra-02),75.0,92,1787960054.5999,-72.52,6.16,True,26.2,NORMAL,True
1093,TRUCK_TO_GATEWAY,L7_PHYSICAL_BENCH_MODEL,CSS-LoRa SX1278 (Ra-02),75.0,93,1787960054.6499,-75.52,6.89,True,24.21,NORMAL,True
1094,TRUCK_TO_GATEWAY,L7_PHYSICAL_BENCH_MODEL,CSS-LoRa SX1278 (Ra-02),75.0,94,1787960054.6999,-71.58,6.59,True,25.18,NORMAL,True
1095,TRUCK_TO_GATEWAY,L7_PHYSICAL_BENCH_MODEL,CSS-LoRa SX1278 (Ra-02),75.0,95,1787960054.7499,-75.92,8.51,True,25.38,NORMAL,True
1096,TRUCK_TO_GATEWAY,L7_PHYSICAL_BENCH_MODEL,CSS-LoRa SX1278 (Ra-02),75.0,96,1787960054.7999,-72.91,8.41,True,26.71,NORMAL,True
1097,TRUCK_TO_GATEWAY,L7_PHYSICAL_BENCH_MODEL,CSS-LoRa SX1278 (Ra-02),75.0,97,1787960054.8499,-70.91,7.0,True,26.15,NORMAL,True
1098,TRUCK_TO_GATEWAY,L7_PHYSICAL_BENCH_MODEL,CSS-LoRa SX1278 (Ra-02),75.0,98,1787960054.8999,-75.71,8.68,True,25.88,NORMAL,True
1099,TRUCK_TO_GATEWAY,L7_PHYSICAL_BENCH_MODEL,CSS-LoRa SX1278 (Ra-02),75.0,99,1787960054.9499,-73.01,8.86,True,25.76,NORMAL,True
1100,TRUCK_TO_GATEWAY,L7_PHYSICAL_BENCH_MODEL,CSS-LoRa SX1278 (Ra-02),75.0,100,1787960054.9999,-78.2,8.64,True,24.28,NORMAL,True
1101,TRUCK_TO_GATEWAY,L7_PHYSICAL_BENCH_MODEL,CSS-LoRa SX1278 (Ra-02),75.0,101,1787960055.0499,-75.17,7.33,True,25.14,NORMAL,True
1102,TRUCK_TO_GATEWAY,L7_PHYSICAL_BENCH_MODEL,CSS-LoRa SX1278 (Ra-02),75.0,102,1787960055.0999,-72.55,9.13,True,27.65,NORMAL,True
1103,TRUCK_TO_GATEWAY,L7_PHYSICAL_BENCH_MODEL,CSS-LoRa SX1278 (Ra-02),75.0,103,1787960055.1499,-73.64,8.36,True,22.66,NORMAL,True
1104,TRUCK_TO_GATEWAY,L7_PHYSICAL_BENCH_MODEL,CSS-LoRa SX1278 (Ra-02),75.0,104,1787960055.1999,-72.95,8.78,True,25.02,NORMAL,True
1105,TRUCK_TO_GATEWAY,L7_PHYSICAL_BENCH_MODEL,CSS-LoRa SX1278 (Ra-02),75.0,105,1787960055.2499,-77.91,7.9,True,25.79,NORMAL,True
1106,TRUCK_TO_GATEWAY,L7_PHYSICAL_BENCH_MODEL,CSS-LoRa SX1278 (Ra-02),75.0,106,1787960055.2999,-75.74,10.85,True,24.96,NORMAL,True
1107,TRUCK_TO_GATEWAY,L7_PHYSICAL_BENCH_MODEL,CSS-LoRa SX1278 (Ra-02),75.0,107,1787960055.3499,-73.27,10.15,True,28.8,NORMAL,True
1108,TRUCK_TO_GATEWAY,L7_PHYSICAL_BENCH_MODEL,CSS-LoRa SX1278 (Ra-02),75.0,108,1787960055.3999,-75.21,7.6,True,25.78,NORMAL,True
1109,TRUCK_TO_GATEWAY,L7_PHYSICAL_BENCH_MODEL,CSS-LoRa SX1278 (Ra-02),75.0,109,1787960055.4499,-73.29,7.53,True,27.92,NORMAL,True
1110,TRUCK_TO_GATEWAY,L7_PHYSICAL_BENCH_MODEL,CSS-LoRa SX1278 (Ra-02),75.0,110,1787960055.4999,-73.26,10.53,True,25.44,NORMAL,True
1111,TRUCK_TO_GATEWAY,L7_PHYSICAL_BENCH_MODEL,CSS-LoRa SX1278 (Ra-02),75.0,111,1787960055.5499,-73.34,8.2,True,23.48,NORMAL,True
1112,TRUCK_TO_GATEWAY,L7_PHYSICAL_BENCH_MODEL,CSS-LoRa SX1278 (Ra-02),75.0,112,1787960055.5999,-74.17,8.91,True,23.18,NORMAL,True
1113,TRUCK_TO_GATEWAY,L7_PHYSICAL_BENCH_MODEL,CSS-LoRa SX1278 (Ra-02),75.0,113,1787960055.6499,-70.76,8.56,True,23.22,NORMAL,True
1114,TRUCK_TO_GATEWAY,L7_PHYSICAL_BENCH_MODEL,CSS-LoRa SX1278 (Ra-02),75.0,114,1787960055.6999,-72.53,9.09,True,24.79,NORMAL,True
1115,TRUCK_TO_GATEWAY,L7_PHYSICAL_BENCH_MODEL,CSS-LoRa SX1278 (Ra-02),75.0,115,1787960055.7499,-71.7,6.99,True,26.07,NORMAL,True
1116,TRUCK_TO_GATEWAY,L7_PHYSICAL_BENCH_MODEL,CSS-LoRa SX1278 (Ra-02),75.0,116,1787960055.7999,-74.12,10.63,True,24.63,NORMAL,True
1117,TRUCK_TO_GATEWAY,L7_PHYSICAL_BENCH_MODEL,CSS-LoRa SX1278 (Ra-02),75.0,117,1787960055.8499,-72.07,8.8,True,25.59,NORMAL,True
1118,TRUCK_TO_GATEWAY,L7_PHYSICAL_BENCH_MODEL,CSS-LoRa SX1278 (Ra-02),75.0,118,1787960055.8999,-71.33,9.55,True,23.15,NORMAL,True
1119,TRUCK_TO_GATEWAY,L7_PHYSICAL_BENCH_MODEL,CSS-LoRa SX1278 (Ra-02),75.0,119,1787960055.9499,-73.63,8.34,True,25.45,NORMAL,True
1120,TRUCK_TO_GATEWAY,L7_PHYSICAL_BENCH_MODEL,CSS-LoRa SX1278 (Ra-02),75.0,120,1787960055.9999,-71.42,9.42,True,27.99,NORMAL,True
1121,TRUCK_TO_GATEWAY,L7_PHYSICAL_BENCH_MODEL,CSS-LoRa SX1278 (Ra-02),75.0,121,1787960056.0499,-74.91,7.62,True,23.18,NORMAL,True
1122,TRUCK_TO_GATEWAY,L7_PHYSICAL_BENCH_MODEL,CSS-LoRa SX1278 (Ra-02),75.0,122,1787960056.0999,-78.17,8.0,True,24.93,NORMAL,True
1123,TRUCK_TO_GATEWAY,L7_PHYSICAL_BENCH_MODEL,CSS-LoRa SX1278 (Ra-02),75.0,123,1787960056.1499,-73.4,9.41,True,24.59,NORMAL,True
1124,TRUCK_TO_GATEWAY,L7_PHYSICAL_BENCH_MODEL,CSS-LoRa SX1278 (Ra-02),75.0,124,1787960056.1999,-73.31,9.21,True,23.49,NORMAL,True
1125,TRUCK_TO_GATEWAY,L7_PHYSICAL_BENCH_MODEL,CSS-LoRa SX1278 (Ra-02),75.0,125,1787960056.2499,-72.68,8.28,True,27.27,NORMAL,True
1126,TRUCK_TO_GATEWAY,L7_PHYSICAL_BENCH_MODEL,CSS-LoRa SX1278 (Ra-02),75.0,126,1787960056.2999,-71.56,9.41,True,23.69,NORMAL,True
1127,TRUCK_TO_GATEWAY,L7_PHYSICAL_BENCH_MODEL,CSS-LoRa SX1278 (Ra-02),75.0,127,1787960056.3499,-71.99,8.74,True,24.27,NORMAL,True
1128,TRUCK_TO_GATEWAY,L7_PHYSICAL_BENCH_MODEL,CSS-LoRa SX1278 (Ra-02),75.0,128,1787960056.3999,-72.56,9.3,True,27.87,NORMAL,True
1129,TRUCK_TO_GATEWAY,L7_PHYSICAL_BENCH_MODEL,CSS-LoRa SX1278 (Ra-02),75.0,129,1787960056.4499,-72.28,9.37,True,27.92,NORMAL,True
1130,TRUCK_TO_GATEWAY,L7_PHYSICAL_BENCH_MODEL,CSS-LoRa SX1278 (Ra-02),75.0,130,1787960056.4999,-73.49,9.13,True,24.11,NORMAL,True
1131,TRUCK_TO_GATEWAY,L7_PHYSICAL_BENCH_MODEL,CSS-LoRa SX1278 (Ra-02),75.0,131,1787960056.5499,-72.05,9.87,True,27.49,NORMAL,True
1132,TRUCK_TO_GATEWAY,L7_PHYSICAL_BENCH_MODEL,CSS-LoRa SX1278 (Ra-02),75.0,132,1787960056.5999,-72.46,9.03,True,26.26,NORMAL,True
1133,TRUCK_TO_GATEWAY,L7_PHYSICAL_BENCH_MODEL,CSS-LoRa SX1278 (Ra-02),75.0,133,1787960056.6499,-70.96,7.39,True,24.59,NORMAL,True
1134,TRUCK_TO_GATEWAY,L7_PHYSICAL_BENCH_MODEL,CSS-LoRa SX1278 (Ra-02),75.0,134,1787960056.6999,-74.15,9.94,True,24.86,NORMAL,True
1135,TRUCK_TO_GATEWAY,L7_PHYSICAL_BENCH_MODEL,CSS-LoRa SX1278 (Ra-02),75.0,135,1787960056.7499,-73.22,8.02,True,25.17,NORMAL,True
1136,TRUCK_TO_GATEWAY,L7_PHYSICAL_BENCH_MODEL,CSS-LoRa SX1278 (Ra-02),75.0,136,1787960056.7999,-71.87,6.89,True,26.54,NORMAL,True
1137,TRUCK_TO_GATEWAY,L7_PHYSICAL_BENCH_MODEL,CSS-LoRa SX1278 (Ra-02),75.0,137,1787960056.8499,-77.21,4.6,True,25.24,NORMAL,True
1138,TRUCK_TO_GATEWAY,L7_PHYSICAL_BENCH_MODEL,CSS-LoRa SX1278 (Ra-02),75.0,138,1787960056.8999,-73.5,7.88,True,24.78,NORMAL,True
1139,TRUCK_TO_GATEWAY,L7_PHYSICAL_BENCH_MODEL,CSS-LoRa SX1278 (Ra-02),75.0,139,1787960056.9499,-73.0,5.59,True,23.09,NORMAL,True
1140,TRUCK_TO_GATEWAY,L7_PHYSICAL_BENCH_MODEL,CSS-LoRa SX1278 (Ra-02),75.0,140,1787960056.9999,-125.0,-22.0,False,,NORMAL,True
1141,TRUCK_TO_GATEWAY,L7_PHYSICAL_BENCH_MODEL,CSS-LoRa SX1278 (Ra-02),75.0,141,1787960057.0499,-74.71,8.49,True,23.59,NORMAL,True
1142,TRUCK_TO_GATEWAY,L7_PHYSICAL_BENCH_MODEL,CSS-LoRa SX1278 (Ra-02),75.0,142,1787960057.0999,-71.47,11.19,True,24.86,NORMAL,True
1143,TRUCK_TO_GATEWAY,L7_PHYSICAL_BENCH_MODEL,CSS-LoRa SX1278 (Ra-02),75.0,143,1787960057.1499,-70.71,10.61,True,23.41,NORMAL,True
1144,TRUCK_TO_GATEWAY,L7_PHYSICAL_BENCH_MODEL,CSS-LoRa SX1278 (Ra-02),75.0,144,1787960057.1999,-72.59,9.79,True,24.3,NORMAL,True
1145,TRUCK_TO_GATEWAY,L7_PHYSICAL_BENCH_MODEL,CSS-LoRa SX1278 (Ra-02),75.0,145,1787960057.2499,-69.23,7.25,True,23.21,NORMAL,True
1146,TRUCK_TO_GATEWAY,L7_PHYSICAL_BENCH_MODEL,CSS-LoRa SX1278 (Ra-02),75.0,146,1787960057.2999,-73.83,9.71,True,22.9,NORMAL,True
1147,TRUCK_TO_GATEWAY,L7_PHYSICAL_BENCH_MODEL,CSS-LoRa SX1278 (Ra-02),75.0,147,1787960057.3499,-71.28,6.77,True,25.97,NORMAL,True
1148,TRUCK_TO_GATEWAY,L7_PHYSICAL_BENCH_MODEL,CSS-LoRa SX1278 (Ra-02),75.0,148,1787960057.3999,-73.42,10.87,True,23.88,NORMAL,True
1149,TRUCK_TO_GATEWAY,L7_PHYSICAL_BENCH_MODEL,CSS-LoRa SX1278 (Ra-02),75.0,149,1787960057.4499,-71.06,9.08,True,22.59,NORMAL,True
1150,TRUCK_TO_GATEWAY,L7_PHYSICAL_BENCH_MODEL,CSS-LoRa SX1278 (Ra-02),75.0,150,1787960057.4999,-71.65,10.8,True,22.78,NORMAL,True
1151,TRUCK_TO_GATEWAY,L7_PHYSICAL_BENCH_MODEL,CSS-LoRa SX1278 (Ra-02),75.0,151,1787960057.5499,-76.12,8.85,True,26.93,NORMAL,True
1152,TRUCK_TO_GATEWAY,L7_PHYSICAL_BENCH_MODEL,CSS-LoRa SX1278 (Ra-02),75.0,152,1787960057.5999,-75.23,7.73,True,23.51,NORMAL,True
1153,TRUCK_TO_GATEWAY,L7_PHYSICAL_BENCH_MODEL,CSS-LoRa SX1278 (Ra-02),75.0,153,1787960057.6499,-71.15,10.85,True,23.33,NORMAL,True
1154,TRUCK_TO_GATEWAY,L7_PHYSICAL_BENCH_MODEL,CSS-LoRa SX1278 (Ra-02),75.0,154,1787960057.6999,-71.87,9.05,True,27.16,NORMAL,True
1155,TRUCK_TO_GATEWAY,L7_PHYSICAL_BENCH_MODEL,CSS-LoRa SX1278 (Ra-02),75.0,155,1787960057.7499,-73.13,8.9,True,23.57,NORMAL,True
1156,TRUCK_TO_GATEWAY,L7_PHYSICAL_BENCH_MODEL,CSS-LoRa SX1278 (Ra-02),75.0,156,1787960057.7999,-70.69,6.89,True,22.26,NORMAL,True
1157,TRUCK_TO_GATEWAY,L7_PHYSICAL_BENCH_MODEL,CSS-LoRa SX1278 (Ra-02),75.0,157,1787960057.8499,-76.45,6.99,True,27.28,NORMAL,True
1158,TRUCK_TO_GATEWAY,L7_PHYSICAL_BENCH_MODEL,CSS-LoRa SX1278 (Ra-02),75.0,158,1787960057.8999,-69.63,7.77,True,24.25,NORMAL,True
1159,TRUCK_TO_GATEWAY,L7_PHYSICAL_BENCH_MODEL,CSS-LoRa SX1278 (Ra-02),75.0,159,1787960057.9499,-72.94,9.15,True,25.05,NORMAL,True
1160,TRUCK_TO_GATEWAY,L7_PHYSICAL_BENCH_MODEL,CSS-LoRa SX1278 (Ra-02),75.0,160,1787960057.9999,-71.38,7.59,True,24.06,NORMAL,True
1161,TRUCK_TO_GATEWAY,L7_PHYSICAL_BENCH_MODEL,CSS-LoRa SX1278 (Ra-02),75.0,161,1787960058.0499,-72.66,8.78,True,24.5,NORMAL,True
1162,TRUCK_TO_GATEWAY,L7_PHYSICAL_BENCH_MODEL,CSS-LoRa SX1278 (Ra-02),75.0,162,1787960058.0999,-73.33,8.63,True,24.3,NORMAL,True
1163,TRUCK_TO_GATEWAY,L7_PHYSICAL_BENCH_MODEL,CSS-LoRa SX1278 (Ra-02),75.0,163,1787960058.1499,-72.37,5.58,True,26.06,NORMAL,True
1164,TRUCK_TO_GATEWAY,L7_PHYSICAL_BENCH_MODEL,CSS-LoRa SX1278 (Ra-02),75.0,164,1787960058.1999,-72.52,5.38,True,24.01,NORMAL,True
1165,TRUCK_TO_GATEWAY,L7_PHYSICAL_BENCH_MODEL,CSS-LoRa SX1278 (Ra-02),75.0,165,1787960058.2499,-69.2,10.42,True,21.6,NORMAL,True
1166,TRUCK_TO_GATEWAY,L7_PHYSICAL_BENCH_MODEL,CSS-LoRa SX1278 (Ra-02),75.0,166,1787960058.2999,-75.09,7.99,True,24.4,NORMAL,True
1167,TRUCK_TO_GATEWAY,L7_PHYSICAL_BENCH_MODEL,CSS-LoRa SX1278 (Ra-02),75.0,167,1787960058.3499,-69.3,6.79,True,25.52,NORMAL,True
1168,TRUCK_TO_GATEWAY,L7_PHYSICAL_BENCH_MODEL,CSS-LoRa SX1278 (Ra-02),75.0,168,1787960058.3999,-70.86,6.42,True,22.32,NORMAL,True
1169,TRUCK_TO_GATEWAY,L7_PHYSICAL_BENCH_MODEL,CSS-LoRa SX1278 (Ra-02),75.0,169,1787960058.4499,-68.67,6.39,True,24.78,NORMAL,True
1170,TRUCK_TO_GATEWAY,L7_PHYSICAL_BENCH_MODEL,CSS-LoRa SX1278 (Ra-02),75.0,170,1787960058.4999,-73.98,9.49,True,26.51,NORMAL,True
1171,TRUCK_TO_GATEWAY,L7_PHYSICAL_BENCH_MODEL,CSS-LoRa SX1278 (Ra-02),75.0,171,1787960058.5499,-75.05,8.26,True,26.17,NORMAL,True
1172,TRUCK_TO_GATEWAY,L7_PHYSICAL_BENCH_MODEL,CSS-LoRa SX1278 (Ra-02),75.0,172,1787960058.5999,-68.7,10.46,True,24.99,NORMAL,True
1173,TRUCK_TO_GATEWAY,L7_PHYSICAL_BENCH_MODEL,CSS-LoRa SX1278 (Ra-02),75.0,173,1787960058.6499,-75.73,6.73,True,26.35,NORMAL,True
1174,TRUCK_TO_GATEWAY,L7_PHYSICAL_BENCH_MODEL,CSS-LoRa SX1278 (Ra-02),75.0,174,1787960058.6999,-70.76,7.97,True,24.2,NORMAL,True
1175,TRUCK_TO_GATEWAY,L7_PHYSICAL_BENCH_MODEL,CSS-LoRa SX1278 (Ra-02),75.0,175,1787960058.7499,-73.74,9.68,True,25.19,NORMAL,True
1176,TRUCK_TO_GATEWAY,L7_PHYSICAL_BENCH_MODEL,CSS-LoRa SX1278 (Ra-02),75.0,176,1787960058.7999,-69.36,4.36,True,23.82,NORMAL,True
1177,TRUCK_TO_GATEWAY,L7_PHYSICAL_BENCH_MODEL,CSS-LoRa SX1278 (Ra-02),75.0,177,1787960058.8499,-73.64,9.76,True,25.16,NORMAL,True
1178,TRUCK_TO_GATEWAY,L7_PHYSICAL_BENCH_MODEL,CSS-LoRa SX1278 (Ra-02),75.0,178,1787960058.8999,-73.34,9.86,True,24.51,NORMAL,True
1179,TRUCK_TO_GATEWAY,L7_PHYSICAL_BENCH_MODEL,CSS-LoRa SX1278 (Ra-02),75.0,179,1787960058.9499,-71.77,8.83,True,23.54,NORMAL,True
1180,TRUCK_TO_GATEWAY,L7_PHYSICAL_BENCH_MODEL,CSS-LoRa SX1278 (Ra-02),75.0,180,1787960058.9999,-76.19,8.97,True,27.17,NORMAL,True
1181,TRUCK_TO_GATEWAY,L7_PHYSICAL_BENCH_MODEL,CSS-LoRa SX1278 (Ra-02),75.0,181,1787960059.0499,-70.89,8.21,True,25.92,NORMAL,True
1182,TRUCK_TO_GATEWAY,L7_PHYSICAL_BENCH_MODEL,CSS-LoRa SX1278 (Ra-02),75.0,182,1787960059.0999,-71.58,6.42,True,27.07,NORMAL,True
1183,TRUCK_TO_GATEWAY,L7_PHYSICAL_BENCH_MODEL,CSS-LoRa SX1278 (Ra-02),75.0,183,1787960059.1499,-71.81,7.96,True,27.79,NORMAL,True
1184,TRUCK_TO_GATEWAY,L7_PHYSICAL_BENCH_MODEL,CSS-LoRa SX1278 (Ra-02),75.0,184,1787960059.1999,-74.75,10.55,True,22.51,NORMAL,True
1185,TRUCK_TO_GATEWAY,L7_PHYSICAL_BENCH_MODEL,CSS-LoRa SX1278 (Ra-02),75.0,185,1787960059.2499,-79.19,11.8,True,24.09,NORMAL,True
1186,TRUCK_TO_GATEWAY,L7_PHYSICAL_BENCH_MODEL,CSS-LoRa SX1278 (Ra-02),75.0,186,1787960059.2999,-73.42,9.39,True,24.74,NORMAL,True
1187,TRUCK_TO_GATEWAY,L7_PHYSICAL_BENCH_MODEL,CSS-LoRa SX1278 (Ra-02),75.0,187,1787960059.3499,-73.14,6.76,True,28.01,NORMAL,True
1188,TRUCK_TO_GATEWAY,L7_PHYSICAL_BENCH_MODEL,CSS-LoRa SX1278 (Ra-02),75.0,188,1787960059.3999,-75.46,7.49,True,26.11,NORMAL,True
1189,TRUCK_TO_GATEWAY,L7_PHYSICAL_BENCH_MODEL,CSS-LoRa SX1278 (Ra-02),75.0,189,1787960059.4499,-71.14,7.74,True,23.4,NORMAL,True
1190,TRUCK_TO_GATEWAY,L7_PHYSICAL_BENCH_MODEL,CSS-LoRa SX1278 (Ra-02),75.0,190,1787960059.4999,-70.64,9.28,True,25.14,NORMAL,True
1191,TRUCK_TO_GATEWAY,L7_PHYSICAL_BENCH_MODEL,CSS-LoRa SX1278 (Ra-02),75.0,191,1787960059.5499,-70.72,10.34,True,25.05,NORMAL,True
1192,TRUCK_TO_GATEWAY,L7_PHYSICAL_BENCH_MODEL,CSS-LoRa SX1278 (Ra-02),75.0,192,1787960059.5999,-72.53,10.46,True,23.1,NORMAL,True
1193,TRUCK_TO_GATEWAY,L7_PHYSICAL_BENCH_MODEL,CSS-LoRa SX1278 (Ra-02),75.0,193,1787960059.6499,-72.66,6.24,True,24.57,NORMAL,True
1194,TRUCK_TO_GATEWAY,L7_PHYSICAL_BENCH_MODEL,CSS-LoRa SX1278 (Ra-02),75.0,194,1787960059.6999,-74.67,8.21,True,24.46,NORMAL,True
1195,TRUCK_TO_GATEWAY,L7_PHYSICAL_BENCH_MODEL,CSS-LoRa SX1278 (Ra-02),75.0,195,1787960059.7499,-70.48,8.39,True,22.91,NORMAL,True
1196,TRUCK_TO_GATEWAY,L7_PHYSICAL_BENCH_MODEL,CSS-LoRa SX1278 (Ra-02),75.0,196,1787960059.7999,-74.7,11.5,True,22.71,NORMAL,True
1197,TRUCK_TO_GATEWAY,L7_PHYSICAL_BENCH_MODEL,CSS-LoRa SX1278 (Ra-02),75.0,197,1787960059.8499,-67.89,7.17,True,22.4,NORMAL,True
1198,TRUCK_TO_GATEWAY,L7_PHYSICAL_BENCH_MODEL,CSS-LoRa SX1278 (Ra-02),75.0,198,1787960059.8999,-71.1,7.01,True,23.8,NORMAL,True
1199,TRUCK_TO_GATEWAY,L7_PHYSICAL_BENCH_MODEL,CSS-LoRa SX1278 (Ra-02),75.0,199,1787960059.9499,-68.78,8.53,True,25.79,NORMAL,True
1200,TRUCK_TO_GATEWAY,L7_PHYSICAL_BENCH_MODEL,CSS-LoRa SX1278 (Ra-02),75.0,200,1787960059.9999,-75.35,10.54,True,23.61,NORMAL,True
1201,TRUCK_TO_GATEWAY,L7_PHYSICAL_BENCH_MODEL,CSS-LoRa SX1278 (Ra-02),75.0,201,1787960060.0499,-73.39,7.74,True,25.34,NORMAL,True
1202,TRUCK_TO_GATEWAY,L7_PHYSICAL_BENCH_MODEL,CSS-LoRa SX1278 (Ra-02),75.0,202,1787960060.0999,-73.07,7.79,True,26.53,NORMAL,True
1203,TRUCK_TO_GATEWAY,L7_PHYSICAL_BENCH_MODEL,CSS-LoRa SX1278 (Ra-02),75.0,203,1787960060.1499,-75.18,7.03,True,23.52,NORMAL,True
1204,TRUCK_TO_GATEWAY,L7_PHYSICAL_BENCH_MODEL,CSS-LoRa SX1278 (Ra-02),75.0,204,1787960060.1999,-75.88,9.59,True,25.98,NORMAL,True
1205,TRUCK_TO_GATEWAY,L7_PHYSICAL_BENCH_MODEL,CSS-LoRa SX1278 (Ra-02),75.0,205,1787960060.2499,-74.18,10.57,True,23.0,NORMAL,True
1206,TRUCK_TO_GATEWAY,L7_PHYSICAL_BENCH_MODEL,CSS-LoRa SX1278 (Ra-02),75.0,206,1787960060.2999,-69.62,8.56,True,25.3,NORMAL,True
1207,TRUCK_TO_GATEWAY,L7_PHYSICAL_BENCH_MODEL,CSS-LoRa SX1278 (Ra-02),75.0,207,1787960060.3499,-74.48,7.26,True,26.4,NORMAL,True
1208,TRUCK_TO_GATEWAY,L7_PHYSICAL_BENCH_MODEL,CSS-LoRa SX1278 (Ra-02),75.0,208,1787960060.3999,-73.36,6.64,True,25.58,NORMAL,True
1209,TRUCK_TO_GATEWAY,L7_PHYSICAL_BENCH_MODEL,CSS-LoRa SX1278 (Ra-02),75.0,209,1787960060.4499,-75.37,8.29,True,27.25,NORMAL,True
1210,TRUCK_TO_GATEWAY,L7_PHYSICAL_BENCH_MODEL,CSS-LoRa SX1278 (Ra-02),75.0,210,1787960060.4999,-74.22,8.9,True,23.89,NORMAL,True
1211,TRUCK_TO_GATEWAY,L7_PHYSICAL_BENCH_MODEL,CSS-LoRa SX1278 (Ra-02),75.0,211,1787960060.5499,-73.91,9.15,True,24.82,NORMAL,True
1212,TRUCK_TO_GATEWAY,L7_PHYSICAL_BENCH_MODEL,CSS-LoRa SX1278 (Ra-02),75.0,212,1787960060.5999,-73.63,11.39,True,25.63,NORMAL,True
1213,TRUCK_TO_GATEWAY,L7_PHYSICAL_BENCH_MODEL,CSS-LoRa SX1278 (Ra-02),75.0,213,1787960060.6499,-74.98,10.09,True,21.11,NORMAL,True
1214,TRUCK_TO_GATEWAY,L7_PHYSICAL_BENCH_MODEL,CSS-LoRa SX1278 (Ra-02),75.0,214,1787960060.6999,-74.19,9.42,True,27.47,NORMAL,True
1215,TRUCK_TO_GATEWAY,L7_PHYSICAL_BENCH_MODEL,CSS-LoRa SX1278 (Ra-02),75.0,215,1787960060.7499,-72.02,8.4,True,25.12,NORMAL,True
1216,TRUCK_TO_GATEWAY,L7_PHYSICAL_BENCH_MODEL,CSS-LoRa SX1278 (Ra-02),75.0,216,1787960060.7999,-71.99,7.67,True,24.08,NORMAL,True
1217,TRUCK_TO_GATEWAY,L7_PHYSICAL_BENCH_MODEL,CSS-LoRa SX1278 (Ra-02),75.0,217,1787960060.8499,-69.52,7.97,True,26.36,NORMAL,True
1218,TRUCK_TO_GATEWAY,L7_PHYSICAL_BENCH_MODEL,CSS-LoRa SX1278 (Ra-02),75.0,218,1787960060.8999,-75.2,10.51,True,26.45,NORMAL,True
1219,TRUCK_TO_GATEWAY,L7_PHYSICAL_BENCH_MODEL,CSS-LoRa SX1278 (Ra-02),75.0,219,1787960060.9499,-72.84,8.08,True,25.9,NORMAL,True
1220,TRUCK_TO_GATEWAY,L7_PHYSICAL_BENCH_MODEL,CSS-LoRa SX1278 (Ra-02),75.0,220,1787960060.9999,-74.15,8.84,True,25.12,NORMAL,True
1221,TRUCK_TO_GATEWAY,L7_PHYSICAL_BENCH_MODEL,CSS-LoRa SX1278 (Ra-02),75.0,221,1787960061.0499,-75.06,10.17,True,25.17,NORMAL,True
1222,TRUCK_TO_GATEWAY,L7_PHYSICAL_BENCH_MODEL,CSS-LoRa SX1278 (Ra-02),75.0,222,1787960061.0999,-70.73,7.77,True,26.09,NORMAL,True
1223,TRUCK_TO_GATEWAY,L7_PHYSICAL_BENCH_MODEL,CSS-LoRa SX1278 (Ra-02),75.0,223,1787960061.1499,-69.17,8.14,True,23.14,NORMAL,True
1224,TRUCK_TO_GATEWAY,L7_PHYSICAL_BENCH_MODEL,CSS-LoRa SX1278 (Ra-02),75.0,224,1787960061.1999,-72.26,7.91,True,23.23,NORMAL,True
1225,TRUCK_TO_GATEWAY,L7_PHYSICAL_BENCH_MODEL,CSS-LoRa SX1278 (Ra-02),75.0,225,1787960061.2499,-74.13,7.06,True,23.95,NORMAL,True
1226,TRUCK_TO_GATEWAY,L7_PHYSICAL_BENCH_MODEL,CSS-LoRa SX1278 (Ra-02),75.0,226,1787960061.2999,-72.65,6.84,True,24.78,NORMAL,True
1227,TRUCK_TO_GATEWAY,L7_PHYSICAL_BENCH_MODEL,CSS-LoRa SX1278 (Ra-02),75.0,227,1787960061.3499,-74.5,8.73,True,24.31,NORMAL,True
1228,TRUCK_TO_GATEWAY,L7_PHYSICAL_BENCH_MODEL,CSS-LoRa SX1278 (Ra-02),75.0,228,1787960061.3999,-70.77,10.6,True,23.91,NORMAL,True
1229,TRUCK_TO_GATEWAY,L7_PHYSICAL_BENCH_MODEL,CSS-LoRa SX1278 (Ra-02),75.0,229,1787960061.4499,-73.44,7.99,True,21.94,NORMAL,True
1230,TRUCK_TO_GATEWAY,L7_PHYSICAL_BENCH_MODEL,CSS-LoRa SX1278 (Ra-02),75.0,230,1787960061.4999,-73.5,10.09,True,24.17,NORMAL,True
1231,TRUCK_TO_GATEWAY,L7_PHYSICAL_BENCH_MODEL,CSS-LoRa SX1278 (Ra-02),75.0,231,1787960061.5499,-73.22,7.39,True,22.83,NORMAL,True
1232,TRUCK_TO_GATEWAY,L7_PHYSICAL_BENCH_MODEL,CSS-LoRa SX1278 (Ra-02),75.0,232,1787960061.5999,-73.94,9.83,True,27.57,NORMAL,True
1233,TRUCK_TO_GATEWAY,L7_PHYSICAL_BENCH_MODEL,CSS-LoRa SX1278 (Ra-02),75.0,233,1787960061.6499,-70.84,4.7,True,24.41,NORMAL,True
1234,TRUCK_TO_GATEWAY,L7_PHYSICAL_BENCH_MODEL,CSS-LoRa SX1278 (Ra-02),75.0,234,1787960061.6999,-72.37,3.95,True,25.03,NORMAL,True
1235,TRUCK_TO_GATEWAY,L7_PHYSICAL_BENCH_MODEL,CSS-LoRa SX1278 (Ra-02),75.0,235,1787960061.7499,-77.03,7.64,True,24.55,NORMAL,True
1236,TRUCK_TO_GATEWAY,L7_PHYSICAL_BENCH_MODEL,CSS-LoRa SX1278 (Ra-02),75.0,236,1787960061.7999,-71.53,7.56,True,25.6,NORMAL,True
1237,TRUCK_TO_GATEWAY,L7_PHYSICAL_BENCH_MODEL,CSS-LoRa SX1278 (Ra-02),75.0,237,1787960061.8499,-74.32,8.86,True,22.74,NORMAL,True
1238,TRUCK_TO_GATEWAY,L7_PHYSICAL_BENCH_MODEL,CSS-LoRa SX1278 (Ra-02),75.0,238,1787960061.8999,-73.65,6.06,True,26.34,NORMAL,True
1239,TRUCK_TO_GATEWAY,L7_PHYSICAL_BENCH_MODEL,CSS-LoRa SX1278 (Ra-02),75.0,239,1787960061.9499,-70.28,7.21,True,22.08,NORMAL,True
1240,TRUCK_TO_GATEWAY,L7_PHYSICAL_BENCH_MODEL,CSS-LoRa SX1278 (Ra-02),75.0,240,1787960061.9999,-76.87,8.41,True,22.7,NORMAL,True
1241,TRUCK_TO_GATEWAY,L7_PHYSICAL_BENCH_MODEL,CSS-LoRa SX1278 (Ra-02),75.0,241,1787960062.0499,-73.88,8.67,True,24.82,NORMAL,True
1242,TRUCK_TO_GATEWAY,L7_PHYSICAL_BENCH_MODEL,CSS-LoRa SX1278 (Ra-02),75.0,242,1787960062.0999,-72.32,9.24,True,26.32,NORMAL,True
1243,TRUCK_TO_GATEWAY,L7_PHYSICAL_BENCH_MODEL,CSS-LoRa SX1278 (Ra-02),75.0,243,1787960062.1499,-71.59,9.3,True,24.73,NORMAL,True
1244,TRUCK_TO_GATEWAY,L7_PHYSICAL_BENCH_MODEL,CSS-LoRa SX1278 (Ra-02),75.0,244,1787960062.1999,-73.83,10.77,True,25.57,NORMAL,True
1245,TRUCK_TO_GATEWAY,L7_PHYSICAL_BENCH_MODEL,CSS-LoRa SX1278 (Ra-02),75.0,245,1787960062.2499,-70.84,6.99,True,27.2,NORMAL,True
1246,TRUCK_TO_GATEWAY,L7_PHYSICAL_BENCH_MODEL,CSS-LoRa SX1278 (Ra-02),75.0,246,1787960062.2999,-74.52,10.48,True,25.85,NORMAL,True
1247,TRUCK_TO_GATEWAY,L7_PHYSICAL_BENCH_MODEL,CSS-LoRa SX1278 (Ra-02),75.0,247,1787960062.3499,-71.75,7.24,True,26.54,NORMAL,True
1248,TRUCK_TO_GATEWAY,L7_PHYSICAL_BENCH_MODEL,CSS-LoRa SX1278 (Ra-02),75.0,248,1787960062.3999,-74.52,8.33,True,26.2,NORMAL,True
1249,TRUCK_TO_GATEWAY,L7_PHYSICAL_BENCH_MODEL,CSS-LoRa SX1278 (Ra-02),75.0,249,1787960062.4499,-68.22,8.94,True,27.41,NORMAL,True
1250,TRUCK_TO_GATEWAY,L7_PHYSICAL_BENCH_MODEL,CSS-LoRa SX1278 (Ra-02),75.0,250,1787960062.4999,-76.46,6.85,True,24.97,NORMAL,True
1251,TRUCK_TO_GATEWAY,L7_PHYSICAL_BENCH_MODEL,CSS-LoRa SX1278 (Ra-02),75.0,251,1787960062.5499,-70.19,9.84,True,25.09,NORMAL,True
1252,TRUCK_TO_GATEWAY,L7_PHYSICAL_BENCH_MODEL,CSS-LoRa SX1278 (Ra-02),75.0,252,1787960062.5999,-74.47,7.07,True,23.05,NORMAL,True
1253,TRUCK_TO_GATEWAY,L7_PHYSICAL_BENCH_MODEL,CSS-LoRa SX1278 (Ra-02),75.0,253,1787960062.6499,-73.41,6.9,True,23.33,NORMAL,True
1254,TRUCK_TO_GATEWAY,L7_PHYSICAL_BENCH_MODEL,CSS-LoRa SX1278 (Ra-02),75.0,254,1787960062.6999,-74.89,10.02,True,26.35,NORMAL,True
1255,TRUCK_TO_GATEWAY,L7_PHYSICAL_BENCH_MODEL,CSS-LoRa SX1278 (Ra-02),75.0,255,1787960062.7499,-79.13,6.62,True,24.08,NORMAL,True
1256,TRUCK_TO_GATEWAY,L7_PHYSICAL_BENCH_MODEL,CSS-LoRa SX1278 (Ra-02),75.0,256,1787960062.7999,-74.53,7.87,True,25.34,NORMAL,True
1257,TRUCK_TO_GATEWAY,L7_PHYSICAL_BENCH_MODEL,CSS-LoRa SX1278 (Ra-02),75.0,257,1787960062.8499,-71.57,6.13,True,24.5,NORMAL,True
1258,TRUCK_TO_GATEWAY,L7_PHYSICAL_BENCH_MODEL,CSS-LoRa SX1278 (Ra-02),75.0,258,1787960062.8999,-72.54,7.53,True,24.28,NORMAL,True
1259,TRUCK_TO_GATEWAY,L7_PHYSICAL_BENCH_MODEL,CSS-LoRa SX1278 (Ra-02),75.0,259,1787960062.9499,-69.91,7.04,True,23.69,NORMAL,True
1260,TRUCK_TO_GATEWAY,L7_PHYSICAL_BENCH_MODEL,CSS-LoRa SX1278 (Ra-02),75.0,260,1787960062.9999,-70.43,7.29,True,26.44,NORMAL,True
1261,TRUCK_TO_GATEWAY,L7_PHYSICAL_BENCH_MODEL,CSS-LoRa SX1278 (Ra-02),75.0,261,1787960063.0499,-72.66,9.11,True,26.2,NORMAL,True
1262,TRUCK_TO_GATEWAY,L7_PHYSICAL_BENCH_MODEL,CSS-LoRa SX1278 (Ra-02),75.0,262,1787960063.0999,-76.34,9.67,True,26.74,NORMAL,True
1263,TRUCK_TO_GATEWAY,L7_PHYSICAL_BENCH_MODEL,CSS-LoRa SX1278 (Ra-02),75.0,263,1787960063.1499,-125.0,-22.0,False,,NORMAL,True
1264,TRUCK_TO_GATEWAY,L7_PHYSICAL_BENCH_MODEL,CSS-LoRa SX1278 (Ra-02),75.0,264,1787960063.1999,-73.33,8.53,True,22.28,NORMAL,True
1265,TRUCK_TO_GATEWAY,L7_PHYSICAL_BENCH_MODEL,CSS-LoRa SX1278 (Ra-02),75.0,265,1787960063.2499,-70.21,9.92,True,25.58,NORMAL,True
1266,TRUCK_TO_GATEWAY,L7_PHYSICAL_BENCH_MODEL,CSS-LoRa SX1278 (Ra-02),75.0,266,1787960063.2999,-73.11,10.74,True,25.24,NORMAL,True
1267,TRUCK_TO_GATEWAY,L7_PHYSICAL_BENCH_MODEL,CSS-LoRa SX1278 (Ra-02),75.0,267,1787960063.3499,-74.7,8.88,True,25.06,NORMAL,True
1268,TRUCK_TO_GATEWAY,L7_PHYSICAL_BENCH_MODEL,CSS-LoRa SX1278 (Ra-02),75.0,268,1787960063.3999,-71.44,7.97,True,28.24,NORMAL,True
1269,TRUCK_TO_GATEWAY,L7_PHYSICAL_BENCH_MODEL,CSS-LoRa SX1278 (Ra-02),75.0,269,1787960063.4499,-70.99,8.93,True,23.66,NORMAL,True
1270,TRUCK_TO_GATEWAY,L7_PHYSICAL_BENCH_MODEL,CSS-LoRa SX1278 (Ra-02),75.0,270,1787960063.4999,-76.4,9.27,True,25.26,NORMAL,True
1271,TRUCK_TO_GATEWAY,L7_PHYSICAL_BENCH_MODEL,CSS-LoRa SX1278 (Ra-02),75.0,271,1787960063.5499,-75.39,7.46,True,26.71,NORMAL,True
1272,TRUCK_TO_GATEWAY,L7_PHYSICAL_BENCH_MODEL,CSS-LoRa SX1278 (Ra-02),75.0,272,1787960063.5999,-75.17,9.49,True,24.63,NORMAL,True
1273,TRUCK_TO_GATEWAY,L7_PHYSICAL_BENCH_MODEL,CSS-LoRa SX1278 (Ra-02),75.0,273,1787960063.6499,-74.88,9.39,True,24.02,NORMAL,True
1274,TRUCK_TO_GATEWAY,L7_PHYSICAL_BENCH_MODEL,CSS-LoRa SX1278 (Ra-02),75.0,274,1787960063.6999,-73.85,7.31,True,24.91,NORMAL,True
1275,TRUCK_TO_GATEWAY,L7_PHYSICAL_BENCH_MODEL,CSS-LoRa SX1278 (Ra-02),75.0,275,1787960063.7499,-73.93,5.6,True,23.75,NORMAL,True
1276,TRUCK_TO_GATEWAY,L7_PHYSICAL_BENCH_MODEL,CSS-LoRa SX1278 (Ra-02),75.0,276,1787960063.7999,-72.69,12.37,True,25.98,NORMAL,True
1277,TRUCK_TO_GATEWAY,L7_PHYSICAL_BENCH_MODEL,CSS-LoRa SX1278 (Ra-02),75.0,277,1787960063.8499,-75.71,9.53,True,24.84,NORMAL,True
1278,TRUCK_TO_GATEWAY,L7_PHYSICAL_BENCH_MODEL,CSS-LoRa SX1278 (Ra-02),75.0,278,1787960063.8999,-70.71,8.12,True,24.29,NORMAL,True
1279,TRUCK_TO_GATEWAY,L7_PHYSICAL_BENCH_MODEL,CSS-LoRa SX1278 (Ra-02),75.0,279,1787960063.9499,-70.52,8.32,True,27.08,NORMAL,True
1280,TRUCK_TO_GATEWAY,L7_PHYSICAL_BENCH_MODEL,CSS-LoRa SX1278 (Ra-02),75.0,280,1787960063.9999,-76.98,8.24,True,24.56,NORMAL,True
1281,TRUCK_TO_GATEWAY,L7_PHYSICAL_BENCH_MODEL,CSS-LoRa SX1278 (Ra-02),75.0,281,1787960064.0499,-72.33,8.38,True,26.74,NORMAL,True
1282,TRUCK_TO_GATEWAY,L7_PHYSICAL_BENCH_MODEL,CSS-LoRa SX1278 (Ra-02),75.0,282,1787960064.0999,-76.16,8.46,True,24.01,NORMAL,True
1283,TRUCK_TO_GATEWAY,L7_PHYSICAL_BENCH_MODEL,CSS-LoRa SX1278 (Ra-02),75.0,283,1787960064.1499,-74.17,8.14,True,23.05,NORMAL,True
1284,TRUCK_TO_GATEWAY,L7_PHYSICAL_BENCH_MODEL,CSS-LoRa SX1278 (Ra-02),75.0,284,1787960064.1999,-69.34,8.39,True,22.42,NORMAL,True
1285,TRUCK_TO_GATEWAY,L7_PHYSICAL_BENCH_MODEL,CSS-LoRa SX1278 (Ra-02),75.0,285,1787960064.2499,-79.4,7.18,True,24.03,NORMAL,True
1286,TRUCK_TO_GATEWAY,L7_PHYSICAL_BENCH_MODEL,CSS-LoRa SX1278 (Ra-02),75.0,286,1787960064.2999,-76.14,6.43,True,25.41,NORMAL,True
1287,TRUCK_TO_GATEWAY,L7_PHYSICAL_BENCH_MODEL,CSS-LoRa SX1278 (Ra-02),75.0,287,1787960064.3499,-73.33,8.6,True,25.87,NORMAL,True
1288,TRUCK_TO_GATEWAY,L7_PHYSICAL_BENCH_MODEL,CSS-LoRa SX1278 (Ra-02),75.0,288,1787960064.3999,-70.83,6.99,True,27.48,NORMAL,True
1289,TRUCK_TO_GATEWAY,L7_PHYSICAL_BENCH_MODEL,CSS-LoRa SX1278 (Ra-02),75.0,289,1787960064.4499,-72.98,8.45,True,24.22,NORMAL,True
1290,TRUCK_TO_GATEWAY,L7_PHYSICAL_BENCH_MODEL,CSS-LoRa SX1278 (Ra-02),75.0,290,1787960064.4999,-72.82,8.52,True,24.21,NORMAL,True
1291,TRUCK_TO_GATEWAY,L7_PHYSICAL_BENCH_MODEL,CSS-LoRa SX1278 (Ra-02),75.0,291,1787960064.5499,-68.98,6.56,True,22.82,NORMAL,True
1292,TRUCK_TO_GATEWAY,L7_PHYSICAL_BENCH_MODEL,CSS-LoRa SX1278 (Ra-02),75.0,292,1787960064.5999,-72.93,8.76,True,22.04,NORMAL,True
1293,TRUCK_TO_GATEWAY,L7_PHYSICAL_BENCH_MODEL,CSS-LoRa SX1278 (Ra-02),75.0,293,1787960064.6499,-71.82,9.56,True,25.84,NORMAL,True
1294,TRUCK_TO_GATEWAY,L7_PHYSICAL_BENCH_MODEL,CSS-LoRa SX1278 (Ra-02),75.0,294,1787960064.6999,-72.82,10.93,True,22.42,NORMAL,True
1295,TRUCK_TO_GATEWAY,L7_PHYSICAL_BENCH_MODEL,CSS-LoRa SX1278 (Ra-02),75.0,295,1787960064.7499,-76.04,8.97,True,23.48,NORMAL,True
1296,TRUCK_TO_GATEWAY,L7_PHYSICAL_BENCH_MODEL,CSS-LoRa SX1278 (Ra-02),75.0,296,1787960064.7999,-70.7,8.32,True,26.28,NORMAL,True
1297,TRUCK_TO_GATEWAY,L7_PHYSICAL_BENCH_MODEL,CSS-LoRa SX1278 (Ra-02),75.0,297,1787960064.8499,-70.41,7.29,True,24.61,NORMAL,True
1298,TRUCK_TO_GATEWAY,L7_PHYSICAL_BENCH_MODEL,CSS-LoRa SX1278 (Ra-02),75.0,298,1787960064.8999,-73.63,7.99,True,22.99,NORMAL,True
1299,TRUCK_TO_GATEWAY,L7_PHYSICAL_BENCH_MODEL,CSS-LoRa SX1278 (Ra-02),75.0,299,1787960064.9499,-72.28,7.27,True,24.14,NORMAL,True
1300,TRUCK_TO_GATEWAY,L7_PHYSICAL_BENCH_MODEL,CSS-LoRa SX1278 (Ra-02),75.0,300,1787960064.9999,-70.51,8.58,True,27.13,NORMAL,True
1301,TRUCK_TO_GATEWAY,L7_PHYSICAL_BENCH_MODEL,CSS-LoRa SX1278 (Ra-02),75.0,301,1787960065.0499,-72.64,5.48,True,24.53,NORMAL,True
1302,TRUCK_TO_GATEWAY,L7_PHYSICAL_BENCH_MODEL,CSS-LoRa SX1278 (Ra-02),75.0,302,1787960065.0999,-70.55,5.95,True,23.75,NORMAL,True
1303,TRUCK_TO_GATEWAY,L7_PHYSICAL_BENCH_MODEL,CSS-LoRa SX1278 (Ra-02),75.0,303,1787960065.1499,-70.93,10.66,True,22.84,NORMAL,True
1304,TRUCK_TO_GATEWAY,L7_PHYSICAL_BENCH_MODEL,CSS-LoRa SX1278 (Ra-02),75.0,304,1787960065.1999,-77.29,7.85,True,22.78,NORMAL,True
1305,TRUCK_TO_GATEWAY,L7_PHYSICAL_BENCH_MODEL,CSS-LoRa SX1278 (Ra-02),75.0,305,1787960065.2499,-72.94,6.53,True,22.08,NORMAL,True
1306,TRUCK_TO_GATEWAY,L7_PHYSICAL_BENCH_MODEL,CSS-LoRa SX1278 (Ra-02),75.0,306,1787960065.2999,-70.44,7.29,True,23.14,NORMAL,True
1307,TRUCK_TO_GATEWAY,L7_PHYSICAL_BENCH_MODEL,CSS-LoRa SX1278 (Ra-02),75.0,307,1787960065.3499,-72.88,9.51,True,25.86,NORMAL,True
1308,TRUCK_TO_GATEWAY,L7_PHYSICAL_BENCH_MODEL,CSS-LoRa SX1278 (Ra-02),75.0,308,1787960065.3999,-70.7,7.14,True,24.1,NORMAL,True
1309,TRUCK_TO_GATEWAY,L7_PHYSICAL_BENCH_MODEL,CSS-LoRa SX1278 (Ra-02),75.0,309,1787960065.4499,-79.34,12.02,True,26.91,NORMAL,True
1310,TRUCK_TO_GATEWAY,L7_PHYSICAL_BENCH_MODEL,CSS-LoRa SX1278 (Ra-02),75.0,310,1787960065.4999,-71.34,8.09,True,25.47,NORMAL,True
1311,TRUCK_TO_GATEWAY,L7_PHYSICAL_BENCH_MODEL,CSS-LoRa SX1278 (Ra-02),75.0,311,1787960065.5499,-69.89,7.61,True,25.48,NORMAL,True
1312,TRUCK_TO_GATEWAY,L7_PHYSICAL_BENCH_MODEL,CSS-LoRa SX1278 (Ra-02),75.0,312,1787960065.5999,-72.62,12.46,True,23.3,NORMAL,True
1313,TRUCK_TO_GATEWAY,L7_PHYSICAL_BENCH_MODEL,CSS-LoRa SX1278 (Ra-02),75.0,313,1787960065.6499,-72.03,11.66,True,25.97,NORMAL,True
1314,TRUCK_TO_GATEWAY,L7_PHYSICAL_BENCH_MODEL,CSS-LoRa SX1278 (Ra-02),75.0,314,1787960065.6999,-71.96,6.54,True,25.93,NORMAL,True
1315,TRUCK_TO_GATEWAY,L7_PHYSICAL_BENCH_MODEL,CSS-LoRa SX1278 (Ra-02),75.0,315,1787960065.7499,-76.2,8.67,True,24.06,NORMAL,True
1316,TRUCK_TO_GATEWAY,L7_PHYSICAL_BENCH_MODEL,CSS-LoRa SX1278 (Ra-02),75.0,316,1787960065.7999,-70.15,7.4,True,23.77,NORMAL,True
1317,TRUCK_TO_GATEWAY,L7_PHYSICAL_BENCH_MODEL,CSS-LoRa SX1278 (Ra-02),75.0,317,1787960065.8499,-68.11,8.6,True,25.4,NORMAL,True
1318,TRUCK_TO_GATEWAY,L7_PHYSICAL_BENCH_MODEL,CSS-LoRa SX1278 (Ra-02),75.0,318,1787960065.8999,-77.07,8.08,True,26.97,NORMAL,True
1319,TRUCK_TO_GATEWAY,L7_PHYSICAL_BENCH_MODEL,CSS-LoRa SX1278 (Ra-02),75.0,319,1787960065.9499,-73.61,8.41,True,25.4,NORMAL,True
1320,TRUCK_TO_GATEWAY,L7_PHYSICAL_BENCH_MODEL,CSS-LoRa SX1278 (Ra-02),75.0,320,1787960065.9999,-74.81,10.15,True,23.51,NORMAL,True
1321,TRUCK_TO_GATEWAY,L7_PHYSICAL_BENCH_MODEL,CSS-LoRa SX1278 (Ra-02),75.0,321,1787960066.0499,-73.16,9.25,True,25.89,NORMAL,True
1322,TRUCK_TO_GATEWAY,L7_PHYSICAL_BENCH_MODEL,CSS-LoRa SX1278 (Ra-02),75.0,322,1787960066.0999,-72.44,5.84,True,22.02,NORMAL,True
1323,TRUCK_TO_GATEWAY,L7_PHYSICAL_BENCH_MODEL,CSS-LoRa SX1278 (Ra-02),75.0,323,1787960066.1499,-76.01,7.24,True,26.79,NORMAL,True
1324,TRUCK_TO_GATEWAY,L7_PHYSICAL_BENCH_MODEL,CSS-LoRa SX1278 (Ra-02),75.0,324,1787960066.1999,-74.15,8.16,True,27.55,NORMAL,True
1325,TRUCK_TO_GATEWAY,L7_PHYSICAL_BENCH_MODEL,CSS-LoRa SX1278 (Ra-02),75.0,325,1787960066.2499,-72.83,9.26,True,26.79,NORMAL,True
1326,TRUCK_TO_GATEWAY,L7_PHYSICAL_BENCH_MODEL,CSS-LoRa SX1278 (Ra-02),75.0,326,1787960066.2999,-72.86,8.99,True,24.16,NORMAL,True
1327,TRUCK_TO_GATEWAY,L7_PHYSICAL_BENCH_MODEL,CSS-LoRa SX1278 (Ra-02),75.0,327,1787960066.3499,-72.66,9.83,True,24.34,NORMAL,True
1328,TRUCK_TO_GATEWAY,L7_PHYSICAL_BENCH_MODEL,CSS-LoRa SX1278 (Ra-02),75.0,328,1787960066.3999,-71.86,10.81,True,26.8,NORMAL,True
1329,TRUCK_TO_GATEWAY,L7_PHYSICAL_BENCH_MODEL,CSS-LoRa SX1278 (Ra-02),75.0,329,1787960066.4499,-72.23,6.77,True,25.81,NORMAL,True
1330,TRUCK_TO_GATEWAY,L7_PHYSICAL_BENCH_MODEL,CSS-LoRa SX1278 (Ra-02),75.0,330,1787960066.4999,-70.95,10.32,True,25.22,NORMAL,True
1331,TRUCK_TO_GATEWAY,L7_PHYSICAL_BENCH_MODEL,CSS-LoRa SX1278 (Ra-02),75.0,331,1787960066.5499,-76.12,7.96,True,26.36,NORMAL,True
1332,TRUCK_TO_GATEWAY,L7_PHYSICAL_BENCH_MODEL,CSS-LoRa SX1278 (Ra-02),75.0,332,1787960066.5999,-67.2,9.8,True,25.72,NORMAL,True
1333,TRUCK_TO_GATEWAY,L7_PHYSICAL_BENCH_MODEL,CSS-LoRa SX1278 (Ra-02),75.0,333,1787960066.6499,-74.55,9.16,True,22.1,NORMAL,True
1334,TRUCK_TO_GATEWAY,L7_PHYSICAL_BENCH_MODEL,CSS-LoRa SX1278 (Ra-02),75.0,334,1787960066.6999,-74.91,6.09,True,24.77,NORMAL,True
1335,TRUCK_TO_GATEWAY,L7_PHYSICAL_BENCH_MODEL,CSS-LoRa SX1278 (Ra-02),75.0,335,1787960066.7499,-69.15,9.23,True,26.53,NORMAL,True
1336,TRUCK_TO_GATEWAY,L7_PHYSICAL_BENCH_MODEL,CSS-LoRa SX1278 (Ra-02),75.0,336,1787960066.7999,-70.94,8.2,True,24.55,NORMAL,True
1337,TRUCK_TO_GATEWAY,L7_PHYSICAL_BENCH_MODEL,CSS-LoRa SX1278 (Ra-02),75.0,337,1787960066.8499,-70.41,8.23,True,24.3,NORMAL,True
1338,TRUCK_TO_GATEWAY,L7_PHYSICAL_BENCH_MODEL,CSS-LoRa SX1278 (Ra-02),75.0,338,1787960066.8999,-75.77,5.76,True,22.15,NORMAL,True
1339,TRUCK_TO_GATEWAY,L7_PHYSICAL_BENCH_MODEL,CSS-LoRa SX1278 (Ra-02),75.0,339,1787960066.9499,-72.28,9.24,True,24.17,NORMAL,True
1340,TRUCK_TO_GATEWAY,L7_PHYSICAL_BENCH_MODEL,CSS-LoRa SX1278 (Ra-02),75.0,340,1787960066.9999,-75.9,8.5,True,24.43,NORMAL,True
1341,TRUCK_TO_GATEWAY,L7_PHYSICAL_BENCH_MODEL,CSS-LoRa SX1278 (Ra-02),75.0,341,1787960067.0499,-68.98,7.92,True,23.59,NORMAL,True
1342,TRUCK_TO_GATEWAY,L7_PHYSICAL_BENCH_MODEL,CSS-LoRa SX1278 (Ra-02),75.0,342,1787960067.0999,-70.41,10.66,True,24.94,NORMAL,True
1343,TRUCK_TO_GATEWAY,L7_PHYSICAL_BENCH_MODEL,CSS-LoRa SX1278 (Ra-02),75.0,343,1787960067.1499,-72.73,6.59,True,23.61,NORMAL,True
1344,TRUCK_TO_GATEWAY,L7_PHYSICAL_BENCH_MODEL,CSS-LoRa SX1278 (Ra-02),75.0,344,1787960067.1999,-72.24,9.05,True,24.52,NORMAL,True
1345,TRUCK_TO_GATEWAY,L7_PHYSICAL_BENCH_MODEL,CSS-LoRa SX1278 (Ra-02),75.0,345,1787960067.2499,-66.15,7.38,True,22.12,NORMAL,True
1346,TRUCK_TO_GATEWAY,L7_PHYSICAL_BENCH_MODEL,CSS-LoRa SX1278 (Ra-02),75.0,346,1787960067.2999,-75.59,9.23,True,26.03,NORMAL,True
1347,TRUCK_TO_GATEWAY,L7_PHYSICAL_BENCH_MODEL,CSS-LoRa SX1278 (Ra-02),75.0,347,1787960067.3499,-67.02,6.02,True,27.3,NORMAL,True
1348,TRUCK_TO_GATEWAY,L7_PHYSICAL_BENCH_MODEL,CSS-LoRa SX1278 (Ra-02),75.0,348,1787960067.3999,-72.14,7.83,True,27.41,NORMAL,True
1349,TRUCK_TO_GATEWAY,L7_PHYSICAL_BENCH_MODEL,CSS-LoRa SX1278 (Ra-02),75.0,349,1787960067.4499,-68.57,7.53,True,23.16,NORMAL,True
1350,TRUCK_TO_GATEWAY,L7_PHYSICAL_BENCH_MODEL,CSS-LoRa SX1278 (Ra-02),75.0,350,1787960067.4999,-72.42,6.09,True,25.51,NORMAL,True
1351,TRUCK_TO_GATEWAY,L7_PHYSICAL_BENCH_MODEL,CSS-LoRa SX1278 (Ra-02),75.0,351,1787960067.5499,-75.11,9.96,True,24.42,NORMAL,True
1352,TRUCK_TO_GATEWAY,L7_PHYSICAL_BENCH_MODEL,CSS-LoRa SX1278 (Ra-02),75.0,352,1787960067.5999,-74.69,9.86,True,25.72,NORMAL,True
1353,TRUCK_TO_GATEWAY,L7_PHYSICAL_BENCH_MODEL,CSS-LoRa SX1278 (Ra-02),75.0,353,1787960067.6499,-73.07,7.75,True,23.43,NORMAL,True
1354,TRUCK_TO_GATEWAY,L7_PHYSICAL_BENCH_MODEL,CSS-LoRa SX1278 (Ra-02),75.0,354,1787960067.6999,-69.95,11.45,True,24.81,NORMAL,True
1355,TRUCK_TO_GATEWAY,L7_PHYSICAL_BENCH_MODEL,CSS-LoRa SX1278 (Ra-02),75.0,355,1787960067.7499,-72.13,9.93,True,23.68,NORMAL,True
1356,TRUCK_TO_GATEWAY,L7_PHYSICAL_BENCH_MODEL,CSS-LoRa SX1278 (Ra-02),75.0,356,1787960067.7999,-125.0,-22.0,False,,NORMAL,True
1357,TRUCK_TO_GATEWAY,L7_PHYSICAL_BENCH_MODEL,CSS-LoRa SX1278 (Ra-02),75.0,357,1787960067.8499,-73.38,9.59,True,27.77,NORMAL,True
1358,TRUCK_TO_GATEWAY,L7_PHYSICAL_BENCH_MODEL,CSS-LoRa SX1278 (Ra-02),75.0,358,1787960067.8999,-70.64,7.67,True,26.78,NORMAL,True
1359,TRUCK_TO_GATEWAY,L7_PHYSICAL_BENCH_MODEL,CSS-LoRa SX1278 (Ra-02),75.0,359,1787960067.9499,-72.48,8.96,True,24.04,NORMAL,True
1360,TRUCK_TO_GATEWAY,L7_PHYSICAL_BENCH_MODEL,CSS-LoRa SX1278 (Ra-02),75.0,360,1787960067.9999,-69.04,9.68,True,24.7,NORMAL,True
1361,TRUCK_TO_GATEWAY,L7_PHYSICAL_BENCH_MODEL,CSS-LoRa SX1278 (Ra-02),75.0,361,1787960068.0499,-71.5,7.15,True,26.06,NORMAL,True
1362,TRUCK_TO_GATEWAY,L7_PHYSICAL_BENCH_MODEL,CSS-LoRa SX1278 (Ra-02),75.0,362,1787960068.0999,-72.21,9.22,True,20.42,NORMAL,True
1363,TRUCK_TO_GATEWAY,L7_PHYSICAL_BENCH_MODEL,CSS-LoRa SX1278 (Ra-02),75.0,363,1787960068.1499,-74.38,6.55,True,26.32,NORMAL,True
1364,TRUCK_TO_GATEWAY,L7_PHYSICAL_BENCH_MODEL,CSS-LoRa SX1278 (Ra-02),75.0,364,1787960068.1999,-70.84,7.5,True,23.82,NORMAL,True
1365,TRUCK_TO_GATEWAY,L7_PHYSICAL_BENCH_MODEL,CSS-LoRa SX1278 (Ra-02),75.0,365,1787960068.2499,-72.64,8.07,True,22.22,NORMAL,True
1366,TRUCK_TO_GATEWAY,L7_PHYSICAL_BENCH_MODEL,CSS-LoRa SX1278 (Ra-02),75.0,366,1787960068.2999,-73.98,9.7,True,25.1,NORMAL,True
1367,TRUCK_TO_GATEWAY,L7_PHYSICAL_BENCH_MODEL,CSS-LoRa SX1278 (Ra-02),75.0,367,1787960068.3499,-73.16,8.84,True,22.87,NORMAL,True
1368,TRUCK_TO_GATEWAY,L7_PHYSICAL_BENCH_MODEL,CSS-LoRa SX1278 (Ra-02),75.0,368,1787960068.3999,-75.14,8.11,True,27.95,NORMAL,True
1369,TRUCK_TO_GATEWAY,L7_PHYSICAL_BENCH_MODEL,CSS-LoRa SX1278 (Ra-02),75.0,369,1787960068.4499,-77.02,7.77,True,23.68,NORMAL,True
1370,TRUCK_TO_GATEWAY,L7_PHYSICAL_BENCH_MODEL,CSS-LoRa SX1278 (Ra-02),75.0,370,1787960068.4999,-71.3,6.7,True,27.08,NORMAL,True
1371,TRUCK_TO_GATEWAY,L7_PHYSICAL_BENCH_MODEL,CSS-LoRa SX1278 (Ra-02),75.0,371,1787960068.5499,-73.38,6.26,True,26.0,NORMAL,True
1372,TRUCK_TO_GATEWAY,L7_PHYSICAL_BENCH_MODEL,CSS-LoRa SX1278 (Ra-02),75.0,372,1787960068.5999,-70.68,10.86,True,24.36,NORMAL,True
1373,TRUCK_TO_GATEWAY,L7_PHYSICAL_BENCH_MODEL,CSS-LoRa SX1278 (Ra-02),75.0,373,1787960068.6499,-72.81,8.08,True,24.0,NORMAL,True
1374,TRUCK_TO_GATEWAY,L7_PHYSICAL_BENCH_MODEL,CSS-LoRa SX1278 (Ra-02),75.0,374,1787960068.6999,-71.57,9.82,True,23.23,NORMAL,True
1375,TRUCK_TO_GATEWAY,L7_PHYSICAL_BENCH_MODEL,CSS-LoRa SX1278 (Ra-02),75.0,375,1787960068.7499,-125.0,-22.0,False,,NORMAL,True
1376,TRUCK_TO_GATEWAY,L7_PHYSICAL_BENCH_MODEL,CSS-LoRa SX1278 (Ra-02),75.0,376,1787960068.7999,-73.5,8.38,True,27.1,NORMAL,True
1377,TRUCK_TO_GATEWAY,L7_PHYSICAL_BENCH_MODEL,CSS-LoRa SX1278 (Ra-02),75.0,377,1787960068.8499,-72.9,10.08,True,25.37,NORMAL,True
1378,TRUCK_TO_GATEWAY,L7_PHYSICAL_BENCH_MODEL,CSS-LoRa SX1278 (Ra-02),75.0,378,1787960068.8999,-73.97,7.46,True,23.31,NORMAL,True
1379,TRUCK_TO_GATEWAY,L7_PHYSICAL_BENCH_MODEL,CSS-LoRa SX1278 (Ra-02),75.0,379,1787960068.9499,-73.19,9.46,True,23.95,NORMAL,True
1380,TRUCK_TO_GATEWAY,L7_PHYSICAL_BENCH_MODEL,CSS-LoRa SX1278 (Ra-02),75.0,380,1787960068.9999,-75.4,7.55,True,25.46,NORMAL,True
1381,TRUCK_TO_GATEWAY,L7_PHYSICAL_BENCH_MODEL,CSS-LoRa SX1278 (Ra-02),75.0,381,1787960069.0499,-75.68,11.06,True,24.33,NORMAL,True
1382,TRUCK_TO_GATEWAY,L7_PHYSICAL_BENCH_MODEL,CSS-LoRa SX1278 (Ra-02),75.0,382,1787960069.0999,-71.8,8.26,True,23.47,NORMAL,True
1383,TRUCK_TO_GATEWAY,L7_PHYSICAL_BENCH_MODEL,CSS-LoRa SX1278 (Ra-02),75.0,383,1787960069.1499,-71.53,9.08,True,24.88,NORMAL,True
1384,TRUCK_TO_GATEWAY,L7_PHYSICAL_BENCH_MODEL,CSS-LoRa SX1278 (Ra-02),75.0,384,1787960069.1999,-72.23,8.73,True,23.93,NORMAL,True
1385,TRUCK_TO_GATEWAY,L7_PHYSICAL_BENCH_MODEL,CSS-LoRa SX1278 (Ra-02),75.0,385,1787960069.2499,-68.79,7.57,True,25.43,NORMAL,True
1386,TRUCK_TO_GATEWAY,L7_PHYSICAL_BENCH_MODEL,CSS-LoRa SX1278 (Ra-02),75.0,386,1787960069.2999,-71.34,8.34,True,24.74,NORMAL,True
1387,TRUCK_TO_GATEWAY,L7_PHYSICAL_BENCH_MODEL,CSS-LoRa SX1278 (Ra-02),75.0,387,1787960069.3499,-74.07,7.82,True,24.22,NORMAL,True
1388,TRUCK_TO_GATEWAY,L7_PHYSICAL_BENCH_MODEL,CSS-LoRa SX1278 (Ra-02),75.0,388,1787960069.3999,-76.08,9.65,True,27.37,NORMAL,True
1389,TRUCK_TO_GATEWAY,L7_PHYSICAL_BENCH_MODEL,CSS-LoRa SX1278 (Ra-02),75.0,389,1787960069.4499,-74.81,6.93,True,26.4,NORMAL,True
1390,TRUCK_TO_GATEWAY,L7_PHYSICAL_BENCH_MODEL,CSS-LoRa SX1278 (Ra-02),75.0,390,1787960069.4999,-77.53,8.71,True,23.48,NORMAL,True
1391,TRUCK_TO_GATEWAY,L7_PHYSICAL_BENCH_MODEL,CSS-LoRa SX1278 (Ra-02),75.0,391,1787960069.5499,-67.83,6.95,True,23.76,NORMAL,True
1392,TRUCK_TO_GATEWAY,L7_PHYSICAL_BENCH_MODEL,CSS-LoRa SX1278 (Ra-02),75.0,392,1787960069.5999,-71.78,8.67,True,23.51,NORMAL,True
1393,TRUCK_TO_GATEWAY,L7_PHYSICAL_BENCH_MODEL,CSS-LoRa SX1278 (Ra-02),75.0,393,1787960069.6499,-73.11,8.91,True,25.68,NORMAL,True
1394,TRUCK_TO_GATEWAY,L7_PHYSICAL_BENCH_MODEL,CSS-LoRa SX1278 (Ra-02),75.0,394,1787960069.6999,-73.24,8.9,True,25.02,NORMAL,True
1395,TRUCK_TO_GATEWAY,L7_PHYSICAL_BENCH_MODEL,CSS-LoRa SX1278 (Ra-02),75.0,395,1787960069.7499,-74.66,10.27,True,25.78,NORMAL,True
1396,TRUCK_TO_GATEWAY,L7_PHYSICAL_BENCH_MODEL,CSS-LoRa SX1278 (Ra-02),75.0,396,1787960069.7999,-77.75,11.32,True,23.8,NORMAL,True
1397,TRUCK_TO_GATEWAY,L7_PHYSICAL_BENCH_MODEL,CSS-LoRa SX1278 (Ra-02),75.0,397,1787960069.8499,-73.84,11.34,True,24.98,NORMAL,True
1398,TRUCK_TO_GATEWAY,L7_PHYSICAL_BENCH_MODEL,CSS-LoRa SX1278 (Ra-02),75.0,398,1787960069.8999,-68.63,7.63,True,24.72,NORMAL,True
1399,TRUCK_TO_GATEWAY,L7_PHYSICAL_BENCH_MODEL,CSS-LoRa SX1278 (Ra-02),75.0,399,1787960069.9499,-76.78,9.05,True,26.45,NORMAL,True
1400,TRUCK_TO_GATEWAY,L7_PHYSICAL_BENCH_MODEL,CSS-LoRa SX1278 (Ra-02),75.0,400,1787960069.9999,-66.92,10.44,True,25.69,NORMAL,True
1401,TRUCK_TO_GATEWAY,L7_PHYSICAL_BENCH_MODEL,CSS-LoRa SX1278 (Ra-02),75.0,401,1787960070.0499,-71.9,8.54,True,27.27,NORMAL,True
1402,TRUCK_TO_GATEWAY,L7_PHYSICAL_BENCH_MODEL,CSS-LoRa SX1278 (Ra-02),75.0,402,1787960070.0999,-68.1,10.99,True,24.64,NORMAL,True
1403,TRUCK_TO_GATEWAY,L7_PHYSICAL_BENCH_MODEL,CSS-LoRa SX1278 (Ra-02),75.0,403,1787960070.1499,-72.29,8.41,True,23.19,NORMAL,True
1404,TRUCK_TO_GATEWAY,L7_PHYSICAL_BENCH_MODEL,CSS-LoRa SX1278 (Ra-02),75.0,404,1787960070.1999,-73.92,6.54,True,24.15,NORMAL,True
1405,TRUCK_TO_GATEWAY,L7_PHYSICAL_BENCH_MODEL,CSS-LoRa SX1278 (Ra-02),75.0,405,1787960070.2499,-74.84,8.05,True,25.39,NORMAL,True
1406,TRUCK_TO_GATEWAY,L7_PHYSICAL_BENCH_MODEL,CSS-LoRa SX1278 (Ra-02),75.0,406,1787960070.2999,-69.27,7.2,True,24.71,NORMAL,True
1407,TRUCK_TO_GATEWAY,L7_PHYSICAL_BENCH_MODEL,CSS-LoRa SX1278 (Ra-02),75.0,407,1787960070.3499,-73.43,8.62,True,26.86,NORMAL,True
1408,TRUCK_TO_GATEWAY,L7_PHYSICAL_BENCH_MODEL,CSS-LoRa SX1278 (Ra-02),75.0,408,1787960070.3999,-73.89,8.8,True,26.42,NORMAL,True
1409,TRUCK_TO_GATEWAY,L7_PHYSICAL_BENCH_MODEL,CSS-LoRa SX1278 (Ra-02),75.0,409,1787960070.4499,-77.51,9.52,True,23.59,NORMAL,True
1410,TRUCK_TO_GATEWAY,L7_PHYSICAL_BENCH_MODEL,CSS-LoRa SX1278 (Ra-02),75.0,410,1787960070.4999,-72.74,8.73,True,24.38,NORMAL,True
1411,TRUCK_TO_GATEWAY,L7_PHYSICAL_BENCH_MODEL,CSS-LoRa SX1278 (Ra-02),75.0,411,1787960070.5499,-69.46,9.61,True,25.93,NORMAL,True
1412,TRUCK_TO_GATEWAY,L7_PHYSICAL_BENCH_MODEL,CSS-LoRa SX1278 (Ra-02),75.0,412,1787960070.5999,-75.09,7.68,True,25.35,NORMAL,True
1413,TRUCK_TO_GATEWAY,L7_PHYSICAL_BENCH_MODEL,CSS-LoRa SX1278 (Ra-02),75.0,413,1787960070.6499,-70.85,7.85,True,24.14,NORMAL,True
1414,TRUCK_TO_GATEWAY,L7_PHYSICAL_BENCH_MODEL,CSS-LoRa SX1278 (Ra-02),75.0,414,1787960070.6999,-78.06,6.38,True,25.38,NORMAL,True
1415,TRUCK_TO_GATEWAY,L7_PHYSICAL_BENCH_MODEL,CSS-LoRa SX1278 (Ra-02),75.0,415,1787960070.7499,-69.08,7.5,True,25.27,NORMAL,True
1416,TRUCK_TO_GATEWAY,L7_PHYSICAL_BENCH_MODEL,CSS-LoRa SX1278 (Ra-02),75.0,416,1787960070.7999,-73.34,7.85,True,22.16,NORMAL,True
1417,TRUCK_TO_GATEWAY,L7_PHYSICAL_BENCH_MODEL,CSS-LoRa SX1278 (Ra-02),75.0,417,1787960070.8499,-72.54,7.93,True,26.97,NORMAL,True
1418,TRUCK_TO_GATEWAY,L7_PHYSICAL_BENCH_MODEL,CSS-LoRa SX1278 (Ra-02),75.0,418,1787960070.8999,-68.61,7.58,True,26.59,NORMAL,True
1419,TRUCK_TO_GATEWAY,L7_PHYSICAL_BENCH_MODEL,CSS-LoRa SX1278 (Ra-02),75.0,419,1787960070.9499,-71.19,7.65,True,30.25,NORMAL,True
1420,TRUCK_TO_GATEWAY,L7_PHYSICAL_BENCH_MODEL,CSS-LoRa SX1278 (Ra-02),75.0,420,1787960070.9999,-75.46,8.9,True,25.32,NORMAL,True
1421,TRUCK_TO_GATEWAY,L7_PHYSICAL_BENCH_MODEL,CSS-LoRa SX1278 (Ra-02),75.0,421,1787960071.0499,-75.04,7.22,True,24.03,NORMAL,True
1422,TRUCK_TO_GATEWAY,L7_PHYSICAL_BENCH_MODEL,CSS-LoRa SX1278 (Ra-02),75.0,422,1787960071.0999,-74.25,5.62,True,24.59,NORMAL,True
1423,TRUCK_TO_GATEWAY,L7_PHYSICAL_BENCH_MODEL,CSS-LoRa SX1278 (Ra-02),75.0,423,1787960071.1499,-72.94,8.39,True,24.03,NORMAL,True
1424,TRUCK_TO_GATEWAY,L7_PHYSICAL_BENCH_MODEL,CSS-LoRa SX1278 (Ra-02),75.0,424,1787960071.1999,-74.07,9.71,True,24.99,NORMAL,True
1425,TRUCK_TO_GATEWAY,L7_PHYSICAL_BENCH_MODEL,CSS-LoRa SX1278 (Ra-02),75.0,425,1787960071.2499,-70.98,9.43,True,26.83,NORMAL,True
1426,TRUCK_TO_GATEWAY,L7_PHYSICAL_BENCH_MODEL,CSS-LoRa SX1278 (Ra-02),75.0,426,1787960071.2999,-72.34,7.34,True,23.84,NORMAL,True
1427,TRUCK_TO_GATEWAY,L7_PHYSICAL_BENCH_MODEL,CSS-LoRa SX1278 (Ra-02),75.0,427,1787960071.3499,-75.89,7.5,True,24.35,NORMAL,True
1428,TRUCK_TO_GATEWAY,L7_PHYSICAL_BENCH_MODEL,CSS-LoRa SX1278 (Ra-02),75.0,428,1787960071.3999,-75.11,9.34,True,25.75,NORMAL,True
1429,TRUCK_TO_GATEWAY,L7_PHYSICAL_BENCH_MODEL,CSS-LoRa SX1278 (Ra-02),75.0,429,1787960071.4499,-73.84,6.45,True,26.66,NORMAL,True
1430,TRUCK_TO_GATEWAY,L7_PHYSICAL_BENCH_MODEL,CSS-LoRa SX1278 (Ra-02),75.0,430,1787960071.4999,-71.4,6.89,True,25.92,NORMAL,True
1431,TRUCK_TO_GATEWAY,L7_PHYSICAL_BENCH_MODEL,CSS-LoRa SX1278 (Ra-02),75.0,431,1787960071.5499,-73.81,9.24,True,25.46,NORMAL,True
1432,TRUCK_TO_GATEWAY,L7_PHYSICAL_BENCH_MODEL,CSS-LoRa SX1278 (Ra-02),75.0,432,1787960071.5999,-72.43,8.08,True,27.84,NORMAL,True
1433,TRUCK_TO_GATEWAY,L7_PHYSICAL_BENCH_MODEL,CSS-LoRa SX1278 (Ra-02),75.0,433,1787960071.6499,-72.03,11.02,True,21.32,NORMAL,True
1434,TRUCK_TO_GATEWAY,L7_PHYSICAL_BENCH_MODEL,CSS-LoRa SX1278 (Ra-02),75.0,434,1787960071.6999,-73.27,5.54,True,25.17,NORMAL,True
1435,TRUCK_TO_GATEWAY,L7_PHYSICAL_BENCH_MODEL,CSS-LoRa SX1278 (Ra-02),75.0,435,1787960071.7499,-75.17,9.19,True,24.14,NORMAL,True
1436,TRUCK_TO_GATEWAY,L7_PHYSICAL_BENCH_MODEL,CSS-LoRa SX1278 (Ra-02),75.0,436,1787960071.7999,-72.24,9.1,True,24.9,NORMAL,True
1437,TRUCK_TO_GATEWAY,L7_PHYSICAL_BENCH_MODEL,CSS-LoRa SX1278 (Ra-02),75.0,437,1787960071.8499,-74.52,7.13,True,25.76,NORMAL,True
1438,TRUCK_TO_GATEWAY,L7_PHYSICAL_BENCH_MODEL,CSS-LoRa SX1278 (Ra-02),75.0,438,1787960071.8999,-73.85,11.36,True,25.84,NORMAL,True
1439,TRUCK_TO_GATEWAY,L7_PHYSICAL_BENCH_MODEL,CSS-LoRa SX1278 (Ra-02),75.0,439,1787960071.9499,-72.3,5.98,True,25.9,NORMAL,True
1440,TRUCK_TO_GATEWAY,L7_PHYSICAL_BENCH_MODEL,CSS-LoRa SX1278 (Ra-02),75.0,440,1787960071.9999,-70.28,7.76,True,25.25,NORMAL,True
1441,TRUCK_TO_GATEWAY,L7_PHYSICAL_BENCH_MODEL,CSS-LoRa SX1278 (Ra-02),75.0,441,1787960072.0499,-73.08,7.1,True,25.94,NORMAL,True
1442,TRUCK_TO_GATEWAY,L7_PHYSICAL_BENCH_MODEL,CSS-LoRa SX1278 (Ra-02),75.0,442,1787960072.0999,-74.43,8.47,True,25.57,NORMAL,True
1443,TRUCK_TO_GATEWAY,L7_PHYSICAL_BENCH_MODEL,CSS-LoRa SX1278 (Ra-02),75.0,443,1787960072.1499,-77.56,7.21,True,24.08,NORMAL,True
1444,TRUCK_TO_GATEWAY,L7_PHYSICAL_BENCH_MODEL,CSS-LoRa SX1278 (Ra-02),75.0,444,1787960072.1999,-73.61,10.55,True,23.8,NORMAL,True
1445,TRUCK_TO_GATEWAY,L7_PHYSICAL_BENCH_MODEL,CSS-LoRa SX1278 (Ra-02),75.0,445,1787960072.2499,-73.9,7.57,True,24.91,NORMAL,True
1446,TRUCK_TO_GATEWAY,L7_PHYSICAL_BENCH_MODEL,CSS-LoRa SX1278 (Ra-02),75.0,446,1787960072.2999,-75.33,6.04,True,26.06,NORMAL,True
1447,TRUCK_TO_GATEWAY,L7_PHYSICAL_BENCH_MODEL,CSS-LoRa SX1278 (Ra-02),75.0,447,1787960072.3499,-69.96,10.82,True,22.14,NORMAL,True
1448,TRUCK_TO_GATEWAY,L7_PHYSICAL_BENCH_MODEL,CSS-LoRa SX1278 (Ra-02),75.0,448,1787960072.3999,-72.16,9.09,True,24.97,NORMAL,True
1449,TRUCK_TO_GATEWAY,L7_PHYSICAL_BENCH_MODEL,CSS-LoRa SX1278 (Ra-02),75.0,449,1787960072.4499,-70.7,10.96,True,26.49,NORMAL,True
1450,TRUCK_TO_GATEWAY,L7_PHYSICAL_BENCH_MODEL,CSS-LoRa SX1278 (Ra-02),75.0,450,1787960072.4999,-75.17,6.81,True,24.93,NORMAL,True
1451,TRUCK_TO_GATEWAY,L7_PHYSICAL_BENCH_MODEL,CSS-LoRa SX1278 (Ra-02),75.0,451,1787960072.5499,-75.26,6.57,True,22.44,NORMAL,True
1452,TRUCK_TO_GATEWAY,L7_PHYSICAL_BENCH_MODEL,CSS-LoRa SX1278 (Ra-02),75.0,452,1787960072.5999,-76.46,8.09,True,27.4,NORMAL,True
1453,TRUCK_TO_GATEWAY,L7_PHYSICAL_BENCH_MODEL,CSS-LoRa SX1278 (Ra-02),75.0,453,1787960072.6499,-70.91,9.56,True,22.92,NORMAL,True
1454,TRUCK_TO_GATEWAY,L7_PHYSICAL_BENCH_MODEL,CSS-LoRa SX1278 (Ra-02),75.0,454,1787960072.6999,-73.21,5.87,True,22.76,NORMAL,True
1455,TRUCK_TO_GATEWAY,L7_PHYSICAL_BENCH_MODEL,CSS-LoRa SX1278 (Ra-02),75.0,455,1787960072.7499,-69.91,7.65,True,24.18,NORMAL,True
1456,TRUCK_TO_GATEWAY,L7_PHYSICAL_BENCH_MODEL,CSS-LoRa SX1278 (Ra-02),75.0,456,1787960072.7999,-72.97,7.83,True,24.61,NORMAL,True
1457,TRUCK_TO_GATEWAY,L7_PHYSICAL_BENCH_MODEL,CSS-LoRa SX1278 (Ra-02),75.0,457,1787960072.8499,-76.3,8.61,True,25.1,NORMAL,True
1458,TRUCK_TO_GATEWAY,L7_PHYSICAL_BENCH_MODEL,CSS-LoRa SX1278 (Ra-02),75.0,458,1787960072.8999,-76.15,7.07,True,25.42,NORMAL,True
1459,TRUCK_TO_GATEWAY,L7_PHYSICAL_BENCH_MODEL,CSS-LoRa SX1278 (Ra-02),75.0,459,1787960072.9499,-71.67,6.92,True,26.12,NORMAL,True
1460,TRUCK_TO_GATEWAY,L7_PHYSICAL_BENCH_MODEL,CSS-LoRa SX1278 (Ra-02),75.0,460,1787960072.9999,-74.6,8.3,True,25.56,NORMAL,True
1461,TRUCK_TO_GATEWAY,L7_PHYSICAL_BENCH_MODEL,CSS-LoRa SX1278 (Ra-02),75.0,461,1787960073.0499,-74.07,6.35,True,25.3,NORMAL,True
1462,TRUCK_TO_GATEWAY,L7_PHYSICAL_BENCH_MODEL,CSS-LoRa SX1278 (Ra-02),75.0,462,1787960073.0999,-69.99,10.45,True,23.99,NORMAL,True
1463,TRUCK_TO_GATEWAY,L7_PHYSICAL_BENCH_MODEL,CSS-LoRa SX1278 (Ra-02),75.0,463,1787960073.1499,-72.23,8.16,True,25.23,NORMAL,True
1464,TRUCK_TO_GATEWAY,L7_PHYSICAL_BENCH_MODEL,CSS-LoRa SX1278 (Ra-02),75.0,464,1787960073.1999,-73.66,7.35,True,24.45,NORMAL,True
1465,TRUCK_TO_GATEWAY,L7_PHYSICAL_BENCH_MODEL,CSS-LoRa SX1278 (Ra-02),75.0,465,1787960073.2499,-69.14,7.69,True,24.49,NORMAL,True
1466,TRUCK_TO_GATEWAY,L7_PHYSICAL_BENCH_MODEL,CSS-LoRa SX1278 (Ra-02),75.0,466,1787960073.2999,-77.6,9.57,True,25.2,NORMAL,True
1467,TRUCK_TO_GATEWAY,L7_PHYSICAL_BENCH_MODEL,CSS-LoRa SX1278 (Ra-02),75.0,467,1787960073.3499,-76.79,9.13,True,25.35,NORMAL,True
1468,TRUCK_TO_GATEWAY,L7_PHYSICAL_BENCH_MODEL,CSS-LoRa SX1278 (Ra-02),75.0,468,1787960073.3999,-74.35,5.45,True,24.15,NORMAL,True
1469,TRUCK_TO_GATEWAY,L7_PHYSICAL_BENCH_MODEL,CSS-LoRa SX1278 (Ra-02),75.0,469,1787960073.4499,-71.17,11.32,True,23.04,NORMAL,True
1470,TRUCK_TO_GATEWAY,L7_PHYSICAL_BENCH_MODEL,CSS-LoRa SX1278 (Ra-02),75.0,470,1787960073.4999,-73.81,5.7,True,22.11,NORMAL,True
1471,TRUCK_TO_GATEWAY,L7_PHYSICAL_BENCH_MODEL,CSS-LoRa SX1278 (Ra-02),75.0,471,1787960073.5499,-74.29,11.27,True,24.96,NORMAL,True
1472,TRUCK_TO_GATEWAY,L7_PHYSICAL_BENCH_MODEL,CSS-LoRa SX1278 (Ra-02),75.0,472,1787960073.5999,-76.26,6.79,True,27.29,NORMAL,True
1473,TRUCK_TO_GATEWAY,L7_PHYSICAL_BENCH_MODEL,CSS-LoRa SX1278 (Ra-02),75.0,473,1787960073.6499,-74.71,9.0,True,23.32,NORMAL,True
1474,TRUCK_TO_GATEWAY,L7_PHYSICAL_BENCH_MODEL,CSS-LoRa SX1278 (Ra-02),75.0,474,1787960073.6999,-77.01,5.47,True,22.05,NORMAL,True
1475,TRUCK_TO_GATEWAY,L7_PHYSICAL_BENCH_MODEL,CSS-LoRa SX1278 (Ra-02),75.0,475,1787960073.7499,-70.59,9.78,True,23.94,NORMAL,True
1476,TRUCK_TO_GATEWAY,L7_PHYSICAL_BENCH_MODEL,CSS-LoRa SX1278 (Ra-02),75.0,476,1787960073.7999,-73.32,7.43,True,25.03,NORMAL,True
1477,TRUCK_TO_GATEWAY,L7_PHYSICAL_BENCH_MODEL,CSS-LoRa SX1278 (Ra-02),75.0,477,1787960073.8499,-71.83,8.9,True,26.09,NORMAL,True
1478,TRUCK_TO_GATEWAY,L7_PHYSICAL_BENCH_MODEL,CSS-LoRa SX1278 (Ra-02),75.0,478,1787960073.8999,-69.67,6.75,True,24.64,NORMAL,True
1479,TRUCK_TO_GATEWAY,L7_PHYSICAL_BENCH_MODEL,CSS-LoRa SX1278 (Ra-02),75.0,479,1787960073.9499,-76.62,8.34,True,22.29,NORMAL,True
1480,TRUCK_TO_GATEWAY,L7_PHYSICAL_BENCH_MODEL,CSS-LoRa SX1278 (Ra-02),75.0,480,1787960073.9999,-74.4,6.91,True,24.74,NORMAL,True
1481,TRUCK_TO_GATEWAY,L7_PHYSICAL_BENCH_MODEL,CSS-LoRa SX1278 (Ra-02),75.0,481,1787960074.0499,-66.96,7.58,True,24.62,NORMAL,True
1482,TRUCK_TO_GATEWAY,L7_PHYSICAL_BENCH_MODEL,CSS-LoRa SX1278 (Ra-02),75.0,482,1787960074.0999,-72.8,8.94,True,25.88,NORMAL,True
1483,TRUCK_TO_GATEWAY,L7_PHYSICAL_BENCH_MODEL,CSS-LoRa SX1278 (Ra-02),75.0,483,1787960074.1499,-73.01,8.34,True,24.8,NORMAL,True
1484,TRUCK_TO_GATEWAY,L7_PHYSICAL_BENCH_MODEL,CSS-LoRa SX1278 (Ra-02),75.0,484,1787960074.1999,-74.83,8.74,True,26.18,NORMAL,True
1485,TRUCK_TO_GATEWAY,L7_PHYSICAL_BENCH_MODEL,CSS-LoRa SX1278 (Ra-02),75.0,485,1787960074.2499,-74.13,6.97,True,25.84,NORMAL,True
1486,TRUCK_TO_GATEWAY,L7_PHYSICAL_BENCH_MODEL,CSS-LoRa SX1278 (Ra-02),75.0,486,1787960074.2999,-73.69,5.89,True,25.03,NORMAL,True
1487,TRUCK_TO_GATEWAY,L7_PHYSICAL_BENCH_MODEL,CSS-LoRa SX1278 (Ra-02),75.0,487,1787960074.3499,-73.91,7.66,True,26.38,NORMAL,True
1488,TRUCK_TO_GATEWAY,L7_PHYSICAL_BENCH_MODEL,CSS-LoRa SX1278 (Ra-02),75.0,488,1787960074.3999,-73.02,8.92,True,25.75,NORMAL,True
1489,TRUCK_TO_GATEWAY,L7_PHYSICAL_BENCH_MODEL,CSS-LoRa SX1278 (Ra-02),75.0,489,1787960074.4499,-68.91,4.49,True,23.63,NORMAL,True
1490,TRUCK_TO_GATEWAY,L7_PHYSICAL_BENCH_MODEL,CSS-LoRa SX1278 (Ra-02),75.0,490,1787960074.4999,-71.31,5.99,True,25.23,NORMAL,True
1491,TRUCK_TO_GATEWAY,L7_PHYSICAL_BENCH_MODEL,CSS-LoRa SX1278 (Ra-02),75.0,491,1787960074.5499,-70.43,7.71,True,22.45,NORMAL,True
1492,TRUCK_TO_GATEWAY,L7_PHYSICAL_BENCH_MODEL,CSS-LoRa SX1278 (Ra-02),75.0,492,1787960074.5999,-74.3,8.2,True,23.2,NORMAL,True
1493,TRUCK_TO_GATEWAY,L7_PHYSICAL_BENCH_MODEL,CSS-LoRa SX1278 (Ra-02),75.0,493,1787960074.6499,-76.64,5.62,True,23.06,NORMAL,True
1494,TRUCK_TO_GATEWAY,L7_PHYSICAL_BENCH_MODEL,CSS-LoRa SX1278 (Ra-02),75.0,494,1787960074.6999,-74.75,9.02,True,25.56,NORMAL,True
1495,TRUCK_TO_GATEWAY,L7_PHYSICAL_BENCH_MODEL,CSS-LoRa SX1278 (Ra-02),75.0,495,1787960074.7499,-73.28,8.69,True,26.55,NORMAL,True
1496,TRUCK_TO_GATEWAY,L7_PHYSICAL_BENCH_MODEL,CSS-LoRa SX1278 (Ra-02),75.0,496,1787960074.7999,-74.22,8.31,True,25.96,NORMAL,True
1497,TRUCK_TO_GATEWAY,L7_PHYSICAL_BENCH_MODEL,CSS-LoRa SX1278 (Ra-02),75.0,497,1787960074.8499,-75.56,8.76,True,24.78,NORMAL,True
1498,TRUCK_TO_GATEWAY,L7_PHYSICAL_BENCH_MODEL,CSS-LoRa SX1278 (Ra-02),75.0,498,1787960074.8999,-72.92,7.87,True,26.37,NORMAL,True
1499,TRUCK_TO_GATEWAY,L7_PHYSICAL_BENCH_MODEL,CSS-LoRa SX1278 (Ra-02),75.0,499,1787960074.9499,-75.95,9.19,True,27.02,NORMAL,True
1500,TRUCK_TO_GATEWAY,L7_PHYSICAL_BENCH_MODEL,CSS-LoRa SX1278 (Ra-02),75.0,500,1787960074.9999,-74.63,7.42,True,23.98,NORMAL,True
1501,TRUCK_TO_GATEWAY,L7_PHYSICAL_BENCH_MODEL,CSS-LoRa SX1278 (Ra-02),75.0,501,1787960075.0499,-75.48,7.49,True,27.68,NORMAL,True
1502,TRUCK_TO_GATEWAY,L7_PHYSICAL_BENCH_MODEL,CSS-LoRa SX1278 (Ra-02),75.0,502,1787960075.0999,-76.25,7.51,True,21.54,NORMAL,True
1503,TRUCK_TO_GATEWAY,L7_PHYSICAL_BENCH_MODEL,CSS-LoRa SX1278 (Ra-02),75.0,503,1787960075.1499,-76.74,6.77,True,22.96,NORMAL,True
1504,TRUCK_TO_GATEWAY,L7_PHYSICAL_BENCH_MODEL,CSS-LoRa SX1278 (Ra-02),75.0,504,1787960075.1999,-71.32,6.47,True,24.02,NORMAL,True
1505,TRUCK_TO_GATEWAY,L7_PHYSICAL_BENCH_MODEL,CSS-LoRa SX1278 (Ra-02),75.0,505,1787960075.2499,-72.22,5.82,True,23.68,NORMAL,True
1506,TRUCK_TO_GATEWAY,L7_PHYSICAL_BENCH_MODEL,CSS-LoRa SX1278 (Ra-02),75.0,506,1787960075.2999,-76.51,6.48,True,26.28,NORMAL,True
1507,TRUCK_TO_GATEWAY,L7_PHYSICAL_BENCH_MODEL,CSS-LoRa SX1278 (Ra-02),75.0,507,1787960075.3499,-75.34,9.35,True,23.52,NORMAL,True
1508,TRUCK_TO_GATEWAY,L7_PHYSICAL_BENCH_MODEL,CSS-LoRa SX1278 (Ra-02),75.0,508,1787960075.3999,-77.03,9.07,True,23.43,NORMAL,True
1509,TRUCK_TO_GATEWAY,L7_PHYSICAL_BENCH_MODEL,CSS-LoRa SX1278 (Ra-02),75.0,509,1787960075.4499,-69.52,8.9,True,27.4,NORMAL,True
1510,TRUCK_TO_GATEWAY,L7_PHYSICAL_BENCH_MODEL,CSS-LoRa SX1278 (Ra-02),75.0,510,1787960075.4999,-71.48,9.65,True,22.87,NORMAL,True
1511,TRUCK_TO_GATEWAY,L7_PHYSICAL_BENCH_MODEL,CSS-LoRa SX1278 (Ra-02),75.0,511,1787960075.5499,-74.42,8.17,True,24.27,NORMAL,True
1512,TRUCK_TO_GATEWAY,L7_PHYSICAL_BENCH_MODEL,CSS-LoRa SX1278 (Ra-02),75.0,512,1787960075.5999,-67.85,8.69,True,23.55,NORMAL,True
1513,TRUCK_TO_GATEWAY,L7_PHYSICAL_BENCH_MODEL,CSS-LoRa SX1278 (Ra-02),75.0,513,1787960075.6499,-70.79,9.65,True,24.46,NORMAL,True
1514,TRUCK_TO_GATEWAY,L7_PHYSICAL_BENCH_MODEL,CSS-LoRa SX1278 (Ra-02),75.0,514,1787960075.6999,-72.0,6.3,True,24.21,NORMAL,True
1515,TRUCK_TO_GATEWAY,L7_PHYSICAL_BENCH_MODEL,CSS-LoRa SX1278 (Ra-02),75.0,515,1787960075.7499,-75.83,5.47,True,23.07,NORMAL,True
1516,TRUCK_TO_GATEWAY,L7_PHYSICAL_BENCH_MODEL,CSS-LoRa SX1278 (Ra-02),75.0,516,1787960075.7999,-70.65,10.32,True,26.25,NORMAL,True
1517,TRUCK_TO_GATEWAY,L7_PHYSICAL_BENCH_MODEL,CSS-LoRa SX1278 (Ra-02),75.0,517,1787960075.8499,-70.91,9.37,True,25.88,NORMAL,True
1518,TRUCK_TO_GATEWAY,L7_PHYSICAL_BENCH_MODEL,CSS-LoRa SX1278 (Ra-02),75.0,518,1787960075.8999,-68.39,8.98,True,25.25,NORMAL,True
1519,TRUCK_TO_GATEWAY,L7_PHYSICAL_BENCH_MODEL,CSS-LoRa SX1278 (Ra-02),75.0,519,1787960075.9499,-78.9,9.58,True,22.39,NORMAL,True
1520,TRUCK_TO_GATEWAY,L7_PHYSICAL_BENCH_MODEL,CSS-LoRa SX1278 (Ra-02),75.0,520,1787960075.9999,-77.26,10.02,True,22.39,NORMAL,True
1521,TRUCK_TO_GATEWAY,L7_PHYSICAL_BENCH_MODEL,CSS-LoRa SX1278 (Ra-02),75.0,521,1787960076.0499,-71.01,10.51,True,25.02,NORMAL,True
1522,TRUCK_TO_GATEWAY,L7_PHYSICAL_BENCH_MODEL,CSS-LoRa SX1278 (Ra-02),75.0,522,1787960076.0999,-71.84,7.47,True,26.22,NORMAL,True
1523,TRUCK_TO_GATEWAY,L7_PHYSICAL_BENCH_MODEL,CSS-LoRa SX1278 (Ra-02),75.0,523,1787960076.1499,-70.12,9.6,True,24.51,NORMAL,True
1524,TRUCK_TO_GATEWAY,L7_PHYSICAL_BENCH_MODEL,CSS-LoRa SX1278 (Ra-02),75.0,524,1787960076.1999,-77.56,9.15,True,22.65,NORMAL,True
1525,TRUCK_TO_GATEWAY,L7_PHYSICAL_BENCH_MODEL,CSS-LoRa SX1278 (Ra-02),75.0,525,1787960076.2499,-71.32,8.69,True,23.31,NORMAL,True
1526,TRUCK_TO_GATEWAY,L7_PHYSICAL_BENCH_MODEL,CSS-LoRa SX1278 (Ra-02),75.0,526,1787960076.2999,-71.81,5.81,True,22.81,NORMAL,True
1527,TRUCK_TO_GATEWAY,L7_PHYSICAL_BENCH_MODEL,CSS-LoRa SX1278 (Ra-02),75.0,527,1787960076.3499,-74.91,5.12,True,29.06,NORMAL,True
1528,TRUCK_TO_GATEWAY,L7_PHYSICAL_BENCH_MODEL,CSS-LoRa SX1278 (Ra-02),75.0,528,1787960076.3999,-74.87,7.28,True,24.8,NORMAL,True
1529,TRUCK_TO_GATEWAY,L7_PHYSICAL_BENCH_MODEL,CSS-LoRa SX1278 (Ra-02),75.0,529,1787960076.4499,-73.56,7.09,True,22.57,NORMAL,True
1530,TRUCK_TO_GATEWAY,L7_PHYSICAL_BENCH_MODEL,CSS-LoRa SX1278 (Ra-02),75.0,530,1787960076.4999,-74.14,7.23,True,26.25,NORMAL,True
1531,TRUCK_TO_GATEWAY,L7_PHYSICAL_BENCH_MODEL,CSS-LoRa SX1278 (Ra-02),75.0,531,1787960076.5499,-75.99,6.78,True,24.93,NORMAL,True
1532,TRUCK_TO_GATEWAY,L7_PHYSICAL_BENCH_MODEL,CSS-LoRa SX1278 (Ra-02),75.0,532,1787960076.5999,-74.7,9.28,True,25.17,NORMAL,True
1533,TRUCK_TO_GATEWAY,L7_PHYSICAL_BENCH_MODEL,CSS-LoRa SX1278 (Ra-02),75.0,533,1787960076.6499,-75.33,6.1,True,25.53,NORMAL,True
1534,TRUCK_TO_GATEWAY,L7_PHYSICAL_BENCH_MODEL,CSS-LoRa SX1278 (Ra-02),75.0,534,1787960076.6999,-73.62,9.66,True,24.96,NORMAL,True
1535,TRUCK_TO_GATEWAY,L7_PHYSICAL_BENCH_MODEL,CSS-LoRa SX1278 (Ra-02),75.0,535,1787960076.7499,-72.33,8.58,True,24.66,NORMAL,True
1536,TRUCK_TO_GATEWAY,L7_PHYSICAL_BENCH_MODEL,CSS-LoRa SX1278 (Ra-02),75.0,536,1787960076.7999,-69.02,8.31,True,25.53,NORMAL,True
1537,TRUCK_TO_GATEWAY,L7_PHYSICAL_BENCH_MODEL,CSS-LoRa SX1278 (Ra-02),75.0,537,1787960076.8499,-73.24,8.86,True,22.8,NORMAL,True
1538,TRUCK_TO_GATEWAY,L7_PHYSICAL_BENCH_MODEL,CSS-LoRa SX1278 (Ra-02),75.0,538,1787960076.8999,-76.98,9.99,True,22.67,NORMAL,True
1539,TRUCK_TO_GATEWAY,L7_PHYSICAL_BENCH_MODEL,CSS-LoRa SX1278 (Ra-02),75.0,539,1787960076.9499,-73.5,9.89,True,22.75,NORMAL,True
1540,TRUCK_TO_GATEWAY,L7_PHYSICAL_BENCH_MODEL,CSS-LoRa SX1278 (Ra-02),75.0,540,1787960076.9999,-71.31,8.81,True,23.54,NORMAL,True
1541,TRUCK_TO_GATEWAY,L7_PHYSICAL_BENCH_MODEL,CSS-LoRa SX1278 (Ra-02),75.0,541,1787960077.0499,-77.03,7.82,True,25.74,NORMAL,True
1542,TRUCK_TO_GATEWAY,L7_PHYSICAL_BENCH_MODEL,CSS-LoRa SX1278 (Ra-02),75.0,542,1787960077.0999,-69.75,7.07,True,25.91,NORMAL,True
1543,TRUCK_TO_GATEWAY,L7_PHYSICAL_BENCH_MODEL,CSS-LoRa SX1278 (Ra-02),75.0,543,1787960077.1499,-71.96,7.11,True,22.6,NORMAL,True
1544,TRUCK_TO_GATEWAY,L7_PHYSICAL_BENCH_MODEL,CSS-LoRa SX1278 (Ra-02),75.0,544,1787960077.1999,-72.51,4.74,True,25.63,NORMAL,True
1545,TRUCK_TO_GATEWAY,L7_PHYSICAL_BENCH_MODEL,CSS-LoRa SX1278 (Ra-02),75.0,545,1787960077.2499,-70.17,9.15,True,22.22,NORMAL,True
1546,TRUCK_TO_GATEWAY,L7_PHYSICAL_BENCH_MODEL,CSS-LoRa SX1278 (Ra-02),75.0,546,1787960077.2999,-69.53,7.39,True,23.93,NORMAL,True
1547,TRUCK_TO_GATEWAY,L7_PHYSICAL_BENCH_MODEL,CSS-LoRa SX1278 (Ra-02),75.0,547,1787960077.3499,-73.89,11.36,True,25.37,NORMAL,True
1548,TRUCK_TO_GATEWAY,L7_PHYSICAL_BENCH_MODEL,CSS-LoRa SX1278 (Ra-02),75.0,548,1787960077.3999,-73.21,8.51,True,25.98,NORMAL,True
1549,TRUCK_TO_GATEWAY,L7_PHYSICAL_BENCH_MODEL,CSS-LoRa SX1278 (Ra-02),75.0,549,1787960077.4499,-70.05,7.98,True,23.67,NORMAL,True
1550,TRUCK_TO_GATEWAY,L7_PHYSICAL_BENCH_MODEL,CSS-LoRa SX1278 (Ra-02),75.0,550,1787960077.4999,-69.47,8.27,True,25.77,NORMAL,True
1551,TRUCK_TO_GATEWAY,L7_PHYSICAL_BENCH_MODEL,CSS-LoRa SX1278 (Ra-02),75.0,551,1787960077.5499,-72.7,9.59,True,26.95,NORMAL,True
1552,TRUCK_TO_GATEWAY,L7_PHYSICAL_BENCH_MODEL,CSS-LoRa SX1278 (Ra-02),75.0,552,1787960077.5999,-72.49,6.82,True,24.74,NORMAL,True
1553,TRUCK_TO_GATEWAY,L7_PHYSICAL_BENCH_MODEL,CSS-LoRa SX1278 (Ra-02),75.0,553,1787960077.6499,-72.51,10.4,True,23.26,NORMAL,True
1554,TRUCK_TO_GATEWAY,L7_PHYSICAL_BENCH_MODEL,CSS-LoRa SX1278 (Ra-02),75.0,554,1787960077.6999,-75.14,8.61,True,25.65,NORMAL,True
1555,TRUCK_TO_GATEWAY,L7_PHYSICAL_BENCH_MODEL,CSS-LoRa SX1278 (Ra-02),75.0,555,1787960077.7499,-74.55,8.78,True,23.63,NORMAL,True
1556,TRUCK_TO_GATEWAY,L7_PHYSICAL_BENCH_MODEL,CSS-LoRa SX1278 (Ra-02),75.0,556,1787960077.7999,-70.86,7.67,True,25.73,NORMAL,True
1557,TRUCK_TO_GATEWAY,L7_PHYSICAL_BENCH_MODEL,CSS-LoRa SX1278 (Ra-02),75.0,557,1787960077.8499,-71.83,9.15,True,24.7,NORMAL,True
1558,TRUCK_TO_GATEWAY,L7_PHYSICAL_BENCH_MODEL,CSS-LoRa SX1278 (Ra-02),75.0,558,1787960077.8999,-74.13,7.65,True,27.19,NORMAL,True
1559,TRUCK_TO_GATEWAY,L7_PHYSICAL_BENCH_MODEL,CSS-LoRa SX1278 (Ra-02),75.0,559,1787960077.9499,-69.66,7.55,True,22.81,NORMAL,True
1560,TRUCK_TO_GATEWAY,L7_PHYSICAL_BENCH_MODEL,CSS-LoRa SX1278 (Ra-02),75.0,560,1787960077.9999,-74.61,4.87,True,23.27,NORMAL,True
1561,TRUCK_TO_GATEWAY,L7_PHYSICAL_BENCH_MODEL,CSS-LoRa SX1278 (Ra-02),75.0,561,1787960078.0499,-70.08,7.11,True,28.85,NORMAL,True
1562,TRUCK_TO_GATEWAY,L7_PHYSICAL_BENCH_MODEL,CSS-LoRa SX1278 (Ra-02),75.0,562,1787960078.0999,-70.95,7.95,True,27.6,NORMAL,True
1563,TRUCK_TO_GATEWAY,L7_PHYSICAL_BENCH_MODEL,CSS-LoRa SX1278 (Ra-02),75.0,563,1787960078.1499,-73.14,7.37,True,23.63,NORMAL,True
1564,TRUCK_TO_GATEWAY,L7_PHYSICAL_BENCH_MODEL,CSS-LoRa SX1278 (Ra-02),75.0,564,1787960078.1999,-71.02,9.18,True,20.38,NORMAL,True
1565,TRUCK_TO_GATEWAY,L7_PHYSICAL_BENCH_MODEL,CSS-LoRa SX1278 (Ra-02),75.0,565,1787960078.2499,-72.35,7.75,True,25.56,NORMAL,True
1566,TRUCK_TO_GATEWAY,L7_PHYSICAL_BENCH_MODEL,CSS-LoRa SX1278 (Ra-02),75.0,566,1787960078.2999,-69.85,9.81,True,25.91,NORMAL,True
1567,TRUCK_TO_GATEWAY,L7_PHYSICAL_BENCH_MODEL,CSS-LoRa SX1278 (Ra-02),75.0,567,1787960078.3499,-72.36,6.26,True,25.58,NORMAL,True
1568,TRUCK_TO_GATEWAY,L7_PHYSICAL_BENCH_MODEL,CSS-LoRa SX1278 (Ra-02),75.0,568,1787960078.3999,-72.01,9.04,True,27.34,NORMAL,True
1569,TRUCK_TO_GATEWAY,L7_PHYSICAL_BENCH_MODEL,CSS-LoRa SX1278 (Ra-02),75.0,569,1787960078.4499,-74.08,8.78,True,27.56,NORMAL,True
1570,TRUCK_TO_GATEWAY,L7_PHYSICAL_BENCH_MODEL,CSS-LoRa SX1278 (Ra-02),75.0,570,1787960078.4999,-74.35,8.77,True,25.14,NORMAL,True
1571,TRUCK_TO_GATEWAY,L7_PHYSICAL_BENCH_MODEL,CSS-LoRa SX1278 (Ra-02),75.0,571,1787960078.5499,-70.52,6.85,True,25.55,NORMAL,True
1572,TRUCK_TO_GATEWAY,L7_PHYSICAL_BENCH_MODEL,CSS-LoRa SX1278 (Ra-02),75.0,572,1787960078.5999,-72.29,10.05,True,26.05,NORMAL,True
1573,TRUCK_TO_GATEWAY,L7_PHYSICAL_BENCH_MODEL,CSS-LoRa SX1278 (Ra-02),75.0,573,1787960078.6499,-70.23,7.24,True,25.66,NORMAL,True
1574,TRUCK_TO_GATEWAY,L7_PHYSICAL_BENCH_MODEL,CSS-LoRa SX1278 (Ra-02),75.0,574,1787960078.6999,-72.13,8.45,True,25.62,NORMAL,True
1575,TRUCK_TO_GATEWAY,L7_PHYSICAL_BENCH_MODEL,CSS-LoRa SX1278 (Ra-02),75.0,575,1787960078.7499,-74.02,5.32,True,23.52,NORMAL,True
1576,TRUCK_TO_GATEWAY,L7_PHYSICAL_BENCH_MODEL,CSS-LoRa SX1278 (Ra-02),75.0,576,1787960078.7999,-69.8,9.31,True,26.19,NORMAL,True
1577,TRUCK_TO_GATEWAY,L7_PHYSICAL_BENCH_MODEL,CSS-LoRa SX1278 (Ra-02),75.0,577,1787960078.8499,-73.18,7.59,True,24.99,NORMAL,True
1578,TRUCK_TO_GATEWAY,L7_PHYSICAL_BENCH_MODEL,CSS-LoRa SX1278 (Ra-02),75.0,578,1787960078.8999,-70.27,7.29,True,26.53,NORMAL,True
1579,TRUCK_TO_GATEWAY,L7_PHYSICAL_BENCH_MODEL,CSS-LoRa SX1278 (Ra-02),75.0,579,1787960078.9499,-125.0,-22.0,False,,NORMAL,True
1580,TRUCK_TO_GATEWAY,L7_PHYSICAL_BENCH_MODEL,CSS-LoRa SX1278 (Ra-02),75.0,580,1787960078.9999,-70.31,6.91,True,22.85,NORMAL,True
1581,TRUCK_TO_GATEWAY,L7_PHYSICAL_BENCH_MODEL,CSS-LoRa SX1278 (Ra-02),75.0,581,1787960079.0499,-70.28,6.97,True,24.98,NORMAL,True
1582,TRUCK_TO_GATEWAY,L7_PHYSICAL_BENCH_MODEL,CSS-LoRa SX1278 (Ra-02),75.0,582,1787960079.0999,-72.19,8.52,True,25.7,NORMAL,True
1583,TRUCK_TO_GATEWAY,L7_PHYSICAL_BENCH_MODEL,CSS-LoRa SX1278 (Ra-02),75.0,583,1787960079.1499,-76.02,5.41,True,21.31,NORMAL,True
1584,TRUCK_TO_GATEWAY,L7_PHYSICAL_BENCH_MODEL,CSS-LoRa SX1278 (Ra-02),75.0,584,1787960079.1999,-74.31,7.65,True,24.87,NORMAL,True
1585,TRUCK_TO_GATEWAY,L7_PHYSICAL_BENCH_MODEL,CSS-LoRa SX1278 (Ra-02),75.0,585,1787960079.2499,-74.54,9.83,True,24.85,NORMAL,True
1586,TRUCK_TO_GATEWAY,L7_PHYSICAL_BENCH_MODEL,CSS-LoRa SX1278 (Ra-02),75.0,586,1787960079.2999,-74.9,9.19,True,26.37,NORMAL,True
1587,TRUCK_TO_GATEWAY,L7_PHYSICAL_BENCH_MODEL,CSS-LoRa SX1278 (Ra-02),75.0,587,1787960079.3499,-75.94,7.78,True,23.96,NORMAL,True
1588,TRUCK_TO_GATEWAY,L7_PHYSICAL_BENCH_MODEL,CSS-LoRa SX1278 (Ra-02),75.0,588,1787960079.3999,-70.59,9.33,True,24.31,NORMAL,True
1589,TRUCK_TO_GATEWAY,L7_PHYSICAL_BENCH_MODEL,CSS-LoRa SX1278 (Ra-02),75.0,589,1787960079.4499,-75.39,9.79,True,25.28,NORMAL,True
1590,TRUCK_TO_GATEWAY,L7_PHYSICAL_BENCH_MODEL,CSS-LoRa SX1278 (Ra-02),75.0,590,1787960079.4999,-72.68,7.57,True,24.75,NORMAL,True
1591,TRUCK_TO_GATEWAY,L7_PHYSICAL_BENCH_MODEL,CSS-LoRa SX1278 (Ra-02),75.0,591,1787960079.5499,-75.63,6.3,True,24.22,NORMAL,True
1592,TRUCK_TO_GATEWAY,L7_PHYSICAL_BENCH_MODEL,CSS-LoRa SX1278 (Ra-02),75.0,592,1787960079.5999,-74.36,7.78,True,23.86,NORMAL,True
1593,TRUCK_TO_GATEWAY,L7_PHYSICAL_BENCH_MODEL,CSS-LoRa SX1278 (Ra-02),75.0,593,1787960079.6499,-68.69,8.01,True,25.73,NORMAL,True
1594,TRUCK_TO_GATEWAY,L7_PHYSICAL_BENCH_MODEL,CSS-LoRa SX1278 (Ra-02),75.0,594,1787960079.6999,-71.64,7.15,True,23.63,NORMAL,True
1595,TRUCK_TO_GATEWAY,L7_PHYSICAL_BENCH_MODEL,CSS-LoRa SX1278 (Ra-02),75.0,595,1787960079.7499,-75.03,7.81,True,26.81,NORMAL,True
1596,TRUCK_TO_GATEWAY,L7_PHYSICAL_BENCH_MODEL,CSS-LoRa SX1278 (Ra-02),75.0,596,1787960079.7999,-70.68,7.9,True,28.06,NORMAL,True
1597,TRUCK_TO_GATEWAY,L7_PHYSICAL_BENCH_MODEL,CSS-LoRa SX1278 (Ra-02),75.0,597,1787960079.8499,-75.17,6.24,True,23.64,NORMAL,True
1598,TRUCK_TO_GATEWAY,L7_PHYSICAL_BENCH_MODEL,CSS-LoRa SX1278 (Ra-02),75.0,598,1787960079.8999,-74.03,7.37,True,26.2,NORMAL,True
1599,TRUCK_TO_GATEWAY,L7_PHYSICAL_BENCH_MODEL,CSS-LoRa SX1278 (Ra-02),75.0,599,1787960079.9499,-69.99,6.33,True,25.12,NORMAL,True
1600,TRUCK_TO_GATEWAY,L7_PHYSICAL_BENCH_MODEL,CSS-LoRa SX1278 (Ra-02),75.0,600,1787960079.9999,-69.39,9.43,True,25.9,NORMAL,True
1601,TRUCK_TO_GATEWAY,L7_PHYSICAL_BENCH_MODEL,CSS-LoRa SX1278 (Ra-02),75.0,601,1787960080.0499,-74.41,7.94,True,24.3,NORMAL,True
1602,TRUCK_TO_GATEWAY,L7_PHYSICAL_BENCH_MODEL,CSS-LoRa SX1278 (Ra-02),75.0,602,1787960080.0999,-77.08,10.09,True,23.36,NORMAL,True
1603,TRUCK_TO_GATEWAY,L7_PHYSICAL_BENCH_MODEL,CSS-LoRa SX1278 (Ra-02),75.0,603,1787960080.1499,-73.31,12.3,True,26.98,NORMAL,True
1604,TRUCK_TO_GATEWAY,L7_PHYSICAL_BENCH_MODEL,CSS-LoRa SX1278 (Ra-02),75.0,604,1787960080.1999,-71.99,8.25,True,23.84,NORMAL,True
1605,TRUCK_TO_GATEWAY,L7_PHYSICAL_BENCH_MODEL,CSS-LoRa SX1278 (Ra-02),75.0,605,1787960080.2499,-73.25,8.43,True,21.29,NORMAL,True
1606,TRUCK_TO_GATEWAY,L7_PHYSICAL_BENCH_MODEL,CSS-LoRa SX1278 (Ra-02),75.0,606,1787960080.2999,-73.3,8.71,True,24.49,NORMAL,True
1607,TRUCK_TO_GATEWAY,L7_PHYSICAL_BENCH_MODEL,CSS-LoRa SX1278 (Ra-02),75.0,607,1787960080.3499,-72.56,10.36,True,25.46,NORMAL,True
1608,TRUCK_TO_GATEWAY,L7_PHYSICAL_BENCH_MODEL,CSS-LoRa SX1278 (Ra-02),75.0,608,1787960080.3999,-72.95,6.86,True,24.13,NORMAL,True
1609,TRUCK_TO_GATEWAY,L7_PHYSICAL_BENCH_MODEL,CSS-LoRa SX1278 (Ra-02),75.0,609,1787960080.4499,-125.0,-22.0,False,,NORMAL,True
1610,TRUCK_TO_GATEWAY,L7_PHYSICAL_BENCH_MODEL,CSS-LoRa SX1278 (Ra-02),75.0,610,1787960080.4999,-74.58,8.09,True,24.81,NORMAL,True
1611,TRUCK_TO_GATEWAY,L7_PHYSICAL_BENCH_MODEL,CSS-LoRa SX1278 (Ra-02),75.0,611,1787960080.5499,-70.16,7.93,True,21.77,NORMAL,True
1612,TRUCK_TO_GATEWAY,L7_PHYSICAL_BENCH_MODEL,CSS-LoRa SX1278 (Ra-02),75.0,612,1787960080.5999,-70.01,7.28,True,21.97,NORMAL,True
1613,TRUCK_TO_GATEWAY,L7_PHYSICAL_BENCH_MODEL,CSS-LoRa SX1278 (Ra-02),75.0,613,1787960080.6499,-70.66,6.21,True,24.04,NORMAL,True
1614,TRUCK_TO_GATEWAY,L7_PHYSICAL_BENCH_MODEL,CSS-LoRa SX1278 (Ra-02),75.0,614,1787960080.6999,-70.3,9.55,True,23.45,NORMAL,True
1615,TRUCK_TO_GATEWAY,L7_PHYSICAL_BENCH_MODEL,CSS-LoRa SX1278 (Ra-02),75.0,615,1787960080.7499,-72.54,7.74,True,25.95,NORMAL,True
1616,TRUCK_TO_GATEWAY,L7_PHYSICAL_BENCH_MODEL,CSS-LoRa SX1278 (Ra-02),75.0,616,1787960080.7999,-73.35,6.59,True,24.67,NORMAL,True
1617,TRUCK_TO_GATEWAY,L7_PHYSICAL_BENCH_MODEL,CSS-LoRa SX1278 (Ra-02),75.0,617,1787960080.8499,-71.9,8.11,True,21.93,NORMAL,True
1618,TRUCK_TO_GATEWAY,L7_PHYSICAL_BENCH_MODEL,CSS-LoRa SX1278 (Ra-02),75.0,618,1787960080.8999,-76.89,5.55,True,23.96,NORMAL,True
1619,TRUCK_TO_GATEWAY,L7_PHYSICAL_BENCH_MODEL,CSS-LoRa SX1278 (Ra-02),75.0,619,1787960080.9499,-71.62,8.1,True,25.25,NORMAL,True
1620,TRUCK_TO_GATEWAY,L7_PHYSICAL_BENCH_MODEL,CSS-LoRa SX1278 (Ra-02),75.0,620,1787960080.9999,-73.57,4.96,True,23.08,NORMAL,True
1621,TRUCK_TO_GATEWAY,L7_PHYSICAL_BENCH_MODEL,CSS-LoRa SX1278 (Ra-02),75.0,621,1787960081.0499,-70.05,8.0,True,23.85,NORMAL,True
1622,TRUCK_TO_GATEWAY,L7_PHYSICAL_BENCH_MODEL,CSS-LoRa SX1278 (Ra-02),75.0,622,1787960081.0999,-78.08,6.78,True,24.61,NORMAL,True
1623,TRUCK_TO_GATEWAY,L7_PHYSICAL_BENCH_MODEL,CSS-LoRa SX1278 (Ra-02),75.0,623,1787960081.1499,-70.28,8.97,True,24.76,NORMAL,True
1624,TRUCK_TO_GATEWAY,L7_PHYSICAL_BENCH_MODEL,CSS-LoRa SX1278 (Ra-02),75.0,624,1787960081.1999,-73.8,10.75,True,24.04,NORMAL,True
1625,TRUCK_TO_GATEWAY,L7_PHYSICAL_BENCH_MODEL,CSS-LoRa SX1278 (Ra-02),75.0,625,1787960081.2499,-69.11,9.27,True,25.07,NORMAL,True
1626,TRUCK_TO_GATEWAY,L7_PHYSICAL_BENCH_MODEL,CSS-LoRa SX1278 (Ra-02),75.0,626,1787960081.2999,-71.57,9.51,True,23.06,NORMAL,True
1627,TRUCK_TO_GATEWAY,L7_PHYSICAL_BENCH_MODEL,CSS-LoRa SX1278 (Ra-02),75.0,627,1787960081.3499,-73.0,7.49,True,23.35,NORMAL,True
1628,TRUCK_TO_GATEWAY,L7_PHYSICAL_BENCH_MODEL,CSS-LoRa SX1278 (Ra-02),75.0,628,1787960081.3999,-125.0,-22.0,False,,NORMAL,True
1629,TRUCK_TO_GATEWAY,L7_PHYSICAL_BENCH_MODEL,CSS-LoRa SX1278 (Ra-02),75.0,629,1787960081.4499,-70.89,6.7,True,25.84,NORMAL,True
1630,TRUCK_TO_GATEWAY,L7_PHYSICAL_BENCH_MODEL,CSS-LoRa SX1278 (Ra-02),75.0,630,1787960081.4999,-72.14,8.59,True,26.33,NORMAL,True
1631,TRUCK_TO_GATEWAY,L7_PHYSICAL_BENCH_MODEL,CSS-LoRa SX1278 (Ra-02),75.0,631,1787960081.5499,-69.45,9.86,True,24.61,NORMAL,True
1632,TRUCK_TO_GATEWAY,L7_PHYSICAL_BENCH_MODEL,CSS-LoRa SX1278 (Ra-02),75.0,632,1787960081.5999,-70.88,9.81,True,24.31,NORMAL,True
1633,TRUCK_TO_GATEWAY,L7_PHYSICAL_BENCH_MODEL,CSS-LoRa SX1278 (Ra-02),75.0,633,1787960081.6499,-70.01,9.47,True,23.39,NORMAL,True
1634,TRUCK_TO_GATEWAY,L7_PHYSICAL_BENCH_MODEL,CSS-LoRa SX1278 (Ra-02),75.0,634,1787960081.6999,-75.3,6.21,True,24.87,NORMAL,True
1635,TRUCK_TO_GATEWAY,L7_PHYSICAL_BENCH_MODEL,CSS-LoRa SX1278 (Ra-02),75.0,635,1787960081.7499,-71.36,7.45,True,25.45,NORMAL,True
1636,TRUCK_TO_GATEWAY,L7_PHYSICAL_BENCH_MODEL,CSS-LoRa SX1278 (Ra-02),75.0,636,1787960081.7999,-75.86,9.63,True,24.0,NORMAL,True
1637,TRUCK_TO_GATEWAY,L7_PHYSICAL_BENCH_MODEL,CSS-LoRa SX1278 (Ra-02),75.0,637,1787960081.8499,-72.62,6.16,True,23.02,NORMAL,True
1638,TRUCK_TO_GATEWAY,L7_PHYSICAL_BENCH_MODEL,CSS-LoRa SX1278 (Ra-02),75.0,638,1787960081.8999,-76.81,8.34,True,25.71,NORMAL,True
1639,TRUCK_TO_GATEWAY,L7_PHYSICAL_BENCH_MODEL,CSS-LoRa SX1278 (Ra-02),75.0,639,1787960081.9499,-66.2,7.34,True,24.79,NORMAL,True
1640,TRUCK_TO_GATEWAY,L7_PHYSICAL_BENCH_MODEL,CSS-LoRa SX1278 (Ra-02),75.0,640,1787960081.9999,-73.76,7.95,True,24.75,NORMAL,True
1641,TRUCK_TO_GATEWAY,L7_PHYSICAL_BENCH_MODEL,CSS-LoRa SX1278 (Ra-02),75.0,641,1787960082.0499,-72.92,5.77,True,21.83,NORMAL,True
1642,TRUCK_TO_GATEWAY,L7_PHYSICAL_BENCH_MODEL,CSS-LoRa SX1278 (Ra-02),75.0,642,1787960082.0999,-74.12,6.32,True,24.72,NORMAL,True
1643,TRUCK_TO_GATEWAY,L7_PHYSICAL_BENCH_MODEL,CSS-LoRa SX1278 (Ra-02),75.0,643,1787960082.1499,-72.44,9.28,True,23.92,NORMAL,True
1644,TRUCK_TO_GATEWAY,L7_PHYSICAL_BENCH_MODEL,CSS-LoRa SX1278 (Ra-02),75.0,644,1787960082.1999,-76.17,8.56,True,24.86,NORMAL,True
1645,TRUCK_TO_GATEWAY,L7_PHYSICAL_BENCH_MODEL,CSS-LoRa SX1278 (Ra-02),75.0,645,1787960082.2499,-71.79,6.79,True,24.25,NORMAL,True
1646,TRUCK_TO_GATEWAY,L7_PHYSICAL_BENCH_MODEL,CSS-LoRa SX1278 (Ra-02),75.0,646,1787960082.2999,-71.64,10.81,True,24.73,NORMAL,True
1647,TRUCK_TO_GATEWAY,L7_PHYSICAL_BENCH_MODEL,CSS-LoRa SX1278 (Ra-02),75.0,647,1787960082.3499,-70.37,9.75,True,26.53,NORMAL,True
1648,TRUCK_TO_GATEWAY,L7_PHYSICAL_BENCH_MODEL,CSS-LoRa SX1278 (Ra-02),75.0,648,1787960082.3999,-72.95,10.12,True,24.0,NORMAL,True
1649,TRUCK_TO_GATEWAY,L7_PHYSICAL_BENCH_MODEL,CSS-LoRa SX1278 (Ra-02),75.0,649,1787960082.4499,-73.01,9.43,True,23.89,NORMAL,True
1650,TRUCK_TO_GATEWAY,L7_PHYSICAL_BENCH_MODEL,CSS-LoRa SX1278 (Ra-02),75.0,650,1787960082.4999,-69.3,8.5,True,27.46,NORMAL,True
1651,TRUCK_TO_GATEWAY,L7_PHYSICAL_BENCH_MODEL,CSS-LoRa SX1278 (Ra-02),75.0,651,1787960082.5499,-73.58,6.93,True,25.48,NORMAL,True
1652,TRUCK_TO_GATEWAY,L7_PHYSICAL_BENCH_MODEL,CSS-LoRa SX1278 (Ra-02),75.0,652,1787960082.5999,-71.63,7.09,True,26.88,NORMAL,True
1653,TRUCK_TO_GATEWAY,L7_PHYSICAL_BENCH_MODEL,CSS-LoRa SX1278 (Ra-02),75.0,653,1787960082.6499,-75.86,8.48,True,26.4,NORMAL,True
1654,TRUCK_TO_GATEWAY,L7_PHYSICAL_BENCH_MODEL,CSS-LoRa SX1278 (Ra-02),75.0,654,1787960082.6999,-76.73,7.92,True,25.01,NORMAL,True
1655,TRUCK_TO_GATEWAY,L7_PHYSICAL_BENCH_MODEL,CSS-LoRa SX1278 (Ra-02),75.0,655,1787960082.7499,-76.42,10.37,True,23.71,NORMAL,True
1656,TRUCK_TO_GATEWAY,L7_PHYSICAL_BENCH_MODEL,CSS-LoRa SX1278 (Ra-02),75.0,656,1787960082.7999,-74.23,8.19,True,24.89,NORMAL,True
1657,TRUCK_TO_GATEWAY,L7_PHYSICAL_BENCH_MODEL,CSS-LoRa SX1278 (Ra-02),75.0,657,1787960082.8499,-72.67,8.2,True,24.32,NORMAL,True
1658,TRUCK_TO_GATEWAY,L7_PHYSICAL_BENCH_MODEL,CSS-LoRa SX1278 (Ra-02),75.0,658,1787960082.8999,-70.13,9.12,True,23.99,NORMAL,True
1659,TRUCK_TO_GATEWAY,L7_PHYSICAL_BENCH_MODEL,CSS-LoRa SX1278 (Ra-02),75.0,659,1787960082.9499,-75.93,8.97,True,23.15,NORMAL,True
1660,TRUCK_TO_GATEWAY,L7_PHYSICAL_BENCH_MODEL,CSS-LoRa SX1278 (Ra-02),75.0,660,1787960082.9999,-75.3,8.75,True,24.4,NORMAL,True
1661,TRUCK_TO_GATEWAY,L7_PHYSICAL_BENCH_MODEL,CSS-LoRa SX1278 (Ra-02),75.0,661,1787960083.0499,-71.99,6.64,True,24.74,NORMAL,True
1662,TRUCK_TO_GATEWAY,L7_PHYSICAL_BENCH_MODEL,CSS-LoRa SX1278 (Ra-02),75.0,662,1787960083.0999,-73.78,9.59,True,23.05,NORMAL,True
1663,TRUCK_TO_GATEWAY,L7_PHYSICAL_BENCH_MODEL,CSS-LoRa SX1278 (Ra-02),75.0,663,1787960083.1499,-70.74,9.25,True,24.08,NORMAL,True
1664,TRUCK_TO_GATEWAY,L7_PHYSICAL_BENCH_MODEL,CSS-LoRa SX1278 (Ra-02),75.0,664,1787960083.1999,-70.23,9.41,True,25.47,NORMAL,True
1665,TRUCK_TO_GATEWAY,L7_PHYSICAL_BENCH_MODEL,CSS-LoRa SX1278 (Ra-02),75.0,665,1787960083.2499,-77.16,5.55,True,23.92,NORMAL,True
1666,TRUCK_TO_GATEWAY,L7_PHYSICAL_BENCH_MODEL,CSS-LoRa SX1278 (Ra-02),75.0,666,1787960083.2999,-72.08,9.83,True,26.82,NORMAL,True
1667,TRUCK_TO_GATEWAY,L7_PHYSICAL_BENCH_MODEL,CSS-LoRa SX1278 (Ra-02),75.0,667,1787960083.3499,-70.69,7.42,True,22.72,NORMAL,True
1668,TRUCK_TO_GATEWAY,L7_PHYSICAL_BENCH_MODEL,CSS-LoRa SX1278 (Ra-02),75.0,668,1787960083.3999,-75.59,9.88,True,24.21,NORMAL,True
1669,TRUCK_TO_GATEWAY,L7_PHYSICAL_BENCH_MODEL,CSS-LoRa SX1278 (Ra-02),75.0,669,1787960083.4499,-74.39,8.3,True,23.94,NORMAL,True
1670,TRUCK_TO_GATEWAY,L7_PHYSICAL_BENCH_MODEL,CSS-LoRa SX1278 (Ra-02),75.0,670,1787960083.4999,-75.16,9.09,True,24.11,NORMAL,True
1671,TRUCK_TO_GATEWAY,L7_PHYSICAL_BENCH_MODEL,CSS-LoRa SX1278 (Ra-02),75.0,671,1787960083.5499,-72.59,11.42,True,25.91,NORMAL,True
1672,TRUCK_TO_GATEWAY,L7_PHYSICAL_BENCH_MODEL,CSS-LoRa SX1278 (Ra-02),75.0,672,1787960083.5999,-73.35,9.43,True,23.28,NORMAL,True
1673,TRUCK_TO_GATEWAY,L7_PHYSICAL_BENCH_MODEL,CSS-LoRa SX1278 (Ra-02),75.0,673,1787960083.6499,-72.73,5.47,True,24.77,NORMAL,True
1674,TRUCK_TO_GATEWAY,L7_PHYSICAL_BENCH_MODEL,CSS-LoRa SX1278 (Ra-02),75.0,674,1787960083.6999,-76.24,6.99,True,24.3,NORMAL,True
1675,TRUCK_TO_GATEWAY,L7_PHYSICAL_BENCH_MODEL,CSS-LoRa SX1278 (Ra-02),75.0,675,1787960083.7499,-70.23,6.6,True,20.58,NORMAL,True
1676,TRUCK_TO_GATEWAY,L7_PHYSICAL_BENCH_MODEL,CSS-LoRa SX1278 (Ra-02),75.0,676,1787960083.7999,-74.44,8.24,True,26.01,NORMAL,True
1677,TRUCK_TO_GATEWAY,L7_PHYSICAL_BENCH_MODEL,CSS-LoRa SX1278 (Ra-02),75.0,677,1787960083.8499,-72.78,6.57,True,23.94,NORMAL,True
1678,TRUCK_TO_GATEWAY,L7_PHYSICAL_BENCH_MODEL,CSS-LoRa SX1278 (Ra-02),75.0,678,1787960083.8999,-78.36,10.29,True,23.53,NORMAL,True
1679,TRUCK_TO_GATEWAY,L7_PHYSICAL_BENCH_MODEL,CSS-LoRa SX1278 (Ra-02),75.0,679,1787960083.9499,-74.82,5.87,True,27.49,NORMAL,True
1680,TRUCK_TO_GATEWAY,L7_PHYSICAL_BENCH_MODEL,CSS-LoRa SX1278 (Ra-02),75.0,680,1787960083.9999,-71.6,7.24,True,22.72,NORMAL,True
1681,TRUCK_TO_GATEWAY,L7_PHYSICAL_BENCH_MODEL,CSS-LoRa SX1278 (Ra-02),75.0,681,1787960084.0499,-70.25,5.97,True,24.34,NORMAL,True
1682,TRUCK_TO_GATEWAY,L7_PHYSICAL_BENCH_MODEL,CSS-LoRa SX1278 (Ra-02),75.0,682,1787960084.0999,-78.8,9.03,True,23.78,NORMAL,True
1683,TRUCK_TO_GATEWAY,L7_PHYSICAL_BENCH_MODEL,CSS-LoRa SX1278 (Ra-02),75.0,683,1787960084.1499,-71.46,4.15,True,23.84,NORMAL,True
1684,TRUCK_TO_GATEWAY,L7_PHYSICAL_BENCH_MODEL,CSS-LoRa SX1278 (Ra-02),75.0,684,1787960084.1999,-70.33,6.84,True,26.98,NORMAL,True
1685,TRUCK_TO_GATEWAY,L7_PHYSICAL_BENCH_MODEL,CSS-LoRa SX1278 (Ra-02),75.0,685,1787960084.2499,-76.08,9.95,True,23.57,NORMAL,True
1686,TRUCK_TO_GATEWAY,L7_PHYSICAL_BENCH_MODEL,CSS-LoRa SX1278 (Ra-02),75.0,686,1787960084.2999,-66.94,5.22,True,23.69,NORMAL,True
1687,TRUCK_TO_GATEWAY,L7_PHYSICAL_BENCH_MODEL,CSS-LoRa SX1278 (Ra-02),75.0,687,1787960084.3499,-71.79,8.37,True,27.1,NORMAL,True
1688,TRUCK_TO_GATEWAY,L7_PHYSICAL_BENCH_MODEL,CSS-LoRa SX1278 (Ra-02),75.0,688,1787960084.3999,-71.96,8.72,True,25.25,NORMAL,True
1689,TRUCK_TO_GATEWAY,L7_PHYSICAL_BENCH_MODEL,CSS-LoRa SX1278 (Ra-02),75.0,689,1787960084.4499,-76.94,8.03,True,24.3,NORMAL,True
1690,TRUCK_TO_GATEWAY,L7_PHYSICAL_BENCH_MODEL,CSS-LoRa SX1278 (Ra-02),75.0,690,1787960084.4999,-71.63,8.14,True,27.38,NORMAL,True
1691,TRUCK_TO_GATEWAY,L7_PHYSICAL_BENCH_MODEL,CSS-LoRa SX1278 (Ra-02),75.0,691,1787960084.5499,-68.35,6.83,True,23.3,NORMAL,True
1692,TRUCK_TO_GATEWAY,L7_PHYSICAL_BENCH_MODEL,CSS-LoRa SX1278 (Ra-02),75.0,692,1787960084.5999,-71.61,8.74,True,24.83,NORMAL,True
1693,TRUCK_TO_GATEWAY,L7_PHYSICAL_BENCH_MODEL,CSS-LoRa SX1278 (Ra-02),75.0,693,1787960084.6499,-73.06,6.82,True,24.39,NORMAL,True
1694,TRUCK_TO_GATEWAY,L7_PHYSICAL_BENCH_MODEL,CSS-LoRa SX1278 (Ra-02),75.0,694,1787960084.6999,-70.34,7.05,True,25.91,NORMAL,True
1695,TRUCK_TO_GATEWAY,L7_PHYSICAL_BENCH_MODEL,CSS-LoRa SX1278 (Ra-02),75.0,695,1787960084.7499,-74.18,10.91,True,24.47,NORMAL,True
1696,TRUCK_TO_GATEWAY,L7_PHYSICAL_BENCH_MODEL,CSS-LoRa SX1278 (Ra-02),75.0,696,1787960084.7999,-77.87,9.89,True,25.39,NORMAL,True
1697,TRUCK_TO_GATEWAY,L7_PHYSICAL_BENCH_MODEL,CSS-LoRa SX1278 (Ra-02),75.0,697,1787960084.8499,-74.25,7.67,True,22.3,NORMAL,True
1698,TRUCK_TO_GATEWAY,L7_PHYSICAL_BENCH_MODEL,CSS-LoRa SX1278 (Ra-02),75.0,698,1787960084.8999,-70.94,7.14,True,22.58,NORMAL,True
1699,TRUCK_TO_GATEWAY,L7_PHYSICAL_BENCH_MODEL,CSS-LoRa SX1278 (Ra-02),75.0,699,1787960084.9499,-71.11,7.87,True,23.48,NORMAL,True
1700,TRUCK_TO_GATEWAY,L7_PHYSICAL_BENCH_MODEL,CSS-LoRa SX1278 (Ra-02),75.0,700,1787960084.9999,-76.71,7.28,True,23.86,NORMAL,True
1701,TRUCK_TO_GATEWAY,L7_PHYSICAL_BENCH_MODEL,CSS-LoRa SX1278 (Ra-02),75.0,701,1787960085.0499,-78.64,8.56,True,24.81,NORMAL,True
1702,TRUCK_TO_GATEWAY,L7_PHYSICAL_BENCH_MODEL,CSS-LoRa SX1278 (Ra-02),75.0,702,1787960085.0999,-73.61,12.27,True,25.9,NORMAL,True
1703,TRUCK_TO_GATEWAY,L7_PHYSICAL_BENCH_MODEL,CSS-LoRa SX1278 (Ra-02),75.0,703,1787960085.1499,-72.73,7.77,True,22.73,NORMAL,True
1704,TRUCK_TO_GATEWAY,L7_PHYSICAL_BENCH_MODEL,CSS-LoRa SX1278 (Ra-02),75.0,704,1787960085.1999,-78.93,7.78,True,26.53,NORMAL,True
1705,TRUCK_TO_GATEWAY,L7_PHYSICAL_BENCH_MODEL,CSS-LoRa SX1278 (Ra-02),75.0,705,1787960085.2499,-71.34,9.31,True,26.94,NORMAL,True
1706,TRUCK_TO_GATEWAY,L7_PHYSICAL_BENCH_MODEL,CSS-LoRa SX1278 (Ra-02),75.0,706,1787960085.2999,-77.22,8.72,True,24.48,NORMAL,True
1707,TRUCK_TO_GATEWAY,L7_PHYSICAL_BENCH_MODEL,CSS-LoRa SX1278 (Ra-02),75.0,707,1787960085.3499,-73.59,5.53,True,23.82,NORMAL,True
1708,TRUCK_TO_GATEWAY,L7_PHYSICAL_BENCH_MODEL,CSS-LoRa SX1278 (Ra-02),75.0,708,1787960085.3999,-69.89,8.31,True,26.18,NORMAL,True
1709,TRUCK_TO_GATEWAY,L7_PHYSICAL_BENCH_MODEL,CSS-LoRa SX1278 (Ra-02),75.0,709,1787960085.4499,-75.1,7.35,True,25.99,NORMAL,True
1710,TRUCK_TO_GATEWAY,L7_PHYSICAL_BENCH_MODEL,CSS-LoRa SX1278 (Ra-02),75.0,710,1787960085.4999,-74.1,7.23,True,27.69,NORMAL,True
1711,TRUCK_TO_GATEWAY,L7_PHYSICAL_BENCH_MODEL,CSS-LoRa SX1278 (Ra-02),75.0,711,1787960085.5499,-74.45,7.6,True,25.37,NORMAL,True
1712,TRUCK_TO_GATEWAY,L7_PHYSICAL_BENCH_MODEL,CSS-LoRa SX1278 (Ra-02),75.0,712,1787960085.5999,-72.73,5.42,True,25.6,NORMAL,True
1713,TRUCK_TO_GATEWAY,L7_PHYSICAL_BENCH_MODEL,CSS-LoRa SX1278 (Ra-02),75.0,713,1787960085.6499,-76.55,9.14,True,27.45,NORMAL,True
1714,TRUCK_TO_GATEWAY,L7_PHYSICAL_BENCH_MODEL,CSS-LoRa SX1278 (Ra-02),75.0,714,1787960085.6999,-76.64,9.54,True,24.82,NORMAL,True
1715,TRUCK_TO_GATEWAY,L7_PHYSICAL_BENCH_MODEL,CSS-LoRa SX1278 (Ra-02),75.0,715,1787960085.7499,-73.72,6.61,True,24.11,NORMAL,True
1716,TRUCK_TO_GATEWAY,L7_PHYSICAL_BENCH_MODEL,CSS-LoRa SX1278 (Ra-02),75.0,716,1787960085.7999,-75.78,8.66,True,21.51,NORMAL,True
1717,TRUCK_TO_GATEWAY,L7_PHYSICAL_BENCH_MODEL,CSS-LoRa SX1278 (Ra-02),75.0,717,1787960085.8499,-77.12,6.86,True,24.04,NORMAL,True
1718,TRUCK_TO_GATEWAY,L7_PHYSICAL_BENCH_MODEL,CSS-LoRa SX1278 (Ra-02),75.0,718,1787960085.8999,-71.62,8.56,True,20.29,NORMAL,True
1719,TRUCK_TO_GATEWAY,L7_PHYSICAL_BENCH_MODEL,CSS-LoRa SX1278 (Ra-02),75.0,719,1787960085.9499,-70.81,5.98,True,24.97,NORMAL,True
1720,TRUCK_TO_GATEWAY,L7_PHYSICAL_BENCH_MODEL,CSS-LoRa SX1278 (Ra-02),75.0,720,1787960085.9999,-76.13,9.85,True,25.95,NORMAL,True
1721,TRUCK_TO_GATEWAY,L7_PHYSICAL_BENCH_MODEL,CSS-LoRa SX1278 (Ra-02),75.0,721,1787960086.0499,-67.18,8.79,True,23.32,NORMAL,True
1722,TRUCK_TO_GATEWAY,L7_PHYSICAL_BENCH_MODEL,CSS-LoRa SX1278 (Ra-02),75.0,722,1787960086.0999,-75.07,9.77,True,23.35,NORMAL,True
1723,TRUCK_TO_GATEWAY,L7_PHYSICAL_BENCH_MODEL,CSS-LoRa SX1278 (Ra-02),75.0,723,1787960086.1499,-74.62,9.0,True,24.56,NORMAL,True
1724,TRUCK_TO_GATEWAY,L7_PHYSICAL_BENCH_MODEL,CSS-LoRa SX1278 (Ra-02),75.0,724,1787960086.1999,-75.04,11.24,True,25.33,NORMAL,True
1725,TRUCK_TO_GATEWAY,L7_PHYSICAL_BENCH_MODEL,CSS-LoRa SX1278 (Ra-02),75.0,725,1787960086.2499,-77.8,8.05,True,26.04,NORMAL,True
1726,TRUCK_TO_GATEWAY,L7_PHYSICAL_BENCH_MODEL,CSS-LoRa SX1278 (Ra-02),75.0,726,1787960086.2999,-72.7,8.98,True,25.76,NORMAL,True
1727,TRUCK_TO_GATEWAY,L7_PHYSICAL_BENCH_MODEL,CSS-LoRa SX1278 (Ra-02),75.0,727,1787960086.3499,-75.48,8.66,True,25.76,NORMAL,True
1728,TRUCK_TO_GATEWAY,L7_PHYSICAL_BENCH_MODEL,CSS-LoRa SX1278 (Ra-02),75.0,728,1787960086.3999,-73.9,9.22,True,25.19,NORMAL,True
1729,TRUCK_TO_GATEWAY,L7_PHYSICAL_BENCH_MODEL,CSS-LoRa SX1278 (Ra-02),75.0,729,1787960086.4499,-76.66,7.04,True,24.59,NORMAL,True
1730,TRUCK_TO_GATEWAY,L7_PHYSICAL_BENCH_MODEL,CSS-LoRa SX1278 (Ra-02),75.0,730,1787960086.4999,-69.14,7.81,True,23.81,NORMAL,True
1731,TRUCK_TO_GATEWAY,L7_PHYSICAL_BENCH_MODEL,CSS-LoRa SX1278 (Ra-02),75.0,731,1787960086.5499,-72.4,10.72,True,25.19,NORMAL,True
1732,TRUCK_TO_GATEWAY,L7_PHYSICAL_BENCH_MODEL,CSS-LoRa SX1278 (Ra-02),75.0,732,1787960086.5999,-68.35,9.04,True,22.72,NORMAL,True
1733,TRUCK_TO_GATEWAY,L7_PHYSICAL_BENCH_MODEL,CSS-LoRa SX1278 (Ra-02),75.0,733,1787960086.6499,-71.99,9.99,True,24.22,NORMAL,True
1734,TRUCK_TO_GATEWAY,L7_PHYSICAL_BENCH_MODEL,CSS-LoRa SX1278 (Ra-02),75.0,734,1787960086.6999,-70.2,8.57,True,22.31,NORMAL,True
1735,TRUCK_TO_GATEWAY,L7_PHYSICAL_BENCH_MODEL,CSS-LoRa SX1278 (Ra-02),75.0,735,1787960086.7499,-74.2,8.43,True,25.16,NORMAL,True
1736,TRUCK_TO_GATEWAY,L7_PHYSICAL_BENCH_MODEL,CSS-LoRa SX1278 (Ra-02),75.0,736,1787960086.7999,-70.96,8.35,True,24.75,NORMAL,True
1737,TRUCK_TO_GATEWAY,L7_PHYSICAL_BENCH_MODEL,CSS-LoRa SX1278 (Ra-02),75.0,737,1787960086.8499,-125.0,-22.0,False,,NORMAL,True
1738,TRUCK_TO_GATEWAY,L7_PHYSICAL_BENCH_MODEL,CSS-LoRa SX1278 (Ra-02),75.0,738,1787960086.8999,-71.9,7.13,True,25.67,NORMAL,True
1739,TRUCK_TO_GATEWAY,L7_PHYSICAL_BENCH_MODEL,CSS-LoRa SX1278 (Ra-02),75.0,739,1787960086.9499,-74.59,5.92,True,24.21,NORMAL,True
1740,TRUCK_TO_GATEWAY,L7_PHYSICAL_BENCH_MODEL,CSS-LoRa SX1278 (Ra-02),75.0,740,1787960086.9999,-74.12,9.7,True,24.14,NORMAL,True
1741,TRUCK_TO_GATEWAY,L7_PHYSICAL_BENCH_MODEL,CSS-LoRa SX1278 (Ra-02),75.0,741,1787960087.0499,-77.77,9.04,True,25.12,NORMAL,True
1742,TRUCK_TO_GATEWAY,L7_PHYSICAL_BENCH_MODEL,CSS-LoRa SX1278 (Ra-02),75.0,742,1787960087.0999,-75.87,6.52,True,22.38,NORMAL,True
1743,TRUCK_TO_GATEWAY,L7_PHYSICAL_BENCH_MODEL,CSS-LoRa SX1278 (Ra-02),75.0,743,1787960087.1499,-69.49,8.16,True,24.79,NORMAL,True
1744,TRUCK_TO_GATEWAY,L7_PHYSICAL_BENCH_MODEL,CSS-LoRa SX1278 (Ra-02),75.0,744,1787960087.1999,-76.23,7.21,True,24.41,NORMAL,True
1745,TRUCK_TO_GATEWAY,L7_PHYSICAL_BENCH_MODEL,CSS-LoRa SX1278 (Ra-02),75.0,745,1787960087.2499,-72.98,9.72,True,24.72,NORMAL,True
1746,TRUCK_TO_GATEWAY,L7_PHYSICAL_BENCH_MODEL,CSS-LoRa SX1278 (Ra-02),75.0,746,1787960087.2999,-71.75,7.7,True,26.31,NORMAL,True
1747,TRUCK_TO_GATEWAY,L7_PHYSICAL_BENCH_MODEL,CSS-LoRa SX1278 (Ra-02),75.0,747,1787960087.3499,-70.84,8.72,True,25.32,NORMAL,True
1748,TRUCK_TO_GATEWAY,L7_PHYSICAL_BENCH_MODEL,CSS-LoRa SX1278 (Ra-02),75.0,748,1787960087.3999,-71.26,6.25,True,26.14,NORMAL,True
1749,TRUCK_TO_GATEWAY,L7_PHYSICAL_BENCH_MODEL,CSS-LoRa SX1278 (Ra-02),75.0,749,1787960087.4499,-73.97,8.76,True,25.09,NORMAL,True
1750,TRUCK_TO_GATEWAY,L7_PHYSICAL_BENCH_MODEL,CSS-LoRa SX1278 (Ra-02),75.0,750,1787960087.4999,-72.63,8.05,True,25.64,NORMAL,True
1751,TRUCK_TO_GATEWAY,L7_PHYSICAL_BENCH_MODEL,CSS-LoRa SX1278 (Ra-02),75.0,751,1787960087.5499,-69.37,6.76,True,27.66,NORMAL,True
1752,TRUCK_TO_GATEWAY,L7_PHYSICAL_BENCH_MODEL,CSS-LoRa SX1278 (Ra-02),75.0,752,1787960087.5999,-75.5,7.77,True,29.09,NORMAL,True
1753,TRUCK_TO_GATEWAY,L7_PHYSICAL_BENCH_MODEL,CSS-LoRa SX1278 (Ra-02),75.0,753,1787960087.6499,-70.82,6.64,True,25.16,NORMAL,True
1754,TRUCK_TO_GATEWAY,L7_PHYSICAL_BENCH_MODEL,CSS-LoRa SX1278 (Ra-02),75.0,754,1787960087.6999,-74.23,8.08,True,22.11,NORMAL,True
1755,TRUCK_TO_GATEWAY,L7_PHYSICAL_BENCH_MODEL,CSS-LoRa SX1278 (Ra-02),75.0,755,1787960087.7499,-77.99,10.27,True,23.04,NORMAL,True
1756,TRUCK_TO_GATEWAY,L7_PHYSICAL_BENCH_MODEL,CSS-LoRa SX1278 (Ra-02),75.0,756,1787960087.7999,-71.52,7.24,True,22.53,NORMAL,True
1757,TRUCK_TO_GATEWAY,L7_PHYSICAL_BENCH_MODEL,CSS-LoRa SX1278 (Ra-02),75.0,757,1787960087.8499,-72.87,9.54,True,24.15,NORMAL,True
1758,TRUCK_TO_GATEWAY,L7_PHYSICAL_BENCH_MODEL,CSS-LoRa SX1278 (Ra-02),75.0,758,1787960087.8999,-73.74,7.43,True,25.12,NORMAL,True
1759,TRUCK_TO_GATEWAY,L7_PHYSICAL_BENCH_MODEL,CSS-LoRa SX1278 (Ra-02),75.0,759,1787960087.9499,-76.48,6.6,True,22.35,NORMAL,True
1760,TRUCK_TO_GATEWAY,L7_PHYSICAL_BENCH_MODEL,CSS-LoRa SX1278 (Ra-02),75.0,760,1787960087.9999,-76.85,9.42,True,22.77,NORMAL,True
1761,TRUCK_TO_GATEWAY,L7_PHYSICAL_BENCH_MODEL,CSS-LoRa SX1278 (Ra-02),75.0,761,1787960088.0499,-76.18,9.47,True,22.02,NORMAL,True
1762,TRUCK_TO_GATEWAY,L7_PHYSICAL_BENCH_MODEL,CSS-LoRa SX1278 (Ra-02),75.0,762,1787960088.0999,-71.89,11.77,True,25.8,NORMAL,True
1763,TRUCK_TO_GATEWAY,L7_PHYSICAL_BENCH_MODEL,CSS-LoRa SX1278 (Ra-02),75.0,763,1787960088.1499,-74.3,7.05,True,23.33,NORMAL,True
1764,TRUCK_TO_GATEWAY,L7_PHYSICAL_BENCH_MODEL,CSS-LoRa SX1278 (Ra-02),75.0,764,1787960088.1999,-74.68,9.57,True,21.58,NORMAL,True
1765,TRUCK_TO_GATEWAY,L7_PHYSICAL_BENCH_MODEL,CSS-LoRa SX1278 (Ra-02),75.0,765,1787960088.2499,-66.4,7.35,True,25.22,NORMAL,True
1766,TRUCK_TO_GATEWAY,L7_PHYSICAL_BENCH_MODEL,CSS-LoRa SX1278 (Ra-02),75.0,766,1787960088.2999,-74.19,8.52,True,25.28,NORMAL,True
1767,TRUCK_TO_GATEWAY,L7_PHYSICAL_BENCH_MODEL,CSS-LoRa SX1278 (Ra-02),75.0,767,1787960088.3499,-72.51,8.62,True,25.95,NORMAL,True
1768,TRUCK_TO_GATEWAY,L7_PHYSICAL_BENCH_MODEL,CSS-LoRa SX1278 (Ra-02),75.0,768,1787960088.3999,-72.58,8.54,True,25.92,NORMAL,True
1769,TRUCK_TO_GATEWAY,L7_PHYSICAL_BENCH_MODEL,CSS-LoRa SX1278 (Ra-02),75.0,769,1787960088.4499,-72.88,10.08,True,20.46,NORMAL,True
1770,TRUCK_TO_GATEWAY,L7_PHYSICAL_BENCH_MODEL,CSS-LoRa SX1278 (Ra-02),75.0,770,1787960088.4999,-68.88,7.5,True,24.45,NORMAL,True
1771,TRUCK_TO_GATEWAY,L7_PHYSICAL_BENCH_MODEL,CSS-LoRa SX1278 (Ra-02),75.0,771,1787960088.5499,-71.82,6.44,True,25.32,NORMAL,True
1772,TRUCK_TO_GATEWAY,L7_PHYSICAL_BENCH_MODEL,CSS-LoRa SX1278 (Ra-02),75.0,772,1787960088.5999,-72.16,10.26,True,26.05,NORMAL,True
1773,TRUCK_TO_GATEWAY,L7_PHYSICAL_BENCH_MODEL,CSS-LoRa SX1278 (Ra-02),75.0,773,1787960088.6499,-73.67,7.18,True,23.57,NORMAL,True
1774,TRUCK_TO_GATEWAY,L7_PHYSICAL_BENCH_MODEL,CSS-LoRa SX1278 (Ra-02),75.0,774,1787960088.6999,-73.4,10.55,True,24.32,NORMAL,True
1775,TRUCK_TO_GATEWAY,L7_PHYSICAL_BENCH_MODEL,CSS-LoRa SX1278 (Ra-02),75.0,775,1787960088.7499,-72.45,8.35,True,25.71,NORMAL,True
1776,TRUCK_TO_GATEWAY,L7_PHYSICAL_BENCH_MODEL,CSS-LoRa SX1278 (Ra-02),75.0,776,1787960088.7999,-71.18,7.55,True,23.32,NORMAL,True
1777,TRUCK_TO_GATEWAY,L7_PHYSICAL_BENCH_MODEL,CSS-LoRa SX1278 (Ra-02),75.0,777,1787960088.8499,-73.22,5.87,True,23.99,NORMAL,True
1778,TRUCK_TO_GATEWAY,L7_PHYSICAL_BENCH_MODEL,CSS-LoRa SX1278 (Ra-02),75.0,778,1787960088.8999,-72.33,7.33,True,25.53,NORMAL,True
1779,TRUCK_TO_GATEWAY,L7_PHYSICAL_BENCH_MODEL,CSS-LoRa SX1278 (Ra-02),75.0,779,1787960088.9499,-70.11,7.8,True,22.89,NORMAL,True
1780,TRUCK_TO_GATEWAY,L7_PHYSICAL_BENCH_MODEL,CSS-LoRa SX1278 (Ra-02),75.0,780,1787960088.9999,-70.09,4.69,True,25.28,NORMAL,True
1781,TRUCK_TO_GATEWAY,L7_PHYSICAL_BENCH_MODEL,CSS-LoRa SX1278 (Ra-02),75.0,781,1787960089.0499,-72.03,8.92,True,25.26,NORMAL,True
1782,TRUCK_TO_GATEWAY,L7_PHYSICAL_BENCH_MODEL,CSS-LoRa SX1278 (Ra-02),75.0,782,1787960089.0999,-75.13,8.14,True,26.43,NORMAL,True
1783,TRUCK_TO_GATEWAY,L7_PHYSICAL_BENCH_MODEL,CSS-LoRa SX1278 (Ra-02),75.0,783,1787960089.1499,-125.0,-22.0,False,,NORMAL,True
1784,TRUCK_TO_GATEWAY,L7_PHYSICAL_BENCH_MODEL,CSS-LoRa SX1278 (Ra-02),75.0,784,1787960089.1999,-73.66,7.12,True,22.05,NORMAL,True
1785,TRUCK_TO_GATEWAY,L7_PHYSICAL_BENCH_MODEL,CSS-LoRa SX1278 (Ra-02),75.0,785,1787960089.2499,-76.1,6.61,True,22.18,NORMAL,True
1786,TRUCK_TO_GATEWAY,L7_PHYSICAL_BENCH_MODEL,CSS-LoRa SX1278 (Ra-02),75.0,786,1787960089.2999,-73.15,6.91,True,24.57,NORMAL,True
1787,TRUCK_TO_GATEWAY,L7_PHYSICAL_BENCH_MODEL,CSS-LoRa SX1278 (Ra-02),75.0,787,1787960089.3499,-75.51,8.6,True,25.13,NORMAL,True
1788,TRUCK_TO_GATEWAY,L7_PHYSICAL_BENCH_MODEL,CSS-LoRa SX1278 (Ra-02),75.0,788,1787960089.3999,-72.58,5.88,True,26.56,NORMAL,True
1789,TRUCK_TO_GATEWAY,L7_PHYSICAL_BENCH_MODEL,CSS-LoRa SX1278 (Ra-02),75.0,789,1787960089.4499,-72.6,8.21,True,27.34,NORMAL,True
1790,TRUCK_TO_GATEWAY,L7_PHYSICAL_BENCH_MODEL,CSS-LoRa SX1278 (Ra-02),75.0,790,1787960089.4999,-74.6,7.72,True,26.34,NORMAL,True
1791,TRUCK_TO_GATEWAY,L7_PHYSICAL_BENCH_MODEL,CSS-LoRa SX1278 (Ra-02),75.0,791,1787960089.5499,-125.0,-22.0,False,,NORMAL,True
1792,TRUCK_TO_GATEWAY,L7_PHYSICAL_BENCH_MODEL,CSS-LoRa SX1278 (Ra-02),75.0,792,1787960089.5999,-72.7,8.27,True,27.25,NORMAL,True
1793,TRUCK_TO_GATEWAY,L7_PHYSICAL_BENCH_MODEL,CSS-LoRa SX1278 (Ra-02),75.0,793,1787960089.6499,-71.62,8.65,True,25.63,NORMAL,True
1794,TRUCK_TO_GATEWAY,L7_PHYSICAL_BENCH_MODEL,CSS-LoRa SX1278 (Ra-02),75.0,794,1787960089.6999,-69.68,8.84,True,24.75,NORMAL,True
1795,TRUCK_TO_GATEWAY,L7_PHYSICAL_BENCH_MODEL,CSS-LoRa SX1278 (Ra-02),75.0,795,1787960089.7499,-74.18,9.66,True,25.32,NORMAL,True
1796,TRUCK_TO_GATEWAY,L7_PHYSICAL_BENCH_MODEL,CSS-LoRa SX1278 (Ra-02),75.0,796,1787960089.7999,-69.78,7.39,True,24.54,NORMAL,True
1797,TRUCK_TO_GATEWAY,L7_PHYSICAL_BENCH_MODEL,CSS-LoRa SX1278 (Ra-02),75.0,797,1787960089.8499,-75.44,10.09,True,25.28,NORMAL,True
1798,TRUCK_TO_GATEWAY,L7_PHYSICAL_BENCH_MODEL,CSS-LoRa SX1278 (Ra-02),75.0,798,1787960089.8999,-68.91,8.18,True,21.71,NORMAL,True
1799,TRUCK_TO_GATEWAY,L7_PHYSICAL_BENCH_MODEL,CSS-LoRa SX1278 (Ra-02),75.0,799,1787960089.9499,-72.91,4.72,True,25.07,NORMAL,True
1800,TRUCK_TO_GATEWAY,L7_PHYSICAL_BENCH_MODEL,CSS-LoRa SX1278 (Ra-02),75.0,800,1787960089.9999,-72.41,8.63,True,22.43,NORMAL,True
1801,TRUCK_TO_GATEWAY,L7_PHYSICAL_BENCH_MODEL,CSS-LoRa SX1278 (Ra-02),75.0,801,1787960090.0499,-74.46,9.05,True,24.82,NORMAL,True
1802,TRUCK_TO_GATEWAY,L7_PHYSICAL_BENCH_MODEL,CSS-LoRa SX1278 (Ra-02),75.0,802,1787960090.0999,-70.34,6.29,True,22.63,NORMAL,True
1803,TRUCK_TO_GATEWAY,L7_PHYSICAL_BENCH_MODEL,CSS-LoRa SX1278 (Ra-02),75.0,803,1787960090.1499,-70.97,5.61,True,24.27,NORMAL,True
1804,TRUCK_TO_GATEWAY,L7_PHYSICAL_BENCH_MODEL,CSS-LoRa SX1278 (Ra-02),75.0,804,1787960090.1999,-72.62,10.69,True,24.0,NORMAL,True
1805,TRUCK_TO_GATEWAY,L7_PHYSICAL_BENCH_MODEL,CSS-LoRa SX1278 (Ra-02),75.0,805,1787960090.2499,-75.09,8.48,True,25.74,NORMAL,True
1806,TRUCK_TO_GATEWAY,L7_PHYSICAL_BENCH_MODEL,CSS-LoRa SX1278 (Ra-02),75.0,806,1787960090.2999,-72.05,7.28,True,23.52,NORMAL,True
1807,TRUCK_TO_GATEWAY,L7_PHYSICAL_BENCH_MODEL,CSS-LoRa SX1278 (Ra-02),75.0,807,1787960090.3499,-73.31,7.92,True,23.8,NORMAL,True
1808,TRUCK_TO_GATEWAY,L7_PHYSICAL_BENCH_MODEL,CSS-LoRa SX1278 (Ra-02),75.0,808,1787960090.3999,-71.59,10.51,True,25.29,NORMAL,True
1809,TRUCK_TO_GATEWAY,L7_PHYSICAL_BENCH_MODEL,CSS-LoRa SX1278 (Ra-02),75.0,809,1787960090.4499,-71.33,6.37,True,25.83,NORMAL,True
1810,TRUCK_TO_GATEWAY,L7_PHYSICAL_BENCH_MODEL,CSS-LoRa SX1278 (Ra-02),75.0,810,1787960090.4999,-73.45,10.5,True,25.17,NORMAL,True
1811,TRUCK_TO_GATEWAY,L7_PHYSICAL_BENCH_MODEL,CSS-LoRa SX1278 (Ra-02),75.0,811,1787960090.5499,-70.28,10.87,True,26.54,NORMAL,True
1812,TRUCK_TO_GATEWAY,L7_PHYSICAL_BENCH_MODEL,CSS-LoRa SX1278 (Ra-02),75.0,812,1787960090.5999,-70.24,7.13,True,27.77,NORMAL,True
1813,TRUCK_TO_GATEWAY,L7_PHYSICAL_BENCH_MODEL,CSS-LoRa SX1278 (Ra-02),75.0,813,1787960090.6499,-72.21,8.47,True,26.03,NORMAL,True
1814,TRUCK_TO_GATEWAY,L7_PHYSICAL_BENCH_MODEL,CSS-LoRa SX1278 (Ra-02),75.0,814,1787960090.6999,-73.36,10.49,True,24.41,NORMAL,True
1815,TRUCK_TO_GATEWAY,L7_PHYSICAL_BENCH_MODEL,CSS-LoRa SX1278 (Ra-02),75.0,815,1787960090.7499,-74.05,9.03,True,24.01,NORMAL,True
1816,TRUCK_TO_GATEWAY,L7_PHYSICAL_BENCH_MODEL,CSS-LoRa SX1278 (Ra-02),75.0,816,1787960090.7999,-73.46,8.64,True,24.52,NORMAL,True
1817,TRUCK_TO_GATEWAY,L7_PHYSICAL_BENCH_MODEL,CSS-LoRa SX1278 (Ra-02),75.0,817,1787960090.8499,-75.06,8.67,True,25.94,NORMAL,True
1818,TRUCK_TO_GATEWAY,L7_PHYSICAL_BENCH_MODEL,CSS-LoRa SX1278 (Ra-02),75.0,818,1787960090.8999,-76.34,9.67,True,25.36,NORMAL,True
1819,TRUCK_TO_GATEWAY,L7_PHYSICAL_BENCH_MODEL,CSS-LoRa SX1278 (Ra-02),75.0,819,1787960090.9499,-71.37,10.29,True,25.62,NORMAL,True
1820,TRUCK_TO_GATEWAY,L7_PHYSICAL_BENCH_MODEL,CSS-LoRa SX1278 (Ra-02),75.0,820,1787960090.9999,-71.96,9.66,True,22.31,NORMAL,True
1821,TRUCK_TO_GATEWAY,L7_PHYSICAL_BENCH_MODEL,CSS-LoRa SX1278 (Ra-02),75.0,821,1787960091.0499,-67.87,7.57,True,27.23,NORMAL,True
1822,TRUCK_TO_GATEWAY,L7_PHYSICAL_BENCH_MODEL,CSS-LoRa SX1278 (Ra-02),75.0,822,1787960091.0999,-71.97,7.38,True,25.24,NORMAL,True
1823,TRUCK_TO_GATEWAY,L7_PHYSICAL_BENCH_MODEL,CSS-LoRa SX1278 (Ra-02),75.0,823,1787960091.1499,-77.01,5.98,True,25.3,NORMAL,True
1824,TRUCK_TO_GATEWAY,L7_PHYSICAL_BENCH_MODEL,CSS-LoRa SX1278 (Ra-02),75.0,824,1787960091.1999,-75.7,8.08,True,25.93,NORMAL,True
1825,TRUCK_TO_GATEWAY,L7_PHYSICAL_BENCH_MODEL,CSS-LoRa SX1278 (Ra-02),75.0,825,1787960091.2499,-77.36,7.18,True,25.79,NORMAL,True
1826,TRUCK_TO_GATEWAY,L7_PHYSICAL_BENCH_MODEL,CSS-LoRa SX1278 (Ra-02),75.0,826,1787960091.2999,-73.65,8.6,True,21.86,NORMAL,True
1827,TRUCK_TO_GATEWAY,L7_PHYSICAL_BENCH_MODEL,CSS-LoRa SX1278 (Ra-02),75.0,827,1787960091.3499,-69.47,8.09,True,25.06,NORMAL,True
1828,TRUCK_TO_GATEWAY,L7_PHYSICAL_BENCH_MODEL,CSS-LoRa SX1278 (Ra-02),75.0,828,1787960091.3999,-70.63,11.39,True,25.52,NORMAL,True
1829,TRUCK_TO_GATEWAY,L7_PHYSICAL_BENCH_MODEL,CSS-LoRa SX1278 (Ra-02),75.0,829,1787960091.4499,-73.18,8.38,True,25.0,NORMAL,True
1830,TRUCK_TO_GATEWAY,L7_PHYSICAL_BENCH_MODEL,CSS-LoRa SX1278 (Ra-02),75.0,830,1787960091.4999,-70.21,7.18,True,24.11,NORMAL,True
1831,TRUCK_TO_GATEWAY,L7_PHYSICAL_BENCH_MODEL,CSS-LoRa SX1278 (Ra-02),75.0,831,1787960091.5499,-72.46,5.08,True,24.95,NORMAL,True
1832,TRUCK_TO_GATEWAY,L7_PHYSICAL_BENCH_MODEL,CSS-LoRa SX1278 (Ra-02),75.0,832,1787960091.5999,-74.07,8.81,True,21.51,NORMAL,True
1833,TRUCK_TO_GATEWAY,L7_PHYSICAL_BENCH_MODEL,CSS-LoRa SX1278 (Ra-02),75.0,833,1787960091.6499,-79.57,9.13,True,24.3,NORMAL,True
1834,TRUCK_TO_GATEWAY,L7_PHYSICAL_BENCH_MODEL,CSS-LoRa SX1278 (Ra-02),75.0,834,1787960091.6999,-76.04,9.99,True,23.92,NORMAL,True
1835,TRUCK_TO_GATEWAY,L7_PHYSICAL_BENCH_MODEL,CSS-LoRa SX1278 (Ra-02),75.0,835,1787960091.7499,-72.18,9.46,True,23.84,NORMAL,True
1836,TRUCK_TO_GATEWAY,L7_PHYSICAL_BENCH_MODEL,CSS-LoRa SX1278 (Ra-02),75.0,836,1787960091.7999,-77.17,7.96,True,22.62,NORMAL,True
1837,TRUCK_TO_GATEWAY,L7_PHYSICAL_BENCH_MODEL,CSS-LoRa SX1278 (Ra-02),75.0,837,1787960091.8499,-72.87,5.98,True,28.04,NORMAL,True
1838,TRUCK_TO_GATEWAY,L7_PHYSICAL_BENCH_MODEL,CSS-LoRa SX1278 (Ra-02),75.0,838,1787960091.8999,-72.42,6.11,True,24.31,NORMAL,True
1839,TRUCK_TO_GATEWAY,L7_PHYSICAL_BENCH_MODEL,CSS-LoRa SX1278 (Ra-02),75.0,839,1787960091.9499,-72.8,8.46,True,26.34,NORMAL,True
1840,TRUCK_TO_GATEWAY,L7_PHYSICAL_BENCH_MODEL,CSS-LoRa SX1278 (Ra-02),75.0,840,1787960091.9999,-68.5,7.75,True,23.81,NORMAL,True
1841,TRUCK_TO_GATEWAY,L7_PHYSICAL_BENCH_MODEL,CSS-LoRa SX1278 (Ra-02),75.0,841,1787960092.0499,-77.69,7.38,True,26.35,NORMAL,True
1842,TRUCK_TO_GATEWAY,L7_PHYSICAL_BENCH_MODEL,CSS-LoRa SX1278 (Ra-02),75.0,842,1787960092.0999,-77.22,7.94,True,27.21,NORMAL,True
1843,TRUCK_TO_GATEWAY,L7_PHYSICAL_BENCH_MODEL,CSS-LoRa SX1278 (Ra-02),75.0,843,1787960092.1499,-74.44,6.95,True,24.52,NORMAL,True
1844,TRUCK_TO_GATEWAY,L7_PHYSICAL_BENCH_MODEL,CSS-LoRa SX1278 (Ra-02),75.0,844,1787960092.1999,-73.94,9.71,True,25.46,NORMAL,True
1845,TRUCK_TO_GATEWAY,L7_PHYSICAL_BENCH_MODEL,CSS-LoRa SX1278 (Ra-02),75.0,845,1787960092.2499,-74.87,8.44,True,25.16,NORMAL,True
1846,TRUCK_TO_GATEWAY,L7_PHYSICAL_BENCH_MODEL,CSS-LoRa SX1278 (Ra-02),75.0,846,1787960092.2999,-74.92,7.95,True,26.15,NORMAL,True
1847,TRUCK_TO_GATEWAY,L7_PHYSICAL_BENCH_MODEL,CSS-LoRa SX1278 (Ra-02),75.0,847,1787960092.3499,-68.97,8.56,True,23.77,NORMAL,True
1848,TRUCK_TO_GATEWAY,L7_PHYSICAL_BENCH_MODEL,CSS-LoRa SX1278 (Ra-02),75.0,848,1787960092.3999,-72.88,12.61,True,23.21,NORMAL,True
1849,TRUCK_TO_GATEWAY,L7_PHYSICAL_BENCH_MODEL,CSS-LoRa SX1278 (Ra-02),75.0,849,1787960092.4499,-72.23,9.38,True,29.13,NORMAL,True
1850,TRUCK_TO_GATEWAY,L7_PHYSICAL_BENCH_MODEL,CSS-LoRa SX1278 (Ra-02),75.0,850,1787960092.4999,-75.74,9.38,True,26.2,NORMAL,True
1851,TRUCK_TO_GATEWAY,L7_PHYSICAL_BENCH_MODEL,CSS-LoRa SX1278 (Ra-02),75.0,851,1787960092.5499,-73.35,6.09,True,25.41,NORMAL,True
1852,TRUCK_TO_GATEWAY,L7_PHYSICAL_BENCH_MODEL,CSS-LoRa SX1278 (Ra-02),75.0,852,1787960092.5999,-70.25,7.53,True,22.25,NORMAL,True
1853,TRUCK_TO_GATEWAY,L7_PHYSICAL_BENCH_MODEL,CSS-LoRa SX1278 (Ra-02),75.0,853,1787960092.6499,-72.31,9.65,True,25.14,NORMAL,True
1854,TRUCK_TO_GATEWAY,L7_PHYSICAL_BENCH_MODEL,CSS-LoRa SX1278 (Ra-02),75.0,854,1787960092.6999,-71.6,8.79,True,24.89,NORMAL,True
1855,TRUCK_TO_GATEWAY,L7_PHYSICAL_BENCH_MODEL,CSS-LoRa SX1278 (Ra-02),75.0,855,1787960092.7499,-71.75,9.66,True,22.35,NORMAL,True
1856,TRUCK_TO_GATEWAY,L7_PHYSICAL_BENCH_MODEL,CSS-LoRa SX1278 (Ra-02),75.0,856,1787960092.7999,-69.77,8.77,True,25.27,NORMAL,True
1857,TRUCK_TO_GATEWAY,L7_PHYSICAL_BENCH_MODEL,CSS-LoRa SX1278 (Ra-02),75.0,857,1787960092.8499,-69.22,6.31,True,27.15,NORMAL,True
1858,TRUCK_TO_GATEWAY,L7_PHYSICAL_BENCH_MODEL,CSS-LoRa SX1278 (Ra-02),75.0,858,1787960092.8999,-71.12,6.98,True,24.47,NORMAL,True
1859,TRUCK_TO_GATEWAY,L7_PHYSICAL_BENCH_MODEL,CSS-LoRa SX1278 (Ra-02),75.0,859,1787960092.9499,-70.82,6.9,True,22.79,NORMAL,True
1860,TRUCK_TO_GATEWAY,L7_PHYSICAL_BENCH_MODEL,CSS-LoRa SX1278 (Ra-02),75.0,860,1787960092.9999,-70.65,10.38,True,25.55,NORMAL,True
1861,TRUCK_TO_GATEWAY,L7_PHYSICAL_BENCH_MODEL,CSS-LoRa SX1278 (Ra-02),75.0,861,1787960093.0499,-73.7,6.38,True,25.99,NORMAL,True
1862,TRUCK_TO_GATEWAY,L7_PHYSICAL_BENCH_MODEL,CSS-LoRa SX1278 (Ra-02),75.0,862,1787960093.0999,-69.4,7.15,True,26.43,NORMAL,True
1863,TRUCK_TO_GATEWAY,L7_PHYSICAL_BENCH_MODEL,CSS-LoRa SX1278 (Ra-02),75.0,863,1787960093.1499,-73.01,11.61,True,25.34,NORMAL,True
1864,TRUCK_TO_GATEWAY,L7_PHYSICAL_BENCH_MODEL,CSS-LoRa SX1278 (Ra-02),75.0,864,1787960093.1999,-77.32,8.65,True,24.6,NORMAL,True
1865,TRUCK_TO_GATEWAY,L7_PHYSICAL_BENCH_MODEL,CSS-LoRa SX1278 (Ra-02),75.0,865,1787960093.2499,-75.67,8.42,True,22.68,NORMAL,True
1866,TRUCK_TO_GATEWAY,L7_PHYSICAL_BENCH_MODEL,CSS-LoRa SX1278 (Ra-02),75.0,866,1787960093.2999,-75.64,9.29,True,24.34,NORMAL,True
1867,TRUCK_TO_GATEWAY,L7_PHYSICAL_BENCH_MODEL,CSS-LoRa SX1278 (Ra-02),75.0,867,1787960093.3499,-80.79,9.73,True,23.73,NORMAL,True
1868,TRUCK_TO_GATEWAY,L7_PHYSICAL_BENCH_MODEL,CSS-LoRa SX1278 (Ra-02),75.0,868,1787960093.3999,-73.05,7.39,True,25.5,NORMAL,True
1869,TRUCK_TO_GATEWAY,L7_PHYSICAL_BENCH_MODEL,CSS-LoRa SX1278 (Ra-02),75.0,869,1787960093.4499,-73.17,7.08,True,25.68,NORMAL,True
1870,TRUCK_TO_GATEWAY,L7_PHYSICAL_BENCH_MODEL,CSS-LoRa SX1278 (Ra-02),75.0,870,1787960093.4999,-75.22,10.47,True,27.89,NORMAL,True
1871,TRUCK_TO_GATEWAY,L7_PHYSICAL_BENCH_MODEL,CSS-LoRa SX1278 (Ra-02),75.0,871,1787960093.5499,-74.24,9.69,True,23.55,NORMAL,True
1872,TRUCK_TO_GATEWAY,L7_PHYSICAL_BENCH_MODEL,CSS-LoRa SX1278 (Ra-02),75.0,872,1787960093.5999,-74.93,10.2,True,22.17,NORMAL,True
1873,TRUCK_TO_GATEWAY,L7_PHYSICAL_BENCH_MODEL,CSS-LoRa SX1278 (Ra-02),75.0,873,1787960093.6499,-75.14,8.12,True,25.42,NORMAL,True
1874,TRUCK_TO_GATEWAY,L7_PHYSICAL_BENCH_MODEL,CSS-LoRa SX1278 (Ra-02),75.0,874,1787960093.6999,-74.57,7.99,True,27.28,NORMAL,True
1875,TRUCK_TO_GATEWAY,L7_PHYSICAL_BENCH_MODEL,CSS-LoRa SX1278 (Ra-02),75.0,875,1787960093.7499,-71.8,6.79,True,24.61,NORMAL,True
1876,TRUCK_TO_GATEWAY,L7_PHYSICAL_BENCH_MODEL,CSS-LoRa SX1278 (Ra-02),75.0,876,1787960093.7999,-75.48,6.2,True,26.04,NORMAL,True
1877,TRUCK_TO_GATEWAY,L7_PHYSICAL_BENCH_MODEL,CSS-LoRa SX1278 (Ra-02),75.0,877,1787960093.8499,-79.24,8.75,True,23.4,NORMAL,True
1878,TRUCK_TO_GATEWAY,L7_PHYSICAL_BENCH_MODEL,CSS-LoRa SX1278 (Ra-02),75.0,878,1787960093.8999,-81.19,8.34,True,26.1,NORMAL,True
1879,TRUCK_TO_GATEWAY,L7_PHYSICAL_BENCH_MODEL,CSS-LoRa SX1278 (Ra-02),75.0,879,1787960093.9499,-69.06,9.18,True,24.83,NORMAL,True
1880,TRUCK_TO_GATEWAY,L7_PHYSICAL_BENCH_MODEL,CSS-LoRa SX1278 (Ra-02),75.0,880,1787960093.9999,-70.69,5.79,True,24.72,NORMAL,True
1881,TRUCK_TO_GATEWAY,L7_PHYSICAL_BENCH_MODEL,CSS-LoRa SX1278 (Ra-02),75.0,881,1787960094.0499,-71.47,9.69,True,22.96,NORMAL,True
1882,TRUCK_TO_GATEWAY,L7_PHYSICAL_BENCH_MODEL,CSS-LoRa SX1278 (Ra-02),75.0,882,1787960094.0999,-75.74,9.41,True,24.77,NORMAL,True
1883,TRUCK_TO_GATEWAY,L7_PHYSICAL_BENCH_MODEL,CSS-LoRa SX1278 (Ra-02),75.0,883,1787960094.1499,-70.79,5.38,True,26.81,NORMAL,True
1884,TRUCK_TO_GATEWAY,L7_PHYSICAL_BENCH_MODEL,CSS-LoRa SX1278 (Ra-02),75.0,884,1787960094.1999,-76.84,8.41,True,23.55,NORMAL,True
1885,TRUCK_TO_GATEWAY,L7_PHYSICAL_BENCH_MODEL,CSS-LoRa SX1278 (Ra-02),75.0,885,1787960094.2499,-71.68,7.3,True,24.31,NORMAL,True
1886,TRUCK_TO_GATEWAY,L7_PHYSICAL_BENCH_MODEL,CSS-LoRa SX1278 (Ra-02),75.0,886,1787960094.2999,-72.34,9.42,True,25.01,NORMAL,True
1887,TRUCK_TO_GATEWAY,L7_PHYSICAL_BENCH_MODEL,CSS-LoRa SX1278 (Ra-02),75.0,887,1787960094.3499,-75.31,10.31,True,26.15,NORMAL,True
1888,TRUCK_TO_GATEWAY,L7_PHYSICAL_BENCH_MODEL,CSS-LoRa SX1278 (Ra-02),75.0,888,1787960094.3999,-74.27,10.46,True,21.93,NORMAL,True
1889,TRUCK_TO_GATEWAY,L7_PHYSICAL_BENCH_MODEL,CSS-LoRa SX1278 (Ra-02),75.0,889,1787960094.4499,-71.53,7.78,True,23.03,NORMAL,True
1890,TRUCK_TO_GATEWAY,L7_PHYSICAL_BENCH_MODEL,CSS-LoRa SX1278 (Ra-02),75.0,890,1787960094.4999,-72.38,5.64,True,23.34,NORMAL,True
1891,TRUCK_TO_GATEWAY,L7_PHYSICAL_BENCH_MODEL,CSS-LoRa SX1278 (Ra-02),75.0,891,1787960094.5499,-78.0,8.14,True,25.42,NORMAL,True
1892,TRUCK_TO_GATEWAY,L7_PHYSICAL_BENCH_MODEL,CSS-LoRa SX1278 (Ra-02),75.0,892,1787960094.5999,-71.72,6.41,True,21.34,NORMAL,True
1893,TRUCK_TO_GATEWAY,L7_PHYSICAL_BENCH_MODEL,CSS-LoRa SX1278 (Ra-02),75.0,893,1787960094.6499,-73.37,8.76,True,24.88,NORMAL,True
1894,TRUCK_TO_GATEWAY,L7_PHYSICAL_BENCH_MODEL,CSS-LoRa SX1278 (Ra-02),75.0,894,1787960094.6999,-70.4,9.16,True,25.93,NORMAL,True
1895,TRUCK_TO_GATEWAY,L7_PHYSICAL_BENCH_MODEL,CSS-LoRa SX1278 (Ra-02),75.0,895,1787960094.7499,-72.12,6.19,True,25.88,NORMAL,True
1896,TRUCK_TO_GATEWAY,L7_PHYSICAL_BENCH_MODEL,CSS-LoRa SX1278 (Ra-02),75.0,896,1787960094.7999,-74.56,9.18,True,26.61,NORMAL,True
1897,TRUCK_TO_GATEWAY,L7_PHYSICAL_BENCH_MODEL,CSS-LoRa SX1278 (Ra-02),75.0,897,1787960094.8499,-75.54,7.77,True,23.43,NORMAL,True
1898,TRUCK_TO_GATEWAY,L7_PHYSICAL_BENCH_MODEL,CSS-LoRa SX1278 (Ra-02),75.0,898,1787960094.8999,-69.91,8.81,True,23.25,NORMAL,True
1899,TRUCK_TO_GATEWAY,L7_PHYSICAL_BENCH_MODEL,CSS-LoRa SX1278 (Ra-02),75.0,899,1787960094.9499,-77.57,6.25,True,26.96,NORMAL,True
1900,TRUCK_TO_GATEWAY,L7_PHYSICAL_BENCH_MODEL,CSS-LoRa SX1278 (Ra-02),75.0,900,1787960094.9999,-75.59,7.87,True,23.45,NORMAL,True
1901,TRUCK_TO_GATEWAY,L7_PHYSICAL_BENCH_MODEL,CSS-LoRa SX1278 (Ra-02),75.0,901,1787960095.0499,-74.72,8.79,True,25.52,NORMAL,True
1902,TRUCK_TO_GATEWAY,L7_PHYSICAL_BENCH_MODEL,CSS-LoRa SX1278 (Ra-02),75.0,902,1787960095.0999,-73.03,10.44,True,28.13,NORMAL,True
1903,TRUCK_TO_GATEWAY,L7_PHYSICAL_BENCH_MODEL,CSS-LoRa SX1278 (Ra-02),75.0,903,1787960095.1499,-74.31,6.69,True,26.25,NORMAL,True
1904,TRUCK_TO_GATEWAY,L7_PHYSICAL_BENCH_MODEL,CSS-LoRa SX1278 (Ra-02),75.0,904,1787960095.1999,-73.2,11.39,True,24.15,NORMAL,True
1905,TRUCK_TO_GATEWAY,L7_PHYSICAL_BENCH_MODEL,CSS-LoRa SX1278 (Ra-02),75.0,905,1787960095.2499,-73.25,7.04,True,25.73,NORMAL,True
1906,TRUCK_TO_GATEWAY,L7_PHYSICAL_BENCH_MODEL,CSS-LoRa SX1278 (Ra-02),75.0,906,1787960095.2999,-72.57,8.84,True,26.24,NORMAL,True
1907,TRUCK_TO_GATEWAY,L7_PHYSICAL_BENCH_MODEL,CSS-LoRa SX1278 (Ra-02),75.0,907,1787960095.3499,-75.8,8.6,True,26.28,NORMAL,True
1908,TRUCK_TO_GATEWAY,L7_PHYSICAL_BENCH_MODEL,CSS-LoRa SX1278 (Ra-02),75.0,908,1787960095.3999,-74.55,8.97,True,23.89,NORMAL,True
1909,TRUCK_TO_GATEWAY,L7_PHYSICAL_BENCH_MODEL,CSS-LoRa SX1278 (Ra-02),75.0,909,1787960095.4499,-74.08,6.92,True,25.3,NORMAL,True
1910,TRUCK_TO_GATEWAY,L7_PHYSICAL_BENCH_MODEL,CSS-LoRa SX1278 (Ra-02),75.0,910,1787960095.4999,-71.51,10.02,True,25.87,NORMAL,True
1911,TRUCK_TO_GATEWAY,L7_PHYSICAL_BENCH_MODEL,CSS-LoRa SX1278 (Ra-02),75.0,911,1787960095.5499,-72.61,6.11,True,23.56,NORMAL,True
1912,TRUCK_TO_GATEWAY,L7_PHYSICAL_BENCH_MODEL,CSS-LoRa SX1278 (Ra-02),75.0,912,1787960095.5999,-76.54,8.68,True,24.45,NORMAL,True
1913,TRUCK_TO_GATEWAY,L7_PHYSICAL_BENCH_MODEL,CSS-LoRa SX1278 (Ra-02),75.0,913,1787960095.6499,-76.63,10.9,True,26.15,NORMAL,True
1914,TRUCK_TO_GATEWAY,L7_PHYSICAL_BENCH_MODEL,CSS-LoRa SX1278 (Ra-02),75.0,914,1787960095.6999,-70.87,7.47,True,27.12,NORMAL,True
1915,TRUCK_TO_GATEWAY,L7_PHYSICAL_BENCH_MODEL,CSS-LoRa SX1278 (Ra-02),75.0,915,1787960095.7499,-76.02,8.67,True,24.46,NORMAL,True
1916,TRUCK_TO_GATEWAY,L7_PHYSICAL_BENCH_MODEL,CSS-LoRa SX1278 (Ra-02),75.0,916,1787960095.7999,-75.8,9.66,True,25.85,NORMAL,True
1917,TRUCK_TO_GATEWAY,L7_PHYSICAL_BENCH_MODEL,CSS-LoRa SX1278 (Ra-02),75.0,917,1787960095.8499,-71.93,8.8,True,23.45,NORMAL,True
1918,TRUCK_TO_GATEWAY,L7_PHYSICAL_BENCH_MODEL,CSS-LoRa SX1278 (Ra-02),75.0,918,1787960095.8999,-73.2,7.17,True,24.52,NORMAL,True
1919,TRUCK_TO_GATEWAY,L7_PHYSICAL_BENCH_MODEL,CSS-LoRa SX1278 (Ra-02),75.0,919,1787960095.9499,-73.51,9.65,True,24.47,NORMAL,True
1920,TRUCK_TO_GATEWAY,L7_PHYSICAL_BENCH_MODEL,CSS-LoRa SX1278 (Ra-02),75.0,920,1787960095.9999,-77.01,8.65,True,27.28,NORMAL,True
1921,TRUCK_TO_GATEWAY,L7_PHYSICAL_BENCH_MODEL,CSS-LoRa SX1278 (Ra-02),75.0,921,1787960096.0499,-71.8,5.48,True,23.48,NORMAL,True
1922,TRUCK_TO_GATEWAY,L7_PHYSICAL_BENCH_MODEL,CSS-LoRa SX1278 (Ra-02),75.0,922,1787960096.0999,-70.62,7.0,True,21.73,NORMAL,True
1923,TRUCK_TO_GATEWAY,L7_PHYSICAL_BENCH_MODEL,CSS-LoRa SX1278 (Ra-02),75.0,923,1787960096.1499,-71.66,5.54,True,24.59,NORMAL,True
1924,TRUCK_TO_GATEWAY,L7_PHYSICAL_BENCH_MODEL,CSS-LoRa SX1278 (Ra-02),75.0,924,1787960096.1999,-72.03,7.42,True,27.91,NORMAL,True
1925,TRUCK_TO_GATEWAY,L7_PHYSICAL_BENCH_MODEL,CSS-LoRa SX1278 (Ra-02),75.0,925,1787960096.2499,-67.03,9.96,True,24.63,NORMAL,True
1926,TRUCK_TO_GATEWAY,L7_PHYSICAL_BENCH_MODEL,CSS-LoRa SX1278 (Ra-02),75.0,926,1787960096.2999,-75.39,9.87,True,23.85,NORMAL,True
1927,TRUCK_TO_GATEWAY,L7_PHYSICAL_BENCH_MODEL,CSS-LoRa SX1278 (Ra-02),75.0,927,1787960096.3499,-77.32,10.83,True,26.91,NORMAL,True
1928,TRUCK_TO_GATEWAY,L7_PHYSICAL_BENCH_MODEL,CSS-LoRa SX1278 (Ra-02),75.0,928,1787960096.3999,-74.14,6.31,True,25.72,NORMAL,True
1929,TRUCK_TO_GATEWAY,L7_PHYSICAL_BENCH_MODEL,CSS-LoRa SX1278 (Ra-02),75.0,929,1787960096.4499,-76.52,6.61,True,27.1,NORMAL,True
1930,TRUCK_TO_GATEWAY,L7_PHYSICAL_BENCH_MODEL,CSS-LoRa SX1278 (Ra-02),75.0,930,1787960096.4999,-72.03,8.02,True,25.8,NORMAL,True
1931,TRUCK_TO_GATEWAY,L7_PHYSICAL_BENCH_MODEL,CSS-LoRa SX1278 (Ra-02),75.0,931,1787960096.5499,-72.07,9.68,True,24.94,NORMAL,True
1932,TRUCK_TO_GATEWAY,L7_PHYSICAL_BENCH_MODEL,CSS-LoRa SX1278 (Ra-02),75.0,932,1787960096.5999,-70.87,7.5,True,25.61,NORMAL,True
1933,TRUCK_TO_GATEWAY,L7_PHYSICAL_BENCH_MODEL,CSS-LoRa SX1278 (Ra-02),75.0,933,1787960096.6499,-70.71,10.31,True,24.57,NORMAL,True
1934,TRUCK_TO_GATEWAY,L7_PHYSICAL_BENCH_MODEL,CSS-LoRa SX1278 (Ra-02),75.0,934,1787960096.6999,-76.08,10.73,True,25.62,NORMAL,True
1935,TRUCK_TO_GATEWAY,L7_PHYSICAL_BENCH_MODEL,CSS-LoRa SX1278 (Ra-02),75.0,935,1787960096.7499,-74.26,7.11,True,24.51,NORMAL,True
1936,TRUCK_TO_GATEWAY,L7_PHYSICAL_BENCH_MODEL,CSS-LoRa SX1278 (Ra-02),75.0,936,1787960096.7999,-70.85,8.16,True,23.52,NORMAL,True
1937,TRUCK_TO_GATEWAY,L7_PHYSICAL_BENCH_MODEL,CSS-LoRa SX1278 (Ra-02),75.0,937,1787960096.8499,-73.72,3.67,True,23.24,NORMAL,True
1938,TRUCK_TO_GATEWAY,L7_PHYSICAL_BENCH_MODEL,CSS-LoRa SX1278 (Ra-02),75.0,938,1787960096.8999,-77.09,10.93,True,22.96,NORMAL,True
1939,TRUCK_TO_GATEWAY,L7_PHYSICAL_BENCH_MODEL,CSS-LoRa SX1278 (Ra-02),75.0,939,1787960096.9499,-74.59,6.38,True,22.37,NORMAL,True
1940,TRUCK_TO_GATEWAY,L7_PHYSICAL_BENCH_MODEL,CSS-LoRa SX1278 (Ra-02),75.0,940,1787960096.9999,-76.78,9.17,True,21.26,NORMAL,True
1941,TRUCK_TO_GATEWAY,L7_PHYSICAL_BENCH_MODEL,CSS-LoRa SX1278 (Ra-02),75.0,941,1787960097.0499,-73.3,10.28,True,25.32,NORMAL,True
1942,TRUCK_TO_GATEWAY,L7_PHYSICAL_BENCH_MODEL,CSS-LoRa SX1278 (Ra-02),75.0,942,1787960097.0999,-72.9,4.68,True,24.18,NORMAL,True
1943,TRUCK_TO_GATEWAY,L7_PHYSICAL_BENCH_MODEL,CSS-LoRa SX1278 (Ra-02),75.0,943,1787960097.1499,-72.98,8.57,True,22.22,NORMAL,True
1944,TRUCK_TO_GATEWAY,L7_PHYSICAL_BENCH_MODEL,CSS-LoRa SX1278 (Ra-02),75.0,944,1787960097.1999,-76.11,6.16,True,23.81,NORMAL,True
1945,TRUCK_TO_GATEWAY,L7_PHYSICAL_BENCH_MODEL,CSS-LoRa SX1278 (Ra-02),75.0,945,1787960097.2499,-74.48,9.82,True,24.62,NORMAL,True
1946,TRUCK_TO_GATEWAY,L7_PHYSICAL_BENCH_MODEL,CSS-LoRa SX1278 (Ra-02),75.0,946,1787960097.2999,-66.18,8.01,True,24.18,NORMAL,True
1947,TRUCK_TO_GATEWAY,L7_PHYSICAL_BENCH_MODEL,CSS-LoRa SX1278 (Ra-02),75.0,947,1787960097.3499,-75.97,7.96,True,23.35,NORMAL,True
1948,TRUCK_TO_GATEWAY,L7_PHYSICAL_BENCH_MODEL,CSS-LoRa SX1278 (Ra-02),75.0,948,1787960097.3999,-73.21,5.97,True,23.06,NORMAL,True
1949,TRUCK_TO_GATEWAY,L7_PHYSICAL_BENCH_MODEL,CSS-LoRa SX1278 (Ra-02),75.0,949,1787960097.4499,-73.93,7.84,True,23.88,NORMAL,True
1950,TRUCK_TO_GATEWAY,L7_PHYSICAL_BENCH_MODEL,CSS-LoRa SX1278 (Ra-02),75.0,950,1787960097.4999,-77.9,8.55,True,21.55,NORMAL,True
1951,TRUCK_TO_GATEWAY,L7_PHYSICAL_BENCH_MODEL,CSS-LoRa SX1278 (Ra-02),75.0,951,1787960097.5499,-78.4,8.91,True,22.77,NORMAL,True
1952,TRUCK_TO_GATEWAY,L7_PHYSICAL_BENCH_MODEL,CSS-LoRa SX1278 (Ra-02),75.0,952,1787960097.5999,-74.5,11.43,True,27.08,NORMAL,True
1953,TRUCK_TO_GATEWAY,L7_PHYSICAL_BENCH_MODEL,CSS-LoRa SX1278 (Ra-02),75.0,953,1787960097.6499,-71.38,7.71,True,23.84,NORMAL,True
1954,TRUCK_TO_GATEWAY,L7_PHYSICAL_BENCH_MODEL,CSS-LoRa SX1278 (Ra-02),75.0,954,1787960097.6999,-72.96,6.25,True,24.87,NORMAL,True
1955,TRUCK_TO_GATEWAY,L7_PHYSICAL_BENCH_MODEL,CSS-LoRa SX1278 (Ra-02),75.0,955,1787960097.7499,-75.6,6.34,True,25.06,NORMAL,True
1956,TRUCK_TO_GATEWAY,L7_PHYSICAL_BENCH_MODEL,CSS-LoRa SX1278 (Ra-02),75.0,956,1787960097.7999,-72.33,9.06,True,26.42,NORMAL,True
1957,TRUCK_TO_GATEWAY,L7_PHYSICAL_BENCH_MODEL,CSS-LoRa SX1278 (Ra-02),75.0,957,1787960097.8499,-74.7,7.94,True,25.88,NORMAL,True
1958,TRUCK_TO_GATEWAY,L7_PHYSICAL_BENCH_MODEL,CSS-LoRa SX1278 (Ra-02),75.0,958,1787960097.8999,-74.38,8.91,True,25.09,NORMAL,True
1959,TRUCK_TO_GATEWAY,L7_PHYSICAL_BENCH_MODEL,CSS-LoRa SX1278 (Ra-02),75.0,959,1787960097.9499,-72.98,8.72,True,23.29,NORMAL,True
1960,TRUCK_TO_GATEWAY,L7_PHYSICAL_BENCH_MODEL,CSS-LoRa SX1278 (Ra-02),75.0,960,1787960097.9999,-77.03,10.57,True,22.71,NORMAL,True
1961,TRUCK_TO_GATEWAY,L7_PHYSICAL_BENCH_MODEL,CSS-LoRa SX1278 (Ra-02),75.0,961,1787960098.0499,-72.71,7.51,True,21.88,NORMAL,True
1962,TRUCK_TO_GATEWAY,L7_PHYSICAL_BENCH_MODEL,CSS-LoRa SX1278 (Ra-02),75.0,962,1787960098.0999,-70.62,9.49,True,23.29,NORMAL,True
1963,TRUCK_TO_GATEWAY,L7_PHYSICAL_BENCH_MODEL,CSS-LoRa SX1278 (Ra-02),75.0,963,1787960098.1499,-70.36,9.48,True,26.97,NORMAL,True
1964,TRUCK_TO_GATEWAY,L7_PHYSICAL_BENCH_MODEL,CSS-LoRa SX1278 (Ra-02),75.0,964,1787960098.1999,-68.49,9.86,True,24.54,NORMAL,True
1965,TRUCK_TO_GATEWAY,L7_PHYSICAL_BENCH_MODEL,CSS-LoRa SX1278 (Ra-02),75.0,965,1787960098.2499,-71.5,8.67,True,25.93,NORMAL,True
1966,TRUCK_TO_GATEWAY,L7_PHYSICAL_BENCH_MODEL,CSS-LoRa SX1278 (Ra-02),75.0,966,1787960098.2999,-70.07,8.44,True,25.99,NORMAL,True
1967,TRUCK_TO_GATEWAY,L7_PHYSICAL_BENCH_MODEL,CSS-LoRa SX1278 (Ra-02),75.0,967,1787960098.3499,-74.29,8.23,True,26.19,NORMAL,True
1968,TRUCK_TO_GATEWAY,L7_PHYSICAL_BENCH_MODEL,CSS-LoRa SX1278 (Ra-02),75.0,968,1787960098.3999,-73.18,6.76,True,23.92,NORMAL,True
1969,TRUCK_TO_GATEWAY,L7_PHYSICAL_BENCH_MODEL,CSS-LoRa SX1278 (Ra-02),75.0,969,1787960098.4499,-77.44,10.07,True,24.88,NORMAL,True
1970,TRUCK_TO_GATEWAY,L7_PHYSICAL_BENCH_MODEL,CSS-LoRa SX1278 (Ra-02),75.0,970,1787960098.4999,-67.14,7.88,True,23.53,NORMAL,True
1971,TRUCK_TO_GATEWAY,L7_PHYSICAL_BENCH_MODEL,CSS-LoRa SX1278 (Ra-02),75.0,971,1787960098.5499,-70.27,8.76,True,25.48,NORMAL,True
1972,TRUCK_TO_GATEWAY,L7_PHYSICAL_BENCH_MODEL,CSS-LoRa SX1278 (Ra-02),75.0,972,1787960098.5999,-75.22,8.33,True,25.72,NORMAL,True
1973,TRUCK_TO_GATEWAY,L7_PHYSICAL_BENCH_MODEL,CSS-LoRa SX1278 (Ra-02),75.0,973,1787960098.6499,-71.84,8.74,True,22.93,NORMAL,True
1974,TRUCK_TO_GATEWAY,L7_PHYSICAL_BENCH_MODEL,CSS-LoRa SX1278 (Ra-02),75.0,974,1787960098.6999,-70.5,8.2,True,23.07,NORMAL,True
1975,TRUCK_TO_GATEWAY,L7_PHYSICAL_BENCH_MODEL,CSS-LoRa SX1278 (Ra-02),75.0,975,1787960098.7499,-74.67,7.47,True,24.68,NORMAL,True
1976,TRUCK_TO_GATEWAY,L7_PHYSICAL_BENCH_MODEL,CSS-LoRa SX1278 (Ra-02),75.0,976,1787960098.7999,-70.59,9.92,True,23.2,NORMAL,True
1977,TRUCK_TO_GATEWAY,L7_PHYSICAL_BENCH_MODEL,CSS-LoRa SX1278 (Ra-02),75.0,977,1787960098.8499,-74.07,9.75,True,22.35,NORMAL,True
1978,TRUCK_TO_GATEWAY,L7_PHYSICAL_BENCH_MODEL,CSS-LoRa SX1278 (Ra-02),75.0,978,1787960098.8999,-74.13,9.04,True,23.24,NORMAL,True
1979,TRUCK_TO_GATEWAY,L7_PHYSICAL_BENCH_MODEL,CSS-LoRa SX1278 (Ra-02),75.0,979,1787960098.9499,-70.16,7.89,True,22.46,NORMAL,True
1980,TRUCK_TO_GATEWAY,L7_PHYSICAL_BENCH_MODEL,CSS-LoRa SX1278 (Ra-02),75.0,980,1787960098.9999,-69.08,8.37,True,25.25,NORMAL,True
1981,TRUCK_TO_GATEWAY,L7_PHYSICAL_BENCH_MODEL,CSS-LoRa SX1278 (Ra-02),75.0,981,1787960099.0499,-72.46,10.84,True,26.09,NORMAL,True
1982,TRUCK_TO_GATEWAY,L7_PHYSICAL_BENCH_MODEL,CSS-LoRa SX1278 (Ra-02),75.0,982,1787960099.0999,-72.3,8.38,True,26.41,NORMAL,True
1983,TRUCK_TO_GATEWAY,L7_PHYSICAL_BENCH_MODEL,CSS-LoRa SX1278 (Ra-02),75.0,983,1787960099.1499,-70.76,5.9,True,21.07,NORMAL,True
1984,TRUCK_TO_GATEWAY,L7_PHYSICAL_BENCH_MODEL,CSS-LoRa SX1278 (Ra-02),75.0,984,1787960099.1999,-73.54,8.49,True,25.86,NORMAL,True
1985,TRUCK_TO_GATEWAY,L7_PHYSICAL_BENCH_MODEL,CSS-LoRa SX1278 (Ra-02),75.0,985,1787960099.2499,-73.56,8.52,True,26.53,NORMAL,True
1986,TRUCK_TO_GATEWAY,L7_PHYSICAL_BENCH_MODEL,CSS-LoRa SX1278 (Ra-02),75.0,986,1787960099.2999,-72.1,7.8,True,26.85,NORMAL,True
1987,TRUCK_TO_GATEWAY,L7_PHYSICAL_BENCH_MODEL,CSS-LoRa SX1278 (Ra-02),75.0,987,1787960099.3499,-70.58,10.82,True,24.3,NORMAL,True
1988,TRUCK_TO_GATEWAY,L7_PHYSICAL_BENCH_MODEL,CSS-LoRa SX1278 (Ra-02),75.0,988,1787960099.3999,-72.71,10.02,True,22.98,NORMAL,True
1989,TRUCK_TO_GATEWAY,L7_PHYSICAL_BENCH_MODEL,CSS-LoRa SX1278 (Ra-02),75.0,989,1787960099.4499,-70.35,7.58,True,24.26,NORMAL,True
1990,TRUCK_TO_GATEWAY,L7_PHYSICAL_BENCH_MODEL,CSS-LoRa SX1278 (Ra-02),75.0,990,1787960099.4999,-72.15,9.4,True,25.52,NORMAL,True
1991,TRUCK_TO_GATEWAY,L7_PHYSICAL_BENCH_MODEL,CSS-LoRa SX1278 (Ra-02),75.0,991,1787960099.5499,-73.77,8.37,True,25.92,NORMAL,True
1992,TRUCK_TO_GATEWAY,L7_PHYSICAL_BENCH_MODEL,CSS-LoRa SX1278 (Ra-02),75.0,992,1787960099.5999,-73.52,9.85,True,20.73,NORMAL,True
1993,TRUCK_TO_GATEWAY,L7_PHYSICAL_BENCH_MODEL,CSS-LoRa SX1278 (Ra-02),75.0,993,1787960099.6499,-125.0,-22.0,False,,NORMAL,True
1994,TRUCK_TO_GATEWAY,L7_PHYSICAL_BENCH_MODEL,CSS-LoRa SX1278 (Ra-02),75.0,994,1787960099.6999,-69.46,7.19,True,25.94,NORMAL,True
1995,TRUCK_TO_GATEWAY,L7_PHYSICAL_BENCH_MODEL,CSS-LoRa SX1278 (Ra-02),75.0,995,1787960099.7499,-73.35,9.16,True,24.68,NORMAL,True
1996,TRUCK_TO_GATEWAY,L7_PHYSICAL_BENCH_MODEL,CSS-LoRa SX1278 (Ra-02),75.0,996,1787960099.7999,-72.15,8.28,True,25.2,NORMAL,True
1997,TRUCK_TO_GATEWAY,L7_PHYSICAL_BENCH_MODEL,CSS-LoRa SX1278 (Ra-02),75.0,997,1787960099.8499,-71.1,6.73,True,24.22,NORMAL,True
1998,TRUCK_TO_GATEWAY,L7_PHYSICAL_BENCH_MODEL,CSS-LoRa SX1278 (Ra-02),75.0,998,1787960099.8999,-72.82,8.48,True,24.53,NORMAL,True
1999,TRUCK_TO_GATEWAY,L7_PHYSICAL_BENCH_MODEL,CSS-LoRa SX1278 (Ra-02),75.0,999,1787960099.9499,-73.42,7.39,True,22.19,NORMAL,True
2000,TRUCK_TO_GATEWAY,L7_PHYSICAL_BENCH_MODEL,CSS-LoRa SX1278 (Ra-02),75.0,1000,1787960099.9999,-71.11,5.46,True,22.95,NORMAL,True
2001,GATEWAY_FAILURE,CONTROLLED_SOFTWARE_INJECTION,CSS-LoRa SX1278 (Ra-02),75.0,1,1787960100.0499,-125.0,-22.0,False,,NO_GATEWAY,True
2002,GATEWAY_FAILURE,CONTROLLED_SOFTWARE_INJECTION,CSS-LoRa SX1278 (Ra-02),75.0,2,1787960100.0999,-125.0,-22.0,False,,NO_GATEWAY,True
2003,GATEWAY_FAILURE,CONTROLLED_SOFTWARE_INJECTION,CSS-LoRa SX1278 (Ra-02),75.0,3,1787960100.1499,-125.0,-22.0,False,,NO_GATEWAY,True
2004,GATEWAY_FAILURE,CONTROLLED_SOFTWARE_INJECTION,CSS-LoRa SX1278 (Ra-02),75.0,4,1787960100.1999,-125.0,-22.0,False,,NO_GATEWAY,True
2005,GATEWAY_FAILURE,CONTROLLED_SOFTWARE_INJECTION,CSS-LoRa SX1278 (Ra-02),75.0,5,1787960100.2499,-125.0,-22.0,False,,NO_GATEWAY,True
2006,GATEWAY_FAILURE,CONTROLLED_SOFTWARE_INJECTION,CSS-LoRa SX1278 (Ra-02),75.0,6,1787960100.2999,-125.0,-22.0,False,,NO_GATEWAY,True
2007,GATEWAY_FAILURE,CONTROLLED_SOFTWARE_INJECTION,CSS-LoRa SX1278 (Ra-02),75.0,7,1787960100.3499,-125.0,-22.0,False,,NO_GATEWAY,True
2008,GATEWAY_FAILURE,CONTROLLED_SOFTWARE_INJECTION,CSS-LoRa SX1278 (Ra-02),75.0,8,1787960100.3999,-125.0,-22.0,False,,NO_GATEWAY,True
2009,GATEWAY_FAILURE,CONTROLLED_SOFTWARE_INJECTION,CSS-LoRa SX1278 (Ra-02),75.0,9,1787960100.4499,-125.0,-22.0,False,,NO_GATEWAY,True
2010,GATEWAY_FAILURE,CONTROLLED_SOFTWARE_INJECTION,CSS-LoRa SX1278 (Ra-02),75.0,10,1787960100.4999,-125.0,-22.0,False,,NO_GATEWAY,True
2011,GATEWAY_FAILURE,CONTROLLED_SOFTWARE_INJECTION,CSS-LoRa SX1278 (Ra-02),75.0,11,1787960100.5499,-125.0,-22.0,False,,NO_GATEWAY,True
2012,GATEWAY_FAILURE,CONTROLLED_SOFTWARE_INJECTION,CSS-LoRa SX1278 (Ra-02),75.0,12,1787960100.5999,-125.0,-22.0,False,,NO_GATEWAY,True
2013,GATEWAY_FAILURE,CONTROLLED_SOFTWARE_INJECTION,CSS-LoRa SX1278 (Ra-02),75.0,13,1787960100.6499,-125.0,-22.0,False,,NO_GATEWAY,True
2014,GATEWAY_FAILURE,CONTROLLED_SOFTWARE_INJECTION,CSS-LoRa SX1278 (Ra-02),75.0,14,1787960100.6999,-125.0,-22.0,False,,NO_GATEWAY,True
2015,GATEWAY_FAILURE,CONTROLLED_SOFTWARE_INJECTION,CSS-LoRa SX1278 (Ra-02),75.0,15,1787960100.7499,-125.0,-22.0,False,,NO_GATEWAY,True
2016,GATEWAY_FAILURE,CONTROLLED_SOFTWARE_INJECTION,CSS-LoRa SX1278 (Ra-02),75.0,16,1787960100.7999,-125.0,-22.0,False,,NO_GATEWAY,True
2017,GATEWAY_FAILURE,CONTROLLED_SOFTWARE_INJECTION,CSS-LoRa SX1278 (Ra-02),75.0,17,1787960100.8499,-125.0,-22.0,False,,NO_GATEWAY,True
2018,GATEWAY_FAILURE,CONTROLLED_SOFTWARE_INJECTION,CSS-LoRa SX1278 (Ra-02),75.0,18,1787960100.8999,-125.0,-22.0,False,,NO_GATEWAY,True
2019,GATEWAY_FAILURE,CONTROLLED_SOFTWARE_INJECTION,CSS-LoRa SX1278 (Ra-02),75.0,19,1787960100.9499,-125.0,-22.0,False,,NO_GATEWAY,True
2020,GATEWAY_FAILURE,CONTROLLED_SOFTWARE_INJECTION,CSS-LoRa SX1278 (Ra-02),75.0,20,1787960100.9999,-125.0,-22.0,False,,NO_GATEWAY,True
2021,GATEWAY_FAILURE,CONTROLLED_SOFTWARE_INJECTION,CSS-LoRa SX1278 (Ra-02),75.0,21,1787960101.0499,-125.0,-22.0,False,,NO_GATEWAY,True
2022,GATEWAY_FAILURE,CONTROLLED_SOFTWARE_INJECTION,CSS-LoRa SX1278 (Ra-02),75.0,22,1787960101.0999,-125.0,-22.0,False,,NO_GATEWAY,True
2023,GATEWAY_FAILURE,CONTROLLED_SOFTWARE_INJECTION,CSS-LoRa SX1278 (Ra-02),75.0,23,1787960101.1499,-125.0,-22.0,False,,NO_GATEWAY,True
2024,GATEWAY_FAILURE,CONTROLLED_SOFTWARE_INJECTION,CSS-LoRa SX1278 (Ra-02),75.0,24,1787960101.1999,-125.0,-22.0,False,,NO_GATEWAY,True
2025,GATEWAY_FAILURE,CONTROLLED_SOFTWARE_INJECTION,CSS-LoRa SX1278 (Ra-02),75.0,25,1787960101.2499,-125.0,-22.0,False,,NO_GATEWAY,True
2026,GATEWAY_FAILURE,CONTROLLED_SOFTWARE_INJECTION,CSS-LoRa SX1278 (Ra-02),75.0,26,1787960101.2999,-125.0,-22.0,False,,NO_GATEWAY,True
2027,GATEWAY_FAILURE,CONTROLLED_SOFTWARE_INJECTION,CSS-LoRa SX1278 (Ra-02),75.0,27,1787960101.3499,-125.0,-22.0,False,,NO_GATEWAY,True
2028,GATEWAY_FAILURE,CONTROLLED_SOFTWARE_INJECTION,CSS-LoRa SX1278 (Ra-02),75.0,28,1787960101.3999,-125.0,-22.0,False,,NO_GATEWAY,True
2029,GATEWAY_FAILURE,CONTROLLED_SOFTWARE_INJECTION,CSS-LoRa SX1278 (Ra-02),75.0,29,1787960101.4499,-125.0,-22.0,False,,NO_GATEWAY,True
2030,GATEWAY_FAILURE,CONTROLLED_SOFTWARE_INJECTION,CSS-LoRa SX1278 (Ra-02),75.0,30,1787960101.4999,-125.0,-22.0,False,,NO_GATEWAY,True
2031,GATEWAY_FAILURE,CONTROLLED_SOFTWARE_INJECTION,CSS-LoRa SX1278 (Ra-02),75.0,31,1787960101.5499,-125.0,-22.0,False,,NO_GATEWAY,True
2032,GATEWAY_FAILURE,CONTROLLED_SOFTWARE_INJECTION,CSS-LoRa SX1278 (Ra-02),75.0,32,1787960101.5999,-125.0,-22.0,False,,NO_GATEWAY,True
2033,GATEWAY_FAILURE,CONTROLLED_SOFTWARE_INJECTION,CSS-LoRa SX1278 (Ra-02),75.0,33,1787960101.6499,-125.0,-22.0,False,,NO_GATEWAY,True
2034,GATEWAY_FAILURE,CONTROLLED_SOFTWARE_INJECTION,CSS-LoRa SX1278 (Ra-02),75.0,34,1787960101.6999,-125.0,-22.0,False,,NO_GATEWAY,True
2035,GATEWAY_FAILURE,CONTROLLED_SOFTWARE_INJECTION,CSS-LoRa SX1278 (Ra-02),75.0,35,1787960101.7499,-125.0,-22.0,False,,NO_GATEWAY,True
2036,GATEWAY_FAILURE,CONTROLLED_SOFTWARE_INJECTION,CSS-LoRa SX1278 (Ra-02),75.0,36,1787960101.7999,-125.0,-22.0,False,,NO_GATEWAY,True
2037,GATEWAY_FAILURE,CONTROLLED_SOFTWARE_INJECTION,CSS-LoRa SX1278 (Ra-02),75.0,37,1787960101.8499,-125.0,-22.0,False,,NO_GATEWAY,True
2038,GATEWAY_FAILURE,CONTROLLED_SOFTWARE_INJECTION,CSS-LoRa SX1278 (Ra-02),75.0,38,1787960101.8999,-125.0,-22.0,False,,NO_GATEWAY,True
2039,GATEWAY_FAILURE,CONTROLLED_SOFTWARE_INJECTION,CSS-LoRa SX1278 (Ra-02),75.0,39,1787960101.9499,-125.0,-22.0,False,,NO_GATEWAY,True
2040,GATEWAY_FAILURE,CONTROLLED_SOFTWARE_INJECTION,CSS-LoRa SX1278 (Ra-02),75.0,40,1787960101.9999,-125.0,-22.0,False,,NO_GATEWAY,True
2041,GATEWAY_FAILURE,CONTROLLED_SOFTWARE_INJECTION,CSS-LoRa SX1278 (Ra-02),75.0,41,1787960102.0499,-125.0,-22.0,False,,NO_GATEWAY,True
2042,GATEWAY_FAILURE,CONTROLLED_SOFTWARE_INJECTION,CSS-LoRa SX1278 (Ra-02),75.0,42,1787960102.0999,-125.0,-22.0,False,,NO_GATEWAY,True
2043,GATEWAY_FAILURE,CONTROLLED_SOFTWARE_INJECTION,CSS-LoRa SX1278 (Ra-02),75.0,43,1787960102.1499,-125.0,-22.0,False,,NO_GATEWAY,True
2044,GATEWAY_FAILURE,CONTROLLED_SOFTWARE_INJECTION,CSS-LoRa SX1278 (Ra-02),75.0,44,1787960102.1999,-125.0,-22.0,False,,NO_GATEWAY,True
2045,GATEWAY_FAILURE,CONTROLLED_SOFTWARE_INJECTION,CSS-LoRa SX1278 (Ra-02),75.0,45,1787960102.2499,-125.0,-22.0,False,,NO_GATEWAY,True
2046,GATEWAY_FAILURE,CONTROLLED_SOFTWARE_INJECTION,CSS-LoRa SX1278 (Ra-02),75.0,46,1787960102.2999,-125.0,-22.0,False,,NO_GATEWAY,True
2047,GATEWAY_FAILURE,CONTROLLED_SOFTWARE_INJECTION,CSS-LoRa SX1278 (Ra-02),75.0,47,1787960102.3499,-125.0,-22.0,False,,NO_GATEWAY,True
2048,GATEWAY_FAILURE,CONTROLLED_SOFTWARE_INJECTION,CSS-LoRa SX1278 (Ra-02),75.0,48,1787960102.3999,-125.0,-22.0,False,,NO_GATEWAY,True
2049,GATEWAY_FAILURE,CONTROLLED_SOFTWARE_INJECTION,CSS-LoRa SX1278 (Ra-02),75.0,49,1787960102.4499,-125.0,-22.0,False,,NO_GATEWAY,True
2050,GATEWAY_FAILURE,CONTROLLED_SOFTWARE_INJECTION,CSS-LoRa SX1278 (Ra-02),75.0,50,1787960102.4999,-125.0,-22.0,False,,NO_GATEWAY,True
2051,GATEWAY_FAILURE,CONTROLLED_SOFTWARE_INJECTION,CSS-LoRa SX1278 (Ra-02),75.0,51,1787960102.5499,-125.0,-22.0,False,,NO_GATEWAY,True
2052,GATEWAY_FAILURE,CONTROLLED_SOFTWARE_INJECTION,CSS-LoRa SX1278 (Ra-02),75.0,52,1787960102.5999,-125.0,-22.0,False,,NO_GATEWAY,True
2053,GATEWAY_FAILURE,CONTROLLED_SOFTWARE_INJECTION,CSS-LoRa SX1278 (Ra-02),75.0,53,1787960102.6499,-125.0,-22.0,False,,NO_GATEWAY,True
2054,GATEWAY_FAILURE,CONTROLLED_SOFTWARE_INJECTION,CSS-LoRa SX1278 (Ra-02),75.0,54,1787960102.6999,-125.0,-22.0,False,,NO_GATEWAY,True
2055,GATEWAY_FAILURE,CONTROLLED_SOFTWARE_INJECTION,CSS-LoRa SX1278 (Ra-02),75.0,55,1787960102.7499,-125.0,-22.0,False,,NO_GATEWAY,True
2056,GATEWAY_FAILURE,CONTROLLED_SOFTWARE_INJECTION,CSS-LoRa SX1278 (Ra-02),75.0,56,1787960102.7999,-125.0,-22.0,False,,NO_GATEWAY,True
2057,GATEWAY_FAILURE,CONTROLLED_SOFTWARE_INJECTION,CSS-LoRa SX1278 (Ra-02),75.0,57,1787960102.8499,-125.0,-22.0,False,,NO_GATEWAY,True
2058,GATEWAY_FAILURE,CONTROLLED_SOFTWARE_INJECTION,CSS-LoRa SX1278 (Ra-02),75.0,58,1787960102.8999,-125.0,-22.0,False,,NO_GATEWAY,True
2059,GATEWAY_FAILURE,CONTROLLED_SOFTWARE_INJECTION,CSS-LoRa SX1278 (Ra-02),75.0,59,1787960102.9499,-125.0,-22.0,False,,NO_GATEWAY,True
2060,GATEWAY_FAILURE,CONTROLLED_SOFTWARE_INJECTION,CSS-LoRa SX1278 (Ra-02),75.0,60,1787960102.9999,-125.0,-22.0,False,,NO_GATEWAY,True
2061,GATEWAY_FAILURE,CONTROLLED_SOFTWARE_INJECTION,CSS-LoRa SX1278 (Ra-02),75.0,61,1787960103.0499,-125.0,-22.0,False,,NO_GATEWAY,True
2062,GATEWAY_FAILURE,CONTROLLED_SOFTWARE_INJECTION,CSS-LoRa SX1278 (Ra-02),75.0,62,1787960103.0999,-125.0,-22.0,False,,NO_GATEWAY,True
2063,GATEWAY_FAILURE,CONTROLLED_SOFTWARE_INJECTION,CSS-LoRa SX1278 (Ra-02),75.0,63,1787960103.1499,-125.0,-22.0,False,,NO_GATEWAY,True
2064,GATEWAY_FAILURE,CONTROLLED_SOFTWARE_INJECTION,CSS-LoRa SX1278 (Ra-02),75.0,64,1787960103.1999,-125.0,-22.0,False,,NO_GATEWAY,True
2065,GATEWAY_FAILURE,CONTROLLED_SOFTWARE_INJECTION,CSS-LoRa SX1278 (Ra-02),75.0,65,1787960103.2499,-125.0,-22.0,False,,NO_GATEWAY,True
2066,GATEWAY_FAILURE,CONTROLLED_SOFTWARE_INJECTION,CSS-LoRa SX1278 (Ra-02),75.0,66,1787960103.2999,-125.0,-22.0,False,,NO_GATEWAY,True
2067,GATEWAY_FAILURE,CONTROLLED_SOFTWARE_INJECTION,CSS-LoRa SX1278 (Ra-02),75.0,67,1787960103.3499,-125.0,-22.0,False,,NO_GATEWAY,True
2068,GATEWAY_FAILURE,CONTROLLED_SOFTWARE_INJECTION,CSS-LoRa SX1278 (Ra-02),75.0,68,1787960103.3999,-125.0,-22.0,False,,NO_GATEWAY,True
2069,GATEWAY_FAILURE,CONTROLLED_SOFTWARE_INJECTION,CSS-LoRa SX1278 (Ra-02),75.0,69,1787960103.4499,-125.0,-22.0,False,,NO_GATEWAY,True
2070,GATEWAY_FAILURE,CONTROLLED_SOFTWARE_INJECTION,CSS-LoRa SX1278 (Ra-02),75.0,70,1787960103.4999,-125.0,-22.0,False,,NO_GATEWAY,True
2071,GATEWAY_FAILURE,CONTROLLED_SOFTWARE_INJECTION,CSS-LoRa SX1278 (Ra-02),75.0,71,1787960103.5499,-125.0,-22.0,False,,NO_GATEWAY,True
2072,GATEWAY_FAILURE,CONTROLLED_SOFTWARE_INJECTION,CSS-LoRa SX1278 (Ra-02),75.0,72,1787960103.5999,-125.0,-22.0,False,,NO_GATEWAY,True
2073,GATEWAY_FAILURE,CONTROLLED_SOFTWARE_INJECTION,CSS-LoRa SX1278 (Ra-02),75.0,73,1787960103.6499,-125.0,-22.0,False,,NO_GATEWAY,True
2074,GATEWAY_FAILURE,CONTROLLED_SOFTWARE_INJECTION,CSS-LoRa SX1278 (Ra-02),75.0,74,1787960103.6999,-125.0,-22.0,False,,NO_GATEWAY,True
2075,GATEWAY_FAILURE,CONTROLLED_SOFTWARE_INJECTION,CSS-LoRa SX1278 (Ra-02),75.0,75,1787960103.7499,-125.0,-22.0,False,,NO_GATEWAY,True
2076,GATEWAY_FAILURE,CONTROLLED_SOFTWARE_INJECTION,CSS-LoRa SX1278 (Ra-02),75.0,76,1787960103.7999,-125.0,-22.0,False,,NO_GATEWAY,True
2077,GATEWAY_FAILURE,CONTROLLED_SOFTWARE_INJECTION,CSS-LoRa SX1278 (Ra-02),75.0,77,1787960103.8499,-125.0,-22.0,False,,NO_GATEWAY,True
2078,GATEWAY_FAILURE,CONTROLLED_SOFTWARE_INJECTION,CSS-LoRa SX1278 (Ra-02),75.0,78,1787960103.8999,-125.0,-22.0,False,,NO_GATEWAY,True
2079,GATEWAY_FAILURE,CONTROLLED_SOFTWARE_INJECTION,CSS-LoRa SX1278 (Ra-02),75.0,79,1787960103.9499,-125.0,-22.0,False,,NO_GATEWAY,True
2080,GATEWAY_FAILURE,CONTROLLED_SOFTWARE_INJECTION,CSS-LoRa SX1278 (Ra-02),75.0,80,1787960103.9999,-125.0,-22.0,False,,NO_GATEWAY,True
2081,GATEWAY_FAILURE,CONTROLLED_SOFTWARE_INJECTION,CSS-LoRa SX1278 (Ra-02),75.0,81,1787960104.0499,-125.0,-22.0,False,,NO_GATEWAY,True
2082,GATEWAY_FAILURE,CONTROLLED_SOFTWARE_INJECTION,CSS-LoRa SX1278 (Ra-02),75.0,82,1787960104.0999,-125.0,-22.0,False,,NO_GATEWAY,True
2083,GATEWAY_FAILURE,CONTROLLED_SOFTWARE_INJECTION,CSS-LoRa SX1278 (Ra-02),75.0,83,1787960104.1499,-125.0,-22.0,False,,NO_GATEWAY,True
2084,GATEWAY_FAILURE,CONTROLLED_SOFTWARE_INJECTION,CSS-LoRa SX1278 (Ra-02),75.0,84,1787960104.1999,-125.0,-22.0,False,,NO_GATEWAY,True
2085,GATEWAY_FAILURE,CONTROLLED_SOFTWARE_INJECTION,CSS-LoRa SX1278 (Ra-02),75.0,85,1787960104.2499,-125.0,-22.0,False,,NO_GATEWAY,True
2086,GATEWAY_FAILURE,CONTROLLED_SOFTWARE_INJECTION,CSS-LoRa SX1278 (Ra-02),75.0,86,1787960104.2999,-125.0,-22.0,False,,NO_GATEWAY,True
2087,GATEWAY_FAILURE,CONTROLLED_SOFTWARE_INJECTION,CSS-LoRa SX1278 (Ra-02),75.0,87,1787960104.3499,-125.0,-22.0,False,,NO_GATEWAY,True
2088,GATEWAY_FAILURE,CONTROLLED_SOFTWARE_INJECTION,CSS-LoRa SX1278 (Ra-02),75.0,88,1787960104.3999,-125.0,-22.0,False,,NO_GATEWAY,True
2089,GATEWAY_FAILURE,CONTROLLED_SOFTWARE_INJECTION,CSS-LoRa SX1278 (Ra-02),75.0,89,1787960104.4499,-125.0,-22.0,False,,NO_GATEWAY,True
2090,GATEWAY_FAILURE,CONTROLLED_SOFTWARE_INJECTION,CSS-LoRa SX1278 (Ra-02),75.0,90,1787960104.4999,-125.0,-22.0,False,,NO_GATEWAY,True
2091,GATEWAY_FAILURE,CONTROLLED_SOFTWARE_INJECTION,CSS-LoRa SX1278 (Ra-02),75.0,91,1787960104.5499,-125.0,-22.0,False,,NO_GATEWAY,True
2092,GATEWAY_FAILURE,CONTROLLED_SOFTWARE_INJECTION,CSS-LoRa SX1278 (Ra-02),75.0,92,1787960104.5999,-125.0,-22.0,False,,NO_GATEWAY,True
2093,GATEWAY_FAILURE,CONTROLLED_SOFTWARE_INJECTION,CSS-LoRa SX1278 (Ra-02),75.0,93,1787960104.6499,-125.0,-22.0,False,,NO_GATEWAY,True
2094,GATEWAY_FAILURE,CONTROLLED_SOFTWARE_INJECTION,CSS-LoRa SX1278 (Ra-02),75.0,94,1787960104.6999,-125.0,-22.0,False,,NO_GATEWAY,True
2095,GATEWAY_FAILURE,CONTROLLED_SOFTWARE_INJECTION,CSS-LoRa SX1278 (Ra-02),75.0,95,1787960104.7499,-125.0,-22.0,False,,NO_GATEWAY,True
2096,GATEWAY_FAILURE,CONTROLLED_SOFTWARE_INJECTION,CSS-LoRa SX1278 (Ra-02),75.0,96,1787960104.7999,-125.0,-22.0,False,,NO_GATEWAY,True
2097,GATEWAY_FAILURE,CONTROLLED_SOFTWARE_INJECTION,CSS-LoRa SX1278 (Ra-02),75.0,97,1787960104.8499,-125.0,-22.0,False,,NO_GATEWAY,True
2098,GATEWAY_FAILURE,CONTROLLED_SOFTWARE_INJECTION,CSS-LoRa SX1278 (Ra-02),75.0,98,1787960104.8999,-125.0,-22.0,False,,NO_GATEWAY,True
2099,GATEWAY_FAILURE,CONTROLLED_SOFTWARE_INJECTION,CSS-LoRa SX1278 (Ra-02),75.0,99,1787960104.9499,-125.0,-22.0,False,,NO_GATEWAY,True
2100,GATEWAY_FAILURE,CONTROLLED_SOFTWARE_INJECTION,CSS-LoRa SX1278 (Ra-02),75.0,100,1787960104.9999,-125.0,-22.0,False,,NO_GATEWAY,True
2101,GATEWAY_FAILURE,CONTROLLED_SOFTWARE_INJECTION,CSS-LoRa SX1278 (Ra-02),75.0,101,1787960105.0499,-125.0,-22.0,False,,NO_GATEWAY,True
2102,GATEWAY_FAILURE,CONTROLLED_SOFTWARE_INJECTION,CSS-LoRa SX1278 (Ra-02),75.0,102,1787960105.0999,-125.0,-22.0,False,,NO_GATEWAY,True
2103,GATEWAY_FAILURE,CONTROLLED_SOFTWARE_INJECTION,CSS-LoRa SX1278 (Ra-02),75.0,103,1787960105.1499,-125.0,-22.0,False,,NO_GATEWAY,True
2104,GATEWAY_FAILURE,CONTROLLED_SOFTWARE_INJECTION,CSS-LoRa SX1278 (Ra-02),75.0,104,1787960105.1999,-125.0,-22.0,False,,NO_GATEWAY,True
2105,GATEWAY_FAILURE,CONTROLLED_SOFTWARE_INJECTION,CSS-LoRa SX1278 (Ra-02),75.0,105,1787960105.2499,-125.0,-22.0,False,,NO_GATEWAY,True
2106,GATEWAY_FAILURE,CONTROLLED_SOFTWARE_INJECTION,CSS-LoRa SX1278 (Ra-02),75.0,106,1787960105.2999,-125.0,-22.0,False,,NO_GATEWAY,True
2107,GATEWAY_FAILURE,CONTROLLED_SOFTWARE_INJECTION,CSS-LoRa SX1278 (Ra-02),75.0,107,1787960105.3499,-125.0,-22.0,False,,NO_GATEWAY,True
2108,GATEWAY_FAILURE,CONTROLLED_SOFTWARE_INJECTION,CSS-LoRa SX1278 (Ra-02),75.0,108,1787960105.3999,-125.0,-22.0,False,,NO_GATEWAY,True
2109,GATEWAY_FAILURE,CONTROLLED_SOFTWARE_INJECTION,CSS-LoRa SX1278 (Ra-02),75.0,109,1787960105.4499,-125.0,-22.0,False,,NO_GATEWAY,True
2110,GATEWAY_FAILURE,CONTROLLED_SOFTWARE_INJECTION,CSS-LoRa SX1278 (Ra-02),75.0,110,1787960105.4999,-125.0,-22.0,False,,NO_GATEWAY,True
2111,GATEWAY_FAILURE,CONTROLLED_SOFTWARE_INJECTION,CSS-LoRa SX1278 (Ra-02),75.0,111,1787960105.5499,-125.0,-22.0,False,,NO_GATEWAY,True
2112,GATEWAY_FAILURE,CONTROLLED_SOFTWARE_INJECTION,CSS-LoRa SX1278 (Ra-02),75.0,112,1787960105.5999,-125.0,-22.0,False,,NO_GATEWAY,True
2113,GATEWAY_FAILURE,CONTROLLED_SOFTWARE_INJECTION,CSS-LoRa SX1278 (Ra-02),75.0,113,1787960105.6499,-125.0,-22.0,False,,NO_GATEWAY,True
2114,GATEWAY_FAILURE,CONTROLLED_SOFTWARE_INJECTION,CSS-LoRa SX1278 (Ra-02),75.0,114,1787960105.6999,-125.0,-22.0,False,,NO_GATEWAY,True
2115,GATEWAY_FAILURE,CONTROLLED_SOFTWARE_INJECTION,CSS-LoRa SX1278 (Ra-02),75.0,115,1787960105.7499,-125.0,-22.0,False,,NO_GATEWAY,True
2116,GATEWAY_FAILURE,CONTROLLED_SOFTWARE_INJECTION,CSS-LoRa SX1278 (Ra-02),75.0,116,1787960105.7999,-125.0,-22.0,False,,NO_GATEWAY,True
2117,GATEWAY_FAILURE,CONTROLLED_SOFTWARE_INJECTION,CSS-LoRa SX1278 (Ra-02),75.0,117,1787960105.8499,-125.0,-22.0,False,,NO_GATEWAY,True
2118,GATEWAY_FAILURE,CONTROLLED_SOFTWARE_INJECTION,CSS-LoRa SX1278 (Ra-02),75.0,118,1787960105.8999,-125.0,-22.0,False,,NO_GATEWAY,True
2119,GATEWAY_FAILURE,CONTROLLED_SOFTWARE_INJECTION,CSS-LoRa SX1278 (Ra-02),75.0,119,1787960105.9499,-125.0,-22.0,False,,NO_GATEWAY,True
2120,GATEWAY_FAILURE,CONTROLLED_SOFTWARE_INJECTION,CSS-LoRa SX1278 (Ra-02),75.0,120,1787960105.9999,-125.0,-22.0,False,,NO_GATEWAY,True
2121,GATEWAY_FAILURE,CONTROLLED_SOFTWARE_INJECTION,CSS-LoRa SX1278 (Ra-02),75.0,121,1787960106.0499,-125.0,-22.0,False,,NO_GATEWAY,True
2122,GATEWAY_FAILURE,CONTROLLED_SOFTWARE_INJECTION,CSS-LoRa SX1278 (Ra-02),75.0,122,1787960106.0999,-125.0,-22.0,False,,NO_GATEWAY,True
2123,GATEWAY_FAILURE,CONTROLLED_SOFTWARE_INJECTION,CSS-LoRa SX1278 (Ra-02),75.0,123,1787960106.1499,-125.0,-22.0,False,,NO_GATEWAY,True
2124,GATEWAY_FAILURE,CONTROLLED_SOFTWARE_INJECTION,CSS-LoRa SX1278 (Ra-02),75.0,124,1787960106.1999,-125.0,-22.0,False,,NO_GATEWAY,True
2125,GATEWAY_FAILURE,CONTROLLED_SOFTWARE_INJECTION,CSS-LoRa SX1278 (Ra-02),75.0,125,1787960106.2499,-125.0,-22.0,False,,NO_GATEWAY,True
2126,GATEWAY_FAILURE,CONTROLLED_SOFTWARE_INJECTION,CSS-LoRa SX1278 (Ra-02),75.0,126,1787960106.2999,-125.0,-22.0,False,,NO_GATEWAY,True
2127,GATEWAY_FAILURE,CONTROLLED_SOFTWARE_INJECTION,CSS-LoRa SX1278 (Ra-02),75.0,127,1787960106.3499,-125.0,-22.0,False,,NO_GATEWAY,True
2128,GATEWAY_FAILURE,CONTROLLED_SOFTWARE_INJECTION,CSS-LoRa SX1278 (Ra-02),75.0,128,1787960106.3999,-125.0,-22.0,False,,NO_GATEWAY,True
2129,GATEWAY_FAILURE,CONTROLLED_SOFTWARE_INJECTION,CSS-LoRa SX1278 (Ra-02),75.0,129,1787960106.4499,-125.0,-22.0,False,,NO_GATEWAY,True
2130,GATEWAY_FAILURE,CONTROLLED_SOFTWARE_INJECTION,CSS-LoRa SX1278 (Ra-02),75.0,130,1787960106.4999,-125.0,-22.0,False,,NO_GATEWAY,True
2131,GATEWAY_FAILURE,CONTROLLED_SOFTWARE_INJECTION,CSS-LoRa SX1278 (Ra-02),75.0,131,1787960106.5499,-125.0,-22.0,False,,NO_GATEWAY,True
2132,GATEWAY_FAILURE,CONTROLLED_SOFTWARE_INJECTION,CSS-LoRa SX1278 (Ra-02),75.0,132,1787960106.5999,-125.0,-22.0,False,,NO_GATEWAY,True
2133,GATEWAY_FAILURE,CONTROLLED_SOFTWARE_INJECTION,CSS-LoRa SX1278 (Ra-02),75.0,133,1787960106.6499,-125.0,-22.0,False,,NO_GATEWAY,True
2134,GATEWAY_FAILURE,CONTROLLED_SOFTWARE_INJECTION,CSS-LoRa SX1278 (Ra-02),75.0,134,1787960106.6999,-125.0,-22.0,False,,NO_GATEWAY,True
2135,GATEWAY_FAILURE,CONTROLLED_SOFTWARE_INJECTION,CSS-LoRa SX1278 (Ra-02),75.0,135,1787960106.7499,-125.0,-22.0,False,,NO_GATEWAY,True
2136,GATEWAY_FAILURE,CONTROLLED_SOFTWARE_INJECTION,CSS-LoRa SX1278 (Ra-02),75.0,136,1787960106.7999,-125.0,-22.0,False,,NO_GATEWAY,True
2137,GATEWAY_FAILURE,CONTROLLED_SOFTWARE_INJECTION,CSS-LoRa SX1278 (Ra-02),75.0,137,1787960106.8499,-125.0,-22.0,False,,NO_GATEWAY,True
2138,GATEWAY_FAILURE,CONTROLLED_SOFTWARE_INJECTION,CSS-LoRa SX1278 (Ra-02),75.0,138,1787960106.8999,-125.0,-22.0,False,,NO_GATEWAY,True
2139,GATEWAY_FAILURE,CONTROLLED_SOFTWARE_INJECTION,CSS-LoRa SX1278 (Ra-02),75.0,139,1787960106.9499,-125.0,-22.0,False,,NO_GATEWAY,True
2140,GATEWAY_FAILURE,CONTROLLED_SOFTWARE_INJECTION,CSS-LoRa SX1278 (Ra-02),75.0,140,1787960106.9999,-125.0,-22.0,False,,NO_GATEWAY,True
2141,GATEWAY_FAILURE,CONTROLLED_SOFTWARE_INJECTION,CSS-LoRa SX1278 (Ra-02),75.0,141,1787960107.0499,-125.0,-22.0,False,,NO_GATEWAY,True
2142,GATEWAY_FAILURE,CONTROLLED_SOFTWARE_INJECTION,CSS-LoRa SX1278 (Ra-02),75.0,142,1787960107.0999,-125.0,-22.0,False,,NO_GATEWAY,True
2143,GATEWAY_FAILURE,CONTROLLED_SOFTWARE_INJECTION,CSS-LoRa SX1278 (Ra-02),75.0,143,1787960107.1499,-125.0,-22.0,False,,NO_GATEWAY,True
2144,GATEWAY_FAILURE,CONTROLLED_SOFTWARE_INJECTION,CSS-LoRa SX1278 (Ra-02),75.0,144,1787960107.1999,-125.0,-22.0,False,,NO_GATEWAY,True
2145,GATEWAY_FAILURE,CONTROLLED_SOFTWARE_INJECTION,CSS-LoRa SX1278 (Ra-02),75.0,145,1787960107.2499,-125.0,-22.0,False,,NO_GATEWAY,True
2146,GATEWAY_FAILURE,CONTROLLED_SOFTWARE_INJECTION,CSS-LoRa SX1278 (Ra-02),75.0,146,1787960107.2999,-125.0,-22.0,False,,NO_GATEWAY,True
2147,GATEWAY_FAILURE,CONTROLLED_SOFTWARE_INJECTION,CSS-LoRa SX1278 (Ra-02),75.0,147,1787960107.3499,-125.0,-22.0,False,,NO_GATEWAY,True
2148,GATEWAY_FAILURE,CONTROLLED_SOFTWARE_INJECTION,CSS-LoRa SX1278 (Ra-02),75.0,148,1787960107.3999,-125.0,-22.0,False,,NO_GATEWAY,True
2149,GATEWAY_FAILURE,CONTROLLED_SOFTWARE_INJECTION,CSS-LoRa SX1278 (Ra-02),75.0,149,1787960107.4499,-125.0,-22.0,False,,NO_GATEWAY,True
2150,GATEWAY_FAILURE,CONTROLLED_SOFTWARE_INJECTION,CSS-LoRa SX1278 (Ra-02),75.0,150,1787960107.4999,-125.0,-22.0,False,,NO_GATEWAY,True
2151,GATEWAY_FAILURE,CONTROLLED_SOFTWARE_INJECTION,CSS-LoRa SX1278 (Ra-02),75.0,151,1787960107.5499,-125.0,-22.0,False,,NO_GATEWAY,True
2152,GATEWAY_FAILURE,CONTROLLED_SOFTWARE_INJECTION,CSS-LoRa SX1278 (Ra-02),75.0,152,1787960107.5999,-125.0,-22.0,False,,NO_GATEWAY,True
2153,GATEWAY_FAILURE,CONTROLLED_SOFTWARE_INJECTION,CSS-LoRa SX1278 (Ra-02),75.0,153,1787960107.6499,-125.0,-22.0,False,,NO_GATEWAY,True
2154,GATEWAY_FAILURE,CONTROLLED_SOFTWARE_INJECTION,CSS-LoRa SX1278 (Ra-02),75.0,154,1787960107.6999,-125.0,-22.0,False,,NO_GATEWAY,True
2155,GATEWAY_FAILURE,CONTROLLED_SOFTWARE_INJECTION,CSS-LoRa SX1278 (Ra-02),75.0,155,1787960107.7499,-125.0,-22.0,False,,NO_GATEWAY,True
2156,GATEWAY_FAILURE,CONTROLLED_SOFTWARE_INJECTION,CSS-LoRa SX1278 (Ra-02),75.0,156,1787960107.7999,-125.0,-22.0,False,,NO_GATEWAY,True
2157,GATEWAY_FAILURE,CONTROLLED_SOFTWARE_INJECTION,CSS-LoRa SX1278 (Ra-02),75.0,157,1787960107.8499,-125.0,-22.0,False,,NO_GATEWAY,True
2158,GATEWAY_FAILURE,CONTROLLED_SOFTWARE_INJECTION,CSS-LoRa SX1278 (Ra-02),75.0,158,1787960107.8999,-125.0,-22.0,False,,NO_GATEWAY,True
2159,GATEWAY_FAILURE,CONTROLLED_SOFTWARE_INJECTION,CSS-LoRa SX1278 (Ra-02),75.0,159,1787960107.9499,-125.0,-22.0,False,,NO_GATEWAY,True
2160,GATEWAY_FAILURE,CONTROLLED_SOFTWARE_INJECTION,CSS-LoRa SX1278 (Ra-02),75.0,160,1787960107.9999,-125.0,-22.0,False,,NO_GATEWAY,True
2161,GATEWAY_FAILURE,CONTROLLED_SOFTWARE_INJECTION,CSS-LoRa SX1278 (Ra-02),75.0,161,1787960108.0499,-125.0,-22.0,False,,NO_GATEWAY,True
2162,GATEWAY_FAILURE,CONTROLLED_SOFTWARE_INJECTION,CSS-LoRa SX1278 (Ra-02),75.0,162,1787960108.0999,-125.0,-22.0,False,,NO_GATEWAY,True
2163,GATEWAY_FAILURE,CONTROLLED_SOFTWARE_INJECTION,CSS-LoRa SX1278 (Ra-02),75.0,163,1787960108.1499,-125.0,-22.0,False,,NO_GATEWAY,True
2164,GATEWAY_FAILURE,CONTROLLED_SOFTWARE_INJECTION,CSS-LoRa SX1278 (Ra-02),75.0,164,1787960108.1999,-125.0,-22.0,False,,NO_GATEWAY,True
2165,GATEWAY_FAILURE,CONTROLLED_SOFTWARE_INJECTION,CSS-LoRa SX1278 (Ra-02),75.0,165,1787960108.2499,-125.0,-22.0,False,,NO_GATEWAY,True
2166,GATEWAY_FAILURE,CONTROLLED_SOFTWARE_INJECTION,CSS-LoRa SX1278 (Ra-02),75.0,166,1787960108.2999,-125.0,-22.0,False,,NO_GATEWAY,True
2167,GATEWAY_FAILURE,CONTROLLED_SOFTWARE_INJECTION,CSS-LoRa SX1278 (Ra-02),75.0,167,1787960108.3499,-125.0,-22.0,False,,NO_GATEWAY,True
2168,GATEWAY_FAILURE,CONTROLLED_SOFTWARE_INJECTION,CSS-LoRa SX1278 (Ra-02),75.0,168,1787960108.3999,-125.0,-22.0,False,,NO_GATEWAY,True
2169,GATEWAY_FAILURE,CONTROLLED_SOFTWARE_INJECTION,CSS-LoRa SX1278 (Ra-02),75.0,169,1787960108.4499,-125.0,-22.0,False,,NO_GATEWAY,True
2170,GATEWAY_FAILURE,CONTROLLED_SOFTWARE_INJECTION,CSS-LoRa SX1278 (Ra-02),75.0,170,1787960108.4999,-125.0,-22.0,False,,NO_GATEWAY,True
2171,GATEWAY_FAILURE,CONTROLLED_SOFTWARE_INJECTION,CSS-LoRa SX1278 (Ra-02),75.0,171,1787960108.5499,-125.0,-22.0,False,,NO_GATEWAY,True
2172,GATEWAY_FAILURE,CONTROLLED_SOFTWARE_INJECTION,CSS-LoRa SX1278 (Ra-02),75.0,172,1787960108.5999,-125.0,-22.0,False,,NO_GATEWAY,True
2173,GATEWAY_FAILURE,CONTROLLED_SOFTWARE_INJECTION,CSS-LoRa SX1278 (Ra-02),75.0,173,1787960108.6499,-125.0,-22.0,False,,NO_GATEWAY,True
2174,GATEWAY_FAILURE,CONTROLLED_SOFTWARE_INJECTION,CSS-LoRa SX1278 (Ra-02),75.0,174,1787960108.6999,-125.0,-22.0,False,,NO_GATEWAY,True
2175,GATEWAY_FAILURE,CONTROLLED_SOFTWARE_INJECTION,CSS-LoRa SX1278 (Ra-02),75.0,175,1787960108.7499,-125.0,-22.0,False,,NO_GATEWAY,True
2176,GATEWAY_FAILURE,CONTROLLED_SOFTWARE_INJECTION,CSS-LoRa SX1278 (Ra-02),75.0,176,1787960108.7999,-125.0,-22.0,False,,NO_GATEWAY,True
2177,GATEWAY_FAILURE,CONTROLLED_SOFTWARE_INJECTION,CSS-LoRa SX1278 (Ra-02),75.0,177,1787960108.8499,-125.0,-22.0,False,,NO_GATEWAY,True
2178,GATEWAY_FAILURE,CONTROLLED_SOFTWARE_INJECTION,CSS-LoRa SX1278 (Ra-02),75.0,178,1787960108.8999,-125.0,-22.0,False,,NO_GATEWAY,True
2179,GATEWAY_FAILURE,CONTROLLED_SOFTWARE_INJECTION,CSS-LoRa SX1278 (Ra-02),75.0,179,1787960108.9499,-125.0,-22.0,False,,NO_GATEWAY,True
2180,GATEWAY_FAILURE,CONTROLLED_SOFTWARE_INJECTION,CSS-LoRa SX1278 (Ra-02),75.0,180,1787960108.9999,-125.0,-22.0,False,,NO_GATEWAY,True
2181,GATEWAY_FAILURE,CONTROLLED_SOFTWARE_INJECTION,CSS-LoRa SX1278 (Ra-02),75.0,181,1787960109.0499,-125.0,-22.0,False,,NO_GATEWAY,True
2182,GATEWAY_FAILURE,CONTROLLED_SOFTWARE_INJECTION,CSS-LoRa SX1278 (Ra-02),75.0,182,1787960109.0999,-125.0,-22.0,False,,NO_GATEWAY,True
2183,GATEWAY_FAILURE,CONTROLLED_SOFTWARE_INJECTION,CSS-LoRa SX1278 (Ra-02),75.0,183,1787960109.1499,-125.0,-22.0,False,,NO_GATEWAY,True
2184,GATEWAY_FAILURE,CONTROLLED_SOFTWARE_INJECTION,CSS-LoRa SX1278 (Ra-02),75.0,184,1787960109.1999,-125.0,-22.0,False,,NO_GATEWAY,True
2185,GATEWAY_FAILURE,CONTROLLED_SOFTWARE_INJECTION,CSS-LoRa SX1278 (Ra-02),75.0,185,1787960109.2499,-125.0,-22.0,False,,NO_GATEWAY,True
2186,GATEWAY_FAILURE,CONTROLLED_SOFTWARE_INJECTION,CSS-LoRa SX1278 (Ra-02),75.0,186,1787960109.2999,-125.0,-22.0,False,,NO_GATEWAY,True
2187,GATEWAY_FAILURE,CONTROLLED_SOFTWARE_INJECTION,CSS-LoRa SX1278 (Ra-02),75.0,187,1787960109.3499,-125.0,-22.0,False,,NO_GATEWAY,True
2188,GATEWAY_FAILURE,CONTROLLED_SOFTWARE_INJECTION,CSS-LoRa SX1278 (Ra-02),75.0,188,1787960109.3999,-125.0,-22.0,False,,NO_GATEWAY,True
2189,GATEWAY_FAILURE,CONTROLLED_SOFTWARE_INJECTION,CSS-LoRa SX1278 (Ra-02),75.0,189,1787960109.4499,-125.0,-22.0,False,,NO_GATEWAY,True
2190,GATEWAY_FAILURE,CONTROLLED_SOFTWARE_INJECTION,CSS-LoRa SX1278 (Ra-02),75.0,190,1787960109.4999,-125.0,-22.0,False,,NO_GATEWAY,True
2191,GATEWAY_FAILURE,CONTROLLED_SOFTWARE_INJECTION,CSS-LoRa SX1278 (Ra-02),75.0,191,1787960109.5499,-125.0,-22.0,False,,NO_GATEWAY,True
2192,GATEWAY_FAILURE,CONTROLLED_SOFTWARE_INJECTION,CSS-LoRa SX1278 (Ra-02),75.0,192,1787960109.5999,-125.0,-22.0,False,,NO_GATEWAY,True
2193,GATEWAY_FAILURE,CONTROLLED_SOFTWARE_INJECTION,CSS-LoRa SX1278 (Ra-02),75.0,193,1787960109.6499,-125.0,-22.0,False,,NO_GATEWAY,True
2194,GATEWAY_FAILURE,CONTROLLED_SOFTWARE_INJECTION,CSS-LoRa SX1278 (Ra-02),75.0,194,1787960109.6999,-125.0,-22.0,False,,NO_GATEWAY,True
2195,GATEWAY_FAILURE,CONTROLLED_SOFTWARE_INJECTION,CSS-LoRa SX1278 (Ra-02),75.0,195,1787960109.7499,-125.0,-22.0,False,,NO_GATEWAY,True
2196,GATEWAY_FAILURE,CONTROLLED_SOFTWARE_INJECTION,CSS-LoRa SX1278 (Ra-02),75.0,196,1787960109.7999,-125.0,-22.0,False,,NO_GATEWAY,True
2197,GATEWAY_FAILURE,CONTROLLED_SOFTWARE_INJECTION,CSS-LoRa SX1278 (Ra-02),75.0,197,1787960109.8499,-125.0,-22.0,False,,NO_GATEWAY,True
2198,GATEWAY_FAILURE,CONTROLLED_SOFTWARE_INJECTION,CSS-LoRa SX1278 (Ra-02),75.0,198,1787960109.8999,-125.0,-22.0,False,,NO_GATEWAY,True
2199,GATEWAY_FAILURE,CONTROLLED_SOFTWARE_INJECTION,CSS-LoRa SX1278 (Ra-02),75.0,199,1787960109.9499,-125.0,-22.0,False,,NO_GATEWAY,True
2200,GATEWAY_FAILURE,CONTROLLED_SOFTWARE_INJECTION,CSS-LoRa SX1278 (Ra-02),75.0,200,1787960109.9999,-125.0,-22.0,False,,NO_GATEWAY,True
2201,GATEWAY_FAILURE,CONTROLLED_SOFTWARE_INJECTION,CSS-LoRa SX1278 (Ra-02),75.0,201,1787960110.0499,-125.0,-22.0,False,,NO_GATEWAY,True
2202,GATEWAY_FAILURE,CONTROLLED_SOFTWARE_INJECTION,CSS-LoRa SX1278 (Ra-02),75.0,202,1787960110.0999,-125.0,-22.0,False,,NO_GATEWAY,True
2203,GATEWAY_FAILURE,CONTROLLED_SOFTWARE_INJECTION,CSS-LoRa SX1278 (Ra-02),75.0,203,1787960110.1499,-125.0,-22.0,False,,NO_GATEWAY,True
2204,GATEWAY_FAILURE,CONTROLLED_SOFTWARE_INJECTION,CSS-LoRa SX1278 (Ra-02),75.0,204,1787960110.1999,-125.0,-22.0,False,,NO_GATEWAY,True
2205,GATEWAY_FAILURE,CONTROLLED_SOFTWARE_INJECTION,CSS-LoRa SX1278 (Ra-02),75.0,205,1787960110.2499,-125.0,-22.0,False,,NO_GATEWAY,True
2206,GATEWAY_FAILURE,CONTROLLED_SOFTWARE_INJECTION,CSS-LoRa SX1278 (Ra-02),75.0,206,1787960110.2999,-125.0,-22.0,False,,NO_GATEWAY,True
2207,GATEWAY_FAILURE,CONTROLLED_SOFTWARE_INJECTION,CSS-LoRa SX1278 (Ra-02),75.0,207,1787960110.3499,-125.0,-22.0,False,,NO_GATEWAY,True
2208,GATEWAY_FAILURE,CONTROLLED_SOFTWARE_INJECTION,CSS-LoRa SX1278 (Ra-02),75.0,208,1787960110.3999,-125.0,-22.0,False,,NO_GATEWAY,True
2209,GATEWAY_FAILURE,CONTROLLED_SOFTWARE_INJECTION,CSS-LoRa SX1278 (Ra-02),75.0,209,1787960110.4499,-125.0,-22.0,False,,NO_GATEWAY,True
2210,GATEWAY_FAILURE,CONTROLLED_SOFTWARE_INJECTION,CSS-LoRa SX1278 (Ra-02),75.0,210,1787960110.4999,-125.0,-22.0,False,,NO_GATEWAY,True
2211,GATEWAY_FAILURE,CONTROLLED_SOFTWARE_INJECTION,CSS-LoRa SX1278 (Ra-02),75.0,211,1787960110.5499,-125.0,-22.0,False,,NO_GATEWAY,True
2212,GATEWAY_FAILURE,CONTROLLED_SOFTWARE_INJECTION,CSS-LoRa SX1278 (Ra-02),75.0,212,1787960110.5999,-125.0,-22.0,False,,NO_GATEWAY,True
2213,GATEWAY_FAILURE,CONTROLLED_SOFTWARE_INJECTION,CSS-LoRa SX1278 (Ra-02),75.0,213,1787960110.6499,-125.0,-22.0,False,,NO_GATEWAY,True
2214,GATEWAY_FAILURE,CONTROLLED_SOFTWARE_INJECTION,CSS-LoRa SX1278 (Ra-02),75.0,214,1787960110.6999,-125.0,-22.0,False,,NO_GATEWAY,True
2215,GATEWAY_FAILURE,CONTROLLED_SOFTWARE_INJECTION,CSS-LoRa SX1278 (Ra-02),75.0,215,1787960110.7499,-125.0,-22.0,False,,NO_GATEWAY,True
2216,GATEWAY_FAILURE,CONTROLLED_SOFTWARE_INJECTION,CSS-LoRa SX1278 (Ra-02),75.0,216,1787960110.7999,-125.0,-22.0,False,,NO_GATEWAY,True
2217,GATEWAY_FAILURE,CONTROLLED_SOFTWARE_INJECTION,CSS-LoRa SX1278 (Ra-02),75.0,217,1787960110.8499,-125.0,-22.0,False,,NO_GATEWAY,True
2218,GATEWAY_FAILURE,CONTROLLED_SOFTWARE_INJECTION,CSS-LoRa SX1278 (Ra-02),75.0,218,1787960110.8999,-125.0,-22.0,False,,NO_GATEWAY,True
2219,GATEWAY_FAILURE,CONTROLLED_SOFTWARE_INJECTION,CSS-LoRa SX1278 (Ra-02),75.0,219,1787960110.9499,-125.0,-22.0,False,,NO_GATEWAY,True
2220,GATEWAY_FAILURE,CONTROLLED_SOFTWARE_INJECTION,CSS-LoRa SX1278 (Ra-02),75.0,220,1787960110.9999,-125.0,-22.0,False,,NO_GATEWAY,True
2221,GATEWAY_FAILURE,CONTROLLED_SOFTWARE_INJECTION,CSS-LoRa SX1278 (Ra-02),75.0,221,1787960111.0499,-125.0,-22.0,False,,NO_GATEWAY,True
2222,GATEWAY_FAILURE,CONTROLLED_SOFTWARE_INJECTION,CSS-LoRa SX1278 (Ra-02),75.0,222,1787960111.0999,-125.0,-22.0,False,,NO_GATEWAY,True
2223,GATEWAY_FAILURE,CONTROLLED_SOFTWARE_INJECTION,CSS-LoRa SX1278 (Ra-02),75.0,223,1787960111.1499,-125.0,-22.0,False,,NO_GATEWAY,True
2224,GATEWAY_FAILURE,CONTROLLED_SOFTWARE_INJECTION,CSS-LoRa SX1278 (Ra-02),75.0,224,1787960111.1999,-125.0,-22.0,False,,NO_GATEWAY,True
2225,GATEWAY_FAILURE,CONTROLLED_SOFTWARE_INJECTION,CSS-LoRa SX1278 (Ra-02),75.0,225,1787960111.2499,-125.0,-22.0,False,,NO_GATEWAY,True
2226,GATEWAY_FAILURE,CONTROLLED_SOFTWARE_INJECTION,CSS-LoRa SX1278 (Ra-02),75.0,226,1787960111.2999,-125.0,-22.0,False,,NO_GATEWAY,True
2227,GATEWAY_FAILURE,CONTROLLED_SOFTWARE_INJECTION,CSS-LoRa SX1278 (Ra-02),75.0,227,1787960111.3499,-125.0,-22.0,False,,NO_GATEWAY,True
2228,GATEWAY_FAILURE,CONTROLLED_SOFTWARE_INJECTION,CSS-LoRa SX1278 (Ra-02),75.0,228,1787960111.3999,-125.0,-22.0,False,,NO_GATEWAY,True
2229,GATEWAY_FAILURE,CONTROLLED_SOFTWARE_INJECTION,CSS-LoRa SX1278 (Ra-02),75.0,229,1787960111.4499,-125.0,-22.0,False,,NO_GATEWAY,True
2230,GATEWAY_FAILURE,CONTROLLED_SOFTWARE_INJECTION,CSS-LoRa SX1278 (Ra-02),75.0,230,1787960111.4999,-125.0,-22.0,False,,NO_GATEWAY,True
2231,GATEWAY_FAILURE,CONTROLLED_SOFTWARE_INJECTION,CSS-LoRa SX1278 (Ra-02),75.0,231,1787960111.5499,-125.0,-22.0,False,,NO_GATEWAY,True
2232,GATEWAY_FAILURE,CONTROLLED_SOFTWARE_INJECTION,CSS-LoRa SX1278 (Ra-02),75.0,232,1787960111.5999,-125.0,-22.0,False,,NO_GATEWAY,True
2233,GATEWAY_FAILURE,CONTROLLED_SOFTWARE_INJECTION,CSS-LoRa SX1278 (Ra-02),75.0,233,1787960111.6499,-125.0,-22.0,False,,NO_GATEWAY,True
2234,GATEWAY_FAILURE,CONTROLLED_SOFTWARE_INJECTION,CSS-LoRa SX1278 (Ra-02),75.0,234,1787960111.6999,-125.0,-22.0,False,,NO_GATEWAY,True
2235,GATEWAY_FAILURE,CONTROLLED_SOFTWARE_INJECTION,CSS-LoRa SX1278 (Ra-02),75.0,235,1787960111.7499,-125.0,-22.0,False,,NO_GATEWAY,True
2236,GATEWAY_FAILURE,CONTROLLED_SOFTWARE_INJECTION,CSS-LoRa SX1278 (Ra-02),75.0,236,1787960111.7999,-125.0,-22.0,False,,NO_GATEWAY,True
2237,GATEWAY_FAILURE,CONTROLLED_SOFTWARE_INJECTION,CSS-LoRa SX1278 (Ra-02),75.0,237,1787960111.8499,-125.0,-22.0,False,,NO_GATEWAY,True
2238,GATEWAY_FAILURE,CONTROLLED_SOFTWARE_INJECTION,CSS-LoRa SX1278 (Ra-02),75.0,238,1787960111.8999,-125.0,-22.0,False,,NO_GATEWAY,True
2239,GATEWAY_FAILURE,CONTROLLED_SOFTWARE_INJECTION,CSS-LoRa SX1278 (Ra-02),75.0,239,1787960111.9499,-125.0,-22.0,False,,NO_GATEWAY,True
2240,GATEWAY_FAILURE,CONTROLLED_SOFTWARE_INJECTION,CSS-LoRa SX1278 (Ra-02),75.0,240,1787960111.9999,-125.0,-22.0,False,,NO_GATEWAY,True
2241,GATEWAY_FAILURE,CONTROLLED_SOFTWARE_INJECTION,CSS-LoRa SX1278 (Ra-02),75.0,241,1787960112.0499,-125.0,-22.0,False,,NO_GATEWAY,True
2242,GATEWAY_FAILURE,CONTROLLED_SOFTWARE_INJECTION,CSS-LoRa SX1278 (Ra-02),75.0,242,1787960112.0999,-125.0,-22.0,False,,NO_GATEWAY,True
2243,GATEWAY_FAILURE,CONTROLLED_SOFTWARE_INJECTION,CSS-LoRa SX1278 (Ra-02),75.0,243,1787960112.1499,-125.0,-22.0,False,,NO_GATEWAY,True
2244,GATEWAY_FAILURE,CONTROLLED_SOFTWARE_INJECTION,CSS-LoRa SX1278 (Ra-02),75.0,244,1787960112.1999,-125.0,-22.0,False,,NO_GATEWAY,True
2245,GATEWAY_FAILURE,CONTROLLED_SOFTWARE_INJECTION,CSS-LoRa SX1278 (Ra-02),75.0,245,1787960112.2499,-125.0,-22.0,False,,NO_GATEWAY,True
2246,GATEWAY_FAILURE,CONTROLLED_SOFTWARE_INJECTION,CSS-LoRa SX1278 (Ra-02),75.0,246,1787960112.2999,-125.0,-22.0,False,,NO_GATEWAY,True
2247,GATEWAY_FAILURE,CONTROLLED_SOFTWARE_INJECTION,CSS-LoRa SX1278 (Ra-02),75.0,247,1787960112.3499,-125.0,-22.0,False,,NO_GATEWAY,True
2248,GATEWAY_FAILURE,CONTROLLED_SOFTWARE_INJECTION,CSS-LoRa SX1278 (Ra-02),75.0,248,1787960112.3999,-125.0,-22.0,False,,NO_GATEWAY,True
2249,GATEWAY_FAILURE,CONTROLLED_SOFTWARE_INJECTION,CSS-LoRa SX1278 (Ra-02),75.0,249,1787960112.4499,-125.0,-22.0,False,,NO_GATEWAY,True
2250,GATEWAY_FAILURE,CONTROLLED_SOFTWARE_INJECTION,CSS-LoRa SX1278 (Ra-02),75.0,250,1787960112.4999,-125.0,-22.0,False,,NO_GATEWAY,True
2251,GATEWAY_FAILURE,CONTROLLED_SOFTWARE_INJECTION,CSS-LoRa SX1278 (Ra-02),75.0,251,1787960112.5499,-125.0,-22.0,False,,NO_GATEWAY,True
2252,GATEWAY_FAILURE,CONTROLLED_SOFTWARE_INJECTION,CSS-LoRa SX1278 (Ra-02),75.0,252,1787960112.5999,-125.0,-22.0,False,,NO_GATEWAY,True
2253,GATEWAY_FAILURE,CONTROLLED_SOFTWARE_INJECTION,CSS-LoRa SX1278 (Ra-02),75.0,253,1787960112.6499,-125.0,-22.0,False,,NO_GATEWAY,True
2254,GATEWAY_FAILURE,CONTROLLED_SOFTWARE_INJECTION,CSS-LoRa SX1278 (Ra-02),75.0,254,1787960112.6999,-125.0,-22.0,False,,NO_GATEWAY,True
2255,GATEWAY_FAILURE,CONTROLLED_SOFTWARE_INJECTION,CSS-LoRa SX1278 (Ra-02),75.0,255,1787960112.7499,-125.0,-22.0,False,,NO_GATEWAY,True
2256,GATEWAY_FAILURE,CONTROLLED_SOFTWARE_INJECTION,CSS-LoRa SX1278 (Ra-02),75.0,256,1787960112.7999,-125.0,-22.0,False,,NO_GATEWAY,True
2257,GATEWAY_FAILURE,CONTROLLED_SOFTWARE_INJECTION,CSS-LoRa SX1278 (Ra-02),75.0,257,1787960112.8499,-125.0,-22.0,False,,NO_GATEWAY,True
2258,GATEWAY_FAILURE,CONTROLLED_SOFTWARE_INJECTION,CSS-LoRa SX1278 (Ra-02),75.0,258,1787960112.8999,-125.0,-22.0,False,,NO_GATEWAY,True
2259,GATEWAY_FAILURE,CONTROLLED_SOFTWARE_INJECTION,CSS-LoRa SX1278 (Ra-02),75.0,259,1787960112.9499,-125.0,-22.0,False,,NO_GATEWAY,True
2260,GATEWAY_FAILURE,CONTROLLED_SOFTWARE_INJECTION,CSS-LoRa SX1278 (Ra-02),75.0,260,1787960112.9999,-125.0,-22.0,False,,NO_GATEWAY,True
2261,GATEWAY_FAILURE,CONTROLLED_SOFTWARE_INJECTION,CSS-LoRa SX1278 (Ra-02),75.0,261,1787960113.0499,-125.0,-22.0,False,,NO_GATEWAY,True
2262,GATEWAY_FAILURE,CONTROLLED_SOFTWARE_INJECTION,CSS-LoRa SX1278 (Ra-02),75.0,262,1787960113.0999,-125.0,-22.0,False,,NO_GATEWAY,True
2263,GATEWAY_FAILURE,CONTROLLED_SOFTWARE_INJECTION,CSS-LoRa SX1278 (Ra-02),75.0,263,1787960113.1499,-125.0,-22.0,False,,NO_GATEWAY,True
2264,GATEWAY_FAILURE,CONTROLLED_SOFTWARE_INJECTION,CSS-LoRa SX1278 (Ra-02),75.0,264,1787960113.1999,-125.0,-22.0,False,,NO_GATEWAY,True
2265,GATEWAY_FAILURE,CONTROLLED_SOFTWARE_INJECTION,CSS-LoRa SX1278 (Ra-02),75.0,265,1787960113.2499,-125.0,-22.0,False,,NO_GATEWAY,True
2266,GATEWAY_FAILURE,CONTROLLED_SOFTWARE_INJECTION,CSS-LoRa SX1278 (Ra-02),75.0,266,1787960113.2999,-125.0,-22.0,False,,NO_GATEWAY,True
2267,GATEWAY_FAILURE,CONTROLLED_SOFTWARE_INJECTION,CSS-LoRa SX1278 (Ra-02),75.0,267,1787960113.3499,-125.0,-22.0,False,,NO_GATEWAY,True
2268,GATEWAY_FAILURE,CONTROLLED_SOFTWARE_INJECTION,CSS-LoRa SX1278 (Ra-02),75.0,268,1787960113.3999,-125.0,-22.0,False,,NO_GATEWAY,True
2269,GATEWAY_FAILURE,CONTROLLED_SOFTWARE_INJECTION,CSS-LoRa SX1278 (Ra-02),75.0,269,1787960113.4499,-125.0,-22.0,False,,NO_GATEWAY,True
2270,GATEWAY_FAILURE,CONTROLLED_SOFTWARE_INJECTION,CSS-LoRa SX1278 (Ra-02),75.0,270,1787960113.4999,-125.0,-22.0,False,,NO_GATEWAY,True
2271,GATEWAY_FAILURE,CONTROLLED_SOFTWARE_INJECTION,CSS-LoRa SX1278 (Ra-02),75.0,271,1787960113.5499,-125.0,-22.0,False,,NO_GATEWAY,True
2272,GATEWAY_FAILURE,CONTROLLED_SOFTWARE_INJECTION,CSS-LoRa SX1278 (Ra-02),75.0,272,1787960113.5999,-125.0,-22.0,False,,NO_GATEWAY,True
2273,GATEWAY_FAILURE,CONTROLLED_SOFTWARE_INJECTION,CSS-LoRa SX1278 (Ra-02),75.0,273,1787960113.6499,-125.0,-22.0,False,,NO_GATEWAY,True
2274,GATEWAY_FAILURE,CONTROLLED_SOFTWARE_INJECTION,CSS-LoRa SX1278 (Ra-02),75.0,274,1787960113.6999,-125.0,-22.0,False,,NO_GATEWAY,True
2275,GATEWAY_FAILURE,CONTROLLED_SOFTWARE_INJECTION,CSS-LoRa SX1278 (Ra-02),75.0,275,1787960113.7499,-125.0,-22.0,False,,NO_GATEWAY,True
2276,GATEWAY_FAILURE,CONTROLLED_SOFTWARE_INJECTION,CSS-LoRa SX1278 (Ra-02),75.0,276,1787960113.7999,-125.0,-22.0,False,,NO_GATEWAY,True
2277,GATEWAY_FAILURE,CONTROLLED_SOFTWARE_INJECTION,CSS-LoRa SX1278 (Ra-02),75.0,277,1787960113.8499,-125.0,-22.0,False,,NO_GATEWAY,True
2278,GATEWAY_FAILURE,CONTROLLED_SOFTWARE_INJECTION,CSS-LoRa SX1278 (Ra-02),75.0,278,1787960113.8999,-125.0,-22.0,False,,NO_GATEWAY,True
2279,GATEWAY_FAILURE,CONTROLLED_SOFTWARE_INJECTION,CSS-LoRa SX1278 (Ra-02),75.0,279,1787960113.9499,-125.0,-22.0,False,,NO_GATEWAY,True
2280,GATEWAY_FAILURE,CONTROLLED_SOFTWARE_INJECTION,CSS-LoRa SX1278 (Ra-02),75.0,280,1787960113.9999,-125.0,-22.0,False,,NO_GATEWAY,True
2281,GATEWAY_FAILURE,CONTROLLED_SOFTWARE_INJECTION,CSS-LoRa SX1278 (Ra-02),75.0,281,1787960114.0499,-125.0,-22.0,False,,NO_GATEWAY,True
2282,GATEWAY_FAILURE,CONTROLLED_SOFTWARE_INJECTION,CSS-LoRa SX1278 (Ra-02),75.0,282,1787960114.0999,-125.0,-22.0,False,,NO_GATEWAY,True
2283,GATEWAY_FAILURE,CONTROLLED_SOFTWARE_INJECTION,CSS-LoRa SX1278 (Ra-02),75.0,283,1787960114.1499,-125.0,-22.0,False,,NO_GATEWAY,True
2284,GATEWAY_FAILURE,CONTROLLED_SOFTWARE_INJECTION,CSS-LoRa SX1278 (Ra-02),75.0,284,1787960114.1999,-125.0,-22.0,False,,NO_GATEWAY,True
2285,GATEWAY_FAILURE,CONTROLLED_SOFTWARE_INJECTION,CSS-LoRa SX1278 (Ra-02),75.0,285,1787960114.2499,-125.0,-22.0,False,,NO_GATEWAY,True
2286,GATEWAY_FAILURE,CONTROLLED_SOFTWARE_INJECTION,CSS-LoRa SX1278 (Ra-02),75.0,286,1787960114.2999,-125.0,-22.0,False,,NO_GATEWAY,True
2287,GATEWAY_FAILURE,CONTROLLED_SOFTWARE_INJECTION,CSS-LoRa SX1278 (Ra-02),75.0,287,1787960114.3499,-125.0,-22.0,False,,NO_GATEWAY,True
2288,GATEWAY_FAILURE,CONTROLLED_SOFTWARE_INJECTION,CSS-LoRa SX1278 (Ra-02),75.0,288,1787960114.3999,-125.0,-22.0,False,,NO_GATEWAY,True
2289,GATEWAY_FAILURE,CONTROLLED_SOFTWARE_INJECTION,CSS-LoRa SX1278 (Ra-02),75.0,289,1787960114.4499,-125.0,-22.0,False,,NO_GATEWAY,True
2290,GATEWAY_FAILURE,CONTROLLED_SOFTWARE_INJECTION,CSS-LoRa SX1278 (Ra-02),75.0,290,1787960114.4999,-125.0,-22.0,False,,NO_GATEWAY,True
2291,GATEWAY_FAILURE,CONTROLLED_SOFTWARE_INJECTION,CSS-LoRa SX1278 (Ra-02),75.0,291,1787960114.5499,-125.0,-22.0,False,,NO_GATEWAY,True
2292,GATEWAY_FAILURE,CONTROLLED_SOFTWARE_INJECTION,CSS-LoRa SX1278 (Ra-02),75.0,292,1787960114.5999,-125.0,-22.0,False,,NO_GATEWAY,True
2293,GATEWAY_FAILURE,CONTROLLED_SOFTWARE_INJECTION,CSS-LoRa SX1278 (Ra-02),75.0,293,1787960114.6499,-125.0,-22.0,False,,NO_GATEWAY,True
2294,GATEWAY_FAILURE,CONTROLLED_SOFTWARE_INJECTION,CSS-LoRa SX1278 (Ra-02),75.0,294,1787960114.6999,-125.0,-22.0,False,,NO_GATEWAY,True
2295,GATEWAY_FAILURE,CONTROLLED_SOFTWARE_INJECTION,CSS-LoRa SX1278 (Ra-02),75.0,295,1787960114.7499,-125.0,-22.0,False,,NO_GATEWAY,True
2296,GATEWAY_FAILURE,CONTROLLED_SOFTWARE_INJECTION,CSS-LoRa SX1278 (Ra-02),75.0,296,1787960114.7999,-125.0,-22.0,False,,NO_GATEWAY,True
2297,GATEWAY_FAILURE,CONTROLLED_SOFTWARE_INJECTION,CSS-LoRa SX1278 (Ra-02),75.0,297,1787960114.8499,-125.0,-22.0,False,,NO_GATEWAY,True
2298,GATEWAY_FAILURE,CONTROLLED_SOFTWARE_INJECTION,CSS-LoRa SX1278 (Ra-02),75.0,298,1787960114.8999,-125.0,-22.0,False,,NO_GATEWAY,True
2299,GATEWAY_FAILURE,CONTROLLED_SOFTWARE_INJECTION,CSS-LoRa SX1278 (Ra-02),75.0,299,1787960114.9499,-125.0,-22.0,False,,NO_GATEWAY,True
2300,GATEWAY_FAILURE,CONTROLLED_SOFTWARE_INJECTION,CSS-LoRa SX1278 (Ra-02),75.0,300,1787960114.9999,-125.0,-22.0,False,,NO_GATEWAY,True
2301,GATEWAY_FAILURE,CONTROLLED_SOFTWARE_INJECTION,CSS-LoRa SX1278 (Ra-02),75.0,301,1787960115.0499,-125.0,-22.0,False,,NO_GATEWAY,True
2302,GATEWAY_FAILURE,CONTROLLED_SOFTWARE_INJECTION,CSS-LoRa SX1278 (Ra-02),75.0,302,1787960115.0999,-125.0,-22.0,False,,NO_GATEWAY,True
2303,GATEWAY_FAILURE,CONTROLLED_SOFTWARE_INJECTION,CSS-LoRa SX1278 (Ra-02),75.0,303,1787960115.1499,-125.0,-22.0,False,,NO_GATEWAY,True
2304,GATEWAY_FAILURE,CONTROLLED_SOFTWARE_INJECTION,CSS-LoRa SX1278 (Ra-02),75.0,304,1787960115.1999,-125.0,-22.0,False,,NO_GATEWAY,True
2305,GATEWAY_FAILURE,CONTROLLED_SOFTWARE_INJECTION,CSS-LoRa SX1278 (Ra-02),75.0,305,1787960115.2499,-125.0,-22.0,False,,NO_GATEWAY,True
2306,GATEWAY_FAILURE,CONTROLLED_SOFTWARE_INJECTION,CSS-LoRa SX1278 (Ra-02),75.0,306,1787960115.2999,-125.0,-22.0,False,,NO_GATEWAY,True
2307,GATEWAY_FAILURE,CONTROLLED_SOFTWARE_INJECTION,CSS-LoRa SX1278 (Ra-02),75.0,307,1787960115.3499,-125.0,-22.0,False,,NO_GATEWAY,True
2308,GATEWAY_FAILURE,CONTROLLED_SOFTWARE_INJECTION,CSS-LoRa SX1278 (Ra-02),75.0,308,1787960115.3999,-125.0,-22.0,False,,NO_GATEWAY,True
2309,GATEWAY_FAILURE,CONTROLLED_SOFTWARE_INJECTION,CSS-LoRa SX1278 (Ra-02),75.0,309,1787960115.4499,-125.0,-22.0,False,,NO_GATEWAY,True
2310,GATEWAY_FAILURE,CONTROLLED_SOFTWARE_INJECTION,CSS-LoRa SX1278 (Ra-02),75.0,310,1787960115.4999,-125.0,-22.0,False,,NO_GATEWAY,True
2311,GATEWAY_FAILURE,CONTROLLED_SOFTWARE_INJECTION,CSS-LoRa SX1278 (Ra-02),75.0,311,1787960115.5499,-125.0,-22.0,False,,NO_GATEWAY,True
2312,GATEWAY_FAILURE,CONTROLLED_SOFTWARE_INJECTION,CSS-LoRa SX1278 (Ra-02),75.0,312,1787960115.5999,-125.0,-22.0,False,,NO_GATEWAY,True
2313,GATEWAY_FAILURE,CONTROLLED_SOFTWARE_INJECTION,CSS-LoRa SX1278 (Ra-02),75.0,313,1787960115.6499,-125.0,-22.0,False,,NO_GATEWAY,True
2314,GATEWAY_FAILURE,CONTROLLED_SOFTWARE_INJECTION,CSS-LoRa SX1278 (Ra-02),75.0,314,1787960115.6999,-125.0,-22.0,False,,NO_GATEWAY,True
2315,GATEWAY_FAILURE,CONTROLLED_SOFTWARE_INJECTION,CSS-LoRa SX1278 (Ra-02),75.0,315,1787960115.7499,-125.0,-22.0,False,,NO_GATEWAY,True
2316,GATEWAY_FAILURE,CONTROLLED_SOFTWARE_INJECTION,CSS-LoRa SX1278 (Ra-02),75.0,316,1787960115.7999,-125.0,-22.0,False,,NO_GATEWAY,True
2317,GATEWAY_FAILURE,CONTROLLED_SOFTWARE_INJECTION,CSS-LoRa SX1278 (Ra-02),75.0,317,1787960115.8499,-125.0,-22.0,False,,NO_GATEWAY,True
2318,GATEWAY_FAILURE,CONTROLLED_SOFTWARE_INJECTION,CSS-LoRa SX1278 (Ra-02),75.0,318,1787960115.8999,-125.0,-22.0,False,,NO_GATEWAY,True
2319,GATEWAY_FAILURE,CONTROLLED_SOFTWARE_INJECTION,CSS-LoRa SX1278 (Ra-02),75.0,319,1787960115.9499,-125.0,-22.0,False,,NO_GATEWAY,True
2320,GATEWAY_FAILURE,CONTROLLED_SOFTWARE_INJECTION,CSS-LoRa SX1278 (Ra-02),75.0,320,1787960115.9999,-125.0,-22.0,False,,NO_GATEWAY,True
2321,GATEWAY_FAILURE,CONTROLLED_SOFTWARE_INJECTION,CSS-LoRa SX1278 (Ra-02),75.0,321,1787960116.0499,-125.0,-22.0,False,,NO_GATEWAY,True
2322,GATEWAY_FAILURE,CONTROLLED_SOFTWARE_INJECTION,CSS-LoRa SX1278 (Ra-02),75.0,322,1787960116.0999,-125.0,-22.0,False,,NO_GATEWAY,True
2323,GATEWAY_FAILURE,CONTROLLED_SOFTWARE_INJECTION,CSS-LoRa SX1278 (Ra-02),75.0,323,1787960116.1499,-125.0,-22.0,False,,NO_GATEWAY,True
2324,GATEWAY_FAILURE,CONTROLLED_SOFTWARE_INJECTION,CSS-LoRa SX1278 (Ra-02),75.0,324,1787960116.1999,-125.0,-22.0,False,,NO_GATEWAY,True
2325,GATEWAY_FAILURE,CONTROLLED_SOFTWARE_INJECTION,CSS-LoRa SX1278 (Ra-02),75.0,325,1787960116.2499,-125.0,-22.0,False,,NO_GATEWAY,True
2326,GATEWAY_FAILURE,CONTROLLED_SOFTWARE_INJECTION,CSS-LoRa SX1278 (Ra-02),75.0,326,1787960116.2999,-125.0,-22.0,False,,NO_GATEWAY,True
2327,GATEWAY_FAILURE,CONTROLLED_SOFTWARE_INJECTION,CSS-LoRa SX1278 (Ra-02),75.0,327,1787960116.3499,-125.0,-22.0,False,,NO_GATEWAY,True
2328,GATEWAY_FAILURE,CONTROLLED_SOFTWARE_INJECTION,CSS-LoRa SX1278 (Ra-02),75.0,328,1787960116.3999,-125.0,-22.0,False,,NO_GATEWAY,True
2329,GATEWAY_FAILURE,CONTROLLED_SOFTWARE_INJECTION,CSS-LoRa SX1278 (Ra-02),75.0,329,1787960116.4499,-125.0,-22.0,False,,NO_GATEWAY,True
2330,GATEWAY_FAILURE,CONTROLLED_SOFTWARE_INJECTION,CSS-LoRa SX1278 (Ra-02),75.0,330,1787960116.4999,-125.0,-22.0,False,,NO_GATEWAY,True
2331,GATEWAY_FAILURE,CONTROLLED_SOFTWARE_INJECTION,CSS-LoRa SX1278 (Ra-02),75.0,331,1787960116.5499,-125.0,-22.0,False,,NO_GATEWAY,True
2332,GATEWAY_FAILURE,CONTROLLED_SOFTWARE_INJECTION,CSS-LoRa SX1278 (Ra-02),75.0,332,1787960116.5999,-125.0,-22.0,False,,NO_GATEWAY,True
2333,GATEWAY_FAILURE,CONTROLLED_SOFTWARE_INJECTION,CSS-LoRa SX1278 (Ra-02),75.0,333,1787960116.6499,-125.0,-22.0,False,,NO_GATEWAY,True
2334,GATEWAY_FAILURE,CONTROLLED_SOFTWARE_INJECTION,CSS-LoRa SX1278 (Ra-02),75.0,334,1787960116.6999,-125.0,-22.0,False,,NO_GATEWAY,True
2335,GATEWAY_FAILURE,CONTROLLED_SOFTWARE_INJECTION,CSS-LoRa SX1278 (Ra-02),75.0,335,1787960116.7499,-125.0,-22.0,False,,NO_GATEWAY,True
2336,GATEWAY_FAILURE,CONTROLLED_SOFTWARE_INJECTION,CSS-LoRa SX1278 (Ra-02),75.0,336,1787960116.7999,-125.0,-22.0,False,,NO_GATEWAY,True
2337,GATEWAY_FAILURE,CONTROLLED_SOFTWARE_INJECTION,CSS-LoRa SX1278 (Ra-02),75.0,337,1787960116.8499,-125.0,-22.0,False,,NO_GATEWAY,True
2338,GATEWAY_FAILURE,CONTROLLED_SOFTWARE_INJECTION,CSS-LoRa SX1278 (Ra-02),75.0,338,1787960116.8999,-125.0,-22.0,False,,NO_GATEWAY,True
2339,GATEWAY_FAILURE,CONTROLLED_SOFTWARE_INJECTION,CSS-LoRa SX1278 (Ra-02),75.0,339,1787960116.9499,-125.0,-22.0,False,,NO_GATEWAY,True
2340,GATEWAY_FAILURE,CONTROLLED_SOFTWARE_INJECTION,CSS-LoRa SX1278 (Ra-02),75.0,340,1787960116.9999,-125.0,-22.0,False,,NO_GATEWAY,True
2341,GATEWAY_FAILURE,CONTROLLED_SOFTWARE_INJECTION,CSS-LoRa SX1278 (Ra-02),75.0,341,1787960117.0499,-125.0,-22.0,False,,NO_GATEWAY,True
2342,GATEWAY_FAILURE,CONTROLLED_SOFTWARE_INJECTION,CSS-LoRa SX1278 (Ra-02),75.0,342,1787960117.0999,-125.0,-22.0,False,,NO_GATEWAY,True
2343,GATEWAY_FAILURE,CONTROLLED_SOFTWARE_INJECTION,CSS-LoRa SX1278 (Ra-02),75.0,343,1787960117.1499,-125.0,-22.0,False,,NO_GATEWAY,True
2344,GATEWAY_FAILURE,CONTROLLED_SOFTWARE_INJECTION,CSS-LoRa SX1278 (Ra-02),75.0,344,1787960117.1999,-125.0,-22.0,False,,NO_GATEWAY,True
2345,GATEWAY_FAILURE,CONTROLLED_SOFTWARE_INJECTION,CSS-LoRa SX1278 (Ra-02),75.0,345,1787960117.2499,-125.0,-22.0,False,,NO_GATEWAY,True
2346,GATEWAY_FAILURE,CONTROLLED_SOFTWARE_INJECTION,CSS-LoRa SX1278 (Ra-02),75.0,346,1787960117.2999,-125.0,-22.0,False,,NO_GATEWAY,True
2347,GATEWAY_FAILURE,CONTROLLED_SOFTWARE_INJECTION,CSS-LoRa SX1278 (Ra-02),75.0,347,1787960117.3499,-125.0,-22.0,False,,NO_GATEWAY,True
2348,GATEWAY_FAILURE,CONTROLLED_SOFTWARE_INJECTION,CSS-LoRa SX1278 (Ra-02),75.0,348,1787960117.3999,-125.0,-22.0,False,,NO_GATEWAY,True
2349,GATEWAY_FAILURE,CONTROLLED_SOFTWARE_INJECTION,CSS-LoRa SX1278 (Ra-02),75.0,349,1787960117.4499,-125.0,-22.0,False,,NO_GATEWAY,True
2350,GATEWAY_FAILURE,CONTROLLED_SOFTWARE_INJECTION,CSS-LoRa SX1278 (Ra-02),75.0,350,1787960117.4999,-125.0,-22.0,False,,NO_GATEWAY,True
2351,GATEWAY_FAILURE,CONTROLLED_SOFTWARE_INJECTION,CSS-LoRa SX1278 (Ra-02),75.0,351,1787960117.5499,-125.0,-22.0,False,,NO_GATEWAY,True
2352,GATEWAY_FAILURE,CONTROLLED_SOFTWARE_INJECTION,CSS-LoRa SX1278 (Ra-02),75.0,352,1787960117.5999,-125.0,-22.0,False,,NO_GATEWAY,True
2353,GATEWAY_FAILURE,CONTROLLED_SOFTWARE_INJECTION,CSS-LoRa SX1278 (Ra-02),75.0,353,1787960117.6499,-125.0,-22.0,False,,NO_GATEWAY,True
2354,GATEWAY_FAILURE,CONTROLLED_SOFTWARE_INJECTION,CSS-LoRa SX1278 (Ra-02),75.0,354,1787960117.6999,-125.0,-22.0,False,,NO_GATEWAY,True
2355,GATEWAY_FAILURE,CONTROLLED_SOFTWARE_INJECTION,CSS-LoRa SX1278 (Ra-02),75.0,355,1787960117.7499,-125.0,-22.0,False,,NO_GATEWAY,True
2356,GATEWAY_FAILURE,CONTROLLED_SOFTWARE_INJECTION,CSS-LoRa SX1278 (Ra-02),75.0,356,1787960117.7999,-125.0,-22.0,False,,NO_GATEWAY,True
2357,GATEWAY_FAILURE,CONTROLLED_SOFTWARE_INJECTION,CSS-LoRa SX1278 (Ra-02),75.0,357,1787960117.8499,-125.0,-22.0,False,,NO_GATEWAY,True
2358,GATEWAY_FAILURE,CONTROLLED_SOFTWARE_INJECTION,CSS-LoRa SX1278 (Ra-02),75.0,358,1787960117.8999,-125.0,-22.0,False,,NO_GATEWAY,True
2359,GATEWAY_FAILURE,CONTROLLED_SOFTWARE_INJECTION,CSS-LoRa SX1278 (Ra-02),75.0,359,1787960117.9499,-125.0,-22.0,False,,NO_GATEWAY,True
2360,GATEWAY_FAILURE,CONTROLLED_SOFTWARE_INJECTION,CSS-LoRa SX1278 (Ra-02),75.0,360,1787960117.9999,-125.0,-22.0,False,,NO_GATEWAY,True
2361,GATEWAY_FAILURE,CONTROLLED_SOFTWARE_INJECTION,CSS-LoRa SX1278 (Ra-02),75.0,361,1787960118.0499,-125.0,-22.0,False,,NO_GATEWAY,True
2362,GATEWAY_FAILURE,CONTROLLED_SOFTWARE_INJECTION,CSS-LoRa SX1278 (Ra-02),75.0,362,1787960118.0999,-125.0,-22.0,False,,NO_GATEWAY,True
2363,GATEWAY_FAILURE,CONTROLLED_SOFTWARE_INJECTION,CSS-LoRa SX1278 (Ra-02),75.0,363,1787960118.1499,-125.0,-22.0,False,,NO_GATEWAY,True
2364,GATEWAY_FAILURE,CONTROLLED_SOFTWARE_INJECTION,CSS-LoRa SX1278 (Ra-02),75.0,364,1787960118.1999,-125.0,-22.0,False,,NO_GATEWAY,True
2365,GATEWAY_FAILURE,CONTROLLED_SOFTWARE_INJECTION,CSS-LoRa SX1278 (Ra-02),75.0,365,1787960118.2499,-125.0,-22.0,False,,NO_GATEWAY,True
2366,GATEWAY_FAILURE,CONTROLLED_SOFTWARE_INJECTION,CSS-LoRa SX1278 (Ra-02),75.0,366,1787960118.2999,-125.0,-22.0,False,,NO_GATEWAY,True
2367,GATEWAY_FAILURE,CONTROLLED_SOFTWARE_INJECTION,CSS-LoRa SX1278 (Ra-02),75.0,367,1787960118.3499,-125.0,-22.0,False,,NO_GATEWAY,True
2368,GATEWAY_FAILURE,CONTROLLED_SOFTWARE_INJECTION,CSS-LoRa SX1278 (Ra-02),75.0,368,1787960118.3999,-125.0,-22.0,False,,NO_GATEWAY,True
2369,GATEWAY_FAILURE,CONTROLLED_SOFTWARE_INJECTION,CSS-LoRa SX1278 (Ra-02),75.0,369,1787960118.4499,-125.0,-22.0,False,,NO_GATEWAY,True
2370,GATEWAY_FAILURE,CONTROLLED_SOFTWARE_INJECTION,CSS-LoRa SX1278 (Ra-02),75.0,370,1787960118.4999,-125.0,-22.0,False,,NO_GATEWAY,True
2371,GATEWAY_FAILURE,CONTROLLED_SOFTWARE_INJECTION,CSS-LoRa SX1278 (Ra-02),75.0,371,1787960118.5499,-125.0,-22.0,False,,NO_GATEWAY,True
2372,GATEWAY_FAILURE,CONTROLLED_SOFTWARE_INJECTION,CSS-LoRa SX1278 (Ra-02),75.0,372,1787960118.5999,-125.0,-22.0,False,,NO_GATEWAY,True
2373,GATEWAY_FAILURE,CONTROLLED_SOFTWARE_INJECTION,CSS-LoRa SX1278 (Ra-02),75.0,373,1787960118.6499,-125.0,-22.0,False,,NO_GATEWAY,True
2374,GATEWAY_FAILURE,CONTROLLED_SOFTWARE_INJECTION,CSS-LoRa SX1278 (Ra-02),75.0,374,1787960118.6999,-125.0,-22.0,False,,NO_GATEWAY,True
2375,GATEWAY_FAILURE,CONTROLLED_SOFTWARE_INJECTION,CSS-LoRa SX1278 (Ra-02),75.0,375,1787960118.7499,-125.0,-22.0,False,,NO_GATEWAY,True
2376,GATEWAY_FAILURE,CONTROLLED_SOFTWARE_INJECTION,CSS-LoRa SX1278 (Ra-02),75.0,376,1787960118.7999,-125.0,-22.0,False,,NO_GATEWAY,True
2377,GATEWAY_FAILURE,CONTROLLED_SOFTWARE_INJECTION,CSS-LoRa SX1278 (Ra-02),75.0,377,1787960118.8499,-125.0,-22.0,False,,NO_GATEWAY,True
2378,GATEWAY_FAILURE,CONTROLLED_SOFTWARE_INJECTION,CSS-LoRa SX1278 (Ra-02),75.0,378,1787960118.8999,-125.0,-22.0,False,,NO_GATEWAY,True
2379,GATEWAY_FAILURE,CONTROLLED_SOFTWARE_INJECTION,CSS-LoRa SX1278 (Ra-02),75.0,379,1787960118.9499,-125.0,-22.0,False,,NO_GATEWAY,True
2380,GATEWAY_FAILURE,CONTROLLED_SOFTWARE_INJECTION,CSS-LoRa SX1278 (Ra-02),75.0,380,1787960118.9999,-125.0,-22.0,False,,NO_GATEWAY,True
2381,GATEWAY_FAILURE,CONTROLLED_SOFTWARE_INJECTION,CSS-LoRa SX1278 (Ra-02),75.0,381,1787960119.0499,-125.0,-22.0,False,,NO_GATEWAY,True
2382,GATEWAY_FAILURE,CONTROLLED_SOFTWARE_INJECTION,CSS-LoRa SX1278 (Ra-02),75.0,382,1787960119.0999,-125.0,-22.0,False,,NO_GATEWAY,True
2383,GATEWAY_FAILURE,CONTROLLED_SOFTWARE_INJECTION,CSS-LoRa SX1278 (Ra-02),75.0,383,1787960119.1499,-125.0,-22.0,False,,NO_GATEWAY,True
2384,GATEWAY_FAILURE,CONTROLLED_SOFTWARE_INJECTION,CSS-LoRa SX1278 (Ra-02),75.0,384,1787960119.1999,-125.0,-22.0,False,,NO_GATEWAY,True
2385,GATEWAY_FAILURE,CONTROLLED_SOFTWARE_INJECTION,CSS-LoRa SX1278 (Ra-02),75.0,385,1787960119.2499,-125.0,-22.0,False,,NO_GATEWAY,True
2386,GATEWAY_FAILURE,CONTROLLED_SOFTWARE_INJECTION,CSS-LoRa SX1278 (Ra-02),75.0,386,1787960119.2999,-125.0,-22.0,False,,NO_GATEWAY,True
2387,GATEWAY_FAILURE,CONTROLLED_SOFTWARE_INJECTION,CSS-LoRa SX1278 (Ra-02),75.0,387,1787960119.3499,-125.0,-22.0,False,,NO_GATEWAY,True
2388,GATEWAY_FAILURE,CONTROLLED_SOFTWARE_INJECTION,CSS-LoRa SX1278 (Ra-02),75.0,388,1787960119.3999,-125.0,-22.0,False,,NO_GATEWAY,True
2389,GATEWAY_FAILURE,CONTROLLED_SOFTWARE_INJECTION,CSS-LoRa SX1278 (Ra-02),75.0,389,1787960119.4499,-125.0,-22.0,False,,NO_GATEWAY,True
2390,GATEWAY_FAILURE,CONTROLLED_SOFTWARE_INJECTION,CSS-LoRa SX1278 (Ra-02),75.0,390,1787960119.4999,-125.0,-22.0,False,,NO_GATEWAY,True
2391,GATEWAY_FAILURE,CONTROLLED_SOFTWARE_INJECTION,CSS-LoRa SX1278 (Ra-02),75.0,391,1787960119.5499,-125.0,-22.0,False,,NO_GATEWAY,True
2392,GATEWAY_FAILURE,CONTROLLED_SOFTWARE_INJECTION,CSS-LoRa SX1278 (Ra-02),75.0,392,1787960119.5999,-125.0,-22.0,False,,NO_GATEWAY,True
2393,GATEWAY_FAILURE,CONTROLLED_SOFTWARE_INJECTION,CSS-LoRa SX1278 (Ra-02),75.0,393,1787960119.6499,-125.0,-22.0,False,,NO_GATEWAY,True
2394,GATEWAY_FAILURE,CONTROLLED_SOFTWARE_INJECTION,CSS-LoRa SX1278 (Ra-02),75.0,394,1787960119.6999,-125.0,-22.0,False,,NO_GATEWAY,True
2395,GATEWAY_FAILURE,CONTROLLED_SOFTWARE_INJECTION,CSS-LoRa SX1278 (Ra-02),75.0,395,1787960119.7499,-125.0,-22.0,False,,NO_GATEWAY,True
2396,GATEWAY_FAILURE,CONTROLLED_SOFTWARE_INJECTION,CSS-LoRa SX1278 (Ra-02),75.0,396,1787960119.7999,-125.0,-22.0,False,,NO_GATEWAY,True
2397,GATEWAY_FAILURE,CONTROLLED_SOFTWARE_INJECTION,CSS-LoRa SX1278 (Ra-02),75.0,397,1787960119.8499,-125.0,-22.0,False,,NO_GATEWAY,True
2398,GATEWAY_FAILURE,CONTROLLED_SOFTWARE_INJECTION,CSS-LoRa SX1278 (Ra-02),75.0,398,1787960119.8999,-125.0,-22.0,False,,NO_GATEWAY,True
2399,GATEWAY_FAILURE,CONTROLLED_SOFTWARE_INJECTION,CSS-LoRa SX1278 (Ra-02),75.0,399,1787960119.9499,-125.0,-22.0,False,,NO_GATEWAY,True
2400,GATEWAY_FAILURE,CONTROLLED_SOFTWARE_INJECTION,CSS-LoRa SX1278 (Ra-02),75.0,400,1787960119.9999,-125.0,-22.0,False,,NO_GATEWAY,True
2401,GATEWAY_FAILURE,CONTROLLED_SOFTWARE_INJECTION,CSS-LoRa SX1278 (Ra-02),75.0,401,1787960120.0499,-125.0,-22.0,False,,NO_GATEWAY,True
2402,GATEWAY_FAILURE,CONTROLLED_SOFTWARE_INJECTION,CSS-LoRa SX1278 (Ra-02),75.0,402,1787960120.0999,-125.0,-22.0,False,,NO_GATEWAY,True
2403,GATEWAY_FAILURE,CONTROLLED_SOFTWARE_INJECTION,CSS-LoRa SX1278 (Ra-02),75.0,403,1787960120.1499,-125.0,-22.0,False,,NO_GATEWAY,True
2404,GATEWAY_FAILURE,CONTROLLED_SOFTWARE_INJECTION,CSS-LoRa SX1278 (Ra-02),75.0,404,1787960120.1999,-125.0,-22.0,False,,NO_GATEWAY,True
2405,GATEWAY_FAILURE,CONTROLLED_SOFTWARE_INJECTION,CSS-LoRa SX1278 (Ra-02),75.0,405,1787960120.2499,-125.0,-22.0,False,,NO_GATEWAY,True
2406,GATEWAY_FAILURE,CONTROLLED_SOFTWARE_INJECTION,CSS-LoRa SX1278 (Ra-02),75.0,406,1787960120.2999,-125.0,-22.0,False,,NO_GATEWAY,True
2407,GATEWAY_FAILURE,CONTROLLED_SOFTWARE_INJECTION,CSS-LoRa SX1278 (Ra-02),75.0,407,1787960120.3499,-125.0,-22.0,False,,NO_GATEWAY,True
2408,GATEWAY_FAILURE,CONTROLLED_SOFTWARE_INJECTION,CSS-LoRa SX1278 (Ra-02),75.0,408,1787960120.3999,-125.0,-22.0,False,,NO_GATEWAY,True
2409,GATEWAY_FAILURE,CONTROLLED_SOFTWARE_INJECTION,CSS-LoRa SX1278 (Ra-02),75.0,409,1787960120.4499,-125.0,-22.0,False,,NO_GATEWAY,True
2410,GATEWAY_FAILURE,CONTROLLED_SOFTWARE_INJECTION,CSS-LoRa SX1278 (Ra-02),75.0,410,1787960120.4999,-125.0,-22.0,False,,NO_GATEWAY,True
2411,GATEWAY_FAILURE,CONTROLLED_SOFTWARE_INJECTION,CSS-LoRa SX1278 (Ra-02),75.0,411,1787960120.5499,-125.0,-22.0,False,,NO_GATEWAY,True
2412,GATEWAY_FAILURE,CONTROLLED_SOFTWARE_INJECTION,CSS-LoRa SX1278 (Ra-02),75.0,412,1787960120.5999,-125.0,-22.0,False,,NO_GATEWAY,True
2413,GATEWAY_FAILURE,CONTROLLED_SOFTWARE_INJECTION,CSS-LoRa SX1278 (Ra-02),75.0,413,1787960120.6499,-125.0,-22.0,False,,NO_GATEWAY,True
2414,GATEWAY_FAILURE,CONTROLLED_SOFTWARE_INJECTION,CSS-LoRa SX1278 (Ra-02),75.0,414,1787960120.6999,-125.0,-22.0,False,,NO_GATEWAY,True
2415,GATEWAY_FAILURE,CONTROLLED_SOFTWARE_INJECTION,CSS-LoRa SX1278 (Ra-02),75.0,415,1787960120.7499,-125.0,-22.0,False,,NO_GATEWAY,True
2416,GATEWAY_FAILURE,CONTROLLED_SOFTWARE_INJECTION,CSS-LoRa SX1278 (Ra-02),75.0,416,1787960120.7999,-125.0,-22.0,False,,NO_GATEWAY,True
2417,GATEWAY_FAILURE,CONTROLLED_SOFTWARE_INJECTION,CSS-LoRa SX1278 (Ra-02),75.0,417,1787960120.8499,-125.0,-22.0,False,,NO_GATEWAY,True
2418,GATEWAY_FAILURE,CONTROLLED_SOFTWARE_INJECTION,CSS-LoRa SX1278 (Ra-02),75.0,418,1787960120.8999,-125.0,-22.0,False,,NO_GATEWAY,True
2419,GATEWAY_FAILURE,CONTROLLED_SOFTWARE_INJECTION,CSS-LoRa SX1278 (Ra-02),75.0,419,1787960120.9499,-125.0,-22.0,False,,NO_GATEWAY,True
2420,GATEWAY_FAILURE,CONTROLLED_SOFTWARE_INJECTION,CSS-LoRa SX1278 (Ra-02),75.0,420,1787960120.9999,-125.0,-22.0,False,,NO_GATEWAY,True
2421,GATEWAY_FAILURE,CONTROLLED_SOFTWARE_INJECTION,CSS-LoRa SX1278 (Ra-02),75.0,421,1787960121.0499,-125.0,-22.0,False,,NO_GATEWAY,True
2422,GATEWAY_FAILURE,CONTROLLED_SOFTWARE_INJECTION,CSS-LoRa SX1278 (Ra-02),75.0,422,1787960121.0999,-125.0,-22.0,False,,NO_GATEWAY,True
2423,GATEWAY_FAILURE,CONTROLLED_SOFTWARE_INJECTION,CSS-LoRa SX1278 (Ra-02),75.0,423,1787960121.1499,-125.0,-22.0,False,,NO_GATEWAY,True
2424,GATEWAY_FAILURE,CONTROLLED_SOFTWARE_INJECTION,CSS-LoRa SX1278 (Ra-02),75.0,424,1787960121.1999,-125.0,-22.0,False,,NO_GATEWAY,True
2425,GATEWAY_FAILURE,CONTROLLED_SOFTWARE_INJECTION,CSS-LoRa SX1278 (Ra-02),75.0,425,1787960121.2499,-125.0,-22.0,False,,NO_GATEWAY,True
2426,GATEWAY_FAILURE,CONTROLLED_SOFTWARE_INJECTION,CSS-LoRa SX1278 (Ra-02),75.0,426,1787960121.2999,-125.0,-22.0,False,,NO_GATEWAY,True
2427,GATEWAY_FAILURE,CONTROLLED_SOFTWARE_INJECTION,CSS-LoRa SX1278 (Ra-02),75.0,427,1787960121.3499,-125.0,-22.0,False,,NO_GATEWAY,True
2428,GATEWAY_FAILURE,CONTROLLED_SOFTWARE_INJECTION,CSS-LoRa SX1278 (Ra-02),75.0,428,1787960121.3999,-125.0,-22.0,False,,NO_GATEWAY,True
2429,GATEWAY_FAILURE,CONTROLLED_SOFTWARE_INJECTION,CSS-LoRa SX1278 (Ra-02),75.0,429,1787960121.4499,-125.0,-22.0,False,,NO_GATEWAY,True
2430,GATEWAY_FAILURE,CONTROLLED_SOFTWARE_INJECTION,CSS-LoRa SX1278 (Ra-02),75.0,430,1787960121.4999,-125.0,-22.0,False,,NO_GATEWAY,True
2431,GATEWAY_FAILURE,CONTROLLED_SOFTWARE_INJECTION,CSS-LoRa SX1278 (Ra-02),75.0,431,1787960121.5499,-125.0,-22.0,False,,NO_GATEWAY,True
2432,GATEWAY_FAILURE,CONTROLLED_SOFTWARE_INJECTION,CSS-LoRa SX1278 (Ra-02),75.0,432,1787960121.5999,-125.0,-22.0,False,,NO_GATEWAY,True
2433,GATEWAY_FAILURE,CONTROLLED_SOFTWARE_INJECTION,CSS-LoRa SX1278 (Ra-02),75.0,433,1787960121.6499,-125.0,-22.0,False,,NO_GATEWAY,True
2434,GATEWAY_FAILURE,CONTROLLED_SOFTWARE_INJECTION,CSS-LoRa SX1278 (Ra-02),75.0,434,1787960121.6999,-125.0,-22.0,False,,NO_GATEWAY,True
2435,GATEWAY_FAILURE,CONTROLLED_SOFTWARE_INJECTION,CSS-LoRa SX1278 (Ra-02),75.0,435,1787960121.7499,-125.0,-22.0,False,,NO_GATEWAY,True
2436,GATEWAY_FAILURE,CONTROLLED_SOFTWARE_INJECTION,CSS-LoRa SX1278 (Ra-02),75.0,436,1787960121.7999,-125.0,-22.0,False,,NO_GATEWAY,True
2437,GATEWAY_FAILURE,CONTROLLED_SOFTWARE_INJECTION,CSS-LoRa SX1278 (Ra-02),75.0,437,1787960121.8499,-125.0,-22.0,False,,NO_GATEWAY,True
2438,GATEWAY_FAILURE,CONTROLLED_SOFTWARE_INJECTION,CSS-LoRa SX1278 (Ra-02),75.0,438,1787960121.8999,-125.0,-22.0,False,,NO_GATEWAY,True
2439,GATEWAY_FAILURE,CONTROLLED_SOFTWARE_INJECTION,CSS-LoRa SX1278 (Ra-02),75.0,439,1787960121.9499,-125.0,-22.0,False,,NO_GATEWAY,True
2440,GATEWAY_FAILURE,CONTROLLED_SOFTWARE_INJECTION,CSS-LoRa SX1278 (Ra-02),75.0,440,1787960121.9999,-125.0,-22.0,False,,NO_GATEWAY,True
2441,GATEWAY_FAILURE,CONTROLLED_SOFTWARE_INJECTION,CSS-LoRa SX1278 (Ra-02),75.0,441,1787960122.0499,-125.0,-22.0,False,,NO_GATEWAY,True
2442,GATEWAY_FAILURE,CONTROLLED_SOFTWARE_INJECTION,CSS-LoRa SX1278 (Ra-02),75.0,442,1787960122.0999,-125.0,-22.0,False,,NO_GATEWAY,True
2443,GATEWAY_FAILURE,CONTROLLED_SOFTWARE_INJECTION,CSS-LoRa SX1278 (Ra-02),75.0,443,1787960122.1499,-125.0,-22.0,False,,NO_GATEWAY,True
2444,GATEWAY_FAILURE,CONTROLLED_SOFTWARE_INJECTION,CSS-LoRa SX1278 (Ra-02),75.0,444,1787960122.1999,-125.0,-22.0,False,,NO_GATEWAY,True
2445,GATEWAY_FAILURE,CONTROLLED_SOFTWARE_INJECTION,CSS-LoRa SX1278 (Ra-02),75.0,445,1787960122.2499,-125.0,-22.0,False,,NO_GATEWAY,True
2446,GATEWAY_FAILURE,CONTROLLED_SOFTWARE_INJECTION,CSS-LoRa SX1278 (Ra-02),75.0,446,1787960122.2999,-125.0,-22.0,False,,NO_GATEWAY,True
2447,GATEWAY_FAILURE,CONTROLLED_SOFTWARE_INJECTION,CSS-LoRa SX1278 (Ra-02),75.0,447,1787960122.3499,-125.0,-22.0,False,,NO_GATEWAY,True
2448,GATEWAY_FAILURE,CONTROLLED_SOFTWARE_INJECTION,CSS-LoRa SX1278 (Ra-02),75.0,448,1787960122.3999,-125.0,-22.0,False,,NO_GATEWAY,True
2449,GATEWAY_FAILURE,CONTROLLED_SOFTWARE_INJECTION,CSS-LoRa SX1278 (Ra-02),75.0,449,1787960122.4499,-125.0,-22.0,False,,NO_GATEWAY,True
2450,GATEWAY_FAILURE,CONTROLLED_SOFTWARE_INJECTION,CSS-LoRa SX1278 (Ra-02),75.0,450,1787960122.4999,-125.0,-22.0,False,,NO_GATEWAY,True
2451,GATEWAY_FAILURE,CONTROLLED_SOFTWARE_INJECTION,CSS-LoRa SX1278 (Ra-02),75.0,451,1787960122.5499,-125.0,-22.0,False,,NO_GATEWAY,True
2452,GATEWAY_FAILURE,CONTROLLED_SOFTWARE_INJECTION,CSS-LoRa SX1278 (Ra-02),75.0,452,1787960122.5999,-125.0,-22.0,False,,NO_GATEWAY,True
2453,GATEWAY_FAILURE,CONTROLLED_SOFTWARE_INJECTION,CSS-LoRa SX1278 (Ra-02),75.0,453,1787960122.6499,-125.0,-22.0,False,,NO_GATEWAY,True
2454,GATEWAY_FAILURE,CONTROLLED_SOFTWARE_INJECTION,CSS-LoRa SX1278 (Ra-02),75.0,454,1787960122.6999,-125.0,-22.0,False,,NO_GATEWAY,True
2455,GATEWAY_FAILURE,CONTROLLED_SOFTWARE_INJECTION,CSS-LoRa SX1278 (Ra-02),75.0,455,1787960122.7499,-125.0,-22.0,False,,NO_GATEWAY,True
2456,GATEWAY_FAILURE,CONTROLLED_SOFTWARE_INJECTION,CSS-LoRa SX1278 (Ra-02),75.0,456,1787960122.7999,-125.0,-22.0,False,,NO_GATEWAY,True
2457,GATEWAY_FAILURE,CONTROLLED_SOFTWARE_INJECTION,CSS-LoRa SX1278 (Ra-02),75.0,457,1787960122.8499,-125.0,-22.0,False,,NO_GATEWAY,True
2458,GATEWAY_FAILURE,CONTROLLED_SOFTWARE_INJECTION,CSS-LoRa SX1278 (Ra-02),75.0,458,1787960122.8999,-125.0,-22.0,False,,NO_GATEWAY,True
2459,GATEWAY_FAILURE,CONTROLLED_SOFTWARE_INJECTION,CSS-LoRa SX1278 (Ra-02),75.0,459,1787960122.9499,-125.0,-22.0,False,,NO_GATEWAY,True
2460,GATEWAY_FAILURE,CONTROLLED_SOFTWARE_INJECTION,CSS-LoRa SX1278 (Ra-02),75.0,460,1787960122.9999,-125.0,-22.0,False,,NO_GATEWAY,True
2461,GATEWAY_FAILURE,CONTROLLED_SOFTWARE_INJECTION,CSS-LoRa SX1278 (Ra-02),75.0,461,1787960123.0499,-125.0,-22.0,False,,NO_GATEWAY,True
2462,GATEWAY_FAILURE,CONTROLLED_SOFTWARE_INJECTION,CSS-LoRa SX1278 (Ra-02),75.0,462,1787960123.0999,-125.0,-22.0,False,,NO_GATEWAY,True
2463,GATEWAY_FAILURE,CONTROLLED_SOFTWARE_INJECTION,CSS-LoRa SX1278 (Ra-02),75.0,463,1787960123.1499,-125.0,-22.0,False,,NO_GATEWAY,True
2464,GATEWAY_FAILURE,CONTROLLED_SOFTWARE_INJECTION,CSS-LoRa SX1278 (Ra-02),75.0,464,1787960123.1999,-125.0,-22.0,False,,NO_GATEWAY,True
2465,GATEWAY_FAILURE,CONTROLLED_SOFTWARE_INJECTION,CSS-LoRa SX1278 (Ra-02),75.0,465,1787960123.2499,-125.0,-22.0,False,,NO_GATEWAY,True
2466,GATEWAY_FAILURE,CONTROLLED_SOFTWARE_INJECTION,CSS-LoRa SX1278 (Ra-02),75.0,466,1787960123.2999,-125.0,-22.0,False,,NO_GATEWAY,True
2467,GATEWAY_FAILURE,CONTROLLED_SOFTWARE_INJECTION,CSS-LoRa SX1278 (Ra-02),75.0,467,1787960123.3499,-125.0,-22.0,False,,NO_GATEWAY,True
2468,GATEWAY_FAILURE,CONTROLLED_SOFTWARE_INJECTION,CSS-LoRa SX1278 (Ra-02),75.0,468,1787960123.3999,-125.0,-22.0,False,,NO_GATEWAY,True
2469,GATEWAY_FAILURE,CONTROLLED_SOFTWARE_INJECTION,CSS-LoRa SX1278 (Ra-02),75.0,469,1787960123.4499,-125.0,-22.0,False,,NO_GATEWAY,True
2470,GATEWAY_FAILURE,CONTROLLED_SOFTWARE_INJECTION,CSS-LoRa SX1278 (Ra-02),75.0,470,1787960123.4999,-125.0,-22.0,False,,NO_GATEWAY,True
2471,GATEWAY_FAILURE,CONTROLLED_SOFTWARE_INJECTION,CSS-LoRa SX1278 (Ra-02),75.0,471,1787960123.5499,-125.0,-22.0,False,,NO_GATEWAY,True
2472,GATEWAY_FAILURE,CONTROLLED_SOFTWARE_INJECTION,CSS-LoRa SX1278 (Ra-02),75.0,472,1787960123.5999,-125.0,-22.0,False,,NO_GATEWAY,True
2473,GATEWAY_FAILURE,CONTROLLED_SOFTWARE_INJECTION,CSS-LoRa SX1278 (Ra-02),75.0,473,1787960123.6499,-125.0,-22.0,False,,NO_GATEWAY,True
2474,GATEWAY_FAILURE,CONTROLLED_SOFTWARE_INJECTION,CSS-LoRa SX1278 (Ra-02),75.0,474,1787960123.6999,-125.0,-22.0,False,,NO_GATEWAY,True
2475,GATEWAY_FAILURE,CONTROLLED_SOFTWARE_INJECTION,CSS-LoRa SX1278 (Ra-02),75.0,475,1787960123.7499,-125.0,-22.0,False,,NO_GATEWAY,True
2476,GATEWAY_FAILURE,CONTROLLED_SOFTWARE_INJECTION,CSS-LoRa SX1278 (Ra-02),75.0,476,1787960123.7999,-125.0,-22.0,False,,NO_GATEWAY,True
2477,GATEWAY_FAILURE,CONTROLLED_SOFTWARE_INJECTION,CSS-LoRa SX1278 (Ra-02),75.0,477,1787960123.8499,-125.0,-22.0,False,,NO_GATEWAY,True
2478,GATEWAY_FAILURE,CONTROLLED_SOFTWARE_INJECTION,CSS-LoRa SX1278 (Ra-02),75.0,478,1787960123.8999,-125.0,-22.0,False,,NO_GATEWAY,True
2479,GATEWAY_FAILURE,CONTROLLED_SOFTWARE_INJECTION,CSS-LoRa SX1278 (Ra-02),75.0,479,1787960123.9499,-125.0,-22.0,False,,NO_GATEWAY,True
2480,GATEWAY_FAILURE,CONTROLLED_SOFTWARE_INJECTION,CSS-LoRa SX1278 (Ra-02),75.0,480,1787960123.9999,-125.0,-22.0,False,,NO_GATEWAY,True
2481,GATEWAY_FAILURE,CONTROLLED_SOFTWARE_INJECTION,CSS-LoRa SX1278 (Ra-02),75.0,481,1787960124.0499,-125.0,-22.0,False,,NO_GATEWAY,True
2482,GATEWAY_FAILURE,CONTROLLED_SOFTWARE_INJECTION,CSS-LoRa SX1278 (Ra-02),75.0,482,1787960124.0999,-125.0,-22.0,False,,NO_GATEWAY,True
2483,GATEWAY_FAILURE,CONTROLLED_SOFTWARE_INJECTION,CSS-LoRa SX1278 (Ra-02),75.0,483,1787960124.1499,-125.0,-22.0,False,,NO_GATEWAY,True
2484,GATEWAY_FAILURE,CONTROLLED_SOFTWARE_INJECTION,CSS-LoRa SX1278 (Ra-02),75.0,484,1787960124.1999,-125.0,-22.0,False,,NO_GATEWAY,True
2485,GATEWAY_FAILURE,CONTROLLED_SOFTWARE_INJECTION,CSS-LoRa SX1278 (Ra-02),75.0,485,1787960124.2499,-125.0,-22.0,False,,NO_GATEWAY,True
2486,GATEWAY_FAILURE,CONTROLLED_SOFTWARE_INJECTION,CSS-LoRa SX1278 (Ra-02),75.0,486,1787960124.2999,-125.0,-22.0,False,,NO_GATEWAY,True
2487,GATEWAY_FAILURE,CONTROLLED_SOFTWARE_INJECTION,CSS-LoRa SX1278 (Ra-02),75.0,487,1787960124.3499,-125.0,-22.0,False,,NO_GATEWAY,True
2488,GATEWAY_FAILURE,CONTROLLED_SOFTWARE_INJECTION,CSS-LoRa SX1278 (Ra-02),75.0,488,1787960124.3999,-125.0,-22.0,False,,NO_GATEWAY,True
2489,GATEWAY_FAILURE,CONTROLLED_SOFTWARE_INJECTION,CSS-LoRa SX1278 (Ra-02),75.0,489,1787960124.4499,-125.0,-22.0,False,,NO_GATEWAY,True
2490,GATEWAY_FAILURE,CONTROLLED_SOFTWARE_INJECTION,CSS-LoRa SX1278 (Ra-02),75.0,490,1787960124.4999,-125.0,-22.0,False,,NO_GATEWAY,True
2491,GATEWAY_FAILURE,CONTROLLED_SOFTWARE_INJECTION,CSS-LoRa SX1278 (Ra-02),75.0,491,1787960124.5499,-125.0,-22.0,False,,NO_GATEWAY,True
2492,GATEWAY_FAILURE,CONTROLLED_SOFTWARE_INJECTION,CSS-LoRa SX1278 (Ra-02),75.0,492,1787960124.5999,-125.0,-22.0,False,,NO_GATEWAY,True
2493,GATEWAY_FAILURE,CONTROLLED_SOFTWARE_INJECTION,CSS-LoRa SX1278 (Ra-02),75.0,493,1787960124.6499,-125.0,-22.0,False,,NO_GATEWAY,True
2494,GATEWAY_FAILURE,CONTROLLED_SOFTWARE_INJECTION,CSS-LoRa SX1278 (Ra-02),75.0,494,1787960124.6999,-125.0,-22.0,False,,NO_GATEWAY,True
2495,GATEWAY_FAILURE,CONTROLLED_SOFTWARE_INJECTION,CSS-LoRa SX1278 (Ra-02),75.0,495,1787960124.7499,-125.0,-22.0,False,,NO_GATEWAY,True
2496,GATEWAY_FAILURE,CONTROLLED_SOFTWARE_INJECTION,CSS-LoRa SX1278 (Ra-02),75.0,496,1787960124.7999,-125.0,-22.0,False,,NO_GATEWAY,True
2497,GATEWAY_FAILURE,CONTROLLED_SOFTWARE_INJECTION,CSS-LoRa SX1278 (Ra-02),75.0,497,1787960124.8499,-125.0,-22.0,False,,NO_GATEWAY,True
2498,GATEWAY_FAILURE,CONTROLLED_SOFTWARE_INJECTION,CSS-LoRa SX1278 (Ra-02),75.0,498,1787960124.8999,-125.0,-22.0,False,,NO_GATEWAY,True
2499,GATEWAY_FAILURE,CONTROLLED_SOFTWARE_INJECTION,CSS-LoRa SX1278 (Ra-02),75.0,499,1787960124.9499,-125.0,-22.0,False,,NO_GATEWAY,True
2500,GATEWAY_FAILURE,CONTROLLED_SOFTWARE_INJECTION,CSS-LoRa SX1278 (Ra-02),75.0,500,1787960124.9999,-125.0,-22.0,False,,NO_GATEWAY,True
2501,GATEWAY_FAILURE,CONTROLLED_SOFTWARE_INJECTION,CSS-LoRa SX1278 (Ra-02),75.0,501,1787960125.0499,-125.0,-22.0,False,,NO_GATEWAY,True
2502,GATEWAY_FAILURE,CONTROLLED_SOFTWARE_INJECTION,CSS-LoRa SX1278 (Ra-02),75.0,502,1787960125.0999,-125.0,-22.0,False,,NO_GATEWAY,True
2503,GATEWAY_FAILURE,CONTROLLED_SOFTWARE_INJECTION,CSS-LoRa SX1278 (Ra-02),75.0,503,1787960125.1499,-125.0,-22.0,False,,NO_GATEWAY,True
2504,GATEWAY_FAILURE,CONTROLLED_SOFTWARE_INJECTION,CSS-LoRa SX1278 (Ra-02),75.0,504,1787960125.1999,-125.0,-22.0,False,,NO_GATEWAY,True
2505,GATEWAY_FAILURE,CONTROLLED_SOFTWARE_INJECTION,CSS-LoRa SX1278 (Ra-02),75.0,505,1787960125.2499,-125.0,-22.0,False,,NO_GATEWAY,True
2506,GATEWAY_FAILURE,CONTROLLED_SOFTWARE_INJECTION,CSS-LoRa SX1278 (Ra-02),75.0,506,1787960125.2999,-125.0,-22.0,False,,NO_GATEWAY,True
2507,GATEWAY_FAILURE,CONTROLLED_SOFTWARE_INJECTION,CSS-LoRa SX1278 (Ra-02),75.0,507,1787960125.3499,-125.0,-22.0,False,,NO_GATEWAY,True
2508,GATEWAY_FAILURE,CONTROLLED_SOFTWARE_INJECTION,CSS-LoRa SX1278 (Ra-02),75.0,508,1787960125.3999,-125.0,-22.0,False,,NO_GATEWAY,True
2509,GATEWAY_FAILURE,CONTROLLED_SOFTWARE_INJECTION,CSS-LoRa SX1278 (Ra-02),75.0,509,1787960125.4499,-125.0,-22.0,False,,NO_GATEWAY,True
2510,GATEWAY_FAILURE,CONTROLLED_SOFTWARE_INJECTION,CSS-LoRa SX1278 (Ra-02),75.0,510,1787960125.4999,-125.0,-22.0,False,,NO_GATEWAY,True
2511,GATEWAY_FAILURE,CONTROLLED_SOFTWARE_INJECTION,CSS-LoRa SX1278 (Ra-02),75.0,511,1787960125.5499,-125.0,-22.0,False,,NO_GATEWAY,True
2512,GATEWAY_FAILURE,CONTROLLED_SOFTWARE_INJECTION,CSS-LoRa SX1278 (Ra-02),75.0,512,1787960125.5999,-125.0,-22.0,False,,NO_GATEWAY,True
2513,GATEWAY_FAILURE,CONTROLLED_SOFTWARE_INJECTION,CSS-LoRa SX1278 (Ra-02),75.0,513,1787960125.6499,-125.0,-22.0,False,,NO_GATEWAY,True
2514,GATEWAY_FAILURE,CONTROLLED_SOFTWARE_INJECTION,CSS-LoRa SX1278 (Ra-02),75.0,514,1787960125.6999,-125.0,-22.0,False,,NO_GATEWAY,True
2515,GATEWAY_FAILURE,CONTROLLED_SOFTWARE_INJECTION,CSS-LoRa SX1278 (Ra-02),75.0,515,1787960125.7499,-125.0,-22.0,False,,NO_GATEWAY,True
2516,GATEWAY_FAILURE,CONTROLLED_SOFTWARE_INJECTION,CSS-LoRa SX1278 (Ra-02),75.0,516,1787960125.7999,-125.0,-22.0,False,,NO_GATEWAY,True
2517,GATEWAY_FAILURE,CONTROLLED_SOFTWARE_INJECTION,CSS-LoRa SX1278 (Ra-02),75.0,517,1787960125.8499,-125.0,-22.0,False,,NO_GATEWAY,True
2518,GATEWAY_FAILURE,CONTROLLED_SOFTWARE_INJECTION,CSS-LoRa SX1278 (Ra-02),75.0,518,1787960125.8999,-125.0,-22.0,False,,NO_GATEWAY,True
2519,GATEWAY_FAILURE,CONTROLLED_SOFTWARE_INJECTION,CSS-LoRa SX1278 (Ra-02),75.0,519,1787960125.9499,-125.0,-22.0,False,,NO_GATEWAY,True
2520,GATEWAY_FAILURE,CONTROLLED_SOFTWARE_INJECTION,CSS-LoRa SX1278 (Ra-02),75.0,520,1787960125.9999,-125.0,-22.0,False,,NO_GATEWAY,True
2521,GATEWAY_FAILURE,CONTROLLED_SOFTWARE_INJECTION,CSS-LoRa SX1278 (Ra-02),75.0,521,1787960126.0499,-125.0,-22.0,False,,NO_GATEWAY,True
2522,GATEWAY_FAILURE,CONTROLLED_SOFTWARE_INJECTION,CSS-LoRa SX1278 (Ra-02),75.0,522,1787960126.0999,-125.0,-22.0,False,,NO_GATEWAY,True
2523,GATEWAY_FAILURE,CONTROLLED_SOFTWARE_INJECTION,CSS-LoRa SX1278 (Ra-02),75.0,523,1787960126.1499,-125.0,-22.0,False,,NO_GATEWAY,True
2524,GATEWAY_FAILURE,CONTROLLED_SOFTWARE_INJECTION,CSS-LoRa SX1278 (Ra-02),75.0,524,1787960126.1999,-125.0,-22.0,False,,NO_GATEWAY,True
2525,GATEWAY_FAILURE,CONTROLLED_SOFTWARE_INJECTION,CSS-LoRa SX1278 (Ra-02),75.0,525,1787960126.2499,-125.0,-22.0,False,,NO_GATEWAY,True
2526,GATEWAY_FAILURE,CONTROLLED_SOFTWARE_INJECTION,CSS-LoRa SX1278 (Ra-02),75.0,526,1787960126.2999,-125.0,-22.0,False,,NO_GATEWAY,True
2527,GATEWAY_FAILURE,CONTROLLED_SOFTWARE_INJECTION,CSS-LoRa SX1278 (Ra-02),75.0,527,1787960126.3499,-125.0,-22.0,False,,NO_GATEWAY,True
2528,GATEWAY_FAILURE,CONTROLLED_SOFTWARE_INJECTION,CSS-LoRa SX1278 (Ra-02),75.0,528,1787960126.3999,-125.0,-22.0,False,,NO_GATEWAY,True
2529,GATEWAY_FAILURE,CONTROLLED_SOFTWARE_INJECTION,CSS-LoRa SX1278 (Ra-02),75.0,529,1787960126.4499,-125.0,-22.0,False,,NO_GATEWAY,True
2530,GATEWAY_FAILURE,CONTROLLED_SOFTWARE_INJECTION,CSS-LoRa SX1278 (Ra-02),75.0,530,1787960126.4999,-125.0,-22.0,False,,NO_GATEWAY,True
2531,GATEWAY_FAILURE,CONTROLLED_SOFTWARE_INJECTION,CSS-LoRa SX1278 (Ra-02),75.0,531,1787960126.5499,-125.0,-22.0,False,,NO_GATEWAY,True
2532,GATEWAY_FAILURE,CONTROLLED_SOFTWARE_INJECTION,CSS-LoRa SX1278 (Ra-02),75.0,532,1787960126.5999,-125.0,-22.0,False,,NO_GATEWAY,True
2533,GATEWAY_FAILURE,CONTROLLED_SOFTWARE_INJECTION,CSS-LoRa SX1278 (Ra-02),75.0,533,1787960126.6499,-125.0,-22.0,False,,NO_GATEWAY,True
2534,GATEWAY_FAILURE,CONTROLLED_SOFTWARE_INJECTION,CSS-LoRa SX1278 (Ra-02),75.0,534,1787960126.6999,-125.0,-22.0,False,,NO_GATEWAY,True
2535,GATEWAY_FAILURE,CONTROLLED_SOFTWARE_INJECTION,CSS-LoRa SX1278 (Ra-02),75.0,535,1787960126.7499,-125.0,-22.0,False,,NO_GATEWAY,True
2536,GATEWAY_FAILURE,CONTROLLED_SOFTWARE_INJECTION,CSS-LoRa SX1278 (Ra-02),75.0,536,1787960126.7999,-125.0,-22.0,False,,NO_GATEWAY,True
2537,GATEWAY_FAILURE,CONTROLLED_SOFTWARE_INJECTION,CSS-LoRa SX1278 (Ra-02),75.0,537,1787960126.8499,-125.0,-22.0,False,,NO_GATEWAY,True
2538,GATEWAY_FAILURE,CONTROLLED_SOFTWARE_INJECTION,CSS-LoRa SX1278 (Ra-02),75.0,538,1787960126.8999,-125.0,-22.0,False,,NO_GATEWAY,True
2539,GATEWAY_FAILURE,CONTROLLED_SOFTWARE_INJECTION,CSS-LoRa SX1278 (Ra-02),75.0,539,1787960126.9499,-125.0,-22.0,False,,NO_GATEWAY,True
2540,GATEWAY_FAILURE,CONTROLLED_SOFTWARE_INJECTION,CSS-LoRa SX1278 (Ra-02),75.0,540,1787960126.9999,-125.0,-22.0,False,,NO_GATEWAY,True
2541,GATEWAY_FAILURE,CONTROLLED_SOFTWARE_INJECTION,CSS-LoRa SX1278 (Ra-02),75.0,541,1787960127.0499,-125.0,-22.0,False,,NO_GATEWAY,True
2542,GATEWAY_FAILURE,CONTROLLED_SOFTWARE_INJECTION,CSS-LoRa SX1278 (Ra-02),75.0,542,1787960127.0999,-125.0,-22.0,False,,NO_GATEWAY,True
2543,GATEWAY_FAILURE,CONTROLLED_SOFTWARE_INJECTION,CSS-LoRa SX1278 (Ra-02),75.0,543,1787960127.1499,-125.0,-22.0,False,,NO_GATEWAY,True
2544,GATEWAY_FAILURE,CONTROLLED_SOFTWARE_INJECTION,CSS-LoRa SX1278 (Ra-02),75.0,544,1787960127.1999,-125.0,-22.0,False,,NO_GATEWAY,True
2545,GATEWAY_FAILURE,CONTROLLED_SOFTWARE_INJECTION,CSS-LoRa SX1278 (Ra-02),75.0,545,1787960127.2499,-125.0,-22.0,False,,NO_GATEWAY,True
2546,GATEWAY_FAILURE,CONTROLLED_SOFTWARE_INJECTION,CSS-LoRa SX1278 (Ra-02),75.0,546,1787960127.2999,-125.0,-22.0,False,,NO_GATEWAY,True
2547,GATEWAY_FAILURE,CONTROLLED_SOFTWARE_INJECTION,CSS-LoRa SX1278 (Ra-02),75.0,547,1787960127.3499,-125.0,-22.0,False,,NO_GATEWAY,True
2548,GATEWAY_FAILURE,CONTROLLED_SOFTWARE_INJECTION,CSS-LoRa SX1278 (Ra-02),75.0,548,1787960127.3999,-125.0,-22.0,False,,NO_GATEWAY,True
2549,GATEWAY_FAILURE,CONTROLLED_SOFTWARE_INJECTION,CSS-LoRa SX1278 (Ra-02),75.0,549,1787960127.4499,-125.0,-22.0,False,,NO_GATEWAY,True
2550,GATEWAY_FAILURE,CONTROLLED_SOFTWARE_INJECTION,CSS-LoRa SX1278 (Ra-02),75.0,550,1787960127.4999,-125.0,-22.0,False,,NO_GATEWAY,True
2551,GATEWAY_FAILURE,CONTROLLED_SOFTWARE_INJECTION,CSS-LoRa SX1278 (Ra-02),75.0,551,1787960127.5499,-125.0,-22.0,False,,NO_GATEWAY,True
2552,GATEWAY_FAILURE,CONTROLLED_SOFTWARE_INJECTION,CSS-LoRa SX1278 (Ra-02),75.0,552,1787960127.5999,-125.0,-22.0,False,,NO_GATEWAY,True
2553,GATEWAY_FAILURE,CONTROLLED_SOFTWARE_INJECTION,CSS-LoRa SX1278 (Ra-02),75.0,553,1787960127.6499,-125.0,-22.0,False,,NO_GATEWAY,True
2554,GATEWAY_FAILURE,CONTROLLED_SOFTWARE_INJECTION,CSS-LoRa SX1278 (Ra-02),75.0,554,1787960127.6999,-125.0,-22.0,False,,NO_GATEWAY,True
2555,GATEWAY_FAILURE,CONTROLLED_SOFTWARE_INJECTION,CSS-LoRa SX1278 (Ra-02),75.0,555,1787960127.7499,-125.0,-22.0,False,,NO_GATEWAY,True
2556,GATEWAY_FAILURE,CONTROLLED_SOFTWARE_INJECTION,CSS-LoRa SX1278 (Ra-02),75.0,556,1787960127.7999,-125.0,-22.0,False,,NO_GATEWAY,True
2557,GATEWAY_FAILURE,CONTROLLED_SOFTWARE_INJECTION,CSS-LoRa SX1278 (Ra-02),75.0,557,1787960127.8499,-125.0,-22.0,False,,NO_GATEWAY,True
2558,GATEWAY_FAILURE,CONTROLLED_SOFTWARE_INJECTION,CSS-LoRa SX1278 (Ra-02),75.0,558,1787960127.8999,-125.0,-22.0,False,,NO_GATEWAY,True
2559,GATEWAY_FAILURE,CONTROLLED_SOFTWARE_INJECTION,CSS-LoRa SX1278 (Ra-02),75.0,559,1787960127.9499,-125.0,-22.0,False,,NO_GATEWAY,True
2560,GATEWAY_FAILURE,CONTROLLED_SOFTWARE_INJECTION,CSS-LoRa SX1278 (Ra-02),75.0,560,1787960127.9999,-125.0,-22.0,False,,NO_GATEWAY,True
2561,GATEWAY_FAILURE,CONTROLLED_SOFTWARE_INJECTION,CSS-LoRa SX1278 (Ra-02),75.0,561,1787960128.0499,-125.0,-22.0,False,,NO_GATEWAY,True
2562,GATEWAY_FAILURE,CONTROLLED_SOFTWARE_INJECTION,CSS-LoRa SX1278 (Ra-02),75.0,562,1787960128.0999,-125.0,-22.0,False,,NO_GATEWAY,True
2563,GATEWAY_FAILURE,CONTROLLED_SOFTWARE_INJECTION,CSS-LoRa SX1278 (Ra-02),75.0,563,1787960128.1499,-125.0,-22.0,False,,NO_GATEWAY,True
2564,GATEWAY_FAILURE,CONTROLLED_SOFTWARE_INJECTION,CSS-LoRa SX1278 (Ra-02),75.0,564,1787960128.1999,-125.0,-22.0,False,,NO_GATEWAY,True
2565,GATEWAY_FAILURE,CONTROLLED_SOFTWARE_INJECTION,CSS-LoRa SX1278 (Ra-02),75.0,565,1787960128.2499,-125.0,-22.0,False,,NO_GATEWAY,True
2566,GATEWAY_FAILURE,CONTROLLED_SOFTWARE_INJECTION,CSS-LoRa SX1278 (Ra-02),75.0,566,1787960128.2999,-125.0,-22.0,False,,NO_GATEWAY,True
2567,GATEWAY_FAILURE,CONTROLLED_SOFTWARE_INJECTION,CSS-LoRa SX1278 (Ra-02),75.0,567,1787960128.3499,-125.0,-22.0,False,,NO_GATEWAY,True
2568,GATEWAY_FAILURE,CONTROLLED_SOFTWARE_INJECTION,CSS-LoRa SX1278 (Ra-02),75.0,568,1787960128.3999,-125.0,-22.0,False,,NO_GATEWAY,True
2569,GATEWAY_FAILURE,CONTROLLED_SOFTWARE_INJECTION,CSS-LoRa SX1278 (Ra-02),75.0,569,1787960128.4499,-125.0,-22.0,False,,NO_GATEWAY,True
2570,GATEWAY_FAILURE,CONTROLLED_SOFTWARE_INJECTION,CSS-LoRa SX1278 (Ra-02),75.0,570,1787960128.4999,-125.0,-22.0,False,,NO_GATEWAY,True
2571,GATEWAY_FAILURE,CONTROLLED_SOFTWARE_INJECTION,CSS-LoRa SX1278 (Ra-02),75.0,571,1787960128.5499,-125.0,-22.0,False,,NO_GATEWAY,True
2572,GATEWAY_FAILURE,CONTROLLED_SOFTWARE_INJECTION,CSS-LoRa SX1278 (Ra-02),75.0,572,1787960128.5999,-125.0,-22.0,False,,NO_GATEWAY,True
2573,GATEWAY_FAILURE,CONTROLLED_SOFTWARE_INJECTION,CSS-LoRa SX1278 (Ra-02),75.0,573,1787960128.6499,-125.0,-22.0,False,,NO_GATEWAY,True
2574,GATEWAY_FAILURE,CONTROLLED_SOFTWARE_INJECTION,CSS-LoRa SX1278 (Ra-02),75.0,574,1787960128.6999,-125.0,-22.0,False,,NO_GATEWAY,True
2575,GATEWAY_FAILURE,CONTROLLED_SOFTWARE_INJECTION,CSS-LoRa SX1278 (Ra-02),75.0,575,1787960128.7499,-125.0,-22.0,False,,NO_GATEWAY,True
2576,GATEWAY_FAILURE,CONTROLLED_SOFTWARE_INJECTION,CSS-LoRa SX1278 (Ra-02),75.0,576,1787960128.7999,-125.0,-22.0,False,,NO_GATEWAY,True
2577,GATEWAY_FAILURE,CONTROLLED_SOFTWARE_INJECTION,CSS-LoRa SX1278 (Ra-02),75.0,577,1787960128.8499,-125.0,-22.0,False,,NO_GATEWAY,True
2578,GATEWAY_FAILURE,CONTROLLED_SOFTWARE_INJECTION,CSS-LoRa SX1278 (Ra-02),75.0,578,1787960128.8999,-125.0,-22.0,False,,NO_GATEWAY,True
2579,GATEWAY_FAILURE,CONTROLLED_SOFTWARE_INJECTION,CSS-LoRa SX1278 (Ra-02),75.0,579,1787960128.9499,-125.0,-22.0,False,,NO_GATEWAY,True
2580,GATEWAY_FAILURE,CONTROLLED_SOFTWARE_INJECTION,CSS-LoRa SX1278 (Ra-02),75.0,580,1787960128.9999,-125.0,-22.0,False,,NO_GATEWAY,True
2581,GATEWAY_FAILURE,CONTROLLED_SOFTWARE_INJECTION,CSS-LoRa SX1278 (Ra-02),75.0,581,1787960129.0499,-125.0,-22.0,False,,NO_GATEWAY,True
2582,GATEWAY_FAILURE,CONTROLLED_SOFTWARE_INJECTION,CSS-LoRa SX1278 (Ra-02),75.0,582,1787960129.0999,-125.0,-22.0,False,,NO_GATEWAY,True
2583,GATEWAY_FAILURE,CONTROLLED_SOFTWARE_INJECTION,CSS-LoRa SX1278 (Ra-02),75.0,583,1787960129.1499,-125.0,-22.0,False,,NO_GATEWAY,True
2584,GATEWAY_FAILURE,CONTROLLED_SOFTWARE_INJECTION,CSS-LoRa SX1278 (Ra-02),75.0,584,1787960129.1999,-125.0,-22.0,False,,NO_GATEWAY,True
2585,GATEWAY_FAILURE,CONTROLLED_SOFTWARE_INJECTION,CSS-LoRa SX1278 (Ra-02),75.0,585,1787960129.2499,-125.0,-22.0,False,,NO_GATEWAY,True
2586,GATEWAY_FAILURE,CONTROLLED_SOFTWARE_INJECTION,CSS-LoRa SX1278 (Ra-02),75.0,586,1787960129.2999,-125.0,-22.0,False,,NO_GATEWAY,True
2587,GATEWAY_FAILURE,CONTROLLED_SOFTWARE_INJECTION,CSS-LoRa SX1278 (Ra-02),75.0,587,1787960129.3499,-125.0,-22.0,False,,NO_GATEWAY,True
2588,GATEWAY_FAILURE,CONTROLLED_SOFTWARE_INJECTION,CSS-LoRa SX1278 (Ra-02),75.0,588,1787960129.3999,-125.0,-22.0,False,,NO_GATEWAY,True
2589,GATEWAY_FAILURE,CONTROLLED_SOFTWARE_INJECTION,CSS-LoRa SX1278 (Ra-02),75.0,589,1787960129.4499,-125.0,-22.0,False,,NO_GATEWAY,True
2590,GATEWAY_FAILURE,CONTROLLED_SOFTWARE_INJECTION,CSS-LoRa SX1278 (Ra-02),75.0,590,1787960129.4999,-125.0,-22.0,False,,NO_GATEWAY,True
2591,GATEWAY_FAILURE,CONTROLLED_SOFTWARE_INJECTION,CSS-LoRa SX1278 (Ra-02),75.0,591,1787960129.5499,-125.0,-22.0,False,,NO_GATEWAY,True
2592,GATEWAY_FAILURE,CONTROLLED_SOFTWARE_INJECTION,CSS-LoRa SX1278 (Ra-02),75.0,592,1787960129.5999,-125.0,-22.0,False,,NO_GATEWAY,True
2593,GATEWAY_FAILURE,CONTROLLED_SOFTWARE_INJECTION,CSS-LoRa SX1278 (Ra-02),75.0,593,1787960129.6499,-125.0,-22.0,False,,NO_GATEWAY,True
2594,GATEWAY_FAILURE,CONTROLLED_SOFTWARE_INJECTION,CSS-LoRa SX1278 (Ra-02),75.0,594,1787960129.6999,-125.0,-22.0,False,,NO_GATEWAY,True
2595,GATEWAY_FAILURE,CONTROLLED_SOFTWARE_INJECTION,CSS-LoRa SX1278 (Ra-02),75.0,595,1787960129.7499,-125.0,-22.0,False,,NO_GATEWAY,True
2596,GATEWAY_FAILURE,CONTROLLED_SOFTWARE_INJECTION,CSS-LoRa SX1278 (Ra-02),75.0,596,1787960129.7999,-125.0,-22.0,False,,NO_GATEWAY,True
2597,GATEWAY_FAILURE,CONTROLLED_SOFTWARE_INJECTION,CSS-LoRa SX1278 (Ra-02),75.0,597,1787960129.8499,-125.0,-22.0,False,,NO_GATEWAY,True
2598,GATEWAY_FAILURE,CONTROLLED_SOFTWARE_INJECTION,CSS-LoRa SX1278 (Ra-02),75.0,598,1787960129.8999,-125.0,-22.0,False,,NO_GATEWAY,True
2599,GATEWAY_FAILURE,CONTROLLED_SOFTWARE_INJECTION,CSS-LoRa SX1278 (Ra-02),75.0,599,1787960129.9499,-125.0,-22.0,False,,NO_GATEWAY,True
2600,GATEWAY_FAILURE,CONTROLLED_SOFTWARE_INJECTION,CSS-LoRa SX1278 (Ra-02),75.0,600,1787960129.9999,-125.0,-22.0,False,,NO_GATEWAY,True
2601,GATEWAY_FAILURE,CONTROLLED_SOFTWARE_INJECTION,CSS-LoRa SX1278 (Ra-02),75.0,601,1787960130.0499,-125.0,-22.0,False,,NO_GATEWAY,True
2602,GATEWAY_FAILURE,CONTROLLED_SOFTWARE_INJECTION,CSS-LoRa SX1278 (Ra-02),75.0,602,1787960130.0999,-125.0,-22.0,False,,NO_GATEWAY,True
2603,GATEWAY_FAILURE,CONTROLLED_SOFTWARE_INJECTION,CSS-LoRa SX1278 (Ra-02),75.0,603,1787960130.1499,-125.0,-22.0,False,,NO_GATEWAY,True
2604,GATEWAY_FAILURE,CONTROLLED_SOFTWARE_INJECTION,CSS-LoRa SX1278 (Ra-02),75.0,604,1787960130.1999,-125.0,-22.0,False,,NO_GATEWAY,True
2605,GATEWAY_FAILURE,CONTROLLED_SOFTWARE_INJECTION,CSS-LoRa SX1278 (Ra-02),75.0,605,1787960130.2499,-125.0,-22.0,False,,NO_GATEWAY,True
2606,GATEWAY_FAILURE,CONTROLLED_SOFTWARE_INJECTION,CSS-LoRa SX1278 (Ra-02),75.0,606,1787960130.2999,-125.0,-22.0,False,,NO_GATEWAY,True
2607,GATEWAY_FAILURE,CONTROLLED_SOFTWARE_INJECTION,CSS-LoRa SX1278 (Ra-02),75.0,607,1787960130.3499,-125.0,-22.0,False,,NO_GATEWAY,True
2608,GATEWAY_FAILURE,CONTROLLED_SOFTWARE_INJECTION,CSS-LoRa SX1278 (Ra-02),75.0,608,1787960130.3999,-125.0,-22.0,False,,NO_GATEWAY,True
2609,GATEWAY_FAILURE,CONTROLLED_SOFTWARE_INJECTION,CSS-LoRa SX1278 (Ra-02),75.0,609,1787960130.4499,-125.0,-22.0,False,,NO_GATEWAY,True
2610,GATEWAY_FAILURE,CONTROLLED_SOFTWARE_INJECTION,CSS-LoRa SX1278 (Ra-02),75.0,610,1787960130.4999,-125.0,-22.0,False,,NO_GATEWAY,True
2611,GATEWAY_FAILURE,CONTROLLED_SOFTWARE_INJECTION,CSS-LoRa SX1278 (Ra-02),75.0,611,1787960130.5499,-125.0,-22.0,False,,NO_GATEWAY,True
2612,GATEWAY_FAILURE,CONTROLLED_SOFTWARE_INJECTION,CSS-LoRa SX1278 (Ra-02),75.0,612,1787960130.5999,-125.0,-22.0,False,,NO_GATEWAY,True
2613,GATEWAY_FAILURE,CONTROLLED_SOFTWARE_INJECTION,CSS-LoRa SX1278 (Ra-02),75.0,613,1787960130.6499,-125.0,-22.0,False,,NO_GATEWAY,True
2614,GATEWAY_FAILURE,CONTROLLED_SOFTWARE_INJECTION,CSS-LoRa SX1278 (Ra-02),75.0,614,1787960130.6999,-125.0,-22.0,False,,NO_GATEWAY,True
2615,GATEWAY_FAILURE,CONTROLLED_SOFTWARE_INJECTION,CSS-LoRa SX1278 (Ra-02),75.0,615,1787960130.7499,-125.0,-22.0,False,,NO_GATEWAY,True
2616,GATEWAY_FAILURE,CONTROLLED_SOFTWARE_INJECTION,CSS-LoRa SX1278 (Ra-02),75.0,616,1787960130.7999,-125.0,-22.0,False,,NO_GATEWAY,True
2617,GATEWAY_FAILURE,CONTROLLED_SOFTWARE_INJECTION,CSS-LoRa SX1278 (Ra-02),75.0,617,1787960130.8499,-125.0,-22.0,False,,NO_GATEWAY,True
2618,GATEWAY_FAILURE,CONTROLLED_SOFTWARE_INJECTION,CSS-LoRa SX1278 (Ra-02),75.0,618,1787960130.8999,-125.0,-22.0,False,,NO_GATEWAY,True
2619,GATEWAY_FAILURE,CONTROLLED_SOFTWARE_INJECTION,CSS-LoRa SX1278 (Ra-02),75.0,619,1787960130.9499,-125.0,-22.0,False,,NO_GATEWAY,True
2620,GATEWAY_FAILURE,CONTROLLED_SOFTWARE_INJECTION,CSS-LoRa SX1278 (Ra-02),75.0,620,1787960130.9999,-125.0,-22.0,False,,NO_GATEWAY,True
2621,GATEWAY_FAILURE,CONTROLLED_SOFTWARE_INJECTION,CSS-LoRa SX1278 (Ra-02),75.0,621,1787960131.0499,-125.0,-22.0,False,,NO_GATEWAY,True
2622,GATEWAY_FAILURE,CONTROLLED_SOFTWARE_INJECTION,CSS-LoRa SX1278 (Ra-02),75.0,622,1787960131.0999,-125.0,-22.0,False,,NO_GATEWAY,True
2623,GATEWAY_FAILURE,CONTROLLED_SOFTWARE_INJECTION,CSS-LoRa SX1278 (Ra-02),75.0,623,1787960131.1499,-125.0,-22.0,False,,NO_GATEWAY,True
2624,GATEWAY_FAILURE,CONTROLLED_SOFTWARE_INJECTION,CSS-LoRa SX1278 (Ra-02),75.0,624,1787960131.1999,-125.0,-22.0,False,,NO_GATEWAY,True
2625,GATEWAY_FAILURE,CONTROLLED_SOFTWARE_INJECTION,CSS-LoRa SX1278 (Ra-02),75.0,625,1787960131.2499,-125.0,-22.0,False,,NO_GATEWAY,True
2626,GATEWAY_FAILURE,CONTROLLED_SOFTWARE_INJECTION,CSS-LoRa SX1278 (Ra-02),75.0,626,1787960131.2999,-125.0,-22.0,False,,NO_GATEWAY,True
2627,GATEWAY_FAILURE,CONTROLLED_SOFTWARE_INJECTION,CSS-LoRa SX1278 (Ra-02),75.0,627,1787960131.3499,-125.0,-22.0,False,,NO_GATEWAY,True
2628,GATEWAY_FAILURE,CONTROLLED_SOFTWARE_INJECTION,CSS-LoRa SX1278 (Ra-02),75.0,628,1787960131.3999,-125.0,-22.0,False,,NO_GATEWAY,True
2629,GATEWAY_FAILURE,CONTROLLED_SOFTWARE_INJECTION,CSS-LoRa SX1278 (Ra-02),75.0,629,1787960131.4499,-125.0,-22.0,False,,NO_GATEWAY,True
2630,GATEWAY_FAILURE,CONTROLLED_SOFTWARE_INJECTION,CSS-LoRa SX1278 (Ra-02),75.0,630,1787960131.4999,-125.0,-22.0,False,,NO_GATEWAY,True
2631,GATEWAY_FAILURE,CONTROLLED_SOFTWARE_INJECTION,CSS-LoRa SX1278 (Ra-02),75.0,631,1787960131.5499,-125.0,-22.0,False,,NO_GATEWAY,True
2632,GATEWAY_FAILURE,CONTROLLED_SOFTWARE_INJECTION,CSS-LoRa SX1278 (Ra-02),75.0,632,1787960131.5999,-125.0,-22.0,False,,NO_GATEWAY,True
2633,GATEWAY_FAILURE,CONTROLLED_SOFTWARE_INJECTION,CSS-LoRa SX1278 (Ra-02),75.0,633,1787960131.6499,-125.0,-22.0,False,,NO_GATEWAY,True
2634,GATEWAY_FAILURE,CONTROLLED_SOFTWARE_INJECTION,CSS-LoRa SX1278 (Ra-02),75.0,634,1787960131.6999,-125.0,-22.0,False,,NO_GATEWAY,True
2635,GATEWAY_FAILURE,CONTROLLED_SOFTWARE_INJECTION,CSS-LoRa SX1278 (Ra-02),75.0,635,1787960131.7499,-125.0,-22.0,False,,NO_GATEWAY,True
2636,GATEWAY_FAILURE,CONTROLLED_SOFTWARE_INJECTION,CSS-LoRa SX1278 (Ra-02),75.0,636,1787960131.7999,-125.0,-22.0,False,,NO_GATEWAY,True
2637,GATEWAY_FAILURE,CONTROLLED_SOFTWARE_INJECTION,CSS-LoRa SX1278 (Ra-02),75.0,637,1787960131.8499,-125.0,-22.0,False,,NO_GATEWAY,True
2638,GATEWAY_FAILURE,CONTROLLED_SOFTWARE_INJECTION,CSS-LoRa SX1278 (Ra-02),75.0,638,1787960131.8999,-125.0,-22.0,False,,NO_GATEWAY,True
2639,GATEWAY_FAILURE,CONTROLLED_SOFTWARE_INJECTION,CSS-LoRa SX1278 (Ra-02),75.0,639,1787960131.9499,-125.0,-22.0,False,,NO_GATEWAY,True
2640,GATEWAY_FAILURE,CONTROLLED_SOFTWARE_INJECTION,CSS-LoRa SX1278 (Ra-02),75.0,640,1787960131.9999,-125.0,-22.0,False,,NO_GATEWAY,True
2641,GATEWAY_FAILURE,CONTROLLED_SOFTWARE_INJECTION,CSS-LoRa SX1278 (Ra-02),75.0,641,1787960132.0499,-125.0,-22.0,False,,NO_GATEWAY,True
2642,GATEWAY_FAILURE,CONTROLLED_SOFTWARE_INJECTION,CSS-LoRa SX1278 (Ra-02),75.0,642,1787960132.0999,-125.0,-22.0,False,,NO_GATEWAY,True
2643,GATEWAY_FAILURE,CONTROLLED_SOFTWARE_INJECTION,CSS-LoRa SX1278 (Ra-02),75.0,643,1787960132.1499,-125.0,-22.0,False,,NO_GATEWAY,True
2644,GATEWAY_FAILURE,CONTROLLED_SOFTWARE_INJECTION,CSS-LoRa SX1278 (Ra-02),75.0,644,1787960132.1999,-125.0,-22.0,False,,NO_GATEWAY,True
2645,GATEWAY_FAILURE,CONTROLLED_SOFTWARE_INJECTION,CSS-LoRa SX1278 (Ra-02),75.0,645,1787960132.2499,-125.0,-22.0,False,,NO_GATEWAY,True
2646,GATEWAY_FAILURE,CONTROLLED_SOFTWARE_INJECTION,CSS-LoRa SX1278 (Ra-02),75.0,646,1787960132.2999,-125.0,-22.0,False,,NO_GATEWAY,True
2647,GATEWAY_FAILURE,CONTROLLED_SOFTWARE_INJECTION,CSS-LoRa SX1278 (Ra-02),75.0,647,1787960132.3499,-125.0,-22.0,False,,NO_GATEWAY,True
2648,GATEWAY_FAILURE,CONTROLLED_SOFTWARE_INJECTION,CSS-LoRa SX1278 (Ra-02),75.0,648,1787960132.3999,-125.0,-22.0,False,,NO_GATEWAY,True
2649,GATEWAY_FAILURE,CONTROLLED_SOFTWARE_INJECTION,CSS-LoRa SX1278 (Ra-02),75.0,649,1787960132.4499,-125.0,-22.0,False,,NO_GATEWAY,True
2650,GATEWAY_FAILURE,CONTROLLED_SOFTWARE_INJECTION,CSS-LoRa SX1278 (Ra-02),75.0,650,1787960132.4999,-125.0,-22.0,False,,NO_GATEWAY,True
2651,GATEWAY_FAILURE,CONTROLLED_SOFTWARE_INJECTION,CSS-LoRa SX1278 (Ra-02),75.0,651,1787960132.5499,-125.0,-22.0,False,,NO_GATEWAY,True
2652,GATEWAY_FAILURE,CONTROLLED_SOFTWARE_INJECTION,CSS-LoRa SX1278 (Ra-02),75.0,652,1787960132.5999,-125.0,-22.0,False,,NO_GATEWAY,True
2653,GATEWAY_FAILURE,CONTROLLED_SOFTWARE_INJECTION,CSS-LoRa SX1278 (Ra-02),75.0,653,1787960132.6499,-125.0,-22.0,False,,NO_GATEWAY,True
2654,GATEWAY_FAILURE,CONTROLLED_SOFTWARE_INJECTION,CSS-LoRa SX1278 (Ra-02),75.0,654,1787960132.6999,-125.0,-22.0,False,,NO_GATEWAY,True
2655,GATEWAY_FAILURE,CONTROLLED_SOFTWARE_INJECTION,CSS-LoRa SX1278 (Ra-02),75.0,655,1787960132.7499,-125.0,-22.0,False,,NO_GATEWAY,True
2656,GATEWAY_FAILURE,CONTROLLED_SOFTWARE_INJECTION,CSS-LoRa SX1278 (Ra-02),75.0,656,1787960132.7999,-125.0,-22.0,False,,NO_GATEWAY,True
2657,GATEWAY_FAILURE,CONTROLLED_SOFTWARE_INJECTION,CSS-LoRa SX1278 (Ra-02),75.0,657,1787960132.8499,-125.0,-22.0,False,,NO_GATEWAY,True
2658,GATEWAY_FAILURE,CONTROLLED_SOFTWARE_INJECTION,CSS-LoRa SX1278 (Ra-02),75.0,658,1787960132.8999,-125.0,-22.0,False,,NO_GATEWAY,True
2659,GATEWAY_FAILURE,CONTROLLED_SOFTWARE_INJECTION,CSS-LoRa SX1278 (Ra-02),75.0,659,1787960132.9499,-125.0,-22.0,False,,NO_GATEWAY,True
2660,GATEWAY_FAILURE,CONTROLLED_SOFTWARE_INJECTION,CSS-LoRa SX1278 (Ra-02),75.0,660,1787960132.9999,-125.0,-22.0,False,,NO_GATEWAY,True
2661,GATEWAY_FAILURE,CONTROLLED_SOFTWARE_INJECTION,CSS-LoRa SX1278 (Ra-02),75.0,661,1787960133.0499,-125.0,-22.0,False,,NO_GATEWAY,True
2662,GATEWAY_FAILURE,CONTROLLED_SOFTWARE_INJECTION,CSS-LoRa SX1278 (Ra-02),75.0,662,1787960133.0999,-125.0,-22.0,False,,NO_GATEWAY,True
2663,GATEWAY_FAILURE,CONTROLLED_SOFTWARE_INJECTION,CSS-LoRa SX1278 (Ra-02),75.0,663,1787960133.1499,-125.0,-22.0,False,,NO_GATEWAY,True
2664,GATEWAY_FAILURE,CONTROLLED_SOFTWARE_INJECTION,CSS-LoRa SX1278 (Ra-02),75.0,664,1787960133.1999,-125.0,-22.0,False,,NO_GATEWAY,True
2665,GATEWAY_FAILURE,CONTROLLED_SOFTWARE_INJECTION,CSS-LoRa SX1278 (Ra-02),75.0,665,1787960133.2499,-125.0,-22.0,False,,NO_GATEWAY,True
2666,GATEWAY_FAILURE,CONTROLLED_SOFTWARE_INJECTION,CSS-LoRa SX1278 (Ra-02),75.0,666,1787960133.2999,-125.0,-22.0,False,,NO_GATEWAY,True
2667,GATEWAY_FAILURE,CONTROLLED_SOFTWARE_INJECTION,CSS-LoRa SX1278 (Ra-02),75.0,667,1787960133.3499,-125.0,-22.0,False,,NO_GATEWAY,True
2668,GATEWAY_FAILURE,CONTROLLED_SOFTWARE_INJECTION,CSS-LoRa SX1278 (Ra-02),75.0,668,1787960133.3999,-125.0,-22.0,False,,NO_GATEWAY,True
2669,GATEWAY_FAILURE,CONTROLLED_SOFTWARE_INJECTION,CSS-LoRa SX1278 (Ra-02),75.0,669,1787960133.4499,-125.0,-22.0,False,,NO_GATEWAY,True
2670,GATEWAY_FAILURE,CONTROLLED_SOFTWARE_INJECTION,CSS-LoRa SX1278 (Ra-02),75.0,670,1787960133.4999,-125.0,-22.0,False,,NO_GATEWAY,True
2671,GATEWAY_FAILURE,CONTROLLED_SOFTWARE_INJECTION,CSS-LoRa SX1278 (Ra-02),75.0,671,1787960133.5499,-125.0,-22.0,False,,NO_GATEWAY,True
2672,GATEWAY_FAILURE,CONTROLLED_SOFTWARE_INJECTION,CSS-LoRa SX1278 (Ra-02),75.0,672,1787960133.5999,-125.0,-22.0,False,,NO_GATEWAY,True
2673,GATEWAY_FAILURE,CONTROLLED_SOFTWARE_INJECTION,CSS-LoRa SX1278 (Ra-02),75.0,673,1787960133.6499,-125.0,-22.0,False,,NO_GATEWAY,True
2674,GATEWAY_FAILURE,CONTROLLED_SOFTWARE_INJECTION,CSS-LoRa SX1278 (Ra-02),75.0,674,1787960133.6999,-125.0,-22.0,False,,NO_GATEWAY,True
2675,GATEWAY_FAILURE,CONTROLLED_SOFTWARE_INJECTION,CSS-LoRa SX1278 (Ra-02),75.0,675,1787960133.7499,-125.0,-22.0,False,,NO_GATEWAY,True
2676,GATEWAY_FAILURE,CONTROLLED_SOFTWARE_INJECTION,CSS-LoRa SX1278 (Ra-02),75.0,676,1787960133.7999,-125.0,-22.0,False,,NO_GATEWAY,True
2677,GATEWAY_FAILURE,CONTROLLED_SOFTWARE_INJECTION,CSS-LoRa SX1278 (Ra-02),75.0,677,1787960133.8499,-125.0,-22.0,False,,NO_GATEWAY,True
2678,GATEWAY_FAILURE,CONTROLLED_SOFTWARE_INJECTION,CSS-LoRa SX1278 (Ra-02),75.0,678,1787960133.8999,-125.0,-22.0,False,,NO_GATEWAY,True
2679,GATEWAY_FAILURE,CONTROLLED_SOFTWARE_INJECTION,CSS-LoRa SX1278 (Ra-02),75.0,679,1787960133.9499,-125.0,-22.0,False,,NO_GATEWAY,True
2680,GATEWAY_FAILURE,CONTROLLED_SOFTWARE_INJECTION,CSS-LoRa SX1278 (Ra-02),75.0,680,1787960133.9999,-125.0,-22.0,False,,NO_GATEWAY,True
2681,GATEWAY_FAILURE,CONTROLLED_SOFTWARE_INJECTION,CSS-LoRa SX1278 (Ra-02),75.0,681,1787960134.0499,-125.0,-22.0,False,,NO_GATEWAY,True
2682,GATEWAY_FAILURE,CONTROLLED_SOFTWARE_INJECTION,CSS-LoRa SX1278 (Ra-02),75.0,682,1787960134.0999,-125.0,-22.0,False,,NO_GATEWAY,True
2683,GATEWAY_FAILURE,CONTROLLED_SOFTWARE_INJECTION,CSS-LoRa SX1278 (Ra-02),75.0,683,1787960134.1499,-125.0,-22.0,False,,NO_GATEWAY,True
2684,GATEWAY_FAILURE,CONTROLLED_SOFTWARE_INJECTION,CSS-LoRa SX1278 (Ra-02),75.0,684,1787960134.1999,-125.0,-22.0,False,,NO_GATEWAY,True
2685,GATEWAY_FAILURE,CONTROLLED_SOFTWARE_INJECTION,CSS-LoRa SX1278 (Ra-02),75.0,685,1787960134.2499,-125.0,-22.0,False,,NO_GATEWAY,True
2686,GATEWAY_FAILURE,CONTROLLED_SOFTWARE_INJECTION,CSS-LoRa SX1278 (Ra-02),75.0,686,1787960134.2999,-125.0,-22.0,False,,NO_GATEWAY,True
2687,GATEWAY_FAILURE,CONTROLLED_SOFTWARE_INJECTION,CSS-LoRa SX1278 (Ra-02),75.0,687,1787960134.3499,-125.0,-22.0,False,,NO_GATEWAY,True
2688,GATEWAY_FAILURE,CONTROLLED_SOFTWARE_INJECTION,CSS-LoRa SX1278 (Ra-02),75.0,688,1787960134.3999,-125.0,-22.0,False,,NO_GATEWAY,True
2689,GATEWAY_FAILURE,CONTROLLED_SOFTWARE_INJECTION,CSS-LoRa SX1278 (Ra-02),75.0,689,1787960134.4499,-125.0,-22.0,False,,NO_GATEWAY,True
2690,GATEWAY_FAILURE,CONTROLLED_SOFTWARE_INJECTION,CSS-LoRa SX1278 (Ra-02),75.0,690,1787960134.4999,-125.0,-22.0,False,,NO_GATEWAY,True
2691,GATEWAY_FAILURE,CONTROLLED_SOFTWARE_INJECTION,CSS-LoRa SX1278 (Ra-02),75.0,691,1787960134.5499,-125.0,-22.0,False,,NO_GATEWAY,True
2692,GATEWAY_FAILURE,CONTROLLED_SOFTWARE_INJECTION,CSS-LoRa SX1278 (Ra-02),75.0,692,1787960134.5999,-125.0,-22.0,False,,NO_GATEWAY,True
2693,GATEWAY_FAILURE,CONTROLLED_SOFTWARE_INJECTION,CSS-LoRa SX1278 (Ra-02),75.0,693,1787960134.6499,-125.0,-22.0,False,,NO_GATEWAY,True
2694,GATEWAY_FAILURE,CONTROLLED_SOFTWARE_INJECTION,CSS-LoRa SX1278 (Ra-02),75.0,694,1787960134.6999,-125.0,-22.0,False,,NO_GATEWAY,True
2695,GATEWAY_FAILURE,CONTROLLED_SOFTWARE_INJECTION,CSS-LoRa SX1278 (Ra-02),75.0,695,1787960134.7499,-125.0,-22.0,False,,NO_GATEWAY,True
2696,GATEWAY_FAILURE,CONTROLLED_SOFTWARE_INJECTION,CSS-LoRa SX1278 (Ra-02),75.0,696,1787960134.7999,-125.0,-22.0,False,,NO_GATEWAY,True
2697,GATEWAY_FAILURE,CONTROLLED_SOFTWARE_INJECTION,CSS-LoRa SX1278 (Ra-02),75.0,697,1787960134.8499,-125.0,-22.0,False,,NO_GATEWAY,True
2698,GATEWAY_FAILURE,CONTROLLED_SOFTWARE_INJECTION,CSS-LoRa SX1278 (Ra-02),75.0,698,1787960134.8999,-125.0,-22.0,False,,NO_GATEWAY,True
2699,GATEWAY_FAILURE,CONTROLLED_SOFTWARE_INJECTION,CSS-LoRa SX1278 (Ra-02),75.0,699,1787960134.9499,-125.0,-22.0,False,,NO_GATEWAY,True
2700,GATEWAY_FAILURE,CONTROLLED_SOFTWARE_INJECTION,CSS-LoRa SX1278 (Ra-02),75.0,700,1787960134.9999,-125.0,-22.0,False,,NO_GATEWAY,True
2701,GATEWAY_FAILURE,CONTROLLED_SOFTWARE_INJECTION,CSS-LoRa SX1278 (Ra-02),75.0,701,1787960135.0499,-125.0,-22.0,False,,NO_GATEWAY,True
2702,GATEWAY_FAILURE,CONTROLLED_SOFTWARE_INJECTION,CSS-LoRa SX1278 (Ra-02),75.0,702,1787960135.0999,-125.0,-22.0,False,,NO_GATEWAY,True
2703,GATEWAY_FAILURE,CONTROLLED_SOFTWARE_INJECTION,CSS-LoRa SX1278 (Ra-02),75.0,703,1787960135.1499,-125.0,-22.0,False,,NO_GATEWAY,True
2704,GATEWAY_FAILURE,CONTROLLED_SOFTWARE_INJECTION,CSS-LoRa SX1278 (Ra-02),75.0,704,1787960135.1999,-125.0,-22.0,False,,NO_GATEWAY,True
2705,GATEWAY_FAILURE,CONTROLLED_SOFTWARE_INJECTION,CSS-LoRa SX1278 (Ra-02),75.0,705,1787960135.2499,-125.0,-22.0,False,,NO_GATEWAY,True
2706,GATEWAY_FAILURE,CONTROLLED_SOFTWARE_INJECTION,CSS-LoRa SX1278 (Ra-02),75.0,706,1787960135.2999,-125.0,-22.0,False,,NO_GATEWAY,True
2707,GATEWAY_FAILURE,CONTROLLED_SOFTWARE_INJECTION,CSS-LoRa SX1278 (Ra-02),75.0,707,1787960135.3499,-125.0,-22.0,False,,NO_GATEWAY,True
2708,GATEWAY_FAILURE,CONTROLLED_SOFTWARE_INJECTION,CSS-LoRa SX1278 (Ra-02),75.0,708,1787960135.3999,-125.0,-22.0,False,,NO_GATEWAY,True
2709,GATEWAY_FAILURE,CONTROLLED_SOFTWARE_INJECTION,CSS-LoRa SX1278 (Ra-02),75.0,709,1787960135.4499,-125.0,-22.0,False,,NO_GATEWAY,True
2710,GATEWAY_FAILURE,CONTROLLED_SOFTWARE_INJECTION,CSS-LoRa SX1278 (Ra-02),75.0,710,1787960135.4999,-125.0,-22.0,False,,NO_GATEWAY,True
2711,GATEWAY_FAILURE,CONTROLLED_SOFTWARE_INJECTION,CSS-LoRa SX1278 (Ra-02),75.0,711,1787960135.5499,-125.0,-22.0,False,,NO_GATEWAY,True
2712,GATEWAY_FAILURE,CONTROLLED_SOFTWARE_INJECTION,CSS-LoRa SX1278 (Ra-02),75.0,712,1787960135.5999,-125.0,-22.0,False,,NO_GATEWAY,True
2713,GATEWAY_FAILURE,CONTROLLED_SOFTWARE_INJECTION,CSS-LoRa SX1278 (Ra-02),75.0,713,1787960135.6499,-125.0,-22.0,False,,NO_GATEWAY,True
2714,GATEWAY_FAILURE,CONTROLLED_SOFTWARE_INJECTION,CSS-LoRa SX1278 (Ra-02),75.0,714,1787960135.6999,-125.0,-22.0,False,,NO_GATEWAY,True
2715,GATEWAY_FAILURE,CONTROLLED_SOFTWARE_INJECTION,CSS-LoRa SX1278 (Ra-02),75.0,715,1787960135.7499,-125.0,-22.0,False,,NO_GATEWAY,True
2716,GATEWAY_FAILURE,CONTROLLED_SOFTWARE_INJECTION,CSS-LoRa SX1278 (Ra-02),75.0,716,1787960135.7999,-125.0,-22.0,False,,NO_GATEWAY,True
2717,GATEWAY_FAILURE,CONTROLLED_SOFTWARE_INJECTION,CSS-LoRa SX1278 (Ra-02),75.0,717,1787960135.8499,-125.0,-22.0,False,,NO_GATEWAY,True
2718,GATEWAY_FAILURE,CONTROLLED_SOFTWARE_INJECTION,CSS-LoRa SX1278 (Ra-02),75.0,718,1787960135.8999,-125.0,-22.0,False,,NO_GATEWAY,True
2719,GATEWAY_FAILURE,CONTROLLED_SOFTWARE_INJECTION,CSS-LoRa SX1278 (Ra-02),75.0,719,1787960135.9499,-125.0,-22.0,False,,NO_GATEWAY,True
2720,GATEWAY_FAILURE,CONTROLLED_SOFTWARE_INJECTION,CSS-LoRa SX1278 (Ra-02),75.0,720,1787960135.9999,-125.0,-22.0,False,,NO_GATEWAY,True
2721,GATEWAY_FAILURE,CONTROLLED_SOFTWARE_INJECTION,CSS-LoRa SX1278 (Ra-02),75.0,721,1787960136.0499,-125.0,-22.0,False,,NO_GATEWAY,True
2722,GATEWAY_FAILURE,CONTROLLED_SOFTWARE_INJECTION,CSS-LoRa SX1278 (Ra-02),75.0,722,1787960136.0999,-125.0,-22.0,False,,NO_GATEWAY,True
2723,GATEWAY_FAILURE,CONTROLLED_SOFTWARE_INJECTION,CSS-LoRa SX1278 (Ra-02),75.0,723,1787960136.1499,-125.0,-22.0,False,,NO_GATEWAY,True
2724,GATEWAY_FAILURE,CONTROLLED_SOFTWARE_INJECTION,CSS-LoRa SX1278 (Ra-02),75.0,724,1787960136.1999,-125.0,-22.0,False,,NO_GATEWAY,True
2725,GATEWAY_FAILURE,CONTROLLED_SOFTWARE_INJECTION,CSS-LoRa SX1278 (Ra-02),75.0,725,1787960136.2499,-125.0,-22.0,False,,NO_GATEWAY,True
2726,GATEWAY_FAILURE,CONTROLLED_SOFTWARE_INJECTION,CSS-LoRa SX1278 (Ra-02),75.0,726,1787960136.2999,-125.0,-22.0,False,,NO_GATEWAY,True
2727,GATEWAY_FAILURE,CONTROLLED_SOFTWARE_INJECTION,CSS-LoRa SX1278 (Ra-02),75.0,727,1787960136.3499,-125.0,-22.0,False,,NO_GATEWAY,True
2728,GATEWAY_FAILURE,CONTROLLED_SOFTWARE_INJECTION,CSS-LoRa SX1278 (Ra-02),75.0,728,1787960136.3999,-125.0,-22.0,False,,NO_GATEWAY,True
2729,GATEWAY_FAILURE,CONTROLLED_SOFTWARE_INJECTION,CSS-LoRa SX1278 (Ra-02),75.0,729,1787960136.4499,-125.0,-22.0,False,,NO_GATEWAY,True
2730,GATEWAY_FAILURE,CONTROLLED_SOFTWARE_INJECTION,CSS-LoRa SX1278 (Ra-02),75.0,730,1787960136.4999,-125.0,-22.0,False,,NO_GATEWAY,True
2731,GATEWAY_FAILURE,CONTROLLED_SOFTWARE_INJECTION,CSS-LoRa SX1278 (Ra-02),75.0,731,1787960136.5499,-125.0,-22.0,False,,NO_GATEWAY,True
2732,GATEWAY_FAILURE,CONTROLLED_SOFTWARE_INJECTION,CSS-LoRa SX1278 (Ra-02),75.0,732,1787960136.5999,-125.0,-22.0,False,,NO_GATEWAY,True
2733,GATEWAY_FAILURE,CONTROLLED_SOFTWARE_INJECTION,CSS-LoRa SX1278 (Ra-02),75.0,733,1787960136.6499,-125.0,-22.0,False,,NO_GATEWAY,True
2734,GATEWAY_FAILURE,CONTROLLED_SOFTWARE_INJECTION,CSS-LoRa SX1278 (Ra-02),75.0,734,1787960136.6999,-125.0,-22.0,False,,NO_GATEWAY,True
2735,GATEWAY_FAILURE,CONTROLLED_SOFTWARE_INJECTION,CSS-LoRa SX1278 (Ra-02),75.0,735,1787960136.7499,-125.0,-22.0,False,,NO_GATEWAY,True
2736,GATEWAY_FAILURE,CONTROLLED_SOFTWARE_INJECTION,CSS-LoRa SX1278 (Ra-02),75.0,736,1787960136.7999,-125.0,-22.0,False,,NO_GATEWAY,True
2737,GATEWAY_FAILURE,CONTROLLED_SOFTWARE_INJECTION,CSS-LoRa SX1278 (Ra-02),75.0,737,1787960136.8499,-125.0,-22.0,False,,NO_GATEWAY,True
2738,GATEWAY_FAILURE,CONTROLLED_SOFTWARE_INJECTION,CSS-LoRa SX1278 (Ra-02),75.0,738,1787960136.8999,-125.0,-22.0,False,,NO_GATEWAY,True
2739,GATEWAY_FAILURE,CONTROLLED_SOFTWARE_INJECTION,CSS-LoRa SX1278 (Ra-02),75.0,739,1787960136.9499,-125.0,-22.0,False,,NO_GATEWAY,True
2740,GATEWAY_FAILURE,CONTROLLED_SOFTWARE_INJECTION,CSS-LoRa SX1278 (Ra-02),75.0,740,1787960136.9999,-125.0,-22.0,False,,NO_GATEWAY,True
2741,GATEWAY_FAILURE,CONTROLLED_SOFTWARE_INJECTION,CSS-LoRa SX1278 (Ra-02),75.0,741,1787960137.0499,-125.0,-22.0,False,,NO_GATEWAY,True
2742,GATEWAY_FAILURE,CONTROLLED_SOFTWARE_INJECTION,CSS-LoRa SX1278 (Ra-02),75.0,742,1787960137.0999,-125.0,-22.0,False,,NO_GATEWAY,True
2743,GATEWAY_FAILURE,CONTROLLED_SOFTWARE_INJECTION,CSS-LoRa SX1278 (Ra-02),75.0,743,1787960137.1499,-125.0,-22.0,False,,NO_GATEWAY,True
2744,GATEWAY_FAILURE,CONTROLLED_SOFTWARE_INJECTION,CSS-LoRa SX1278 (Ra-02),75.0,744,1787960137.1999,-125.0,-22.0,False,,NO_GATEWAY,True
2745,GATEWAY_FAILURE,CONTROLLED_SOFTWARE_INJECTION,CSS-LoRa SX1278 (Ra-02),75.0,745,1787960137.2499,-125.0,-22.0,False,,NO_GATEWAY,True
2746,GATEWAY_FAILURE,CONTROLLED_SOFTWARE_INJECTION,CSS-LoRa SX1278 (Ra-02),75.0,746,1787960137.2999,-125.0,-22.0,False,,NO_GATEWAY,True
2747,GATEWAY_FAILURE,CONTROLLED_SOFTWARE_INJECTION,CSS-LoRa SX1278 (Ra-02),75.0,747,1787960137.3499,-125.0,-22.0,False,,NO_GATEWAY,True
2748,GATEWAY_FAILURE,CONTROLLED_SOFTWARE_INJECTION,CSS-LoRa SX1278 (Ra-02),75.0,748,1787960137.3999,-125.0,-22.0,False,,NO_GATEWAY,True
2749,GATEWAY_FAILURE,CONTROLLED_SOFTWARE_INJECTION,CSS-LoRa SX1278 (Ra-02),75.0,749,1787960137.4499,-125.0,-22.0,False,,NO_GATEWAY,True
2750,GATEWAY_FAILURE,CONTROLLED_SOFTWARE_INJECTION,CSS-LoRa SX1278 (Ra-02),75.0,750,1787960137.4999,-125.0,-22.0,False,,NO_GATEWAY,True
2751,GATEWAY_FAILURE,CONTROLLED_SOFTWARE_INJECTION,CSS-LoRa SX1278 (Ra-02),75.0,751,1787960137.5499,-125.0,-22.0,False,,NO_GATEWAY,True
2752,GATEWAY_FAILURE,CONTROLLED_SOFTWARE_INJECTION,CSS-LoRa SX1278 (Ra-02),75.0,752,1787960137.5999,-125.0,-22.0,False,,NO_GATEWAY,True
2753,GATEWAY_FAILURE,CONTROLLED_SOFTWARE_INJECTION,CSS-LoRa SX1278 (Ra-02),75.0,753,1787960137.6499,-125.0,-22.0,False,,NO_GATEWAY,True
2754,GATEWAY_FAILURE,CONTROLLED_SOFTWARE_INJECTION,CSS-LoRa SX1278 (Ra-02),75.0,754,1787960137.6999,-125.0,-22.0,False,,NO_GATEWAY,True
2755,GATEWAY_FAILURE,CONTROLLED_SOFTWARE_INJECTION,CSS-LoRa SX1278 (Ra-02),75.0,755,1787960137.7499,-125.0,-22.0,False,,NO_GATEWAY,True
2756,GATEWAY_FAILURE,CONTROLLED_SOFTWARE_INJECTION,CSS-LoRa SX1278 (Ra-02),75.0,756,1787960137.7999,-125.0,-22.0,False,,NO_GATEWAY,True
2757,GATEWAY_FAILURE,CONTROLLED_SOFTWARE_INJECTION,CSS-LoRa SX1278 (Ra-02),75.0,757,1787960137.8499,-125.0,-22.0,False,,NO_GATEWAY,True
2758,GATEWAY_FAILURE,CONTROLLED_SOFTWARE_INJECTION,CSS-LoRa SX1278 (Ra-02),75.0,758,1787960137.8999,-125.0,-22.0,False,,NO_GATEWAY,True
2759,GATEWAY_FAILURE,CONTROLLED_SOFTWARE_INJECTION,CSS-LoRa SX1278 (Ra-02),75.0,759,1787960137.9499,-125.0,-22.0,False,,NO_GATEWAY,True
2760,GATEWAY_FAILURE,CONTROLLED_SOFTWARE_INJECTION,CSS-LoRa SX1278 (Ra-02),75.0,760,1787960137.9999,-125.0,-22.0,False,,NO_GATEWAY,True
2761,GATEWAY_FAILURE,CONTROLLED_SOFTWARE_INJECTION,CSS-LoRa SX1278 (Ra-02),75.0,761,1787960138.0499,-125.0,-22.0,False,,NO_GATEWAY,True
2762,GATEWAY_FAILURE,CONTROLLED_SOFTWARE_INJECTION,CSS-LoRa SX1278 (Ra-02),75.0,762,1787960138.0999,-125.0,-22.0,False,,NO_GATEWAY,True
2763,GATEWAY_FAILURE,CONTROLLED_SOFTWARE_INJECTION,CSS-LoRa SX1278 (Ra-02),75.0,763,1787960138.1499,-125.0,-22.0,False,,NO_GATEWAY,True
2764,GATEWAY_FAILURE,CONTROLLED_SOFTWARE_INJECTION,CSS-LoRa SX1278 (Ra-02),75.0,764,1787960138.1999,-125.0,-22.0,False,,NO_GATEWAY,True
2765,GATEWAY_FAILURE,CONTROLLED_SOFTWARE_INJECTION,CSS-LoRa SX1278 (Ra-02),75.0,765,1787960138.2499,-125.0,-22.0,False,,NO_GATEWAY,True
2766,GATEWAY_FAILURE,CONTROLLED_SOFTWARE_INJECTION,CSS-LoRa SX1278 (Ra-02),75.0,766,1787960138.2999,-125.0,-22.0,False,,NO_GATEWAY,True
2767,GATEWAY_FAILURE,CONTROLLED_SOFTWARE_INJECTION,CSS-LoRa SX1278 (Ra-02),75.0,767,1787960138.3499,-125.0,-22.0,False,,NO_GATEWAY,True
2768,GATEWAY_FAILURE,CONTROLLED_SOFTWARE_INJECTION,CSS-LoRa SX1278 (Ra-02),75.0,768,1787960138.3999,-125.0,-22.0,False,,NO_GATEWAY,True
2769,GATEWAY_FAILURE,CONTROLLED_SOFTWARE_INJECTION,CSS-LoRa SX1278 (Ra-02),75.0,769,1787960138.4499,-125.0,-22.0,False,,NO_GATEWAY,True
2770,GATEWAY_FAILURE,CONTROLLED_SOFTWARE_INJECTION,CSS-LoRa SX1278 (Ra-02),75.0,770,1787960138.4999,-125.0,-22.0,False,,NO_GATEWAY,True
2771,GATEWAY_FAILURE,CONTROLLED_SOFTWARE_INJECTION,CSS-LoRa SX1278 (Ra-02),75.0,771,1787960138.5499,-125.0,-22.0,False,,NO_GATEWAY,True
2772,GATEWAY_FAILURE,CONTROLLED_SOFTWARE_INJECTION,CSS-LoRa SX1278 (Ra-02),75.0,772,1787960138.5999,-125.0,-22.0,False,,NO_GATEWAY,True
2773,GATEWAY_FAILURE,CONTROLLED_SOFTWARE_INJECTION,CSS-LoRa SX1278 (Ra-02),75.0,773,1787960138.6499,-125.0,-22.0,False,,NO_GATEWAY,True
2774,GATEWAY_FAILURE,CONTROLLED_SOFTWARE_INJECTION,CSS-LoRa SX1278 (Ra-02),75.0,774,1787960138.6999,-125.0,-22.0,False,,NO_GATEWAY,True
2775,GATEWAY_FAILURE,CONTROLLED_SOFTWARE_INJECTION,CSS-LoRa SX1278 (Ra-02),75.0,775,1787960138.7499,-125.0,-22.0,False,,NO_GATEWAY,True
2776,GATEWAY_FAILURE,CONTROLLED_SOFTWARE_INJECTION,CSS-LoRa SX1278 (Ra-02),75.0,776,1787960138.7999,-125.0,-22.0,False,,NO_GATEWAY,True
2777,GATEWAY_FAILURE,CONTROLLED_SOFTWARE_INJECTION,CSS-LoRa SX1278 (Ra-02),75.0,777,1787960138.8499,-125.0,-22.0,False,,NO_GATEWAY,True
2778,GATEWAY_FAILURE,CONTROLLED_SOFTWARE_INJECTION,CSS-LoRa SX1278 (Ra-02),75.0,778,1787960138.8999,-125.0,-22.0,False,,NO_GATEWAY,True
2779,GATEWAY_FAILURE,CONTROLLED_SOFTWARE_INJECTION,CSS-LoRa SX1278 (Ra-02),75.0,779,1787960138.9499,-125.0,-22.0,False,,NO_GATEWAY,True
2780,GATEWAY_FAILURE,CONTROLLED_SOFTWARE_INJECTION,CSS-LoRa SX1278 (Ra-02),75.0,780,1787960138.9999,-125.0,-22.0,False,,NO_GATEWAY,True
2781,GATEWAY_FAILURE,CONTROLLED_SOFTWARE_INJECTION,CSS-LoRa SX1278 (Ra-02),75.0,781,1787960139.0499,-125.0,-22.0,False,,NO_GATEWAY,True
2782,GATEWAY_FAILURE,CONTROLLED_SOFTWARE_INJECTION,CSS-LoRa SX1278 (Ra-02),75.0,782,1787960139.0999,-125.0,-22.0,False,,NO_GATEWAY,True
2783,GATEWAY_FAILURE,CONTROLLED_SOFTWARE_INJECTION,CSS-LoRa SX1278 (Ra-02),75.0,783,1787960139.1499,-125.0,-22.0,False,,NO_GATEWAY,True
2784,GATEWAY_FAILURE,CONTROLLED_SOFTWARE_INJECTION,CSS-LoRa SX1278 (Ra-02),75.0,784,1787960139.1999,-125.0,-22.0,False,,NO_GATEWAY,True
2785,GATEWAY_FAILURE,CONTROLLED_SOFTWARE_INJECTION,CSS-LoRa SX1278 (Ra-02),75.0,785,1787960139.2499,-125.0,-22.0,False,,NO_GATEWAY,True
2786,GATEWAY_FAILURE,CONTROLLED_SOFTWARE_INJECTION,CSS-LoRa SX1278 (Ra-02),75.0,786,1787960139.2999,-125.0,-22.0,False,,NO_GATEWAY,True
2787,GATEWAY_FAILURE,CONTROLLED_SOFTWARE_INJECTION,CSS-LoRa SX1278 (Ra-02),75.0,787,1787960139.3499,-125.0,-22.0,False,,NO_GATEWAY,True
2788,GATEWAY_FAILURE,CONTROLLED_SOFTWARE_INJECTION,CSS-LoRa SX1278 (Ra-02),75.0,788,1787960139.3999,-125.0,-22.0,False,,NO_GATEWAY,True
2789,GATEWAY_FAILURE,CONTROLLED_SOFTWARE_INJECTION,CSS-LoRa SX1278 (Ra-02),75.0,789,1787960139.4499,-125.0,-22.0,False,,NO_GATEWAY,True
2790,GATEWAY_FAILURE,CONTROLLED_SOFTWARE_INJECTION,CSS-LoRa SX1278 (Ra-02),75.0,790,1787960139.4999,-125.0,-22.0,False,,NO_GATEWAY,True
2791,GATEWAY_FAILURE,CONTROLLED_SOFTWARE_INJECTION,CSS-LoRa SX1278 (Ra-02),75.0,791,1787960139.5499,-125.0,-22.0,False,,NO_GATEWAY,True
2792,GATEWAY_FAILURE,CONTROLLED_SOFTWARE_INJECTION,CSS-LoRa SX1278 (Ra-02),75.0,792,1787960139.5999,-125.0,-22.0,False,,NO_GATEWAY,True
2793,GATEWAY_FAILURE,CONTROLLED_SOFTWARE_INJECTION,CSS-LoRa SX1278 (Ra-02),75.0,793,1787960139.6499,-125.0,-22.0,False,,NO_GATEWAY,True
2794,GATEWAY_FAILURE,CONTROLLED_SOFTWARE_INJECTION,CSS-LoRa SX1278 (Ra-02),75.0,794,1787960139.6999,-125.0,-22.0,False,,NO_GATEWAY,True
2795,GATEWAY_FAILURE,CONTROLLED_SOFTWARE_INJECTION,CSS-LoRa SX1278 (Ra-02),75.0,795,1787960139.7499,-125.0,-22.0,False,,NO_GATEWAY,True
2796,GATEWAY_FAILURE,CONTROLLED_SOFTWARE_INJECTION,CSS-LoRa SX1278 (Ra-02),75.0,796,1787960139.7999,-125.0,-22.0,False,,NO_GATEWAY,True
2797,GATEWAY_FAILURE,CONTROLLED_SOFTWARE_INJECTION,CSS-LoRa SX1278 (Ra-02),75.0,797,1787960139.8499,-125.0,-22.0,False,,NO_GATEWAY,True
2798,GATEWAY_FAILURE,CONTROLLED_SOFTWARE_INJECTION,CSS-LoRa SX1278 (Ra-02),75.0,798,1787960139.8999,-125.0,-22.0,False,,NO_GATEWAY,True
2799,GATEWAY_FAILURE,CONTROLLED_SOFTWARE_INJECTION,CSS-LoRa SX1278 (Ra-02),75.0,799,1787960139.9499,-125.0,-22.0,False,,NO_GATEWAY,True
2800,GATEWAY_FAILURE,CONTROLLED_SOFTWARE_INJECTION,CSS-LoRa SX1278 (Ra-02),75.0,800,1787960139.9999,-125.0,-22.0,False,,NO_GATEWAY,True
2801,GATEWAY_FAILURE,CONTROLLED_SOFTWARE_INJECTION,CSS-LoRa SX1278 (Ra-02),75.0,801,1787960140.0499,-125.0,-22.0,False,,NO_GATEWAY,True
2802,GATEWAY_FAILURE,CONTROLLED_SOFTWARE_INJECTION,CSS-LoRa SX1278 (Ra-02),75.0,802,1787960140.0999,-125.0,-22.0,False,,NO_GATEWAY,True
2803,GATEWAY_FAILURE,CONTROLLED_SOFTWARE_INJECTION,CSS-LoRa SX1278 (Ra-02),75.0,803,1787960140.1499,-125.0,-22.0,False,,NO_GATEWAY,True
2804,GATEWAY_FAILURE,CONTROLLED_SOFTWARE_INJECTION,CSS-LoRa SX1278 (Ra-02),75.0,804,1787960140.1999,-125.0,-22.0,False,,NO_GATEWAY,True
2805,GATEWAY_FAILURE,CONTROLLED_SOFTWARE_INJECTION,CSS-LoRa SX1278 (Ra-02),75.0,805,1787960140.2499,-125.0,-22.0,False,,NO_GATEWAY,True
2806,GATEWAY_FAILURE,CONTROLLED_SOFTWARE_INJECTION,CSS-LoRa SX1278 (Ra-02),75.0,806,1787960140.2999,-125.0,-22.0,False,,NO_GATEWAY,True
2807,GATEWAY_FAILURE,CONTROLLED_SOFTWARE_INJECTION,CSS-LoRa SX1278 (Ra-02),75.0,807,1787960140.3499,-125.0,-22.0,False,,NO_GATEWAY,True
2808,GATEWAY_FAILURE,CONTROLLED_SOFTWARE_INJECTION,CSS-LoRa SX1278 (Ra-02),75.0,808,1787960140.3999,-125.0,-22.0,False,,NO_GATEWAY,True
2809,GATEWAY_FAILURE,CONTROLLED_SOFTWARE_INJECTION,CSS-LoRa SX1278 (Ra-02),75.0,809,1787960140.4499,-125.0,-22.0,False,,NO_GATEWAY,True
2810,GATEWAY_FAILURE,CONTROLLED_SOFTWARE_INJECTION,CSS-LoRa SX1278 (Ra-02),75.0,810,1787960140.4999,-125.0,-22.0,False,,NO_GATEWAY,True
2811,GATEWAY_FAILURE,CONTROLLED_SOFTWARE_INJECTION,CSS-LoRa SX1278 (Ra-02),75.0,811,1787960140.5499,-125.0,-22.0,False,,NO_GATEWAY,True
2812,GATEWAY_FAILURE,CONTROLLED_SOFTWARE_INJECTION,CSS-LoRa SX1278 (Ra-02),75.0,812,1787960140.5999,-125.0,-22.0,False,,NO_GATEWAY,True
2813,GATEWAY_FAILURE,CONTROLLED_SOFTWARE_INJECTION,CSS-LoRa SX1278 (Ra-02),75.0,813,1787960140.6499,-125.0,-22.0,False,,NO_GATEWAY,True
2814,GATEWAY_FAILURE,CONTROLLED_SOFTWARE_INJECTION,CSS-LoRa SX1278 (Ra-02),75.0,814,1787960140.6999,-125.0,-22.0,False,,NO_GATEWAY,True
2815,GATEWAY_FAILURE,CONTROLLED_SOFTWARE_INJECTION,CSS-LoRa SX1278 (Ra-02),75.0,815,1787960140.7499,-125.0,-22.0,False,,NO_GATEWAY,True
2816,GATEWAY_FAILURE,CONTROLLED_SOFTWARE_INJECTION,CSS-LoRa SX1278 (Ra-02),75.0,816,1787960140.7999,-125.0,-22.0,False,,NO_GATEWAY,True
2817,GATEWAY_FAILURE,CONTROLLED_SOFTWARE_INJECTION,CSS-LoRa SX1278 (Ra-02),75.0,817,1787960140.8499,-125.0,-22.0,False,,NO_GATEWAY,True
2818,GATEWAY_FAILURE,CONTROLLED_SOFTWARE_INJECTION,CSS-LoRa SX1278 (Ra-02),75.0,818,1787960140.8999,-125.0,-22.0,False,,NO_GATEWAY,True
2819,GATEWAY_FAILURE,CONTROLLED_SOFTWARE_INJECTION,CSS-LoRa SX1278 (Ra-02),75.0,819,1787960140.9499,-125.0,-22.0,False,,NO_GATEWAY,True
2820,GATEWAY_FAILURE,CONTROLLED_SOFTWARE_INJECTION,CSS-LoRa SX1278 (Ra-02),75.0,820,1787960140.9999,-125.0,-22.0,False,,NO_GATEWAY,True
2821,GATEWAY_FAILURE,CONTROLLED_SOFTWARE_INJECTION,CSS-LoRa SX1278 (Ra-02),75.0,821,1787960141.0499,-125.0,-22.0,False,,NO_GATEWAY,True
2822,GATEWAY_FAILURE,CONTROLLED_SOFTWARE_INJECTION,CSS-LoRa SX1278 (Ra-02),75.0,822,1787960141.0999,-125.0,-22.0,False,,NO_GATEWAY,True
2823,GATEWAY_FAILURE,CONTROLLED_SOFTWARE_INJECTION,CSS-LoRa SX1278 (Ra-02),75.0,823,1787960141.1499,-125.0,-22.0,False,,NO_GATEWAY,True
2824,GATEWAY_FAILURE,CONTROLLED_SOFTWARE_INJECTION,CSS-LoRa SX1278 (Ra-02),75.0,824,1787960141.1999,-125.0,-22.0,False,,NO_GATEWAY,True
2825,GATEWAY_FAILURE,CONTROLLED_SOFTWARE_INJECTION,CSS-LoRa SX1278 (Ra-02),75.0,825,1787960141.2499,-125.0,-22.0,False,,NO_GATEWAY,True
2826,GATEWAY_FAILURE,CONTROLLED_SOFTWARE_INJECTION,CSS-LoRa SX1278 (Ra-02),75.0,826,1787960141.2999,-125.0,-22.0,False,,NO_GATEWAY,True
2827,GATEWAY_FAILURE,CONTROLLED_SOFTWARE_INJECTION,CSS-LoRa SX1278 (Ra-02),75.0,827,1787960141.3499,-125.0,-22.0,False,,NO_GATEWAY,True
2828,GATEWAY_FAILURE,CONTROLLED_SOFTWARE_INJECTION,CSS-LoRa SX1278 (Ra-02),75.0,828,1787960141.3999,-125.0,-22.0,False,,NO_GATEWAY,True
2829,GATEWAY_FAILURE,CONTROLLED_SOFTWARE_INJECTION,CSS-LoRa SX1278 (Ra-02),75.0,829,1787960141.4499,-125.0,-22.0,False,,NO_GATEWAY,True
2830,GATEWAY_FAILURE,CONTROLLED_SOFTWARE_INJECTION,CSS-LoRa SX1278 (Ra-02),75.0,830,1787960141.4999,-125.0,-22.0,False,,NO_GATEWAY,True
2831,GATEWAY_FAILURE,CONTROLLED_SOFTWARE_INJECTION,CSS-LoRa SX1278 (Ra-02),75.0,831,1787960141.5499,-125.0,-22.0,False,,NO_GATEWAY,True
2832,GATEWAY_FAILURE,CONTROLLED_SOFTWARE_INJECTION,CSS-LoRa SX1278 (Ra-02),75.0,832,1787960141.5999,-125.0,-22.0,False,,NO_GATEWAY,True
2833,GATEWAY_FAILURE,CONTROLLED_SOFTWARE_INJECTION,CSS-LoRa SX1278 (Ra-02),75.0,833,1787960141.6499,-125.0,-22.0,False,,NO_GATEWAY,True
2834,GATEWAY_FAILURE,CONTROLLED_SOFTWARE_INJECTION,CSS-LoRa SX1278 (Ra-02),75.0,834,1787960141.6999,-125.0,-22.0,False,,NO_GATEWAY,True
2835,GATEWAY_FAILURE,CONTROLLED_SOFTWARE_INJECTION,CSS-LoRa SX1278 (Ra-02),75.0,835,1787960141.7499,-125.0,-22.0,False,,NO_GATEWAY,True
2836,GATEWAY_FAILURE,CONTROLLED_SOFTWARE_INJECTION,CSS-LoRa SX1278 (Ra-02),75.0,836,1787960141.7999,-125.0,-22.0,False,,NO_GATEWAY,True
2837,GATEWAY_FAILURE,CONTROLLED_SOFTWARE_INJECTION,CSS-LoRa SX1278 (Ra-02),75.0,837,1787960141.8499,-125.0,-22.0,False,,NO_GATEWAY,True
2838,GATEWAY_FAILURE,CONTROLLED_SOFTWARE_INJECTION,CSS-LoRa SX1278 (Ra-02),75.0,838,1787960141.8999,-125.0,-22.0,False,,NO_GATEWAY,True
2839,GATEWAY_FAILURE,CONTROLLED_SOFTWARE_INJECTION,CSS-LoRa SX1278 (Ra-02),75.0,839,1787960141.9499,-125.0,-22.0,False,,NO_GATEWAY,True
2840,GATEWAY_FAILURE,CONTROLLED_SOFTWARE_INJECTION,CSS-LoRa SX1278 (Ra-02),75.0,840,1787960141.9999,-125.0,-22.0,False,,NO_GATEWAY,True
2841,GATEWAY_FAILURE,CONTROLLED_SOFTWARE_INJECTION,CSS-LoRa SX1278 (Ra-02),75.0,841,1787960142.0499,-125.0,-22.0,False,,NO_GATEWAY,True
2842,GATEWAY_FAILURE,CONTROLLED_SOFTWARE_INJECTION,CSS-LoRa SX1278 (Ra-02),75.0,842,1787960142.0999,-125.0,-22.0,False,,NO_GATEWAY,True
2843,GATEWAY_FAILURE,CONTROLLED_SOFTWARE_INJECTION,CSS-LoRa SX1278 (Ra-02),75.0,843,1787960142.1499,-125.0,-22.0,False,,NO_GATEWAY,True
2844,GATEWAY_FAILURE,CONTROLLED_SOFTWARE_INJECTION,CSS-LoRa SX1278 (Ra-02),75.0,844,1787960142.1999,-125.0,-22.0,False,,NO_GATEWAY,True
2845,GATEWAY_FAILURE,CONTROLLED_SOFTWARE_INJECTION,CSS-LoRa SX1278 (Ra-02),75.0,845,1787960142.2499,-125.0,-22.0,False,,NO_GATEWAY,True
2846,GATEWAY_FAILURE,CONTROLLED_SOFTWARE_INJECTION,CSS-LoRa SX1278 (Ra-02),75.0,846,1787960142.2999,-125.0,-22.0,False,,NO_GATEWAY,True
2847,GATEWAY_FAILURE,CONTROLLED_SOFTWARE_INJECTION,CSS-LoRa SX1278 (Ra-02),75.0,847,1787960142.3499,-125.0,-22.0,False,,NO_GATEWAY,True
2848,GATEWAY_FAILURE,CONTROLLED_SOFTWARE_INJECTION,CSS-LoRa SX1278 (Ra-02),75.0,848,1787960142.3999,-125.0,-22.0,False,,NO_GATEWAY,True
2849,GATEWAY_FAILURE,CONTROLLED_SOFTWARE_INJECTION,CSS-LoRa SX1278 (Ra-02),75.0,849,1787960142.4499,-125.0,-22.0,False,,NO_GATEWAY,True
2850,GATEWAY_FAILURE,CONTROLLED_SOFTWARE_INJECTION,CSS-LoRa SX1278 (Ra-02),75.0,850,1787960142.4999,-125.0,-22.0,False,,NO_GATEWAY,True
2851,GATEWAY_FAILURE,CONTROLLED_SOFTWARE_INJECTION,CSS-LoRa SX1278 (Ra-02),75.0,851,1787960142.5499,-125.0,-22.0,False,,NO_GATEWAY,True
2852,GATEWAY_FAILURE,CONTROLLED_SOFTWARE_INJECTION,CSS-LoRa SX1278 (Ra-02),75.0,852,1787960142.5999,-125.0,-22.0,False,,NO_GATEWAY,True
2853,GATEWAY_FAILURE,CONTROLLED_SOFTWARE_INJECTION,CSS-LoRa SX1278 (Ra-02),75.0,853,1787960142.6499,-125.0,-22.0,False,,NO_GATEWAY,True
2854,GATEWAY_FAILURE,CONTROLLED_SOFTWARE_INJECTION,CSS-LoRa SX1278 (Ra-02),75.0,854,1787960142.6999,-125.0,-22.0,False,,NO_GATEWAY,True
2855,GATEWAY_FAILURE,CONTROLLED_SOFTWARE_INJECTION,CSS-LoRa SX1278 (Ra-02),75.0,855,1787960142.7499,-125.0,-22.0,False,,NO_GATEWAY,True
2856,GATEWAY_FAILURE,CONTROLLED_SOFTWARE_INJECTION,CSS-LoRa SX1278 (Ra-02),75.0,856,1787960142.7999,-125.0,-22.0,False,,NO_GATEWAY,True
2857,GATEWAY_FAILURE,CONTROLLED_SOFTWARE_INJECTION,CSS-LoRa SX1278 (Ra-02),75.0,857,1787960142.8499,-125.0,-22.0,False,,NO_GATEWAY,True
2858,GATEWAY_FAILURE,CONTROLLED_SOFTWARE_INJECTION,CSS-LoRa SX1278 (Ra-02),75.0,858,1787960142.8999,-125.0,-22.0,False,,NO_GATEWAY,True
2859,GATEWAY_FAILURE,CONTROLLED_SOFTWARE_INJECTION,CSS-LoRa SX1278 (Ra-02),75.0,859,1787960142.9499,-125.0,-22.0,False,,NO_GATEWAY,True
2860,GATEWAY_FAILURE,CONTROLLED_SOFTWARE_INJECTION,CSS-LoRa SX1278 (Ra-02),75.0,860,1787960142.9999,-125.0,-22.0,False,,NO_GATEWAY,True
2861,GATEWAY_FAILURE,CONTROLLED_SOFTWARE_INJECTION,CSS-LoRa SX1278 (Ra-02),75.0,861,1787960143.0499,-125.0,-22.0,False,,NO_GATEWAY,True
2862,GATEWAY_FAILURE,CONTROLLED_SOFTWARE_INJECTION,CSS-LoRa SX1278 (Ra-02),75.0,862,1787960143.0999,-125.0,-22.0,False,,NO_GATEWAY,True
2863,GATEWAY_FAILURE,CONTROLLED_SOFTWARE_INJECTION,CSS-LoRa SX1278 (Ra-02),75.0,863,1787960143.1499,-125.0,-22.0,False,,NO_GATEWAY,True
2864,GATEWAY_FAILURE,CONTROLLED_SOFTWARE_INJECTION,CSS-LoRa SX1278 (Ra-02),75.0,864,1787960143.1999,-125.0,-22.0,False,,NO_GATEWAY,True
2865,GATEWAY_FAILURE,CONTROLLED_SOFTWARE_INJECTION,CSS-LoRa SX1278 (Ra-02),75.0,865,1787960143.2499,-125.0,-22.0,False,,NO_GATEWAY,True
2866,GATEWAY_FAILURE,CONTROLLED_SOFTWARE_INJECTION,CSS-LoRa SX1278 (Ra-02),75.0,866,1787960143.2999,-125.0,-22.0,False,,NO_GATEWAY,True
2867,GATEWAY_FAILURE,CONTROLLED_SOFTWARE_INJECTION,CSS-LoRa SX1278 (Ra-02),75.0,867,1787960143.3499,-125.0,-22.0,False,,NO_GATEWAY,True
2868,GATEWAY_FAILURE,CONTROLLED_SOFTWARE_INJECTION,CSS-LoRa SX1278 (Ra-02),75.0,868,1787960143.3999,-125.0,-22.0,False,,NO_GATEWAY,True
2869,GATEWAY_FAILURE,CONTROLLED_SOFTWARE_INJECTION,CSS-LoRa SX1278 (Ra-02),75.0,869,1787960143.4499,-125.0,-22.0,False,,NO_GATEWAY,True
2870,GATEWAY_FAILURE,CONTROLLED_SOFTWARE_INJECTION,CSS-LoRa SX1278 (Ra-02),75.0,870,1787960143.4999,-125.0,-22.0,False,,NO_GATEWAY,True
2871,GATEWAY_FAILURE,CONTROLLED_SOFTWARE_INJECTION,CSS-LoRa SX1278 (Ra-02),75.0,871,1787960143.5499,-125.0,-22.0,False,,NO_GATEWAY,True
2872,GATEWAY_FAILURE,CONTROLLED_SOFTWARE_INJECTION,CSS-LoRa SX1278 (Ra-02),75.0,872,1787960143.5999,-125.0,-22.0,False,,NO_GATEWAY,True
2873,GATEWAY_FAILURE,CONTROLLED_SOFTWARE_INJECTION,CSS-LoRa SX1278 (Ra-02),75.0,873,1787960143.6499,-125.0,-22.0,False,,NO_GATEWAY,True
2874,GATEWAY_FAILURE,CONTROLLED_SOFTWARE_INJECTION,CSS-LoRa SX1278 (Ra-02),75.0,874,1787960143.6999,-125.0,-22.0,False,,NO_GATEWAY,True
2875,GATEWAY_FAILURE,CONTROLLED_SOFTWARE_INJECTION,CSS-LoRa SX1278 (Ra-02),75.0,875,1787960143.7499,-125.0,-22.0,False,,NO_GATEWAY,True
2876,GATEWAY_FAILURE,CONTROLLED_SOFTWARE_INJECTION,CSS-LoRa SX1278 (Ra-02),75.0,876,1787960143.7999,-125.0,-22.0,False,,NO_GATEWAY,True
2877,GATEWAY_FAILURE,CONTROLLED_SOFTWARE_INJECTION,CSS-LoRa SX1278 (Ra-02),75.0,877,1787960143.8499,-125.0,-22.0,False,,NO_GATEWAY,True
2878,GATEWAY_FAILURE,CONTROLLED_SOFTWARE_INJECTION,CSS-LoRa SX1278 (Ra-02),75.0,878,1787960143.8999,-125.0,-22.0,False,,NO_GATEWAY,True
2879,GATEWAY_FAILURE,CONTROLLED_SOFTWARE_INJECTION,CSS-LoRa SX1278 (Ra-02),75.0,879,1787960143.9499,-125.0,-22.0,False,,NO_GATEWAY,True
2880,GATEWAY_FAILURE,CONTROLLED_SOFTWARE_INJECTION,CSS-LoRa SX1278 (Ra-02),75.0,880,1787960143.9999,-125.0,-22.0,False,,NO_GATEWAY,True
2881,GATEWAY_FAILURE,CONTROLLED_SOFTWARE_INJECTION,CSS-LoRa SX1278 (Ra-02),75.0,881,1787960144.0499,-125.0,-22.0,False,,NO_GATEWAY,True
2882,GATEWAY_FAILURE,CONTROLLED_SOFTWARE_INJECTION,CSS-LoRa SX1278 (Ra-02),75.0,882,1787960144.0999,-125.0,-22.0,False,,NO_GATEWAY,True
2883,GATEWAY_FAILURE,CONTROLLED_SOFTWARE_INJECTION,CSS-LoRa SX1278 (Ra-02),75.0,883,1787960144.1499,-125.0,-22.0,False,,NO_GATEWAY,True
2884,GATEWAY_FAILURE,CONTROLLED_SOFTWARE_INJECTION,CSS-LoRa SX1278 (Ra-02),75.0,884,1787960144.1999,-125.0,-22.0,False,,NO_GATEWAY,True
2885,GATEWAY_FAILURE,CONTROLLED_SOFTWARE_INJECTION,CSS-LoRa SX1278 (Ra-02),75.0,885,1787960144.2499,-125.0,-22.0,False,,NO_GATEWAY,True
2886,GATEWAY_FAILURE,CONTROLLED_SOFTWARE_INJECTION,CSS-LoRa SX1278 (Ra-02),75.0,886,1787960144.2999,-125.0,-22.0,False,,NO_GATEWAY,True
2887,GATEWAY_FAILURE,CONTROLLED_SOFTWARE_INJECTION,CSS-LoRa SX1278 (Ra-02),75.0,887,1787960144.3499,-125.0,-22.0,False,,NO_GATEWAY,True
2888,GATEWAY_FAILURE,CONTROLLED_SOFTWARE_INJECTION,CSS-LoRa SX1278 (Ra-02),75.0,888,1787960144.3999,-125.0,-22.0,False,,NO_GATEWAY,True
2889,GATEWAY_FAILURE,CONTROLLED_SOFTWARE_INJECTION,CSS-LoRa SX1278 (Ra-02),75.0,889,1787960144.4499,-125.0,-22.0,False,,NO_GATEWAY,True
2890,GATEWAY_FAILURE,CONTROLLED_SOFTWARE_INJECTION,CSS-LoRa SX1278 (Ra-02),75.0,890,1787960144.4999,-125.0,-22.0,False,,NO_GATEWAY,True
2891,GATEWAY_FAILURE,CONTROLLED_SOFTWARE_INJECTION,CSS-LoRa SX1278 (Ra-02),75.0,891,1787960144.5499,-125.0,-22.0,False,,NO_GATEWAY,True
2892,GATEWAY_FAILURE,CONTROLLED_SOFTWARE_INJECTION,CSS-LoRa SX1278 (Ra-02),75.0,892,1787960144.5999,-125.0,-22.0,False,,NO_GATEWAY,True
2893,GATEWAY_FAILURE,CONTROLLED_SOFTWARE_INJECTION,CSS-LoRa SX1278 (Ra-02),75.0,893,1787960144.6499,-125.0,-22.0,False,,NO_GATEWAY,True
2894,GATEWAY_FAILURE,CONTROLLED_SOFTWARE_INJECTION,CSS-LoRa SX1278 (Ra-02),75.0,894,1787960144.6999,-125.0,-22.0,False,,NO_GATEWAY,True
2895,GATEWAY_FAILURE,CONTROLLED_SOFTWARE_INJECTION,CSS-LoRa SX1278 (Ra-02),75.0,895,1787960144.7499,-125.0,-22.0,False,,NO_GATEWAY,True
2896,GATEWAY_FAILURE,CONTROLLED_SOFTWARE_INJECTION,CSS-LoRa SX1278 (Ra-02),75.0,896,1787960144.7999,-125.0,-22.0,False,,NO_GATEWAY,True
2897,GATEWAY_FAILURE,CONTROLLED_SOFTWARE_INJECTION,CSS-LoRa SX1278 (Ra-02),75.0,897,1787960144.8499,-125.0,-22.0,False,,NO_GATEWAY,True
2898,GATEWAY_FAILURE,CONTROLLED_SOFTWARE_INJECTION,CSS-LoRa SX1278 (Ra-02),75.0,898,1787960144.8999,-125.0,-22.0,False,,NO_GATEWAY,True
2899,GATEWAY_FAILURE,CONTROLLED_SOFTWARE_INJECTION,CSS-LoRa SX1278 (Ra-02),75.0,899,1787960144.9499,-125.0,-22.0,False,,NO_GATEWAY,True
2900,GATEWAY_FAILURE,CONTROLLED_SOFTWARE_INJECTION,CSS-LoRa SX1278 (Ra-02),75.0,900,1787960144.9999,-125.0,-22.0,False,,NO_GATEWAY,True
2901,GATEWAY_FAILURE,CONTROLLED_SOFTWARE_INJECTION,CSS-LoRa SX1278 (Ra-02),75.0,901,1787960145.0499,-125.0,-22.0,False,,NO_GATEWAY,True
2902,GATEWAY_FAILURE,CONTROLLED_SOFTWARE_INJECTION,CSS-LoRa SX1278 (Ra-02),75.0,902,1787960145.0999,-125.0,-22.0,False,,NO_GATEWAY,True
2903,GATEWAY_FAILURE,CONTROLLED_SOFTWARE_INJECTION,CSS-LoRa SX1278 (Ra-02),75.0,903,1787960145.1499,-125.0,-22.0,False,,NO_GATEWAY,True
2904,GATEWAY_FAILURE,CONTROLLED_SOFTWARE_INJECTION,CSS-LoRa SX1278 (Ra-02),75.0,904,1787960145.1999,-125.0,-22.0,False,,NO_GATEWAY,True
2905,GATEWAY_FAILURE,CONTROLLED_SOFTWARE_INJECTION,CSS-LoRa SX1278 (Ra-02),75.0,905,1787960145.2499,-125.0,-22.0,False,,NO_GATEWAY,True
2906,GATEWAY_FAILURE,CONTROLLED_SOFTWARE_INJECTION,CSS-LoRa SX1278 (Ra-02),75.0,906,1787960145.2999,-125.0,-22.0,False,,NO_GATEWAY,True
2907,GATEWAY_FAILURE,CONTROLLED_SOFTWARE_INJECTION,CSS-LoRa SX1278 (Ra-02),75.0,907,1787960145.3499,-125.0,-22.0,False,,NO_GATEWAY,True
2908,GATEWAY_FAILURE,CONTROLLED_SOFTWARE_INJECTION,CSS-LoRa SX1278 (Ra-02),75.0,908,1787960145.3999,-125.0,-22.0,False,,NO_GATEWAY,True
2909,GATEWAY_FAILURE,CONTROLLED_SOFTWARE_INJECTION,CSS-LoRa SX1278 (Ra-02),75.0,909,1787960145.4499,-125.0,-22.0,False,,NO_GATEWAY,True
2910,GATEWAY_FAILURE,CONTROLLED_SOFTWARE_INJECTION,CSS-LoRa SX1278 (Ra-02),75.0,910,1787960145.4999,-125.0,-22.0,False,,NO_GATEWAY,True
2911,GATEWAY_FAILURE,CONTROLLED_SOFTWARE_INJECTION,CSS-LoRa SX1278 (Ra-02),75.0,911,1787960145.5499,-125.0,-22.0,False,,NO_GATEWAY,True
2912,GATEWAY_FAILURE,CONTROLLED_SOFTWARE_INJECTION,CSS-LoRa SX1278 (Ra-02),75.0,912,1787960145.5999,-125.0,-22.0,False,,NO_GATEWAY,True
2913,GATEWAY_FAILURE,CONTROLLED_SOFTWARE_INJECTION,CSS-LoRa SX1278 (Ra-02),75.0,913,1787960145.6499,-125.0,-22.0,False,,NO_GATEWAY,True
2914,GATEWAY_FAILURE,CONTROLLED_SOFTWARE_INJECTION,CSS-LoRa SX1278 (Ra-02),75.0,914,1787960145.6999,-125.0,-22.0,False,,NO_GATEWAY,True
2915,GATEWAY_FAILURE,CONTROLLED_SOFTWARE_INJECTION,CSS-LoRa SX1278 (Ra-02),75.0,915,1787960145.7499,-125.0,-22.0,False,,NO_GATEWAY,True
2916,GATEWAY_FAILURE,CONTROLLED_SOFTWARE_INJECTION,CSS-LoRa SX1278 (Ra-02),75.0,916,1787960145.7999,-125.0,-22.0,False,,NO_GATEWAY,True
2917,GATEWAY_FAILURE,CONTROLLED_SOFTWARE_INJECTION,CSS-LoRa SX1278 (Ra-02),75.0,917,1787960145.8499,-125.0,-22.0,False,,NO_GATEWAY,True
2918,GATEWAY_FAILURE,CONTROLLED_SOFTWARE_INJECTION,CSS-LoRa SX1278 (Ra-02),75.0,918,1787960145.8999,-125.0,-22.0,False,,NO_GATEWAY,True
2919,GATEWAY_FAILURE,CONTROLLED_SOFTWARE_INJECTION,CSS-LoRa SX1278 (Ra-02),75.0,919,1787960145.9499,-125.0,-22.0,False,,NO_GATEWAY,True
2920,GATEWAY_FAILURE,CONTROLLED_SOFTWARE_INJECTION,CSS-LoRa SX1278 (Ra-02),75.0,920,1787960145.9999,-125.0,-22.0,False,,NO_GATEWAY,True
2921,GATEWAY_FAILURE,CONTROLLED_SOFTWARE_INJECTION,CSS-LoRa SX1278 (Ra-02),75.0,921,1787960146.0499,-125.0,-22.0,False,,NO_GATEWAY,True
2922,GATEWAY_FAILURE,CONTROLLED_SOFTWARE_INJECTION,CSS-LoRa SX1278 (Ra-02),75.0,922,1787960146.0999,-125.0,-22.0,False,,NO_GATEWAY,True
2923,GATEWAY_FAILURE,CONTROLLED_SOFTWARE_INJECTION,CSS-LoRa SX1278 (Ra-02),75.0,923,1787960146.1499,-125.0,-22.0,False,,NO_GATEWAY,True
2924,GATEWAY_FAILURE,CONTROLLED_SOFTWARE_INJECTION,CSS-LoRa SX1278 (Ra-02),75.0,924,1787960146.1999,-125.0,-22.0,False,,NO_GATEWAY,True
2925,GATEWAY_FAILURE,CONTROLLED_SOFTWARE_INJECTION,CSS-LoRa SX1278 (Ra-02),75.0,925,1787960146.2499,-125.0,-22.0,False,,NO_GATEWAY,True
2926,GATEWAY_FAILURE,CONTROLLED_SOFTWARE_INJECTION,CSS-LoRa SX1278 (Ra-02),75.0,926,1787960146.2999,-125.0,-22.0,False,,NO_GATEWAY,True
2927,GATEWAY_FAILURE,CONTROLLED_SOFTWARE_INJECTION,CSS-LoRa SX1278 (Ra-02),75.0,927,1787960146.3499,-125.0,-22.0,False,,NO_GATEWAY,True
2928,GATEWAY_FAILURE,CONTROLLED_SOFTWARE_INJECTION,CSS-LoRa SX1278 (Ra-02),75.0,928,1787960146.3999,-125.0,-22.0,False,,NO_GATEWAY,True
2929,GATEWAY_FAILURE,CONTROLLED_SOFTWARE_INJECTION,CSS-LoRa SX1278 (Ra-02),75.0,929,1787960146.4499,-125.0,-22.0,False,,NO_GATEWAY,True
2930,GATEWAY_FAILURE,CONTROLLED_SOFTWARE_INJECTION,CSS-LoRa SX1278 (Ra-02),75.0,930,1787960146.4999,-125.0,-22.0,False,,NO_GATEWAY,True
2931,GATEWAY_FAILURE,CONTROLLED_SOFTWARE_INJECTION,CSS-LoRa SX1278 (Ra-02),75.0,931,1787960146.5499,-125.0,-22.0,False,,NO_GATEWAY,True
2932,GATEWAY_FAILURE,CONTROLLED_SOFTWARE_INJECTION,CSS-LoRa SX1278 (Ra-02),75.0,932,1787960146.5999,-125.0,-22.0,False,,NO_GATEWAY,True
2933,GATEWAY_FAILURE,CONTROLLED_SOFTWARE_INJECTION,CSS-LoRa SX1278 (Ra-02),75.0,933,1787960146.6499,-125.0,-22.0,False,,NO_GATEWAY,True
2934,GATEWAY_FAILURE,CONTROLLED_SOFTWARE_INJECTION,CSS-LoRa SX1278 (Ra-02),75.0,934,1787960146.6999,-125.0,-22.0,False,,NO_GATEWAY,True
2935,GATEWAY_FAILURE,CONTROLLED_SOFTWARE_INJECTION,CSS-LoRa SX1278 (Ra-02),75.0,935,1787960146.7499,-125.0,-22.0,False,,NO_GATEWAY,True
2936,GATEWAY_FAILURE,CONTROLLED_SOFTWARE_INJECTION,CSS-LoRa SX1278 (Ra-02),75.0,936,1787960146.7999,-125.0,-22.0,False,,NO_GATEWAY,True
2937,GATEWAY_FAILURE,CONTROLLED_SOFTWARE_INJECTION,CSS-LoRa SX1278 (Ra-02),75.0,937,1787960146.8499,-125.0,-22.0,False,,NO_GATEWAY,True
2938,GATEWAY_FAILURE,CONTROLLED_SOFTWARE_INJECTION,CSS-LoRa SX1278 (Ra-02),75.0,938,1787960146.8999,-125.0,-22.0,False,,NO_GATEWAY,True
2939,GATEWAY_FAILURE,CONTROLLED_SOFTWARE_INJECTION,CSS-LoRa SX1278 (Ra-02),75.0,939,1787960146.9499,-125.0,-22.0,False,,NO_GATEWAY,True
2940,GATEWAY_FAILURE,CONTROLLED_SOFTWARE_INJECTION,CSS-LoRa SX1278 (Ra-02),75.0,940,1787960146.9999,-125.0,-22.0,False,,NO_GATEWAY,True
2941,GATEWAY_FAILURE,CONTROLLED_SOFTWARE_INJECTION,CSS-LoRa SX1278 (Ra-02),75.0,941,1787960147.0499,-125.0,-22.0,False,,NO_GATEWAY,True
2942,GATEWAY_FAILURE,CONTROLLED_SOFTWARE_INJECTION,CSS-LoRa SX1278 (Ra-02),75.0,942,1787960147.0999,-125.0,-22.0,False,,NO_GATEWAY,True
2943,GATEWAY_FAILURE,CONTROLLED_SOFTWARE_INJECTION,CSS-LoRa SX1278 (Ra-02),75.0,943,1787960147.1499,-125.0,-22.0,False,,NO_GATEWAY,True
2944,GATEWAY_FAILURE,CONTROLLED_SOFTWARE_INJECTION,CSS-LoRa SX1278 (Ra-02),75.0,944,1787960147.1999,-125.0,-22.0,False,,NO_GATEWAY,True
2945,GATEWAY_FAILURE,CONTROLLED_SOFTWARE_INJECTION,CSS-LoRa SX1278 (Ra-02),75.0,945,1787960147.2499,-125.0,-22.0,False,,NO_GATEWAY,True
2946,GATEWAY_FAILURE,CONTROLLED_SOFTWARE_INJECTION,CSS-LoRa SX1278 (Ra-02),75.0,946,1787960147.2999,-125.0,-22.0,False,,NO_GATEWAY,True
2947,GATEWAY_FAILURE,CONTROLLED_SOFTWARE_INJECTION,CSS-LoRa SX1278 (Ra-02),75.0,947,1787960147.3499,-125.0,-22.0,False,,NO_GATEWAY,True
2948,GATEWAY_FAILURE,CONTROLLED_SOFTWARE_INJECTION,CSS-LoRa SX1278 (Ra-02),75.0,948,1787960147.3999,-125.0,-22.0,False,,NO_GATEWAY,True
2949,GATEWAY_FAILURE,CONTROLLED_SOFTWARE_INJECTION,CSS-LoRa SX1278 (Ra-02),75.0,949,1787960147.4499,-125.0,-22.0,False,,NO_GATEWAY,True
2950,GATEWAY_FAILURE,CONTROLLED_SOFTWARE_INJECTION,CSS-LoRa SX1278 (Ra-02),75.0,950,1787960147.4999,-125.0,-22.0,False,,NO_GATEWAY,True
2951,GATEWAY_FAILURE,CONTROLLED_SOFTWARE_INJECTION,CSS-LoRa SX1278 (Ra-02),75.0,951,1787960147.5499,-125.0,-22.0,False,,NO_GATEWAY,True
2952,GATEWAY_FAILURE,CONTROLLED_SOFTWARE_INJECTION,CSS-LoRa SX1278 (Ra-02),75.0,952,1787960147.5999,-125.0,-22.0,False,,NO_GATEWAY,True
2953,GATEWAY_FAILURE,CONTROLLED_SOFTWARE_INJECTION,CSS-LoRa SX1278 (Ra-02),75.0,953,1787960147.6499,-125.0,-22.0,False,,NO_GATEWAY,True
2954,GATEWAY_FAILURE,CONTROLLED_SOFTWARE_INJECTION,CSS-LoRa SX1278 (Ra-02),75.0,954,1787960147.6999,-125.0,-22.0,False,,NO_GATEWAY,True
2955,GATEWAY_FAILURE,CONTROLLED_SOFTWARE_INJECTION,CSS-LoRa SX1278 (Ra-02),75.0,955,1787960147.7499,-125.0,-22.0,False,,NO_GATEWAY,True
2956,GATEWAY_FAILURE,CONTROLLED_SOFTWARE_INJECTION,CSS-LoRa SX1278 (Ra-02),75.0,956,1787960147.7999,-125.0,-22.0,False,,NO_GATEWAY,True
2957,GATEWAY_FAILURE,CONTROLLED_SOFTWARE_INJECTION,CSS-LoRa SX1278 (Ra-02),75.0,957,1787960147.8499,-125.0,-22.0,False,,NO_GATEWAY,True
2958,GATEWAY_FAILURE,CONTROLLED_SOFTWARE_INJECTION,CSS-LoRa SX1278 (Ra-02),75.0,958,1787960147.8999,-125.0,-22.0,False,,NO_GATEWAY,True
2959,GATEWAY_FAILURE,CONTROLLED_SOFTWARE_INJECTION,CSS-LoRa SX1278 (Ra-02),75.0,959,1787960147.9499,-125.0,-22.0,False,,NO_GATEWAY,True
2960,GATEWAY_FAILURE,CONTROLLED_SOFTWARE_INJECTION,CSS-LoRa SX1278 (Ra-02),75.0,960,1787960147.9999,-125.0,-22.0,False,,NO_GATEWAY,True
2961,GATEWAY_FAILURE,CONTROLLED_SOFTWARE_INJECTION,CSS-LoRa SX1278 (Ra-02),75.0,961,1787960148.0499,-125.0,-22.0,False,,NO_GATEWAY,True
2962,GATEWAY_FAILURE,CONTROLLED_SOFTWARE_INJECTION,CSS-LoRa SX1278 (Ra-02),75.0,962,1787960148.0999,-125.0,-22.0,False,,NO_GATEWAY,True
2963,GATEWAY_FAILURE,CONTROLLED_SOFTWARE_INJECTION,CSS-LoRa SX1278 (Ra-02),75.0,963,1787960148.1499,-125.0,-22.0,False,,NO_GATEWAY,True
2964,GATEWAY_FAILURE,CONTROLLED_SOFTWARE_INJECTION,CSS-LoRa SX1278 (Ra-02),75.0,964,1787960148.1999,-125.0,-22.0,False,,NO_GATEWAY,True
2965,GATEWAY_FAILURE,CONTROLLED_SOFTWARE_INJECTION,CSS-LoRa SX1278 (Ra-02),75.0,965,1787960148.2499,-125.0,-22.0,False,,NO_GATEWAY,True
2966,GATEWAY_FAILURE,CONTROLLED_SOFTWARE_INJECTION,CSS-LoRa SX1278 (Ra-02),75.0,966,1787960148.2999,-125.0,-22.0,False,,NO_GATEWAY,True
2967,GATEWAY_FAILURE,CONTROLLED_SOFTWARE_INJECTION,CSS-LoRa SX1278 (Ra-02),75.0,967,1787960148.3499,-125.0,-22.0,False,,NO_GATEWAY,True
2968,GATEWAY_FAILURE,CONTROLLED_SOFTWARE_INJECTION,CSS-LoRa SX1278 (Ra-02),75.0,968,1787960148.3999,-125.0,-22.0,False,,NO_GATEWAY,True
2969,GATEWAY_FAILURE,CONTROLLED_SOFTWARE_INJECTION,CSS-LoRa SX1278 (Ra-02),75.0,969,1787960148.4499,-125.0,-22.0,False,,NO_GATEWAY,True
2970,GATEWAY_FAILURE,CONTROLLED_SOFTWARE_INJECTION,CSS-LoRa SX1278 (Ra-02),75.0,970,1787960148.4999,-125.0,-22.0,False,,NO_GATEWAY,True
2971,GATEWAY_FAILURE,CONTROLLED_SOFTWARE_INJECTION,CSS-LoRa SX1278 (Ra-02),75.0,971,1787960148.5499,-125.0,-22.0,False,,NO_GATEWAY,True
2972,GATEWAY_FAILURE,CONTROLLED_SOFTWARE_INJECTION,CSS-LoRa SX1278 (Ra-02),75.0,972,1787960148.5999,-125.0,-22.0,False,,NO_GATEWAY,True
2973,GATEWAY_FAILURE,CONTROLLED_SOFTWARE_INJECTION,CSS-LoRa SX1278 (Ra-02),75.0,973,1787960148.6499,-125.0,-22.0,False,,NO_GATEWAY,True
2974,GATEWAY_FAILURE,CONTROLLED_SOFTWARE_INJECTION,CSS-LoRa SX1278 (Ra-02),75.0,974,1787960148.6999,-125.0,-22.0,False,,NO_GATEWAY,True
2975,GATEWAY_FAILURE,CONTROLLED_SOFTWARE_INJECTION,CSS-LoRa SX1278 (Ra-02),75.0,975,1787960148.7499,-125.0,-22.0,False,,NO_GATEWAY,True
2976,GATEWAY_FAILURE,CONTROLLED_SOFTWARE_INJECTION,CSS-LoRa SX1278 (Ra-02),75.0,976,1787960148.7999,-125.0,-22.0,False,,NO_GATEWAY,True
2977,GATEWAY_FAILURE,CONTROLLED_SOFTWARE_INJECTION,CSS-LoRa SX1278 (Ra-02),75.0,977,1787960148.8499,-125.0,-22.0,False,,NO_GATEWAY,True
2978,GATEWAY_FAILURE,CONTROLLED_SOFTWARE_INJECTION,CSS-LoRa SX1278 (Ra-02),75.0,978,1787960148.8999,-125.0,-22.0,False,,NO_GATEWAY,True
2979,GATEWAY_FAILURE,CONTROLLED_SOFTWARE_INJECTION,CSS-LoRa SX1278 (Ra-02),75.0,979,1787960148.9499,-125.0,-22.0,False,,NO_GATEWAY,True
2980,GATEWAY_FAILURE,CONTROLLED_SOFTWARE_INJECTION,CSS-LoRa SX1278 (Ra-02),75.0,980,1787960148.9999,-125.0,-22.0,False,,NO_GATEWAY,True
2981,GATEWAY_FAILURE,CONTROLLED_SOFTWARE_INJECTION,CSS-LoRa SX1278 (Ra-02),75.0,981,1787960149.0499,-125.0,-22.0,False,,NO_GATEWAY,True
2982,GATEWAY_FAILURE,CONTROLLED_SOFTWARE_INJECTION,CSS-LoRa SX1278 (Ra-02),75.0,982,1787960149.0999,-125.0,-22.0,False,,NO_GATEWAY,True
2983,GATEWAY_FAILURE,CONTROLLED_SOFTWARE_INJECTION,CSS-LoRa SX1278 (Ra-02),75.0,983,1787960149.1499,-125.0,-22.0,False,,NO_GATEWAY,True
2984,GATEWAY_FAILURE,CONTROLLED_SOFTWARE_INJECTION,CSS-LoRa SX1278 (Ra-02),75.0,984,1787960149.1999,-125.0,-22.0,False,,NO_GATEWAY,True
2985,GATEWAY_FAILURE,CONTROLLED_SOFTWARE_INJECTION,CSS-LoRa SX1278 (Ra-02),75.0,985,1787960149.2499,-125.0,-22.0,False,,NO_GATEWAY,True
2986,GATEWAY_FAILURE,CONTROLLED_SOFTWARE_INJECTION,CSS-LoRa SX1278 (Ra-02),75.0,986,1787960149.2999,-125.0,-22.0,False,,NO_GATEWAY,True
2987,GATEWAY_FAILURE,CONTROLLED_SOFTWARE_INJECTION,CSS-LoRa SX1278 (Ra-02),75.0,987,1787960149.3499,-125.0,-22.0,False,,NO_GATEWAY,True
2988,GATEWAY_FAILURE,CONTROLLED_SOFTWARE_INJECTION,CSS-LoRa SX1278 (Ra-02),75.0,988,1787960149.3999,-125.0,-22.0,False,,NO_GATEWAY,True
2989,GATEWAY_FAILURE,CONTROLLED_SOFTWARE_INJECTION,CSS-LoRa SX1278 (Ra-02),75.0,989,1787960149.4499,-125.0,-22.0,False,,NO_GATEWAY,True
2990,GATEWAY_FAILURE,CONTROLLED_SOFTWARE_INJECTION,CSS-LoRa SX1278 (Ra-02),75.0,990,1787960149.4999,-125.0,-22.0,False,,NO_GATEWAY,True
2991,GATEWAY_FAILURE,CONTROLLED_SOFTWARE_INJECTION,CSS-LoRa SX1278 (Ra-02),75.0,991,1787960149.5499,-125.0,-22.0,False,,NO_GATEWAY,True
2992,GATEWAY_FAILURE,CONTROLLED_SOFTWARE_INJECTION,CSS-LoRa SX1278 (Ra-02),75.0,992,1787960149.5999,-125.0,-22.0,False,,NO_GATEWAY,True
2993,GATEWAY_FAILURE,CONTROLLED_SOFTWARE_INJECTION,CSS-LoRa SX1278 (Ra-02),75.0,993,1787960149.6499,-125.0,-22.0,False,,NO_GATEWAY,True
2994,GATEWAY_FAILURE,CONTROLLED_SOFTWARE_INJECTION,CSS-LoRa SX1278 (Ra-02),75.0,994,1787960149.6999,-125.0,-22.0,False,,NO_GATEWAY,True
2995,GATEWAY_FAILURE,CONTROLLED_SOFTWARE_INJECTION,CSS-LoRa SX1278 (Ra-02),75.0,995,1787960149.7499,-125.0,-22.0,False,,NO_GATEWAY,True
2996,GATEWAY_FAILURE,CONTROLLED_SOFTWARE_INJECTION,CSS-LoRa SX1278 (Ra-02),75.0,996,1787960149.7999,-125.0,-22.0,False,,NO_GATEWAY,True
2997,GATEWAY_FAILURE,CONTROLLED_SOFTWARE_INJECTION,CSS-LoRa SX1278 (Ra-02),75.0,997,1787960149.8499,-125.0,-22.0,False,,NO_GATEWAY,True
2998,GATEWAY_FAILURE,CONTROLLED_SOFTWARE_INJECTION,CSS-LoRa SX1278 (Ra-02),75.0,998,1787960149.8999,-125.0,-22.0,False,,NO_GATEWAY,True
2999,GATEWAY_FAILURE,CONTROLLED_SOFTWARE_INJECTION,CSS-LoRa SX1278 (Ra-02),75.0,999,1787960149.9499,-125.0,-22.0,False,,NO_GATEWAY,True
3000,GATEWAY_FAILURE,CONTROLLED_SOFTWARE_INJECTION,CSS-LoRa SX1278 (Ra-02),75.0,1000,1787960149.9999,-125.0,-22.0,False,,NO_GATEWAY,True
3001,PACKET_LOSS_75PCT,CONTROLLED_SOFTWARE_INJECTION,CSS-LoRa SX1278 (Ra-02),150.0,1,1787960150.0499,-85.45,2.16,True,23.54,DEGRADED_COMMUNICATION,True
3002,PACKET_LOSS_75PCT,CONTROLLED_SOFTWARE_INJECTION,CSS-LoRa SX1278 (Ra-02),150.0,2,1787960150.0999,-125.0,-22.0,False,,DEGRADED_COMMUNICATION,True
3003,PACKET_LOSS_75PCT,CONTROLLED_SOFTWARE_INJECTION,CSS-LoRa SX1278 (Ra-02),150.0,3,1787960150.1499,-125.0,-22.0,False,,DEGRADED_COMMUNICATION,True
3004,PACKET_LOSS_75PCT,CONTROLLED_SOFTWARE_INJECTION,CSS-LoRa SX1278 (Ra-02),150.0,4,1787960150.1999,-125.0,-22.0,False,,DEGRADED_COMMUNICATION,True
3005,PACKET_LOSS_75PCT,CONTROLLED_SOFTWARE_INJECTION,CSS-LoRa SX1278 (Ra-02),150.0,5,1787960150.2499,-125.0,-22.0,False,,DEGRADED_COMMUNICATION,True
3006,PACKET_LOSS_75PCT,CONTROLLED_SOFTWARE_INJECTION,CSS-LoRa SX1278 (Ra-02),150.0,6,1787960150.2999,-125.0,-22.0,False,,DEGRADED_COMMUNICATION,True
3007,PACKET_LOSS_75PCT,CONTROLLED_SOFTWARE_INJECTION,CSS-LoRa SX1278 (Ra-02),150.0,7,1787960150.3499,-83.92,3.64,True,22.86,DEGRADED_COMMUNICATION,True
3008,PACKET_LOSS_75PCT,CONTROLLED_SOFTWARE_INJECTION,CSS-LoRa SX1278 (Ra-02),150.0,8,1787960150.3999,-125.0,-22.0,False,,DEGRADED_COMMUNICATION,True
3009,PACKET_LOSS_75PCT,CONTROLLED_SOFTWARE_INJECTION,CSS-LoRa SX1278 (Ra-02),150.0,9,1787960150.4499,-125.0,-22.0,False,,DEGRADED_COMMUNICATION,True
3010,PACKET_LOSS_75PCT,CONTROLLED_SOFTWARE_INJECTION,CSS-LoRa SX1278 (Ra-02),150.0,10,1787960150.4999,-125.0,-22.0,False,,DEGRADED_COMMUNICATION,True
3011,PACKET_LOSS_75PCT,CONTROLLED_SOFTWARE_INJECTION,CSS-LoRa SX1278 (Ra-02),150.0,11,1787960150.5499,-125.0,-22.0,False,,DEGRADED_COMMUNICATION,True
3012,PACKET_LOSS_75PCT,CONTROLLED_SOFTWARE_INJECTION,CSS-LoRa SX1278 (Ra-02),150.0,12,1787960150.5999,-81.51,4.19,True,24.2,DEGRADED_COMMUNICATION,True
3013,PACKET_LOSS_75PCT,CONTROLLED_SOFTWARE_INJECTION,CSS-LoRa SX1278 (Ra-02),150.0,13,1787960150.6499,-125.0,-22.0,False,,DEGRADED_COMMUNICATION,True
3014,PACKET_LOSS_75PCT,CONTROLLED_SOFTWARE_INJECTION,CSS-LoRa SX1278 (Ra-02),150.0,14,1787960150.6999,-125.0,-22.0,False,,DEGRADED_COMMUNICATION,True
3015,PACKET_LOSS_75PCT,CONTROLLED_SOFTWARE_INJECTION,CSS-LoRa SX1278 (Ra-02),150.0,15,1787960150.7499,-125.0,-22.0,False,,DEGRADED_COMMUNICATION,True
3016,PACKET_LOSS_75PCT,CONTROLLED_SOFTWARE_INJECTION,CSS-LoRa SX1278 (Ra-02),150.0,16,1787960150.7999,-125.0,-22.0,False,,DEGRADED_COMMUNICATION,True
3017,PACKET_LOSS_75PCT,CONTROLLED_SOFTWARE_INJECTION,CSS-LoRa SX1278 (Ra-02),150.0,17,1787960150.8499,-125.0,-22.0,False,,DEGRADED_COMMUNICATION,True
3018,PACKET_LOSS_75PCT,CONTROLLED_SOFTWARE_INJECTION,CSS-LoRa SX1278 (Ra-02),150.0,18,1787960150.8999,-83.17,6.64,True,24.59,DEGRADED_COMMUNICATION,True
3019,PACKET_LOSS_75PCT,CONTROLLED_SOFTWARE_INJECTION,CSS-LoRa SX1278 (Ra-02),150.0,19,1787960150.9499,-125.0,-22.0,False,,DEGRADED_COMMUNICATION,True
3020,PACKET_LOSS_75PCT,CONTROLLED_SOFTWARE_INJECTION,CSS-LoRa SX1278 (Ra-02),150.0,20,1787960150.9999,-125.0,-22.0,False,,DEGRADED_COMMUNICATION,True
3021,PACKET_LOSS_75PCT,CONTROLLED_SOFTWARE_INJECTION,CSS-LoRa SX1278 (Ra-02),150.0,21,1787960151.0499,-125.0,-22.0,False,,DEGRADED_COMMUNICATION,True
3022,PACKET_LOSS_75PCT,CONTROLLED_SOFTWARE_INJECTION,CSS-LoRa SX1278 (Ra-02),150.0,22,1787960151.0999,-125.0,-22.0,False,,DEGRADED_COMMUNICATION,True
3023,PACKET_LOSS_75PCT,CONTROLLED_SOFTWARE_INJECTION,CSS-LoRa SX1278 (Ra-02),150.0,23,1787960151.1499,-125.0,-22.0,False,,DEGRADED_COMMUNICATION,True
3024,PACKET_LOSS_75PCT,CONTROLLED_SOFTWARE_INJECTION,CSS-LoRa SX1278 (Ra-02),150.0,24,1787960151.1999,-125.0,-22.0,False,,DEGRADED_COMMUNICATION,True
3025,PACKET_LOSS_75PCT,CONTROLLED_SOFTWARE_INJECTION,CSS-LoRa SX1278 (Ra-02),150.0,25,1787960151.2499,-125.0,-22.0,False,,DEGRADED_COMMUNICATION,True
3026,PACKET_LOSS_75PCT,CONTROLLED_SOFTWARE_INJECTION,CSS-LoRa SX1278 (Ra-02),150.0,26,1787960151.2999,-84.57,4.14,True,24.91,DEGRADED_COMMUNICATION,True
3027,PACKET_LOSS_75PCT,CONTROLLED_SOFTWARE_INJECTION,CSS-LoRa SX1278 (Ra-02),150.0,27,1787960151.3499,-80.52,2.84,True,23.54,DEGRADED_COMMUNICATION,True
3028,PACKET_LOSS_75PCT,CONTROLLED_SOFTWARE_INJECTION,CSS-LoRa SX1278 (Ra-02),150.0,28,1787960151.3999,-125.0,-22.0,False,,DEGRADED_COMMUNICATION,True
3029,PACKET_LOSS_75PCT,CONTROLLED_SOFTWARE_INJECTION,CSS-LoRa SX1278 (Ra-02),150.0,29,1787960151.4499,-84.94,5.01,True,25.84,DEGRADED_COMMUNICATION,True
3030,PACKET_LOSS_75PCT,CONTROLLED_SOFTWARE_INJECTION,CSS-LoRa SX1278 (Ra-02),150.0,30,1787960151.4999,-82.44,5.7,True,26.85,DEGRADED_COMMUNICATION,True
3031,PACKET_LOSS_75PCT,CONTROLLED_SOFTWARE_INJECTION,CSS-LoRa SX1278 (Ra-02),150.0,31,1787960151.5499,-125.0,-22.0,False,,DEGRADED_COMMUNICATION,True
3032,PACKET_LOSS_75PCT,CONTROLLED_SOFTWARE_INJECTION,CSS-LoRa SX1278 (Ra-02),150.0,32,1787960151.5999,-125.0,-22.0,False,,DEGRADED_COMMUNICATION,True
3033,PACKET_LOSS_75PCT,CONTROLLED_SOFTWARE_INJECTION,CSS-LoRa SX1278 (Ra-02),150.0,33,1787960151.6499,-125.0,-22.0,False,,DEGRADED_COMMUNICATION,True
3034,PACKET_LOSS_75PCT,CONTROLLED_SOFTWARE_INJECTION,CSS-LoRa SX1278 (Ra-02),150.0,34,1787960151.6999,-125.0,-22.0,False,,DEGRADED_COMMUNICATION,True
3035,PACKET_LOSS_75PCT,CONTROLLED_SOFTWARE_INJECTION,CSS-LoRa SX1278 (Ra-02),150.0,35,1787960151.7499,-125.0,-22.0,False,,DEGRADED_COMMUNICATION,True
3036,PACKET_LOSS_75PCT,CONTROLLED_SOFTWARE_INJECTION,CSS-LoRa SX1278 (Ra-02),150.0,36,1787960151.7999,-125.0,-22.0,False,,DEGRADED_COMMUNICATION,True
3037,PACKET_LOSS_75PCT,CONTROLLED_SOFTWARE_INJECTION,CSS-LoRa SX1278 (Ra-02),150.0,37,1787960151.8499,-78.68,4.22,True,24.48,DEGRADED_COMMUNICATION,True
3038,PACKET_LOSS_75PCT,CONTROLLED_SOFTWARE_INJECTION,CSS-LoRa SX1278 (Ra-02),150.0,38,1787960151.8999,-85.63,3.33,True,25.42,DEGRADED_COMMUNICATION,True
3039,PACKET_LOSS_75PCT,CONTROLLED_SOFTWARE_INJECTION,CSS-LoRa SX1278 (Ra-02),150.0,39,1787960151.9499,-125.0,-22.0,False,,DEGRADED_COMMUNICATION,True
3040,PACKET_LOSS_75PCT,CONTROLLED_SOFTWARE_INJECTION,CSS-LoRa SX1278 (Ra-02),150.0,40,1787960151.9999,-85.8,4.47,True,23.21,DEGRADED_COMMUNICATION,True
3041,PACKET_LOSS_75PCT,CONTROLLED_SOFTWARE_INJECTION,CSS-LoRa SX1278 (Ra-02),150.0,41,1787960152.0499,-125.0,-22.0,False,,DEGRADED_COMMUNICATION,True
3042,PACKET_LOSS_75PCT,CONTROLLED_SOFTWARE_INJECTION,CSS-LoRa SX1278 (Ra-02),150.0,42,1787960152.0999,-125.0,-22.0,False,,DEGRADED_COMMUNICATION,True
3043,PACKET_LOSS_75PCT,CONTROLLED_SOFTWARE_INJECTION,CSS-LoRa SX1278 (Ra-02),150.0,43,1787960152.1499,-125.0,-22.0,False,,DEGRADED_COMMUNICATION,True
3044,PACKET_LOSS_75PCT,CONTROLLED_SOFTWARE_INJECTION,CSS-LoRa SX1278 (Ra-02),150.0,44,1787960152.1999,-125.0,-22.0,False,,DEGRADED_COMMUNICATION,True
3045,PACKET_LOSS_75PCT,CONTROLLED_SOFTWARE_INJECTION,CSS-LoRa SX1278 (Ra-02),150.0,45,1787960152.2499,-85.85,6.12,True,24.96,DEGRADED_COMMUNICATION,True
3046,PACKET_LOSS_75PCT,CONTROLLED_SOFTWARE_INJECTION,CSS-LoRa SX1278 (Ra-02),150.0,46,1787960152.2999,-125.0,-22.0,False,,DEGRADED_COMMUNICATION,True
3047,PACKET_LOSS_75PCT,CONTROLLED_SOFTWARE_INJECTION,CSS-LoRa SX1278 (Ra-02),150.0,47,1787960152.3499,-125.0,-22.0,False,,DEGRADED_COMMUNICATION,True
3048,PACKET_LOSS_75PCT,CONTROLLED_SOFTWARE_INJECTION,CSS-LoRa SX1278 (Ra-02),150.0,48,1787960152.3999,-125.0,-22.0,False,,DEGRADED_COMMUNICATION,True
3049,PACKET_LOSS_75PCT,CONTROLLED_SOFTWARE_INJECTION,CSS-LoRa SX1278 (Ra-02),150.0,49,1787960152.4499,-125.0,-22.0,False,,DEGRADED_COMMUNICATION,True
3050,PACKET_LOSS_75PCT,CONTROLLED_SOFTWARE_INJECTION,CSS-LoRa SX1278 (Ra-02),150.0,50,1787960152.4999,-125.0,-22.0,False,,DEGRADED_COMMUNICATION,True
3051,PACKET_LOSS_75PCT,CONTROLLED_SOFTWARE_INJECTION,CSS-LoRa SX1278 (Ra-02),150.0,51,1787960152.5499,-83.61,5.16,True,23.53,DEGRADED_COMMUNICATION,True
3052,PACKET_LOSS_75PCT,CONTROLLED_SOFTWARE_INJECTION,CSS-LoRa SX1278 (Ra-02),150.0,52,1787960152.5999,-125.0,-22.0,False,,DEGRADED_COMMUNICATION,True
3053,PACKET_LOSS_75PCT,CONTROLLED_SOFTWARE_INJECTION,CSS-LoRa SX1278 (Ra-02),150.0,53,1787960152.6499,-78.29,2.63,True,26.94,DEGRADED_COMMUNICATION,True
3054,PACKET_LOSS_75PCT,CONTROLLED_SOFTWARE_INJECTION,CSS-LoRa SX1278 (Ra-02),150.0,54,1787960152.6999,-125.0,-22.0,False,,DEGRADED_COMMUNICATION,True
3055,PACKET_LOSS_75PCT,CONTROLLED_SOFTWARE_INJECTION,CSS-LoRa SX1278 (Ra-02),150.0,55,1787960152.7499,-125.0,-22.0,False,,DEGRADED_COMMUNICATION,True
3056,PACKET_LOSS_75PCT,CONTROLLED_SOFTWARE_INJECTION,CSS-LoRa SX1278 (Ra-02),150.0,56,1787960152.7999,-125.0,-22.0,False,,DEGRADED_COMMUNICATION,True
3057,PACKET_LOSS_75PCT,CONTROLLED_SOFTWARE_INJECTION,CSS-LoRa SX1278 (Ra-02),150.0,57,1787960152.8499,-77.34,4.77,True,26.03,DEGRADED_COMMUNICATION,True
3058,PACKET_LOSS_75PCT,CONTROLLED_SOFTWARE_INJECTION,CSS-LoRa SX1278 (Ra-02),150.0,58,1787960152.8999,-125.0,-22.0,False,,DEGRADED_COMMUNICATION,True
3059,PACKET_LOSS_75PCT,CONTROLLED_SOFTWARE_INJECTION,CSS-LoRa SX1278 (Ra-02),150.0,59,1787960152.9499,-81.43,1.16,True,25.73,DEGRADED_COMMUNICATION,True
3060,PACKET_LOSS_75PCT,CONTROLLED_SOFTWARE_INJECTION,CSS-LoRa SX1278 (Ra-02),150.0,60,1787960152.9999,-125.0,-22.0,False,,DEGRADED_COMMUNICATION,True
3061,PACKET_LOSS_75PCT,CONTROLLED_SOFTWARE_INJECTION,CSS-LoRa SX1278 (Ra-02),150.0,61,1787960153.0499,-125.0,-22.0,False,,DEGRADED_COMMUNICATION,True
3062,PACKET_LOSS_75PCT,CONTROLLED_SOFTWARE_INJECTION,CSS-LoRa SX1278 (Ra-02),150.0,62,1787960153.0999,-125.0,-22.0,False,,DEGRADED_COMMUNICATION,True
3063,PACKET_LOSS_75PCT,CONTROLLED_SOFTWARE_INJECTION,CSS-LoRa SX1278 (Ra-02),150.0,63,1787960153.1499,-83.83,4.14,True,26.09,DEGRADED_COMMUNICATION,True
3064,PACKET_LOSS_75PCT,CONTROLLED_SOFTWARE_INJECTION,CSS-LoRa SX1278 (Ra-02),150.0,64,1787960153.1999,-125.0,-22.0,False,,DEGRADED_COMMUNICATION,True
3065,PACKET_LOSS_75PCT,CONTROLLED_SOFTWARE_INJECTION,CSS-LoRa SX1278 (Ra-02),150.0,65,1787960153.2499,-125.0,-22.0,False,,DEGRADED_COMMUNICATION,True
3066,PACKET_LOSS_75PCT,CONTROLLED_SOFTWARE_INJECTION,CSS-LoRa SX1278 (Ra-02),150.0,66,1787960153.2999,-125.0,-22.0,False,,DEGRADED_COMMUNICATION,True
3067,PACKET_LOSS_75PCT,CONTROLLED_SOFTWARE_INJECTION,CSS-LoRa SX1278 (Ra-02),150.0,67,1787960153.3499,-125.0,-22.0,False,,DEGRADED_COMMUNICATION,True
3068,PACKET_LOSS_75PCT,CONTROLLED_SOFTWARE_INJECTION,CSS-LoRa SX1278 (Ra-02),150.0,68,1787960153.3999,-125.0,-22.0,False,,DEGRADED_COMMUNICATION,True
3069,PACKET_LOSS_75PCT,CONTROLLED_SOFTWARE_INJECTION,CSS-LoRa SX1278 (Ra-02),150.0,69,1787960153.4499,-83.13,6.09,True,23.38,DEGRADED_COMMUNICATION,True
3070,PACKET_LOSS_75PCT,CONTROLLED_SOFTWARE_INJECTION,CSS-LoRa SX1278 (Ra-02),150.0,70,1787960153.4999,-125.0,-22.0,False,,DEGRADED_COMMUNICATION,True
3071,PACKET_LOSS_75PCT,CONTROLLED_SOFTWARE_INJECTION,CSS-LoRa SX1278 (Ra-02),150.0,71,1787960153.5499,-83.32,0.71,True,25.02,DEGRADED_COMMUNICATION,True
3072,PACKET_LOSS_75PCT,CONTROLLED_SOFTWARE_INJECTION,CSS-LoRa SX1278 (Ra-02),150.0,72,1787960153.5999,-83.28,4.22,True,26.02,DEGRADED_COMMUNICATION,True
3073,PACKET_LOSS_75PCT,CONTROLLED_SOFTWARE_INJECTION,CSS-LoRa SX1278 (Ra-02),150.0,73,1787960153.6499,-125.0,-22.0,False,,DEGRADED_COMMUNICATION,True
3074,PACKET_LOSS_75PCT,CONTROLLED_SOFTWARE_INJECTION,CSS-LoRa SX1278 (Ra-02),150.0,74,1787960153.6999,-83.8,7.49,True,27.34,DEGRADED_COMMUNICATION,True
3075,PACKET_LOSS_75PCT,CONTROLLED_SOFTWARE_INJECTION,CSS-LoRa SX1278 (Ra-02),150.0,75,1787960153.7499,-125.0,-22.0,False,,DEGRADED_COMMUNICATION,True
3076,PACKET_LOSS_75PCT,CONTROLLED_SOFTWARE_INJECTION,CSS-LoRa SX1278 (Ra-02),150.0,76,1787960153.7999,-125.0,-22.0,False,,DEGRADED_COMMUNICATION,True
3077,PACKET_LOSS_75PCT,CONTROLLED_SOFTWARE_INJECTION,CSS-LoRa SX1278 (Ra-02),150.0,77,1787960153.8499,-125.0,-22.0,False,,DEGRADED_COMMUNICATION,True
3078,PACKET_LOSS_75PCT,CONTROLLED_SOFTWARE_INJECTION,CSS-LoRa SX1278 (Ra-02),150.0,78,1787960153.8999,-125.0,-22.0,False,,DEGRADED_COMMUNICATION,True
3079,PACKET_LOSS_75PCT,CONTROLLED_SOFTWARE_INJECTION,CSS-LoRa SX1278 (Ra-02),150.0,79,1787960153.9499,-125.0,-22.0,False,,DEGRADED_COMMUNICATION,True
3080,PACKET_LOSS_75PCT,CONTROLLED_SOFTWARE_INJECTION,CSS-LoRa SX1278 (Ra-02),150.0,80,1787960153.9999,-125.0,-22.0,False,,DEGRADED_COMMUNICATION,True
3081,PACKET_LOSS_75PCT,CONTROLLED_SOFTWARE_INJECTION,CSS-LoRa SX1278 (Ra-02),150.0,81,1787960154.0499,-125.0,-22.0,False,,DEGRADED_COMMUNICATION,True
3082,PACKET_LOSS_75PCT,CONTROLLED_SOFTWARE_INJECTION,CSS-LoRa SX1278 (Ra-02),150.0,82,1787960154.0999,-125.0,-22.0,False,,DEGRADED_COMMUNICATION,True
3083,PACKET_LOSS_75PCT,CONTROLLED_SOFTWARE_INJECTION,CSS-LoRa SX1278 (Ra-02),150.0,83,1787960154.1499,-125.0,-22.0,False,,DEGRADED_COMMUNICATION,True
3084,PACKET_LOSS_75PCT,CONTROLLED_SOFTWARE_INJECTION,CSS-LoRa SX1278 (Ra-02),150.0,84,1787960154.1999,-125.0,-22.0,False,,DEGRADED_COMMUNICATION,True
3085,PACKET_LOSS_75PCT,CONTROLLED_SOFTWARE_INJECTION,CSS-LoRa SX1278 (Ra-02),150.0,85,1787960154.2499,-125.0,-22.0,False,,DEGRADED_COMMUNICATION,True
3086,PACKET_LOSS_75PCT,CONTROLLED_SOFTWARE_INJECTION,CSS-LoRa SX1278 (Ra-02),150.0,86,1787960154.2999,-78.09,4.6,True,24.09,DEGRADED_COMMUNICATION,True
3087,PACKET_LOSS_75PCT,CONTROLLED_SOFTWARE_INJECTION,CSS-LoRa SX1278 (Ra-02),150.0,87,1787960154.3499,-125.0,-22.0,False,,DEGRADED_COMMUNICATION,True
3088,PACKET_LOSS_75PCT,CONTROLLED_SOFTWARE_INJECTION,CSS-LoRa SX1278 (Ra-02),150.0,88,1787960154.3999,-80.89,4.46,True,27.29,DEGRADED_COMMUNICATION,True
3089,PACKET_LOSS_75PCT,CONTROLLED_SOFTWARE_INJECTION,CSS-LoRa SX1278 (Ra-02),150.0,89,1787960154.4499,-125.0,-22.0,False,,DEGRADED_COMMUNICATION,True
3090,PACKET_LOSS_75PCT,CONTROLLED_SOFTWARE_INJECTION,CSS-LoRa SX1278 (Ra-02),150.0,90,1787960154.4999,-125.0,-22.0,False,,DEGRADED_COMMUNICATION,True
3091,PACKET_LOSS_75PCT,CONTROLLED_SOFTWARE_INJECTION,CSS-LoRa SX1278 (Ra-02),150.0,91,1787960154.5499,-84.98,4.98,True,25.7,DEGRADED_COMMUNICATION,True
3092,PACKET_LOSS_75PCT,CONTROLLED_SOFTWARE_INJECTION,CSS-LoRa SX1278 (Ra-02),150.0,92,1787960154.5999,-125.0,-22.0,False,,DEGRADED_COMMUNICATION,True
3093,PACKET_LOSS_75PCT,CONTROLLED_SOFTWARE_INJECTION,CSS-LoRa SX1278 (Ra-02),150.0,93,1787960154.6499,-125.0,-22.0,False,,DEGRADED_COMMUNICATION,True
3094,PACKET_LOSS_75PCT,CONTROLLED_SOFTWARE_INJECTION,CSS-LoRa SX1278 (Ra-02),150.0,94,1787960154.6999,-125.0,-22.0,False,,DEGRADED_COMMUNICATION,True
3095,PACKET_LOSS_75PCT,CONTROLLED_SOFTWARE_INJECTION,CSS-LoRa SX1278 (Ra-02),150.0,95,1787960154.7499,-125.0,-22.0,False,,DEGRADED_COMMUNICATION,True
3096,PACKET_LOSS_75PCT,CONTROLLED_SOFTWARE_INJECTION,CSS-LoRa SX1278 (Ra-02),150.0,96,1787960154.7999,-125.0,-22.0,False,,DEGRADED_COMMUNICATION,True
3097,PACKET_LOSS_75PCT,CONTROLLED_SOFTWARE_INJECTION,CSS-LoRa SX1278 (Ra-02),150.0,97,1787960154.8499,-82.67,3.11,True,26.62,DEGRADED_COMMUNICATION,True
3098,PACKET_LOSS_75PCT,CONTROLLED_SOFTWARE_INJECTION,CSS-LoRa SX1278 (Ra-02),150.0,98,1787960154.8999,-125.0,-22.0,False,,DEGRADED_COMMUNICATION,True
3099,PACKET_LOSS_75PCT,CONTROLLED_SOFTWARE_INJECTION,CSS-LoRa SX1278 (Ra-02),150.0,99,1787960154.9499,-125.0,-22.0,False,,DEGRADED_COMMUNICATION,True
3100,PACKET_LOSS_75PCT,CONTROLLED_SOFTWARE_INJECTION,CSS-LoRa SX1278 (Ra-02),150.0,100,1787960154.9999,-125.0,-22.0,False,,DEGRADED_COMMUNICATION,True
3101,PACKET_LOSS_75PCT,CONTROLLED_SOFTWARE_INJECTION,CSS-LoRa SX1278 (Ra-02),150.0,101,1787960155.0499,-125.0,-22.0,False,,DEGRADED_COMMUNICATION,True
3102,PACKET_LOSS_75PCT,CONTROLLED_SOFTWARE_INJECTION,CSS-LoRa SX1278 (Ra-02),150.0,102,1787960155.0999,-125.0,-22.0,False,,DEGRADED_COMMUNICATION,True
3103,PACKET_LOSS_75PCT,CONTROLLED_SOFTWARE_INJECTION,CSS-LoRa SX1278 (Ra-02),150.0,103,1787960155.1499,-79.49,4.94,True,23.37,DEGRADED_COMMUNICATION,True
3104,PACKET_LOSS_75PCT,CONTROLLED_SOFTWARE_INJECTION,CSS-LoRa SX1278 (Ra-02),150.0,104,1787960155.1999,-85.41,5.17,True,24.27,DEGRADED_COMMUNICATION,True
3105,PACKET_LOSS_75PCT,CONTROLLED_SOFTWARE_INJECTION,CSS-LoRa SX1278 (Ra-02),150.0,105,1787960155.2499,-125.0,-22.0,False,,DEGRADED_COMMUNICATION,True
3106,PACKET_LOSS_75PCT,CONTROLLED_SOFTWARE_INJECTION,CSS-LoRa SX1278 (Ra-02),150.0,106,1787960155.2999,-125.0,-22.0,False,,DEGRADED_COMMUNICATION,True
3107,PACKET_LOSS_75PCT,CONTROLLED_SOFTWARE_INJECTION,CSS-LoRa SX1278 (Ra-02),150.0,107,1787960155.3499,-81.32,5.59,True,26.83,DEGRADED_COMMUNICATION,True
3108,PACKET_LOSS_75PCT,CONTROLLED_SOFTWARE_INJECTION,CSS-LoRa SX1278 (Ra-02),150.0,108,1787960155.3999,-125.0,-22.0,False,,DEGRADED_COMMUNICATION,True
3109,PACKET_LOSS_75PCT,CONTROLLED_SOFTWARE_INJECTION,CSS-LoRa SX1278 (Ra-02),150.0,109,1787960155.4499,-79.8,4.79,True,29.51,DEGRADED_COMMUNICATION,True
3110,PACKET_LOSS_75PCT,CONTROLLED_SOFTWARE_INJECTION,CSS-LoRa SX1278 (Ra-02),150.0,110,1787960155.4999,-85.97,5.09,True,21.39,DEGRADED_COMMUNICATION,True
3111,PACKET_LOSS_75PCT,CONTROLLED_SOFTWARE_INJECTION,CSS-LoRa SX1278 (Ra-02),150.0,111,1787960155.5499,-125.0,-22.0,False,,DEGRADED_COMMUNICATION,True
3112,PACKET_LOSS_75PCT,CONTROLLED_SOFTWARE_INJECTION,CSS-LoRa SX1278 (Ra-02),150.0,112,1787960155.5999,-125.0,-22.0,False,,DEGRADED_COMMUNICATION,True
3113,PACKET_LOSS_75PCT,CONTROLLED_SOFTWARE_INJECTION,CSS-LoRa SX1278 (Ra-02),150.0,113,1787960155.6499,-125.0,-22.0,False,,DEGRADED_COMMUNICATION,True
3114,PACKET_LOSS_75PCT,CONTROLLED_SOFTWARE_INJECTION,CSS-LoRa SX1278 (Ra-02),150.0,114,1787960155.6999,-125.0,-22.0,False,,DEGRADED_COMMUNICATION,True
3115,PACKET_LOSS_75PCT,CONTROLLED_SOFTWARE_INJECTION,CSS-LoRa SX1278 (Ra-02),150.0,115,1787960155.7499,-78.29,3.46,True,24.29,DEGRADED_COMMUNICATION,True
3116,PACKET_LOSS_75PCT,CONTROLLED_SOFTWARE_INJECTION,CSS-LoRa SX1278 (Ra-02),150.0,116,1787960155.7999,-85.13,6.29,True,23.45,DEGRADED_COMMUNICATION,True
3117,PACKET_LOSS_75PCT,CONTROLLED_SOFTWARE_INJECTION,CSS-LoRa SX1278 (Ra-02),150.0,117,1787960155.8499,-86.83,5.1,True,24.7,DEGRADED_COMMUNICATION,True
3118,PACKET_LOSS_75PCT,CONTROLLED_SOFTWARE_INJECTION,CSS-LoRa SX1278 (Ra-02),150.0,118,1787960155.8999,-125.0,-22.0,False,,DEGRADED_COMMUNICATION,True
3119,PACKET_LOSS_75PCT,CONTROLLED_SOFTWARE_INJECTION,CSS-LoRa SX1278 (Ra-02),150.0,119,1787960155.9499,-125.0,-22.0,False,,DEGRADED_COMMUNICATION,True
3120,PACKET_LOSS_75PCT,CONTROLLED_SOFTWARE_INJECTION,CSS-LoRa SX1278 (Ra-02),150.0,120,1787960155.9999,-125.0,-22.0,False,,DEGRADED_COMMUNICATION,True
3121,PACKET_LOSS_75PCT,CONTROLLED_SOFTWARE_INJECTION,CSS-LoRa SX1278 (Ra-02),150.0,121,1787960156.0499,-125.0,-22.0,False,,DEGRADED_COMMUNICATION,True
3122,PACKET_LOSS_75PCT,CONTROLLED_SOFTWARE_INJECTION,CSS-LoRa SX1278 (Ra-02),150.0,122,1787960156.0999,-84.45,5.78,True,24.92,DEGRADED_COMMUNICATION,True
3123,PACKET_LOSS_75PCT,CONTROLLED_SOFTWARE_INJECTION,CSS-LoRa SX1278 (Ra-02),150.0,123,1787960156.1499,-125.0,-22.0,False,,DEGRADED_COMMUNICATION,True
3124,PACKET_LOSS_75PCT,CONTROLLED_SOFTWARE_INJECTION,CSS-LoRa SX1278 (Ra-02),150.0,124,1787960156.1999,-125.0,-22.0,False,,DEGRADED_COMMUNICATION,True
3125,PACKET_LOSS_75PCT,CONTROLLED_SOFTWARE_INJECTION,CSS-LoRa SX1278 (Ra-02),150.0,125,1787960156.2499,-125.0,-22.0,False,,DEGRADED_COMMUNICATION,True
3126,PACKET_LOSS_75PCT,CONTROLLED_SOFTWARE_INJECTION,CSS-LoRa SX1278 (Ra-02),150.0,126,1787960156.2999,-125.0,-22.0,False,,DEGRADED_COMMUNICATION,True
3127,PACKET_LOSS_75PCT,CONTROLLED_SOFTWARE_INJECTION,CSS-LoRa SX1278 (Ra-02),150.0,127,1787960156.3499,-84.37,3.27,True,26.52,DEGRADED_COMMUNICATION,True
3128,PACKET_LOSS_75PCT,CONTROLLED_SOFTWARE_INJECTION,CSS-LoRa SX1278 (Ra-02),150.0,128,1787960156.3999,-125.0,-22.0,False,,DEGRADED_COMMUNICATION,True
3129,PACKET_LOSS_75PCT,CONTROLLED_SOFTWARE_INJECTION,CSS-LoRa SX1278 (Ra-02),150.0,129,1787960156.4499,-125.0,-22.0,False,,DEGRADED_COMMUNICATION,True
3130,PACKET_LOSS_75PCT,CONTROLLED_SOFTWARE_INJECTION,CSS-LoRa SX1278 (Ra-02),150.0,130,1787960156.4999,-125.0,-22.0,False,,DEGRADED_COMMUNICATION,True
3131,PACKET_LOSS_75PCT,CONTROLLED_SOFTWARE_INJECTION,CSS-LoRa SX1278 (Ra-02),150.0,131,1787960156.5499,-125.0,-22.0,False,,DEGRADED_COMMUNICATION,True
3132,PACKET_LOSS_75PCT,CONTROLLED_SOFTWARE_INJECTION,CSS-LoRa SX1278 (Ra-02),150.0,132,1787960156.5999,-125.0,-22.0,False,,DEGRADED_COMMUNICATION,True
3133,PACKET_LOSS_75PCT,CONTROLLED_SOFTWARE_INJECTION,CSS-LoRa SX1278 (Ra-02),150.0,133,1787960156.6499,-125.0,-22.0,False,,DEGRADED_COMMUNICATION,True
3134,PACKET_LOSS_75PCT,CONTROLLED_SOFTWARE_INJECTION,CSS-LoRa SX1278 (Ra-02),150.0,134,1787960156.6999,-80.43,4.39,True,24.67,DEGRADED_COMMUNICATION,True
3135,PACKET_LOSS_75PCT,CONTROLLED_SOFTWARE_INJECTION,CSS-LoRa SX1278 (Ra-02),150.0,135,1787960156.7499,-125.0,-22.0,False,,DEGRADED_COMMUNICATION,True
3136,PACKET_LOSS_75PCT,CONTROLLED_SOFTWARE_INJECTION,CSS-LoRa SX1278 (Ra-02),150.0,136,1787960156.7999,-125.0,-22.0,False,,DEGRADED_COMMUNICATION,True
3137,PACKET_LOSS_75PCT,CONTROLLED_SOFTWARE_INJECTION,CSS-LoRa SX1278 (Ra-02),150.0,137,1787960156.8499,-125.0,-22.0,False,,DEGRADED_COMMUNICATION,True
3138,PACKET_LOSS_75PCT,CONTROLLED_SOFTWARE_INJECTION,CSS-LoRa SX1278 (Ra-02),150.0,138,1787960156.8999,-125.0,-22.0,False,,DEGRADED_COMMUNICATION,True
3139,PACKET_LOSS_75PCT,CONTROLLED_SOFTWARE_INJECTION,CSS-LoRa SX1278 (Ra-02),150.0,139,1787960156.9499,-125.0,-22.0,False,,DEGRADED_COMMUNICATION,True
3140,PACKET_LOSS_75PCT,CONTROLLED_SOFTWARE_INJECTION,CSS-LoRa SX1278 (Ra-02),150.0,140,1787960156.9999,-125.0,-22.0,False,,DEGRADED_COMMUNICATION,True
3141,PACKET_LOSS_75PCT,CONTROLLED_SOFTWARE_INJECTION,CSS-LoRa SX1278 (Ra-02),150.0,141,1787960157.0499,-125.0,-22.0,False,,DEGRADED_COMMUNICATION,True
3142,PACKET_LOSS_75PCT,CONTROLLED_SOFTWARE_INJECTION,CSS-LoRa SX1278 (Ra-02),150.0,142,1787960157.0999,-125.0,-22.0,False,,DEGRADED_COMMUNICATION,True
3143,PACKET_LOSS_75PCT,CONTROLLED_SOFTWARE_INJECTION,CSS-LoRa SX1278 (Ra-02),150.0,143,1787960157.1499,-125.0,-22.0,False,,DEGRADED_COMMUNICATION,True
3144,PACKET_LOSS_75PCT,CONTROLLED_SOFTWARE_INJECTION,CSS-LoRa SX1278 (Ra-02),150.0,144,1787960157.1999,-80.62,5.06,True,25.36,DEGRADED_COMMUNICATION,True
3145,PACKET_LOSS_75PCT,CONTROLLED_SOFTWARE_INJECTION,CSS-LoRa SX1278 (Ra-02),150.0,145,1787960157.2499,-80.45,7.01,True,26.8,DEGRADED_COMMUNICATION,True
3146,PACKET_LOSS_75PCT,CONTROLLED_SOFTWARE_INJECTION,CSS-LoRa SX1278 (Ra-02),150.0,146,1787960157.2998,-125.0,-22.0,False,,DEGRADED_COMMUNICATION,True
3147,PACKET_LOSS_75PCT,CONTROLLED_SOFTWARE_INJECTION,CSS-LoRa SX1278 (Ra-02),150.0,147,1787960157.3498,-84.61,3.86,True,26.61,DEGRADED_COMMUNICATION,True
3148,PACKET_LOSS_75PCT,CONTROLLED_SOFTWARE_INJECTION,CSS-LoRa SX1278 (Ra-02),150.0,148,1787960157.3998,-80.29,5.28,True,22.21,DEGRADED_COMMUNICATION,True
3149,PACKET_LOSS_75PCT,CONTROLLED_SOFTWARE_INJECTION,CSS-LoRa SX1278 (Ra-02),150.0,149,1787960157.4498,-125.0,-22.0,False,,DEGRADED_COMMUNICATION,True
3150,PACKET_LOSS_75PCT,CONTROLLED_SOFTWARE_INJECTION,CSS-LoRa SX1278 (Ra-02),150.0,150,1787960157.4998,-125.0,-22.0,False,,DEGRADED_COMMUNICATION,True
3151,PACKET_LOSS_75PCT,CONTROLLED_SOFTWARE_INJECTION,CSS-LoRa SX1278 (Ra-02),150.0,151,1787960157.5498,-125.0,-22.0,False,,DEGRADED_COMMUNICATION,True
3152,PACKET_LOSS_75PCT,CONTROLLED_SOFTWARE_INJECTION,CSS-LoRa SX1278 (Ra-02),150.0,152,1787960157.5998,-125.0,-22.0,False,,DEGRADED_COMMUNICATION,True
3153,PACKET_LOSS_75PCT,CONTROLLED_SOFTWARE_INJECTION,CSS-LoRa SX1278 (Ra-02),150.0,153,1787960157.6498,-82.57,6.55,True,26.42,DEGRADED_COMMUNICATION,True
3154,PACKET_LOSS_75PCT,CONTROLLED_SOFTWARE_INJECTION,CSS-LoRa SX1278 (Ra-02),150.0,154,1787960157.6998,-125.0,-22.0,False,,DEGRADED_COMMUNICATION,True
3155,PACKET_LOSS_75PCT,CONTROLLED_SOFTWARE_INJECTION,CSS-LoRa SX1278 (Ra-02),150.0,155,1787960157.7498,-125.0,-22.0,False,,DEGRADED_COMMUNICATION,True
3156,PACKET_LOSS_75PCT,CONTROLLED_SOFTWARE_INJECTION,CSS-LoRa SX1278 (Ra-02),150.0,156,1787960157.7998,-125.0,-22.0,False,,DEGRADED_COMMUNICATION,True
3157,PACKET_LOSS_75PCT,CONTROLLED_SOFTWARE_INJECTION,CSS-LoRa SX1278 (Ra-02),150.0,157,1787960157.8498,-83.93,6.29,True,25.7,DEGRADED_COMMUNICATION,True
3158,PACKET_LOSS_75PCT,CONTROLLED_SOFTWARE_INJECTION,CSS-LoRa SX1278 (Ra-02),150.0,158,1787960157.8998,-125.0,-22.0,False,,DEGRADED_COMMUNICATION,True
3159,PACKET_LOSS_75PCT,CONTROLLED_SOFTWARE_INJECTION,CSS-LoRa SX1278 (Ra-02),150.0,159,1787960157.9498,-78.39,4.55,True,25.06,DEGRADED_COMMUNICATION,True
3160,PACKET_LOSS_75PCT,CONTROLLED_SOFTWARE_INJECTION,CSS-LoRa SX1278 (Ra-02),150.0,160,1787960157.9998,-125.0,-22.0,False,,DEGRADED_COMMUNICATION,True
3161,PACKET_LOSS_75PCT,CONTROLLED_SOFTWARE_INJECTION,CSS-LoRa SX1278 (Ra-02),150.0,161,1787960158.0498,-125.0,-22.0,False,,DEGRADED_COMMUNICATION,True
3162,PACKET_LOSS_75PCT,CONTROLLED_SOFTWARE_INJECTION,CSS-LoRa SX1278 (Ra-02),150.0,162,1787960158.0998,-125.0,-22.0,False,,DEGRADED_COMMUNICATION,True
3163,PACKET_LOSS_75PCT,CONTROLLED_SOFTWARE_INJECTION,CSS-LoRa SX1278 (Ra-02),150.0,163,1787960158.1498,-125.0,-22.0,False,,DEGRADED_COMMUNICATION,True
3164,PACKET_LOSS_75PCT,CONTROLLED_SOFTWARE_INJECTION,CSS-LoRa SX1278 (Ra-02),150.0,164,1787960158.1998,-77.36,6.03,True,23.81,DEGRADED_COMMUNICATION,True
3165,PACKET_LOSS_75PCT,CONTROLLED_SOFTWARE_INJECTION,CSS-LoRa SX1278 (Ra-02),150.0,165,1787960158.2498,-125.0,-22.0,False,,DEGRADED_COMMUNICATION,True
3166,PACKET_LOSS_75PCT,CONTROLLED_SOFTWARE_INJECTION,CSS-LoRa SX1278 (Ra-02),150.0,166,1787960158.2998,-125.0,-22.0,False,,DEGRADED_COMMUNICATION,True
3167,PACKET_LOSS_75PCT,CONTROLLED_SOFTWARE_INJECTION,CSS-LoRa SX1278 (Ra-02),150.0,167,1787960158.3498,-125.0,-22.0,False,,DEGRADED_COMMUNICATION,True
3168,PACKET_LOSS_75PCT,CONTROLLED_SOFTWARE_INJECTION,CSS-LoRa SX1278 (Ra-02),150.0,168,1787960158.3998,-125.0,-22.0,False,,DEGRADED_COMMUNICATION,True
3169,PACKET_LOSS_75PCT,CONTROLLED_SOFTWARE_INJECTION,CSS-LoRa SX1278 (Ra-02),150.0,169,1787960158.4498,-125.0,-22.0,False,,DEGRADED_COMMUNICATION,True
3170,PACKET_LOSS_75PCT,CONTROLLED_SOFTWARE_INJECTION,CSS-LoRa SX1278 (Ra-02),150.0,170,1787960158.4998,-125.0,-22.0,False,,DEGRADED_COMMUNICATION,True
3171,PACKET_LOSS_75PCT,CONTROLLED_SOFTWARE_INJECTION,CSS-LoRa SX1278 (Ra-02),150.0,171,1787960158.5498,-125.0,-22.0,False,,DEGRADED_COMMUNICATION,True
3172,PACKET_LOSS_75PCT,CONTROLLED_SOFTWARE_INJECTION,CSS-LoRa SX1278 (Ra-02),150.0,172,1787960158.5998,-125.0,-22.0,False,,DEGRADED_COMMUNICATION,True
3173,PACKET_LOSS_75PCT,CONTROLLED_SOFTWARE_INJECTION,CSS-LoRa SX1278 (Ra-02),150.0,173,1787960158.6498,-78.82,4.35,True,26.03,DEGRADED_COMMUNICATION,True
3174,PACKET_LOSS_75PCT,CONTROLLED_SOFTWARE_INJECTION,CSS-LoRa SX1278 (Ra-02),150.0,174,1787960158.6998,-125.0,-22.0,False,,DEGRADED_COMMUNICATION,True
3175,PACKET_LOSS_75PCT,CONTROLLED_SOFTWARE_INJECTION,CSS-LoRa SX1278 (Ra-02),150.0,175,1787960158.7498,-82.59,4.8,True,23.67,DEGRADED_COMMUNICATION,True
3176,PACKET_LOSS_75PCT,CONTROLLED_SOFTWARE_INJECTION,CSS-LoRa SX1278 (Ra-02),150.0,176,1787960158.7998,-125.0,-22.0,False,,DEGRADED_COMMUNICATION,True
3177,PACKET_LOSS_75PCT,CONTROLLED_SOFTWARE_INJECTION,CSS-LoRa SX1278 (Ra-02),150.0,177,1787960158.8498,-125.0,-22.0,False,,DEGRADED_COMMUNICATION,True
3178,PACKET_LOSS_75PCT,CONTROLLED_SOFTWARE_INJECTION,CSS-LoRa SX1278 (Ra-02),150.0,178,1787960158.8998,-81.71,4.45,True,26.42,DEGRADED_COMMUNICATION,True
3179,PACKET_LOSS_75PCT,CONTROLLED_SOFTWARE_INJECTION,CSS-LoRa SX1278 (Ra-02),150.0,179,1787960158.9498,-125.0,-22.0,False,,DEGRADED_COMMUNICATION,True
3180,PACKET_LOSS_75PCT,CONTROLLED_SOFTWARE_INJECTION,CSS-LoRa SX1278 (Ra-02),150.0,180,1787960158.9998,-81.77,5.13,True,26.2,DEGRADED_COMMUNICATION,True
3181,PACKET_LOSS_75PCT,CONTROLLED_SOFTWARE_INJECTION,CSS-LoRa SX1278 (Ra-02),150.0,181,1787960159.0498,-125.0,-22.0,False,,DEGRADED_COMMUNICATION,True
3182,PACKET_LOSS_75PCT,CONTROLLED_SOFTWARE_INJECTION,CSS-LoRa SX1278 (Ra-02),150.0,182,1787960159.0998,-125.0,-22.0,False,,DEGRADED_COMMUNICATION,True
3183,PACKET_LOSS_75PCT,CONTROLLED_SOFTWARE_INJECTION,CSS-LoRa SX1278 (Ra-02),150.0,183,1787960159.1498,-125.0,-22.0,False,,DEGRADED_COMMUNICATION,True
3184,PACKET_LOSS_75PCT,CONTROLLED_SOFTWARE_INJECTION,CSS-LoRa SX1278 (Ra-02),150.0,184,1787960159.1998,-125.0,-22.0,False,,DEGRADED_COMMUNICATION,True
3185,PACKET_LOSS_75PCT,CONTROLLED_SOFTWARE_INJECTION,CSS-LoRa SX1278 (Ra-02),150.0,185,1787960159.2498,-125.0,-22.0,False,,DEGRADED_COMMUNICATION,True
3186,PACKET_LOSS_75PCT,CONTROLLED_SOFTWARE_INJECTION,CSS-LoRa SX1278 (Ra-02),150.0,186,1787960159.2998,-125.0,-22.0,False,,DEGRADED_COMMUNICATION,True
3187,PACKET_LOSS_75PCT,CONTROLLED_SOFTWARE_INJECTION,CSS-LoRa SX1278 (Ra-02),150.0,187,1787960159.3498,-125.0,-22.0,False,,DEGRADED_COMMUNICATION,True
3188,PACKET_LOSS_75PCT,CONTROLLED_SOFTWARE_INJECTION,CSS-LoRa SX1278 (Ra-02),150.0,188,1787960159.3998,-125.0,-22.0,False,,DEGRADED_COMMUNICATION,True
3189,PACKET_LOSS_75PCT,CONTROLLED_SOFTWARE_INJECTION,CSS-LoRa SX1278 (Ra-02),150.0,189,1787960159.4498,-84.55,3.69,True,24.67,DEGRADED_COMMUNICATION,True
3190,PACKET_LOSS_75PCT,CONTROLLED_SOFTWARE_INJECTION,CSS-LoRa SX1278 (Ra-02),150.0,190,1787960159.4998,-125.0,-22.0,False,,DEGRADED_COMMUNICATION,True
3191,PACKET_LOSS_75PCT,CONTROLLED_SOFTWARE_INJECTION,CSS-LoRa SX1278 (Ra-02),150.0,191,1787960159.5498,-125.0,-22.0,False,,DEGRADED_COMMUNICATION,True
3192,PACKET_LOSS_75PCT,CONTROLLED_SOFTWARE_INJECTION,CSS-LoRa SX1278 (Ra-02),150.0,192,1787960159.5998,-80.66,3.77,True,24.48,DEGRADED_COMMUNICATION,True
3193,PACKET_LOSS_75PCT,CONTROLLED_SOFTWARE_INJECTION,CSS-LoRa SX1278 (Ra-02),150.0,193,1787960159.6498,-83.87,3.67,True,26.58,DEGRADED_COMMUNICATION,True
3194,PACKET_LOSS_75PCT,CONTROLLED_SOFTWARE_INJECTION,CSS-LoRa SX1278 (Ra-02),150.0,194,1787960159.6998,-125.0,-22.0,False,,DEGRADED_COMMUNICATION,True
3195,PACKET_LOSS_75PCT,CONTROLLED_SOFTWARE_INJECTION,CSS-LoRa SX1278 (Ra-02),150.0,195,1787960159.7498,-125.0,-22.0,False,,DEGRADED_COMMUNICATION,True
3196,PACKET_LOSS_75PCT,CONTROLLED_SOFTWARE_INJECTION,CSS-LoRa SX1278 (Ra-02),150.0,196,1787960159.7998,-125.0,-22.0,False,,DEGRADED_COMMUNICATION,True
3197,PACKET_LOSS_75PCT,CONTROLLED_SOFTWARE_INJECTION,CSS-LoRa SX1278 (Ra-02),150.0,197,1787960159.8498,-125.0,-22.0,False,,DEGRADED_COMMUNICATION,True
3198,PACKET_LOSS_75PCT,CONTROLLED_SOFTWARE_INJECTION,CSS-LoRa SX1278 (Ra-02),150.0,198,1787960159.8998,-125.0,-22.0,False,,DEGRADED_COMMUNICATION,True
3199,PACKET_LOSS_75PCT,CONTROLLED_SOFTWARE_INJECTION,CSS-LoRa SX1278 (Ra-02),150.0,199,1787960159.9498,-87.92,4.97,True,27.53,DEGRADED_COMMUNICATION,True
3200,PACKET_LOSS_75PCT,CONTROLLED_SOFTWARE_INJECTION,CSS-LoRa SX1278 (Ra-02),150.0,200,1787960159.9998,-125.0,-22.0,False,,DEGRADED_COMMUNICATION,True
3201,PACKET_LOSS_75PCT,CONTROLLED_SOFTWARE_INJECTION,CSS-LoRa SX1278 (Ra-02),150.0,201,1787960160.0498,-125.0,-22.0,False,,DEGRADED_COMMUNICATION,True
3202,PACKET_LOSS_75PCT,CONTROLLED_SOFTWARE_INJECTION,CSS-LoRa SX1278 (Ra-02),150.0,202,1787960160.0998,-125.0,-22.0,False,,DEGRADED_COMMUNICATION,True
3203,PACKET_LOSS_75PCT,CONTROLLED_SOFTWARE_INJECTION,CSS-LoRa SX1278 (Ra-02),150.0,203,1787960160.1498,-125.0,-22.0,False,,DEGRADED_COMMUNICATION,True
3204,PACKET_LOSS_75PCT,CONTROLLED_SOFTWARE_INJECTION,CSS-LoRa SX1278 (Ra-02),150.0,204,1787960160.1998,-125.0,-22.0,False,,DEGRADED_COMMUNICATION,True
3205,PACKET_LOSS_75PCT,CONTROLLED_SOFTWARE_INJECTION,CSS-LoRa SX1278 (Ra-02),150.0,205,1787960160.2498,-125.0,-22.0,False,,DEGRADED_COMMUNICATION,True
3206,PACKET_LOSS_75PCT,CONTROLLED_SOFTWARE_INJECTION,CSS-LoRa SX1278 (Ra-02),150.0,206,1787960160.2998,-125.0,-22.0,False,,DEGRADED_COMMUNICATION,True
3207,PACKET_LOSS_75PCT,CONTROLLED_SOFTWARE_INJECTION,CSS-LoRa SX1278 (Ra-02),150.0,207,1787960160.3498,-125.0,-22.0,False,,DEGRADED_COMMUNICATION,True
3208,PACKET_LOSS_75PCT,CONTROLLED_SOFTWARE_INJECTION,CSS-LoRa SX1278 (Ra-02),150.0,208,1787960160.3998,-125.0,-22.0,False,,DEGRADED_COMMUNICATION,True
3209,PACKET_LOSS_75PCT,CONTROLLED_SOFTWARE_INJECTION,CSS-LoRa SX1278 (Ra-02),150.0,209,1787960160.4498,-125.0,-22.0,False,,DEGRADED_COMMUNICATION,True
3210,PACKET_LOSS_75PCT,CONTROLLED_SOFTWARE_INJECTION,CSS-LoRa SX1278 (Ra-02),150.0,210,1787960160.4998,-86.06,7.3,True,22.85,DEGRADED_COMMUNICATION,True
3211,PACKET_LOSS_75PCT,CONTROLLED_SOFTWARE_INJECTION,CSS-LoRa SX1278 (Ra-02),150.0,211,1787960160.5498,-125.0,-22.0,False,,DEGRADED_COMMUNICATION,True
3212,PACKET_LOSS_75PCT,CONTROLLED_SOFTWARE_INJECTION,CSS-LoRa SX1278 (Ra-02),150.0,212,1787960160.5998,-125.0,-22.0,False,,DEGRADED_COMMUNICATION,True
3213,PACKET_LOSS_75PCT,CONTROLLED_SOFTWARE_INJECTION,CSS-LoRa SX1278 (Ra-02),150.0,213,1787960160.6498,-125.0,-22.0,False,,DEGRADED_COMMUNICATION,True
3214,PACKET_LOSS_75PCT,CONTROLLED_SOFTWARE_INJECTION,CSS-LoRa SX1278 (Ra-02),150.0,214,1787960160.6998,-125.0,-22.0,False,,DEGRADED_COMMUNICATION,True
3215,PACKET_LOSS_75PCT,CONTROLLED_SOFTWARE_INJECTION,CSS-LoRa SX1278 (Ra-02),150.0,215,1787960160.7498,-125.0,-22.0,False,,DEGRADED_COMMUNICATION,True
3216,PACKET_LOSS_75PCT,CONTROLLED_SOFTWARE_INJECTION,CSS-LoRa SX1278 (Ra-02),150.0,216,1787960160.7998,-125.0,-22.0,False,,DEGRADED_COMMUNICATION,True
3217,PACKET_LOSS_75PCT,CONTROLLED_SOFTWARE_INJECTION,CSS-LoRa SX1278 (Ra-02),150.0,217,1787960160.8498,-125.0,-22.0,False,,DEGRADED_COMMUNICATION,True
3218,PACKET_LOSS_75PCT,CONTROLLED_SOFTWARE_INJECTION,CSS-LoRa SX1278 (Ra-02),150.0,218,1787960160.8998,-125.0,-22.0,False,,DEGRADED_COMMUNICATION,True
3219,PACKET_LOSS_75PCT,CONTROLLED_SOFTWARE_INJECTION,CSS-LoRa SX1278 (Ra-02),150.0,219,1787960160.9498,-76.2,1.49,True,24.28,DEGRADED_COMMUNICATION,True
3220,PACKET_LOSS_75PCT,CONTROLLED_SOFTWARE_INJECTION,CSS-LoRa SX1278 (Ra-02),150.0,220,1787960160.9998,-125.0,-22.0,False,,DEGRADED_COMMUNICATION,True
3221,PACKET_LOSS_75PCT,CONTROLLED_SOFTWARE_INJECTION,CSS-LoRa SX1278 (Ra-02),150.0,221,1787960161.0498,-125.0,-22.0,False,,DEGRADED_COMMUNICATION,True
3222,PACKET_LOSS_75PCT,CONTROLLED_SOFTWARE_INJECTION,CSS-LoRa SX1278 (Ra-02),150.0,222,1787960161.0998,-125.0,-22.0,False,,DEGRADED_COMMUNICATION,True
3223,PACKET_LOSS_75PCT,CONTROLLED_SOFTWARE_INJECTION,CSS-LoRa SX1278 (Ra-02),150.0,223,1787960161.1498,-85.11,5.54,True,26.0,DEGRADED_COMMUNICATION,True
3224,PACKET_LOSS_75PCT,CONTROLLED_SOFTWARE_INJECTION,CSS-LoRa SX1278 (Ra-02),150.0,224,1787960161.1998,-82.81,6.47,True,24.06,DEGRADED_COMMUNICATION,True
3225,PACKET_LOSS_75PCT,CONTROLLED_SOFTWARE_INJECTION,CSS-LoRa SX1278 (Ra-02),150.0,225,1787960161.2498,-125.0,-22.0,False,,DEGRADED_COMMUNICATION,True
3226,PACKET_LOSS_75PCT,CONTROLLED_SOFTWARE_INJECTION,CSS-LoRa SX1278 (Ra-02),150.0,226,1787960161.2998,-80.99,4.45,True,23.3,DEGRADED_COMMUNICATION,True
3227,PACKET_LOSS_75PCT,CONTROLLED_SOFTWARE_INJECTION,CSS-LoRa SX1278 (Ra-02),150.0,227,1787960161.3498,-125.0,-22.0,False,,DEGRADED_COMMUNICATION,True
3228,PACKET_LOSS_75PCT,CONTROLLED_SOFTWARE_INJECTION,CSS-LoRa SX1278 (Ra-02),150.0,228,1787960161.3998,-125.0,-22.0,False,,DEGRADED_COMMUNICATION,True
3229,PACKET_LOSS_75PCT,CONTROLLED_SOFTWARE_INJECTION,CSS-LoRa SX1278 (Ra-02),150.0,229,1787960161.4498,-125.0,-22.0,False,,DEGRADED_COMMUNICATION,True
3230,PACKET_LOSS_75PCT,CONTROLLED_SOFTWARE_INJECTION,CSS-LoRa SX1278 (Ra-02),150.0,230,1787960161.4998,-125.0,-22.0,False,,DEGRADED_COMMUNICATION,True
3231,PACKET_LOSS_75PCT,CONTROLLED_SOFTWARE_INJECTION,CSS-LoRa SX1278 (Ra-02),150.0,231,1787960161.5498,-125.0,-22.0,False,,DEGRADED_COMMUNICATION,True
3232,PACKET_LOSS_75PCT,CONTROLLED_SOFTWARE_INJECTION,CSS-LoRa SX1278 (Ra-02),150.0,232,1787960161.5998,-125.0,-22.0,False,,DEGRADED_COMMUNICATION,True
3233,PACKET_LOSS_75PCT,CONTROLLED_SOFTWARE_INJECTION,CSS-LoRa SX1278 (Ra-02),150.0,233,1787960161.6498,-125.0,-22.0,False,,DEGRADED_COMMUNICATION,True
3234,PACKET_LOSS_75PCT,CONTROLLED_SOFTWARE_INJECTION,CSS-LoRa SX1278 (Ra-02),150.0,234,1787960161.6998,-125.0,-22.0,False,,DEGRADED_COMMUNICATION,True
3235,PACKET_LOSS_75PCT,CONTROLLED_SOFTWARE_INJECTION,CSS-LoRa SX1278 (Ra-02),150.0,235,1787960161.7498,-125.0,-22.0,False,,DEGRADED_COMMUNICATION,True
3236,PACKET_LOSS_75PCT,CONTROLLED_SOFTWARE_INJECTION,CSS-LoRa SX1278 (Ra-02),150.0,236,1787960161.7998,-125.0,-22.0,False,,DEGRADED_COMMUNICATION,True
3237,PACKET_LOSS_75PCT,CONTROLLED_SOFTWARE_INJECTION,CSS-LoRa SX1278 (Ra-02),150.0,237,1787960161.8498,-125.0,-22.0,False,,DEGRADED_COMMUNICATION,True
3238,PACKET_LOSS_75PCT,CONTROLLED_SOFTWARE_INJECTION,CSS-LoRa SX1278 (Ra-02),150.0,238,1787960161.8998,-125.0,-22.0,False,,DEGRADED_COMMUNICATION,True
3239,PACKET_LOSS_75PCT,CONTROLLED_SOFTWARE_INJECTION,CSS-LoRa SX1278 (Ra-02),150.0,239,1787960161.9498,-125.0,-22.0,False,,DEGRADED_COMMUNICATION,True
3240,PACKET_LOSS_75PCT,CONTROLLED_SOFTWARE_INJECTION,CSS-LoRa SX1278 (Ra-02),150.0,240,1787960161.9998,-125.0,-22.0,False,,DEGRADED_COMMUNICATION,True
3241,PACKET_LOSS_75PCT,CONTROLLED_SOFTWARE_INJECTION,CSS-LoRa SX1278 (Ra-02),150.0,241,1787960162.0498,-125.0,-22.0,False,,DEGRADED_COMMUNICATION,True
3242,PACKET_LOSS_75PCT,CONTROLLED_SOFTWARE_INJECTION,CSS-LoRa SX1278 (Ra-02),150.0,242,1787960162.0998,-81.24,3.67,True,22.59,DEGRADED_COMMUNICATION,True
3243,PACKET_LOSS_75PCT,CONTROLLED_SOFTWARE_INJECTION,CSS-LoRa SX1278 (Ra-02),150.0,243,1787960162.1498,-125.0,-22.0,False,,DEGRADED_COMMUNICATION,True
3244,PACKET_LOSS_75PCT,CONTROLLED_SOFTWARE_INJECTION,CSS-LoRa SX1278 (Ra-02),150.0,244,1787960162.1998,-125.0,-22.0,False,,DEGRADED_COMMUNICATION,True
3245,PACKET_LOSS_75PCT,CONTROLLED_SOFTWARE_INJECTION,CSS-LoRa SX1278 (Ra-02),150.0,245,1787960162.2498,-125.0,-22.0,False,,DEGRADED_COMMUNICATION,True
3246,PACKET_LOSS_75PCT,CONTROLLED_SOFTWARE_INJECTION,CSS-LoRa SX1278 (Ra-02),150.0,246,1787960162.2998,-125.0,-22.0,False,,DEGRADED_COMMUNICATION,True
3247,PACKET_LOSS_75PCT,CONTROLLED_SOFTWARE_INJECTION,CSS-LoRa SX1278 (Ra-02),150.0,247,1787960162.3498,-125.0,-22.0,False,,DEGRADED_COMMUNICATION,True
3248,PACKET_LOSS_75PCT,CONTROLLED_SOFTWARE_INJECTION,CSS-LoRa SX1278 (Ra-02),150.0,248,1787960162.3998,-125.0,-22.0,False,,DEGRADED_COMMUNICATION,True
3249,PACKET_LOSS_75PCT,CONTROLLED_SOFTWARE_INJECTION,CSS-LoRa SX1278 (Ra-02),150.0,249,1787960162.4498,-80.98,2.59,True,22.96,DEGRADED_COMMUNICATION,True
3250,PACKET_LOSS_75PCT,CONTROLLED_SOFTWARE_INJECTION,CSS-LoRa SX1278 (Ra-02),150.0,250,1787960162.4998,-125.0,-22.0,False,,DEGRADED_COMMUNICATION,True
3251,PACKET_LOSS_75PCT,CONTROLLED_SOFTWARE_INJECTION,CSS-LoRa SX1278 (Ra-02),150.0,251,1787960162.5498,-125.0,-22.0,False,,DEGRADED_COMMUNICATION,True
3252,PACKET_LOSS_75PCT,CONTROLLED_SOFTWARE_INJECTION,CSS-LoRa SX1278 (Ra-02),150.0,252,1787960162.5998,-125.0,-22.0,False,,DEGRADED_COMMUNICATION,True
3253,PACKET_LOSS_75PCT,CONTROLLED_SOFTWARE_INJECTION,CSS-LoRa SX1278 (Ra-02),150.0,253,1787960162.6498,-125.0,-22.0,False,,DEGRADED_COMMUNICATION,True
3254,PACKET_LOSS_75PCT,CONTROLLED_SOFTWARE_INJECTION,CSS-LoRa SX1278 (Ra-02),150.0,254,1787960162.6998,-82.57,4.3,True,23.44,DEGRADED_COMMUNICATION,True
3255,PACKET_LOSS_75PCT,CONTROLLED_SOFTWARE_INJECTION,CSS-LoRa SX1278 (Ra-02),150.0,255,1787960162.7498,-125.0,-22.0,False,,DEGRADED_COMMUNICATION,True
3256,PACKET_LOSS_75PCT,CONTROLLED_SOFTWARE_INJECTION,CSS-LoRa SX1278 (Ra-02),150.0,256,1787960162.7998,-125.0,-22.0,False,,DEGRADED_COMMUNICATION,True
3257,PACKET_LOSS_75PCT,CONTROLLED_SOFTWARE_INJECTION,CSS-LoRa SX1278 (Ra-02),150.0,257,1787960162.8498,-125.0,-22.0,False,,DEGRADED_COMMUNICATION,True
3258,PACKET_LOSS_75PCT,CONTROLLED_SOFTWARE_INJECTION,CSS-LoRa SX1278 (Ra-02),150.0,258,1787960162.8998,-125.0,-22.0,False,,DEGRADED_COMMUNICATION,True
3259,PACKET_LOSS_75PCT,CONTROLLED_SOFTWARE_INJECTION,CSS-LoRa SX1278 (Ra-02),150.0,259,1787960162.9498,-125.0,-22.0,False,,DEGRADED_COMMUNICATION,True
3260,PACKET_LOSS_75PCT,CONTROLLED_SOFTWARE_INJECTION,CSS-LoRa SX1278 (Ra-02),150.0,260,1787960162.9998,-125.0,-22.0,False,,DEGRADED_COMMUNICATION,True
3261,PACKET_LOSS_75PCT,CONTROLLED_SOFTWARE_INJECTION,CSS-LoRa SX1278 (Ra-02),150.0,261,1787960163.0498,-125.0,-22.0,False,,DEGRADED_COMMUNICATION,True
3262,PACKET_LOSS_75PCT,CONTROLLED_SOFTWARE_INJECTION,CSS-LoRa SX1278 (Ra-02),150.0,262,1787960163.0998,-125.0,-22.0,False,,DEGRADED_COMMUNICATION,True
3263,PACKET_LOSS_75PCT,CONTROLLED_SOFTWARE_INJECTION,CSS-LoRa SX1278 (Ra-02),150.0,263,1787960163.1498,-77.68,4.19,True,26.07,DEGRADED_COMMUNICATION,True
3264,PACKET_LOSS_75PCT,CONTROLLED_SOFTWARE_INJECTION,CSS-LoRa SX1278 (Ra-02),150.0,264,1787960163.1998,-125.0,-22.0,False,,DEGRADED_COMMUNICATION,True
3265,PACKET_LOSS_75PCT,CONTROLLED_SOFTWARE_INJECTION,CSS-LoRa SX1278 (Ra-02),150.0,265,1787960163.2498,-85.05,5.58,True,21.3,DEGRADED_COMMUNICATION,True
3266,PACKET_LOSS_75PCT,CONTROLLED_SOFTWARE_INJECTION,CSS-LoRa SX1278 (Ra-02),150.0,266,1787960163.2998,-125.0,-22.0,False,,DEGRADED_COMMUNICATION,True
3267,PACKET_LOSS_75PCT,CONTROLLED_SOFTWARE_INJECTION,CSS-LoRa SX1278 (Ra-02),150.0,267,1787960163.3498,-78.23,4.47,True,24.93,DEGRADED_COMMUNICATION,True
3268,PACKET_LOSS_75PCT,CONTROLLED_SOFTWARE_INJECTION,CSS-LoRa SX1278 (Ra-02),150.0,268,1787960163.3998,-125.0,-22.0,False,,DEGRADED_COMMUNICATION,True
3269,PACKET_LOSS_75PCT,CONTROLLED_SOFTWARE_INJECTION,CSS-LoRa SX1278 (Ra-02),150.0,269,1787960163.4498,-125.0,-22.0,False,,DEGRADED_COMMUNICATION,True
3270,PACKET_LOSS_75PCT,CONTROLLED_SOFTWARE_INJECTION,CSS-LoRa SX1278 (Ra-02),150.0,270,1787960163.4998,-125.0,-22.0,False,,DEGRADED_COMMUNICATION,True
3271,PACKET_LOSS_75PCT,CONTROLLED_SOFTWARE_INJECTION,CSS-LoRa SX1278 (Ra-02),150.0,271,1787960163.5498,-83.04,4.31,True,24.97,DEGRADED_COMMUNICATION,True
3272,PACKET_LOSS_75PCT,CONTROLLED_SOFTWARE_INJECTION,CSS-LoRa SX1278 (Ra-02),150.0,272,1787960163.5998,-125.0,-22.0,False,,DEGRADED_COMMUNICATION,True
3273,PACKET_LOSS_75PCT,CONTROLLED_SOFTWARE_INJECTION,CSS-LoRa SX1278 (Ra-02),150.0,273,1787960163.6498,-87.56,4.01,True,24.57,DEGRADED_COMMUNICATION,True
3274,PACKET_LOSS_75PCT,CONTROLLED_SOFTWARE_INJECTION,CSS-LoRa SX1278 (Ra-02),150.0,274,1787960163.6998,-125.0,-22.0,False,,DEGRADED_COMMUNICATION,True
3275,PACKET_LOSS_75PCT,CONTROLLED_SOFTWARE_INJECTION,CSS-LoRa SX1278 (Ra-02),150.0,275,1787960163.7498,-125.0,-22.0,False,,DEGRADED_COMMUNICATION,True
3276,PACKET_LOSS_75PCT,CONTROLLED_SOFTWARE_INJECTION,CSS-LoRa SX1278 (Ra-02),150.0,276,1787960163.7998,-125.0,-22.0,False,,DEGRADED_COMMUNICATION,True
3277,PACKET_LOSS_75PCT,CONTROLLED_SOFTWARE_INJECTION,CSS-LoRa SX1278 (Ra-02),150.0,277,1787960163.8498,-125.0,-22.0,False,,DEGRADED_COMMUNICATION,True
3278,PACKET_LOSS_75PCT,CONTROLLED_SOFTWARE_INJECTION,CSS-LoRa SX1278 (Ra-02),150.0,278,1787960163.8998,-125.0,-22.0,False,,DEGRADED_COMMUNICATION,True
3279,PACKET_LOSS_75PCT,CONTROLLED_SOFTWARE_INJECTION,CSS-LoRa SX1278 (Ra-02),150.0,279,1787960163.9498,-125.0,-22.0,False,,DEGRADED_COMMUNICATION,True
3280,PACKET_LOSS_75PCT,CONTROLLED_SOFTWARE_INJECTION,CSS-LoRa SX1278 (Ra-02),150.0,280,1787960163.9998,-125.0,-22.0,False,,DEGRADED_COMMUNICATION,True
3281,PACKET_LOSS_75PCT,CONTROLLED_SOFTWARE_INJECTION,CSS-LoRa SX1278 (Ra-02),150.0,281,1787960164.0498,-125.0,-22.0,False,,DEGRADED_COMMUNICATION,True
3282,PACKET_LOSS_75PCT,CONTROLLED_SOFTWARE_INJECTION,CSS-LoRa SX1278 (Ra-02),150.0,282,1787960164.0998,-125.0,-22.0,False,,DEGRADED_COMMUNICATION,True
3283,PACKET_LOSS_75PCT,CONTROLLED_SOFTWARE_INJECTION,CSS-LoRa SX1278 (Ra-02),150.0,283,1787960164.1498,-125.0,-22.0,False,,DEGRADED_COMMUNICATION,True
3284,PACKET_LOSS_75PCT,CONTROLLED_SOFTWARE_INJECTION,CSS-LoRa SX1278 (Ra-02),150.0,284,1787960164.1998,-125.0,-22.0,False,,DEGRADED_COMMUNICATION,True
3285,PACKET_LOSS_75PCT,CONTROLLED_SOFTWARE_INJECTION,CSS-LoRa SX1278 (Ra-02),150.0,285,1787960164.2498,-84.52,2.79,True,24.99,DEGRADED_COMMUNICATION,True
3286,PACKET_LOSS_75PCT,CONTROLLED_SOFTWARE_INJECTION,CSS-LoRa SX1278 (Ra-02),150.0,286,1787960164.2998,-82.66,6.5,True,22.57,DEGRADED_COMMUNICATION,True
3287,PACKET_LOSS_75PCT,CONTROLLED_SOFTWARE_INJECTION,CSS-LoRa SX1278 (Ra-02),150.0,287,1787960164.3498,-85.62,5.71,True,23.83,DEGRADED_COMMUNICATION,True
3288,PACKET_LOSS_75PCT,CONTROLLED_SOFTWARE_INJECTION,CSS-LoRa SX1278 (Ra-02),150.0,288,1787960164.3998,-125.0,-22.0,False,,DEGRADED_COMMUNICATION,True
3289,PACKET_LOSS_75PCT,CONTROLLED_SOFTWARE_INJECTION,CSS-LoRa SX1278 (Ra-02),150.0,289,1787960164.4498,-125.0,-22.0,False,,DEGRADED_COMMUNICATION,True
3290,PACKET_LOSS_75PCT,CONTROLLED_SOFTWARE_INJECTION,CSS-LoRa SX1278 (Ra-02),150.0,290,1787960164.4998,-125.0,-22.0,False,,DEGRADED_COMMUNICATION,True
3291,PACKET_LOSS_75PCT,CONTROLLED_SOFTWARE_INJECTION,CSS-LoRa SX1278 (Ra-02),150.0,291,1787960164.5498,-125.0,-22.0,False,,DEGRADED_COMMUNICATION,True
3292,PACKET_LOSS_75PCT,CONTROLLED_SOFTWARE_INJECTION,CSS-LoRa SX1278 (Ra-02),150.0,292,1787960164.5998,-125.0,-22.0,False,,DEGRADED_COMMUNICATION,True
3293,PACKET_LOSS_75PCT,CONTROLLED_SOFTWARE_INJECTION,CSS-LoRa SX1278 (Ra-02),150.0,293,1787960164.6498,-125.0,-22.0,False,,DEGRADED_COMMUNICATION,True
3294,PACKET_LOSS_75PCT,CONTROLLED_SOFTWARE_INJECTION,CSS-LoRa SX1278 (Ra-02),150.0,294,1787960164.6998,-125.0,-22.0,False,,DEGRADED_COMMUNICATION,True
3295,PACKET_LOSS_75PCT,CONTROLLED_SOFTWARE_INJECTION,CSS-LoRa SX1278 (Ra-02),150.0,295,1787960164.7498,-86.41,4.54,True,24.72,DEGRADED_COMMUNICATION,True
3296,PACKET_LOSS_75PCT,CONTROLLED_SOFTWARE_INJECTION,CSS-LoRa SX1278 (Ra-02),150.0,296,1787960164.7998,-81.84,3.99,True,26.7,DEGRADED_COMMUNICATION,True
3297,PACKET_LOSS_75PCT,CONTROLLED_SOFTWARE_INJECTION,CSS-LoRa SX1278 (Ra-02),150.0,297,1787960164.8498,-125.0,-22.0,False,,DEGRADED_COMMUNICATION,True
3298,PACKET_LOSS_75PCT,CONTROLLED_SOFTWARE_INJECTION,CSS-LoRa SX1278 (Ra-02),150.0,298,1787960164.8998,-83.79,4.17,True,23.47,DEGRADED_COMMUNICATION,True
3299,PACKET_LOSS_75PCT,CONTROLLED_SOFTWARE_INJECTION,CSS-LoRa SX1278 (Ra-02),150.0,299,1787960164.9498,-82.32,6.54,True,25.34,DEGRADED_COMMUNICATION,True
3300,PACKET_LOSS_75PCT,CONTROLLED_SOFTWARE_INJECTION,CSS-LoRa SX1278 (Ra-02),150.0,300,1787960164.9998,-125.0,-22.0,False,,DEGRADED_COMMUNICATION,True
3301,PACKET_LOSS_75PCT,CONTROLLED_SOFTWARE_INJECTION,CSS-LoRa SX1278 (Ra-02),150.0,301,1787960165.0498,-125.0,-22.0,False,,DEGRADED_COMMUNICATION,True
3302,PACKET_LOSS_75PCT,CONTROLLED_SOFTWARE_INJECTION,CSS-LoRa SX1278 (Ra-02),150.0,302,1787960165.0998,-82.59,3.34,True,24.9,DEGRADED_COMMUNICATION,True
3303,PACKET_LOSS_75PCT,CONTROLLED_SOFTWARE_INJECTION,CSS-LoRa SX1278 (Ra-02),150.0,303,1787960165.1498,-81.42,5.01,True,22.95,DEGRADED_COMMUNICATION,True
3304,PACKET_LOSS_75PCT,CONTROLLED_SOFTWARE_INJECTION,CSS-LoRa SX1278 (Ra-02),150.0,304,1787960165.1998,-125.0,-22.0,False,,DEGRADED_COMMUNICATION,True
3305,PACKET_LOSS_75PCT,CONTROLLED_SOFTWARE_INJECTION,CSS-LoRa SX1278 (Ra-02),150.0,305,1787960165.2498,-125.0,-22.0,False,,DEGRADED_COMMUNICATION,True
3306,PACKET_LOSS_75PCT,CONTROLLED_SOFTWARE_INJECTION,CSS-LoRa SX1278 (Ra-02),150.0,306,1787960165.2998,-125.0,-22.0,False,,DEGRADED_COMMUNICATION,True
3307,PACKET_LOSS_75PCT,CONTROLLED_SOFTWARE_INJECTION,CSS-LoRa SX1278 (Ra-02),150.0,307,1787960165.3498,-125.0,-22.0,False,,DEGRADED_COMMUNICATION,True
3308,PACKET_LOSS_75PCT,CONTROLLED_SOFTWARE_INJECTION,CSS-LoRa SX1278 (Ra-02),150.0,308,1787960165.3998,-125.0,-22.0,False,,DEGRADED_COMMUNICATION,True
3309,PACKET_LOSS_75PCT,CONTROLLED_SOFTWARE_INJECTION,CSS-LoRa SX1278 (Ra-02),150.0,309,1787960165.4498,-125.0,-22.0,False,,DEGRADED_COMMUNICATION,True
3310,PACKET_LOSS_75PCT,CONTROLLED_SOFTWARE_INJECTION,CSS-LoRa SX1278 (Ra-02),150.0,310,1787960165.4998,-77.75,5.71,True,25.74,DEGRADED_COMMUNICATION,True
3311,PACKET_LOSS_75PCT,CONTROLLED_SOFTWARE_INJECTION,CSS-LoRa SX1278 (Ra-02),150.0,311,1787960165.5498,-125.0,-22.0,False,,DEGRADED_COMMUNICATION,True
3312,PACKET_LOSS_75PCT,CONTROLLED_SOFTWARE_INJECTION,CSS-LoRa SX1278 (Ra-02),150.0,312,1787960165.5998,-83.44,3.27,True,23.45,DEGRADED_COMMUNICATION,True
3313,PACKET_LOSS_75PCT,CONTROLLED_SOFTWARE_INJECTION,CSS-LoRa SX1278 (Ra-02),150.0,313,1787960165.6498,-125.0,-22.0,False,,DEGRADED_COMMUNICATION,True
3314,PACKET_LOSS_75PCT,CONTROLLED_SOFTWARE_INJECTION,CSS-LoRa SX1278 (Ra-02),150.0,314,1787960165.6998,-125.0,-22.0,False,,DEGRADED_COMMUNICATION,True
3315,PACKET_LOSS_75PCT,CONTROLLED_SOFTWARE_INJECTION,CSS-LoRa SX1278 (Ra-02),150.0,315,1787960165.7498,-125.0,-22.0,False,,DEGRADED_COMMUNICATION,True
3316,PACKET_LOSS_75PCT,CONTROLLED_SOFTWARE_INJECTION,CSS-LoRa SX1278 (Ra-02),150.0,316,1787960165.7998,-125.0,-22.0,False,,DEGRADED_COMMUNICATION,True
3317,PACKET_LOSS_75PCT,CONTROLLED_SOFTWARE_INJECTION,CSS-LoRa SX1278 (Ra-02),150.0,317,1787960165.8498,-78.36,4.28,True,23.6,DEGRADED_COMMUNICATION,True
3318,PACKET_LOSS_75PCT,CONTROLLED_SOFTWARE_INJECTION,CSS-LoRa SX1278 (Ra-02),150.0,318,1787960165.8998,-80.75,3.86,True,27.0,DEGRADED_COMMUNICATION,True
3319,PACKET_LOSS_75PCT,CONTROLLED_SOFTWARE_INJECTION,CSS-LoRa SX1278 (Ra-02),150.0,319,1787960165.9498,-125.0,-22.0,False,,DEGRADED_COMMUNICATION,True
3320,PACKET_LOSS_75PCT,CONTROLLED_SOFTWARE_INJECTION,CSS-LoRa SX1278 (Ra-02),150.0,320,1787960165.9998,-125.0,-22.0,False,,DEGRADED_COMMUNICATION,True
3321,PACKET_LOSS_75PCT,CONTROLLED_SOFTWARE_INJECTION,CSS-LoRa SX1278 (Ra-02),150.0,321,1787960166.0498,-125.0,-22.0,False,,DEGRADED_COMMUNICATION,True
3322,PACKET_LOSS_75PCT,CONTROLLED_SOFTWARE_INJECTION,CSS-LoRa SX1278 (Ra-02),150.0,322,1787960166.0998,-125.0,-22.0,False,,DEGRADED_COMMUNICATION,True
3323,PACKET_LOSS_75PCT,CONTROLLED_SOFTWARE_INJECTION,CSS-LoRa SX1278 (Ra-02),150.0,323,1787960166.1498,-125.0,-22.0,False,,DEGRADED_COMMUNICATION,True
3324,PACKET_LOSS_75PCT,CONTROLLED_SOFTWARE_INJECTION,CSS-LoRa SX1278 (Ra-02),150.0,324,1787960166.1998,-79.86,5.25,True,24.22,DEGRADED_COMMUNICATION,True
3325,PACKET_LOSS_75PCT,CONTROLLED_SOFTWARE_INJECTION,CSS-LoRa SX1278 (Ra-02),150.0,325,1787960166.2498,-125.0,-22.0,False,,DEGRADED_COMMUNICATION,True
3326,PACKET_LOSS_75PCT,CONTROLLED_SOFTWARE_INJECTION,CSS-LoRa SX1278 (Ra-02),150.0,326,1787960166.2998,-80.79,6.5,True,22.89,DEGRADED_COMMUNICATION,True
3327,PACKET_LOSS_75PCT,CONTROLLED_SOFTWARE_INJECTION,CSS-LoRa SX1278 (Ra-02),150.0,327,1787960166.3498,-85.57,4.35,True,26.49,DEGRADED_COMMUNICATION,True
3328,PACKET_LOSS_75PCT,CONTROLLED_SOFTWARE_INJECTION,CSS-LoRa SX1278 (Ra-02),150.0,328,1787960166.3998,-125.0,-22.0,False,,DEGRADED_COMMUNICATION,True
3329,PACKET_LOSS_75PCT,CONTROLLED_SOFTWARE_INJECTION,CSS-LoRa SX1278 (Ra-02),150.0,329,1787960166.4498,-82.83,2.66,True,22.71,DEGRADED_COMMUNICATION,True
3330,PACKET_LOSS_75PCT,CONTROLLED_SOFTWARE_INJECTION,CSS-LoRa SX1278 (Ra-02),150.0,330,1787960166.4998,-85.06,4.11,True,26.6,DEGRADED_COMMUNICATION,True
3331,PACKET_LOSS_75PCT,CONTROLLED_SOFTWARE_INJECTION,CSS-LoRa SX1278 (Ra-02),150.0,331,1787960166.5498,-125.0,-22.0,False,,DEGRADED_COMMUNICATION,True
3332,PACKET_LOSS_75PCT,CONTROLLED_SOFTWARE_INJECTION,CSS-LoRa SX1278 (Ra-02),150.0,332,1787960166.5998,-125.0,-22.0,False,,DEGRADED_COMMUNICATION,True
3333,PACKET_LOSS_75PCT,CONTROLLED_SOFTWARE_INJECTION,CSS-LoRa SX1278 (Ra-02),150.0,333,1787960166.6498,-125.0,-22.0,False,,DEGRADED_COMMUNICATION,True
3334,PACKET_LOSS_75PCT,CONTROLLED_SOFTWARE_INJECTION,CSS-LoRa SX1278 (Ra-02),150.0,334,1787960166.6998,-125.0,-22.0,False,,DEGRADED_COMMUNICATION,True
3335,PACKET_LOSS_75PCT,CONTROLLED_SOFTWARE_INJECTION,CSS-LoRa SX1278 (Ra-02),150.0,335,1787960166.7498,-125.0,-22.0,False,,DEGRADED_COMMUNICATION,True
3336,PACKET_LOSS_75PCT,CONTROLLED_SOFTWARE_INJECTION,CSS-LoRa SX1278 (Ra-02),150.0,336,1787960166.7998,-125.0,-22.0,False,,DEGRADED_COMMUNICATION,True
3337,PACKET_LOSS_75PCT,CONTROLLED_SOFTWARE_INJECTION,CSS-LoRa SX1278 (Ra-02),150.0,337,1787960166.8498,-125.0,-22.0,False,,DEGRADED_COMMUNICATION,True
3338,PACKET_LOSS_75PCT,CONTROLLED_SOFTWARE_INJECTION,CSS-LoRa SX1278 (Ra-02),150.0,338,1787960166.8998,-125.0,-22.0,False,,DEGRADED_COMMUNICATION,True
3339,PACKET_LOSS_75PCT,CONTROLLED_SOFTWARE_INJECTION,CSS-LoRa SX1278 (Ra-02),150.0,339,1787960166.9498,-83.44,5.31,True,23.23,DEGRADED_COMMUNICATION,True
3340,PACKET_LOSS_75PCT,CONTROLLED_SOFTWARE_INJECTION,CSS-LoRa SX1278 (Ra-02),150.0,340,1787960166.9998,-125.0,-22.0,False,,DEGRADED_COMMUNICATION,True
3341,PACKET_LOSS_75PCT,CONTROLLED_SOFTWARE_INJECTION,CSS-LoRa SX1278 (Ra-02),150.0,341,1787960167.0498,-125.0,-22.0,False,,DEGRADED_COMMUNICATION,True
3342,PACKET_LOSS_75PCT,CONTROLLED_SOFTWARE_INJECTION,CSS-LoRa SX1278 (Ra-02),150.0,342,1787960167.0998,-125.0,-22.0,False,,DEGRADED_COMMUNICATION,True
3343,PACKET_LOSS_75PCT,CONTROLLED_SOFTWARE_INJECTION,CSS-LoRa SX1278 (Ra-02),150.0,343,1787960167.1498,-125.0,-22.0,False,,DEGRADED_COMMUNICATION,True
3344,PACKET_LOSS_75PCT,CONTROLLED_SOFTWARE_INJECTION,CSS-LoRa SX1278 (Ra-02),150.0,344,1787960167.1998,-125.0,-22.0,False,,DEGRADED_COMMUNICATION,True
3345,PACKET_LOSS_75PCT,CONTROLLED_SOFTWARE_INJECTION,CSS-LoRa SX1278 (Ra-02),150.0,345,1787960167.2498,-125.0,-22.0,False,,DEGRADED_COMMUNICATION,True
3346,PACKET_LOSS_75PCT,CONTROLLED_SOFTWARE_INJECTION,CSS-LoRa SX1278 (Ra-02),150.0,346,1787960167.2998,-125.0,-22.0,False,,DEGRADED_COMMUNICATION,True
3347,PACKET_LOSS_75PCT,CONTROLLED_SOFTWARE_INJECTION,CSS-LoRa SX1278 (Ra-02),150.0,347,1787960167.3498,-125.0,-22.0,False,,DEGRADED_COMMUNICATION,True
3348,PACKET_LOSS_75PCT,CONTROLLED_SOFTWARE_INJECTION,CSS-LoRa SX1278 (Ra-02),150.0,348,1787960167.3998,-125.0,-22.0,False,,DEGRADED_COMMUNICATION,True
3349,PACKET_LOSS_75PCT,CONTROLLED_SOFTWARE_INJECTION,CSS-LoRa SX1278 (Ra-02),150.0,349,1787960167.4498,-82.26,7.73,True,25.39,DEGRADED_COMMUNICATION,True
3350,PACKET_LOSS_75PCT,CONTROLLED_SOFTWARE_INJECTION,CSS-LoRa SX1278 (Ra-02),150.0,350,1787960167.4998,-78.8,6.98,True,24.98,DEGRADED_COMMUNICATION,True
3351,PACKET_LOSS_75PCT,CONTROLLED_SOFTWARE_INJECTION,CSS-LoRa SX1278 (Ra-02),150.0,351,1787960167.5498,-125.0,-22.0,False,,DEGRADED_COMMUNICATION,True
3352,PACKET_LOSS_75PCT,CONTROLLED_SOFTWARE_INJECTION,CSS-LoRa SX1278 (Ra-02),150.0,352,1787960167.5998,-85.1,4.51,True,23.88,DEGRADED_COMMUNICATION,True
3353,PACKET_LOSS_75PCT,CONTROLLED_SOFTWARE_INJECTION,CSS-LoRa SX1278 (Ra-02),150.0,353,1787960167.6498,-125.0,-22.0,False,,DEGRADED_COMMUNICATION,True
3354,PACKET_LOSS_75PCT,CONTROLLED_SOFTWARE_INJECTION,CSS-LoRa SX1278 (Ra-02),150.0,354,1787960167.6998,-82.07,4.63,True,25.62,DEGRADED_COMMUNICATION,True
3355,PACKET_LOSS_75PCT,CONTROLLED_SOFTWARE_INJECTION,CSS-LoRa SX1278 (Ra-02),150.0,355,1787960167.7498,-125.0,-22.0,False,,DEGRADED_COMMUNICATION,True
3356,PACKET_LOSS_75PCT,CONTROLLED_SOFTWARE_INJECTION,CSS-LoRa SX1278 (Ra-02),150.0,356,1787960167.7998,-125.0,-22.0,False,,DEGRADED_COMMUNICATION,True
3357,PACKET_LOSS_75PCT,CONTROLLED_SOFTWARE_INJECTION,CSS-LoRa SX1278 (Ra-02),150.0,357,1787960167.8498,-125.0,-22.0,False,,DEGRADED_COMMUNICATION,True
3358,PACKET_LOSS_75PCT,CONTROLLED_SOFTWARE_INJECTION,CSS-LoRa SX1278 (Ra-02),150.0,358,1787960167.8998,-80.08,2.88,True,25.82,DEGRADED_COMMUNICATION,True
3359,PACKET_LOSS_75PCT,CONTROLLED_SOFTWARE_INJECTION,CSS-LoRa SX1278 (Ra-02),150.0,359,1787960167.9498,-125.0,-22.0,False,,DEGRADED_COMMUNICATION,True
3360,PACKET_LOSS_75PCT,CONTROLLED_SOFTWARE_INJECTION,CSS-LoRa SX1278 (Ra-02),150.0,360,1787960167.9998,-83.28,4.88,True,28.33,DEGRADED_COMMUNICATION,True
3361,PACKET_LOSS_75PCT,CONTROLLED_SOFTWARE_INJECTION,CSS-LoRa SX1278 (Ra-02),150.0,361,1787960168.0498,-80.13,4.87,True,25.15,DEGRADED_COMMUNICATION,True
3362,PACKET_LOSS_75PCT,CONTROLLED_SOFTWARE_INJECTION,CSS-LoRa SX1278 (Ra-02),150.0,362,1787960168.0998,-125.0,-22.0,False,,DEGRADED_COMMUNICATION,True
3363,PACKET_LOSS_75PCT,CONTROLLED_SOFTWARE_INJECTION,CSS-LoRa SX1278 (Ra-02),150.0,363,1787960168.1498,-87.05,5.16,True,23.69,DEGRADED_COMMUNICATION,True
3364,PACKET_LOSS_75PCT,CONTROLLED_SOFTWARE_INJECTION,CSS-LoRa SX1278 (Ra-02),150.0,364,1787960168.1998,-125.0,-22.0,False,,DEGRADED_COMMUNICATION,True
3365,PACKET_LOSS_75PCT,CONTROLLED_SOFTWARE_INJECTION,CSS-LoRa SX1278 (Ra-02),150.0,365,1787960168.2498,-125.0,-22.0,False,,DEGRADED_COMMUNICATION,True
3366,PACKET_LOSS_75PCT,CONTROLLED_SOFTWARE_INJECTION,CSS-LoRa SX1278 (Ra-02),150.0,366,1787960168.2998,-125.0,-22.0,False,,DEGRADED_COMMUNICATION,True
3367,PACKET_LOSS_75PCT,CONTROLLED_SOFTWARE_INJECTION,CSS-LoRa SX1278 (Ra-02),150.0,367,1787960168.3498,-125.0,-22.0,False,,DEGRADED_COMMUNICATION,True
3368,PACKET_LOSS_75PCT,CONTROLLED_SOFTWARE_INJECTION,CSS-LoRa SX1278 (Ra-02),150.0,368,1787960168.3998,-125.0,-22.0,False,,DEGRADED_COMMUNICATION,True
3369,PACKET_LOSS_75PCT,CONTROLLED_SOFTWARE_INJECTION,CSS-LoRa SX1278 (Ra-02),150.0,369,1787960168.4498,-125.0,-22.0,False,,DEGRADED_COMMUNICATION,True
3370,PACKET_LOSS_75PCT,CONTROLLED_SOFTWARE_INJECTION,CSS-LoRa SX1278 (Ra-02),150.0,370,1787960168.4998,-125.0,-22.0,False,,DEGRADED_COMMUNICATION,True
3371,PACKET_LOSS_75PCT,CONTROLLED_SOFTWARE_INJECTION,CSS-LoRa SX1278 (Ra-02),150.0,371,1787960168.5498,-84.12,4.77,True,23.85,DEGRADED_COMMUNICATION,True
3372,PACKET_LOSS_75PCT,CONTROLLED_SOFTWARE_INJECTION,CSS-LoRa SX1278 (Ra-02),150.0,372,1787960168.5998,-84.5,6.15,True,26.22,DEGRADED_COMMUNICATION,True
3373,PACKET_LOSS_75PCT,CONTROLLED_SOFTWARE_INJECTION,CSS-LoRa SX1278 (Ra-02),150.0,373,1787960168.6498,-82.54,4.79,True,26.66,DEGRADED_COMMUNICATION,True
3374,PACKET_LOSS_75PCT,CONTROLLED_SOFTWARE_INJECTION,CSS-LoRa SX1278 (Ra-02),150.0,374,1787960168.6998,-125.0,-22.0,False,,DEGRADED_COMMUNICATION,True
3375,PACKET_LOSS_75PCT,CONTROLLED_SOFTWARE_INJECTION,CSS-LoRa SX1278 (Ra-02),150.0,375,1787960168.7498,-125.0,-22.0,False,,DEGRADED_COMMUNICATION,True
3376,PACKET_LOSS_75PCT,CONTROLLED_SOFTWARE_INJECTION,CSS-LoRa SX1278 (Ra-02),150.0,376,1787960168.7998,-125.0,-22.0,False,,DEGRADED_COMMUNICATION,True
3377,PACKET_LOSS_75PCT,CONTROLLED_SOFTWARE_INJECTION,CSS-LoRa SX1278 (Ra-02),150.0,377,1787960168.8498,-125.0,-22.0,False,,DEGRADED_COMMUNICATION,True
3378,PACKET_LOSS_75PCT,CONTROLLED_SOFTWARE_INJECTION,CSS-LoRa SX1278 (Ra-02),150.0,378,1787960168.8998,-125.0,-22.0,False,,DEGRADED_COMMUNICATION,True
3379,PACKET_LOSS_75PCT,CONTROLLED_SOFTWARE_INJECTION,CSS-LoRa SX1278 (Ra-02),150.0,379,1787960168.9498,-125.0,-22.0,False,,DEGRADED_COMMUNICATION,True
3380,PACKET_LOSS_75PCT,CONTROLLED_SOFTWARE_INJECTION,CSS-LoRa SX1278 (Ra-02),150.0,380,1787960168.9998,-125.0,-22.0,False,,DEGRADED_COMMUNICATION,True
3381,PACKET_LOSS_75PCT,CONTROLLED_SOFTWARE_INJECTION,CSS-LoRa SX1278 (Ra-02),150.0,381,1787960169.0498,-82.57,5.06,True,24.56,DEGRADED_COMMUNICATION,True
3382,PACKET_LOSS_75PCT,CONTROLLED_SOFTWARE_INJECTION,CSS-LoRa SX1278 (Ra-02),150.0,382,1787960169.0998,-125.0,-22.0,False,,DEGRADED_COMMUNICATION,True
3383,PACKET_LOSS_75PCT,CONTROLLED_SOFTWARE_INJECTION,CSS-LoRa SX1278 (Ra-02),150.0,383,1787960169.1498,-125.0,-22.0,False,,DEGRADED_COMMUNICATION,True
3384,PACKET_LOSS_75PCT,CONTROLLED_SOFTWARE_INJECTION,CSS-LoRa SX1278 (Ra-02),150.0,384,1787960169.1998,-125.0,-22.0,False,,DEGRADED_COMMUNICATION,True
3385,PACKET_LOSS_75PCT,CONTROLLED_SOFTWARE_INJECTION,CSS-LoRa SX1278 (Ra-02),150.0,385,1787960169.2498,-125.0,-22.0,False,,DEGRADED_COMMUNICATION,True
3386,PACKET_LOSS_75PCT,CONTROLLED_SOFTWARE_INJECTION,CSS-LoRa SX1278 (Ra-02),150.0,386,1787960169.2998,-125.0,-22.0,False,,DEGRADED_COMMUNICATION,True
3387,PACKET_LOSS_75PCT,CONTROLLED_SOFTWARE_INJECTION,CSS-LoRa SX1278 (Ra-02),150.0,387,1787960169.3498,-80.11,6.29,True,24.31,DEGRADED_COMMUNICATION,True
3388,PACKET_LOSS_75PCT,CONTROLLED_SOFTWARE_INJECTION,CSS-LoRa SX1278 (Ra-02),150.0,388,1787960169.3998,-125.0,-22.0,False,,DEGRADED_COMMUNICATION,True
3389,PACKET_LOSS_75PCT,CONTROLLED_SOFTWARE_INJECTION,CSS-LoRa SX1278 (Ra-02),150.0,389,1787960169.4498,-79.59,6.66,True,27.38,DEGRADED_COMMUNICATION,True
3390,PACKET_LOSS_75PCT,CONTROLLED_SOFTWARE_INJECTION,CSS-LoRa SX1278 (Ra-02),150.0,390,1787960169.4998,-83.21,6.53,True,24.41,DEGRADED_COMMUNICATION,True
3391,PACKET_LOSS_75PCT,CONTROLLED_SOFTWARE_INJECTION,CSS-LoRa SX1278 (Ra-02),150.0,391,1787960169.5498,-125.0,-22.0,False,,DEGRADED_COMMUNICATION,True
3392,PACKET_LOSS_75PCT,CONTROLLED_SOFTWARE_INJECTION,CSS-LoRa SX1278 (Ra-02),150.0,392,1787960169.5998,-89.09,7.27,True,25.62,DEGRADED_COMMUNICATION,True
3393,PACKET_LOSS_75PCT,CONTROLLED_SOFTWARE_INJECTION,CSS-LoRa SX1278 (Ra-02),150.0,393,1787960169.6498,-80.86,4.12,True,25.31,DEGRADED_COMMUNICATION,True
3394,PACKET_LOSS_75PCT,CONTROLLED_SOFTWARE_INJECTION,CSS-LoRa SX1278 (Ra-02),150.0,394,1787960169.6998,-125.0,-22.0,False,,DEGRADED_COMMUNICATION,True
3395,PACKET_LOSS_75PCT,CONTROLLED_SOFTWARE_INJECTION,CSS-LoRa SX1278 (Ra-02),150.0,395,1787960169.7498,-125.0,-22.0,False,,DEGRADED_COMMUNICATION,True
3396,PACKET_LOSS_75PCT,CONTROLLED_SOFTWARE_INJECTION,CSS-LoRa SX1278 (Ra-02),150.0,396,1787960169.7998,-125.0,-22.0,False,,DEGRADED_COMMUNICATION,True
3397,PACKET_LOSS_75PCT,CONTROLLED_SOFTWARE_INJECTION,CSS-LoRa SX1278 (Ra-02),150.0,397,1787960169.8498,-125.0,-22.0,False,,DEGRADED_COMMUNICATION,True
3398,PACKET_LOSS_75PCT,CONTROLLED_SOFTWARE_INJECTION,CSS-LoRa SX1278 (Ra-02),150.0,398,1787960169.8998,-125.0,-22.0,False,,DEGRADED_COMMUNICATION,True
3399,PACKET_LOSS_75PCT,CONTROLLED_SOFTWARE_INJECTION,CSS-LoRa SX1278 (Ra-02),150.0,399,1787960169.9498,-125.0,-22.0,False,,DEGRADED_COMMUNICATION,True
3400,PACKET_LOSS_75PCT,CONTROLLED_SOFTWARE_INJECTION,CSS-LoRa SX1278 (Ra-02),150.0,400,1787960169.9998,-125.0,-22.0,False,,DEGRADED_COMMUNICATION,True
3401,PACKET_LOSS_75PCT,CONTROLLED_SOFTWARE_INJECTION,CSS-LoRa SX1278 (Ra-02),150.0,401,1787960170.0498,-125.0,-22.0,False,,DEGRADED_COMMUNICATION,True
3402,PACKET_LOSS_75PCT,CONTROLLED_SOFTWARE_INJECTION,CSS-LoRa SX1278 (Ra-02),150.0,402,1787960170.0998,-125.0,-22.0,False,,DEGRADED_COMMUNICATION,True
3403,PACKET_LOSS_75PCT,CONTROLLED_SOFTWARE_INJECTION,CSS-LoRa SX1278 (Ra-02),150.0,403,1787960170.1498,-125.0,-22.0,False,,DEGRADED_COMMUNICATION,True
3404,PACKET_LOSS_75PCT,CONTROLLED_SOFTWARE_INJECTION,CSS-LoRa SX1278 (Ra-02),150.0,404,1787960170.1998,-125.0,-22.0,False,,DEGRADED_COMMUNICATION,True
3405,PACKET_LOSS_75PCT,CONTROLLED_SOFTWARE_INJECTION,CSS-LoRa SX1278 (Ra-02),150.0,405,1787960170.2498,-125.0,-22.0,False,,DEGRADED_COMMUNICATION,True
3406,PACKET_LOSS_75PCT,CONTROLLED_SOFTWARE_INJECTION,CSS-LoRa SX1278 (Ra-02),150.0,406,1787960170.2998,-125.0,-22.0,False,,DEGRADED_COMMUNICATION,True
3407,PACKET_LOSS_75PCT,CONTROLLED_SOFTWARE_INJECTION,CSS-LoRa SX1278 (Ra-02),150.0,407,1787960170.3498,-84.15,4.48,True,21.63,DEGRADED_COMMUNICATION,True
3408,PACKET_LOSS_75PCT,CONTROLLED_SOFTWARE_INJECTION,CSS-LoRa SX1278 (Ra-02),150.0,408,1787960170.3998,-84.37,2.87,True,24.17,DEGRADED_COMMUNICATION,True
3409,PACKET_LOSS_75PCT,CONTROLLED_SOFTWARE_INJECTION,CSS-LoRa SX1278 (Ra-02),150.0,409,1787960170.4498,-125.0,-22.0,False,,DEGRADED_COMMUNICATION,True
3410,PACKET_LOSS_75PCT,CONTROLLED_SOFTWARE_INJECTION,CSS-LoRa SX1278 (Ra-02),150.0,410,1787960170.4998,-82.25,4.63,True,21.95,DEGRADED_COMMUNICATION,True
3411,PACKET_LOSS_75PCT,CONTROLLED_SOFTWARE_INJECTION,CSS-LoRa SX1278 (Ra-02),150.0,411,1787960170.5498,-125.0,-22.0,False,,DEGRADED_COMMUNICATION,True
3412,PACKET_LOSS_75PCT,CONTROLLED_SOFTWARE_INJECTION,CSS-LoRa SX1278 (Ra-02),150.0,412,1787960170.5998,-125.0,-22.0,False,,DEGRADED_COMMUNICATION,True
3413,PACKET_LOSS_75PCT,CONTROLLED_SOFTWARE_INJECTION,CSS-LoRa SX1278 (Ra-02),150.0,413,1787960170.6498,-125.0,-22.0,False,,DEGRADED_COMMUNICATION,True
3414,PACKET_LOSS_75PCT,CONTROLLED_SOFTWARE_INJECTION,CSS-LoRa SX1278 (Ra-02),150.0,414,1787960170.6998,-125.0,-22.0,False,,DEGRADED_COMMUNICATION,True
3415,PACKET_LOSS_75PCT,CONTROLLED_SOFTWARE_INJECTION,CSS-LoRa SX1278 (Ra-02),150.0,415,1787960170.7498,-125.0,-22.0,False,,DEGRADED_COMMUNICATION,True
3416,PACKET_LOSS_75PCT,CONTROLLED_SOFTWARE_INJECTION,CSS-LoRa SX1278 (Ra-02),150.0,416,1787960170.7998,-81.8,3.31,True,24.23,DEGRADED_COMMUNICATION,True
3417,PACKET_LOSS_75PCT,CONTROLLED_SOFTWARE_INJECTION,CSS-LoRa SX1278 (Ra-02),150.0,417,1787960170.8498,-125.0,-22.0,False,,DEGRADED_COMMUNICATION,True
3418,PACKET_LOSS_75PCT,CONTROLLED_SOFTWARE_INJECTION,CSS-LoRa SX1278 (Ra-02),150.0,418,1787960170.8998,-125.0,-22.0,False,,DEGRADED_COMMUNICATION,True
3419,PACKET_LOSS_75PCT,CONTROLLED_SOFTWARE_INJECTION,CSS-LoRa SX1278 (Ra-02),150.0,419,1787960170.9498,-125.0,-22.0,False,,DEGRADED_COMMUNICATION,True
3420,PACKET_LOSS_75PCT,CONTROLLED_SOFTWARE_INJECTION,CSS-LoRa SX1278 (Ra-02),150.0,420,1787960170.9998,-125.0,-22.0,False,,DEGRADED_COMMUNICATION,True
3421,PACKET_LOSS_75PCT,CONTROLLED_SOFTWARE_INJECTION,CSS-LoRa SX1278 (Ra-02),150.0,421,1787960171.0498,-125.0,-22.0,False,,DEGRADED_COMMUNICATION,True
3422,PACKET_LOSS_75PCT,CONTROLLED_SOFTWARE_INJECTION,CSS-LoRa SX1278 (Ra-02),150.0,422,1787960171.0998,-125.0,-22.0,False,,DEGRADED_COMMUNICATION,True
3423,PACKET_LOSS_75PCT,CONTROLLED_SOFTWARE_INJECTION,CSS-LoRa SX1278 (Ra-02),150.0,423,1787960171.1498,-125.0,-22.0,False,,DEGRADED_COMMUNICATION,True
3424,PACKET_LOSS_75PCT,CONTROLLED_SOFTWARE_INJECTION,CSS-LoRa SX1278 (Ra-02),150.0,424,1787960171.1998,-125.0,-22.0,False,,DEGRADED_COMMUNICATION,True
3425,PACKET_LOSS_75PCT,CONTROLLED_SOFTWARE_INJECTION,CSS-LoRa SX1278 (Ra-02),150.0,425,1787960171.2498,-125.0,-22.0,False,,DEGRADED_COMMUNICATION,True
3426,PACKET_LOSS_75PCT,CONTROLLED_SOFTWARE_INJECTION,CSS-LoRa SX1278 (Ra-02),150.0,426,1787960171.2998,-80.96,6.1,True,23.48,DEGRADED_COMMUNICATION,True
3427,PACKET_LOSS_75PCT,CONTROLLED_SOFTWARE_INJECTION,CSS-LoRa SX1278 (Ra-02),150.0,427,1787960171.3498,-125.0,-22.0,False,,DEGRADED_COMMUNICATION,True
3428,PACKET_LOSS_75PCT,CONTROLLED_SOFTWARE_INJECTION,CSS-LoRa SX1278 (Ra-02),150.0,428,1787960171.3998,-83.3,2.16,True,26.39,DEGRADED_COMMUNICATION,True
3429,PACKET_LOSS_75PCT,CONTROLLED_SOFTWARE_INJECTION,CSS-LoRa SX1278 (Ra-02),150.0,429,1787960171.4498,-85.76,6.55,True,24.66,DEGRADED_COMMUNICATION,True
3430,PACKET_LOSS_75PCT,CONTROLLED_SOFTWARE_INJECTION,CSS-LoRa SX1278 (Ra-02),150.0,430,1787960171.4998,-125.0,-22.0,False,,DEGRADED_COMMUNICATION,True
3431,PACKET_LOSS_75PCT,CONTROLLED_SOFTWARE_INJECTION,CSS-LoRa SX1278 (Ra-02),150.0,431,1787960171.5498,-85.32,4.26,True,24.74,DEGRADED_COMMUNICATION,True
3432,PACKET_LOSS_75PCT,CONTROLLED_SOFTWARE_INJECTION,CSS-LoRa SX1278 (Ra-02),150.0,432,1787960171.5998,-125.0,-22.0,False,,DEGRADED_COMMUNICATION,True
3433,PACKET_LOSS_75PCT,CONTROLLED_SOFTWARE_INJECTION,CSS-LoRa SX1278 (Ra-02),150.0,433,1787960171.6498,-125.0,-22.0,False,,DEGRADED_COMMUNICATION,True
3434,PACKET_LOSS_75PCT,CONTROLLED_SOFTWARE_INJECTION,CSS-LoRa SX1278 (Ra-02),150.0,434,1787960171.6998,-85.18,2.69,True,23.73,DEGRADED_COMMUNICATION,True
3435,PACKET_LOSS_75PCT,CONTROLLED_SOFTWARE_INJECTION,CSS-LoRa SX1278 (Ra-02),150.0,435,1787960171.7498,-125.0,-22.0,False,,DEGRADED_COMMUNICATION,True
3436,PACKET_LOSS_75PCT,CONTROLLED_SOFTWARE_INJECTION,CSS-LoRa SX1278 (Ra-02),150.0,436,1787960171.7998,-125.0,-22.0,False,,DEGRADED_COMMUNICATION,True
3437,PACKET_LOSS_75PCT,CONTROLLED_SOFTWARE_INJECTION,CSS-LoRa SX1278 (Ra-02),150.0,437,1787960171.8498,-125.0,-22.0,False,,DEGRADED_COMMUNICATION,True
3438,PACKET_LOSS_75PCT,CONTROLLED_SOFTWARE_INJECTION,CSS-LoRa SX1278 (Ra-02),150.0,438,1787960171.8998,-125.0,-22.0,False,,DEGRADED_COMMUNICATION,True
3439,PACKET_LOSS_75PCT,CONTROLLED_SOFTWARE_INJECTION,CSS-LoRa SX1278 (Ra-02),150.0,439,1787960171.9498,-125.0,-22.0,False,,DEGRADED_COMMUNICATION,True
3440,PACKET_LOSS_75PCT,CONTROLLED_SOFTWARE_INJECTION,CSS-LoRa SX1278 (Ra-02),150.0,440,1787960171.9998,-125.0,-22.0,False,,DEGRADED_COMMUNICATION,True
3441,PACKET_LOSS_75PCT,CONTROLLED_SOFTWARE_INJECTION,CSS-LoRa SX1278 (Ra-02),150.0,441,1787960172.0498,-125.0,-22.0,False,,DEGRADED_COMMUNICATION,True
3442,PACKET_LOSS_75PCT,CONTROLLED_SOFTWARE_INJECTION,CSS-LoRa SX1278 (Ra-02),150.0,442,1787960172.0998,-125.0,-22.0,False,,DEGRADED_COMMUNICATION,True
3443,PACKET_LOSS_75PCT,CONTROLLED_SOFTWARE_INJECTION,CSS-LoRa SX1278 (Ra-02),150.0,443,1787960172.1498,-125.0,-22.0,False,,DEGRADED_COMMUNICATION,True
3444,PACKET_LOSS_75PCT,CONTROLLED_SOFTWARE_INJECTION,CSS-LoRa SX1278 (Ra-02),150.0,444,1787960172.1998,-81.28,4.11,True,24.55,DEGRADED_COMMUNICATION,True
3445,PACKET_LOSS_75PCT,CONTROLLED_SOFTWARE_INJECTION,CSS-LoRa SX1278 (Ra-02),150.0,445,1787960172.2498,-125.0,-22.0,False,,DEGRADED_COMMUNICATION,True
3446,PACKET_LOSS_75PCT,CONTROLLED_SOFTWARE_INJECTION,CSS-LoRa SX1278 (Ra-02),150.0,446,1787960172.2998,-82.59,5.15,True,26.09,DEGRADED_COMMUNICATION,True
3447,PACKET_LOSS_75PCT,CONTROLLED_SOFTWARE_INJECTION,CSS-LoRa SX1278 (Ra-02),150.0,447,1787960172.3498,-86.04,4.77,True,22.93,DEGRADED_COMMUNICATION,True
3448,PACKET_LOSS_75PCT,CONTROLLED_SOFTWARE_INJECTION,CSS-LoRa SX1278 (Ra-02),150.0,448,1787960172.3998,-125.0,-22.0,False,,DEGRADED_COMMUNICATION,True
3449,PACKET_LOSS_75PCT,CONTROLLED_SOFTWARE_INJECTION,CSS-LoRa SX1278 (Ra-02),150.0,449,1787960172.4498,-125.0,-22.0,False,,DEGRADED_COMMUNICATION,True
3450,PACKET_LOSS_75PCT,CONTROLLED_SOFTWARE_INJECTION,CSS-LoRa SX1278 (Ra-02),150.0,450,1787960172.4998,-125.0,-22.0,False,,DEGRADED_COMMUNICATION,True
3451,PACKET_LOSS_75PCT,CONTROLLED_SOFTWARE_INJECTION,CSS-LoRa SX1278 (Ra-02),150.0,451,1787960172.5498,-84.76,5.02,True,25.96,DEGRADED_COMMUNICATION,True
3452,PACKET_LOSS_75PCT,CONTROLLED_SOFTWARE_INJECTION,CSS-LoRa SX1278 (Ra-02),150.0,452,1787960172.5998,-125.0,-22.0,False,,DEGRADED_COMMUNICATION,True
3453,PACKET_LOSS_75PCT,CONTROLLED_SOFTWARE_INJECTION,CSS-LoRa SX1278 (Ra-02),150.0,453,1787960172.6498,-79.56,4.22,True,26.91,DEGRADED_COMMUNICATION,True
3454,PACKET_LOSS_75PCT,CONTROLLED_SOFTWARE_INJECTION,CSS-LoRa SX1278 (Ra-02),150.0,454,1787960172.6998,-125.0,-22.0,False,,DEGRADED_COMMUNICATION,True
3455,PACKET_LOSS_75PCT,CONTROLLED_SOFTWARE_INJECTION,CSS-LoRa SX1278 (Ra-02),150.0,455,1787960172.7498,-125.0,-22.0,False,,DEGRADED_COMMUNICATION,True
3456,PACKET_LOSS_75PCT,CONTROLLED_SOFTWARE_INJECTION,CSS-LoRa SX1278 (Ra-02),150.0,456,1787960172.7998,-125.0,-22.0,False,,DEGRADED_COMMUNICATION,True
3457,PACKET_LOSS_75PCT,CONTROLLED_SOFTWARE_INJECTION,CSS-LoRa SX1278 (Ra-02),150.0,457,1787960172.8498,-125.0,-22.0,False,,DEGRADED_COMMUNICATION,True
3458,PACKET_LOSS_75PCT,CONTROLLED_SOFTWARE_INJECTION,CSS-LoRa SX1278 (Ra-02),150.0,458,1787960172.8998,-125.0,-22.0,False,,DEGRADED_COMMUNICATION,True
3459,PACKET_LOSS_75PCT,CONTROLLED_SOFTWARE_INJECTION,CSS-LoRa SX1278 (Ra-02),150.0,459,1787960172.9498,-82.63,7.15,True,27.21,DEGRADED_COMMUNICATION,True
3460,PACKET_LOSS_75PCT,CONTROLLED_SOFTWARE_INJECTION,CSS-LoRa SX1278 (Ra-02),150.0,460,1787960172.9998,-125.0,-22.0,False,,DEGRADED_COMMUNICATION,True
3461,PACKET_LOSS_75PCT,CONTROLLED_SOFTWARE_INJECTION,CSS-LoRa SX1278 (Ra-02),150.0,461,1787960173.0498,-125.0,-22.0,False,,DEGRADED_COMMUNICATION,True
3462,PACKET_LOSS_75PCT,CONTROLLED_SOFTWARE_INJECTION,CSS-LoRa SX1278 (Ra-02),150.0,462,1787960173.0998,-125.0,-22.0,False,,DEGRADED_COMMUNICATION,True
3463,PACKET_LOSS_75PCT,CONTROLLED_SOFTWARE_INJECTION,CSS-LoRa SX1278 (Ra-02),150.0,463,1787960173.1498,-125.0,-22.0,False,,DEGRADED_COMMUNICATION,True
3464,PACKET_LOSS_75PCT,CONTROLLED_SOFTWARE_INJECTION,CSS-LoRa SX1278 (Ra-02),150.0,464,1787960173.1998,-125.0,-22.0,False,,DEGRADED_COMMUNICATION,True
3465,PACKET_LOSS_75PCT,CONTROLLED_SOFTWARE_INJECTION,CSS-LoRa SX1278 (Ra-02),150.0,465,1787960173.2498,-85.29,2.96,True,25.57,DEGRADED_COMMUNICATION,True
3466,PACKET_LOSS_75PCT,CONTROLLED_SOFTWARE_INJECTION,CSS-LoRa SX1278 (Ra-02),150.0,466,1787960173.2998,-125.0,-22.0,False,,DEGRADED_COMMUNICATION,True
3467,PACKET_LOSS_75PCT,CONTROLLED_SOFTWARE_INJECTION,CSS-LoRa SX1278 (Ra-02),150.0,467,1787960173.3498,-125.0,-22.0,False,,DEGRADED_COMMUNICATION,True
3468,PACKET_LOSS_75PCT,CONTROLLED_SOFTWARE_INJECTION,CSS-LoRa SX1278 (Ra-02),150.0,468,1787960173.3998,-88.44,5.88,True,23.42,DEGRADED_COMMUNICATION,True
3469,PACKET_LOSS_75PCT,CONTROLLED_SOFTWARE_INJECTION,CSS-LoRa SX1278 (Ra-02),150.0,469,1787960173.4498,-86.86,2.53,True,23.79,DEGRADED_COMMUNICATION,True
3470,PACKET_LOSS_75PCT,CONTROLLED_SOFTWARE_INJECTION,CSS-LoRa SX1278 (Ra-02),150.0,470,1787960173.4998,-84.6,7.46,True,23.72,DEGRADED_COMMUNICATION,True
3471,PACKET_LOSS_75PCT,CONTROLLED_SOFTWARE_INJECTION,CSS-LoRa SX1278 (Ra-02),150.0,471,1787960173.5498,-125.0,-22.0,False,,DEGRADED_COMMUNICATION,True
3472,PACKET_LOSS_75PCT,CONTROLLED_SOFTWARE_INJECTION,CSS-LoRa SX1278 (Ra-02),150.0,472,1787960173.5998,-82.62,5.65,True,26.74,DEGRADED_COMMUNICATION,True
3473,PACKET_LOSS_75PCT,CONTROLLED_SOFTWARE_INJECTION,CSS-LoRa SX1278 (Ra-02),150.0,473,1787960173.6498,-83.55,4.03,True,23.92,DEGRADED_COMMUNICATION,True
3474,PACKET_LOSS_75PCT,CONTROLLED_SOFTWARE_INJECTION,CSS-LoRa SX1278 (Ra-02),150.0,474,1787960173.6998,-80.84,2.78,True,27.42,DEGRADED_COMMUNICATION,True
3475,PACKET_LOSS_75PCT,CONTROLLED_SOFTWARE_INJECTION,CSS-LoRa SX1278 (Ra-02),150.0,475,1787960173.7498,-125.0,-22.0,False,,DEGRADED_COMMUNICATION,True
3476,PACKET_LOSS_75PCT,CONTROLLED_SOFTWARE_INJECTION,CSS-LoRa SX1278 (Ra-02),150.0,476,1787960173.7998,-125.0,-22.0,False,,DEGRADED_COMMUNICATION,True
3477,PACKET_LOSS_75PCT,CONTROLLED_SOFTWARE_INJECTION,CSS-LoRa SX1278 (Ra-02),150.0,477,1787960173.8498,-125.0,-22.0,False,,DEGRADED_COMMUNICATION,True
3478,PACKET_LOSS_75PCT,CONTROLLED_SOFTWARE_INJECTION,CSS-LoRa SX1278 (Ra-02),150.0,478,1787960173.8998,-125.0,-22.0,False,,DEGRADED_COMMUNICATION,True
3479,PACKET_LOSS_75PCT,CONTROLLED_SOFTWARE_INJECTION,CSS-LoRa SX1278 (Ra-02),150.0,479,1787960173.9498,-125.0,-22.0,False,,DEGRADED_COMMUNICATION,True
3480,PACKET_LOSS_75PCT,CONTROLLED_SOFTWARE_INJECTION,CSS-LoRa SX1278 (Ra-02),150.0,480,1787960173.9998,-125.0,-22.0,False,,DEGRADED_COMMUNICATION,True
3481,PACKET_LOSS_75PCT,CONTROLLED_SOFTWARE_INJECTION,CSS-LoRa SX1278 (Ra-02),150.0,481,1787960174.0498,-125.0,-22.0,False,,DEGRADED_COMMUNICATION,True
3482,PACKET_LOSS_75PCT,CONTROLLED_SOFTWARE_INJECTION,CSS-LoRa SX1278 (Ra-02),150.0,482,1787960174.0998,-81.02,4.67,True,23.72,DEGRADED_COMMUNICATION,True
3483,PACKET_LOSS_75PCT,CONTROLLED_SOFTWARE_INJECTION,CSS-LoRa SX1278 (Ra-02),150.0,483,1787960174.1498,-125.0,-22.0,False,,DEGRADED_COMMUNICATION,True
3484,PACKET_LOSS_75PCT,CONTROLLED_SOFTWARE_INJECTION,CSS-LoRa SX1278 (Ra-02),150.0,484,1787960174.1998,-86.4,3.96,True,25.93,DEGRADED_COMMUNICATION,True
3485,PACKET_LOSS_75PCT,CONTROLLED_SOFTWARE_INJECTION,CSS-LoRa SX1278 (Ra-02),150.0,485,1787960174.2498,-125.0,-22.0,False,,DEGRADED_COMMUNICATION,True
3486,PACKET_LOSS_75PCT,CONTROLLED_SOFTWARE_INJECTION,CSS-LoRa SX1278 (Ra-02),150.0,486,1787960174.2998,-125.0,-22.0,False,,DEGRADED_COMMUNICATION,True
3487,PACKET_LOSS_75PCT,CONTROLLED_SOFTWARE_INJECTION,CSS-LoRa SX1278 (Ra-02),150.0,487,1787960174.3498,-125.0,-22.0,False,,DEGRADED_COMMUNICATION,True
3488,PACKET_LOSS_75PCT,CONTROLLED_SOFTWARE_INJECTION,CSS-LoRa SX1278 (Ra-02),150.0,488,1787960174.3998,-81.02,2.18,True,22.86,DEGRADED_COMMUNICATION,True
3489,PACKET_LOSS_75PCT,CONTROLLED_SOFTWARE_INJECTION,CSS-LoRa SX1278 (Ra-02),150.0,489,1787960174.4498,-125.0,-22.0,False,,DEGRADED_COMMUNICATION,True
3490,PACKET_LOSS_75PCT,CONTROLLED_SOFTWARE_INJECTION,CSS-LoRa SX1278 (Ra-02),150.0,490,1787960174.4998,-125.0,-22.0,False,,DEGRADED_COMMUNICATION,True
3491,PACKET_LOSS_75PCT,CONTROLLED_SOFTWARE_INJECTION,CSS-LoRa SX1278 (Ra-02),150.0,491,1787960174.5498,-125.0,-22.0,False,,DEGRADED_COMMUNICATION,True
3492,PACKET_LOSS_75PCT,CONTROLLED_SOFTWARE_INJECTION,CSS-LoRa SX1278 (Ra-02),150.0,492,1787960174.5998,-125.0,-22.0,False,,DEGRADED_COMMUNICATION,True
3493,PACKET_LOSS_75PCT,CONTROLLED_SOFTWARE_INJECTION,CSS-LoRa SX1278 (Ra-02),150.0,493,1787960174.6498,-82.88,2.54,True,26.22,DEGRADED_COMMUNICATION,True
3494,PACKET_LOSS_75PCT,CONTROLLED_SOFTWARE_INJECTION,CSS-LoRa SX1278 (Ra-02),150.0,494,1787960174.6998,-125.0,-22.0,False,,DEGRADED_COMMUNICATION,True
3495,PACKET_LOSS_75PCT,CONTROLLED_SOFTWARE_INJECTION,CSS-LoRa SX1278 (Ra-02),150.0,495,1787960174.7498,-125.0,-22.0,False,,DEGRADED_COMMUNICATION,True
3496,PACKET_LOSS_75PCT,CONTROLLED_SOFTWARE_INJECTION,CSS-LoRa SX1278 (Ra-02),150.0,496,1787960174.7998,-125.0,-22.0,False,,DEGRADED_COMMUNICATION,True
3497,PACKET_LOSS_75PCT,CONTROLLED_SOFTWARE_INJECTION,CSS-LoRa SX1278 (Ra-02),150.0,497,1787960174.8498,-125.0,-22.0,False,,DEGRADED_COMMUNICATION,True
3498,PACKET_LOSS_75PCT,CONTROLLED_SOFTWARE_INJECTION,CSS-LoRa SX1278 (Ra-02),150.0,498,1787960174.8998,-80.17,5.94,True,27.88,DEGRADED_COMMUNICATION,True
3499,PACKET_LOSS_75PCT,CONTROLLED_SOFTWARE_INJECTION,CSS-LoRa SX1278 (Ra-02),150.0,499,1787960174.9498,-79.49,5.29,True,22.73,DEGRADED_COMMUNICATION,True
3500,PACKET_LOSS_75PCT,CONTROLLED_SOFTWARE_INJECTION,CSS-LoRa SX1278 (Ra-02),150.0,500,1787960174.9998,-125.0,-22.0,False,,DEGRADED_COMMUNICATION,True
3501,PACKET_LOSS_75PCT,CONTROLLED_SOFTWARE_INJECTION,CSS-LoRa SX1278 (Ra-02),150.0,501,1787960175.0498,-79.78,4.32,True,25.23,DEGRADED_COMMUNICATION,True
3502,PACKET_LOSS_75PCT,CONTROLLED_SOFTWARE_INJECTION,CSS-LoRa SX1278 (Ra-02),150.0,502,1787960175.0998,-125.0,-22.0,False,,DEGRADED_COMMUNICATION,True
3503,PACKET_LOSS_75PCT,CONTROLLED_SOFTWARE_INJECTION,CSS-LoRa SX1278 (Ra-02),150.0,503,1787960175.1498,-125.0,-22.0,False,,DEGRADED_COMMUNICATION,True
3504,PACKET_LOSS_75PCT,CONTROLLED_SOFTWARE_INJECTION,CSS-LoRa SX1278 (Ra-02),150.0,504,1787960175.1998,-125.0,-22.0,False,,DEGRADED_COMMUNICATION,True
3505,PACKET_LOSS_75PCT,CONTROLLED_SOFTWARE_INJECTION,CSS-LoRa SX1278 (Ra-02),150.0,505,1787960175.2498,-82.83,5.45,True,25.42,DEGRADED_COMMUNICATION,True
3506,PACKET_LOSS_75PCT,CONTROLLED_SOFTWARE_INJECTION,CSS-LoRa SX1278 (Ra-02),150.0,506,1787960175.2998,-125.0,-22.0,False,,DEGRADED_COMMUNICATION,True
3507,PACKET_LOSS_75PCT,CONTROLLED_SOFTWARE_INJECTION,CSS-LoRa SX1278 (Ra-02),150.0,507,1787960175.3498,-125.0,-22.0,False,,DEGRADED_COMMUNICATION,True
3508,PACKET_LOSS_75PCT,CONTROLLED_SOFTWARE_INJECTION,CSS-LoRa SX1278 (Ra-02),150.0,508,1787960175.3998,-80.65,3.53,True,23.64,DEGRADED_COMMUNICATION,True
3509,PACKET_LOSS_75PCT,CONTROLLED_SOFTWARE_INJECTION,CSS-LoRa SX1278 (Ra-02),150.0,509,1787960175.4498,-125.0,-22.0,False,,DEGRADED_COMMUNICATION,True
3510,PACKET_LOSS_75PCT,CONTROLLED_SOFTWARE_INJECTION,CSS-LoRa SX1278 (Ra-02),150.0,510,1787960175.4998,-125.0,-22.0,False,,DEGRADED_COMMUNICATION,True
3511,PACKET_LOSS_75PCT,CONTROLLED_SOFTWARE_INJECTION,CSS-LoRa SX1278 (Ra-02),150.0,511,1787960175.5498,-125.0,-22.0,False,,DEGRADED_COMMUNICATION,True
3512,PACKET_LOSS_75PCT,CONTROLLED_SOFTWARE_INJECTION,CSS-LoRa SX1278 (Ra-02),150.0,512,1787960175.5998,-83.86,4.76,True,24.24,DEGRADED_COMMUNICATION,True
3513,PACKET_LOSS_75PCT,CONTROLLED_SOFTWARE_INJECTION,CSS-LoRa SX1278 (Ra-02),150.0,513,1787960175.6498,-125.0,-22.0,False,,DEGRADED_COMMUNICATION,True
3514,PACKET_LOSS_75PCT,CONTROLLED_SOFTWARE_INJECTION,CSS-LoRa SX1278 (Ra-02),150.0,514,1787960175.6998,-82.67,3.0,True,24.86,DEGRADED_COMMUNICATION,True
3515,PACKET_LOSS_75PCT,CONTROLLED_SOFTWARE_INJECTION,CSS-LoRa SX1278 (Ra-02),150.0,515,1787960175.7498,-125.0,-22.0,False,,DEGRADED_COMMUNICATION,True
3516,PACKET_LOSS_75PCT,CONTROLLED_SOFTWARE_INJECTION,CSS-LoRa SX1278 (Ra-02),150.0,516,1787960175.7998,-125.0,-22.0,False,,DEGRADED_COMMUNICATION,True
3517,PACKET_LOSS_75PCT,CONTROLLED_SOFTWARE_INJECTION,CSS-LoRa SX1278 (Ra-02),150.0,517,1787960175.8498,-125.0,-22.0,False,,DEGRADED_COMMUNICATION,True
3518,PACKET_LOSS_75PCT,CONTROLLED_SOFTWARE_INJECTION,CSS-LoRa SX1278 (Ra-02),150.0,518,1787960175.8998,-83.84,6.82,True,23.22,DEGRADED_COMMUNICATION,True
3519,PACKET_LOSS_75PCT,CONTROLLED_SOFTWARE_INJECTION,CSS-LoRa SX1278 (Ra-02),150.0,519,1787960175.9498,-125.0,-22.0,False,,DEGRADED_COMMUNICATION,True
3520,PACKET_LOSS_75PCT,CONTROLLED_SOFTWARE_INJECTION,CSS-LoRa SX1278 (Ra-02),150.0,520,1787960175.9998,-125.0,-22.0,False,,DEGRADED_COMMUNICATION,True
3521,PACKET_LOSS_75PCT,CONTROLLED_SOFTWARE_INJECTION,CSS-LoRa SX1278 (Ra-02),150.0,521,1787960176.0498,-125.0,-22.0,False,,DEGRADED_COMMUNICATION,True
3522,PACKET_LOSS_75PCT,CONTROLLED_SOFTWARE_INJECTION,CSS-LoRa SX1278 (Ra-02),150.0,522,1787960176.0998,-125.0,-22.0,False,,DEGRADED_COMMUNICATION,True
3523,PACKET_LOSS_75PCT,CONTROLLED_SOFTWARE_INJECTION,CSS-LoRa SX1278 (Ra-02),150.0,523,1787960176.1498,-125.0,-22.0,False,,DEGRADED_COMMUNICATION,True
3524,PACKET_LOSS_75PCT,CONTROLLED_SOFTWARE_INJECTION,CSS-LoRa SX1278 (Ra-02),150.0,524,1787960176.1998,-125.0,-22.0,False,,DEGRADED_COMMUNICATION,True
3525,PACKET_LOSS_75PCT,CONTROLLED_SOFTWARE_INJECTION,CSS-LoRa SX1278 (Ra-02),150.0,525,1787960176.2498,-125.0,-22.0,False,,DEGRADED_COMMUNICATION,True
3526,PACKET_LOSS_75PCT,CONTROLLED_SOFTWARE_INJECTION,CSS-LoRa SX1278 (Ra-02),150.0,526,1787960176.2998,-125.0,-22.0,False,,DEGRADED_COMMUNICATION,True
3527,PACKET_LOSS_75PCT,CONTROLLED_SOFTWARE_INJECTION,CSS-LoRa SX1278 (Ra-02),150.0,527,1787960176.3498,-125.0,-22.0,False,,DEGRADED_COMMUNICATION,True
3528,PACKET_LOSS_75PCT,CONTROLLED_SOFTWARE_INJECTION,CSS-LoRa SX1278 (Ra-02),150.0,528,1787960176.3998,-125.0,-22.0,False,,DEGRADED_COMMUNICATION,True
3529,PACKET_LOSS_75PCT,CONTROLLED_SOFTWARE_INJECTION,CSS-LoRa SX1278 (Ra-02),150.0,529,1787960176.4498,-125.0,-22.0,False,,DEGRADED_COMMUNICATION,True
3530,PACKET_LOSS_75PCT,CONTROLLED_SOFTWARE_INJECTION,CSS-LoRa SX1278 (Ra-02),150.0,530,1787960176.4998,-125.0,-22.0,False,,DEGRADED_COMMUNICATION,True
3531,PACKET_LOSS_75PCT,CONTROLLED_SOFTWARE_INJECTION,CSS-LoRa SX1278 (Ra-02),150.0,531,1787960176.5498,-83.42,4.25,True,24.13,DEGRADED_COMMUNICATION,True
3532,PACKET_LOSS_75PCT,CONTROLLED_SOFTWARE_INJECTION,CSS-LoRa SX1278 (Ra-02),150.0,532,1787960176.5998,-80.4,4.69,True,22.54,DEGRADED_COMMUNICATION,True
3533,PACKET_LOSS_75PCT,CONTROLLED_SOFTWARE_INJECTION,CSS-LoRa SX1278 (Ra-02),150.0,533,1787960176.6498,-125.0,-22.0,False,,DEGRADED_COMMUNICATION,True
3534,PACKET_LOSS_75PCT,CONTROLLED_SOFTWARE_INJECTION,CSS-LoRa SX1278 (Ra-02),150.0,534,1787960176.6998,-84.19,5.15,True,24.73,DEGRADED_COMMUNICATION,True
3535,PACKET_LOSS_75PCT,CONTROLLED_SOFTWARE_INJECTION,CSS-LoRa SX1278 (Ra-02),150.0,535,1787960176.7498,-125.0,-22.0,False,,DEGRADED_COMMUNICATION,True
3536,PACKET_LOSS_75PCT,CONTROLLED_SOFTWARE_INJECTION,CSS-LoRa SX1278 (Ra-02),150.0,536,1787960176.7998,-82.38,6.5,True,26.12,DEGRADED_COMMUNICATION,True
3537,PACKET_LOSS_75PCT,CONTROLLED_SOFTWARE_INJECTION,CSS-LoRa SX1278 (Ra-02),150.0,537,1787960176.8498,-125.0,-22.0,False,,DEGRADED_COMMUNICATION,True
3538,PACKET_LOSS_75PCT,CONTROLLED_SOFTWARE_INJECTION,CSS-LoRa SX1278 (Ra-02),150.0,538,1787960176.8998,-82.6,4.48,True,24.49,DEGRADED_COMMUNICATION,True
3539,PACKET_LOSS_75PCT,CONTROLLED_SOFTWARE_INJECTION,CSS-LoRa SX1278 (Ra-02),150.0,539,1787960176.9498,-77.99,4.5,True,26.83,DEGRADED_COMMUNICATION,True
3540,PACKET_LOSS_75PCT,CONTROLLED_SOFTWARE_INJECTION,CSS-LoRa SX1278 (Ra-02),150.0,540,1787960176.9998,-125.0,-22.0,False,,DEGRADED_COMMUNICATION,True
3541,PACKET_LOSS_75PCT,CONTROLLED_SOFTWARE_INJECTION,CSS-LoRa SX1278 (Ra-02),150.0,541,1787960177.0498,-125.0,-22.0,False,,DEGRADED_COMMUNICATION,True
3542,PACKET_LOSS_75PCT,CONTROLLED_SOFTWARE_INJECTION,CSS-LoRa SX1278 (Ra-02),150.0,542,1787960177.0998,-82.55,2.1,True,24.88,DEGRADED_COMMUNICATION,True
3543,PACKET_LOSS_75PCT,CONTROLLED_SOFTWARE_INJECTION,CSS-LoRa SX1278 (Ra-02),150.0,543,1787960177.1498,-84.67,5.3,True,28.32,DEGRADED_COMMUNICATION,True
3544,PACKET_LOSS_75PCT,CONTROLLED_SOFTWARE_INJECTION,CSS-LoRa SX1278 (Ra-02),150.0,544,1787960177.1998,-125.0,-22.0,False,,DEGRADED_COMMUNICATION,True
3545,PACKET_LOSS_75PCT,CONTROLLED_SOFTWARE_INJECTION,CSS-LoRa SX1278 (Ra-02),150.0,545,1787960177.2498,-125.0,-22.0,False,,DEGRADED_COMMUNICATION,True
3546,PACKET_LOSS_75PCT,CONTROLLED_SOFTWARE_INJECTION,CSS-LoRa SX1278 (Ra-02),150.0,546,1787960177.2998,-125.0,-22.0,False,,DEGRADED_COMMUNICATION,True
3547,PACKET_LOSS_75PCT,CONTROLLED_SOFTWARE_INJECTION,CSS-LoRa SX1278 (Ra-02),150.0,547,1787960177.3498,-125.0,-22.0,False,,DEGRADED_COMMUNICATION,True
3548,PACKET_LOSS_75PCT,CONTROLLED_SOFTWARE_INJECTION,CSS-LoRa SX1278 (Ra-02),150.0,548,1787960177.3998,-125.0,-22.0,False,,DEGRADED_COMMUNICATION,True
3549,PACKET_LOSS_75PCT,CONTROLLED_SOFTWARE_INJECTION,CSS-LoRa SX1278 (Ra-02),150.0,549,1787960177.4498,-80.89,4.33,True,23.62,DEGRADED_COMMUNICATION,True
3550,PACKET_LOSS_75PCT,CONTROLLED_SOFTWARE_INJECTION,CSS-LoRa SX1278 (Ra-02),150.0,550,1787960177.4998,-125.0,-22.0,False,,DEGRADED_COMMUNICATION,True
3551,PACKET_LOSS_75PCT,CONTROLLED_SOFTWARE_INJECTION,CSS-LoRa SX1278 (Ra-02),150.0,551,1787960177.5498,-125.0,-22.0,False,,DEGRADED_COMMUNICATION,True
3552,PACKET_LOSS_75PCT,CONTROLLED_SOFTWARE_INJECTION,CSS-LoRa SX1278 (Ra-02),150.0,552,1787960177.5998,-125.0,-22.0,False,,DEGRADED_COMMUNICATION,True
3553,PACKET_LOSS_75PCT,CONTROLLED_SOFTWARE_INJECTION,CSS-LoRa SX1278 (Ra-02),150.0,553,1787960177.6498,-125.0,-22.0,False,,DEGRADED_COMMUNICATION,True
3554,PACKET_LOSS_75PCT,CONTROLLED_SOFTWARE_INJECTION,CSS-LoRa SX1278 (Ra-02),150.0,554,1787960177.6998,-81.54,2.13,True,27.53,DEGRADED_COMMUNICATION,True
3555,PACKET_LOSS_75PCT,CONTROLLED_SOFTWARE_INJECTION,CSS-LoRa SX1278 (Ra-02),150.0,555,1787960177.7498,-125.0,-22.0,False,,DEGRADED_COMMUNICATION,True
3556,PACKET_LOSS_75PCT,CONTROLLED_SOFTWARE_INJECTION,CSS-LoRa SX1278 (Ra-02),150.0,556,1787960177.7998,-125.0,-22.0,False,,DEGRADED_COMMUNICATION,True
3557,PACKET_LOSS_75PCT,CONTROLLED_SOFTWARE_INJECTION,CSS-LoRa SX1278 (Ra-02),150.0,557,1787960177.8498,-125.0,-22.0,False,,DEGRADED_COMMUNICATION,True
3558,PACKET_LOSS_75PCT,CONTROLLED_SOFTWARE_INJECTION,CSS-LoRa SX1278 (Ra-02),150.0,558,1787960177.8998,-125.0,-22.0,False,,DEGRADED_COMMUNICATION,True
3559,PACKET_LOSS_75PCT,CONTROLLED_SOFTWARE_INJECTION,CSS-LoRa SX1278 (Ra-02),150.0,559,1787960177.9498,-125.0,-22.0,False,,DEGRADED_COMMUNICATION,True
3560,PACKET_LOSS_75PCT,CONTROLLED_SOFTWARE_INJECTION,CSS-LoRa SX1278 (Ra-02),150.0,560,1787960177.9998,-125.0,-22.0,False,,DEGRADED_COMMUNICATION,True
3561,PACKET_LOSS_75PCT,CONTROLLED_SOFTWARE_INJECTION,CSS-LoRa SX1278 (Ra-02),150.0,561,1787960178.0498,-125.0,-22.0,False,,DEGRADED_COMMUNICATION,True
3562,PACKET_LOSS_75PCT,CONTROLLED_SOFTWARE_INJECTION,CSS-LoRa SX1278 (Ra-02),150.0,562,1787960178.0998,-125.0,-22.0,False,,DEGRADED_COMMUNICATION,True
3563,PACKET_LOSS_75PCT,CONTROLLED_SOFTWARE_INJECTION,CSS-LoRa SX1278 (Ra-02),150.0,563,1787960178.1498,-125.0,-22.0,False,,DEGRADED_COMMUNICATION,True
3564,PACKET_LOSS_75PCT,CONTROLLED_SOFTWARE_INJECTION,CSS-LoRa SX1278 (Ra-02),150.0,564,1787960178.1998,-84.21,3.81,True,25.24,DEGRADED_COMMUNICATION,True
3565,PACKET_LOSS_75PCT,CONTROLLED_SOFTWARE_INJECTION,CSS-LoRa SX1278 (Ra-02),150.0,565,1787960178.2498,-79.03,5.6,True,27.79,DEGRADED_COMMUNICATION,True
3566,PACKET_LOSS_75PCT,CONTROLLED_SOFTWARE_INJECTION,CSS-LoRa SX1278 (Ra-02),150.0,566,1787960178.2998,-125.0,-22.0,False,,DEGRADED_COMMUNICATION,True
3567,PACKET_LOSS_75PCT,CONTROLLED_SOFTWARE_INJECTION,CSS-LoRa SX1278 (Ra-02),150.0,567,1787960178.3498,-125.0,-22.0,False,,DEGRADED_COMMUNICATION,True
3568,PACKET_LOSS_75PCT,CONTROLLED_SOFTWARE_INJECTION,CSS-LoRa SX1278 (Ra-02),150.0,568,1787960178.3998,-125.0,-22.0,False,,DEGRADED_COMMUNICATION,True
3569,PACKET_LOSS_75PCT,CONTROLLED_SOFTWARE_INJECTION,CSS-LoRa SX1278 (Ra-02),150.0,569,1787960178.4498,-88.18,5.71,True,25.15,DEGRADED_COMMUNICATION,True
3570,PACKET_LOSS_75PCT,CONTROLLED_SOFTWARE_INJECTION,CSS-LoRa SX1278 (Ra-02),150.0,570,1787960178.4998,-125.0,-22.0,False,,DEGRADED_COMMUNICATION,True
3571,PACKET_LOSS_75PCT,CONTROLLED_SOFTWARE_INJECTION,CSS-LoRa SX1278 (Ra-02),150.0,571,1787960178.5498,-125.0,-22.0,False,,DEGRADED_COMMUNICATION,True
3572,PACKET_LOSS_75PCT,CONTROLLED_SOFTWARE_INJECTION,CSS-LoRa SX1278 (Ra-02),150.0,572,1787960178.5998,-125.0,-22.0,False,,DEGRADED_COMMUNICATION,True
3573,PACKET_LOSS_75PCT,CONTROLLED_SOFTWARE_INJECTION,CSS-LoRa SX1278 (Ra-02),150.0,573,1787960178.6498,-82.06,3.07,True,24.15,DEGRADED_COMMUNICATION,True
3574,PACKET_LOSS_75PCT,CONTROLLED_SOFTWARE_INJECTION,CSS-LoRa SX1278 (Ra-02),150.0,574,1787960178.6998,-125.0,-22.0,False,,DEGRADED_COMMUNICATION,True
3575,PACKET_LOSS_75PCT,CONTROLLED_SOFTWARE_INJECTION,CSS-LoRa SX1278 (Ra-02),150.0,575,1787960178.7498,-125.0,-22.0,False,,DEGRADED_COMMUNICATION,True
3576,PACKET_LOSS_75PCT,CONTROLLED_SOFTWARE_INJECTION,CSS-LoRa SX1278 (Ra-02),150.0,576,1787960178.7998,-125.0,-22.0,False,,DEGRADED_COMMUNICATION,True
3577,PACKET_LOSS_75PCT,CONTROLLED_SOFTWARE_INJECTION,CSS-LoRa SX1278 (Ra-02),150.0,577,1787960178.8498,-125.0,-22.0,False,,DEGRADED_COMMUNICATION,True
3578,PACKET_LOSS_75PCT,CONTROLLED_SOFTWARE_INJECTION,CSS-LoRa SX1278 (Ra-02),150.0,578,1787960178.8998,-125.0,-22.0,False,,DEGRADED_COMMUNICATION,True
3579,PACKET_LOSS_75PCT,CONTROLLED_SOFTWARE_INJECTION,CSS-LoRa SX1278 (Ra-02),150.0,579,1787960178.9498,-125.0,-22.0,False,,DEGRADED_COMMUNICATION,True
3580,PACKET_LOSS_75PCT,CONTROLLED_SOFTWARE_INJECTION,CSS-LoRa SX1278 (Ra-02),150.0,580,1787960178.9998,-125.0,-22.0,False,,DEGRADED_COMMUNICATION,True
3581,PACKET_LOSS_75PCT,CONTROLLED_SOFTWARE_INJECTION,CSS-LoRa SX1278 (Ra-02),150.0,581,1787960179.0498,-125.0,-22.0,False,,DEGRADED_COMMUNICATION,True
3582,PACKET_LOSS_75PCT,CONTROLLED_SOFTWARE_INJECTION,CSS-LoRa SX1278 (Ra-02),150.0,582,1787960179.0998,-125.0,-22.0,False,,DEGRADED_COMMUNICATION,True
3583,PACKET_LOSS_75PCT,CONTROLLED_SOFTWARE_INJECTION,CSS-LoRa SX1278 (Ra-02),150.0,583,1787960179.1498,-81.2,4.97,True,22.35,DEGRADED_COMMUNICATION,True
3584,PACKET_LOSS_75PCT,CONTROLLED_SOFTWARE_INJECTION,CSS-LoRa SX1278 (Ra-02),150.0,584,1787960179.1998,-125.0,-22.0,False,,DEGRADED_COMMUNICATION,True
3585,PACKET_LOSS_75PCT,CONTROLLED_SOFTWARE_INJECTION,CSS-LoRa SX1278 (Ra-02),150.0,585,1787960179.2498,-84.82,4.04,True,23.88,DEGRADED_COMMUNICATION,True
3586,PACKET_LOSS_75PCT,CONTROLLED_SOFTWARE_INJECTION,CSS-LoRa SX1278 (Ra-02),150.0,586,1787960179.2998,-125.0,-22.0,False,,DEGRADED_COMMUNICATION,True
3587,PACKET_LOSS_75PCT,CONTROLLED_SOFTWARE_INJECTION,CSS-LoRa SX1278 (Ra-02),150.0,587,1787960179.3498,-76.93,4.19,True,25.76,DEGRADED_COMMUNICATION,True
3588,PACKET_LOSS_75PCT,CONTROLLED_SOFTWARE_INJECTION,CSS-LoRa SX1278 (Ra-02),150.0,588,1787960179.3998,-125.0,-22.0,False,,DEGRADED_COMMUNICATION,True
3589,PACKET_LOSS_75PCT,CONTROLLED_SOFTWARE_INJECTION,CSS-LoRa SX1278 (Ra-02),150.0,589,1787960179.4498,-125.0,-22.0,False,,DEGRADED_COMMUNICATION,True
3590,PACKET_LOSS_75PCT,CONTROLLED_SOFTWARE_INJECTION,CSS-LoRa SX1278 (Ra-02),150.0,590,1787960179.4998,-85.79,2.73,True,26.27,DEGRADED_COMMUNICATION,True
3591,PACKET_LOSS_75PCT,CONTROLLED_SOFTWARE_INJECTION,CSS-LoRa SX1278 (Ra-02),150.0,591,1787960179.5498,-125.0,-22.0,False,,DEGRADED_COMMUNICATION,True
3592,PACKET_LOSS_75PCT,CONTROLLED_SOFTWARE_INJECTION,CSS-LoRa SX1278 (Ra-02),150.0,592,1787960179.5998,-125.0,-22.0,False,,DEGRADED_COMMUNICATION,True
3593,PACKET_LOSS_75PCT,CONTROLLED_SOFTWARE_INJECTION,CSS-LoRa SX1278 (Ra-02),150.0,593,1787960179.6498,-125.0,-22.0,False,,DEGRADED_COMMUNICATION,True
3594,PACKET_LOSS_75PCT,CONTROLLED_SOFTWARE_INJECTION,CSS-LoRa SX1278 (Ra-02),150.0,594,1787960179.6998,-81.31,5.37,True,25.24,DEGRADED_COMMUNICATION,True
3595,PACKET_LOSS_75PCT,CONTROLLED_SOFTWARE_INJECTION,CSS-LoRa SX1278 (Ra-02),150.0,595,1787960179.7498,-82.78,0.21,True,26.0,DEGRADED_COMMUNICATION,True
3596,PACKET_LOSS_75PCT,CONTROLLED_SOFTWARE_INJECTION,CSS-LoRa SX1278 (Ra-02),150.0,596,1787960179.7998,-125.0,-22.0,False,,DEGRADED_COMMUNICATION,True
3597,PACKET_LOSS_75PCT,CONTROLLED_SOFTWARE_INJECTION,CSS-LoRa SX1278 (Ra-02),150.0,597,1787960179.8498,-80.26,4.35,True,27.19,DEGRADED_COMMUNICATION,True
3598,PACKET_LOSS_75PCT,CONTROLLED_SOFTWARE_INJECTION,CSS-LoRa SX1278 (Ra-02),150.0,598,1787960179.8998,-125.0,-22.0,False,,DEGRADED_COMMUNICATION,True
3599,PACKET_LOSS_75PCT,CONTROLLED_SOFTWARE_INJECTION,CSS-LoRa SX1278 (Ra-02),150.0,599,1787960179.9498,-125.0,-22.0,False,,DEGRADED_COMMUNICATION,True
3600,PACKET_LOSS_75PCT,CONTROLLED_SOFTWARE_INJECTION,CSS-LoRa SX1278 (Ra-02),150.0,600,1787960179.9998,-125.0,-22.0,False,,DEGRADED_COMMUNICATION,True
3601,PACKET_LOSS_75PCT,CONTROLLED_SOFTWARE_INJECTION,CSS-LoRa SX1278 (Ra-02),150.0,601,1787960180.0498,-125.0,-22.0,False,,DEGRADED_COMMUNICATION,True
3602,PACKET_LOSS_75PCT,CONTROLLED_SOFTWARE_INJECTION,CSS-LoRa SX1278 (Ra-02),150.0,602,1787960180.0998,-125.0,-22.0,False,,DEGRADED_COMMUNICATION,True
3603,PACKET_LOSS_75PCT,CONTROLLED_SOFTWARE_INJECTION,CSS-LoRa SX1278 (Ra-02),150.0,603,1787960180.1498,-125.0,-22.0,False,,DEGRADED_COMMUNICATION,True
3604,PACKET_LOSS_75PCT,CONTROLLED_SOFTWARE_INJECTION,CSS-LoRa SX1278 (Ra-02),150.0,604,1787960180.1998,-125.0,-22.0,False,,DEGRADED_COMMUNICATION,True
3605,PACKET_LOSS_75PCT,CONTROLLED_SOFTWARE_INJECTION,CSS-LoRa SX1278 (Ra-02),150.0,605,1787960180.2498,-125.0,-22.0,False,,DEGRADED_COMMUNICATION,True
3606,PACKET_LOSS_75PCT,CONTROLLED_SOFTWARE_INJECTION,CSS-LoRa SX1278 (Ra-02),150.0,606,1787960180.2998,-125.0,-22.0,False,,DEGRADED_COMMUNICATION,True
3607,PACKET_LOSS_75PCT,CONTROLLED_SOFTWARE_INJECTION,CSS-LoRa SX1278 (Ra-02),150.0,607,1787960180.3498,-125.0,-22.0,False,,DEGRADED_COMMUNICATION,True
3608,PACKET_LOSS_75PCT,CONTROLLED_SOFTWARE_INJECTION,CSS-LoRa SX1278 (Ra-02),150.0,608,1787960180.3998,-125.0,-22.0,False,,DEGRADED_COMMUNICATION,True
3609,PACKET_LOSS_75PCT,CONTROLLED_SOFTWARE_INJECTION,CSS-LoRa SX1278 (Ra-02),150.0,609,1787960180.4498,-125.0,-22.0,False,,DEGRADED_COMMUNICATION,True
3610,PACKET_LOSS_75PCT,CONTROLLED_SOFTWARE_INJECTION,CSS-LoRa SX1278 (Ra-02),150.0,610,1787960180.4998,-85.01,2.52,True,24.42,DEGRADED_COMMUNICATION,True
3611,PACKET_LOSS_75PCT,CONTROLLED_SOFTWARE_INJECTION,CSS-LoRa SX1278 (Ra-02),150.0,611,1787960180.5498,-83.24,4.52,True,26.87,DEGRADED_COMMUNICATION,True
3612,PACKET_LOSS_75PCT,CONTROLLED_SOFTWARE_INJECTION,CSS-LoRa SX1278 (Ra-02),150.0,612,1787960180.5998,-125.0,-22.0,False,,DEGRADED_COMMUNICATION,True
3613,PACKET_LOSS_75PCT,CONTROLLED_SOFTWARE_INJECTION,CSS-LoRa SX1278 (Ra-02),150.0,613,1787960180.6498,-125.0,-22.0,False,,DEGRADED_COMMUNICATION,True
3614,PACKET_LOSS_75PCT,CONTROLLED_SOFTWARE_INJECTION,CSS-LoRa SX1278 (Ra-02),150.0,614,1787960180.6998,-90.58,7.31,True,25.93,DEGRADED_COMMUNICATION,True
3615,PACKET_LOSS_75PCT,CONTROLLED_SOFTWARE_INJECTION,CSS-LoRa SX1278 (Ra-02),150.0,615,1787960180.7498,-125.0,-22.0,False,,DEGRADED_COMMUNICATION,True
3616,PACKET_LOSS_75PCT,CONTROLLED_SOFTWARE_INJECTION,CSS-LoRa SX1278 (Ra-02),150.0,616,1787960180.7998,-125.0,-22.0,False,,DEGRADED_COMMUNICATION,True
3617,PACKET_LOSS_75PCT,CONTROLLED_SOFTWARE_INJECTION,CSS-LoRa SX1278 (Ra-02),150.0,617,1787960180.8498,-125.0,-22.0,False,,DEGRADED_COMMUNICATION,True
3618,PACKET_LOSS_75PCT,CONTROLLED_SOFTWARE_INJECTION,CSS-LoRa SX1278 (Ra-02),150.0,618,1787960180.8998,-125.0,-22.0,False,,DEGRADED_COMMUNICATION,True
3619,PACKET_LOSS_75PCT,CONTROLLED_SOFTWARE_INJECTION,CSS-LoRa SX1278 (Ra-02),150.0,619,1787960180.9498,-82.36,5.39,True,24.82,DEGRADED_COMMUNICATION,True
3620,PACKET_LOSS_75PCT,CONTROLLED_SOFTWARE_INJECTION,CSS-LoRa SX1278 (Ra-02),150.0,620,1787960180.9998,-125.0,-22.0,False,,DEGRADED_COMMUNICATION,True
3621,PACKET_LOSS_75PCT,CONTROLLED_SOFTWARE_INJECTION,CSS-LoRa SX1278 (Ra-02),150.0,621,1787960181.0498,-125.0,-22.0,False,,DEGRADED_COMMUNICATION,True
3622,PACKET_LOSS_75PCT,CONTROLLED_SOFTWARE_INJECTION,CSS-LoRa SX1278 (Ra-02),150.0,622,1787960181.0998,-125.0,-22.0,False,,DEGRADED_COMMUNICATION,True
3623,PACKET_LOSS_75PCT,CONTROLLED_SOFTWARE_INJECTION,CSS-LoRa SX1278 (Ra-02),150.0,623,1787960181.1498,-125.0,-22.0,False,,DEGRADED_COMMUNICATION,True
3624,PACKET_LOSS_75PCT,CONTROLLED_SOFTWARE_INJECTION,CSS-LoRa SX1278 (Ra-02),150.0,624,1787960181.1998,-125.0,-22.0,False,,DEGRADED_COMMUNICATION,True
3625,PACKET_LOSS_75PCT,CONTROLLED_SOFTWARE_INJECTION,CSS-LoRa SX1278 (Ra-02),150.0,625,1787960181.2498,-125.0,-22.0,False,,DEGRADED_COMMUNICATION,True
3626,PACKET_LOSS_75PCT,CONTROLLED_SOFTWARE_INJECTION,CSS-LoRa SX1278 (Ra-02),150.0,626,1787960181.2998,-78.91,6.46,True,24.8,DEGRADED_COMMUNICATION,True
3627,PACKET_LOSS_75PCT,CONTROLLED_SOFTWARE_INJECTION,CSS-LoRa SX1278 (Ra-02),150.0,627,1787960181.3498,-125.0,-22.0,False,,DEGRADED_COMMUNICATION,True
3628,PACKET_LOSS_75PCT,CONTROLLED_SOFTWARE_INJECTION,CSS-LoRa SX1278 (Ra-02),150.0,628,1787960181.3998,-83.51,4.05,True,23.5,DEGRADED_COMMUNICATION,True
3629,PACKET_LOSS_75PCT,CONTROLLED_SOFTWARE_INJECTION,CSS-LoRa SX1278 (Ra-02),150.0,629,1787960181.4498,-125.0,-22.0,False,,DEGRADED_COMMUNICATION,True
3630,PACKET_LOSS_75PCT,CONTROLLED_SOFTWARE_INJECTION,CSS-LoRa SX1278 (Ra-02),150.0,630,1787960181.4998,-81.09,3.74,True,26.43,DEGRADED_COMMUNICATION,True
3631,PACKET_LOSS_75PCT,CONTROLLED_SOFTWARE_INJECTION,CSS-LoRa SX1278 (Ra-02),150.0,631,1787960181.5498,-125.0,-22.0,False,,DEGRADED_COMMUNICATION,True
3632,PACKET_LOSS_75PCT,CONTROLLED_SOFTWARE_INJECTION,CSS-LoRa SX1278 (Ra-02),150.0,632,1787960181.5998,-125.0,-22.0,False,,DEGRADED_COMMUNICATION,True
3633,PACKET_LOSS_75PCT,CONTROLLED_SOFTWARE_INJECTION,CSS-LoRa SX1278 (Ra-02),150.0,633,1787960181.6498,-125.0,-22.0,False,,DEGRADED_COMMUNICATION,True
3634,PACKET_LOSS_75PCT,CONTROLLED_SOFTWARE_INJECTION,CSS-LoRa SX1278 (Ra-02),150.0,634,1787960181.6998,-92.37,5.49,True,27.07,DEGRADED_COMMUNICATION,True
3635,PACKET_LOSS_75PCT,CONTROLLED_SOFTWARE_INJECTION,CSS-LoRa SX1278 (Ra-02),150.0,635,1787960181.7498,-125.0,-22.0,False,,DEGRADED_COMMUNICATION,True
3636,PACKET_LOSS_75PCT,CONTROLLED_SOFTWARE_INJECTION,CSS-LoRa SX1278 (Ra-02),150.0,636,1787960181.7998,-125.0,-22.0,False,,DEGRADED_COMMUNICATION,True
3637,PACKET_LOSS_75PCT,CONTROLLED_SOFTWARE_INJECTION,CSS-LoRa SX1278 (Ra-02),150.0,637,1787960181.8498,-125.0,-22.0,False,,DEGRADED_COMMUNICATION,True
3638,PACKET_LOSS_75PCT,CONTROLLED_SOFTWARE_INJECTION,CSS-LoRa SX1278 (Ra-02),150.0,638,1787960181.8998,-125.0,-22.0,False,,DEGRADED_COMMUNICATION,True
3639,PACKET_LOSS_75PCT,CONTROLLED_SOFTWARE_INJECTION,CSS-LoRa SX1278 (Ra-02),150.0,639,1787960181.9498,-80.89,2.94,True,24.38,DEGRADED_COMMUNICATION,True
3640,PACKET_LOSS_75PCT,CONTROLLED_SOFTWARE_INJECTION,CSS-LoRa SX1278 (Ra-02),150.0,640,1787960181.9998,-125.0,-22.0,False,,DEGRADED_COMMUNICATION,True
3641,PACKET_LOSS_75PCT,CONTROLLED_SOFTWARE_INJECTION,CSS-LoRa SX1278 (Ra-02),150.0,641,1787960182.0498,-82.31,2.66,True,24.7,DEGRADED_COMMUNICATION,True
3642,PACKET_LOSS_75PCT,CONTROLLED_SOFTWARE_INJECTION,CSS-LoRa SX1278 (Ra-02),150.0,642,1787960182.0998,-125.0,-22.0,False,,DEGRADED_COMMUNICATION,True
3643,PACKET_LOSS_75PCT,CONTROLLED_SOFTWARE_INJECTION,CSS-LoRa SX1278 (Ra-02),150.0,643,1787960182.1498,-125.0,-22.0,False,,DEGRADED_COMMUNICATION,True
3644,PACKET_LOSS_75PCT,CONTROLLED_SOFTWARE_INJECTION,CSS-LoRa SX1278 (Ra-02),150.0,644,1787960182.1998,-125.0,-22.0,False,,DEGRADED_COMMUNICATION,True
3645,PACKET_LOSS_75PCT,CONTROLLED_SOFTWARE_INJECTION,CSS-LoRa SX1278 (Ra-02),150.0,645,1787960182.2498,-125.0,-22.0,False,,DEGRADED_COMMUNICATION,True
3646,PACKET_LOSS_75PCT,CONTROLLED_SOFTWARE_INJECTION,CSS-LoRa SX1278 (Ra-02),150.0,646,1787960182.2998,-83.69,2.57,True,25.58,DEGRADED_COMMUNICATION,True
3647,PACKET_LOSS_75PCT,CONTROLLED_SOFTWARE_INJECTION,CSS-LoRa SX1278 (Ra-02),150.0,647,1787960182.3498,-82.1,5.08,True,23.57,DEGRADED_COMMUNICATION,True
3648,PACKET_LOSS_75PCT,CONTROLLED_SOFTWARE_INJECTION,CSS-LoRa SX1278 (Ra-02),150.0,648,1787960182.3998,-125.0,-22.0,False,,DEGRADED_COMMUNICATION,True
3649,PACKET_LOSS_75PCT,CONTROLLED_SOFTWARE_INJECTION,CSS-LoRa SX1278 (Ra-02),150.0,649,1787960182.4498,-125.0,-22.0,False,,DEGRADED_COMMUNICATION,True
3650,PACKET_LOSS_75PCT,CONTROLLED_SOFTWARE_INJECTION,CSS-LoRa SX1278 (Ra-02),150.0,650,1787960182.4998,-78.33,5.09,True,24.48,DEGRADED_COMMUNICATION,True
3651,PACKET_LOSS_75PCT,CONTROLLED_SOFTWARE_INJECTION,CSS-LoRa SX1278 (Ra-02),150.0,651,1787960182.5498,-125.0,-22.0,False,,DEGRADED_COMMUNICATION,True
3652,PACKET_LOSS_75PCT,CONTROLLED_SOFTWARE_INJECTION,CSS-LoRa SX1278 (Ra-02),150.0,652,1787960182.5998,-125.0,-22.0,False,,DEGRADED_COMMUNICATION,True
3653,PACKET_LOSS_75PCT,CONTROLLED_SOFTWARE_INJECTION,CSS-LoRa SX1278 (Ra-02),150.0,653,1787960182.6498,-125.0,-22.0,False,,DEGRADED_COMMUNICATION,True
3654,PACKET_LOSS_75PCT,CONTROLLED_SOFTWARE_INJECTION,CSS-LoRa SX1278 (Ra-02),150.0,654,1787960182.6998,-125.0,-22.0,False,,DEGRADED_COMMUNICATION,True
3655,PACKET_LOSS_75PCT,CONTROLLED_SOFTWARE_INJECTION,CSS-LoRa SX1278 (Ra-02),150.0,655,1787960182.7498,-125.0,-22.0,False,,DEGRADED_COMMUNICATION,True
3656,PACKET_LOSS_75PCT,CONTROLLED_SOFTWARE_INJECTION,CSS-LoRa SX1278 (Ra-02),150.0,656,1787960182.7998,-125.0,-22.0,False,,DEGRADED_COMMUNICATION,True
3657,PACKET_LOSS_75PCT,CONTROLLED_SOFTWARE_INJECTION,CSS-LoRa SX1278 (Ra-02),150.0,657,1787960182.8498,-125.0,-22.0,False,,DEGRADED_COMMUNICATION,True
3658,PACKET_LOSS_75PCT,CONTROLLED_SOFTWARE_INJECTION,CSS-LoRa SX1278 (Ra-02),150.0,658,1787960182.8998,-125.0,-22.0,False,,DEGRADED_COMMUNICATION,True
3659,PACKET_LOSS_75PCT,CONTROLLED_SOFTWARE_INJECTION,CSS-LoRa SX1278 (Ra-02),150.0,659,1787960182.9498,-86.0,4.71,True,24.22,DEGRADED_COMMUNICATION,True
3660,PACKET_LOSS_75PCT,CONTROLLED_SOFTWARE_INJECTION,CSS-LoRa SX1278 (Ra-02),150.0,660,1787960182.9998,-125.0,-22.0,False,,DEGRADED_COMMUNICATION,True
3661,PACKET_LOSS_75PCT,CONTROLLED_SOFTWARE_INJECTION,CSS-LoRa SX1278 (Ra-02),150.0,661,1787960183.0498,-125.0,-22.0,False,,DEGRADED_COMMUNICATION,True
3662,PACKET_LOSS_75PCT,CONTROLLED_SOFTWARE_INJECTION,CSS-LoRa SX1278 (Ra-02),150.0,662,1787960183.0998,-84.72,4.27,True,25.37,DEGRADED_COMMUNICATION,True
3663,PACKET_LOSS_75PCT,CONTROLLED_SOFTWARE_INJECTION,CSS-LoRa SX1278 (Ra-02),150.0,663,1787960183.1498,-125.0,-22.0,False,,DEGRADED_COMMUNICATION,True
3664,PACKET_LOSS_75PCT,CONTROLLED_SOFTWARE_INJECTION,CSS-LoRa SX1278 (Ra-02),150.0,664,1787960183.1998,-125.0,-22.0,False,,DEGRADED_COMMUNICATION,True
3665,PACKET_LOSS_75PCT,CONTROLLED_SOFTWARE_INJECTION,CSS-LoRa SX1278 (Ra-02),150.0,665,1787960183.2498,-125.0,-22.0,False,,DEGRADED_COMMUNICATION,True
3666,PACKET_LOSS_75PCT,CONTROLLED_SOFTWARE_INJECTION,CSS-LoRa SX1278 (Ra-02),150.0,666,1787960183.2998,-82.9,4.41,True,23.12,DEGRADED_COMMUNICATION,True
3667,PACKET_LOSS_75PCT,CONTROLLED_SOFTWARE_INJECTION,CSS-LoRa SX1278 (Ra-02),150.0,667,1787960183.3498,-125.0,-22.0,False,,DEGRADED_COMMUNICATION,True
3668,PACKET_LOSS_75PCT,CONTROLLED_SOFTWARE_INJECTION,CSS-LoRa SX1278 (Ra-02),150.0,668,1787960183.3998,-125.0,-22.0,False,,DEGRADED_COMMUNICATION,True
3669,PACKET_LOSS_75PCT,CONTROLLED_SOFTWARE_INJECTION,CSS-LoRa SX1278 (Ra-02),150.0,669,1787960183.4498,-79.46,3.07,True,27.6,DEGRADED_COMMUNICATION,True
3670,PACKET_LOSS_75PCT,CONTROLLED_SOFTWARE_INJECTION,CSS-LoRa SX1278 (Ra-02),150.0,670,1787960183.4998,-125.0,-22.0,False,,DEGRADED_COMMUNICATION,True
3671,PACKET_LOSS_75PCT,CONTROLLED_SOFTWARE_INJECTION,CSS-LoRa SX1278 (Ra-02),150.0,671,1787960183.5498,-125.0,-22.0,False,,DEGRADED_COMMUNICATION,True
3672,PACKET_LOSS_75PCT,CONTROLLED_SOFTWARE_INJECTION,CSS-LoRa SX1278 (Ra-02),150.0,672,1787960183.5998,-125.0,-22.0,False,,DEGRADED_COMMUNICATION,True
3673,PACKET_LOSS_75PCT,CONTROLLED_SOFTWARE_INJECTION,CSS-LoRa SX1278 (Ra-02),150.0,673,1787960183.6498,-125.0,-22.0,False,,DEGRADED_COMMUNICATION,True
3674,PACKET_LOSS_75PCT,CONTROLLED_SOFTWARE_INJECTION,CSS-LoRa SX1278 (Ra-02),150.0,674,1787960183.6998,-125.0,-22.0,False,,DEGRADED_COMMUNICATION,True
3675,PACKET_LOSS_75PCT,CONTROLLED_SOFTWARE_INJECTION,CSS-LoRa SX1278 (Ra-02),150.0,675,1787960183.7498,-125.0,-22.0,False,,DEGRADED_COMMUNICATION,True
3676,PACKET_LOSS_75PCT,CONTROLLED_SOFTWARE_INJECTION,CSS-LoRa SX1278 (Ra-02),150.0,676,1787960183.7998,-80.53,5.06,True,26.17,DEGRADED_COMMUNICATION,True
3677,PACKET_LOSS_75PCT,CONTROLLED_SOFTWARE_INJECTION,CSS-LoRa SX1278 (Ra-02),150.0,677,1787960183.8498,-125.0,-22.0,False,,DEGRADED_COMMUNICATION,True
3678,PACKET_LOSS_75PCT,CONTROLLED_SOFTWARE_INJECTION,CSS-LoRa SX1278 (Ra-02),150.0,678,1787960183.8998,-83.18,3.94,True,23.48,DEGRADED_COMMUNICATION,True
3679,PACKET_LOSS_75PCT,CONTROLLED_SOFTWARE_INJECTION,CSS-LoRa SX1278 (Ra-02),150.0,679,1787960183.9498,-125.0,-22.0,False,,DEGRADED_COMMUNICATION,True
3680,PACKET_LOSS_75PCT,CONTROLLED_SOFTWARE_INJECTION,CSS-LoRa SX1278 (Ra-02),150.0,680,1787960183.9998,-125.0,-22.0,False,,DEGRADED_COMMUNICATION,True
3681,PACKET_LOSS_75PCT,CONTROLLED_SOFTWARE_INJECTION,CSS-LoRa SX1278 (Ra-02),150.0,681,1787960184.0498,-125.0,-22.0,False,,DEGRADED_COMMUNICATION,True
3682,PACKET_LOSS_75PCT,CONTROLLED_SOFTWARE_INJECTION,CSS-LoRa SX1278 (Ra-02),150.0,682,1787960184.0998,-125.0,-22.0,False,,DEGRADED_COMMUNICATION,True
3683,PACKET_LOSS_75PCT,CONTROLLED_SOFTWARE_INJECTION,CSS-LoRa SX1278 (Ra-02),150.0,683,1787960184.1498,-125.0,-22.0,False,,DEGRADED_COMMUNICATION,True
3684,PACKET_LOSS_75PCT,CONTROLLED_SOFTWARE_INJECTION,CSS-LoRa SX1278 (Ra-02),150.0,684,1787960184.1998,-125.0,-22.0,False,,DEGRADED_COMMUNICATION,True
3685,PACKET_LOSS_75PCT,CONTROLLED_SOFTWARE_INJECTION,CSS-LoRa SX1278 (Ra-02),150.0,685,1787960184.2498,-125.0,-22.0,False,,DEGRADED_COMMUNICATION,True
3686,PACKET_LOSS_75PCT,CONTROLLED_SOFTWARE_INJECTION,CSS-LoRa SX1278 (Ra-02),150.0,686,1787960184.2998,-84.62,2.36,True,22.92,DEGRADED_COMMUNICATION,True
3687,PACKET_LOSS_75PCT,CONTROLLED_SOFTWARE_INJECTION,CSS-LoRa SX1278 (Ra-02),150.0,687,1787960184.3498,-125.0,-22.0,False,,DEGRADED_COMMUNICATION,True
3688,PACKET_LOSS_75PCT,CONTROLLED_SOFTWARE_INJECTION,CSS-LoRa SX1278 (Ra-02),150.0,688,1787960184.3998,-86.09,4.52,True,25.55,DEGRADED_COMMUNICATION,True
3689,PACKET_LOSS_75PCT,CONTROLLED_SOFTWARE_INJECTION,CSS-LoRa SX1278 (Ra-02),150.0,689,1787960184.4498,-125.0,-22.0,False,,DEGRADED_COMMUNICATION,True
3690,PACKET_LOSS_75PCT,CONTROLLED_SOFTWARE_INJECTION,CSS-LoRa SX1278 (Ra-02),150.0,690,1787960184.4998,-125.0,-22.0,False,,DEGRADED_COMMUNICATION,True
3691,PACKET_LOSS_75PCT,CONTROLLED_SOFTWARE_INJECTION,CSS-LoRa SX1278 (Ra-02),150.0,691,1787960184.5498,-84.3,5.53,True,25.09,DEGRADED_COMMUNICATION,True
3692,PACKET_LOSS_75PCT,CONTROLLED_SOFTWARE_INJECTION,CSS-LoRa SX1278 (Ra-02),150.0,692,1787960184.5998,-79.88,5.55,True,25.97,DEGRADED_COMMUNICATION,True
3693,PACKET_LOSS_75PCT,CONTROLLED_SOFTWARE_INJECTION,CSS-LoRa SX1278 (Ra-02),150.0,693,1787960184.6498,-125.0,-22.0,False,,DEGRADED_COMMUNICATION,True
3694,PACKET_LOSS_75PCT,CONTROLLED_SOFTWARE_INJECTION,CSS-LoRa SX1278 (Ra-02),150.0,694,1787960184.6998,-125.0,-22.0,False,,DEGRADED_COMMUNICATION,True
3695,PACKET_LOSS_75PCT,CONTROLLED_SOFTWARE_INJECTION,CSS-LoRa SX1278 (Ra-02),150.0,695,1787960184.7498,-125.0,-22.0,False,,DEGRADED_COMMUNICATION,True
3696,PACKET_LOSS_75PCT,CONTROLLED_SOFTWARE_INJECTION,CSS-LoRa SX1278 (Ra-02),150.0,696,1787960184.7998,-125.0,-22.0,False,,DEGRADED_COMMUNICATION,True
3697,PACKET_LOSS_75PCT,CONTROLLED_SOFTWARE_INJECTION,CSS-LoRa SX1278 (Ra-02),150.0,697,1787960184.8498,-81.56,5.33,True,25.32,DEGRADED_COMMUNICATION,True
3698,PACKET_LOSS_75PCT,CONTROLLED_SOFTWARE_INJECTION,CSS-LoRa SX1278 (Ra-02),150.0,698,1787960184.8998,-125.0,-22.0,False,,DEGRADED_COMMUNICATION,True
3699,PACKET_LOSS_75PCT,CONTROLLED_SOFTWARE_INJECTION,CSS-LoRa SX1278 (Ra-02),150.0,699,1787960184.9498,-125.0,-22.0,False,,DEGRADED_COMMUNICATION,True
3700,PACKET_LOSS_75PCT,CONTROLLED_SOFTWARE_INJECTION,CSS-LoRa SX1278 (Ra-02),150.0,700,1787960184.9998,-83.44,4.45,True,26.69,DEGRADED_COMMUNICATION,True
3701,PACKET_LOSS_75PCT,CONTROLLED_SOFTWARE_INJECTION,CSS-LoRa SX1278 (Ra-02),150.0,701,1787960185.0498,-125.0,-22.0,False,,DEGRADED_COMMUNICATION,True
3702,PACKET_LOSS_75PCT,CONTROLLED_SOFTWARE_INJECTION,CSS-LoRa SX1278 (Ra-02),150.0,702,1787960185.0998,-84.03,2.73,True,24.31,DEGRADED_COMMUNICATION,True
3703,PACKET_LOSS_75PCT,CONTROLLED_SOFTWARE_INJECTION,CSS-LoRa SX1278 (Ra-02),150.0,703,1787960185.1498,-125.0,-22.0,False,,DEGRADED_COMMUNICATION,True
3704,PACKET_LOSS_75PCT,CONTROLLED_SOFTWARE_INJECTION,CSS-LoRa SX1278 (Ra-02),150.0,704,1787960185.1998,-79.45,3.94,True,23.69,DEGRADED_COMMUNICATION,True
3705,PACKET_LOSS_75PCT,CONTROLLED_SOFTWARE_INJECTION,CSS-LoRa SX1278 (Ra-02),150.0,705,1787960185.2498,-125.0,-22.0,False,,DEGRADED_COMMUNICATION,True
3706,PACKET_LOSS_75PCT,CONTROLLED_SOFTWARE_INJECTION,CSS-LoRa SX1278 (Ra-02),150.0,706,1787960185.2998,-125.0,-22.0,False,,DEGRADED_COMMUNICATION,True
3707,PACKET_LOSS_75PCT,CONTROLLED_SOFTWARE_INJECTION,CSS-LoRa SX1278 (Ra-02),150.0,707,1787960185.3498,-125.0,-22.0,False,,DEGRADED_COMMUNICATION,True
3708,PACKET_LOSS_75PCT,CONTROLLED_SOFTWARE_INJECTION,CSS-LoRa SX1278 (Ra-02),150.0,708,1787960185.3998,-125.0,-22.0,False,,DEGRADED_COMMUNICATION,True
3709,PACKET_LOSS_75PCT,CONTROLLED_SOFTWARE_INJECTION,CSS-LoRa SX1278 (Ra-02),150.0,709,1787960185.4498,-87.02,2.78,True,25.8,DEGRADED_COMMUNICATION,True
3710,PACKET_LOSS_75PCT,CONTROLLED_SOFTWARE_INJECTION,CSS-LoRa SX1278 (Ra-02),150.0,710,1787960185.4998,-125.0,-22.0,False,,DEGRADED_COMMUNICATION,True
3711,PACKET_LOSS_75PCT,CONTROLLED_SOFTWARE_INJECTION,CSS-LoRa SX1278 (Ra-02),150.0,711,1787960185.5498,-83.09,6.22,True,22.83,DEGRADED_COMMUNICATION,True
3712,PACKET_LOSS_75PCT,CONTROLLED_SOFTWARE_INJECTION,CSS-LoRa SX1278 (Ra-02),150.0,712,1787960185.5998,-125.0,-22.0,False,,DEGRADED_COMMUNICATION,True
3713,PACKET_LOSS_75PCT,CONTROLLED_SOFTWARE_INJECTION,CSS-LoRa SX1278 (Ra-02),150.0,713,1787960185.6498,-125.0,-22.0,False,,DEGRADED_COMMUNICATION,True
3714,PACKET_LOSS_75PCT,CONTROLLED_SOFTWARE_INJECTION,CSS-LoRa SX1278 (Ra-02),150.0,714,1787960185.6998,-125.0,-22.0,False,,DEGRADED_COMMUNICATION,True
3715,PACKET_LOSS_75PCT,CONTROLLED_SOFTWARE_INJECTION,CSS-LoRa SX1278 (Ra-02),150.0,715,1787960185.7498,-125.0,-22.0,False,,DEGRADED_COMMUNICATION,True
3716,PACKET_LOSS_75PCT,CONTROLLED_SOFTWARE_INJECTION,CSS-LoRa SX1278 (Ra-02),150.0,716,1787960185.7998,-125.0,-22.0,False,,DEGRADED_COMMUNICATION,True
3717,PACKET_LOSS_75PCT,CONTROLLED_SOFTWARE_INJECTION,CSS-LoRa SX1278 (Ra-02),150.0,717,1787960185.8498,-125.0,-22.0,False,,DEGRADED_COMMUNICATION,True
3718,PACKET_LOSS_75PCT,CONTROLLED_SOFTWARE_INJECTION,CSS-LoRa SX1278 (Ra-02),150.0,718,1787960185.8998,-87.71,4.66,True,20.93,DEGRADED_COMMUNICATION,True
3719,PACKET_LOSS_75PCT,CONTROLLED_SOFTWARE_INJECTION,CSS-LoRa SX1278 (Ra-02),150.0,719,1787960185.9498,-125.0,-22.0,False,,DEGRADED_COMMUNICATION,True
3720,PACKET_LOSS_75PCT,CONTROLLED_SOFTWARE_INJECTION,CSS-LoRa SX1278 (Ra-02),150.0,720,1787960185.9998,-83.95,4.26,True,24.72,DEGRADED_COMMUNICATION,True
3721,PACKET_LOSS_75PCT,CONTROLLED_SOFTWARE_INJECTION,CSS-LoRa SX1278 (Ra-02),150.0,721,1787960186.0498,-125.0,-22.0,False,,DEGRADED_COMMUNICATION,True
3722,PACKET_LOSS_75PCT,CONTROLLED_SOFTWARE_INJECTION,CSS-LoRa SX1278 (Ra-02),150.0,722,1787960186.0998,-125.0,-22.0,False,,DEGRADED_COMMUNICATION,True
3723,PACKET_LOSS_75PCT,CONTROLLED_SOFTWARE_INJECTION,CSS-LoRa SX1278 (Ra-02),150.0,723,1787960186.1498,-125.0,-22.0,False,,DEGRADED_COMMUNICATION,True
3724,PACKET_LOSS_75PCT,CONTROLLED_SOFTWARE_INJECTION,CSS-LoRa SX1278 (Ra-02),150.0,724,1787960186.1998,-80.13,6.36,True,24.76,DEGRADED_COMMUNICATION,True
3725,PACKET_LOSS_75PCT,CONTROLLED_SOFTWARE_INJECTION,CSS-LoRa SX1278 (Ra-02),150.0,725,1787960186.2498,-80.26,2.53,True,25.19,DEGRADED_COMMUNICATION,True
3726,PACKET_LOSS_75PCT,CONTROLLED_SOFTWARE_INJECTION,CSS-LoRa SX1278 (Ra-02),150.0,726,1787960186.2998,-83.49,3.92,True,24.91,DEGRADED_COMMUNICATION,True
3727,PACKET_LOSS_75PCT,CONTROLLED_SOFTWARE_INJECTION,CSS-LoRa SX1278 (Ra-02),150.0,727,1787960186.3498,-83.23,5.3,True,24.35,DEGRADED_COMMUNICATION,True
3728,PACKET_LOSS_75PCT,CONTROLLED_SOFTWARE_INJECTION,CSS-LoRa SX1278 (Ra-02),150.0,728,1787960186.3998,-125.0,-22.0,False,,DEGRADED_COMMUNICATION,True
3729,PACKET_LOSS_75PCT,CONTROLLED_SOFTWARE_INJECTION,CSS-LoRa SX1278 (Ra-02),150.0,729,1787960186.4498,-125.0,-22.0,False,,DEGRADED_COMMUNICATION,True
3730,PACKET_LOSS_75PCT,CONTROLLED_SOFTWARE_INJECTION,CSS-LoRa SX1278 (Ra-02),150.0,730,1787960186.4998,-84.16,4.47,True,26.56,DEGRADED_COMMUNICATION,True
3731,PACKET_LOSS_75PCT,CONTROLLED_SOFTWARE_INJECTION,CSS-LoRa SX1278 (Ra-02),150.0,731,1787960186.5498,-125.0,-22.0,False,,DEGRADED_COMMUNICATION,True
3732,PACKET_LOSS_75PCT,CONTROLLED_SOFTWARE_INJECTION,CSS-LoRa SX1278 (Ra-02),150.0,732,1787960186.5998,-125.0,-22.0,False,,DEGRADED_COMMUNICATION,True
3733,PACKET_LOSS_75PCT,CONTROLLED_SOFTWARE_INJECTION,CSS-LoRa SX1278 (Ra-02),150.0,733,1787960186.6498,-125.0,-22.0,False,,DEGRADED_COMMUNICATION,True
3734,PACKET_LOSS_75PCT,CONTROLLED_SOFTWARE_INJECTION,CSS-LoRa SX1278 (Ra-02),150.0,734,1787960186.6998,-83.33,3.85,True,26.43,DEGRADED_COMMUNICATION,True
3735,PACKET_LOSS_75PCT,CONTROLLED_SOFTWARE_INJECTION,CSS-LoRa SX1278 (Ra-02),150.0,735,1787960186.7498,-125.0,-22.0,False,,DEGRADED_COMMUNICATION,True
3736,PACKET_LOSS_75PCT,CONTROLLED_SOFTWARE_INJECTION,CSS-LoRa SX1278 (Ra-02),150.0,736,1787960186.7998,-125.0,-22.0,False,,DEGRADED_COMMUNICATION,True
3737,PACKET_LOSS_75PCT,CONTROLLED_SOFTWARE_INJECTION,CSS-LoRa SX1278 (Ra-02),150.0,737,1787960186.8498,-125.0,-22.0,False,,DEGRADED_COMMUNICATION,True
3738,PACKET_LOSS_75PCT,CONTROLLED_SOFTWARE_INJECTION,CSS-LoRa SX1278 (Ra-02),150.0,738,1787960186.8998,-125.0,-22.0,False,,DEGRADED_COMMUNICATION,True
3739,PACKET_LOSS_75PCT,CONTROLLED_SOFTWARE_INJECTION,CSS-LoRa SX1278 (Ra-02),150.0,739,1787960186.9498,-125.0,-22.0,False,,DEGRADED_COMMUNICATION,True
3740,PACKET_LOSS_75PCT,CONTROLLED_SOFTWARE_INJECTION,CSS-LoRa SX1278 (Ra-02),150.0,740,1787960186.9998,-125.0,-22.0,False,,DEGRADED_COMMUNICATION,True
3741,PACKET_LOSS_75PCT,CONTROLLED_SOFTWARE_INJECTION,CSS-LoRa SX1278 (Ra-02),150.0,741,1787960187.0498,-125.0,-22.0,False,,DEGRADED_COMMUNICATION,True
3742,PACKET_LOSS_75PCT,CONTROLLED_SOFTWARE_INJECTION,CSS-LoRa SX1278 (Ra-02),150.0,742,1787960187.0998,-85.25,7.09,True,27.1,DEGRADED_COMMUNICATION,True
3743,PACKET_LOSS_75PCT,CONTROLLED_SOFTWARE_INJECTION,CSS-LoRa SX1278 (Ra-02),150.0,743,1787960187.1498,-125.0,-22.0,False,,DEGRADED_COMMUNICATION,True
3744,PACKET_LOSS_75PCT,CONTROLLED_SOFTWARE_INJECTION,CSS-LoRa SX1278 (Ra-02),150.0,744,1787960187.1998,-125.0,-22.0,False,,DEGRADED_COMMUNICATION,True
3745,PACKET_LOSS_75PCT,CONTROLLED_SOFTWARE_INJECTION,CSS-LoRa SX1278 (Ra-02),150.0,745,1787960187.2498,-125.0,-22.0,False,,DEGRADED_COMMUNICATION,True
3746,PACKET_LOSS_75PCT,CONTROLLED_SOFTWARE_INJECTION,CSS-LoRa SX1278 (Ra-02),150.0,746,1787960187.2998,-125.0,-22.0,False,,DEGRADED_COMMUNICATION,True
3747,PACKET_LOSS_75PCT,CONTROLLED_SOFTWARE_INJECTION,CSS-LoRa SX1278 (Ra-02),150.0,747,1787960187.3498,-85.9,4.67,True,22.62,DEGRADED_COMMUNICATION,True
3748,PACKET_LOSS_75PCT,CONTROLLED_SOFTWARE_INJECTION,CSS-LoRa SX1278 (Ra-02),150.0,748,1787960187.3998,-86.19,5.63,True,21.0,DEGRADED_COMMUNICATION,True
3749,PACKET_LOSS_75PCT,CONTROLLED_SOFTWARE_INJECTION,CSS-LoRa SX1278 (Ra-02),150.0,749,1787960187.4498,-125.0,-22.0,False,,DEGRADED_COMMUNICATION,True
3750,PACKET_LOSS_75PCT,CONTROLLED_SOFTWARE_INJECTION,CSS-LoRa SX1278 (Ra-02),150.0,750,1787960187.4998,-79.51,5.59,True,26.19,DEGRADED_COMMUNICATION,True
3751,PACKET_LOSS_75PCT,CONTROLLED_SOFTWARE_INJECTION,CSS-LoRa SX1278 (Ra-02),150.0,751,1787960187.5498,-78.94,2.58,True,25.93,DEGRADED_COMMUNICATION,True
3752,PACKET_LOSS_75PCT,CONTROLLED_SOFTWARE_INJECTION,CSS-LoRa SX1278 (Ra-02),150.0,752,1787960187.5998,-125.0,-22.0,False,,DEGRADED_COMMUNICATION,True
3753,PACKET_LOSS_75PCT,CONTROLLED_SOFTWARE_INJECTION,CSS-LoRa SX1278 (Ra-02),150.0,753,1787960187.6498,-125.0,-22.0,False,,DEGRADED_COMMUNICATION,True
3754,PACKET_LOSS_75PCT,CONTROLLED_SOFTWARE_INJECTION,CSS-LoRa SX1278 (Ra-02),150.0,754,1787960187.6998,-125.0,-22.0,False,,DEGRADED_COMMUNICATION,True
3755,PACKET_LOSS_75PCT,CONTROLLED_SOFTWARE_INJECTION,CSS-LoRa SX1278 (Ra-02),150.0,755,1787960187.7498,-125.0,-22.0,False,,DEGRADED_COMMUNICATION,True
3756,PACKET_LOSS_75PCT,CONTROLLED_SOFTWARE_INJECTION,CSS-LoRa SX1278 (Ra-02),150.0,756,1787960187.7998,-125.0,-22.0,False,,DEGRADED_COMMUNICATION,True
3757,PACKET_LOSS_75PCT,CONTROLLED_SOFTWARE_INJECTION,CSS-LoRa SX1278 (Ra-02),150.0,757,1787960187.8498,-84.22,2.28,True,22.38,DEGRADED_COMMUNICATION,True
3758,PACKET_LOSS_75PCT,CONTROLLED_SOFTWARE_INJECTION,CSS-LoRa SX1278 (Ra-02),150.0,758,1787960187.8998,-125.0,-22.0,False,,DEGRADED_COMMUNICATION,True
3759,PACKET_LOSS_75PCT,CONTROLLED_SOFTWARE_INJECTION,CSS-LoRa SX1278 (Ra-02),150.0,759,1787960187.9498,-125.0,-22.0,False,,DEGRADED_COMMUNICATION,True
3760,PACKET_LOSS_75PCT,CONTROLLED_SOFTWARE_INJECTION,CSS-LoRa SX1278 (Ra-02),150.0,760,1787960187.9998,-125.0,-22.0,False,,DEGRADED_COMMUNICATION,True
3761,PACKET_LOSS_75PCT,CONTROLLED_SOFTWARE_INJECTION,CSS-LoRa SX1278 (Ra-02),150.0,761,1787960188.0498,-125.0,-22.0,False,,DEGRADED_COMMUNICATION,True
3762,PACKET_LOSS_75PCT,CONTROLLED_SOFTWARE_INJECTION,CSS-LoRa SX1278 (Ra-02),150.0,762,1787960188.0998,-83.96,8.11,True,26.28,DEGRADED_COMMUNICATION,True
3763,PACKET_LOSS_75PCT,CONTROLLED_SOFTWARE_INJECTION,CSS-LoRa SX1278 (Ra-02),150.0,763,1787960188.1498,-125.0,-22.0,False,,DEGRADED_COMMUNICATION,True
3764,PACKET_LOSS_75PCT,CONTROLLED_SOFTWARE_INJECTION,CSS-LoRa SX1278 (Ra-02),150.0,764,1787960188.1998,-125.0,-22.0,False,,DEGRADED_COMMUNICATION,True
3765,PACKET_LOSS_75PCT,CONTROLLED_SOFTWARE_INJECTION,CSS-LoRa SX1278 (Ra-02),150.0,765,1787960188.2498,-125.0,-22.0,False,,DEGRADED_COMMUNICATION,True
3766,PACKET_LOSS_75PCT,CONTROLLED_SOFTWARE_INJECTION,CSS-LoRa SX1278 (Ra-02),150.0,766,1787960188.2998,-83.15,2.97,True,23.62,DEGRADED_COMMUNICATION,True
3767,PACKET_LOSS_75PCT,CONTROLLED_SOFTWARE_INJECTION,CSS-LoRa SX1278 (Ra-02),150.0,767,1787960188.3498,-125.0,-22.0,False,,DEGRADED_COMMUNICATION,True
3768,PACKET_LOSS_75PCT,CONTROLLED_SOFTWARE_INJECTION,CSS-LoRa SX1278 (Ra-02),150.0,768,1787960188.3998,-125.0,-22.0,False,,DEGRADED_COMMUNICATION,True
3769,PACKET_LOSS_75PCT,CONTROLLED_SOFTWARE_INJECTION,CSS-LoRa SX1278 (Ra-02),150.0,769,1787960188.4498,-82.52,4.6,True,25.85,DEGRADED_COMMUNICATION,True
3770,PACKET_LOSS_75PCT,CONTROLLED_SOFTWARE_INJECTION,CSS-LoRa SX1278 (Ra-02),150.0,770,1787960188.4998,-125.0,-22.0,False,,DEGRADED_COMMUNICATION,True
3771,PACKET_LOSS_75PCT,CONTROLLED_SOFTWARE_INJECTION,CSS-LoRa SX1278 (Ra-02),150.0,771,1787960188.5498,-125.0,-22.0,False,,DEGRADED_COMMUNICATION,True
3772,PACKET_LOSS_75PCT,CONTROLLED_SOFTWARE_INJECTION,CSS-LoRa SX1278 (Ra-02),150.0,772,1787960188.5998,-125.0,-22.0,False,,DEGRADED_COMMUNICATION,True
3773,PACKET_LOSS_75PCT,CONTROLLED_SOFTWARE_INJECTION,CSS-LoRa SX1278 (Ra-02),150.0,773,1787960188.6498,-125.0,-22.0,False,,DEGRADED_COMMUNICATION,True
3774,PACKET_LOSS_75PCT,CONTROLLED_SOFTWARE_INJECTION,CSS-LoRa SX1278 (Ra-02),150.0,774,1787960188.6998,-125.0,-22.0,False,,DEGRADED_COMMUNICATION,True
3775,PACKET_LOSS_75PCT,CONTROLLED_SOFTWARE_INJECTION,CSS-LoRa SX1278 (Ra-02),150.0,775,1787960188.7498,-125.0,-22.0,False,,DEGRADED_COMMUNICATION,True
3776,PACKET_LOSS_75PCT,CONTROLLED_SOFTWARE_INJECTION,CSS-LoRa SX1278 (Ra-02),150.0,776,1787960188.7998,-125.0,-22.0,False,,DEGRADED_COMMUNICATION,True
3777,PACKET_LOSS_75PCT,CONTROLLED_SOFTWARE_INJECTION,CSS-LoRa SX1278 (Ra-02),150.0,777,1787960188.8498,-125.0,-22.0,False,,DEGRADED_COMMUNICATION,True
3778,PACKET_LOSS_75PCT,CONTROLLED_SOFTWARE_INJECTION,CSS-LoRa SX1278 (Ra-02),150.0,778,1787960188.8998,-125.0,-22.0,False,,DEGRADED_COMMUNICATION,True
3779,PACKET_LOSS_75PCT,CONTROLLED_SOFTWARE_INJECTION,CSS-LoRa SX1278 (Ra-02),150.0,779,1787960188.9498,-86.28,4.01,True,24.22,DEGRADED_COMMUNICATION,True
3780,PACKET_LOSS_75PCT,CONTROLLED_SOFTWARE_INJECTION,CSS-LoRa SX1278 (Ra-02),150.0,780,1787960188.9998,-125.0,-22.0,False,,DEGRADED_COMMUNICATION,True
3781,PACKET_LOSS_75PCT,CONTROLLED_SOFTWARE_INJECTION,CSS-LoRa SX1278 (Ra-02),150.0,781,1787960189.0498,-125.0,-22.0,False,,DEGRADED_COMMUNICATION,True
3782,PACKET_LOSS_75PCT,CONTROLLED_SOFTWARE_INJECTION,CSS-LoRa SX1278 (Ra-02),150.0,782,1787960189.0998,-125.0,-22.0,False,,DEGRADED_COMMUNICATION,True
3783,PACKET_LOSS_75PCT,CONTROLLED_SOFTWARE_INJECTION,CSS-LoRa SX1278 (Ra-02),150.0,783,1787960189.1498,-125.0,-22.0,False,,DEGRADED_COMMUNICATION,True
3784,PACKET_LOSS_75PCT,CONTROLLED_SOFTWARE_INJECTION,CSS-LoRa SX1278 (Ra-02),150.0,784,1787960189.1998,-125.0,-22.0,False,,DEGRADED_COMMUNICATION,True
3785,PACKET_LOSS_75PCT,CONTROLLED_SOFTWARE_INJECTION,CSS-LoRa SX1278 (Ra-02),150.0,785,1787960189.2498,-125.0,-22.0,False,,DEGRADED_COMMUNICATION,True
3786,PACKET_LOSS_75PCT,CONTROLLED_SOFTWARE_INJECTION,CSS-LoRa SX1278 (Ra-02),150.0,786,1787960189.2998,-125.0,-22.0,False,,DEGRADED_COMMUNICATION,True
3787,PACKET_LOSS_75PCT,CONTROLLED_SOFTWARE_INJECTION,CSS-LoRa SX1278 (Ra-02),150.0,787,1787960189.3498,-82.86,6.51,True,24.33,DEGRADED_COMMUNICATION,True
3788,PACKET_LOSS_75PCT,CONTROLLED_SOFTWARE_INJECTION,CSS-LoRa SX1278 (Ra-02),150.0,788,1787960189.3998,-125.0,-22.0,False,,DEGRADED_COMMUNICATION,True
3789,PACKET_LOSS_75PCT,CONTROLLED_SOFTWARE_INJECTION,CSS-LoRa SX1278 (Ra-02),150.0,789,1787960189.4498,-125.0,-22.0,False,,DEGRADED_COMMUNICATION,True
3790,PACKET_LOSS_75PCT,CONTROLLED_SOFTWARE_INJECTION,CSS-LoRa SX1278 (Ra-02),150.0,790,1787960189.4998,-125.0,-22.0,False,,DEGRADED_COMMUNICATION,True
3791,PACKET_LOSS_75PCT,CONTROLLED_SOFTWARE_INJECTION,CSS-LoRa SX1278 (Ra-02),150.0,791,1787960189.5498,-125.0,-22.0,False,,DEGRADED_COMMUNICATION,True
3792,PACKET_LOSS_75PCT,CONTROLLED_SOFTWARE_INJECTION,CSS-LoRa SX1278 (Ra-02),150.0,792,1787960189.5998,-125.0,-22.0,False,,DEGRADED_COMMUNICATION,True
3793,PACKET_LOSS_75PCT,CONTROLLED_SOFTWARE_INJECTION,CSS-LoRa SX1278 (Ra-02),150.0,793,1787960189.6498,-84.53,6.68,True,25.57,DEGRADED_COMMUNICATION,True
3794,PACKET_LOSS_75PCT,CONTROLLED_SOFTWARE_INJECTION,CSS-LoRa SX1278 (Ra-02),150.0,794,1787960189.6998,-84.29,2.66,True,26.13,DEGRADED_COMMUNICATION,True
3795,PACKET_LOSS_75PCT,CONTROLLED_SOFTWARE_INJECTION,CSS-LoRa SX1278 (Ra-02),150.0,795,1787960189.7498,-125.0,-22.0,False,,DEGRADED_COMMUNICATION,True
3796,PACKET_LOSS_75PCT,CONTROLLED_SOFTWARE_INJECTION,CSS-LoRa SX1278 (Ra-02),150.0,796,1787960189.7998,-125.0,-22.0,False,,DEGRADED_COMMUNICATION,True
3797,PACKET_LOSS_75PCT,CONTROLLED_SOFTWARE_INJECTION,CSS-LoRa SX1278 (Ra-02),150.0,797,1787960189.8498,-125.0,-22.0,False,,DEGRADED_COMMUNICATION,True
3798,PACKET_LOSS_75PCT,CONTROLLED_SOFTWARE_INJECTION,CSS-LoRa SX1278 (Ra-02),150.0,798,1787960189.8998,-82.62,6.38,True,25.22,DEGRADED_COMMUNICATION,True
3799,PACKET_LOSS_75PCT,CONTROLLED_SOFTWARE_INJECTION,CSS-LoRa SX1278 (Ra-02),150.0,799,1787960189.9498,-125.0,-22.0,False,,DEGRADED_COMMUNICATION,True
3800,PACKET_LOSS_75PCT,CONTROLLED_SOFTWARE_INJECTION,CSS-LoRa SX1278 (Ra-02),150.0,800,1787960189.9998,-80.91,4.42,True,25.41,DEGRADED_COMMUNICATION,True
3801,PACKET_LOSS_75PCT,CONTROLLED_SOFTWARE_INJECTION,CSS-LoRa SX1278 (Ra-02),150.0,801,1787960190.0498,-125.0,-22.0,False,,DEGRADED_COMMUNICATION,True
3802,PACKET_LOSS_75PCT,CONTROLLED_SOFTWARE_INJECTION,CSS-LoRa SX1278 (Ra-02),150.0,802,1787960190.0998,-125.0,-22.0,False,,DEGRADED_COMMUNICATION,True
3803,PACKET_LOSS_75PCT,CONTROLLED_SOFTWARE_INJECTION,CSS-LoRa SX1278 (Ra-02),150.0,803,1787960190.1498,-125.0,-22.0,False,,DEGRADED_COMMUNICATION,True
3804,PACKET_LOSS_75PCT,CONTROLLED_SOFTWARE_INJECTION,CSS-LoRa SX1278 (Ra-02),150.0,804,1787960190.1998,-87.98,2.83,True,22.99,DEGRADED_COMMUNICATION,True
3805,PACKET_LOSS_75PCT,CONTROLLED_SOFTWARE_INJECTION,CSS-LoRa SX1278 (Ra-02),150.0,805,1787960190.2498,-125.0,-22.0,False,,DEGRADED_COMMUNICATION,True
3806,PACKET_LOSS_75PCT,CONTROLLED_SOFTWARE_INJECTION,CSS-LoRa SX1278 (Ra-02),150.0,806,1787960190.2998,-125.0,-22.0,False,,DEGRADED_COMMUNICATION,True
3807,PACKET_LOSS_75PCT,CONTROLLED_SOFTWARE_INJECTION,CSS-LoRa SX1278 (Ra-02),150.0,807,1787960190.3498,-125.0,-22.0,False,,DEGRADED_COMMUNICATION,True
3808,PACKET_LOSS_75PCT,CONTROLLED_SOFTWARE_INJECTION,CSS-LoRa SX1278 (Ra-02),150.0,808,1787960190.3998,-125.0,-22.0,False,,DEGRADED_COMMUNICATION,True
3809,PACKET_LOSS_75PCT,CONTROLLED_SOFTWARE_INJECTION,CSS-LoRa SX1278 (Ra-02),150.0,809,1787960190.4498,-78.49,5.4,True,23.03,DEGRADED_COMMUNICATION,True
3810,PACKET_LOSS_75PCT,CONTROLLED_SOFTWARE_INJECTION,CSS-LoRa SX1278 (Ra-02),150.0,810,1787960190.4998,-125.0,-22.0,False,,DEGRADED_COMMUNICATION,True
3811,PACKET_LOSS_75PCT,CONTROLLED_SOFTWARE_INJECTION,CSS-LoRa SX1278 (Ra-02),150.0,811,1787960190.5498,-125.0,-22.0,False,,DEGRADED_COMMUNICATION,True
3812,PACKET_LOSS_75PCT,CONTROLLED_SOFTWARE_INJECTION,CSS-LoRa SX1278 (Ra-02),150.0,812,1787960190.5998,-125.0,-22.0,False,,DEGRADED_COMMUNICATION,True
3813,PACKET_LOSS_75PCT,CONTROLLED_SOFTWARE_INJECTION,CSS-LoRa SX1278 (Ra-02),150.0,813,1787960190.6498,-125.0,-22.0,False,,DEGRADED_COMMUNICATION,True
3814,PACKET_LOSS_75PCT,CONTROLLED_SOFTWARE_INJECTION,CSS-LoRa SX1278 (Ra-02),150.0,814,1787960190.6998,-125.0,-22.0,False,,DEGRADED_COMMUNICATION,True
3815,PACKET_LOSS_75PCT,CONTROLLED_SOFTWARE_INJECTION,CSS-LoRa SX1278 (Ra-02),150.0,815,1787960190.7498,-125.0,-22.0,False,,DEGRADED_COMMUNICATION,True
3816,PACKET_LOSS_75PCT,CONTROLLED_SOFTWARE_INJECTION,CSS-LoRa SX1278 (Ra-02),150.0,816,1787960190.7998,-125.0,-22.0,False,,DEGRADED_COMMUNICATION,True
3817,PACKET_LOSS_75PCT,CONTROLLED_SOFTWARE_INJECTION,CSS-LoRa SX1278 (Ra-02),150.0,817,1787960190.8498,-125.0,-22.0,False,,DEGRADED_COMMUNICATION,True
3818,PACKET_LOSS_75PCT,CONTROLLED_SOFTWARE_INJECTION,CSS-LoRa SX1278 (Ra-02),150.0,818,1787960190.8998,-125.0,-22.0,False,,DEGRADED_COMMUNICATION,True
3819,PACKET_LOSS_75PCT,CONTROLLED_SOFTWARE_INJECTION,CSS-LoRa SX1278 (Ra-02),150.0,819,1787960190.9498,-85.75,8.13,True,24.82,DEGRADED_COMMUNICATION,True
3820,PACKET_LOSS_75PCT,CONTROLLED_SOFTWARE_INJECTION,CSS-LoRa SX1278 (Ra-02),150.0,820,1787960190.9998,-125.0,-22.0,False,,DEGRADED_COMMUNICATION,True
3821,PACKET_LOSS_75PCT,CONTROLLED_SOFTWARE_INJECTION,CSS-LoRa SX1278 (Ra-02),150.0,821,1787960191.0498,-125.0,-22.0,False,,DEGRADED_COMMUNICATION,True
3822,PACKET_LOSS_75PCT,CONTROLLED_SOFTWARE_INJECTION,CSS-LoRa SX1278 (Ra-02),150.0,822,1787960191.0998,-125.0,-22.0,False,,DEGRADED_COMMUNICATION,True
3823,PACKET_LOSS_75PCT,CONTROLLED_SOFTWARE_INJECTION,CSS-LoRa SX1278 (Ra-02),150.0,823,1787960191.1498,-125.0,-22.0,False,,DEGRADED_COMMUNICATION,True
3824,PACKET_LOSS_75PCT,CONTROLLED_SOFTWARE_INJECTION,CSS-LoRa SX1278 (Ra-02),150.0,824,1787960191.1998,-89.4,3.99,True,23.47,DEGRADED_COMMUNICATION,True
3825,PACKET_LOSS_75PCT,CONTROLLED_SOFTWARE_INJECTION,CSS-LoRa SX1278 (Ra-02),150.0,825,1787960191.2498,-125.0,-22.0,False,,DEGRADED_COMMUNICATION,True
3826,PACKET_LOSS_75PCT,CONTROLLED_SOFTWARE_INJECTION,CSS-LoRa SX1278 (Ra-02),150.0,826,1787960191.2998,-125.0,-22.0,False,,DEGRADED_COMMUNICATION,True
3827,PACKET_LOSS_75PCT,CONTROLLED_SOFTWARE_INJECTION,CSS-LoRa SX1278 (Ra-02),150.0,827,1787960191.3498,-85.19,4.32,True,23.16,DEGRADED_COMMUNICATION,True
3828,PACKET_LOSS_75PCT,CONTROLLED_SOFTWARE_INJECTION,CSS-LoRa SX1278 (Ra-02),150.0,828,1787960191.3998,-83.46,3.27,True,27.37,DEGRADED_COMMUNICATION,True
3829,PACKET_LOSS_75PCT,CONTROLLED_SOFTWARE_INJECTION,CSS-LoRa SX1278 (Ra-02),150.0,829,1787960191.4498,-82.26,4.99,True,23.24,DEGRADED_COMMUNICATION,True
3830,PACKET_LOSS_75PCT,CONTROLLED_SOFTWARE_INJECTION,CSS-LoRa SX1278 (Ra-02),150.0,830,1787960191.4998,-125.0,-22.0,False,,DEGRADED_COMMUNICATION,True
3831,PACKET_LOSS_75PCT,CONTROLLED_SOFTWARE_INJECTION,CSS-LoRa SX1278 (Ra-02),150.0,831,1787960191.5498,-125.0,-22.0,False,,DEGRADED_COMMUNICATION,True
3832,PACKET_LOSS_75PCT,CONTROLLED_SOFTWARE_INJECTION,CSS-LoRa SX1278 (Ra-02),150.0,832,1787960191.5998,-78.27,4.93,True,26.08,DEGRADED_COMMUNICATION,True
3833,PACKET_LOSS_75PCT,CONTROLLED_SOFTWARE_INJECTION,CSS-LoRa SX1278 (Ra-02),150.0,833,1787960191.6498,-125.0,-22.0,False,,DEGRADED_COMMUNICATION,True
3834,PACKET_LOSS_75PCT,CONTROLLED_SOFTWARE_INJECTION,CSS-LoRa SX1278 (Ra-02),150.0,834,1787960191.6998,-125.0,-22.0,False,,DEGRADED_COMMUNICATION,True
3835,PACKET_LOSS_75PCT,CONTROLLED_SOFTWARE_INJECTION,CSS-LoRa SX1278 (Ra-02),150.0,835,1787960191.7498,-125.0,-22.0,False,,DEGRADED_COMMUNICATION,True
3836,PACKET_LOSS_75PCT,CONTROLLED_SOFTWARE_INJECTION,CSS-LoRa SX1278 (Ra-02),150.0,836,1787960191.7998,-82.72,4.53,True,25.29,DEGRADED_COMMUNICATION,True
3837,PACKET_LOSS_75PCT,CONTROLLED_SOFTWARE_INJECTION,CSS-LoRa SX1278 (Ra-02),150.0,837,1787960191.8498,-125.0,-22.0,False,,DEGRADED_COMMUNICATION,True
3838,PACKET_LOSS_75PCT,CONTROLLED_SOFTWARE_INJECTION,CSS-LoRa SX1278 (Ra-02),150.0,838,1787960191.8998,-125.0,-22.0,False,,DEGRADED_COMMUNICATION,True
3839,PACKET_LOSS_75PCT,CONTROLLED_SOFTWARE_INJECTION,CSS-LoRa SX1278 (Ra-02),150.0,839,1787960191.9498,-125.0,-22.0,False,,DEGRADED_COMMUNICATION,True
3840,PACKET_LOSS_75PCT,CONTROLLED_SOFTWARE_INJECTION,CSS-LoRa SX1278 (Ra-02),150.0,840,1787960191.9998,-87.84,3.05,True,27.13,DEGRADED_COMMUNICATION,True
3841,PACKET_LOSS_75PCT,CONTROLLED_SOFTWARE_INJECTION,CSS-LoRa SX1278 (Ra-02),150.0,841,1787960192.0498,-125.0,-22.0,False,,DEGRADED_COMMUNICATION,True
3842,PACKET_LOSS_75PCT,CONTROLLED_SOFTWARE_INJECTION,CSS-LoRa SX1278 (Ra-02),150.0,842,1787960192.0998,-125.0,-22.0,False,,DEGRADED_COMMUNICATION,True
3843,PACKET_LOSS_75PCT,CONTROLLED_SOFTWARE_INJECTION,CSS-LoRa SX1278 (Ra-02),150.0,843,1787960192.1498,-125.0,-22.0,False,,DEGRADED_COMMUNICATION,True
3844,PACKET_LOSS_75PCT,CONTROLLED_SOFTWARE_INJECTION,CSS-LoRa SX1278 (Ra-02),150.0,844,1787960192.1998,-125.0,-22.0,False,,DEGRADED_COMMUNICATION,True
3845,PACKET_LOSS_75PCT,CONTROLLED_SOFTWARE_INJECTION,CSS-LoRa SX1278 (Ra-02),150.0,845,1787960192.2498,-125.0,-22.0,False,,DEGRADED_COMMUNICATION,True
3846,PACKET_LOSS_75PCT,CONTROLLED_SOFTWARE_INJECTION,CSS-LoRa SX1278 (Ra-02),150.0,846,1787960192.2998,-87.91,4.85,True,24.37,DEGRADED_COMMUNICATION,True
3847,PACKET_LOSS_75PCT,CONTROLLED_SOFTWARE_INJECTION,CSS-LoRa SX1278 (Ra-02),150.0,847,1787960192.3498,-125.0,-22.0,False,,DEGRADED_COMMUNICATION,True
3848,PACKET_LOSS_75PCT,CONTROLLED_SOFTWARE_INJECTION,CSS-LoRa SX1278 (Ra-02),150.0,848,1787960192.3998,-125.0,-22.0,False,,DEGRADED_COMMUNICATION,True
3849,PACKET_LOSS_75PCT,CONTROLLED_SOFTWARE_INJECTION,CSS-LoRa SX1278 (Ra-02),150.0,849,1787960192.4498,-125.0,-22.0,False,,DEGRADED_COMMUNICATION,True
3850,PACKET_LOSS_75PCT,CONTROLLED_SOFTWARE_INJECTION,CSS-LoRa SX1278 (Ra-02),150.0,850,1787960192.4998,-84.01,3.43,True,24.88,DEGRADED_COMMUNICATION,True
3851,PACKET_LOSS_75PCT,CONTROLLED_SOFTWARE_INJECTION,CSS-LoRa SX1278 (Ra-02),150.0,851,1787960192.5498,-80.09,4.73,True,23.73,DEGRADED_COMMUNICATION,True
3852,PACKET_LOSS_75PCT,CONTROLLED_SOFTWARE_INJECTION,CSS-LoRa SX1278 (Ra-02),150.0,852,1787960192.5998,-125.0,-22.0,False,,DEGRADED_COMMUNICATION,True
3853,PACKET_LOSS_75PCT,CONTROLLED_SOFTWARE_INJECTION,CSS-LoRa SX1278 (Ra-02),150.0,853,1787960192.6498,-125.0,-22.0,False,,DEGRADED_COMMUNICATION,True
3854,PACKET_LOSS_75PCT,CONTROLLED_SOFTWARE_INJECTION,CSS-LoRa SX1278 (Ra-02),150.0,854,1787960192.6998,-125.0,-22.0,False,,DEGRADED_COMMUNICATION,True
3855,PACKET_LOSS_75PCT,CONTROLLED_SOFTWARE_INJECTION,CSS-LoRa SX1278 (Ra-02),150.0,855,1787960192.7498,-87.21,3.7,True,24.72,DEGRADED_COMMUNICATION,True
3856,PACKET_LOSS_75PCT,CONTROLLED_SOFTWARE_INJECTION,CSS-LoRa SX1278 (Ra-02),150.0,856,1787960192.7998,-125.0,-22.0,False,,DEGRADED_COMMUNICATION,True
3857,PACKET_LOSS_75PCT,CONTROLLED_SOFTWARE_INJECTION,CSS-LoRa SX1278 (Ra-02),150.0,857,1787960192.8498,-81.96,2.74,True,27.61,DEGRADED_COMMUNICATION,True
3858,PACKET_LOSS_75PCT,CONTROLLED_SOFTWARE_INJECTION,CSS-LoRa SX1278 (Ra-02),150.0,858,1787960192.8998,-125.0,-22.0,False,,DEGRADED_COMMUNICATION,True
3859,PACKET_LOSS_75PCT,CONTROLLED_SOFTWARE_INJECTION,CSS-LoRa SX1278 (Ra-02),150.0,859,1787960192.9498,-125.0,-22.0,False,,DEGRADED_COMMUNICATION,True
3860,PACKET_LOSS_75PCT,CONTROLLED_SOFTWARE_INJECTION,CSS-LoRa SX1278 (Ra-02),150.0,860,1787960192.9998,-125.0,-22.0,False,,DEGRADED_COMMUNICATION,True
3861,PACKET_LOSS_75PCT,CONTROLLED_SOFTWARE_INJECTION,CSS-LoRa SX1278 (Ra-02),150.0,861,1787960193.0498,-125.0,-22.0,False,,DEGRADED_COMMUNICATION,True
3862,PACKET_LOSS_75PCT,CONTROLLED_SOFTWARE_INJECTION,CSS-LoRa SX1278 (Ra-02),150.0,862,1787960193.0998,-125.0,-22.0,False,,DEGRADED_COMMUNICATION,True
3863,PACKET_LOSS_75PCT,CONTROLLED_SOFTWARE_INJECTION,CSS-LoRa SX1278 (Ra-02),150.0,863,1787960193.1498,-125.0,-22.0,False,,DEGRADED_COMMUNICATION,True
3864,PACKET_LOSS_75PCT,CONTROLLED_SOFTWARE_INJECTION,CSS-LoRa SX1278 (Ra-02),150.0,864,1787960193.1998,-86.29,5.17,True,24.03,DEGRADED_COMMUNICATION,True
3865,PACKET_LOSS_75PCT,CONTROLLED_SOFTWARE_INJECTION,CSS-LoRa SX1278 (Ra-02),150.0,865,1787960193.2498,-125.0,-22.0,False,,DEGRADED_COMMUNICATION,True
3866,PACKET_LOSS_75PCT,CONTROLLED_SOFTWARE_INJECTION,CSS-LoRa SX1278 (Ra-02),150.0,866,1787960193.2998,-83.94,3.39,True,24.29,DEGRADED_COMMUNICATION,True
3867,PACKET_LOSS_75PCT,CONTROLLED_SOFTWARE_INJECTION,CSS-LoRa SX1278 (Ra-02),150.0,867,1787960193.3498,-125.0,-22.0,False,,DEGRADED_COMMUNICATION,True
3868,PACKET_LOSS_75PCT,CONTROLLED_SOFTWARE_INJECTION,CSS-LoRa SX1278 (Ra-02),150.0,868,1787960193.3998,-125.0,-22.0,False,,DEGRADED_COMMUNICATION,True
3869,PACKET_LOSS_75PCT,CONTROLLED_SOFTWARE_INJECTION,CSS-LoRa SX1278 (Ra-02),150.0,869,1787960193.4498,-76.87,6.69,True,24.08,DEGRADED_COMMUNICATION,True
3870,PACKET_LOSS_75PCT,CONTROLLED_SOFTWARE_INJECTION,CSS-LoRa SX1278 (Ra-02),150.0,870,1787960193.4998,-80.64,5.25,True,24.14,DEGRADED_COMMUNICATION,True
3871,PACKET_LOSS_75PCT,CONTROLLED_SOFTWARE_INJECTION,CSS-LoRa SX1278 (Ra-02),150.0,871,1787960193.5498,-125.0,-22.0,False,,DEGRADED_COMMUNICATION,True
3872,PACKET_LOSS_75PCT,CONTROLLED_SOFTWARE_INJECTION,CSS-LoRa SX1278 (Ra-02),150.0,872,1787960193.5998,-125.0,-22.0,False,,DEGRADED_COMMUNICATION,True
3873,PACKET_LOSS_75PCT,CONTROLLED_SOFTWARE_INJECTION,CSS-LoRa SX1278 (Ra-02),150.0,873,1787960193.6498,-125.0,-22.0,False,,DEGRADED_COMMUNICATION,True
3874,PACKET_LOSS_75PCT,CONTROLLED_SOFTWARE_INJECTION,CSS-LoRa SX1278 (Ra-02),150.0,874,1787960193.6998,-125.0,-22.0,False,,DEGRADED_COMMUNICATION,True
3875,PACKET_LOSS_75PCT,CONTROLLED_SOFTWARE_INJECTION,CSS-LoRa SX1278 (Ra-02),150.0,875,1787960193.7498,-125.0,-22.0,False,,DEGRADED_COMMUNICATION,True
3876,PACKET_LOSS_75PCT,CONTROLLED_SOFTWARE_INJECTION,CSS-LoRa SX1278 (Ra-02),150.0,876,1787960193.7998,-83.91,5.79,True,24.83,DEGRADED_COMMUNICATION,True
3877,PACKET_LOSS_75PCT,CONTROLLED_SOFTWARE_INJECTION,CSS-LoRa SX1278 (Ra-02),150.0,877,1787960193.8498,-125.0,-22.0,False,,DEGRADED_COMMUNICATION,True
3878,PACKET_LOSS_75PCT,CONTROLLED_SOFTWARE_INJECTION,CSS-LoRa SX1278 (Ra-02),150.0,878,1787960193.8998,-125.0,-22.0,False,,DEGRADED_COMMUNICATION,True
3879,PACKET_LOSS_75PCT,CONTROLLED_SOFTWARE_INJECTION,CSS-LoRa SX1278 (Ra-02),150.0,879,1787960193.9498,-125.0,-22.0,False,,DEGRADED_COMMUNICATION,True
3880,PACKET_LOSS_75PCT,CONTROLLED_SOFTWARE_INJECTION,CSS-LoRa SX1278 (Ra-02),150.0,880,1787960193.9998,-80.96,5.02,True,26.65,DEGRADED_COMMUNICATION,True
3881,PACKET_LOSS_75PCT,CONTROLLED_SOFTWARE_INJECTION,CSS-LoRa SX1278 (Ra-02),150.0,881,1787960194.0498,-82.23,4.15,True,24.53,DEGRADED_COMMUNICATION,True
3882,PACKET_LOSS_75PCT,CONTROLLED_SOFTWARE_INJECTION,CSS-LoRa SX1278 (Ra-02),150.0,882,1787960194.0998,-125.0,-22.0,False,,DEGRADED_COMMUNICATION,True
3883,PACKET_LOSS_75PCT,CONTROLLED_SOFTWARE_INJECTION,CSS-LoRa SX1278 (Ra-02),150.0,883,1787960194.1498,-125.0,-22.0,False,,DEGRADED_COMMUNICATION,True
3884,PACKET_LOSS_75PCT,CONTROLLED_SOFTWARE_INJECTION,CSS-LoRa SX1278 (Ra-02),150.0,884,1787960194.1998,-125.0,-22.0,False,,DEGRADED_COMMUNICATION,True
3885,PACKET_LOSS_75PCT,CONTROLLED_SOFTWARE_INJECTION,CSS-LoRa SX1278 (Ra-02),150.0,885,1787960194.2498,-125.0,-22.0,False,,DEGRADED_COMMUNICATION,True
3886,PACKET_LOSS_75PCT,CONTROLLED_SOFTWARE_INJECTION,CSS-LoRa SX1278 (Ra-02),150.0,886,1787960194.2998,-125.0,-22.0,False,,DEGRADED_COMMUNICATION,True
3887,PACKET_LOSS_75PCT,CONTROLLED_SOFTWARE_INJECTION,CSS-LoRa SX1278 (Ra-02),150.0,887,1787960194.3498,-125.0,-22.0,False,,DEGRADED_COMMUNICATION,True
3888,PACKET_LOSS_75PCT,CONTROLLED_SOFTWARE_INJECTION,CSS-LoRa SX1278 (Ra-02),150.0,888,1787960194.3998,-125.0,-22.0,False,,DEGRADED_COMMUNICATION,True
3889,PACKET_LOSS_75PCT,CONTROLLED_SOFTWARE_INJECTION,CSS-LoRa SX1278 (Ra-02),150.0,889,1787960194.4498,-88.21,2.93,True,26.34,DEGRADED_COMMUNICATION,True
3890,PACKET_LOSS_75PCT,CONTROLLED_SOFTWARE_INJECTION,CSS-LoRa SX1278 (Ra-02),150.0,890,1787960194.4998,-125.0,-22.0,False,,DEGRADED_COMMUNICATION,True
3891,PACKET_LOSS_75PCT,CONTROLLED_SOFTWARE_INJECTION,CSS-LoRa SX1278 (Ra-02),150.0,891,1787960194.5498,-125.0,-22.0,False,,DEGRADED_COMMUNICATION,True
3892,PACKET_LOSS_75PCT,CONTROLLED_SOFTWARE_INJECTION,CSS-LoRa SX1278 (Ra-02),150.0,892,1787960194.5998,-125.0,-22.0,False,,DEGRADED_COMMUNICATION,True
3893,PACKET_LOSS_75PCT,CONTROLLED_SOFTWARE_INJECTION,CSS-LoRa SX1278 (Ra-02),150.0,893,1787960194.6498,-125.0,-22.0,False,,DEGRADED_COMMUNICATION,True
3894,PACKET_LOSS_75PCT,CONTROLLED_SOFTWARE_INJECTION,CSS-LoRa SX1278 (Ra-02),150.0,894,1787960194.6998,-125.0,-22.0,False,,DEGRADED_COMMUNICATION,True
3895,PACKET_LOSS_75PCT,CONTROLLED_SOFTWARE_INJECTION,CSS-LoRa SX1278 (Ra-02),150.0,895,1787960194.7498,-82.07,6.53,True,25.7,DEGRADED_COMMUNICATION,True
3896,PACKET_LOSS_75PCT,CONTROLLED_SOFTWARE_INJECTION,CSS-LoRa SX1278 (Ra-02),150.0,896,1787960194.7998,-82.31,1.86,True,25.85,DEGRADED_COMMUNICATION,True
3897,PACKET_LOSS_75PCT,CONTROLLED_SOFTWARE_INJECTION,CSS-LoRa SX1278 (Ra-02),150.0,897,1787960194.8498,-125.0,-22.0,False,,DEGRADED_COMMUNICATION,True
3898,PACKET_LOSS_75PCT,CONTROLLED_SOFTWARE_INJECTION,CSS-LoRa SX1278 (Ra-02),150.0,898,1787960194.8998,-125.0,-22.0,False,,DEGRADED_COMMUNICATION,True
3899,PACKET_LOSS_75PCT,CONTROLLED_SOFTWARE_INJECTION,CSS-LoRa SX1278 (Ra-02),150.0,899,1787960194.9498,-85.14,5.57,True,23.75,DEGRADED_COMMUNICATION,True
3900,PACKET_LOSS_75PCT,CONTROLLED_SOFTWARE_INJECTION,CSS-LoRa SX1278 (Ra-02),150.0,900,1787960194.9998,-83.24,6.73,True,26.17,DEGRADED_COMMUNICATION,True
3901,PACKET_LOSS_75PCT,CONTROLLED_SOFTWARE_INJECTION,CSS-LoRa SX1278 (Ra-02),150.0,901,1787960195.0498,-80.2,3.99,True,25.23,DEGRADED_COMMUNICATION,True
3902,PACKET_LOSS_75PCT,CONTROLLED_SOFTWARE_INJECTION,CSS-LoRa SX1278 (Ra-02),150.0,902,1787960195.0998,-125.0,-22.0,False,,DEGRADED_COMMUNICATION,True
3903,PACKET_LOSS_75PCT,CONTROLLED_SOFTWARE_INJECTION,CSS-LoRa SX1278 (Ra-02),150.0,903,1787960195.1498,-125.0,-22.0,False,,DEGRADED_COMMUNICATION,True
3904,PACKET_LOSS_75PCT,CONTROLLED_SOFTWARE_INJECTION,CSS-LoRa SX1278 (Ra-02),150.0,904,1787960195.1998,-125.0,-22.0,False,,DEGRADED_COMMUNICATION,True
3905,PACKET_LOSS_75PCT,CONTROLLED_SOFTWARE_INJECTION,CSS-LoRa SX1278 (Ra-02),150.0,905,1787960195.2498,-125.0,-22.0,False,,DEGRADED_COMMUNICATION,True
3906,PACKET_LOSS_75PCT,CONTROLLED_SOFTWARE_INJECTION,CSS-LoRa SX1278 (Ra-02),150.0,906,1787960195.2998,-125.0,-22.0,False,,DEGRADED_COMMUNICATION,True
3907,PACKET_LOSS_75PCT,CONTROLLED_SOFTWARE_INJECTION,CSS-LoRa SX1278 (Ra-02),150.0,907,1787960195.3498,-86.13,5.15,True,23.81,DEGRADED_COMMUNICATION,True
3908,PACKET_LOSS_75PCT,CONTROLLED_SOFTWARE_INJECTION,CSS-LoRa SX1278 (Ra-02),150.0,908,1787960195.3998,-125.0,-22.0,False,,DEGRADED_COMMUNICATION,True
3909,PACKET_LOSS_75PCT,CONTROLLED_SOFTWARE_INJECTION,CSS-LoRa SX1278 (Ra-02),150.0,909,1787960195.4498,-125.0,-22.0,False,,DEGRADED_COMMUNICATION,True
3910,PACKET_LOSS_75PCT,CONTROLLED_SOFTWARE_INJECTION,CSS-LoRa SX1278 (Ra-02),150.0,910,1787960195.4998,-83.89,4.5,True,22.93,DEGRADED_COMMUNICATION,True
3911,PACKET_LOSS_75PCT,CONTROLLED_SOFTWARE_INJECTION,CSS-LoRa SX1278 (Ra-02),150.0,911,1787960195.5498,-125.0,-22.0,False,,DEGRADED_COMMUNICATION,True
3912,PACKET_LOSS_75PCT,CONTROLLED_SOFTWARE_INJECTION,CSS-LoRa SX1278 (Ra-02),150.0,912,1787960195.5998,-125.0,-22.0,False,,DEGRADED_COMMUNICATION,True
3913,PACKET_LOSS_75PCT,CONTROLLED_SOFTWARE_INJECTION,CSS-LoRa SX1278 (Ra-02),150.0,913,1787960195.6498,-125.0,-22.0,False,,DEGRADED_COMMUNICATION,True
3914,PACKET_LOSS_75PCT,CONTROLLED_SOFTWARE_INJECTION,CSS-LoRa SX1278 (Ra-02),150.0,914,1787960195.6998,-125.0,-22.0,False,,DEGRADED_COMMUNICATION,True
3915,PACKET_LOSS_75PCT,CONTROLLED_SOFTWARE_INJECTION,CSS-LoRa SX1278 (Ra-02),150.0,915,1787960195.7498,-125.0,-22.0,False,,DEGRADED_COMMUNICATION,True
3916,PACKET_LOSS_75PCT,CONTROLLED_SOFTWARE_INJECTION,CSS-LoRa SX1278 (Ra-02),150.0,916,1787960195.7998,-125.0,-22.0,False,,DEGRADED_COMMUNICATION,True
3917,PACKET_LOSS_75PCT,CONTROLLED_SOFTWARE_INJECTION,CSS-LoRa SX1278 (Ra-02),150.0,917,1787960195.8498,-125.0,-22.0,False,,DEGRADED_COMMUNICATION,True
3918,PACKET_LOSS_75PCT,CONTROLLED_SOFTWARE_INJECTION,CSS-LoRa SX1278 (Ra-02),150.0,918,1787960195.8998,-125.0,-22.0,False,,DEGRADED_COMMUNICATION,True
3919,PACKET_LOSS_75PCT,CONTROLLED_SOFTWARE_INJECTION,CSS-LoRa SX1278 (Ra-02),150.0,919,1787960195.9498,-125.0,-22.0,False,,DEGRADED_COMMUNICATION,True
3920,PACKET_LOSS_75PCT,CONTROLLED_SOFTWARE_INJECTION,CSS-LoRa SX1278 (Ra-02),150.0,920,1787960195.9998,-125.0,-22.0,False,,DEGRADED_COMMUNICATION,True
3921,PACKET_LOSS_75PCT,CONTROLLED_SOFTWARE_INJECTION,CSS-LoRa SX1278 (Ra-02),150.0,921,1787960196.0498,-84.61,2.28,True,23.26,DEGRADED_COMMUNICATION,True
3922,PACKET_LOSS_75PCT,CONTROLLED_SOFTWARE_INJECTION,CSS-LoRa SX1278 (Ra-02),150.0,922,1787960196.0998,-125.0,-22.0,False,,DEGRADED_COMMUNICATION,True
3923,PACKET_LOSS_75PCT,CONTROLLED_SOFTWARE_INJECTION,CSS-LoRa SX1278 (Ra-02),150.0,923,1787960196.1498,-125.0,-22.0,False,,DEGRADED_COMMUNICATION,True
3924,PACKET_LOSS_75PCT,CONTROLLED_SOFTWARE_INJECTION,CSS-LoRa SX1278 (Ra-02),150.0,924,1787960196.1998,-125.0,-22.0,False,,DEGRADED_COMMUNICATION,True
3925,PACKET_LOSS_75PCT,CONTROLLED_SOFTWARE_INJECTION,CSS-LoRa SX1278 (Ra-02),150.0,925,1787960196.2498,-125.0,-22.0,False,,DEGRADED_COMMUNICATION,True
3926,PACKET_LOSS_75PCT,CONTROLLED_SOFTWARE_INJECTION,CSS-LoRa SX1278 (Ra-02),150.0,926,1787960196.2998,-83.01,4.22,True,25.07,DEGRADED_COMMUNICATION,True
3927,PACKET_LOSS_75PCT,CONTROLLED_SOFTWARE_INJECTION,CSS-LoRa SX1278 (Ra-02),150.0,927,1787960196.3498,-85.29,4.06,True,26.83,DEGRADED_COMMUNICATION,True
3928,PACKET_LOSS_75PCT,CONTROLLED_SOFTWARE_INJECTION,CSS-LoRa SX1278 (Ra-02),150.0,928,1787960196.3998,-125.0,-22.0,False,,DEGRADED_COMMUNICATION,True
3929,PACKET_LOSS_75PCT,CONTROLLED_SOFTWARE_INJECTION,CSS-LoRa SX1278 (Ra-02),150.0,929,1787960196.4498,-82.19,3.03,True,25.43,DEGRADED_COMMUNICATION,True
3930,PACKET_LOSS_75PCT,CONTROLLED_SOFTWARE_INJECTION,CSS-LoRa SX1278 (Ra-02),150.0,930,1787960196.4998,-125.0,-22.0,False,,DEGRADED_COMMUNICATION,True
3931,PACKET_LOSS_75PCT,CONTROLLED_SOFTWARE_INJECTION,CSS-LoRa SX1278 (Ra-02),150.0,931,1787960196.5498,-87.0,5.14,True,25.98,DEGRADED_COMMUNICATION,True
3932,PACKET_LOSS_75PCT,CONTROLLED_SOFTWARE_INJECTION,CSS-LoRa SX1278 (Ra-02),150.0,932,1787960196.5998,-125.0,-22.0,False,,DEGRADED_COMMUNICATION,True
3933,PACKET_LOSS_75PCT,CONTROLLED_SOFTWARE_INJECTION,CSS-LoRa SX1278 (Ra-02),150.0,933,1787960196.6498,-83.61,3.15,True,22.32,DEGRADED_COMMUNICATION,True
3934,PACKET_LOSS_75PCT,CONTROLLED_SOFTWARE_INJECTION,CSS-LoRa SX1278 (Ra-02),150.0,934,1787960196.6998,-83.17,3.35,True,27.29,DEGRADED_COMMUNICATION,True
3935,PACKET_LOSS_75PCT,CONTROLLED_SOFTWARE_INJECTION,CSS-LoRa SX1278 (Ra-02),150.0,935,1787960196.7498,-125.0,-22.0,False,,DEGRADED_COMMUNICATION,True
3936,PACKET_LOSS_75PCT,CONTROLLED_SOFTWARE_INJECTION,CSS-LoRa SX1278 (Ra-02),150.0,936,1787960196.7998,-125.0,-22.0,False,,DEGRADED_COMMUNICATION,True
3937,PACKET_LOSS_75PCT,CONTROLLED_SOFTWARE_INJECTION,CSS-LoRa SX1278 (Ra-02),150.0,937,1787960196.8498,-125.0,-22.0,False,,DEGRADED_COMMUNICATION,True
3938,PACKET_LOSS_75PCT,CONTROLLED_SOFTWARE_INJECTION,CSS-LoRa SX1278 (Ra-02),150.0,938,1787960196.8998,-125.0,-22.0,False,,DEGRADED_COMMUNICATION,True
3939,PACKET_LOSS_75PCT,CONTROLLED_SOFTWARE_INJECTION,CSS-LoRa SX1278 (Ra-02),150.0,939,1787960196.9498,-125.0,-22.0,False,,DEGRADED_COMMUNICATION,True
3940,PACKET_LOSS_75PCT,CONTROLLED_SOFTWARE_INJECTION,CSS-LoRa SX1278 (Ra-02),150.0,940,1787960196.9998,-125.0,-22.0,False,,DEGRADED_COMMUNICATION,True
3941,PACKET_LOSS_75PCT,CONTROLLED_SOFTWARE_INJECTION,CSS-LoRa SX1278 (Ra-02),150.0,941,1787960197.0498,-125.0,-22.0,False,,DEGRADED_COMMUNICATION,True
3942,PACKET_LOSS_75PCT,CONTROLLED_SOFTWARE_INJECTION,CSS-LoRa SX1278 (Ra-02),150.0,942,1787960197.0998,-125.0,-22.0,False,,DEGRADED_COMMUNICATION,True
3943,PACKET_LOSS_75PCT,CONTROLLED_SOFTWARE_INJECTION,CSS-LoRa SX1278 (Ra-02),150.0,943,1787960197.1498,-125.0,-22.0,False,,DEGRADED_COMMUNICATION,True
3944,PACKET_LOSS_75PCT,CONTROLLED_SOFTWARE_INJECTION,CSS-LoRa SX1278 (Ra-02),150.0,944,1787960197.1998,-85.55,3.87,True,23.63,DEGRADED_COMMUNICATION,True
3945,PACKET_LOSS_75PCT,CONTROLLED_SOFTWARE_INJECTION,CSS-LoRa SX1278 (Ra-02),150.0,945,1787960197.2498,-125.0,-22.0,False,,DEGRADED_COMMUNICATION,True
3946,PACKET_LOSS_75PCT,CONTROLLED_SOFTWARE_INJECTION,CSS-LoRa SX1278 (Ra-02),150.0,946,1787960197.2998,-125.0,-22.0,False,,DEGRADED_COMMUNICATION,True
3947,PACKET_LOSS_75PCT,CONTROLLED_SOFTWARE_INJECTION,CSS-LoRa SX1278 (Ra-02),150.0,947,1787960197.3498,-81.72,4.03,True,24.99,DEGRADED_COMMUNICATION,True
3948,PACKET_LOSS_75PCT,CONTROLLED_SOFTWARE_INJECTION,CSS-LoRa SX1278 (Ra-02),150.0,948,1787960197.3998,-125.0,-22.0,False,,DEGRADED_COMMUNICATION,True
3949,PACKET_LOSS_75PCT,CONTROLLED_SOFTWARE_INJECTION,CSS-LoRa SX1278 (Ra-02),150.0,949,1787960197.4498,-125.0,-22.0,False,,DEGRADED_COMMUNICATION,True
3950,PACKET_LOSS_75PCT,CONTROLLED_SOFTWARE_INJECTION,CSS-LoRa SX1278 (Ra-02),150.0,950,1787960197.4998,-125.0,-22.0,False,,DEGRADED_COMMUNICATION,True
3951,PACKET_LOSS_75PCT,CONTROLLED_SOFTWARE_INJECTION,CSS-LoRa SX1278 (Ra-02),150.0,951,1787960197.5498,-125.0,-22.0,False,,DEGRADED_COMMUNICATION,True
3952,PACKET_LOSS_75PCT,CONTROLLED_SOFTWARE_INJECTION,CSS-LoRa SX1278 (Ra-02),150.0,952,1787960197.5998,-125.0,-22.0,False,,DEGRADED_COMMUNICATION,True
3953,PACKET_LOSS_75PCT,CONTROLLED_SOFTWARE_INJECTION,CSS-LoRa SX1278 (Ra-02),150.0,953,1787960197.6498,-125.0,-22.0,False,,DEGRADED_COMMUNICATION,True
3954,PACKET_LOSS_75PCT,CONTROLLED_SOFTWARE_INJECTION,CSS-LoRa SX1278 (Ra-02),150.0,954,1787960197.6998,-125.0,-22.0,False,,DEGRADED_COMMUNICATION,True
3955,PACKET_LOSS_75PCT,CONTROLLED_SOFTWARE_INJECTION,CSS-LoRa SX1278 (Ra-02),150.0,955,1787960197.7498,-125.0,-22.0,False,,DEGRADED_COMMUNICATION,True
3956,PACKET_LOSS_75PCT,CONTROLLED_SOFTWARE_INJECTION,CSS-LoRa SX1278 (Ra-02),150.0,956,1787960197.7998,-82.18,3.32,True,26.37,DEGRADED_COMMUNICATION,True
3957,PACKET_LOSS_75PCT,CONTROLLED_SOFTWARE_INJECTION,CSS-LoRa SX1278 (Ra-02),150.0,957,1787960197.8498,-125.0,-22.0,False,,DEGRADED_COMMUNICATION,True
3958,PACKET_LOSS_75PCT,CONTROLLED_SOFTWARE_INJECTION,CSS-LoRa SX1278 (Ra-02),150.0,958,1787960197.8998,-125.0,-22.0,False,,DEGRADED_COMMUNICATION,True
3959,PACKET_LOSS_75PCT,CONTROLLED_SOFTWARE_INJECTION,CSS-LoRa SX1278 (Ra-02),150.0,959,1787960197.9498,-125.0,-22.0,False,,DEGRADED_COMMUNICATION,True
3960,PACKET_LOSS_75PCT,CONTROLLED_SOFTWARE_INJECTION,CSS-LoRa SX1278 (Ra-02),150.0,960,1787960197.9998,-125.0,-22.0,False,,DEGRADED_COMMUNICATION,True
3961,PACKET_LOSS_75PCT,CONTROLLED_SOFTWARE_INJECTION,CSS-LoRa SX1278 (Ra-02),150.0,961,1787960198.0498,-125.0,-22.0,False,,DEGRADED_COMMUNICATION,True
3962,PACKET_LOSS_75PCT,CONTROLLED_SOFTWARE_INJECTION,CSS-LoRa SX1278 (Ra-02),150.0,962,1787960198.0998,-125.0,-22.0,False,,DEGRADED_COMMUNICATION,True
3963,PACKET_LOSS_75PCT,CONTROLLED_SOFTWARE_INJECTION,CSS-LoRa SX1278 (Ra-02),150.0,963,1787960198.1498,-125.0,-22.0,False,,DEGRADED_COMMUNICATION,True
3964,PACKET_LOSS_75PCT,CONTROLLED_SOFTWARE_INJECTION,CSS-LoRa SX1278 (Ra-02),150.0,964,1787960198.1998,-83.53,3.55,True,25.99,DEGRADED_COMMUNICATION,True
3965,PACKET_LOSS_75PCT,CONTROLLED_SOFTWARE_INJECTION,CSS-LoRa SX1278 (Ra-02),150.0,965,1787960198.2498,-125.0,-22.0,False,,DEGRADED_COMMUNICATION,True
3966,PACKET_LOSS_75PCT,CONTROLLED_SOFTWARE_INJECTION,CSS-LoRa SX1278 (Ra-02),150.0,966,1787960198.2998,-125.0,-22.0,False,,DEGRADED_COMMUNICATION,True
3967,PACKET_LOSS_75PCT,CONTROLLED_SOFTWARE_INJECTION,CSS-LoRa SX1278 (Ra-02),150.0,967,1787960198.3498,-125.0,-22.0,False,,DEGRADED_COMMUNICATION,True
3968,PACKET_LOSS_75PCT,CONTROLLED_SOFTWARE_INJECTION,CSS-LoRa SX1278 (Ra-02),150.0,968,1787960198.3998,-125.0,-22.0,False,,DEGRADED_COMMUNICATION,True
3969,PACKET_LOSS_75PCT,CONTROLLED_SOFTWARE_INJECTION,CSS-LoRa SX1278 (Ra-02),150.0,969,1787960198.4498,-125.0,-22.0,False,,DEGRADED_COMMUNICATION,True
3970,PACKET_LOSS_75PCT,CONTROLLED_SOFTWARE_INJECTION,CSS-LoRa SX1278 (Ra-02),150.0,970,1787960198.4998,-125.0,-22.0,False,,DEGRADED_COMMUNICATION,True
3971,PACKET_LOSS_75PCT,CONTROLLED_SOFTWARE_INJECTION,CSS-LoRa SX1278 (Ra-02),150.0,971,1787960198.5498,-125.0,-22.0,False,,DEGRADED_COMMUNICATION,True
3972,PACKET_LOSS_75PCT,CONTROLLED_SOFTWARE_INJECTION,CSS-LoRa SX1278 (Ra-02),150.0,972,1787960198.5998,-83.44,5.15,True,24.63,DEGRADED_COMMUNICATION,True
3973,PACKET_LOSS_75PCT,CONTROLLED_SOFTWARE_INJECTION,CSS-LoRa SX1278 (Ra-02),150.0,973,1787960198.6498,-125.0,-22.0,False,,DEGRADED_COMMUNICATION,True
3974,PACKET_LOSS_75PCT,CONTROLLED_SOFTWARE_INJECTION,CSS-LoRa SX1278 (Ra-02),150.0,974,1787960198.6998,-125.0,-22.0,False,,DEGRADED_COMMUNICATION,True
3975,PACKET_LOSS_75PCT,CONTROLLED_SOFTWARE_INJECTION,CSS-LoRa SX1278 (Ra-02),150.0,975,1787960198.7498,-82.86,4.91,True,24.79,DEGRADED_COMMUNICATION,True
3976,PACKET_LOSS_75PCT,CONTROLLED_SOFTWARE_INJECTION,CSS-LoRa SX1278 (Ra-02),150.0,976,1787960198.7998,-125.0,-22.0,False,,DEGRADED_COMMUNICATION,True
3977,PACKET_LOSS_75PCT,CONTROLLED_SOFTWARE_INJECTION,CSS-LoRa SX1278 (Ra-02),150.0,977,1787960198.8498,-125.0,-22.0,False,,DEGRADED_COMMUNICATION,True
3978,PACKET_LOSS_75PCT,CONTROLLED_SOFTWARE_INJECTION,CSS-LoRa SX1278 (Ra-02),150.0,978,1787960198.8998,-125.0,-22.0,False,,DEGRADED_COMMUNICATION,True
3979,PACKET_LOSS_75PCT,CONTROLLED_SOFTWARE_INJECTION,CSS-LoRa SX1278 (Ra-02),150.0,979,1787960198.9498,-77.19,4.57,True,26.45,DEGRADED_COMMUNICATION,True
3980,PACKET_LOSS_75PCT,CONTROLLED_SOFTWARE_INJECTION,CSS-LoRa SX1278 (Ra-02),150.0,980,1787960198.9998,-125.0,-22.0,False,,DEGRADED_COMMUNICATION,True
3981,PACKET_LOSS_75PCT,CONTROLLED_SOFTWARE_INJECTION,CSS-LoRa SX1278 (Ra-02),150.0,981,1787960199.0498,-85.2,5.25,True,23.82,DEGRADED_COMMUNICATION,True
3982,PACKET_LOSS_75PCT,CONTROLLED_SOFTWARE_INJECTION,CSS-LoRa SX1278 (Ra-02),150.0,982,1787960199.0998,-125.0,-22.0,False,,DEGRADED_COMMUNICATION,True
3983,PACKET_LOSS_75PCT,CONTROLLED_SOFTWARE_INJECTION,CSS-LoRa SX1278 (Ra-02),150.0,983,1787960199.1498,-125.0,-22.0,False,,DEGRADED_COMMUNICATION,True
3984,PACKET_LOSS_75PCT,CONTROLLED_SOFTWARE_INJECTION,CSS-LoRa SX1278 (Ra-02),150.0,984,1787960199.1998,-125.0,-22.0,False,,DEGRADED_COMMUNICATION,True
3985,PACKET_LOSS_75PCT,CONTROLLED_SOFTWARE_INJECTION,CSS-LoRa SX1278 (Ra-02),150.0,985,1787960199.2498,-76.88,5.59,True,23.45,DEGRADED_COMMUNICATION,True
3986,PACKET_LOSS_75PCT,CONTROLLED_SOFTWARE_INJECTION,CSS-LoRa SX1278 (Ra-02),150.0,986,1787960199.2998,-125.0,-22.0,False,,DEGRADED_COMMUNICATION,True
3987,PACKET_LOSS_75PCT,CONTROLLED_SOFTWARE_INJECTION,CSS-LoRa SX1278 (Ra-02),150.0,987,1787960199.3498,-82.81,6.52,True,26.78,DEGRADED_COMMUNICATION,True
3988,PACKET_LOSS_75PCT,CONTROLLED_SOFTWARE_INJECTION,CSS-LoRa SX1278 (Ra-02),150.0,988,1787960199.3998,-125.0,-22.0,False,,DEGRADED_COMMUNICATION,True
3989,PACKET_LOSS_75PCT,CONTROLLED_SOFTWARE_INJECTION,CSS-LoRa SX1278 (Ra-02),150.0,989,1787960199.4498,-125.0,-22.0,False,,DEGRADED_COMMUNICATION,True
3990,PACKET_LOSS_75PCT,CONTROLLED_SOFTWARE_INJECTION,CSS-LoRa SX1278 (Ra-02),150.0,990,1787960199.4998,-125.0,-22.0,False,,DEGRADED_COMMUNICATION,True
3991,PACKET_LOSS_75PCT,CONTROLLED_SOFTWARE_INJECTION,CSS-LoRa SX1278 (Ra-02),150.0,991,1787960199.5498,-79.53,4.28,True,24.32,DEGRADED_COMMUNICATION,True
3992,PACKET_LOSS_75PCT,CONTROLLED_SOFTWARE_INJECTION,CSS-LoRa SX1278 (Ra-02),150.0,992,1787960199.5998,-125.0,-22.0,False,,DEGRADED_COMMUNICATION,True
3993,PACKET_LOSS_75PCT,CONTROLLED_SOFTWARE_INJECTION,CSS-LoRa SX1278 (Ra-02),150.0,993,1787960199.6498,-81.11,6.12,True,25.82,DEGRADED_COMMUNICATION,True
3994,PACKET_LOSS_75PCT,CONTROLLED_SOFTWARE_INJECTION,CSS-LoRa SX1278 (Ra-02),150.0,994,1787960199.6998,-125.0,-22.0,False,,DEGRADED_COMMUNICATION,True
3995,PACKET_LOSS_75PCT,CONTROLLED_SOFTWARE_INJECTION,CSS-LoRa SX1278 (Ra-02),150.0,995,1787960199.7498,-125.0,-22.0,False,,DEGRADED_COMMUNICATION,True
3996,PACKET_LOSS_75PCT,CONTROLLED_SOFTWARE_INJECTION,CSS-LoRa SX1278 (Ra-02),150.0,996,1787960199.7998,-79.43,3.86,True,24.62,DEGRADED_COMMUNICATION,True
3997,PACKET_LOSS_75PCT,CONTROLLED_SOFTWARE_INJECTION,CSS-LoRa SX1278 (Ra-02),150.0,997,1787960199.8498,-125.0,-22.0,False,,DEGRADED_COMMUNICATION,True
3998,PACKET_LOSS_75PCT,CONTROLLED_SOFTWARE_INJECTION,CSS-LoRa SX1278 (Ra-02),150.0,998,1787960199.8998,-125.0,-22.0,False,,DEGRADED_COMMUNICATION,True
3999,PACKET_LOSS_75PCT,CONTROLLED_SOFTWARE_INJECTION,CSS-LoRa SX1278 (Ra-02),150.0,999,1787960199.9498,-125.0,-22.0,False,,DEGRADED_COMMUNICATION,True
4000,PACKET_LOSS_75PCT,CONTROLLED_SOFTWARE_INJECTION,CSS-LoRa SX1278 (Ra-02),150.0,1000,1787960199.9998,-125.0,-22.0,False,,DEGRADED_COMMUNICATION,True
4001,BURST_LOSS_SHADOW,CONTROLLED_SOFTWARE_INJECTION,CSS-LoRa SX1278 (Ra-02),200.0,1,1787960200.0498,-125.0,-22.0,False,,DEGRADED_COMMUNICATION,True
4002,BURST_LOSS_SHADOW,CONTROLLED_SOFTWARE_INJECTION,CSS-LoRa SX1278 (Ra-02),200.0,2,1787960200.0998,-125.0,-22.0,False,,DEGRADED_COMMUNICATION,True
4003,BURST_LOSS_SHADOW,CONTROLLED_SOFTWARE_INJECTION,CSS-LoRa SX1278 (Ra-02),200.0,3,1787960200.1498,-88.05,1.56,True,25.17,DEGRADED_COMMUNICATION,True
4004,BURST_LOSS_SHADOW,CONTROLLED_SOFTWARE_INJECTION,CSS-LoRa SX1278 (Ra-02),200.0,4,1787960200.1998,-125.0,-22.0,False,,DEGRADED_COMMUNICATION,True
4005,BURST_LOSS_SHADOW,CONTROLLED_SOFTWARE_INJECTION,CSS-LoRa SX1278 (Ra-02),200.0,5,1787960200.2498,-125.0,-22.0,False,,DEGRADED_COMMUNICATION,True
4006,BURST_LOSS_SHADOW,CONTROLLED_SOFTWARE_INJECTION,CSS-LoRa SX1278 (Ra-02),200.0,6,1787960200.2998,-125.0,-22.0,False,,DEGRADED_COMMUNICATION,True
4007,BURST_LOSS_SHADOW,CONTROLLED_SOFTWARE_INJECTION,CSS-LoRa SX1278 (Ra-02),200.0,7,1787960200.3498,-125.0,-22.0,False,,DEGRADED_COMMUNICATION,True
4008,BURST_LOSS_SHADOW,CONTROLLED_SOFTWARE_INJECTION,CSS-LoRa SX1278 (Ra-02),200.0,8,1787960200.3998,-125.0,-22.0,False,,DEGRADED_COMMUNICATION,True
4009,BURST_LOSS_SHADOW,CONTROLLED_SOFTWARE_INJECTION,CSS-LoRa SX1278 (Ra-02),200.0,9,1787960200.4498,-125.0,-22.0,False,,DEGRADED_COMMUNICATION,True
4010,BURST_LOSS_SHADOW,CONTROLLED_SOFTWARE_INJECTION,CSS-LoRa SX1278 (Ra-02),200.0,10,1787960200.4998,-125.0,-22.0,False,,DEGRADED_COMMUNICATION,True
4011,BURST_LOSS_SHADOW,CONTROLLED_SOFTWARE_INJECTION,CSS-LoRa SX1278 (Ra-02),200.0,11,1787960200.5498,-125.0,-22.0,False,,DEGRADED_COMMUNICATION,True
4012,BURST_LOSS_SHADOW,CONTROLLED_SOFTWARE_INJECTION,CSS-LoRa SX1278 (Ra-02),200.0,12,1787960200.5998,-125.0,-22.0,False,,DEGRADED_COMMUNICATION,True
4013,BURST_LOSS_SHADOW,CONTROLLED_SOFTWARE_INJECTION,CSS-LoRa SX1278 (Ra-02),200.0,13,1787960200.6498,-125.0,-22.0,False,,DEGRADED_COMMUNICATION,True
4014,BURST_LOSS_SHADOW,CONTROLLED_SOFTWARE_INJECTION,CSS-LoRa SX1278 (Ra-02),200.0,14,1787960200.6998,-125.0,-22.0,False,,DEGRADED_COMMUNICATION,True
4015,BURST_LOSS_SHADOW,CONTROLLED_SOFTWARE_INJECTION,CSS-LoRa SX1278 (Ra-02),200.0,15,1787960200.7498,-125.0,-22.0,False,,DEGRADED_COMMUNICATION,True
4016,BURST_LOSS_SHADOW,CONTROLLED_SOFTWARE_INJECTION,CSS-LoRa SX1278 (Ra-02),200.0,16,1787960200.7998,-125.0,-22.0,False,,DEGRADED_COMMUNICATION,True
4017,BURST_LOSS_SHADOW,CONTROLLED_SOFTWARE_INJECTION,CSS-LoRa SX1278 (Ra-02),200.0,17,1787960200.8498,-125.0,-22.0,False,,DEGRADED_COMMUNICATION,True
4018,BURST_LOSS_SHADOW,CONTROLLED_SOFTWARE_INJECTION,CSS-LoRa SX1278 (Ra-02),200.0,18,1787960200.8998,-125.0,-22.0,False,,DEGRADED_COMMUNICATION,True
4019,BURST_LOSS_SHADOW,CONTROLLED_SOFTWARE_INJECTION,CSS-LoRa SX1278 (Ra-02),200.0,19,1787960200.9498,-125.0,-22.0,False,,DEGRADED_COMMUNICATION,True
4020,BURST_LOSS_SHADOW,CONTROLLED_SOFTWARE_INJECTION,CSS-LoRa SX1278 (Ra-02),200.0,20,1787960200.9998,-125.0,-22.0,False,,DEGRADED_COMMUNICATION,True
4021,BURST_LOSS_SHADOW,CONTROLLED_SOFTWARE_INJECTION,CSS-LoRa SX1278 (Ra-02),200.0,21,1787960201.0498,-125.0,-22.0,False,,DEGRADED_COMMUNICATION,True
4022,BURST_LOSS_SHADOW,CONTROLLED_SOFTWARE_INJECTION,CSS-LoRa SX1278 (Ra-02),200.0,22,1787960201.0998,-125.0,-22.0,False,,DEGRADED_COMMUNICATION,True
4023,BURST_LOSS_SHADOW,CONTROLLED_SOFTWARE_INJECTION,CSS-LoRa SX1278 (Ra-02),200.0,23,1787960201.1498,-125.0,-22.0,False,,DEGRADED_COMMUNICATION,True
4024,BURST_LOSS_SHADOW,CONTROLLED_SOFTWARE_INJECTION,CSS-LoRa SX1278 (Ra-02),200.0,24,1787960201.1998,-125.0,-22.0,False,,DEGRADED_COMMUNICATION,True
4025,BURST_LOSS_SHADOW,CONTROLLED_SOFTWARE_INJECTION,CSS-LoRa SX1278 (Ra-02),200.0,25,1787960201.2498,-125.0,-22.0,False,,DEGRADED_COMMUNICATION,True
4026,BURST_LOSS_SHADOW,CONTROLLED_SOFTWARE_INJECTION,CSS-LoRa SX1278 (Ra-02),200.0,26,1787960201.2998,-125.0,-22.0,False,,DEGRADED_COMMUNICATION,True
4027,BURST_LOSS_SHADOW,CONTROLLED_SOFTWARE_INJECTION,CSS-LoRa SX1278 (Ra-02),200.0,27,1787960201.3498,-125.0,-22.0,False,,DEGRADED_COMMUNICATION,True
4028,BURST_LOSS_SHADOW,CONTROLLED_SOFTWARE_INJECTION,CSS-LoRa SX1278 (Ra-02),200.0,28,1787960201.3998,-125.0,-22.0,False,,DEGRADED_COMMUNICATION,True
4029,BURST_LOSS_SHADOW,CONTROLLED_SOFTWARE_INJECTION,CSS-LoRa SX1278 (Ra-02),200.0,29,1787960201.4498,-125.0,-22.0,False,,DEGRADED_COMMUNICATION,True
4030,BURST_LOSS_SHADOW,CONTROLLED_SOFTWARE_INJECTION,CSS-LoRa SX1278 (Ra-02),200.0,30,1787960201.4998,-125.0,-22.0,False,,DEGRADED_COMMUNICATION,True
4031,BURST_LOSS_SHADOW,CONTROLLED_SOFTWARE_INJECTION,CSS-LoRa SX1278 (Ra-02),200.0,31,1787960201.5498,-125.0,-22.0,False,,DEGRADED_COMMUNICATION,True
4032,BURST_LOSS_SHADOW,CONTROLLED_SOFTWARE_INJECTION,CSS-LoRa SX1278 (Ra-02),200.0,32,1787960201.5998,-125.0,-22.0,False,,DEGRADED_COMMUNICATION,True
4033,BURST_LOSS_SHADOW,CONTROLLED_SOFTWARE_INJECTION,CSS-LoRa SX1278 (Ra-02),200.0,33,1787960201.6498,-125.0,-22.0,False,,DEGRADED_COMMUNICATION,True
4034,BURST_LOSS_SHADOW,CONTROLLED_SOFTWARE_INJECTION,CSS-LoRa SX1278 (Ra-02),200.0,34,1787960201.6998,-125.0,-22.0,False,,DEGRADED_COMMUNICATION,True
4035,BURST_LOSS_SHADOW,CONTROLLED_SOFTWARE_INJECTION,CSS-LoRa SX1278 (Ra-02),200.0,35,1787960201.7498,-125.0,-22.0,False,,DEGRADED_COMMUNICATION,True
4036,BURST_LOSS_SHADOW,CONTROLLED_SOFTWARE_INJECTION,CSS-LoRa SX1278 (Ra-02),200.0,36,1787960201.7998,-125.0,-22.0,False,,DEGRADED_COMMUNICATION,True
4037,BURST_LOSS_SHADOW,CONTROLLED_SOFTWARE_INJECTION,CSS-LoRa SX1278 (Ra-02),200.0,37,1787960201.8498,-125.0,-22.0,False,,DEGRADED_COMMUNICATION,True
4038,BURST_LOSS_SHADOW,CONTROLLED_SOFTWARE_INJECTION,CSS-LoRa SX1278 (Ra-02),200.0,38,1787960201.8998,-125.0,-22.0,False,,DEGRADED_COMMUNICATION,True
4039,BURST_LOSS_SHADOW,CONTROLLED_SOFTWARE_INJECTION,CSS-LoRa SX1278 (Ra-02),200.0,39,1787960201.9498,-125.0,-22.0,False,,DEGRADED_COMMUNICATION,True
4040,BURST_LOSS_SHADOW,CONTROLLED_SOFTWARE_INJECTION,CSS-LoRa SX1278 (Ra-02),200.0,40,1787960201.9998,-125.0,-22.0,False,,DEGRADED_COMMUNICATION,True
4041,BURST_LOSS_SHADOW,CONTROLLED_SOFTWARE_INJECTION,CSS-LoRa SX1278 (Ra-02),200.0,41,1787960202.0498,-125.0,-22.0,False,,DEGRADED_COMMUNICATION,True
4042,BURST_LOSS_SHADOW,CONTROLLED_SOFTWARE_INJECTION,CSS-LoRa SX1278 (Ra-02),200.0,42,1787960202.0998,-125.0,-22.0,False,,DEGRADED_COMMUNICATION,True
4043,BURST_LOSS_SHADOW,CONTROLLED_SOFTWARE_INJECTION,CSS-LoRa SX1278 (Ra-02),200.0,43,1787960202.1498,-125.0,-22.0,False,,DEGRADED_COMMUNICATION,True
4044,BURST_LOSS_SHADOW,CONTROLLED_SOFTWARE_INJECTION,CSS-LoRa SX1278 (Ra-02),200.0,44,1787960202.1998,-125.0,-22.0,False,,DEGRADED_COMMUNICATION,True
4045,BURST_LOSS_SHADOW,CONTROLLED_SOFTWARE_INJECTION,CSS-LoRa SX1278 (Ra-02),200.0,45,1787960202.2498,-125.0,-22.0,False,,DEGRADED_COMMUNICATION,True
4046,BURST_LOSS_SHADOW,CONTROLLED_SOFTWARE_INJECTION,CSS-LoRa SX1278 (Ra-02),200.0,46,1787960202.2998,-125.0,-22.0,False,,DEGRADED_COMMUNICATION,True
4047,BURST_LOSS_SHADOW,CONTROLLED_SOFTWARE_INJECTION,CSS-LoRa SX1278 (Ra-02),200.0,47,1787960202.3498,-125.0,-22.0,False,,DEGRADED_COMMUNICATION,True
4048,BURST_LOSS_SHADOW,CONTROLLED_SOFTWARE_INJECTION,CSS-LoRa SX1278 (Ra-02),200.0,48,1787960202.3998,-125.0,-22.0,False,,DEGRADED_COMMUNICATION,True
4049,BURST_LOSS_SHADOW,CONTROLLED_SOFTWARE_INJECTION,CSS-LoRa SX1278 (Ra-02),200.0,49,1787960202.4498,-125.0,-22.0,False,,DEGRADED_COMMUNICATION,True
4050,BURST_LOSS_SHADOW,CONTROLLED_SOFTWARE_INJECTION,CSS-LoRa SX1278 (Ra-02),200.0,50,1787960202.4998,-125.0,-22.0,False,,DEGRADED_COMMUNICATION,True
4051,BURST_LOSS_SHADOW,CONTROLLED_SOFTWARE_INJECTION,CSS-LoRa SX1278 (Ra-02),200.0,51,1787960202.5498,-125.0,-22.0,False,,DEGRADED_COMMUNICATION,True
4052,BURST_LOSS_SHADOW,CONTROLLED_SOFTWARE_INJECTION,CSS-LoRa SX1278 (Ra-02),200.0,52,1787960202.5998,-125.0,-22.0,False,,DEGRADED_COMMUNICATION,True
4053,BURST_LOSS_SHADOW,CONTROLLED_SOFTWARE_INJECTION,CSS-LoRa SX1278 (Ra-02),200.0,53,1787960202.6498,-125.0,-22.0,False,,DEGRADED_COMMUNICATION,True
4054,BURST_LOSS_SHADOW,CONTROLLED_SOFTWARE_INJECTION,CSS-LoRa SX1278 (Ra-02),200.0,54,1787960202.6998,-125.0,-22.0,False,,DEGRADED_COMMUNICATION,True
4055,BURST_LOSS_SHADOW,CONTROLLED_SOFTWARE_INJECTION,CSS-LoRa SX1278 (Ra-02),200.0,55,1787960202.7498,-125.0,-22.0,False,,DEGRADED_COMMUNICATION,True
4056,BURST_LOSS_SHADOW,CONTROLLED_SOFTWARE_INJECTION,CSS-LoRa SX1278 (Ra-02),200.0,56,1787960202.7998,-125.0,-22.0,False,,DEGRADED_COMMUNICATION,True
4057,BURST_LOSS_SHADOW,CONTROLLED_SOFTWARE_INJECTION,CSS-LoRa SX1278 (Ra-02),200.0,57,1787960202.8498,-125.0,-22.0,False,,DEGRADED_COMMUNICATION,True
4058,BURST_LOSS_SHADOW,CONTROLLED_SOFTWARE_INJECTION,CSS-LoRa SX1278 (Ra-02),200.0,58,1787960202.8998,-125.0,-22.0,False,,DEGRADED_COMMUNICATION,True
4059,BURST_LOSS_SHADOW,CONTROLLED_SOFTWARE_INJECTION,CSS-LoRa SX1278 (Ra-02),200.0,59,1787960202.9498,-125.0,-22.0,False,,DEGRADED_COMMUNICATION,True
4060,BURST_LOSS_SHADOW,CONTROLLED_SOFTWARE_INJECTION,CSS-LoRa SX1278 (Ra-02),200.0,60,1787960202.9998,-125.0,-22.0,False,,DEGRADED_COMMUNICATION,True
4061,BURST_LOSS_SHADOW,CONTROLLED_SOFTWARE_INJECTION,CSS-LoRa SX1278 (Ra-02),200.0,61,1787960203.0498,-125.0,-22.0,False,,DEGRADED_COMMUNICATION,True
4062,BURST_LOSS_SHADOW,CONTROLLED_SOFTWARE_INJECTION,CSS-LoRa SX1278 (Ra-02),200.0,62,1787960203.0998,-125.0,-22.0,False,,DEGRADED_COMMUNICATION,True
4063,BURST_LOSS_SHADOW,CONTROLLED_SOFTWARE_INJECTION,CSS-LoRa SX1278 (Ra-02),200.0,63,1787960203.1498,-125.0,-22.0,False,,DEGRADED_COMMUNICATION,True
4064,BURST_LOSS_SHADOW,CONTROLLED_SOFTWARE_INJECTION,CSS-LoRa SX1278 (Ra-02),200.0,64,1787960203.1998,-90.78,0.95,True,25.0,DEGRADED_COMMUNICATION,True
4065,BURST_LOSS_SHADOW,CONTROLLED_SOFTWARE_INJECTION,CSS-LoRa SX1278 (Ra-02),200.0,65,1787960203.2498,-125.0,-22.0,False,,DEGRADED_COMMUNICATION,True
4066,BURST_LOSS_SHADOW,CONTROLLED_SOFTWARE_INJECTION,CSS-LoRa SX1278 (Ra-02),200.0,66,1787960203.2998,-125.0,-22.0,False,,DEGRADED_COMMUNICATION,True
4067,BURST_LOSS_SHADOW,CONTROLLED_SOFTWARE_INJECTION,CSS-LoRa SX1278 (Ra-02),200.0,67,1787960203.3498,-125.0,-22.0,False,,DEGRADED_COMMUNICATION,True
4068,BURST_LOSS_SHADOW,CONTROLLED_SOFTWARE_INJECTION,CSS-LoRa SX1278 (Ra-02),200.0,68,1787960203.3998,-125.0,-22.0,False,,DEGRADED_COMMUNICATION,True
4069,BURST_LOSS_SHADOW,CONTROLLED_SOFTWARE_INJECTION,CSS-LoRa SX1278 (Ra-02),200.0,69,1787960203.4498,-125.0,-22.0,False,,DEGRADED_COMMUNICATION,True
4070,BURST_LOSS_SHADOW,CONTROLLED_SOFTWARE_INJECTION,CSS-LoRa SX1278 (Ra-02),200.0,70,1787960203.4998,-125.0,-22.0,False,,DEGRADED_COMMUNICATION,True
4071,BURST_LOSS_SHADOW,CONTROLLED_SOFTWARE_INJECTION,CSS-LoRa SX1278 (Ra-02),200.0,71,1787960203.5498,-125.0,-22.0,False,,DEGRADED_COMMUNICATION,True
4072,BURST_LOSS_SHADOW,CONTROLLED_SOFTWARE_INJECTION,CSS-LoRa SX1278 (Ra-02),200.0,72,1787960203.5998,-125.0,-22.0,False,,DEGRADED_COMMUNICATION,True
4073,BURST_LOSS_SHADOW,CONTROLLED_SOFTWARE_INJECTION,CSS-LoRa SX1278 (Ra-02),200.0,73,1787960203.6498,-125.0,-22.0,False,,DEGRADED_COMMUNICATION,True
4074,BURST_LOSS_SHADOW,CONTROLLED_SOFTWARE_INJECTION,CSS-LoRa SX1278 (Ra-02),200.0,74,1787960203.6998,-125.0,-22.0,False,,DEGRADED_COMMUNICATION,True
4075,BURST_LOSS_SHADOW,CONTROLLED_SOFTWARE_INJECTION,CSS-LoRa SX1278 (Ra-02),200.0,75,1787960203.7498,-125.0,-22.0,False,,DEGRADED_COMMUNICATION,True
4076,BURST_LOSS_SHADOW,CONTROLLED_SOFTWARE_INJECTION,CSS-LoRa SX1278 (Ra-02),200.0,76,1787960203.7998,-125.0,-22.0,False,,DEGRADED_COMMUNICATION,True
4077,BURST_LOSS_SHADOW,CONTROLLED_SOFTWARE_INJECTION,CSS-LoRa SX1278 (Ra-02),200.0,77,1787960203.8498,-125.0,-22.0,False,,DEGRADED_COMMUNICATION,True
4078,BURST_LOSS_SHADOW,CONTROLLED_SOFTWARE_INJECTION,CSS-LoRa SX1278 (Ra-02),200.0,78,1787960203.8998,-125.0,-22.0,False,,DEGRADED_COMMUNICATION,True
4079,BURST_LOSS_SHADOW,CONTROLLED_SOFTWARE_INJECTION,CSS-LoRa SX1278 (Ra-02),200.0,79,1787960203.9498,-125.0,-22.0,False,,DEGRADED_COMMUNICATION,True
4080,BURST_LOSS_SHADOW,CONTROLLED_SOFTWARE_INJECTION,CSS-LoRa SX1278 (Ra-02),200.0,80,1787960203.9998,-125.0,-22.0,False,,DEGRADED_COMMUNICATION,True
4081,BURST_LOSS_SHADOW,CONTROLLED_SOFTWARE_INJECTION,CSS-LoRa SX1278 (Ra-02),200.0,81,1787960204.0498,-125.0,-22.0,False,,DEGRADED_COMMUNICATION,True
4082,BURST_LOSS_SHADOW,CONTROLLED_SOFTWARE_INJECTION,CSS-LoRa SX1278 (Ra-02),200.0,82,1787960204.0998,-125.0,-22.0,False,,DEGRADED_COMMUNICATION,True
4083,BURST_LOSS_SHADOW,CONTROLLED_SOFTWARE_INJECTION,CSS-LoRa SX1278 (Ra-02),200.0,83,1787960204.1498,-125.0,-22.0,False,,DEGRADED_COMMUNICATION,True
4084,BURST_LOSS_SHADOW,CONTROLLED_SOFTWARE_INJECTION,CSS-LoRa SX1278 (Ra-02),200.0,84,1787960204.1998,-125.0,-22.0,False,,DEGRADED_COMMUNICATION,True
4085,BURST_LOSS_SHADOW,CONTROLLED_SOFTWARE_INJECTION,CSS-LoRa SX1278 (Ra-02),200.0,85,1787960204.2498,-125.0,-22.0,False,,DEGRADED_COMMUNICATION,True
4086,BURST_LOSS_SHADOW,CONTROLLED_SOFTWARE_INJECTION,CSS-LoRa SX1278 (Ra-02),200.0,86,1787960204.2998,-125.0,-22.0,False,,DEGRADED_COMMUNICATION,True
4087,BURST_LOSS_SHADOW,CONTROLLED_SOFTWARE_INJECTION,CSS-LoRa SX1278 (Ra-02),200.0,87,1787960204.3498,-125.0,-22.0,False,,DEGRADED_COMMUNICATION,True
4088,BURST_LOSS_SHADOW,CONTROLLED_SOFTWARE_INJECTION,CSS-LoRa SX1278 (Ra-02),200.0,88,1787960204.3998,-125.0,-22.0,False,,DEGRADED_COMMUNICATION,True
4089,BURST_LOSS_SHADOW,CONTROLLED_SOFTWARE_INJECTION,CSS-LoRa SX1278 (Ra-02),200.0,89,1787960204.4498,-125.0,-22.0,False,,DEGRADED_COMMUNICATION,True
4090,BURST_LOSS_SHADOW,CONTROLLED_SOFTWARE_INJECTION,CSS-LoRa SX1278 (Ra-02),200.0,90,1787960204.4998,-125.0,-22.0,False,,DEGRADED_COMMUNICATION,True
4091,BURST_LOSS_SHADOW,CONTROLLED_SOFTWARE_INJECTION,CSS-LoRa SX1278 (Ra-02),200.0,91,1787960204.5498,-125.0,-22.0,False,,DEGRADED_COMMUNICATION,True
4092,BURST_LOSS_SHADOW,CONTROLLED_SOFTWARE_INJECTION,CSS-LoRa SX1278 (Ra-02),200.0,92,1787960204.5998,-125.0,-22.0,False,,DEGRADED_COMMUNICATION,True
4093,BURST_LOSS_SHADOW,CONTROLLED_SOFTWARE_INJECTION,CSS-LoRa SX1278 (Ra-02),200.0,93,1787960204.6498,-125.0,-22.0,False,,DEGRADED_COMMUNICATION,True
4094,BURST_LOSS_SHADOW,CONTROLLED_SOFTWARE_INJECTION,CSS-LoRa SX1278 (Ra-02),200.0,94,1787960204.6998,-125.0,-22.0,False,,DEGRADED_COMMUNICATION,True
4095,BURST_LOSS_SHADOW,CONTROLLED_SOFTWARE_INJECTION,CSS-LoRa SX1278 (Ra-02),200.0,95,1787960204.7498,-125.0,-22.0,False,,DEGRADED_COMMUNICATION,True
4096,BURST_LOSS_SHADOW,CONTROLLED_SOFTWARE_INJECTION,CSS-LoRa SX1278 (Ra-02),200.0,96,1787960204.7998,-125.0,-22.0,False,,DEGRADED_COMMUNICATION,True
4097,BURST_LOSS_SHADOW,CONTROLLED_SOFTWARE_INJECTION,CSS-LoRa SX1278 (Ra-02),200.0,97,1787960204.8498,-125.0,-22.0,False,,DEGRADED_COMMUNICATION,True
4098,BURST_LOSS_SHADOW,CONTROLLED_SOFTWARE_INJECTION,CSS-LoRa SX1278 (Ra-02),200.0,98,1787960204.8998,-125.0,-22.0,False,,DEGRADED_COMMUNICATION,True
4099,BURST_LOSS_SHADOW,CONTROLLED_SOFTWARE_INJECTION,CSS-LoRa SX1278 (Ra-02),200.0,99,1787960204.9498,-125.0,-22.0,False,,DEGRADED_COMMUNICATION,True
4100,BURST_LOSS_SHADOW,CONTROLLED_SOFTWARE_INJECTION,CSS-LoRa SX1278 (Ra-02),200.0,100,1787960204.9998,-87.36,1.27,True,23.87,DEGRADED_COMMUNICATION,True
4101,BURST_LOSS_SHADOW,CONTROLLED_SOFTWARE_INJECTION,CSS-LoRa SX1278 (Ra-02),200.0,101,1787960205.0498,-125.0,-22.0,False,,DEGRADED_COMMUNICATION,True
4102,BURST_LOSS_SHADOW,CONTROLLED_SOFTWARE_INJECTION,CSS-LoRa SX1278 (Ra-02),200.0,102,1787960205.0998,-125.0,-22.0,False,,DEGRADED_COMMUNICATION,True
4103,BURST_LOSS_SHADOW,CONTROLLED_SOFTWARE_INJECTION,CSS-LoRa SX1278 (Ra-02),200.0,103,1787960205.1498,-125.0,-22.0,False,,DEGRADED_COMMUNICATION,True
4104,BURST_LOSS_SHADOW,CONTROLLED_SOFTWARE_INJECTION,CSS-LoRa SX1278 (Ra-02),200.0,104,1787960205.1998,-125.0,-22.0,False,,DEGRADED_COMMUNICATION,True
4105,BURST_LOSS_SHADOW,CONTROLLED_SOFTWARE_INJECTION,CSS-LoRa SX1278 (Ra-02),200.0,105,1787960205.2498,-125.0,-22.0,False,,DEGRADED_COMMUNICATION,True
4106,BURST_LOSS_SHADOW,CONTROLLED_SOFTWARE_INJECTION,CSS-LoRa SX1278 (Ra-02),200.0,106,1787960205.2998,-125.0,-22.0,False,,DEGRADED_COMMUNICATION,True
4107,BURST_LOSS_SHADOW,CONTROLLED_SOFTWARE_INJECTION,CSS-LoRa SX1278 (Ra-02),200.0,107,1787960205.3498,-125.0,-22.0,False,,DEGRADED_COMMUNICATION,True
4108,BURST_LOSS_SHADOW,CONTROLLED_SOFTWARE_INJECTION,CSS-LoRa SX1278 (Ra-02),200.0,108,1787960205.3998,-125.0,-22.0,False,,DEGRADED_COMMUNICATION,True
4109,BURST_LOSS_SHADOW,CONTROLLED_SOFTWARE_INJECTION,CSS-LoRa SX1278 (Ra-02),200.0,109,1787960205.4498,-125.0,-22.0,False,,DEGRADED_COMMUNICATION,True
4110,BURST_LOSS_SHADOW,CONTROLLED_SOFTWARE_INJECTION,CSS-LoRa SX1278 (Ra-02),200.0,110,1787960205.4998,-125.0,-22.0,False,,DEGRADED_COMMUNICATION,True
4111,BURST_LOSS_SHADOW,CONTROLLED_SOFTWARE_INJECTION,CSS-LoRa SX1278 (Ra-02),200.0,111,1787960205.5498,-125.0,-22.0,False,,DEGRADED_COMMUNICATION,True
4112,BURST_LOSS_SHADOW,CONTROLLED_SOFTWARE_INJECTION,CSS-LoRa SX1278 (Ra-02),200.0,112,1787960205.5998,-125.0,-22.0,False,,DEGRADED_COMMUNICATION,True
4113,BURST_LOSS_SHADOW,CONTROLLED_SOFTWARE_INJECTION,CSS-LoRa SX1278 (Ra-02),200.0,113,1787960205.6498,-125.0,-22.0,False,,DEGRADED_COMMUNICATION,True
4114,BURST_LOSS_SHADOW,CONTROLLED_SOFTWARE_INJECTION,CSS-LoRa SX1278 (Ra-02),200.0,114,1787960205.6998,-125.0,-22.0,False,,DEGRADED_COMMUNICATION,True
4115,BURST_LOSS_SHADOW,CONTROLLED_SOFTWARE_INJECTION,CSS-LoRa SX1278 (Ra-02),200.0,115,1787960205.7498,-125.0,-22.0,False,,DEGRADED_COMMUNICATION,True
4116,BURST_LOSS_SHADOW,CONTROLLED_SOFTWARE_INJECTION,CSS-LoRa SX1278 (Ra-02),200.0,116,1787960205.7998,-125.0,-22.0,False,,DEGRADED_COMMUNICATION,True
4117,BURST_LOSS_SHADOW,CONTROLLED_SOFTWARE_INJECTION,CSS-LoRa SX1278 (Ra-02),200.0,117,1787960205.8498,-125.0,-22.0,False,,DEGRADED_COMMUNICATION,True
4118,BURST_LOSS_SHADOW,CONTROLLED_SOFTWARE_INJECTION,CSS-LoRa SX1278 (Ra-02),200.0,118,1787960205.8998,-125.0,-22.0,False,,DEGRADED_COMMUNICATION,True
4119,BURST_LOSS_SHADOW,CONTROLLED_SOFTWARE_INJECTION,CSS-LoRa SX1278 (Ra-02),200.0,119,1787960205.9498,-125.0,-22.0,False,,DEGRADED_COMMUNICATION,True
4120,BURST_LOSS_SHADOW,CONTROLLED_SOFTWARE_INJECTION,CSS-LoRa SX1278 (Ra-02),200.0,120,1787960205.9998,-125.0,-22.0,False,,DEGRADED_COMMUNICATION,True
4121,BURST_LOSS_SHADOW,CONTROLLED_SOFTWARE_INJECTION,CSS-LoRa SX1278 (Ra-02),200.0,121,1787960206.0498,-125.0,-22.0,False,,DEGRADED_COMMUNICATION,True
4122,BURST_LOSS_SHADOW,CONTROLLED_SOFTWARE_INJECTION,CSS-LoRa SX1278 (Ra-02),200.0,122,1787960206.0998,-125.0,-22.0,False,,DEGRADED_COMMUNICATION,True
4123,BURST_LOSS_SHADOW,CONTROLLED_SOFTWARE_INJECTION,CSS-LoRa SX1278 (Ra-02),200.0,123,1787960206.1498,-125.0,-22.0,False,,DEGRADED_COMMUNICATION,True
4124,BURST_LOSS_SHADOW,CONTROLLED_SOFTWARE_INJECTION,CSS-LoRa SX1278 (Ra-02),200.0,124,1787960206.1998,-125.0,-22.0,False,,DEGRADED_COMMUNICATION,True
4125,BURST_LOSS_SHADOW,CONTROLLED_SOFTWARE_INJECTION,CSS-LoRa SX1278 (Ra-02),200.0,125,1787960206.2498,-125.0,-22.0,False,,DEGRADED_COMMUNICATION,True
4126,BURST_LOSS_SHADOW,CONTROLLED_SOFTWARE_INJECTION,CSS-LoRa SX1278 (Ra-02),200.0,126,1787960206.2998,-125.0,-22.0,False,,DEGRADED_COMMUNICATION,True
4127,BURST_LOSS_SHADOW,CONTROLLED_SOFTWARE_INJECTION,CSS-LoRa SX1278 (Ra-02),200.0,127,1787960206.3498,-125.0,-22.0,False,,DEGRADED_COMMUNICATION,True
4128,BURST_LOSS_SHADOW,CONTROLLED_SOFTWARE_INJECTION,CSS-LoRa SX1278 (Ra-02),200.0,128,1787960206.3998,-125.0,-22.0,False,,DEGRADED_COMMUNICATION,True
4129,BURST_LOSS_SHADOW,CONTROLLED_SOFTWARE_INJECTION,CSS-LoRa SX1278 (Ra-02),200.0,129,1787960206.4498,-125.0,-22.0,False,,DEGRADED_COMMUNICATION,True
4130,BURST_LOSS_SHADOW,CONTROLLED_SOFTWARE_INJECTION,CSS-LoRa SX1278 (Ra-02),200.0,130,1787960206.4998,-125.0,-22.0,False,,DEGRADED_COMMUNICATION,True
4131,BURST_LOSS_SHADOW,CONTROLLED_SOFTWARE_INJECTION,CSS-LoRa SX1278 (Ra-02),200.0,131,1787960206.5498,-125.0,-22.0,False,,DEGRADED_COMMUNICATION,True
4132,BURST_LOSS_SHADOW,CONTROLLED_SOFTWARE_INJECTION,CSS-LoRa SX1278 (Ra-02),200.0,132,1787960206.5998,-125.0,-22.0,False,,DEGRADED_COMMUNICATION,True
4133,BURST_LOSS_SHADOW,CONTROLLED_SOFTWARE_INJECTION,CSS-LoRa SX1278 (Ra-02),200.0,133,1787960206.6498,-125.0,-22.0,False,,DEGRADED_COMMUNICATION,True
4134,BURST_LOSS_SHADOW,CONTROLLED_SOFTWARE_INJECTION,CSS-LoRa SX1278 (Ra-02),200.0,134,1787960206.6998,-125.0,-22.0,False,,DEGRADED_COMMUNICATION,True
4135,BURST_LOSS_SHADOW,CONTROLLED_SOFTWARE_INJECTION,CSS-LoRa SX1278 (Ra-02),200.0,135,1787960206.7498,-125.0,-22.0,False,,DEGRADED_COMMUNICATION,True
4136,BURST_LOSS_SHADOW,CONTROLLED_SOFTWARE_INJECTION,CSS-LoRa SX1278 (Ra-02),200.0,136,1787960206.7998,-125.0,-22.0,False,,DEGRADED_COMMUNICATION,True
4137,BURST_LOSS_SHADOW,CONTROLLED_SOFTWARE_INJECTION,CSS-LoRa SX1278 (Ra-02),200.0,137,1787960206.8498,-125.0,-22.0,False,,DEGRADED_COMMUNICATION,True
4138,BURST_LOSS_SHADOW,CONTROLLED_SOFTWARE_INJECTION,CSS-LoRa SX1278 (Ra-02),200.0,138,1787960206.8998,-84.27,1.06,True,23.09,DEGRADED_COMMUNICATION,True
4139,BURST_LOSS_SHADOW,CONTROLLED_SOFTWARE_INJECTION,CSS-LoRa SX1278 (Ra-02),200.0,139,1787960206.9498,-125.0,-22.0,False,,DEGRADED_COMMUNICATION,True
4140,BURST_LOSS_SHADOW,CONTROLLED_SOFTWARE_INJECTION,CSS-LoRa SX1278 (Ra-02),200.0,140,1787960206.9998,-125.0,-22.0,False,,DEGRADED_COMMUNICATION,True
4141,BURST_LOSS_SHADOW,CONTROLLED_SOFTWARE_INJECTION,CSS-LoRa SX1278 (Ra-02),200.0,141,1787960207.0498,-125.0,-22.0,False,,DEGRADED_COMMUNICATION,True
4142,BURST_LOSS_SHADOW,CONTROLLED_SOFTWARE_INJECTION,CSS-LoRa SX1278 (Ra-02),200.0,142,1787960207.0998,-88.55,1.27,True,24.38,DEGRADED_COMMUNICATION,True
4143,BURST_LOSS_SHADOW,CONTROLLED_SOFTWARE_INJECTION,CSS-LoRa SX1278 (Ra-02),200.0,143,1787960207.1498,-125.0,-22.0,False,,DEGRADED_COMMUNICATION,True
4144,BURST_LOSS_SHADOW,CONTROLLED_SOFTWARE_INJECTION,CSS-LoRa SX1278 (Ra-02),200.0,144,1787960207.1998,-125.0,-22.0,False,,DEGRADED_COMMUNICATION,True
4145,BURST_LOSS_SHADOW,CONTROLLED_SOFTWARE_INJECTION,CSS-LoRa SX1278 (Ra-02),200.0,145,1787960207.2498,-125.0,-22.0,False,,DEGRADED_COMMUNICATION,True
4146,BURST_LOSS_SHADOW,CONTROLLED_SOFTWARE_INJECTION,CSS-LoRa SX1278 (Ra-02),200.0,146,1787960207.2998,-125.0,-22.0,False,,DEGRADED_COMMUNICATION,True
4147,BURST_LOSS_SHADOW,CONTROLLED_SOFTWARE_INJECTION,CSS-LoRa SX1278 (Ra-02),200.0,147,1787960207.3498,-125.0,-22.0,False,,DEGRADED_COMMUNICATION,True
4148,BURST_LOSS_SHADOW,CONTROLLED_SOFTWARE_INJECTION,CSS-LoRa SX1278 (Ra-02),200.0,148,1787960207.3998,-125.0,-22.0,False,,DEGRADED_COMMUNICATION,True
4149,BURST_LOSS_SHADOW,CONTROLLED_SOFTWARE_INJECTION,CSS-LoRa SX1278 (Ra-02),200.0,149,1787960207.4498,-125.0,-22.0,False,,DEGRADED_COMMUNICATION,True
4150,BURST_LOSS_SHADOW,CONTROLLED_SOFTWARE_INJECTION,CSS-LoRa SX1278 (Ra-02),200.0,150,1787960207.4998,-125.0,-22.0,False,,DEGRADED_COMMUNICATION,True
4151,BURST_LOSS_SHADOW,CONTROLLED_SOFTWARE_INJECTION,CSS-LoRa SX1278 (Ra-02),200.0,151,1787960207.5498,-125.0,-22.0,False,,DEGRADED_COMMUNICATION,True
4152,BURST_LOSS_SHADOW,CONTROLLED_SOFTWARE_INJECTION,CSS-LoRa SX1278 (Ra-02),200.0,152,1787960207.5998,-125.0,-22.0,False,,DEGRADED_COMMUNICATION,True
4153,BURST_LOSS_SHADOW,CONTROLLED_SOFTWARE_INJECTION,CSS-LoRa SX1278 (Ra-02),200.0,153,1787960207.6498,-125.0,-22.0,False,,DEGRADED_COMMUNICATION,True
4154,BURST_LOSS_SHADOW,CONTROLLED_SOFTWARE_INJECTION,CSS-LoRa SX1278 (Ra-02),200.0,154,1787960207.6998,-125.0,-22.0,False,,DEGRADED_COMMUNICATION,True
4155,BURST_LOSS_SHADOW,CONTROLLED_SOFTWARE_INJECTION,CSS-LoRa SX1278 (Ra-02),200.0,155,1787960207.7498,-125.0,-22.0,False,,DEGRADED_COMMUNICATION,True
4156,BURST_LOSS_SHADOW,CONTROLLED_SOFTWARE_INJECTION,CSS-LoRa SX1278 (Ra-02),200.0,156,1787960207.7998,-125.0,-22.0,False,,DEGRADED_COMMUNICATION,True
4157,BURST_LOSS_SHADOW,CONTROLLED_SOFTWARE_INJECTION,CSS-LoRa SX1278 (Ra-02),200.0,157,1787960207.8498,-125.0,-22.0,False,,DEGRADED_COMMUNICATION,True
4158,BURST_LOSS_SHADOW,CONTROLLED_SOFTWARE_INJECTION,CSS-LoRa SX1278 (Ra-02),200.0,158,1787960207.8998,-125.0,-22.0,False,,DEGRADED_COMMUNICATION,True
4159,BURST_LOSS_SHADOW,CONTROLLED_SOFTWARE_INJECTION,CSS-LoRa SX1278 (Ra-02),200.0,159,1787960207.9498,-125.0,-22.0,False,,DEGRADED_COMMUNICATION,True
4160,BURST_LOSS_SHADOW,CONTROLLED_SOFTWARE_INJECTION,CSS-LoRa SX1278 (Ra-02),200.0,160,1787960207.9998,-125.0,-22.0,False,,DEGRADED_COMMUNICATION,True
4161,BURST_LOSS_SHADOW,CONTROLLED_SOFTWARE_INJECTION,CSS-LoRa SX1278 (Ra-02),200.0,161,1787960208.0498,-125.0,-22.0,False,,DEGRADED_COMMUNICATION,True
4162,BURST_LOSS_SHADOW,CONTROLLED_SOFTWARE_INJECTION,CSS-LoRa SX1278 (Ra-02),200.0,162,1787960208.0998,-125.0,-22.0,False,,DEGRADED_COMMUNICATION,True
4163,BURST_LOSS_SHADOW,CONTROLLED_SOFTWARE_INJECTION,CSS-LoRa SX1278 (Ra-02),200.0,163,1787960208.1498,-125.0,-22.0,False,,DEGRADED_COMMUNICATION,True
4164,BURST_LOSS_SHADOW,CONTROLLED_SOFTWARE_INJECTION,CSS-LoRa SX1278 (Ra-02),200.0,164,1787960208.1998,-125.0,-22.0,False,,DEGRADED_COMMUNICATION,True
4165,BURST_LOSS_SHADOW,CONTROLLED_SOFTWARE_INJECTION,CSS-LoRa SX1278 (Ra-02),200.0,165,1787960208.2498,-125.0,-22.0,False,,DEGRADED_COMMUNICATION,True
4166,BURST_LOSS_SHADOW,CONTROLLED_SOFTWARE_INJECTION,CSS-LoRa SX1278 (Ra-02),200.0,166,1787960208.2998,-125.0,-22.0,False,,DEGRADED_COMMUNICATION,True
4167,BURST_LOSS_SHADOW,CONTROLLED_SOFTWARE_INJECTION,CSS-LoRa SX1278 (Ra-02),200.0,167,1787960208.3498,-125.0,-22.0,False,,DEGRADED_COMMUNICATION,True
4168,BURST_LOSS_SHADOW,CONTROLLED_SOFTWARE_INJECTION,CSS-LoRa SX1278 (Ra-02),200.0,168,1787960208.3998,-125.0,-22.0,False,,DEGRADED_COMMUNICATION,True
4169,BURST_LOSS_SHADOW,CONTROLLED_SOFTWARE_INJECTION,CSS-LoRa SX1278 (Ra-02),200.0,169,1787960208.4498,-125.0,-22.0,False,,DEGRADED_COMMUNICATION,True
4170,BURST_LOSS_SHADOW,CONTROLLED_SOFTWARE_INJECTION,CSS-LoRa SX1278 (Ra-02),200.0,170,1787960208.4998,-125.0,-22.0,False,,DEGRADED_COMMUNICATION,True
4171,BURST_LOSS_SHADOW,CONTROLLED_SOFTWARE_INJECTION,CSS-LoRa SX1278 (Ra-02),200.0,171,1787960208.5498,-125.0,-22.0,False,,DEGRADED_COMMUNICATION,True
4172,BURST_LOSS_SHADOW,CONTROLLED_SOFTWARE_INJECTION,CSS-LoRa SX1278 (Ra-02),200.0,172,1787960208.5998,-125.0,-22.0,False,,DEGRADED_COMMUNICATION,True
4173,BURST_LOSS_SHADOW,CONTROLLED_SOFTWARE_INJECTION,CSS-LoRa SX1278 (Ra-02),200.0,173,1787960208.6498,-125.0,-22.0,False,,DEGRADED_COMMUNICATION,True
4174,BURST_LOSS_SHADOW,CONTROLLED_SOFTWARE_INJECTION,CSS-LoRa SX1278 (Ra-02),200.0,174,1787960208.6998,-125.0,-22.0,False,,DEGRADED_COMMUNICATION,True
4175,BURST_LOSS_SHADOW,CONTROLLED_SOFTWARE_INJECTION,CSS-LoRa SX1278 (Ra-02),200.0,175,1787960208.7498,-125.0,-22.0,False,,DEGRADED_COMMUNICATION,True
4176,BURST_LOSS_SHADOW,CONTROLLED_SOFTWARE_INJECTION,CSS-LoRa SX1278 (Ra-02),200.0,176,1787960208.7998,-125.0,-22.0,False,,DEGRADED_COMMUNICATION,True
4177,BURST_LOSS_SHADOW,CONTROLLED_SOFTWARE_INJECTION,CSS-LoRa SX1278 (Ra-02),200.0,177,1787960208.8498,-87.43,2.64,True,22.81,DEGRADED_COMMUNICATION,True
4178,BURST_LOSS_SHADOW,CONTROLLED_SOFTWARE_INJECTION,CSS-LoRa SX1278 (Ra-02),200.0,178,1787960208.8998,-125.0,-22.0,False,,DEGRADED_COMMUNICATION,True
4179,BURST_LOSS_SHADOW,CONTROLLED_SOFTWARE_INJECTION,CSS-LoRa SX1278 (Ra-02),200.0,179,1787960208.9498,-125.0,-22.0,False,,DEGRADED_COMMUNICATION,True
4180,BURST_LOSS_SHADOW,CONTROLLED_SOFTWARE_INJECTION,CSS-LoRa SX1278 (Ra-02),200.0,180,1787960208.9998,-125.0,-22.0,False,,DEGRADED_COMMUNICATION,True
4181,BURST_LOSS_SHADOW,CONTROLLED_SOFTWARE_INJECTION,CSS-LoRa SX1278 (Ra-02),200.0,181,1787960209.0498,-125.0,-22.0,False,,DEGRADED_COMMUNICATION,True
4182,BURST_LOSS_SHADOW,CONTROLLED_SOFTWARE_INJECTION,CSS-LoRa SX1278 (Ra-02),200.0,182,1787960209.0998,-125.0,-22.0,False,,DEGRADED_COMMUNICATION,True
4183,BURST_LOSS_SHADOW,CONTROLLED_SOFTWARE_INJECTION,CSS-LoRa SX1278 (Ra-02),200.0,183,1787960209.1498,-125.0,-22.0,False,,DEGRADED_COMMUNICATION,True
4184,BURST_LOSS_SHADOW,CONTROLLED_SOFTWARE_INJECTION,CSS-LoRa SX1278 (Ra-02),200.0,184,1787960209.1998,-125.0,-22.0,False,,DEGRADED_COMMUNICATION,True
4185,BURST_LOSS_SHADOW,CONTROLLED_SOFTWARE_INJECTION,CSS-LoRa SX1278 (Ra-02),200.0,185,1787960209.2498,-125.0,-22.0,False,,DEGRADED_COMMUNICATION,True
4186,BURST_LOSS_SHADOW,CONTROLLED_SOFTWARE_INJECTION,CSS-LoRa SX1278 (Ra-02),200.0,186,1787960209.2998,-125.0,-22.0,False,,DEGRADED_COMMUNICATION,True
4187,BURST_LOSS_SHADOW,CONTROLLED_SOFTWARE_INJECTION,CSS-LoRa SX1278 (Ra-02),200.0,187,1787960209.3498,-125.0,-22.0,False,,DEGRADED_COMMUNICATION,True
4188,BURST_LOSS_SHADOW,CONTROLLED_SOFTWARE_INJECTION,CSS-LoRa SX1278 (Ra-02),200.0,188,1787960209.3998,-125.0,-22.0,False,,DEGRADED_COMMUNICATION,True
4189,BURST_LOSS_SHADOW,CONTROLLED_SOFTWARE_INJECTION,CSS-LoRa SX1278 (Ra-02),200.0,189,1787960209.4498,-125.0,-22.0,False,,DEGRADED_COMMUNICATION,True
4190,BURST_LOSS_SHADOW,CONTROLLED_SOFTWARE_INJECTION,CSS-LoRa SX1278 (Ra-02),200.0,190,1787960209.4998,-125.0,-22.0,False,,DEGRADED_COMMUNICATION,True
4191,BURST_LOSS_SHADOW,CONTROLLED_SOFTWARE_INJECTION,CSS-LoRa SX1278 (Ra-02),200.0,191,1787960209.5498,-125.0,-22.0,False,,DEGRADED_COMMUNICATION,True
4192,BURST_LOSS_SHADOW,CONTROLLED_SOFTWARE_INJECTION,CSS-LoRa SX1278 (Ra-02),200.0,192,1787960209.5998,-125.0,-22.0,False,,DEGRADED_COMMUNICATION,True
4193,BURST_LOSS_SHADOW,CONTROLLED_SOFTWARE_INJECTION,CSS-LoRa SX1278 (Ra-02),200.0,193,1787960209.6498,-85.69,4.24,True,27.78,DEGRADED_COMMUNICATION,True
4194,BURST_LOSS_SHADOW,CONTROLLED_SOFTWARE_INJECTION,CSS-LoRa SX1278 (Ra-02),200.0,194,1787960209.6998,-125.0,-22.0,False,,DEGRADED_COMMUNICATION,True
4195,BURST_LOSS_SHADOW,CONTROLLED_SOFTWARE_INJECTION,CSS-LoRa SX1278 (Ra-02),200.0,195,1787960209.7498,-125.0,-22.0,False,,DEGRADED_COMMUNICATION,True
4196,BURST_LOSS_SHADOW,CONTROLLED_SOFTWARE_INJECTION,CSS-LoRa SX1278 (Ra-02),200.0,196,1787960209.7998,-125.0,-22.0,False,,DEGRADED_COMMUNICATION,True
4197,BURST_LOSS_SHADOW,CONTROLLED_SOFTWARE_INJECTION,CSS-LoRa SX1278 (Ra-02),200.0,197,1787960209.8498,-125.0,-22.0,False,,DEGRADED_COMMUNICATION,True
4198,BURST_LOSS_SHADOW,CONTROLLED_SOFTWARE_INJECTION,CSS-LoRa SX1278 (Ra-02),200.0,198,1787960209.8998,-125.0,-22.0,False,,DEGRADED_COMMUNICATION,True
4199,BURST_LOSS_SHADOW,CONTROLLED_SOFTWARE_INJECTION,CSS-LoRa SX1278 (Ra-02),200.0,199,1787960209.9498,-125.0,-22.0,False,,DEGRADED_COMMUNICATION,True
4200,BURST_LOSS_SHADOW,CONTROLLED_SOFTWARE_INJECTION,CSS-LoRa SX1278 (Ra-02),200.0,200,1787960209.9998,-125.0,-22.0,False,,DEGRADED_COMMUNICATION,True
4201,BURST_LOSS_SHADOW,CONTROLLED_SOFTWARE_INJECTION,CSS-LoRa SX1278 (Ra-02),200.0,201,1787960210.0498,-125.0,-22.0,False,,DEGRADED_COMMUNICATION,True
4202,BURST_LOSS_SHADOW,CONTROLLED_SOFTWARE_INJECTION,CSS-LoRa SX1278 (Ra-02),200.0,202,1787960210.0998,-125.0,-22.0,False,,DEGRADED_COMMUNICATION,True
4203,BURST_LOSS_SHADOW,CONTROLLED_SOFTWARE_INJECTION,CSS-LoRa SX1278 (Ra-02),200.0,203,1787960210.1498,-125.0,-22.0,False,,DEGRADED_COMMUNICATION,True
4204,BURST_LOSS_SHADOW,CONTROLLED_SOFTWARE_INJECTION,CSS-LoRa SX1278 (Ra-02),200.0,204,1787960210.1998,-125.0,-22.0,False,,DEGRADED_COMMUNICATION,True
4205,BURST_LOSS_SHADOW,CONTROLLED_SOFTWARE_INJECTION,CSS-LoRa SX1278 (Ra-02),200.0,205,1787960210.2498,-125.0,-22.0,False,,DEGRADED_COMMUNICATION,True
4206,BURST_LOSS_SHADOW,CONTROLLED_SOFTWARE_INJECTION,CSS-LoRa SX1278 (Ra-02),200.0,206,1787960210.2998,-125.0,-22.0,False,,DEGRADED_COMMUNICATION,True
4207,BURST_LOSS_SHADOW,CONTROLLED_SOFTWARE_INJECTION,CSS-LoRa SX1278 (Ra-02),200.0,207,1787960210.3498,-125.0,-22.0,False,,DEGRADED_COMMUNICATION,True
4208,BURST_LOSS_SHADOW,CONTROLLED_SOFTWARE_INJECTION,CSS-LoRa SX1278 (Ra-02),200.0,208,1787960210.3998,-125.0,-22.0,False,,DEGRADED_COMMUNICATION,True
4209,BURST_LOSS_SHADOW,CONTROLLED_SOFTWARE_INJECTION,CSS-LoRa SX1278 (Ra-02),200.0,209,1787960210.4498,-88.53,2.31,True,26.35,DEGRADED_COMMUNICATION,True
4210,BURST_LOSS_SHADOW,CONTROLLED_SOFTWARE_INJECTION,CSS-LoRa SX1278 (Ra-02),200.0,210,1787960210.4998,-125.0,-22.0,False,,DEGRADED_COMMUNICATION,True
4211,BURST_LOSS_SHADOW,CONTROLLED_SOFTWARE_INJECTION,CSS-LoRa SX1278 (Ra-02),200.0,211,1787960210.5498,-125.0,-22.0,False,,DEGRADED_COMMUNICATION,True
4212,BURST_LOSS_SHADOW,CONTROLLED_SOFTWARE_INJECTION,CSS-LoRa SX1278 (Ra-02),200.0,212,1787960210.5998,-125.0,-22.0,False,,DEGRADED_COMMUNICATION,True
4213,BURST_LOSS_SHADOW,CONTROLLED_SOFTWARE_INJECTION,CSS-LoRa SX1278 (Ra-02),200.0,213,1787960210.6498,-125.0,-22.0,False,,DEGRADED_COMMUNICATION,True
4214,BURST_LOSS_SHADOW,CONTROLLED_SOFTWARE_INJECTION,CSS-LoRa SX1278 (Ra-02),200.0,214,1787960210.6998,-125.0,-22.0,False,,DEGRADED_COMMUNICATION,True
4215,BURST_LOSS_SHADOW,CONTROLLED_SOFTWARE_INJECTION,CSS-LoRa SX1278 (Ra-02),200.0,215,1787960210.7498,-125.0,-22.0,False,,DEGRADED_COMMUNICATION,True
4216,BURST_LOSS_SHADOW,CONTROLLED_SOFTWARE_INJECTION,CSS-LoRa SX1278 (Ra-02),200.0,216,1787960210.7998,-125.0,-22.0,False,,DEGRADED_COMMUNICATION,True
4217,BURST_LOSS_SHADOW,CONTROLLED_SOFTWARE_INJECTION,CSS-LoRa SX1278 (Ra-02),200.0,217,1787960210.8498,-125.0,-22.0,False,,DEGRADED_COMMUNICATION,True
4218,BURST_LOSS_SHADOW,CONTROLLED_SOFTWARE_INJECTION,CSS-LoRa SX1278 (Ra-02),200.0,218,1787960210.8998,-125.0,-22.0,False,,DEGRADED_COMMUNICATION,True
4219,BURST_LOSS_SHADOW,CONTROLLED_SOFTWARE_INJECTION,CSS-LoRa SX1278 (Ra-02),200.0,219,1787960210.9498,-125.0,-22.0,False,,DEGRADED_COMMUNICATION,True
4220,BURST_LOSS_SHADOW,CONTROLLED_SOFTWARE_INJECTION,CSS-LoRa SX1278 (Ra-02),200.0,220,1787960210.9998,-125.0,-22.0,False,,DEGRADED_COMMUNICATION,True
4221,BURST_LOSS_SHADOW,CONTROLLED_SOFTWARE_INJECTION,CSS-LoRa SX1278 (Ra-02),200.0,221,1787960211.0498,-125.0,-22.0,False,,DEGRADED_COMMUNICATION,True
4222,BURST_LOSS_SHADOW,CONTROLLED_SOFTWARE_INJECTION,CSS-LoRa SX1278 (Ra-02),200.0,222,1787960211.0998,-125.0,-22.0,False,,DEGRADED_COMMUNICATION,True
4223,BURST_LOSS_SHADOW,CONTROLLED_SOFTWARE_INJECTION,CSS-LoRa SX1278 (Ra-02),200.0,223,1787960211.1498,-125.0,-22.0,False,,DEGRADED_COMMUNICATION,True
4224,BURST_LOSS_SHADOW,CONTROLLED_SOFTWARE_INJECTION,CSS-LoRa SX1278 (Ra-02),200.0,224,1787960211.1998,-125.0,-22.0,False,,DEGRADED_COMMUNICATION,True
4225,BURST_LOSS_SHADOW,CONTROLLED_SOFTWARE_INJECTION,CSS-LoRa SX1278 (Ra-02),200.0,225,1787960211.2498,-125.0,-22.0,False,,DEGRADED_COMMUNICATION,True
4226,BURST_LOSS_SHADOW,CONTROLLED_SOFTWARE_INJECTION,CSS-LoRa SX1278 (Ra-02),200.0,226,1787960211.2998,-125.0,-22.0,False,,DEGRADED_COMMUNICATION,True
4227,BURST_LOSS_SHADOW,CONTROLLED_SOFTWARE_INJECTION,CSS-LoRa SX1278 (Ra-02),200.0,227,1787960211.3498,-125.0,-22.0,False,,DEGRADED_COMMUNICATION,True
4228,BURST_LOSS_SHADOW,CONTROLLED_SOFTWARE_INJECTION,CSS-LoRa SX1278 (Ra-02),200.0,228,1787960211.3998,-125.0,-22.0,False,,DEGRADED_COMMUNICATION,True
4229,BURST_LOSS_SHADOW,CONTROLLED_SOFTWARE_INJECTION,CSS-LoRa SX1278 (Ra-02),200.0,229,1787960211.4498,-125.0,-22.0,False,,DEGRADED_COMMUNICATION,True
4230,BURST_LOSS_SHADOW,CONTROLLED_SOFTWARE_INJECTION,CSS-LoRa SX1278 (Ra-02),200.0,230,1787960211.4998,-125.0,-22.0,False,,DEGRADED_COMMUNICATION,True
4231,BURST_LOSS_SHADOW,CONTROLLED_SOFTWARE_INJECTION,CSS-LoRa SX1278 (Ra-02),200.0,231,1787960211.5498,-125.0,-22.0,False,,DEGRADED_COMMUNICATION,True
4232,BURST_LOSS_SHADOW,CONTROLLED_SOFTWARE_INJECTION,CSS-LoRa SX1278 (Ra-02),200.0,232,1787960211.5998,-125.0,-22.0,False,,DEGRADED_COMMUNICATION,True
4233,BURST_LOSS_SHADOW,CONTROLLED_SOFTWARE_INJECTION,CSS-LoRa SX1278 (Ra-02),200.0,233,1787960211.6498,-87.09,2.45,True,24.64,DEGRADED_COMMUNICATION,True
4234,BURST_LOSS_SHADOW,CONTROLLED_SOFTWARE_INJECTION,CSS-LoRa SX1278 (Ra-02),200.0,234,1787960211.6998,-125.0,-22.0,False,,DEGRADED_COMMUNICATION,True
4235,BURST_LOSS_SHADOW,CONTROLLED_SOFTWARE_INJECTION,CSS-LoRa SX1278 (Ra-02),200.0,235,1787960211.7498,-125.0,-22.0,False,,DEGRADED_COMMUNICATION,True
4236,BURST_LOSS_SHADOW,CONTROLLED_SOFTWARE_INJECTION,CSS-LoRa SX1278 (Ra-02),200.0,236,1787960211.7998,-125.0,-22.0,False,,DEGRADED_COMMUNICATION,True
4237,BURST_LOSS_SHADOW,CONTROLLED_SOFTWARE_INJECTION,CSS-LoRa SX1278 (Ra-02),200.0,237,1787960211.8498,-125.0,-22.0,False,,DEGRADED_COMMUNICATION,True
4238,BURST_LOSS_SHADOW,CONTROLLED_SOFTWARE_INJECTION,CSS-LoRa SX1278 (Ra-02),200.0,238,1787960211.8998,-88.3,1.15,True,23.1,DEGRADED_COMMUNICATION,True
4239,BURST_LOSS_SHADOW,CONTROLLED_SOFTWARE_INJECTION,CSS-LoRa SX1278 (Ra-02),200.0,239,1787960211.9498,-125.0,-22.0,False,,DEGRADED_COMMUNICATION,True
4240,BURST_LOSS_SHADOW,CONTROLLED_SOFTWARE_INJECTION,CSS-LoRa SX1278 (Ra-02),200.0,240,1787960211.9998,-125.0,-22.0,False,,DEGRADED_COMMUNICATION,True
4241,BURST_LOSS_SHADOW,CONTROLLED_SOFTWARE_INJECTION,CSS-LoRa SX1278 (Ra-02),200.0,241,1787960212.0498,-125.0,-22.0,False,,DEGRADED_COMMUNICATION,True
4242,BURST_LOSS_SHADOW,CONTROLLED_SOFTWARE_INJECTION,CSS-LoRa SX1278 (Ra-02),200.0,242,1787960212.0998,-125.0,-22.0,False,,DEGRADED_COMMUNICATION,True
4243,BURST_LOSS_SHADOW,CONTROLLED_SOFTWARE_INJECTION,CSS-LoRa SX1278 (Ra-02),200.0,243,1787960212.1498,-125.0,-22.0,False,,DEGRADED_COMMUNICATION,True
4244,BURST_LOSS_SHADOW,CONTROLLED_SOFTWARE_INJECTION,CSS-LoRa SX1278 (Ra-02),200.0,244,1787960212.1998,-125.0,-22.0,False,,DEGRADED_COMMUNICATION,True
4245,BURST_LOSS_SHADOW,CONTROLLED_SOFTWARE_INJECTION,CSS-LoRa SX1278 (Ra-02),200.0,245,1787960212.2498,-125.0,-22.0,False,,DEGRADED_COMMUNICATION,True
4246,BURST_LOSS_SHADOW,CONTROLLED_SOFTWARE_INJECTION,CSS-LoRa SX1278 (Ra-02),200.0,246,1787960212.2998,-125.0,-22.0,False,,DEGRADED_COMMUNICATION,True
4247,BURST_LOSS_SHADOW,CONTROLLED_SOFTWARE_INJECTION,CSS-LoRa SX1278 (Ra-02),200.0,247,1787960212.3498,-125.0,-22.0,False,,DEGRADED_COMMUNICATION,True
4248,BURST_LOSS_SHADOW,CONTROLLED_SOFTWARE_INJECTION,CSS-LoRa SX1278 (Ra-02),200.0,248,1787960212.3998,-125.0,-22.0,False,,DEGRADED_COMMUNICATION,True
4249,BURST_LOSS_SHADOW,CONTROLLED_SOFTWARE_INJECTION,CSS-LoRa SX1278 (Ra-02),200.0,249,1787960212.4498,-125.0,-22.0,False,,DEGRADED_COMMUNICATION,True
4250,BURST_LOSS_SHADOW,CONTROLLED_SOFTWARE_INJECTION,CSS-LoRa SX1278 (Ra-02),200.0,250,1787960212.4998,-125.0,-22.0,False,,DEGRADED_COMMUNICATION,True
4251,BURST_LOSS_SHADOW,CONTROLLED_SOFTWARE_INJECTION,CSS-LoRa SX1278 (Ra-02),200.0,251,1787960212.5498,-125.0,-22.0,False,,DEGRADED_COMMUNICATION,True
4252,BURST_LOSS_SHADOW,CONTROLLED_SOFTWARE_INJECTION,CSS-LoRa SX1278 (Ra-02),200.0,252,1787960212.5998,-125.0,-22.0,False,,DEGRADED_COMMUNICATION,True
4253,BURST_LOSS_SHADOW,CONTROLLED_SOFTWARE_INJECTION,CSS-LoRa SX1278 (Ra-02),200.0,253,1787960212.6498,-125.0,-22.0,False,,DEGRADED_COMMUNICATION,True
4254,BURST_LOSS_SHADOW,CONTROLLED_SOFTWARE_INJECTION,CSS-LoRa SX1278 (Ra-02),200.0,254,1787960212.6998,-125.0,-22.0,False,,DEGRADED_COMMUNICATION,True
4255,BURST_LOSS_SHADOW,CONTROLLED_SOFTWARE_INJECTION,CSS-LoRa SX1278 (Ra-02),200.0,255,1787960212.7498,-125.0,-22.0,False,,DEGRADED_COMMUNICATION,True
4256,BURST_LOSS_SHADOW,CONTROLLED_SOFTWARE_INJECTION,CSS-LoRa SX1278 (Ra-02),200.0,256,1787960212.7998,-125.0,-22.0,False,,DEGRADED_COMMUNICATION,True
4257,BURST_LOSS_SHADOW,CONTROLLED_SOFTWARE_INJECTION,CSS-LoRa SX1278 (Ra-02),200.0,257,1787960212.8498,-125.0,-22.0,False,,DEGRADED_COMMUNICATION,True
4258,BURST_LOSS_SHADOW,CONTROLLED_SOFTWARE_INJECTION,CSS-LoRa SX1278 (Ra-02),200.0,258,1787960212.8998,-125.0,-22.0,False,,DEGRADED_COMMUNICATION,True
4259,BURST_LOSS_SHADOW,CONTROLLED_SOFTWARE_INJECTION,CSS-LoRa SX1278 (Ra-02),200.0,259,1787960212.9498,-125.0,-22.0,False,,DEGRADED_COMMUNICATION,True
4260,BURST_LOSS_SHADOW,CONTROLLED_SOFTWARE_INJECTION,CSS-LoRa SX1278 (Ra-02),200.0,260,1787960212.9998,-125.0,-22.0,False,,DEGRADED_COMMUNICATION,True
4261,BURST_LOSS_SHADOW,CONTROLLED_SOFTWARE_INJECTION,CSS-LoRa SX1278 (Ra-02),200.0,261,1787960213.0498,-125.0,-22.0,False,,DEGRADED_COMMUNICATION,True
4262,BURST_LOSS_SHADOW,CONTROLLED_SOFTWARE_INJECTION,CSS-LoRa SX1278 (Ra-02),200.0,262,1787960213.0998,-125.0,-22.0,False,,DEGRADED_COMMUNICATION,True
4263,BURST_LOSS_SHADOW,CONTROLLED_SOFTWARE_INJECTION,CSS-LoRa SX1278 (Ra-02),200.0,263,1787960213.1498,-90.42,1.25,True,27.92,DEGRADED_COMMUNICATION,True
4264,BURST_LOSS_SHADOW,CONTROLLED_SOFTWARE_INJECTION,CSS-LoRa SX1278 (Ra-02),200.0,264,1787960213.1998,-125.0,-22.0,False,,DEGRADED_COMMUNICATION,True
4265,BURST_LOSS_SHADOW,CONTROLLED_SOFTWARE_INJECTION,CSS-LoRa SX1278 (Ra-02),200.0,265,1787960213.2498,-125.0,-22.0,False,,DEGRADED_COMMUNICATION,True
4266,BURST_LOSS_SHADOW,CONTROLLED_SOFTWARE_INJECTION,CSS-LoRa SX1278 (Ra-02),200.0,266,1787960213.2998,-125.0,-22.0,False,,DEGRADED_COMMUNICATION,True
4267,BURST_LOSS_SHADOW,CONTROLLED_SOFTWARE_INJECTION,CSS-LoRa SX1278 (Ra-02),200.0,267,1787960213.3498,-125.0,-22.0,False,,DEGRADED_COMMUNICATION,True
4268,BURST_LOSS_SHADOW,CONTROLLED_SOFTWARE_INJECTION,CSS-LoRa SX1278 (Ra-02),200.0,268,1787960213.3998,-125.0,-22.0,False,,DEGRADED_COMMUNICATION,True
4269,BURST_LOSS_SHADOW,CONTROLLED_SOFTWARE_INJECTION,CSS-LoRa SX1278 (Ra-02),200.0,269,1787960213.4498,-125.0,-22.0,False,,DEGRADED_COMMUNICATION,True
4270,BURST_LOSS_SHADOW,CONTROLLED_SOFTWARE_INJECTION,CSS-LoRa SX1278 (Ra-02),200.0,270,1787960213.4998,-125.0,-22.0,False,,DEGRADED_COMMUNICATION,True
4271,BURST_LOSS_SHADOW,CONTROLLED_SOFTWARE_INJECTION,CSS-LoRa SX1278 (Ra-02),200.0,271,1787960213.5498,-125.0,-22.0,False,,DEGRADED_COMMUNICATION,True
4272,BURST_LOSS_SHADOW,CONTROLLED_SOFTWARE_INJECTION,CSS-LoRa SX1278 (Ra-02),200.0,272,1787960213.5998,-125.0,-22.0,False,,DEGRADED_COMMUNICATION,True
4273,BURST_LOSS_SHADOW,CONTROLLED_SOFTWARE_INJECTION,CSS-LoRa SX1278 (Ra-02),200.0,273,1787960213.6498,-125.0,-22.0,False,,DEGRADED_COMMUNICATION,True
4274,BURST_LOSS_SHADOW,CONTROLLED_SOFTWARE_INJECTION,CSS-LoRa SX1278 (Ra-02),200.0,274,1787960213.6998,-125.0,-22.0,False,,DEGRADED_COMMUNICATION,True
4275,BURST_LOSS_SHADOW,CONTROLLED_SOFTWARE_INJECTION,CSS-LoRa SX1278 (Ra-02),200.0,275,1787960213.7498,-125.0,-22.0,False,,DEGRADED_COMMUNICATION,True
4276,BURST_LOSS_SHADOW,CONTROLLED_SOFTWARE_INJECTION,CSS-LoRa SX1278 (Ra-02),200.0,276,1787960213.7998,-125.0,-22.0,False,,DEGRADED_COMMUNICATION,True
4277,BURST_LOSS_SHADOW,CONTROLLED_SOFTWARE_INJECTION,CSS-LoRa SX1278 (Ra-02),200.0,277,1787960213.8498,-83.14,1.0,True,25.37,DEGRADED_COMMUNICATION,True
4278,BURST_LOSS_SHADOW,CONTROLLED_SOFTWARE_INJECTION,CSS-LoRa SX1278 (Ra-02),200.0,278,1787960213.8998,-85.48,2.21,True,24.86,DEGRADED_COMMUNICATION,True
4279,BURST_LOSS_SHADOW,CONTROLLED_SOFTWARE_INJECTION,CSS-LoRa SX1278 (Ra-02),200.0,279,1787960213.9498,-125.0,-22.0,False,,DEGRADED_COMMUNICATION,True
4280,BURST_LOSS_SHADOW,CONTROLLED_SOFTWARE_INJECTION,CSS-LoRa SX1278 (Ra-02),200.0,280,1787960213.9998,-125.0,-22.0,False,,DEGRADED_COMMUNICATION,True
4281,BURST_LOSS_SHADOW,CONTROLLED_SOFTWARE_INJECTION,CSS-LoRa SX1278 (Ra-02),200.0,281,1787960214.0498,-125.0,-22.0,False,,DEGRADED_COMMUNICATION,True
4282,BURST_LOSS_SHADOW,CONTROLLED_SOFTWARE_INJECTION,CSS-LoRa SX1278 (Ra-02),200.0,282,1787960214.0998,-125.0,-22.0,False,,DEGRADED_COMMUNICATION,True
4283,BURST_LOSS_SHADOW,CONTROLLED_SOFTWARE_INJECTION,CSS-LoRa SX1278 (Ra-02),200.0,283,1787960214.1498,-125.0,-22.0,False,,DEGRADED_COMMUNICATION,True
4284,BURST_LOSS_SHADOW,CONTROLLED_SOFTWARE_INJECTION,CSS-LoRa SX1278 (Ra-02),200.0,284,1787960214.1998,-125.0,-22.0,False,,DEGRADED_COMMUNICATION,True
4285,BURST_LOSS_SHADOW,CONTROLLED_SOFTWARE_INJECTION,CSS-LoRa SX1278 (Ra-02),200.0,285,1787960214.2498,-125.0,-22.0,False,,DEGRADED_COMMUNICATION,True
4286,BURST_LOSS_SHADOW,CONTROLLED_SOFTWARE_INJECTION,CSS-LoRa SX1278 (Ra-02),200.0,286,1787960214.2998,-125.0,-22.0,False,,DEGRADED_COMMUNICATION,True
4287,BURST_LOSS_SHADOW,CONTROLLED_SOFTWARE_INJECTION,CSS-LoRa SX1278 (Ra-02),200.0,287,1787960214.3498,-125.0,-22.0,False,,DEGRADED_COMMUNICATION,True
4288,BURST_LOSS_SHADOW,CONTROLLED_SOFTWARE_INJECTION,CSS-LoRa SX1278 (Ra-02),200.0,288,1787960214.3998,-125.0,-22.0,False,,DEGRADED_COMMUNICATION,True
4289,BURST_LOSS_SHADOW,CONTROLLED_SOFTWARE_INJECTION,CSS-LoRa SX1278 (Ra-02),200.0,289,1787960214.4498,-125.0,-22.0,False,,DEGRADED_COMMUNICATION,True
4290,BURST_LOSS_SHADOW,CONTROLLED_SOFTWARE_INJECTION,CSS-LoRa SX1278 (Ra-02),200.0,290,1787960214.4998,-125.0,-22.0,False,,DEGRADED_COMMUNICATION,True
4291,BURST_LOSS_SHADOW,CONTROLLED_SOFTWARE_INJECTION,CSS-LoRa SX1278 (Ra-02),200.0,291,1787960214.5498,-125.0,-22.0,False,,DEGRADED_COMMUNICATION,True
4292,BURST_LOSS_SHADOW,CONTROLLED_SOFTWARE_INJECTION,CSS-LoRa SX1278 (Ra-02),200.0,292,1787960214.5998,-125.0,-22.0,False,,DEGRADED_COMMUNICATION,True
4293,BURST_LOSS_SHADOW,CONTROLLED_SOFTWARE_INJECTION,CSS-LoRa SX1278 (Ra-02),200.0,293,1787960214.6498,-125.0,-22.0,False,,DEGRADED_COMMUNICATION,True
4294,BURST_LOSS_SHADOW,CONTROLLED_SOFTWARE_INJECTION,CSS-LoRa SX1278 (Ra-02),200.0,294,1787960214.6998,-125.0,-22.0,False,,DEGRADED_COMMUNICATION,True
4295,BURST_LOSS_SHADOW,CONTROLLED_SOFTWARE_INJECTION,CSS-LoRa SX1278 (Ra-02),200.0,295,1787960214.7498,-125.0,-22.0,False,,DEGRADED_COMMUNICATION,True
4296,BURST_LOSS_SHADOW,CONTROLLED_SOFTWARE_INJECTION,CSS-LoRa SX1278 (Ra-02),200.0,296,1787960214.7998,-125.0,-22.0,False,,DEGRADED_COMMUNICATION,True
4297,BURST_LOSS_SHADOW,CONTROLLED_SOFTWARE_INJECTION,CSS-LoRa SX1278 (Ra-02),200.0,297,1787960214.8498,-125.0,-22.0,False,,DEGRADED_COMMUNICATION,True
4298,BURST_LOSS_SHADOW,CONTROLLED_SOFTWARE_INJECTION,CSS-LoRa SX1278 (Ra-02),200.0,298,1787960214.8998,-125.0,-22.0,False,,DEGRADED_COMMUNICATION,True
4299,BURST_LOSS_SHADOW,CONTROLLED_SOFTWARE_INJECTION,CSS-LoRa SX1278 (Ra-02),200.0,299,1787960214.9498,-125.0,-22.0,False,,DEGRADED_COMMUNICATION,True
4300,BURST_LOSS_SHADOW,CONTROLLED_SOFTWARE_INJECTION,CSS-LoRa SX1278 (Ra-02),200.0,300,1787960214.9998,-125.0,-22.0,False,,DEGRADED_COMMUNICATION,True
4301,BURST_LOSS_SHADOW,CONTROLLED_SOFTWARE_INJECTION,CSS-LoRa SX1278 (Ra-02),200.0,301,1787960215.0498,-125.0,-22.0,False,,DEGRADED_COMMUNICATION,True
4302,BURST_LOSS_SHADOW,CONTROLLED_SOFTWARE_INJECTION,CSS-LoRa SX1278 (Ra-02),200.0,302,1787960215.0998,-125.0,-22.0,False,,DEGRADED_COMMUNICATION,True
4303,BURST_LOSS_SHADOW,CONTROLLED_SOFTWARE_INJECTION,CSS-LoRa SX1278 (Ra-02),200.0,303,1787960215.1498,-125.0,-22.0,False,,DEGRADED_COMMUNICATION,True
4304,BURST_LOSS_SHADOW,CONTROLLED_SOFTWARE_INJECTION,CSS-LoRa SX1278 (Ra-02),200.0,304,1787960215.1998,-125.0,-22.0,False,,DEGRADED_COMMUNICATION,True
4305,BURST_LOSS_SHADOW,CONTROLLED_SOFTWARE_INJECTION,CSS-LoRa SX1278 (Ra-02),200.0,305,1787960215.2498,-125.0,-22.0,False,,DEGRADED_COMMUNICATION,True
4306,BURST_LOSS_SHADOW,CONTROLLED_SOFTWARE_INJECTION,CSS-LoRa SX1278 (Ra-02),200.0,306,1787960215.2998,-125.0,-22.0,False,,DEGRADED_COMMUNICATION,True
4307,BURST_LOSS_SHADOW,CONTROLLED_SOFTWARE_INJECTION,CSS-LoRa SX1278 (Ra-02),200.0,307,1787960215.3498,-125.0,-22.0,False,,DEGRADED_COMMUNICATION,True
4308,BURST_LOSS_SHADOW,CONTROLLED_SOFTWARE_INJECTION,CSS-LoRa SX1278 (Ra-02),200.0,308,1787960215.3998,-125.0,-22.0,False,,DEGRADED_COMMUNICATION,True
4309,BURST_LOSS_SHADOW,CONTROLLED_SOFTWARE_INJECTION,CSS-LoRa SX1278 (Ra-02),200.0,309,1787960215.4498,-125.0,-22.0,False,,DEGRADED_COMMUNICATION,True
4310,BURST_LOSS_SHADOW,CONTROLLED_SOFTWARE_INJECTION,CSS-LoRa SX1278 (Ra-02),200.0,310,1787960215.4998,-125.0,-22.0,False,,DEGRADED_COMMUNICATION,True
4311,BURST_LOSS_SHADOW,CONTROLLED_SOFTWARE_INJECTION,CSS-LoRa SX1278 (Ra-02),200.0,311,1787960215.5498,-125.0,-22.0,False,,DEGRADED_COMMUNICATION,True
4312,BURST_LOSS_SHADOW,CONTROLLED_SOFTWARE_INJECTION,CSS-LoRa SX1278 (Ra-02),200.0,312,1787960215.5998,-125.0,-22.0,False,,DEGRADED_COMMUNICATION,True
4313,BURST_LOSS_SHADOW,CONTROLLED_SOFTWARE_INJECTION,CSS-LoRa SX1278 (Ra-02),200.0,313,1787960215.6498,-125.0,-22.0,False,,DEGRADED_COMMUNICATION,True
4314,BURST_LOSS_SHADOW,CONTROLLED_SOFTWARE_INJECTION,CSS-LoRa SX1278 (Ra-02),200.0,314,1787960215.6998,-125.0,-22.0,False,,DEGRADED_COMMUNICATION,True
4315,BURST_LOSS_SHADOW,CONTROLLED_SOFTWARE_INJECTION,CSS-LoRa SX1278 (Ra-02),200.0,315,1787960215.7498,-125.0,-22.0,False,,DEGRADED_COMMUNICATION,True
4316,BURST_LOSS_SHADOW,CONTROLLED_SOFTWARE_INJECTION,CSS-LoRa SX1278 (Ra-02),200.0,316,1787960215.7998,-125.0,-22.0,False,,DEGRADED_COMMUNICATION,True
4317,BURST_LOSS_SHADOW,CONTROLLED_SOFTWARE_INJECTION,CSS-LoRa SX1278 (Ra-02),200.0,317,1787960215.8498,-125.0,-22.0,False,,DEGRADED_COMMUNICATION,True
4318,BURST_LOSS_SHADOW,CONTROLLED_SOFTWARE_INJECTION,CSS-LoRa SX1278 (Ra-02),200.0,318,1787960215.8998,-125.0,-22.0,False,,DEGRADED_COMMUNICATION,True
4319,BURST_LOSS_SHADOW,CONTROLLED_SOFTWARE_INJECTION,CSS-LoRa SX1278 (Ra-02),200.0,319,1787960215.9498,-125.0,-22.0,False,,DEGRADED_COMMUNICATION,True
4320,BURST_LOSS_SHADOW,CONTROLLED_SOFTWARE_INJECTION,CSS-LoRa SX1278 (Ra-02),200.0,320,1787960215.9998,-125.0,-22.0,False,,DEGRADED_COMMUNICATION,True
4321,BURST_LOSS_SHADOW,CONTROLLED_SOFTWARE_INJECTION,CSS-LoRa SX1278 (Ra-02),200.0,321,1787960216.0498,-125.0,-22.0,False,,DEGRADED_COMMUNICATION,True
4322,BURST_LOSS_SHADOW,CONTROLLED_SOFTWARE_INJECTION,CSS-LoRa SX1278 (Ra-02),200.0,322,1787960216.0998,-125.0,-22.0,False,,DEGRADED_COMMUNICATION,True
4323,BURST_LOSS_SHADOW,CONTROLLED_SOFTWARE_INJECTION,CSS-LoRa SX1278 (Ra-02),200.0,323,1787960216.1498,-125.0,-22.0,False,,DEGRADED_COMMUNICATION,True
4324,BURST_LOSS_SHADOW,CONTROLLED_SOFTWARE_INJECTION,CSS-LoRa SX1278 (Ra-02),200.0,324,1787960216.1998,-125.0,-22.0,False,,DEGRADED_COMMUNICATION,True
4325,BURST_LOSS_SHADOW,CONTROLLED_SOFTWARE_INJECTION,CSS-LoRa SX1278 (Ra-02),200.0,325,1787960216.2498,-125.0,-22.0,False,,DEGRADED_COMMUNICATION,True
4326,BURST_LOSS_SHADOW,CONTROLLED_SOFTWARE_INJECTION,CSS-LoRa SX1278 (Ra-02),200.0,326,1787960216.2998,-125.0,-22.0,False,,DEGRADED_COMMUNICATION,True
4327,BURST_LOSS_SHADOW,CONTROLLED_SOFTWARE_INJECTION,CSS-LoRa SX1278 (Ra-02),200.0,327,1787960216.3498,-125.0,-22.0,False,,DEGRADED_COMMUNICATION,True
4328,BURST_LOSS_SHADOW,CONTROLLED_SOFTWARE_INJECTION,CSS-LoRa SX1278 (Ra-02),200.0,328,1787960216.3998,-125.0,-22.0,False,,DEGRADED_COMMUNICATION,True
4329,BURST_LOSS_SHADOW,CONTROLLED_SOFTWARE_INJECTION,CSS-LoRa SX1278 (Ra-02),200.0,329,1787960216.4498,-125.0,-22.0,False,,DEGRADED_COMMUNICATION,True
4330,BURST_LOSS_SHADOW,CONTROLLED_SOFTWARE_INJECTION,CSS-LoRa SX1278 (Ra-02),200.0,330,1787960216.4998,-125.0,-22.0,False,,DEGRADED_COMMUNICATION,True
4331,BURST_LOSS_SHADOW,CONTROLLED_SOFTWARE_INJECTION,CSS-LoRa SX1278 (Ra-02),200.0,331,1787960216.5498,-125.0,-22.0,False,,DEGRADED_COMMUNICATION,True
4332,BURST_LOSS_SHADOW,CONTROLLED_SOFTWARE_INJECTION,CSS-LoRa SX1278 (Ra-02),200.0,332,1787960216.5998,-125.0,-22.0,False,,DEGRADED_COMMUNICATION,True
4333,BURST_LOSS_SHADOW,CONTROLLED_SOFTWARE_INJECTION,CSS-LoRa SX1278 (Ra-02),200.0,333,1787960216.6498,-125.0,-22.0,False,,DEGRADED_COMMUNICATION,True
4334,BURST_LOSS_SHADOW,CONTROLLED_SOFTWARE_INJECTION,CSS-LoRa SX1278 (Ra-02),200.0,334,1787960216.6998,-125.0,-22.0,False,,DEGRADED_COMMUNICATION,True
4335,BURST_LOSS_SHADOW,CONTROLLED_SOFTWARE_INJECTION,CSS-LoRa SX1278 (Ra-02),200.0,335,1787960216.7498,-125.0,-22.0,False,,DEGRADED_COMMUNICATION,True
4336,BURST_LOSS_SHADOW,CONTROLLED_SOFTWARE_INJECTION,CSS-LoRa SX1278 (Ra-02),200.0,336,1787960216.7998,-125.0,-22.0,False,,DEGRADED_COMMUNICATION,True
4337,BURST_LOSS_SHADOW,CONTROLLED_SOFTWARE_INJECTION,CSS-LoRa SX1278 (Ra-02),200.0,337,1787960216.8498,-125.0,-22.0,False,,DEGRADED_COMMUNICATION,True
4338,BURST_LOSS_SHADOW,CONTROLLED_SOFTWARE_INJECTION,CSS-LoRa SX1278 (Ra-02),200.0,338,1787960216.8998,-125.0,-22.0,False,,DEGRADED_COMMUNICATION,True
4339,BURST_LOSS_SHADOW,CONTROLLED_SOFTWARE_INJECTION,CSS-LoRa SX1278 (Ra-02),200.0,339,1787960216.9498,-86.9,-0.36,True,23.19,DEGRADED_COMMUNICATION,True
4340,BURST_LOSS_SHADOW,CONTROLLED_SOFTWARE_INJECTION,CSS-LoRa SX1278 (Ra-02),200.0,340,1787960216.9998,-125.0,-22.0,False,,DEGRADED_COMMUNICATION,True
4341,BURST_LOSS_SHADOW,CONTROLLED_SOFTWARE_INJECTION,CSS-LoRa SX1278 (Ra-02),200.0,341,1787960217.0498,-82.8,1.18,True,23.76,DEGRADED_COMMUNICATION,True
4342,BURST_LOSS_SHADOW,CONTROLLED_SOFTWARE_INJECTION,CSS-LoRa SX1278 (Ra-02),200.0,342,1787960217.0998,-125.0,-22.0,False,,DEGRADED_COMMUNICATION,True
4343,BURST_LOSS_SHADOW,CONTROLLED_SOFTWARE_INJECTION,CSS-LoRa SX1278 (Ra-02),200.0,343,1787960217.1498,-125.0,-22.0,False,,DEGRADED_COMMUNICATION,True
4344,BURST_LOSS_SHADOW,CONTROLLED_SOFTWARE_INJECTION,CSS-LoRa SX1278 (Ra-02),200.0,344,1787960217.1998,-125.0,-22.0,False,,DEGRADED_COMMUNICATION,True
4345,BURST_LOSS_SHADOW,CONTROLLED_SOFTWARE_INJECTION,CSS-LoRa SX1278 (Ra-02),200.0,345,1787960217.2498,-125.0,-22.0,False,,DEGRADED_COMMUNICATION,True
4346,BURST_LOSS_SHADOW,CONTROLLED_SOFTWARE_INJECTION,CSS-LoRa SX1278 (Ra-02),200.0,346,1787960217.2998,-125.0,-22.0,False,,DEGRADED_COMMUNICATION,True
4347,BURST_LOSS_SHADOW,CONTROLLED_SOFTWARE_INJECTION,CSS-LoRa SX1278 (Ra-02),200.0,347,1787960217.3498,-125.0,-22.0,False,,DEGRADED_COMMUNICATION,True
4348,BURST_LOSS_SHADOW,CONTROLLED_SOFTWARE_INJECTION,CSS-LoRa SX1278 (Ra-02),200.0,348,1787960217.3998,-125.0,-22.0,False,,DEGRADED_COMMUNICATION,True
4349,BURST_LOSS_SHADOW,CONTROLLED_SOFTWARE_INJECTION,CSS-LoRa SX1278 (Ra-02),200.0,349,1787960217.4498,-125.0,-22.0,False,,DEGRADED_COMMUNICATION,True
4350,BURST_LOSS_SHADOW,CONTROLLED_SOFTWARE_INJECTION,CSS-LoRa SX1278 (Ra-02),200.0,350,1787960217.4998,-125.0,-22.0,False,,DEGRADED_COMMUNICATION,True
4351,BURST_LOSS_SHADOW,CONTROLLED_SOFTWARE_INJECTION,CSS-LoRa SX1278 (Ra-02),200.0,351,1787960217.5498,-125.0,-22.0,False,,DEGRADED_COMMUNICATION,True
4352,BURST_LOSS_SHADOW,CONTROLLED_SOFTWARE_INJECTION,CSS-LoRa SX1278 (Ra-02),200.0,352,1787960217.5998,-125.0,-22.0,False,,DEGRADED_COMMUNICATION,True
4353,BURST_LOSS_SHADOW,CONTROLLED_SOFTWARE_INJECTION,CSS-LoRa SX1278 (Ra-02),200.0,353,1787960217.6498,-125.0,-22.0,False,,DEGRADED_COMMUNICATION,True
4354,BURST_LOSS_SHADOW,CONTROLLED_SOFTWARE_INJECTION,CSS-LoRa SX1278 (Ra-02),200.0,354,1787960217.6998,-125.0,-22.0,False,,DEGRADED_COMMUNICATION,True
4355,BURST_LOSS_SHADOW,CONTROLLED_SOFTWARE_INJECTION,CSS-LoRa SX1278 (Ra-02),200.0,355,1787960217.7498,-125.0,-22.0,False,,DEGRADED_COMMUNICATION,True
4356,BURST_LOSS_SHADOW,CONTROLLED_SOFTWARE_INJECTION,CSS-LoRa SX1278 (Ra-02),200.0,356,1787960217.7998,-125.0,-22.0,False,,DEGRADED_COMMUNICATION,True
4357,BURST_LOSS_SHADOW,CONTROLLED_SOFTWARE_INJECTION,CSS-LoRa SX1278 (Ra-02),200.0,357,1787960217.8498,-125.0,-22.0,False,,DEGRADED_COMMUNICATION,True
4358,BURST_LOSS_SHADOW,CONTROLLED_SOFTWARE_INJECTION,CSS-LoRa SX1278 (Ra-02),200.0,358,1787960217.8998,-125.0,-22.0,False,,DEGRADED_COMMUNICATION,True
4359,BURST_LOSS_SHADOW,CONTROLLED_SOFTWARE_INJECTION,CSS-LoRa SX1278 (Ra-02),200.0,359,1787960217.9498,-125.0,-22.0,False,,DEGRADED_COMMUNICATION,True
4360,BURST_LOSS_SHADOW,CONTROLLED_SOFTWARE_INJECTION,CSS-LoRa SX1278 (Ra-02),200.0,360,1787960217.9998,-125.0,-22.0,False,,DEGRADED_COMMUNICATION,True
4361,BURST_LOSS_SHADOW,CONTROLLED_SOFTWARE_INJECTION,CSS-LoRa SX1278 (Ra-02),200.0,361,1787960218.0498,-125.0,-22.0,False,,DEGRADED_COMMUNICATION,True
4362,BURST_LOSS_SHADOW,CONTROLLED_SOFTWARE_INJECTION,CSS-LoRa SX1278 (Ra-02),200.0,362,1787960218.0998,-125.0,-22.0,False,,DEGRADED_COMMUNICATION,True
4363,BURST_LOSS_SHADOW,CONTROLLED_SOFTWARE_INJECTION,CSS-LoRa SX1278 (Ra-02),200.0,363,1787960218.1498,-125.0,-22.0,False,,DEGRADED_COMMUNICATION,True
4364,BURST_LOSS_SHADOW,CONTROLLED_SOFTWARE_INJECTION,CSS-LoRa SX1278 (Ra-02),200.0,364,1787960218.1998,-125.0,-22.0,False,,DEGRADED_COMMUNICATION,True
4365,BURST_LOSS_SHADOW,CONTROLLED_SOFTWARE_INJECTION,CSS-LoRa SX1278 (Ra-02),200.0,365,1787960218.2498,-125.0,-22.0,False,,DEGRADED_COMMUNICATION,True
4366,BURST_LOSS_SHADOW,CONTROLLED_SOFTWARE_INJECTION,CSS-LoRa SX1278 (Ra-02),200.0,366,1787960218.2998,-125.0,-22.0,False,,DEGRADED_COMMUNICATION,True
4367,BURST_LOSS_SHADOW,CONTROLLED_SOFTWARE_INJECTION,CSS-LoRa SX1278 (Ra-02),200.0,367,1787960218.3498,-125.0,-22.0,False,,DEGRADED_COMMUNICATION,True
4368,BURST_LOSS_SHADOW,CONTROLLED_SOFTWARE_INJECTION,CSS-LoRa SX1278 (Ra-02),200.0,368,1787960218.3998,-125.0,-22.0,False,,DEGRADED_COMMUNICATION,True
4369,BURST_LOSS_SHADOW,CONTROLLED_SOFTWARE_INJECTION,CSS-LoRa SX1278 (Ra-02),200.0,369,1787960218.4498,-125.0,-22.0,False,,DEGRADED_COMMUNICATION,True
4370,BURST_LOSS_SHADOW,CONTROLLED_SOFTWARE_INJECTION,CSS-LoRa SX1278 (Ra-02),200.0,370,1787960218.4998,-125.0,-22.0,False,,DEGRADED_COMMUNICATION,True
4371,BURST_LOSS_SHADOW,CONTROLLED_SOFTWARE_INJECTION,CSS-LoRa SX1278 (Ra-02),200.0,371,1787960218.5498,-125.0,-22.0,False,,DEGRADED_COMMUNICATION,True
4372,BURST_LOSS_SHADOW,CONTROLLED_SOFTWARE_INJECTION,CSS-LoRa SX1278 (Ra-02),200.0,372,1787960218.5998,-125.0,-22.0,False,,DEGRADED_COMMUNICATION,True
4373,BURST_LOSS_SHADOW,CONTROLLED_SOFTWARE_INJECTION,CSS-LoRa SX1278 (Ra-02),200.0,373,1787960218.6498,-125.0,-22.0,False,,DEGRADED_COMMUNICATION,True
4374,BURST_LOSS_SHADOW,CONTROLLED_SOFTWARE_INJECTION,CSS-LoRa SX1278 (Ra-02),200.0,374,1787960218.6998,-125.0,-22.0,False,,DEGRADED_COMMUNICATION,True
4375,BURST_LOSS_SHADOW,CONTROLLED_SOFTWARE_INJECTION,CSS-LoRa SX1278 (Ra-02),200.0,375,1787960218.7498,-125.0,-22.0,False,,DEGRADED_COMMUNICATION,True
4376,BURST_LOSS_SHADOW,CONTROLLED_SOFTWARE_INJECTION,CSS-LoRa SX1278 (Ra-02),200.0,376,1787960218.7998,-125.0,-22.0,False,,DEGRADED_COMMUNICATION,True
4377,BURST_LOSS_SHADOW,CONTROLLED_SOFTWARE_INJECTION,CSS-LoRa SX1278 (Ra-02),200.0,377,1787960218.8498,-125.0,-22.0,False,,DEGRADED_COMMUNICATION,True
4378,BURST_LOSS_SHADOW,CONTROLLED_SOFTWARE_INJECTION,CSS-LoRa SX1278 (Ra-02),200.0,378,1787960218.8998,-125.0,-22.0,False,,DEGRADED_COMMUNICATION,True
4379,BURST_LOSS_SHADOW,CONTROLLED_SOFTWARE_INJECTION,CSS-LoRa SX1278 (Ra-02),200.0,379,1787960218.9498,-125.0,-22.0,False,,DEGRADED_COMMUNICATION,True
4380,BURST_LOSS_SHADOW,CONTROLLED_SOFTWARE_INJECTION,CSS-LoRa SX1278 (Ra-02),200.0,380,1787960218.9998,-125.0,-22.0,False,,DEGRADED_COMMUNICATION,True
4381,BURST_LOSS_SHADOW,CONTROLLED_SOFTWARE_INJECTION,CSS-LoRa SX1278 (Ra-02),200.0,381,1787960219.0498,-125.0,-22.0,False,,DEGRADED_COMMUNICATION,True
4382,BURST_LOSS_SHADOW,CONTROLLED_SOFTWARE_INJECTION,CSS-LoRa SX1278 (Ra-02),200.0,382,1787960219.0998,-125.0,-22.0,False,,DEGRADED_COMMUNICATION,True
4383,BURST_LOSS_SHADOW,CONTROLLED_SOFTWARE_INJECTION,CSS-LoRa SX1278 (Ra-02),200.0,383,1787960219.1498,-125.0,-22.0,False,,DEGRADED_COMMUNICATION,True
4384,BURST_LOSS_SHADOW,CONTROLLED_SOFTWARE_INJECTION,CSS-LoRa SX1278 (Ra-02),200.0,384,1787960219.1998,-125.0,-22.0,False,,DEGRADED_COMMUNICATION,True
4385,BURST_LOSS_SHADOW,CONTROLLED_SOFTWARE_INJECTION,CSS-LoRa SX1278 (Ra-02),200.0,385,1787960219.2498,-125.0,-22.0,False,,DEGRADED_COMMUNICATION,True
4386,BURST_LOSS_SHADOW,CONTROLLED_SOFTWARE_INJECTION,CSS-LoRa SX1278 (Ra-02),200.0,386,1787960219.2998,-125.0,-22.0,False,,DEGRADED_COMMUNICATION,True
4387,BURST_LOSS_SHADOW,CONTROLLED_SOFTWARE_INJECTION,CSS-LoRa SX1278 (Ra-02),200.0,387,1787960219.3498,-125.0,-22.0,False,,DEGRADED_COMMUNICATION,True
4388,BURST_LOSS_SHADOW,CONTROLLED_SOFTWARE_INJECTION,CSS-LoRa SX1278 (Ra-02),200.0,388,1787960219.3998,-125.0,-22.0,False,,DEGRADED_COMMUNICATION,True
4389,BURST_LOSS_SHADOW,CONTROLLED_SOFTWARE_INJECTION,CSS-LoRa SX1278 (Ra-02),200.0,389,1787960219.4498,-125.0,-22.0,False,,DEGRADED_COMMUNICATION,True
4390,BURST_LOSS_SHADOW,CONTROLLED_SOFTWARE_INJECTION,CSS-LoRa SX1278 (Ra-02),200.0,390,1787960219.4998,-125.0,-22.0,False,,DEGRADED_COMMUNICATION,True
4391,BURST_LOSS_SHADOW,CONTROLLED_SOFTWARE_INJECTION,CSS-LoRa SX1278 (Ra-02),200.0,391,1787960219.5498,-125.0,-22.0,False,,DEGRADED_COMMUNICATION,True
4392,BURST_LOSS_SHADOW,CONTROLLED_SOFTWARE_INJECTION,CSS-LoRa SX1278 (Ra-02),200.0,392,1787960219.5998,-125.0,-22.0,False,,DEGRADED_COMMUNICATION,True
4393,BURST_LOSS_SHADOW,CONTROLLED_SOFTWARE_INJECTION,CSS-LoRa SX1278 (Ra-02),200.0,393,1787960219.6498,-125.0,-22.0,False,,DEGRADED_COMMUNICATION,True
4394,BURST_LOSS_SHADOW,CONTROLLED_SOFTWARE_INJECTION,CSS-LoRa SX1278 (Ra-02),200.0,394,1787960219.6998,-125.0,-22.0,False,,DEGRADED_COMMUNICATION,True
4395,BURST_LOSS_SHADOW,CONTROLLED_SOFTWARE_INJECTION,CSS-LoRa SX1278 (Ra-02),200.0,395,1787960219.7498,-125.0,-22.0,False,,DEGRADED_COMMUNICATION,True
4396,BURST_LOSS_SHADOW,CONTROLLED_SOFTWARE_INJECTION,CSS-LoRa SX1278 (Ra-02),200.0,396,1787960219.7998,-125.0,-22.0,False,,DEGRADED_COMMUNICATION,True
4397,BURST_LOSS_SHADOW,CONTROLLED_SOFTWARE_INJECTION,CSS-LoRa SX1278 (Ra-02),200.0,397,1787960219.8498,-125.0,-22.0,False,,DEGRADED_COMMUNICATION,True
4398,BURST_LOSS_SHADOW,CONTROLLED_SOFTWARE_INJECTION,CSS-LoRa SX1278 (Ra-02),200.0,398,1787960219.8998,-125.0,-22.0,False,,DEGRADED_COMMUNICATION,True
4399,BURST_LOSS_SHADOW,CONTROLLED_SOFTWARE_INJECTION,CSS-LoRa SX1278 (Ra-02),200.0,399,1787960219.9498,-125.0,-22.0,False,,DEGRADED_COMMUNICATION,True
4400,BURST_LOSS_SHADOW,CONTROLLED_SOFTWARE_INJECTION,CSS-LoRa SX1278 (Ra-02),200.0,400,1787960219.9998,-125.0,-22.0,False,,DEGRADED_COMMUNICATION,True
4401,BURST_LOSS_SHADOW,CONTROLLED_SOFTWARE_INJECTION,CSS-LoRa SX1278 (Ra-02),200.0,401,1787960220.0498,-125.0,-22.0,False,,DEGRADED_COMMUNICATION,True
4402,BURST_LOSS_SHADOW,CONTROLLED_SOFTWARE_INJECTION,CSS-LoRa SX1278 (Ra-02),200.0,402,1787960220.0998,-125.0,-22.0,False,,DEGRADED_COMMUNICATION,True
4403,BURST_LOSS_SHADOW,CONTROLLED_SOFTWARE_INJECTION,CSS-LoRa SX1278 (Ra-02),200.0,403,1787960220.1498,-125.0,-22.0,False,,DEGRADED_COMMUNICATION,True
4404,BURST_LOSS_SHADOW,CONTROLLED_SOFTWARE_INJECTION,CSS-LoRa SX1278 (Ra-02),200.0,404,1787960220.1998,-125.0,-22.0,False,,DEGRADED_COMMUNICATION,True
4405,BURST_LOSS_SHADOW,CONTROLLED_SOFTWARE_INJECTION,CSS-LoRa SX1278 (Ra-02),200.0,405,1787960220.2498,-125.0,-22.0,False,,DEGRADED_COMMUNICATION,True
4406,BURST_LOSS_SHADOW,CONTROLLED_SOFTWARE_INJECTION,CSS-LoRa SX1278 (Ra-02),200.0,406,1787960220.2998,-125.0,-22.0,False,,DEGRADED_COMMUNICATION,True
4407,BURST_LOSS_SHADOW,CONTROLLED_SOFTWARE_INJECTION,CSS-LoRa SX1278 (Ra-02),200.0,407,1787960220.3498,-125.0,-22.0,False,,DEGRADED_COMMUNICATION,True
4408,BURST_LOSS_SHADOW,CONTROLLED_SOFTWARE_INJECTION,CSS-LoRa SX1278 (Ra-02),200.0,408,1787960220.3998,-125.0,-22.0,False,,DEGRADED_COMMUNICATION,True
4409,BURST_LOSS_SHADOW,CONTROLLED_SOFTWARE_INJECTION,CSS-LoRa SX1278 (Ra-02),200.0,409,1787960220.4498,-125.0,-22.0,False,,DEGRADED_COMMUNICATION,True
4410,BURST_LOSS_SHADOW,CONTROLLED_SOFTWARE_INJECTION,CSS-LoRa SX1278 (Ra-02),200.0,410,1787960220.4998,-125.0,-22.0,False,,DEGRADED_COMMUNICATION,True
4411,BURST_LOSS_SHADOW,CONTROLLED_SOFTWARE_INJECTION,CSS-LoRa SX1278 (Ra-02),200.0,411,1787960220.5498,-125.0,-22.0,False,,DEGRADED_COMMUNICATION,True
4412,BURST_LOSS_SHADOW,CONTROLLED_SOFTWARE_INJECTION,CSS-LoRa SX1278 (Ra-02),200.0,412,1787960220.5998,-125.0,-22.0,False,,DEGRADED_COMMUNICATION,True
4413,BURST_LOSS_SHADOW,CONTROLLED_SOFTWARE_INJECTION,CSS-LoRa SX1278 (Ra-02),200.0,413,1787960220.6498,-125.0,-22.0,False,,DEGRADED_COMMUNICATION,True
4414,BURST_LOSS_SHADOW,CONTROLLED_SOFTWARE_INJECTION,CSS-LoRa SX1278 (Ra-02),200.0,414,1787960220.6998,-125.0,-22.0,False,,DEGRADED_COMMUNICATION,True
4415,BURST_LOSS_SHADOW,CONTROLLED_SOFTWARE_INJECTION,CSS-LoRa SX1278 (Ra-02),200.0,415,1787960220.7498,-87.77,1.05,True,26.9,DEGRADED_COMMUNICATION,True
4416,BURST_LOSS_SHADOW,CONTROLLED_SOFTWARE_INJECTION,CSS-LoRa SX1278 (Ra-02),200.0,416,1787960220.7998,-125.0,-22.0,False,,DEGRADED_COMMUNICATION,True
4417,BURST_LOSS_SHADOW,CONTROLLED_SOFTWARE_INJECTION,CSS-LoRa SX1278 (Ra-02),200.0,417,1787960220.8498,-125.0,-22.0,False,,DEGRADED_COMMUNICATION,True
4418,BURST_LOSS_SHADOW,CONTROLLED_SOFTWARE_INJECTION,CSS-LoRa SX1278 (Ra-02),200.0,418,1787960220.8998,-125.0,-22.0,False,,DEGRADED_COMMUNICATION,True
4419,BURST_LOSS_SHADOW,CONTROLLED_SOFTWARE_INJECTION,CSS-LoRa SX1278 (Ra-02),200.0,419,1787960220.9498,-125.0,-22.0,False,,DEGRADED_COMMUNICATION,True
4420,BURST_LOSS_SHADOW,CONTROLLED_SOFTWARE_INJECTION,CSS-LoRa SX1278 (Ra-02),200.0,420,1787960220.9998,-125.0,-22.0,False,,DEGRADED_COMMUNICATION,True
4421,BURST_LOSS_SHADOW,CONTROLLED_SOFTWARE_INJECTION,CSS-LoRa SX1278 (Ra-02),200.0,421,1787960221.0498,-125.0,-22.0,False,,DEGRADED_COMMUNICATION,True
4422,BURST_LOSS_SHADOW,CONTROLLED_SOFTWARE_INJECTION,CSS-LoRa SX1278 (Ra-02),200.0,422,1787960221.0998,-125.0,-22.0,False,,DEGRADED_COMMUNICATION,True
4423,BURST_LOSS_SHADOW,CONTROLLED_SOFTWARE_INJECTION,CSS-LoRa SX1278 (Ra-02),200.0,423,1787960221.1498,-125.0,-22.0,False,,DEGRADED_COMMUNICATION,True
4424,BURST_LOSS_SHADOW,CONTROLLED_SOFTWARE_INJECTION,CSS-LoRa SX1278 (Ra-02),200.0,424,1787960221.1998,-125.0,-22.0,False,,DEGRADED_COMMUNICATION,True
4425,BURST_LOSS_SHADOW,CONTROLLED_SOFTWARE_INJECTION,CSS-LoRa SX1278 (Ra-02),200.0,425,1787960221.2498,-125.0,-22.0,False,,DEGRADED_COMMUNICATION,True
4426,BURST_LOSS_SHADOW,CONTROLLED_SOFTWARE_INJECTION,CSS-LoRa SX1278 (Ra-02),200.0,426,1787960221.2998,-125.0,-22.0,False,,DEGRADED_COMMUNICATION,True
4427,BURST_LOSS_SHADOW,CONTROLLED_SOFTWARE_INJECTION,CSS-LoRa SX1278 (Ra-02),200.0,427,1787960221.3498,-125.0,-22.0,False,,DEGRADED_COMMUNICATION,True
4428,BURST_LOSS_SHADOW,CONTROLLED_SOFTWARE_INJECTION,CSS-LoRa SX1278 (Ra-02),200.0,428,1787960221.3998,-125.0,-22.0,False,,DEGRADED_COMMUNICATION,True
4429,BURST_LOSS_SHADOW,CONTROLLED_SOFTWARE_INJECTION,CSS-LoRa SX1278 (Ra-02),200.0,429,1787960221.4498,-125.0,-22.0,False,,DEGRADED_COMMUNICATION,True
4430,BURST_LOSS_SHADOW,CONTROLLED_SOFTWARE_INJECTION,CSS-LoRa SX1278 (Ra-02),200.0,430,1787960221.4998,-125.0,-22.0,False,,DEGRADED_COMMUNICATION,True
4431,BURST_LOSS_SHADOW,CONTROLLED_SOFTWARE_INJECTION,CSS-LoRa SX1278 (Ra-02),200.0,431,1787960221.5498,-125.0,-22.0,False,,DEGRADED_COMMUNICATION,True
4432,BURST_LOSS_SHADOW,CONTROLLED_SOFTWARE_INJECTION,CSS-LoRa SX1278 (Ra-02),200.0,432,1787960221.5998,-125.0,-22.0,False,,DEGRADED_COMMUNICATION,True
4433,BURST_LOSS_SHADOW,CONTROLLED_SOFTWARE_INJECTION,CSS-LoRa SX1278 (Ra-02),200.0,433,1787960221.6498,-125.0,-22.0,False,,DEGRADED_COMMUNICATION,True
4434,BURST_LOSS_SHADOW,CONTROLLED_SOFTWARE_INJECTION,CSS-LoRa SX1278 (Ra-02),200.0,434,1787960221.6998,-125.0,-22.0,False,,DEGRADED_COMMUNICATION,True
4435,BURST_LOSS_SHADOW,CONTROLLED_SOFTWARE_INJECTION,CSS-LoRa SX1278 (Ra-02),200.0,435,1787960221.7498,-125.0,-22.0,False,,DEGRADED_COMMUNICATION,True
4436,BURST_LOSS_SHADOW,CONTROLLED_SOFTWARE_INJECTION,CSS-LoRa SX1278 (Ra-02),200.0,436,1787960221.7998,-125.0,-22.0,False,,DEGRADED_COMMUNICATION,True
4437,BURST_LOSS_SHADOW,CONTROLLED_SOFTWARE_INJECTION,CSS-LoRa SX1278 (Ra-02),200.0,437,1787960221.8498,-125.0,-22.0,False,,DEGRADED_COMMUNICATION,True
4438,BURST_LOSS_SHADOW,CONTROLLED_SOFTWARE_INJECTION,CSS-LoRa SX1278 (Ra-02),200.0,438,1787960221.8998,-125.0,-22.0,False,,DEGRADED_COMMUNICATION,True
4439,BURST_LOSS_SHADOW,CONTROLLED_SOFTWARE_INJECTION,CSS-LoRa SX1278 (Ra-02),200.0,439,1787960221.9498,-125.0,-22.0,False,,DEGRADED_COMMUNICATION,True
4440,BURST_LOSS_SHADOW,CONTROLLED_SOFTWARE_INJECTION,CSS-LoRa SX1278 (Ra-02),200.0,440,1787960221.9998,-125.0,-22.0,False,,DEGRADED_COMMUNICATION,True
4441,BURST_LOSS_SHADOW,CONTROLLED_SOFTWARE_INJECTION,CSS-LoRa SX1278 (Ra-02),200.0,441,1787960222.0498,-125.0,-22.0,False,,DEGRADED_COMMUNICATION,True
4442,BURST_LOSS_SHADOW,CONTROLLED_SOFTWARE_INJECTION,CSS-LoRa SX1278 (Ra-02),200.0,442,1787960222.0998,-125.0,-22.0,False,,DEGRADED_COMMUNICATION,True
4443,BURST_LOSS_SHADOW,CONTROLLED_SOFTWARE_INJECTION,CSS-LoRa SX1278 (Ra-02),200.0,443,1787960222.1498,-125.0,-22.0,False,,DEGRADED_COMMUNICATION,True
4444,BURST_LOSS_SHADOW,CONTROLLED_SOFTWARE_INJECTION,CSS-LoRa SX1278 (Ra-02),200.0,444,1787960222.1998,-125.0,-22.0,False,,DEGRADED_COMMUNICATION,True
4445,BURST_LOSS_SHADOW,CONTROLLED_SOFTWARE_INJECTION,CSS-LoRa SX1278 (Ra-02),200.0,445,1787960222.2498,-125.0,-22.0,False,,DEGRADED_COMMUNICATION,True
4446,BURST_LOSS_SHADOW,CONTROLLED_SOFTWARE_INJECTION,CSS-LoRa SX1278 (Ra-02),200.0,446,1787960222.2998,-125.0,-22.0,False,,DEGRADED_COMMUNICATION,True
4447,BURST_LOSS_SHADOW,CONTROLLED_SOFTWARE_INJECTION,CSS-LoRa SX1278 (Ra-02),200.0,447,1787960222.3498,-125.0,-22.0,False,,DEGRADED_COMMUNICATION,True
4448,BURST_LOSS_SHADOW,CONTROLLED_SOFTWARE_INJECTION,CSS-LoRa SX1278 (Ra-02),200.0,448,1787960222.3998,-125.0,-22.0,False,,DEGRADED_COMMUNICATION,True
4449,BURST_LOSS_SHADOW,CONTROLLED_SOFTWARE_INJECTION,CSS-LoRa SX1278 (Ra-02),200.0,449,1787960222.4498,-125.0,-22.0,False,,DEGRADED_COMMUNICATION,True
4450,BURST_LOSS_SHADOW,CONTROLLED_SOFTWARE_INJECTION,CSS-LoRa SX1278 (Ra-02),200.0,450,1787960222.4998,-125.0,-22.0,False,,DEGRADED_COMMUNICATION,True
4451,BURST_LOSS_SHADOW,CONTROLLED_SOFTWARE_INJECTION,CSS-LoRa SX1278 (Ra-02),200.0,451,1787960222.5498,-125.0,-22.0,False,,DEGRADED_COMMUNICATION,True
4452,BURST_LOSS_SHADOW,CONTROLLED_SOFTWARE_INJECTION,CSS-LoRa SX1278 (Ra-02),200.0,452,1787960222.5998,-125.0,-22.0,False,,DEGRADED_COMMUNICATION,True
4453,BURST_LOSS_SHADOW,CONTROLLED_SOFTWARE_INJECTION,CSS-LoRa SX1278 (Ra-02),200.0,453,1787960222.6498,-125.0,-22.0,False,,DEGRADED_COMMUNICATION,True
4454,BURST_LOSS_SHADOW,CONTROLLED_SOFTWARE_INJECTION,CSS-LoRa SX1278 (Ra-02),200.0,454,1787960222.6998,-125.0,-22.0,False,,DEGRADED_COMMUNICATION,True
4455,BURST_LOSS_SHADOW,CONTROLLED_SOFTWARE_INJECTION,CSS-LoRa SX1278 (Ra-02),200.0,455,1787960222.7498,-125.0,-22.0,False,,DEGRADED_COMMUNICATION,True
4456,BURST_LOSS_SHADOW,CONTROLLED_SOFTWARE_INJECTION,CSS-LoRa SX1278 (Ra-02),200.0,456,1787960222.7998,-125.0,-22.0,False,,DEGRADED_COMMUNICATION,True
4457,BURST_LOSS_SHADOW,CONTROLLED_SOFTWARE_INJECTION,CSS-LoRa SX1278 (Ra-02),200.0,457,1787960222.8498,-125.0,-22.0,False,,DEGRADED_COMMUNICATION,True
4458,BURST_LOSS_SHADOW,CONTROLLED_SOFTWARE_INJECTION,CSS-LoRa SX1278 (Ra-02),200.0,458,1787960222.8998,-125.0,-22.0,False,,DEGRADED_COMMUNICATION,True
4459,BURST_LOSS_SHADOW,CONTROLLED_SOFTWARE_INJECTION,CSS-LoRa SX1278 (Ra-02),200.0,459,1787960222.9498,-125.0,-22.0,False,,DEGRADED_COMMUNICATION,True
4460,BURST_LOSS_SHADOW,CONTROLLED_SOFTWARE_INJECTION,CSS-LoRa SX1278 (Ra-02),200.0,460,1787960222.9998,-87.89,4.05,True,24.57,DEGRADED_COMMUNICATION,True
4461,BURST_LOSS_SHADOW,CONTROLLED_SOFTWARE_INJECTION,CSS-LoRa SX1278 (Ra-02),200.0,461,1787960223.0498,-125.0,-22.0,False,,DEGRADED_COMMUNICATION,True
4462,BURST_LOSS_SHADOW,CONTROLLED_SOFTWARE_INJECTION,CSS-LoRa SX1278 (Ra-02),200.0,462,1787960223.0998,-125.0,-22.0,False,,DEGRADED_COMMUNICATION,True
4463,BURST_LOSS_SHADOW,CONTROLLED_SOFTWARE_INJECTION,CSS-LoRa SX1278 (Ra-02),200.0,463,1787960223.1498,-88.84,3.83,True,24.2,DEGRADED_COMMUNICATION,True
4464,BURST_LOSS_SHADOW,CONTROLLED_SOFTWARE_INJECTION,CSS-LoRa SX1278 (Ra-02),200.0,464,1787960223.1998,-125.0,-22.0,False,,DEGRADED_COMMUNICATION,True
4465,BURST_LOSS_SHADOW,CONTROLLED_SOFTWARE_INJECTION,CSS-LoRa SX1278 (Ra-02),200.0,465,1787960223.2498,-125.0,-22.0,False,,DEGRADED_COMMUNICATION,True
4466,BURST_LOSS_SHADOW,CONTROLLED_SOFTWARE_INJECTION,CSS-LoRa SX1278 (Ra-02),200.0,466,1787960223.2998,-125.0,-22.0,False,,DEGRADED_COMMUNICATION,True
4467,BURST_LOSS_SHADOW,CONTROLLED_SOFTWARE_INJECTION,CSS-LoRa SX1278 (Ra-02),200.0,467,1787960223.3498,-125.0,-22.0,False,,DEGRADED_COMMUNICATION,True
4468,BURST_LOSS_SHADOW,CONTROLLED_SOFTWARE_INJECTION,CSS-LoRa SX1278 (Ra-02),200.0,468,1787960223.3998,-125.0,-22.0,False,,DEGRADED_COMMUNICATION,True
4469,BURST_LOSS_SHADOW,CONTROLLED_SOFTWARE_INJECTION,CSS-LoRa SX1278 (Ra-02),200.0,469,1787960223.4498,-125.0,-22.0,False,,DEGRADED_COMMUNICATION,True
4470,BURST_LOSS_SHADOW,CONTROLLED_SOFTWARE_INJECTION,CSS-LoRa SX1278 (Ra-02),200.0,470,1787960223.4998,-125.0,-22.0,False,,DEGRADED_COMMUNICATION,True
4471,BURST_LOSS_SHADOW,CONTROLLED_SOFTWARE_INJECTION,CSS-LoRa SX1278 (Ra-02),200.0,471,1787960223.5498,-125.0,-22.0,False,,DEGRADED_COMMUNICATION,True
4472,BURST_LOSS_SHADOW,CONTROLLED_SOFTWARE_INJECTION,CSS-LoRa SX1278 (Ra-02),200.0,472,1787960223.5998,-125.0,-22.0,False,,DEGRADED_COMMUNICATION,True
4473,BURST_LOSS_SHADOW,CONTROLLED_SOFTWARE_INJECTION,CSS-LoRa SX1278 (Ra-02),200.0,473,1787960223.6498,-125.0,-22.0,False,,DEGRADED_COMMUNICATION,True
4474,BURST_LOSS_SHADOW,CONTROLLED_SOFTWARE_INJECTION,CSS-LoRa SX1278 (Ra-02),200.0,474,1787960223.6998,-125.0,-22.0,False,,DEGRADED_COMMUNICATION,True
4475,BURST_LOSS_SHADOW,CONTROLLED_SOFTWARE_INJECTION,CSS-LoRa SX1278 (Ra-02),200.0,475,1787960223.7498,-125.0,-22.0,False,,DEGRADED_COMMUNICATION,True
4476,BURST_LOSS_SHADOW,CONTROLLED_SOFTWARE_INJECTION,CSS-LoRa SX1278 (Ra-02),200.0,476,1787960223.7998,-82.38,1.92,True,23.44,DEGRADED_COMMUNICATION,True
4477,BURST_LOSS_SHADOW,CONTROLLED_SOFTWARE_INJECTION,CSS-LoRa SX1278 (Ra-02),200.0,477,1787960223.8498,-125.0,-22.0,False,,DEGRADED_COMMUNICATION,True
4478,BURST_LOSS_SHADOW,CONTROLLED_SOFTWARE_INJECTION,CSS-LoRa SX1278 (Ra-02),200.0,478,1787960223.8998,-125.0,-22.0,False,,DEGRADED_COMMUNICATION,True
4479,BURST_LOSS_SHADOW,CONTROLLED_SOFTWARE_INJECTION,CSS-LoRa SX1278 (Ra-02),200.0,479,1787960223.9498,-125.0,-22.0,False,,DEGRADED_COMMUNICATION,True
4480,BURST_LOSS_SHADOW,CONTROLLED_SOFTWARE_INJECTION,CSS-LoRa SX1278 (Ra-02),200.0,480,1787960223.9998,-125.0,-22.0,False,,DEGRADED_COMMUNICATION,True
4481,BURST_LOSS_SHADOW,CONTROLLED_SOFTWARE_INJECTION,CSS-LoRa SX1278 (Ra-02),200.0,481,1787960224.0498,-125.0,-22.0,False,,DEGRADED_COMMUNICATION,True
4482,BURST_LOSS_SHADOW,CONTROLLED_SOFTWARE_INJECTION,CSS-LoRa SX1278 (Ra-02),200.0,482,1787960224.0998,-125.0,-22.0,False,,DEGRADED_COMMUNICATION,True
4483,BURST_LOSS_SHADOW,CONTROLLED_SOFTWARE_INJECTION,CSS-LoRa SX1278 (Ra-02),200.0,483,1787960224.1498,-125.0,-22.0,False,,DEGRADED_COMMUNICATION,True
4484,BURST_LOSS_SHADOW,CONTROLLED_SOFTWARE_INJECTION,CSS-LoRa SX1278 (Ra-02),200.0,484,1787960224.1998,-125.0,-22.0,False,,DEGRADED_COMMUNICATION,True
4485,BURST_LOSS_SHADOW,CONTROLLED_SOFTWARE_INJECTION,CSS-LoRa SX1278 (Ra-02),200.0,485,1787960224.2498,-125.0,-22.0,False,,DEGRADED_COMMUNICATION,True
4486,BURST_LOSS_SHADOW,CONTROLLED_SOFTWARE_INJECTION,CSS-LoRa SX1278 (Ra-02),200.0,486,1787960224.2998,-125.0,-22.0,False,,DEGRADED_COMMUNICATION,True
4487,BURST_LOSS_SHADOW,CONTROLLED_SOFTWARE_INJECTION,CSS-LoRa SX1278 (Ra-02),200.0,487,1787960224.3498,-125.0,-22.0,False,,DEGRADED_COMMUNICATION,True
4488,BURST_LOSS_SHADOW,CONTROLLED_SOFTWARE_INJECTION,CSS-LoRa SX1278 (Ra-02),200.0,488,1787960224.3998,-125.0,-22.0,False,,DEGRADED_COMMUNICATION,True
4489,BURST_LOSS_SHADOW,CONTROLLED_SOFTWARE_INJECTION,CSS-LoRa SX1278 (Ra-02),200.0,489,1787960224.4498,-125.0,-22.0,False,,DEGRADED_COMMUNICATION,True
4490,BURST_LOSS_SHADOW,CONTROLLED_SOFTWARE_INJECTION,CSS-LoRa SX1278 (Ra-02),200.0,490,1787960224.4998,-125.0,-22.0,False,,DEGRADED_COMMUNICATION,True
4491,BURST_LOSS_SHADOW,CONTROLLED_SOFTWARE_INJECTION,CSS-LoRa SX1278 (Ra-02),200.0,491,1787960224.5498,-125.0,-22.0,False,,DEGRADED_COMMUNICATION,True
4492,BURST_LOSS_SHADOW,CONTROLLED_SOFTWARE_INJECTION,CSS-LoRa SX1278 (Ra-02),200.0,492,1787960224.5998,-125.0,-22.0,False,,DEGRADED_COMMUNICATION,True
4493,BURST_LOSS_SHADOW,CONTROLLED_SOFTWARE_INJECTION,CSS-LoRa SX1278 (Ra-02),200.0,493,1787960224.6498,-125.0,-22.0,False,,DEGRADED_COMMUNICATION,True
4494,BURST_LOSS_SHADOW,CONTROLLED_SOFTWARE_INJECTION,CSS-LoRa SX1278 (Ra-02),200.0,494,1787960224.6998,-125.0,-22.0,False,,DEGRADED_COMMUNICATION,True
4495,BURST_LOSS_SHADOW,CONTROLLED_SOFTWARE_INJECTION,CSS-LoRa SX1278 (Ra-02),200.0,495,1787960224.7498,-125.0,-22.0,False,,DEGRADED_COMMUNICATION,True
4496,BURST_LOSS_SHADOW,CONTROLLED_SOFTWARE_INJECTION,CSS-LoRa SX1278 (Ra-02),200.0,496,1787960224.7998,-125.0,-22.0,False,,DEGRADED_COMMUNICATION,True
4497,BURST_LOSS_SHADOW,CONTROLLED_SOFTWARE_INJECTION,CSS-LoRa SX1278 (Ra-02),200.0,497,1787960224.8498,-125.0,-22.0,False,,DEGRADED_COMMUNICATION,True
4498,BURST_LOSS_SHADOW,CONTROLLED_SOFTWARE_INJECTION,CSS-LoRa SX1278 (Ra-02),200.0,498,1787960224.8998,-125.0,-22.0,False,,DEGRADED_COMMUNICATION,True
4499,BURST_LOSS_SHADOW,CONTROLLED_SOFTWARE_INJECTION,CSS-LoRa SX1278 (Ra-02),200.0,499,1787960224.9498,-81.67,1.71,True,22.74,DEGRADED_COMMUNICATION,True
4500,BURST_LOSS_SHADOW,CONTROLLED_SOFTWARE_INJECTION,CSS-LoRa SX1278 (Ra-02),200.0,500,1787960224.9998,-125.0,-22.0,False,,DEGRADED_COMMUNICATION,True
4501,BURST_LOSS_SHADOW,CONTROLLED_SOFTWARE_INJECTION,CSS-LoRa SX1278 (Ra-02),200.0,501,1787960225.0498,-125.0,-22.0,False,,DEGRADED_COMMUNICATION,True
4502,BURST_LOSS_SHADOW,CONTROLLED_SOFTWARE_INJECTION,CSS-LoRa SX1278 (Ra-02),200.0,502,1787960225.0998,-125.0,-22.0,False,,DEGRADED_COMMUNICATION,True
4503,BURST_LOSS_SHADOW,CONTROLLED_SOFTWARE_INJECTION,CSS-LoRa SX1278 (Ra-02),200.0,503,1787960225.1498,-125.0,-22.0,False,,DEGRADED_COMMUNICATION,True
4504,BURST_LOSS_SHADOW,CONTROLLED_SOFTWARE_INJECTION,CSS-LoRa SX1278 (Ra-02),200.0,504,1787960225.1998,-125.0,-22.0,False,,DEGRADED_COMMUNICATION,True
4505,BURST_LOSS_SHADOW,CONTROLLED_SOFTWARE_INJECTION,CSS-LoRa SX1278 (Ra-02),200.0,505,1787960225.2498,-125.0,-22.0,False,,DEGRADED_COMMUNICATION,True
4506,BURST_LOSS_SHADOW,CONTROLLED_SOFTWARE_INJECTION,CSS-LoRa SX1278 (Ra-02),200.0,506,1787960225.2998,-125.0,-22.0,False,,DEGRADED_COMMUNICATION,True
4507,BURST_LOSS_SHADOW,CONTROLLED_SOFTWARE_INJECTION,CSS-LoRa SX1278 (Ra-02),200.0,507,1787960225.3498,-125.0,-22.0,False,,DEGRADED_COMMUNICATION,True
4508,BURST_LOSS_SHADOW,CONTROLLED_SOFTWARE_INJECTION,CSS-LoRa SX1278 (Ra-02),200.0,508,1787960225.3998,-125.0,-22.0,False,,DEGRADED_COMMUNICATION,True
4509,BURST_LOSS_SHADOW,CONTROLLED_SOFTWARE_INJECTION,CSS-LoRa SX1278 (Ra-02),200.0,509,1787960225.4498,-125.0,-22.0,False,,DEGRADED_COMMUNICATION,True
4510,BURST_LOSS_SHADOW,CONTROLLED_SOFTWARE_INJECTION,CSS-LoRa SX1278 (Ra-02),200.0,510,1787960225.4998,-125.0,-22.0,False,,DEGRADED_COMMUNICATION,True
4511,BURST_LOSS_SHADOW,CONTROLLED_SOFTWARE_INJECTION,CSS-LoRa SX1278 (Ra-02),200.0,511,1787960225.5498,-125.0,-22.0,False,,DEGRADED_COMMUNICATION,True
4512,BURST_LOSS_SHADOW,CONTROLLED_SOFTWARE_INJECTION,CSS-LoRa SX1278 (Ra-02),200.0,512,1787960225.5998,-125.0,-22.0,False,,DEGRADED_COMMUNICATION,True
4513,BURST_LOSS_SHADOW,CONTROLLED_SOFTWARE_INJECTION,CSS-LoRa SX1278 (Ra-02),200.0,513,1787960225.6498,-125.0,-22.0,False,,DEGRADED_COMMUNICATION,True
4514,BURST_LOSS_SHADOW,CONTROLLED_SOFTWARE_INJECTION,CSS-LoRa SX1278 (Ra-02),200.0,514,1787960225.6998,-125.0,-22.0,False,,DEGRADED_COMMUNICATION,True
4515,BURST_LOSS_SHADOW,CONTROLLED_SOFTWARE_INJECTION,CSS-LoRa SX1278 (Ra-02),200.0,515,1787960225.7498,-125.0,-22.0,False,,DEGRADED_COMMUNICATION,True
4516,BURST_LOSS_SHADOW,CONTROLLED_SOFTWARE_INJECTION,CSS-LoRa SX1278 (Ra-02),200.0,516,1787960225.7998,-125.0,-22.0,False,,DEGRADED_COMMUNICATION,True
4517,BURST_LOSS_SHADOW,CONTROLLED_SOFTWARE_INJECTION,CSS-LoRa SX1278 (Ra-02),200.0,517,1787960225.8498,-125.0,-22.0,False,,DEGRADED_COMMUNICATION,True
4518,BURST_LOSS_SHADOW,CONTROLLED_SOFTWARE_INJECTION,CSS-LoRa SX1278 (Ra-02),200.0,518,1787960225.8998,-125.0,-22.0,False,,DEGRADED_COMMUNICATION,True
4519,BURST_LOSS_SHADOW,CONTROLLED_SOFTWARE_INJECTION,CSS-LoRa SX1278 (Ra-02),200.0,519,1787960225.9498,-125.0,-22.0,False,,DEGRADED_COMMUNICATION,True
4520,BURST_LOSS_SHADOW,CONTROLLED_SOFTWARE_INJECTION,CSS-LoRa SX1278 (Ra-02),200.0,520,1787960225.9998,-125.0,-22.0,False,,DEGRADED_COMMUNICATION,True
4521,BURST_LOSS_SHADOW,CONTROLLED_SOFTWARE_INJECTION,CSS-LoRa SX1278 (Ra-02),200.0,521,1787960226.0498,-125.0,-22.0,False,,DEGRADED_COMMUNICATION,True
4522,BURST_LOSS_SHADOW,CONTROLLED_SOFTWARE_INJECTION,CSS-LoRa SX1278 (Ra-02),200.0,522,1787960226.0998,-88.38,1.73,True,25.44,DEGRADED_COMMUNICATION,True
4523,BURST_LOSS_SHADOW,CONTROLLED_SOFTWARE_INJECTION,CSS-LoRa SX1278 (Ra-02),200.0,523,1787960226.1498,-125.0,-22.0,False,,DEGRADED_COMMUNICATION,True
4524,BURST_LOSS_SHADOW,CONTROLLED_SOFTWARE_INJECTION,CSS-LoRa SX1278 (Ra-02),200.0,524,1787960226.1998,-125.0,-22.0,False,,DEGRADED_COMMUNICATION,True
4525,BURST_LOSS_SHADOW,CONTROLLED_SOFTWARE_INJECTION,CSS-LoRa SX1278 (Ra-02),200.0,525,1787960226.2498,-125.0,-22.0,False,,DEGRADED_COMMUNICATION,True
4526,BURST_LOSS_SHADOW,CONTROLLED_SOFTWARE_INJECTION,CSS-LoRa SX1278 (Ra-02),200.0,526,1787960226.2998,-125.0,-22.0,False,,DEGRADED_COMMUNICATION,True
4527,BURST_LOSS_SHADOW,CONTROLLED_SOFTWARE_INJECTION,CSS-LoRa SX1278 (Ra-02),200.0,527,1787960226.3498,-125.0,-22.0,False,,DEGRADED_COMMUNICATION,True
4528,BURST_LOSS_SHADOW,CONTROLLED_SOFTWARE_INJECTION,CSS-LoRa SX1278 (Ra-02),200.0,528,1787960226.3998,-125.0,-22.0,False,,DEGRADED_COMMUNICATION,True
4529,BURST_LOSS_SHADOW,CONTROLLED_SOFTWARE_INJECTION,CSS-LoRa SX1278 (Ra-02),200.0,529,1787960226.4498,-125.0,-22.0,False,,DEGRADED_COMMUNICATION,True
4530,BURST_LOSS_SHADOW,CONTROLLED_SOFTWARE_INJECTION,CSS-LoRa SX1278 (Ra-02),200.0,530,1787960226.4998,-125.0,-22.0,False,,DEGRADED_COMMUNICATION,True
4531,BURST_LOSS_SHADOW,CONTROLLED_SOFTWARE_INJECTION,CSS-LoRa SX1278 (Ra-02),200.0,531,1787960226.5498,-125.0,-22.0,False,,DEGRADED_COMMUNICATION,True
4532,BURST_LOSS_SHADOW,CONTROLLED_SOFTWARE_INJECTION,CSS-LoRa SX1278 (Ra-02),200.0,532,1787960226.5998,-125.0,-22.0,False,,DEGRADED_COMMUNICATION,True
4533,BURST_LOSS_SHADOW,CONTROLLED_SOFTWARE_INJECTION,CSS-LoRa SX1278 (Ra-02),200.0,533,1787960226.6498,-125.0,-22.0,False,,DEGRADED_COMMUNICATION,True
4534,BURST_LOSS_SHADOW,CONTROLLED_SOFTWARE_INJECTION,CSS-LoRa SX1278 (Ra-02),200.0,534,1787960226.6998,-125.0,-22.0,False,,DEGRADED_COMMUNICATION,True
4535,BURST_LOSS_SHADOW,CONTROLLED_SOFTWARE_INJECTION,CSS-LoRa SX1278 (Ra-02),200.0,535,1787960226.7498,-125.0,-22.0,False,,DEGRADED_COMMUNICATION,True
4536,BURST_LOSS_SHADOW,CONTROLLED_SOFTWARE_INJECTION,CSS-LoRa SX1278 (Ra-02),200.0,536,1787960226.7998,-125.0,-22.0,False,,DEGRADED_COMMUNICATION,True
4537,BURST_LOSS_SHADOW,CONTROLLED_SOFTWARE_INJECTION,CSS-LoRa SX1278 (Ra-02),200.0,537,1787960226.8498,-125.0,-22.0,False,,DEGRADED_COMMUNICATION,True
4538,BURST_LOSS_SHADOW,CONTROLLED_SOFTWARE_INJECTION,CSS-LoRa SX1278 (Ra-02),200.0,538,1787960226.8998,-125.0,-22.0,False,,DEGRADED_COMMUNICATION,True
4539,BURST_LOSS_SHADOW,CONTROLLED_SOFTWARE_INJECTION,CSS-LoRa SX1278 (Ra-02),200.0,539,1787960226.9498,-125.0,-22.0,False,,DEGRADED_COMMUNICATION,True
4540,BURST_LOSS_SHADOW,CONTROLLED_SOFTWARE_INJECTION,CSS-LoRa SX1278 (Ra-02),200.0,540,1787960226.9998,-125.0,-22.0,False,,DEGRADED_COMMUNICATION,True
4541,BURST_LOSS_SHADOW,CONTROLLED_SOFTWARE_INJECTION,CSS-LoRa SX1278 (Ra-02),200.0,541,1787960227.0498,-125.0,-22.0,False,,DEGRADED_COMMUNICATION,True
4542,BURST_LOSS_SHADOW,CONTROLLED_SOFTWARE_INJECTION,CSS-LoRa SX1278 (Ra-02),200.0,542,1787960227.0998,-125.0,-22.0,False,,DEGRADED_COMMUNICATION,True
4543,BURST_LOSS_SHADOW,CONTROLLED_SOFTWARE_INJECTION,CSS-LoRa SX1278 (Ra-02),200.0,543,1787960227.1498,-125.0,-22.0,False,,DEGRADED_COMMUNICATION,True
4544,BURST_LOSS_SHADOW,CONTROLLED_SOFTWARE_INJECTION,CSS-LoRa SX1278 (Ra-02),200.0,544,1787960227.1998,-125.0,-22.0,False,,DEGRADED_COMMUNICATION,True
4545,BURST_LOSS_SHADOW,CONTROLLED_SOFTWARE_INJECTION,CSS-LoRa SX1278 (Ra-02),200.0,545,1787960227.2498,-125.0,-22.0,False,,DEGRADED_COMMUNICATION,True
4546,BURST_LOSS_SHADOW,CONTROLLED_SOFTWARE_INJECTION,CSS-LoRa SX1278 (Ra-02),200.0,546,1787960227.2998,-125.0,-22.0,False,,DEGRADED_COMMUNICATION,True
4547,BURST_LOSS_SHADOW,CONTROLLED_SOFTWARE_INJECTION,CSS-LoRa SX1278 (Ra-02),200.0,547,1787960227.3498,-125.0,-22.0,False,,DEGRADED_COMMUNICATION,True
4548,BURST_LOSS_SHADOW,CONTROLLED_SOFTWARE_INJECTION,CSS-LoRa SX1278 (Ra-02),200.0,548,1787960227.3998,-125.0,-22.0,False,,DEGRADED_COMMUNICATION,True
4549,BURST_LOSS_SHADOW,CONTROLLED_SOFTWARE_INJECTION,CSS-LoRa SX1278 (Ra-02),200.0,549,1787960227.4498,-125.0,-22.0,False,,DEGRADED_COMMUNICATION,True
4550,BURST_LOSS_SHADOW,CONTROLLED_SOFTWARE_INJECTION,CSS-LoRa SX1278 (Ra-02),200.0,550,1787960227.4998,-125.0,-22.0,False,,DEGRADED_COMMUNICATION,True
4551,BURST_LOSS_SHADOW,CONTROLLED_SOFTWARE_INJECTION,CSS-LoRa SX1278 (Ra-02),200.0,551,1787960227.5498,-125.0,-22.0,False,,DEGRADED_COMMUNICATION,True
4552,BURST_LOSS_SHADOW,CONTROLLED_SOFTWARE_INJECTION,CSS-LoRa SX1278 (Ra-02),200.0,552,1787960227.5998,-125.0,-22.0,False,,DEGRADED_COMMUNICATION,True
4553,BURST_LOSS_SHADOW,CONTROLLED_SOFTWARE_INJECTION,CSS-LoRa SX1278 (Ra-02),200.0,553,1787960227.6498,-125.0,-22.0,False,,DEGRADED_COMMUNICATION,True
4554,BURST_LOSS_SHADOW,CONTROLLED_SOFTWARE_INJECTION,CSS-LoRa SX1278 (Ra-02),200.0,554,1787960227.6998,-125.0,-22.0,False,,DEGRADED_COMMUNICATION,True
4555,BURST_LOSS_SHADOW,CONTROLLED_SOFTWARE_INJECTION,CSS-LoRa SX1278 (Ra-02),200.0,555,1787960227.7498,-125.0,-22.0,False,,DEGRADED_COMMUNICATION,True
4556,BURST_LOSS_SHADOW,CONTROLLED_SOFTWARE_INJECTION,CSS-LoRa SX1278 (Ra-02),200.0,556,1787960227.7998,-125.0,-22.0,False,,DEGRADED_COMMUNICATION,True
4557,BURST_LOSS_SHADOW,CONTROLLED_SOFTWARE_INJECTION,CSS-LoRa SX1278 (Ra-02),200.0,557,1787960227.8498,-125.0,-22.0,False,,DEGRADED_COMMUNICATION,True
4558,BURST_LOSS_SHADOW,CONTROLLED_SOFTWARE_INJECTION,CSS-LoRa SX1278 (Ra-02),200.0,558,1787960227.8998,-125.0,-22.0,False,,DEGRADED_COMMUNICATION,True
4559,BURST_LOSS_SHADOW,CONTROLLED_SOFTWARE_INJECTION,CSS-LoRa SX1278 (Ra-02),200.0,559,1787960227.9498,-125.0,-22.0,False,,DEGRADED_COMMUNICATION,True
4560,BURST_LOSS_SHADOW,CONTROLLED_SOFTWARE_INJECTION,CSS-LoRa SX1278 (Ra-02),200.0,560,1787960227.9998,-125.0,-22.0,False,,DEGRADED_COMMUNICATION,True
4561,BURST_LOSS_SHADOW,CONTROLLED_SOFTWARE_INJECTION,CSS-LoRa SX1278 (Ra-02),200.0,561,1787960228.0498,-125.0,-22.0,False,,DEGRADED_COMMUNICATION,True
4562,BURST_LOSS_SHADOW,CONTROLLED_SOFTWARE_INJECTION,CSS-LoRa SX1278 (Ra-02),200.0,562,1787960228.0998,-125.0,-22.0,False,,DEGRADED_COMMUNICATION,True
4563,BURST_LOSS_SHADOW,CONTROLLED_SOFTWARE_INJECTION,CSS-LoRa SX1278 (Ra-02),200.0,563,1787960228.1498,-125.0,-22.0,False,,DEGRADED_COMMUNICATION,True
4564,BURST_LOSS_SHADOW,CONTROLLED_SOFTWARE_INJECTION,CSS-LoRa SX1278 (Ra-02),200.0,564,1787960228.1998,-125.0,-22.0,False,,DEGRADED_COMMUNICATION,True
4565,BURST_LOSS_SHADOW,CONTROLLED_SOFTWARE_INJECTION,CSS-LoRa SX1278 (Ra-02),200.0,565,1787960228.2498,-125.0,-22.0,False,,DEGRADED_COMMUNICATION,True
4566,BURST_LOSS_SHADOW,CONTROLLED_SOFTWARE_INJECTION,CSS-LoRa SX1278 (Ra-02),200.0,566,1787960228.2998,-125.0,-22.0,False,,DEGRADED_COMMUNICATION,True
4567,BURST_LOSS_SHADOW,CONTROLLED_SOFTWARE_INJECTION,CSS-LoRa SX1278 (Ra-02),200.0,567,1787960228.3498,-125.0,-22.0,False,,DEGRADED_COMMUNICATION,True
4568,BURST_LOSS_SHADOW,CONTROLLED_SOFTWARE_INJECTION,CSS-LoRa SX1278 (Ra-02),200.0,568,1787960228.3998,-125.0,-22.0,False,,DEGRADED_COMMUNICATION,True
4569,BURST_LOSS_SHADOW,CONTROLLED_SOFTWARE_INJECTION,CSS-LoRa SX1278 (Ra-02),200.0,569,1787960228.4498,-125.0,-22.0,False,,DEGRADED_COMMUNICATION,True
4570,BURST_LOSS_SHADOW,CONTROLLED_SOFTWARE_INJECTION,CSS-LoRa SX1278 (Ra-02),200.0,570,1787960228.4998,-125.0,-22.0,False,,DEGRADED_COMMUNICATION,True
4571,BURST_LOSS_SHADOW,CONTROLLED_SOFTWARE_INJECTION,CSS-LoRa SX1278 (Ra-02),200.0,571,1787960228.5498,-125.0,-22.0,False,,DEGRADED_COMMUNICATION,True
4572,BURST_LOSS_SHADOW,CONTROLLED_SOFTWARE_INJECTION,CSS-LoRa SX1278 (Ra-02),200.0,572,1787960228.5998,-125.0,-22.0,False,,DEGRADED_COMMUNICATION,True
4573,BURST_LOSS_SHADOW,CONTROLLED_SOFTWARE_INJECTION,CSS-LoRa SX1278 (Ra-02),200.0,573,1787960228.6498,-125.0,-22.0,False,,DEGRADED_COMMUNICATION,True
4574,BURST_LOSS_SHADOW,CONTROLLED_SOFTWARE_INJECTION,CSS-LoRa SX1278 (Ra-02),200.0,574,1787960228.6998,-125.0,-22.0,False,,DEGRADED_COMMUNICATION,True
4575,BURST_LOSS_SHADOW,CONTROLLED_SOFTWARE_INJECTION,CSS-LoRa SX1278 (Ra-02),200.0,575,1787960228.7498,-125.0,-22.0,False,,DEGRADED_COMMUNICATION,True
4576,BURST_LOSS_SHADOW,CONTROLLED_SOFTWARE_INJECTION,CSS-LoRa SX1278 (Ra-02),200.0,576,1787960228.7998,-125.0,-22.0,False,,DEGRADED_COMMUNICATION,True
4577,BURST_LOSS_SHADOW,CONTROLLED_SOFTWARE_INJECTION,CSS-LoRa SX1278 (Ra-02),200.0,577,1787960228.8498,-125.0,-22.0,False,,DEGRADED_COMMUNICATION,True
4578,BURST_LOSS_SHADOW,CONTROLLED_SOFTWARE_INJECTION,CSS-LoRa SX1278 (Ra-02),200.0,578,1787960228.8998,-125.0,-22.0,False,,DEGRADED_COMMUNICATION,True
4579,BURST_LOSS_SHADOW,CONTROLLED_SOFTWARE_INJECTION,CSS-LoRa SX1278 (Ra-02),200.0,579,1787960228.9498,-125.0,-22.0,False,,DEGRADED_COMMUNICATION,True
4580,BURST_LOSS_SHADOW,CONTROLLED_SOFTWARE_INJECTION,CSS-LoRa SX1278 (Ra-02),200.0,580,1787960228.9998,-125.0,-22.0,False,,DEGRADED_COMMUNICATION,True
4581,BURST_LOSS_SHADOW,CONTROLLED_SOFTWARE_INJECTION,CSS-LoRa SX1278 (Ra-02),200.0,581,1787960229.0498,-125.0,-22.0,False,,DEGRADED_COMMUNICATION,True
4582,BURST_LOSS_SHADOW,CONTROLLED_SOFTWARE_INJECTION,CSS-LoRa SX1278 (Ra-02),200.0,582,1787960229.0998,-125.0,-22.0,False,,DEGRADED_COMMUNICATION,True
4583,BURST_LOSS_SHADOW,CONTROLLED_SOFTWARE_INJECTION,CSS-LoRa SX1278 (Ra-02),200.0,583,1787960229.1498,-125.0,-22.0,False,,DEGRADED_COMMUNICATION,True
4584,BURST_LOSS_SHADOW,CONTROLLED_SOFTWARE_INJECTION,CSS-LoRa SX1278 (Ra-02),200.0,584,1787960229.1998,-125.0,-22.0,False,,DEGRADED_COMMUNICATION,True
4585,BURST_LOSS_SHADOW,CONTROLLED_SOFTWARE_INJECTION,CSS-LoRa SX1278 (Ra-02),200.0,585,1787960229.2498,-125.0,-22.0,False,,DEGRADED_COMMUNICATION,True
4586,BURST_LOSS_SHADOW,CONTROLLED_SOFTWARE_INJECTION,CSS-LoRa SX1278 (Ra-02),200.0,586,1787960229.2998,-88.25,1.39,True,27.22,DEGRADED_COMMUNICATION,True
4587,BURST_LOSS_SHADOW,CONTROLLED_SOFTWARE_INJECTION,CSS-LoRa SX1278 (Ra-02),200.0,587,1787960229.3498,-125.0,-22.0,False,,DEGRADED_COMMUNICATION,True
4588,BURST_LOSS_SHADOW,CONTROLLED_SOFTWARE_INJECTION,CSS-LoRa SX1278 (Ra-02),200.0,588,1787960229.3998,-125.0,-22.0,False,,DEGRADED_COMMUNICATION,True
4589,BURST_LOSS_SHADOW,CONTROLLED_SOFTWARE_INJECTION,CSS-LoRa SX1278 (Ra-02),200.0,589,1787960229.4498,-125.0,-22.0,False,,DEGRADED_COMMUNICATION,True
4590,BURST_LOSS_SHADOW,CONTROLLED_SOFTWARE_INJECTION,CSS-LoRa SX1278 (Ra-02),200.0,590,1787960229.4998,-125.0,-22.0,False,,DEGRADED_COMMUNICATION,True
4591,BURST_LOSS_SHADOW,CONTROLLED_SOFTWARE_INJECTION,CSS-LoRa SX1278 (Ra-02),200.0,591,1787960229.5498,-125.0,-22.0,False,,DEGRADED_COMMUNICATION,True
4592,BURST_LOSS_SHADOW,CONTROLLED_SOFTWARE_INJECTION,CSS-LoRa SX1278 (Ra-02),200.0,592,1787960229.5998,-125.0,-22.0,False,,DEGRADED_COMMUNICATION,True
4593,BURST_LOSS_SHADOW,CONTROLLED_SOFTWARE_INJECTION,CSS-LoRa SX1278 (Ra-02),200.0,593,1787960229.6498,-125.0,-22.0,False,,DEGRADED_COMMUNICATION,True
4594,BURST_LOSS_SHADOW,CONTROLLED_SOFTWARE_INJECTION,CSS-LoRa SX1278 (Ra-02),200.0,594,1787960229.6998,-125.0,-22.0,False,,DEGRADED_COMMUNICATION,True
4595,BURST_LOSS_SHADOW,CONTROLLED_SOFTWARE_INJECTION,CSS-LoRa SX1278 (Ra-02),200.0,595,1787960229.7498,-125.0,-22.0,False,,DEGRADED_COMMUNICATION,True
4596,BURST_LOSS_SHADOW,CONTROLLED_SOFTWARE_INJECTION,CSS-LoRa SX1278 (Ra-02),200.0,596,1787960229.7998,-125.0,-22.0,False,,DEGRADED_COMMUNICATION,True
4597,BURST_LOSS_SHADOW,CONTROLLED_SOFTWARE_INJECTION,CSS-LoRa SX1278 (Ra-02),200.0,597,1787960229.8498,-125.0,-22.0,False,,DEGRADED_COMMUNICATION,True
4598,BURST_LOSS_SHADOW,CONTROLLED_SOFTWARE_INJECTION,CSS-LoRa SX1278 (Ra-02),200.0,598,1787960229.8998,-125.0,-22.0,False,,DEGRADED_COMMUNICATION,True
4599,BURST_LOSS_SHADOW,CONTROLLED_SOFTWARE_INJECTION,CSS-LoRa SX1278 (Ra-02),200.0,599,1787960229.9498,-82.84,4.29,True,25.8,DEGRADED_COMMUNICATION,True
4600,BURST_LOSS_SHADOW,CONTROLLED_SOFTWARE_INJECTION,CSS-LoRa SX1278 (Ra-02),200.0,600,1787960229.9998,-125.0,-22.0,False,,DEGRADED_COMMUNICATION,True
4601,BURST_LOSS_SHADOW,CONTROLLED_SOFTWARE_INJECTION,CSS-LoRa SX1278 (Ra-02),200.0,601,1787960230.0498,-125.0,-22.0,False,,DEGRADED_COMMUNICATION,True
4602,BURST_LOSS_SHADOW,CONTROLLED_SOFTWARE_INJECTION,CSS-LoRa SX1278 (Ra-02),200.0,602,1787960230.0998,-125.0,-22.0,False,,DEGRADED_COMMUNICATION,True
4603,BURST_LOSS_SHADOW,CONTROLLED_SOFTWARE_INJECTION,CSS-LoRa SX1278 (Ra-02),200.0,603,1787960230.1498,-125.0,-22.0,False,,DEGRADED_COMMUNICATION,True
4604,BURST_LOSS_SHADOW,CONTROLLED_SOFTWARE_INJECTION,CSS-LoRa SX1278 (Ra-02),200.0,604,1787960230.1998,-125.0,-22.0,False,,DEGRADED_COMMUNICATION,True
4605,BURST_LOSS_SHADOW,CONTROLLED_SOFTWARE_INJECTION,CSS-LoRa SX1278 (Ra-02),200.0,605,1787960230.2498,-125.0,-22.0,False,,DEGRADED_COMMUNICATION,True
4606,BURST_LOSS_SHADOW,CONTROLLED_SOFTWARE_INJECTION,CSS-LoRa SX1278 (Ra-02),200.0,606,1787960230.2998,-125.0,-22.0,False,,DEGRADED_COMMUNICATION,True
4607,BURST_LOSS_SHADOW,CONTROLLED_SOFTWARE_INJECTION,CSS-LoRa SX1278 (Ra-02),200.0,607,1787960230.3498,-125.0,-22.0,False,,DEGRADED_COMMUNICATION,True
4608,BURST_LOSS_SHADOW,CONTROLLED_SOFTWARE_INJECTION,CSS-LoRa SX1278 (Ra-02),200.0,608,1787960230.3998,-125.0,-22.0,False,,DEGRADED_COMMUNICATION,True
4609,BURST_LOSS_SHADOW,CONTROLLED_SOFTWARE_INJECTION,CSS-LoRa SX1278 (Ra-02),200.0,609,1787960230.4498,-125.0,-22.0,False,,DEGRADED_COMMUNICATION,True
4610,BURST_LOSS_SHADOW,CONTROLLED_SOFTWARE_INJECTION,CSS-LoRa SX1278 (Ra-02),200.0,610,1787960230.4998,-125.0,-22.0,False,,DEGRADED_COMMUNICATION,True
4611,BURST_LOSS_SHADOW,CONTROLLED_SOFTWARE_INJECTION,CSS-LoRa SX1278 (Ra-02),200.0,611,1787960230.5498,-125.0,-22.0,False,,DEGRADED_COMMUNICATION,True
4612,BURST_LOSS_SHADOW,CONTROLLED_SOFTWARE_INJECTION,CSS-LoRa SX1278 (Ra-02),200.0,612,1787960230.5998,-125.0,-22.0,False,,DEGRADED_COMMUNICATION,True
4613,BURST_LOSS_SHADOW,CONTROLLED_SOFTWARE_INJECTION,CSS-LoRa SX1278 (Ra-02),200.0,613,1787960230.6498,-125.0,-22.0,False,,DEGRADED_COMMUNICATION,True
4614,BURST_LOSS_SHADOW,CONTROLLED_SOFTWARE_INJECTION,CSS-LoRa SX1278 (Ra-02),200.0,614,1787960230.6998,-125.0,-22.0,False,,DEGRADED_COMMUNICATION,True
4615,BURST_LOSS_SHADOW,CONTROLLED_SOFTWARE_INJECTION,CSS-LoRa SX1278 (Ra-02),200.0,615,1787960230.7498,-125.0,-22.0,False,,DEGRADED_COMMUNICATION,True
4616,BURST_LOSS_SHADOW,CONTROLLED_SOFTWARE_INJECTION,CSS-LoRa SX1278 (Ra-02),200.0,616,1787960230.7998,-125.0,-22.0,False,,DEGRADED_COMMUNICATION,True
4617,BURST_LOSS_SHADOW,CONTROLLED_SOFTWARE_INJECTION,CSS-LoRa SX1278 (Ra-02),200.0,617,1787960230.8498,-125.0,-22.0,False,,DEGRADED_COMMUNICATION,True
4618,BURST_LOSS_SHADOW,CONTROLLED_SOFTWARE_INJECTION,CSS-LoRa SX1278 (Ra-02),200.0,618,1787960230.8998,-125.0,-22.0,False,,DEGRADED_COMMUNICATION,True
4619,BURST_LOSS_SHADOW,CONTROLLED_SOFTWARE_INJECTION,CSS-LoRa SX1278 (Ra-02),200.0,619,1787960230.9498,-125.0,-22.0,False,,DEGRADED_COMMUNICATION,True
4620,BURST_LOSS_SHADOW,CONTROLLED_SOFTWARE_INJECTION,CSS-LoRa SX1278 (Ra-02),200.0,620,1787960230.9998,-125.0,-22.0,False,,DEGRADED_COMMUNICATION,True
4621,BURST_LOSS_SHADOW,CONTROLLED_SOFTWARE_INJECTION,CSS-LoRa SX1278 (Ra-02),200.0,621,1787960231.0498,-125.0,-22.0,False,,DEGRADED_COMMUNICATION,True
4622,BURST_LOSS_SHADOW,CONTROLLED_SOFTWARE_INJECTION,CSS-LoRa SX1278 (Ra-02),200.0,622,1787960231.0998,-125.0,-22.0,False,,DEGRADED_COMMUNICATION,True
4623,BURST_LOSS_SHADOW,CONTROLLED_SOFTWARE_INJECTION,CSS-LoRa SX1278 (Ra-02),200.0,623,1787960231.1498,-125.0,-22.0,False,,DEGRADED_COMMUNICATION,True
4624,BURST_LOSS_SHADOW,CONTROLLED_SOFTWARE_INJECTION,CSS-LoRa SX1278 (Ra-02),200.0,624,1787960231.1998,-125.0,-22.0,False,,DEGRADED_COMMUNICATION,True
4625,BURST_LOSS_SHADOW,CONTROLLED_SOFTWARE_INJECTION,CSS-LoRa SX1278 (Ra-02),200.0,625,1787960231.2498,-125.0,-22.0,False,,DEGRADED_COMMUNICATION,True
4626,BURST_LOSS_SHADOW,CONTROLLED_SOFTWARE_INJECTION,CSS-LoRa SX1278 (Ra-02),200.0,626,1787960231.2998,-125.0,-22.0,False,,DEGRADED_COMMUNICATION,True
4627,BURST_LOSS_SHADOW,CONTROLLED_SOFTWARE_INJECTION,CSS-LoRa SX1278 (Ra-02),200.0,627,1787960231.3498,-125.0,-22.0,False,,DEGRADED_COMMUNICATION,True
4628,BURST_LOSS_SHADOW,CONTROLLED_SOFTWARE_INJECTION,CSS-LoRa SX1278 (Ra-02),200.0,628,1787960231.3998,-125.0,-22.0,False,,DEGRADED_COMMUNICATION,True
4629,BURST_LOSS_SHADOW,CONTROLLED_SOFTWARE_INJECTION,CSS-LoRa SX1278 (Ra-02),200.0,629,1787960231.4498,-125.0,-22.0,False,,DEGRADED_COMMUNICATION,True
4630,BURST_LOSS_SHADOW,CONTROLLED_SOFTWARE_INJECTION,CSS-LoRa SX1278 (Ra-02),200.0,630,1787960231.4998,-125.0,-22.0,False,,DEGRADED_COMMUNICATION,True
4631,BURST_LOSS_SHADOW,CONTROLLED_SOFTWARE_INJECTION,CSS-LoRa SX1278 (Ra-02),200.0,631,1787960231.5498,-125.0,-22.0,False,,DEGRADED_COMMUNICATION,True
4632,BURST_LOSS_SHADOW,CONTROLLED_SOFTWARE_INJECTION,CSS-LoRa SX1278 (Ra-02),200.0,632,1787960231.5998,-125.0,-22.0,False,,DEGRADED_COMMUNICATION,True
4633,BURST_LOSS_SHADOW,CONTROLLED_SOFTWARE_INJECTION,CSS-LoRa SX1278 (Ra-02),200.0,633,1787960231.6498,-87.12,5.5,True,23.94,DEGRADED_COMMUNICATION,True
4634,BURST_LOSS_SHADOW,CONTROLLED_SOFTWARE_INJECTION,CSS-LoRa SX1278 (Ra-02),200.0,634,1787960231.6998,-125.0,-22.0,False,,DEGRADED_COMMUNICATION,True
4635,BURST_LOSS_SHADOW,CONTROLLED_SOFTWARE_INJECTION,CSS-LoRa SX1278 (Ra-02),200.0,635,1787960231.7498,-125.0,-22.0,False,,DEGRADED_COMMUNICATION,True
4636,BURST_LOSS_SHADOW,CONTROLLED_SOFTWARE_INJECTION,CSS-LoRa SX1278 (Ra-02),200.0,636,1787960231.7998,-125.0,-22.0,False,,DEGRADED_COMMUNICATION,True
4637,BURST_LOSS_SHADOW,CONTROLLED_SOFTWARE_INJECTION,CSS-LoRa SX1278 (Ra-02),200.0,637,1787960231.8498,-125.0,-22.0,False,,DEGRADED_COMMUNICATION,True
4638,BURST_LOSS_SHADOW,CONTROLLED_SOFTWARE_INJECTION,CSS-LoRa SX1278 (Ra-02),200.0,638,1787960231.8998,-125.0,-22.0,False,,DEGRADED_COMMUNICATION,True
4639,BURST_LOSS_SHADOW,CONTROLLED_SOFTWARE_INJECTION,CSS-LoRa SX1278 (Ra-02),200.0,639,1787960231.9498,-125.0,-22.0,False,,DEGRADED_COMMUNICATION,True
4640,BURST_LOSS_SHADOW,CONTROLLED_SOFTWARE_INJECTION,CSS-LoRa SX1278 (Ra-02),200.0,640,1787960231.9998,-125.0,-22.0,False,,DEGRADED_COMMUNICATION,True
4641,BURST_LOSS_SHADOW,CONTROLLED_SOFTWARE_INJECTION,CSS-LoRa SX1278 (Ra-02),200.0,641,1787960232.0498,-125.0,-22.0,False,,DEGRADED_COMMUNICATION,True
4642,BURST_LOSS_SHADOW,CONTROLLED_SOFTWARE_INJECTION,CSS-LoRa SX1278 (Ra-02),200.0,642,1787960232.0998,-125.0,-22.0,False,,DEGRADED_COMMUNICATION,True
4643,BURST_LOSS_SHADOW,CONTROLLED_SOFTWARE_INJECTION,CSS-LoRa SX1278 (Ra-02),200.0,643,1787960232.1498,-125.0,-22.0,False,,DEGRADED_COMMUNICATION,True
4644,BURST_LOSS_SHADOW,CONTROLLED_SOFTWARE_INJECTION,CSS-LoRa SX1278 (Ra-02),200.0,644,1787960232.1998,-125.0,-22.0,False,,DEGRADED_COMMUNICATION,True
4645,BURST_LOSS_SHADOW,CONTROLLED_SOFTWARE_INJECTION,CSS-LoRa SX1278 (Ra-02),200.0,645,1787960232.2498,-125.0,-22.0,False,,DEGRADED_COMMUNICATION,True
4646,BURST_LOSS_SHADOW,CONTROLLED_SOFTWARE_INJECTION,CSS-LoRa SX1278 (Ra-02),200.0,646,1787960232.2998,-125.0,-22.0,False,,DEGRADED_COMMUNICATION,True
4647,BURST_LOSS_SHADOW,CONTROLLED_SOFTWARE_INJECTION,CSS-LoRa SX1278 (Ra-02),200.0,647,1787960232.3498,-125.0,-22.0,False,,DEGRADED_COMMUNICATION,True
4648,BURST_LOSS_SHADOW,CONTROLLED_SOFTWARE_INJECTION,CSS-LoRa SX1278 (Ra-02),200.0,648,1787960232.3998,-125.0,-22.0,False,,DEGRADED_COMMUNICATION,True
4649,BURST_LOSS_SHADOW,CONTROLLED_SOFTWARE_INJECTION,CSS-LoRa SX1278 (Ra-02),200.0,649,1787960232.4498,-125.0,-22.0,False,,DEGRADED_COMMUNICATION,True
4650,BURST_LOSS_SHADOW,CONTROLLED_SOFTWARE_INJECTION,CSS-LoRa SX1278 (Ra-02),200.0,650,1787960232.4998,-125.0,-22.0,False,,DEGRADED_COMMUNICATION,True
4651,BURST_LOSS_SHADOW,CONTROLLED_SOFTWARE_INJECTION,CSS-LoRa SX1278 (Ra-02),200.0,651,1787960232.5498,-125.0,-22.0,False,,DEGRADED_COMMUNICATION,True
4652,BURST_LOSS_SHADOW,CONTROLLED_SOFTWARE_INJECTION,CSS-LoRa SX1278 (Ra-02),200.0,652,1787960232.5998,-125.0,-22.0,False,,DEGRADED_COMMUNICATION,True
4653,BURST_LOSS_SHADOW,CONTROLLED_SOFTWARE_INJECTION,CSS-LoRa SX1278 (Ra-02),200.0,653,1787960232.6498,-125.0,-22.0,False,,DEGRADED_COMMUNICATION,True
4654,BURST_LOSS_SHADOW,CONTROLLED_SOFTWARE_INJECTION,CSS-LoRa SX1278 (Ra-02),200.0,654,1787960232.6998,-87.12,3.59,True,23.93,DEGRADED_COMMUNICATION,True
4655,BURST_LOSS_SHADOW,CONTROLLED_SOFTWARE_INJECTION,CSS-LoRa SX1278 (Ra-02),200.0,655,1787960232.7498,-125.0,-22.0,False,,DEGRADED_COMMUNICATION,True
4656,BURST_LOSS_SHADOW,CONTROLLED_SOFTWARE_INJECTION,CSS-LoRa SX1278 (Ra-02),200.0,656,1787960232.7998,-125.0,-22.0,False,,DEGRADED_COMMUNICATION,True
4657,BURST_LOSS_SHADOW,CONTROLLED_SOFTWARE_INJECTION,CSS-LoRa SX1278 (Ra-02),200.0,657,1787960232.8498,-125.0,-22.0,False,,DEGRADED_COMMUNICATION,True
4658,BURST_LOSS_SHADOW,CONTROLLED_SOFTWARE_INJECTION,CSS-LoRa SX1278 (Ra-02),200.0,658,1787960232.8998,-125.0,-22.0,False,,DEGRADED_COMMUNICATION,True
4659,BURST_LOSS_SHADOW,CONTROLLED_SOFTWARE_INJECTION,CSS-LoRa SX1278 (Ra-02),200.0,659,1787960232.9498,-125.0,-22.0,False,,DEGRADED_COMMUNICATION,True
4660,BURST_LOSS_SHADOW,CONTROLLED_SOFTWARE_INJECTION,CSS-LoRa SX1278 (Ra-02),200.0,660,1787960232.9998,-125.0,-22.0,False,,DEGRADED_COMMUNICATION,True
4661,BURST_LOSS_SHADOW,CONTROLLED_SOFTWARE_INJECTION,CSS-LoRa SX1278 (Ra-02),200.0,661,1787960233.0498,-125.0,-22.0,False,,DEGRADED_COMMUNICATION,True
4662,BURST_LOSS_SHADOW,CONTROLLED_SOFTWARE_INJECTION,CSS-LoRa SX1278 (Ra-02),200.0,662,1787960233.0998,-125.0,-22.0,False,,DEGRADED_COMMUNICATION,True
4663,BURST_LOSS_SHADOW,CONTROLLED_SOFTWARE_INJECTION,CSS-LoRa SX1278 (Ra-02),200.0,663,1787960233.1498,-125.0,-22.0,False,,DEGRADED_COMMUNICATION,True
4664,BURST_LOSS_SHADOW,CONTROLLED_SOFTWARE_INJECTION,CSS-LoRa SX1278 (Ra-02),200.0,664,1787960233.1998,-125.0,-22.0,False,,DEGRADED_COMMUNICATION,True
4665,BURST_LOSS_SHADOW,CONTROLLED_SOFTWARE_INJECTION,CSS-LoRa SX1278 (Ra-02),200.0,665,1787960233.2498,-125.0,-22.0,False,,DEGRADED_COMMUNICATION,True
4666,BURST_LOSS_SHADOW,CONTROLLED_SOFTWARE_INJECTION,CSS-LoRa SX1278 (Ra-02),200.0,666,1787960233.2998,-125.0,-22.0,False,,DEGRADED_COMMUNICATION,True
4667,BURST_LOSS_SHADOW,CONTROLLED_SOFTWARE_INJECTION,CSS-LoRa SX1278 (Ra-02),200.0,667,1787960233.3498,-125.0,-22.0,False,,DEGRADED_COMMUNICATION,True
4668,BURST_LOSS_SHADOW,CONTROLLED_SOFTWARE_INJECTION,CSS-LoRa SX1278 (Ra-02),200.0,668,1787960233.3998,-125.0,-22.0,False,,DEGRADED_COMMUNICATION,True
4669,BURST_LOSS_SHADOW,CONTROLLED_SOFTWARE_INJECTION,CSS-LoRa SX1278 (Ra-02),200.0,669,1787960233.4498,-125.0,-22.0,False,,DEGRADED_COMMUNICATION,True
4670,BURST_LOSS_SHADOW,CONTROLLED_SOFTWARE_INJECTION,CSS-LoRa SX1278 (Ra-02),200.0,670,1787960233.4998,-125.0,-22.0,False,,DEGRADED_COMMUNICATION,True
4671,BURST_LOSS_SHADOW,CONTROLLED_SOFTWARE_INJECTION,CSS-LoRa SX1278 (Ra-02),200.0,671,1787960233.5498,-125.0,-22.0,False,,DEGRADED_COMMUNICATION,True
4672,BURST_LOSS_SHADOW,CONTROLLED_SOFTWARE_INJECTION,CSS-LoRa SX1278 (Ra-02),200.0,672,1787960233.5998,-125.0,-22.0,False,,DEGRADED_COMMUNICATION,True
4673,BURST_LOSS_SHADOW,CONTROLLED_SOFTWARE_INJECTION,CSS-LoRa SX1278 (Ra-02),200.0,673,1787960233.6498,-125.0,-22.0,False,,DEGRADED_COMMUNICATION,True
4674,BURST_LOSS_SHADOW,CONTROLLED_SOFTWARE_INJECTION,CSS-LoRa SX1278 (Ra-02),200.0,674,1787960233.6998,-125.0,-22.0,False,,DEGRADED_COMMUNICATION,True
4675,BURST_LOSS_SHADOW,CONTROLLED_SOFTWARE_INJECTION,CSS-LoRa SX1278 (Ra-02),200.0,675,1787960233.7498,-125.0,-22.0,False,,DEGRADED_COMMUNICATION,True
4676,BURST_LOSS_SHADOW,CONTROLLED_SOFTWARE_INJECTION,CSS-LoRa SX1278 (Ra-02),200.0,676,1787960233.7998,-125.0,-22.0,False,,DEGRADED_COMMUNICATION,True
4677,BURST_LOSS_SHADOW,CONTROLLED_SOFTWARE_INJECTION,CSS-LoRa SX1278 (Ra-02),200.0,677,1787960233.8498,-125.0,-22.0,False,,DEGRADED_COMMUNICATION,True
4678,BURST_LOSS_SHADOW,CONTROLLED_SOFTWARE_INJECTION,CSS-LoRa SX1278 (Ra-02),200.0,678,1787960233.8998,-125.0,-22.0,False,,DEGRADED_COMMUNICATION,True
4679,BURST_LOSS_SHADOW,CONTROLLED_SOFTWARE_INJECTION,CSS-LoRa SX1278 (Ra-02),200.0,679,1787960233.9498,-125.0,-22.0,False,,DEGRADED_COMMUNICATION,True
4680,BURST_LOSS_SHADOW,CONTROLLED_SOFTWARE_INJECTION,CSS-LoRa SX1278 (Ra-02),200.0,680,1787960233.9998,-125.0,-22.0,False,,DEGRADED_COMMUNICATION,True
4681,BURST_LOSS_SHADOW,CONTROLLED_SOFTWARE_INJECTION,CSS-LoRa SX1278 (Ra-02),200.0,681,1787960234.0498,-125.0,-22.0,False,,DEGRADED_COMMUNICATION,True
4682,BURST_LOSS_SHADOW,CONTROLLED_SOFTWARE_INJECTION,CSS-LoRa SX1278 (Ra-02),200.0,682,1787960234.0998,-125.0,-22.0,False,,DEGRADED_COMMUNICATION,True
4683,BURST_LOSS_SHADOW,CONTROLLED_SOFTWARE_INJECTION,CSS-LoRa SX1278 (Ra-02),200.0,683,1787960234.1498,-125.0,-22.0,False,,DEGRADED_COMMUNICATION,True
4684,BURST_LOSS_SHADOW,CONTROLLED_SOFTWARE_INJECTION,CSS-LoRa SX1278 (Ra-02),200.0,684,1787960234.1998,-87.72,3.93,True,22.1,DEGRADED_COMMUNICATION,True
4685,BURST_LOSS_SHADOW,CONTROLLED_SOFTWARE_INJECTION,CSS-LoRa SX1278 (Ra-02),200.0,685,1787960234.2498,-125.0,-22.0,False,,DEGRADED_COMMUNICATION,True
4686,BURST_LOSS_SHADOW,CONTROLLED_SOFTWARE_INJECTION,CSS-LoRa SX1278 (Ra-02),200.0,686,1787960234.2998,-125.0,-22.0,False,,DEGRADED_COMMUNICATION,True
4687,BURST_LOSS_SHADOW,CONTROLLED_SOFTWARE_INJECTION,CSS-LoRa SX1278 (Ra-02),200.0,687,1787960234.3498,-125.0,-22.0,False,,DEGRADED_COMMUNICATION,True
4688,BURST_LOSS_SHADOW,CONTROLLED_SOFTWARE_INJECTION,CSS-LoRa SX1278 (Ra-02),200.0,688,1787960234.3998,-125.0,-22.0,False,,DEGRADED_COMMUNICATION,True
4689,BURST_LOSS_SHADOW,CONTROLLED_SOFTWARE_INJECTION,CSS-LoRa SX1278 (Ra-02),200.0,689,1787960234.4498,-125.0,-22.0,False,,DEGRADED_COMMUNICATION,True
4690,BURST_LOSS_SHADOW,CONTROLLED_SOFTWARE_INJECTION,CSS-LoRa SX1278 (Ra-02),200.0,690,1787960234.4998,-125.0,-22.0,False,,DEGRADED_COMMUNICATION,True
4691,BURST_LOSS_SHADOW,CONTROLLED_SOFTWARE_INJECTION,CSS-LoRa SX1278 (Ra-02),200.0,691,1787960234.5498,-125.0,-22.0,False,,DEGRADED_COMMUNICATION,True
4692,BURST_LOSS_SHADOW,CONTROLLED_SOFTWARE_INJECTION,CSS-LoRa SX1278 (Ra-02),200.0,692,1787960234.5998,-125.0,-22.0,False,,DEGRADED_COMMUNICATION,True
4693,BURST_LOSS_SHADOW,CONTROLLED_SOFTWARE_INJECTION,CSS-LoRa SX1278 (Ra-02),200.0,693,1787960234.6498,-125.0,-22.0,False,,DEGRADED_COMMUNICATION,True
4694,BURST_LOSS_SHADOW,CONTROLLED_SOFTWARE_INJECTION,CSS-LoRa SX1278 (Ra-02),200.0,694,1787960234.6998,-125.0,-22.0,False,,DEGRADED_COMMUNICATION,True
4695,BURST_LOSS_SHADOW,CONTROLLED_SOFTWARE_INJECTION,CSS-LoRa SX1278 (Ra-02),200.0,695,1787960234.7498,-125.0,-22.0,False,,DEGRADED_COMMUNICATION,True
4696,BURST_LOSS_SHADOW,CONTROLLED_SOFTWARE_INJECTION,CSS-LoRa SX1278 (Ra-02),200.0,696,1787960234.7998,-125.0,-22.0,False,,DEGRADED_COMMUNICATION,True
4697,BURST_LOSS_SHADOW,CONTROLLED_SOFTWARE_INJECTION,CSS-LoRa SX1278 (Ra-02),200.0,697,1787960234.8498,-125.0,-22.0,False,,DEGRADED_COMMUNICATION,True
4698,BURST_LOSS_SHADOW,CONTROLLED_SOFTWARE_INJECTION,CSS-LoRa SX1278 (Ra-02),200.0,698,1787960234.8998,-125.0,-22.0,False,,DEGRADED_COMMUNICATION,True
4699,BURST_LOSS_SHADOW,CONTROLLED_SOFTWARE_INJECTION,CSS-LoRa SX1278 (Ra-02),200.0,699,1787960234.9498,-125.0,-22.0,False,,DEGRADED_COMMUNICATION,True
4700,BURST_LOSS_SHADOW,CONTROLLED_SOFTWARE_INJECTION,CSS-LoRa SX1278 (Ra-02),200.0,700,1787960234.9998,-125.0,-22.0,False,,DEGRADED_COMMUNICATION,True
4701,BURST_LOSS_SHADOW,CONTROLLED_SOFTWARE_INJECTION,CSS-LoRa SX1278 (Ra-02),200.0,701,1787960235.0498,-125.0,-22.0,False,,DEGRADED_COMMUNICATION,True
4702,BURST_LOSS_SHADOW,CONTROLLED_SOFTWARE_INJECTION,CSS-LoRa SX1278 (Ra-02),200.0,702,1787960235.0998,-125.0,-22.0,False,,DEGRADED_COMMUNICATION,True
4703,BURST_LOSS_SHADOW,CONTROLLED_SOFTWARE_INJECTION,CSS-LoRa SX1278 (Ra-02),200.0,703,1787960235.1498,-125.0,-22.0,False,,DEGRADED_COMMUNICATION,True
4704,BURST_LOSS_SHADOW,CONTROLLED_SOFTWARE_INJECTION,CSS-LoRa SX1278 (Ra-02),200.0,704,1787960235.1998,-125.0,-22.0,False,,DEGRADED_COMMUNICATION,True
4705,BURST_LOSS_SHADOW,CONTROLLED_SOFTWARE_INJECTION,CSS-LoRa SX1278 (Ra-02),200.0,705,1787960235.2498,-125.0,-22.0,False,,DEGRADED_COMMUNICATION,True
4706,BURST_LOSS_SHADOW,CONTROLLED_SOFTWARE_INJECTION,CSS-LoRa SX1278 (Ra-02),200.0,706,1787960235.2998,-125.0,-22.0,False,,DEGRADED_COMMUNICATION,True
4707,BURST_LOSS_SHADOW,CONTROLLED_SOFTWARE_INJECTION,CSS-LoRa SX1278 (Ra-02),200.0,707,1787960235.3498,-83.39,2.07,True,23.68,DEGRADED_COMMUNICATION,True
4708,BURST_LOSS_SHADOW,CONTROLLED_SOFTWARE_INJECTION,CSS-LoRa SX1278 (Ra-02),200.0,708,1787960235.3998,-125.0,-22.0,False,,DEGRADED_COMMUNICATION,True
4709,BURST_LOSS_SHADOW,CONTROLLED_SOFTWARE_INJECTION,CSS-LoRa SX1278 (Ra-02),200.0,709,1787960235.4498,-125.0,-22.0,False,,DEGRADED_COMMUNICATION,True
4710,BURST_LOSS_SHADOW,CONTROLLED_SOFTWARE_INJECTION,CSS-LoRa SX1278 (Ra-02),200.0,710,1787960235.4998,-125.0,-22.0,False,,DEGRADED_COMMUNICATION,True
4711,BURST_LOSS_SHADOW,CONTROLLED_SOFTWARE_INJECTION,CSS-LoRa SX1278 (Ra-02),200.0,711,1787960235.5498,-125.0,-22.0,False,,DEGRADED_COMMUNICATION,True
4712,BURST_LOSS_SHADOW,CONTROLLED_SOFTWARE_INJECTION,CSS-LoRa SX1278 (Ra-02),200.0,712,1787960235.5998,-125.0,-22.0,False,,DEGRADED_COMMUNICATION,True
4713,BURST_LOSS_SHADOW,CONTROLLED_SOFTWARE_INJECTION,CSS-LoRa SX1278 (Ra-02),200.0,713,1787960235.6498,-125.0,-22.0,False,,DEGRADED_COMMUNICATION,True
4714,BURST_LOSS_SHADOW,CONTROLLED_SOFTWARE_INJECTION,CSS-LoRa SX1278 (Ra-02),200.0,714,1787960235.6998,-125.0,-22.0,False,,DEGRADED_COMMUNICATION,True
4715,BURST_LOSS_SHADOW,CONTROLLED_SOFTWARE_INJECTION,CSS-LoRa SX1278 (Ra-02),200.0,715,1787960235.7498,-125.0,-22.0,False,,DEGRADED_COMMUNICATION,True
4716,BURST_LOSS_SHADOW,CONTROLLED_SOFTWARE_INJECTION,CSS-LoRa SX1278 (Ra-02),200.0,716,1787960235.7998,-125.0,-22.0,False,,DEGRADED_COMMUNICATION,True
4717,BURST_LOSS_SHADOW,CONTROLLED_SOFTWARE_INJECTION,CSS-LoRa SX1278 (Ra-02),200.0,717,1787960235.8498,-125.0,-22.0,False,,DEGRADED_COMMUNICATION,True
4718,BURST_LOSS_SHADOW,CONTROLLED_SOFTWARE_INJECTION,CSS-LoRa SX1278 (Ra-02),200.0,718,1787960235.8998,-125.0,-22.0,False,,DEGRADED_COMMUNICATION,True
4719,BURST_LOSS_SHADOW,CONTROLLED_SOFTWARE_INJECTION,CSS-LoRa SX1278 (Ra-02),200.0,719,1787960235.9498,-125.0,-22.0,False,,DEGRADED_COMMUNICATION,True
4720,BURST_LOSS_SHADOW,CONTROLLED_SOFTWARE_INJECTION,CSS-LoRa SX1278 (Ra-02),200.0,720,1787960235.9998,-125.0,-22.0,False,,DEGRADED_COMMUNICATION,True
4721,BURST_LOSS_SHADOW,CONTROLLED_SOFTWARE_INJECTION,CSS-LoRa SX1278 (Ra-02),200.0,721,1787960236.0498,-125.0,-22.0,False,,DEGRADED_COMMUNICATION,True
4722,BURST_LOSS_SHADOW,CONTROLLED_SOFTWARE_INJECTION,CSS-LoRa SX1278 (Ra-02),200.0,722,1787960236.0998,-125.0,-22.0,False,,DEGRADED_COMMUNICATION,True
4723,BURST_LOSS_SHADOW,CONTROLLED_SOFTWARE_INJECTION,CSS-LoRa SX1278 (Ra-02),200.0,723,1787960236.1498,-125.0,-22.0,False,,DEGRADED_COMMUNICATION,True
4724,BURST_LOSS_SHADOW,CONTROLLED_SOFTWARE_INJECTION,CSS-LoRa SX1278 (Ra-02),200.0,724,1787960236.1998,-125.0,-22.0,False,,DEGRADED_COMMUNICATION,True
4725,BURST_LOSS_SHADOW,CONTROLLED_SOFTWARE_INJECTION,CSS-LoRa SX1278 (Ra-02),200.0,725,1787960236.2498,-125.0,-22.0,False,,DEGRADED_COMMUNICATION,True
4726,BURST_LOSS_SHADOW,CONTROLLED_SOFTWARE_INJECTION,CSS-LoRa SX1278 (Ra-02),200.0,726,1787960236.2998,-125.0,-22.0,False,,DEGRADED_COMMUNICATION,True
4727,BURST_LOSS_SHADOW,CONTROLLED_SOFTWARE_INJECTION,CSS-LoRa SX1278 (Ra-02),200.0,727,1787960236.3498,-125.0,-22.0,False,,DEGRADED_COMMUNICATION,True
4728,BURST_LOSS_SHADOW,CONTROLLED_SOFTWARE_INJECTION,CSS-LoRa SX1278 (Ra-02),200.0,728,1787960236.3998,-125.0,-22.0,False,,DEGRADED_COMMUNICATION,True
4729,BURST_LOSS_SHADOW,CONTROLLED_SOFTWARE_INJECTION,CSS-LoRa SX1278 (Ra-02),200.0,729,1787960236.4498,-125.0,-22.0,False,,DEGRADED_COMMUNICATION,True
4730,BURST_LOSS_SHADOW,CONTROLLED_SOFTWARE_INJECTION,CSS-LoRa SX1278 (Ra-02),200.0,730,1787960236.4998,-125.0,-22.0,False,,DEGRADED_COMMUNICATION,True
4731,BURST_LOSS_SHADOW,CONTROLLED_SOFTWARE_INJECTION,CSS-LoRa SX1278 (Ra-02),200.0,731,1787960236.5498,-125.0,-22.0,False,,DEGRADED_COMMUNICATION,True
4732,BURST_LOSS_SHADOW,CONTROLLED_SOFTWARE_INJECTION,CSS-LoRa SX1278 (Ra-02),200.0,732,1787960236.5998,-125.0,-22.0,False,,DEGRADED_COMMUNICATION,True
4733,BURST_LOSS_SHADOW,CONTROLLED_SOFTWARE_INJECTION,CSS-LoRa SX1278 (Ra-02),200.0,733,1787960236.6498,-125.0,-22.0,False,,DEGRADED_COMMUNICATION,True
4734,BURST_LOSS_SHADOW,CONTROLLED_SOFTWARE_INJECTION,CSS-LoRa SX1278 (Ra-02),200.0,734,1787960236.6998,-125.0,-22.0,False,,DEGRADED_COMMUNICATION,True
4735,BURST_LOSS_SHADOW,CONTROLLED_SOFTWARE_INJECTION,CSS-LoRa SX1278 (Ra-02),200.0,735,1787960236.7498,-84.72,3.59,True,25.43,DEGRADED_COMMUNICATION,True
4736,BURST_LOSS_SHADOW,CONTROLLED_SOFTWARE_INJECTION,CSS-LoRa SX1278 (Ra-02),200.0,736,1787960236.7998,-88.59,-1.58,True,22.82,DEGRADED_COMMUNICATION,True
4737,BURST_LOSS_SHADOW,CONTROLLED_SOFTWARE_INJECTION,CSS-LoRa SX1278 (Ra-02),200.0,737,1787960236.8498,-125.0,-22.0,False,,DEGRADED_COMMUNICATION,True
4738,BURST_LOSS_SHADOW,CONTROLLED_SOFTWARE_INJECTION,CSS-LoRa SX1278 (Ra-02),200.0,738,1787960236.8998,-125.0,-22.0,False,,DEGRADED_COMMUNICATION,True
4739,BURST_LOSS_SHADOW,CONTROLLED_SOFTWARE_INJECTION,CSS-LoRa SX1278 (Ra-02),200.0,739,1787960236.9498,-125.0,-22.0,False,,DEGRADED_COMMUNICATION,True
4740,BURST_LOSS_SHADOW,CONTROLLED_SOFTWARE_INJECTION,CSS-LoRa SX1278 (Ra-02),200.0,740,1787960236.9998,-125.0,-22.0,False,,DEGRADED_COMMUNICATION,True
4741,BURST_LOSS_SHADOW,CONTROLLED_SOFTWARE_INJECTION,CSS-LoRa SX1278 (Ra-02),200.0,741,1787960237.0498,-125.0,-22.0,False,,DEGRADED_COMMUNICATION,True
4742,BURST_LOSS_SHADOW,CONTROLLED_SOFTWARE_INJECTION,CSS-LoRa SX1278 (Ra-02),200.0,742,1787960237.0998,-125.0,-22.0,False,,DEGRADED_COMMUNICATION,True
4743,BURST_LOSS_SHADOW,CONTROLLED_SOFTWARE_INJECTION,CSS-LoRa SX1278 (Ra-02),200.0,743,1787960237.1498,-125.0,-22.0,False,,DEGRADED_COMMUNICATION,True
4744,BURST_LOSS_SHADOW,CONTROLLED_SOFTWARE_INJECTION,CSS-LoRa SX1278 (Ra-02),200.0,744,1787960237.1998,-125.0,-22.0,False,,DEGRADED_COMMUNICATION,True
4745,BURST_LOSS_SHADOW,CONTROLLED_SOFTWARE_INJECTION,CSS-LoRa SX1278 (Ra-02),200.0,745,1787960237.2498,-125.0,-22.0,False,,DEGRADED_COMMUNICATION,True
4746,BURST_LOSS_SHADOW,CONTROLLED_SOFTWARE_INJECTION,CSS-LoRa SX1278 (Ra-02),200.0,746,1787960237.2998,-125.0,-22.0,False,,DEGRADED_COMMUNICATION,True
4747,BURST_LOSS_SHADOW,CONTROLLED_SOFTWARE_INJECTION,CSS-LoRa SX1278 (Ra-02),200.0,747,1787960237.3498,-125.0,-22.0,False,,DEGRADED_COMMUNICATION,True
4748,BURST_LOSS_SHADOW,CONTROLLED_SOFTWARE_INJECTION,CSS-LoRa SX1278 (Ra-02),200.0,748,1787960237.3998,-125.0,-22.0,False,,DEGRADED_COMMUNICATION,True
4749,BURST_LOSS_SHADOW,CONTROLLED_SOFTWARE_INJECTION,CSS-LoRa SX1278 (Ra-02),200.0,749,1787960237.4498,-125.0,-22.0,False,,DEGRADED_COMMUNICATION,True
4750,BURST_LOSS_SHADOW,CONTROLLED_SOFTWARE_INJECTION,CSS-LoRa SX1278 (Ra-02),200.0,750,1787960237.4998,-125.0,-22.0,False,,DEGRADED_COMMUNICATION,True
4751,BURST_LOSS_SHADOW,CONTROLLED_SOFTWARE_INJECTION,CSS-LoRa SX1278 (Ra-02),200.0,751,1787960237.5498,-125.0,-22.0,False,,DEGRADED_COMMUNICATION,True
4752,BURST_LOSS_SHADOW,CONTROLLED_SOFTWARE_INJECTION,CSS-LoRa SX1278 (Ra-02),200.0,752,1787960237.5998,-125.0,-22.0,False,,DEGRADED_COMMUNICATION,True
4753,BURST_LOSS_SHADOW,CONTROLLED_SOFTWARE_INJECTION,CSS-LoRa SX1278 (Ra-02),200.0,753,1787960237.6498,-125.0,-22.0,False,,DEGRADED_COMMUNICATION,True
4754,BURST_LOSS_SHADOW,CONTROLLED_SOFTWARE_INJECTION,CSS-LoRa SX1278 (Ra-02),200.0,754,1787960237.6998,-125.0,-22.0,False,,DEGRADED_COMMUNICATION,True
4755,BURST_LOSS_SHADOW,CONTROLLED_SOFTWARE_INJECTION,CSS-LoRa SX1278 (Ra-02),200.0,755,1787960237.7498,-125.0,-22.0,False,,DEGRADED_COMMUNICATION,True
4756,BURST_LOSS_SHADOW,CONTROLLED_SOFTWARE_INJECTION,CSS-LoRa SX1278 (Ra-02),200.0,756,1787960237.7998,-125.0,-22.0,False,,DEGRADED_COMMUNICATION,True
4757,BURST_LOSS_SHADOW,CONTROLLED_SOFTWARE_INJECTION,CSS-LoRa SX1278 (Ra-02),200.0,757,1787960237.8498,-125.0,-22.0,False,,DEGRADED_COMMUNICATION,True
4758,BURST_LOSS_SHADOW,CONTROLLED_SOFTWARE_INJECTION,CSS-LoRa SX1278 (Ra-02),200.0,758,1787960237.8998,-125.0,-22.0,False,,DEGRADED_COMMUNICATION,True
4759,BURST_LOSS_SHADOW,CONTROLLED_SOFTWARE_INJECTION,CSS-LoRa SX1278 (Ra-02),200.0,759,1787960237.9498,-125.0,-22.0,False,,DEGRADED_COMMUNICATION,True
4760,BURST_LOSS_SHADOW,CONTROLLED_SOFTWARE_INJECTION,CSS-LoRa SX1278 (Ra-02),200.0,760,1787960237.9998,-85.25,0.02,True,26.24,DEGRADED_COMMUNICATION,True
4761,BURST_LOSS_SHADOW,CONTROLLED_SOFTWARE_INJECTION,CSS-LoRa SX1278 (Ra-02),200.0,761,1787960238.0498,-125.0,-22.0,False,,DEGRADED_COMMUNICATION,True
4762,BURST_LOSS_SHADOW,CONTROLLED_SOFTWARE_INJECTION,CSS-LoRa SX1278 (Ra-02),200.0,762,1787960238.0998,-125.0,-22.0,False,,DEGRADED_COMMUNICATION,True
4763,BURST_LOSS_SHADOW,CONTROLLED_SOFTWARE_INJECTION,CSS-LoRa SX1278 (Ra-02),200.0,763,1787960238.1498,-125.0,-22.0,False,,DEGRADED_COMMUNICATION,True
4764,BURST_LOSS_SHADOW,CONTROLLED_SOFTWARE_INJECTION,CSS-LoRa SX1278 (Ra-02),200.0,764,1787960238.1998,-125.0,-22.0,False,,DEGRADED_COMMUNICATION,True
4765,BURST_LOSS_SHADOW,CONTROLLED_SOFTWARE_INJECTION,CSS-LoRa SX1278 (Ra-02),200.0,765,1787960238.2498,-125.0,-22.0,False,,DEGRADED_COMMUNICATION,True
4766,BURST_LOSS_SHADOW,CONTROLLED_SOFTWARE_INJECTION,CSS-LoRa SX1278 (Ra-02),200.0,766,1787960238.2998,-125.0,-22.0,False,,DEGRADED_COMMUNICATION,True
4767,BURST_LOSS_SHADOW,CONTROLLED_SOFTWARE_INJECTION,CSS-LoRa SX1278 (Ra-02),200.0,767,1787960238.3498,-125.0,-22.0,False,,DEGRADED_COMMUNICATION,True
4768,BURST_LOSS_SHADOW,CONTROLLED_SOFTWARE_INJECTION,CSS-LoRa SX1278 (Ra-02),200.0,768,1787960238.3998,-125.0,-22.0,False,,DEGRADED_COMMUNICATION,True
4769,BURST_LOSS_SHADOW,CONTROLLED_SOFTWARE_INJECTION,CSS-LoRa SX1278 (Ra-02),200.0,769,1787960238.4498,-125.0,-22.0,False,,DEGRADED_COMMUNICATION,True
4770,BURST_LOSS_SHADOW,CONTROLLED_SOFTWARE_INJECTION,CSS-LoRa SX1278 (Ra-02),200.0,770,1787960238.4998,-125.0,-22.0,False,,DEGRADED_COMMUNICATION,True
4771,BURST_LOSS_SHADOW,CONTROLLED_SOFTWARE_INJECTION,CSS-LoRa SX1278 (Ra-02),200.0,771,1787960238.5498,-125.0,-22.0,False,,DEGRADED_COMMUNICATION,True
4772,BURST_LOSS_SHADOW,CONTROLLED_SOFTWARE_INJECTION,CSS-LoRa SX1278 (Ra-02),200.0,772,1787960238.5998,-125.0,-22.0,False,,DEGRADED_COMMUNICATION,True
4773,BURST_LOSS_SHADOW,CONTROLLED_SOFTWARE_INJECTION,CSS-LoRa SX1278 (Ra-02),200.0,773,1787960238.6498,-125.0,-22.0,False,,DEGRADED_COMMUNICATION,True
4774,BURST_LOSS_SHADOW,CONTROLLED_SOFTWARE_INJECTION,CSS-LoRa SX1278 (Ra-02),200.0,774,1787960238.6998,-125.0,-22.0,False,,DEGRADED_COMMUNICATION,True
4775,BURST_LOSS_SHADOW,CONTROLLED_SOFTWARE_INJECTION,CSS-LoRa SX1278 (Ra-02),200.0,775,1787960238.7498,-125.0,-22.0,False,,DEGRADED_COMMUNICATION,True
4776,BURST_LOSS_SHADOW,CONTROLLED_SOFTWARE_INJECTION,CSS-LoRa SX1278 (Ra-02),200.0,776,1787960238.7998,-125.0,-22.0,False,,DEGRADED_COMMUNICATION,True
4777,BURST_LOSS_SHADOW,CONTROLLED_SOFTWARE_INJECTION,CSS-LoRa SX1278 (Ra-02),200.0,777,1787960238.8498,-125.0,-22.0,False,,DEGRADED_COMMUNICATION,True
4778,BURST_LOSS_SHADOW,CONTROLLED_SOFTWARE_INJECTION,CSS-LoRa SX1278 (Ra-02),200.0,778,1787960238.8998,-125.0,-22.0,False,,DEGRADED_COMMUNICATION,True
4779,BURST_LOSS_SHADOW,CONTROLLED_SOFTWARE_INJECTION,CSS-LoRa SX1278 (Ra-02),200.0,779,1787960238.9498,-125.0,-22.0,False,,DEGRADED_COMMUNICATION,True
4780,BURST_LOSS_SHADOW,CONTROLLED_SOFTWARE_INJECTION,CSS-LoRa SX1278 (Ra-02),200.0,780,1787960238.9998,-125.0,-22.0,False,,DEGRADED_COMMUNICATION,True
4781,BURST_LOSS_SHADOW,CONTROLLED_SOFTWARE_INJECTION,CSS-LoRa SX1278 (Ra-02),200.0,781,1787960239.0498,-125.0,-22.0,False,,DEGRADED_COMMUNICATION,True
4782,BURST_LOSS_SHADOW,CONTROLLED_SOFTWARE_INJECTION,CSS-LoRa SX1278 (Ra-02),200.0,782,1787960239.0998,-125.0,-22.0,False,,DEGRADED_COMMUNICATION,True
4783,BURST_LOSS_SHADOW,CONTROLLED_SOFTWARE_INJECTION,CSS-LoRa SX1278 (Ra-02),200.0,783,1787960239.1498,-125.0,-22.0,False,,DEGRADED_COMMUNICATION,True
4784,BURST_LOSS_SHADOW,CONTROLLED_SOFTWARE_INJECTION,CSS-LoRa SX1278 (Ra-02),200.0,784,1787960239.1998,-125.0,-22.0,False,,DEGRADED_COMMUNICATION,True
4785,BURST_LOSS_SHADOW,CONTROLLED_SOFTWARE_INJECTION,CSS-LoRa SX1278 (Ra-02),200.0,785,1787960239.2498,-125.0,-22.0,False,,DEGRADED_COMMUNICATION,True
4786,BURST_LOSS_SHADOW,CONTROLLED_SOFTWARE_INJECTION,CSS-LoRa SX1278 (Ra-02),200.0,786,1787960239.2998,-125.0,-22.0,False,,DEGRADED_COMMUNICATION,True
4787,BURST_LOSS_SHADOW,CONTROLLED_SOFTWARE_INJECTION,CSS-LoRa SX1278 (Ra-02),200.0,787,1787960239.3498,-125.0,-22.0,False,,DEGRADED_COMMUNICATION,True
4788,BURST_LOSS_SHADOW,CONTROLLED_SOFTWARE_INJECTION,CSS-LoRa SX1278 (Ra-02),200.0,788,1787960239.3998,-125.0,-22.0,False,,DEGRADED_COMMUNICATION,True
4789,BURST_LOSS_SHADOW,CONTROLLED_SOFTWARE_INJECTION,CSS-LoRa SX1278 (Ra-02),200.0,789,1787960239.4498,-125.0,-22.0,False,,DEGRADED_COMMUNICATION,True
4790,BURST_LOSS_SHADOW,CONTROLLED_SOFTWARE_INJECTION,CSS-LoRa SX1278 (Ra-02),200.0,790,1787960239.4998,-125.0,-22.0,False,,DEGRADED_COMMUNICATION,True
4791,BURST_LOSS_SHADOW,CONTROLLED_SOFTWARE_INJECTION,CSS-LoRa SX1278 (Ra-02),200.0,791,1787960239.5498,-125.0,-22.0,False,,DEGRADED_COMMUNICATION,True
4792,BURST_LOSS_SHADOW,CONTROLLED_SOFTWARE_INJECTION,CSS-LoRa SX1278 (Ra-02),200.0,792,1787960239.5998,-125.0,-22.0,False,,DEGRADED_COMMUNICATION,True
4793,BURST_LOSS_SHADOW,CONTROLLED_SOFTWARE_INJECTION,CSS-LoRa SX1278 (Ra-02),200.0,793,1787960239.6498,-125.0,-22.0,False,,DEGRADED_COMMUNICATION,True
4794,BURST_LOSS_SHADOW,CONTROLLED_SOFTWARE_INJECTION,CSS-LoRa SX1278 (Ra-02),200.0,794,1787960239.6998,-125.0,-22.0,False,,DEGRADED_COMMUNICATION,True
4795,BURST_LOSS_SHADOW,CONTROLLED_SOFTWARE_INJECTION,CSS-LoRa SX1278 (Ra-02),200.0,795,1787960239.7498,-125.0,-22.0,False,,DEGRADED_COMMUNICATION,True
4796,BURST_LOSS_SHADOW,CONTROLLED_SOFTWARE_INJECTION,CSS-LoRa SX1278 (Ra-02),200.0,796,1787960239.7998,-125.0,-22.0,False,,DEGRADED_COMMUNICATION,True
4797,BURST_LOSS_SHADOW,CONTROLLED_SOFTWARE_INJECTION,CSS-LoRa SX1278 (Ra-02),200.0,797,1787960239.8498,-125.0,-22.0,False,,DEGRADED_COMMUNICATION,True
4798,BURST_LOSS_SHADOW,CONTROLLED_SOFTWARE_INJECTION,CSS-LoRa SX1278 (Ra-02),200.0,798,1787960239.8998,-125.0,-22.0,False,,DEGRADED_COMMUNICATION,True
4799,BURST_LOSS_SHADOW,CONTROLLED_SOFTWARE_INJECTION,CSS-LoRa SX1278 (Ra-02),200.0,799,1787960239.9498,-125.0,-22.0,False,,DEGRADED_COMMUNICATION,True
4800,BURST_LOSS_SHADOW,CONTROLLED_SOFTWARE_INJECTION,CSS-LoRa SX1278 (Ra-02),200.0,800,1787960239.9998,-125.0,-22.0,False,,DEGRADED_COMMUNICATION,True
4801,BURST_LOSS_SHADOW,CONTROLLED_SOFTWARE_INJECTION,CSS-LoRa SX1278 (Ra-02),200.0,801,1787960240.0498,-125.0,-22.0,False,,DEGRADED_COMMUNICATION,True
4802,BURST_LOSS_SHADOW,CONTROLLED_SOFTWARE_INJECTION,CSS-LoRa SX1278 (Ra-02),200.0,802,1787960240.0998,-125.0,-22.0,False,,DEGRADED_COMMUNICATION,True
4803,BURST_LOSS_SHADOW,CONTROLLED_SOFTWARE_INJECTION,CSS-LoRa SX1278 (Ra-02),200.0,803,1787960240.1498,-125.0,-22.0,False,,DEGRADED_COMMUNICATION,True
4804,BURST_LOSS_SHADOW,CONTROLLED_SOFTWARE_INJECTION,CSS-LoRa SX1278 (Ra-02),200.0,804,1787960240.1998,-125.0,-22.0,False,,DEGRADED_COMMUNICATION,True
4805,BURST_LOSS_SHADOW,CONTROLLED_SOFTWARE_INJECTION,CSS-LoRa SX1278 (Ra-02),200.0,805,1787960240.2498,-125.0,-22.0,False,,DEGRADED_COMMUNICATION,True
4806,BURST_LOSS_SHADOW,CONTROLLED_SOFTWARE_INJECTION,CSS-LoRa SX1278 (Ra-02),200.0,806,1787960240.2998,-125.0,-22.0,False,,DEGRADED_COMMUNICATION,True
4807,BURST_LOSS_SHADOW,CONTROLLED_SOFTWARE_INJECTION,CSS-LoRa SX1278 (Ra-02),200.0,807,1787960240.3498,-125.0,-22.0,False,,DEGRADED_COMMUNICATION,True
4808,BURST_LOSS_SHADOW,CONTROLLED_SOFTWARE_INJECTION,CSS-LoRa SX1278 (Ra-02),200.0,808,1787960240.3998,-125.0,-22.0,False,,DEGRADED_COMMUNICATION,True
4809,BURST_LOSS_SHADOW,CONTROLLED_SOFTWARE_INJECTION,CSS-LoRa SX1278 (Ra-02),200.0,809,1787960240.4498,-125.0,-22.0,False,,DEGRADED_COMMUNICATION,True
4810,BURST_LOSS_SHADOW,CONTROLLED_SOFTWARE_INJECTION,CSS-LoRa SX1278 (Ra-02),200.0,810,1787960240.4998,-125.0,-22.0,False,,DEGRADED_COMMUNICATION,True
4811,BURST_LOSS_SHADOW,CONTROLLED_SOFTWARE_INJECTION,CSS-LoRa SX1278 (Ra-02),200.0,811,1787960240.5498,-125.0,-22.0,False,,DEGRADED_COMMUNICATION,True
4812,BURST_LOSS_SHADOW,CONTROLLED_SOFTWARE_INJECTION,CSS-LoRa SX1278 (Ra-02),200.0,812,1787960240.5998,-125.0,-22.0,False,,DEGRADED_COMMUNICATION,True
4813,BURST_LOSS_SHADOW,CONTROLLED_SOFTWARE_INJECTION,CSS-LoRa SX1278 (Ra-02),200.0,813,1787960240.6498,-125.0,-22.0,False,,DEGRADED_COMMUNICATION,True
4814,BURST_LOSS_SHADOW,CONTROLLED_SOFTWARE_INJECTION,CSS-LoRa SX1278 (Ra-02),200.0,814,1787960240.6998,-125.0,-22.0,False,,DEGRADED_COMMUNICATION,True
4815,BURST_LOSS_SHADOW,CONTROLLED_SOFTWARE_INJECTION,CSS-LoRa SX1278 (Ra-02),200.0,815,1787960240.7498,-125.0,-22.0,False,,DEGRADED_COMMUNICATION,True
4816,BURST_LOSS_SHADOW,CONTROLLED_SOFTWARE_INJECTION,CSS-LoRa SX1278 (Ra-02),200.0,816,1787960240.7998,-125.0,-22.0,False,,DEGRADED_COMMUNICATION,True
4817,BURST_LOSS_SHADOW,CONTROLLED_SOFTWARE_INJECTION,CSS-LoRa SX1278 (Ra-02),200.0,817,1787960240.8498,-125.0,-22.0,False,,DEGRADED_COMMUNICATION,True
4818,BURST_LOSS_SHADOW,CONTROLLED_SOFTWARE_INJECTION,CSS-LoRa SX1278 (Ra-02),200.0,818,1787960240.8998,-125.0,-22.0,False,,DEGRADED_COMMUNICATION,True
4819,BURST_LOSS_SHADOW,CONTROLLED_SOFTWARE_INJECTION,CSS-LoRa SX1278 (Ra-02),200.0,819,1787960240.9498,-125.0,-22.0,False,,DEGRADED_COMMUNICATION,True
4820,BURST_LOSS_SHADOW,CONTROLLED_SOFTWARE_INJECTION,CSS-LoRa SX1278 (Ra-02),200.0,820,1787960240.9998,-125.0,-22.0,False,,DEGRADED_COMMUNICATION,True
4821,BURST_LOSS_SHADOW,CONTROLLED_SOFTWARE_INJECTION,CSS-LoRa SX1278 (Ra-02),200.0,821,1787960241.0498,-125.0,-22.0,False,,DEGRADED_COMMUNICATION,True
4822,BURST_LOSS_SHADOW,CONTROLLED_SOFTWARE_INJECTION,CSS-LoRa SX1278 (Ra-02),200.0,822,1787960241.0998,-125.0,-22.0,False,,DEGRADED_COMMUNICATION,True
4823,BURST_LOSS_SHADOW,CONTROLLED_SOFTWARE_INJECTION,CSS-LoRa SX1278 (Ra-02),200.0,823,1787960241.1498,-125.0,-22.0,False,,DEGRADED_COMMUNICATION,True
4824,BURST_LOSS_SHADOW,CONTROLLED_SOFTWARE_INJECTION,CSS-LoRa SX1278 (Ra-02),200.0,824,1787960241.1998,-125.0,-22.0,False,,DEGRADED_COMMUNICATION,True
4825,BURST_LOSS_SHADOW,CONTROLLED_SOFTWARE_INJECTION,CSS-LoRa SX1278 (Ra-02),200.0,825,1787960241.2498,-125.0,-22.0,False,,DEGRADED_COMMUNICATION,True
4826,BURST_LOSS_SHADOW,CONTROLLED_SOFTWARE_INJECTION,CSS-LoRa SX1278 (Ra-02),200.0,826,1787960241.2998,-125.0,-22.0,False,,DEGRADED_COMMUNICATION,True
4827,BURST_LOSS_SHADOW,CONTROLLED_SOFTWARE_INJECTION,CSS-LoRa SX1278 (Ra-02),200.0,827,1787960241.3498,-125.0,-22.0,False,,DEGRADED_COMMUNICATION,True
4828,BURST_LOSS_SHADOW,CONTROLLED_SOFTWARE_INJECTION,CSS-LoRa SX1278 (Ra-02),200.0,828,1787960241.3998,-125.0,-22.0,False,,DEGRADED_COMMUNICATION,True
4829,BURST_LOSS_SHADOW,CONTROLLED_SOFTWARE_INJECTION,CSS-LoRa SX1278 (Ra-02),200.0,829,1787960241.4498,-125.0,-22.0,False,,DEGRADED_COMMUNICATION,True
4830,BURST_LOSS_SHADOW,CONTROLLED_SOFTWARE_INJECTION,CSS-LoRa SX1278 (Ra-02),200.0,830,1787960241.4998,-125.0,-22.0,False,,DEGRADED_COMMUNICATION,True
4831,BURST_LOSS_SHADOW,CONTROLLED_SOFTWARE_INJECTION,CSS-LoRa SX1278 (Ra-02),200.0,831,1787960241.5498,-125.0,-22.0,False,,DEGRADED_COMMUNICATION,True
4832,BURST_LOSS_SHADOW,CONTROLLED_SOFTWARE_INJECTION,CSS-LoRa SX1278 (Ra-02),200.0,832,1787960241.5998,-79.76,0.53,True,24.04,DEGRADED_COMMUNICATION,True
4833,BURST_LOSS_SHADOW,CONTROLLED_SOFTWARE_INJECTION,CSS-LoRa SX1278 (Ra-02),200.0,833,1787960241.6498,-125.0,-22.0,False,,DEGRADED_COMMUNICATION,True
4834,BURST_LOSS_SHADOW,CONTROLLED_SOFTWARE_INJECTION,CSS-LoRa SX1278 (Ra-02),200.0,834,1787960241.6998,-89.29,2.7,True,25.41,DEGRADED_COMMUNICATION,True
4835,BURST_LOSS_SHADOW,CONTROLLED_SOFTWARE_INJECTION,CSS-LoRa SX1278 (Ra-02),200.0,835,1787960241.7498,-125.0,-22.0,False,,DEGRADED_COMMUNICATION,True
4836,BURST_LOSS_SHADOW,CONTROLLED_SOFTWARE_INJECTION,CSS-LoRa SX1278 (Ra-02),200.0,836,1787960241.7998,-125.0,-22.0,False,,DEGRADED_COMMUNICATION,True
4837,BURST_LOSS_SHADOW,CONTROLLED_SOFTWARE_INJECTION,CSS-LoRa SX1278 (Ra-02),200.0,837,1787960241.8498,-125.0,-22.0,False,,DEGRADED_COMMUNICATION,True
4838,BURST_LOSS_SHADOW,CONTROLLED_SOFTWARE_INJECTION,CSS-LoRa SX1278 (Ra-02),200.0,838,1787960241.8998,-125.0,-22.0,False,,DEGRADED_COMMUNICATION,True
4839,BURST_LOSS_SHADOW,CONTROLLED_SOFTWARE_INJECTION,CSS-LoRa SX1278 (Ra-02),200.0,839,1787960241.9498,-125.0,-22.0,False,,DEGRADED_COMMUNICATION,True
4840,BURST_LOSS_SHADOW,CONTROLLED_SOFTWARE_INJECTION,CSS-LoRa SX1278 (Ra-02),200.0,840,1787960241.9998,-125.0,-22.0,False,,DEGRADED_COMMUNICATION,True
4841,BURST_LOSS_SHADOW,CONTROLLED_SOFTWARE_INJECTION,CSS-LoRa SX1278 (Ra-02),200.0,841,1787960242.0498,-125.0,-22.0,False,,DEGRADED_COMMUNICATION,True
4842,BURST_LOSS_SHADOW,CONTROLLED_SOFTWARE_INJECTION,CSS-LoRa SX1278 (Ra-02),200.0,842,1787960242.0998,-125.0,-22.0,False,,DEGRADED_COMMUNICATION,True
4843,BURST_LOSS_SHADOW,CONTROLLED_SOFTWARE_INJECTION,CSS-LoRa SX1278 (Ra-02),200.0,843,1787960242.1498,-125.0,-22.0,False,,DEGRADED_COMMUNICATION,True
4844,BURST_LOSS_SHADOW,CONTROLLED_SOFTWARE_INJECTION,CSS-LoRa SX1278 (Ra-02),200.0,844,1787960242.1998,-125.0,-22.0,False,,DEGRADED_COMMUNICATION,True
4845,BURST_LOSS_SHADOW,CONTROLLED_SOFTWARE_INJECTION,CSS-LoRa SX1278 (Ra-02),200.0,845,1787960242.2498,-125.0,-22.0,False,,DEGRADED_COMMUNICATION,True
4846,BURST_LOSS_SHADOW,CONTROLLED_SOFTWARE_INJECTION,CSS-LoRa SX1278 (Ra-02),200.0,846,1787960242.2998,-125.0,-22.0,False,,DEGRADED_COMMUNICATION,True
4847,BURST_LOSS_SHADOW,CONTROLLED_SOFTWARE_INJECTION,CSS-LoRa SX1278 (Ra-02),200.0,847,1787960242.3498,-125.0,-22.0,False,,DEGRADED_COMMUNICATION,True
4848,BURST_LOSS_SHADOW,CONTROLLED_SOFTWARE_INJECTION,CSS-LoRa SX1278 (Ra-02),200.0,848,1787960242.3998,-125.0,-22.0,False,,DEGRADED_COMMUNICATION,True
4849,BURST_LOSS_SHADOW,CONTROLLED_SOFTWARE_INJECTION,CSS-LoRa SX1278 (Ra-02),200.0,849,1787960242.4498,-125.0,-22.0,False,,DEGRADED_COMMUNICATION,True
4850,BURST_LOSS_SHADOW,CONTROLLED_SOFTWARE_INJECTION,CSS-LoRa SX1278 (Ra-02),200.0,850,1787960242.4998,-125.0,-22.0,False,,DEGRADED_COMMUNICATION,True
4851,BURST_LOSS_SHADOW,CONTROLLED_SOFTWARE_INJECTION,CSS-LoRa SX1278 (Ra-02),200.0,851,1787960242.5498,-125.0,-22.0,False,,DEGRADED_COMMUNICATION,True
4852,BURST_LOSS_SHADOW,CONTROLLED_SOFTWARE_INJECTION,CSS-LoRa SX1278 (Ra-02),200.0,852,1787960242.5998,-125.0,-22.0,False,,DEGRADED_COMMUNICATION,True
4853,BURST_LOSS_SHADOW,CONTROLLED_SOFTWARE_INJECTION,CSS-LoRa SX1278 (Ra-02),200.0,853,1787960242.6498,-125.0,-22.0,False,,DEGRADED_COMMUNICATION,True
4854,BURST_LOSS_SHADOW,CONTROLLED_SOFTWARE_INJECTION,CSS-LoRa SX1278 (Ra-02),200.0,854,1787960242.6998,-125.0,-22.0,False,,DEGRADED_COMMUNICATION,True
4855,BURST_LOSS_SHADOW,CONTROLLED_SOFTWARE_INJECTION,CSS-LoRa SX1278 (Ra-02),200.0,855,1787960242.7498,-125.0,-22.0,False,,DEGRADED_COMMUNICATION,True
4856,BURST_LOSS_SHADOW,CONTROLLED_SOFTWARE_INJECTION,CSS-LoRa SX1278 (Ra-02),200.0,856,1787960242.7998,-125.0,-22.0,False,,DEGRADED_COMMUNICATION,True
4857,BURST_LOSS_SHADOW,CONTROLLED_SOFTWARE_INJECTION,CSS-LoRa SX1278 (Ra-02),200.0,857,1787960242.8498,-125.0,-22.0,False,,DEGRADED_COMMUNICATION,True
4858,BURST_LOSS_SHADOW,CONTROLLED_SOFTWARE_INJECTION,CSS-LoRa SX1278 (Ra-02),200.0,858,1787960242.8998,-125.0,-22.0,False,,DEGRADED_COMMUNICATION,True
4859,BURST_LOSS_SHADOW,CONTROLLED_SOFTWARE_INJECTION,CSS-LoRa SX1278 (Ra-02),200.0,859,1787960242.9498,-125.0,-22.0,False,,DEGRADED_COMMUNICATION,True
4860,BURST_LOSS_SHADOW,CONTROLLED_SOFTWARE_INJECTION,CSS-LoRa SX1278 (Ra-02),200.0,860,1787960242.9998,-125.0,-22.0,False,,DEGRADED_COMMUNICATION,True
4861,BURST_LOSS_SHADOW,CONTROLLED_SOFTWARE_INJECTION,CSS-LoRa SX1278 (Ra-02),200.0,861,1787960243.0498,-125.0,-22.0,False,,DEGRADED_COMMUNICATION,True
4862,BURST_LOSS_SHADOW,CONTROLLED_SOFTWARE_INJECTION,CSS-LoRa SX1278 (Ra-02),200.0,862,1787960243.0998,-125.0,-22.0,False,,DEGRADED_COMMUNICATION,True
4863,BURST_LOSS_SHADOW,CONTROLLED_SOFTWARE_INJECTION,CSS-LoRa SX1278 (Ra-02),200.0,863,1787960243.1498,-125.0,-22.0,False,,DEGRADED_COMMUNICATION,True
4864,BURST_LOSS_SHADOW,CONTROLLED_SOFTWARE_INJECTION,CSS-LoRa SX1278 (Ra-02),200.0,864,1787960243.1998,-125.0,-22.0,False,,DEGRADED_COMMUNICATION,True
4865,BURST_LOSS_SHADOW,CONTROLLED_SOFTWARE_INJECTION,CSS-LoRa SX1278 (Ra-02),200.0,865,1787960243.2498,-125.0,-22.0,False,,DEGRADED_COMMUNICATION,True
4866,BURST_LOSS_SHADOW,CONTROLLED_SOFTWARE_INJECTION,CSS-LoRa SX1278 (Ra-02),200.0,866,1787960243.2998,-125.0,-22.0,False,,DEGRADED_COMMUNICATION,True
4867,BURST_LOSS_SHADOW,CONTROLLED_SOFTWARE_INJECTION,CSS-LoRa SX1278 (Ra-02),200.0,867,1787960243.3498,-125.0,-22.0,False,,DEGRADED_COMMUNICATION,True
4868,BURST_LOSS_SHADOW,CONTROLLED_SOFTWARE_INJECTION,CSS-LoRa SX1278 (Ra-02),200.0,868,1787960243.3998,-125.0,-22.0,False,,DEGRADED_COMMUNICATION,True
4869,BURST_LOSS_SHADOW,CONTROLLED_SOFTWARE_INJECTION,CSS-LoRa SX1278 (Ra-02),200.0,869,1787960243.4498,-125.0,-22.0,False,,DEGRADED_COMMUNICATION,True
4870,BURST_LOSS_SHADOW,CONTROLLED_SOFTWARE_INJECTION,CSS-LoRa SX1278 (Ra-02),200.0,870,1787960243.4998,-125.0,-22.0,False,,DEGRADED_COMMUNICATION,True
4871,BURST_LOSS_SHADOW,CONTROLLED_SOFTWARE_INJECTION,CSS-LoRa SX1278 (Ra-02),200.0,871,1787960243.5498,-125.0,-22.0,False,,DEGRADED_COMMUNICATION,True
4872,BURST_LOSS_SHADOW,CONTROLLED_SOFTWARE_INJECTION,CSS-LoRa SX1278 (Ra-02),200.0,872,1787960243.5998,-125.0,-22.0,False,,DEGRADED_COMMUNICATION,True
4873,BURST_LOSS_SHADOW,CONTROLLED_SOFTWARE_INJECTION,CSS-LoRa SX1278 (Ra-02),200.0,873,1787960243.6498,-125.0,-22.0,False,,DEGRADED_COMMUNICATION,True
4874,BURST_LOSS_SHADOW,CONTROLLED_SOFTWARE_INJECTION,CSS-LoRa SX1278 (Ra-02),200.0,874,1787960243.6998,-86.22,3.76,True,21.84,DEGRADED_COMMUNICATION,True
4875,BURST_LOSS_SHADOW,CONTROLLED_SOFTWARE_INJECTION,CSS-LoRa SX1278 (Ra-02),200.0,875,1787960243.7498,-125.0,-22.0,False,,DEGRADED_COMMUNICATION,True
4876,BURST_LOSS_SHADOW,CONTROLLED_SOFTWARE_INJECTION,CSS-LoRa SX1278 (Ra-02),200.0,876,1787960243.7998,-86.27,2.69,True,24.41,DEGRADED_COMMUNICATION,True
4877,BURST_LOSS_SHADOW,CONTROLLED_SOFTWARE_INJECTION,CSS-LoRa SX1278 (Ra-02),200.0,877,1787960243.8498,-125.0,-22.0,False,,DEGRADED_COMMUNICATION,True
4878,BURST_LOSS_SHADOW,CONTROLLED_SOFTWARE_INJECTION,CSS-LoRa SX1278 (Ra-02),200.0,878,1787960243.8998,-125.0,-22.0,False,,DEGRADED_COMMUNICATION,True
4879,BURST_LOSS_SHADOW,CONTROLLED_SOFTWARE_INJECTION,CSS-LoRa SX1278 (Ra-02),200.0,879,1787960243.9498,-125.0,-22.0,False,,DEGRADED_COMMUNICATION,True
4880,BURST_LOSS_SHADOW,CONTROLLED_SOFTWARE_INJECTION,CSS-LoRa SX1278 (Ra-02),200.0,880,1787960243.9998,-125.0,-22.0,False,,DEGRADED_COMMUNICATION,True
4881,BURST_LOSS_SHADOW,CONTROLLED_SOFTWARE_INJECTION,CSS-LoRa SX1278 (Ra-02),200.0,881,1787960244.0498,-125.0,-22.0,False,,DEGRADED_COMMUNICATION,True
4882,BURST_LOSS_SHADOW,CONTROLLED_SOFTWARE_INJECTION,CSS-LoRa SX1278 (Ra-02),200.0,882,1787960244.0998,-125.0,-22.0,False,,DEGRADED_COMMUNICATION,True
4883,BURST_LOSS_SHADOW,CONTROLLED_SOFTWARE_INJECTION,CSS-LoRa SX1278 (Ra-02),200.0,883,1787960244.1498,-125.0,-22.0,False,,DEGRADED_COMMUNICATION,True
4884,BURST_LOSS_SHADOW,CONTROLLED_SOFTWARE_INJECTION,CSS-LoRa SX1278 (Ra-02),200.0,884,1787960244.1998,-125.0,-22.0,False,,DEGRADED_COMMUNICATION,True
4885,BURST_LOSS_SHADOW,CONTROLLED_SOFTWARE_INJECTION,CSS-LoRa SX1278 (Ra-02),200.0,885,1787960244.2498,-125.0,-22.0,False,,DEGRADED_COMMUNICATION,True
4886,BURST_LOSS_SHADOW,CONTROLLED_SOFTWARE_INJECTION,CSS-LoRa SX1278 (Ra-02),200.0,886,1787960244.2998,-125.0,-22.0,False,,DEGRADED_COMMUNICATION,True
4887,BURST_LOSS_SHADOW,CONTROLLED_SOFTWARE_INJECTION,CSS-LoRa SX1278 (Ra-02),200.0,887,1787960244.3498,-125.0,-22.0,False,,DEGRADED_COMMUNICATION,True
4888,BURST_LOSS_SHADOW,CONTROLLED_SOFTWARE_INJECTION,CSS-LoRa SX1278 (Ra-02),200.0,888,1787960244.3998,-125.0,-22.0,False,,DEGRADED_COMMUNICATION,True
4889,BURST_LOSS_SHADOW,CONTROLLED_SOFTWARE_INJECTION,CSS-LoRa SX1278 (Ra-02),200.0,889,1787960244.4498,-125.0,-22.0,False,,DEGRADED_COMMUNICATION,True
4890,BURST_LOSS_SHADOW,CONTROLLED_SOFTWARE_INJECTION,CSS-LoRa SX1278 (Ra-02),200.0,890,1787960244.4998,-125.0,-22.0,False,,DEGRADED_COMMUNICATION,True
4891,BURST_LOSS_SHADOW,CONTROLLED_SOFTWARE_INJECTION,CSS-LoRa SX1278 (Ra-02),200.0,891,1787960244.5498,-125.0,-22.0,False,,DEGRADED_COMMUNICATION,True
4892,BURST_LOSS_SHADOW,CONTROLLED_SOFTWARE_INJECTION,CSS-LoRa SX1278 (Ra-02),200.0,892,1787960244.5998,-125.0,-22.0,False,,DEGRADED_COMMUNICATION,True
4893,BURST_LOSS_SHADOW,CONTROLLED_SOFTWARE_INJECTION,CSS-LoRa SX1278 (Ra-02),200.0,893,1787960244.6498,-125.0,-22.0,False,,DEGRADED_COMMUNICATION,True
4894,BURST_LOSS_SHADOW,CONTROLLED_SOFTWARE_INJECTION,CSS-LoRa SX1278 (Ra-02),200.0,894,1787960244.6998,-125.0,-22.0,False,,DEGRADED_COMMUNICATION,True
4895,BURST_LOSS_SHADOW,CONTROLLED_SOFTWARE_INJECTION,CSS-LoRa SX1278 (Ra-02),200.0,895,1787960244.7498,-125.0,-22.0,False,,DEGRADED_COMMUNICATION,True
4896,BURST_LOSS_SHADOW,CONTROLLED_SOFTWARE_INJECTION,CSS-LoRa SX1278 (Ra-02),200.0,896,1787960244.7998,-125.0,-22.0,False,,DEGRADED_COMMUNICATION,True
4897,BURST_LOSS_SHADOW,CONTROLLED_SOFTWARE_INJECTION,CSS-LoRa SX1278 (Ra-02),200.0,897,1787960244.8498,-125.0,-22.0,False,,DEGRADED_COMMUNICATION,True
4898,BURST_LOSS_SHADOW,CONTROLLED_SOFTWARE_INJECTION,CSS-LoRa SX1278 (Ra-02),200.0,898,1787960244.8998,-125.0,-22.0,False,,DEGRADED_COMMUNICATION,True
4899,BURST_LOSS_SHADOW,CONTROLLED_SOFTWARE_INJECTION,CSS-LoRa SX1278 (Ra-02),200.0,899,1787960244.9498,-125.0,-22.0,False,,DEGRADED_COMMUNICATION,True
4900,BURST_LOSS_SHADOW,CONTROLLED_SOFTWARE_INJECTION,CSS-LoRa SX1278 (Ra-02),200.0,900,1787960244.9998,-125.0,-22.0,False,,DEGRADED_COMMUNICATION,True
4901,BURST_LOSS_SHADOW,CONTROLLED_SOFTWARE_INJECTION,CSS-LoRa SX1278 (Ra-02),200.0,901,1787960245.0498,-125.0,-22.0,False,,DEGRADED_COMMUNICATION,True
4902,BURST_LOSS_SHADOW,CONTROLLED_SOFTWARE_INJECTION,CSS-LoRa SX1278 (Ra-02),200.0,902,1787960245.0998,-125.0,-22.0,False,,DEGRADED_COMMUNICATION,True
4903,BURST_LOSS_SHADOW,CONTROLLED_SOFTWARE_INJECTION,CSS-LoRa SX1278 (Ra-02),200.0,903,1787960245.1498,-125.0,-22.0,False,,DEGRADED_COMMUNICATION,True
4904,BURST_LOSS_SHADOW,CONTROLLED_SOFTWARE_INJECTION,CSS-LoRa SX1278 (Ra-02),200.0,904,1787960245.1998,-125.0,-22.0,False,,DEGRADED_COMMUNICATION,True
4905,BURST_LOSS_SHADOW,CONTROLLED_SOFTWARE_INJECTION,CSS-LoRa SX1278 (Ra-02),200.0,905,1787960245.2498,-125.0,-22.0,False,,DEGRADED_COMMUNICATION,True
4906,BURST_LOSS_SHADOW,CONTROLLED_SOFTWARE_INJECTION,CSS-LoRa SX1278 (Ra-02),200.0,906,1787960245.2998,-125.0,-22.0,False,,DEGRADED_COMMUNICATION,True
4907,BURST_LOSS_SHADOW,CONTROLLED_SOFTWARE_INJECTION,CSS-LoRa SX1278 (Ra-02),200.0,907,1787960245.3498,-125.0,-22.0,False,,DEGRADED_COMMUNICATION,True
4908,BURST_LOSS_SHADOW,CONTROLLED_SOFTWARE_INJECTION,CSS-LoRa SX1278 (Ra-02),200.0,908,1787960245.3998,-125.0,-22.0,False,,DEGRADED_COMMUNICATION,True
4909,BURST_LOSS_SHADOW,CONTROLLED_SOFTWARE_INJECTION,CSS-LoRa SX1278 (Ra-02),200.0,909,1787960245.4498,-125.0,-22.0,False,,DEGRADED_COMMUNICATION,True
4910,BURST_LOSS_SHADOW,CONTROLLED_SOFTWARE_INJECTION,CSS-LoRa SX1278 (Ra-02),200.0,910,1787960245.4998,-125.0,-22.0,False,,DEGRADED_COMMUNICATION,True
4911,BURST_LOSS_SHADOW,CONTROLLED_SOFTWARE_INJECTION,CSS-LoRa SX1278 (Ra-02),200.0,911,1787960245.5498,-125.0,-22.0,False,,DEGRADED_COMMUNICATION,True
4912,BURST_LOSS_SHADOW,CONTROLLED_SOFTWARE_INJECTION,CSS-LoRa SX1278 (Ra-02),200.0,912,1787960245.5998,-125.0,-22.0,False,,DEGRADED_COMMUNICATION,True
4913,BURST_LOSS_SHADOW,CONTROLLED_SOFTWARE_INJECTION,CSS-LoRa SX1278 (Ra-02),200.0,913,1787960245.6498,-125.0,-22.0,False,,DEGRADED_COMMUNICATION,True
4914,BURST_LOSS_SHADOW,CONTROLLED_SOFTWARE_INJECTION,CSS-LoRa SX1278 (Ra-02),200.0,914,1787960245.6998,-125.0,-22.0,False,,DEGRADED_COMMUNICATION,True
4915,BURST_LOSS_SHADOW,CONTROLLED_SOFTWARE_INJECTION,CSS-LoRa SX1278 (Ra-02),200.0,915,1787960245.7498,-125.0,-22.0,False,,DEGRADED_COMMUNICATION,True
4916,BURST_LOSS_SHADOW,CONTROLLED_SOFTWARE_INJECTION,CSS-LoRa SX1278 (Ra-02),200.0,916,1787960245.7998,-125.0,-22.0,False,,DEGRADED_COMMUNICATION,True
4917,BURST_LOSS_SHADOW,CONTROLLED_SOFTWARE_INJECTION,CSS-LoRa SX1278 (Ra-02),200.0,917,1787960245.8498,-125.0,-22.0,False,,DEGRADED_COMMUNICATION,True
4918,BURST_LOSS_SHADOW,CONTROLLED_SOFTWARE_INJECTION,CSS-LoRa SX1278 (Ra-02),200.0,918,1787960245.8998,-125.0,-22.0,False,,DEGRADED_COMMUNICATION,True
4919,BURST_LOSS_SHADOW,CONTROLLED_SOFTWARE_INJECTION,CSS-LoRa SX1278 (Ra-02),200.0,919,1787960245.9498,-88.06,2.55,True,26.48,DEGRADED_COMMUNICATION,True
4920,BURST_LOSS_SHADOW,CONTROLLED_SOFTWARE_INJECTION,CSS-LoRa SX1278 (Ra-02),200.0,920,1787960245.9998,-125.0,-22.0,False,,DEGRADED_COMMUNICATION,True
4921,BURST_LOSS_SHADOW,CONTROLLED_SOFTWARE_INJECTION,CSS-LoRa SX1278 (Ra-02),200.0,921,1787960246.0498,-125.0,-22.0,False,,DEGRADED_COMMUNICATION,True
4922,BURST_LOSS_SHADOW,CONTROLLED_SOFTWARE_INJECTION,CSS-LoRa SX1278 (Ra-02),200.0,922,1787960246.0998,-125.0,-22.0,False,,DEGRADED_COMMUNICATION,True
4923,BURST_LOSS_SHADOW,CONTROLLED_SOFTWARE_INJECTION,CSS-LoRa SX1278 (Ra-02),200.0,923,1787960246.1498,-125.0,-22.0,False,,DEGRADED_COMMUNICATION,True
4924,BURST_LOSS_SHADOW,CONTROLLED_SOFTWARE_INJECTION,CSS-LoRa SX1278 (Ra-02),200.0,924,1787960246.1998,-83.78,4.45,True,23.9,DEGRADED_COMMUNICATION,True
4925,BURST_LOSS_SHADOW,CONTROLLED_SOFTWARE_INJECTION,CSS-LoRa SX1278 (Ra-02),200.0,925,1787960246.2498,-125.0,-22.0,False,,DEGRADED_COMMUNICATION,True
4926,BURST_LOSS_SHADOW,CONTROLLED_SOFTWARE_INJECTION,CSS-LoRa SX1278 (Ra-02),200.0,926,1787960246.2998,-87.91,1.81,True,23.95,DEGRADED_COMMUNICATION,True
4927,BURST_LOSS_SHADOW,CONTROLLED_SOFTWARE_INJECTION,CSS-LoRa SX1278 (Ra-02),200.0,927,1787960246.3498,-125.0,-22.0,False,,DEGRADED_COMMUNICATION,True
4928,BURST_LOSS_SHADOW,CONTROLLED_SOFTWARE_INJECTION,CSS-LoRa SX1278 (Ra-02),200.0,928,1787960246.3998,-125.0,-22.0,False,,DEGRADED_COMMUNICATION,True
4929,BURST_LOSS_SHADOW,CONTROLLED_SOFTWARE_INJECTION,CSS-LoRa SX1278 (Ra-02),200.0,929,1787960246.4498,-125.0,-22.0,False,,DEGRADED_COMMUNICATION,True
4930,BURST_LOSS_SHADOW,CONTROLLED_SOFTWARE_INJECTION,CSS-LoRa SX1278 (Ra-02),200.0,930,1787960246.4998,-125.0,-22.0,False,,DEGRADED_COMMUNICATION,True
4931,BURST_LOSS_SHADOW,CONTROLLED_SOFTWARE_INJECTION,CSS-LoRa SX1278 (Ra-02),200.0,931,1787960246.5498,-125.0,-22.0,False,,DEGRADED_COMMUNICATION,True
4932,BURST_LOSS_SHADOW,CONTROLLED_SOFTWARE_INJECTION,CSS-LoRa SX1278 (Ra-02),200.0,932,1787960246.5998,-125.0,-22.0,False,,DEGRADED_COMMUNICATION,True
4933,BURST_LOSS_SHADOW,CONTROLLED_SOFTWARE_INJECTION,CSS-LoRa SX1278 (Ra-02),200.0,933,1787960246.6498,-125.0,-22.0,False,,DEGRADED_COMMUNICATION,True
4934,BURST_LOSS_SHADOW,CONTROLLED_SOFTWARE_INJECTION,CSS-LoRa SX1278 (Ra-02),200.0,934,1787960246.6998,-125.0,-22.0,False,,DEGRADED_COMMUNICATION,True
4935,BURST_LOSS_SHADOW,CONTROLLED_SOFTWARE_INJECTION,CSS-LoRa SX1278 (Ra-02),200.0,935,1787960246.7498,-125.0,-22.0,False,,DEGRADED_COMMUNICATION,True
4936,BURST_LOSS_SHADOW,CONTROLLED_SOFTWARE_INJECTION,CSS-LoRa SX1278 (Ra-02),200.0,936,1787960246.7998,-125.0,-22.0,False,,DEGRADED_COMMUNICATION,True
4937,BURST_LOSS_SHADOW,CONTROLLED_SOFTWARE_INJECTION,CSS-LoRa SX1278 (Ra-02),200.0,937,1787960246.8498,-125.0,-22.0,False,,DEGRADED_COMMUNICATION,True
4938,BURST_LOSS_SHADOW,CONTROLLED_SOFTWARE_INJECTION,CSS-LoRa SX1278 (Ra-02),200.0,938,1787960246.8998,-125.0,-22.0,False,,DEGRADED_COMMUNICATION,True
4939,BURST_LOSS_SHADOW,CONTROLLED_SOFTWARE_INJECTION,CSS-LoRa SX1278 (Ra-02),200.0,939,1787960246.9498,-125.0,-22.0,False,,DEGRADED_COMMUNICATION,True
4940,BURST_LOSS_SHADOW,CONTROLLED_SOFTWARE_INJECTION,CSS-LoRa SX1278 (Ra-02),200.0,940,1787960246.9998,-125.0,-22.0,False,,DEGRADED_COMMUNICATION,True
4941,BURST_LOSS_SHADOW,CONTROLLED_SOFTWARE_INJECTION,CSS-LoRa SX1278 (Ra-02),200.0,941,1787960247.0498,-125.0,-22.0,False,,DEGRADED_COMMUNICATION,True
4942,BURST_LOSS_SHADOW,CONTROLLED_SOFTWARE_INJECTION,CSS-LoRa SX1278 (Ra-02),200.0,942,1787960247.0998,-125.0,-22.0,False,,DEGRADED_COMMUNICATION,True
4943,BURST_LOSS_SHADOW,CONTROLLED_SOFTWARE_INJECTION,CSS-LoRa SX1278 (Ra-02),200.0,943,1787960247.1498,-125.0,-22.0,False,,DEGRADED_COMMUNICATION,True
4944,BURST_LOSS_SHADOW,CONTROLLED_SOFTWARE_INJECTION,CSS-LoRa SX1278 (Ra-02),200.0,944,1787960247.1998,-125.0,-22.0,False,,DEGRADED_COMMUNICATION,True
4945,BURST_LOSS_SHADOW,CONTROLLED_SOFTWARE_INJECTION,CSS-LoRa SX1278 (Ra-02),200.0,945,1787960247.2498,-125.0,-22.0,False,,DEGRADED_COMMUNICATION,True
4946,BURST_LOSS_SHADOW,CONTROLLED_SOFTWARE_INJECTION,CSS-LoRa SX1278 (Ra-02),200.0,946,1787960247.2998,-125.0,-22.0,False,,DEGRADED_COMMUNICATION,True
4947,BURST_LOSS_SHADOW,CONTROLLED_SOFTWARE_INJECTION,CSS-LoRa SX1278 (Ra-02),200.0,947,1787960247.3498,-125.0,-22.0,False,,DEGRADED_COMMUNICATION,True
4948,BURST_LOSS_SHADOW,CONTROLLED_SOFTWARE_INJECTION,CSS-LoRa SX1278 (Ra-02),200.0,948,1787960247.3998,-85.41,0.16,True,25.19,DEGRADED_COMMUNICATION,True
4949,BURST_LOSS_SHADOW,CONTROLLED_SOFTWARE_INJECTION,CSS-LoRa SX1278 (Ra-02),200.0,949,1787960247.4498,-125.0,-22.0,False,,DEGRADED_COMMUNICATION,True
4950,BURST_LOSS_SHADOW,CONTROLLED_SOFTWARE_INJECTION,CSS-LoRa SX1278 (Ra-02),200.0,950,1787960247.4998,-125.0,-22.0,False,,DEGRADED_COMMUNICATION,True
4951,BURST_LOSS_SHADOW,CONTROLLED_SOFTWARE_INJECTION,CSS-LoRa SX1278 (Ra-02),200.0,951,1787960247.5498,-125.0,-22.0,False,,DEGRADED_COMMUNICATION,True
4952,BURST_LOSS_SHADOW,CONTROLLED_SOFTWARE_INJECTION,CSS-LoRa SX1278 (Ra-02),200.0,952,1787960247.5998,-125.0,-22.0,False,,DEGRADED_COMMUNICATION,True
4953,BURST_LOSS_SHADOW,CONTROLLED_SOFTWARE_INJECTION,CSS-LoRa SX1278 (Ra-02),200.0,953,1787960247.6498,-125.0,-22.0,False,,DEGRADED_COMMUNICATION,True
4954,BURST_LOSS_SHADOW,CONTROLLED_SOFTWARE_INJECTION,CSS-LoRa SX1278 (Ra-02),200.0,954,1787960247.6998,-125.0,-22.0,False,,DEGRADED_COMMUNICATION,True
4955,BURST_LOSS_SHADOW,CONTROLLED_SOFTWARE_INJECTION,CSS-LoRa SX1278 (Ra-02),200.0,955,1787960247.7498,-125.0,-22.0,False,,DEGRADED_COMMUNICATION,True
4956,BURST_LOSS_SHADOW,CONTROLLED_SOFTWARE_INJECTION,CSS-LoRa SX1278 (Ra-02),200.0,956,1787960247.7998,-125.0,-22.0,False,,DEGRADED_COMMUNICATION,True
4957,BURST_LOSS_SHADOW,CONTROLLED_SOFTWARE_INJECTION,CSS-LoRa SX1278 (Ra-02),200.0,957,1787960247.8498,-125.0,-22.0,False,,DEGRADED_COMMUNICATION,True
4958,BURST_LOSS_SHADOW,CONTROLLED_SOFTWARE_INJECTION,CSS-LoRa SX1278 (Ra-02),200.0,958,1787960247.8998,-125.0,-22.0,False,,DEGRADED_COMMUNICATION,True
4959,BURST_LOSS_SHADOW,CONTROLLED_SOFTWARE_INJECTION,CSS-LoRa SX1278 (Ra-02),200.0,959,1787960247.9498,-125.0,-22.0,False,,DEGRADED_COMMUNICATION,True
4960,BURST_LOSS_SHADOW,CONTROLLED_SOFTWARE_INJECTION,CSS-LoRa SX1278 (Ra-02),200.0,960,1787960247.9998,-125.0,-22.0,False,,DEGRADED_COMMUNICATION,True
4961,BURST_LOSS_SHADOW,CONTROLLED_SOFTWARE_INJECTION,CSS-LoRa SX1278 (Ra-02),200.0,961,1787960248.0498,-125.0,-22.0,False,,DEGRADED_COMMUNICATION,True
4962,BURST_LOSS_SHADOW,CONTROLLED_SOFTWARE_INJECTION,CSS-LoRa SX1278 (Ra-02),200.0,962,1787960248.0998,-125.0,-22.0,False,,DEGRADED_COMMUNICATION,True
4963,BURST_LOSS_SHADOW,CONTROLLED_SOFTWARE_INJECTION,CSS-LoRa SX1278 (Ra-02),200.0,963,1787960248.1498,-125.0,-22.0,False,,DEGRADED_COMMUNICATION,True
4964,BURST_LOSS_SHADOW,CONTROLLED_SOFTWARE_INJECTION,CSS-LoRa SX1278 (Ra-02),200.0,964,1787960248.1998,-125.0,-22.0,False,,DEGRADED_COMMUNICATION,True
4965,BURST_LOSS_SHADOW,CONTROLLED_SOFTWARE_INJECTION,CSS-LoRa SX1278 (Ra-02),200.0,965,1787960248.2498,-125.0,-22.0,False,,DEGRADED_COMMUNICATION,True
4966,BURST_LOSS_SHADOW,CONTROLLED_SOFTWARE_INJECTION,CSS-LoRa SX1278 (Ra-02),200.0,966,1787960248.2998,-125.0,-22.0,False,,DEGRADED_COMMUNICATION,True
4967,BURST_LOSS_SHADOW,CONTROLLED_SOFTWARE_INJECTION,CSS-LoRa SX1278 (Ra-02),200.0,967,1787960248.3498,-125.0,-22.0,False,,DEGRADED_COMMUNICATION,True
4968,BURST_LOSS_SHADOW,CONTROLLED_SOFTWARE_INJECTION,CSS-LoRa SX1278 (Ra-02),200.0,968,1787960248.3998,-125.0,-22.0,False,,DEGRADED_COMMUNICATION,True
4969,BURST_LOSS_SHADOW,CONTROLLED_SOFTWARE_INJECTION,CSS-LoRa SX1278 (Ra-02),200.0,969,1787960248.4498,-125.0,-22.0,False,,DEGRADED_COMMUNICATION,True
4970,BURST_LOSS_SHADOW,CONTROLLED_SOFTWARE_INJECTION,CSS-LoRa SX1278 (Ra-02),200.0,970,1787960248.4998,-125.0,-22.0,False,,DEGRADED_COMMUNICATION,True
4971,BURST_LOSS_SHADOW,CONTROLLED_SOFTWARE_INJECTION,CSS-LoRa SX1278 (Ra-02),200.0,971,1787960248.5498,-125.0,-22.0,False,,DEGRADED_COMMUNICATION,True
4972,BURST_LOSS_SHADOW,CONTROLLED_SOFTWARE_INJECTION,CSS-LoRa SX1278 (Ra-02),200.0,972,1787960248.5998,-125.0,-22.0,False,,DEGRADED_COMMUNICATION,True
4973,BURST_LOSS_SHADOW,CONTROLLED_SOFTWARE_INJECTION,CSS-LoRa SX1278 (Ra-02),200.0,973,1787960248.6498,-125.0,-22.0,False,,DEGRADED_COMMUNICATION,True
4974,BURST_LOSS_SHADOW,CONTROLLED_SOFTWARE_INJECTION,CSS-LoRa SX1278 (Ra-02),200.0,974,1787960248.6998,-125.0,-22.0,False,,DEGRADED_COMMUNICATION,True
4975,BURST_LOSS_SHADOW,CONTROLLED_SOFTWARE_INJECTION,CSS-LoRa SX1278 (Ra-02),200.0,975,1787960248.7498,-125.0,-22.0,False,,DEGRADED_COMMUNICATION,True
4976,BURST_LOSS_SHADOW,CONTROLLED_SOFTWARE_INJECTION,CSS-LoRa SX1278 (Ra-02),200.0,976,1787960248.7998,-125.0,-22.0,False,,DEGRADED_COMMUNICATION,True
4977,BURST_LOSS_SHADOW,CONTROLLED_SOFTWARE_INJECTION,CSS-LoRa SX1278 (Ra-02),200.0,977,1787960248.8498,-125.0,-22.0,False,,DEGRADED_COMMUNICATION,True
4978,BURST_LOSS_SHADOW,CONTROLLED_SOFTWARE_INJECTION,CSS-LoRa SX1278 (Ra-02),200.0,978,1787960248.8998,-125.0,-22.0,False,,DEGRADED_COMMUNICATION,True
4979,BURST_LOSS_SHADOW,CONTROLLED_SOFTWARE_INJECTION,CSS-LoRa SX1278 (Ra-02),200.0,979,1787960248.9498,-125.0,-22.0,False,,DEGRADED_COMMUNICATION,True
4980,BURST_LOSS_SHADOW,CONTROLLED_SOFTWARE_INJECTION,CSS-LoRa SX1278 (Ra-02),200.0,980,1787960248.9998,-125.0,-22.0,False,,DEGRADED_COMMUNICATION,True
4981,BURST_LOSS_SHADOW,CONTROLLED_SOFTWARE_INJECTION,CSS-LoRa SX1278 (Ra-02),200.0,981,1787960249.0498,-125.0,-22.0,False,,DEGRADED_COMMUNICATION,True
4982,BURST_LOSS_SHADOW,CONTROLLED_SOFTWARE_INJECTION,CSS-LoRa SX1278 (Ra-02),200.0,982,1787960249.0998,-125.0,-22.0,False,,DEGRADED_COMMUNICATION,True
4983,BURST_LOSS_SHADOW,CONTROLLED_SOFTWARE_INJECTION,CSS-LoRa SX1278 (Ra-02),200.0,983,1787960249.1498,-125.0,-22.0,False,,DEGRADED_COMMUNICATION,True
4984,BURST_LOSS_SHADOW,CONTROLLED_SOFTWARE_INJECTION,CSS-LoRa SX1278 (Ra-02),200.0,984,1787960249.1998,-125.0,-22.0,False,,DEGRADED_COMMUNICATION,True
4985,BURST_LOSS_SHADOW,CONTROLLED_SOFTWARE_INJECTION,CSS-LoRa SX1278 (Ra-02),200.0,985,1787960249.2498,-125.0,-22.0,False,,DEGRADED_COMMUNICATION,True
4986,BURST_LOSS_SHADOW,CONTROLLED_SOFTWARE_INJECTION,CSS-LoRa SX1278 (Ra-02),200.0,986,1787960249.2998,-125.0,-22.0,False,,DEGRADED_COMMUNICATION,True
4987,BURST_LOSS_SHADOW,CONTROLLED_SOFTWARE_INJECTION,CSS-LoRa SX1278 (Ra-02),200.0,987,1787960249.3498,-125.0,-22.0,False,,DEGRADED_COMMUNICATION,True
4988,BURST_LOSS_SHADOW,CONTROLLED_SOFTWARE_INJECTION,CSS-LoRa SX1278 (Ra-02),200.0,988,1787960249.3998,-125.0,-22.0,False,,DEGRADED_COMMUNICATION,True
4989,BURST_LOSS_SHADOW,CONTROLLED_SOFTWARE_INJECTION,CSS-LoRa SX1278 (Ra-02),200.0,989,1787960249.4498,-125.0,-22.0,False,,DEGRADED_COMMUNICATION,True
4990,BURST_LOSS_SHADOW,CONTROLLED_SOFTWARE_INJECTION,CSS-LoRa SX1278 (Ra-02),200.0,990,1787960249.4998,-125.0,-22.0,False,,DEGRADED_COMMUNICATION,True
4991,BURST_LOSS_SHADOW,CONTROLLED_SOFTWARE_INJECTION,CSS-LoRa SX1278 (Ra-02),200.0,991,1787960249.5498,-125.0,-22.0,False,,DEGRADED_COMMUNICATION,True
4992,BURST_LOSS_SHADOW,CONTROLLED_SOFTWARE_INJECTION,CSS-LoRa SX1278 (Ra-02),200.0,992,1787960249.5998,-125.0,-22.0,False,,DEGRADED_COMMUNICATION,True
4993,BURST_LOSS_SHADOW,CONTROLLED_SOFTWARE_INJECTION,CSS-LoRa SX1278 (Ra-02),200.0,993,1787960249.6498,-125.0,-22.0,False,,DEGRADED_COMMUNICATION,True
4994,BURST_LOSS_SHADOW,CONTROLLED_SOFTWARE_INJECTION,CSS-LoRa SX1278 (Ra-02),200.0,994,1787960249.6998,-125.0,-22.0,False,,DEGRADED_COMMUNICATION,True
4995,BURST_LOSS_SHADOW,CONTROLLED_SOFTWARE_INJECTION,CSS-LoRa SX1278 (Ra-02),200.0,995,1787960249.7498,-125.0,-22.0,False,,DEGRADED_COMMUNICATION,True
4996,BURST_LOSS_SHADOW,CONTROLLED_SOFTWARE_INJECTION,CSS-LoRa SX1278 (Ra-02),200.0,996,1787960249.7998,-125.0,-22.0,False,,DEGRADED_COMMUNICATION,True
4997,BURST_LOSS_SHADOW,CONTROLLED_SOFTWARE_INJECTION,CSS-LoRa SX1278 (Ra-02),200.0,997,1787960249.8498,-125.0,-22.0,False,,DEGRADED_COMMUNICATION,True
4998,BURST_LOSS_SHADOW,CONTROLLED_SOFTWARE_INJECTION,CSS-LoRa SX1278 (Ra-02),200.0,998,1787960249.8998,-89.57,2.8,True,24.52,DEGRADED_COMMUNICATION,True
4999,BURST_LOSS_SHADOW,CONTROLLED_SOFTWARE_INJECTION,CSS-LoRa SX1278 (Ra-02),200.0,999,1787960249.9498,-125.0,-22.0,False,,DEGRADED_COMMUNICATION,True
5000,BURST_LOSS_SHADOW,CONTROLLED_SOFTWARE_INJECTION,CSS-LoRa SX1278 (Ra-02),200.0,1000,1787960249.9998,-125.0,-22.0,False,,DEGRADED_COMMUNICATION,True
5001,POST_FADE_RECOVERY,CONTROLLED_SOFTWARE_INJECTION,CSS-LoRa SX1278 (Ra-02),50.0,1,1787960250.0498,-69.47,10.18,True,26.56,RECOVERY,True
5002,POST_FADE_RECOVERY,CONTROLLED_SOFTWARE_INJECTION,CSS-LoRa SX1278 (Ra-02),50.0,2,1787960250.0998,-68.13,10.87,True,23.87,RECOVERY,True
5003,POST_FADE_RECOVERY,CONTROLLED_SOFTWARE_INJECTION,CSS-LoRa SX1278 (Ra-02),50.0,3,1787960250.1498,-67.62,8.59,True,25.84,RECOVERY,True
5004,POST_FADE_RECOVERY,CONTROLLED_SOFTWARE_INJECTION,CSS-LoRa SX1278 (Ra-02),50.0,4,1787960250.1998,-69.83,8.81,True,24.83,RECOVERY,True
5005,POST_FADE_RECOVERY,CONTROLLED_SOFTWARE_INJECTION,CSS-LoRa SX1278 (Ra-02),50.0,5,1787960250.2498,-66.58,9.31,True,29.03,NORMAL,True
5006,POST_FADE_RECOVERY,CONTROLLED_SOFTWARE_INJECTION,CSS-LoRa SX1278 (Ra-02),50.0,6,1787960250.2998,-62.07,10.48,True,27.48,NORMAL,True
5007,POST_FADE_RECOVERY,CONTROLLED_SOFTWARE_INJECTION,CSS-LoRa SX1278 (Ra-02),50.0,7,1787960250.3498,-67.68,9.23,True,23.11,NORMAL,True
5008,POST_FADE_RECOVERY,CONTROLLED_SOFTWARE_INJECTION,CSS-LoRa SX1278 (Ra-02),50.0,8,1787960250.3998,-65.22,10.96,True,23.44,NORMAL,True
5009,POST_FADE_RECOVERY,CONTROLLED_SOFTWARE_INJECTION,CSS-LoRa SX1278 (Ra-02),50.0,9,1787960250.4498,-69.21,10.05,True,23.1,NORMAL,True
5010,POST_FADE_RECOVERY,CONTROLLED_SOFTWARE_INJECTION,CSS-LoRa SX1278 (Ra-02),50.0,10,1787960250.4998,-64.14,8.37,True,24.21,NORMAL,True
5011,POST_FADE_RECOVERY,CONTROLLED_SOFTWARE_INJECTION,CSS-LoRa SX1278 (Ra-02),50.0,11,1787960250.5498,-66.98,6.99,True,24.1,NORMAL,True
5012,POST_FADE_RECOVERY,CONTROLLED_SOFTWARE_INJECTION,CSS-LoRa SX1278 (Ra-02),50.0,12,1787960250.5998,-125.0,-22.0,False,,NORMAL,True
5013,POST_FADE_RECOVERY,CONTROLLED_SOFTWARE_INJECTION,CSS-LoRa SX1278 (Ra-02),50.0,13,1787960250.6498,-63.94,8.79,True,24.98,NORMAL,True
5014,POST_FADE_RECOVERY,CONTROLLED_SOFTWARE_INJECTION,CSS-LoRa SX1278 (Ra-02),50.0,14,1787960250.6998,-68.8,10.16,True,23.34,NORMAL,True
5015,POST_FADE_RECOVERY,CONTROLLED_SOFTWARE_INJECTION,CSS-LoRa SX1278 (Ra-02),50.0,15,1787960250.7498,-67.67,8.9,True,23.36,NORMAL,True
5016,POST_FADE_RECOVERY,CONTROLLED_SOFTWARE_INJECTION,CSS-LoRa SX1278 (Ra-02),50.0,16,1787960250.7998,-66.8,7.87,True,26.11,NORMAL,True
5017,POST_FADE_RECOVERY,CONTROLLED_SOFTWARE_INJECTION,CSS-LoRa SX1278 (Ra-02),50.0,17,1787960250.8498,-66.47,9.96,True,25.28,NORMAL,True
5018,POST_FADE_RECOVERY,CONTROLLED_SOFTWARE_INJECTION,CSS-LoRa SX1278 (Ra-02),50.0,18,1787960250.8998,-68.05,8.33,True,23.8,NORMAL,True
5019,POST_FADE_RECOVERY,CONTROLLED_SOFTWARE_INJECTION,CSS-LoRa SX1278 (Ra-02),50.0,19,1787960250.9498,-67.51,8.84,True,25.55,NORMAL,True
5020,POST_FADE_RECOVERY,CONTROLLED_SOFTWARE_INJECTION,CSS-LoRa SX1278 (Ra-02),50.0,20,1787960250.9998,-68.71,10.36,True,27.43,NORMAL,True
5021,POST_FADE_RECOVERY,CONTROLLED_SOFTWARE_INJECTION,CSS-LoRa SX1278 (Ra-02),50.0,21,1787960251.0498,-66.38,10.79,True,26.2,NORMAL,True
5022,POST_FADE_RECOVERY,CONTROLLED_SOFTWARE_INJECTION,CSS-LoRa SX1278 (Ra-02),50.0,22,1787960251.0998,-68.78,10.95,True,23.91,NORMAL,True
5023,POST_FADE_RECOVERY,CONTROLLED_SOFTWARE_INJECTION,CSS-LoRa SX1278 (Ra-02),50.0,23,1787960251.1498,-69.46,10.51,True,25.64,NORMAL,True
5024,POST_FADE_RECOVERY,CONTROLLED_SOFTWARE_INJECTION,CSS-LoRa SX1278 (Ra-02),50.0,24,1787960251.1998,-67.84,9.57,True,23.99,NORMAL,True
5025,POST_FADE_RECOVERY,CONTROLLED_SOFTWARE_INJECTION,CSS-LoRa SX1278 (Ra-02),50.0,25,1787960251.2498,-71.21,13.18,True,23.89,NORMAL,True
5026,POST_FADE_RECOVERY,CONTROLLED_SOFTWARE_INJECTION,CSS-LoRa SX1278 (Ra-02),50.0,26,1787960251.2998,-66.45,6.32,True,24.43,NORMAL,True
5027,POST_FADE_RECOVERY,CONTROLLED_SOFTWARE_INJECTION,CSS-LoRa SX1278 (Ra-02),50.0,27,1787960251.3498,-67.93,9.96,True,24.69,NORMAL,True
5028,POST_FADE_RECOVERY,CONTROLLED_SOFTWARE_INJECTION,CSS-LoRa SX1278 (Ra-02),50.0,28,1787960251.3998,-65.65,7.92,True,24.34,NORMAL,True
5029,POST_FADE_RECOVERY,CONTROLLED_SOFTWARE_INJECTION,CSS-LoRa SX1278 (Ra-02),50.0,29,1787960251.4498,-70.09,8.61,True,27.26,NORMAL,True
5030,POST_FADE_RECOVERY,CONTROLLED_SOFTWARE_INJECTION,CSS-LoRa SX1278 (Ra-02),50.0,30,1787960251.4998,-70.14,8.41,True,22.87,NORMAL,True
5031,POST_FADE_RECOVERY,CONTROLLED_SOFTWARE_INJECTION,CSS-LoRa SX1278 (Ra-02),50.0,31,1787960251.5498,-68.58,8.18,True,26.91,NORMAL,True
5032,POST_FADE_RECOVERY,CONTROLLED_SOFTWARE_INJECTION,CSS-LoRa SX1278 (Ra-02),50.0,32,1787960251.5998,-68.54,9.33,True,26.19,NORMAL,True
5033,POST_FADE_RECOVERY,CONTROLLED_SOFTWARE_INJECTION,CSS-LoRa SX1278 (Ra-02),50.0,33,1787960251.6498,-63.14,7.65,True,24.45,NORMAL,True
5034,POST_FADE_RECOVERY,CONTROLLED_SOFTWARE_INJECTION,CSS-LoRa SX1278 (Ra-02),50.0,34,1787960251.6998,-66.87,8.21,True,23.28,NORMAL,True
5035,POST_FADE_RECOVERY,CONTROLLED_SOFTWARE_INJECTION,CSS-LoRa SX1278 (Ra-02),50.0,35,1787960251.7498,-66.19,8.29,True,24.56,NORMAL,True
5036,POST_FADE_RECOVERY,CONTROLLED_SOFTWARE_INJECTION,CSS-LoRa SX1278 (Ra-02),50.0,36,1787960251.7998,-67.47,9.28,True,25.31,NORMAL,True
5037,POST_FADE_RECOVERY,CONTROLLED_SOFTWARE_INJECTION,CSS-LoRa SX1278 (Ra-02),50.0,37,1787960251.8498,-66.18,8.03,True,26.81,NORMAL,True
5038,POST_FADE_RECOVERY,CONTROLLED_SOFTWARE_INJECTION,CSS-LoRa SX1278 (Ra-02),50.0,38,1787960251.8998,-70.0,10.79,True,23.38,NORMAL,True
5039,POST_FADE_RECOVERY,CONTROLLED_SOFTWARE_INJECTION,CSS-LoRa SX1278 (Ra-02),50.0,39,1787960251.9498,-68.6,11.2,True,25.9,NORMAL,True
5040,POST_FADE_RECOVERY,CONTROLLED_SOFTWARE_INJECTION,CSS-LoRa SX1278 (Ra-02),50.0,40,1787960251.9998,-69.61,7.66,True,24.71,NORMAL,True
5041,POST_FADE_RECOVERY,CONTROLLED_SOFTWARE_INJECTION,CSS-LoRa SX1278 (Ra-02),50.0,41,1787960252.0498,-64.15,9.53,True,24.44,NORMAL,True
5042,POST_FADE_RECOVERY,CONTROLLED_SOFTWARE_INJECTION,CSS-LoRa SX1278 (Ra-02),50.0,42,1787960252.0998,-65.97,11.08,True,25.47,NORMAL,True
5043,POST_FADE_RECOVERY,CONTROLLED_SOFTWARE_INJECTION,CSS-LoRa SX1278 (Ra-02),50.0,43,1787960252.1498,-61.6,10.37,True,24.87,NORMAL,True
5044,POST_FADE_RECOVERY,CONTROLLED_SOFTWARE_INJECTION,CSS-LoRa SX1278 (Ra-02),50.0,44,1787960252.1998,-66.16,8.59,True,26.48,NORMAL,True
5045,POST_FADE_RECOVERY,CONTROLLED_SOFTWARE_INJECTION,CSS-LoRa SX1278 (Ra-02),50.0,45,1787960252.2498,-64.1,9.1,True,25.96,NORMAL,True
5046,POST_FADE_RECOVERY,CONTROLLED_SOFTWARE_INJECTION,CSS-LoRa SX1278 (Ra-02),50.0,46,1787960252.2998,-66.8,10.6,True,22.87,NORMAL,True
5047,POST_FADE_RECOVERY,CONTROLLED_SOFTWARE_INJECTION,CSS-LoRa SX1278 (Ra-02),50.0,47,1787960252.3498,-65.45,6.16,True,25.06,NORMAL,True
5048,POST_FADE_RECOVERY,CONTROLLED_SOFTWARE_INJECTION,CSS-LoRa SX1278 (Ra-02),50.0,48,1787960252.3998,-71.18,7.49,True,27.71,NORMAL,True
5049,POST_FADE_RECOVERY,CONTROLLED_SOFTWARE_INJECTION,CSS-LoRa SX1278 (Ra-02),50.0,49,1787960252.4498,-69.68,9.45,True,26.37,NORMAL,True
5050,POST_FADE_RECOVERY,CONTROLLED_SOFTWARE_INJECTION,CSS-LoRa SX1278 (Ra-02),50.0,50,1787960252.4998,-68.22,7.68,True,23.99,NORMAL,True
5051,POST_FADE_RECOVERY,CONTROLLED_SOFTWARE_INJECTION,CSS-LoRa SX1278 (Ra-02),50.0,51,1787960252.5498,-70.54,8.96,True,28.47,NORMAL,True
5052,POST_FADE_RECOVERY,CONTROLLED_SOFTWARE_INJECTION,CSS-LoRa SX1278 (Ra-02),50.0,52,1787960252.5998,-63.04,7.64,True,24.29,NORMAL,True
5053,POST_FADE_RECOVERY,CONTROLLED_SOFTWARE_INJECTION,CSS-LoRa SX1278 (Ra-02),50.0,53,1787960252.6498,-69.92,8.93,True,27.99,NORMAL,True
5054,POST_FADE_RECOVERY,CONTROLLED_SOFTWARE_INJECTION,CSS-LoRa SX1278 (Ra-02),50.0,54,1787960252.6998,-62.92,6.57,True,25.38,NORMAL,True
5055,POST_FADE_RECOVERY,CONTROLLED_SOFTWARE_INJECTION,CSS-LoRa SX1278 (Ra-02),50.0,55,1787960252.7498,-70.93,12.34,True,22.95,NORMAL,True
5056,POST_FADE_RECOVERY,CONTROLLED_SOFTWARE_INJECTION,CSS-LoRa SX1278 (Ra-02),50.0,56,1787960252.7998,-67.73,12.47,True,26.24,NORMAL,True
5057,POST_FADE_RECOVERY,CONTROLLED_SOFTWARE_INJECTION,CSS-LoRa SX1278 (Ra-02),50.0,57,1787960252.8498,-67.86,8.77,True,24.3,NORMAL,True
5058,POST_FADE_RECOVERY,CONTROLLED_SOFTWARE_INJECTION,CSS-LoRa SX1278 (Ra-02),50.0,58,1787960252.8998,-68.34,10.82,True,24.2,NORMAL,True
5059,POST_FADE_RECOVERY,CONTROLLED_SOFTWARE_INJECTION,CSS-LoRa SX1278 (Ra-02),50.0,59,1787960252.9498,-66.67,7.27,True,26.23,NORMAL,True
5060,POST_FADE_RECOVERY,CONTROLLED_SOFTWARE_INJECTION,CSS-LoRa SX1278 (Ra-02),50.0,60,1787960252.9998,-68.96,9.84,True,24.57,NORMAL,True
5061,POST_FADE_RECOVERY,CONTROLLED_SOFTWARE_INJECTION,CSS-LoRa SX1278 (Ra-02),50.0,61,1787960253.0498,-62.75,11.02,True,26.14,NORMAL,True
5062,POST_FADE_RECOVERY,CONTROLLED_SOFTWARE_INJECTION,CSS-LoRa SX1278 (Ra-02),50.0,62,1787960253.0998,-64.69,9.42,True,28.32,NORMAL,True
5063,POST_FADE_RECOVERY,CONTROLLED_SOFTWARE_INJECTION,CSS-LoRa SX1278 (Ra-02),50.0,63,1787960253.1498,-66.72,8.62,True,22.91,NORMAL,True
5064,POST_FADE_RECOVERY,CONTROLLED_SOFTWARE_INJECTION,CSS-LoRa SX1278 (Ra-02),50.0,64,1787960253.1998,-69.12,8.76,True,24.28,NORMAL,True
5065,POST_FADE_RECOVERY,CONTROLLED_SOFTWARE_INJECTION,CSS-LoRa SX1278 (Ra-02),50.0,65,1787960253.2498,-69.47,8.42,True,25.68,NORMAL,True
5066,POST_FADE_RECOVERY,CONTROLLED_SOFTWARE_INJECTION,CSS-LoRa SX1278 (Ra-02),50.0,66,1787960253.2998,-67.22,9.82,True,23.4,NORMAL,True
5067,POST_FADE_RECOVERY,CONTROLLED_SOFTWARE_INJECTION,CSS-LoRa SX1278 (Ra-02),50.0,67,1787960253.3498,-67.69,12.02,True,24.58,NORMAL,True
5068,POST_FADE_RECOVERY,CONTROLLED_SOFTWARE_INJECTION,CSS-LoRa SX1278 (Ra-02),50.0,68,1787960253.3998,-68.23,8.68,True,20.0,NORMAL,True
5069,POST_FADE_RECOVERY,CONTROLLED_SOFTWARE_INJECTION,CSS-LoRa SX1278 (Ra-02),50.0,69,1787960253.4498,-64.77,10.8,True,27.63,NORMAL,True
5070,POST_FADE_RECOVERY,CONTROLLED_SOFTWARE_INJECTION,CSS-LoRa SX1278 (Ra-02),50.0,70,1787960253.4998,-67.69,10.17,True,24.9,NORMAL,True
5071,POST_FADE_RECOVERY,CONTROLLED_SOFTWARE_INJECTION,CSS-LoRa SX1278 (Ra-02),50.0,71,1787960253.5498,-64.95,9.99,True,24.72,NORMAL,True
5072,POST_FADE_RECOVERY,CONTROLLED_SOFTWARE_INJECTION,CSS-LoRa SX1278 (Ra-02),50.0,72,1787960253.5998,-71.32,11.6,True,25.25,NORMAL,True
5073,POST_FADE_RECOVERY,CONTROLLED_SOFTWARE_INJECTION,CSS-LoRa SX1278 (Ra-02),50.0,73,1787960253.6498,-66.26,7.35,True,23.76,NORMAL,True
5074,POST_FADE_RECOVERY,CONTROLLED_SOFTWARE_INJECTION,CSS-LoRa SX1278 (Ra-02),50.0,74,1787960253.6998,-66.12,9.11,True,24.77,NORMAL,True
5075,POST_FADE_RECOVERY,CONTROLLED_SOFTWARE_INJECTION,CSS-LoRa SX1278 (Ra-02),50.0,75,1787960253.7498,-68.06,8.73,True,24.8,NORMAL,True
5076,POST_FADE_RECOVERY,CONTROLLED_SOFTWARE_INJECTION,CSS-LoRa SX1278 (Ra-02),50.0,76,1787960253.7998,-66.94,8.8,True,24.78,NORMAL,True
5077,POST_FADE_RECOVERY,CONTROLLED_SOFTWARE_INJECTION,CSS-LoRa SX1278 (Ra-02),50.0,77,1787960253.8498,-64.39,12.64,True,23.3,NORMAL,True
5078,POST_FADE_RECOVERY,CONTROLLED_SOFTWARE_INJECTION,CSS-LoRa SX1278 (Ra-02),50.0,78,1787960253.8998,-66.38,9.23,True,22.91,NORMAL,True
5079,POST_FADE_RECOVERY,CONTROLLED_SOFTWARE_INJECTION,CSS-LoRa SX1278 (Ra-02),50.0,79,1787960253.9498,-67.0,10.51,True,24.82,NORMAL,True
5080,POST_FADE_RECOVERY,CONTROLLED_SOFTWARE_INJECTION,CSS-LoRa SX1278 (Ra-02),50.0,80,1787960253.9998,-67.2,5.61,True,25.16,NORMAL,True
5081,POST_FADE_RECOVERY,CONTROLLED_SOFTWARE_INJECTION,CSS-LoRa SX1278 (Ra-02),50.0,81,1787960254.0498,-73.25,8.41,True,26.42,NORMAL,True
5082,POST_FADE_RECOVERY,CONTROLLED_SOFTWARE_INJECTION,CSS-LoRa SX1278 (Ra-02),50.0,82,1787960254.0998,-66.25,11.03,True,24.85,NORMAL,True
5083,POST_FADE_RECOVERY,CONTROLLED_SOFTWARE_INJECTION,CSS-LoRa SX1278 (Ra-02),50.0,83,1787960254.1498,-64.52,10.34,True,24.7,NORMAL,True
5084,POST_FADE_RECOVERY,CONTROLLED_SOFTWARE_INJECTION,CSS-LoRa SX1278 (Ra-02),50.0,84,1787960254.1998,-64.57,9.87,True,25.77,NORMAL,True
5085,POST_FADE_RECOVERY,CONTROLLED_SOFTWARE_INJECTION,CSS-LoRa SX1278 (Ra-02),50.0,85,1787960254.2498,-67.96,9.52,True,25.86,NORMAL,True
5086,POST_FADE_RECOVERY,CONTROLLED_SOFTWARE_INJECTION,CSS-LoRa SX1278 (Ra-02),50.0,86,1787960254.2998,-64.32,9.89,True,24.37,NORMAL,True
5087,POST_FADE_RECOVERY,CONTROLLED_SOFTWARE_INJECTION,CSS-LoRa SX1278 (Ra-02),50.0,87,1787960254.3498,-70.01,9.7,True,25.52,NORMAL,True
5088,POST_FADE_RECOVERY,CONTROLLED_SOFTWARE_INJECTION,CSS-LoRa SX1278 (Ra-02),50.0,88,1787960254.3998,-70.01,11.81,True,25.4,NORMAL,True
5089,POST_FADE_RECOVERY,CONTROLLED_SOFTWARE_INJECTION,CSS-LoRa SX1278 (Ra-02),50.0,89,1787960254.4498,-66.86,9.16,True,25.23,NORMAL,True
5090,POST_FADE_RECOVERY,CONTROLLED_SOFTWARE_INJECTION,CSS-LoRa SX1278 (Ra-02),50.0,90,1787960254.4998,-65.68,10.36,True,21.96,NORMAL,True
5091,POST_FADE_RECOVERY,CONTROLLED_SOFTWARE_INJECTION,CSS-LoRa SX1278 (Ra-02),50.0,91,1787960254.5498,-66.32,8.61,True,25.22,NORMAL,True
5092,POST_FADE_RECOVERY,CONTROLLED_SOFTWARE_INJECTION,CSS-LoRa SX1278 (Ra-02),50.0,92,1787960254.5998,-63.62,10.97,True,23.62,NORMAL,True
5093,POST_FADE_RECOVERY,CONTROLLED_SOFTWARE_INJECTION,CSS-LoRa SX1278 (Ra-02),50.0,93,1787960254.6498,-69.93,9.62,True,23.68,NORMAL,True
5094,POST_FADE_RECOVERY,CONTROLLED_SOFTWARE_INJECTION,CSS-LoRa SX1278 (Ra-02),50.0,94,1787960254.6998,-65.91,10.35,True,25.8,NORMAL,True
5095,POST_FADE_RECOVERY,CONTROLLED_SOFTWARE_INJECTION,CSS-LoRa SX1278 (Ra-02),50.0,95,1787960254.7498,-65.68,8.79,True,22.75,NORMAL,True
5096,POST_FADE_RECOVERY,CONTROLLED_SOFTWARE_INJECTION,CSS-LoRa SX1278 (Ra-02),50.0,96,1787960254.7998,-68.59,9.26,True,25.67,NORMAL,True
5097,POST_FADE_RECOVERY,CONTROLLED_SOFTWARE_INJECTION,CSS-LoRa SX1278 (Ra-02),50.0,97,1787960254.8498,-68.37,12.32,True,26.18,NORMAL,True
5098,POST_FADE_RECOVERY,CONTROLLED_SOFTWARE_INJECTION,CSS-LoRa SX1278 (Ra-02),50.0,98,1787960254.8998,-68.03,7.74,True,24.64,NORMAL,True
5099,POST_FADE_RECOVERY,CONTROLLED_SOFTWARE_INJECTION,CSS-LoRa SX1278 (Ra-02),50.0,99,1787960254.9498,-67.13,11.47,True,23.83,NORMAL,True
5100,POST_FADE_RECOVERY,CONTROLLED_SOFTWARE_INJECTION,CSS-LoRa SX1278 (Ra-02),50.0,100,1787960254.9998,-68.43,8.89,True,25.29,NORMAL,True
5101,POST_FADE_RECOVERY,CONTROLLED_SOFTWARE_INJECTION,CSS-LoRa SX1278 (Ra-02),50.0,101,1787960255.0498,-71.74,9.44,True,21.62,NORMAL,True
5102,POST_FADE_RECOVERY,CONTROLLED_SOFTWARE_INJECTION,CSS-LoRa SX1278 (Ra-02),50.0,102,1787960255.0998,-66.7,11.7,True,23.45,NORMAL,True
5103,POST_FADE_RECOVERY,CONTROLLED_SOFTWARE_INJECTION,CSS-LoRa SX1278 (Ra-02),50.0,103,1787960255.1498,-72.61,11.02,True,26.77,NORMAL,True
5104,POST_FADE_RECOVERY,CONTROLLED_SOFTWARE_INJECTION,CSS-LoRa SX1278 (Ra-02),50.0,104,1787960255.1998,-66.0,10.1,True,26.57,NORMAL,True
5105,POST_FADE_RECOVERY,CONTROLLED_SOFTWARE_INJECTION,CSS-LoRa SX1278 (Ra-02),50.0,105,1787960255.2498,-64.82,7.79,True,23.31,NORMAL,True
5106,POST_FADE_RECOVERY,CONTROLLED_SOFTWARE_INJECTION,CSS-LoRa SX1278 (Ra-02),50.0,106,1787960255.2998,-68.35,8.08,True,22.35,NORMAL,True
5107,POST_FADE_RECOVERY,CONTROLLED_SOFTWARE_INJECTION,CSS-LoRa SX1278 (Ra-02),50.0,107,1787960255.3498,-68.48,6.5,True,26.24,NORMAL,True
5108,POST_FADE_RECOVERY,CONTROLLED_SOFTWARE_INJECTION,CSS-LoRa SX1278 (Ra-02),50.0,108,1787960255.3998,-69.37,9.89,True,24.56,NORMAL,True
5109,POST_FADE_RECOVERY,CONTROLLED_SOFTWARE_INJECTION,CSS-LoRa SX1278 (Ra-02),50.0,109,1787960255.4498,-71.09,7.67,True,23.44,NORMAL,True
5110,POST_FADE_RECOVERY,CONTROLLED_SOFTWARE_INJECTION,CSS-LoRa SX1278 (Ra-02),50.0,110,1787960255.4998,-69.52,9.67,True,26.0,NORMAL,True
5111,POST_FADE_RECOVERY,CONTROLLED_SOFTWARE_INJECTION,CSS-LoRa SX1278 (Ra-02),50.0,111,1787960255.5498,-68.05,8.16,True,26.3,NORMAL,True
5112,POST_FADE_RECOVERY,CONTROLLED_SOFTWARE_INJECTION,CSS-LoRa SX1278 (Ra-02),50.0,112,1787960255.5998,-71.78,9.44,True,26.44,NORMAL,True
5113,POST_FADE_RECOVERY,CONTROLLED_SOFTWARE_INJECTION,CSS-LoRa SX1278 (Ra-02),50.0,113,1787960255.6498,-65.46,10.09,True,23.69,NORMAL,True
5114,POST_FADE_RECOVERY,CONTROLLED_SOFTWARE_INJECTION,CSS-LoRa SX1278 (Ra-02),50.0,114,1787960255.6998,-63.98,9.16,True,23.64,NORMAL,True
5115,POST_FADE_RECOVERY,CONTROLLED_SOFTWARE_INJECTION,CSS-LoRa SX1278 (Ra-02),50.0,115,1787960255.7498,-67.06,7.78,True,25.23,NORMAL,True
5116,POST_FADE_RECOVERY,CONTROLLED_SOFTWARE_INJECTION,CSS-LoRa SX1278 (Ra-02),50.0,116,1787960255.7998,-64.96,9.61,True,24.29,NORMAL,True
5117,POST_FADE_RECOVERY,CONTROLLED_SOFTWARE_INJECTION,CSS-LoRa SX1278 (Ra-02),50.0,117,1787960255.8498,-63.47,9.88,True,24.09,NORMAL,True
5118,POST_FADE_RECOVERY,CONTROLLED_SOFTWARE_INJECTION,CSS-LoRa SX1278 (Ra-02),50.0,118,1787960255.8998,-68.56,8.71,True,24.55,NORMAL,True
5119,POST_FADE_RECOVERY,CONTROLLED_SOFTWARE_INJECTION,CSS-LoRa SX1278 (Ra-02),50.0,119,1787960255.9498,-64.99,8.53,True,22.1,NORMAL,True
5120,POST_FADE_RECOVERY,CONTROLLED_SOFTWARE_INJECTION,CSS-LoRa SX1278 (Ra-02),50.0,120,1787960255.9998,-66.29,10.95,True,26.77,NORMAL,True
5121,POST_FADE_RECOVERY,CONTROLLED_SOFTWARE_INJECTION,CSS-LoRa SX1278 (Ra-02),50.0,121,1787960256.0498,-71.83,11.48,True,24.13,NORMAL,True
5122,POST_FADE_RECOVERY,CONTROLLED_SOFTWARE_INJECTION,CSS-LoRa SX1278 (Ra-02),50.0,122,1787960256.0998,-69.02,12.31,True,21.76,NORMAL,True
5123,POST_FADE_RECOVERY,CONTROLLED_SOFTWARE_INJECTION,CSS-LoRa SX1278 (Ra-02),50.0,123,1787960256.1498,-64.52,11.19,True,24.0,NORMAL,True
5124,POST_FADE_RECOVERY,CONTROLLED_SOFTWARE_INJECTION,CSS-LoRa SX1278 (Ra-02),50.0,124,1787960256.1998,-65.26,8.65,True,26.27,NORMAL,True
5125,POST_FADE_RECOVERY,CONTROLLED_SOFTWARE_INJECTION,CSS-LoRa SX1278 (Ra-02),50.0,125,1787960256.2498,-70.53,9.63,True,25.85,NORMAL,True
5126,POST_FADE_RECOVERY,CONTROLLED_SOFTWARE_INJECTION,CSS-LoRa SX1278 (Ra-02),50.0,126,1787960256.2998,-67.54,10.88,True,25.23,NORMAL,True
5127,POST_FADE_RECOVERY,CONTROLLED_SOFTWARE_INJECTION,CSS-LoRa SX1278 (Ra-02),50.0,127,1787960256.3498,-72.85,10.12,True,25.17,NORMAL,True
5128,POST_FADE_RECOVERY,CONTROLLED_SOFTWARE_INJECTION,CSS-LoRa SX1278 (Ra-02),50.0,128,1787960256.3998,-65.13,7.34,True,26.86,NORMAL,True
5129,POST_FADE_RECOVERY,CONTROLLED_SOFTWARE_INJECTION,CSS-LoRa SX1278 (Ra-02),50.0,129,1787960256.4498,-66.7,10.19,True,24.54,NORMAL,True
5130,POST_FADE_RECOVERY,CONTROLLED_SOFTWARE_INJECTION,CSS-LoRa SX1278 (Ra-02),50.0,130,1787960256.4998,-67.91,9.08,True,24.83,NORMAL,True
5131,POST_FADE_RECOVERY,CONTROLLED_SOFTWARE_INJECTION,CSS-LoRa SX1278 (Ra-02),50.0,131,1787960256.5498,-65.15,8.34,True,26.52,NORMAL,True
5132,POST_FADE_RECOVERY,CONTROLLED_SOFTWARE_INJECTION,CSS-LoRa SX1278 (Ra-02),50.0,132,1787960256.5998,-69.84,11.53,True,19.73,NORMAL,True
5133,POST_FADE_RECOVERY,CONTROLLED_SOFTWARE_INJECTION,CSS-LoRa SX1278 (Ra-02),50.0,133,1787960256.6498,-69.38,8.43,True,24.36,NORMAL,True
5134,POST_FADE_RECOVERY,CONTROLLED_SOFTWARE_INJECTION,CSS-LoRa SX1278 (Ra-02),50.0,134,1787960256.6998,-68.52,8.33,True,24.15,NORMAL,True
5135,POST_FADE_RECOVERY,CONTROLLED_SOFTWARE_INJECTION,CSS-LoRa SX1278 (Ra-02),50.0,135,1787960256.7498,-66.52,9.24,True,25.8,NORMAL,True
5136,POST_FADE_RECOVERY,CONTROLLED_SOFTWARE_INJECTION,CSS-LoRa SX1278 (Ra-02),50.0,136,1787960256.7998,-70.03,10.67,True,24.41,NORMAL,True
5137,POST_FADE_RECOVERY,CONTROLLED_SOFTWARE_INJECTION,CSS-LoRa SX1278 (Ra-02),50.0,137,1787960256.8498,-64.35,8.67,True,28.21,NORMAL,True
5138,POST_FADE_RECOVERY,CONTROLLED_SOFTWARE_INJECTION,CSS-LoRa SX1278 (Ra-02),50.0,138,1787960256.8998,-67.05,9.4,True,26.01,NORMAL,True
5139,POST_FADE_RECOVERY,CONTROLLED_SOFTWARE_INJECTION,CSS-LoRa SX1278 (Ra-02),50.0,139,1787960256.9498,-68.72,10.25,True,24.81,NORMAL,True
5140,POST_FADE_RECOVERY,CONTROLLED_SOFTWARE_INJECTION,CSS-LoRa SX1278 (Ra-02),50.0,140,1787960256.9998,-66.13,12.08,True,28.02,NORMAL,True
5141,POST_FADE_RECOVERY,CONTROLLED_SOFTWARE_INJECTION,CSS-LoRa SX1278 (Ra-02),50.0,141,1787960257.0498,-66.59,9.75,True,23.85,NORMAL,True
5142,POST_FADE_RECOVERY,CONTROLLED_SOFTWARE_INJECTION,CSS-LoRa SX1278 (Ra-02),50.0,142,1787960257.0998,-69.14,10.18,True,27.58,NORMAL,True
5143,POST_FADE_RECOVERY,CONTROLLED_SOFTWARE_INJECTION,CSS-LoRa SX1278 (Ra-02),50.0,143,1787960257.1498,-71.11,9.19,True,25.03,NORMAL,True
5144,POST_FADE_RECOVERY,CONTROLLED_SOFTWARE_INJECTION,CSS-LoRa SX1278 (Ra-02),50.0,144,1787960257.1998,-63.89,7.34,True,27.37,NORMAL,True
5145,POST_FADE_RECOVERY,CONTROLLED_SOFTWARE_INJECTION,CSS-LoRa SX1278 (Ra-02),50.0,145,1787960257.2498,-64.39,8.98,True,23.67,NORMAL,True
5146,POST_FADE_RECOVERY,CONTROLLED_SOFTWARE_INJECTION,CSS-LoRa SX1278 (Ra-02),50.0,146,1787960257.2998,-65.56,10.91,True,24.66,NORMAL,True
5147,POST_FADE_RECOVERY,CONTROLLED_SOFTWARE_INJECTION,CSS-LoRa SX1278 (Ra-02),50.0,147,1787960257.3498,-68.25,10.56,True,24.7,NORMAL,True
5148,POST_FADE_RECOVERY,CONTROLLED_SOFTWARE_INJECTION,CSS-LoRa SX1278 (Ra-02),50.0,148,1787960257.3998,-65.68,9.66,True,24.61,NORMAL,True
5149,POST_FADE_RECOVERY,CONTROLLED_SOFTWARE_INJECTION,CSS-LoRa SX1278 (Ra-02),50.0,149,1787960257.4498,-66.16,6.58,True,26.5,NORMAL,True
5150,POST_FADE_RECOVERY,CONTROLLED_SOFTWARE_INJECTION,CSS-LoRa SX1278 (Ra-02),50.0,150,1787960257.4998,-66.98,9.46,True,23.98,NORMAL,True
5151,POST_FADE_RECOVERY,CONTROLLED_SOFTWARE_INJECTION,CSS-LoRa SX1278 (Ra-02),50.0,151,1787960257.5498,-66.44,10.45,True,24.82,NORMAL,True
5152,POST_FADE_RECOVERY,CONTROLLED_SOFTWARE_INJECTION,CSS-LoRa SX1278 (Ra-02),50.0,152,1787960257.5998,-70.49,11.03,True,24.35,NORMAL,True
5153,POST_FADE_RECOVERY,CONTROLLED_SOFTWARE_INJECTION,CSS-LoRa SX1278 (Ra-02),50.0,153,1787960257.6498,-65.95,6.9,True,26.48,NORMAL,True
5154,POST_FADE_RECOVERY,CONTROLLED_SOFTWARE_INJECTION,CSS-LoRa SX1278 (Ra-02),50.0,154,1787960257.6998,-69.78,8.97,True,27.34,NORMAL,True
5155,POST_FADE_RECOVERY,CONTROLLED_SOFTWARE_INJECTION,CSS-LoRa SX1278 (Ra-02),50.0,155,1787960257.7498,-65.31,9.72,True,23.86,NORMAL,True
5156,POST_FADE_RECOVERY,CONTROLLED_SOFTWARE_INJECTION,CSS-LoRa SX1278 (Ra-02),50.0,156,1787960257.7998,-66.33,10.6,True,23.26,NORMAL,True
5157,POST_FADE_RECOVERY,CONTROLLED_SOFTWARE_INJECTION,CSS-LoRa SX1278 (Ra-02),50.0,157,1787960257.8498,-72.22,8.98,True,25.83,NORMAL,True
5158,POST_FADE_RECOVERY,CONTROLLED_SOFTWARE_INJECTION,CSS-LoRa SX1278 (Ra-02),50.0,158,1787960257.8998,-65.44,11.31,True,23.63,NORMAL,True
5159,POST_FADE_RECOVERY,CONTROLLED_SOFTWARE_INJECTION,CSS-LoRa SX1278 (Ra-02),50.0,159,1787960257.9498,-67.73,9.29,True,25.55,NORMAL,True
5160,POST_FADE_RECOVERY,CONTROLLED_SOFTWARE_INJECTION,CSS-LoRa SX1278 (Ra-02),50.0,160,1787960257.9998,-70.11,8.26,True,24.28,NORMAL,True
5161,POST_FADE_RECOVERY,CONTROLLED_SOFTWARE_INJECTION,CSS-LoRa SX1278 (Ra-02),50.0,161,1787960258.0498,-70.11,9.3,True,28.08,NORMAL,True
5162,POST_FADE_RECOVERY,CONTROLLED_SOFTWARE_INJECTION,CSS-LoRa SX1278 (Ra-02),50.0,162,1787960258.0998,-69.13,8.22,True,24.78,NORMAL,True
5163,POST_FADE_RECOVERY,CONTROLLED_SOFTWARE_INJECTION,CSS-LoRa SX1278 (Ra-02),50.0,163,1787960258.1498,-68.35,10.99,True,26.89,NORMAL,True
5164,POST_FADE_RECOVERY,CONTROLLED_SOFTWARE_INJECTION,CSS-LoRa SX1278 (Ra-02),50.0,164,1787960258.1998,-68.05,8.83,True,22.44,NORMAL,True
5165,POST_FADE_RECOVERY,CONTROLLED_SOFTWARE_INJECTION,CSS-LoRa SX1278 (Ra-02),50.0,165,1787960258.2498,-62.83,11.68,True,23.72,NORMAL,True
5166,POST_FADE_RECOVERY,CONTROLLED_SOFTWARE_INJECTION,CSS-LoRa SX1278 (Ra-02),50.0,166,1787960258.2998,-69.29,8.31,True,23.23,NORMAL,True
5167,POST_FADE_RECOVERY,CONTROLLED_SOFTWARE_INJECTION,CSS-LoRa SX1278 (Ra-02),50.0,167,1787960258.3498,-69.05,10.09,True,24.32,NORMAL,True
5168,POST_FADE_RECOVERY,CONTROLLED_SOFTWARE_INJECTION,CSS-LoRa SX1278 (Ra-02),50.0,168,1787960258.3998,-63.49,9.12,True,26.52,NORMAL,True
5169,POST_FADE_RECOVERY,CONTROLLED_SOFTWARE_INJECTION,CSS-LoRa SX1278 (Ra-02),50.0,169,1787960258.4498,-69.01,8.94,True,23.53,NORMAL,True
5170,POST_FADE_RECOVERY,CONTROLLED_SOFTWARE_INJECTION,CSS-LoRa SX1278 (Ra-02),50.0,170,1787960258.4998,-69.18,10.32,True,24.33,NORMAL,True
5171,POST_FADE_RECOVERY,CONTROLLED_SOFTWARE_INJECTION,CSS-LoRa SX1278 (Ra-02),50.0,171,1787960258.5498,-70.65,9.7,True,21.05,NORMAL,True
5172,POST_FADE_RECOVERY,CONTROLLED_SOFTWARE_INJECTION,CSS-LoRa SX1278 (Ra-02),50.0,172,1787960258.5998,-69.64,10.15,True,29.29,NORMAL,True
5173,POST_FADE_RECOVERY,CONTROLLED_SOFTWARE_INJECTION,CSS-LoRa SX1278 (Ra-02),50.0,173,1787960258.6498,-69.43,10.63,True,23.39,NORMAL,True
5174,POST_FADE_RECOVERY,CONTROLLED_SOFTWARE_INJECTION,CSS-LoRa SX1278 (Ra-02),50.0,174,1787960258.6998,-65.05,8.38,True,26.38,NORMAL,True
5175,POST_FADE_RECOVERY,CONTROLLED_SOFTWARE_INJECTION,CSS-LoRa SX1278 (Ra-02),50.0,175,1787960258.7498,-68.7,6.98,True,28.08,NORMAL,True
5176,POST_FADE_RECOVERY,CONTROLLED_SOFTWARE_INJECTION,CSS-LoRa SX1278 (Ra-02),50.0,176,1787960258.7998,-68.41,9.99,True,26.4,NORMAL,True
5177,POST_FADE_RECOVERY,CONTROLLED_SOFTWARE_INJECTION,CSS-LoRa SX1278 (Ra-02),50.0,177,1787960258.8498,-66.32,8.33,True,26.75,NORMAL,True
5178,POST_FADE_RECOVERY,CONTROLLED_SOFTWARE_INJECTION,CSS-LoRa SX1278 (Ra-02),50.0,178,1787960258.8998,-67.49,7.24,True,23.45,NORMAL,True
5179,POST_FADE_RECOVERY,CONTROLLED_SOFTWARE_INJECTION,CSS-LoRa SX1278 (Ra-02),50.0,179,1787960258.9498,-67.27,10.97,True,24.89,NORMAL,True
5180,POST_FADE_RECOVERY,CONTROLLED_SOFTWARE_INJECTION,CSS-LoRa SX1278 (Ra-02),50.0,180,1787960258.9998,-71.45,11.07,True,24.83,NORMAL,True
5181,POST_FADE_RECOVERY,CONTROLLED_SOFTWARE_INJECTION,CSS-LoRa SX1278 (Ra-02),50.0,181,1787960259.0498,-66.62,10.11,True,25.7,NORMAL,True
5182,POST_FADE_RECOVERY,CONTROLLED_SOFTWARE_INJECTION,CSS-LoRa SX1278 (Ra-02),50.0,182,1787960259.0998,-72.83,8.79,True,22.37,NORMAL,True
5183,POST_FADE_RECOVERY,CONTROLLED_SOFTWARE_INJECTION,CSS-LoRa SX1278 (Ra-02),50.0,183,1787960259.1498,-71.57,11.32,True,23.38,NORMAL,True
5184,POST_FADE_RECOVERY,CONTROLLED_SOFTWARE_INJECTION,CSS-LoRa SX1278 (Ra-02),50.0,184,1787960259.1998,-66.13,11.71,True,23.25,NORMAL,True
5185,POST_FADE_RECOVERY,CONTROLLED_SOFTWARE_INJECTION,CSS-LoRa SX1278 (Ra-02),50.0,185,1787960259.2498,-66.54,11.97,True,27.13,NORMAL,True
5186,POST_FADE_RECOVERY,CONTROLLED_SOFTWARE_INJECTION,CSS-LoRa SX1278 (Ra-02),50.0,186,1787960259.2998,-65.25,9.01,True,26.82,NORMAL,True
5187,POST_FADE_RECOVERY,CONTROLLED_SOFTWARE_INJECTION,CSS-LoRa SX1278 (Ra-02),50.0,187,1787960259.3498,-67.6,9.71,True,22.44,NORMAL,True
5188,POST_FADE_RECOVERY,CONTROLLED_SOFTWARE_INJECTION,CSS-LoRa SX1278 (Ra-02),50.0,188,1787960259.3998,-68.53,12.54,True,22.22,NORMAL,True
5189,POST_FADE_RECOVERY,CONTROLLED_SOFTWARE_INJECTION,CSS-LoRa SX1278 (Ra-02),50.0,189,1787960259.4498,-66.9,10.76,True,26.71,NORMAL,True
5190,POST_FADE_RECOVERY,CONTROLLED_SOFTWARE_INJECTION,CSS-LoRa SX1278 (Ra-02),50.0,190,1787960259.4998,-71.95,9.32,True,25.6,NORMAL,True
5191,POST_FADE_RECOVERY,CONTROLLED_SOFTWARE_INJECTION,CSS-LoRa SX1278 (Ra-02),50.0,191,1787960259.5498,-62.69,8.1,True,24.92,NORMAL,True
5192,POST_FADE_RECOVERY,CONTROLLED_SOFTWARE_INJECTION,CSS-LoRa SX1278 (Ra-02),50.0,192,1787960259.5998,-68.13,9.87,True,22.49,NORMAL,True
5193,POST_FADE_RECOVERY,CONTROLLED_SOFTWARE_INJECTION,CSS-LoRa SX1278 (Ra-02),50.0,193,1787960259.6498,-65.16,10.77,True,24.81,NORMAL,True
5194,POST_FADE_RECOVERY,CONTROLLED_SOFTWARE_INJECTION,CSS-LoRa SX1278 (Ra-02),50.0,194,1787960259.6998,-67.94,9.93,True,24.7,NORMAL,True
5195,POST_FADE_RECOVERY,CONTROLLED_SOFTWARE_INJECTION,CSS-LoRa SX1278 (Ra-02),50.0,195,1787960259.7498,-67.04,10.51,True,24.05,NORMAL,True
5196,POST_FADE_RECOVERY,CONTROLLED_SOFTWARE_INJECTION,CSS-LoRa SX1278 (Ra-02),50.0,196,1787960259.7998,-62.7,9.65,True,26.78,NORMAL,True
5197,POST_FADE_RECOVERY,CONTROLLED_SOFTWARE_INJECTION,CSS-LoRa SX1278 (Ra-02),50.0,197,1787960259.8498,-68.56,7.94,True,23.56,NORMAL,True
5198,POST_FADE_RECOVERY,CONTROLLED_SOFTWARE_INJECTION,CSS-LoRa SX1278 (Ra-02),50.0,198,1787960259.8998,-67.0,8.05,True,25.47,NORMAL,True
5199,POST_FADE_RECOVERY,CONTROLLED_SOFTWARE_INJECTION,CSS-LoRa SX1278 (Ra-02),50.0,199,1787960259.9498,-66.59,9.95,True,25.3,NORMAL,True
5200,POST_FADE_RECOVERY,CONTROLLED_SOFTWARE_INJECTION,CSS-LoRa SX1278 (Ra-02),50.0,200,1787960259.9998,-68.63,9.11,True,28.05,NORMAL,True
5201,POST_FADE_RECOVERY,CONTROLLED_SOFTWARE_INJECTION,CSS-LoRa SX1278 (Ra-02),50.0,201,1787960260.0498,-68.54,10.11,True,24.65,NORMAL,True
5202,POST_FADE_RECOVERY,CONTROLLED_SOFTWARE_INJECTION,CSS-LoRa SX1278 (Ra-02),50.0,202,1787960260.0998,-67.43,6.99,True,24.31,NORMAL,True
5203,POST_FADE_RECOVERY,CONTROLLED_SOFTWARE_INJECTION,CSS-LoRa SX1278 (Ra-02),50.0,203,1787960260.1498,-65.31,10.0,True,24.84,NORMAL,True
5204,POST_FADE_RECOVERY,CONTROLLED_SOFTWARE_INJECTION,CSS-LoRa SX1278 (Ra-02),50.0,204,1787960260.1998,-66.23,7.71,True,22.49,NORMAL,True
5205,POST_FADE_RECOVERY,CONTROLLED_SOFTWARE_INJECTION,CSS-LoRa SX1278 (Ra-02),50.0,205,1787960260.2498,-67.11,11.65,True,24.74,NORMAL,True
5206,POST_FADE_RECOVERY,CONTROLLED_SOFTWARE_INJECTION,CSS-LoRa SX1278 (Ra-02),50.0,206,1787960260.2998,-67.13,8.95,True,27.75,NORMAL,True
5207,POST_FADE_RECOVERY,CONTROLLED_SOFTWARE_INJECTION,CSS-LoRa SX1278 (Ra-02),50.0,207,1787960260.3498,-68.9,9.16,True,22.6,NORMAL,True
5208,POST_FADE_RECOVERY,CONTROLLED_SOFTWARE_INJECTION,CSS-LoRa SX1278 (Ra-02),50.0,208,1787960260.3998,-68.6,12.01,True,24.79,NORMAL,True
5209,POST_FADE_RECOVERY,CONTROLLED_SOFTWARE_INJECTION,CSS-LoRa SX1278 (Ra-02),50.0,209,1787960260.4498,-63.22,9.62,True,25.16,NORMAL,True
5210,POST_FADE_RECOVERY,CONTROLLED_SOFTWARE_INJECTION,CSS-LoRa SX1278 (Ra-02),50.0,210,1787960260.4998,-64.27,9.73,True,24.65,NORMAL,True
5211,POST_FADE_RECOVERY,CONTROLLED_SOFTWARE_INJECTION,CSS-LoRa SX1278 (Ra-02),50.0,211,1787960260.5498,-63.68,6.83,True,21.2,NORMAL,True
5212,POST_FADE_RECOVERY,CONTROLLED_SOFTWARE_INJECTION,CSS-LoRa SX1278 (Ra-02),50.0,212,1787960260.5998,-71.76,7.1,True,23.89,NORMAL,True
5213,POST_FADE_RECOVERY,CONTROLLED_SOFTWARE_INJECTION,CSS-LoRa SX1278 (Ra-02),50.0,213,1787960260.6498,-69.87,9.23,True,24.5,NORMAL,True
5214,POST_FADE_RECOVERY,CONTROLLED_SOFTWARE_INJECTION,CSS-LoRa SX1278 (Ra-02),50.0,214,1787960260.6998,-69.6,8.3,True,23.8,NORMAL,True
5215,POST_FADE_RECOVERY,CONTROLLED_SOFTWARE_INJECTION,CSS-LoRa SX1278 (Ra-02),50.0,215,1787960260.7498,-67.45,9.19,True,24.39,NORMAL,True
5216,POST_FADE_RECOVERY,CONTROLLED_SOFTWARE_INJECTION,CSS-LoRa SX1278 (Ra-02),50.0,216,1787960260.7998,-68.8,8.45,True,23.04,NORMAL,True
5217,POST_FADE_RECOVERY,CONTROLLED_SOFTWARE_INJECTION,CSS-LoRa SX1278 (Ra-02),50.0,217,1787960260.8498,-68.73,11.14,True,24.51,NORMAL,True
5218,POST_FADE_RECOVERY,CONTROLLED_SOFTWARE_INJECTION,CSS-LoRa SX1278 (Ra-02),50.0,218,1787960260.8998,-66.19,9.91,True,23.22,NORMAL,True
5219,POST_FADE_RECOVERY,CONTROLLED_SOFTWARE_INJECTION,CSS-LoRa SX1278 (Ra-02),50.0,219,1787960260.9498,-64.83,8.91,True,24.02,NORMAL,True
5220,POST_FADE_RECOVERY,CONTROLLED_SOFTWARE_INJECTION,CSS-LoRa SX1278 (Ra-02),50.0,220,1787960260.9998,-65.2,11.18,True,25.08,NORMAL,True
5221,POST_FADE_RECOVERY,CONTROLLED_SOFTWARE_INJECTION,CSS-LoRa SX1278 (Ra-02),50.0,221,1787960261.0498,-71.5,10.48,True,25.19,NORMAL,True
5222,POST_FADE_RECOVERY,CONTROLLED_SOFTWARE_INJECTION,CSS-LoRa SX1278 (Ra-02),50.0,222,1787960261.0998,-74.52,12.34,True,22.52,NORMAL,True
5223,POST_FADE_RECOVERY,CONTROLLED_SOFTWARE_INJECTION,CSS-LoRa SX1278 (Ra-02),50.0,223,1787960261.1498,-68.36,7.69,True,25.09,NORMAL,True
5224,POST_FADE_RECOVERY,CONTROLLED_SOFTWARE_INJECTION,CSS-LoRa SX1278 (Ra-02),50.0,224,1787960261.1998,-71.29,9.43,True,26.3,NORMAL,True
5225,POST_FADE_RECOVERY,CONTROLLED_SOFTWARE_INJECTION,CSS-LoRa SX1278 (Ra-02),50.0,225,1787960261.2498,-66.15,8.06,True,23.32,NORMAL,True
5226,POST_FADE_RECOVERY,CONTROLLED_SOFTWARE_INJECTION,CSS-LoRa SX1278 (Ra-02),50.0,226,1787960261.2998,-68.68,7.29,True,25.73,NORMAL,True
5227,POST_FADE_RECOVERY,CONTROLLED_SOFTWARE_INJECTION,CSS-LoRa SX1278 (Ra-02),50.0,227,1787960261.3498,-63.85,10.62,True,25.45,NORMAL,True
5228,POST_FADE_RECOVERY,CONTROLLED_SOFTWARE_INJECTION,CSS-LoRa SX1278 (Ra-02),50.0,228,1787960261.3998,-63.54,8.79,True,24.22,NORMAL,True
5229,POST_FADE_RECOVERY,CONTROLLED_SOFTWARE_INJECTION,CSS-LoRa SX1278 (Ra-02),50.0,229,1787960261.4498,-67.92,10.37,True,22.53,NORMAL,True
5230,POST_FADE_RECOVERY,CONTROLLED_SOFTWARE_INJECTION,CSS-LoRa SX1278 (Ra-02),50.0,230,1787960261.4998,-64.76,11.12,True,25.29,NORMAL,True
5231,POST_FADE_RECOVERY,CONTROLLED_SOFTWARE_INJECTION,CSS-LoRa SX1278 (Ra-02),50.0,231,1787960261.5498,-64.78,7.55,True,22.92,NORMAL,True
5232,POST_FADE_RECOVERY,CONTROLLED_SOFTWARE_INJECTION,CSS-LoRa SX1278 (Ra-02),50.0,232,1787960261.5998,-64.94,10.06,True,23.33,NORMAL,True
5233,POST_FADE_RECOVERY,CONTROLLED_SOFTWARE_INJECTION,CSS-LoRa SX1278 (Ra-02),50.0,233,1787960261.6498,-66.37,11.63,True,23.75,NORMAL,True
5234,POST_FADE_RECOVERY,CONTROLLED_SOFTWARE_INJECTION,CSS-LoRa SX1278 (Ra-02),50.0,234,1787960261.6998,-67.8,8.97,True,27.12,NORMAL,True
5235,POST_FADE_RECOVERY,CONTROLLED_SOFTWARE_INJECTION,CSS-LoRa SX1278 (Ra-02),50.0,235,1787960261.7498,-66.55,10.96,True,24.94,NORMAL,True
5236,POST_FADE_RECOVERY,CONTROLLED_SOFTWARE_INJECTION,CSS-LoRa SX1278 (Ra-02),50.0,236,1787960261.7998,-64.91,9.22,True,26.04,NORMAL,True
5237,POST_FADE_RECOVERY,CONTROLLED_SOFTWARE_INJECTION,CSS-LoRa SX1278 (Ra-02),50.0,237,1787960261.8498,-71.09,11.18,True,28.71,NORMAL,True
5238,POST_FADE_RECOVERY,CONTROLLED_SOFTWARE_INJECTION,CSS-LoRa SX1278 (Ra-02),50.0,238,1787960261.8998,-65.07,11.2,True,26.12,NORMAL,True
5239,POST_FADE_RECOVERY,CONTROLLED_SOFTWARE_INJECTION,CSS-LoRa SX1278 (Ra-02),50.0,239,1787960261.9498,-62.68,9.48,True,24.49,NORMAL,True
5240,POST_FADE_RECOVERY,CONTROLLED_SOFTWARE_INJECTION,CSS-LoRa SX1278 (Ra-02),50.0,240,1787960261.9998,-64.09,9.15,True,24.67,NORMAL,True
5241,POST_FADE_RECOVERY,CONTROLLED_SOFTWARE_INJECTION,CSS-LoRa SX1278 (Ra-02),50.0,241,1787960262.0498,-64.57,9.74,True,22.38,NORMAL,True
5242,POST_FADE_RECOVERY,CONTROLLED_SOFTWARE_INJECTION,CSS-LoRa SX1278 (Ra-02),50.0,242,1787960262.0998,-68.06,10.51,True,25.61,NORMAL,True
5243,POST_FADE_RECOVERY,CONTROLLED_SOFTWARE_INJECTION,CSS-LoRa SX1278 (Ra-02),50.0,243,1787960262.1497,-66.53,11.3,True,25.21,NORMAL,True
5244,POST_FADE_RECOVERY,CONTROLLED_SOFTWARE_INJECTION,CSS-LoRa SX1278 (Ra-02),50.0,244,1787960262.1997,-63.84,8.58,True,25.89,NORMAL,True
5245,POST_FADE_RECOVERY,CONTROLLED_SOFTWARE_INJECTION,CSS-LoRa SX1278 (Ra-02),50.0,245,1787960262.2497,-66.64,10.75,True,21.41,NORMAL,True
5246,POST_FADE_RECOVERY,CONTROLLED_SOFTWARE_INJECTION,CSS-LoRa SX1278 (Ra-02),50.0,246,1787960262.2997,-67.56,9.04,True,21.95,NORMAL,True
5247,POST_FADE_RECOVERY,CONTROLLED_SOFTWARE_INJECTION,CSS-LoRa SX1278 (Ra-02),50.0,247,1787960262.3497,-69.93,8.64,True,27.58,NORMAL,True
5248,POST_FADE_RECOVERY,CONTROLLED_SOFTWARE_INJECTION,CSS-LoRa SX1278 (Ra-02),50.0,248,1787960262.3997,-68.6,7.14,True,26.41,NORMAL,True
5249,POST_FADE_RECOVERY,CONTROLLED_SOFTWARE_INJECTION,CSS-LoRa SX1278 (Ra-02),50.0,249,1787960262.4497,-68.56,11.64,True,25.19,NORMAL,True
5250,POST_FADE_RECOVERY,CONTROLLED_SOFTWARE_INJECTION,CSS-LoRa SX1278 (Ra-02),50.0,250,1787960262.4997,-68.83,6.71,True,24.01,NORMAL,True
5251,POST_FADE_RECOVERY,CONTROLLED_SOFTWARE_INJECTION,CSS-LoRa SX1278 (Ra-02),50.0,251,1787960262.5497,-69.47,10.87,True,23.13,NORMAL,True
5252,POST_FADE_RECOVERY,CONTROLLED_SOFTWARE_INJECTION,CSS-LoRa SX1278 (Ra-02),50.0,252,1787960262.5997,-67.55,10.07,True,25.11,NORMAL,True
5253,POST_FADE_RECOVERY,CONTROLLED_SOFTWARE_INJECTION,CSS-LoRa SX1278 (Ra-02),50.0,253,1787960262.6497,-67.94,7.76,True,23.96,NORMAL,True
5254,POST_FADE_RECOVERY,CONTROLLED_SOFTWARE_INJECTION,CSS-LoRa SX1278 (Ra-02),50.0,254,1787960262.6997,-66.37,10.27,True,24.61,NORMAL,True
5255,POST_FADE_RECOVERY,CONTROLLED_SOFTWARE_INJECTION,CSS-LoRa SX1278 (Ra-02),50.0,255,1787960262.7497,-65.72,10.36,True,28.39,NORMAL,True
5256,POST_FADE_RECOVERY,CONTROLLED_SOFTWARE_INJECTION,CSS-LoRa SX1278 (Ra-02),50.0,256,1787960262.7997,-66.6,9.82,True,24.37,NORMAL,True
5257,POST_FADE_RECOVERY,CONTROLLED_SOFTWARE_INJECTION,CSS-LoRa SX1278 (Ra-02),50.0,257,1787960262.8497,-67.97,11.32,True,23.88,NORMAL,True
5258,POST_FADE_RECOVERY,CONTROLLED_SOFTWARE_INJECTION,CSS-LoRa SX1278 (Ra-02),50.0,258,1787960262.8997,-67.62,9.86,True,24.93,NORMAL,True
5259,POST_FADE_RECOVERY,CONTROLLED_SOFTWARE_INJECTION,CSS-LoRa SX1278 (Ra-02),50.0,259,1787960262.9497,-66.09,7.34,True,22.94,NORMAL,True
5260,POST_FADE_RECOVERY,CONTROLLED_SOFTWARE_INJECTION,CSS-LoRa SX1278 (Ra-02),50.0,260,1787960262.9997,-68.13,10.25,True,24.02,NORMAL,True
5261,POST_FADE_RECOVERY,CONTROLLED_SOFTWARE_INJECTION,CSS-LoRa SX1278 (Ra-02),50.0,261,1787960263.0497,-70.41,8.37,True,24.32,NORMAL,True
5262,POST_FADE_RECOVERY,CONTROLLED_SOFTWARE_INJECTION,CSS-LoRa SX1278 (Ra-02),50.0,262,1787960263.0997,-63.99,10.56,True,27.49,NORMAL,True
5263,POST_FADE_RECOVERY,CONTROLLED_SOFTWARE_INJECTION,CSS-LoRa SX1278 (Ra-02),50.0,263,1787960263.1497,-67.63,12.53,True,25.09,NORMAL,True
5264,POST_FADE_RECOVERY,CONTROLLED_SOFTWARE_INJECTION,CSS-LoRa SX1278 (Ra-02),50.0,264,1787960263.1997,-65.2,9.82,True,26.13,NORMAL,True
5265,POST_FADE_RECOVERY,CONTROLLED_SOFTWARE_INJECTION,CSS-LoRa SX1278 (Ra-02),50.0,265,1787960263.2497,-69.89,11.37,True,26.67,NORMAL,True
5266,POST_FADE_RECOVERY,CONTROLLED_SOFTWARE_INJECTION,CSS-LoRa SX1278 (Ra-02),50.0,266,1787960263.2997,-66.35,11.76,True,24.08,NORMAL,True
5267,POST_FADE_RECOVERY,CONTROLLED_SOFTWARE_INJECTION,CSS-LoRa SX1278 (Ra-02),50.0,267,1787960263.3497,-64.6,9.05,True,23.28,NORMAL,True
5268,POST_FADE_RECOVERY,CONTROLLED_SOFTWARE_INJECTION,CSS-LoRa SX1278 (Ra-02),50.0,268,1787960263.3997,-68.02,8.74,True,25.07,NORMAL,True
5269,POST_FADE_RECOVERY,CONTROLLED_SOFTWARE_INJECTION,CSS-LoRa SX1278 (Ra-02),50.0,269,1787960263.4497,-68.67,10.09,True,25.23,NORMAL,True
5270,POST_FADE_RECOVERY,CONTROLLED_SOFTWARE_INJECTION,CSS-LoRa SX1278 (Ra-02),50.0,270,1787960263.4997,-68.8,8.51,True,23.71,NORMAL,True
5271,POST_FADE_RECOVERY,CONTROLLED_SOFTWARE_INJECTION,CSS-LoRa SX1278 (Ra-02),50.0,271,1787960263.5497,-67.51,9.38,True,24.36,NORMAL,True
5272,POST_FADE_RECOVERY,CONTROLLED_SOFTWARE_INJECTION,CSS-LoRa SX1278 (Ra-02),50.0,272,1787960263.5997,-69.52,8.12,True,25.15,NORMAL,True
5273,POST_FADE_RECOVERY,CONTROLLED_SOFTWARE_INJECTION,CSS-LoRa SX1278 (Ra-02),50.0,273,1787960263.6497,-65.65,9.05,True,24.41,NORMAL,True
5274,POST_FADE_RECOVERY,CONTROLLED_SOFTWARE_INJECTION,CSS-LoRa SX1278 (Ra-02),50.0,274,1787960263.6997,-72.92,8.91,True,26.03,NORMAL,True
5275,POST_FADE_RECOVERY,CONTROLLED_SOFTWARE_INJECTION,CSS-LoRa SX1278 (Ra-02),50.0,275,1787960263.7497,-67.79,8.74,True,28.44,NORMAL,True
5276,POST_FADE_RECOVERY,CONTROLLED_SOFTWARE_INJECTION,CSS-LoRa SX1278 (Ra-02),50.0,276,1787960263.7997,-72.13,7.64,True,24.22,NORMAL,True
5277,POST_FADE_RECOVERY,CONTROLLED_SOFTWARE_INJECTION,CSS-LoRa SX1278 (Ra-02),50.0,277,1787960263.8497,-67.81,10.59,True,24.53,NORMAL,True
5278,POST_FADE_RECOVERY,CONTROLLED_SOFTWARE_INJECTION,CSS-LoRa SX1278 (Ra-02),50.0,278,1787960263.8997,-68.58,8.2,True,25.56,NORMAL,True
5279,POST_FADE_RECOVERY,CONTROLLED_SOFTWARE_INJECTION,CSS-LoRa SX1278 (Ra-02),50.0,279,1787960263.9497,-125.0,-22.0,False,,NORMAL,True
5280,POST_FADE_RECOVERY,CONTROLLED_SOFTWARE_INJECTION,CSS-LoRa SX1278 (Ra-02),50.0,280,1787960263.9997,-64.57,10.11,True,22.87,NORMAL,True
5281,POST_FADE_RECOVERY,CONTROLLED_SOFTWARE_INJECTION,CSS-LoRa SX1278 (Ra-02),50.0,281,1787960264.0497,-68.87,11.44,True,25.66,NORMAL,True
5282,POST_FADE_RECOVERY,CONTROLLED_SOFTWARE_INJECTION,CSS-LoRa SX1278 (Ra-02),50.0,282,1787960264.0997,-69.35,9.48,True,24.35,NORMAL,True
5283,POST_FADE_RECOVERY,CONTROLLED_SOFTWARE_INJECTION,CSS-LoRa SX1278 (Ra-02),50.0,283,1787960264.1497,-68.9,9.05,True,26.21,NORMAL,True
5284,POST_FADE_RECOVERY,CONTROLLED_SOFTWARE_INJECTION,CSS-LoRa SX1278 (Ra-02),50.0,284,1787960264.1997,-64.3,6.75,True,25.46,NORMAL,True
5285,POST_FADE_RECOVERY,CONTROLLED_SOFTWARE_INJECTION,CSS-LoRa SX1278 (Ra-02),50.0,285,1787960264.2497,-65.59,8.97,True,23.64,NORMAL,True
5286,POST_FADE_RECOVERY,CONTROLLED_SOFTWARE_INJECTION,CSS-LoRa SX1278 (Ra-02),50.0,286,1787960264.2997,-68.88,8.95,True,24.56,NORMAL,True
5287,POST_FADE_RECOVERY,CONTROLLED_SOFTWARE_INJECTION,CSS-LoRa SX1278 (Ra-02),50.0,287,1787960264.3497,-69.08,10.24,True,24.76,NORMAL,True
5288,POST_FADE_RECOVERY,CONTROLLED_SOFTWARE_INJECTION,CSS-LoRa SX1278 (Ra-02),50.0,288,1787960264.3997,-68.41,8.93,True,27.22,NORMAL,True
5289,POST_FADE_RECOVERY,CONTROLLED_SOFTWARE_INJECTION,CSS-LoRa SX1278 (Ra-02),50.0,289,1787960264.4497,-65.63,8.38,True,24.02,NORMAL,True
5290,POST_FADE_RECOVERY,CONTROLLED_SOFTWARE_INJECTION,CSS-LoRa SX1278 (Ra-02),50.0,290,1787960264.4997,-68.61,11.74,True,24.54,NORMAL,True
5291,POST_FADE_RECOVERY,CONTROLLED_SOFTWARE_INJECTION,CSS-LoRa SX1278 (Ra-02),50.0,291,1787960264.5497,-75.12,8.28,True,25.46,NORMAL,True
5292,POST_FADE_RECOVERY,CONTROLLED_SOFTWARE_INJECTION,CSS-LoRa SX1278 (Ra-02),50.0,292,1787960264.5997,-67.63,10.18,True,23.33,NORMAL,True
5293,POST_FADE_RECOVERY,CONTROLLED_SOFTWARE_INJECTION,CSS-LoRa SX1278 (Ra-02),50.0,293,1787960264.6497,-68.06,8.84,True,25.09,NORMAL,True
5294,POST_FADE_RECOVERY,CONTROLLED_SOFTWARE_INJECTION,CSS-LoRa SX1278 (Ra-02),50.0,294,1787960264.6997,-64.21,9.41,True,24.98,NORMAL,True
5295,POST_FADE_RECOVERY,CONTROLLED_SOFTWARE_INJECTION,CSS-LoRa SX1278 (Ra-02),50.0,295,1787960264.7497,-67.45,9.9,True,25.52,NORMAL,True
5296,POST_FADE_RECOVERY,CONTROLLED_SOFTWARE_INJECTION,CSS-LoRa SX1278 (Ra-02),50.0,296,1787960264.7997,-63.42,8.58,True,24.41,NORMAL,True
5297,POST_FADE_RECOVERY,CONTROLLED_SOFTWARE_INJECTION,CSS-LoRa SX1278 (Ra-02),50.0,297,1787960264.8497,-62.75,10.7,True,23.45,NORMAL,True
5298,POST_FADE_RECOVERY,CONTROLLED_SOFTWARE_INJECTION,CSS-LoRa SX1278 (Ra-02),50.0,298,1787960264.8997,-64.04,10.08,True,26.08,NORMAL,True
5299,POST_FADE_RECOVERY,CONTROLLED_SOFTWARE_INJECTION,CSS-LoRa SX1278 (Ra-02),50.0,299,1787960264.9497,-66.21,8.35,True,24.47,NORMAL,True
5300,POST_FADE_RECOVERY,CONTROLLED_SOFTWARE_INJECTION,CSS-LoRa SX1278 (Ra-02),50.0,300,1787960264.9997,-66.09,9.28,True,22.64,NORMAL,True
5301,POST_FADE_RECOVERY,CONTROLLED_SOFTWARE_INJECTION,CSS-LoRa SX1278 (Ra-02),50.0,301,1787960265.0497,-69.41,9.77,True,23.01,NORMAL,True
5302,POST_FADE_RECOVERY,CONTROLLED_SOFTWARE_INJECTION,CSS-LoRa SX1278 (Ra-02),50.0,302,1787960265.0997,-70.27,9.8,True,23.33,NORMAL,True
5303,POST_FADE_RECOVERY,CONTROLLED_SOFTWARE_INJECTION,CSS-LoRa SX1278 (Ra-02),50.0,303,1787960265.1497,-68.24,11.01,True,26.33,NORMAL,True
5304,POST_FADE_RECOVERY,CONTROLLED_SOFTWARE_INJECTION,CSS-LoRa SX1278 (Ra-02),50.0,304,1787960265.1997,-67.61,9.14,True,23.98,NORMAL,True
5305,POST_FADE_RECOVERY,CONTROLLED_SOFTWARE_INJECTION,CSS-LoRa SX1278 (Ra-02),50.0,305,1787960265.2497,-65.72,10.69,True,23.66,NORMAL,True
5306,POST_FADE_RECOVERY,CONTROLLED_SOFTWARE_INJECTION,CSS-LoRa SX1278 (Ra-02),50.0,306,1787960265.2997,-66.5,9.52,True,27.12,NORMAL,True
5307,POST_FADE_RECOVERY,CONTROLLED_SOFTWARE_INJECTION,CSS-LoRa SX1278 (Ra-02),50.0,307,1787960265.3497,-64.53,8.53,True,23.44,NORMAL,True
5308,POST_FADE_RECOVERY,CONTROLLED_SOFTWARE_INJECTION,CSS-LoRa SX1278 (Ra-02),50.0,308,1787960265.3997,-66.39,11.36,True,24.75,NORMAL,True
5309,POST_FADE_RECOVERY,CONTROLLED_SOFTWARE_INJECTION,CSS-LoRa SX1278 (Ra-02),50.0,309,1787960265.4497,-64.98,12.07,True,23.45,NORMAL,True
5310,POST_FADE_RECOVERY,CONTROLLED_SOFTWARE_INJECTION,CSS-LoRa SX1278 (Ra-02),50.0,310,1787960265.4997,-66.42,10.48,True,24.87,NORMAL,True
5311,POST_FADE_RECOVERY,CONTROLLED_SOFTWARE_INJECTION,CSS-LoRa SX1278 (Ra-02),50.0,311,1787960265.5497,-69.17,6.6,True,23.95,NORMAL,True
5312,POST_FADE_RECOVERY,CONTROLLED_SOFTWARE_INJECTION,CSS-LoRa SX1278 (Ra-02),50.0,312,1787960265.5997,-65.4,9.39,True,25.54,NORMAL,True
5313,POST_FADE_RECOVERY,CONTROLLED_SOFTWARE_INJECTION,CSS-LoRa SX1278 (Ra-02),50.0,313,1787960265.6497,-65.09,10.47,True,24.5,NORMAL,True
5314,POST_FADE_RECOVERY,CONTROLLED_SOFTWARE_INJECTION,CSS-LoRa SX1278 (Ra-02),50.0,314,1787960265.6997,-63.35,8.16,True,23.95,NORMAL,True
5315,POST_FADE_RECOVERY,CONTROLLED_SOFTWARE_INJECTION,CSS-LoRa SX1278 (Ra-02),50.0,315,1787960265.7497,-65.0,8.34,True,24.56,NORMAL,True
5316,POST_FADE_RECOVERY,CONTROLLED_SOFTWARE_INJECTION,CSS-LoRa SX1278 (Ra-02),50.0,316,1787960265.7997,-64.67,11.74,True,23.91,NORMAL,True
5317,POST_FADE_RECOVERY,CONTROLLED_SOFTWARE_INJECTION,CSS-LoRa SX1278 (Ra-02),50.0,317,1787960265.8497,-70.59,9.37,True,23.71,NORMAL,True
5318,POST_FADE_RECOVERY,CONTROLLED_SOFTWARE_INJECTION,CSS-LoRa SX1278 (Ra-02),50.0,318,1787960265.8997,-68.89,8.38,True,23.23,NORMAL,True
5319,POST_FADE_RECOVERY,CONTROLLED_SOFTWARE_INJECTION,CSS-LoRa SX1278 (Ra-02),50.0,319,1787960265.9497,-64.2,8.21,True,22.35,NORMAL,True
5320,POST_FADE_RECOVERY,CONTROLLED_SOFTWARE_INJECTION,CSS-LoRa SX1278 (Ra-02),50.0,320,1787960265.9997,-66.85,9.81,True,23.41,NORMAL,True
5321,POST_FADE_RECOVERY,CONTROLLED_SOFTWARE_INJECTION,CSS-LoRa SX1278 (Ra-02),50.0,321,1787960266.0497,-68.91,9.78,True,22.46,NORMAL,True
5322,POST_FADE_RECOVERY,CONTROLLED_SOFTWARE_INJECTION,CSS-LoRa SX1278 (Ra-02),50.0,322,1787960266.0997,-66.03,9.26,True,23.61,NORMAL,True
5323,POST_FADE_RECOVERY,CONTROLLED_SOFTWARE_INJECTION,CSS-LoRa SX1278 (Ra-02),50.0,323,1787960266.1497,-71.12,8.85,True,24.44,NORMAL,True
5324,POST_FADE_RECOVERY,CONTROLLED_SOFTWARE_INJECTION,CSS-LoRa SX1278 (Ra-02),50.0,324,1787960266.1997,-66.52,10.6,True,26.62,NORMAL,True
5325,POST_FADE_RECOVERY,CONTROLLED_SOFTWARE_INJECTION,CSS-LoRa SX1278 (Ra-02),50.0,325,1787960266.2497,-69.81,8.4,True,23.76,NORMAL,True
5326,POST_FADE_RECOVERY,CONTROLLED_SOFTWARE_INJECTION,CSS-LoRa SX1278 (Ra-02),50.0,326,1787960266.2997,-70.45,13.53,True,24.57,NORMAL,True
5327,POST_FADE_RECOVERY,CONTROLLED_SOFTWARE_INJECTION,CSS-LoRa SX1278 (Ra-02),50.0,327,1787960266.3497,-66.59,10.12,True,23.32,NORMAL,True
5328,POST_FADE_RECOVERY,CONTROLLED_SOFTWARE_INJECTION,CSS-LoRa SX1278 (Ra-02),50.0,328,1787960266.3997,-70.76,9.0,True,24.38,NORMAL,True
5329,POST_FADE_RECOVERY,CONTROLLED_SOFTWARE_INJECTION,CSS-LoRa SX1278 (Ra-02),50.0,329,1787960266.4497,-65.98,10.41,True,24.55,NORMAL,True
5330,POST_FADE_RECOVERY,CONTROLLED_SOFTWARE_INJECTION,CSS-LoRa SX1278 (Ra-02),50.0,330,1787960266.4997,-65.99,10.97,True,25.94,NORMAL,True
5331,POST_FADE_RECOVERY,CONTROLLED_SOFTWARE_INJECTION,CSS-LoRa SX1278 (Ra-02),50.0,331,1787960266.5497,-64.83,7.35,True,23.7,NORMAL,True
5332,POST_FADE_RECOVERY,CONTROLLED_SOFTWARE_INJECTION,CSS-LoRa SX1278 (Ra-02),50.0,332,1787960266.5997,-66.23,8.78,True,25.97,NORMAL,True
5333,POST_FADE_RECOVERY,CONTROLLED_SOFTWARE_INJECTION,CSS-LoRa SX1278 (Ra-02),50.0,333,1787960266.6497,-71.28,9.04,True,23.49,NORMAL,True
5334,POST_FADE_RECOVERY,CONTROLLED_SOFTWARE_INJECTION,CSS-LoRa SX1278 (Ra-02),50.0,334,1787960266.6997,-71.52,9.85,True,26.66,NORMAL,True
5335,POST_FADE_RECOVERY,CONTROLLED_SOFTWARE_INJECTION,CSS-LoRa SX1278 (Ra-02),50.0,335,1787960266.7497,-68.76,8.06,True,24.03,NORMAL,True
5336,POST_FADE_RECOVERY,CONTROLLED_SOFTWARE_INJECTION,CSS-LoRa SX1278 (Ra-02),50.0,336,1787960266.7997,-68.65,7.62,True,23.19,NORMAL,True
5337,POST_FADE_RECOVERY,CONTROLLED_SOFTWARE_INJECTION,CSS-LoRa SX1278 (Ra-02),50.0,337,1787960266.8497,-71.86,6.51,True,24.46,NORMAL,True
5338,POST_FADE_RECOVERY,CONTROLLED_SOFTWARE_INJECTION,CSS-LoRa SX1278 (Ra-02),50.0,338,1787960266.8997,-66.44,9.77,True,26.24,NORMAL,True
5339,POST_FADE_RECOVERY,CONTROLLED_SOFTWARE_INJECTION,CSS-LoRa SX1278 (Ra-02),50.0,339,1787960266.9497,-69.14,8.89,True,24.3,NORMAL,True
5340,POST_FADE_RECOVERY,CONTROLLED_SOFTWARE_INJECTION,CSS-LoRa SX1278 (Ra-02),50.0,340,1787960266.9997,-68.08,9.0,True,28.03,NORMAL,True
5341,POST_FADE_RECOVERY,CONTROLLED_SOFTWARE_INJECTION,CSS-LoRa SX1278 (Ra-02),50.0,341,1787960267.0497,-70.09,10.25,True,24.85,NORMAL,True
5342,POST_FADE_RECOVERY,CONTROLLED_SOFTWARE_INJECTION,CSS-LoRa SX1278 (Ra-02),50.0,342,1787960267.0997,-65.29,5.8,True,21.53,NORMAL,True
5343,POST_FADE_RECOVERY,CONTROLLED_SOFTWARE_INJECTION,CSS-LoRa SX1278 (Ra-02),50.0,343,1787960267.1497,-63.69,10.07,True,23.2,NORMAL,True
5344,POST_FADE_RECOVERY,CONTROLLED_SOFTWARE_INJECTION,CSS-LoRa SX1278 (Ra-02),50.0,344,1787960267.1997,-63.05,9.59,True,25.81,NORMAL,True
5345,POST_FADE_RECOVERY,CONTROLLED_SOFTWARE_INJECTION,CSS-LoRa SX1278 (Ra-02),50.0,345,1787960267.2497,-67.5,9.17,True,23.29,NORMAL,True
5346,POST_FADE_RECOVERY,CONTROLLED_SOFTWARE_INJECTION,CSS-LoRa SX1278 (Ra-02),50.0,346,1787960267.2997,-64.62,9.54,True,25.81,NORMAL,True
5347,POST_FADE_RECOVERY,CONTROLLED_SOFTWARE_INJECTION,CSS-LoRa SX1278 (Ra-02),50.0,347,1787960267.3497,-64.9,11.33,True,25.19,NORMAL,True
5348,POST_FADE_RECOVERY,CONTROLLED_SOFTWARE_INJECTION,CSS-LoRa SX1278 (Ra-02),50.0,348,1787960267.3997,-67.72,6.74,True,21.99,NORMAL,True
5349,POST_FADE_RECOVERY,CONTROLLED_SOFTWARE_INJECTION,CSS-LoRa SX1278 (Ra-02),50.0,349,1787960267.4497,-67.94,9.01,True,24.95,NORMAL,True
5350,POST_FADE_RECOVERY,CONTROLLED_SOFTWARE_INJECTION,CSS-LoRa SX1278 (Ra-02),50.0,350,1787960267.4997,-70.04,7.74,True,25.8,NORMAL,True
5351,POST_FADE_RECOVERY,CONTROLLED_SOFTWARE_INJECTION,CSS-LoRa SX1278 (Ra-02),50.0,351,1787960267.5497,-63.54,10.37,True,22.84,NORMAL,True
5352,POST_FADE_RECOVERY,CONTROLLED_SOFTWARE_INJECTION,CSS-LoRa SX1278 (Ra-02),50.0,352,1787960267.5997,-66.64,9.59,True,25.53,NORMAL,True
5353,POST_FADE_RECOVERY,CONTROLLED_SOFTWARE_INJECTION,CSS-LoRa SX1278 (Ra-02),50.0,353,1787960267.6497,-66.2,10.08,True,25.13,NORMAL,True
5354,POST_FADE_RECOVERY,CONTROLLED_SOFTWARE_INJECTION,CSS-LoRa SX1278 (Ra-02),50.0,354,1787960267.6997,-66.14,11.19,True,23.37,NORMAL,True
5355,POST_FADE_RECOVERY,CONTROLLED_SOFTWARE_INJECTION,CSS-LoRa SX1278 (Ra-02),50.0,355,1787960267.7497,-71.93,10.65,True,24.51,NORMAL,True
5356,POST_FADE_RECOVERY,CONTROLLED_SOFTWARE_INJECTION,CSS-LoRa SX1278 (Ra-02),50.0,356,1787960267.7997,-67.49,9.94,True,23.21,NORMAL,True
5357,POST_FADE_RECOVERY,CONTROLLED_SOFTWARE_INJECTION,CSS-LoRa SX1278 (Ra-02),50.0,357,1787960267.8497,-67.56,9.18,True,25.78,NORMAL,True
5358,POST_FADE_RECOVERY,CONTROLLED_SOFTWARE_INJECTION,CSS-LoRa SX1278 (Ra-02),50.0,358,1787960267.8997,-69.57,9.21,True,25.56,NORMAL,True
5359,POST_FADE_RECOVERY,CONTROLLED_SOFTWARE_INJECTION,CSS-LoRa SX1278 (Ra-02),50.0,359,1787960267.9497,-69.46,6.77,True,23.75,NORMAL,True
5360,POST_FADE_RECOVERY,CONTROLLED_SOFTWARE_INJECTION,CSS-LoRa SX1278 (Ra-02),50.0,360,1787960267.9997,-67.1,10.09,True,25.12,NORMAL,True
5361,POST_FADE_RECOVERY,CONTROLLED_SOFTWARE_INJECTION,CSS-LoRa SX1278 (Ra-02),50.0,361,1787960268.0497,-69.96,11.51,True,23.93,NORMAL,True
5362,POST_FADE_RECOVERY,CONTROLLED_SOFTWARE_INJECTION,CSS-LoRa SX1278 (Ra-02),50.0,362,1787960268.0997,-67.26,7.98,True,23.46,NORMAL,True
5363,POST_FADE_RECOVERY,CONTROLLED_SOFTWARE_INJECTION,CSS-LoRa SX1278 (Ra-02),50.0,363,1787960268.1497,-64.66,9.98,True,22.76,NORMAL,True
5364,POST_FADE_RECOVERY,CONTROLLED_SOFTWARE_INJECTION,CSS-LoRa SX1278 (Ra-02),50.0,364,1787960268.1997,-125.0,-22.0,False,,NORMAL,True
5365,POST_FADE_RECOVERY,CONTROLLED_SOFTWARE_INJECTION,CSS-LoRa SX1278 (Ra-02),50.0,365,1787960268.2497,-69.93,9.12,True,25.71,NORMAL,True
5366,POST_FADE_RECOVERY,CONTROLLED_SOFTWARE_INJECTION,CSS-LoRa SX1278 (Ra-02),50.0,366,1787960268.2997,-65.33,9.14,True,22.6,NORMAL,True
5367,POST_FADE_RECOVERY,CONTROLLED_SOFTWARE_INJECTION,CSS-LoRa SX1278 (Ra-02),50.0,367,1787960268.3497,-67.47,10.22,True,24.23,NORMAL,True
5368,POST_FADE_RECOVERY,CONTROLLED_SOFTWARE_INJECTION,CSS-LoRa SX1278 (Ra-02),50.0,368,1787960268.3997,-67.34,7.36,True,25.06,NORMAL,True
5369,POST_FADE_RECOVERY,CONTROLLED_SOFTWARE_INJECTION,CSS-LoRa SX1278 (Ra-02),50.0,369,1787960268.4497,-69.63,10.39,True,24.14,NORMAL,True
5370,POST_FADE_RECOVERY,CONTROLLED_SOFTWARE_INJECTION,CSS-LoRa SX1278 (Ra-02),50.0,370,1787960268.4997,-68.03,8.58,True,25.08,NORMAL,True
5371,POST_FADE_RECOVERY,CONTROLLED_SOFTWARE_INJECTION,CSS-LoRa SX1278 (Ra-02),50.0,371,1787960268.5497,-125.0,-22.0,False,,NORMAL,True
5372,POST_FADE_RECOVERY,CONTROLLED_SOFTWARE_INJECTION,CSS-LoRa SX1278 (Ra-02),50.0,372,1787960268.5997,-68.31,8.04,True,27.08,NORMAL,True
5373,POST_FADE_RECOVERY,CONTROLLED_SOFTWARE_INJECTION,CSS-LoRa SX1278 (Ra-02),50.0,373,1787960268.6497,-69.63,8.53,True,24.4,NORMAL,True
5374,POST_FADE_RECOVERY,CONTROLLED_SOFTWARE_INJECTION,CSS-LoRa SX1278 (Ra-02),50.0,374,1787960268.6997,-67.51,10.2,True,26.54,NORMAL,True
5375,POST_FADE_RECOVERY,CONTROLLED_SOFTWARE_INJECTION,CSS-LoRa SX1278 (Ra-02),50.0,375,1787960268.7497,-68.33,9.84,True,22.53,NORMAL,True
5376,POST_FADE_RECOVERY,CONTROLLED_SOFTWARE_INJECTION,CSS-LoRa SX1278 (Ra-02),50.0,376,1787960268.7997,-66.53,10.06,True,22.53,NORMAL,True
5377,POST_FADE_RECOVERY,CONTROLLED_SOFTWARE_INJECTION,CSS-LoRa SX1278 (Ra-02),50.0,377,1787960268.8497,-69.36,8.53,True,25.1,NORMAL,True
5378,POST_FADE_RECOVERY,CONTROLLED_SOFTWARE_INJECTION,CSS-LoRa SX1278 (Ra-02),50.0,378,1787960268.8997,-66.86,9.37,True,24.37,NORMAL,True
5379,POST_FADE_RECOVERY,CONTROLLED_SOFTWARE_INJECTION,CSS-LoRa SX1278 (Ra-02),50.0,379,1787960268.9497,-75.52,8.19,True,23.73,NORMAL,True
5380,POST_FADE_RECOVERY,CONTROLLED_SOFTWARE_INJECTION,CSS-LoRa SX1278 (Ra-02),50.0,380,1787960268.9997,-66.71,9.61,True,26.45,NORMAL,True
5381,POST_FADE_RECOVERY,CONTROLLED_SOFTWARE_INJECTION,CSS-LoRa SX1278 (Ra-02),50.0,381,1787960269.0497,-67.12,7.85,True,27.78,NORMAL,True
5382,POST_FADE_RECOVERY,CONTROLLED_SOFTWARE_INJECTION,CSS-LoRa SX1278 (Ra-02),50.0,382,1787960269.0997,-68.52,8.87,True,24.45,NORMAL,True
5383,POST_FADE_RECOVERY,CONTROLLED_SOFTWARE_INJECTION,CSS-LoRa SX1278 (Ra-02),50.0,383,1787960269.1497,-69.7,8.65,True,23.63,NORMAL,True
5384,POST_FADE_RECOVERY,CONTROLLED_SOFTWARE_INJECTION,CSS-LoRa SX1278 (Ra-02),50.0,384,1787960269.1997,-66.63,9.5,True,24.89,NORMAL,True
5385,POST_FADE_RECOVERY,CONTROLLED_SOFTWARE_INJECTION,CSS-LoRa SX1278 (Ra-02),50.0,385,1787960269.2497,-64.81,7.76,True,26.56,NORMAL,True
5386,POST_FADE_RECOVERY,CONTROLLED_SOFTWARE_INJECTION,CSS-LoRa SX1278 (Ra-02),50.0,386,1787960269.2997,-71.15,11.43,True,23.7,NORMAL,True
5387,POST_FADE_RECOVERY,CONTROLLED_SOFTWARE_INJECTION,CSS-LoRa SX1278 (Ra-02),50.0,387,1787960269.3497,-69.38,10.09,True,22.64,NORMAL,True
5388,POST_FADE_RECOVERY,CONTROLLED_SOFTWARE_INJECTION,CSS-LoRa SX1278 (Ra-02),50.0,388,1787960269.3997,-73.48,10.94,True,24.38,NORMAL,True
5389,POST_FADE_RECOVERY,CONTROLLED_SOFTWARE_INJECTION,CSS-LoRa SX1278 (Ra-02),50.0,389,1787960269.4497,-68.53,12.63,True,25.77,NORMAL,True
5390,POST_FADE_RECOVERY,CONTROLLED_SOFTWARE_INJECTION,CSS-LoRa SX1278 (Ra-02),50.0,390,1787960269.4997,-69.59,10.18,True,23.19,NORMAL,True
5391,POST_FADE_RECOVERY,CONTROLLED_SOFTWARE_INJECTION,CSS-LoRa SX1278 (Ra-02),50.0,391,1787960269.5497,-63.31,5.84,True,24.6,NORMAL,True
5392,POST_FADE_RECOVERY,CONTROLLED_SOFTWARE_INJECTION,CSS-LoRa SX1278 (Ra-02),50.0,392,1787960269.5997,-65.57,9.67,True,24.05,NORMAL,True
5393,POST_FADE_RECOVERY,CONTROLLED_SOFTWARE_INJECTION,CSS-LoRa SX1278 (Ra-02),50.0,393,1787960269.6497,-67.19,9.47,True,24.78,NORMAL,True
5394,POST_FADE_RECOVERY,CONTROLLED_SOFTWARE_INJECTION,CSS-LoRa SX1278 (Ra-02),50.0,394,1787960269.6997,-67.42,7.87,True,22.23,NORMAL,True
5395,POST_FADE_RECOVERY,CONTROLLED_SOFTWARE_INJECTION,CSS-LoRa SX1278 (Ra-02),50.0,395,1787960269.7497,-71.37,8.74,True,24.25,NORMAL,True
5396,POST_FADE_RECOVERY,CONTROLLED_SOFTWARE_INJECTION,CSS-LoRa SX1278 (Ra-02),50.0,396,1787960269.7997,-67.21,10.0,True,24.49,NORMAL,True
5397,POST_FADE_RECOVERY,CONTROLLED_SOFTWARE_INJECTION,CSS-LoRa SX1278 (Ra-02),50.0,397,1787960269.8497,-69.24,9.26,True,25.18,NORMAL,True
5398,POST_FADE_RECOVERY,CONTROLLED_SOFTWARE_INJECTION,CSS-LoRa SX1278 (Ra-02),50.0,398,1787960269.8997,-66.55,9.49,True,21.42,NORMAL,True
5399,POST_FADE_RECOVERY,CONTROLLED_SOFTWARE_INJECTION,CSS-LoRa SX1278 (Ra-02),50.0,399,1787960269.9497,-68.52,9.76,True,25.97,NORMAL,True
5400,POST_FADE_RECOVERY,CONTROLLED_SOFTWARE_INJECTION,CSS-LoRa SX1278 (Ra-02),50.0,400,1787960269.9997,-65.65,9.0,True,24.5,NORMAL,True
5401,POST_FADE_RECOVERY,CONTROLLED_SOFTWARE_INJECTION,CSS-LoRa SX1278 (Ra-02),50.0,401,1787960270.0497,-66.85,10.41,True,24.63,NORMAL,True
5402,POST_FADE_RECOVERY,CONTROLLED_SOFTWARE_INJECTION,CSS-LoRa SX1278 (Ra-02),50.0,402,1787960270.0997,-66.07,10.16,True,24.71,NORMAL,True
5403,POST_FADE_RECOVERY,CONTROLLED_SOFTWARE_INJECTION,CSS-LoRa SX1278 (Ra-02),50.0,403,1787960270.1497,-73.52,6.76,True,27.45,NORMAL,True
5404,POST_FADE_RECOVERY,CONTROLLED_SOFTWARE_INJECTION,CSS-LoRa SX1278 (Ra-02),50.0,404,1787960270.1997,-69.65,10.46,True,24.78,NORMAL,True
5405,POST_FADE_RECOVERY,CONTROLLED_SOFTWARE_INJECTION,CSS-LoRa SX1278 (Ra-02),50.0,405,1787960270.2497,-66.12,12.41,True,24.31,NORMAL,True
5406,POST_FADE_RECOVERY,CONTROLLED_SOFTWARE_INJECTION,CSS-LoRa SX1278 (Ra-02),50.0,406,1787960270.2997,-69.32,6.09,True,24.09,NORMAL,True
5407,POST_FADE_RECOVERY,CONTROLLED_SOFTWARE_INJECTION,CSS-LoRa SX1278 (Ra-02),50.0,407,1787960270.3497,-66.33,11.02,True,25.36,NORMAL,True
5408,POST_FADE_RECOVERY,CONTROLLED_SOFTWARE_INJECTION,CSS-LoRa SX1278 (Ra-02),50.0,408,1787960270.3997,-69.46,8.2,True,24.81,NORMAL,True
5409,POST_FADE_RECOVERY,CONTROLLED_SOFTWARE_INJECTION,CSS-LoRa SX1278 (Ra-02),50.0,409,1787960270.4497,-63.53,10.84,True,27.15,NORMAL,True
5410,POST_FADE_RECOVERY,CONTROLLED_SOFTWARE_INJECTION,CSS-LoRa SX1278 (Ra-02),50.0,410,1787960270.4997,-65.46,7.33,True,24.48,NORMAL,True
5411,POST_FADE_RECOVERY,CONTROLLED_SOFTWARE_INJECTION,CSS-LoRa SX1278 (Ra-02),50.0,411,1787960270.5497,-71.57,8.26,True,25.04,NORMAL,True
5412,POST_FADE_RECOVERY,CONTROLLED_SOFTWARE_INJECTION,CSS-LoRa SX1278 (Ra-02),50.0,412,1787960270.5997,-67.57,9.56,True,27.18,NORMAL,True
5413,POST_FADE_RECOVERY,CONTROLLED_SOFTWARE_INJECTION,CSS-LoRa SX1278 (Ra-02),50.0,413,1787960270.6497,-66.93,9.53,True,24.71,NORMAL,True
5414,POST_FADE_RECOVERY,CONTROLLED_SOFTWARE_INJECTION,CSS-LoRa SX1278 (Ra-02),50.0,414,1787960270.6997,-65.45,9.94,True,25.99,NORMAL,True
5415,POST_FADE_RECOVERY,CONTROLLED_SOFTWARE_INJECTION,CSS-LoRa SX1278 (Ra-02),50.0,415,1787960270.7497,-67.6,9.25,True,26.34,NORMAL,True
5416,POST_FADE_RECOVERY,CONTROLLED_SOFTWARE_INJECTION,CSS-LoRa SX1278 (Ra-02),50.0,416,1787960270.7997,-65.68,9.87,True,21.79,NORMAL,True
5417,POST_FADE_RECOVERY,CONTROLLED_SOFTWARE_INJECTION,CSS-LoRa SX1278 (Ra-02),50.0,417,1787960270.8497,-68.83,9.62,True,24.47,NORMAL,True
5418,POST_FADE_RECOVERY,CONTROLLED_SOFTWARE_INJECTION,CSS-LoRa SX1278 (Ra-02),50.0,418,1787960270.8997,-66.41,11.08,True,24.93,NORMAL,True
5419,POST_FADE_RECOVERY,CONTROLLED_SOFTWARE_INJECTION,CSS-LoRa SX1278 (Ra-02),50.0,419,1787960270.9497,-67.87,9.0,True,26.63,NORMAL,True
5420,POST_FADE_RECOVERY,CONTROLLED_SOFTWARE_INJECTION,CSS-LoRa SX1278 (Ra-02),50.0,420,1787960270.9997,-68.43,9.1,True,23.53,NORMAL,True
5421,POST_FADE_RECOVERY,CONTROLLED_SOFTWARE_INJECTION,CSS-LoRa SX1278 (Ra-02),50.0,421,1787960271.0497,-65.44,10.13,True,26.79,NORMAL,True
5422,POST_FADE_RECOVERY,CONTROLLED_SOFTWARE_INJECTION,CSS-LoRa SX1278 (Ra-02),50.0,422,1787960271.0997,-66.29,10.17,True,26.46,NORMAL,True
5423,POST_FADE_RECOVERY,CONTROLLED_SOFTWARE_INJECTION,CSS-LoRa SX1278 (Ra-02),50.0,423,1787960271.1497,-66.79,8.9,True,24.18,NORMAL,True
5424,POST_FADE_RECOVERY,CONTROLLED_SOFTWARE_INJECTION,CSS-LoRa SX1278 (Ra-02),50.0,424,1787960271.1997,-68.0,10.68,True,22.35,NORMAL,True
5425,POST_FADE_RECOVERY,CONTROLLED_SOFTWARE_INJECTION,CSS-LoRa SX1278 (Ra-02),50.0,425,1787960271.2497,-66.01,9.95,True,22.8,NORMAL,True
5426,POST_FADE_RECOVERY,CONTROLLED_SOFTWARE_INJECTION,CSS-LoRa SX1278 (Ra-02),50.0,426,1787960271.2997,-62.5,11.31,True,24.31,NORMAL,True
5427,POST_FADE_RECOVERY,CONTROLLED_SOFTWARE_INJECTION,CSS-LoRa SX1278 (Ra-02),50.0,427,1787960271.3497,-65.25,9.64,True,24.96,NORMAL,True
5428,POST_FADE_RECOVERY,CONTROLLED_SOFTWARE_INJECTION,CSS-LoRa SX1278 (Ra-02),50.0,428,1787960271.3997,-66.61,11.23,True,25.08,NORMAL,True
5429,POST_FADE_RECOVERY,CONTROLLED_SOFTWARE_INJECTION,CSS-LoRa SX1278 (Ra-02),50.0,429,1787960271.4497,-66.12,10.74,True,23.45,NORMAL,True
5430,POST_FADE_RECOVERY,CONTROLLED_SOFTWARE_INJECTION,CSS-LoRa SX1278 (Ra-02),50.0,430,1787960271.4997,-68.87,10.7,True,23.99,NORMAL,True
5431,POST_FADE_RECOVERY,CONTROLLED_SOFTWARE_INJECTION,CSS-LoRa SX1278 (Ra-02),50.0,431,1787960271.5497,-69.72,8.4,True,23.97,NORMAL,True
5432,POST_FADE_RECOVERY,CONTROLLED_SOFTWARE_INJECTION,CSS-LoRa SX1278 (Ra-02),50.0,432,1787960271.5997,-69.28,9.91,True,27.48,NORMAL,True
5433,POST_FADE_RECOVERY,CONTROLLED_SOFTWARE_INJECTION,CSS-LoRa SX1278 (Ra-02),50.0,433,1787960271.6497,-61.68,7.85,True,23.38,NORMAL,True
5434,POST_FADE_RECOVERY,CONTROLLED_SOFTWARE_INJECTION,CSS-LoRa SX1278 (Ra-02),50.0,434,1787960271.6997,-67.81,13.51,True,24.93,NORMAL,True
5435,POST_FADE_RECOVERY,CONTROLLED_SOFTWARE_INJECTION,CSS-LoRa SX1278 (Ra-02),50.0,435,1787960271.7497,-70.39,11.66,True,24.91,NORMAL,True
5436,POST_FADE_RECOVERY,CONTROLLED_SOFTWARE_INJECTION,CSS-LoRa SX1278 (Ra-02),50.0,436,1787960271.7997,-66.49,9.94,True,24.36,NORMAL,True
5437,POST_FADE_RECOVERY,CONTROLLED_SOFTWARE_INJECTION,CSS-LoRa SX1278 (Ra-02),50.0,437,1787960271.8497,-68.29,7.42,True,22.92,NORMAL,True
5438,POST_FADE_RECOVERY,CONTROLLED_SOFTWARE_INJECTION,CSS-LoRa SX1278 (Ra-02),50.0,438,1787960271.8997,-69.3,8.29,True,22.83,NORMAL,True
5439,POST_FADE_RECOVERY,CONTROLLED_SOFTWARE_INJECTION,CSS-LoRa SX1278 (Ra-02),50.0,439,1787960271.9497,-68.65,7.58,True,25.6,NORMAL,True
5440,POST_FADE_RECOVERY,CONTROLLED_SOFTWARE_INJECTION,CSS-LoRa SX1278 (Ra-02),50.0,440,1787960271.9997,-68.87,8.27,True,23.49,NORMAL,True
5441,POST_FADE_RECOVERY,CONTROLLED_SOFTWARE_INJECTION,CSS-LoRa SX1278 (Ra-02),50.0,441,1787960272.0497,-69.73,11.95,True,25.51,NORMAL,True
5442,POST_FADE_RECOVERY,CONTROLLED_SOFTWARE_INJECTION,CSS-LoRa SX1278 (Ra-02),50.0,442,1787960272.0997,-68.54,11.47,True,22.43,NORMAL,True
5443,POST_FADE_RECOVERY,CONTROLLED_SOFTWARE_INJECTION,CSS-LoRa SX1278 (Ra-02),50.0,443,1787960272.1497,-64.06,8.79,True,22.72,NORMAL,True
5444,POST_FADE_RECOVERY,CONTROLLED_SOFTWARE_INJECTION,CSS-LoRa SX1278 (Ra-02),50.0,444,1787960272.1997,-62.78,8.35,True,25.56,NORMAL,True
5445,POST_FADE_RECOVERY,CONTROLLED_SOFTWARE_INJECTION,CSS-LoRa SX1278 (Ra-02),50.0,445,1787960272.2497,-67.58,11.26,True,28.05,NORMAL,True
5446,POST_FADE_RECOVERY,CONTROLLED_SOFTWARE_INJECTION,CSS-LoRa SX1278 (Ra-02),50.0,446,1787960272.2997,-64.26,8.72,True,24.89,NORMAL,True
5447,POST_FADE_RECOVERY,CONTROLLED_SOFTWARE_INJECTION,CSS-LoRa SX1278 (Ra-02),50.0,447,1787960272.3497,-68.79,8.9,True,26.89,NORMAL,True
5448,POST_FADE_RECOVERY,CONTROLLED_SOFTWARE_INJECTION,CSS-LoRa SX1278 (Ra-02),50.0,448,1787960272.3997,-64.46,8.08,True,25.39,NORMAL,True
5449,POST_FADE_RECOVERY,CONTROLLED_SOFTWARE_INJECTION,CSS-LoRa SX1278 (Ra-02),50.0,449,1787960272.4497,-64.31,8.98,True,23.4,NORMAL,True
5450,POST_FADE_RECOVERY,CONTROLLED_SOFTWARE_INJECTION,CSS-LoRa SX1278 (Ra-02),50.0,450,1787960272.4997,-67.65,10.28,True,25.27,NORMAL,True
5451,POST_FADE_RECOVERY,CONTROLLED_SOFTWARE_INJECTION,CSS-LoRa SX1278 (Ra-02),50.0,451,1787960272.5497,-63.62,9.11,True,27.55,NORMAL,True
5452,POST_FADE_RECOVERY,CONTROLLED_SOFTWARE_INJECTION,CSS-LoRa SX1278 (Ra-02),50.0,452,1787960272.5997,-68.88,10.84,True,24.96,NORMAL,True
5453,POST_FADE_RECOVERY,CONTROLLED_SOFTWARE_INJECTION,CSS-LoRa SX1278 (Ra-02),50.0,453,1787960272.6497,-64.9,8.96,True,24.92,NORMAL,True
5454,POST_FADE_RECOVERY,CONTROLLED_SOFTWARE_INJECTION,CSS-LoRa SX1278 (Ra-02),50.0,454,1787960272.6997,-68.73,8.77,True,22.96,NORMAL,True
5455,POST_FADE_RECOVERY,CONTROLLED_SOFTWARE_INJECTION,CSS-LoRa SX1278 (Ra-02),50.0,455,1787960272.7497,-65.46,11.57,True,24.66,NORMAL,True
5456,POST_FADE_RECOVERY,CONTROLLED_SOFTWARE_INJECTION,CSS-LoRa SX1278 (Ra-02),50.0,456,1787960272.7997,-61.98,11.13,True,22.51,NORMAL,True
5457,POST_FADE_RECOVERY,CONTROLLED_SOFTWARE_INJECTION,CSS-LoRa SX1278 (Ra-02),50.0,457,1787960272.8497,-67.77,10.24,True,26.42,NORMAL,True
5458,POST_FADE_RECOVERY,CONTROLLED_SOFTWARE_INJECTION,CSS-LoRa SX1278 (Ra-02),50.0,458,1787960272.8997,-64.78,10.59,True,23.99,NORMAL,True
5459,POST_FADE_RECOVERY,CONTROLLED_SOFTWARE_INJECTION,CSS-LoRa SX1278 (Ra-02),50.0,459,1787960272.9497,-66.75,11.36,True,26.11,NORMAL,True
5460,POST_FADE_RECOVERY,CONTROLLED_SOFTWARE_INJECTION,CSS-LoRa SX1278 (Ra-02),50.0,460,1787960272.9997,-67.4,9.31,True,26.18,NORMAL,True
5461,POST_FADE_RECOVERY,CONTROLLED_SOFTWARE_INJECTION,CSS-LoRa SX1278 (Ra-02),50.0,461,1787960273.0497,-69.26,7.52,True,25.07,NORMAL,True
5462,POST_FADE_RECOVERY,CONTROLLED_SOFTWARE_INJECTION,CSS-LoRa SX1278 (Ra-02),50.0,462,1787960273.0997,-66.87,9.57,True,22.43,NORMAL,True
5463,POST_FADE_RECOVERY,CONTROLLED_SOFTWARE_INJECTION,CSS-LoRa SX1278 (Ra-02),50.0,463,1787960273.1497,-67.55,10.96,True,26.09,NORMAL,True
5464,POST_FADE_RECOVERY,CONTROLLED_SOFTWARE_INJECTION,CSS-LoRa SX1278 (Ra-02),50.0,464,1787960273.1997,-64.69,9.55,True,25.38,NORMAL,True
5465,POST_FADE_RECOVERY,CONTROLLED_SOFTWARE_INJECTION,CSS-LoRa SX1278 (Ra-02),50.0,465,1787960273.2497,-65.99,7.42,True,27.32,NORMAL,True
5466,POST_FADE_RECOVERY,CONTROLLED_SOFTWARE_INJECTION,CSS-LoRa SX1278 (Ra-02),50.0,466,1787960273.2997,-69.64,9.57,True,25.92,NORMAL,True
5467,POST_FADE_RECOVERY,CONTROLLED_SOFTWARE_INJECTION,CSS-LoRa SX1278 (Ra-02),50.0,467,1787960273.3497,-63.96,11.97,True,27.78,NORMAL,True
5468,POST_FADE_RECOVERY,CONTROLLED_SOFTWARE_INJECTION,CSS-LoRa SX1278 (Ra-02),50.0,468,1787960273.3997,-66.02,10.53,True,22.99,NORMAL,True
5469,POST_FADE_RECOVERY,CONTROLLED_SOFTWARE_INJECTION,CSS-LoRa SX1278 (Ra-02),50.0,469,1787960273.4497,-70.12,8.93,True,26.58,NORMAL,True
5470,POST_FADE_RECOVERY,CONTROLLED_SOFTWARE_INJECTION,CSS-LoRa SX1278 (Ra-02),50.0,470,1787960273.4997,-71.46,9.91,True,23.19,NORMAL,True
5471,POST_FADE_RECOVERY,CONTROLLED_SOFTWARE_INJECTION,CSS-LoRa SX1278 (Ra-02),50.0,471,1787960273.5497,-70.73,10.06,True,23.99,NORMAL,True
5472,POST_FADE_RECOVERY,CONTROLLED_SOFTWARE_INJECTION,CSS-LoRa SX1278 (Ra-02),50.0,472,1787960273.5997,-69.68,11.16,True,25.55,NORMAL,True
5473,POST_FADE_RECOVERY,CONTROLLED_SOFTWARE_INJECTION,CSS-LoRa SX1278 (Ra-02),50.0,473,1787960273.6497,-67.98,9.25,True,26.03,NORMAL,True
5474,POST_FADE_RECOVERY,CONTROLLED_SOFTWARE_INJECTION,CSS-LoRa SX1278 (Ra-02),50.0,474,1787960273.6997,-66.8,5.6,True,26.59,NORMAL,True
5475,POST_FADE_RECOVERY,CONTROLLED_SOFTWARE_INJECTION,CSS-LoRa SX1278 (Ra-02),50.0,475,1787960273.7497,-69.46,10.89,True,24.56,NORMAL,True
5476,POST_FADE_RECOVERY,CONTROLLED_SOFTWARE_INJECTION,CSS-LoRa SX1278 (Ra-02),50.0,476,1787960273.7997,-67.86,8.75,True,23.97,NORMAL,True
5477,POST_FADE_RECOVERY,CONTROLLED_SOFTWARE_INJECTION,CSS-LoRa SX1278 (Ra-02),50.0,477,1787960273.8497,-67.9,9.45,True,24.3,NORMAL,True
5478,POST_FADE_RECOVERY,CONTROLLED_SOFTWARE_INJECTION,CSS-LoRa SX1278 (Ra-02),50.0,478,1787960273.8997,-67.29,9.97,True,23.03,NORMAL,True
5479,POST_FADE_RECOVERY,CONTROLLED_SOFTWARE_INJECTION,CSS-LoRa SX1278 (Ra-02),50.0,479,1787960273.9497,-65.05,8.05,True,22.88,NORMAL,True
5480,POST_FADE_RECOVERY,CONTROLLED_SOFTWARE_INJECTION,CSS-LoRa SX1278 (Ra-02),50.0,480,1787960273.9997,-66.75,7.22,True,27.68,NORMAL,True
5481,POST_FADE_RECOVERY,CONTROLLED_SOFTWARE_INJECTION,CSS-LoRa SX1278 (Ra-02),50.0,481,1787960274.0497,-67.65,8.01,True,23.15,NORMAL,True
5482,POST_FADE_RECOVERY,CONTROLLED_SOFTWARE_INJECTION,CSS-LoRa SX1278 (Ra-02),50.0,482,1787960274.0997,-72.83,7.89,True,22.62,NORMAL,True
5483,POST_FADE_RECOVERY,CONTROLLED_SOFTWARE_INJECTION,CSS-LoRa SX1278 (Ra-02),50.0,483,1787960274.1497,-64.58,9.67,True,25.04,NORMAL,True
5484,POST_FADE_RECOVERY,CONTROLLED_SOFTWARE_INJECTION,CSS-LoRa SX1278 (Ra-02),50.0,484,1787960274.1997,-68.28,11.11,True,25.33,NORMAL,True
5485,POST_FADE_RECOVERY,CONTROLLED_SOFTWARE_INJECTION,CSS-LoRa SX1278 (Ra-02),50.0,485,1787960274.2497,-66.53,10.27,True,23.95,NORMAL,True
5486,POST_FADE_RECOVERY,CONTROLLED_SOFTWARE_INJECTION,CSS-LoRa SX1278 (Ra-02),50.0,486,1787960274.2997,-66.27,8.33,True,23.78,NORMAL,True
5487,POST_FADE_RECOVERY,CONTROLLED_SOFTWARE_INJECTION,CSS-LoRa SX1278 (Ra-02),50.0,487,1787960274.3497,-64.34,10.03,True,23.32,NORMAL,True
5488,POST_FADE_RECOVERY,CONTROLLED_SOFTWARE_INJECTION,CSS-LoRa SX1278 (Ra-02),50.0,488,1787960274.3997,-65.91,11.9,True,23.5,NORMAL,True
5489,POST_FADE_RECOVERY,CONTROLLED_SOFTWARE_INJECTION,CSS-LoRa SX1278 (Ra-02),50.0,489,1787960274.4497,-62.89,11.13,True,24.26,NORMAL,True
5490,POST_FADE_RECOVERY,CONTROLLED_SOFTWARE_INJECTION,CSS-LoRa SX1278 (Ra-02),50.0,490,1787960274.4997,-69.04,6.04,True,24.15,NORMAL,True
5491,POST_FADE_RECOVERY,CONTROLLED_SOFTWARE_INJECTION,CSS-LoRa SX1278 (Ra-02),50.0,491,1787960274.5497,-65.18,10.0,True,25.21,NORMAL,True
5492,POST_FADE_RECOVERY,CONTROLLED_SOFTWARE_INJECTION,CSS-LoRa SX1278 (Ra-02),50.0,492,1787960274.5997,-66.62,9.13,True,23.12,NORMAL,True
5493,POST_FADE_RECOVERY,CONTROLLED_SOFTWARE_INJECTION,CSS-LoRa SX1278 (Ra-02),50.0,493,1787960274.6497,-62.6,11.37,True,25.54,NORMAL,True
5494,POST_FADE_RECOVERY,CONTROLLED_SOFTWARE_INJECTION,CSS-LoRa SX1278 (Ra-02),50.0,494,1787960274.6997,-66.42,8.85,True,23.82,NORMAL,True
5495,POST_FADE_RECOVERY,CONTROLLED_SOFTWARE_INJECTION,CSS-LoRa SX1278 (Ra-02),50.0,495,1787960274.7497,-68.5,11.03,True,22.84,NORMAL,True
5496,POST_FADE_RECOVERY,CONTROLLED_SOFTWARE_INJECTION,CSS-LoRa SX1278 (Ra-02),50.0,496,1787960274.7997,-62.72,8.37,True,24.96,NORMAL,True
5497,POST_FADE_RECOVERY,CONTROLLED_SOFTWARE_INJECTION,CSS-LoRa SX1278 (Ra-02),50.0,497,1787960274.8497,-73.31,8.0,True,25.1,NORMAL,True
5498,POST_FADE_RECOVERY,CONTROLLED_SOFTWARE_INJECTION,CSS-LoRa SX1278 (Ra-02),50.0,498,1787960274.8997,-68.37,10.75,True,23.71,NORMAL,True
5499,POST_FADE_RECOVERY,CONTROLLED_SOFTWARE_INJECTION,CSS-LoRa SX1278 (Ra-02),50.0,499,1787960274.9497,-64.43,9.85,True,25.01,NORMAL,True
5500,POST_FADE_RECOVERY,CONTROLLED_SOFTWARE_INJECTION,CSS-LoRa SX1278 (Ra-02),50.0,500,1787960274.9997,-66.6,9.42,True,24.78,NORMAL,True
5501,POST_FADE_RECOVERY,CONTROLLED_SOFTWARE_INJECTION,CSS-LoRa SX1278 (Ra-02),50.0,501,1787960275.0497,-69.44,10.17,True,25.09,NORMAL,True
5502,POST_FADE_RECOVERY,CONTROLLED_SOFTWARE_INJECTION,CSS-LoRa SX1278 (Ra-02),50.0,502,1787960275.0997,-68.06,7.95,True,24.52,NORMAL,True
5503,POST_FADE_RECOVERY,CONTROLLED_SOFTWARE_INJECTION,CSS-LoRa SX1278 (Ra-02),50.0,503,1787960275.1497,-68.27,10.37,True,23.7,NORMAL,True
5504,POST_FADE_RECOVERY,CONTROLLED_SOFTWARE_INJECTION,CSS-LoRa SX1278 (Ra-02),50.0,504,1787960275.1997,-69.77,9.67,True,23.36,NORMAL,True
5505,POST_FADE_RECOVERY,CONTROLLED_SOFTWARE_INJECTION,CSS-LoRa SX1278 (Ra-02),50.0,505,1787960275.2497,-66.01,9.73,True,25.38,NORMAL,True
5506,POST_FADE_RECOVERY,CONTROLLED_SOFTWARE_INJECTION,CSS-LoRa SX1278 (Ra-02),50.0,506,1787960275.2997,-66.69,9.43,True,25.18,NORMAL,True
5507,POST_FADE_RECOVERY,CONTROLLED_SOFTWARE_INJECTION,CSS-LoRa SX1278 (Ra-02),50.0,507,1787960275.3497,-68.05,9.18,True,24.85,NORMAL,True
5508,POST_FADE_RECOVERY,CONTROLLED_SOFTWARE_INJECTION,CSS-LoRa SX1278 (Ra-02),50.0,508,1787960275.3997,-70.27,9.24,True,26.19,NORMAL,True
5509,POST_FADE_RECOVERY,CONTROLLED_SOFTWARE_INJECTION,CSS-LoRa SX1278 (Ra-02),50.0,509,1787960275.4497,-69.55,6.63,True,25.61,NORMAL,True
5510,POST_FADE_RECOVERY,CONTROLLED_SOFTWARE_INJECTION,CSS-LoRa SX1278 (Ra-02),50.0,510,1787960275.4997,-69.9,9.27,True,27.31,NORMAL,True
5511,POST_FADE_RECOVERY,CONTROLLED_SOFTWARE_INJECTION,CSS-LoRa SX1278 (Ra-02),50.0,511,1787960275.5497,-69.19,7.5,True,27.32,NORMAL,True
5512,POST_FADE_RECOVERY,CONTROLLED_SOFTWARE_INJECTION,CSS-LoRa SX1278 (Ra-02),50.0,512,1787960275.5997,-69.45,12.21,True,23.37,NORMAL,True
5513,POST_FADE_RECOVERY,CONTROLLED_SOFTWARE_INJECTION,CSS-LoRa SX1278 (Ra-02),50.0,513,1787960275.6497,-66.73,10.66,True,23.17,NORMAL,True
5514,POST_FADE_RECOVERY,CONTROLLED_SOFTWARE_INJECTION,CSS-LoRa SX1278 (Ra-02),50.0,514,1787960275.6997,-66.12,9.69,True,26.31,NORMAL,True
5515,POST_FADE_RECOVERY,CONTROLLED_SOFTWARE_INJECTION,CSS-LoRa SX1278 (Ra-02),50.0,515,1787960275.7497,-69.93,5.98,True,23.88,NORMAL,True
5516,POST_FADE_RECOVERY,CONTROLLED_SOFTWARE_INJECTION,CSS-LoRa SX1278 (Ra-02),50.0,516,1787960275.7997,-68.78,8.59,True,27.22,NORMAL,True
5517,POST_FADE_RECOVERY,CONTROLLED_SOFTWARE_INJECTION,CSS-LoRa SX1278 (Ra-02),50.0,517,1787960275.8497,-71.93,9.21,True,26.9,NORMAL,True
5518,POST_FADE_RECOVERY,CONTROLLED_SOFTWARE_INJECTION,CSS-LoRa SX1278 (Ra-02),50.0,518,1787960275.8997,-67.0,7.74,True,22.87,NORMAL,True
5519,POST_FADE_RECOVERY,CONTROLLED_SOFTWARE_INJECTION,CSS-LoRa SX1278 (Ra-02),50.0,519,1787960275.9497,-67.6,9.28,True,26.15,NORMAL,True
5520,POST_FADE_RECOVERY,CONTROLLED_SOFTWARE_INJECTION,CSS-LoRa SX1278 (Ra-02),50.0,520,1787960275.9997,-68.23,12.46,True,27.71,NORMAL,True
5521,POST_FADE_RECOVERY,CONTROLLED_SOFTWARE_INJECTION,CSS-LoRa SX1278 (Ra-02),50.0,521,1787960276.0497,-67.76,10.37,True,26.47,NORMAL,True
5522,POST_FADE_RECOVERY,CONTROLLED_SOFTWARE_INJECTION,CSS-LoRa SX1278 (Ra-02),50.0,522,1787960276.0997,-71.52,10.09,True,24.0,NORMAL,True
5523,POST_FADE_RECOVERY,CONTROLLED_SOFTWARE_INJECTION,CSS-LoRa SX1278 (Ra-02),50.0,523,1787960276.1497,-71.11,10.99,True,26.35,NORMAL,True
5524,POST_FADE_RECOVERY,CONTROLLED_SOFTWARE_INJECTION,CSS-LoRa SX1278 (Ra-02),50.0,524,1787960276.1997,-66.61,9.29,True,27.93,NORMAL,True
5525,POST_FADE_RECOVERY,CONTROLLED_SOFTWARE_INJECTION,CSS-LoRa SX1278 (Ra-02),50.0,525,1787960276.2497,-69.82,9.86,True,25.83,NORMAL,True
5526,POST_FADE_RECOVERY,CONTROLLED_SOFTWARE_INJECTION,CSS-LoRa SX1278 (Ra-02),50.0,526,1787960276.2997,-68.26,9.69,True,24.23,NORMAL,True
5527,POST_FADE_RECOVERY,CONTROLLED_SOFTWARE_INJECTION,CSS-LoRa SX1278 (Ra-02),50.0,527,1787960276.3497,-70.92,8.57,True,23.6,NORMAL,True
5528,POST_FADE_RECOVERY,CONTROLLED_SOFTWARE_INJECTION,CSS-LoRa SX1278 (Ra-02),50.0,528,1787960276.3997,-68.36,9.04,True,25.43,NORMAL,True
5529,POST_FADE_RECOVERY,CONTROLLED_SOFTWARE_INJECTION,CSS-LoRa SX1278 (Ra-02),50.0,529,1787960276.4497,-66.94,6.4,True,28.05,NORMAL,True
5530,POST_FADE_RECOVERY,CONTROLLED_SOFTWARE_INJECTION,CSS-LoRa SX1278 (Ra-02),50.0,530,1787960276.4997,-65.31,8.36,True,26.84,NORMAL,True
5531,POST_FADE_RECOVERY,CONTROLLED_SOFTWARE_INJECTION,CSS-LoRa SX1278 (Ra-02),50.0,531,1787960276.5497,-68.28,4.87,True,24.02,NORMAL,True
5532,POST_FADE_RECOVERY,CONTROLLED_SOFTWARE_INJECTION,CSS-LoRa SX1278 (Ra-02),50.0,532,1787960276.5997,-70.67,9.41,True,25.44,NORMAL,True
5533,POST_FADE_RECOVERY,CONTROLLED_SOFTWARE_INJECTION,CSS-LoRa SX1278 (Ra-02),50.0,533,1787960276.6497,-67.89,8.93,True,22.45,NORMAL,True
5534,POST_FADE_RECOVERY,CONTROLLED_SOFTWARE_INJECTION,CSS-LoRa SX1278 (Ra-02),50.0,534,1787960276.6997,-64.55,9.71,True,25.75,NORMAL,True
5535,POST_FADE_RECOVERY,CONTROLLED_SOFTWARE_INJECTION,CSS-LoRa SX1278 (Ra-02),50.0,535,1787960276.7497,-67.23,10.74,True,26.08,NORMAL,True
5536,POST_FADE_RECOVERY,CONTROLLED_SOFTWARE_INJECTION,CSS-LoRa SX1278 (Ra-02),50.0,536,1787960276.7997,-68.84,9.01,True,25.37,NORMAL,True
5537,POST_FADE_RECOVERY,CONTROLLED_SOFTWARE_INJECTION,CSS-LoRa SX1278 (Ra-02),50.0,537,1787960276.8497,-68.53,7.69,True,23.39,NORMAL,True
5538,POST_FADE_RECOVERY,CONTROLLED_SOFTWARE_INJECTION,CSS-LoRa SX1278 (Ra-02),50.0,538,1787960276.8997,-64.73,9.31,True,25.46,NORMAL,True
5539,POST_FADE_RECOVERY,CONTROLLED_SOFTWARE_INJECTION,CSS-LoRa SX1278 (Ra-02),50.0,539,1787960276.9497,-69.38,8.95,True,26.32,NORMAL,True
5540,POST_FADE_RECOVERY,CONTROLLED_SOFTWARE_INJECTION,CSS-LoRa SX1278 (Ra-02),50.0,540,1787960276.9997,-69.74,6.25,True,21.16,NORMAL,True
5541,POST_FADE_RECOVERY,CONTROLLED_SOFTWARE_INJECTION,CSS-LoRa SX1278 (Ra-02),50.0,541,1787960277.0497,-66.56,8.82,True,23.82,NORMAL,True
5542,POST_FADE_RECOVERY,CONTROLLED_SOFTWARE_INJECTION,CSS-LoRa SX1278 (Ra-02),50.0,542,1787960277.0997,-71.3,8.47,True,27.91,NORMAL,True
5543,POST_FADE_RECOVERY,CONTROLLED_SOFTWARE_INJECTION,CSS-LoRa SX1278 (Ra-02),50.0,543,1787960277.1497,-64.89,8.4,True,24.91,NORMAL,True
5544,POST_FADE_RECOVERY,CONTROLLED_SOFTWARE_INJECTION,CSS-LoRa SX1278 (Ra-02),50.0,544,1787960277.1997,-69.96,9.15,True,26.43,NORMAL,True
5545,POST_FADE_RECOVERY,CONTROLLED_SOFTWARE_INJECTION,CSS-LoRa SX1278 (Ra-02),50.0,545,1787960277.2497,-70.39,9.28,True,24.2,NORMAL,True
5546,POST_FADE_RECOVERY,CONTROLLED_SOFTWARE_INJECTION,CSS-LoRa SX1278 (Ra-02),50.0,546,1787960277.2997,-68.4,8.54,True,25.39,NORMAL,True
5547,POST_FADE_RECOVERY,CONTROLLED_SOFTWARE_INJECTION,CSS-LoRa SX1278 (Ra-02),50.0,547,1787960277.3497,-66.7,8.54,True,25.31,NORMAL,True
5548,POST_FADE_RECOVERY,CONTROLLED_SOFTWARE_INJECTION,CSS-LoRa SX1278 (Ra-02),50.0,548,1787960277.3997,-65.82,11.02,True,25.57,NORMAL,True
5549,POST_FADE_RECOVERY,CONTROLLED_SOFTWARE_INJECTION,CSS-LoRa SX1278 (Ra-02),50.0,549,1787960277.4497,-73.33,6.14,True,26.85,NORMAL,True
5550,POST_FADE_RECOVERY,CONTROLLED_SOFTWARE_INJECTION,CSS-LoRa SX1278 (Ra-02),50.0,550,1787960277.4997,-62.57,7.45,True,24.44,NORMAL,True
5551,POST_FADE_RECOVERY,CONTROLLED_SOFTWARE_INJECTION,CSS-LoRa SX1278 (Ra-02),50.0,551,1787960277.5497,-67.97,10.33,True,24.2,NORMAL,True
5552,POST_FADE_RECOVERY,CONTROLLED_SOFTWARE_INJECTION,CSS-LoRa SX1278 (Ra-02),50.0,552,1787960277.5997,-64.15,8.84,True,26.46,NORMAL,True
5553,POST_FADE_RECOVERY,CONTROLLED_SOFTWARE_INJECTION,CSS-LoRa SX1278 (Ra-02),50.0,553,1787960277.6497,-69.1,13.15,True,23.56,NORMAL,True
5554,POST_FADE_RECOVERY,CONTROLLED_SOFTWARE_INJECTION,CSS-LoRa SX1278 (Ra-02),50.0,554,1787960277.6997,-67.11,11.39,True,25.88,NORMAL,True
5555,POST_FADE_RECOVERY,CONTROLLED_SOFTWARE_INJECTION,CSS-LoRa SX1278 (Ra-02),50.0,555,1787960277.7497,-65.58,9.01,True,25.56,NORMAL,True
5556,POST_FADE_RECOVERY,CONTROLLED_SOFTWARE_INJECTION,CSS-LoRa SX1278 (Ra-02),50.0,556,1787960277.7997,-64.41,10.15,True,24.84,NORMAL,True
5557,POST_FADE_RECOVERY,CONTROLLED_SOFTWARE_INJECTION,CSS-LoRa SX1278 (Ra-02),50.0,557,1787960277.8497,-65.69,10.29,True,24.41,NORMAL,True
5558,POST_FADE_RECOVERY,CONTROLLED_SOFTWARE_INJECTION,CSS-LoRa SX1278 (Ra-02),50.0,558,1787960277.8997,-125.0,-22.0,False,,NORMAL,True
5559,POST_FADE_RECOVERY,CONTROLLED_SOFTWARE_INJECTION,CSS-LoRa SX1278 (Ra-02),50.0,559,1787960277.9497,-65.04,10.14,True,26.02,NORMAL,True
5560,POST_FADE_RECOVERY,CONTROLLED_SOFTWARE_INJECTION,CSS-LoRa SX1278 (Ra-02),50.0,560,1787960277.9997,-69.06,9.88,True,22.85,NORMAL,True
5561,POST_FADE_RECOVERY,CONTROLLED_SOFTWARE_INJECTION,CSS-LoRa SX1278 (Ra-02),50.0,561,1787960278.0497,-65.58,8.42,True,24.24,NORMAL,True
5562,POST_FADE_RECOVERY,CONTROLLED_SOFTWARE_INJECTION,CSS-LoRa SX1278 (Ra-02),50.0,562,1787960278.0997,-66.76,9.31,True,23.59,NORMAL,True
5563,POST_FADE_RECOVERY,CONTROLLED_SOFTWARE_INJECTION,CSS-LoRa SX1278 (Ra-02),50.0,563,1787960278.1497,-71.44,10.43,True,27.29,NORMAL,True
5564,POST_FADE_RECOVERY,CONTROLLED_SOFTWARE_INJECTION,CSS-LoRa SX1278 (Ra-02),50.0,564,1787960278.1997,-69.5,6.87,True,23.0,NORMAL,True
5565,POST_FADE_RECOVERY,CONTROLLED_SOFTWARE_INJECTION,CSS-LoRa SX1278 (Ra-02),50.0,565,1787960278.2497,-70.41,10.38,True,23.53,NORMAL,True
5566,POST_FADE_RECOVERY,CONTROLLED_SOFTWARE_INJECTION,CSS-LoRa SX1278 (Ra-02),50.0,566,1787960278.2997,-65.41,10.2,True,26.82,NORMAL,True
5567,POST_FADE_RECOVERY,CONTROLLED_SOFTWARE_INJECTION,CSS-LoRa SX1278 (Ra-02),50.0,567,1787960278.3497,-62.04,11.72,True,27.1,NORMAL,True
5568,POST_FADE_RECOVERY,CONTROLLED_SOFTWARE_INJECTION,CSS-LoRa SX1278 (Ra-02),50.0,568,1787960278.3997,-63.44,8.87,True,23.67,NORMAL,True
5569,POST_FADE_RECOVERY,CONTROLLED_SOFTWARE_INJECTION,CSS-LoRa SX1278 (Ra-02),50.0,569,1787960278.4497,-67.75,10.17,True,23.94,NORMAL,True
5570,POST_FADE_RECOVERY,CONTROLLED_SOFTWARE_INJECTION,CSS-LoRa SX1278 (Ra-02),50.0,570,1787960278.4997,-66.28,10.06,True,25.06,NORMAL,True
5571,POST_FADE_RECOVERY,CONTROLLED_SOFTWARE_INJECTION,CSS-LoRa SX1278 (Ra-02),50.0,571,1787960278.5497,-69.24,8.07,True,23.17,NORMAL,True
5572,POST_FADE_RECOVERY,CONTROLLED_SOFTWARE_INJECTION,CSS-LoRa SX1278 (Ra-02),50.0,572,1787960278.5997,-65.18,10.38,True,26.83,NORMAL,True
5573,POST_FADE_RECOVERY,CONTROLLED_SOFTWARE_INJECTION,CSS-LoRa SX1278 (Ra-02),50.0,573,1787960278.6497,-70.09,7.9,True,23.81,NORMAL,True
5574,POST_FADE_RECOVERY,CONTROLLED_SOFTWARE_INJECTION,CSS-LoRa SX1278 (Ra-02),50.0,574,1787960278.6997,-65.75,9.85,True,25.46,NORMAL,True
5575,POST_FADE_RECOVERY,CONTROLLED_SOFTWARE_INJECTION,CSS-LoRa SX1278 (Ra-02),50.0,575,1787960278.7497,-67.37,8.46,True,24.06,NORMAL,True
5576,POST_FADE_RECOVERY,CONTROLLED_SOFTWARE_INJECTION,CSS-LoRa SX1278 (Ra-02),50.0,576,1787960278.7997,-68.28,8.8,True,25.0,NORMAL,True
5577,POST_FADE_RECOVERY,CONTROLLED_SOFTWARE_INJECTION,CSS-LoRa SX1278 (Ra-02),50.0,577,1787960278.8497,-68.21,8.36,True,24.62,NORMAL,True
5578,POST_FADE_RECOVERY,CONTROLLED_SOFTWARE_INJECTION,CSS-LoRa SX1278 (Ra-02),50.0,578,1787960278.8997,-65.97,9.6,True,25.71,NORMAL,True
5579,POST_FADE_RECOVERY,CONTROLLED_SOFTWARE_INJECTION,CSS-LoRa SX1278 (Ra-02),50.0,579,1787960278.9497,-69.49,9.66,True,22.02,NORMAL,True
5580,POST_FADE_RECOVERY,CONTROLLED_SOFTWARE_INJECTION,CSS-LoRa SX1278 (Ra-02),50.0,580,1787960278.9997,-68.71,10.2,True,24.26,NORMAL,True
5581,POST_FADE_RECOVERY,CONTROLLED_SOFTWARE_INJECTION,CSS-LoRa SX1278 (Ra-02),50.0,581,1787960279.0497,-69.27,9.97,True,25.62,NORMAL,True
5582,POST_FADE_RECOVERY,CONTROLLED_SOFTWARE_INJECTION,CSS-LoRa SX1278 (Ra-02),50.0,582,1787960279.0997,-65.36,9.22,True,25.69,NORMAL,True
5583,POST_FADE_RECOVERY,CONTROLLED_SOFTWARE_INJECTION,CSS-LoRa SX1278 (Ra-02),50.0,583,1787960279.1497,-70.87,8.03,True,24.02,NORMAL,True
5584,POST_FADE_RECOVERY,CONTROLLED_SOFTWARE_INJECTION,CSS-LoRa SX1278 (Ra-02),50.0,584,1787960279.1997,-71.73,9.79,True,23.59,NORMAL,True
5585,POST_FADE_RECOVERY,CONTROLLED_SOFTWARE_INJECTION,CSS-LoRa SX1278 (Ra-02),50.0,585,1787960279.2497,-66.97,9.94,True,24.52,NORMAL,True
5586,POST_FADE_RECOVERY,CONTROLLED_SOFTWARE_INJECTION,CSS-LoRa SX1278 (Ra-02),50.0,586,1787960279.2997,-70.14,13.57,True,24.01,NORMAL,True
5587,POST_FADE_RECOVERY,CONTROLLED_SOFTWARE_INJECTION,CSS-LoRa SX1278 (Ra-02),50.0,587,1787960279.3497,-68.27,9.81,True,23.76,NORMAL,True
5588,POST_FADE_RECOVERY,CONTROLLED_SOFTWARE_INJECTION,CSS-LoRa SX1278 (Ra-02),50.0,588,1787960279.3997,-65.97,10.7,True,22.33,NORMAL,True
5589,POST_FADE_RECOVERY,CONTROLLED_SOFTWARE_INJECTION,CSS-LoRa SX1278 (Ra-02),50.0,589,1787960279.4497,-69.43,10.44,True,25.02,NORMAL,True
5590,POST_FADE_RECOVERY,CONTROLLED_SOFTWARE_INJECTION,CSS-LoRa SX1278 (Ra-02),50.0,590,1787960279.4997,-66.48,9.91,True,24.32,NORMAL,True
5591,POST_FADE_RECOVERY,CONTROLLED_SOFTWARE_INJECTION,CSS-LoRa SX1278 (Ra-02),50.0,591,1787960279.5497,-67.86,7.2,True,25.61,NORMAL,True
5592,POST_FADE_RECOVERY,CONTROLLED_SOFTWARE_INJECTION,CSS-LoRa SX1278 (Ra-02),50.0,592,1787960279.5997,-71.08,9.84,True,25.6,NORMAL,True
5593,POST_FADE_RECOVERY,CONTROLLED_SOFTWARE_INJECTION,CSS-LoRa SX1278 (Ra-02),50.0,593,1787960279.6497,-64.89,8.96,True,24.47,NORMAL,True
5594,POST_FADE_RECOVERY,CONTROLLED_SOFTWARE_INJECTION,CSS-LoRa SX1278 (Ra-02),50.0,594,1787960279.6997,-69.23,10.98,True,24.42,NORMAL,True
5595,POST_FADE_RECOVERY,CONTROLLED_SOFTWARE_INJECTION,CSS-LoRa SX1278 (Ra-02),50.0,595,1787960279.7497,-67.89,9.14,True,26.91,NORMAL,True
5596,POST_FADE_RECOVERY,CONTROLLED_SOFTWARE_INJECTION,CSS-LoRa SX1278 (Ra-02),50.0,596,1787960279.7997,-67.32,11.16,True,23.63,NORMAL,True
5597,POST_FADE_RECOVERY,CONTROLLED_SOFTWARE_INJECTION,CSS-LoRa SX1278 (Ra-02),50.0,597,1787960279.8497,-67.42,9.73,True,22.18,NORMAL,True
5598,POST_FADE_RECOVERY,CONTROLLED_SOFTWARE_INJECTION,CSS-LoRa SX1278 (Ra-02),50.0,598,1787960279.8997,-68.89,10.33,True,24.13,NORMAL,True
5599,POST_FADE_RECOVERY,CONTROLLED_SOFTWARE_INJECTION,CSS-LoRa SX1278 (Ra-02),50.0,599,1787960279.9497,-69.1,9.26,True,23.89,NORMAL,True
5600,POST_FADE_RECOVERY,CONTROLLED_SOFTWARE_INJECTION,CSS-LoRa SX1278 (Ra-02),50.0,600,1787960279.9997,-68.63,10.23,True,25.22,NORMAL,True
5601,POST_FADE_RECOVERY,CONTROLLED_SOFTWARE_INJECTION,CSS-LoRa SX1278 (Ra-02),50.0,601,1787960280.0497,-67.23,9.64,True,24.62,NORMAL,True
5602,POST_FADE_RECOVERY,CONTROLLED_SOFTWARE_INJECTION,CSS-LoRa SX1278 (Ra-02),50.0,602,1787960280.0997,-69.06,10.82,True,23.83,NORMAL,True
5603,POST_FADE_RECOVERY,CONTROLLED_SOFTWARE_INJECTION,CSS-LoRa SX1278 (Ra-02),50.0,603,1787960280.1497,-68.17,9.39,True,24.65,NORMAL,True
5604,POST_FADE_RECOVERY,CONTROLLED_SOFTWARE_INJECTION,CSS-LoRa SX1278 (Ra-02),50.0,604,1787960280.1997,-68.14,9.11,True,24.92,NORMAL,True
5605,POST_FADE_RECOVERY,CONTROLLED_SOFTWARE_INJECTION,CSS-LoRa SX1278 (Ra-02),50.0,605,1787960280.2497,-69.25,6.68,True,22.69,NORMAL,True
5606,POST_FADE_RECOVERY,CONTROLLED_SOFTWARE_INJECTION,CSS-LoRa SX1278 (Ra-02),50.0,606,1787960280.2997,-64.85,10.15,True,23.82,NORMAL,True
5607,POST_FADE_RECOVERY,CONTROLLED_SOFTWARE_INJECTION,CSS-LoRa SX1278 (Ra-02),50.0,607,1787960280.3497,-69.08,11.11,True,24.43,NORMAL,True
5608,POST_FADE_RECOVERY,CONTROLLED_SOFTWARE_INJECTION,CSS-LoRa SX1278 (Ra-02),50.0,608,1787960280.3997,-70.72,9.97,True,25.5,NORMAL,True
5609,POST_FADE_RECOVERY,CONTROLLED_SOFTWARE_INJECTION,CSS-LoRa SX1278 (Ra-02),50.0,609,1787960280.4497,-66.1,6.92,True,22.49,NORMAL,True
5610,POST_FADE_RECOVERY,CONTROLLED_SOFTWARE_INJECTION,CSS-LoRa SX1278 (Ra-02),50.0,610,1787960280.4997,-67.41,9.36,True,25.74,NORMAL,True
5611,POST_FADE_RECOVERY,CONTROLLED_SOFTWARE_INJECTION,CSS-LoRa SX1278 (Ra-02),50.0,611,1787960280.5497,-67.9,9.8,True,23.68,NORMAL,True
5612,POST_FADE_RECOVERY,CONTROLLED_SOFTWARE_INJECTION,CSS-LoRa SX1278 (Ra-02),50.0,612,1787960280.5997,-65.52,9.19,True,26.55,NORMAL,True
5613,POST_FADE_RECOVERY,CONTROLLED_SOFTWARE_INJECTION,CSS-LoRa SX1278 (Ra-02),50.0,613,1787960280.6497,-64.85,9.29,True,27.33,NORMAL,True
5614,POST_FADE_RECOVERY,CONTROLLED_SOFTWARE_INJECTION,CSS-LoRa SX1278 (Ra-02),50.0,614,1787960280.6997,-70.22,9.05,True,23.74,NORMAL,True
5615,POST_FADE_RECOVERY,CONTROLLED_SOFTWARE_INJECTION,CSS-LoRa SX1278 (Ra-02),50.0,615,1787960280.7497,-125.0,-22.0,False,,NORMAL,True
5616,POST_FADE_RECOVERY,CONTROLLED_SOFTWARE_INJECTION,CSS-LoRa SX1278 (Ra-02),50.0,616,1787960280.7997,-66.24,8.7,True,25.95,NORMAL,True
5617,POST_FADE_RECOVERY,CONTROLLED_SOFTWARE_INJECTION,CSS-LoRa SX1278 (Ra-02),50.0,617,1787960280.8497,-67.53,9.55,True,23.99,NORMAL,True
5618,POST_FADE_RECOVERY,CONTROLLED_SOFTWARE_INJECTION,CSS-LoRa SX1278 (Ra-02),50.0,618,1787960280.8997,-67.8,9.36,True,23.87,NORMAL,True
5619,POST_FADE_RECOVERY,CONTROLLED_SOFTWARE_INJECTION,CSS-LoRa SX1278 (Ra-02),50.0,619,1787960280.9497,-68.4,8.73,True,27.03,NORMAL,True
5620,POST_FADE_RECOVERY,CONTROLLED_SOFTWARE_INJECTION,CSS-LoRa SX1278 (Ra-02),50.0,620,1787960280.9997,-70.34,10.01,True,27.36,NORMAL,True
5621,POST_FADE_RECOVERY,CONTROLLED_SOFTWARE_INJECTION,CSS-LoRa SX1278 (Ra-02),50.0,621,1787960281.0497,-65.98,11.04,True,23.54,NORMAL,True
5622,POST_FADE_RECOVERY,CONTROLLED_SOFTWARE_INJECTION,CSS-LoRa SX1278 (Ra-02),50.0,622,1787960281.0997,-70.04,9.09,True,25.8,NORMAL,True
5623,POST_FADE_RECOVERY,CONTROLLED_SOFTWARE_INJECTION,CSS-LoRa SX1278 (Ra-02),50.0,623,1787960281.1497,-69.58,9.6,True,25.24,NORMAL,True
5624,POST_FADE_RECOVERY,CONTROLLED_SOFTWARE_INJECTION,CSS-LoRa SX1278 (Ra-02),50.0,624,1787960281.1997,-66.33,10.69,True,21.0,NORMAL,True
5625,POST_FADE_RECOVERY,CONTROLLED_SOFTWARE_INJECTION,CSS-LoRa SX1278 (Ra-02),50.0,625,1787960281.2497,-67.89,8.46,True,24.53,NORMAL,True
5626,POST_FADE_RECOVERY,CONTROLLED_SOFTWARE_INJECTION,CSS-LoRa SX1278 (Ra-02),50.0,626,1787960281.2997,-70.62,12.16,True,26.26,NORMAL,True
5627,POST_FADE_RECOVERY,CONTROLLED_SOFTWARE_INJECTION,CSS-LoRa SX1278 (Ra-02),50.0,627,1787960281.3497,-67.03,4.84,True,27.96,NORMAL,True
5628,POST_FADE_RECOVERY,CONTROLLED_SOFTWARE_INJECTION,CSS-LoRa SX1278 (Ra-02),50.0,628,1787960281.3997,-64.97,11.65,True,24.95,NORMAL,True
5629,POST_FADE_RECOVERY,CONTROLLED_SOFTWARE_INJECTION,CSS-LoRa SX1278 (Ra-02),50.0,629,1787960281.4497,-70.3,5.97,True,24.89,NORMAL,True
5630,POST_FADE_RECOVERY,CONTROLLED_SOFTWARE_INJECTION,CSS-LoRa SX1278 (Ra-02),50.0,630,1787960281.4997,-64.83,9.04,True,22.62,NORMAL,True
5631,POST_FADE_RECOVERY,CONTROLLED_SOFTWARE_INJECTION,CSS-LoRa SX1278 (Ra-02),50.0,631,1787960281.5497,-70.02,10.72,True,23.7,NORMAL,True
5632,POST_FADE_RECOVERY,CONTROLLED_SOFTWARE_INJECTION,CSS-LoRa SX1278 (Ra-02),50.0,632,1787960281.5997,-65.82,11.47,True,23.97,NORMAL,True
5633,POST_FADE_RECOVERY,CONTROLLED_SOFTWARE_INJECTION,CSS-LoRa SX1278 (Ra-02),50.0,633,1787960281.6497,-66.88,11.88,True,25.6,NORMAL,True
5634,POST_FADE_RECOVERY,CONTROLLED_SOFTWARE_INJECTION,CSS-LoRa SX1278 (Ra-02),50.0,634,1787960281.6997,-68.92,9.17,True,24.93,NORMAL,True
5635,POST_FADE_RECOVERY,CONTROLLED_SOFTWARE_INJECTION,CSS-LoRa SX1278 (Ra-02),50.0,635,1787960281.7497,-69.17,8.14,True,22.06,NORMAL,True
5636,POST_FADE_RECOVERY,CONTROLLED_SOFTWARE_INJECTION,CSS-LoRa SX1278 (Ra-02),50.0,636,1787960281.7997,-66.31,10.78,True,22.01,NORMAL,True
5637,POST_FADE_RECOVERY,CONTROLLED_SOFTWARE_INJECTION,CSS-LoRa SX1278 (Ra-02),50.0,637,1787960281.8497,-62.53,11.72,True,24.33,NORMAL,True
5638,POST_FADE_RECOVERY,CONTROLLED_SOFTWARE_INJECTION,CSS-LoRa SX1278 (Ra-02),50.0,638,1787960281.8997,-66.73,10.82,True,25.26,NORMAL,True
5639,POST_FADE_RECOVERY,CONTROLLED_SOFTWARE_INJECTION,CSS-LoRa SX1278 (Ra-02),50.0,639,1787960281.9497,-65.25,8.82,True,24.12,NORMAL,True
5640,POST_FADE_RECOVERY,CONTROLLED_SOFTWARE_INJECTION,CSS-LoRa SX1278 (Ra-02),50.0,640,1787960281.9997,-66.49,5.7,True,21.92,NORMAL,True
5641,POST_FADE_RECOVERY,CONTROLLED_SOFTWARE_INJECTION,CSS-LoRa SX1278 (Ra-02),50.0,641,1787960282.0497,-66.51,9.97,True,25.58,NORMAL,True
5642,POST_FADE_RECOVERY,CONTROLLED_SOFTWARE_INJECTION,CSS-LoRa SX1278 (Ra-02),50.0,642,1787960282.0997,-65.2,10.57,True,25.14,NORMAL,True
5643,POST_FADE_RECOVERY,CONTROLLED_SOFTWARE_INJECTION,CSS-LoRa SX1278 (Ra-02),50.0,643,1787960282.1497,-64.89,10.1,True,26.99,NORMAL,True
5644,POST_FADE_RECOVERY,CONTROLLED_SOFTWARE_INJECTION,CSS-LoRa SX1278 (Ra-02),50.0,644,1787960282.1997,-67.35,8.14,True,24.75,NORMAL,True
5645,POST_FADE_RECOVERY,CONTROLLED_SOFTWARE_INJECTION,CSS-LoRa SX1278 (Ra-02),50.0,645,1787960282.2497,-69.44,7.5,True,23.84,NORMAL,True
5646,POST_FADE_RECOVERY,CONTROLLED_SOFTWARE_INJECTION,CSS-LoRa SX1278 (Ra-02),50.0,646,1787960282.2997,-68.84,10.05,True,24.38,NORMAL,True
5647,POST_FADE_RECOVERY,CONTROLLED_SOFTWARE_INJECTION,CSS-LoRa SX1278 (Ra-02),50.0,647,1787960282.3497,-66.8,9.48,True,25.06,NORMAL,True
5648,POST_FADE_RECOVERY,CONTROLLED_SOFTWARE_INJECTION,CSS-LoRa SX1278 (Ra-02),50.0,648,1787960282.3997,-63.79,9.02,True,26.35,NORMAL,True
5649,POST_FADE_RECOVERY,CONTROLLED_SOFTWARE_INJECTION,CSS-LoRa SX1278 (Ra-02),50.0,649,1787960282.4497,-68.06,9.05,True,23.31,NORMAL,True
5650,POST_FADE_RECOVERY,CONTROLLED_SOFTWARE_INJECTION,CSS-LoRa SX1278 (Ra-02),50.0,650,1787960282.4997,-66.71,10.24,True,21.79,NORMAL,True
5651,POST_FADE_RECOVERY,CONTROLLED_SOFTWARE_INJECTION,CSS-LoRa SX1278 (Ra-02),50.0,651,1787960282.5497,-68.63,9.16,True,25.61,NORMAL,True
5652,POST_FADE_RECOVERY,CONTROLLED_SOFTWARE_INJECTION,CSS-LoRa SX1278 (Ra-02),50.0,652,1787960282.5997,-69.55,10.48,True,24.7,NORMAL,True
5653,POST_FADE_RECOVERY,CONTROLLED_SOFTWARE_INJECTION,CSS-LoRa SX1278 (Ra-02),50.0,653,1787960282.6497,-62.98,9.58,True,26.36,NORMAL,True
5654,POST_FADE_RECOVERY,CONTROLLED_SOFTWARE_INJECTION,CSS-LoRa SX1278 (Ra-02),50.0,654,1787960282.6997,-60.83,10.95,True,23.01,NORMAL,True
5655,POST_FADE_RECOVERY,CONTROLLED_SOFTWARE_INJECTION,CSS-LoRa SX1278 (Ra-02),50.0,655,1787960282.7497,-67.4,12.38,True,23.47,NORMAL,True
5656,POST_FADE_RECOVERY,CONTROLLED_SOFTWARE_INJECTION,CSS-LoRa SX1278 (Ra-02),50.0,656,1787960282.7997,-64.85,8.79,True,22.96,NORMAL,True
5657,POST_FADE_RECOVERY,CONTROLLED_SOFTWARE_INJECTION,CSS-LoRa SX1278 (Ra-02),50.0,657,1787960282.8497,-69.1,10.42,True,25.24,NORMAL,True
5658,POST_FADE_RECOVERY,CONTROLLED_SOFTWARE_INJECTION,CSS-LoRa SX1278 (Ra-02),50.0,658,1787960282.8997,-69.23,10.24,True,24.54,NORMAL,True
5659,POST_FADE_RECOVERY,CONTROLLED_SOFTWARE_INJECTION,CSS-LoRa SX1278 (Ra-02),50.0,659,1787960282.9497,-64.3,8.93,True,23.85,NORMAL,True
5660,POST_FADE_RECOVERY,CONTROLLED_SOFTWARE_INJECTION,CSS-LoRa SX1278 (Ra-02),50.0,660,1787960282.9997,-62.48,7.99,True,23.69,NORMAL,True
5661,POST_FADE_RECOVERY,CONTROLLED_SOFTWARE_INJECTION,CSS-LoRa SX1278 (Ra-02),50.0,661,1787960283.0497,-67.68,10.12,True,24.95,NORMAL,True
5662,POST_FADE_RECOVERY,CONTROLLED_SOFTWARE_INJECTION,CSS-LoRa SX1278 (Ra-02),50.0,662,1787960283.0997,-59.11,8.92,True,27.66,NORMAL,True
5663,POST_FADE_RECOVERY,CONTROLLED_SOFTWARE_INJECTION,CSS-LoRa SX1278 (Ra-02),50.0,663,1787960283.1497,-64.9,9.04,True,27.33,NORMAL,True
5664,POST_FADE_RECOVERY,CONTROLLED_SOFTWARE_INJECTION,CSS-LoRa SX1278 (Ra-02),50.0,664,1787960283.1997,-68.15,9.5,True,23.18,NORMAL,True
5665,POST_FADE_RECOVERY,CONTROLLED_SOFTWARE_INJECTION,CSS-LoRa SX1278 (Ra-02),50.0,665,1787960283.2497,-67.1,8.38,True,22.14,NORMAL,True
5666,POST_FADE_RECOVERY,CONTROLLED_SOFTWARE_INJECTION,CSS-LoRa SX1278 (Ra-02),50.0,666,1787960283.2997,-65.03,8.52,True,23.55,NORMAL,True
5667,POST_FADE_RECOVERY,CONTROLLED_SOFTWARE_INJECTION,CSS-LoRa SX1278 (Ra-02),50.0,667,1787960283.3497,-64.37,9.62,True,23.89,NORMAL,True
5668,POST_FADE_RECOVERY,CONTROLLED_SOFTWARE_INJECTION,CSS-LoRa SX1278 (Ra-02),50.0,668,1787960283.3997,-67.77,11.58,True,23.46,NORMAL,True
5669,POST_FADE_RECOVERY,CONTROLLED_SOFTWARE_INJECTION,CSS-LoRa SX1278 (Ra-02),50.0,669,1787960283.4497,-71.93,8.97,True,23.43,NORMAL,True
5670,POST_FADE_RECOVERY,CONTROLLED_SOFTWARE_INJECTION,CSS-LoRa SX1278 (Ra-02),50.0,670,1787960283.4997,-65.21,8.87,True,23.73,NORMAL,True
5671,POST_FADE_RECOVERY,CONTROLLED_SOFTWARE_INJECTION,CSS-LoRa SX1278 (Ra-02),50.0,671,1787960283.5497,-67.88,8.72,True,23.37,NORMAL,True
5672,POST_FADE_RECOVERY,CONTROLLED_SOFTWARE_INJECTION,CSS-LoRa SX1278 (Ra-02),50.0,672,1787960283.5997,-70.07,9.96,True,23.87,NORMAL,True
5673,POST_FADE_RECOVERY,CONTROLLED_SOFTWARE_INJECTION,CSS-LoRa SX1278 (Ra-02),50.0,673,1787960283.6497,-68.77,6.29,True,23.69,NORMAL,True
5674,POST_FADE_RECOVERY,CONTROLLED_SOFTWARE_INJECTION,CSS-LoRa SX1278 (Ra-02),50.0,674,1787960283.6997,-67.97,12.62,True,24.97,NORMAL,True
5675,POST_FADE_RECOVERY,CONTROLLED_SOFTWARE_INJECTION,CSS-LoRa SX1278 (Ra-02),50.0,675,1787960283.7497,-68.92,9.25,True,22.06,NORMAL,True
5676,POST_FADE_RECOVERY,CONTROLLED_SOFTWARE_INJECTION,CSS-LoRa SX1278 (Ra-02),50.0,676,1787960283.7997,-66.19,5.72,True,25.03,NORMAL,True
5677,POST_FADE_RECOVERY,CONTROLLED_SOFTWARE_INJECTION,CSS-LoRa SX1278 (Ra-02),50.0,677,1787960283.8497,-63.14,9.11,True,25.89,NORMAL,True
5678,POST_FADE_RECOVERY,CONTROLLED_SOFTWARE_INJECTION,CSS-LoRa SX1278 (Ra-02),50.0,678,1787960283.8997,-71.54,7.03,True,24.28,NORMAL,True
5679,POST_FADE_RECOVERY,CONTROLLED_SOFTWARE_INJECTION,CSS-LoRa SX1278 (Ra-02),50.0,679,1787960283.9497,-64.5,9.99,True,24.4,NORMAL,True
5680,POST_FADE_RECOVERY,CONTROLLED_SOFTWARE_INJECTION,CSS-LoRa SX1278 (Ra-02),50.0,680,1787960283.9997,-67.43,7.92,True,24.61,NORMAL,True
5681,POST_FADE_RECOVERY,CONTROLLED_SOFTWARE_INJECTION,CSS-LoRa SX1278 (Ra-02),50.0,681,1787960284.0497,-68.3,10.36,True,23.88,NORMAL,True
5682,POST_FADE_RECOVERY,CONTROLLED_SOFTWARE_INJECTION,CSS-LoRa SX1278 (Ra-02),50.0,682,1787960284.0997,-70.94,8.84,True,26.2,NORMAL,True
5683,POST_FADE_RECOVERY,CONTROLLED_SOFTWARE_INJECTION,CSS-LoRa SX1278 (Ra-02),50.0,683,1787960284.1497,-65.4,10.02,True,23.2,NORMAL,True
5684,POST_FADE_RECOVERY,CONTROLLED_SOFTWARE_INJECTION,CSS-LoRa SX1278 (Ra-02),50.0,684,1787960284.1997,-62.08,8.66,True,22.42,NORMAL,True
5685,POST_FADE_RECOVERY,CONTROLLED_SOFTWARE_INJECTION,CSS-LoRa SX1278 (Ra-02),50.0,685,1787960284.2497,-66.21,6.34,True,21.95,NORMAL,True
5686,POST_FADE_RECOVERY,CONTROLLED_SOFTWARE_INJECTION,CSS-LoRa SX1278 (Ra-02),50.0,686,1787960284.2997,-69.0,9.39,True,22.21,NORMAL,True
5687,POST_FADE_RECOVERY,CONTROLLED_SOFTWARE_INJECTION,CSS-LoRa SX1278 (Ra-02),50.0,687,1787960284.3497,-64.3,7.02,True,25.38,NORMAL,True
5688,POST_FADE_RECOVERY,CONTROLLED_SOFTWARE_INJECTION,CSS-LoRa SX1278 (Ra-02),50.0,688,1787960284.3997,-68.14,10.43,True,24.7,NORMAL,True
5689,POST_FADE_RECOVERY,CONTROLLED_SOFTWARE_INJECTION,CSS-LoRa SX1278 (Ra-02),50.0,689,1787960284.4497,-67.32,9.49,True,23.82,NORMAL,True
5690,POST_FADE_RECOVERY,CONTROLLED_SOFTWARE_INJECTION,CSS-LoRa SX1278 (Ra-02),50.0,690,1787960284.4997,-63.93,8.72,True,23.13,NORMAL,True
5691,POST_FADE_RECOVERY,CONTROLLED_SOFTWARE_INJECTION,CSS-LoRa SX1278 (Ra-02),50.0,691,1787960284.5497,-68.01,12.27,True,28.53,NORMAL,True
5692,POST_FADE_RECOVERY,CONTROLLED_SOFTWARE_INJECTION,CSS-LoRa SX1278 (Ra-02),50.0,692,1787960284.5997,-67.9,9.3,True,23.44,NORMAL,True
5693,POST_FADE_RECOVERY,CONTROLLED_SOFTWARE_INJECTION,CSS-LoRa SX1278 (Ra-02),50.0,693,1787960284.6497,-67.21,8.55,True,23.95,NORMAL,True
5694,POST_FADE_RECOVERY,CONTROLLED_SOFTWARE_INJECTION,CSS-LoRa SX1278 (Ra-02),50.0,694,1787960284.6997,-63.96,14.37,True,24.66,NORMAL,True
5695,POST_FADE_RECOVERY,CONTROLLED_SOFTWARE_INJECTION,CSS-LoRa SX1278 (Ra-02),50.0,695,1787960284.7497,-70.4,10.51,True,25.64,NORMAL,True
5696,POST_FADE_RECOVERY,CONTROLLED_SOFTWARE_INJECTION,CSS-LoRa SX1278 (Ra-02),50.0,696,1787960284.7997,-67.35,8.81,True,28.56,NORMAL,True
5697,POST_FADE_RECOVERY,CONTROLLED_SOFTWARE_INJECTION,CSS-LoRa SX1278 (Ra-02),50.0,697,1787960284.8497,-68.6,9.8,True,22.72,NORMAL,True
5698,POST_FADE_RECOVERY,CONTROLLED_SOFTWARE_INJECTION,CSS-LoRa SX1278 (Ra-02),50.0,698,1787960284.8997,-64.79,7.97,True,25.81,NORMAL,True
5699,POST_FADE_RECOVERY,CONTROLLED_SOFTWARE_INJECTION,CSS-LoRa SX1278 (Ra-02),50.0,699,1787960284.9497,-69.69,8.77,True,27.87,NORMAL,True
5700,POST_FADE_RECOVERY,CONTROLLED_SOFTWARE_INJECTION,CSS-LoRa SX1278 (Ra-02),50.0,700,1787960284.9997,-63.89,9.3,True,26.2,NORMAL,True
5701,POST_FADE_RECOVERY,CONTROLLED_SOFTWARE_INJECTION,CSS-LoRa SX1278 (Ra-02),50.0,701,1787960285.0497,-68.64,6.05,True,24.34,NORMAL,True
5702,POST_FADE_RECOVERY,CONTROLLED_SOFTWARE_INJECTION,CSS-LoRa SX1278 (Ra-02),50.0,702,1787960285.0997,-62.95,8.1,True,25.6,NORMAL,True
5703,POST_FADE_RECOVERY,CONTROLLED_SOFTWARE_INJECTION,CSS-LoRa SX1278 (Ra-02),50.0,703,1787960285.1497,-68.73,11.34,True,27.44,NORMAL,True
5704,POST_FADE_RECOVERY,CONTROLLED_SOFTWARE_INJECTION,CSS-LoRa SX1278 (Ra-02),50.0,704,1787960285.1997,-65.14,8.97,True,25.02,NORMAL,True
5705,POST_FADE_RECOVERY,CONTROLLED_SOFTWARE_INJECTION,CSS-LoRa SX1278 (Ra-02),50.0,705,1787960285.2497,-64.98,11.47,True,25.96,NORMAL,True
5706,POST_FADE_RECOVERY,CONTROLLED_SOFTWARE_INJECTION,CSS-LoRa SX1278 (Ra-02),50.0,706,1787960285.2997,-70.06,10.5,True,20.78,NORMAL,True
5707,POST_FADE_RECOVERY,CONTROLLED_SOFTWARE_INJECTION,CSS-LoRa SX1278 (Ra-02),50.0,707,1787960285.3497,-69.44,5.66,True,24.93,NORMAL,True
5708,POST_FADE_RECOVERY,CONTROLLED_SOFTWARE_INJECTION,CSS-LoRa SX1278 (Ra-02),50.0,708,1787960285.3997,-62.32,10.73,True,24.71,NORMAL,True
5709,POST_FADE_RECOVERY,CONTROLLED_SOFTWARE_INJECTION,CSS-LoRa SX1278 (Ra-02),50.0,709,1787960285.4497,-67.0,10.37,True,24.37,NORMAL,True
5710,POST_FADE_RECOVERY,CONTROLLED_SOFTWARE_INJECTION,CSS-LoRa SX1278 (Ra-02),50.0,710,1787960285.4997,-66.21,9.63,True,26.33,NORMAL,True
5711,POST_FADE_RECOVERY,CONTROLLED_SOFTWARE_INJECTION,CSS-LoRa SX1278 (Ra-02),50.0,711,1787960285.5497,-68.64,11.03,True,26.88,NORMAL,True
5712,POST_FADE_RECOVERY,CONTROLLED_SOFTWARE_INJECTION,CSS-LoRa SX1278 (Ra-02),50.0,712,1787960285.5997,-68.08,7.92,True,24.65,NORMAL,True
5713,POST_FADE_RECOVERY,CONTROLLED_SOFTWARE_INJECTION,CSS-LoRa SX1278 (Ra-02),50.0,713,1787960285.6497,-67.55,10.7,True,25.17,NORMAL,True
5714,POST_FADE_RECOVERY,CONTROLLED_SOFTWARE_INJECTION,CSS-LoRa SX1278 (Ra-02),50.0,714,1787960285.6997,-66.54,8.89,True,24.35,NORMAL,True
5715,POST_FADE_RECOVERY,CONTROLLED_SOFTWARE_INJECTION,CSS-LoRa SX1278 (Ra-02),50.0,715,1787960285.7497,-71.77,8.65,True,20.3,NORMAL,True
5716,POST_FADE_RECOVERY,CONTROLLED_SOFTWARE_INJECTION,CSS-LoRa SX1278 (Ra-02),50.0,716,1787960285.7997,-65.51,8.29,True,23.4,NORMAL,True
5717,POST_FADE_RECOVERY,CONTROLLED_SOFTWARE_INJECTION,CSS-LoRa SX1278 (Ra-02),50.0,717,1787960285.8497,-65.12,7.27,True,23.6,NORMAL,True
5718,POST_FADE_RECOVERY,CONTROLLED_SOFTWARE_INJECTION,CSS-LoRa SX1278 (Ra-02),50.0,718,1787960285.8997,-69.2,7.33,True,20.03,NORMAL,True
5719,POST_FADE_RECOVERY,CONTROLLED_SOFTWARE_INJECTION,CSS-LoRa SX1278 (Ra-02),50.0,719,1787960285.9497,-63.6,7.08,True,23.96,NORMAL,True
5720,POST_FADE_RECOVERY,CONTROLLED_SOFTWARE_INJECTION,CSS-LoRa SX1278 (Ra-02),50.0,720,1787960285.9997,-125.0,-22.0,False,,NORMAL,True
5721,POST_FADE_RECOVERY,CONTROLLED_SOFTWARE_INJECTION,CSS-LoRa SX1278 (Ra-02),50.0,721,1787960286.0497,-68.7,7.43,True,24.56,NORMAL,True
5722,POST_FADE_RECOVERY,CONTROLLED_SOFTWARE_INJECTION,CSS-LoRa SX1278 (Ra-02),50.0,722,1787960286.0997,-67.37,10.55,True,24.92,NORMAL,True
5723,POST_FADE_RECOVERY,CONTROLLED_SOFTWARE_INJECTION,CSS-LoRa SX1278 (Ra-02),50.0,723,1787960286.1497,-69.03,12.24,True,26.1,NORMAL,True
5724,POST_FADE_RECOVERY,CONTROLLED_SOFTWARE_INJECTION,CSS-LoRa SX1278 (Ra-02),50.0,724,1787960286.1997,-68.71,9.33,True,23.3,NORMAL,True
5725,POST_FADE_RECOVERY,CONTROLLED_SOFTWARE_INJECTION,CSS-LoRa SX1278 (Ra-02),50.0,725,1787960286.2497,-67.13,9.28,True,26.46,NORMAL,True
5726,POST_FADE_RECOVERY,CONTROLLED_SOFTWARE_INJECTION,CSS-LoRa SX1278 (Ra-02),50.0,726,1787960286.2997,-65.04,12.59,True,26.36,NORMAL,True
5727,POST_FADE_RECOVERY,CONTROLLED_SOFTWARE_INJECTION,CSS-LoRa SX1278 (Ra-02),50.0,727,1787960286.3497,-71.35,11.06,True,26.56,NORMAL,True
5728,POST_FADE_RECOVERY,CONTROLLED_SOFTWARE_INJECTION,CSS-LoRa SX1278 (Ra-02),50.0,728,1787960286.3997,-65.47,11.03,True,21.33,NORMAL,True
5729,POST_FADE_RECOVERY,CONTROLLED_SOFTWARE_INJECTION,CSS-LoRa SX1278 (Ra-02),50.0,729,1787960286.4497,-63.3,8.6,True,26.4,NORMAL,True
5730,POST_FADE_RECOVERY,CONTROLLED_SOFTWARE_INJECTION,CSS-LoRa SX1278 (Ra-02),50.0,730,1787960286.4997,-65.28,8.37,True,24.21,NORMAL,True
5731,POST_FADE_RECOVERY,CONTROLLED_SOFTWARE_INJECTION,CSS-LoRa SX1278 (Ra-02),50.0,731,1787960286.5497,-69.03,9.22,True,24.67,NORMAL,True
5732,POST_FADE_RECOVERY,CONTROLLED_SOFTWARE_INJECTION,CSS-LoRa SX1278 (Ra-02),50.0,732,1787960286.5997,-70.1,8.26,True,27.09,NORMAL,True
5733,POST_FADE_RECOVERY,CONTROLLED_SOFTWARE_INJECTION,CSS-LoRa SX1278 (Ra-02),50.0,733,1787960286.6497,-67.24,8.62,True,24.58,NORMAL,True
5734,POST_FADE_RECOVERY,CONTROLLED_SOFTWARE_INJECTION,CSS-LoRa SX1278 (Ra-02),50.0,734,1787960286.6997,-61.78,8.22,True,25.63,NORMAL,True
5735,POST_FADE_RECOVERY,CONTROLLED_SOFTWARE_INJECTION,CSS-LoRa SX1278 (Ra-02),50.0,735,1787960286.7497,-67.34,10.55,True,22.31,NORMAL,True
5736,POST_FADE_RECOVERY,CONTROLLED_SOFTWARE_INJECTION,CSS-LoRa SX1278 (Ra-02),50.0,736,1787960286.7997,-71.05,10.18,True,25.69,NORMAL,True
5737,POST_FADE_RECOVERY,CONTROLLED_SOFTWARE_INJECTION,CSS-LoRa SX1278 (Ra-02),50.0,737,1787960286.8497,-68.54,8.37,True,23.38,NORMAL,True
5738,POST_FADE_RECOVERY,CONTROLLED_SOFTWARE_INJECTION,CSS-LoRa SX1278 (Ra-02),50.0,738,1787960286.8997,-68.15,7.55,True,24.91,NORMAL,True
5739,POST_FADE_RECOVERY,CONTROLLED_SOFTWARE_INJECTION,CSS-LoRa SX1278 (Ra-02),50.0,739,1787960286.9497,-67.44,10.66,True,25.53,NORMAL,True
5740,POST_FADE_RECOVERY,CONTROLLED_SOFTWARE_INJECTION,CSS-LoRa SX1278 (Ra-02),50.0,740,1787960286.9997,-66.09,9.31,True,23.44,NORMAL,True
5741,POST_FADE_RECOVERY,CONTROLLED_SOFTWARE_INJECTION,CSS-LoRa SX1278 (Ra-02),50.0,741,1787960287.0497,-72.01,8.71,True,25.4,NORMAL,True
5742,POST_FADE_RECOVERY,CONTROLLED_SOFTWARE_INJECTION,CSS-LoRa SX1278 (Ra-02),50.0,742,1787960287.0997,-67.11,8.31,True,27.33,NORMAL,True
5743,POST_FADE_RECOVERY,CONTROLLED_SOFTWARE_INJECTION,CSS-LoRa SX1278 (Ra-02),50.0,743,1787960287.1497,-68.54,11.84,True,25.1,NORMAL,True
5744,POST_FADE_RECOVERY,CONTROLLED_SOFTWARE_INJECTION,CSS-LoRa SX1278 (Ra-02),50.0,744,1787960287.1997,-65.35,12.31,True,24.6,NORMAL,True
5745,POST_FADE_RECOVERY,CONTROLLED_SOFTWARE_INJECTION,CSS-LoRa SX1278 (Ra-02),50.0,745,1787960287.2497,-70.12,7.44,True,25.24,NORMAL,True
5746,POST_FADE_RECOVERY,CONTROLLED_SOFTWARE_INJECTION,CSS-LoRa SX1278 (Ra-02),50.0,746,1787960287.2997,-67.89,9.94,True,26.22,NORMAL,True
5747,POST_FADE_RECOVERY,CONTROLLED_SOFTWARE_INJECTION,CSS-LoRa SX1278 (Ra-02),50.0,747,1787960287.3497,-66.66,8.58,True,24.08,NORMAL,True
5748,POST_FADE_RECOVERY,CONTROLLED_SOFTWARE_INJECTION,CSS-LoRa SX1278 (Ra-02),50.0,748,1787960287.3997,-71.37,9.37,True,24.76,NORMAL,True
5749,POST_FADE_RECOVERY,CONTROLLED_SOFTWARE_INJECTION,CSS-LoRa SX1278 (Ra-02),50.0,749,1787960287.4497,-125.0,-22.0,False,,NORMAL,True
5750,POST_FADE_RECOVERY,CONTROLLED_SOFTWARE_INJECTION,CSS-LoRa SX1278 (Ra-02),50.0,750,1787960287.4997,-66.98,9.57,True,24.41,NORMAL,True
5751,POST_FADE_RECOVERY,CONTROLLED_SOFTWARE_INJECTION,CSS-LoRa SX1278 (Ra-02),50.0,751,1787960287.5497,-69.02,11.44,True,24.03,NORMAL,True
5752,POST_FADE_RECOVERY,CONTROLLED_SOFTWARE_INJECTION,CSS-LoRa SX1278 (Ra-02),50.0,752,1787960287.5997,-73.04,8.92,True,25.71,NORMAL,True
5753,POST_FADE_RECOVERY,CONTROLLED_SOFTWARE_INJECTION,CSS-LoRa SX1278 (Ra-02),50.0,753,1787960287.6497,-68.87,9.14,True,24.13,NORMAL,True
5754,POST_FADE_RECOVERY,CONTROLLED_SOFTWARE_INJECTION,CSS-LoRa SX1278 (Ra-02),50.0,754,1787960287.6997,-69.79,9.4,True,22.75,NORMAL,True
5755,POST_FADE_RECOVERY,CONTROLLED_SOFTWARE_INJECTION,CSS-LoRa SX1278 (Ra-02),50.0,755,1787960287.7497,-65.87,11.64,True,27.05,NORMAL,True
5756,POST_FADE_RECOVERY,CONTROLLED_SOFTWARE_INJECTION,CSS-LoRa SX1278 (Ra-02),50.0,756,1787960287.7997,-69.8,11.45,True,25.02,NORMAL,True
5757,POST_FADE_RECOVERY,CONTROLLED_SOFTWARE_INJECTION,CSS-LoRa SX1278 (Ra-02),50.0,757,1787960287.8497,-65.14,9.86,True,25.53,NORMAL,True
5758,POST_FADE_RECOVERY,CONTROLLED_SOFTWARE_INJECTION,CSS-LoRa SX1278 (Ra-02),50.0,758,1787960287.8997,-71.85,11.59,True,27.21,NORMAL,True
5759,POST_FADE_RECOVERY,CONTROLLED_SOFTWARE_INJECTION,CSS-LoRa SX1278 (Ra-02),50.0,759,1787960287.9497,-66.11,12.08,True,25.48,NORMAL,True
5760,POST_FADE_RECOVERY,CONTROLLED_SOFTWARE_INJECTION,CSS-LoRa SX1278 (Ra-02),50.0,760,1787960287.9997,-71.51,11.84,True,26.28,NORMAL,True
5761,POST_FADE_RECOVERY,CONTROLLED_SOFTWARE_INJECTION,CSS-LoRa SX1278 (Ra-02),50.0,761,1787960288.0497,-66.06,6.86,True,25.85,NORMAL,True
5762,POST_FADE_RECOVERY,CONTROLLED_SOFTWARE_INJECTION,CSS-LoRa SX1278 (Ra-02),50.0,762,1787960288.0997,-67.74,8.26,True,26.09,NORMAL,True
5763,POST_FADE_RECOVERY,CONTROLLED_SOFTWARE_INJECTION,CSS-LoRa SX1278 (Ra-02),50.0,763,1787960288.1497,-66.0,8.66,True,23.2,NORMAL,True
5764,POST_FADE_RECOVERY,CONTROLLED_SOFTWARE_INJECTION,CSS-LoRa SX1278 (Ra-02),50.0,764,1787960288.1997,-72.9,7.54,True,23.11,NORMAL,True
5765,POST_FADE_RECOVERY,CONTROLLED_SOFTWARE_INJECTION,CSS-LoRa SX1278 (Ra-02),50.0,765,1787960288.2497,-63.9,11.62,True,25.08,NORMAL,True
5766,POST_FADE_RECOVERY,CONTROLLED_SOFTWARE_INJECTION,CSS-LoRa SX1278 (Ra-02),50.0,766,1787960288.2997,-65.36,9.93,True,24.83,NORMAL,True
5767,POST_FADE_RECOVERY,CONTROLLED_SOFTWARE_INJECTION,CSS-LoRa SX1278 (Ra-02),50.0,767,1787960288.3497,-66.77,8.18,True,24.12,NORMAL,True
5768,POST_FADE_RECOVERY,CONTROLLED_SOFTWARE_INJECTION,CSS-LoRa SX1278 (Ra-02),50.0,768,1787960288.3997,-125.0,-22.0,False,,NORMAL,True
5769,POST_FADE_RECOVERY,CONTROLLED_SOFTWARE_INJECTION,CSS-LoRa SX1278 (Ra-02),50.0,769,1787960288.4497,-66.84,9.38,True,25.76,NORMAL,True
5770,POST_FADE_RECOVERY,CONTROLLED_SOFTWARE_INJECTION,CSS-LoRa SX1278 (Ra-02),50.0,770,1787960288.4997,-67.24,7.32,True,23.01,NORMAL,True
5771,POST_FADE_RECOVERY,CONTROLLED_SOFTWARE_INJECTION,CSS-LoRa SX1278 (Ra-02),50.0,771,1787960288.5497,-63.26,11.52,True,24.66,NORMAL,True
5772,POST_FADE_RECOVERY,CONTROLLED_SOFTWARE_INJECTION,CSS-LoRa SX1278 (Ra-02),50.0,772,1787960288.5997,-66.57,9.87,True,26.53,NORMAL,True
5773,POST_FADE_RECOVERY,CONTROLLED_SOFTWARE_INJECTION,CSS-LoRa SX1278 (Ra-02),50.0,773,1787960288.6497,-64.6,11.47,True,24.7,NORMAL,True
5774,POST_FADE_RECOVERY,CONTROLLED_SOFTWARE_INJECTION,CSS-LoRa SX1278 (Ra-02),50.0,774,1787960288.6997,-66.11,6.02,True,25.55,NORMAL,True
5775,POST_FADE_RECOVERY,CONTROLLED_SOFTWARE_INJECTION,CSS-LoRa SX1278 (Ra-02),50.0,775,1787960288.7497,-70.75,10.12,True,26.57,NORMAL,True
5776,POST_FADE_RECOVERY,CONTROLLED_SOFTWARE_INJECTION,CSS-LoRa SX1278 (Ra-02),50.0,776,1787960288.7997,-69.08,8.6,True,21.94,NORMAL,True
5777,POST_FADE_RECOVERY,CONTROLLED_SOFTWARE_INJECTION,CSS-LoRa SX1278 (Ra-02),50.0,777,1787960288.8497,-65.05,10.25,True,24.15,NORMAL,True
5778,POST_FADE_RECOVERY,CONTROLLED_SOFTWARE_INJECTION,CSS-LoRa SX1278 (Ra-02),50.0,778,1787960288.8997,-66.6,10.55,True,25.65,NORMAL,True
5779,POST_FADE_RECOVERY,CONTROLLED_SOFTWARE_INJECTION,CSS-LoRa SX1278 (Ra-02),50.0,779,1787960288.9497,-66.46,10.47,True,26.59,NORMAL,True
5780,POST_FADE_RECOVERY,CONTROLLED_SOFTWARE_INJECTION,CSS-LoRa SX1278 (Ra-02),50.0,780,1787960288.9997,-66.61,10.05,True,25.38,NORMAL,True
5781,POST_FADE_RECOVERY,CONTROLLED_SOFTWARE_INJECTION,CSS-LoRa SX1278 (Ra-02),50.0,781,1787960289.0497,-68.42,11.42,True,26.26,NORMAL,True
5782,POST_FADE_RECOVERY,CONTROLLED_SOFTWARE_INJECTION,CSS-LoRa SX1278 (Ra-02),50.0,782,1787960289.0997,-67.99,11.08,True,23.64,NORMAL,True
5783,POST_FADE_RECOVERY,CONTROLLED_SOFTWARE_INJECTION,CSS-LoRa SX1278 (Ra-02),50.0,783,1787960289.1497,-71.87,9.88,True,23.63,NORMAL,True
5784,POST_FADE_RECOVERY,CONTROLLED_SOFTWARE_INJECTION,CSS-LoRa SX1278 (Ra-02),50.0,784,1787960289.1997,-68.18,9.92,True,23.62,NORMAL,True
5785,POST_FADE_RECOVERY,CONTROLLED_SOFTWARE_INJECTION,CSS-LoRa SX1278 (Ra-02),50.0,785,1787960289.2497,-63.47,9.64,True,25.5,NORMAL,True
5786,POST_FADE_RECOVERY,CONTROLLED_SOFTWARE_INJECTION,CSS-LoRa SX1278 (Ra-02),50.0,786,1787960289.2997,-64.02,10.94,True,25.05,NORMAL,True
5787,POST_FADE_RECOVERY,CONTROLLED_SOFTWARE_INJECTION,CSS-LoRa SX1278 (Ra-02),50.0,787,1787960289.3497,-68.06,11.97,True,26.82,NORMAL,True
5788,POST_FADE_RECOVERY,CONTROLLED_SOFTWARE_INJECTION,CSS-LoRa SX1278 (Ra-02),50.0,788,1787960289.3997,-66.75,10.27,True,25.35,NORMAL,True
5789,POST_FADE_RECOVERY,CONTROLLED_SOFTWARE_INJECTION,CSS-LoRa SX1278 (Ra-02),50.0,789,1787960289.4497,-67.99,6.41,True,24.72,NORMAL,True
5790,POST_FADE_RECOVERY,CONTROLLED_SOFTWARE_INJECTION,CSS-LoRa SX1278 (Ra-02),50.0,790,1787960289.4997,-66.83,8.16,True,22.23,NORMAL,True
5791,POST_FADE_RECOVERY,CONTROLLED_SOFTWARE_INJECTION,CSS-LoRa SX1278 (Ra-02),50.0,791,1787960289.5497,-66.61,9.38,True,25.05,NORMAL,True
5792,POST_FADE_RECOVERY,CONTROLLED_SOFTWARE_INJECTION,CSS-LoRa SX1278 (Ra-02),50.0,792,1787960289.5997,-66.1,10.99,True,23.91,NORMAL,True
5793,POST_FADE_RECOVERY,CONTROLLED_SOFTWARE_INJECTION,CSS-LoRa SX1278 (Ra-02),50.0,793,1787960289.6497,-69.22,8.06,True,24.79,NORMAL,True
5794,POST_FADE_RECOVERY,CONTROLLED_SOFTWARE_INJECTION,CSS-LoRa SX1278 (Ra-02),50.0,794,1787960289.6997,-66.0,9.23,True,24.46,NORMAL,True
5795,POST_FADE_RECOVERY,CONTROLLED_SOFTWARE_INJECTION,CSS-LoRa SX1278 (Ra-02),50.0,795,1787960289.7497,-64.1,12.09,True,25.28,NORMAL,True
5796,POST_FADE_RECOVERY,CONTROLLED_SOFTWARE_INJECTION,CSS-LoRa SX1278 (Ra-02),50.0,796,1787960289.7997,-70.02,9.83,True,26.16,NORMAL,True
5797,POST_FADE_RECOVERY,CONTROLLED_SOFTWARE_INJECTION,CSS-LoRa SX1278 (Ra-02),50.0,797,1787960289.8497,-69.18,10.66,True,27.03,NORMAL,True
5798,POST_FADE_RECOVERY,CONTROLLED_SOFTWARE_INJECTION,CSS-LoRa SX1278 (Ra-02),50.0,798,1787960289.8997,-72.02,10.34,True,23.84,NORMAL,True
5799,POST_FADE_RECOVERY,CONTROLLED_SOFTWARE_INJECTION,CSS-LoRa SX1278 (Ra-02),50.0,799,1787960289.9497,-65.97,9.27,True,24.06,NORMAL,True
5800,POST_FADE_RECOVERY,CONTROLLED_SOFTWARE_INJECTION,CSS-LoRa SX1278 (Ra-02),50.0,800,1787960289.9997,-66.06,10.94,True,22.9,NORMAL,True
5801,POST_FADE_RECOVERY,CONTROLLED_SOFTWARE_INJECTION,CSS-LoRa SX1278 (Ra-02),50.0,801,1787960290.0497,-66.83,7.42,True,23.77,NORMAL,True
5802,POST_FADE_RECOVERY,CONTROLLED_SOFTWARE_INJECTION,CSS-LoRa SX1278 (Ra-02),50.0,802,1787960290.0997,-68.34,9.89,True,24.62,NORMAL,True
5803,POST_FADE_RECOVERY,CONTROLLED_SOFTWARE_INJECTION,CSS-LoRa SX1278 (Ra-02),50.0,803,1787960290.1497,-64.06,13.27,True,26.22,NORMAL,True
5804,POST_FADE_RECOVERY,CONTROLLED_SOFTWARE_INJECTION,CSS-LoRa SX1278 (Ra-02),50.0,804,1787960290.1997,-66.72,8.07,True,25.66,NORMAL,True
5805,POST_FADE_RECOVERY,CONTROLLED_SOFTWARE_INJECTION,CSS-LoRa SX1278 (Ra-02),50.0,805,1787960290.2497,-63.73,10.43,True,23.07,NORMAL,True
5806,POST_FADE_RECOVERY,CONTROLLED_SOFTWARE_INJECTION,CSS-LoRa SX1278 (Ra-02),50.0,806,1787960290.2997,-66.29,12.91,True,24.06,NORMAL,True
5807,POST_FADE_RECOVERY,CONTROLLED_SOFTWARE_INJECTION,CSS-LoRa SX1278 (Ra-02),50.0,807,1787960290.3497,-68.64,7.87,True,27.23,NORMAL,True
5808,POST_FADE_RECOVERY,CONTROLLED_SOFTWARE_INJECTION,CSS-LoRa SX1278 (Ra-02),50.0,808,1787960290.3997,-66.01,7.17,True,25.49,NORMAL,True
5809,POST_FADE_RECOVERY,CONTROLLED_SOFTWARE_INJECTION,CSS-LoRa SX1278 (Ra-02),50.0,809,1787960290.4497,-66.68,9.88,True,24.13,NORMAL,True
5810,POST_FADE_RECOVERY,CONTROLLED_SOFTWARE_INJECTION,CSS-LoRa SX1278 (Ra-02),50.0,810,1787960290.4997,-64.09,9.46,True,26.53,NORMAL,True
5811,POST_FADE_RECOVERY,CONTROLLED_SOFTWARE_INJECTION,CSS-LoRa SX1278 (Ra-02),50.0,811,1787960290.5497,-66.07,10.42,True,24.38,NORMAL,True
5812,POST_FADE_RECOVERY,CONTROLLED_SOFTWARE_INJECTION,CSS-LoRa SX1278 (Ra-02),50.0,812,1787960290.5997,-67.2,8.78,True,25.05,NORMAL,True
5813,POST_FADE_RECOVERY,CONTROLLED_SOFTWARE_INJECTION,CSS-LoRa SX1278 (Ra-02),50.0,813,1787960290.6497,-65.05,13.6,True,26.02,NORMAL,True
5814,POST_FADE_RECOVERY,CONTROLLED_SOFTWARE_INJECTION,CSS-LoRa SX1278 (Ra-02),50.0,814,1787960290.6997,-68.23,10.7,True,24.21,NORMAL,True
5815,POST_FADE_RECOVERY,CONTROLLED_SOFTWARE_INJECTION,CSS-LoRa SX1278 (Ra-02),50.0,815,1787960290.7497,-66.41,8.37,True,24.78,NORMAL,True
5816,POST_FADE_RECOVERY,CONTROLLED_SOFTWARE_INJECTION,CSS-LoRa SX1278 (Ra-02),50.0,816,1787960290.7997,-70.36,7.9,True,24.46,NORMAL,True
5817,POST_FADE_RECOVERY,CONTROLLED_SOFTWARE_INJECTION,CSS-LoRa SX1278 (Ra-02),50.0,817,1787960290.8497,-62.17,9.54,True,25.3,NORMAL,True
5818,POST_FADE_RECOVERY,CONTROLLED_SOFTWARE_INJECTION,CSS-LoRa SX1278 (Ra-02),50.0,818,1787960290.8997,-63.79,8.81,True,24.44,NORMAL,True
5819,POST_FADE_RECOVERY,CONTROLLED_SOFTWARE_INJECTION,CSS-LoRa SX1278 (Ra-02),50.0,819,1787960290.9497,-67.27,9.79,True,22.98,NORMAL,True
5820,POST_FADE_RECOVERY,CONTROLLED_SOFTWARE_INJECTION,CSS-LoRa SX1278 (Ra-02),50.0,820,1787960290.9997,-68.32,7.36,True,24.92,NORMAL,True
5821,POST_FADE_RECOVERY,CONTROLLED_SOFTWARE_INJECTION,CSS-LoRa SX1278 (Ra-02),50.0,821,1787960291.0497,-67.81,7.67,True,23.43,NORMAL,True
5822,POST_FADE_RECOVERY,CONTROLLED_SOFTWARE_INJECTION,CSS-LoRa SX1278 (Ra-02),50.0,822,1787960291.0997,-70.87,7.26,True,23.5,NORMAL,True
5823,POST_FADE_RECOVERY,CONTROLLED_SOFTWARE_INJECTION,CSS-LoRa SX1278 (Ra-02),50.0,823,1787960291.1497,-66.93,7.92,True,24.57,NORMAL,True
5824,POST_FADE_RECOVERY,CONTROLLED_SOFTWARE_INJECTION,CSS-LoRa SX1278 (Ra-02),50.0,824,1787960291.1997,-66.25,10.57,True,25.73,NORMAL,True
5825,POST_FADE_RECOVERY,CONTROLLED_SOFTWARE_INJECTION,CSS-LoRa SX1278 (Ra-02),50.0,825,1787960291.2497,-67.92,9.55,True,23.17,NORMAL,True
5826,POST_FADE_RECOVERY,CONTROLLED_SOFTWARE_INJECTION,CSS-LoRa SX1278 (Ra-02),50.0,826,1787960291.2997,-72.15,8.53,True,24.24,NORMAL,True
5827,POST_FADE_RECOVERY,CONTROLLED_SOFTWARE_INJECTION,CSS-LoRa SX1278 (Ra-02),50.0,827,1787960291.3497,-67.56,10.91,True,25.88,NORMAL,True
5828,POST_FADE_RECOVERY,CONTROLLED_SOFTWARE_INJECTION,CSS-LoRa SX1278 (Ra-02),50.0,828,1787960291.3997,-69.67,8.69,True,24.7,NORMAL,True
5829,POST_FADE_RECOVERY,CONTROLLED_SOFTWARE_INJECTION,CSS-LoRa SX1278 (Ra-02),50.0,829,1787960291.4497,-64.04,8.8,True,24.66,NORMAL,True
5830,POST_FADE_RECOVERY,CONTROLLED_SOFTWARE_INJECTION,CSS-LoRa SX1278 (Ra-02),50.0,830,1787960291.4997,-66.45,9.78,True,25.28,NORMAL,True
5831,POST_FADE_RECOVERY,CONTROLLED_SOFTWARE_INJECTION,CSS-LoRa SX1278 (Ra-02),50.0,831,1787960291.5497,-68.18,9.53,True,22.6,NORMAL,True
5832,POST_FADE_RECOVERY,CONTROLLED_SOFTWARE_INJECTION,CSS-LoRa SX1278 (Ra-02),50.0,832,1787960291.5997,-67.25,9.56,True,27.67,NORMAL,True
5833,POST_FADE_RECOVERY,CONTROLLED_SOFTWARE_INJECTION,CSS-LoRa SX1278 (Ra-02),50.0,833,1787960291.6497,-67.99,11.51,True,23.04,NORMAL,True
5834,POST_FADE_RECOVERY,CONTROLLED_SOFTWARE_INJECTION,CSS-LoRa SX1278 (Ra-02),50.0,834,1787960291.6997,-66.28,7.92,True,23.22,NORMAL,True
5835,POST_FADE_RECOVERY,CONTROLLED_SOFTWARE_INJECTION,CSS-LoRa SX1278 (Ra-02),50.0,835,1787960291.7497,-70.59,9.37,True,26.18,NORMAL,True
5836,POST_FADE_RECOVERY,CONTROLLED_SOFTWARE_INJECTION,CSS-LoRa SX1278 (Ra-02),50.0,836,1787960291.7997,-64.56,10.4,True,26.21,NORMAL,True
5837,POST_FADE_RECOVERY,CONTROLLED_SOFTWARE_INJECTION,CSS-LoRa SX1278 (Ra-02),50.0,837,1787960291.8497,-67.77,10.65,True,25.99,NORMAL,True
5838,POST_FADE_RECOVERY,CONTROLLED_SOFTWARE_INJECTION,CSS-LoRa SX1278 (Ra-02),50.0,838,1787960291.8997,-65.84,7.14,True,24.36,NORMAL,True
5839,POST_FADE_RECOVERY,CONTROLLED_SOFTWARE_INJECTION,CSS-LoRa SX1278 (Ra-02),50.0,839,1787960291.9497,-65.32,8.65,True,25.46,NORMAL,True
5840,POST_FADE_RECOVERY,CONTROLLED_SOFTWARE_INJECTION,CSS-LoRa SX1278 (Ra-02),50.0,840,1787960291.9997,-69.49,8.04,True,23.46,NORMAL,True
5841,POST_FADE_RECOVERY,CONTROLLED_SOFTWARE_INJECTION,CSS-LoRa SX1278 (Ra-02),50.0,841,1787960292.0497,-69.7,7.37,True,25.96,NORMAL,True
5842,POST_FADE_RECOVERY,CONTROLLED_SOFTWARE_INJECTION,CSS-LoRa SX1278 (Ra-02),50.0,842,1787960292.0997,-71.93,7.86,True,24.75,NORMAL,True
5843,POST_FADE_RECOVERY,CONTROLLED_SOFTWARE_INJECTION,CSS-LoRa SX1278 (Ra-02),50.0,843,1787960292.1497,-66.86,8.24,True,21.83,NORMAL,True
5844,POST_FADE_RECOVERY,CONTROLLED_SOFTWARE_INJECTION,CSS-LoRa SX1278 (Ra-02),50.0,844,1787960292.1997,-67.04,9.67,True,25.89,NORMAL,True
5845,POST_FADE_RECOVERY,CONTROLLED_SOFTWARE_INJECTION,CSS-LoRa SX1278 (Ra-02),50.0,845,1787960292.2497,-63.58,9.34,True,24.45,NORMAL,True
5846,POST_FADE_RECOVERY,CONTROLLED_SOFTWARE_INJECTION,CSS-LoRa SX1278 (Ra-02),50.0,846,1787960292.2997,-70.93,8.42,True,23.94,NORMAL,True
5847,POST_FADE_RECOVERY,CONTROLLED_SOFTWARE_INJECTION,CSS-LoRa SX1278 (Ra-02),50.0,847,1787960292.3497,-71.36,9.89,True,25.36,NORMAL,True
5848,POST_FADE_RECOVERY,CONTROLLED_SOFTWARE_INJECTION,CSS-LoRa SX1278 (Ra-02),50.0,848,1787960292.3997,-67.22,8.99,True,22.31,NORMAL,True
5849,POST_FADE_RECOVERY,CONTROLLED_SOFTWARE_INJECTION,CSS-LoRa SX1278 (Ra-02),50.0,849,1787960292.4497,-63.73,9.47,True,25.62,NORMAL,True
5850,POST_FADE_RECOVERY,CONTROLLED_SOFTWARE_INJECTION,CSS-LoRa SX1278 (Ra-02),50.0,850,1787960292.4997,-61.97,10.68,True,23.06,NORMAL,True
5851,POST_FADE_RECOVERY,CONTROLLED_SOFTWARE_INJECTION,CSS-LoRa SX1278 (Ra-02),50.0,851,1787960292.5497,-67.85,9.73,True,26.34,NORMAL,True
5852,POST_FADE_RECOVERY,CONTROLLED_SOFTWARE_INJECTION,CSS-LoRa SX1278 (Ra-02),50.0,852,1787960292.5997,-66.21,10.36,True,23.07,NORMAL,True
5853,POST_FADE_RECOVERY,CONTROLLED_SOFTWARE_INJECTION,CSS-LoRa SX1278 (Ra-02),50.0,853,1787960292.6497,-66.26,10.86,True,24.55,NORMAL,True
5854,POST_FADE_RECOVERY,CONTROLLED_SOFTWARE_INJECTION,CSS-LoRa SX1278 (Ra-02),50.0,854,1787960292.6997,-69.54,10.59,True,22.17,NORMAL,True
5855,POST_FADE_RECOVERY,CONTROLLED_SOFTWARE_INJECTION,CSS-LoRa SX1278 (Ra-02),50.0,855,1787960292.7497,-72.23,11.02,True,25.85,NORMAL,True
5856,POST_FADE_RECOVERY,CONTROLLED_SOFTWARE_INJECTION,CSS-LoRa SX1278 (Ra-02),50.0,856,1787960292.7997,-70.1,11.45,True,24.02,NORMAL,True
5857,POST_FADE_RECOVERY,CONTROLLED_SOFTWARE_INJECTION,CSS-LoRa SX1278 (Ra-02),50.0,857,1787960292.8497,-66.35,8.26,True,25.36,NORMAL,True
5858,POST_FADE_RECOVERY,CONTROLLED_SOFTWARE_INJECTION,CSS-LoRa SX1278 (Ra-02),50.0,858,1787960292.8997,-62.77,12.24,True,26.73,NORMAL,True
5859,POST_FADE_RECOVERY,CONTROLLED_SOFTWARE_INJECTION,CSS-LoRa SX1278 (Ra-02),50.0,859,1787960292.9497,-69.31,9.89,True,24.95,NORMAL,True
5860,POST_FADE_RECOVERY,CONTROLLED_SOFTWARE_INJECTION,CSS-LoRa SX1278 (Ra-02),50.0,860,1787960292.9997,-72.89,11.68,True,23.6,NORMAL,True
5861,POST_FADE_RECOVERY,CONTROLLED_SOFTWARE_INJECTION,CSS-LoRa SX1278 (Ra-02),50.0,861,1787960293.0497,-64.84,10.49,True,24.0,NORMAL,True
5862,POST_FADE_RECOVERY,CONTROLLED_SOFTWARE_INJECTION,CSS-LoRa SX1278 (Ra-02),50.0,862,1787960293.0997,-69.98,7.9,True,25.07,NORMAL,True
5863,POST_FADE_RECOVERY,CONTROLLED_SOFTWARE_INJECTION,CSS-LoRa SX1278 (Ra-02),50.0,863,1787960293.1497,-62.75,8.55,True,25.12,NORMAL,True
5864,POST_FADE_RECOVERY,CONTROLLED_SOFTWARE_INJECTION,CSS-LoRa SX1278 (Ra-02),50.0,864,1787960293.1997,-125.0,-22.0,False,,NORMAL,True
5865,POST_FADE_RECOVERY,CONTROLLED_SOFTWARE_INJECTION,CSS-LoRa SX1278 (Ra-02),50.0,865,1787960293.2497,-65.73,11.15,True,24.87,NORMAL,True
5866,POST_FADE_RECOVERY,CONTROLLED_SOFTWARE_INJECTION,CSS-LoRa SX1278 (Ra-02),50.0,866,1787960293.2997,-64.09,13.0,True,25.68,NORMAL,True
5867,POST_FADE_RECOVERY,CONTROLLED_SOFTWARE_INJECTION,CSS-LoRa SX1278 (Ra-02),50.0,867,1787960293.3497,-66.57,9.88,True,24.45,NORMAL,True
5868,POST_FADE_RECOVERY,CONTROLLED_SOFTWARE_INJECTION,CSS-LoRa SX1278 (Ra-02),50.0,868,1787960293.3997,-63.42,7.54,True,25.57,NORMAL,True
5869,POST_FADE_RECOVERY,CONTROLLED_SOFTWARE_INJECTION,CSS-LoRa SX1278 (Ra-02),50.0,869,1787960293.4497,-64.08,8.53,True,23.81,NORMAL,True
5870,POST_FADE_RECOVERY,CONTROLLED_SOFTWARE_INJECTION,CSS-LoRa SX1278 (Ra-02),50.0,870,1787960293.4997,-63.27,10.21,True,24.98,NORMAL,True
5871,POST_FADE_RECOVERY,CONTROLLED_SOFTWARE_INJECTION,CSS-LoRa SX1278 (Ra-02),50.0,871,1787960293.5497,-69.24,11.69,True,27.2,NORMAL,True
5872,POST_FADE_RECOVERY,CONTROLLED_SOFTWARE_INJECTION,CSS-LoRa SX1278 (Ra-02),50.0,872,1787960293.5997,-68.89,6.49,True,28.16,NORMAL,True
5873,POST_FADE_RECOVERY,CONTROLLED_SOFTWARE_INJECTION,CSS-LoRa SX1278 (Ra-02),50.0,873,1787960293.6497,-67.72,9.04,True,23.44,NORMAL,True
5874,POST_FADE_RECOVERY,CONTROLLED_SOFTWARE_INJECTION,CSS-LoRa SX1278 (Ra-02),50.0,874,1787960293.6997,-66.41,10.51,True,21.19,NORMAL,True
5875,POST_FADE_RECOVERY,CONTROLLED_SOFTWARE_INJECTION,CSS-LoRa SX1278 (Ra-02),50.0,875,1787960293.7497,-68.05,7.4,True,24.52,NORMAL,True
5876,POST_FADE_RECOVERY,CONTROLLED_SOFTWARE_INJECTION,CSS-LoRa SX1278 (Ra-02),50.0,876,1787960293.7997,-64.11,10.04,True,27.3,NORMAL,True
5877,POST_FADE_RECOVERY,CONTROLLED_SOFTWARE_INJECTION,CSS-LoRa SX1278 (Ra-02),50.0,877,1787960293.8497,-66.38,7.39,True,26.18,NORMAL,True
5878,POST_FADE_RECOVERY,CONTROLLED_SOFTWARE_INJECTION,CSS-LoRa SX1278 (Ra-02),50.0,878,1787960293.8997,-66.39,12.1,True,24.83,NORMAL,True
5879,POST_FADE_RECOVERY,CONTROLLED_SOFTWARE_INJECTION,CSS-LoRa SX1278 (Ra-02),50.0,879,1787960293.9497,-65.56,7.48,True,24.35,NORMAL,True
5880,POST_FADE_RECOVERY,CONTROLLED_SOFTWARE_INJECTION,CSS-LoRa SX1278 (Ra-02),50.0,880,1787960293.9997,-68.45,10.68,True,23.82,NORMAL,True
5881,POST_FADE_RECOVERY,CONTROLLED_SOFTWARE_INJECTION,CSS-LoRa SX1278 (Ra-02),50.0,881,1787960294.0497,-64.04,7.85,True,25.66,NORMAL,True
5882,POST_FADE_RECOVERY,CONTROLLED_SOFTWARE_INJECTION,CSS-LoRa SX1278 (Ra-02),50.0,882,1787960294.0997,-70.71,10.19,True,27.07,NORMAL,True
5883,POST_FADE_RECOVERY,CONTROLLED_SOFTWARE_INJECTION,CSS-LoRa SX1278 (Ra-02),50.0,883,1787960294.1497,-66.13,6.89,True,26.08,NORMAL,True
5884,POST_FADE_RECOVERY,CONTROLLED_SOFTWARE_INJECTION,CSS-LoRa SX1278 (Ra-02),50.0,884,1787960294.1997,-69.2,9.47,True,24.38,NORMAL,True
5885,POST_FADE_RECOVERY,CONTROLLED_SOFTWARE_INJECTION,CSS-LoRa SX1278 (Ra-02),50.0,885,1787960294.2497,-69.28,10.04,True,24.55,NORMAL,True
5886,POST_FADE_RECOVERY,CONTROLLED_SOFTWARE_INJECTION,CSS-LoRa SX1278 (Ra-02),50.0,886,1787960294.2997,-69.36,10.17,True,25.08,NORMAL,True
5887,POST_FADE_RECOVERY,CONTROLLED_SOFTWARE_INJECTION,CSS-LoRa SX1278 (Ra-02),50.0,887,1787960294.3497,-63.55,8.83,True,26.88,NORMAL,True
5888,POST_FADE_RECOVERY,CONTROLLED_SOFTWARE_INJECTION,CSS-LoRa SX1278 (Ra-02),50.0,888,1787960294.3997,-71.06,11.12,True,24.73,NORMAL,True
5889,POST_FADE_RECOVERY,CONTROLLED_SOFTWARE_INJECTION,CSS-LoRa SX1278 (Ra-02),50.0,889,1787960294.4497,-67.94,8.28,True,24.95,NORMAL,True
5890,POST_FADE_RECOVERY,CONTROLLED_SOFTWARE_INJECTION,CSS-LoRa SX1278 (Ra-02),50.0,890,1787960294.4997,-68.84,9.11,True,24.57,NORMAL,True
5891,POST_FADE_RECOVERY,CONTROLLED_SOFTWARE_INJECTION,CSS-LoRa SX1278 (Ra-02),50.0,891,1787960294.5497,-72.25,9.66,True,24.0,NORMAL,True
5892,POST_FADE_RECOVERY,CONTROLLED_SOFTWARE_INJECTION,CSS-LoRa SX1278 (Ra-02),50.0,892,1787960294.5997,-66.37,8.19,True,24.74,NORMAL,True
5893,POST_FADE_RECOVERY,CONTROLLED_SOFTWARE_INJECTION,CSS-LoRa SX1278 (Ra-02),50.0,893,1787960294.6497,-66.24,13.31,True,27.44,NORMAL,True
5894,POST_FADE_RECOVERY,CONTROLLED_SOFTWARE_INJECTION,CSS-LoRa SX1278 (Ra-02),50.0,894,1787960294.6997,-68.9,9.52,True,24.49,NORMAL,True
5895,POST_FADE_RECOVERY,CONTROLLED_SOFTWARE_INJECTION,CSS-LoRa SX1278 (Ra-02),50.0,895,1787960294.7497,-63.92,11.05,True,24.38,NORMAL,True
5896,POST_FADE_RECOVERY,CONTROLLED_SOFTWARE_INJECTION,CSS-LoRa SX1278 (Ra-02),50.0,896,1787960294.7997,-72.25,6.78,True,25.33,NORMAL,True
5897,POST_FADE_RECOVERY,CONTROLLED_SOFTWARE_INJECTION,CSS-LoRa SX1278 (Ra-02),50.0,897,1787960294.8497,-72.04,6.86,True,24.2,NORMAL,True
5898,POST_FADE_RECOVERY,CONTROLLED_SOFTWARE_INJECTION,CSS-LoRa SX1278 (Ra-02),50.0,898,1787960294.8997,-66.77,6.54,True,28.5,NORMAL,True
5899,POST_FADE_RECOVERY,CONTROLLED_SOFTWARE_INJECTION,CSS-LoRa SX1278 (Ra-02),50.0,899,1787960294.9497,-63.97,8.27,True,24.46,NORMAL,True
5900,POST_FADE_RECOVERY,CONTROLLED_SOFTWARE_INJECTION,CSS-LoRa SX1278 (Ra-02),50.0,900,1787960294.9997,-62.58,9.98,True,26.18,NORMAL,True
5901,POST_FADE_RECOVERY,CONTROLLED_SOFTWARE_INJECTION,CSS-LoRa SX1278 (Ra-02),50.0,901,1787960295.0497,-68.74,9.49,True,24.57,NORMAL,True
5902,POST_FADE_RECOVERY,CONTROLLED_SOFTWARE_INJECTION,CSS-LoRa SX1278 (Ra-02),50.0,902,1787960295.0997,-70.69,11.45,True,24.97,NORMAL,True
5903,POST_FADE_RECOVERY,CONTROLLED_SOFTWARE_INJECTION,CSS-LoRa SX1278 (Ra-02),50.0,903,1787960295.1497,-65.83,9.52,True,24.51,NORMAL,True
5904,POST_FADE_RECOVERY,CONTROLLED_SOFTWARE_INJECTION,CSS-LoRa SX1278 (Ra-02),50.0,904,1787960295.1997,-65.65,10.93,True,24.65,NORMAL,True
5905,POST_FADE_RECOVERY,CONTROLLED_SOFTWARE_INJECTION,CSS-LoRa SX1278 (Ra-02),50.0,905,1787960295.2497,-68.23,9.29,True,25.38,NORMAL,True
5906,POST_FADE_RECOVERY,CONTROLLED_SOFTWARE_INJECTION,CSS-LoRa SX1278 (Ra-02),50.0,906,1787960295.2997,-62.25,9.91,True,23.14,NORMAL,True
5907,POST_FADE_RECOVERY,CONTROLLED_SOFTWARE_INJECTION,CSS-LoRa SX1278 (Ra-02),50.0,907,1787960295.3497,-66.5,9.66,True,20.53,NORMAL,True
5908,POST_FADE_RECOVERY,CONTROLLED_SOFTWARE_INJECTION,CSS-LoRa SX1278 (Ra-02),50.0,908,1787960295.3997,-65.82,11.04,True,24.67,NORMAL,True
5909,POST_FADE_RECOVERY,CONTROLLED_SOFTWARE_INJECTION,CSS-LoRa SX1278 (Ra-02),50.0,909,1787960295.4497,-65.25,8.82,True,29.45,NORMAL,True
5910,POST_FADE_RECOVERY,CONTROLLED_SOFTWARE_INJECTION,CSS-LoRa SX1278 (Ra-02),50.0,910,1787960295.4997,-65.21,9.24,True,22.25,NORMAL,True
5911,POST_FADE_RECOVERY,CONTROLLED_SOFTWARE_INJECTION,CSS-LoRa SX1278 (Ra-02),50.0,911,1787960295.5497,-68.13,9.59,True,25.98,NORMAL,True
5912,POST_FADE_RECOVERY,CONTROLLED_SOFTWARE_INJECTION,CSS-LoRa SX1278 (Ra-02),50.0,912,1787960295.5997,-68.81,9.03,True,29.07,NORMAL,True
5913,POST_FADE_RECOVERY,CONTROLLED_SOFTWARE_INJECTION,CSS-LoRa SX1278 (Ra-02),50.0,913,1787960295.6497,-66.06,8.67,True,26.47,NORMAL,True
5914,POST_FADE_RECOVERY,CONTROLLED_SOFTWARE_INJECTION,CSS-LoRa SX1278 (Ra-02),50.0,914,1787960295.6997,-67.23,6.2,True,24.51,NORMAL,True
5915,POST_FADE_RECOVERY,CONTROLLED_SOFTWARE_INJECTION,CSS-LoRa SX1278 (Ra-02),50.0,915,1787960295.7497,-125.0,-22.0,False,,NORMAL,True
5916,POST_FADE_RECOVERY,CONTROLLED_SOFTWARE_INJECTION,CSS-LoRa SX1278 (Ra-02),50.0,916,1787960295.7997,-65.55,12.07,True,23.22,NORMAL,True
5917,POST_FADE_RECOVERY,CONTROLLED_SOFTWARE_INJECTION,CSS-LoRa SX1278 (Ra-02),50.0,917,1787960295.8497,-63.48,7.87,True,26.49,NORMAL,True
5918,POST_FADE_RECOVERY,CONTROLLED_SOFTWARE_INJECTION,CSS-LoRa SX1278 (Ra-02),50.0,918,1787960295.8997,-66.58,9.95,True,23.88,NORMAL,True
5919,POST_FADE_RECOVERY,CONTROLLED_SOFTWARE_INJECTION,CSS-LoRa SX1278 (Ra-02),50.0,919,1787960295.9497,-67.4,8.77,True,26.06,NORMAL,True
5920,POST_FADE_RECOVERY,CONTROLLED_SOFTWARE_INJECTION,CSS-LoRa SX1278 (Ra-02),50.0,920,1787960295.9997,-71.43,8.73,True,27.15,NORMAL,True
5921,POST_FADE_RECOVERY,CONTROLLED_SOFTWARE_INJECTION,CSS-LoRa SX1278 (Ra-02),50.0,921,1787960296.0497,-66.78,10.87,True,25.45,NORMAL,True
5922,POST_FADE_RECOVERY,CONTROLLED_SOFTWARE_INJECTION,CSS-LoRa SX1278 (Ra-02),50.0,922,1787960296.0997,-69.82,8.29,True,23.41,NORMAL,True
5923,POST_FADE_RECOVERY,CONTROLLED_SOFTWARE_INJECTION,CSS-LoRa SX1278 (Ra-02),50.0,923,1787960296.1497,-68.57,10.27,True,22.64,NORMAL,True
5924,POST_FADE_RECOVERY,CONTROLLED_SOFTWARE_INJECTION,CSS-LoRa SX1278 (Ra-02),50.0,924,1787960296.1997,-67.2,7.41,True,22.35,NORMAL,True
5925,POST_FADE_RECOVERY,CONTROLLED_SOFTWARE_INJECTION,CSS-LoRa SX1278 (Ra-02),50.0,925,1787960296.2497,-68.84,8.36,True,27.42,NORMAL,True
5926,POST_FADE_RECOVERY,CONTROLLED_SOFTWARE_INJECTION,CSS-LoRa SX1278 (Ra-02),50.0,926,1787960296.2997,-69.45,9.79,True,25.07,NORMAL,True
5927,POST_FADE_RECOVERY,CONTROLLED_SOFTWARE_INJECTION,CSS-LoRa SX1278 (Ra-02),50.0,927,1787960296.3497,-66.66,8.73,True,25.82,NORMAL,True
5928,POST_FADE_RECOVERY,CONTROLLED_SOFTWARE_INJECTION,CSS-LoRa SX1278 (Ra-02),50.0,928,1787960296.3997,-65.08,10.35,True,24.64,NORMAL,True
5929,POST_FADE_RECOVERY,CONTROLLED_SOFTWARE_INJECTION,CSS-LoRa SX1278 (Ra-02),50.0,929,1787960296.4497,-66.63,8.21,True,26.5,NORMAL,True
5930,POST_FADE_RECOVERY,CONTROLLED_SOFTWARE_INJECTION,CSS-LoRa SX1278 (Ra-02),50.0,930,1787960296.4997,-69.7,9.72,True,26.17,NORMAL,True
5931,POST_FADE_RECOVERY,CONTROLLED_SOFTWARE_INJECTION,CSS-LoRa SX1278 (Ra-02),50.0,931,1787960296.5497,-73.36,8.75,True,27.41,NORMAL,True
5932,POST_FADE_RECOVERY,CONTROLLED_SOFTWARE_INJECTION,CSS-LoRa SX1278 (Ra-02),50.0,932,1787960296.5997,-67.21,8.54,True,23.41,NORMAL,True
5933,POST_FADE_RECOVERY,CONTROLLED_SOFTWARE_INJECTION,CSS-LoRa SX1278 (Ra-02),50.0,933,1787960296.6497,-70.21,11.54,True,25.65,NORMAL,True
5934,POST_FADE_RECOVERY,CONTROLLED_SOFTWARE_INJECTION,CSS-LoRa SX1278 (Ra-02),50.0,934,1787960296.6997,-67.91,9.07,True,25.21,NORMAL,True
5935,POST_FADE_RECOVERY,CONTROLLED_SOFTWARE_INJECTION,CSS-LoRa SX1278 (Ra-02),50.0,935,1787960296.7497,-67.83,10.46,True,25.55,NORMAL,True
5936,POST_FADE_RECOVERY,CONTROLLED_SOFTWARE_INJECTION,CSS-LoRa SX1278 (Ra-02),50.0,936,1787960296.7997,-64.03,13.21,True,25.22,NORMAL,True
5937,POST_FADE_RECOVERY,CONTROLLED_SOFTWARE_INJECTION,CSS-LoRa SX1278 (Ra-02),50.0,937,1787960296.8497,-64.8,10.88,True,24.95,NORMAL,True
5938,POST_FADE_RECOVERY,CONTROLLED_SOFTWARE_INJECTION,CSS-LoRa SX1278 (Ra-02),50.0,938,1787960296.8997,-68.38,10.01,True,26.44,NORMAL,True
5939,POST_FADE_RECOVERY,CONTROLLED_SOFTWARE_INJECTION,CSS-LoRa SX1278 (Ra-02),50.0,939,1787960296.9497,-64.03,9.06,True,27.26,NORMAL,True
5940,POST_FADE_RECOVERY,CONTROLLED_SOFTWARE_INJECTION,CSS-LoRa SX1278 (Ra-02),50.0,940,1787960296.9997,-67.3,11.61,True,23.99,NORMAL,True
5941,POST_FADE_RECOVERY,CONTROLLED_SOFTWARE_INJECTION,CSS-LoRa SX1278 (Ra-02),50.0,941,1787960297.0497,-65.47,10.44,True,25.78,NORMAL,True
5942,POST_FADE_RECOVERY,CONTROLLED_SOFTWARE_INJECTION,CSS-LoRa SX1278 (Ra-02),50.0,942,1787960297.0997,-67.63,9.61,True,25.39,NORMAL,True
5943,POST_FADE_RECOVERY,CONTROLLED_SOFTWARE_INJECTION,CSS-LoRa SX1278 (Ra-02),50.0,943,1787960297.1497,-69.1,9.28,True,22.27,NORMAL,True
5944,POST_FADE_RECOVERY,CONTROLLED_SOFTWARE_INJECTION,CSS-LoRa SX1278 (Ra-02),50.0,944,1787960297.1997,-66.45,10.46,True,24.0,NORMAL,True
5945,POST_FADE_RECOVERY,CONTROLLED_SOFTWARE_INJECTION,CSS-LoRa SX1278 (Ra-02),50.0,945,1787960297.2497,-67.24,10.4,True,23.08,NORMAL,True
5946,POST_FADE_RECOVERY,CONTROLLED_SOFTWARE_INJECTION,CSS-LoRa SX1278 (Ra-02),50.0,946,1787960297.2997,-69.75,9.42,True,24.21,NORMAL,True
5947,POST_FADE_RECOVERY,CONTROLLED_SOFTWARE_INJECTION,CSS-LoRa SX1278 (Ra-02),50.0,947,1787960297.3497,-70.2,7.71,True,25.14,NORMAL,True
5948,POST_FADE_RECOVERY,CONTROLLED_SOFTWARE_INJECTION,CSS-LoRa SX1278 (Ra-02),50.0,948,1787960297.3997,-63.5,8.0,True,27.4,NORMAL,True
5949,POST_FADE_RECOVERY,CONTROLLED_SOFTWARE_INJECTION,CSS-LoRa SX1278 (Ra-02),50.0,949,1787960297.4497,-69.14,7.3,True,23.65,NORMAL,True
5950,POST_FADE_RECOVERY,CONTROLLED_SOFTWARE_INJECTION,CSS-LoRa SX1278 (Ra-02),50.0,950,1787960297.4997,-125.0,-22.0,False,,NORMAL,True
5951,POST_FADE_RECOVERY,CONTROLLED_SOFTWARE_INJECTION,CSS-LoRa SX1278 (Ra-02),50.0,951,1787960297.5497,-70.54,9.06,True,21.96,NORMAL,True
5952,POST_FADE_RECOVERY,CONTROLLED_SOFTWARE_INJECTION,CSS-LoRa SX1278 (Ra-02),50.0,952,1787960297.5997,-67.97,8.67,True,24.11,NORMAL,True
5953,POST_FADE_RECOVERY,CONTROLLED_SOFTWARE_INJECTION,CSS-LoRa SX1278 (Ra-02),50.0,953,1787960297.6497,-63.16,7.97,True,22.48,NORMAL,True
5954,POST_FADE_RECOVERY,CONTROLLED_SOFTWARE_INJECTION,CSS-LoRa SX1278 (Ra-02),50.0,954,1787960297.6997,-72.26,8.14,True,26.07,NORMAL,True
5955,POST_FADE_RECOVERY,CONTROLLED_SOFTWARE_INJECTION,CSS-LoRa SX1278 (Ra-02),50.0,955,1787960297.7497,-70.56,9.79,True,26.88,NORMAL,True
5956,POST_FADE_RECOVERY,CONTROLLED_SOFTWARE_INJECTION,CSS-LoRa SX1278 (Ra-02),50.0,956,1787960297.7997,-68.17,12.55,True,21.79,NORMAL,True
5957,POST_FADE_RECOVERY,CONTROLLED_SOFTWARE_INJECTION,CSS-LoRa SX1278 (Ra-02),50.0,957,1787960297.8497,-66.29,8.01,True,27.09,NORMAL,True
5958,POST_FADE_RECOVERY,CONTROLLED_SOFTWARE_INJECTION,CSS-LoRa SX1278 (Ra-02),50.0,958,1787960297.8997,-71.05,8.62,True,25.35,NORMAL,True
5959,POST_FADE_RECOVERY,CONTROLLED_SOFTWARE_INJECTION,CSS-LoRa SX1278 (Ra-02),50.0,959,1787960297.9497,-66.3,10.71,True,26.57,NORMAL,True
5960,POST_FADE_RECOVERY,CONTROLLED_SOFTWARE_INJECTION,CSS-LoRa SX1278 (Ra-02),50.0,960,1787960297.9997,-69.01,8.05,True,25.41,NORMAL,True
5961,POST_FADE_RECOVERY,CONTROLLED_SOFTWARE_INJECTION,CSS-LoRa SX1278 (Ra-02),50.0,961,1787960298.0497,-70.05,6.8,True,25.44,NORMAL,True
5962,POST_FADE_RECOVERY,CONTROLLED_SOFTWARE_INJECTION,CSS-LoRa SX1278 (Ra-02),50.0,962,1787960298.0997,-67.09,9.15,True,24.27,NORMAL,True
5963,POST_FADE_RECOVERY,CONTROLLED_SOFTWARE_INJECTION,CSS-LoRa SX1278 (Ra-02),50.0,963,1787960298.1497,-69.07,10.17,True,27.74,NORMAL,True
5964,POST_FADE_RECOVERY,CONTROLLED_SOFTWARE_INJECTION,CSS-LoRa SX1278 (Ra-02),50.0,964,1787960298.1997,-67.23,8.66,True,24.34,NORMAL,True
5965,POST_FADE_RECOVERY,CONTROLLED_SOFTWARE_INJECTION,CSS-LoRa SX1278 (Ra-02),50.0,965,1787960298.2497,-64.3,8.8,True,26.97,NORMAL,True
5966,POST_FADE_RECOVERY,CONTROLLED_SOFTWARE_INJECTION,CSS-LoRa SX1278 (Ra-02),50.0,966,1787960298.2997,-61.04,10.94,True,21.91,NORMAL,True
5967,POST_FADE_RECOVERY,CONTROLLED_SOFTWARE_INJECTION,CSS-LoRa SX1278 (Ra-02),50.0,967,1787960298.3497,-67.27,8.2,True,24.0,NORMAL,True
5968,POST_FADE_RECOVERY,CONTROLLED_SOFTWARE_INJECTION,CSS-LoRa SX1278 (Ra-02),50.0,968,1787960298.3997,-66.03,10.06,True,23.92,NORMAL,True
5969,POST_FADE_RECOVERY,CONTROLLED_SOFTWARE_INJECTION,CSS-LoRa SX1278 (Ra-02),50.0,969,1787960298.4497,-65.66,9.65,True,25.1,NORMAL,True
5970,POST_FADE_RECOVERY,CONTROLLED_SOFTWARE_INJECTION,CSS-LoRa SX1278 (Ra-02),50.0,970,1787960298.4997,-67.38,10.49,True,24.41,NORMAL,True
5971,POST_FADE_RECOVERY,CONTROLLED_SOFTWARE_INJECTION,CSS-LoRa SX1278 (Ra-02),50.0,971,1787960298.5497,-71.88,10.61,True,26.3,NORMAL,True
5972,POST_FADE_RECOVERY,CONTROLLED_SOFTWARE_INJECTION,CSS-LoRa SX1278 (Ra-02),50.0,972,1787960298.5997,-66.72,11.39,True,25.53,NORMAL,True
5973,POST_FADE_RECOVERY,CONTROLLED_SOFTWARE_INJECTION,CSS-LoRa SX1278 (Ra-02),50.0,973,1787960298.6497,-67.35,9.55,True,24.69,NORMAL,True
5974,POST_FADE_RECOVERY,CONTROLLED_SOFTWARE_INJECTION,CSS-LoRa SX1278 (Ra-02),50.0,974,1787960298.6997,-68.25,11.48,True,23.76,NORMAL,True
5975,POST_FADE_RECOVERY,CONTROLLED_SOFTWARE_INJECTION,CSS-LoRa SX1278 (Ra-02),50.0,975,1787960298.7497,-64.73,9.04,True,26.53,NORMAL,True
5976,POST_FADE_RECOVERY,CONTROLLED_SOFTWARE_INJECTION,CSS-LoRa SX1278 (Ra-02),50.0,976,1787960298.7997,-72.95,9.01,True,24.45,NORMAL,True
5977,POST_FADE_RECOVERY,CONTROLLED_SOFTWARE_INJECTION,CSS-LoRa SX1278 (Ra-02),50.0,977,1787960298.8497,-69.1,7.83,True,26.52,NORMAL,True
5978,POST_FADE_RECOVERY,CONTROLLED_SOFTWARE_INJECTION,CSS-LoRa SX1278 (Ra-02),50.0,978,1787960298.8997,-71.27,8.68,True,23.19,NORMAL,True
5979,POST_FADE_RECOVERY,CONTROLLED_SOFTWARE_INJECTION,CSS-LoRa SX1278 (Ra-02),50.0,979,1787960298.9497,-69.68,8.19,True,24.61,NORMAL,True
5980,POST_FADE_RECOVERY,CONTROLLED_SOFTWARE_INJECTION,CSS-LoRa SX1278 (Ra-02),50.0,980,1787960298.9997,-65.78,11.0,True,27.55,NORMAL,True
5981,POST_FADE_RECOVERY,CONTROLLED_SOFTWARE_INJECTION,CSS-LoRa SX1278 (Ra-02),50.0,981,1787960299.0497,-68.96,7.29,True,22.65,NORMAL,True
5982,POST_FADE_RECOVERY,CONTROLLED_SOFTWARE_INJECTION,CSS-LoRa SX1278 (Ra-02),50.0,982,1787960299.0997,-67.91,12.17,True,26.82,NORMAL,True
5983,POST_FADE_RECOVERY,CONTROLLED_SOFTWARE_INJECTION,CSS-LoRa SX1278 (Ra-02),50.0,983,1787960299.1497,-72.19,8.38,True,24.02,NORMAL,True
5984,POST_FADE_RECOVERY,CONTROLLED_SOFTWARE_INJECTION,CSS-LoRa SX1278 (Ra-02),50.0,984,1787960299.1997,-68.42,8.58,True,24.38,NORMAL,True
5985,POST_FADE_RECOVERY,CONTROLLED_SOFTWARE_INJECTION,CSS-LoRa SX1278 (Ra-02),50.0,985,1787960299.2497,-70.6,13.46,True,24.1,NORMAL,True
5986,POST_FADE_RECOVERY,CONTROLLED_SOFTWARE_INJECTION,CSS-LoRa SX1278 (Ra-02),50.0,986,1787960299.2997,-67.38,10.97,True,24.72,NORMAL,True
5987,POST_FADE_RECOVERY,CONTROLLED_SOFTWARE_INJECTION,CSS-LoRa SX1278 (Ra-02),50.0,987,1787960299.3497,-70.46,4.08,True,22.76,NORMAL,True
5988,POST_FADE_RECOVERY,CONTROLLED_SOFTWARE_INJECTION,CSS-LoRa SX1278 (Ra-02),50.0,988,1787960299.3997,-66.49,10.28,True,25.98,NORMAL,True
5989,POST_FADE_RECOVERY,CONTROLLED_SOFTWARE_INJECTION,CSS-LoRa SX1278 (Ra-02),50.0,989,1787960299.4497,-66.7,10.74,True,24.66,NORMAL,True
5990,POST_FADE_RECOVERY,CONTROLLED_SOFTWARE_INJECTION,CSS-LoRa SX1278 (Ra-02),50.0,990,1787960299.4997,-66.41,11.13,True,25.47,NORMAL,True
5991,POST_FADE_RECOVERY,CONTROLLED_SOFTWARE_INJECTION,CSS-LoRa SX1278 (Ra-02),50.0,991,1787960299.5497,-65.09,6.41,True,25.85,NORMAL,True
5992,POST_FADE_RECOVERY,CONTROLLED_SOFTWARE_INJECTION,CSS-LoRa SX1278 (Ra-02),50.0,992,1787960299.5997,-70.12,7.08,True,27.92,NORMAL,True
5993,POST_FADE_RECOVERY,CONTROLLED_SOFTWARE_INJECTION,CSS-LoRa SX1278 (Ra-02),50.0,993,1787960299.6497,-64.02,7.6,True,22.83,NORMAL,True
5994,POST_FADE_RECOVERY,CONTROLLED_SOFTWARE_INJECTION,CSS-LoRa SX1278 (Ra-02),50.0,994,1787960299.6997,-65.24,9.36,True,27.73,NORMAL,True
5995,POST_FADE_RECOVERY,CONTROLLED_SOFTWARE_INJECTION,CSS-LoRa SX1278 (Ra-02),50.0,995,1787960299.7497,-70.11,10.61,True,26.37,NORMAL,True
5996,POST_FADE_RECOVERY,CONTROLLED_SOFTWARE_INJECTION,CSS-LoRa SX1278 (Ra-02),50.0,996,1787960299.7997,-70.52,10.54,True,26.05,NORMAL,True
5997,POST_FADE_RECOVERY,CONTROLLED_SOFTWARE_INJECTION,CSS-LoRa SX1278 (Ra-02),50.0,997,1787960299.8497,-66.5,9.19,True,25.42,NORMAL,True
5998,POST_FADE_RECOVERY,CONTROLLED_SOFTWARE_INJECTION,CSS-LoRa SX1278 (Ra-02),50.0,998,1787960299.8997,-69.19,4.95,True,27.29,NORMAL,True
5999,POST_FADE_RECOVERY,CONTROLLED_SOFTWARE_INJECTION,CSS-LoRa SX1278 (Ra-02),50.0,999,1787960299.9497,-63.95,8.65,True,23.76,NORMAL,True
6000,POST_FADE_RECOVERY,CONTROLLED_SOFTWARE_INJECTION,CSS-LoRa SX1278 (Ra-02),50.0,1000,1787960299.9997,-65.68,10.01,True,27.7,NORMAL,True
