sample_id,mass_kg,grade_pct,friction_mu,visibility_m,tau_local_s,a_dec_mps2,s_base_m,v_safe_mps,v_safe_kmh,stopping_distance_m,clearance_margin_m,safety_invariant_preserved
1,159059.9,1.96,0.2535,73.16,0.3357,2.9233,3.85,5.556,20.0,7.1449,66.0165,True
6,128492.3,5.21,0.391,38.99,0.3166,4.5844,3.84,5.556,20.0,5.126,33.8663,True
11,142415.9,-5.7,0.2583,26.77,0.3182,2.2157,4.55,5.556,20.0,8.7341,18.0378,True
16,134061.6,-1.57,0.3688,90.97,0.3061,3.7079,5.85,5.556,20.0,5.8631,85.1081,True
21,132786.5,1.66,0.3344,28.68,0.3107,3.6861,3.86,5.556,20.0,5.9136,22.7619,True
26,140766.6,1.0,0.2993,71.24,0.3333,3.2774,3.1,5.556,20.0,6.5614,64.679,True
31,76456.7,-5.43,0.3098,19.67,0.3383,2.7468,3.24,5.556,20.0,7.4986,12.176,True
36,122152.3,-4.88,0.3344,34.94,0.2951,3.0426,5.63,5.556,20.0,6.7125,28.2257,True
41,148879.0,0.74,0.2572,5.14,0.2861,2.8397,3.51,2.3394,8.42,1.6328,3.5068,True
46,97672.8,-0.3,0.3873,15.16,0.3016,4.0136,4.96,5.556,20.0,5.5211,9.6397,True
51,122627.7,3.45,0.3547,41.79,0.3337,4.0596,4.84,5.556,20.0,5.6562,36.1357,True
56,87741.8,-5.13,0.3237,58.44,0.2893,2.9128,5.33,5.556,20.0,6.9063,51.5327,True
61,109122.2,-6.77,0.2606,56.35,0.3034,2.132,3.14,5.556,20.0,8.9255,47.4233,True
66,136915.0,7.06,0.3444,67.86,0.2889,4.3045,3.19,5.556,20.0,5.1909,62.667,True
71,155290.6,1.38,0.3179,35.2,0.3215,3.497,5.78,5.556,20.0,6.1997,29.0044,True
76,94645.8,-6.14,0.2528,89.89,0.3475,2.1177,5.5,5.556,20.0,9.2194,80.6658,True
81,160501.5,-0.93,0.3845,71.69,0.3336,3.5808,3.47,5.556,20.0,6.164,65.5256,True
86,119626.3,-3.89,0.3456,40.94,0.3192,3.2498,3.39,5.556,20.0,6.523,34.4138,True
91,144339.3,-4.18,0.3224,90.19,0.3452,2.9943,4.95,5.556,20.0,7.0724,83.1177,True
96,157331.4,4.01,0.256,50.48,0.3285,3.1461,4.32,5.556,20.0,6.7308,43.749,True
101,91915.2,5.64,0.3179,33.48,0.3298,3.9096,4.59,5.556,20.0,5.78,27.6967,True
106,121198.1,4.56,0.304,39.39,0.3048,3.67,4.32,5.556,20.0,5.8992,33.4958,True
111,139067.1,-7.19,0.3088,18.57,0.3351,2.5612,3.24,5.556,20.0,7.8881,10.6802,True
116,161809.0,-1.37,0.3007,63.76,0.3376,3.0589,3.78,5.556,20.0,6.9215,56.8429,True
121,158773.9,1.68,0.3323,41.35,0.3112,3.6688,5.5,5.556,20.0,5.936,35.4178,True
126,160151.5,-7.59,0.3801,50.83,0.3385,2.9367,3.35,5.556,20.0,7.1365,43.6888,True
131,116516.7,7.33,0.2651,82.05,0.2972,3.5538,5.06,5.556,20.0,5.9943,76.0572,True
136,111913.1,5.37,0.3474,61.86,0.3118,4.1721,3.57,5.556,20.0,5.4319,56.4255,True
141,102619.9,-6.4,0.3674,92.5,0.3187,3.2139,5.82,5.556,20.0,6.5734,85.9276,True
146,153411.9,-3.17,0.2544,81.34,0.3015,2.4279,5.06,5.556,20.0,8.0322,73.307,True
151,154761.1,-7.25,0.3211,74.19,0.2721,2.6759,3.53,5.556,20.0,7.2797,66.9098,True
156,159249.0,-7.47,0.3582,37.64,0.3062,2.9674,5.56,5.556,20.0,6.9024,30.7356,True
161,117965.4,-0.73,0.337,29.28,0.298,3.4785,5.11,5.556,20.0,6.0927,23.1834,True
166,135465.0,-4.93,0.3229,66.55,0.2929,2.9242,3.98,5.556,20.0,6.9056,59.6398,True
171,155720.9,-5.52,0.3031,44.26,0.2755,2.6722,5.52,5.556,20.0,7.3066,36.9568,True
176,106534.3,-3.67,0.3947,94.94,0.3018,3.7537,5.64,5.556,20.0,5.7886,89.1497,True
181,75513.5,-0.27,0.3042,91.19,0.3136,3.2022,5.21,5.556,20.0,6.5625,84.6283,True
186,143409.3,1.71,0.353,36.78,0.3217,3.8732,3.72,5.556,20.0,5.7726,31.0077,True
191,144896.4,7.4,0.2973,73.21,0.3072,3.8758,3.6,5.556,20.0,5.6889,67.5185,True
196,94465.8,6.41,0.3345,52.3,0.3104,4.1453,3.91,5.556,20.0,5.4481,46.8551,True
201,151495.3,1.04,0.3623,98.54,0.3174,3.8999,3.74,5.556,20.0,5.721,92.8167,True
206,77710.6,6.45,0.3031,93.21,0.2717,3.8421,5.41,5.556,20.0,5.527,87.6801,True
211,150920.6,-5.91,0.3614,51.12,0.2995,3.2044,4.06,5.556,20.0,6.4805,44.639,True
216,131062.8,-5.61,0.2885,50.28,0.3078,2.5205,4.66,5.556,20.0,7.8336,42.4473,True
221,98811.4,6.57,0.3305,84.79,0.3167,4.1215,4.2,5.556,20.0,5.5046,79.2814,True
226,85670.2,-3.73,0.3816,33.53,0.2859,3.6192,3.45,5.556,20.0,5.8529,27.6803,True
231,101942.1,-2.82,0.2967,89.58,0.3235,2.877,5.58,5.556,20.0,7.162,82.415,True
236,77123.0,-6.93,0.3979,72.19,0.3251,3.459,4.9,5.556,20.0,6.2685,65.9175,True
241,145345.1,7.37,0.3599,9.41,0.2877,4.4847,5.99,4.4005,15.84,3.4249,5.9896,True
246,159597.5,4.76,0.2774,58.14,0.3244,3.4283,5.28,5.556,20.0,6.3043,51.8342,True
251,83525.6,7.04,0.2501,34.31,0.2979,3.3806,5.34,5.556,20.0,6.2207,28.091,True
256,97342.3,-3.48,0.3117,28.03,0.3121,2.9582,4.54,5.556,20.0,6.9515,21.0813,True
261,129210.2,-7.21,0.3949,71.83,0.2669,3.4018,5.92,5.556,20.0,6.0202,65.8107,True
266,117169.5,3.32,0.37,90.98,0.3356,4.1969,3.45,5.556,20.0,5.5421,85.4369,True
271,149603.9,-1.37,0.3257,85.43,0.3272,3.3045,5.32,5.556,20.0,6.4888,78.9362,True
276,112384.6,6.87,0.3209,58.45,0.3278,4.0563,5.22,5.556,20.0,5.6263,52.8234,True
281,146999.1,-4.08,0.3022,4.52,0.3155,2.806,4.44,0.2252,0.81,0.0801,4.4363,True
286,82528.0,-3.69,0.3872,66.84,0.3131,3.6771,4.96,5.556,20.0,5.9371,60.9034,True
291,136454.4,0.04,0.3118,97.03,0.2876,3.3059,3.71,5.556,20.0,6.2668,90.7676,True
296,86548.0,7.82,0.3974,45.14,0.3211,4.8948,4.39,5.556,20.0,4.9373,40.2037,True
301,101092.1,2.34,0.3198,84.3,0.3174,3.6105,4.83,5.556,20.0,6.0383,78.2654,True
306,157496.4,-0.33,0.2539,19.67,0.294,2.703,4.79,5.556,20.0,7.3436,12.3269,True
311,106875.2,-7.26,0.2832,28.46,0.292,2.3051,5.72,5.556,20.0,8.3183,20.1408,True
316,111661.7,-0.76,0.2681,47.44,0.3013,2.7999,4.89,5.556,20.0,7.1866,40.2573,True
321,81980.5,2.7,0.3917,34.08,0.317,4.3496,3.36,5.556,20.0,5.3097,28.7672,True
326,96383.4,-3.43,0.3452,4.04,0.3027,3.2922,4.38,0.0,0.0,0.0,4.0386,True
331,156848.8,1.26,0.3096,64.81,0.293,3.4042,3.83,5.556,20.0,6.1619,58.6453,True
336,160616.6,-1.92,0.3949,16.47,0.3285,3.4808,4.65,5.556,20.0,6.2591,10.2069,True
341,105782.4,-6.66,0.3054,95.43,0.3106,2.5807,5.27,5.556,20.0,7.7064,87.7252,True
346,74349.9,2.13,0.3704,8.6,0.3009,4.0851,4.97,4.3534,15.67,3.6294,4.9734,True
351,93741.1,-2.51,0.3725,64.52,0.2936,3.6508,3.31,5.556,20.0,5.8592,58.6644,True
356,114253.0,5.17,0.3636,76.41,0.3101,4.3118,3.04,5.556,20.0,5.3027,71.1041,True
361,131912.5,-5.48,0.2742,35.82,0.3193,2.3932,4.24,5.556,20.0,8.2235,27.5996,True
366,132752.5,-5.77,0.3885,87.12,0.2931,3.4834,3.86,5.556,20.0,6.0594,81.0572,True
371,160087.2,-5.29,0.3658,58.58,0.2885,3.1629,3.6,5.556,20.0,6.4828,52.1012,True
376,158910.5,5.56,0.3345,73.21,0.3203,4.0642,3.72,5.556,20.0,5.5772,67.6329,True
381,138338.4,-2.63,0.3246,72.45,0.2896,3.1688,4.82,5.556,20.0,6.48,65.9681,True
386,164224.6,3.36,0.2853,98.98,0.2828,3.3706,5.75,5.556,20.0,6.1506,92.8253,True
391,124700.7,-2.22,0.3876,88.96,0.2994,3.828,4.57,5.556,20.0,5.6955,83.2656,True
396,134950.9,6.1,0.2805,36.77,0.303,3.5875,3.64,5.556,20.0,5.9859,30.7812,True
401,158084.5,6.98,0.3184,92.14,0.3205,4.043,4.02,5.556,20.0,5.5985,86.5465,True
406,121552.4,-4.55,0.2556,13.25,0.337,2.3031,4.43,5.556,20.0,8.5742,4.6758,True
411,93831.6,0.02,0.2898,20.08,0.3324,3.089,3.73,5.556,20.0,6.8435,13.238,True
416,136286.4,-4.13,0.3872,98.3,0.3103,3.6341,5.63,5.556,20.0,5.9709,92.3313,True
421,151785.9,1.01,0.2972,30.54,0.2945,3.2589,3.55,5.556,20.0,6.3726,24.1712,True
426,149087.1,-5.78,0.3809,27.25,0.3134,3.368,4.73,5.556,20.0,6.3236,20.9279,True
431,134935.0,-5.26,0.331,44.24,0.3103,2.9712,5.54,5.556,20.0,6.9187,37.3235,True
436,86963.3,0.34,0.3182,16.53,0.2754,3.3988,4.17,5.556,20.0,6.0711,10.457,True
441,143972.8,-5.59,0.3014,66.65,0.3208,2.6484,4.56,5.556,20.0,7.6105,59.0431,True
446,136831.1,3.5,0.2764,91.81,0.2908,3.2973,5.96,5.556,20.0,6.2964,85.5139,True
451,109874.3,4.83,0.3737,10.79,0.3143,4.3779,3.67,5.556,20.0,5.2719,5.5207,True
456,112547.7,-4.94,0.3462,83.96,0.3218,3.1518,5.5,5.556,20.0,6.6849,77.2795,True
461,130827.0,-6.89,0.3885,25.03,0.3175,3.3713,5.31,5.556,20.0,6.3422,18.6888,True
466,115026.7,-2.01,0.3895,33.22,0.3303,3.8664,4.3,5.556,20.0,5.8268,27.3899,True
471,120198.9,3.63,0.3178,67.23,0.2828,3.7146,3.91,5.556,20.0,5.7264,61.4991,True
476,127830.6,-7.68,0.3367,44.64,0.3553,2.7862,4.64,5.556,20.0,7.5135,37.126,True
481,155688.2,-2.02,0.3652,21.33,0.2952,3.5795,3.35,5.556,20.0,5.9521,15.3783,True
486,107743.9,-2.53,0.2538,14.84,0.2735,2.4848,3.31,5.556,20.0,7.731,7.1075,True
491,118492.1,-6.45,0.2509,8.79,0.3239,2.0686,3.46,4.0742,14.67,5.332,3.4555,True
496,159316.1,3.25,0.3046,83.4,0.3153,3.5489,5.52,5.556,20.0,6.101,77.2944,True
501,94963.2,1.68,0.2635,3.88,0.3099,2.9938,3.69,0.4812,1.73,0.1878,3.6901,True
506,102379.8,3.68,0.2877,79.38,0.334,3.4251,5.93,5.556,20.0,6.362,73.0162,True
511,110818.0,7.21,0.3564,70.81,0.2905,4.436,5.45,5.556,20.0,5.0937,65.7183,True
516,113715.7,-5.83,0.3494,96.5,0.3301,3.0953,4.7,5.556,20.0,6.8204,89.6827,True
521,109802.5,3.02,0.3726,87.13,0.3388,4.1934,4.69,5.556,20.0,5.5632,81.5671,True
526,91200.9,4.2,0.3119,67.04,0.3209,3.7125,4.51,5.556,20.0,5.9406,61.1023,True
531,149716.7,-5.44,0.2734,90.22,0.2927,2.3885,4.28,5.556,20.0,8.0884,82.127,True
536,107808.2,-3.45,0.3214,80.66,0.3004,3.0569,5.82,5.556,20.0,6.7179,73.944,True
541,160197.1,-4.34,0.3001,15.1,0.2893,2.7604,3.07,5.556,20.0,7.1989,7.8961,True
546,108381.1,7.01,0.2733,19.68,0.3129,3.6042,5.88,5.556,20.0,6.0207,13.6596,True
551,111132.1,-7.06,0.3447,93.74,0.3068,2.9259,3.88,5.556,20.0,6.9794,86.7648,True
556,97697.5,0.28,0.3118,37.15,0.317,3.3297,5.97,5.556,20.0,6.3968,30.7508,True
561,111883.0,0.73,0.3886,94.54,0.3104,4.1271,3.48,5.556,20.0,5.4645,89.0735,True
566,159717.7,-7.61,0.2572,15.21,0.3356,2.0152,5.18,5.556,20.0,9.5238,5.6854,True
571,154061.5,-1.82,0.3864,61.01,0.2899,3.6369,5.73,5.556,20.0,5.8549,55.1543,True
576,131379.6,4.94,0.3892,68.33,0.3705,4.5412,5.52,5.556,20.0,5.4574,62.8733,True
581,116427.1,-0.12,0.2943,61.12,0.3212,3.1196,5.7,5.556,20.0,6.7319,54.3888,True
586,142506.6,1.33,0.2822,4.74,0.3514,3.1424,3.61,1.782,6.42,1.1314,3.61,True
591,122752.4,6.69,0.2552,54.11,0.3265,3.3961,4.69,5.556,20.0,6.3586,47.7501,True
596,79038.3,5.31,0.2601,91.99,0.3469,3.3119,3.14,5.556,20.0,6.5878,85.4069,True
601,116755.3,-5.82,0.3775,80.47,0.2893,3.3703,4.24,5.556,20.0,6.187,74.2841,True
606,130653.7,7.02,0.372,43.73,0.2975,4.5701,3.56,5.556,20.0,5.0301,38.6986,True
611,126256.1,7.12,0.3715,72.44,0.3385,4.5749,5.62,5.556,20.0,5.2544,67.1896,True
616,78147.7,5.07,0.2786,83.16,0.3123,3.4702,3.72,5.556,20.0,6.1827,76.9815,True
621,92026.6,-6.23,0.361,9.97,0.2916,3.1686,5.44,4.5114,16.24,4.5272,5.4443,True
626,92079.2,0.05,0.27,19.07,0.2974,2.8975,3.31,5.556,20.0,6.9792,12.0954,True
631,152227.7,-5.97,0.2647,16.15,0.2945,2.2516,4.62,5.556,20.0,8.4911,7.6547,True
636,160192.0,4.37,0.3552,97.29,0.3216,4.1068,5.96,5.556,20.0,5.5449,91.7408,True
641,84844.4,-6.91,0.3345,9.75,0.3524,2.8417,3.21,5.1792,18.65,6.5446,3.2087,True
646,89955.6,1.05,0.2879,11.07,0.3247,3.171,3.13,5.556,20.0,6.6715,4.3948,True
651,114024.1,2.0,0.2566,38.46,0.3081,2.9575,4.57,5.556,20.0,6.9305,31.5267,True
656,93313.9,-5.43,0.2508,56.49,0.3217,2.1695,5.52,5.556,20.0,8.9021,47.5872,True
661,84893.1,-1.47,0.3152,91.64,0.2843,3.1917,4.75,5.556,20.0,6.4157,85.2216,True
666,112665.3,-0.79,0.2559,41.61,0.2907,2.6771,5.04,5.556,20.0,7.3808,34.2257,True
671,129057.5,0.39,0.3756,65.02,0.3184,3.9666,4.18,5.556,20.0,5.66,59.3563,True
676,161423.5,2.52,0.2597,70.71,0.3034,3.0374,3.6,5.556,20.0,6.7674,63.9396,True
681,82139.2,-6.45,0.382,8.53,0.2757,3.352,3.06,5.1991,18.72,5.4653,3.0639,True
686,126017.2,6.91,0.332,42.57,0.3097,4.1679,4.94,5.556,20.0,5.4237,37.1435,True
691,80207.1,5.99,0.3705,70.97,0.3007,4.4581,4.26,5.556,20.0,5.1329,65.8378,True
696,159876.5,-3.5,0.3205,32.01,0.3139,3.0433,3.38,5.556,20.0,6.8158,25.198,True
701,79968.7,5.32,0.3971,87.84,0.2752,4.6544,3.47,5.556,20.0,4.8452,82.9997,True
706,77766.2,2.55,0.367,64.98,0.325,4.0928,3.37,5.556,20.0,5.5766,59.4036,True
711,81481.6,-0.2,0.3263,40.55,0.3012,3.4252,4.8,5.556,20.0,6.1794,34.3665,True
716,87997.5,-1.07,0.3787,73.56,0.3416,3.8539,5.35,5.556,20.0,5.903,67.6568,True
721,82517.1,-5.46,0.3766,60.21,0.2998,3.3981,5.85,5.556,20.0,6.2079,53.9993,True
726,94562.2,4.55,0.3082,54.91,0.282,3.7105,4.92,5.556,20.0,5.7263,49.1792,True
731,106612.2,7.61,0.2546,75.75,0.3009,3.4784,5.31,5.556,20.0,6.1093,69.6443,True
736,98204.2,5.42,0.335,41.61,0.3096,4.0559,5.15,5.556,20.0,5.5257,36.0814,True
741,133448.5,3.86,0.3564,97.29,0.332,4.1152,4.86,5.556,20.0,5.5954,91.6953,True
746,105537.4,-2.05,0.2635,41.04,0.3395,2.6274,3.93,5.556,20.0,7.7611,33.277,True
751,100404.3,-0.81,0.315,73.64,0.3108,3.2545,3.68,5.556,20.0,6.4691,67.1752,True
756,97065.9,6.68,0.3419,5.42,0.3306,4.244,3.91,2.4409,8.79,1.5089,3.9067,True
761,140476.2,-3.23,0.2503,49.99,0.3152,2.3823,4.72,5.556,20.0,8.2303,41.7573,True
766,139175.8,-0.68,0.3294,9.94,0.3442,3.4082,5.59,4.3954,15.82,4.3474,5.5909,True
771,150952.9,0.81,0.3716,47.27,0.3003,3.9685,5.77,5.556,20.0,5.5576,41.7153,True
776,156207.8,-7.44,0.3094,37.29,0.3319,2.5428,5.7,5.556,20.0,7.9139,29.378,True
781,100093.1,0.47,0.3708,9.4,0.3159,3.9274,3.45,5.556,20.0,5.685,3.7155,True
786,96972.7,-3.09,0.349,91.98,0.3269,3.3627,3.02,5.556,20.0,6.406,85.5708,True
791,158664.1,-6.18,0.3682,8.27,0.2848,3.1063,5.29,3.5119,12.64,2.9853,5.288,True
796,131217.9,4.68,0.3065,12.55,0.317,3.7055,3.05,5.556,20.0,5.9265,6.6228,True
801,106182.9,4.91,0.3218,70.44,0.3004,3.8777,5.44,5.556,20.0,5.6495,64.7904,True
806,118206.8,-0.07,0.3174,24.16,0.2816,3.3505,3.69,5.556,20.0,6.1714,17.9875,True
811,83157.1,-2.93,0.3843,51.44,0.3343,3.7247,5.3,5.556,20.0,6.0013,45.4402,True
816,131363.4,-1.09,0.349,73.78,0.2706,3.5602,3.21,5.556,20.0,5.8388,67.9398,True
821,93919.7,-5.95,0.2632,63.91,0.3012,2.2386,3.37,5.556,20.0,8.5685,55.3398,True
826,134951.9,-1.48,0.2866,18.37,0.3196,2.9105,5.81,5.556,20.0,7.0787,11.2943,True
831,89732.9,-6.75,0.304,56.89,0.3224,2.5588,5.34,5.556,20.0,7.8235,49.0646,True
836,148107.2,-5.58,0.3641,65.85,0.3342,3.2631,3.44,5.556,20.0,6.587,59.2583,True
841,84526.7,-4.21,0.3935,91.25,0.3379,3.6874,4.1,5.556,20.0,6.0631,85.184,True
846,156140.9,-1.44,0.2807,57.13,0.3467,2.8561,5.54,5.556,20.0,7.3302,49.8034,True
851,101881.9,-0.5,0.3778,37.17,0.3202,3.9003,3.13,5.556,20.0,5.7364,31.4295,True
856,74468.5,-3.96,0.3884,35.25,0.3129,3.663,3.45,5.556,20.0,5.9523,29.301,True
861,118262.6,-0.6,0.3792,87.05,0.3001,3.9048,5.87,5.556,20.0,5.6199,81.4254,True
866,149650.6,4.6,0.3822,25.54,0.3408,4.3704,3.64,5.556,20.0,5.4253,20.1179,True
871,157337.1,-0.31,0.2564,34.77,0.3171,2.7295,3.39,5.556,20.0,7.4167,27.3497,True
876,130446.9,-7.89,0.2842,70.34,0.2971,2.2513,5.4,5.556,20.0,8.5062,61.8382,True
881,137909.1,-6.83,0.3165,67.5,0.3239,2.6734,4.94,5.556,20.0,7.5731,59.9309,True
886,144280.6,4.95,0.3838,13.66,0.3179,4.4889,4.85,5.556,20.0,5.2046,8.4584,True
891,148860.0,-2.52,0.3212,94.52,0.3188,3.1471,3.25,5.556,20.0,6.6758,87.8445,True
896,125518.0,1.9,0.255,88.79,0.3272,2.9315,3.98,5.556,20.0,7.0832,81.7098,True
901,91801.2,1.99,0.3756,74.71,0.2793,4.1224,5.01,5.556,20.0,5.2959,69.4112,True
906,155656.0,6.78,0.3922,71.62,0.3234,4.4411,3.96,5.556,20.0,5.2721,66.3462,True
911,148481.3,0.05,0.3343,93.11,0.3234,3.5292,5.61,5.556,20.0,6.1702,86.9362,True
916,97968.5,3.25,0.3808,27.49,0.3296,4.2951,5.9,5.556,20.0,5.4245,22.0652,True
921,156079.7,-7.83,0.3198,80.36,0.3148,2.6056,4.87,5.556,20.0,7.6729,72.6879,True
926,135236.4,-7.98,0.2844,48.43,0.3356,2.2441,3.99,5.556,20.0,8.7423,39.6833,True
931,80135.0,-1.28,0.3962,48.85,0.3216,4.0046,5.29,5.556,20.0,5.6411,43.212,True
936,161681.5,-2.62,0.2848,98.18,0.3032,2.7809,4.37,5.556,20.0,7.2346,90.9503,True
941,128013.8,2.69,0.3688,10.65,0.3137,4.124,4.13,5.556,20.0,5.4858,5.1629,True
946,105777.7,2.05,0.3289,97.06,0.2951,3.6712,4.13,5.556,20.0,5.8437,91.2188,True
951,89397.7,1.9,0.3272,70.1,0.2989,3.639,3.53,5.556,20.0,5.9021,64.1938,True
956,125300.3,-3.22,0.3924,95.63,0.2694,3.7756,5.84,5.556,20.0,5.5847,90.0464,True
961,139646.6,0.54,0.2674,3.73,0.2883,2.9196,3.76,0.0,0.0,0.0,3.7348,True
966,132873.4,1.8,0.2555,7.37,0.2986,2.9266,5.01,2.9436,10.6,2.3592,5.0111,True
971,90627.6,7.19,0.2999,4.38,0.3138,3.8816,5.81,0.0,0.0,0.0,4.3815,True
976,119690.2,2.76,0.3922,57.8,0.3617,4.3602,5.5,5.556,20.0,5.5493,52.2472,True
981,97577.1,0.9,0.3452,66.73,0.3088,3.7189,4.71,5.556,20.0,5.8658,60.868,True
986,93752.9,-3.87,0.3628,77.32,0.2837,3.421,4.49,5.556,20.0,6.088,71.2352,True
991,109631.4,5.83,0.3845,43.27,0.3149,4.5794,4.11,5.556,20.0,5.1202,38.1465,True
996,74388.8,-1.76,0.2751,91.96,0.305,2.7699,5.58,5.556,20.0,7.2666,84.6926,True
1001,146984.5,0.03,0.2692,11.24,0.3111,2.8876,4.86,5.2374,18.85,6.3791,4.8562,True
1006,129526.0,-1.81,0.293,72.93,0.306,2.9407,4.52,5.556,20.0,6.9486,65.985,True
1011,114666.5,-2.88,0.3294,67.36,0.3005,3.1925,5.45,5.556,20.0,6.5041,60.8553,True
1016,78296.8,5.67,0.3384,83.38,0.3178,4.113,5.02,5.556,20.0,5.5185,77.8613,True
1021,150683.2,2.72,0.2911,63.39,0.3068,3.3657,3.73,5.556,20.0,6.2906,57.1037,True
1026,153173.3,1.62,0.3107,74.77,0.3124,3.4503,4.02,5.556,20.0,6.209,68.5633,True
1031,102145.0,0.21,0.3155,44.08,0.3131,3.3602,5.52,5.556,20.0,6.3332,37.7442,True
1036,131091.8,-6.73,0.2612,38.08,0.2961,2.1411,5.58,5.556,20.0,8.8538,29.2249,True
1041,160419.0,7.32,0.3231,83.43,0.3159,4.1202,4.66,5.556,20.0,5.501,77.9265,True
1046,146326.8,-1.98,0.3095,93.01,0.3131,3.085,4.46,5.556,20.0,6.7428,86.2639,True
1051,120290.7,5.39,0.295,43.12,0.307,3.6612,3.04,5.556,20.0,5.9213,37.1955,True
1056,156488.2,4.95,0.2931,15.9,0.3305,3.6008,4.64,5.556,20.0,6.1227,9.7777,True
1061,149617.3,-7.44,0.36,13.1,0.3193,3.0374,4.11,5.556,20.0,6.8558,6.24,True
1066,105223.2,7.85,0.2777,31.2,0.301,3.7268,5.13,5.556,20.0,5.8138,25.3821,True
1071,92564.7,5.0,0.2895,84.55,0.316,3.5706,3.05,5.556,20.0,6.0782,78.47,True
1076,107302.3,0.94,0.285,37.04,0.3175,3.1326,5.67,5.556,20.0,6.6912,30.3467,True
1081,101037.0,0.97,0.3765,87.04,0.3228,4.0321,4.11,5.556,20.0,5.6215,81.4212,True
1086,92368.7,-1.71,0.3443,45.48,0.3167,3.4541,3.1,5.556,20.0,6.2283,39.2517,True
1091,110478.1,-4.36,0.3149,30.58,0.2817,2.903,4.64,5.556,20.0,6.8817,23.6959,True
1096,103725.8,-0.8,0.32,52.55,0.3057,3.3047,5.9,5.556,20.0,6.3688,46.1805,True
1101,78017.4,1.07,0.2698,52.31,0.3045,2.9961,5.33,5.556,20.0,6.8431,45.4678,True
1106,98044.8,-6.99,0.3186,50.86,0.2936,2.6772,3.97,5.556,20.0,7.3965,43.4676,True
1111,83365.1,-5.72,0.3325,58.33,0.3437,2.9401,3.88,5.556,20.0,7.1594,51.1668,True
1116,103446.3,-7.57,0.2536,24.91,0.3221,1.9842,3.33,5.556,20.0,9.5682,15.3445,True
1121,140970.8,-2.53,0.3887,24.72,0.3167,3.8078,4.78,5.556,20.0,5.8132,18.9072,True
1126,92264.1,-5.57,0.261,74.57,0.3119,2.2545,4.5,5.556,20.0,8.5788,65.9888,True
1131,159768.8,-7.76,0.3686,47.15,0.3017,2.9282,5.79,5.556,20.0,6.9475,40.2073,True
1136,148321.9,-0.38,0.3045,46.73,0.3322,3.1946,4.97,5.556,20.0,6.6773,40.053,True
1141,126841.5,-0.95,0.3969,97.9,0.2711,4.0443,3.38,5.556,20.0,5.3226,92.5807,True
1146,161875.8,1.09,0.326,41.23,0.2881,3.5489,4.73,5.556,20.0,5.9496,35.2805,True
1151,83251.2,6.05,0.3636,55.77,0.3263,4.3964,4.06,5.556,20.0,5.3236,50.4425,True
1156,105939.3,-3.77,0.3774,16.59,0.2813,3.5731,4.75,5.556,20.0,5.8827,10.7097,True
1161,163850.9,0.68,0.3183,70.05,0.2785,3.4337,5.91,5.556,20.0,6.0424,64.0097,True
1166,95323.1,-5.41,0.3153,58.76,0.3169,2.8023,4.2,5.556,20.0,7.2683,51.4878,True
1171,148407.0,5.81,0.2949,56.4,0.3392,3.7005,5.76,5.556,20.0,6.0554,50.3463,True
1176,82163.0,-3.55,0.3485,8.68,0.3132,3.3127,3.31,5.0169,18.06,5.3701,3.3086,True
1181,160149.2,0.07,0.3741,52.05,0.3092,3.686,5.89,5.556,20.0,5.905,46.1428,True
1186,106691.1,-1.56,0.2804,38.82,0.3361,2.8415,4.84,5.556,20.0,7.2989,31.5182,True
1191,157154.9,6.04,0.333,71.61,0.3183,4.0959,5.47,5.556,20.0,5.5371,66.0723,True
1196,89655.9,-4.0,0.3766,30.69,0.2936,3.5428,3.61,5.556,20.0,5.9879,24.7005,True
1201,76665.3,-0.15,0.2966,31.69,0.3482,3.1389,5.72,5.556,20.0,6.8515,24.8336,True
1206,109024.8,2.72,0.3477,32.83,0.3374,3.921,5.38,5.556,20.0,5.811,27.0217,True
1211,83198.9,-2.5,0.3365,28.73,0.3045,3.2981,3.96,5.556,20.0,6.3719,22.3591,True
1216,154936.9,-3.5,0.2646,93.06,0.3391,2.4947,4.03,5.556,20.0,8.0712,84.987,True
1221,143250.7,-7.3,0.3407,69.3,0.3125,2.862,3.91,5.556,20.0,7.1295,62.172,True
1226,92816.4,6.31,0.3658,37.67,0.2836,4.4418,5.29,5.556,20.0,5.0505,32.6239,True
1231,138801.1,-4.48,0.3576,98.3,0.3224,3.3091,5.2,5.556,20.0,6.4558,91.846,True
1236,78607.3,-1.85,0.2749,64.37,0.2991,2.7585,4.28,5.556,20.0,7.2572,57.1089,True
1241,139634.1,0.53,0.3738,47.87,0.3254,3.9625,3.89,5.556,20.0,5.7029,42.163,True
1246,102769.6,2.09,0.3235,93.07,0.3321,3.6216,3.04,5.556,20.0,6.1067,86.9608,True
1251,120177.2,5.94,0.325,62.75,0.3075,4.0083,3.96,5.556,20.0,5.5592,57.1888,True
1256,114179.4,5.73,0.2555,64.96,0.2895,3.3074,3.98,5.556,20.0,6.2752,58.6857,True
1261,88746.9,4.59,0.377,50.44,0.3453,4.388,5.99,5.556,20.0,5.4359,44.9993,True
1266,89430.2,-7.65,0.3333,87.57,0.3629,2.7552,4.71,5.556,20.0,7.6181,79.9565,True
1271,75066.0,1.72,0.3349,92.89,0.2984,3.6974,5.82,5.556,20.0,5.8322,87.0556,True
1276,125759.7,-5.27,0.3323,40.97,0.2995,2.9829,5.08,5.556,20.0,6.8386,34.1363,True
1281,91415.1,-6.53,0.2911,18.61,0.3027,2.4542,4.49,5.556,20.0,7.9708,10.6343,True
1286,124386.1,-7.62,0.318,60.33,0.3229,2.6088,3.25,5.556,20.0,7.7103,52.6177,True
1291,97874.8,-6.94,0.387,99.93,0.2862,3.3526,5.08,5.556,20.0,6.194,93.7379,True
1296,74239.9,-2.15,0.264,61.89,0.3382,2.6229,5.38,5.556,20.0,7.7637,54.1213,True
1301,98545.8,6.14,0.3374,82.49,0.2741,4.1488,3.97,5.556,20.0,5.243,77.2478,True
1306,87357.1,-1.64,0.3368,15.66,0.3166,3.3867,3.78,5.556,20.0,6.3166,9.3481,True
1311,82531.2,-7.92,0.3876,51.66,0.2983,3.2587,4.63,5.556,20.0,6.3939,45.2641,True
1316,91182.7,2.71,0.3405,67.39,0.3036,3.848,5.45,5.556,20.0,5.698,61.6945,True
1321,154768.1,-2.77,0.318,67.12,0.285,3.0911,5.5,5.556,20.0,6.5769,60.5413,True
1326,108731.5,-0.97,0.2684,78.68,0.2945,2.7824,4.93,5.556,20.0,7.1832,71.4982,True
1331,130113.9,-3.23,0.3268,16.29,0.3306,3.1322,3.7,5.556,20.0,6.7644,9.5251,True
1336,153440.1,-0.07,0.2719,49.48,0.2771,2.9043,4.47,5.556,20.0,6.8542,42.6291,True
1341,146190.4,-7.32,0.2505,40.48,0.297,1.9787,3.4,5.556,20.0,9.4503,31.0254,True
1346,114197.4,0.62,0.3762,95.84,0.3146,3.9951,3.23,5.556,20.0,5.611,90.2338,True
1351,76764.3,6.31,0.341,34.79,0.3092,4.2,4.51,5.556,20.0,5.3928,29.3996,True
1356,76094.9,0.88,0.3212,45.81,0.334,3.4809,4.63,5.556,20.0,6.2897,39.5221,True
1361,82404.5,5.5,0.2701,26.04,0.3248,3.428,5.08,5.556,20.0,6.3069,19.7357,True
1366,127114.5,3.78,0.3534,61.69,0.2902,4.078,3.66,5.556,20.0,5.3972,56.292,True
1371,148070.1,-2.2,0.351,93.59,0.3344,3.4706,4.26,5.556,20.0,6.305,87.2894,True
1376,118726.7,-0.38,0.3447,40.29,0.3443,3.5888,4.61,5.556,20.0,6.2136,34.0755,True
1381,156019.3,0.77,0.3556,82.22,0.3393,3.8082,4.57,5.556,20.0,5.938,76.2795,True
1386,136388.6,-3.05,0.2624,39.53,0.3098,2.5181,5.8,5.556,20.0,7.8507,31.6773,True
1391,148965.9,-5.49,0.2953,9.54,0.3158,2.5995,5.03,4.0857,14.71,4.5012,5.0341,True
1396,160210.3,-4.29,0.2591,5.4,0.3155,2.3625,4.32,1.6368,5.89,1.0835,4.3205,True
1401,80692.0,3.77,0.3807,13.72,0.3068,4.3454,4.29,5.556,20.0,5.2565,8.4683,True
1406,127584.6,-0.1,0.2986,91.11,0.2994,3.1642,5.45,5.556,20.0,6.5416,84.5721,True
1411,126262.6,-0.47,0.3412,37.49,0.2843,3.5445,3.25,5.556,20.0,5.9343,31.5566,True
1416,130737.6,-3.64,0.2576,43.05,0.3377,2.4134,4.45,5.556,20.0,8.2717,34.7771,True
1421,139173.0,-5.5,0.3324,85.18,0.3078,2.9605,3.41,5.556,20.0,6.9238,78.2534,True
1426,108322.4,2.52,0.263,33.27,0.2947,3.0703,4.13,5.556,20.0,6.6642,26.6044,True
1431,104413.7,0.37,0.339,71.83,0.28,3.6056,5.27,5.556,20.0,5.8365,65.9976,True
1436,157131.7,2.87,0.2668,42.06,0.2873,3.1416,5.72,5.556,20.0,6.5093,35.5514,True
1441,150949.4,4.55,0.3025,72.83,0.3297,3.6539,5.53,5.556,20.0,6.056,66.7724,True
1446,119943.2,4.63,0.3722,14.63,0.3013,4.3442,4.93,5.556,20.0,5.2272,9.4007,True
1451,96616.3,2.3,0.2849,94.9,0.2906,3.2643,3.49,5.556,20.0,6.343,88.5612,True
1456,153956.5,-4.99,0.2758,42.35,0.2873,2.4573,4.74,5.556,20.0,7.8774,34.4728,True
1461,100868.5,-4.79,0.3358,18.8,0.3059,3.0652,4.51,5.556,20.0,6.7348,12.0681,True
1466,88130.8,4.27,0.2713,84.23,0.3012,3.3212,4.11,5.556,20.0,6.3206,77.9122,True
1471,92254.2,-3.15,0.3092,22.03,0.2966,2.9673,3.65,5.556,20.0,6.8497,15.1824,True
1476,96198.0,0.93,0.3646,88.33,0.3125,3.9114,5.47,5.556,20.0,5.6824,82.6478,True
1481,75650.1,-5.22,0.3016,69.99,0.3379,2.6872,5.0,5.556,20.0,7.621,62.3674,True
1486,137897.4,0.83,0.2636,10.39,0.2978,2.9113,4.83,4.8881,17.6,5.5591,4.8288,True
1491,123063.0,-3.07,0.2882,69.28,0.2835,2.7693,3.64,5.556,20.0,7.1484,62.129,True
1496,90433.2,2.91,0.3394,15.38,0.3364,3.8571,3.19,5.556,20.0,5.8704,9.5111,True
1501,132938.8,3.58,0.3412,83.21,0.3238,3.9394,3.61,5.556,20.0,5.7168,77.4905,True
1506,94705.6,-2.83,0.3985,46.49,0.3072,3.8742,3.88,5.556,20.0,5.6908,40.8029,True
1511,110842.1,-6.43,0.3486,79.3,0.3237,3.0272,3.93,5.556,20.0,6.8972,72.3994,True
1516,153377.0,-2.05,0.2764,34.15,0.3101,2.7543,4.61,5.556,20.0,7.3265,26.8214,True
1521,110764.3,-1.81,0.3713,79.61,0.3088,3.708,4.98,5.556,20.0,5.8781,73.727,True
1526,131923.3,5.21,0.3734,56.5,0.3145,4.4121,5.95,5.556,20.0,5.2457,51.2511,True
1531,117204.9,2.63,0.3508,60.37,0.3256,3.9417,4.35,5.556,20.0,5.7247,54.6405,True
1536,78587.0,1.62,0.3106,39.27,0.269,3.4496,4.93,5.556,20.0,5.9691,33.2974,True
1541,99573.1,-5.6,0.3676,24.27,0.3154,3.2952,5.47,5.556,20.0,6.4366,17.8383,True
1546,161295.8,6.79,0.3079,10.19,0.2879,3.9215,5.83,4.8298,17.39,4.3646,5.8281,True
1551,141759.4,-5.91,0.2836,29.2,0.3222,2.4432,3.48,5.556,20.0,8.1073,21.0911,True
1556,132458.9,-6.73,0.2785,5.78,0.2961,2.3111,4.24,2.0659,7.44,1.5351,4.2446,True
1561,138654.3,-5.51,0.3534,10.27,0.3311,3.1656,3.36,5.556,20.0,6.7151,3.5521,True
1566,89353.9,-7.49,0.3038,15.61,0.3224,2.483,3.67,5.556,20.0,8.0072,7.6024,True
1571,89761.7,7.59,0.3663,23.07,0.3407,4.569,5.44,5.556,20.0,5.2713,17.7937,True
1576,82954.2,3.41,0.2899,25.86,0.2966,3.4205,3.05,5.556,20.0,6.16,19.7005,True
1581,94024.0,-2.39,0.3713,21.44,0.3048,3.6509,5.71,5.556,20.0,5.921,15.5199,True
1586,145263.7,-6.5,0.3188,61.17,0.3226,2.7286,5.12,5.556,20.0,7.4492,53.7173,True
1591,108191.8,7.3,0.3458,46.7,0.2995,4.341,5.17,5.556,20.0,5.2196,41.4769,True
1596,93506.3,-2.94,0.2601,86.63,0.3117,2.5064,5.61,5.556,20.0,7.8899,78.738,True
1601,137187.0,-0.82,0.2856,10.55,0.3035,2.9658,3.53,5.556,20.0,6.8904,3.6626,True
1606,139424.8,-0.65,0.3892,55.61,0.3236,3.9984,5.45,5.556,20.0,5.6583,49.9543,True
1611,162830.0,-7.9,0.3323,21.52,0.3183,2.7205,3.05,5.556,20.0,7.4421,14.0735,True
1616,105297.7,5.27,0.3208,47.84,0.3038,3.9022,3.02,5.556,20.0,5.6431,42.1947,True
1621,145872.6,7.45,0.2787,6.98,0.3047,3.6983,4.29,3.4743,12.51,2.6905,4.2854,True
1626,136985.9,-3.09,0.335,5.47,0.327,3.2257,3.55,2.6193,9.43,1.92,3.5512,True
1631,160237.7,-7.96,0.3734,56.29,0.2931,2.8982,4.69,5.556,20.0,6.954,49.3312,True
1636,128253.9,5.2,0.2879,60.8,0.2698,3.5743,3.84,5.556,20.0,5.8172,54.9785,True
1641,118510.1,7.48,0.2863,75.55,0.328,3.7763,4.49,5.556,20.0,5.9098,69.6429,True
1646,104123.5,4.31,0.3532,41.08,0.3296,4.1275,4.96,5.556,20.0,5.5708,35.514,True
1651,164144.3,-1.7,0.3364,5.87,0.359,3.3768,3.12,3.264,11.75,2.7492,3.1183,True
1656,104206.4,1.61,0.3596,15.09,0.311,3.9294,4.72,5.556,20.0,5.656,9.4308,True
1661,131370.1,-6.35,0.3858,37.5,0.2921,3.3987,4.64,5.556,20.0,6.1641,31.3368,True
1666,91369.7,3.69,0.3234,86.5,0.3157,3.776,4.37,5.556,20.0,5.8414,80.6613,True
1671,103389.9,-5.15,0.2757,17.87,0.3309,2.441,4.95,5.556,20.0,8.1616,9.7126,True
1676,99666.0,-7.12,0.3489,76.24,0.2914,2.9611,3.38,5.556,20.0,6.8316,69.4071,True
1681,106353.5,1.23,0.3596,67.11,0.3118,3.8921,5.77,5.556,20.0,5.698,61.4115,True
1686,151954.6,-0.02,0.3718,64.71,0.3156,3.8626,4.94,5.556,20.0,5.7492,58.9604,True
1691,155979.3,1.98,0.3943,63.32,0.3063,3.9655,5.72,5.556,20.0,5.5938,57.7242,True
1696,108803.9,-7.62,0.2751,35.95,0.3034,2.1891,3.69,5.556,20.0,8.7362,27.2123,True
1701,91722.3,-0.51,0.3048,24.01,0.3342,3.1834,5.53,5.556,20.0,6.7054,17.3004,True
1706,110587.6,3.26,0.3397,84.25,0.3038,3.8943,5.39,5.556,20.0,5.6515,78.6033,True
1711,102745.9,6.76,0.285,16.57,0.3139,3.6952,5.22,5.556,20.0,5.9209,10.6528,True
1716,111718.3,6.22,0.3963,62.44,0.3421,4.7318,3.16,5.556,20.0,5.1628,57.2818,True
1721,85170.9,3.61,0.2623,88.37,0.3081,3.1697,3.3,5.556,20.0,6.5813,81.7846,True
1726,92347.8,-0.26,0.2741,49.11,0.3497,2.9075,4.77,5.556,20.0,7.2515,41.8602,True
1731,119032.8,-1.56,0.3444,46.43,0.3126,3.4687,3.36,5.556,20.0,6.1862,40.2486,True
1736,101898.6,-1.71,0.32,36.7,0.2815,3.2152,4.77,5.556,20.0,6.3642,30.3333,True
1741,96585.4,-7.57,0.2805,4.42,0.3126,2.2472,5.26,0.0,0.0,0.0,4.4224,True
1746,82960.0,-5.4,0.339,37.72,0.3015,3.0358,3.39,5.556,20.0,6.7593,30.9653,True
1751,137040.5,2.95,0.3722,9.3,0.2815,4.1822,4.59,5.2084,18.75,4.7095,4.5887,True
1756,116708.8,-3.97,0.3068,3.45,0.3214,2.8619,4.24,0.0,0.0,0.0,3.4479,True
1761,111073.2,-4.02,0.2732,52.42,0.3213,2.5279,3.56,5.556,20.0,7.8907,44.5256,True
1766,90368.9,5.26,0.2687,73.24,0.3214,3.3914,4.99,5.556,20.0,6.3366,66.8985,True
1771,141878.6,5.48,0.3557,29.93,0.3165,4.2642,5.58,5.556,20.0,5.3779,24.5492,True
1776,141611.1,1.84,0.2944,85.66,0.3167,3.3127,5.19,5.556,20.0,6.4188,79.2431,True
1781,150000.9,5.98,0.3884,80.87,0.3139,4.4968,4.94,5.556,20.0,5.1763,75.696,True
1786,147354.8,-0.08,0.382,12.31,0.3079,3.9698,4.83,5.556,20.0,5.5985,6.7147,True
1791,142548.5,-2.77,0.3096,40.16,0.2984,3.0086,3.75,5.556,20.0,6.7879,33.3757,True
1796,85574.3,7.05,0.2685,46.79,0.3262,3.5608,3.44,5.556,20.0,6.1472,40.644,True
1801,103712.9,3.47,0.3208,44.94,0.3178,3.7293,5.66,5.556,20.0,5.9041,39.0398,True
1806,163923.8,-3.68,0.3232,76.57,0.2785,3.0522,5.02,5.556,20.0,6.6043,69.9693,True
1811,110564.6,4.51,0.3428,90.61,0.3136,4.0452,4.1,5.556,20.0,5.558,85.0528,True
1816,156575.2,2.41,0.3166,65.57,0.3173,3.5857,3.47,5.556,20.0,6.0675,59.5016,True
1821,86750.5,-5.63,0.2622,86.17,0.3056,2.2612,3.9,5.556,20.0,8.5236,77.6432,True
1826,79901.7,-5.37,0.2574,26.0,0.3021,2.24,3.6,5.556,20.0,8.5691,17.4321,True
1831,110364.6,-0.04,0.3157,88.03,0.2963,3.3373,4.45,5.556,20.0,6.2714,81.7603,True
1836,147066.8,0.52,0.3699,55.34,0.3019,3.9241,4.42,5.556,20.0,5.6106,49.7313,True
1841,98088.0,5.98,0.3945,70.22,0.3366,4.6919,4.26,5.556,20.0,5.1596,65.0602,True
1846,133002.9,1.24,0.3392,34.91,0.3352,3.6931,3.62,5.556,20.0,6.0419,28.8679,True
1851,111296.0,-4.76,0.2933,30.83,0.3453,2.6517,5.73,5.556,20.0,7.7392,23.0893,True
1856,99382.8,-7.91,0.2665,72.57,0.3136,2.0772,4.76,5.556,20.0,9.1729,63.4,True
1861,136176.8,-0.94,0.2571,44.42,0.3342,2.6741,5.45,5.556,20.0,7.6289,36.7945,True
1866,110976.6,2.34,0.2809,93.17,0.3268,3.2282,3.6,5.556,20.0,6.5971,86.5729,True
1871,142755.2,-3.71,0.3529,25.47,0.2937,3.3398,5.3,5.556,20.0,6.253,19.2208,True
1876,86911.0,-6.79,0.3144,31.7,0.2722,2.6564,4.48,5.556,20.0,7.3225,24.3807,True
1881,145154.9,-0.62,0.399,23.48,0.2911,3.9732,5.37,5.556,20.0,5.5019,17.9807,True
1886,125444.4,-1.54,0.2625,30.96,0.2973,2.6686,4.4,5.556,20.0,7.4355,23.5256,True
1891,81130.9,-7.98,0.3259,77.68,0.323,2.6511,5.23,5.556,20.0,7.6166,70.0588,True
1896,91852.7,4.41,0.2514,35.57,0.3032,3.1404,5.44,5.556,20.0,6.5993,28.9722,True
1901,82393.2,0.92,0.3723,99.05,0.3133,3.9859,5.91,5.556,20.0,5.6131,93.4384,True
1906,159286.8,5.23,0.343,25.93,0.3173,4.1165,4.08,5.556,20.0,5.5124,20.4136,True
1911,86038.7,5.34,0.3983,32.55,0.2773,4.6675,4.35,5.556,20.0,4.8477,27.7067,True
1916,140549.8,2.93,0.3083,98.52,0.3155,3.5538,5.52,5.556,20.0,6.0961,92.4274,True
1921,79077.7,-0.64,0.3434,76.08,0.3087,3.5501,4.4,5.556,20.0,6.0628,70.0168,True
1926,157315.8,5.22,0.2802,25.59,0.3056,3.5008,3.61,5.556,20.0,6.107,19.4876,True
1931,161849.5,3.26,0.3007,57.58,0.2925,3.5116,4.52,5.556,20.0,6.0204,51.5578,True
1936,106541.5,0.77,0.3095,99.69,0.2943,3.3555,4.64,5.556,20.0,6.2351,93.4595,True
1941,119101.0,-7.04,0.2547,66.15,0.3072,2.0475,5.17,5.556,20.0,9.2449,56.908,True
1946,137761.4,3.21,0.2752,10.38,0.2827,3.2576,5.21,4.9568,17.84,5.1727,5.2119,True
1951,152728.3,-0.97,0.3693,9.03,0.29,3.7516,3.05,5.556,20.0,5.7252,3.3062,True
1956,104529.3,-4.04,0.3271,75.4,0.3294,3.0542,5.51,5.556,20.0,6.8836,68.5139,True
1961,98198.4,0.73,0.2525,19.22,0.3068,2.7926,5.12,5.556,20.0,7.2313,11.9843,True
1966,150638.4,-4.57,0.3339,18.84,0.3162,3.0678,4.54,5.556,20.0,6.7878,12.0523,True
1971,108463.4,-7.95,0.2759,43.48,0.3081,2.1643,5.96,5.556,20.0,8.8434,34.6324,True
1976,99361.5,2.65,0.2937,89.73,0.2968,3.3841,4.58,5.556,20.0,6.2101,83.5225,True
1981,77183.0,0.44,0.379,32.0,0.3204,4.0053,5.72,5.556,20.0,5.6334,26.3708,True
1986,106207.3,-4.62,0.3646,50.29,0.3048,3.3647,4.51,5.556,20.0,6.2806,44.012,True
1991,151600.6,5.87,0.3359,34.52,0.3406,4.1072,5.07,5.556,20.0,5.6502,28.8651,True
1996,119582.2,-6.86,0.3818,45.33,0.3121,3.3085,3.29,5.556,20.0,6.399,38.9319,True
2001,118393.1,2.62,0.3794,11.45,0.3293,4.2215,4.46,5.556,20.0,5.4856,5.9618,True
2006,95460.2,-4.9,0.3388,62.89,0.2978,3.0834,3.33,5.556,20.0,6.6601,56.2343,True
2011,149326.1,5.98,0.3789,18.27,0.3084,4.5137,3.74,5.556,20.0,5.1329,13.1405,True
2016,154591.6,-7.22,0.2673,61.81,0.3305,2.1527,5.22,5.556,20.0,9.0062,52.7993,True
2021,105885.7,-2.09,0.3501,93.37,0.2747,3.4727,5.37,5.556,20.0,5.9707,87.3946,True
2026,95608.8,5.98,0.3653,4.87,0.3143,4.4059,3.15,2.7514,9.91,1.7239,3.1467,True
2031,106887.5,-0.49,0.3757,94.37,0.3312,3.8816,3.33,5.556,20.0,5.8162,88.5495,True
2036,156811.2,-6.24,0.3821,46.08,0.3189,3.1412,5.22,5.556,20.0,6.6855,39.3907,True
2041,110085.6,-2.83,0.2956,10.74,0.2998,2.8661,5.45,4.7125,16.96,5.2872,5.4517,True
2046,128105.6,6.32,0.296,32.0,0.3055,3.7601,5.62,5.556,20.0,5.8023,26.193,True
2051,141935.2,6.1,0.2706,52.39,0.332,3.4911,3.81,5.556,20.0,6.2654,46.1277,True
2056,162995.3,4.33,0.2526,31.7,0.2979,3.1444,4.74,5.556,20.0,6.5636,25.1362,True
2061,83381.9,-7.53,0.3969,52.42,0.2829,3.3893,3.5,5.556,20.0,6.1257,46.2972,True
2066,117516.0,6.22,0.3796,76.62,0.2981,4.5697,4.77,5.556,20.0,5.0337,71.5845,True
2071,109340.8,-2.67,0.3196,50.03,0.3123,3.1161,3.62,5.556,20.0,6.6886,43.3422,True
2076,146718.1,-3.38,0.382,77.21,0.3604,3.6585,4.13,5.556,20.0,6.221,70.9857,True
2081,142265.4,-4.38,0.3925,18.8,0.3239,3.6617,5.23,5.556,20.0,6.0147,12.7845,True
2086,87135.3,-2.91,0.3409,22.17,0.3267,3.3019,5.96,5.556,20.0,6.4894,15.6805,True
2091,78338.2,-4.2,0.2922,13.43,0.3275,2.6961,5.36,5.556,20.0,7.5445,5.8805,True
2096,159149.9,3.61,0.3046,86.08,0.3015,3.5842,4.38,5.556,20.0,5.9813,80.0966,True
2101,109040.7,0.33,0.2992,78.34,0.2903,3.2116,5.99,5.556,20.0,6.4186,71.9179,True
2106,125562.3,0.38,0.3601,49.13,0.3057,3.814,5.96,5.556,20.0,5.7454,43.3835,True
2111,148740.6,-7.08,0.3344,68.06,0.306,2.824,4.75,5.556,20.0,7.1659,60.8938,True
2116,75520.1,-0.71,0.2938,46.25,0.2828,3.0562,5.37,5.556,20.0,6.6216,39.6331,True
2121,128595.2,5.29,0.3023,41.27,0.3182,3.7235,3.97,5.556,20.0,5.9129,35.3587,True
2126,88292.5,5.53,0.3232,37.54,0.3347,3.9508,4.65,5.556,20.0,5.7664,31.7733,True
2131,158355.0,-1.59,0.3362,40.0,0.2989,3.3858,4.73,5.556,20.0,6.2191,33.7839,True
2136,81081.0,4.17,0.3201,86.7,0.2838,3.7905,3.14,5.556,20.0,5.6486,81.0482,True
2141,139779.8,2.16,0.3164,82.06,0.2737,3.5588,5.13,5.556,20.0,5.8574,76.1996,True
2146,159166.2,-2.0,0.3875,55.06,0.2927,3.5048,3.62,5.556,20.0,6.0299,49.0347,True
2151,89058.0,-3.48,0.3901,87.53,0.2781,3.7269,4.43,5.556,20.0,5.6867,81.8397,True
2156,145662.1,5.29,0.3499,42.17,0.3162,4.1891,3.25,5.556,20.0,5.4411,36.7258,True
2161,159444.9,-5.61,0.2691,71.27,0.2992,2.33,4.35,5.556,20.0,8.2864,62.9824,True
2166,147602.3,6.95,0.2816,24.8,0.2881,3.6799,3.13,5.556,20.0,5.7948,19.0071,True
2171,149796.4,1.83,0.3599,7.88,0.3095,3.9538,4.42,4.1418,14.91,3.4514,4.424,True
2176,101241.1,2.88,0.3377,5.89,0.3061,3.8378,5.79,0.2875,1.03,0.0988,5.7868,True
2181,116233.3,6.5,0.2636,99.81,0.3217,3.4597,3.9,5.556,20.0,6.2484,93.5644,True
2186,106685.9,6.67,0.3238,29.68,0.3138,4.0659,5.87,5.556,20.0,5.5397,24.1363,True
2191,89131.7,7.15,0.2834,37.4,0.3009,3.716,5.14,5.556,20.0,5.8256,31.5765,True
2196,132095.6,-6.57,0.2907,56.72,0.3298,2.4467,4.19,5.556,20.0,8.1408,48.5794,True
2201,123755.4,2.58,0.3585,37.26,0.2899,4.0119,4.81,5.556,20.0,5.4579,31.7978,True
2206,143380.8,5.03,0.3723,43.75,0.3166,4.3842,4.63,5.556,20.0,5.2798,38.4692,True
2211,113731.0,-5.7,0.2557,84.41,0.337,2.1899,3.18,5.556,20.0,8.9208,75.4918,True
2216,94578.0,-6.35,0.2524,41.02,0.3071,2.094,3.96,5.556,20.0,9.0768,31.9384,True
2221,83686.7,-2.29,0.3851,29.86,0.3228,3.7968,3.39,5.556,20.0,5.8587,23.9991,True
2226,89275.3,-1.53,0.3678,56.02,0.3559,3.7008,4.93,5.556,20.0,6.148,49.869,True
2231,120807.0,0.31,0.3893,24.11,0.3132,4.0932,5.74,5.556,20.0,5.5108,18.5971,True
2236,117179.5,1.48,0.3929,38.92,0.3007,4.2426,4.53,5.556,20.0,5.3085,33.6142,True
2241,107706.9,0.92,0.2741,93.08,0.3148,3.0232,3.36,5.556,20.0,6.8546,86.2247,True
2246,102817.2,-5.72,0.3259,80.66,0.3357,2.8752,4.47,5.556,20.0,7.2335,73.4223,True
2251,75116.2,0.48,0.3996,76.32,0.3014,4.2109,4.62,5.556,20.0,5.3399,70.9809,True
2256,126653.5,-3.13,0.284,62.82,0.3113,2.7215,3.69,5.556,20.0,7.4006,55.4171,True
2261,103084.1,1.06,0.2959,9.27,0.3389,3.2504,4.47,4.5946,16.54,4.8046,4.467,True
2266,104482.9,-6.54,0.3974,4.73,0.3017,3.4935,4.57,0.4308,1.55,0.1565,4.5705,True
2271,98914.9,-1.57,0.3123,4.75,0.3224,3.1535,3.28,2.1976,7.91,1.4743,3.2788,True
2276,135158.9,-2.35,0.3023,51.77,0.2996,2.9778,3.25,5.556,20.0,6.8476,44.9236,True
2281,113968.4,-7.46,0.2764,73.23,0.3414,2.2174,4.82,5.556,20.0,8.8576,64.3757,True
2286,91886.5,0.67,0.2824,44.57,0.3265,3.08,4.64,5.556,20.0,6.8253,37.7447,True
2291,125514.1,4.54,0.3941,73.41,0.3168,4.5507,5.9,5.556,20.0,5.1519,68.2537,True
2296,101595.9,4.27,0.277,13.4,0.295,3.377,5.55,5.556,20.0,6.2096,7.1921,True
2301,137429.0,3.24,0.29,35.44,0.3163,3.4051,4.91,5.556,20.0,6.29,29.1532,True
2306,158718.1,-6.74,0.3609,5.94,0.3118,3.0503,5.39,1.1218,4.04,0.556,5.3857,True
2311,153594.6,0.58,0.2681,93.55,0.2873,2.9309,5.41,5.556,20.0,6.8624,86.6922,True
2316,150718.8,0.23,0.2563,63.15,0.3433,2.7807,4.69,5.556,20.0,7.4579,55.6937,True
2321,111710.2,-4.78,0.3937,33.3,0.3196,3.6329,3.95,5.556,20.0,6.0245,27.2733,True
2326,107773.1,-5.75,0.3359,76.33,0.3247,2.9702,3.23,5.556,20.0,7.0006,69.3296,True
2331,79473.1,-0.23,0.3511,19.6,0.2958,3.6653,4.98,5.556,20.0,5.8546,13.7497,True
2336,123217.1,-4.11,0.2649,31.85,0.2945,2.4383,4.79,5.556,20.0,7.9664,23.8844,True
2341,78437.6,1.87,0.2843,13.8,0.297,3.2163,4.01,5.556,20.0,6.4488,7.3501,True
2346,102597.5,1.11,0.3666,47.51,0.3062,3.9484,5.78,5.556,20.0,5.6103,41.8991,True
2351,98482.4,0.24,0.361,66.68,0.3097,3.8081,5.44,5.556,20.0,5.774,60.9052,True
2356,122981.8,0.45,0.3363,37.0,0.3062,3.5874,4.18,5.556,20.0,6.0038,31.0005,True
2361,133030.8,6.88,0.3129,29.27,0.3216,3.9792,5.83,5.556,20.0,5.6658,23.6023,True
2366,74622.8,-5.25,0.3215,81.01,0.3032,2.8785,4.89,5.556,20.0,7.0465,73.9643,True
2371,153192.8,-1.94,0.2637,18.44,0.3076,2.6403,5.91,5.556,20.0,7.5549,10.881,True
2376,110370.5,4.94,0.3672,90.74,0.3077,4.325,4.35,5.556,20.0,5.2782,85.4631,True
2381,162879.6,4.62,0.3492,30.62,0.3056,4.0747,3.68,5.556,20.0,5.486,25.1368,True
2386,150765.4,-7.29,0.3661,8.13,0.3059,3.112,5.27,3.379,12.16,2.868,5.2659,True
2391,138773.0,-2.7,0.3589,40.65,0.3252,3.4994,3.07,5.556,20.0,6.2176,34.4316,True
2396,93207.4,2.28,0.3222,46.17,0.315,3.627,5.91,5.556,20.0,6.0053,40.1627,True
2401,163936.1,-1.8,0.2679,64.45,0.2919,2.6955,5.98,5.556,20.0,7.3478,57.1001,True
2406,103478.1,6.91,0.3709,54.79,0.321,4.5492,3.48,5.556,20.0,5.1761,49.6184,True
2411,85435.4,-6.67,0.281,5.61,0.291,2.3418,3.58,2.4827,8.94,2.0385,3.5751,True
2416,147611.9,1.46,0.2883,83.14,0.3374,3.2153,3.12,5.556,20.0,6.675,76.4644,True
2421,126737.4,-3.5,0.342,33.91,0.3115,3.2543,5.14,5.556,20.0,6.4737,27.4315,True
2426,130709.3,2.08,0.3012,99.66,0.3157,3.4019,5.68,5.556,20.0,6.2911,93.3661,True
2431,99961.9,-5.96,0.3441,53.92,0.3414,3.03,3.37,5.556,20.0,6.9909,46.9317,True
2436,94305.9,-1.42,0.3776,25.74,0.3046,3.8085,4.52,5.556,20.0,5.7451,19.99,True
2441,93724.3,-3.82,0.31,95.55,0.2885,2.9081,4.42,5.556,20.0,6.9104,88.6437,True
2446,94112.9,-4.99,0.3202,76.84,0.2794,2.893,3.48,5.556,20.0,6.8878,69.9484,True
2451,150502.3,3.0,0.2864,46.15,0.3078,3.3462,3.67,5.556,20.0,6.3227,39.8237,True
2456,149871.4,-6.43,0.3461,31.85,0.3239,3.0031,4.09,5.556,20.0,6.939,24.9136,True
2461,114856.7,-4.51,0.3858,98.8,0.3116,3.5826,5.53,5.556,20.0,6.0397,92.7587,True
2466,90486.1,3.78,0.3414,69.18,0.3222,3.9612,4.78,5.556,20.0,5.6867,63.4943,True
2471,90146.4,3.08,0.3461,14.71,0.3013,3.9398,3.08,5.556,20.0,5.5918,9.1149,True
2476,117370.1,7.51,0.3695,74.47,0.3012,4.5928,5.02,5.556,20.0,5.0342,69.4373,True
2481,128891.1,6.79,0.3936,74.53,0.2998,4.76,5.83,5.556,20.0,4.9083,69.6227,True
2486,99546.0,7.78,0.3912,16.58,0.3314,4.8305,4.77,5.556,20.0,5.0365,11.5426,True
2491,75870.6,-2.01,0.3943,33.54,0.2882,3.9136,3.26,5.556,20.0,5.5453,27.9924,True
2496,164041.2,-5.87,0.2555,11.71,0.3386,2.1716,4.14,5.0456,18.16,7.5701,4.1361,True
2501,120686.9,1.82,0.2779,28.29,0.3488,3.1485,4.91,5.556,20.0,6.8405,21.4467,True
2506,155090.7,-7.57,0.3488,50.38,0.3381,2.9147,5.64,5.556,20.0,7.1741,43.2095,True
2511,147650.7,5.31,0.3164,8.2,0.3281,3.8628,3.94,4.6095,16.59,4.2626,3.9403,True
2516,138410.2,2.96,0.3935,54.62,0.3421,4.392,5.7,5.556,20.0,5.4147,49.2021,True
2521,122715.4,-5.37,0.2942,61.22,0.2905,2.6006,3.85,5.556,20.0,7.5493,53.6662,True
2526,94113.5,-3.8,0.2841,34.97,0.3057,2.6568,5.98,5.556,20.0,7.5081,27.4639,True
2531,153674.6,-3.67,0.284,12.01,0.334,2.6687,5.6,5.0221,18.08,6.4027,5.6049,True
2536,102288.5,1.35,0.2846,87.04,0.2969,3.169,5.77,5.556,20.0,6.5203,80.5176,True
2541,156605.0,-2.75,0.3926,95.56,0.3235,3.4871,3.74,5.556,20.0,6.2237,89.3359,True
2546,110436.9,-6.9,0.358,44.33,0.3072,3.0718,3.84,5.556,20.0,6.7313,37.5946,True
2551,162622.8,3.62,0.3423,89.7,0.3185,3.9552,5.68,5.556,20.0,5.6718,84.0268,True
2556,122019.2,-7.3,0.2883,35.48,0.3356,2.3499,5.36,5.556,20.0,8.4327,27.0512,True
2561,159775.9,-4.47,0.3841,60.78,0.2661,3.2489,3.83,5.556,20.0,6.2292,54.5536,True
2566,144790.0,0.85,0.27,13.41,0.2899,2.9755,5.59,5.556,20.0,6.7982,6.6151,True
2571,146308.9,3.53,0.2551,74.11,0.2849,3.0911,4.44,5.556,20.0,6.576,67.5323,True
2576,128486.8,-1.79,0.2524,35.05,0.3335,2.5443,5.02,5.556,20.0,7.9193,27.1265,True
2581,82929.4,-1.73,0.3869,10.34,0.33,3.8696,3.3,5.556,20.0,5.8222,4.5181,True
2586,87452.5,-3.21,0.3527,58.45,0.294,3.3881,5.08,5.556,20.0,6.189,52.2606,True
2591,104258.5,-1.28,0.3062,78.58,0.2987,3.1225,3.22,5.556,20.0,6.6024,71.9816,True
2596,112800.5,3.21,0.2545,79.86,0.2969,3.0544,4.38,5.556,20.0,6.7029,73.1619,True
2601,109099.2,-0.29,0.3115,37.53,0.2812,3.2717,3.01,5.556,20.0,6.2797,31.2502,True
2606,154188.7,4.05,0.3992,70.96,0.3389,4.2087,5.78,5.556,20.0,5.5503,65.4111,True
2611,163232.7,1.39,0.3557,74.2,0.3014,3.751,4.14,5.556,20.0,5.7895,68.4128,True
2616,145652.7,-6.52,0.3715,3.02,0.2836,3.2423,4.16,0.0,0.0,0.0,3.0168,True
2621,154793.1,-2.49,0.273,25.12,0.2987,2.6769,5.75,5.556,20.0,7.4252,17.6941,True
2626,127676.2,4.49,0.3762,84.78,0.3159,4.3708,4.75,5.556,20.0,5.2862,79.4987,True
2631,159223.4,-6.56,0.2888,94.86,0.2754,2.4286,3.57,5.556,20.0,7.8854,86.9773,True
2636,108045.2,-6.03,0.2811,16.22,0.2961,2.4065,4.88,5.556,20.0,8.059,8.1654,True
2641,123701.1,5.16,0.3256,99.97,0.3002,3.939,3.94,5.556,20.0,5.5863,94.3825,True
2646,96568.9,-3.91,0.2581,27.1,0.3013,2.3906,4.83,5.556,20.0,8.1306,18.9711,True
2651,121319.4,0.65,0.2986,92.38,0.2981,3.2373,3.64,5.556,20.0,6.4238,85.9596,True
2656,162170.4,1.67,0.2965,13.98,0.3191,3.3163,5.73,5.556,20.0,6.4269,7.5549,True
2661,87842.8,2.89,0.3415,79.45,0.2914,3.8757,4.42,5.556,20.0,5.6015,73.8497,True
2666,162052.4,-4.38,0.2909,40.15,0.2921,2.6659,4.55,5.556,20.0,7.4123,32.7424,True
2671,104868.3,-0.61,0.3078,54.29,0.3077,3.204,4.4,5.556,20.0,6.5268,47.7666,True
2676,81649.4,7.8,0.3683,63.11,0.3274,4.6084,3.1,5.556,20.0,5.1685,57.9437,True
2681,139776.4,3.19,0.2744,44.65,0.2823,3.2474,3.02,5.556,20.0,6.3213,38.3288,True
2686,132678.7,-3.15,0.3265,89.15,0.3098,3.1364,3.42,5.556,20.0,6.6425,82.5102,True
2691,113065.6,-2.19,0.2524,86.57,0.2781,2.5041,5.96,5.556,20.0,7.7085,78.863,True
2696,149833.9,1.47,0.254,13.58,0.3237,2.8797,3.21,5.556,20.0,7.1583,6.4233,True
2701,155838.1,7.55,0.3701,44.5,0.325,4.5125,3.49,5.556,20.0,5.2261,39.2725,True
2706,86536.3,1.47,0.3879,76.39,0.3056,4.1927,3.98,5.556,20.0,5.3794,71.0114,True
2711,129998.8,7.52,0.2582,43.63,0.2961,3.5043,5.24,5.556,20.0,6.0494,37.5827,True
2716,147437.0,7.05,0.3143,86.34,0.2898,4.0089,4.97,5.556,20.0,5.4601,80.8798,True
2721,121979.6,-5.02,0.321,57.96,0.3033,2.8973,3.08,5.556,20.0,7.0122,50.9453,True
2726,98856.8,-0.03,0.2864,8.84,0.2852,3.0501,5.31,3.8531,13.87,3.5327,5.3067,True
2731,104620.2,4.84,0.264,77.29,0.3323,3.304,5.7,5.556,20.0,6.5179,70.7692,True
2736,142352.0,-2.63,0.2924,12.25,0.3358,2.8541,3.78,5.556,20.0,7.2734,4.9741,True
2741,102220.4,2.36,0.3931,96.64,0.2989,4.33,4.18,5.556,20.0,5.225,91.4117,True
2746,112899.8,1.94,0.3864,16.14,0.3415,4.2241,4.25,5.556,20.0,5.5513,10.5921,True
2751,140996.5,-3.85,0.3171,56.49,0.2858,2.9753,3.59,5.556,20.0,6.7755,49.7175,True
2756,150365.8,-2.27,0.2773,91.87,0.3093,2.7414,3.48,5.556,20.0,7.3483,84.5202,True
2761,88372.5,-1.41,0.3335,7.61,0.296,3.3773,5.42,2.9765,10.72,2.1925,5.4205,True
2766,159041.5,-7.21,0.3899,34.47,0.2969,2.9978,4.32,5.556,20.0,6.7979,27.672,True
2771,85889.9,-7.01,0.2933,74.33,0.3223,2.4277,3.72,5.556,20.0,8.1482,66.1828,True
2776,139728.6,6.08,0.3563,48.09,0.3219,4.3275,4.96,5.556,20.0,5.3553,42.7313,True
2781,164827.1,5.55,0.3089,89.8,0.3479,3.8124,5.07,5.556,20.0,5.9815,83.8201,True
2786,138735.5,4.66,0.2848,26.7,0.3178,3.4919,5.11,5.556,20.0,6.1857,20.511,True
2791,89677.5,2.12,0.2832,8.39,0.3256,3.2294,4.14,4.2982,15.47,4.2597,4.1353,True
2796,115732.6,2.14,0.3567,33.06,0.2695,3.9519,5.12,5.556,20.0,5.4031,27.6548,True
2801,125035.6,6.1,0.3064,73.56,0.3291,3.8411,5.41,5.556,20.0,5.8469,67.7162,True
2806,118896.4,-5.19,0.3256,24.1,0.306,2.9252,5.31,5.556,20.0,6.9767,17.123,True
2811,102220.2,-7.28,0.3305,22.76,0.3439,2.7647,4.24,5.556,20.0,7.4933,15.2708,True
2816,86388.2,0.27,0.3548,29.58,0.3067,3.7518,3.02,5.556,20.0,5.8181,23.7587,True
2821,97743.9,5.24,0.2506,20.58,0.296,3.212,5.26,5.556,20.0,6.4498,14.1268,True
2826,83715.9,-3.22,0.2849,33.3,0.2785,2.7225,3.89,5.556,20.0,7.2163,26.0869,True
2831,129790.0,-6.21,0.3335,29.03,0.3338,2.9002,3.68,5.556,20.0,7.1766,21.8547,True
2836,149406.1,4.56,0.2958,42.73,0.2895,3.5891,5.34,5.556,20.0,5.9086,36.8224,True
2841,152068.3,-5.23,0.2717,15.54,0.3098,2.393,3.49,5.556,20.0,8.1711,7.3698,True
2846,120960.3,-3.43,0.3444,51.4,0.3082,3.2839,5.82,5.556,20.0,6.4124,44.9857,True
2851,146942.7,-2.86,0.3729,75.67,0.3181,3.6202,5.92,5.556,20.0,6.0308,69.6441,True
2856,89428.6,2.38,0.2606,77.67,0.3168,3.0332,5.3,5.556,20.0,6.8486,70.82,True
2861,159363.0,1.14,0.3813,52.28,0.2921,3.8086,3.15,5.556,20.0,5.6753,46.6002,True
2866,136450.6,-4.37,0.2601,99.16,0.2854,2.3653,4.65,5.556,20.0,8.111,91.0477,True
2871,143357.2,2.28,0.2741,10.89,0.2922,3.1554,3.99,5.556,20.0,6.5147,4.3802,True
2876,133773.0,-7.83,0.3929,43.69,0.3128,3.3203,3.06,5.556,20.0,6.3862,37.3083,True
2881,142696.3,2.44,0.327,35.97,0.3275,3.6896,4.36,5.556,20.0,6.003,29.9664,True
2886,131865.7,1.01,0.2705,86.23,0.2831,2.9961,3.89,5.556,20.0,6.7245,79.5096,True
2891,115312.7,-6.02,0.2795,95.89,0.3283,2.3919,3.88,5.556,20.0,8.2766,87.6141,True
2896,85677.1,-4.91,0.3148,65.03,0.283,2.8472,4.79,5.556,20.0,6.9931,58.0383,True
2901,143331.9,-7.95,0.3588,73.79,0.3317,2.9746,3.95,5.556,20.0,7.0319,66.7588,True
2906,97292.4,-0.71,0.3778,41.86,0.3502,3.8806,4.33,5.556,20.0,5.9233,35.9379,True
2911,152607.9,-1.37,0.3895,89.61,0.3136,3.7143,5.31,5.556,20.0,5.8978,83.7166,True
2916,76602.5,-6.46,0.3725,78.69,0.3311,3.2582,4.11,5.556,20.0,6.5767,72.1149,True
2921,102970.4,-3.38,0.3474,43.99,0.299,3.3188,5.82,5.556,20.0,6.3118,37.6799,True
2926,126955.1,-2.75,0.2729,26.73,0.3054,2.6507,3.15,5.556,20.0,7.5195,19.215,True
2931,116897.9,-0.24,0.2996,63.01,0.2867,3.1599,4.72,5.556,20.0,6.4776,56.5328,True
2936,130483.5,6.06,0.3175,54.31,0.2929,3.9461,5.24,5.556,20.0,5.5386,48.7689,True
2941,156473.1,-0.07,0.3877,23.25,0.3245,3.7534,5.56,5.556,20.0,5.9151,17.3383,True
2946,131814.4,0.96,0.3089,96.22,0.3245,3.3692,3.18,5.556,20.0,6.3843,89.8355,True
2951,78414.5,2.47,0.3027,40.12,0.2966,3.4548,3.04,5.556,20.0,6.1157,34.0029,True
2956,130257.1,-2.84,0.2936,27.33,0.3068,2.8456,3.27,5.556,20.0,7.1285,20.1982,True
2961,112446.7,-5.0,0.2884,66.27,0.2743,2.5795,4.95,5.556,20.0,7.5075,58.7663,True
2966,97813.2,-2.33,0.3353,40.55,0.3284,3.3039,3.52,5.556,20.0,6.4964,34.05,True
2971,126098.0,2.49,0.2956,65.67,0.3018,3.3879,4.98,5.556,20.0,6.2328,59.4338,True
2976,158463.2,5.53,0.3603,91.05,0.2985,4.2569,4.29,5.556,20.0,5.2841,85.7612,True
2981,117223.4,-6.66,0.2932,98.05,0.2922,2.462,5.11,5.556,20.0,7.8928,90.1547,True
2986,131142.3,-3.43,0.2993,22.05,0.2901,2.8417,3.09,5.556,20.0,7.043,15.0044,True
2991,148447.1,7.55,0.2779,80.41,0.2987,3.7005,3.3,5.556,20.0,5.8305,74.5797,True
2996,103029.0,-5.95,0.2819,26.22,0.2985,2.4216,4.23,5.556,20.0,8.0321,18.183,True
3001,158756.3,-4.96,0.39,31.52,0.3229,3.2233,4.01,5.556,20.0,6.5825,24.9351,True
3006,117082.5,-3.2,0.3175,91.93,0.3101,3.0432,5.09,5.556,20.0,6.7949,85.1306,True
3011,123570.9,-0.47,0.3602,29.24,0.3107,3.7313,4.49,5.556,20.0,5.863,23.3765,True
3016,141858.8,6.63,0.286,92.77,0.3094,3.6924,4.71,5.556,20.0,5.8993,86.8725,True
3021,76558.7,1.55,0.3171,61.2,0.3292,3.5067,3.23,5.556,20.0,6.2303,54.9737,True
3026,148684.8,4.03,0.2893,12.86,0.3286,3.4742,5.75,5.556,20.0,6.2683,6.5913,True
3031,80852.1,-0.06,0.3183,87.6,0.3251,3.36,4.1,5.556,20.0,6.4,81.2014,True
3036,85651.8,3.53,0.3417,95.96,0.3342,3.9405,4.97,5.556,20.0,5.7735,90.1905,True
3041,155669.8,4.6,0.2575,74.4,0.2874,3.2173,5.58,5.556,20.0,6.3943,68.0022,True
3046,91651.3,-6.55,0.2564,22.82,0.322,2.1122,3.07,5.556,20.0,9.0962,13.7265,True
3051,110951.2,-3.31,0.2804,70.88,0.2884,2.6682,3.36,5.556,20.0,7.3874,63.4976,True
3056,76516.2,7.94,0.3485,21.62,0.309,4.4277,5.48,5.556,20.0,5.2027,16.42,True
3061,92665.7,2.14,0.3336,41.85,0.3307,3.7261,4.81,5.556,20.0,5.9798,35.871,True
3066,83704.7,-2.23,0.2586,41.82,0.3132,2.5618,4.17,5.556,20.0,7.7652,34.0591,True
3071,158309.3,6.02,0.3506,59.78,0.3462,4.2663,3.25,5.556,20.0,5.5414,54.2341,True
3076,119403.2,2.03,0.3198,86.31,0.3291,3.5793,4.9,5.556,20.0,6.1404,80.1731,True
3081,94860.4,-6.12,0.3515,43.24,0.3585,3.086,3.2,5.556,20.0,6.9935,36.246,True
3086,101987.3,5.5,0.3207,33.38,0.3351,3.9242,5.46,5.556,20.0,5.7947,27.5839,True
3091,131025.5,-0.43,0.3708,66.17,0.2871,3.8394,3.04,5.556,20.0,5.6153,60.5566,True
3096,148131.9,0.21,0.2605,87.9,0.2956,2.8208,3.24,5.556,20.0,7.114,80.7907,True
3101,77464.4,-1.21,0.3927,66.73,0.3025,3.9771,5.5,5.556,20.0,5.5613,61.1694,True
3106,137639.8,-2.89,0.3742,73.56,0.3127,3.63,5.48,5.556,20.0,5.9893,67.5753,True
3111,138626.4,-6.21,0.3454,38.73,0.2883,3.0179,3.83,5.556,20.0,6.716,32.0136,True
3116,91344.2,5.79,0.3493,79.7,0.3128,4.2309,5.41,5.556,20.0,5.3859,74.3175,True
3121,82637.3,-2.82,0.2608,50.46,0.2938,2.5261,4.3,5.556,20.0,7.7428,42.7173,True
3126,133014.3,-7.98,0.2806,8.77,0.296,2.2072,4.1,3.9357,14.17,4.6741,4.0964,True
3131,76729.7,0.79,0.3421,30.23,0.3163,3.6776,5.66,5.556,20.0,5.9543,24.2751,True
3136,137490.6,-7.95,0.2552,62.29,0.3178,1.9618,4.19,5.556,20.0,9.6335,52.6596,True
3141,117996.4,4.2,0.2809,3.86,0.3134,3.4089,5.07,0.0,0.0,0.0,3.8565,True
3146,111389.0,-6.38,0.3642,27.77,0.3204,3.1847,5.29,5.556,20.0,6.6268,21.1465,True
3151,82804.4,-7.17,0.3724,52.77,0.3042,3.1863,5.72,5.556,20.0,6.534,46.2313,True
3156,92000.6,-1.15,0.2528,97.21,0.2659,2.6109,5.65,5.556,20.0,7.3888,89.8252,True
3161,152731.5,7.93,0.2673,22.05,0.3105,3.6333,5.15,5.556,20.0,5.9734,16.0781,True
3166,80247.8,4.48,0.3653,91.42,0.3417,4.2627,5.48,5.556,20.0,5.5195,85.8974,True
3171,109059.6,-6.27,0.305,82.24,0.3037,2.6167,5.04,5.556,20.0,7.5858,74.6496,True
3176,154195.8,-3.86,0.2565,74.08,0.2987,2.3802,5.83,5.556,20.0,8.1438,65.9317,True
3181,135848.2,7.06,0.2865,25.04,0.2634,3.7379,3.46,5.556,20.0,5.5924,19.4503,True
3186,148568.0,-3.14,0.3479,51.6,0.3026,3.3482,4.18,5.556,20.0,6.291,45.3051,True
3191,153859.7,4.36,0.3145,79.51,0.2914,3.7536,4.55,5.556,20.0,5.7311,73.7754,True
3196,93564.6,2.33,0.313,80.19,0.3207,3.5423,5.84,5.556,20.0,6.1388,74.049,True
3201,105859.9,-1.79,0.2599,29.12,0.3004,2.6182,4.02,5.556,20.0,7.5645,21.5536,True
3206,104152.9,0.94,0.333,42.46,0.2858,3.6026,5.21,5.556,20.0,5.8722,36.5896,True
3211,78573.1,3.11,0.2851,52.15,0.2939,3.3448,4.33,5.556,20.0,6.2472,45.9071,True
3216,78156.4,2.95,0.3478,82.89,0.2947,3.9438,5.92,5.556,20.0,5.5508,77.3409,True
3221,130485.0,4.78,0.3905,50.87,0.3227,4.5387,4.91,5.556,20.0,5.1933,45.6777,True
3226,161681.5,-1.28,0.2646,36.04,0.3438,2.7142,5.58,5.556,20.0,7.597,28.4469,True
3231,81170.5,2.87,0.2768,16.73,0.3271,3.2397,3.01,5.556,20.0,6.5816,10.1461,True
3236,89019.9,5.11,0.2543,98.51,0.3036,3.2367,4.05,5.556,20.0,6.4556,92.0521,True
3241,84030.5,7.02,0.2634,80.21,0.3135,3.508,5.99,5.556,20.0,6.1416,74.0701,True
3246,142843.2,-4.26,0.3079,79.34,0.3116,2.8439,4.64,5.556,20.0,7.1586,72.1779,True
3251,135484.3,-1.44,0.3854,72.28,0.3236,3.8823,4.2,5.556,20.0,5.7736,66.5069,True
3256,122324.4,-2.11,0.3451,90.52,0.3289,3.422,4.08,5.556,20.0,6.3378,84.1794,True
3261,120355.1,0.35,0.3746,8.96,0.3028,3.9531,5.61,4.0878,14.72,3.3512,5.6083,True
3266,104814.6,-3.05,0.3321,48.87,0.3102,3.2011,4.35,5.556,20.0,6.545,42.3297,True
3271,136828.6,1.53,0.3798,49.99,0.3393,4.1196,5.12,5.556,20.0,5.6317,44.3563,True
3276,133585.8,-6.64,0.3517,60.97,0.3016,3.0361,5.37,5.556,20.0,6.7591,54.2068,True
3281,94860.5,-3.77,0.2698,79.85,0.2914,2.5196,5.23,5.556,20.0,7.7449,72.1042,True
3286,98776.4,5.13,0.267,90.54,0.3099,3.3619,5.76,5.556,20.0,6.3125,84.2307,True
3291,99722.5,6.06,0.3643,67.53,0.3398,4.4035,4.76,5.556,20.0,5.3932,62.1399,True
3296,113710.3,7.8,0.3477,39.99,0.2787,4.4073,5.94,5.556,20.0,5.0507,34.9392,True
3301,121322.0,-7.37,0.2524,40.88,0.3105,1.9921,5.3,5.556,20.0,9.4732,31.4033,True
3306,162376.9,-3.48,0.393,6.71,0.3539,3.2911,3.32,3.7013,13.32,3.3913,3.3176,True
3311,121455.6,-0.93,0.2763,53.06,0.3457,2.8632,3.0,5.556,20.0,7.3114,45.7472,True
3316,128177.6,5.61,0.2937,48.18,0.3045,3.6693,4.12,5.556,20.0,5.8983,42.2769,True
3321,109150.3,-5.95,0.2614,77.15,0.3239,2.2212,4.01,5.556,20.0,8.7486,68.3968,True
3326,127216.6,-6.77,0.2649,11.83,0.2948,2.1742,3.51,5.4086,19.47,8.3216,3.5069,True
3331,118663.5,-6.37,0.2901,15.98,0.3518,2.4607,4.28,5.556,20.0,8.2272,7.7574,True
3336,149862.2,-0.56,0.2567,16.34,0.2956,2.708,5.73,5.556,20.0,7.3417,9.0008,True
3341,146431.5,-7.47,0.3006,63.57,0.317,2.4536,3.56,5.556,20.0,8.0518,55.5157,True
3346,112999.9,4.55,0.3106,60.87,0.3037,3.7332,4.76,5.556,20.0,5.8217,55.0505,True
3351,160409.3,-5.99,0.39,39.64,0.3165,3.087,4.78,5.556,20.0,6.7582,32.8773,True
3356,108602.9,-5.25,0.3695,29.49,0.3452,3.3497,4.65,5.556,20.0,6.5255,22.9613,True
3361,120065.4,-2.69,0.2613,63.57,0.3038,2.5422,3.95,5.556,20.0,7.7594,55.8155,True
3366,129835.2,5.8,0.3904,81.21,0.2865,4.634,4.48,5.556,20.0,4.9225,76.2878,True
3371,144973.6,1.61,0.3811,72.35,0.3252,4.1395,5.17,5.556,20.0,5.5355,66.817,True
3376,119030.9,7.1,0.3396,40.2,0.3293,4.2615,5.73,5.556,20.0,5.4516,34.7527,True
3381,101487.3,-7.44,0.3068,82.04,0.2898,2.517,5.26,5.556,20.0,7.742,74.2979,True
3386,82174.2,-2.5,0.3557,84.08,0.302,3.4872,4.31,5.556,20.0,6.1042,77.9764,True
3391,162623.1,6.12,0.3637,66.76,0.3392,4.2262,5.26,5.556,20.0,5.5366,61.2203,True
3396,74108.6,3.36,0.3706,70.09,0.3189,4.2068,4.36,5.556,20.0,5.4407,64.6498,True
3401,163660.0,-0.69,0.3425,61.97,0.2763,3.5363,3.67,5.556,20.0,5.8999,56.0683,True
3406,147331.7,5.27,0.3972,12.08,0.3096,4.4938,3.55,5.556,20.0,5.1546,6.9213,True
3411,80033.4,2.24,0.3021,58.38,0.3038,3.4263,5.89,5.556,20.0,6.1928,52.1855,True
3416,77987.7,7.81,0.3605,63.94,0.3282,4.5331,5.9,5.556,20.0,5.2285,58.708,True
3421,141014.5,-0.28,0.3301,96.99,0.3246,3.4539,3.8,5.556,20.0,6.2722,90.7174,True
3426,98929.0,-0.2,0.3706,80.69,0.3321,3.8601,5.62,5.556,20.0,5.8437,74.8445,True
3431,115681.4,-0.41,0.3725,56.87,0.3001,3.8578,5.12,5.556,20.0,5.6684,51.2035,True
3436,144830.9,-7.16,0.3642,98.32,0.3174,3.106,4.48,5.556,20.0,6.7326,91.5913,True
3441,76121.3,3.63,0.3804,37.02,0.3065,4.3286,3.4,5.556,20.0,5.2685,31.753,True
3446,97555.2,2.04,0.3878,14.98,0.316,4.2466,3.78,5.556,20.0,5.3903,9.59,True
3451,94633.8,-5.86,0.2972,49.47,0.3149,2.5804,3.06,5.556,20.0,7.731,41.7344,True
3456,140905.5,-7.54,0.3757,6.5,0.316,3.1815,5.14,2.1015,7.57,1.3582,5.1374,True
3461,160025.3,-3.63,0.2753,8.61,0.313,2.5881,5.36,3.373,12.14,3.2539,5.3595,True
3466,113325.7,-6.21,0.258,51.23,0.3316,2.1617,3.22,5.556,20.0,8.9823,42.2469,True
3471,143652.6,2.58,0.2786,70.11,0.3163,3.2292,3.77,5.556,20.0,6.5372,63.5738,True
3476,117700.2,2.19,0.3838,50.97,0.3079,4.2222,3.98,5.556,20.0,5.3662,45.6073,True
3481,107678.7,-2.54,0.2851,4.13,0.2805,2.7902,4.23,0.0,0.0,0.0,4.1265,True
3486,148847.3,5.58,0.3323,90.38,0.3299,4.0451,3.37,5.556,20.0,5.6485,84.73,True
3491,113232.9,5.58,0.3767,84.23,0.2733,4.4798,5.76,5.556,20.0,4.9636,79.2618,True
3496,148579.4,4.83,0.3412,71.24,0.2824,4.0605,5.35,5.556,20.0,5.3703,65.8689,True
3501,126131.0,7.69,0.2839,73.52,0.2947,3.772,3.14,5.556,20.0,5.7292,67.789,True
3506,120707.5,5.53,0.2774,76.11,0.3065,3.5022,3.68,5.556,20.0,6.1103,70.0026,True
3511,96333.3,-5.52,0.3146,73.54,0.3345,2.785,4.29,5.556,20.0,7.4009,66.1364,True
3516,153071.7,3.53,0.397,80.71,0.3087,4.1836,3.25,5.556,20.0,5.4042,75.309,True
3521,133454.2,4.32,0.2509,8.58,0.3068,3.1262,3.24,4.8987,17.64,5.3409,3.2385,True
3526,146914.2,1.63,0.3933,64.48,0.3328,4.1483,5.15,5.556,20.0,5.5695,58.9134,True
3531,157155.7,1.11,0.2541,41.09,0.3179,2.8464,5.88,5.556,20.0,7.1891,33.8963,True
3536,76773.3,4.1,0.3749,65.0,0.3289,4.3206,3.57,5.556,20.0,5.3995,59.6046,True
3541,123180.9,-3.31,0.3243,22.76,0.328,3.0991,4.53,5.556,20.0,6.8025,15.9595,True
3546,88878.5,-1.76,0.3299,41.45,0.3224,3.3075,4.48,5.556,20.0,6.4577,34.9931,True
3551,144293.1,-1.22,0.3473,80.33,0.3302,3.5315,5.91,5.556,20.0,6.2053,74.1201,True
3556,80711.0,6.79,0.3642,86.81,0.2821,4.4714,5.87,5.556,20.0,5.0191,81.7958,True
3561,84143.8,-5.23,0.331,8.52,0.3344,2.9742,4.53,3.9807,14.33,3.9952,4.528,True
3566,157728.1,-2.84,0.3366,59.85,0.3296,3.2661,5.93,5.556,20.0,6.5568,53.2945,True
3571,79807.4,7.39,0.3206,74.0,0.3477,4.1026,5.01,5.556,20.0,5.6941,68.3072,True
3576,103419.2,-4.22,0.2881,73.67,0.3212,2.6545,5.08,5.556,20.0,7.5991,66.0677,True
3581,101128.8,-5.92,0.3082,27.32,0.3325,2.682,3.79,5.556,20.0,7.6021,19.7177,True
3586,114320.3,1.67,0.2768,57.0,0.3319,3.1225,3.74,5.556,20.0,6.787,50.2106,True
3591,135632.3,-4.27,0.3566,47.82,0.2796,3.3205,4.91,5.556,20.0,6.2019,41.6225,True
3596,137781.8,3.69,0.383,70.74,0.3183,4.3604,3.7,5.556,20.0,5.3083,65.4322,True
3601,148741.3,-5.01,0.3284,68.21,0.3124,2.9708,4.26,5.556,20.0,6.9311,61.2834,True
3606,164535.8,-6.45,0.2725,22.66,0.3068,2.2799,5.98,5.556,20.0,8.4743,14.189,True
3611,142561.1,1.9,0.3147,53.88,0.3093,3.5169,5.1,5.556,20.0,6.1071,47.7765,True
3616,132335.7,1.74,0.3003,42.61,0.3142,3.3606,3.04,5.556,20.0,6.3383,36.2761,True
3621,114577.6,6.57,0.3924,33.92,0.3359,4.7271,4.3,5.556,20.0,5.1316,28.7927,True
3626,163867.0,0.26,0.2738,15.78,0.313,2.9557,4.36,5.556,20.0,6.9608,8.8168,True
3631,146167.2,-0.82,0.3306,57.46,0.3087,3.4063,4.49,5.556,20.0,6.2461,51.2162,True
3636,92395.7,-4.45,0.2705,79.94,0.3057,2.4589,5.81,5.556,20.0,7.9756,71.9681,True
3641,109536.1,-5.95,0.2918,68.36,0.3305,2.5189,3.1,5.556,20.0,7.9636,60.3942,True
3646,161714.4,-7.64,0.3638,31.67,0.2885,2.8986,4.56,5.556,20.0,6.9276,24.7461,True
3651,81064.3,-4.66,0.3382,60.36,0.3156,3.1009,3.96,5.556,20.0,6.731,53.6272,True
3656,96279.9,5.38,0.2541,10.93,0.3103,3.2606,3.8,5.556,20.0,6.4577,4.4747,True
3661,105849.9,-7.36,0.3608,50.93,0.3426,3.0527,3.46,5.556,20.0,6.9593,43.9658,True
3666,164763.4,0.17,0.3554,70.53,0.2828,3.6003,3.48,5.556,20.0,5.8583,64.6757,True
3671,97129.6,4.82,0.3932,16.81,0.2927,4.5682,5.61,5.556,20.0,5.0046,11.808,True
3676,136814.5,5.35,0.3215,11.46,0.3242,3.9173,3.98,5.556,20.0,5.7411,5.7151,True
3681,86955.3,3.65,0.3816,81.41,0.3166,4.3428,5.84,5.556,20.0,5.3133,76.095,True
3686,130154.2,-5.43,0.3426,76.55,0.2965,3.0673,4.17,5.556,20.0,6.6795,69.8696,True
3691,113836.2,5.92,0.2985,41.61,0.2871,3.7468,3.39,5.556,20.0,5.7143,35.8939,True
3696,126153.7,-6.93,0.3769,88.05,0.3028,3.2546,4.04,5.556,20.0,6.4249,81.6244,True
3701,96422.0,-7.85,0.3008,44.54,0.3069,2.4176,4.38,5.556,20.0,8.0893,36.4518,True
3706,155574.5,1.16,0.3423,66.43,0.3151,3.7156,3.01,5.556,20.0,5.9046,60.5228,True
3711,91675.7,1.32,0.2977,48.19,0.2884,3.2937,5.73,5.556,20.0,6.2883,41.8993,True
3716,133684.9,-3.42,0.337,40.28,0.2872,3.2122,4.11,5.556,20.0,6.4004,33.8772,True
3721,147565.8,7.15,0.3594,74.21,0.3244,4.4588,4.83,5.556,20.0,5.2642,68.9413,True
3726,75157.4,-1.71,0.3438,44.51,0.3018,3.4487,3.89,5.556,20.0,6.1523,38.3568,True
3731,99301.5,-7.83,0.318,96.32,0.3286,2.5884,4.58,5.556,20.0,7.7888,88.5284,True
3736,98795.9,4.23,0.253,11.14,0.3242,3.1385,5.91,4.8048,17.3,5.2355,5.9065,True
3741,133328.1,0.81,0.3641,45.98,0.3144,3.895,5.75,5.556,20.0,5.7093,40.2669,True
3746,135369.3,-5.69,0.389,90.09,0.3112,3.4961,3.79,5.556,20.0,6.144,83.9475,True
3751,137349.5,-3.7,0.3028,8.44,0.327,2.8499,3.2,4.613,16.61,5.2419,3.1997,True
3756,105876.7,-7.42,0.3297,47.37,0.3231,2.7436,3.51,5.556,20.0,7.4206,39.9472,True
3761,111691.3,3.19,0.2663,23.15,0.294,3.168,3.92,5.556,20.0,6.5055,16.6422,True
3766,163258.4,-3.17,0.3635,61.61,0.2675,3.3035,3.51,5.556,20.0,6.1584,55.4548,True
3771,153820.9,-4.19,0.3262,91.07,0.3202,3.0301,4.89,5.556,20.0,6.8728,84.1957,True
3776,135834.2,-5.3,0.3248,59.87,0.3079,2.9062,5.76,5.556,20.0,7.0213,52.8507,True
3781,150567.7,6.57,0.2845,61.71,0.3424,3.6716,3.53,5.556,20.0,6.1059,55.6063,True
3786,102208.7,6.25,0.3874,16.37,0.2917,4.6485,4.29,5.556,20.0,4.9407,11.4249,True
3791,103023.7,3.34,0.3359,24.18,0.2809,3.8649,3.53,5.556,20.0,5.5544,18.626,True
3796,80253.7,-1.73,0.3308,11.37,0.2902,3.3185,5.67,5.2617,18.94,5.6984,5.6688,True
3801,100986.3,-2.76,0.3408,22.32,0.3356,3.3151,3.69,5.556,20.0,6.5206,15.7982,True
3806,154304.6,-2.82,0.2751,97.48,0.3047,2.6648,3.66,5.556,20.0,7.4848,89.9947,True
3811,122642.9,-2.77,0.2814,88.34,0.3336,2.7323,3.82,5.556,20.0,7.5023,80.8335,True
3816,78749.6,1.92,0.2527,17.91,0.3243,2.9112,3.86,5.556,20.0,7.1037,10.8063,True
3821,138202.5,-5.43,0.2959,83.63,0.3244,2.6108,4.32,5.556,20.0,7.7142,75.9126,True
3826,129985.4,7.05,0.3805,45.87,0.3078,4.6564,4.88,5.556,20.0,5.025,40.8449,True
3831,159250.9,5.58,0.3893,32.77,0.2722,4.2452,5.02,5.556,20.0,5.1483,27.6252,True
3836,159885.4,-1.51,0.3037,92.86,0.2867,3.0755,3.04,5.556,20.0,6.6113,86.2448,True
3841,126066.3,6.21,0.2538,81.79,0.3135,3.3368,5.85,5.556,20.0,6.3671,75.4209,True
3846,146688.1,4.83,0.3777,40.44,0.3383,4.4176,4.89,5.556,20.0,5.3737,35.0698,True
3851,97521.8,7.03,0.3268,30.69,0.2925,4.1284,3.55,5.556,20.0,5.3636,25.3247,True
3856,87452.8,-4.0,0.3459,24.23,0.3256,3.2421,3.8,5.556,20.0,6.5699,17.6577,True
3861,143226.8,2.84,0.3837,19.82,0.3082,4.2848,5.7,5.556,20.0,5.3147,14.5041,True
3866,102968.3,-0.18,0.3547,92.27,0.2935,3.7058,3.42,5.556,20.0,5.7954,86.4706,True
3871,128874.2,4.59,0.313,16.08,0.3109,3.7607,3.65,5.556,20.0,5.8317,10.2516,True
3876,120986.2,1.25,0.2554,3.03,0.3454,2.8727,3.92,0.0,0.0,0.0,3.0299,True
3881,138221.8,1.93,0.3451,27.64,0.2716,3.8173,5.73,5.556,20.0,5.5521,22.0845,True
3886,89225.3,7.84,0.3874,55.39,0.3035,4.7984,4.95,5.556,20.0,4.9028,50.4894,True
3891,108581.1,4.82,0.2864,10.73,0.3194,3.5228,3.86,5.556,20.0,6.1559,4.5766,True
3896,75234.0,-7.22,0.2571,17.61,0.3433,2.0532,4.03,5.556,20.0,9.4249,8.1891,True
3901,128059.8,-5.91,0.349,50.44,0.3145,3.082,5.69,5.556,20.0,6.7551,43.687,True
3906,113439.3,-1.92,0.322,42.25,0.314,3.2139,4.77,5.556,20.0,6.5469,35.7025,True
3911,91248.8,8.0,0.3571,35.47,0.3479,4.5164,4.36,5.556,20.0,5.3505,30.1149,True
3916,165022.3,2.48,0.366,74.96,0.3083,3.8214,5.7,5.556,20.0,5.7518,69.2119,True
3921,76582.7,5.48,0.3901,37.06,0.3372,4.6013,5.0,5.556,20.0,5.228,31.8316,True
3926,126981.6,-2.13,0.3619,95.34,0.3081,3.5844,3.12,5.556,20.0,6.0178,89.3239,True
3931,134045.0,-3.56,0.396,31.39,0.3219,3.7778,3.65,5.556,20.0,5.8741,25.5207,True
3936,140336.8,-4.97,0.3771,85.88,0.2988,3.4515,4.57,5.556,20.0,6.1318,79.7484,True
3941,92303.9,3.91,0.2818,85.91,0.3231,3.3887,5.53,5.556,20.0,6.3496,79.5582,True
3946,157590.7,2.7,0.3302,40.44,0.3328,3.7468,5.63,5.556,20.0,5.9682,34.4723,True
3951,142489.3,-2.2,0.3183,51.55,0.3171,3.1501,5.64,5.556,20.0,6.6615,44.8885,True
3956,106519.2,2.64,0.3922,93.13,0.3105,4.3492,5.51,5.556,20.0,5.2739,87.8575,True
3961,155376.7,1.6,0.2876,38.61,0.3219,3.2221,5.61,5.556,20.0,6.5789,32.0298,True
3966,152319.0,-6.89,0.2681,94.65,0.3137,2.1935,3.34,5.556,20.0,8.7794,85.8714,True
3971,135258.1,7.67,0.2985,49.76,0.3098,3.9129,3.94,5.556,20.0,5.6659,44.0949,True
3976,158625.3,2.11,0.3232,13.52,0.289,3.6216,5.08,5.556,20.0,5.8678,7.6475,True
3981,119118.8,-7.97,0.2978,35.2,0.3149,2.3763,3.93,5.556,20.0,8.245,26.958,True
3986,149824.7,-1.71,0.3166,85.62,0.2609,3.1827,5.71,5.556,20.0,6.299,79.3213,True
3991,118703.1,7.69,0.2946,33.28,0.2964,3.8777,3.39,5.556,20.0,5.6271,27.6497,True
3996,135240.2,4.07,0.3168,31.08,0.3123,3.7478,5.2,5.556,20.0,5.8537,25.229,True
4001,149300.1,-0.64,0.3354,40.22,0.2983,3.4722,3.07,5.556,20.0,6.1026,34.1158,True
4006,154682.2,-2.01,0.2622,88.78,0.3176,2.6179,3.13,5.556,20.0,7.6603,81.1162,True
4011,95358.1,5.46,0.3871,6.96,0.3057,4.5696,5.54,2.4615,8.86,1.4155,5.5421,True
4016,123673.2,-1.68,0.399,89.23,0.3296,3.993,3.51,5.556,20.0,5.6965,83.5362,True
4021,119549.0,-3.36,0.2538,41.63,0.3106,2.4026,5.49,5.556,20.0,8.1496,33.4783,True
4026,141117.9,3.16,0.306,59.84,0.3272,3.5546,3.96,5.556,20.0,6.1598,53.6794,True
4031,153829.8,7.38,0.3351,28.45,0.3051,4.2435,3.06,5.556,20.0,5.3325,23.1143,True
4036,144592.4,-0.19,0.3118,13.54,0.3018,3.2837,3.52,5.556,20.0,6.377,7.1669,True
4041,164444.0,-1.09,0.2743,74.69,0.3082,2.8284,4.09,5.556,20.0,7.1697,67.519,True
4046,154912.6,6.51,0.3921,73.26,0.3067,4.4321,5.53,5.556,20.0,5.1865,68.0694,True
4051,113573.2,-3.1,0.317,32.19,0.305,3.048,5.66,5.556,20.0,6.7587,25.428,True
4056,131668.5,-1.12,0.3004,10.5,0.3239,3.0809,3.63,5.556,20.0,6.8092,3.6921,True
4061,104211.1,-7.15,0.3791,65.1,0.3488,3.2539,5.04,5.556,20.0,6.6813,58.4162,True
4066,145122.9,-6.28,0.3936,70.68,0.3324,3.4202,3.21,5.556,20.0,6.3597,64.3193,True
4071,157956.2,1.82,0.3837,51.1,0.347,3.9058,3.17,5.556,20.0,5.8796,45.2229,True
4076,92300.5,1.53,0.2933,93.89,0.3227,3.2711,5.18,5.556,20.0,6.5116,87.3776,True
4081,92722.9,-3.49,0.2646,30.48,0.3124,2.496,5.06,5.556,20.0,7.9191,22.5567,True
4086,105960.0,6.81,0.2722,58.09,0.3303,3.574,3.79,5.556,20.0,6.1539,51.9365,True
4091,101735.9,4.56,0.3472,92.87,0.3315,4.0936,5.13,5.556,20.0,5.6123,87.2549,True
4096,161831.0,5.91,0.3111,46.93,0.3015,3.8689,5.21,5.556,20.0,5.6644,41.2639,True
4101,95261.8,-5.9,0.2892,34.42,0.3591,2.4977,4.93,5.556,20.0,8.1745,26.2452,True
4106,83342.2,-4.48,0.2932,38.29,0.3038,2.6789,4.81,5.556,20.0,7.4496,30.8373,True
4111,142093.7,-1.43,0.3351,84.74,0.3212,3.3915,5.43,5.556,20.0,6.3358,78.4008,True
4116,93707.0,-6.33,0.2536,80.68,0.3058,2.107,5.32,5.556,20.0,9.0243,71.6525,True
4121,87178.3,2.05,0.3373,33.2,0.3132,3.7532,5.61,5.556,20.0,5.8524,27.3433,True
4126,119454.2,-6.9,0.367,89.36,0.3213,3.1595,3.54,5.556,20.0,6.6703,82.6906,True
4131,157928.8,-6.54,0.2878,11.2,0.3118,2.4208,5.67,4.4739,16.11,5.5289,5.6748,True
4136,109621.6,3.37,0.257,51.65,0.2786,3.0944,5.18,5.556,20.0,6.5355,45.118,True
4141,158608.7,-5.18,0.3982,89.39,0.2899,3.205,3.18,5.556,20.0,6.4264,82.9665,True
4146,139982.6,-2.58,0.3571,71.03,0.3342,3.4927,3.64,5.556,20.0,6.2759,64.7517,True
4151,89711.7,1.49,0.2745,48.31,0.2936,3.083,4.24,5.556,20.0,6.6374,41.6702,True
4156,114740.5,3.28,0.3574,77.83,0.2902,4.0696,4.8,5.556,20.0,5.4049,72.4253,True
4161,161517.7,-6.64,0.254,26.21,0.3109,2.0796,3.44,5.556,20.0,9.1491,17.0562,True
4166,94207.5,7.97,0.3519,74.86,0.2765,4.4644,5.29,5.556,20.0,4.9933,69.869,True
4171,133005.7,0.37,0.3231,33.32,0.3159,3.4501,4.43,5.556,20.0,6.2288,27.0931,True
4176,86732.4,-6.09,0.3489,30.26,0.2985,3.0638,5.86,5.556,20.0,6.696,23.5657,True
4181,153931.0,-6.26,0.3832,41.53,0.2771,3.2051,3.12,5.556,20.0,6.3551,35.1708,True
4186,94005.5,2.72,0.3461,54.97,0.2963,3.9042,3.63,5.556,20.0,5.5994,49.3752,True
4191,161772.7,6.08,0.3072,9.81,0.3168,3.8475,3.07,5.556,20.0,5.7717,4.0369,True
4196,120467.6,-2.28,0.2764,50.48,0.3256,2.731,3.67,5.556,20.0,7.4605,43.0155,True
4201,114109.2,-5.55,0.3801,70.9,0.293,3.4231,5.39,5.556,20.0,6.1367,64.7611,True
4206,76123.1,6.75,0.2568,66.62,0.2917,3.4179,3.51,5.556,20.0,6.1366,60.4798,True
4211,78256.6,-2.24,0.3469,78.55,0.3235,3.4269,3.87,5.556,20.0,6.301,72.2457,True
4216,144783.6,3.59,0.3472,58.91,0.3486,3.9997,4.68,5.556,20.0,5.7957,53.1094,True
4221,160527.8,1.75,0.3382,92.89,0.3265,3.7334,4.84,5.556,20.0,5.9484,86.9418,True
4226,119928.3,4.13,0.3208,48.39,0.3268,3.7924,5.89,5.556,20.0,5.8855,42.5027,True
4231,114249.0,7.93,0.3286,73.09,0.3117,4.2321,4.94,5.556,20.0,5.3788,67.7146,True
4236,155516.0,7.75,0.3057,48.51,0.3025,3.9914,3.52,5.556,20.0,5.5475,42.96,True
4241,119102.3,2.14,0.3568,15.91,0.2882,3.9529,4.26,5.556,20.0,5.5059,10.4069,True
4246,103245.5,-1.46,0.3979,81.72,0.299,4.0036,5.99,5.556,20.0,5.5164,76.2013,True
4251,161136.0,0.6,0.2607,53.54,0.3043,2.8604,5.91,5.556,20.0,7.0868,46.4495,True
4256,145599.9,7.1,0.2627,75.5,0.2987,3.5084,4.71,5.556,20.0,6.059,69.4367,True
4261,97229.7,0.63,0.2666,92.82,0.3534,2.9215,5.64,5.556,20.0,7.2464,85.5729,True
4266,99682.6,0.24,0.2883,35.44,0.3353,3.0965,5.92,5.556,20.0,6.8475,28.5889,True
4271,91437.8,5.9,0.3934,86.05,0.2838,4.6739,4.2,5.556,20.0,4.8793,81.1681,True
4276,99697.7,2.1,0.3743,18.17,0.2831,4.1204,5.63,5.556,20.0,5.3186,12.8552,True
4281,164340.5,-5.85,0.3289,69.26,0.307,2.8912,4.03,5.556,20.0,7.0442,62.2112,True
4286,93885.6,-5.49,0.3121,97.93,0.3168,2.7637,3.48,5.556,20.0,7.3449,90.5849,True
4291,89011.2,-0.76,0.3507,20.24,0.2967,3.6093,5.83,5.556,20.0,5.9246,14.3186,True
4296,78124.4,-3.7,0.3333,27.77,0.3129,3.149,5.13,5.556,20.0,6.6399,21.1333,True
4301,130840.4,2.91,0.3804,59.91,0.3397,4.2595,3.31,5.556,20.0,5.5112,54.3982,True
4306,129962.7,-0.25,0.2719,18.44,0.2857,2.8877,4.09,5.556,20.0,6.9322,11.5051,True
4311,74726.3,-4.32,0.3934,30.62,0.3226,3.6759,5.45,5.556,20.0,5.9913,24.6267,True
4316,75135.2,-1.52,0.3572,38.67,0.311,3.5987,5.44,5.556,20.0,6.0169,32.6485,True
4321,162375.3,3.12,0.2833,91.36,0.3415,3.3276,5.64,5.556,20.0,6.5355,84.8204,True
4326,76880.5,4.7,0.2726,92.53,0.3137,3.3752,5.94,5.556,20.0,6.3156,86.2104,True
4331,95590.8,-7.36,0.3958,11.02,0.3223,3.3964,3.64,5.556,20.0,6.3354,4.6863,True
4336,118450.2,-4.76,0.2817,12.75,0.262,2.5378,3.27,5.556,20.0,7.5378,5.208,True
4341,162860.8,-4.16,0.2923,9.86,0.3037,2.7007,3.16,5.2524,18.91,6.7026,3.1566,True
4346,111910.0,-2.41,0.2824,30.98,0.3239,2.778,4.91,5.556,20.0,7.3558,23.6248,True
4351,110542.5,-7.46,0.3518,52.26,0.3311,2.9558,5.27,5.556,20.0,7.0616,45.2034,True
4356,87604.8,-5.37,0.2587,43.85,0.2936,2.2527,5.42,5.556,20.0,8.4829,35.371,True
4361,124963.1,-4.77,0.3384,54.26,0.3066,3.092,3.28,5.556,20.0,6.6953,47.5604,True
4366,83962.9,-7.86,0.3195,15.27,0.347,2.5999,3.31,5.556,20.0,7.8646,7.4026,True
4371,128293.9,-1.56,0.2736,96.5,0.3199,2.775,3.9,5.556,20.0,7.3394,89.1561,True
4376,118619.9,7.49,0.3136,23.75,0.3249,4.044,3.57,5.556,20.0,5.6217,18.1321,True
4381,159967.6,-5.11,0.2901,67.3,0.2952,2.5856,3.61,5.556,20.0,7.6097,59.688,True
4386,150986.5,2.04,0.3168,5.46,0.2799,3.5514,3.52,2.8545,10.28,1.9461,3.516,True
4391,95290.6,0.44,0.3646,76.77,0.322,3.8642,4.51,5.556,20.0,5.7831,70.985,True
4396,82151.1,-1.25,0.326,53.34,0.3347,3.3197,4.12,5.556,20.0,6.5089,46.8327,True
4401,105582.9,-1.78,0.2538,97.8,0.3353,2.5593,3.07,5.556,20.0,7.8936,89.9076,True
4406,80351.0,-3.59,0.2885,61.4,0.3071,2.7202,3.24,5.556,20.0,7.3803,54.0205,True
4411,77240.9,-0.79,0.3387,80.34,0.3257,3.4898,4.66,5.556,20.0,6.2326,74.1075,True
4416,140872.1,6.47,0.2714,9.59,0.3212,3.5335,5.94,4.074,14.67,3.6572,5.9356,True
4421,124181.2,-3.41,0.2546,60.61,0.2997,2.4065,5.15,5.556,20.0,8.0791,52.5267,True
4426,149331.8,-1.46,0.2576,34.59,0.2994,2.6281,5.22,5.556,20.0,7.5362,27.0501,True
4431,108118.9,3.1,0.368,26.2,0.2762,4.1564,4.75,5.556,20.0,5.248,20.9551,True
4436,95840.9,-5.81,0.35,82.33,0.3206,3.1029,4.17,5.556,20.0,6.7556,75.5712,True
4441,116879.6,4.6,0.3193,65.69,0.3239,3.8234,5.19,5.556,20.0,5.8366,59.8513,True
4446,112037.3,5.05,0.3529,47.95,0.341,4.1967,5.23,5.556,20.0,5.5724,42.373,True
4451,154644.4,-7.59,0.2615,37.98,0.3314,2.0602,3.71,5.556,20.0,9.3334,28.6484,True
4456,116883.0,-1.8,0.2652,76.04,0.3201,2.6693,3.78,5.556,20.0,7.5606,68.4774,True
4461,128243.7,-6.97,0.3985,7.39,0.2994,3.4606,5.88,2.3584,8.49,1.5098,5.8803,True
4466,162883.2,-0.76,0.3103,54.1,0.2966,3.2135,3.48,5.556,20.0,6.4509,47.6468,True
4471,131269.6,-5.77,0.3938,33.1,0.3249,3.5351,4.96,5.556,20.0,6.1713,26.9332,True
4476,130723.5,5.99,0.254,50.82,0.3135,3.3171,4.31,5.556,20.0,6.3951,44.4282,True
4481,162756.4,-2.88,0.2597,3.5,0.3042,2.5085,3.41,0.2532,0.91,0.0898,3.4149,True
4486,150348.9,-6.3,0.3906,26.43,0.3018,3.2858,4.97,5.556,20.0,6.3739,20.0609,True
4491,92436.1,1.83,0.3462,93.97,0.3149,3.8189,3.04,5.556,20.0,5.7912,88.1783,True
4496,95627.9,1.44,0.3789,39.83,0.308,4.1012,3.0,5.556,20.0,5.4748,34.3537,True
4501,141934.0,-6.95,0.3963,60.09,0.2895,3.4393,3.25,5.556,20.0,6.0964,53.9973,True
4506,141523.9,6.32,0.2528,94.37,0.2981,3.3377,4.19,5.556,20.0,6.2808,88.09,True
4511,93994.8,1.98,0.3978,68.44,0.318,4.3401,3.74,5.556,20.0,5.3234,63.1127,True
4516,157382.8,7.35,0.3347,46.36,0.3445,4.2369,4.79,5.556,20.0,5.5571,40.8028,True
4521,110238.1,-3.63,0.2953,38.88,0.3259,2.7831,5.26,5.556,20.0,7.3566,31.5215,True
4526,163820.1,3.62,0.3331,41.25,0.2942,3.864,5.52,5.556,20.0,5.629,35.6251,True
4531,77939.7,1.94,0.3272,18.33,0.2909,3.6437,3.31,5.556,20.0,5.8524,12.4749,True
4536,131573.6,1.72,0.3952,69.23,0.3095,4.2889,3.42,5.556,20.0,5.3183,63.9104,True
4541,119370.5,0.72,0.2643,48.99,0.2744,2.9081,5.69,5.556,20.0,6.8318,42.1547,True
4546,93990.6,-0.68,0.3482,38.48,0.3057,3.5924,5.99,5.556,20.0,5.9949,32.4879,True
4551,98831.2,1.83,0.361,98.44,0.3228,3.9641,4.62,5.556,20.0,5.6869,92.754,True
4556,91689.2,7.33,0.2697,44.94,0.267,3.5991,4.32,5.556,20.0,5.7716,39.1718,True
4561,153225.0,-0.42,0.3676,55.23,0.3561,3.7939,4.38,5.556,20.0,6.0465,49.1854,True
4566,105236.4,0.86,0.3796,81.43,0.2847,4.0523,4.36,5.556,20.0,5.3909,76.0421,True
4571,153469.7,7.73,0.258,74.12,0.2937,3.523,4.17,5.556,20.0,6.0128,68.109,True
4576,110850.8,0.89,0.3695,64.71,0.2734,3.9566,5.95,5.556,20.0,5.42,59.2892,True
4581,125968.1,7.17,0.3959,87.66,0.3288,4.8191,4.92,5.556,20.0,5.0296,82.6265,True
4586,155009.5,-4.72,0.2749,59.17,0.2876,2.4755,5.3,5.556,20.0,7.8329,51.3387,True
4591,143723.5,-7.12,0.3218,52.44,0.3127,2.6956,5.16,5.556,20.0,7.4632,44.9738,True
4596,86837.3,2.14,0.3997,86.32,0.3177,4.3734,3.95,5.556,20.0,5.2941,81.0305,True
4601,101937.0,5.84,0.3397,56.73,0.3389,4.1416,5.53,5.556,20.0,5.6098,51.1169,True
4606,109334.8,-4.84,0.3541,49.01,0.2973,3.2398,5.7,5.556,20.0,6.4158,42.5988,True
4611,126021.4,0.42,0.3498,59.11,0.3225,3.7164,3.32,5.556,20.0,5.9449,53.1628,True
4616,138176.3,-3.12,0.3292,68.05,0.3579,3.1654,4.39,5.556,20.0,6.8646,61.1858,True
4621,158270.1,-4.73,0.3527,27.48,0.3182,3.2366,5.44,5.556,20.0,6.5369,20.9435,True
4626,101613.1,-7.01,0.3733,50.18,0.3212,3.2101,5.66,5.556,20.0,6.5929,43.5848,True
4631,92287.6,4.66,0.3227,40.92,0.319,3.8626,5.31,5.556,20.0,5.7684,35.149,True
4636,153890.4,-5.65,0.3353,35.65,0.2936,2.975,4.79,5.556,20.0,6.8193,28.8331,True
4641,92334.7,-3.79,0.3667,7.5,0.2803,3.4674,5.76,2.6323,9.48,1.7371,5.765,True
4646,140437.5,5.69,0.3984,12.25,0.3082,4.7022,5.25,5.556,20.0,4.9946,7.2531,True
4651,119995.2,-6.71,0.2973,70.41,0.3086,2.4963,3.17,5.556,20.0,7.8973,62.5148,True
4656,111069.5,-1.12,0.3921,43.81,0.3047,3.9807,4.58,5.556,20.0,5.5702,38.2355,True
4661,143517.1,-4.48,0.3769,28.04,0.2954,3.4985,5.07,5.556,20.0,6.0528,21.9877,True
4666,86426.9,7.4,0.3344,36.85,0.313,4.2382,4.38,5.556,20.0,5.3808,31.4673,True
4671,86393.5,1.47,0.2844,55.28,0.2961,3.1779,5.6,5.556,20.0,6.5022,48.7751,True
4676,90649.9,-6.51,0.3821,94.76,0.3229,3.3475,5.79,5.556,20.0,6.4051,88.3567,True
4681,124165.7,-5.83,0.331,99.05,0.2937,2.9144,3.14,5.556,20.0,6.9277,92.1181,True
4686,134811.3,7.18,0.3929,97.61,0.3069,4.7905,4.43,5.556,20.0,4.927,92.6811,True
4691,92045.9,-4.39,0.2974,93.22,0.3401,2.7286,4.44,5.556,20.0,7.5463,85.6694,True
4696,147332.0,-5.52,0.3935,77.39,0.3167,3.4372,4.98,5.556,20.0,6.2498,71.138,True
4701,139338.8,6.03,0.3054,69.49,0.3194,3.8241,5.24,5.556,20.0,5.811,63.6806,True
4706,95862.1,4.45,0.2958,52.4,0.3178,3.5793,3.17,5.556,20.0,6.078,46.3237,True
4711,119999.1,4.64,0.3352,11.68,0.311,3.9832,4.36,5.556,20.0,5.6028,6.0732,True
4716,162924.7,4.08,0.2717,87.3,0.3264,3.3072,3.85,5.556,20.0,6.4804,80.8239,True
4721,90781.9,-1.7,0.3285,90.97,0.3003,3.2997,4.69,5.556,20.0,6.3461,84.6243,True
4726,106715.7,-4.99,0.2662,15.46,0.2858,2.3632,5.51,5.556,20.0,8.1191,7.3431,True
4731,81542.4,2.58,0.3505,7.66,0.3286,3.9338,3.99,4.2334,15.24,3.669,3.9905,True
4736,121643.0,5.08,0.3422,45.4,0.31,4.0942,4.35,5.556,20.0,5.4922,39.9051,True
4741,129950.0,6.44,0.2849,74.99,0.3237,3.6631,4.82,5.556,20.0,6.0121,68.9768,True
4746,105758.3,1.52,0.2687,60.1,0.3135,3.0286,4.79,5.556,20.0,6.8378,53.2639,True
4751,154482.4,7.89,0.2632,29.46,0.2871,3.5882,3.67,5.556,20.0,5.8963,23.5632,True
4756,103607.0,0.15,0.3318,19.32,0.304,3.5143,5.68,5.556,20.0,6.0809,13.2412,True
4761,111002.9,6.11,0.3587,79.18,0.3143,4.3542,3.63,5.556,20.0,5.2908,73.8857,True
4766,129368.4,-0.8,0.2864,34.91,0.3166,2.9748,3.31,5.556,20.0,6.9477,27.9589,True
4771,99270.4,-7.91,0.3384,7.76,0.3042,2.7796,4.04,3.7792,13.61,3.7189,4.0365,True
4776,123984.4,0.3,0.3653,46.74,0.2994,3.8571,4.59,5.556,20.0,5.6651,41.0699,True
4781,113159.7,-5.22,0.3796,97.7,0.3362,3.4517,5.27,5.556,20.0,6.3394,91.359,True
4786,116338.3,-0.04,0.3108,85.86,0.3247,3.2887,3.79,5.556,20.0,6.4971,79.3628,True
4791,74273.9,-4.4,0.2672,45.86,0.3066,2.4312,4.32,5.556,20.0,8.0522,37.8113,True
4796,88428.1,3.6,0.2873,85.1,0.3112,3.4127,5.3,5.556,20.0,6.2518,78.8445,True
4801,91683.4,0.56,0.2572,9.83,0.3241,2.8219,3.37,5.1965,18.71,6.4686,3.3654,True
4806,107856.3,-6.28,0.3637,8.32,0.3282,3.1896,5.26,3.4968,12.59,3.0645,5.2569,True
4811,99342.4,-0.26,0.3694,70.83,0.3151,3.8429,4.87,5.556,20.0,5.7672,65.0678,True
4816,121121.3,-2.88,0.2752,24.68,0.3176,2.6599,5.01,5.556,20.0,7.5675,17.1171,True
4821,101244.9,-2.6,0.2792,65.09,0.274,2.7264,4.32,5.556,20.0,7.1837,57.9032,True
4826,158184.0,6.32,0.303,47.54,0.3051,3.8287,5.22,5.556,20.0,5.7266,41.8126,True
4831,85388.4,-3.27,0.37,57.51,0.2815,3.5505,4.47,5.556,20.0,5.9109,51.5942,True
4836,92978.4,-2.61,0.3915,13.16,0.3118,3.8276,5.51,5.556,20.0,5.7647,7.393,True
4841,151193.6,-4.83,0.3246,46.38,0.3321,2.9513,3.51,5.556,20.0,7.0751,39.3027,True
4846,121074.8,6.84,0.2624,97.16,0.3136,3.4812,4.96,5.556,20.0,6.1764,90.9865,True
4851,112743.3,0.77,0.3882,6.71,0.2933,4.1274,5.83,1.7468,6.29,0.8819,5.8259,True
4856,111852.5,-3.75,0.3632,60.81,0.3116,3.4371,5.83,5.556,20.0,6.2221,54.5905,True
4861,74741.7,2.82,0.3241,95.97,0.282,3.6988,3.76,5.556,20.0,5.7396,90.2325,True
4866,100706.6,7.4,0.3747,87.57,0.318,4.6332,4.13,5.556,20.0,5.0981,82.4723,True
4871,129898.2,4.02,0.3425,17.11,0.3026,3.995,3.27,5.556,20.0,5.5448,11.5672,True
4876,160938.9,-5.83,0.3716,94.42,0.3109,3.0919,5.35,5.556,20.0,6.7193,87.6972,True
4881,143636.2,-7.23,0.2794,16.52,0.2939,2.2706,5.35,5.556,20.0,8.4304,8.0864,True
4886,90017.3,3.21,0.3595,47.99,0.3308,4.0836,3.35,5.556,20.0,5.6179,42.3764,True
4891,125445.8,-1.74,0.3976,14.08,0.2963,3.9733,3.21,5.556,20.0,5.5306,8.5492,True
4896,155312.6,7.05,0.293,46.3,0.2996,3.8003,4.43,5.556,20.0,5.7258,40.5733,True
4901,84952.9,0.98,0.3579,43.12,0.3133,3.8506,4.88,5.556,20.0,5.749,37.3737,True
4906,74357.3,4.09,0.3116,24.26,0.3081,3.699,5.14,5.556,20.0,5.8847,18.3718,True
4911,102477.5,0.09,0.3441,28.37,0.2984,3.6281,5.56,5.556,20.0,5.912,22.4574,True
4916,97867.2,1.94,0.3612,85.57,0.2705,3.977,4.1,5.556,20.0,5.384,80.1846,True
4921,85844.3,-4.94,0.3992,48.97,0.2919,3.6706,5.07,5.556,20.0,5.8269,43.1478,True
4926,120156.4,2.13,0.3415,76.71,0.2999,3.8021,4.46,5.556,20.0,5.726,70.9843,True
4931,101606.8,-6.77,0.303,69.24,0.2661,2.5472,3.5,5.556,20.0,7.5378,61.7001,True
4936,153560.0,0.89,0.2623,66.61,0.3169,2.9051,4.9,5.556,20.0,7.0739,59.5362,True
4941,139908.1,7.8,0.3204,88.31,0.3023,4.1392,3.07,5.556,20.0,5.4083,82.9029,True
4946,155734.0,6.05,0.3542,20.02,0.2928,4.3044,4.95,5.556,20.0,5.2128,14.8079,True
4951,142940.9,2.9,0.3879,37.44,0.3213,4.3311,4.63,5.556,20.0,5.349,32.0889,True
4956,153476.0,-1.5,0.3566,86.17,0.3177,3.5948,5.56,5.556,20.0,6.059,80.1099,True
4961,164056.8,4.46,0.3644,35.92,0.3142,4.0345,3.42,5.556,20.0,5.5713,30.3516,True
4966,116571.1,-0.08,0.3691,57.54,0.2918,3.8575,3.21,5.556,20.0,5.6224,51.9172,True
4971,125169.0,7.24,0.3642,24.01,0.3069,4.5151,4.42,5.556,20.0,5.1238,18.8824,True
4976,139488.8,-5.6,0.2936,10.03,0.3128,2.5711,5.22,4.2315,15.23,4.8058,5.2241,True
4981,116138.4,0.7,0.3666,76.5,0.3563,3.9092,4.42,5.556,20.0,5.9282,70.5731,True
4986,126909.7,2.13,0.3564,51.91,0.3266,3.9481,5.08,5.556,20.0,5.7242,46.1873,True
4991,76645.6,-5.05,0.3142,5.25,0.3184,2.8272,5.82,0.0,0.0,0.0,5.2481,True
4996,112263.8,3.57,0.2975,26.43,0.3032,3.5098,4.96,5.556,20.0,6.0824,20.3451,True
5001,134303.6,-1.26,0.2695,21.78,0.2903,2.7641,5.5,5.556,20.0,7.1968,14.5805,True
5006,115516.2,2.08,0.3384,49.39,0.288,3.7669,5.63,5.556,20.0,5.6978,43.696,True
5011,150088.3,6.35,0.3105,38.04,0.3387,3.905,4.87,5.556,20.0,5.8342,32.2102,True
5016,141331.4,6.62,0.3864,29.85,0.3211,4.6731,4.05,5.556,20.0,5.087,24.7673,True
5021,111823.8,3.48,0.3616,99.71,0.3479,4.1301,5.79,5.556,20.0,5.6702,94.0429,True
5026,152371.2,0.54,0.3165,40.54,0.3043,3.4011,5.74,5.556,20.0,6.2288,34.3111,True
5031,149359.9,0.1,0.3014,9.24,0.3145,3.2101,5.85,3.7652,13.55,3.3922,5.8528,True
5036,108428.2,-5.87,0.3147,31.14,0.3139,2.751,5.6,5.556,20.0,7.3547,23.7876,True
5041,163594.4,-2.68,0.3203,73.48,0.3362,3.1224,5.42,5.556,20.0,6.811,66.6663,True
5046,83983.7,-3.33,0.3955,66.74,0.3338,3.7948,3.92,5.556,20.0,5.9218,60.8182,True
5051,102969.4,-0.55,0.3741,85.75,0.2862,3.8603,5.65,5.556,20.0,5.5882,80.1644,True
5056,110151.2,-4.49,0.3733,42.34,0.3062,3.4624,4.44,5.556,20.0,6.1587,36.1808,True
5061,123057.5,3.37,0.2767,30.03,0.3206,3.2874,4.04,5.556,20.0,6.4763,23.5561,True
5066,130329.3,0.61,0.3523,55.75,0.3219,3.7599,3.87,5.556,20.0,5.8937,49.8555,True
5071,80915.4,-2.89,0.3151,22.12,0.3083,3.0513,4.94,5.556,20.0,6.7713,15.3463,True
5076,161532.1,-3.63,0.3946,65.23,0.3136,3.2942,3.2,5.556,20.0,6.4276,58.7986,True
5081,130982.3,-0.87,0.3769,84.69,0.2848,3.8565,5.91,5.556,20.0,5.5843,79.1062,True
5086,143107.7,6.22,0.3122,81.94,0.3025,3.9088,5.44,5.556,20.0,5.6291,76.3091,True
5091,135825.3,-2.79,0.387,52.55,0.3223,3.7647,3.9,5.556,20.0,5.8906,46.6549,True
5096,113295.7,-4.17,0.322,94.63,0.3121,2.9908,4.43,5.556,20.0,6.8948,87.7334,True
5101,117993.2,5.92,0.2832,79.88,0.2961,3.597,4.21,5.556,20.0,5.9363,73.942,True
5106,127467.9,-4.42,0.2541,82.41,0.3006,2.3016,4.51,5.556,20.0,8.3762,74.0333,True
5111,159730.9,-4.4,0.3918,44.84,0.3035,3.257,5.21,5.556,20.0,6.4252,38.4134,True
5116,109637.9,3.69,0.2522,31.57,0.32,3.078,4.62,5.556,20.0,6.7924,24.7774,True
5121,95099.4,-2.63,0.3193,27.3,0.2886,3.1178,5.53,5.556,20.0,6.5539,20.7427,True
5126,121249.7,6.57,0.2534,79.57,0.3198,3.367,4.27,5.556,20.0,6.3611,73.2122,True
5131,141998.1,-7.29,0.2979,88.67,0.3409,2.4451,4.51,5.556,20.0,8.2063,80.4603,True
5136,159915.4,-7.26,0.2691,47.85,0.3046,2.166,4.45,5.556,20.0,8.8181,39.0283,True
5141,79995.0,-0.81,0.361,20.06,0.295,3.7055,5.08,5.556,20.0,5.8045,14.258,True
5146,141505.4,6.23,0.2587,71.55,0.2912,3.387,4.8,5.556,20.0,6.1747,65.378,True
5151,90993.1,3.77,0.2791,8.43,0.3235,3.3499,4.58,4.1117,14.8,3.8536,4.5772,True
5156,118445.6,1.87,0.323,94.73,0.3342,3.5956,5.46,5.556,20.0,6.1493,88.576,True
5161,112252.3,-0.02,0.3543,96.55,0.341,3.7178,4.54,5.556,20.0,6.0461,90.5053,True
5166,137674.2,-4.36,0.3754,23.52,0.353,3.4958,4.45,5.556,20.0,6.3767,17.1471,True
5171,103886.4,-3.94,0.3143,88.0,0.3217,2.9388,4.06,5.556,20.0,7.0393,80.9574,True
5176,134412.2,3.71,0.3449,50.08,0.3335,3.9889,3.65,5.556,20.0,5.7223,44.3542,True
5181,163019.9,0.98,0.2721,62.78,0.3524,3.0095,5.66,5.556,20.0,7.0865,55.6892,True
5186,118834.7,5.11,0.3178,61.92,0.3134,3.8583,4.54,5.556,20.0,5.7414,56.1817,True
5191,99411.9,6.68,0.3704,69.63,0.3156,4.5232,4.57,5.556,20.0,5.1655,64.4595,True
5196,106694.5,3.75,0.2561,95.03,0.3005,3.1216,3.47,5.556,20.0,6.6139,88.416,True
5201,74571.8,6.94,0.2818,42.46,0.3312,3.6806,4.49,5.556,20.0,6.0335,36.4237,True
5206,154685.7,3.69,0.2681,25.04,0.3149,3.2335,3.33,5.556,20.0,6.5228,18.5156,True
5211,153193.8,-5.39,0.2972,6.83,0.3233,2.6272,3.48,3.4293,12.35,3.3469,3.4818,True
5216,84532.3,-3.24,0.3392,30.55,0.327,3.2524,5.63,5.556,20.0,6.5622,23.9894,True
5221,129964.1,-3.16,0.3089,33.12,0.3384,2.9637,5.48,5.556,20.0,7.0883,26.0298,True
5226,138500.8,0.81,0.335,96.53,0.3034,3.6103,3.86,5.556,20.0,5.9611,90.5725,True
5231,98579.1,-3.4,0.3446,35.44,0.2946,3.2892,4.43,5.556,20.0,6.3294,29.1115,True
5236,107670.9,-5.7,0.302,8.66,0.3016,2.644,4.31,4.0654,14.64,4.3516,4.3099,True
5241,157166.2,7.4,0.3659,14.31,0.3279,4.4678,4.62,5.556,20.0,5.2767,9.0295,True
5246,160038.3,-2.19,0.2714,64.16,0.3032,2.691,5.4,5.556,20.0,7.4203,56.7401,True
5251,110516.1,6.98,0.382,44.51,0.3058,4.664,3.16,5.556,20.0,5.0083,39.499,True
5256,87090.5,-4.51,0.3648,25.33,0.3095,3.377,4.44,5.556,20.0,6.2899,19.0406,True
5261,129281.8,0.36,0.3457,91.45,0.3134,3.6707,3.51,5.556,20.0,5.946,85.4996,True
5266,151918.9,-6.36,0.3729,63.86,0.3002,3.2428,4.7,5.556,20.0,6.4276,57.4351,True
5271,122585.3,-2.83,0.2748,56.69,0.3388,2.6614,4.39,5.556,20.0,7.6817,49.0089,True
5276,134876.1,3.35,0.2766,61.63,0.2831,3.2843,3.73,5.556,20.0,6.2723,55.3565,True
5281,148018.4,-0.3,0.3939,25.15,0.2878,3.9313,3.4,5.556,20.0,5.5249,19.6236,True
5286,143273.7,-5.68,0.2937,62.33,0.3292,2.5647,5.98,5.556,20.0,7.8472,54.4779,True
5291,107539.8,-2.55,0.2882,89.31,0.3068,2.8207,5.4,5.556,20.0,7.1763,82.1372,True
5296,150454.4,0.81,0.3138,17.66,0.2956,3.4017,3.38,5.556,20.0,6.1799,11.4812,True
5301,105461.6,-1.53,0.252,79.29,0.2743,2.5666,3.45,5.556,20.0,7.5379,71.7539,True
5306,132037.8,-0.19,0.3226,71.32,0.2727,3.39,4.9,5.556,20.0,6.0683,65.2517,True
5311,151282.8,7.24,0.2832,15.14,0.3221,3.7222,3.33,5.556,20.0,5.9365,9.2068,True
5316,97790.4,7.18,0.2571,76.37,0.2739,3.4622,5.41,5.556,20.0,5.9795,70.3912,True
5321,121544.3,-6.41,0.3049,42.14,0.309,2.6014,4.11,5.556,20.0,7.6498,34.4918,True
5326,151454.1,-5.9,0.3812,84.98,0.317,3.2981,4.23,5.556,20.0,6.4411,78.5357,True
5331,130160.3,1.48,0.2797,41.57,0.327,3.1325,5.38,5.556,20.0,6.7442,34.8252,True
5336,88424.3,-1.33,0.3409,16.74,0.3463,3.458,4.24,5.556,20.0,6.3874,10.35,True
5341,103800.0,1.38,0.2919,15.07,0.3041,3.2426,4.78,5.556,20.0,6.4494,8.6186,True
5346,91830.0,-4.27,0.2934,48.26,0.2967,2.7017,3.13,5.556,20.0,7.3614,40.8961,True
5351,154808.0,1.73,0.379,90.97,0.3052,3.9679,3.29,5.556,20.0,5.5855,85.3882,True
5356,85527.7,-6.87,0.3285,70.62,0.3327,2.7858,5.09,5.556,20.0,7.3889,63.2294,True
5361,91049.0,0.99,0.3474,35.02,0.3012,3.7485,4.9,5.556,20.0,5.7908,29.2295,True
5366,131885.8,-5.78,0.3747,49.76,0.3273,3.3467,4.56,5.556,20.0,6.4306,43.3291,True
5371,139905.3,2.26,0.2997,78.87,0.2793,3.405,5.04,5.556,20.0,6.0848,72.7888,True
5376,96472.4,-4.31,0.2913,44.45,0.284,2.6766,4.06,5.556,20.0,7.3445,37.1019,True
5381,160705.3,2.33,0.3835,68.17,0.3256,3.8959,4.53,5.556,20.0,5.7706,62.3954,True
5386,77009.1,-5.85,0.3659,41.26,0.2908,3.2545,3.14,5.556,20.0,6.3582,34.9046,True
5391,123662.1,1.65,0.3185,69.28,0.3195,3.5303,3.73,5.556,20.0,6.1472,63.1338,True
5396,128384.0,4.31,0.368,31.64,0.339,4.2722,4.8,5.556,20.0,5.4961,26.1484,True
5401,91505.2,1.1,0.3728,91.25,0.2909,4.0089,4.89,5.556,20.0,5.4662,85.7822,True
5406,87863.6,1.94,0.251,40.75,0.2994,2.8958,5.71,5.556,20.0,6.9935,33.758,True
5411,118655.0,-0.26,0.3444,60.21,0.3127,3.5974,3.7,5.556,20.0,6.0279,54.1858,True
5416,158750.8,2.92,0.2609,42.91,0.2971,3.0883,3.77,5.556,20.0,6.6484,36.2574,True
5421,100077.0,6.07,0.3805,37.44,0.3307,4.5636,4.63,5.556,20.0,5.2193,32.2223,True
5426,163169.3,1.66,0.2717,17.47,0.3415,3.0721,5.61,5.556,20.0,6.9215,10.5512,True
5431,76054.4,0.42,0.39,70.81,0.2961,4.1108,4.84,5.556,20.0,5.3995,65.4101,True
5436,112847.0,2.16,0.2975,16.92,0.2966,3.3733,5.3,5.556,20.0,6.2234,10.6977,True
5441,117292.6,5.92,0.3081,95.07,0.3121,3.8397,4.64,5.556,20.0,5.7538,89.3205,True
5446,133219.5,-1.07,0.3686,43.43,0.3204,3.7555,4.44,5.556,20.0,5.8898,37.5357,True
5451,121518.5,6.78,0.2747,99.48,0.3009,3.5952,5.41,5.556,20.0,5.965,93.5105,True
5456,128858.3,-1.07,0.3699,52.14,0.325,3.7667,3.81,5.556,20.0,5.9034,46.2385,True
5461,149094.1,3.4,0.32,81.05,0.2955,3.7147,5.98,5.556,20.0,5.7965,75.2523,True
5466,154897.8,1.89,0.3194,81.25,0.3409,3.5614,5.92,5.556,20.0,6.2276,75.021,True
5471,143263.5,-6.03,0.3299,45.61,0.2957,2.8831,4.56,5.556,20.0,6.9965,38.61,True
5476,151823.4,3.25,0.3699,67.0,0.3111,4.1859,3.75,5.556,20.0,5.416,61.587,True
5481,108221.5,-5.98,0.3845,27.83,0.2974,3.4236,5.72,5.556,20.0,6.1604,21.6683,True
5486,142831.7,7.65,0.3235,39.63,0.2661,4.1548,4.29,5.556,20.0,5.1936,34.4319,True
5491,86989.1,6.52,0.3851,48.07,0.3072,4.6507,3.66,5.556,20.0,5.0254,43.0462,True
5496,86425.1,6.0,0.3572,5.41,0.2922,4.3291,5.79,0.0,0.0,0.0,5.4051,True
5501,164365.3,-1.7,0.3144,72.48,0.2979,3.1611,5.64,5.556,20.0,6.5381,65.9373,True
5506,110270.2,-5.19,0.3727,3.75,0.3142,3.3864,5.97,0.0,0.0,0.0,3.7475,True
5511,117258.3,4.96,0.3371,34.25,0.3276,4.0328,5.47,5.556,20.0,5.6474,28.6058,True
5516,96501.3,1.28,0.3787,35.51,0.2708,4.0837,4.55,5.556,20.0,5.2841,30.2268,True
5521,80686.7,-0.44,0.3191,85.67,0.2787,3.3314,4.79,5.556,20.0,6.1813,79.4864,True
5526,91136.0,7.71,0.3275,10.06,0.3182,4.2009,4.12,5.556,20.0,5.4422,4.6192,True
5531,112204.0,-4.42,0.2857,23.16,0.2756,2.6115,3.43,5.556,20.0,7.4412,15.717,True
5536,122733.3,0.68,0.298,38.35,0.3162,3.2345,4.99,5.556,20.0,6.5289,31.821,True
5541,78596.2,-2.78,0.379,73.02,0.3529,3.6877,3.38,5.556,20.0,6.1463,66.8699,True
5546,164013.2,-0.84,0.3973,23.25,0.2884,3.5165,5.28,5.556,20.0,5.9914,17.2596,True
5551,151497.7,0.25,0.3409,25.71,0.3203,3.6124,3.14,5.556,20.0,6.0525,19.6579,True
5556,156720.8,-7.26,0.3105,89.28,0.3341,2.5723,4.1,5.556,20.0,7.8564,81.4193,True
5561,74742.6,6.01,0.3751,20.82,0.2869,4.5048,5.5,5.556,20.0,5.0201,15.8013,True
5566,160724.3,6.73,0.3402,87.95,0.2831,4.2321,3.55,5.556,20.0,5.2199,82.7271,True
5571,99073.2,-7.18,0.2799,61.72,0.3292,2.2798,4.59,5.556,20.0,8.5992,53.1244,True
5576,75307.6,-0.5,0.2582,62.91,0.3217,2.7284,4.98,5.556,20.0,7.4442,55.4642,True
5581,165330.8,-3.23,0.3268,50.86,0.3381,3.1311,4.82,5.556,20.0,6.8083,44.0525,True
5586,115108.2,-3.55,0.3338,80.83,0.3092,3.1685,3.33,5.556,20.0,6.5892,74.2434,True
5591,131801.8,3.8,0.3344,96.69,0.3266,3.8943,3.24,5.556,20.0,5.778,90.9166,True
5596,157380.8,-1.46,0.3255,90.84,0.2894,3.2942,3.14,5.556,20.0,6.2933,84.5464,True
5601,82098.0,0.93,0.323,44.94,0.2789,3.5038,3.5,5.556,20.0,5.9545,38.9898,True
5606,153362.5,1.18,0.2578,51.36,0.3249,2.8888,4.88,5.556,20.0,7.148,44.2095,True
5611,114020.3,5.44,0.3627,52.3,0.3202,4.3291,5.96,5.556,20.0,5.3445,46.9577,True
5616,160111.2,-6.57,0.3347,99.85,0.298,2.8771,3.27,5.556,20.0,7.0205,92.829,True
5621,87841.1,2.05,0.2568,32.76,0.3277,2.9647,4.23,5.556,20.0,7.0268,25.738,True
5626,133785.9,6.22,0.2615,32.09,0.3104,3.4126,5.14,5.556,20.0,6.2474,25.846,True
5631,133062.6,4.96,0.3186,58.04,0.3026,3.8517,3.53,5.556,20.0,5.6884,52.352,True
5636,101709.5,7.64,0.2628,8.68,0.3319,3.5612,5.18,3.9469,14.21,3.4972,5.1782,True
5641,86534.5,1.16,0.2586,27.99,0.2878,2.8946,3.08,5.556,20.0,6.9312,21.0541,True
5646,146221.1,-4.45,0.2531,12.59,0.2973,2.2881,5.96,4.8672,17.52,6.6241,5.9643,True
5651,75991.6,-4.66,0.3182,53.75,0.3439,2.9056,3.39,5.556,20.0,7.2226,46.528,True
5656,81844.5,7.84,0.3093,10.61,0.2885,4.0345,5.99,5.0553,18.2,4.6256,5.9877,True
5661,161266.4,2.53,0.3031,98.78,0.3226,3.4641,4.48,5.556,20.0,6.2479,92.5313,True
5666,131719.3,-2.46,0.3033,90.04,0.2751,2.9773,3.03,5.556,20.0,6.7126,83.3279,True
5671,107197.1,-2.74,0.3286,58.9,0.3201,3.1978,4.0,5.556,20.0,6.6048,52.2915,True
5676,134916.2,-0.05,0.2922,90.95,0.3289,3.1056,5.64,5.556,20.0,6.7974,84.1502,True
5681,90107.8,-1.48,0.3097,86.11,0.3144,3.1367,3.18,5.556,20.0,6.6675,79.4457,True
5686,113994.9,7.13,0.394,11.82,0.2843,4.7952,3.38,5.556,20.0,4.7983,7.0246,True
5691,131423.3,-0.21,0.3819,74.98,0.2949,3.9697,3.79,5.556,20.0,5.5264,69.4579,True
5696,145633.4,-4.6,0.3611,21.55,0.2849,3.332,4.13,5.556,20.0,6.2153,15.3329,True
5701,92613.4,4.69,0.3977,30.23,0.333,4.6,3.16,5.556,20.0,5.2056,25.0263,True
5706,83178.7,7.09,0.3861,71.01,0.3201,4.7148,4.11,5.556,20.0,5.0521,65.9538,True
5711,96572.4,3.74,0.3364,4.08,0.3373,3.9078,3.08,1.7801,6.41,1.0058,3.0762,True
5716,84907.8,-3.18,0.3409,39.18,0.3211,3.2748,3.46,5.556,20.0,6.4974,32.6864,True
5721,146707.2,-6.1,0.318,86.83,0.3153,2.7611,3.86,5.556,20.0,7.3419,79.49,True
5726,116153.2,3.76,0.2596,16.9,0.3505,3.1567,4.29,5.556,20.0,6.837,10.0605,True
5731,103649.8,6.61,0.3979,92.71,0.3042,4.7852,5.07,5.556,20.0,4.9153,87.7979,True
5736,130607.9,4.65,0.3319,48.57,0.3368,3.9515,3.08,5.556,20.0,5.777,42.794,True
5741,147059.3,-3.53,0.3811,63.08,0.3153,3.634,6.0,5.556,20.0,5.9991,57.0797,True
5746,77942.2,-3.76,0.3135,60.86,0.3339,2.9485,4.41,5.556,20.0,7.0899,53.7734,True
5751,138134.0,4.37,0.277,32.42,0.3058,3.387,4.2,5.556,20.0,6.2558,26.1656,True
5756,116395.3,3.08,0.3585,66.45,0.3274,4.0604,5.97,5.556,20.0,5.6204,60.8258,True
5761,83074.8,-6.83,0.2929,93.42,0.3211,2.4421,4.81,5.556,20.0,8.104,85.3144,True
5766,85038.7,-3.48,0.2905,46.48,0.3035,2.7509,3.3,5.556,20.0,7.2969,39.1807,True
5771,92475.8,5.8,0.3493,24.94,0.2656,4.2315,5.07,5.556,20.0,5.1234,19.8178,True
5776,144159.6,-3.81,0.2621,47.02,0.3138,2.44,5.77,5.556,20.0,8.069,38.9489,True
5781,151638.8,6.09,0.2567,36.01,0.2878,3.3539,4.39,5.556,20.0,6.2011,29.8133,True
5786,158944.2,-2.98,0.2612,12.06,0.3083,2.5138,5.19,5.1526,18.55,6.8693,5.1911,True
5791,138792.5,-4.9,0.2728,12.85,0.2812,2.4371,4.94,5.556,20.0,7.8952,4.9543,True
5796,157334.4,6.66,0.3792,82.79,0.3076,4.3922,3.51,5.556,20.0,5.2233,77.5688,True
5801,101906.4,-7.21,0.376,4.16,0.3153,3.2175,3.69,0.9979,3.59,0.4693,3.6883,True
5806,119205.8,7.91,0.2653,90.76,0.2902,3.6113,5.09,5.556,20.0,5.8863,84.87,True
5811,129430.3,-0.07,0.3971,16.45,0.2971,4.1324,4.08,5.556,20.0,5.3858,11.0638,True
5816,87591.7,4.6,0.2527,93.14,0.2746,3.1711,5.45,5.556,20.0,6.3932,86.7447,True
5821,148682.3,6.7,0.348,92.59,0.2969,4.3055,4.65,5.556,20.0,5.2347,87.3526,True
5826,148863.2,2.68,0.3845,41.51,0.3307,4.2024,4.1,5.556,20.0,5.51,36.0025,True
5831,163121.7,-4.57,0.3552,35.84,0.2516,3.1686,4.84,5.556,20.0,6.2692,29.5723,True
5836,95338.6,3.55,0.3688,39.39,0.3155,4.2073,4.52,5.556,20.0,5.4215,33.9659,True
5841,130591.6,0.28,0.2879,69.37,0.3127,3.0965,3.93,5.556,20.0,6.7217,62.6496,True
5846,156400.4,-2.93,0.35,78.69,0.3376,3.3892,5.59,5.556,20.0,6.4296,72.2638,True
5851,160275.2,2.02,0.2723,88.46,0.3139,3.1125,3.42,5.556,20.0,6.7027,81.7602,True
5856,103646.0,7.07,0.3511,38.27,0.3216,4.3708,3.11,5.556,20.0,5.3183,32.949,True
5861,99116.8,-0.85,0.2949,90.21,0.3268,3.0533,4.82,5.556,20.0,6.8709,83.3438,True
5866,147623.3,-2.4,0.2773,97.8,0.3075,2.729,4.92,5.556,20.0,7.3641,90.437,True
5871,93507.5,4.04,0.3917,76.9,0.2795,4.4788,3.03,5.556,20.0,4.9992,71.8983,True
5876,86996.2,5.23,0.2975,99.06,0.3013,3.6706,4.28,5.556,20.0,5.8788,93.1794,True
5881,126229.6,-4.75,0.3633,37.63,0.3396,3.3382,3.21,5.556,20.0,6.5105,31.123,True
5886,138597.4,-5.34,0.2944,26.22,0.2902,2.6054,5.42,5.556,20.0,7.5363,18.6862,True
5891,137306.5,1.51,0.2796,63.16,0.304,3.1344,3.75,5.556,20.0,6.6133,56.5504,True
5896,130420.8,-3.42,0.3552,16.89,0.286,3.3911,4.71,5.556,20.0,6.1406,10.7466,True
5901,149624.0,4.63,0.3264,81.13,0.3036,3.8955,5.38,5.556,20.0,5.6492,75.4842,True
5906,143616.7,4.06,0.3841,26.94,0.3038,4.4068,3.31,5.556,20.0,5.1905,21.7538,True
5911,99175.6,0.33,0.3751,6.02,0.3261,3.9559,5.43,1.222,4.4,0.5873,5.4301,True
5916,147549.4,1.08,0.3501,86.86,0.2719,3.7842,3.93,5.556,20.0,5.5892,81.2727,True
5921,156622.9,-1.83,0.3086,60.85,0.2948,3.0919,4.07,5.556,20.0,6.6296,54.2229,True
5926,160919.6,3.75,0.2798,23.11,0.3172,3.3538,4.55,5.556,20.0,6.3642,16.7419,True
5931,106514.3,5.05,0.2999,35.75,0.2963,3.6766,3.58,5.556,20.0,5.8444,29.9083,True
5936,133257.1,-1.8,0.3328,70.72,0.3207,3.3317,4.08,5.556,20.0,6.4146,64.3089,True
5941,141212.8,5.42,0.3397,56.46,0.3334,4.102,4.08,5.556,20.0,5.6151,50.8409,True
5946,155020.5,-2.98,0.2807,49.38,0.3023,2.7041,5.82,5.556,20.0,7.3876,41.9911,True
5951,131989.2,-2.26,0.3607,73.58,0.3446,3.56,4.7,5.556,20.0,6.2503,67.3313,True
5956,155857.5,6.11,0.2942,41.43,0.3053,3.7222,4.95,5.556,20.0,5.8427,35.5848,True
5961,77561.4,-6.29,0.2882,98.77,0.2924,2.4502,3.61,5.556,20.0,7.9237,90.8452,True
5966,93497.5,4.47,0.3118,9.0,0.2874,3.7374,5.65,4.0486,14.57,3.3562,5.6468,True
5971,82312.6,2.6,0.3277,28.02,0.3,3.7125,5.13,5.556,20.0,5.8246,22.1941,True
5976,74558.2,-6.34,0.36,91.8,0.3204,3.1472,3.97,5.556,20.0,6.6843,85.1161,True
5981,131450.5,-7.24,0.2645,66.77,0.3063,2.1228,4.27,5.556,20.0,8.9729,57.7947,True
5986,98307.8,-6.66,0.3968,3.71,0.2871,3.476,3.77,0.0,0.0,0.0,3.7052,True
5991,95044.0,3.32,0.3134,16.2,0.2865,3.6418,4.68,5.556,20.0,5.8299,10.3654,True
5996,106921.0,-5.82,0.3982,19.43,0.3411,3.5734,5.41,5.556,20.0,6.2145,13.2159,True
6001,99721.8,-2.06,0.339,22.7,0.3338,3.3676,4.54,5.556,20.0,6.4379,16.2622,True
6006,120048.6,5.37,0.3825,11.69,0.2999,4.5163,5.96,5.556,20.0,5.0839,6.6083,True
6011,144863.0,5.48,0.2737,16.36,0.3185,3.4617,3.27,5.556,20.0,6.2283,10.1353,True
6016,89015.1,-2.67,0.2771,53.83,0.3264,2.6991,4.81,5.556,20.0,7.5318,46.2951,True
6021,108995.2,0.08,0.2554,89.21,0.2955,2.758,5.65,5.556,20.0,7.2382,81.9704,True
6026,160610.9,3.42,0.2925,39.58,0.2977,3.447,4.86,5.556,20.0,6.1317,33.4488,True
6031,121503.1,-6.37,0.2714,47.19,0.2992,2.2769,4.97,5.556,20.0,8.4413,38.7485,True
6036,116846.6,-1.13,0.26,73.31,0.3422,2.6838,5.39,5.556,20.0,7.6521,65.6582,True
6041,123520.0,2.42,0.294,8.95,0.3303,3.3637,5.48,3.8448,13.84,3.4673,5.4802,True
6046,101778.9,4.97,0.3262,70.05,0.3428,3.9264,4.18,5.556,20.0,5.8356,64.2193,True
6051,79690.5,-4.52,0.3972,5.46,0.3186,3.6936,4.03,2.2816,8.21,1.4316,4.0325,True
6056,109838.7,-5.5,0.2987,22.65,0.3547,2.6305,5.89,5.556,20.0,7.8384,14.8098,True
6061,124996.5,-1.3,0.3746,81.2,0.322,3.7909,5.27,5.556,20.0,5.8608,75.3355,True
6066,83140.6,1.47,0.3497,56.43,0.2818,3.8182,5.32,5.556,20.0,5.6079,50.819,True
6071,112342.4,-3.41,0.3294,69.17,0.3303,3.1397,4.95,5.556,20.0,6.7509,62.4203,True
6076,109398.8,-4.33,0.3932,60.88,0.2998,3.6731,3.88,5.556,20.0,5.8677,55.0107,True
6081,151395.9,0.49,0.3313,21.11,0.296,3.5417,3.44,5.556,20.0,6.0025,15.1094,True
6086,107924.0,5.45,0.314,24.49,0.3171,3.8526,5.29,5.556,20.0,5.7683,18.721,True
6091,155440.4,-0.44,0.281,17.83,0.3198,2.9575,4.56,5.556,20.0,6.9954,10.838,True
6096,132560.3,7.1,0.3098,59.69,0.3123,3.9697,4.42,5.556,20.0,5.623,54.0685,True
6101,134930.2,4.69,0.3603,93.7,0.2897,4.2337,3.2,5.556,20.0,5.2554,88.4458,True
6106,159155.5,-7.89,0.3161,39.91,0.3448,2.5626,3.25,5.556,20.0,7.9386,31.9705,True
6111,101142.2,1.23,0.2724,97.11,0.3327,3.0366,5.15,5.556,20.0,6.9315,90.1829,True
6116,111017.4,2.61,0.3689,92.87,0.3132,4.1176,4.94,5.556,20.0,5.4885,87.3861,True
6121,162061.9,-0.39,0.3179,80.94,0.3075,3.3244,3.11,5.556,20.0,6.3516,74.5934,True
6126,160406.9,5.05,0.2618,60.61,0.309,3.3029,3.71,5.556,20.0,6.39,54.2211,True
6131,153961.7,-1.02,0.3227,48.74,0.3026,3.3097,3.18,5.556,20.0,6.3448,42.3927,True
6136,131813.4,-3.63,0.3832,13.55,0.2919,3.644,5.59,5.556,20.0,5.8576,7.6951,True
6141,142096.9,-3.45,0.2802,28.27,0.3195,2.6524,3.03,5.556,20.0,7.5943,20.6795,True
6146,108933.5,-5.84,0.3617,18.96,0.3196,3.2139,5.69,5.556,20.0,6.5783,12.3818,True
6151,91266.1,0.98,0.3698,87.62,0.2951,3.9671,3.44,5.556,20.0,5.5299,82.093,True
6156,130350.1,-6.55,0.367,96.37,0.3305,3.1949,4.8,5.556,20.0,6.6673,89.6991,True
6161,112789.9,4.4,0.3459,65.51,0.334,4.0644,3.77,5.556,20.0,5.6532,59.8579,True
6166,110854.8,2.5,0.3506,45.77,0.3012,3.9273,4.2,5.556,20.0,5.6033,40.1688,True
6171,121639.8,-6.55,0.3474,90.74,0.2857,3.0029,5.45,5.556,20.0,6.7274,84.0159,True
6176,92578.1,-2.48,0.3948,87.92,0.3117,3.8727,3.1,5.556,20.0,5.7174,82.2043,True
6181,117058.0,-1.58,0.2684,42.27,0.3414,2.7224,4.52,5.556,20.0,7.5664,34.7067,True
6186,138055.7,4.0,0.346,79.79,0.3207,4.0274,5.24,5.556,20.0,5.6143,74.1801,True
6191,155047.8,0.58,0.3663,72.08,0.3018,3.8496,5.6,5.556,20.0,5.6863,66.3945,True
6196,102989.2,0.57,0.3882,81.5,0.309,4.1076,5.78,5.556,20.0,5.4744,76.0241,True
6201,88139.5,0.27,0.3532,5.01,0.3392,3.7354,5.48,0.0,0.0,0.0,5.012,True
6206,142518.4,4.51,0.3414,6.31,0.3067,4.0311,4.56,2.7171,9.78,1.749,4.5575,True
6211,149109.9,7.16,0.2618,68.95,0.3295,3.5059,3.6,5.556,20.0,6.2334,62.7153,True
6216,108133.8,1.72,0.3237,75.78,0.3415,3.5878,5.56,5.556,20.0,6.1997,69.5772,True
6221,96230.8,-3.38,0.2663,40.71,0.3348,2.5236,5.49,5.556,20.0,7.9761,32.7335,True
6226,143233.9,-6.7,0.3197,46.18,0.2869,2.7177,4.19,5.556,20.0,7.2735,38.9018,True
6231,78015.4,-3.97,0.3896,96.76,0.3141,3.6739,5.98,5.556,20.0,5.9462,90.8124,True
6236,109900.7,7.61,0.3273,15.01,0.3355,4.1897,5.11,5.556,20.0,5.548,9.4597,True
6241,76159.5,3.03,0.3058,69.13,0.3331,3.54,5.48,5.556,20.0,6.2109,62.9173,True
6246,144566.4,6.04,0.2517,15.93,0.3451,3.3001,5.77,5.556,20.0,6.5942,9.3369,True
6251,115672.3,-4.45,0.395,4.67,0.3175,3.6782,3.11,2.42,8.71,1.5645,3.1083,True
6256,121915.8,-3.95,0.294,26.15,0.3218,2.7384,4.62,5.556,20.0,7.4241,18.7274,True
6261,125368.6,-5.61,0.3649,16.93,0.2762,3.2686,4.75,5.556,20.0,6.2568,10.678,True
6266,114025.2,-7.42,0.3559,26.92,0.3085,2.9994,4.71,5.556,20.0,6.8601,20.0642,True
6271,90163.1,0.15,0.3612,60.92,0.2972,3.8022,4.67,5.556,20.0,5.7107,55.2134,True
6276,94068.4,7.38,0.3337,24.16,0.2923,4.2292,4.7,5.556,20.0,5.2736,18.8865,True
6281,111277.8,4.45,0.2972,8.06,0.2825,3.5927,5.49,3.4029,12.25,2.5729,5.4911,True
6286,147933.7,-7.95,0.3314,18.05,0.2918,2.7068,4.14,5.556,20.0,7.3232,10.7231,True
6291,106182.9,3.2,0.383,16.02,0.3329,4.313,4.7,5.556,20.0,5.428,10.5932,True
6296,153109.5,-1.92,0.3013,34.09,0.3406,3.011,5.79,5.556,20.0,7.0184,27.0727,True
6301,115468.6,-5.57,0.2865,64.92,0.2722,2.5041,3.3,5.556,20.0,7.676,57.2425,True
6306,137314.6,0.96,0.2826,73.97,0.3035,3.1109,4.43,5.556,20.0,6.6475,67.3214,True
6311,152173.2,1.6,0.3107,7.26,0.2723,3.4483,4.36,3.6323,13.08,2.9023,4.3607,True
6316,85673.5,6.51,0.2585,17.05,0.3325,3.4114,3.83,5.556,20.0,6.3717,10.6826,True
6321,133230.4,-1.47,0.2742,15.58,0.2791,2.7902,5.24,5.556,20.0,7.0825,8.4954,True
6326,91169.1,5.7,0.3758,51.52,0.3022,4.4822,3.34,5.556,20.0,5.1227,46.393,True
6331,140440.8,3.54,0.3131,20.86,0.3019,3.6609,3.78,5.556,20.0,5.8936,14.9649,True
6336,91577.9,3.73,0.322,16.49,0.3566,3.7659,4.13,5.556,20.0,6.0796,10.4151,True
6341,159977.2,-5.96,0.262,18.31,0.338,2.2255,4.94,5.556,20.0,8.8133,9.4966,True
6346,85510.6,0.97,0.3141,5.7,0.3252,3.4208,4.39,2.0786,7.48,1.3076,4.3878,True
6351,119657.7,-4.1,0.3996,91.56,0.3068,3.7591,3.19,5.556,20.0,5.8103,85.7463,True
6356,100377.6,-6.05,0.2764,95.56,0.3116,2.3578,5.12,5.556,20.0,8.2777,87.2851,True
6361,122515.6,-6.24,0.3473,40.98,0.3154,3.0333,4.41,5.556,20.0,6.8405,34.1372,True
6366,107874.2,-0.83,0.3297,14.77,0.3017,3.3972,5.0,5.556,20.0,6.2196,8.5541,True
6371,144579.3,-0.26,0.257,42.88,0.3297,2.74,4.18,5.556,20.0,7.4646,35.4145,True
6376,75582.4,4.88,0.326,23.42,0.3399,3.9165,3.78,5.556,20.0,5.8292,17.5913,True
6381,142915.4,6.96,0.3138,68.02,0.3124,3.9961,4.03,5.556,20.0,5.5983,62.4176,True
6386,95740.6,0.83,0.3301,49.16,0.3353,3.5637,4.9,5.556,20.0,6.1939,42.9612,True
6391,120877.0,-1.3,0.317,36.76,0.295,3.2265,4.23,5.556,20.0,6.4226,30.3353,True
6396,135652.0,2.49,0.2564,37.35,0.317,3.003,4.26,5.556,20.0,6.901,30.4501,True
6401,160973.9,-1.43,0.3961,87.25,0.346,3.5216,3.36,5.556,20.0,6.3054,80.9467,True
6406,123597.7,-1.7,0.2735,78.05,0.3055,2.7606,3.14,5.556,20.0,7.2884,70.7573,True
6411,158246.1,-2.04,0.2936,76.7,0.2716,2.9234,4.34,5.556,20.0,6.7885,69.9068,True
6416,130057.1,4.71,0.3092,97.68,0.3034,3.7352,4.95,5.556,20.0,5.8177,91.8596,True
6421,84639.8,6.69,0.3817,6.35,0.3349,4.6337,5.45,1.7261,6.21,0.8996,5.4491,True
6426,95054.4,-0.39,0.3305,30.01,0.3135,3.4479,3.19,5.556,20.0,6.2184,23.7871,True
6431,109872.7,1.31,0.3394,92.6,0.305,3.702,5.52,5.556,20.0,5.8636,86.7384,True
6436,143560.8,-6.24,0.3209,24.0,0.2781,2.7741,4.48,5.556,20.0,7.1089,16.8908,True
6441,137639.3,7.54,0.333,88.71,0.3057,4.2378,5.41,5.556,20.0,5.3405,83.3684,True
6446,149618.1,0.16,0.3414,21.89,0.281,3.6092,4.42,5.556,20.0,5.8375,16.0553,True
6451,106698.7,5.84,0.2548,44.63,0.2984,3.3119,4.27,5.556,20.0,6.318,38.3159,True
6456,87927.7,1.22,0.2563,74.06,0.367,2.8773,3.81,5.556,20.0,7.4031,66.657,True
6461,163874.2,-5.92,0.3418,92.39,0.2738,3.0113,4.95,5.556,20.0,6.6467,85.747,True
6466,75558.7,-5.78,0.3753,73.73,0.318,3.3533,5.88,5.556,20.0,6.3697,67.3597,True
6471,149503.6,5.09,0.3426,16.89,0.2927,4.0989,5.1,5.556,20.0,5.3919,11.497,True
6476,121140.7,6.17,0.3194,13.54,0.2676,3.9754,5.85,5.556,20.0,5.3695,8.1749,True
6481,89962.5,-7.67,0.3552,12.62,0.2718,2.9677,3.8,5.556,20.0,6.7111,5.9107,True
6486,101587.7,-0.17,0.3096,25.73,0.3189,3.2639,3.84,5.556,20.0,6.5009,19.2302,True
6491,146901.6,-6.51,0.2752,64.08,0.3013,2.301,5.58,5.556,20.0,8.3822,55.6945,True
6496,113420.5,-7.09,0.3144,5.19,0.286,2.6259,3.64,2.2003,7.92,1.5511,3.6353,True
6501,138678.4,7.9,0.3072,78.77,0.3051,4.0206,3.04,5.556,20.0,5.5343,73.2353,True
6506,87372.8,-1.39,0.3631,56.44,0.2929,3.6689,4.11,5.556,20.0,5.8343,50.6037,True
6511,160566.2,3.43,0.2664,22.5,0.2814,3.1921,3.07,5.556,20.0,6.3988,16.1011,True
6516,131989.3,6.23,0.3807,72.13,0.3444,4.5806,5.33,5.556,20.0,5.2831,66.8488,True
6521,154868.9,-5.42,0.2837,59.88,0.3324,2.4926,3.27,5.556,20.0,8.0387,51.8454,True
6526,127098.9,0.31,0.3481,61.36,0.2919,3.6888,3.61,5.556,20.0,5.8063,55.5573,True
6531,151241.1,-1.54,0.368,56.93,0.3221,3.7029,3.67,5.556,20.0,5.9578,50.9709,True
6536,106008.4,-2.88,0.2655,54.83,0.3257,2.5649,4.03,5.556,20.0,7.8269,47.0055,True
6541,120179.4,1.14,0.3716,32.43,0.2755,4.0008,5.57,5.556,20.0,5.3886,27.0408,True
6546,163936.5,3.78,0.3619,86.95,0.3018,3.9707,5.46,5.556,20.0,5.5641,81.382,True
6551,147376.1,-2.94,0.2836,60.25,0.3072,2.7365,4.67,5.556,20.0,7.347,52.902,True
6556,113238.0,5.68,0.2615,49.31,0.2949,3.3615,5.55,5.556,20.0,6.2299,43.0844,True
6561,149296.2,2.98,0.2575,88.33,0.3071,3.0619,3.72,5.556,20.0,6.747,81.5876,True
6566,112198.7,7.96,0.3854,99.88,0.3375,4.7905,3.46,5.556,20.0,5.0973,94.78,True
6571,150996.4,-7.67,0.3281,81.44,0.319,2.7025,4.29,5.556,20.0,7.4838,73.9549,True
6576,142333.7,-5.33,0.3267,60.11,0.2969,2.9223,5.18,5.556,20.0,6.9311,53.1837,True
6581,76117.8,-3.47,0.3108,48.34,0.288,2.9507,4.61,5.556,20.0,6.831,41.5107,True
6586,132710.8,5.13,0.2595,99.34,0.3109,3.2879,5.8,5.556,20.0,6.4215,92.9181,True
6591,140152.3,0.89,0.3032,28.44,0.3159,3.3055,5.97,5.556,20.0,6.4242,22.0115,True
6596,103209.7,-3.21,0.3264,52.5,0.2984,3.129,3.02,5.556,20.0,6.5905,45.9065,True
6601,161253.5,-6.7,0.3646,67.58,0.294,2.9999,5.44,5.556,20.0,6.7782,60.8032,True
6606,92104.8,-0.86,0.2552,88.49,0.3117,2.6628,4.52,5.556,20.0,7.528,80.9625,True
6611,134914.5,-0.69,0.3047,5.62,0.3021,3.1652,5.16,1.0075,3.63,0.4647,5.157,True
6616,117522.7,-5.19,0.3292,50.96,0.3116,2.9607,5.09,5.556,20.0,6.9445,44.0109,True
6621,116821.6,4.79,0.2669,11.69,0.3197,3.3286,5.93,5.2194,18.79,5.7604,5.9257,True
6626,98664.8,0.26,0.2708,49.37,0.3224,2.9266,4.23,5.556,20.0,7.065,42.3092,True
6631,88933.5,-1.17,0.3859,15.59,0.3028,3.9143,5.54,5.556,20.0,5.6257,9.9623,True
6636,88066.4,-7.75,0.3131,8.3,0.3018,2.5471,3.96,3.994,14.38,4.3366,3.9608,True
6641,110002.2,-0.94,0.3859,71.24,0.3364,3.9376,5.28,5.556,20.0,5.7889,65.4512,True
6646,85932.4,1.39,0.2579,11.59,0.3234,2.9099,4.42,5.556,20.0,7.1011,4.4903,True
6651,115216.4,-4.59,0.3848,60.38,0.3125,3.5656,5.74,5.556,20.0,6.0653,54.31,True
6656,148023.9,6.66,0.3399,76.27,0.3089,4.2216,4.56,5.556,20.0,5.3721,70.9019,True
6661,98288.5,-4.3,0.2835,51.93,0.3232,2.6012,5.02,5.556,20.0,7.7291,44.2054,True
6666,156419.9,-7.45,0.2636,30.25,0.2944,2.0929,5.54,5.556,20.0,9.0105,21.2398,True
6671,153528.7,1.76,0.3592,29.09,0.3493,3.939,5.07,5.556,20.0,5.8593,23.2321,True
6676,150812.2,-4.69,0.3026,39.16,0.2927,2.75,5.67,5.556,20.0,7.239,31.9242,True
6681,145838.6,1.79,0.3278,86.78,0.3413,3.635,4.32,5.556,20.0,6.1425,80.6382,True
6686,88006.7,2.2,0.3896,52.57,0.2787,4.2805,5.31,5.556,20.0,5.1544,47.4125,True
6691,164855.2,6.59,0.3278,52.37,0.3092,4.098,3.48,5.556,20.0,5.4845,46.8825,True
6696,138396.7,-5.91,0.331,62.73,0.3211,2.9073,4.1,5.556,20.0,7.093,55.634,True
6701,90337.0,7.23,0.3571,13.53,0.3093,4.445,5.43,5.556,20.0,5.1909,8.3412,True
6706,159110.6,6.2,0.2536,85.73,0.3204,3.3336,4.67,5.556,20.0,6.4101,79.3197,True
6711,105059.6,7.69,0.2633,28.94,0.3359,3.5713,5.27,5.556,20.0,6.1882,22.7502,True
6716,112695.5,-0.82,0.311,34.42,0.2805,3.2145,3.62,5.556,20.0,6.3601,28.0561,True
6721,117342.4,-5.04,0.3055,65.67,0.3326,2.7437,3.81,5.556,20.0,7.4735,58.1973,True
6726,134021.2,5.6,0.343,77.91,0.3233,4.1515,5.13,5.556,20.0,5.514,72.4,True
6731,93774.0,1.8,0.2696,8.75,0.3792,3.0651,3.59,4.5786,16.48,5.156,3.5913,True
6736,156923.6,8.0,0.2908,48.2,0.3281,3.8689,4.07,5.556,20.0,5.8126,42.3857,True
6741,88597.9,-7.97,0.3464,68.33,0.3149,2.8517,3.66,5.556,20.0,7.1623,61.1664,True
6746,103718.3,6.63,0.2688,3.2,0.3619,3.5238,5.81,0.0,0.0,0.0,3.1963,True
6751,114614.1,-6.77,0.3047,72.48,0.3182,2.5632,3.34,5.556,20.0,7.7894,64.6868,True
6756,136641.9,6.8,0.2782,17.09,0.3254,3.6324,5.14,5.556,20.0,6.057,11.0349,True
6761,139022.9,-7.89,0.3362,77.71,0.3134,2.7593,4.33,5.556,20.0,7.3349,70.3798,True
6766,158387.9,3.98,0.3551,24.97,0.3059,4.1078,4.06,5.556,20.0,5.4569,19.5095,True
6771,147348.4,2.95,0.3551,3.62,0.3518,4.0159,3.66,0.0,0.0,0.0,3.6156,True
6776,157555.2,2.24,0.3561,66.76,0.3348,3.9551,3.65,5.556,20.0,5.7628,60.998,True
6781,91963.4,5.9,0.3077,81.2,0.3095,3.8344,3.91,5.556,20.0,5.7449,75.4581,True
6786,92107.4,-0.43,0.2999,66.62,0.3183,3.1441,3.55,5.556,20.0,6.6775,59.9426,True
6791,111907.7,2.66,0.3167,13.46,0.3206,3.6111,3.16,5.556,20.0,6.0553,7.408,True
6796,101414.7,-5.86,0.2825,83.44,0.2923,2.4364,5.76,5.556,20.0,7.9592,75.4808,True
6801,95371.3,-5.48,0.3048,30.01,0.2937,2.6927,5.17,5.556,20.0,7.364,22.6415,True
6806,123403.5,2.55,0.3811,92.29,0.3065,4.2311,4.0,5.556,20.0,5.3509,86.9404,True
6811,96077.7,0.73,0.3486,78.35,0.3145,3.7347,3.47,5.556,20.0,5.8799,72.4706,True
6816,83729.8,0.9,0.281,52.18,0.3187,3.0882,5.09,5.556,20.0,6.7684,45.4115,True
6821,125413.9,5.52,0.3842,96.69,0.3339,4.5476,3.96,5.556,20.0,5.2492,91.44,True
6826,114779.3,-4.86,0.2945,82.22,0.313,2.6533,4.91,5.556,20.0,7.5561,74.6657,True
6831,96000.6,-3.34,0.3374,41.61,0.3124,3.2246,3.2,5.556,20.0,6.5224,35.0859,True
6836,106616.2,-6.24,0.3971,35.93,0.2888,3.5209,4.31,5.556,20.0,5.9883,29.9448,True
6841,141883.7,7.65,0.3867,28.38,0.2686,4.7739,3.48,5.556,20.0,4.7257,23.6553,True
6846,153373.2,0.88,0.2865,35.96,0.319,3.1408,4.15,5.556,20.0,6.6863,29.2729,True
6851,136012.6,-7.67,0.3834,73.11,0.2941,3.2441,4.51,5.556,20.0,6.3919,66.7193,True
6856,120340.0,-3.34,0.2892,20.5,0.3086,2.7526,3.28,5.556,20.0,7.3218,13.1807,True
6861,108458.0,2.96,0.251,7.33,0.3102,2.9952,5.85,2.1916,7.89,1.4815,5.8521,True
6866,88625.6,6.68,0.3825,86.81,0.3051,4.6411,5.84,5.556,20.0,5.0208,81.7901,True
6871,157354.7,5.37,0.2847,71.7,0.2962,3.5594,4.86,5.556,20.0,5.9822,65.7139,True
6876,100205.3,-2.63,0.3022,56.65,0.3215,2.9495,4.7,5.556,20.0,7.0194,49.629,True
6881,118967.3,-4.85,0.3716,53.7,0.3147,3.4097,5.51,5.556,20.0,6.2752,47.4262,True
6886,115640.8,-3.94,0.2652,30.39,0.3135,2.4571,3.3,5.556,20.0,8.0236,22.3699,True
6891,82238.8,2.04,0.3741,44.96,0.3261,4.1132,5.62,5.556,20.0,5.5645,39.3958,True
6896,118603.9,-0.66,0.305,44.66,0.3315,3.1713,3.17,5.556,20.0,6.7086,37.9509,True
6901,108294.4,-2.46,0.311,19.81,0.2907,3.0525,5.75,5.556,20.0,6.6714,13.1384,True
6906,74892.0,4.08,0.2856,25.6,0.3161,3.4435,5.95,5.556,20.0,6.2383,19.3604,True
6911,163486.6,-0.35,0.2853,5.47,0.2915,3.0082,5.57,0.0,0.0,0.0,5.4705,True
6916,128365.5,-1.37,0.3835,9.05,0.3066,3.8707,3.54,5.4519,19.63,5.5109,3.5425,True
6921,138856.4,0.59,0.3986,90.07,0.3276,4.2121,3.59,5.556,20.0,5.4843,84.5842,True
6926,156741.8,4.83,0.3854,27.87,0.299,4.2271,4.44,5.556,20.0,5.3128,22.5559,True
6931,87049.0,2.21,0.2599,5.14,0.3367,3.0106,4.48,1.2321,4.44,0.667,4.4775,True
6936,121251.3,-1.22,0.3109,53.25,0.306,3.1738,5.12,5.556,20.0,6.563,46.6881,True
6941,125175.1,6.93,0.3668,53.08,0.3129,4.5109,3.53,5.556,20.0,5.1603,47.916,True
6946,101375.6,2.3,0.3491,35.75,0.304,3.8937,4.33,5.556,20.0,5.6531,30.0949,True
6951,157631.6,7.5,0.341,43.83,0.342,4.3128,5.42,5.556,20.0,5.4787,38.3529,True
6956,116515.9,7.08,0.268,85.94,0.2885,3.5593,5.15,5.556,20.0,5.9395,79.9977,True
6961,96565.8,-0.77,0.3108,50.5,0.3222,3.2179,4.34,5.556,20.0,6.5867,43.9127,True
6966,159009.9,2.3,0.3569,29.05,0.3551,3.9295,3.34,5.556,20.0,5.9009,23.151,True
6971,83974.0,-7.43,0.3268,9.49,0.2929,2.7142,3.55,4.9385,17.78,5.9394,3.5542,True
6976,140521.7,-3.1,0.3694,80.36,0.3048,3.5624,4.27,5.556,20.0,6.0262,74.3388,True
6981,155383.9,-5.29,0.373,21.3,0.3268,3.2659,3.22,5.556,20.0,6.5414,14.7545,True
6986,129088.4,-1.13,0.293,46.91,0.3296,3.0077,3.81,5.556,20.0,6.9629,39.944,True
6991,84166.3,7.9,0.3433,49.54,0.327,4.3723,3.29,5.556,20.0,5.347,44.1927,True
6996,145282.3,-5.22,0.2578,31.39,0.3316,2.2582,4.62,5.556,20.0,8.6773,22.7082,True
7001,106474.7,-7.25,0.3278,89.99,0.3188,2.7415,3.83,5.556,20.0,7.4016,82.5848,True
7006,124317.2,3.48,0.2857,9.39,0.3262,3.386,3.61,5.2492,18.9,5.7808,3.6104,True
7011,161914.7,3.25,0.3089,4.29,0.2787,3.5922,5.72,0.0,0.0,0.0,4.2941,True
7016,99911.6,-4.76,0.3853,99.74,0.3118,3.5532,4.0,5.556,20.0,6.0764,93.6612,True
7021,123190.9,-2.3,0.3302,13.29,0.3275,3.2572,5.5,5.556,20.0,6.5583,6.729,True
7026,101918.0,0.01,0.252,60.02,0.3059,2.7176,4.86,5.556,20.0,7.3789,52.645,True
7031,127113.6,1.53,0.3768,73.35,0.3432,4.0906,5.98,5.556,20.0,5.68,67.6715,True
7036,140703.4,7.45,0.2783,98.54,0.3405,3.6945,4.76,5.556,20.0,6.0697,92.4749,True
7041,78825.2,-4.54,0.3142,72.07,0.3113,2.8788,4.26,5.556,20.0,7.091,64.977,True
7046,92544.8,-7.78,0.3592,49.7,0.3258,2.9958,5.73,5.556,20.0,6.9623,42.7405,True
7051,141486.7,7.7,0.2733,16.43,0.3097,3.6698,3.7,5.556,20.0,5.9262,10.5002,True
7056,101470.3,7.82,0.3552,47.59,0.3201,4.4816,5.73,5.556,20.0,5.2226,42.3704,True
7061,96367.0,1.4,0.3031,95.08,0.3031,3.3545,5.64,5.556,20.0,6.2852,88.7924,True
7066,111707.1,7.11,0.2718,54.75,0.3146,3.5994,5.65,5.556,20.0,6.0359,48.7115,True
7071,113022.1,2.95,0.3473,24.17,0.3148,3.9386,3.67,5.556,20.0,5.6679,18.5034,True
7076,77047.6,3.27,0.2841,97.44,0.2878,3.3498,5.53,5.556,20.0,6.2068,91.2351,True
7081,157897.3,1.85,0.3271,66.34,0.2851,3.6333,5.8,5.556,20.0,5.8322,60.5114,True
7086,162311.4,0.4,0.3848,28.21,0.3169,3.6727,4.66,5.556,20.0,5.9634,22.2462,True
7091,140142.7,2.22,0.3036,51.43,0.3156,3.4391,3.15,5.556,20.0,6.2414,45.1917,True
7096,104523.8,0.4,0.306,74.5,0.2926,3.2849,4.42,5.556,20.0,6.3243,68.171,True
7101,110000.3,4.03,0.3817,31.18,0.2978,4.3809,5.99,5.556,20.0,5.1777,26.0054,True
7106,143193.4,5.04,0.2696,48.68,0.3197,3.3788,3.24,5.556,20.0,6.3446,42.3392,True
7111,120760.8,0.04,0.3758,31.38,0.3057,3.9342,5.95,5.556,20.0,5.6214,25.7586,True
7116,163597.5,4.21,0.3846,99.11,0.3563,4.019,5.89,5.556,20.0,5.8202,93.2888,True
7121,84484.0,6.88,0.2728,94.54,0.343,3.5865,3.55,5.556,20.0,6.2091,88.333,True
7126,124235.9,7.02,0.3507,53.08,0.2748,4.3624,3.74,5.556,20.0,5.0648,48.0171,True
7131,90295.0,-7.2,0.3497,91.04,0.3231,2.9605,3.91,5.556,20.0,7.0084,84.03,True
7136,103897.8,3.06,0.3269,77.98,0.3167,3.7493,3.02,5.556,20.0,5.8763,72.1041,True
7141,118249.6,7.74,0.3334,16.94,0.3291,4.2612,3.4,5.556,20.0,5.4507,11.4867,True
7146,106336.8,6.36,0.335,70.99,0.3212,4.145,3.32,5.556,20.0,5.5081,65.4813,True
7151,75567.6,-0.11,0.3412,74.84,0.3086,3.5806,5.64,5.556,20.0,6.0252,68.8184,True
7156,140836.1,-7.34,0.2661,3.88,0.3258,2.1296,4.07,0.0,0.0,0.0,3.8787,True
7161,149039.1,-2.95,0.3352,9.18,0.3241,3.2419,5.33,4.0553,14.6,3.8506,5.3329,True
7166,85676.9,-2.94,0.313,86.94,0.2814,3.0244,4.43,5.556,20.0,6.667,80.2748,True
7171,95267.5,-5.0,0.3833,83.26,0.2954,3.5087,3.42,5.556,20.0,6.04,77.2228,True
7176,136159.0,7.33,0.2908,92.78,0.317,3.8059,4.48,5.556,20.0,5.8168,86.9627,True
7181,109953.8,-4.54,0.3884,27.94,0.2927,3.6049,4.56,5.556,20.0,5.9076,22.0307,True
7186,124711.7,4.26,0.3657,19.51,0.2655,4.2454,3.34,5.556,20.0,5.1109,14.3975,True
7191,146371.4,-5.12,0.33,67.94,0.2737,2.9752,5.52,5.556,20.0,6.7086,61.2362,True
7196,143618.9,2.39,0.3352,45.26,0.3111,3.7658,3.44,5.556,20.0,5.8272,39.4335,True
7201,83093.1,-6.97,0.3789,90.99,0.3176,3.2692,4.06,5.556,20.0,6.486,84.5027,True
7206,103869.3,7.35,0.3926,32.9,0.3002,4.8026,5.02,5.556,20.0,4.8817,28.0201,True
7211,88830.6,2.82,0.2776,34.22,0.2907,3.2423,4.48,5.556,20.0,6.3757,27.8421,True
7216,156516.9,5.66,0.3697,61.06,0.3085,4.3125,5.36,5.556,20.0,5.2929,55.7661,True
7221,141163.6,6.84,0.3043,32.23,0.2916,3.8913,3.73,5.556,20.0,5.5864,26.6457,True
7226,107470.4,-5.67,0.3864,38.34,0.3296,3.4721,4.45,5.556,20.0,6.2763,32.0603,True
7231,153379.8,-0.77,0.2599,10.67,0.2981,2.7189,4.43,5.0691,18.25,6.2363,4.4296,True
7236,104234.4,5.82,0.2666,39.49,0.31,3.4244,5.34,5.556,20.0,6.2293,33.2571,True
7241,111339.8,0.31,0.3117,11.91,0.3231,3.3328,3.28,5.556,20.0,6.4263,5.4862,True
7246,127922.2,-2.4,0.2884,74.76,0.2817,2.8368,5.58,5.556,20.0,7.0061,67.7586,True
7251,77609.8,-4.02,0.3365,56.53,0.2945,3.1481,4.58,5.556,20.0,6.5389,49.989,True
7256,160392.5,-0.34,0.2775,97.33,0.2991,2.9334,5.77,5.556,20.0,6.9235,90.4045,True
7261,107715.4,-5.36,0.2792,97.76,0.3396,2.4539,5.97,5.556,20.0,8.1766,89.5873,True
7266,140089.3,7.1,0.3238,43.42,0.3094,4.1071,3.71,5.556,20.0,5.477,37.9456,True
7271,89840.2,6.14,0.3541,29.37,0.3162,4.312,3.45,5.556,20.0,5.3364,24.0355,True
7276,162926.4,-7.01,0.363,38.08,0.2999,2.9347,5.91,5.556,20.0,6.9256,31.1496,True
7281,147138.2,6.25,0.3127,21.65,0.289,3.9168,4.16,5.556,20.0,5.5462,16.1084,True
7286,82612.2,2.05,0.2936,63.9,0.2678,3.3242,3.57,5.556,20.0,6.1308,57.7711,True
7291,139953.0,-0.72,0.3232,17.86,0.3143,3.344,5.99,5.556,20.0,6.3618,11.495,True
7296,97880.1,1.91,0.3175,49.8,0.2661,3.5459,3.47,5.556,20.0,5.8314,43.9655,True
7301,83655.3,6.21,0.286,94.51,0.2879,3.6519,4.58,5.556,20.0,5.826,88.6812,True
7306,134491.8,0.91,0.2534,38.56,0.3205,2.8195,4.15,5.556,20.0,7.255,31.3025,True
7311,140607.2,4.19,0.3413,92.59,0.2872,4.0,4.26,5.556,20.0,5.4545,87.1332,True
7316,91892.5,2.38,0.3951,14.62,0.2808,4.3518,3.77,5.556,20.0,5.1069,9.511,True
7321,162248.7,5.58,0.3799,44.69,0.3046,4.1805,5.63,5.556,20.0,5.3844,39.3089,True
7326,137310.0,-4.17,0.3647,80.03,0.3173,3.4095,5.25,5.556,20.0,6.2899,73.7376,True
7331,127760.9,-4.08,0.3348,70.43,0.2983,3.1254,5.76,5.556,20.0,6.596,63.8311,True
7336,125091.0,1.26,0.2763,41.49,0.3072,3.0787,5.83,5.556,20.0,6.7204,34.7695,True
7341,128518.6,-5.05,0.2874,60.38,0.2808,2.5657,4.88,5.556,20.0,7.5756,52.8063,True
7346,79495.4,-0.41,0.3658,6.77,0.3043,3.7922,5.37,2.3086,8.31,1.4052,5.3671,True
7351,115996.9,0.54,0.3524,81.99,0.3154,3.7538,5.26,5.556,20.0,5.864,76.1288,True
7356,155446.6,-5.83,0.3522,98.98,0.2796,3.1227,4.04,5.556,20.0,6.4961,92.4802,True
7361,82708.1,4.24,0.3987,20.53,0.3223,4.5672,5.84,5.556,20.0,5.1702,15.3576,True
7366,151880.8,-5.62,0.3517,34.89,0.2914,3.1387,4.12,5.556,20.0,6.5364,28.3497,True
7371,109823.4,-6.8,0.3702,61.49,0.2898,3.2016,4.44,5.556,20.0,6.4312,55.0592,True
7376,113071.0,-2.59,0.3098,24.31,0.3275,3.0287,3.46,5.556,20.0,6.9155,17.3965,True
7381,153187.3,0.29,0.3041,53.73,0.3316,3.256,5.33,5.556,20.0,6.5829,47.1507,True
7386,142986.3,1.35,0.3144,13.28,0.3012,3.4608,5.45,5.556,20.0,6.1334,7.1458,True
7391,85943.0,-0.51,0.3006,26.02,0.2985,3.1433,5.69,5.556,20.0,6.5684,19.4553,True
7396,132775.8,-5.03,0.2636,84.34,0.2995,2.3343,4.22,5.556,20.0,8.2762,76.0645,True
7401,128462.3,-4.45,0.2931,16.4,0.3321,2.6806,4.17,5.556,20.0,7.6028,8.7938,True
7406,136873.2,2.92,0.3057,99.84,0.3034,3.5277,4.27,5.556,20.0,6.061,93.7756,True
7411,142394.0,0.94,0.3559,52.55,0.3235,3.8278,5.28,5.556,20.0,5.8294,46.7179,True
7416,138801.7,4.67,0.3999,71.09,0.3531,4.6199,5.39,5.556,20.0,5.3024,65.7887,True
7421,97037.6,-2.6,0.3487,28.19,0.3052,3.4091,3.79,5.556,20.0,6.2232,21.9629,True
7426,163838.9,6.92,0.3359,7.18,0.2788,4.2078,5.63,2.6254,9.45,1.5509,5.633,True
7431,84089.3,-4.09,0.3584,22.8,0.2995,3.3561,3.93,5.556,20.0,6.263,16.5399,True
7436,92587.8,-1.31,0.2814,87.22,0.3094,2.8769,5.48,5.556,20.0,7.084,80.1314,True
7441,121154.6,6.0,0.2715,90.89,0.3058,3.4896,5.36,5.556,20.0,6.122,84.7727,True
7446,78965.1,-0.14,0.3261,9.72,0.3327,3.4292,5.23,4.5265,16.3,4.4933,5.2298,True
7451,92355.3,-5.51,0.3839,10.04,0.2755,3.4648,4.16,5.4987,19.8,5.8781,4.1621,True
7456,122347.2,3.11,0.3391,23.98,0.3035,3.8732,5.76,5.556,20.0,5.6714,18.3095,True
7461,101277.1,-5.54,0.3412,66.01,0.2745,3.0441,5.13,5.556,20.0,6.5952,59.4131,True
7466,94840.1,-2.67,0.2737,49.21,0.3085,2.6667,5.0,5.556,20.0,7.5018,41.7098,True
7471,95789.1,-4.17,0.343,51.91,0.3335,3.1966,3.68,5.556,20.0,6.6816,45.2242,True
7476,144407.1,7.79,0.3257,34.46,0.3305,4.19,5.28,5.556,20.0,5.52,28.941,True
7481,96881.1,5.83,0.2786,83.36,0.2896,3.5431,4.34,5.556,20.0,5.9652,77.3922,True
7486,99101.7,3.04,0.2769,24.0,0.2997,3.2578,4.31,5.556,20.0,6.4027,17.5934,True
7491,136929.5,-2.33,0.3838,78.15,0.3369,3.7794,3.33,5.556,20.0,5.9559,72.1949,True
7496,76595.1,-2.16,0.2918,80.73,0.3249,2.8942,4.29,5.556,20.0,7.1378,73.594,True
7501,113606.6,-2.55,0.3075,92.18,0.3011,3.0102,5.23,5.556,20.0,6.8003,85.3807,True
7506,134291.1,4.45,0.292,34.07,0.3276,3.5425,4.67,5.556,20.0,6.177,27.8899,True
7511,99363.2,-6.82,0.3363,78.52,0.2866,2.8681,5.43,5.556,20.0,6.9741,71.5436,True
7516,116357.0,2.47,0.3311,99.22,0.3057,3.7329,4.94,5.556,20.0,5.8334,93.3834,True
7521,118077.9,3.96,0.3156,90.13,0.3241,3.725,3.11,5.556,20.0,5.944,84.1858,True
7526,155632.1,-0.91,0.3279,87.32,0.3066,3.3711,5.49,5.556,20.0,6.2821,81.0424,True
7531,90934.2,1.78,0.34,73.8,0.3189,3.754,5.5,5.556,20.0,5.8833,67.913,True
7536,117803.6,-6.99,0.3657,47.82,0.3162,3.1381,5.03,5.556,20.0,6.6751,41.1432,True
7541,96531.5,4.9,0.3399,36.23,0.3128,4.0541,4.01,5.556,20.0,5.545,30.6818,True
7546,88064.5,4.87,0.2938,37.39,0.3043,3.5989,5.7,5.556,20.0,5.9793,31.4121,True
7551,106778.7,-2.9,0.3898,76.45,0.2811,3.7816,5.25,5.556,20.0,5.6431,70.8042,True
7556,130450.7,1.59,0.3637,54.01,0.3382,3.9668,5.07,5.556,20.0,5.77,48.2444,True
7561,134066.4,4.82,0.3792,36.82,0.2755,4.4314,5.44,5.556,20.0,5.0139,31.8014,True
7566,145988.6,4.37,0.302,33.38,0.3074,3.6316,5.64,5.556,20.0,5.9578,27.4245,True
7571,125423.4,4.79,0.3005,26.7,0.357,3.6578,4.1,5.556,20.0,6.2033,20.4933,True
7576,154162.4,-7.0,0.355,25.17,0.31,3.0326,4.93,5.556,20.0,6.8121,18.3583,True
7581,117836.1,0.58,0.254,74.66,0.3478,2.7928,3.82,5.556,20.0,7.4589,67.1963,True
7586,156702.3,-2.34,0.2666,80.83,0.297,2.6296,4.7,5.556,20.0,7.5199,73.3066,True
7591,142657.5,-0.53,0.3858,5.12,0.3057,3.9766,3.72,2.3387,8.42,1.4027,3.7157,True
7596,110415.9,-6.85,0.296,76.64,0.2803,2.4703,5.84,5.556,20.0,7.8054,68.8317,True
7601,129981.2,-4.94,0.3424,46.92,0.3249,3.1147,3.88,5.556,20.0,6.7607,40.158,True
7606,150942.9,0.52,0.3127,18.64,0.3013,3.3631,4.0,5.556,20.0,6.2634,12.3746,True
7611,86012.4,-6.15,0.3921,65.01,0.3206,3.4804,4.19,5.556,20.0,6.2158,58.7984,True
7616,90447.7,2.58,0.3276,62.34,0.2993,3.7099,5.54,5.556,20.0,5.8232,56.5214,True
7621,162634.3,6.66,0.2531,92.71,0.3189,3.3729,5.39,5.556,20.0,6.348,86.364,True
7626,84144.2,6.99,0.3732,28.25,0.2915,4.5793,3.7,5.556,20.0,4.9902,23.2594,True
7631,109951.4,-2.0,0.2938,15.63,0.308,2.9297,5.82,5.556,20.0,6.9798,8.6509,True
7636,145165.9,4.71,0.3419,46.86,0.3121,4.0547,5.69,5.556,20.0,5.5408,41.3203,True
7641,125777.8,-2.03,0.3447,80.59,0.3153,3.4262,5.26,5.556,20.0,6.2569,74.3286,True
7646,141343.9,-7.42,0.3189,59.84,0.3046,2.6371,3.11,5.556,20.0,7.5455,52.2902,True
7651,81648.6,-6.95,0.3787,53.05,0.3306,3.2704,5.58,5.556,20.0,6.5561,46.494,True
7656,86359.0,6.25,0.2699,97.39,0.3174,3.4983,3.53,5.556,20.0,6.1752,91.2115,True
7661,112529.9,2.61,0.3111,22.43,0.3258,3.5502,4.28,5.556,20.0,6.1579,16.2728,True
7666,87686.2,-3.7,0.3199,99.51,0.3051,3.0174,3.69,5.556,20.0,6.81,92.6986,True
7671,110776.2,3.58,0.3761,96.75,0.299,4.2815,3.8,5.556,20.0,5.266,91.4796,True
7676,99765.5,6.42,0.2899,42.65,0.2811,3.7093,4.33,5.556,20.0,5.7227,36.927,True
7681,163616.2,-7.26,0.2663,77.02,0.3196,2.1389,3.15,5.556,20.0,8.992,68.0253,True
7686,160768.1,2.96,0.3647,71.22,0.3128,3.9563,4.2,5.556,20.0,5.639,65.5814,True
7691,147916.7,-7.54,0.307,70.93,0.3009,2.5102,5.22,5.556,20.0,7.8208,63.1066,True
7696,162026.8,-7.64,0.3105,54.28,0.2985,2.5335,3.36,5.556,20.0,7.7507,46.5327,True
7701,85204.1,2.73,0.2835,97.62,0.3069,3.2925,4.33,5.556,20.0,6.3929,91.2233,True
7706,102588.4,0.71,0.2697,94.29,0.3045,2.9595,5.46,5.556,20.0,6.9069,87.3785,True
7711,157153.4,0.88,0.2964,88.25,0.292,3.2386,3.25,5.556,20.0,6.3879,81.8633,True
7716,164959.1,3.13,0.3047,48.3,0.2913,3.5376,3.02,5.556,20.0,5.9816,42.3215,True
7721,79395.1,4.42,0.3359,40.02,0.3059,3.9685,4.46,5.556,20.0,5.5888,34.4266,True
7726,102958.2,-6.86,0.3496,52.76,0.3245,2.9942,4.69,5.556,20.0,6.9579,45.8019,True
7731,129677.3,7.83,0.2762,43.56,0.3077,3.71,5.25,5.556,20.0,5.8697,37.6886,True
7736,105176.0,7.11,0.3528,66.97,0.3157,4.3912,3.97,5.556,20.0,5.2688,61.7042,True
7741,96638.7,-0.81,0.2895,27.58,0.3481,3.0049,3.16,5.556,20.0,7.0706,20.5101,True
7746,147935.1,1.32,0.282,43.01,0.2966,3.1396,4.77,5.556,20.0,6.5638,36.4501,True
7751,85146.3,-6.88,0.3521,65.18,0.303,3.017,4.78,5.556,20.0,6.7996,58.3848,True
7756,74946.8,1.01,0.2582,74.44,0.3437,2.8767,4.52,5.556,20.0,7.2749,67.1625,True
7761,101111.8,-3.49,0.3145,31.37,0.294,2.9846,5.31,5.556,20.0,6.8047,24.5607,True
7766,95119.9,-2.36,0.3205,58.67,0.316,3.1562,5.83,5.556,20.0,6.6459,52.0237,True
7771,102887.7,-1.09,0.3881,15.57,0.3088,3.9439,4.67,5.556,20.0,5.6292,9.9439,True
7776,101369.3,1.92,0.2621,50.04,0.332,3.0036,4.16,5.556,20.0,6.9832,43.0583,True
7781,128082.9,-7.96,0.2639,59.08,0.3394,2.0453,5.28,5.556,20.0,9.432,49.6477,True
7786,164311.8,6.01,0.3843,11.58,0.3144,4.1801,4.93,5.556,20.0,5.4393,6.1389,True
7791,86093.1,-1.36,0.3903,21.56,0.3188,3.9388,5.74,5.556,20.0,5.6897,15.8723,True
7796,91060.7,7.96,0.3135,33.86,0.2995,4.0868,3.07,5.556,20.0,5.4405,28.4179,True
7801,107083.4,2.8,0.3528,32.29,0.3212,3.9776,5.58,5.556,20.0,5.6651,26.6243,True
7806,102506.1,0.77,0.2845,82.31,0.2728,3.1101,5.68,5.556,20.0,6.4783,75.8315,True
7811,153059.9,-3.01,0.3834,82.88,0.3292,3.5429,4.69,5.556,20.0,6.1853,76.6921,True
7816,140291.1,7.45,0.3584,3.16,0.299,4.4782,3.59,0.0,0.0,0.0,3.1639,True
7821,94846.2,7.35,0.2569,87.17,0.3217,3.4753,3.38,5.556,20.0,6.2284,80.9462,True
7826,115675.0,-4.25,0.3249,37.74,0.3184,3.0115,4.92,5.556,20.0,6.8943,30.8503,True
7831,98622.3,0.19,0.2585,4.22,0.2958,2.7985,4.92,0.0,0.0,0.0,4.2198,True
7836,97144.0,4.22,0.2999,33.21,0.3393,3.5973,5.28,5.556,20.0,6.176,27.0378,True
7841,150566.3,-6.56,0.3396,39.09,0.2565,2.9264,3.92,5.556,20.0,6.6992,32.3945,True
7846,131552.5,-1.37,0.294,55.66,0.292,2.994,3.76,5.556,20.0,6.7772,48.8799,True
7851,112063.8,0.35,0.3644,76.85,0.2974,3.8533,4.42,5.556,20.0,5.6581,71.1911,True
7856,78993.0,-5.75,0.2982,17.66,0.3122,2.6005,4.39,5.556,20.0,7.6698,9.9869,True
7861,113489.2,7.32,0.3648,71.36,0.3129,4.5288,3.4,5.556,20.0,5.1464,66.2109,True
7866,163977.3,-6.88,0.3073,92.08,0.2872,2.578,3.2,5.556,20.0,7.5829,84.5015,True
7871,109392.1,-1.96,0.3397,32.93,0.3405,3.3838,4.02,5.556,20.0,6.453,26.4812,True
7876,127106.7,-6.97,0.3062,49.28,0.3278,2.5588,4.23,5.556,20.0,7.8535,41.4302,True
7881,120625.3,-5.25,0.295,49.81,0.3305,2.6195,5.04,5.556,20.0,7.7287,42.0782,True
7886,90621.2,7.18,0.3983,43.1,0.2763,4.8431,4.09,5.556,20.0,4.722,38.3819,True
7891,116283.7,-6.99,0.3753,6.44,0.3058,3.233,3.39,3.5615,12.82,3.051,3.386,True
7896,112451.6,-0.07,0.274,35.92,0.3347,2.9254,5.6,5.556,20.0,7.1358,28.7818,True
7901,78609.1,2.19,0.3359,47.16,0.3232,3.7529,5.09,5.556,20.0,5.9083,41.2541,True
7906,98311.7,0.91,0.2586,24.96,0.2744,2.8696,5.62,5.556,20.0,6.9033,18.0562,True
7911,78965.1,-5.63,0.3234,89.69,0.2842,2.8597,4.66,5.556,20.0,6.9761,82.7106,True
7916,133080.2,5.69,0.3156,44.42,0.2855,3.8925,5.35,5.556,20.0,5.5512,38.8676,True
7921,163221.3,-5.69,0.2733,33.98,0.335,2.3635,5.45,5.556,20.0,8.3918,25.5878,True
7926,120095.0,4.19,0.3327,71.96,0.302,3.9156,5.64,5.556,20.0,5.6197,66.3415,True
7931,113295.5,1.41,0.3089,72.27,0.3019,3.4122,3.22,5.556,20.0,6.2007,66.065,True
7936,100084.0,3.21,0.2693,35.87,0.2808,3.1995,4.05,5.556,20.0,6.3841,29.4908,True
7941,147731.8,5.01,0.3498,44.94,0.2973,4.1621,4.34,5.556,20.0,5.36,39.5792,True
7946,123463.2,5.79,0.2727,95.72,0.3022,3.4812,5.52,5.556,20.0,6.113,89.6059,True
7951,163539.3,6.83,0.3673,66.24,0.2945,4.2755,3.24,5.556,20.0,5.2462,60.993,True
7956,88222.7,-2.97,0.3735,52.47,0.294,3.6157,3.01,5.556,20.0,5.9024,46.5635,True
7961,132941.4,-0.19,0.373,84.37,0.3172,3.884,5.06,5.556,20.0,5.7363,78.6338,True
7966,84959.9,3.71,0.3876,28.39,0.2983,4.407,5.47,5.556,20.0,5.1595,23.2278,True
7971,102544.5,7.45,0.3963,91.22,0.2968,4.8482,4.03,5.556,20.0,4.8324,86.3846,True
7976,121878.4,-7.23,0.3687,96.95,0.305,3.1434,3.92,5.556,20.0,6.6045,90.3503,True
7981,152220.7,-3.81,0.3809,51.34,0.3026,3.4849,4.67,5.556,20.0,6.1103,45.2255,True
7986,134537.0,-6.23,0.267,61.15,0.3203,2.2484,5.73,5.556,20.0,8.6446,52.5084,True
7991,149480.8,-1.16,0.2965,16.6,0.3359,3.0383,5.81,5.556,20.0,6.9461,9.6522,True
7996,140205.8,-0.89,0.3483,80.6,0.3261,3.5731,5.46,5.556,20.0,6.1317,74.4695,True
8001,143428.5,-3.59,0.3419,89.37,0.2815,3.2437,5.03,5.556,20.0,6.3226,83.0495,True
8006,154149.1,-0.55,0.2808,93.09,0.3282,2.9451,3.1,5.556,20.0,7.0644,86.0283,True
8011,163941.9,-2.17,0.3245,94.03,0.3065,3.2129,4.77,5.556,20.0,6.507,87.5215,True
8016,75175.0,6.13,0.3425,99.94,0.2803,4.1973,5.83,5.556,20.0,5.2345,94.7025,True
8021,139760.7,6.06,0.394,41.32,0.3147,4.6944,5.66,5.556,20.0,5.0361,36.2796,True
8026,98771.9,2.39,0.2775,99.13,0.3064,3.1999,5.25,5.556,20.0,6.5257,92.6049,True
8031,108907.6,-7.83,0.2805,99.77,0.3015,2.2209,3.5,5.556,20.0,8.6251,91.1492,True
8036,90487.0,-4.28,0.3453,58.74,0.3024,3.2088,5.83,5.556,20.0,6.4905,52.2519,True
8041,74918.8,-3.41,0.3457,76.4,0.2857,3.2992,3.55,5.556,20.0,6.2658,70.1377,True
8046,79509.8,-5.06,0.3015,40.76,0.2654,2.7022,4.61,5.556,20.0,7.1862,33.5712,True
8051,109697.8,-7.0,0.3087,78.22,0.3261,2.5803,3.65,5.556,20.0,7.7934,70.4219,True
8056,82625.2,3.3,0.3,82.09,0.2789,3.5091,5.68,5.556,20.0,5.9478,76.1381,True
8061,115172.6,4.68,0.3025,13.49,0.2932,3.6662,5.65,5.556,20.0,5.839,7.6559,True
8066,164127.2,2.56,0.3646,74.52,0.2917,3.8467,5.29,5.556,20.0,5.6332,68.8852,True
8071,108131.7,-3.42,0.288,34.28,0.2811,2.733,3.87,5.556,20.0,7.2094,27.075,True
8076,156539.7,-2.58,0.3088,75.87,0.3052,3.0189,5.83,5.556,20.0,6.8086,69.0588,True
8081,99954.2,5.89,0.2583,93.34,0.3198,3.3499,3.26,5.556,20.0,6.384,86.9534,True
8086,93606.5,-7.76,0.3334,97.83,0.2786,2.7451,4.74,5.556,20.0,7.1706,90.6588,True
8091,141803.3,3.81,0.3014,41.5,0.2644,3.5715,5.34,5.556,20.0,5.7906,35.7073,True
8096,112651.9,-5.28,0.303,53.99,0.335,2.6953,4.44,5.556,20.0,7.588,46.4018,True
8101,153256.7,2.69,0.3951,5.1,0.3087,4.0973,3.6,2.4649,8.87,1.5023,3.5996,True
8106,131983.8,3.1,0.3372,88.73,0.3188,3.8536,3.87,5.556,20.0,5.7762,82.9585,True
8111,83902.1,-0.14,0.3941,33.9,0.2964,4.0963,4.89,5.556,20.0,5.4145,28.4817,True
8116,115695.4,-1.92,0.3096,6.85,0.2869,3.0927,4.37,3.1315,11.27,2.4838,4.3686,True
8121,109368.4,-5.03,0.3188,9.22,0.3041,2.8741,3.58,4.8871,17.59,5.641,3.5767,True
8126,163476.6,2.96,0.3436,65.53,0.3007,3.8993,3.91,5.556,20.0,5.6291,59.9007,True
8131,94255.7,-7.67,0.388,80.66,0.2554,3.2877,4.71,5.556,20.0,6.1134,74.5424,True
8136,159829.4,-1.07,0.2923,30.72,0.3142,3.0066,4.14,5.556,20.0,6.8793,23.8441,True
8141,134516.8,1.34,0.2617,44.54,0.2882,2.9426,5.31,5.556,20.0,6.8464,37.6909,True
8146,161792.2,7.83,0.3937,30.26,0.3086,4.4092,4.5,5.556,20.0,5.2151,25.048,True
8151,83865.5,-2.32,0.3852,36.04,0.3351,3.7943,5.1,5.556,20.0,5.9295,30.1136,True
8156,84327.1,-0.74,0.3494,76.07,0.2863,3.5995,4.7,5.556,20.0,5.879,70.1952,True
8161,161964.0,-4.42,0.3595,29.69,0.3097,3.2077,4.23,5.556,20.0,6.5325,23.1608,True
8166,116938.8,6.95,0.334,54.0,0.3261,4.1919,4.22,5.556,20.0,5.4939,48.5059,True
8171,80799.0,-4.77,0.3,64.0,0.3286,2.7164,3.61,5.556,20.0,7.5076,56.4939,True
8176,100976.7,-6.77,0.2802,33.22,0.2874,2.3243,4.89,5.556,20.0,8.2373,24.9831,True
8181,161190.2,-3.87,0.2677,8.29,0.2878,2.4893,3.41,4.2676,15.36,4.8863,3.4053,True
8186,161175.3,6.03,0.3479,84.06,0.2972,4.241,4.32,5.556,20.0,5.2908,78.7647,True
8191,155339.2,3.4,0.2935,88.2,0.3031,3.4553,5.81,5.556,20.0,6.151,82.0454,True
8196,128913.7,-7.89,0.3573,29.36,0.2795,2.9664,4.3,5.556,20.0,6.7562,22.6058,True
8201,94209.0,1.84,0.3638,55.07,0.2991,3.9918,5.0,5.556,20.0,5.5281,49.5427,True
8206,148897.4,-3.91,0.2732,23.67,0.3006,2.5384,4.89,5.556,20.0,7.7505,15.9213,True
8211,135068.6,7.25,0.2616,27.31,0.2933,3.5128,3.89,5.556,20.0,6.0233,21.2846,True
8216,77723.6,-4.93,0.3644,49.73,0.3168,3.3309,5.97,5.556,20.0,6.3939,43.3361,True
8221,156311.0,-6.89,0.2957,91.34,0.3091,2.4636,4.71,5.556,20.0,7.9824,83.3531,True
8226,108330.4,1.14,0.3445,89.79,0.3025,3.735,5.91,5.556,20.0,5.8128,83.9749,True
8231,87817.9,-6.07,0.3215,95.56,0.3353,2.7979,5.24,5.556,20.0,7.3796,88.1828,True
8236,119031.7,7.04,0.3904,55.66,0.2717,4.7524,5.64,5.556,20.0,4.7574,50.9025,True
8241,109576.7,2.42,0.2662,34.28,0.3581,3.0922,3.32,5.556,20.0,6.981,27.2941,True
8246,91115.2,0.19,0.3553,5.23,0.3228,3.7484,3.99,2.0706,7.45,1.2404,3.9915,True
8251,125682.9,7.03,0.3063,14.28,0.2873,3.9293,5.03,5.556,20.0,5.5246,8.7538,True
8256,98706.5,2.48,0.2804,61.58,0.3078,3.2369,5.97,5.556,20.0,6.4785,55.0988,True
8261,98539.0,-7.8,0.324,69.45,0.308,2.6495,4.79,5.556,20.0,7.5369,61.9112,True
8266,134346.9,-0.43,0.352,64.24,0.3112,3.655,3.25,5.556,20.0,5.9519,58.2928,True
8271,150094.2,-1.76,0.3539,82.24,0.3238,3.5427,3.83,5.556,20.0,6.1559,76.0846,True
8276,87581.0,0.96,0.2527,42.19,0.2997,2.8169,3.75,5.556,20.0,7.1442,35.0478,True
8281,145967.9,7.05,0.3945,51.3,0.3376,4.7023,3.6,5.556,20.0,5.1578,46.1422,True
8286,131952.0,-7.85,0.349,85.77,0.2972,2.8898,3.23,5.556,20.0,6.9926,78.7808,True
8291,146243.5,-1.71,0.31,41.67,0.3407,3.1172,4.21,5.556,20.0,6.8441,34.827,True
8296,158686.2,-0.47,0.3409,6.46,0.3436,3.5423,5.73,1.3553,4.88,0.7249,5.7304,True
8301,162347.1,4.92,0.3684,92.95,0.3296,4.115,3.01,5.556,20.0,5.5824,87.3652,True
8306,105104.0,-0.74,0.268,19.46,0.2899,2.801,3.07,5.556,20.0,7.1213,12.3401,True
8311,146326.8,-5.22,0.3063,37.54,0.2797,2.7326,3.69,5.556,20.0,7.2025,30.3391,True
8316,156471.1,-2.03,0.299,38.19,0.3103,2.9778,4.98,5.556,20.0,6.9073,31.2804,True
8321,87498.0,0.24,0.3443,87.31,0.3243,3.6457,4.52,5.556,20.0,6.0353,81.2745,True
8326,141746.4,3.63,0.2551,78.51,0.3056,3.1004,4.05,5.556,20.0,6.6763,71.8359,True
8331,156686.4,-1.28,0.3384,72.22,0.2918,3.4378,4.62,5.556,20.0,6.1109,66.1058,True
8336,120304.9,-5.51,0.3614,50.18,0.2939,3.2442,4.44,5.556,20.0,6.3906,43.791,True
8341,159193.0,-5.51,0.3413,36.62,0.2861,3.0466,3.83,5.556,20.0,6.6557,29.9604,True
8346,157294.4,4.22,0.2984,62.14,0.3136,3.5817,5.0,5.556,20.0,6.0517,56.0884,True
8351,115770.5,-6.38,0.3003,38.5,0.3217,2.5599,3.48,5.556,20.0,7.8166,30.6822,True
8356,82856.7,-0.42,0.27,21.86,0.3474,2.851,5.7,5.556,20.0,7.3439,14.5178,True
8361,80748.8,-0.99,0.3017,80.48,0.2935,3.107,5.8,5.556,20.0,6.5982,73.8778,True
8366,130215.9,-6.11,0.278,59.28,0.2883,2.368,4.82,5.556,20.0,8.1197,51.1638,True
8371,120145.5,3.53,0.301,93.17,0.3305,3.5414,4.56,5.556,20.0,6.1944,86.9727,True
8376,90941.9,2.78,0.3626,95.12,0.2785,4.0724,5.82,5.556,20.0,5.3376,89.7802,True
8381,132409.3,-2.3,0.3327,57.19,0.31,3.2816,4.94,5.556,20.0,6.4259,50.7641,True
8386,97328.7,-7.47,0.304,96.83,0.3452,2.487,4.89,5.556,20.0,8.1239,88.7036,True
8391,136419.2,1.29,0.3755,89.07,0.2881,4.054,5.8,5.556,20.0,5.408,83.6603,True
8396,74152.4,-7.92,0.318,36.37,0.3012,2.5793,4.78,5.556,20.0,7.6575,28.7147,True
8401,141626.1,-6.66,0.3776,33.67,0.2925,3.2884,3.28,5.556,20.0,6.3188,27.3543,True
8406,86429.5,6.38,0.3765,99.46,0.3215,4.554,3.96,5.556,20.0,5.1756,94.2892,True
8411,128411.6,6.99,0.2579,68.49,0.2595,3.4508,4.74,5.556,20.0,5.9143,62.573,True
8416,116028.7,5.13,0.3438,4.08,0.3278,4.1146,4.05,0.0882,0.32,0.0299,4.0506,True
8421,85764.7,4.72,0.3858,99.6,0.3142,4.4867,4.57,5.556,20.0,5.1859,94.4108,True
8426,162888.9,1.92,0.2504,34.32,0.3206,2.888,4.17,5.556,20.0,7.1258,27.1916,True
8431,161275.4,-1.89,0.3142,12.81,0.3304,3.1411,3.04,5.556,20.0,6.7497,6.058,True
8436,145631.2,-3.84,0.3867,88.46,0.3085,3.6456,5.5,5.556,20.0,5.9477,82.5156,True
8441,132402.5,6.33,0.3502,28.42,0.3034,4.2916,3.77,5.556,20.0,5.2821,23.1414,True
8446,165193.3,-0.37,0.3275,12.64,0.3353,3.4206,5.28,5.556,20.0,6.3754,6.2605,True
8451,162000.5,4.8,0.3564,69.94,0.3125,4.1097,3.78,5.556,20.0,5.4918,64.4461,True
8456,142567.1,-1.53,0.2782,21.79,0.3019,2.8237,3.59,5.556,20.0,7.1434,14.6465,True
8461,138410.5,-6.88,0.3448,72.38,0.3224,2.945,5.04,5.556,20.0,7.0324,65.3493,True
8466,76582.9,1.4,0.3702,56.9,0.3201,4.0117,3.08,5.556,20.0,5.6258,51.2708,True
8471,97574.3,7.83,0.3053,20.37,0.3221,3.9949,5.01,5.556,20.0,5.6529,14.7147,True
8476,106035.5,-2.58,0.3498,35.57,0.3349,3.4222,5.88,5.556,20.0,6.3709,29.1955,True
8481,84294.8,-4.99,0.3401,57.38,0.3385,3.0874,3.18,5.556,20.0,6.8798,50.4988,True
8486,91499.8,4.32,0.3683,55.87,0.3313,4.2767,3.06,5.556,20.0,5.4497,50.4154,True
8491,101499.9,-0.91,0.3191,32.53,0.3112,3.2852,4.73,5.556,20.0,6.4271,26.1057,True
8496,91195.4,-1.46,0.32,36.35,0.3468,3.2396,4.73,5.556,20.0,6.6913,29.6574,True
8501,129578.4,-2.77,0.3,98.37,0.338,2.9143,3.1,5.556,20.0,7.1742,91.195,True
8506,122051.8,-2.84,0.3068,5.03,0.3302,2.975,4.16,1.4978,5.39,0.8716,4.1575,True
8511,89080.7,3.48,0.3587,47.12,0.2704,4.102,4.42,5.556,20.0,5.2652,41.8554,True
8516,150576.2,-4.0,0.3634,6.04,0.2959,3.4133,3.07,3.6046,12.98,2.9699,3.0735,True
8521,158478.3,3.43,0.264,17.2,0.3124,3.1684,4.33,5.556,20.0,6.607,10.5898,True
8526,126832.9,2.76,0.3279,70.99,0.3102,3.7298,5.47,5.556,20.0,5.8617,65.1293,True
8531,94401.7,1.16,0.3797,46.27,0.3183,4.0823,3.28,5.556,20.0,5.5493,40.7168,True
8536,77800.2,-2.97,0.2616,56.73,0.2828,2.5186,5.24,5.556,20.0,7.6995,49.0301,True
8541,93568.7,3.89,0.3409,92.92,0.2989,3.9669,4.93,5.556,20.0,5.5517,87.3637,True
8546,102605.1,4.38,0.2695,66.16,0.3241,3.3151,5.98,5.556,20.0,6.4563,59.7041,True
8551,159768.2,2.79,0.2811,51.01,0.316,3.2745,3.96,5.556,20.0,6.4695,44.5433,True
8556,159638.7,7.22,0.326,43.14,0.308,4.1394,3.9,5.556,20.0,5.4401,37.6964,True
8561,124961.0,1.03,0.2671,92.37,0.3082,2.9649,4.16,5.556,20.0,6.9181,85.4526,True
8566,92987.1,0.9,0.3337,45.74,0.3099,3.6056,5.71,5.556,20.0,6.0025,39.7414,True
8571,101275.0,5.97,0.3545,13.84,0.322,4.2993,3.11,5.556,20.0,5.379,8.4591,True
8576,106994.9,-6.69,0.3512,74.07,0.2855,3.0268,5.84,5.556,20.0,6.6857,67.3797,True
8581,141021.2,5.03,0.3681,29.19,0.2605,4.3431,4.36,5.556,20.0,5.0012,24.1917,True
8586,146958.7,-5.67,0.3861,86.45,0.3074,3.432,4.2,5.556,20.0,6.2054,80.2402,True
8591,88115.4,-0.16,0.277,13.81,0.3115,2.9463,4.79,5.556,20.0,6.9695,6.8429,True
8596,152079.6,6.77,0.2988,97.38,0.3225,3.8308,5.11,5.556,20.0,5.8211,91.5619,True
8601,80919.6,6.43,0.3325,61.45,0.3112,4.1278,4.66,5.556,20.0,5.4684,55.9865,True
8606,137077.4,0.67,0.3234,27.1,0.2913,3.4831,4.79,5.556,20.0,6.0497,21.0535,True
8611,85522.2,-4.86,0.3434,23.33,0.3253,3.1322,5.67,5.556,20.0,6.7349,16.598,True
8616,105915.4,0.26,0.2602,22.81,0.3092,2.8224,3.32,5.556,20.0,7.1867,15.6209,True
8621,160080.4,-1.9,0.2837,46.0,0.3267,2.8403,3.63,5.556,20.0,7.2492,38.7495,True
8626,146409.4,5.22,0.3355,26.46,0.2703,4.0417,3.23,5.556,20.0,5.3207,21.1427,True
8631,107169.7,-5.81,0.3091,82.15,0.3053,2.7012,4.6,5.556,20.0,7.4102,74.741,True
8636,117419.9,3.88,0.3007,80.47,0.3086,3.5721,4.4,5.556,20.0,6.0351,74.4305,True
8641,92201.7,4.95,0.3006,45.36,0.2922,3.674,5.84,5.556,20.0,5.8247,39.5377,True
8646,156639.3,-7.68,0.3979,29.08,0.3393,3.0049,3.11,5.556,20.0,7.0215,22.0598,True
8651,119365.6,-0.98,0.3844,70.0,0.3226,3.9192,5.59,5.556,20.0,5.7305,64.2728,True
8656,109421.6,3.9,0.2616,25.92,0.316,3.1912,5.13,5.556,20.0,6.5926,19.325,True
8661,158822.5,0.92,0.3765,70.05,0.3069,3.7987,5.33,5.556,20.0,5.7682,64.2857,True
8666,114787.7,2.26,0.3596,15.62,0.3331,3.9925,5.65,5.556,20.0,5.7165,9.903,True
8671,109000.0,-5.07,0.3659,54.79,0.3416,3.3315,3.07,5.556,20.0,6.5311,48.2549,True
8676,91594.8,-1.61,0.2988,29.46,0.3177,3.0166,3.72,5.556,20.0,6.8814,22.5801,True
8681,134595.1,7.62,0.2527,71.83,0.2905,3.4608,5.57,5.556,20.0,6.0736,65.7605,True
8686,86075.2,0.98,0.2909,71.19,0.2869,3.1931,5.24,5.556,20.0,6.4279,64.7583,True
8691,113690.7,-4.6,0.3905,70.73,0.3074,3.6201,3.76,5.556,20.0,5.9715,64.7612,True
8696,117140.7,-0.44,0.3201,48.4,0.3051,3.3412,5.21,5.556,20.0,6.3145,42.0849,True
8701,77892.5,1.73,0.3489,28.66,0.2838,3.8358,3.61,5.556,20.0,5.6005,23.0584,True
8706,104926.5,6.87,0.2938,72.01,0.3208,3.7909,4.44,5.556,20.0,5.8541,66.1568,True
8711,110026.8,-2.57,0.2501,8.29,0.3063,2.445,4.86,3.4159,12.3,3.4327,4.8612,True
8716,160174.2,-6.45,0.303,54.75,0.3486,2.579,4.74,5.556,20.0,7.9213,46.8259,True
8721,74512.6,7.39,0.3077,63.0,0.29,3.9759,3.13,5.556,20.0,5.4931,57.5097,True
8726,130146.5,-2.3,0.3637,18.55,0.3136,3.585,3.03,5.556,20.0,6.0475,12.503,True
8731,102586.9,2.42,0.3032,68.11,0.2905,3.4556,5.68,5.556,20.0,6.0803,62.0347,True
8736,125631.2,-0.27,0.3431,74.94,0.2962,3.5833,5.69,5.556,20.0,5.9529,68.9872,True
8741,156620.4,-4.22,0.3604,71.41,0.2944,3.3427,3.74,5.556,20.0,6.2531,65.152,True
8746,110137.6,-4.6,0.331,30.88,0.2845,3.0371,4.35,5.556,20.0,6.6625,24.2209,True
8751,124298.3,-2.85,0.2666,41.06,0.3205,2.5793,5.43,5.556,20.0,7.7648,33.2922,True
8756,159943.1,-4.63,0.3943,81.31,0.3227,3.2301,5.69,5.556,20.0,6.5715,74.7343,True
8761,106899.6,3.29,0.302,39.57,0.2935,3.5277,5.44,5.556,20.0,6.006,33.561,True
8766,74100.8,-5.42,0.3005,78.59,0.3148,2.6562,5.44,5.556,20.0,7.5599,71.0346,True
8771,149820.8,-4.0,0.2891,44.08,0.3293,2.6859,3.38,5.556,20.0,7.5764,36.4997,True
8776,134754.5,4.9,0.3713,93.41,0.2891,4.3619,3.35,5.556,20.0,5.1449,88.2623,True
8781,136108.0,6.15,0.3294,25.03,0.3167,4.0708,3.09,5.556,20.0,5.5509,19.4742,True
8786,115582.5,6.08,0.3683,96.1,0.2962,4.4448,3.83,5.556,20.0,5.1184,90.9767,True
8791,146333.5,3.35,0.3015,85.16,0.3026,3.5283,4.57,5.556,20.0,6.0558,79.1024,True
8796,104280.3,-0.05,0.3847,16.37,0.3045,4.0133,3.17,5.556,20.0,5.5374,10.8357,True
8801,126258.8,6.07,0.3545,7.32,0.3145,4.3091,3.5,4.5425,16.35,3.8227,3.5005,True
8806,119272.7,-1.76,0.3761,29.43,0.2955,3.7611,4.56,5.556,20.0,5.7458,23.6806,True
8811,96284.4,4.07,0.3355,83.54,0.3026,3.931,3.19,5.556,20.0,5.6073,77.936,True
8816,154661.0,7.64,0.3532,20.82,0.3258,4.4449,5.07,5.556,20.0,5.2828,15.5328,True
8821,153172.6,-5.77,0.2753,88.65,0.3178,2.375,4.68,5.556,20.0,8.2645,80.3811,True
8826,146799.5,-5.99,0.3357,12.08,0.316,2.9449,3.94,5.556,20.0,6.997,5.085,True
8831,115769.6,0.81,0.333,9.92,0.3234,3.5898,4.17,5.3691,19.33,5.7515,4.1733,True
8836,158541.2,-2.18,0.2906,68.12,0.3326,2.881,3.41,5.556,20.0,7.2051,60.9124,True
8841,80758.3,-0.53,0.3758,9.7,0.3207,3.8788,4.61,5.1624,18.58,5.0912,4.6127,True
8846,131210.7,3.16,0.3279,22.06,0.3501,3.7688,4.97,5.556,20.0,6.0406,16.0182,True
8851,75781.3,2.2,0.2806,97.53,0.332,3.2122,4.74,5.556,20.0,6.6497,90.8842,True
8856,132033.4,6.29,0.2829,98.7,0.2806,3.6284,5.88,5.556,20.0,5.813,92.8843,True
8861,84359.1,-7.09,0.3562,12.1,0.2911,3.0355,4.16,5.556,20.0,6.7017,5.4033,True
8866,117067.7,-1.09,0.359,71.04,0.3299,3.6588,3.13,5.556,20.0,6.0515,64.9846,True
8871,161608.5,7.04,0.3158,95.61,0.2923,4.0225,4.83,5.556,20.0,5.4612,90.1511,True
8876,125275.5,-1.08,0.262,67.27,0.3527,2.7085,5.77,5.556,20.0,7.6582,59.6079,True
8881,153566.1,-0.7,0.2762,71.92,0.3303,2.8854,5.92,5.556,20.0,7.1845,64.733,True
8886,120716.7,-7.44,0.3289,60.32,0.3116,2.7333,4.09,5.556,20.0,7.3784,52.9449,True
8891,106486.0,-3.65,0.3247,39.79,0.3466,3.0687,5.95,5.556,20.0,6.9557,32.832,True
8896,80273.9,2.08,0.265,65.66,0.3054,3.0479,4.61,5.556,20.0,6.761,58.9011,True
8901,86376.3,3.89,0.3509,25.75,0.2778,4.0653,3.62,5.556,20.0,5.34,20.4114,True
8906,102052.4,0.06,0.2917,40.35,0.327,3.1125,3.87,5.556,20.0,6.7759,33.5703,True
8911,163186.5,2.8,0.3489,85.35,0.3012,3.8898,5.95,5.556,20.0,5.6416,79.7127,True
8916,113842.5,6.04,0.311,4.54,0.2883,3.8797,4.16,0.9155,3.3,0.372,4.164,True
8921,136824.9,-3.64,0.2904,40.95,0.2738,2.7342,4.5,5.556,20.0,7.1665,33.7788,True
8926,153379.0,-0.42,0.3447,45.91,0.2953,3.5841,4.96,5.556,20.0,5.9474,39.9666,True
8931,85258.4,-6.08,0.2659,68.55,0.3254,2.2524,5.47,5.556,20.0,8.6602,59.8901,True
8936,117664.0,4.83,0.3763,97.55,0.2948,4.4042,4.51,5.556,20.0,5.1425,92.4085,True
8941,82248.0,2.53,0.3695,56.36,0.3267,4.1157,3.28,5.556,20.0,5.5653,50.7909,True
8946,125676.0,4.49,0.3928,94.1,0.3269,4.5328,4.39,5.556,20.0,5.2216,88.8771,True
8951,102387.2,7.56,0.3315,33.97,0.3612,4.2259,4.19,5.556,20.0,5.6593,28.3138,True
8956,150010.2,7.52,0.337,17.35,0.3406,4.2753,5.31,5.556,20.0,5.5027,11.8464,True
8961,87831.7,5.55,0.3929,69.66,0.3577,4.6352,4.38,5.556,20.0,5.3172,64.3412,True
8966,148914.7,-3.3,0.3634,41.68,0.2906,3.4833,5.14,5.556,20.0,6.0455,35.6341,True
8971,88006.9,-7.06,0.3857,79.68,0.3196,3.3265,3.84,5.556,20.0,6.4155,73.2604,True
8976,162083.8,-2.51,0.343,75.37,0.3342,3.3613,3.02,5.556,20.0,6.4485,68.9206,True
8981,90375.9,7.06,0.3145,84.85,0.3099,4.0113,4.69,5.556,20.0,5.5697,79.2772,True
8986,115707.9,-0.81,0.3671,17.61,0.2887,3.7661,3.82,5.556,20.0,5.7021,11.9096,True
8991,162245.4,-0.36,0.2677,36.38,0.3277,2.8353,4.24,5.556,20.0,7.2645,29.1162,True
8996,109306.3,1.0,0.2768,74.4,0.3576,3.058,5.51,5.556,20.0,7.034,67.3659,True
9001,158296.1,7.23,0.3847,39.38,0.3134,4.426,5.36,5.556,20.0,5.2284,34.148,True
9006,130416.2,4.85,0.2817,22.77,0.2804,3.479,3.82,5.556,20.0,5.9943,16.7774,True
9011,152915.9,-7.45,0.3095,49.57,0.3177,2.5433,5.04,5.556,20.0,7.8338,41.7319,True
9016,90918.5,-2.57,0.3106,68.59,0.3468,3.0382,5.58,5.556,20.0,7.0069,61.5808,True
9021,162707.5,3.23,0.3679,29.59,0.3278,3.9415,3.37,5.556,20.0,5.7372,23.8557,True
9026,103755.0,6.26,0.3105,6.86,0.3078,3.8958,3.12,4.3283,15.58,3.7364,3.1213,True
9031,96478.9,2.4,0.3209,98.33,0.3201,3.6267,4.54,5.556,20.0,6.0343,92.2985,True
9036,96816.9,3.23,0.3333,13.09,0.3226,3.8282,4.77,5.556,20.0,5.824,7.262,True
9041,142789.3,-4.15,0.2795,49.55,0.332,2.5765,4.26,5.556,20.0,7.835,41.7174,True
9046,119731.8,-4.63,0.3752,39.3,0.2897,3.467,3.64,5.556,20.0,6.0612,33.2352,True
9051,96358.9,-0.01,0.3912,10.17,0.3435,4.0799,5.47,4.9479,17.81,4.6998,5.4683,True
9056,125013.2,1.35,0.3479,16.47,0.2877,3.7891,5.78,5.556,20.0,5.6721,10.8006,True
9061,116081.0,0.44,0.2522,7.36,0.296,2.7616,3.82,3.6761,13.23,3.5346,3.8243,True
9066,88720.9,-1.79,0.3206,14.67,0.3044,3.2134,4.77,5.556,20.0,6.4945,8.1749,True
9071,93476.0,-4.85,0.3616,35.41,0.277,3.3124,3.97,5.556,20.0,6.1988,29.2079,True
9076,157602.2,-1.82,0.3963,39.21,0.3295,3.5563,5.92,5.556,20.0,6.1708,33.0363,True
9081,87533.3,0.04,0.2512,39.44,0.2824,2.7128,5.01,5.556,20.0,7.2589,32.1768,True
9086,90059.5,-5.99,0.2761,10.19,0.3101,2.3613,4.21,4.6325,16.68,5.9808,4.2128,True
9091,78507.3,-3.42,0.3234,14.22,0.3147,3.0793,3.84,5.556,20.0,6.7609,7.4595,True
9096,116766.8,3.42,0.3953,53.27,0.3212,4.4547,3.32,5.556,20.0,5.2492,48.0211,True
9101,116773.3,-3.09,0.3767,81.56,0.3086,3.6342,4.89,5.556,20.0,5.9616,75.5975,True
9106,136425.9,-4.98,0.3441,34.52,0.3224,3.1276,5.04,5.556,20.0,6.7263,27.7944,True
9111,156407.1,4.11,0.3629,26.96,0.2999,4.1643,5.68,5.556,20.0,5.3728,21.5837,True
9116,99259.6,0.27,0.2592,80.34,0.3476,2.8129,3.98,5.556,20.0,7.4185,72.9264,True
9121,83954.9,-0.52,0.295,25.59,0.3174,3.0871,4.09,5.556,20.0,6.7633,18.8259,True
9126,85864.2,6.42,0.3425,52.58,0.3208,4.2251,4.02,5.556,20.0,5.4353,47.1488,True
9131,149746.2,5.44,0.3722,19.44,0.329,4.4221,3.64,5.556,20.0,5.3184,14.1233,True
9136,150261.5,-5.69,0.3033,82.46,0.3114,2.6577,5.92,5.556,20.0,7.5373,74.9236,True
9141,87237.3,1.24,0.3273,8.63,0.3433,3.5759,5.97,3.3086,11.91,2.6664,5.9684,True
9146,142248.4,-3.63,0.3263,27.21,0.303,3.0876,4.13,5.556,20.0,6.6822,20.5288,True
9151,128958.9,-7.22,0.352,3.63,0.3142,2.9808,3.98,0.0,0.0,0.0,3.628,True
9156,137892.5,4.75,0.392,47.88,0.3383,4.5494,4.21,5.556,20.0,5.2721,42.6052,True
9161,123707.1,-7.15,0.3965,47.39,0.2922,3.4244,3.44,5.556,20.0,6.1308,41.2548,True
9166,117918.2,5.79,0.2537,20.66,0.2833,3.295,3.7,5.556,20.0,6.2583,14.4062,True
9171,144649.9,3.81,0.2942,23.05,0.3067,3.5013,3.92,5.556,20.0,6.112,16.9339,True
9176,94108.6,0.64,0.351,33.88,0.3297,3.7507,4.87,5.556,20.0,5.9471,27.9335,True
9181,106246.3,-6.59,0.2891,59.36,0.3238,2.4281,3.5,5.556,20.0,8.1556,51.2077,True
9186,130258.2,-2.88,0.3313,88.66,0.3315,3.2106,5.87,5.556,20.0,6.6494,82.0087,True
9191,81932.0,-4.18,0.3572,4.08,0.314,3.3351,4.47,0.0,0.0,0.0,4.0802,True
9196,87311.1,-7.81,0.2777,42.25,0.338,2.1955,5.67,5.556,20.0,8.9079,33.3397,True
9201,122271.9,0.85,0.2865,55.51,0.3014,3.1383,3.52,5.556,20.0,6.5929,48.9131,True
9206,102711.0,-1.77,0.3131,26.39,0.3274,3.1416,4.7,5.556,20.0,6.7322,19.6554,True
9211,87018.7,0.97,0.2958,44.64,0.2942,3.2404,3.62,5.556,20.0,6.3977,38.2453,True
9216,161118.6,-4.44,0.2649,19.85,0.3098,2.4047,5.08,5.556,20.0,8.14,11.7115,True
9221,126199.9,0.23,0.2543,92.99,0.3064,2.7614,4.26,5.556,20.0,7.2917,85.7005,True
9226,93497.6,1.29,0.3878,34.4,0.3637,4.1749,4.81,5.556,20.0,5.7175,28.6787,True
9231,102739.5,-2.95,0.356,94.5,0.2903,3.4455,4.9,5.556,20.0,6.0925,88.4095,True
9236,112410.0,6.43,0.2584,12.68,0.2913,3.403,4.97,5.556,20.0,6.1539,6.5223,True
9241,87637.2,-1.5,0.3919,78.19,0.3011,3.9411,5.53,5.556,20.0,5.5892,72.6049,True
9246,131453.3,6.68,0.3312,73.38,0.3185,4.1392,4.4,5.556,20.0,5.4987,67.8824,True
9251,111611.4,5.64,0.2579,59.04,0.344,3.322,3.9,5.556,20.0,6.5574,52.4792,True
9256,147362.7,4.96,0.3507,76.48,0.3109,4.1649,4.19,5.556,20.0,5.4331,71.0442,True
9261,132355.8,1.22,0.3746,67.33,0.3353,4.0387,5.63,5.556,20.0,5.6846,61.6466,True
9266,77956.2,7.44,0.3388,18.93,0.2805,4.2859,5.18,5.556,20.0,5.16,13.7708,True
9271,144521.7,3.52,0.2962,46.01,0.3363,3.4933,4.95,5.556,20.0,6.2866,39.7229,True
9276,154205.2,7.63,0.368,50.31,0.3584,4.5571,4.27,5.556,20.0,5.3779,44.9309,True
9281,156414.8,-5.53,0.258,41.35,0.3064,2.2301,4.01,5.556,20.0,8.6235,32.7244,True
9286,120042.7,-5.03,0.2766,43.73,0.3078,2.4613,5.28,5.556,20.0,7.981,35.7506,True
9291,97237.0,1.96,0.3013,9.08,0.2999,3.3915,3.35,5.2995,19.08,5.7299,3.3463,True
9296,79454.4,-1.27,0.3923,64.67,0.3176,3.9679,3.8,5.556,20.0,5.6545,59.0167,True
9301,80353.5,6.93,0.3266,11.01,0.3566,4.1182,3.68,5.556,20.0,5.7292,5.2841,True
9306,132782.8,-5.71,0.3782,77.52,0.347,3.3892,5.59,5.556,20.0,6.4818,71.0419,True
9311,106015.6,-4.86,0.2846,14.94,0.3264,2.5568,3.71,5.556,20.0,7.8504,7.0884,True
9316,157093.1,-7.42,0.3329,85.13,0.2865,2.7746,3.81,5.556,20.0,7.1546,77.9784,True
9321,157849.0,-0.59,0.3324,54.2,0.2942,3.4471,3.13,5.556,20.0,6.1124,48.0835,True
9326,112401.0,3.28,0.3511,83.12,0.339,4.0081,4.56,5.556,20.0,5.7341,77.3866,True
9331,90413.2,-0.02,0.3526,12.81,0.3392,3.7012,3.41,5.556,20.0,6.055,6.756,True
9336,130278.7,1.52,0.3494,8.31,0.318,3.8199,3.38,5.0421,18.15,4.9311,3.3793,True
9341,143664.1,6.62,0.2968,29.35,0.3181,3.7972,3.27,5.556,20.0,5.8321,23.5172,True
9346,155658.6,5.69,0.3049,33.18,0.3074,3.7868,4.34,5.556,20.0,5.7836,27.3964,True
9351,128815.8,-7.79,0.3066,96.88,0.3138,2.4806,3.86,5.556,20.0,7.9653,88.9105,True
9356,92129.8,-0.18,0.3124,76.56,0.3318,3.291,4.08,5.556,20.0,6.5333,70.0219,True
9361,112435.1,-2.74,0.3953,71.04,0.3003,3.8511,3.54,5.556,20.0,5.6765,65.3682,True
9366,103236.5,3.64,0.3298,72.22,0.29,3.8336,5.29,5.556,20.0,5.6373,66.5816,True
9371,126936.7,0.49,0.3961,50.7,0.3224,4.1777,5.37,5.556,20.0,5.4858,45.2096,True
9376,137076.4,-2.08,0.3455,37.2,0.3056,3.4289,4.7,5.556,20.0,6.1991,31.0044,True
9381,91431.8,2.45,0.3914,12.36,0.3361,4.3226,3.42,5.556,20.0,5.4383,6.9205,True
9386,77308.3,7.5,0.2518,27.35,0.2952,3.4396,4.0,5.556,20.0,6.1275,21.222,True
9391,103273.9,-3.99,0.3946,93.36,0.3227,3.7199,4.37,5.556,20.0,5.942,87.4134,True
9396,87226.6,-7.31,0.2939,99.0,0.3136,2.4044,3.98,5.556,20.0,8.1616,90.8398,True
9401,151604.6,-6.01,0.3238,69.79,0.3237,2.826,4.82,5.556,20.0,7.26,62.529,True
9406,117001.1,0.56,0.2609,46.88,0.3027,2.8591,5.73,5.556,20.0,7.08,39.7953,True
9411,155290.3,1.52,0.3542,66.76,0.3024,3.8667,3.09,5.556,20.0,5.6719,61.0877,True
9416,155061.4,5.32,0.2873,25.1,0.3036,3.5794,4.09,5.556,20.0,5.9991,19.1037,True
9421,136630.7,-5.06,0.3873,41.78,0.3164,3.5428,4.54,5.556,20.0,6.1144,35.6609,True
9426,87099.2,5.16,0.2833,27.05,0.3072,3.5245,5.78,5.556,20.0,6.086,20.9628,True
9431,128075.1,6.0,0.3081,14.2,0.3335,3.8472,4.24,5.556,20.0,5.8649,8.3308,True
9436,102031.6,3.07,0.2727,18.72,0.3006,3.2189,4.98,5.556,20.0,6.465,12.2574,True
9441,143416.7,2.96,0.3884,87.98,0.2941,4.3417,3.85,5.556,20.0,5.189,82.7878,True
9446,99215.0,2.51,0.349,60.09,0.316,3.9127,4.12,5.556,20.0,5.7005,54.3848,True
9451,140968.1,-2.5,0.321,32.49,0.3088,3.1467,4.62,5.556,20.0,6.6205,25.8689,True
9456,161935.6,0.27,0.3271,59.19,0.2874,3.4793,5.13,5.556,20.0,6.0328,53.1537,True
9461,105132.5,3.52,0.3019,77.87,0.3186,3.5487,3.51,5.556,20.0,6.1194,71.7524,True
9466,154226.3,-1.98,0.3527,77.16,0.2856,3.5085,3.11,5.556,20.0,5.986,71.1716,True
9471,103968.0,-0.34,0.3462,35.17,0.3031,3.6073,3.16,5.556,20.0,5.9625,29.2049,True
9476,159892.6,-2.96,0.3614,82.87,0.2983,3.3949,5.25,5.556,20.0,6.2037,76.6674,True
9481,75944.3,7.39,0.3408,78.13,0.3005,4.3001,3.18,5.556,20.0,5.2587,72.8704,True
9486,135898.7,6.6,0.2634,8.81,0.2928,3.4685,5.78,3.6843,13.26,3.0353,5.7763,True
9491,123351.0,-4.8,0.3162,10.55,0.2976,2.8718,4.77,4.9739,17.91,5.7874,4.765,True
9496,83958.8,1.74,0.2689,12.18,0.2987,3.0524,5.76,5.4188,19.51,6.4283,5.7566,True
9501,145202.3,-5.21,0.3424,6.43,0.3147,3.0878,4.66,2.4754,8.91,1.7713,4.6567,True
9506,104413.1,-3.31,0.2598,7.84,0.3543,2.4669,3.8,3.6776,13.24,4.0443,3.7996,True
9511,86821.3,5.74,0.2738,37.71,0.3069,3.4878,4.91,5.556,20.0,6.1305,31.5768,True
9516,139278.2,-1.67,0.3985,53.75,0.2705,3.9885,3.3,5.556,20.0,5.3725,48.379,True
9521,126260.7,-4.81,0.3832,49.13,0.2948,3.5278,5.45,5.556,20.0,6.0129,43.113,True
9526,90192.8,0.47,0.2635,26.05,0.2666,2.8754,5.12,5.556,20.0,6.8493,19.2035,True
9531,150069.7,0.02,0.343,65.56,0.2812,3.611,5.15,5.556,20.0,5.8367,59.7236,True
9536,130405.2,1.2,0.2794,68.07,0.3159,3.1026,4.97,5.556,20.0,6.7299,61.3429,True
9541,85145.5,0.11,0.3461,38.42,0.2867,3.6494,5.78,5.556,20.0,5.8225,32.5943,True
9546,85893.2,-6.77,0.3579,96.36,0.3094,3.0848,5.74,5.556,20.0,6.7228,89.639,True
9551,157692.6,0.56,0.3908,49.11,0.2993,3.7876,5.46,5.556,20.0,5.7382,43.3742,True
9556,141788.0,6.41,0.2507,95.81,0.3132,3.3254,3.09,5.556,20.0,6.3814,89.4255,True
9561,124293.3,-3.71,0.3687,21.0,0.2827,3.4942,3.83,5.556,20.0,5.9881,15.015,True
9566,160404.0,5.17,0.2667,69.5,0.3358,3.3625,5.02,5.556,20.0,6.4558,63.0431,True
9571,87788.3,4.69,0.2685,70.73,0.2968,3.3342,3.17,5.556,20.0,6.278,64.4525,True
9576,75651.4,5.02,0.384,87.51,0.2846,4.4974,5.45,5.556,20.0,5.0132,82.4961,True
9581,103309.8,-2.32,0.2736,69.31,0.3434,2.7,3.8,5.556,20.0,7.6244,61.6833,True
9586,114727.0,-5.05,0.2768,68.28,0.2913,2.4611,4.62,5.556,20.0,7.8896,60.3893,True
9591,79012.3,7.84,0.2907,63.84,0.2916,3.8538,5.01,5.556,20.0,5.6251,58.211,True
9596,142871.9,4.71,0.2754,47.96,0.3053,3.4039,4.77,5.556,20.0,6.2308,41.7309,True
9601,130350.1,-2.0,0.3735,90.48,0.2909,3.7111,3.86,5.556,20.0,5.7751,84.7018,True
9606,138304.3,-2.84,0.3928,6.87,0.345,3.8176,5.4,2.2799,8.21,1.4673,5.4047,True
9611,96098.2,3.07,0.3631,86.65,0.2748,4.1049,5.76,5.556,20.0,5.2866,81.3636,True
9616,79113.8,-0.84,0.3231,28.2,0.3089,3.3304,4.71,5.556,20.0,6.3508,21.8458,True
9621,135188.4,-6.19,0.3439,36.06,0.3212,3.0043,3.08,5.556,20.0,6.922,29.1358,True
9626,160637.1,-5.18,0.2795,32.88,0.3094,2.4752,3.15,5.556,20.0,7.9549,24.9205,True
9631,97612.0,0.31,0.2632,26.07,0.3231,2.8567,3.93,5.556,20.0,7.1983,18.8673,True
9636,156681.1,-2.03,0.3114,13.11,0.2944,3.0993,4.32,5.556,20.0,6.6158,6.4931,True
9641,76418.8,2.79,0.3654,18.79,0.309,4.1012,5.48,5.556,20.0,5.4805,13.3119,True
9646,119443.6,-4.24,0.3915,3.62,0.3349,3.6647,3.61,0.0293,0.11,0.0099,3.614,True
9651,151831.7,-2.26,0.3846,37.2,0.3463,3.646,3.39,5.556,20.0,6.1571,31.0469,True
9656,83986.9,-2.74,0.3399,76.97,0.3152,3.3092,4.68,5.556,20.0,6.4156,70.5573,True
9661,161036.6,-4.29,0.3319,95.94,0.3058,3.077,4.05,5.556,20.0,6.7151,89.2256,True
9666,162993.8,0.66,0.2846,16.03,0.3265,3.1002,5.23,5.556,20.0,6.7927,9.236,True
9671,149804.6,-0.82,0.3502,72.08,0.2891,3.5991,4.92,5.556,20.0,5.8948,66.1853,True
9676,94058.4,-4.2,0.3178,62.88,0.3228,2.9467,3.43,5.556,20.0,7.0313,55.847,True
9681,94942.8,2.06,0.3073,62.62,0.3213,3.4602,3.45,5.556,20.0,6.2457,56.3725,True
9686,123001.8,5.66,0.3699,13.41,0.3168,4.42,5.64,5.556,20.0,5.2524,8.1601,True
9691,116349.3,6.44,0.3052,45.68,0.2933,3.8612,3.35,5.556,20.0,5.6267,40.0499,True
9696,91352.0,-7.35,0.3268,71.7,0.2966,2.7214,3.88,5.556,20.0,7.3192,64.378,True
9701,115070.5,-1.63,0.337,97.4,0.3006,3.3892,4.38,5.556,20.0,6.2245,91.1798,True
9706,141124.5,-5.26,0.2896,6.38,0.2745,2.5661,5.45,1.5925,5.73,0.9313,5.4525,True
9711,136863.4,3.84,0.3846,46.28,0.2882,4.3897,4.3,5.556,20.0,5.1173,41.1634,True
9716,128402.5,-6.35,0.3715,94.96,0.3232,3.2593,3.66,5.556,20.0,6.5313,88.4286,True
9721,147215.0,-5.39,0.2741,41.29,0.2823,2.4008,5.37,5.556,20.0,7.9972,33.29,True
9726,125540.4,4.48,0.2537,60.92,0.3224,3.1688,3.14,5.556,20.0,6.6623,54.2538,True
9731,101024.9,6.76,0.3995,13.73,0.3507,4.8151,4.69,5.556,20.0,5.1541,8.5763,True
9736,110330.6,6.26,0.2745,35.96,0.3235,3.5433,5.86,5.556,20.0,6.1533,29.8038,True
9741,80872.2,7.9,0.2815,93.24,0.2805,3.7695,3.54,5.556,20.0,5.6529,87.5886,True
9746,111258.6,0.53,0.3268,66.62,0.269,3.5018,4.63,5.556,20.0,5.9023,60.721,True
9751,75550.8,3.0,0.271,21.77,0.2876,3.196,5.12,5.556,20.0,6.4271,15.3464,True
9756,125302.4,-0.98,0.2732,94.41,0.3136,2.828,3.55,5.556,20.0,7.1998,87.2125,True
9761,82231.9,4.6,0.3296,80.66,0.3045,3.9245,3.61,5.556,20.0,5.625,75.0365,True
9766,107605.6,1.76,0.3046,66.48,0.3427,3.4048,5.34,5.556,20.0,6.4373,60.0399,True
9771,159843.8,-7.2,0.3163,50.72,0.3121,2.6338,5.1,5.556,20.0,7.5941,43.1272,True
9776,145108.3,-3.79,0.3301,51.51,0.2727,3.1091,5.48,5.556,20.0,6.4793,45.0326,True
9781,154942.1,-4.11,0.3569,31.32,0.299,3.3395,4.06,5.556,20.0,6.2829,25.0337,True
9786,146221.3,1.81,0.3266,43.05,0.3213,3.6247,4.47,5.556,20.0,6.0435,37.0022,True
9791,128331.4,2.74,0.3327,5.18,0.3362,3.776,4.24,1.6862,6.07,0.9433,4.2377,True
9796,127593.0,0.2,0.3422,29.99,0.3312,3.6213,5.93,5.556,20.0,6.1023,23.8871,True
9801,119972.2,-0.37,0.3117,35.91,0.2997,3.2657,4.4,5.556,20.0,6.3913,29.5156,True
9806,100328.0,-6.01,0.3792,63.96,0.3481,3.3678,4.22,5.556,20.0,6.5169,57.448,True
9811,142039.3,7.42,0.274,61.69,0.3329,3.6499,3.43,5.556,20.0,6.0781,55.6165,True
9816,144677.8,7.47,0.3667,45.62,0.3175,4.5611,4.14,5.556,20.0,5.1481,40.4696,True
9821,92719.1,1.56,0.3599,3.54,0.3306,3.9273,5.43,0.0,0.0,0.0,3.5444,True
9826,128299.7,-2.49,0.3009,38.6,0.2688,2.9515,5.95,5.556,20.0,6.7228,31.8744,True
9831,127727.7,-1.04,0.3034,47.34,0.3049,3.119,5.08,5.556,20.0,6.6424,40.6929,True
9836,102455.4,2.1,0.2827,71.93,0.3083,3.2228,3.24,5.556,20.0,6.5022,65.4255,True
9841,91545.3,4.63,0.3617,39.97,0.303,4.2418,5.4,5.556,20.0,5.322,34.6466,True
9846,108086.6,7.82,0.3408,77.42,0.3045,4.3408,3.7,5.556,20.0,5.2475,72.1744,True
9851,133189.5,-4.57,0.3793,89.97,0.351,3.5129,3.83,5.556,20.0,6.3437,83.6306,True
9856,94907.5,7.15,0.2528,8.46,0.3368,3.417,5.36,3.593,12.93,3.0992,5.3613,True
9861,143312.0,-0.78,0.3376,38.45,0.2992,3.479,4.29,5.556,20.0,6.0985,32.3538,True
9866,96425.7,3.64,0.3737,38.54,0.303,4.2637,3.0,5.556,20.0,5.3037,33.2356,True
9871,86640.1,-4.13,0.254,32.44,0.3149,2.3289,3.71,5.556,20.0,8.3767,24.06,True
9876,87748.6,-2.16,0.3864,47.25,0.2967,3.8222,4.61,5.556,20.0,5.6866,41.5663,True
9881,127230.8,-7.19,0.2914,43.33,0.3184,2.392,3.83,5.556,20.0,8.2217,35.1049,True
9886,97451.0,5.57,0.3508,87.61,0.3081,4.2257,5.25,5.556,20.0,5.3643,82.2421,True
9891,159139.7,7.39,0.2798,48.93,0.3114,3.7034,4.47,5.556,20.0,5.8977,43.0314,True
9896,131332.9,-4.39,0.3427,42.96,0.2857,3.1724,4.06,5.556,20.0,6.4526,36.5052,True
9901,85336.2,-0.17,0.2711,54.02,0.3034,2.8874,4.82,5.556,20.0,7.0308,46.9879,True
9906,137363.0,-7.84,0.3299,23.88,0.3232,2.7028,4.2,5.556,20.0,7.5062,16.3709,True
9911,118531.0,-0.36,0.2995,26.72,0.2788,3.1467,4.07,5.556,20.0,6.4543,20.2611,True
9916,123574.5,4.89,0.3546,39.75,0.3359,4.1979,3.26,5.556,20.0,5.5432,34.2112,True
9921,92615.2,5.85,0.2567,30.62,0.3424,3.3307,3.56,5.556,20.0,6.5362,24.079,True
9926,98190.0,-1.0,0.3413,10.54,0.2969,3.4941,5.94,4.7291,17.02,4.6042,5.9374,True
9931,155327.9,5.06,0.3162,35.16,0.3078,3.838,5.05,5.556,20.0,5.7319,29.4291,True
9936,154504.9,-4.83,0.2574,40.93,0.2674,2.2929,5.41,5.556,20.0,8.2172,32.7111,True
9941,108471.0,7.25,0.3835,3.74,0.3108,4.7056,3.19,1.2552,4.52,0.5575,3.185,True
9946,131092.7,-2.92,0.3641,8.65,0.3067,3.5283,5.14,4.0152,14.45,3.5163,5.1366,True
9951,119038.9,5.72,0.3061,23.03,0.3492,3.8015,5.28,5.556,20.0,6.0001,17.0261,True
9956,78198.3,-3.9,0.3998,79.12,0.3157,3.781,3.08,5.556,20.0,5.8364,73.2802,True
9961,108856.0,5.37,0.3632,67.54,0.2944,4.3273,5.7,5.556,20.0,5.2023,62.3413,True
9966,113064.1,-3.93,0.2597,14.33,0.3315,2.4047,3.81,5.556,20.0,8.2602,6.0715,True
9971,130565.9,4.17,0.3786,67.91,0.3007,4.3629,4.38,5.556,20.0,5.2084,62.7063,True
9976,96440.8,-6.87,0.2747,14.05,0.2941,2.2602,4.77,5.556,20.0,8.4631,5.5863,True
9981,131581.5,2.7,0.2672,86.96,0.3157,3.1285,3.69,5.556,20.0,6.6877,80.2755,True
9986,83011.8,2.59,0.3274,45.35,0.3185,3.7087,5.66,5.556,20.0,5.9314,39.4193,True
9991,158544.3,-5.27,0.3451,31.38,0.3247,3.1084,3.05,5.556,20.0,6.7694,24.6064,True
9996,140954.0,7.54,0.3576,56.98,0.3572,4.4796,5.21,5.556,20.0,5.4302,51.5526,True
