packet_id,timestamp_tx,timestamp_rx,vehicle_id,gateway_id,sequence_number,rssi_dbm,snr_db,crc_ok,latency_ms,status,scenario,loss_flag,timeout_flag
1,1787941000.0503,1787941000.076,TRUCK_01,GW_01,1,-62.7,9.0,True,25.72,DELIVERED,CLEAR_LOS,False,False
2,1787941000.1048,1787941000.1305,TRUCK_02,GW_01,2,-65.8,6.5,True,25.79,DELIVERED,CLEAR_LOS,False,False
3,1787941000.1484,1787941000.1728,TRUCK_01,GW_01,3,-64.5,7.7,True,24.45,DELIVERED,CLEAR_LOS,False,False
4,1787941000.2021,1787941000.2279,TRUCK_02,GW_01,4,-62.6,11.1,True,25.75,DELIVERED,CLEAR_LOS,False,False
5,1787941000.2568,1787941000.2819,TRUCK_01,GW_01,5,-69.3,7.3,True,25.09,DELIVERED,CLEAR_LOS,False,False
6,1787941000.3141,1787941000.3394,TRUCK_02,GW_01,6,-64.0,9.3,True,25.26,DELIVERED,CLEAR_LOS,False,False
7,1787941000.356,1787941000.3808,TRUCK_01,GW_01,7,-63.4,8.8,True,24.8,DELIVERED,CLEAR_LOS,False,False
8,1787941000.4095,1787941000.4362,TRUCK_02,GW_01,8,-66.9,8.4,True,26.72,DELIVERED,CLEAR_LOS,False,False
9,1787941000.4631,1787941000.4874,TRUCK_01,GW_01,9,-67.5,8.7,True,24.29,DELIVERED,CLEAR_LOS,False,False
10,1787941000.5042,1787941000.5292,TRUCK_02,GW_01,10,-65.0,9.5,True,25.07,DELIVERED,CLEAR_LOS,False,False
11,1787941000.5631,1787941000.5877,TRUCK_01,GW_01,11,-59.6,7.9,True,24.6,DELIVERED,CLEAR_LOS,False,False
12,1787941000.6042,1787941000.6302,TRUCK_02,GW_01,12,-65.9,9.1,True,26.02,DELIVERED,CLEAR_LOS,False,False
13,1787941000.6572,1787941000.6827,TRUCK_01,GW_01,13,-67.8,9.1,True,25.51,DELIVERED,CLEAR_LOS,False,False
14,1787941000.7122,1787941000.7382,TRUCK_02,GW_01,14,-59.8,9.2,True,26.03,DELIVERED,CLEAR_LOS,False,False
15,1787941000.7661,1787941000.7914,TRUCK_01,GW_01,15,-67.5,7.8,True,25.35,DELIVERED,CLEAR_LOS,False,False
16,1787941000.8187,1787941000.8422,TRUCK_02,GW_01,16,-66.8,9.5,True,23.49,DELIVERED,CLEAR_LOS,False,False
17,1787941000.8729,1787941000.8969,TRUCK_01,GW_01,17,-67.6,9.8,True,24.03,DELIVERED,CLEAR_LOS,False,False
18,1787941000.9323,1787941000.9579,TRUCK_02,GW_01,18,-66.2,8.3,True,25.59,DELIVERED,CLEAR_LOS,False,False
19,1787941000.987,1787941001.0127,TRUCK_01,GW_01,19,-67.1,10.0,True,25.73,DELIVERED,CLEAR_LOS,False,False
20,1787941001.0422,1787941001.0666,TRUCK_02,GW_01,20,-66.3,9.1,True,24.48,DELIVERED,CLEAR_LOS,False,False
21,1787941001.0991,1787941001.1249,TRUCK_01,GW_01,21,-69.9,7.6,True,25.78,DELIVERED,CLEAR_LOS,False,False
22,1787941001.1469,1787941001.171,TRUCK_02,GW_01,22,-68.1,7.1,True,24.14,DELIVERED,CLEAR_LOS,False,False
23,1787941001.1908,1787941001.2154,TRUCK_01,GW_01,23,-64.9,8.1,True,24.58,DELIVERED,CLEAR_LOS,False,False
24,1787941001.2486,1787941001.274,TRUCK_02,GW_01,24,-64.7,7.7,True,25.4,DELIVERED,CLEAR_LOS,False,False
25,1787941001.3028,1787941001.3282,TRUCK_01,GW_01,25,-67.7,9.4,True,25.33,DELIVERED,CLEAR_LOS,False,False
26,1787941001.35,1787941001.3747,TRUCK_02,GW_01,26,-62.9,9.3,True,24.63,DELIVERED,CLEAR_LOS,False,False
27,1787941001.391,1787941001.4167,TRUCK_01,GW_01,27,-63.5,6.9,True,25.74,DELIVERED,CLEAR_LOS,False,False
28,1787941001.4419,1787941001.4688,TRUCK_02,GW_01,28,-64.9,8.0,True,26.89,DELIVERED,CLEAR_LOS,False,False
29,1787941001.4945,1787941001.52,TRUCK_01,GW_01,29,-63.2,7.6,True,25.44,DELIVERED,CLEAR_LOS,False,False
30,1787941001.5406,1787941001.5653,TRUCK_02,GW_01,30,-64.4,8.2,True,24.74,DELIVERED,CLEAR_LOS,False,False
31,1787941001.5969,1787941001.6219,TRUCK_01,GW_01,31,-64.2,9.2,True,25.06,DELIVERED,CLEAR_LOS,False,False
32,1787941001.6401,1787941001.6655,TRUCK_02,GW_01,32,-63.0,8.8,True,25.36,DELIVERED,CLEAR_LOS,False,False
33,1787941001.6922,1787941001.7183,TRUCK_01,GW_01,33,-67.4,7.0,True,26.11,DELIVERED,CLEAR_LOS,False,False
34,1787941001.7348,1787941001.7598,TRUCK_02,GW_01,34,-63.7,7.1,True,25.02,DELIVERED,CLEAR_LOS,False,False
35,1787941001.7874,1787941001.8117,TRUCK_01,GW_01,35,-64.8,9.7,True,24.32,DELIVERED,CLEAR_LOS,False,False
36,1787941001.8327,1787941001.8592,TRUCK_02,GW_01,36,-69.8,5.8,True,26.42,DELIVERED,CLEAR_LOS,False,False
37,1787941001.8741,1787941001.9002,TRUCK_01,GW_01,37,-66.0,10.2,True,26.1,DELIVERED,CLEAR_LOS,False,False
38,1787941001.9171,1787941001.9415,TRUCK_02,GW_01,38,-62.8,8.4,True,24.44,DELIVERED,CLEAR_LOS,False,False
39,1787941001.9658,1787941001.9917,TRUCK_01,GW_01,39,-68.3,6.9,True,25.84,DELIVERED,CLEAR_LOS,False,False
40,1787941002.0095,1787941002.035,TRUCK_02,GW_01,40,-69.2,9.1,True,25.43,DELIVERED,CLEAR_LOS,False,False
41,1787941002.0616,1787941002.0858,TRUCK_01,GW_01,41,-66.4,9.0,True,24.21,DELIVERED,CLEAR_LOS,False,False
42,1787941002.1063,1787941002.132,TRUCK_02,GW_01,42,-67.0,8.5,True,25.75,DELIVERED,CLEAR_LOS,False,False
43,1787941002.1469,1787941002.1719,TRUCK_01,GW_01,43,-64.9,6.4,True,24.98,DELIVERED,CLEAR_LOS,False,False
44,1787941002.1984,1787941002.2237,TRUCK_02,GW_01,44,-62.3,8.7,True,25.33,DELIVERED,CLEAR_LOS,False,False
45,1787941002.2538,1787941002.2777,TRUCK_01,GW_01,45,-62.7,8.0,True,23.96,DELIVERED,CLEAR_LOS,False,False
46,1787941002.294,1787941002.3189,TRUCK_02,GW_01,46,-63.9,9.8,True,24.84,DELIVERED,CLEAR_LOS,False,False
47,1787941002.3519,1787941002.3764,TRUCK_01,GW_01,47,-62.5,9.0,True,24.46,DELIVERED,CLEAR_LOS,False,False
48,1787941002.4029,1787941002.4266,TRUCK_02,GW_01,48,-62.9,9.4,True,23.73,DELIVERED,CLEAR_LOS,False,False
49,1787941002.447,1787941002.4718,TRUCK_01,GW_01,49,-62.8,7.4,True,24.74,DELIVERED,CLEAR_LOS,False,False
50,1787941002.4937,1787941002.5177,TRUCK_02,GW_01,50,-62.0,7.5,True,23.98,DELIVERED,CLEAR_LOS,False,False
51,1787941002.5476,1787941002.5727,TRUCK_01,GW_01,51,-64.5,7.5,True,25.09,DELIVERED,CLEAR_LOS,False,False
52,1787941002.6063,1787941002.6322,TRUCK_02,GW_01,52,-68.3,7.1,True,25.9,DELIVERED,CLEAR_LOS,False,False
53,1787941002.6585,1787941002.6829,TRUCK_01,GW_01,53,-66.4,9.4,True,24.42,DELIVERED,CLEAR_LOS,False,False
54,1787941002.7075,1787941002.7325,TRUCK_02,GW_01,54,-67.6,7.7,True,25.0,DELIVERED,CLEAR_LOS,False,False
55,1787941002.7639,1787941002.7897,TRUCK_01,GW_01,55,-63.0,9.9,True,25.82,DELIVERED,CLEAR_LOS,False,False
56,1787941002.8145,1787941002.8392,TRUCK_02,GW_01,56,-64.3,7.8,True,24.62,DELIVERED,CLEAR_LOS,False,False
57,1787941002.8678,1787941002.8921,TRUCK_01,GW_01,57,-62.5,9.5,True,24.34,DELIVERED,CLEAR_LOS,False,False
58,1787941002.9255,1787941002.9506,TRUCK_02,GW_01,58,-65.0,9.3,True,25.09,DELIVERED,CLEAR_LOS,False,False
59,1787941002.9843,1787941003.0073,TRUCK_01,GW_01,59,-64.0,9.3,True,23.01,DELIVERED,CLEAR_LOS,False,False
60,1787941003.0267,1787941003.0499,TRUCK_02,GW_01,60,-67.5,7.4,True,23.15,DELIVERED,CLEAR_LOS,False,False
61,1787941003.0728,1787941003.0976,TRUCK_01,GW_01,61,-67.3,10.2,True,24.82,DELIVERED,CLEAR_LOS,False,False
62,1787941003.1299,1787941003.1556,TRUCK_02,GW_01,62,-62.8,8.7,True,25.69,DELIVERED,CLEAR_LOS,False,False
63,1787941003.1796,1787941003.2071,TRUCK_01,GW_01,63,-66.1,9.2,True,27.43,DELIVERED,CLEAR_LOS,False,False
64,1787941003.237,1787941003.2611,TRUCK_02,GW_01,64,-61.2,9.8,True,24.02,DELIVERED,CLEAR_LOS,False,False
65,1787941003.2798,1787941003.3058,TRUCK_01,GW_01,65,-68.6,8.8,True,26.01,DELIVERED,CLEAR_LOS,False,False
66,1787941003.334,1787941003.3608,TRUCK_02,GW_01,66,-64.2,8.1,True,26.76,DELIVERED,CLEAR_LOS,False,False
67,1787941003.3819,1787941003.4059,TRUCK_01,GW_01,67,-65.1,8.1,True,24.0,DELIVERED,CLEAR_LOS,False,False
68,1787941003.433,1787941003.4579,TRUCK_02,GW_01,68,-62.4,8.6,True,24.91,DELIVERED,CLEAR_LOS,False,False
69,1787941003.4898,1787941003.513,TRUCK_01,GW_01,69,-65.5,7.9,True,23.16,DELIVERED,CLEAR_LOS,False,False
70,1787941003.5335,1787941003.5588,TRUCK_02,GW_01,70,-65.1,9.9,True,25.25,DELIVERED,CLEAR_LOS,False,False
71,1787941003.5813,1787941003.6077,TRUCK_01,GW_01,71,-69.0,6.4,True,26.41,DELIVERED,CLEAR_LOS,False,False
72,1787941003.6381,1787941003.6615,TRUCK_02,GW_01,72,-64.6,9.0,True,23.43,DELIVERED,CLEAR_LOS,False,False
73,1787941003.6946,1787941003.7187,TRUCK_01,GW_01,73,-61.9,7.5,True,24.17,DELIVERED,CLEAR_LOS,False,False
74,1787941003.7409,1787941003.7675,TRUCK_02,GW_01,74,-61.8,9.3,True,26.61,DELIVERED,CLEAR_LOS,False,False
75,1787941003.8007,1787941003.8266,TRUCK_01,GW_01,75,-64.2,9.0,True,25.95,DELIVERED,CLEAR_LOS,False,False
76,1787941003.8558,1787941003.88,TRUCK_02,GW_01,76,-63.1,6.6,True,24.15,DELIVERED,CLEAR_LOS,False,False
77,1787941003.9054,1787941003.9321,TRUCK_01,GW_01,77,-69.3,9.9,True,26.64,DELIVERED,CLEAR_LOS,False,False
78,1787941003.9457,1787941003.9702,TRUCK_02,GW_01,78,-68.3,8.2,True,24.53,DELIVERED,CLEAR_LOS,False,False
79,1787941003.9916,1787941004.017,TRUCK_01,GW_01,79,-63.6,8.3,True,25.39,DELIVERED,CLEAR_LOS,False,False
80,1787941004.0331,1787941004.058,TRUCK_02,GW_01,80,-64.6,7.6,True,24.9,DELIVERED,CLEAR_LOS,False,False
81,1787941004.0905,1787941004.1151,TRUCK_01,GW_01,81,-65.0,7.1,True,24.57,DELIVERED,CLEAR_LOS,False,False
82,1787941004.1418,1787941004.168,TRUCK_02,GW_01,82,-62.5,7.1,True,26.21,DELIVERED,CLEAR_LOS,False,False
83,1787941004.1929,1787941004.218,TRUCK_01,GW_01,83,-64.7,9.0,True,25.09,DELIVERED,CLEAR_LOS,False,False
84,1787941004.2382,1787941004.2645,TRUCK_02,GW_01,84,-66.8,8.9,True,26.22,DELIVERED,CLEAR_LOS,False,False
85,1787941004.2874,1787941004.3122,TRUCK_01,GW_01,85,-65.0,6.3,True,24.8,DELIVERED,CLEAR_LOS,False,False
86,1787941004.3405,1787941004.3669,TRUCK_02,GW_01,86,-64.8,10.2,True,26.38,DELIVERED,CLEAR_LOS,False,False
87,1787941004.3901,1787941004.4143,TRUCK_01,GW_01,87,-62.0,8.8,True,24.21,DELIVERED,CLEAR_LOS,False,False
88,1787941004.4358,1787941004.4611,TRUCK_02,GW_01,88,-67.4,8.5,True,25.23,DELIVERED,CLEAR_LOS,False,False
89,1787941004.4952,1787941004.5215,TRUCK_01,GW_01,89,-57.8,8.8,True,26.31,DELIVERED,CLEAR_LOS,False,False
90,1787941004.5404,1787941004.5648,TRUCK_02,GW_01,90,-63.6,7.8,True,24.42,DELIVERED,CLEAR_LOS,False,False
91,1787941004.5859,1787941004.6108,TRUCK_01,GW_01,91,-62.1,9.8,True,24.89,DELIVERED,CLEAR_LOS,False,False
92,1787941004.6339,1787941004.6587,TRUCK_02,GW_01,92,-65.6,8.8,True,24.76,DELIVERED,CLEAR_LOS,False,False
93,1787941004.6911,1787941004.7174,TRUCK_01,GW_01,93,-64.6,7.9,True,26.28,DELIVERED,CLEAR_LOS,False,False
94,1787941004.7463,1787941004.7714,TRUCK_02,GW_01,94,-64.4,6.7,True,25.1,DELIVERED,CLEAR_LOS,False,False
95,1787941004.7986,1787941004.8246,TRUCK_01,GW_01,95,-63.0,8.5,True,26.03,DELIVERED,CLEAR_LOS,False,False
96,1787941004.8447,1787941004.8692,TRUCK_02,GW_01,96,-63.1,9.6,True,24.47,DELIVERED,CLEAR_LOS,False,False
97,1787941004.8849,1787941004.9101,TRUCK_01,GW_01,97,-68.2,8.5,True,25.14,DELIVERED,CLEAR_LOS,False,False
98,1787941004.943,1787941004.9672,TRUCK_02,GW_01,98,-61.8,7.5,True,24.21,DELIVERED,CLEAR_LOS,False,False
99,1787941005.0005,1787941005.0272,TRUCK_01,GW_01,99,-58.5,7.4,True,26.66,DELIVERED,CLEAR_LOS,False,False
100,1787941005.048,1787941005.0734,TRUCK_02,GW_01,100,-65.7,8.8,True,25.33,DELIVERED,CLEAR_LOS,False,False
101,1787941005.0932,1787941005.1168,TRUCK_01,GW_01,101,-65.0,8.6,True,23.67,DELIVERED,CLEAR_LOS,False,False
102,1787941005.142,1787941005.1678,TRUCK_02,GW_01,102,-68.2,7.1,True,25.8,DELIVERED,CLEAR_LOS,False,False
103,1787941005.2018,1787941005.2277,TRUCK_01,GW_01,103,-64.2,7.6,True,25.95,DELIVERED,CLEAR_LOS,False,False
104,1787941005.2558,1787941005.2807,TRUCK_02,GW_01,104,-65.0,9.8,True,24.91,DELIVERED,CLEAR_LOS,False,False
105,1787941005.3089,1787941005.333,TRUCK_01,GW_01,105,-64.2,7.2,True,24.1,DELIVERED,CLEAR_LOS,False,False
106,1787941005.3568,1787941005.3831,TRUCK_02,GW_01,106,-67.8,8.3,True,26.24,DELIVERED,CLEAR_LOS,False,False
107,1787941005.4051,1787941005.4306,TRUCK_01,GW_01,107,-70.4,8.0,True,25.55,DELIVERED,CLEAR_LOS,False,False
108,1787941005.452,1787941005.4766,TRUCK_02,GW_01,108,-63.5,10.4,True,24.64,DELIVERED,CLEAR_LOS,False,False
109,1787941005.5025,1787941005.5288,TRUCK_01,GW_01,109,-65.8,9.6,True,26.22,DELIVERED,CLEAR_LOS,False,False
110,1787941005.5521,1787941005.5775,TRUCK_02,GW_01,110,-68.4,8.8,True,25.42,DELIVERED,CLEAR_LOS,False,False
111,1787941005.6088,1787941005.6329,TRUCK_01,GW_01,111,-62.4,8.1,True,24.09,DELIVERED,CLEAR_LOS,False,False
112,1787941005.6557,1787941005.6814,TRUCK_02,GW_01,112,-66.9,9.6,True,25.74,DELIVERED,CLEAR_LOS,False,False
113,1787941005.7056,1787941005.7309,TRUCK_01,GW_01,113,-70.8,10.5,True,25.23,DELIVERED,CLEAR_LOS,False,False
114,1787941005.7543,1787941005.7792,TRUCK_02,GW_01,114,-65.3,7.4,True,24.92,DELIVERED,CLEAR_LOS,False,False
115,1787941005.7993,1787941005.8239,TRUCK_01,GW_01,115,-60.4,7.5,True,24.57,DELIVERED,CLEAR_LOS,False,False
116,1787941005.8506,1787941005.8751,TRUCK_02,GW_01,116,-68.5,8.2,True,24.49,DELIVERED,CLEAR_LOS,False,False
117,1787941005.9022,1787941005.9271,TRUCK_01,GW_01,117,-63.4,9.1,True,24.9,DELIVERED,CLEAR_LOS,False,False
118,1787941005.9453,1787941005.9707,TRUCK_02,GW_01,118,-62.0,7.6,True,25.41,DELIVERED,CLEAR_LOS,False,False
119,1787941005.9973,1787941006.0221,TRUCK_01,GW_01,119,-67.4,8.0,True,24.76,DELIVERED,CLEAR_LOS,False,False
120,1787941006.0418,1787941006.0659,TRUCK_02,GW_01,120,-65.8,7.8,True,24.08,DELIVERED,CLEAR_LOS,False,False
121,1787941006.0854,1787941006.1122,TRUCK_01,GW_01,121,-64.7,8.9,True,26.75,DELIVERED,CLEAR_LOS,False,False
122,1787941006.1331,1787941006.1588,TRUCK_02,GW_01,122,-66.2,7.8,True,25.7,DELIVERED,CLEAR_LOS,False,False
123,1787941006.1873,1787941006.214,TRUCK_01,GW_01,123,-63.7,8.6,True,26.62,DELIVERED,CLEAR_LOS,False,False
124,1787941006.2329,1787941006.2575,TRUCK_02,GW_01,124,-66.2,7.2,True,24.65,DELIVERED,CLEAR_LOS,False,False
125,1787941006.2809,1787941006.307,TRUCK_01,GW_01,125,-60.6,6.9,True,26.05,DELIVERED,CLEAR_LOS,False,False
126,1787941006.3294,1787941006.3545,TRUCK_02,GW_01,126,-71.9,8.7,True,25.13,DELIVERED,CLEAR_LOS,False,False
127,1787941006.3846,1787941006.4102,TRUCK_01,GW_01,127,-62.3,8.4,True,25.58,DELIVERED,CLEAR_LOS,False,False
128,1787941006.4268,1787941006.4527,TRUCK_02,GW_01,128,-62.6,8.2,True,25.89,DELIVERED,CLEAR_LOS,False,False
129,1787941006.4734,1787941006.4979,TRUCK_01,GW_01,129,-67.9,8.8,True,24.48,DELIVERED,CLEAR_LOS,False,False
130,1787941006.518,1787941006.5441,TRUCK_02,GW_01,130,-63.9,8.2,True,26.01,DELIVERED,CLEAR_LOS,False,False
131,1787941006.5705,1787941006.5952,TRUCK_01,GW_01,131,-61.8,9.0,True,24.71,DELIVERED,CLEAR_LOS,False,False
132,1787941006.626,1787941006.6511,TRUCK_02,GW_01,132,-67.5,9.4,True,25.1,DELIVERED,CLEAR_LOS,False,False
133,1787941006.682,1787941006.7084,TRUCK_01,GW_01,133,-64.3,6.7,True,26.44,DELIVERED,CLEAR_LOS,False,False
134,1787941006.725,1787941006.7499,TRUCK_02,GW_01,134,-70.6,7.7,True,24.87,DELIVERED,CLEAR_LOS,False,False
135,1787941006.7694,1787941006.7955,TRUCK_01,GW_01,135,-66.7,8.5,True,26.12,DELIVERED,CLEAR_LOS,False,False
136,1787941006.8268,1787941006.8523,TRUCK_02,GW_01,136,-65.8,10.6,True,25.42,DELIVERED,CLEAR_LOS,False,False
137,1787941006.871,1787941006.896,TRUCK_01,GW_01,137,-66.7,9.2,True,24.97,DELIVERED,CLEAR_LOS,False,False
138,1787941006.9247,1787941006.9496,TRUCK_02,GW_01,138,-65.4,6.6,True,24.93,DELIVERED,CLEAR_LOS,False,False
139,1787941006.9821,1787941007.0073,TRUCK_01,GW_01,139,-64.0,8.8,True,25.23,DELIVERED,CLEAR_LOS,False,False
140,1787941007.026,1787941007.0515,TRUCK_02,GW_01,140,-63.1,7.5,True,25.47,DELIVERED,CLEAR_LOS,False,False
141,1787941007.0737,1787941007.0985,TRUCK_01,GW_01,141,-62.6,8.2,True,24.81,DELIVERED,CLEAR_LOS,False,False
142,1787941007.1331,1787941007.158,TRUCK_02,GW_01,142,-65.5,8.4,True,24.94,DELIVERED,CLEAR_LOS,False,False
143,1787941007.1853,1787941007.2104,TRUCK_01,GW_01,143,-65.5,8.7,True,25.09,DELIVERED,CLEAR_LOS,False,False
144,1787941007.2359,1787941007.2612,TRUCK_02,GW_01,144,-63.7,9.0,True,25.29,DELIVERED,CLEAR_LOS,False,False
145,1787941007.2933,1787941007.3194,TRUCK_01,GW_01,145,-63.8,9.7,True,26.08,DELIVERED,CLEAR_LOS,False,False
146,1787941007.335,1787941007.3606,TRUCK_02,GW_01,146,-65.5,8.0,True,25.6,DELIVERED,CLEAR_LOS,False,False
147,1787941007.3751,1787941007.4006,TRUCK_01,GW_01,147,-60.8,7.4,True,25.57,DELIVERED,CLEAR_LOS,False,False
148,1787941007.4169,1787941007.4429,TRUCK_02,GW_01,148,-65.1,10.1,True,26.07,DELIVERED,CLEAR_LOS,False,False
149,1787941007.458,1787941007.4829,TRUCK_01,GW_01,149,-62.7,8.9,True,24.86,DELIVERED,CLEAR_LOS,False,False
150,1787941007.5031,1787941007.5281,TRUCK_02,GW_01,150,-66.0,8.4,True,24.98,DELIVERED,CLEAR_LOS,False,False
151,1787941007.5595,1787941007.5844,TRUCK_01,GW_01,151,-66.9,8.7,True,24.89,DELIVERED,CLEAR_LOS,False,False
152,1787941007.6175,1787941007.645,TRUCK_02,GW_01,152,-66.0,8.0,True,27.49,DELIVERED,CLEAR_LOS,False,False
153,1787941007.6592,1787941007.6836,TRUCK_01,GW_01,153,-69.0,7.0,True,24.41,DELIVERED,CLEAR_LOS,False,False
154,1787941007.7131,1787941007.7391,TRUCK_02,GW_01,154,-66.2,8.3,True,26.04,DELIVERED,CLEAR_LOS,False,False
155,1787941007.7687,1787941007.7943,TRUCK_01,GW_01,155,-65.1,9.1,True,25.61,DELIVERED,CLEAR_LOS,False,False
156,1787941007.8225,1787941007.8468,TRUCK_02,GW_01,156,-64.9,8.6,True,24.28,DELIVERED,CLEAR_LOS,False,False
157,1787941007.8635,1787941007.8882,TRUCK_01,GW_01,157,-66.5,6.8,True,24.68,DELIVERED,CLEAR_LOS,False,False
158,1787941007.9199,1787941007.9469,TRUCK_02,GW_01,158,-68.7,9.5,True,26.99,DELIVERED,CLEAR_LOS,False,False
159,1787941007.9619,1787941007.986,TRUCK_01,GW_01,159,-66.9,7.2,True,24.08,DELIVERED,CLEAR_LOS,False,False
160,1787941008.0092,1787941008.0361,TRUCK_02,GW_01,160,-65.6,6.7,True,26.89,DELIVERED,CLEAR_LOS,False,False
161,1787941008.0493,1787941008.0761,TRUCK_01,GW_01,161,-69.8,9.1,True,26.73,DELIVERED,CLEAR_LOS,False,False
162,1787941008.0964,1787941008.121,TRUCK_02,GW_01,162,-62.0,9.3,True,24.63,DELIVERED,CLEAR_LOS,False,False
163,1787941008.1404,1787941008.1672,TRUCK_01,GW_01,163,-68.1,7.5,True,26.73,DELIVERED,CLEAR_LOS,False,False
164,1787941008.1892,1787941008.2149,TRUCK_02,GW_01,164,-67.3,10.3,True,25.74,DELIVERED,CLEAR_LOS,False,False
165,1787941008.2372,1787941008.264,TRUCK_01,GW_01,165,-67.7,7.7,True,26.84,DELIVERED,CLEAR_LOS,False,False
166,1787941008.2832,1787941008.3092,TRUCK_02,GW_01,166,-67.2,8.1,True,26.02,DELIVERED,CLEAR_LOS,False,False
167,1787941008.3282,1787941008.3536,TRUCK_01,GW_01,167,-63.1,9.1,True,25.44,DELIVERED,CLEAR_LOS,False,False
168,1787941008.3839,1787941008.4089,TRUCK_02,GW_01,168,-62.2,7.4,True,24.99,DELIVERED,CLEAR_LOS,False,False
169,1787941008.4308,1787941008.4547,TRUCK_01,GW_01,169,-66.5,9.2,True,23.92,DELIVERED,CLEAR_LOS,False,False
170,1787941008.4905,1787941008.5181,TRUCK_02,GW_01,170,-66.8,8.6,True,27.63,DELIVERED,CLEAR_LOS,False,False
171,1787941008.537,1787941008.5622,TRUCK_01,GW_01,171,-68.9,8.1,True,25.23,DELIVERED,CLEAR_LOS,False,False
172,1787941008.5936,1787941008.6186,TRUCK_02,GW_01,172,-62.3,9.6,True,25.01,DELIVERED,CLEAR_LOS,False,False
173,1787941008.64,1787941008.6653,TRUCK_01,GW_01,173,-64.9,7.0,True,25.24,DELIVERED,CLEAR_LOS,False,False
174,1787941008.6866,1787941008.7113,TRUCK_02,GW_01,174,-62.8,9.5,True,24.73,DELIVERED,CLEAR_LOS,False,False
175,1787941008.7305,1787941008.7558,TRUCK_01,GW_01,175,-63.3,8.1,True,25.39,DELIVERED,CLEAR_LOS,False,False
176,1787941008.7761,1787941008.8016,TRUCK_02,GW_01,176,-64.5,8.5,True,25.45,DELIVERED,CLEAR_LOS,False,False
177,1787941008.8251,1787941008.8508,TRUCK_01,GW_01,177,-63.6,8.7,True,25.67,DELIVERED,CLEAR_LOS,False,False
178,1787941008.8787,1787941008.9038,TRUCK_02,GW_01,178,-65.6,7.7,True,25.07,DELIVERED,CLEAR_LOS,False,False
179,1787941008.9251,1787941008.9508,TRUCK_01,GW_01,179,-65.5,9.8,True,25.75,DELIVERED,CLEAR_LOS,False,False
180,1787941008.9823,1787941009.0081,TRUCK_02,GW_01,180,-65.0,9.7,True,25.87,DELIVERED,CLEAR_LOS,False,False
181,1787941009.0334,1787941009.0594,TRUCK_01,GW_01,181,-69.3,8.6,True,26.03,DELIVERED,CLEAR_LOS,False,False
182,1787941009.0835,1787941009.107,TRUCK_02,GW_01,182,-65.5,7.9,True,23.42,DELIVERED,CLEAR_LOS,False,False
183,1787941009.1409,1787941009.1663,TRUCK_01,GW_01,183,-63.2,9.2,True,25.34,DELIVERED,CLEAR_LOS,False,False
184,1787941009.1897,1787941009.2151,TRUCK_02,GW_01,184,-67.7,7.9,True,25.35,DELIVERED,CLEAR_LOS,False,False
185,1787941009.241,1787941009.2677,TRUCK_01,GW_01,185,-64.1,7.6,True,26.77,DELIVERED,CLEAR_LOS,False,False
186,1787941009.2926,1787941009.3185,TRUCK_02,GW_01,186,-62.7,7.3,True,25.92,DELIVERED,CLEAR_LOS,False,False
187,1787941009.3391,1787941009.3627,TRUCK_01,GW_01,187,-64.1,8.0,True,23.61,DELIVERED,CLEAR_LOS,False,False
188,1787941009.3864,1787941009.4116,TRUCK_02,GW_01,188,-63.0,9.3,True,25.27,DELIVERED,CLEAR_LOS,False,False
189,1787941009.4303,1787941009.4547,TRUCK_01,GW_01,189,-63.0,8.1,True,24.38,DELIVERED,CLEAR_LOS,False,False
190,1787941009.4758,1787941009.5007,TRUCK_02,GW_01,190,-65.9,9.2,True,24.9,DELIVERED,CLEAR_LOS,False,False
191,1787941009.5332,1787941009.5587,TRUCK_01,GW_01,191,-60.3,9.2,True,25.46,DELIVERED,CLEAR_LOS,False,False
192,1787941009.5892,1787941009.614,TRUCK_02,GW_01,192,-62.9,8.3,True,24.76,DELIVERED,CLEAR_LOS,False,False
193,1787941009.6349,1787941009.6604,TRUCK_01,GW_01,193,-61.6,8.8,True,25.48,DELIVERED,CLEAR_LOS,False,False
194,1787941009.6827,1787941009.7069,TRUCK_02,GW_01,194,-65.4,6.6,True,24.25,DELIVERED,CLEAR_LOS,False,False
195,1787941009.7401,1787941009.7645,TRUCK_01,GW_01,195,-65.0,6.5,True,24.35,DELIVERED,CLEAR_LOS,False,False
196,1787941009.785,1787941009.8115,TRUCK_02,GW_01,196,-63.3,9.2,True,26.44,DELIVERED,CLEAR_LOS,False,False
197,1787941009.8353,1787941009.8619,TRUCK_01,GW_01,197,-64.3,8.4,True,26.56,DELIVERED,CLEAR_LOS,False,False
198,1787941009.8898,1787941009.9155,TRUCK_02,GW_01,198,-63.7,7.9,True,25.68,DELIVERED,CLEAR_LOS,False,False
199,1787941009.9392,1787941009.9646,TRUCK_01,GW_01,199,-58.9,7.3,True,25.39,DELIVERED,CLEAR_LOS,False,False
200,1787941009.9964,1787941010.0211,TRUCK_02,GW_01,200,-62.1,9.0,True,24.71,DELIVERED,CLEAR_LOS,False,False
201,1787941010.0485,1787941010.0739,TRUCK_01,GW_01,201,-69.5,7.2,True,25.36,DELIVERED,CLEAR_LOS,False,False
202,1787941010.0918,1787941010.1178,TRUCK_02,GW_01,202,-68.1,9.8,True,25.92,DELIVERED,CLEAR_LOS,False,False
203,1787941010.1455,1787941010.1724,TRUCK_01,GW_01,203,-66.3,7.3,True,26.9,DELIVERED,CLEAR_LOS,False,False
204,1787941010.1927,1787941010.2183,TRUCK_02,GW_01,204,-63.5,8.3,True,25.56,DELIVERED,CLEAR_LOS,False,False
205,1787941010.2469,1787941010.2714,TRUCK_01,GW_01,205,-60.8,9.2,True,24.54,DELIVERED,CLEAR_LOS,False,False
206,1787941010.2954,1787941010.3181,TRUCK_02,GW_01,206,-64.8,8.6,True,22.72,DELIVERED,CLEAR_LOS,False,False
207,1787941010.3449,1787941010.3705,TRUCK_01,GW_01,207,-60.7,9.5,True,25.53,DELIVERED,CLEAR_LOS,False,False
208,1787941010.3962,1787941010.4199,TRUCK_02,GW_01,208,-59.9,8.6,True,23.71,DELIVERED,CLEAR_LOS,False,False
209,1787941010.4477,1787941010.4725,TRUCK_01,GW_01,209,-69.6,8.4,True,24.83,DELIVERED,CLEAR_LOS,False,False
210,1787941010.4912,1787941010.5167,TRUCK_02,GW_01,210,-66.8,8.7,True,25.43,DELIVERED,CLEAR_LOS,False,False
211,1787941010.535,1787941010.5604,TRUCK_01,GW_01,211,-65.3,8.6,True,25.45,DELIVERED,CLEAR_LOS,False,False
212,1787941010.5891,1787941010.6134,TRUCK_02,GW_01,212,-63.6,10.2,True,24.36,DELIVERED,CLEAR_LOS,False,False
213,1787941010.635,1787941010.6612,TRUCK_01,GW_01,213,-63.1,7.9,True,26.15,DELIVERED,CLEAR_LOS,False,False
214,1787941010.6829,1787941010.7078,TRUCK_02,GW_01,214,-67.3,6.8,True,24.87,DELIVERED,CLEAR_LOS,False,False
215,1787941010.7339,1787941010.7588,TRUCK_01,GW_01,215,-64.7,7.8,True,24.93,DELIVERED,CLEAR_LOS,False,False
216,1787941010.7881,1787941010.813,TRUCK_02,GW_01,216,-67.0,9.1,True,24.91,DELIVERED,CLEAR_LOS,False,False
217,1787941010.8371,1787941010.8619,TRUCK_01,GW_01,217,-66.0,8.9,True,24.79,DELIVERED,CLEAR_LOS,False,False
218,1787941010.8947,1787941010.9201,TRUCK_02,GW_01,218,-64.8,8.4,True,25.48,DELIVERED,CLEAR_LOS,False,False
219,1787941010.943,1787941010.9688,TRUCK_01,GW_01,219,-61.7,9.9,True,25.75,DELIVERED,CLEAR_LOS,False,False
220,1787941010.9879,1787941011.0134,TRUCK_02,GW_01,220,-66.3,7.9,True,25.49,DELIVERED,CLEAR_LOS,False,False
221,1787941011.0324,1787941011.0559,TRUCK_01,GW_01,221,-68.0,7.8,True,23.54,DELIVERED,CLEAR_LOS,False,False
222,1787941011.0798,1787941011.1057,TRUCK_02,GW_01,222,-68.8,10.1,True,25.83,DELIVERED,CLEAR_LOS,False,False
223,1787941011.1216,1787941011.1464,TRUCK_01,GW_01,223,-64.5,6.9,True,24.79,DELIVERED,CLEAR_LOS,False,False
224,1787941011.1701,1787941011.1952,TRUCK_02,GW_01,224,-63.4,9.9,True,25.06,DELIVERED,CLEAR_LOS,False,False
225,1787941011.2101,1787941011.2353,TRUCK_01,GW_01,225,-62.7,7.9,True,25.15,DELIVERED,CLEAR_LOS,False,False
226,1787941011.2656,1787941011.2915,TRUCK_02,GW_01,226,-68.0,9.8,True,25.86,DELIVERED,CLEAR_LOS,False,False
227,1787941011.3132,1787941011.3392,TRUCK_01,GW_01,227,-66.5,8.8,True,25.99,DELIVERED,CLEAR_LOS,False,False
228,1787941011.3697,1787941011.3939,TRUCK_02,GW_01,228,-68.0,9.6,True,24.23,DELIVERED,CLEAR_LOS,False,False
229,1787941011.4265,1787941011.4525,TRUCK_01,GW_01,229,-61.9,8.1,True,26.06,DELIVERED,CLEAR_LOS,False,False
230,1787941011.4804,1787941011.5069,TRUCK_02,GW_01,230,-64.1,7.5,True,26.55,DELIVERED,CLEAR_LOS,False,False
231,1787941011.5277,1787941011.5524,TRUCK_01,GW_01,231,-69.0,8.0,True,24.63,DELIVERED,CLEAR_LOS,False,False
232,1787941011.5706,1787941011.5955,TRUCK_02,GW_01,232,-69.5,9.4,True,24.96,DELIVERED,CLEAR_LOS,False,False
233,1787941011.6209,1787941011.6454,TRUCK_01,GW_01,233,-65.5,8.3,True,24.52,DELIVERED,CLEAR_LOS,False,False
234,1787941011.6759,1787941011.7011,TRUCK_02,GW_01,234,-66.2,8.4,True,25.13,DELIVERED,CLEAR_LOS,False,False
235,1787941011.7239,1787941011.7501,TRUCK_01,GW_01,235,-66.3,7.2,True,26.16,DELIVERED,CLEAR_LOS,False,False
236,1787941011.7824,1787941011.8081,TRUCK_02,GW_01,236,-65.5,7.6,True,25.75,DELIVERED,CLEAR_LOS,False,False
237,1787941011.8318,1787941011.8575,TRUCK_01,GW_01,237,-70.0,9.7,True,25.79,DELIVERED,CLEAR_LOS,False,False
238,1787941011.8734,1787941011.8992,TRUCK_02,GW_01,238,-66.6,8.9,True,25.82,DELIVERED,CLEAR_LOS,False,False
239,1787941011.9281,1787941011.9535,TRUCK_01,GW_01,239,-67.1,8.2,True,25.38,DELIVERED,CLEAR_LOS,False,False
240,1787941011.9881,1787941012.0132,TRUCK_02,GW_01,240,-63.1,7.8,True,25.11,DELIVERED,CLEAR_LOS,False,False
241,1787941012.0451,1787941012.0719,TRUCK_01,GW_01,241,-61.5,8.3,True,26.75,DELIVERED,CLEAR_LOS,False,False
242,1787941012.099,1787941012.1241,TRUCK_02,GW_01,242,-67.0,10.4,True,25.12,DELIVERED,CLEAR_LOS,False,False
243,1787941012.1455,1787941012.1701,TRUCK_01,GW_01,243,-66.1,6.7,True,24.58,DELIVERED,CLEAR_LOS,False,False
244,1787941012.2023,1787941012.2287,TRUCK_02,GW_01,244,-69.5,8.3,True,26.37,DELIVERED,CLEAR_LOS,False,False
245,1787941012.2601,1787941012.2859,TRUCK_01,GW_01,245,-67.4,8.7,True,25.86,DELIVERED,CLEAR_LOS,False,False
246,1787941012.3113,1787941012.3366,TRUCK_02,GW_01,246,-64.1,8.6,True,25.35,DELIVERED,CLEAR_LOS,False,False
247,1787941012.3633,1787941012.3895,TRUCK_01,GW_01,247,-63.8,8.7,True,26.16,DELIVERED,CLEAR_LOS,False,False
248,1787941012.4204,1787941012.4456,TRUCK_02,GW_01,248,-70.9,7.9,True,25.25,DELIVERED,CLEAR_LOS,False,False
249,1787941012.4647,1787941012.4894,TRUCK_01,GW_01,249,-61.1,8.7,True,24.77,DELIVERED,CLEAR_LOS,False,False
250,1787941012.5108,1787941012.5353,TRUCK_02,GW_01,250,-61.5,6.3,True,24.51,DELIVERED,CLEAR_LOS,False,False
251,1787941012.5656,1787941012.5927,TRUCK_01,GW_01,251,-83.8,3.1,True,27.12,DELIVERED,PARTIAL_OBSTRUCTION,False,False
252,1787941012.6107,1787941012.6383,TRUCK_02,GW_01,252,-80.8,2.0,True,27.53,DELIVERED,PARTIAL_OBSTRUCTION,False,False
253,1787941012.6674,1787941012.6947,TRUCK_01,GW_01,253,-82.0,1.0,True,27.3,DELIVERED,PARTIAL_OBSTRUCTION,False,False
254,1787941012.7242,1787941012.7507,TRUCK_02,GW_01,254,-83.0,3.0,True,26.55,DELIVERED,PARTIAL_OBSTRUCTION,False,False
255,1787941012.784,1787941012.8103,TRUCK_01,GW_01,255,-85.1,0.8,True,26.25,DELIVERED,PARTIAL_OBSTRUCTION,False,False
256,1787941012.841,1787941012.8654,TRUCK_02,GW_01,256,-78.8,1.5,True,24.46,DELIVERED,PARTIAL_OBSTRUCTION,False,False
257,1787941012.8899,1787941012.9167,TRUCK_01,GW_01,257,-84.7,1.1,True,26.76,DELIVERED,PARTIAL_OBSTRUCTION,False,False
258,1787941012.9462,1787941012.973,TRUCK_02,GW_01,258,-85.4,4.2,True,26.88,DELIVERED,PARTIAL_OBSTRUCTION,False,False
259,1787941012.9908,,TRUCK_01,GW_01,259,-80.7,1.3,False,,PACKET_DROPPED,PARTIAL_OBSTRUCTION,True,True
260,1787941013.0336,1787941013.0629,TRUCK_02,GW_01,260,-85.2,2.0,True,29.34,DELIVERED,PARTIAL_OBSTRUCTION,False,False
261,1787941013.0788,1787941013.1076,TRUCK_01,GW_01,261,-82.6,3.2,True,28.77,DELIVERED,PARTIAL_OBSTRUCTION,False,False
262,1787941013.1343,1787941013.1621,TRUCK_02,GW_01,262,-84.3,1.4,True,27.78,DELIVERED,PARTIAL_OBSTRUCTION,False,False
263,1787941013.1893,1787941013.2137,TRUCK_01,GW_01,263,-89.9,3.4,True,24.46,DELIVERED,PARTIAL_OBSTRUCTION,False,False
264,1787941013.2358,1787941013.2643,TRUCK_02,GW_01,264,-87.3,1.6,True,28.44,DELIVERED,PARTIAL_OBSTRUCTION,False,False
265,1787941013.2905,1787941013.3165,TRUCK_01,GW_01,265,-86.8,3.3,True,25.93,DELIVERED,PARTIAL_OBSTRUCTION,False,False
266,1787941013.3382,1787941013.3622,TRUCK_02,GW_01,266,-77.4,1.6,True,24.05,DELIVERED,PARTIAL_OBSTRUCTION,False,False
267,1787941013.381,1787941013.4109,TRUCK_01,GW_01,267,-81.4,0.9,True,29.93,DELIVERED,PARTIAL_OBSTRUCTION,False,False
268,1787941013.4225,1787941013.4481,TRUCK_02,GW_01,268,-84.3,2.7,True,25.62,DELIVERED,PARTIAL_OBSTRUCTION,False,False
269,1787941013.4723,1787941013.5046,TRUCK_01,GW_01,269,-84.1,2.2,True,32.31,DELIVERED,PARTIAL_OBSTRUCTION,False,False
270,1787941013.523,1787941013.5508,TRUCK_02,GW_01,270,-86.0,3.3,True,27.77,DELIVERED,PARTIAL_OBSTRUCTION,False,False
271,1787941013.5718,1787941013.6005,TRUCK_01,GW_01,271,-79.6,0.0,True,28.73,DELIVERED,PARTIAL_OBSTRUCTION,False,False
272,1787941013.6248,1787941013.6536,TRUCK_02,GW_01,272,-83.8,1.8,True,28.8,DELIVERED,PARTIAL_OBSTRUCTION,False,False
273,1787941013.6711,1787941013.6995,TRUCK_01,GW_01,273,-85.7,2.7,True,28.39,DELIVERED,PARTIAL_OBSTRUCTION,False,False
274,1787941013.7216,1787941013.7527,TRUCK_02,GW_01,274,-86.1,1.2,True,31.11,DELIVERED,PARTIAL_OBSTRUCTION,False,False
275,1787941013.7742,1787941013.8008,TRUCK_01,GW_01,275,-81.9,2.9,True,26.58,DELIVERED,PARTIAL_OBSTRUCTION,False,False
276,1787941013.8217,1787941013.8501,TRUCK_02,GW_01,276,-89.3,2.5,True,28.45,DELIVERED,PARTIAL_OBSTRUCTION,False,False
277,1787941013.8645,1787941013.8919,TRUCK_01,GW_01,277,-87.4,2.7,True,27.37,DELIVERED,PARTIAL_OBSTRUCTION,False,False
278,1787941013.9236,1787941013.9526,TRUCK_02,GW_01,278,-86.5,2.0,True,29.0,DELIVERED,PARTIAL_OBSTRUCTION,False,False
279,1787941013.9647,1787941013.9929,TRUCK_01,GW_01,279,-85.3,4.0,True,28.23,DELIVERED,PARTIAL_OBSTRUCTION,False,False
280,1787941014.0164,1787941014.0441,TRUCK_02,GW_01,280,-90.4,1.6,True,27.66,DELIVERED,PARTIAL_OBSTRUCTION,False,False
281,1787941014.067,1787941014.0929,TRUCK_01,GW_01,281,-80.7,3.5,True,25.88,DELIVERED,PARTIAL_OBSTRUCTION,False,False
282,1787941014.1174,1787941014.145,TRUCK_02,GW_01,282,-85.1,1.2,True,27.6,DELIVERED,PARTIAL_OBSTRUCTION,False,False
283,1787941014.1722,1787941014.1995,TRUCK_01,GW_01,283,-81.5,0.1,True,27.22,DELIVERED,PARTIAL_OBSTRUCTION,False,False
284,1787941014.228,1787941014.2549,TRUCK_02,GW_01,284,-85.5,2.0,True,26.91,DELIVERED,PARTIAL_OBSTRUCTION,False,False
285,1787941014.2806,1787941014.3092,TRUCK_01,GW_01,285,-93.5,1.9,True,28.55,DELIVERED,PARTIAL_OBSTRUCTION,False,False
286,1787941014.3214,1787941014.3484,TRUCK_02,GW_01,286,-86.1,2.4,True,26.99,DELIVERED,PARTIAL_OBSTRUCTION,False,False
287,1787941014.3642,1787941014.3926,TRUCK_01,GW_01,287,-87.9,3.3,True,28.42,DELIVERED,PARTIAL_OBSTRUCTION,False,False
288,1787941014.4091,1787941014.4359,TRUCK_02,GW_01,288,-80.7,3.4,True,26.84,DELIVERED,PARTIAL_OBSTRUCTION,False,False
289,1787941014.4667,1787941014.4962,TRUCK_01,GW_01,289,-85.6,1.7,True,29.47,DELIVERED,PARTIAL_OBSTRUCTION,False,False
290,1787941014.5208,1787941014.5496,TRUCK_02,GW_01,290,-88.2,0.8,True,28.81,DELIVERED,PARTIAL_OBSTRUCTION,False,False
291,1787941014.5704,1787941014.5974,TRUCK_01,GW_01,291,-79.2,2.9,True,27.04,DELIVERED,PARTIAL_OBSTRUCTION,False,False
292,1787941014.6245,1787941014.6513,TRUCK_02,GW_01,292,-89.7,3.2,True,26.74,DELIVERED,PARTIAL_OBSTRUCTION,False,False
293,1787941014.6822,1787941014.7081,TRUCK_01,GW_01,293,-79.2,1.6,True,25.93,DELIVERED,PARTIAL_OBSTRUCTION,False,False
294,1787941014.7331,,TRUCK_02,GW_01,294,-90.4,3.4,False,,PACKET_DROPPED,PARTIAL_OBSTRUCTION,True,True
295,1787941014.775,1787941014.8001,TRUCK_01,GW_01,295,-85.1,-0.7,True,25.17,DELIVERED,PARTIAL_OBSTRUCTION,False,False
296,1787941014.8157,1787941014.8434,TRUCK_02,GW_01,296,-89.0,0.8,True,27.68,DELIVERED,PARTIAL_OBSTRUCTION,False,False
297,1787941014.8742,1787941014.9006,TRUCK_01,GW_01,297,-87.5,3.3,True,26.35,DELIVERED,PARTIAL_OBSTRUCTION,False,False
298,1787941014.9175,1787941014.9472,TRUCK_02,GW_01,298,-87.9,3.2,True,29.67,DELIVERED,PARTIAL_OBSTRUCTION,False,False
299,1787941014.9631,1787941014.9902,TRUCK_01,GW_01,299,-86.8,2.8,True,27.09,DELIVERED,PARTIAL_OBSTRUCTION,False,False
300,1787941015.0159,1787941015.0421,TRUCK_02,GW_01,300,-80.2,4.0,True,26.15,DELIVERED,PARTIAL_OBSTRUCTION,False,False
301,1787941015.0717,1787941015.0987,TRUCK_01,GW_01,301,-78.7,1.0,True,27.06,DELIVERED,PARTIAL_OBSTRUCTION,False,False
302,1787941015.1187,1787941015.1454,TRUCK_02,GW_01,302,-83.3,1.4,True,26.72,DELIVERED,PARTIAL_OBSTRUCTION,False,False
303,1787941015.1616,1787941015.1876,TRUCK_01,GW_01,303,-85.9,-0.5,True,26.02,DELIVERED,PARTIAL_OBSTRUCTION,False,False
304,1787941015.2202,1787941015.2484,TRUCK_02,GW_01,304,-86.9,1.4,True,28.16,DELIVERED,PARTIAL_OBSTRUCTION,False,False
305,1787941015.2642,1787941015.2938,TRUCK_01,GW_01,305,-84.5,2.6,True,29.56,DELIVERED,PARTIAL_OBSTRUCTION,False,False
306,1787941015.3211,1787941015.3461,TRUCK_02,GW_01,306,-85.3,2.3,True,25.05,DELIVERED,PARTIAL_OBSTRUCTION,False,False
307,1787941015.3769,1787941015.406,TRUCK_01,GW_01,307,-85.3,2.7,True,29.09,DELIVERED,PARTIAL_OBSTRUCTION,False,False
308,1787941015.4176,1787941015.4448,TRUCK_02,GW_01,308,-84.1,2.3,True,27.22,DELIVERED,PARTIAL_OBSTRUCTION,False,False
309,1787941015.4581,1787941015.4864,TRUCK_01,GW_01,309,-84.0,2.0,True,28.22,DELIVERED,PARTIAL_OBSTRUCTION,False,False
310,1787941015.5045,1787941015.5307,TRUCK_02,GW_01,310,-85.7,2.0,True,26.12,DELIVERED,PARTIAL_OBSTRUCTION,False,False
311,1787941015.5514,1787941015.5794,TRUCK_01,GW_01,311,-85.9,3.2,True,27.99,DELIVERED,PARTIAL_OBSTRUCTION,False,False
312,1787941015.599,1787941015.6292,TRUCK_02,GW_01,312,-85.6,2.1,True,30.2,DELIVERED,PARTIAL_OBSTRUCTION,False,False
313,1787941015.6523,1787941015.682,TRUCK_01,GW_01,313,-86.6,1.2,True,29.66,DELIVERED,PARTIAL_OBSTRUCTION,False,False
314,1787941015.6954,1787941015.7234,TRUCK_02,GW_01,314,-82.4,1.4,True,28.03,DELIVERED,PARTIAL_OBSTRUCTION,False,False
315,1787941015.7501,1787941015.7797,TRUCK_01,GW_01,315,-79.5,1.2,True,29.58,DELIVERED,PARTIAL_OBSTRUCTION,False,False
316,1787941015.8077,1787941015.8331,TRUCK_02,GW_01,316,-86.0,2.6,True,25.36,DELIVERED,PARTIAL_OBSTRUCTION,False,False
317,1787941015.8501,1787941015.8803,TRUCK_01,GW_01,317,-83.9,3.0,True,30.27,DELIVERED,PARTIAL_OBSTRUCTION,False,False
318,1787941015.908,1787941015.9355,TRUCK_02,GW_01,318,-80.6,1.7,True,27.49,DELIVERED,PARTIAL_OBSTRUCTION,False,False
319,1787941015.9568,1787941015.9835,TRUCK_01,GW_01,319,-92.1,1.6,True,26.64,DELIVERED,PARTIAL_OBSTRUCTION,False,False
320,1787941016.0014,1787941016.0271,TRUCK_02,GW_01,320,-84.5,1.5,True,25.69,DELIVERED,PARTIAL_OBSTRUCTION,False,False
321,1787941016.0534,1787941016.0826,TRUCK_01,GW_01,321,-91.3,1.9,True,29.12,DELIVERED,PARTIAL_OBSTRUCTION,False,False
322,1787941016.0935,1787941016.1208,TRUCK_02,GW_01,322,-82.7,2.4,True,27.36,DELIVERED,PARTIAL_OBSTRUCTION,False,False
323,1787941016.1383,1787941016.1667,TRUCK_01,GW_01,323,-84.7,2.4,True,28.36,DELIVERED,PARTIAL_OBSTRUCTION,False,False
324,1787941016.1841,1787941016.2129,TRUCK_02,GW_01,324,-82.2,0.4,True,28.82,DELIVERED,PARTIAL_OBSTRUCTION,False,False
325,1787941016.2295,1787941016.2547,TRUCK_01,GW_01,325,-87.9,2.2,True,25.2,DELIVERED,PARTIAL_OBSTRUCTION,False,False
326,1787941016.2745,1787941016.2999,TRUCK_02,GW_01,326,-87.5,2.8,True,25.47,DELIVERED,PARTIAL_OBSTRUCTION,False,False
327,1787941016.3273,1787941016.3529,TRUCK_01,GW_01,327,-87.5,2.9,True,25.57,DELIVERED,PARTIAL_OBSTRUCTION,False,False
328,1787941016.3768,1787941016.4044,TRUCK_02,GW_01,328,-88.3,1.4,True,27.62,DELIVERED,PARTIAL_OBSTRUCTION,False,False
329,1787941016.4265,1787941016.4552,TRUCK_01,GW_01,329,-80.3,3.0,True,28.64,DELIVERED,PARTIAL_OBSTRUCTION,False,False
330,1787941016.4836,1787941016.5087,TRUCK_02,GW_01,330,-83.9,4.0,True,25.08,DELIVERED,PARTIAL_OBSTRUCTION,False,False
331,1787941016.5379,1787941016.5643,TRUCK_01,GW_01,331,-78.6,2.9,True,26.38,DELIVERED,PARTIAL_OBSTRUCTION,False,False
332,1787941016.592,1787941016.6213,TRUCK_02,GW_01,332,-85.5,4.2,True,29.28,DELIVERED,PARTIAL_OBSTRUCTION,False,False
333,1787941016.6351,1787941016.6608,TRUCK_01,GW_01,333,-80.7,-0.1,True,25.65,DELIVERED,PARTIAL_OBSTRUCTION,False,False
334,1787941016.677,1787941016.7067,TRUCK_02,GW_01,334,-85.0,1.9,True,29.66,DELIVERED,PARTIAL_OBSTRUCTION,False,False
335,1787941016.7303,1787941016.7576,TRUCK_01,GW_01,335,-83.1,2.1,True,27.29,DELIVERED,PARTIAL_OBSTRUCTION,False,False
336,1787941016.7834,,TRUCK_02,GW_01,336,-86.9,2.2,False,,PACKET_DROPPED,PARTIAL_OBSTRUCTION,True,True
337,1787941016.8317,1787941016.858,TRUCK_01,GW_01,337,-89.1,2.2,True,26.35,DELIVERED,PARTIAL_OBSTRUCTION,False,False
338,1787941016.8807,1787941016.9104,TRUCK_02,GW_01,338,-85.3,1.8,True,29.71,DELIVERED,PARTIAL_OBSTRUCTION,False,False
339,1787941016.9363,1787941016.9667,TRUCK_01,GW_01,339,-85.6,2.2,True,30.41,DELIVERED,PARTIAL_OBSTRUCTION,False,False
340,1787941016.9775,1787941017.0008,TRUCK_02,GW_01,340,-83.0,2.8,True,23.27,DELIVERED,PARTIAL_OBSTRUCTION,False,False
341,1787941017.0284,1787941017.0568,TRUCK_01,GW_01,341,-83.5,2.5,True,28.31,DELIVERED,PARTIAL_OBSTRUCTION,False,False
342,1787941017.0819,1787941017.1101,TRUCK_02,GW_01,342,-88.3,-0.6,True,28.25,DELIVERED,PARTIAL_OBSTRUCTION,False,False
343,1787941017.135,1787941017.163,TRUCK_01,GW_01,343,-87.9,1.0,True,27.99,DELIVERED,PARTIAL_OBSTRUCTION,False,False
344,1787941017.1775,1787941017.2075,TRUCK_02,GW_01,344,-90.6,-0.8,True,29.97,DELIVERED,PARTIAL_OBSTRUCTION,False,False
345,1787941017.2345,1787941017.2623,TRUCK_01,GW_01,345,-81.3,2.8,True,27.82,DELIVERED,PARTIAL_OBSTRUCTION,False,False
346,1787941017.2839,1787941017.31,TRUCK_02,GW_01,346,-81.8,0.2,True,26.06,DELIVERED,PARTIAL_OBSTRUCTION,False,False
347,1787941017.3388,1787941017.3676,TRUCK_01,GW_01,347,-85.7,3.4,True,28.84,DELIVERED,PARTIAL_OBSTRUCTION,False,False
348,1787941017.3848,1787941017.4124,TRUCK_02,GW_01,348,-87.5,1.7,True,27.59,DELIVERED,PARTIAL_OBSTRUCTION,False,False
349,1787941017.4392,1787941017.4694,TRUCK_01,GW_01,349,-84.1,1.4,True,30.17,DELIVERED,PARTIAL_OBSTRUCTION,False,False
350,1787941017.4851,1787941017.5119,TRUCK_02,GW_01,350,-84.4,5.5,True,26.87,DELIVERED,PARTIAL_OBSTRUCTION,False,False
351,1787941017.5351,1787941017.5635,TRUCK_01,GW_01,351,-84.4,1.6,True,28.38,DELIVERED,PARTIAL_OBSTRUCTION,False,False
352,1787941017.5944,1787941017.6196,TRUCK_02,GW_01,352,-80.2,1.3,True,25.17,DELIVERED,PARTIAL_OBSTRUCTION,False,False
353,1787941017.6491,1787941017.6762,TRUCK_01,GW_01,353,-78.4,1.2,True,27.07,DELIVERED,PARTIAL_OBSTRUCTION,False,False
354,1787941017.6917,1787941017.7188,TRUCK_02,GW_01,354,-88.4,2.4,True,27.16,DELIVERED,PARTIAL_OBSTRUCTION,False,False
355,1787941017.7433,1787941017.7701,TRUCK_01,GW_01,355,-80.8,1.2,True,26.85,DELIVERED,PARTIAL_OBSTRUCTION,False,False
356,1787941017.7965,1787941017.8255,TRUCK_02,GW_01,356,-82.3,2.9,True,28.99,DELIVERED,PARTIAL_OBSTRUCTION,False,False
357,1787941017.837,1787941017.8642,TRUCK_01,GW_01,357,-85.7,1.2,True,27.14,DELIVERED,PARTIAL_OBSTRUCTION,False,False
358,1787941017.8841,1787941017.9122,TRUCK_02,GW_01,358,-83.0,4.2,True,28.11,DELIVERED,PARTIAL_OBSTRUCTION,False,False
359,1787941017.9376,1787941017.9623,TRUCK_01,GW_01,359,-80.7,2.9,True,24.62,DELIVERED,PARTIAL_OBSTRUCTION,False,False
360,1787941017.9785,1787941018.0086,TRUCK_02,GW_01,360,-78.9,1.9,True,30.1,DELIVERED,PARTIAL_OBSTRUCTION,False,False
361,1787941018.0213,1787941018.0499,TRUCK_01,GW_01,361,-91.8,3.1,True,28.68,DELIVERED,PARTIAL_OBSTRUCTION,False,False
362,1787941018.0634,1787941018.0902,TRUCK_02,GW_01,362,-82.6,4.1,True,26.87,DELIVERED,PARTIAL_OBSTRUCTION,False,False
363,1787941018.1053,1787941018.1348,TRUCK_01,GW_01,363,-85.6,3.3,True,29.53,DELIVERED,PARTIAL_OBSTRUCTION,False,False
364,1787941018.1585,1787941018.1846,TRUCK_02,GW_01,364,-83.3,-0.2,True,26.08,DELIVERED,PARTIAL_OBSTRUCTION,False,False
365,1787941018.2049,1787941018.2348,TRUCK_01,GW_01,365,-90.9,2.3,True,29.97,DELIVERED,PARTIAL_OBSTRUCTION,False,False
366,1787941018.256,1787941018.2838,TRUCK_02,GW_01,366,-87.5,1.3,True,27.77,DELIVERED,PARTIAL_OBSTRUCTION,False,False
367,1787941018.3123,1787941018.3382,TRUCK_01,GW_01,367,-83.6,1.9,True,25.87,DELIVERED,PARTIAL_OBSTRUCTION,False,False
368,1787941018.3613,1787941018.3909,TRUCK_02,GW_01,368,-87.4,3.6,True,29.62,DELIVERED,PARTIAL_OBSTRUCTION,False,False
369,1787941018.4132,1787941018.44,TRUCK_01,GW_01,369,-92.0,3.8,True,26.81,DELIVERED,PARTIAL_OBSTRUCTION,False,False
370,1787941018.4645,1787941018.4906,TRUCK_02,GW_01,370,-84.1,4.2,True,26.14,DELIVERED,PARTIAL_OBSTRUCTION,False,False
371,1787941018.5194,1787941018.5469,TRUCK_01,GW_01,371,-81.0,2.0,True,27.5,DELIVERED,PARTIAL_OBSTRUCTION,False,False
372,1787941018.5594,,TRUCK_02,GW_01,372,-76.1,1.2,False,,PACKET_DROPPED,PARTIAL_OBSTRUCTION,True,True
373,1787941018.6076,1787941018.6351,TRUCK_01,GW_01,373,-84.9,3.6,True,27.51,DELIVERED,PARTIAL_OBSTRUCTION,False,False
374,1787941018.6592,,TRUCK_02,GW_01,374,-84.0,3.2,False,,PACKET_DROPPED,PARTIAL_OBSTRUCTION,True,True
375,1787941018.715,1787941018.7437,TRUCK_01,GW_01,375,-82.5,2.6,True,28.66,DELIVERED,PARTIAL_OBSTRUCTION,False,False
376,1787941018.774,,TRUCK_02,GW_01,376,-82.7,2.9,False,,PACKET_DROPPED,PARTIAL_OBSTRUCTION,True,True
377,1787941018.8172,1787941018.8465,TRUCK_01,GW_01,377,-82.4,2.4,True,29.25,DELIVERED,PARTIAL_OBSTRUCTION,False,False
378,1787941018.8766,1787941018.9036,TRUCK_02,GW_01,378,-81.5,4.0,True,27.01,DELIVERED,PARTIAL_OBSTRUCTION,False,False
379,1787941018.9305,,TRUCK_01,GW_01,379,-87.8,3.0,False,,PACKET_DROPPED,PARTIAL_OBSTRUCTION,True,True
380,1787941018.9868,1787941019.0163,TRUCK_02,GW_01,380,-77.2,3.1,True,29.45,DELIVERED,PARTIAL_OBSTRUCTION,False,False
381,1787941019.0395,1787941019.0668,TRUCK_01,GW_01,381,-86.9,0.4,True,27.25,DELIVERED,PARTIAL_OBSTRUCTION,False,False
382,1787941019.0939,1787941019.1216,TRUCK_02,GW_01,382,-93.0,1.4,True,27.69,DELIVERED,PARTIAL_OBSTRUCTION,False,False
383,1787941019.1469,1787941019.1736,TRUCK_01,GW_01,383,-88.1,2.7,True,26.69,DELIVERED,PARTIAL_OBSTRUCTION,False,False
384,1787941019.1924,1787941019.2206,TRUCK_02,GW_01,384,-88.3,2.6,True,28.2,DELIVERED,PARTIAL_OBSTRUCTION,False,False
385,1787941019.2517,1787941019.2797,TRUCK_01,GW_01,385,-83.7,1.6,True,28.05,DELIVERED,PARTIAL_OBSTRUCTION,False,False
386,1787941019.2925,,TRUCK_02,GW_01,386,-83.7,1.9,False,,PACKET_DROPPED,PARTIAL_OBSTRUCTION,True,True
387,1787941019.3358,1787941019.3639,TRUCK_01,GW_01,387,-88.2,1.4,True,28.12,DELIVERED,PARTIAL_OBSTRUCTION,False,False
388,1787941019.376,,TRUCK_02,GW_01,388,-83.1,3.3,False,,PACKET_DROPPED,PARTIAL_OBSTRUCTION,True,True
389,1787941019.4209,1787941019.4518,TRUCK_01,GW_01,389,-85.3,2.3,True,30.95,DELIVERED,PARTIAL_OBSTRUCTION,False,False
390,1787941019.4741,1787941019.5014,TRUCK_02,GW_01,390,-87.6,3.6,True,27.3,DELIVERED,PARTIAL_OBSTRUCTION,False,False
391,1787941019.5181,1787941019.5426,TRUCK_01,GW_01,391,-78.1,1.9,True,24.45,DELIVERED,PARTIAL_OBSTRUCTION,False,False
392,1787941019.5764,1787941019.6027,TRUCK_02,GW_01,392,-86.6,2.3,True,26.23,DELIVERED,PARTIAL_OBSTRUCTION,False,False
393,1787941019.6325,1787941019.6597,TRUCK_01,GW_01,393,-85.2,1.0,True,27.18,DELIVERED,PARTIAL_OBSTRUCTION,False,False
394,1787941019.6826,1787941019.7096,TRUCK_02,GW_01,394,-85.1,1.3,True,27.03,DELIVERED,PARTIAL_OBSTRUCTION,False,False
395,1787941019.7352,1787941019.7606,TRUCK_01,GW_01,395,-85.5,4.0,True,25.33,DELIVERED,PARTIAL_OBSTRUCTION,False,False
396,1787941019.7805,1787941019.8065,TRUCK_02,GW_01,396,-74.6,2.7,True,26.04,DELIVERED,PARTIAL_OBSTRUCTION,False,False
397,1787941019.8303,1787941019.8565,TRUCK_01,GW_01,397,-86.9,0.7,True,26.16,DELIVERED,PARTIAL_OBSTRUCTION,False,False
398,1787941019.8815,1787941019.9102,TRUCK_02,GW_01,398,-88.2,1.7,True,28.7,DELIVERED,PARTIAL_OBSTRUCTION,False,False
399,1787941019.9336,1787941019.9611,TRUCK_01,GW_01,399,-84.1,2.4,True,27.51,DELIVERED,PARTIAL_OBSTRUCTION,False,False
400,1787941019.9825,1787941020.0072,TRUCK_02,GW_01,400,-87.4,2.2,True,24.65,DELIVERED,PARTIAL_OBSTRUCTION,False,False
401,1787941020.0408,1787941020.0675,TRUCK_01,GW_01,401,-83.3,3.6,True,26.71,DELIVERED,PARTIAL_OBSTRUCTION,False,False
402,1787941020.0968,1787941020.1241,TRUCK_02,GW_01,402,-89.5,1.9,True,27.32,DELIVERED,PARTIAL_OBSTRUCTION,False,False
403,1787941020.1456,1787941020.1721,TRUCK_01,GW_01,403,-89.6,-0.5,True,26.48,DELIVERED,PARTIAL_OBSTRUCTION,False,False
404,1787941020.202,1787941020.2275,TRUCK_02,GW_01,404,-79.1,1.3,True,25.46,DELIVERED,PARTIAL_OBSTRUCTION,False,False
405,1787941020.2511,1787941020.2765,TRUCK_01,GW_01,405,-85.0,2.9,True,25.39,DELIVERED,PARTIAL_OBSTRUCTION,False,False
406,1787941020.2977,1787941020.3242,TRUCK_02,GW_01,406,-86.7,5.3,True,26.51,DELIVERED,PARTIAL_OBSTRUCTION,False,False
407,1787941020.3383,1787941020.3669,TRUCK_01,GW_01,407,-84.3,1.6,True,28.55,DELIVERED,PARTIAL_OBSTRUCTION,False,False
408,1787941020.3844,1787941020.411,TRUCK_02,GW_01,408,-80.1,2.5,True,26.64,DELIVERED,PARTIAL_OBSTRUCTION,False,False
409,1787941020.4296,1787941020.4569,TRUCK_01,GW_01,409,-82.6,2.2,True,27.25,DELIVERED,PARTIAL_OBSTRUCTION,False,False
410,1787941020.4801,1787941020.5105,TRUCK_02,GW_01,410,-86.4,2.6,True,30.48,DELIVERED,PARTIAL_OBSTRUCTION,False,False
411,1787941020.5349,1787941020.5639,TRUCK_01,GW_01,411,-89.2,1.7,True,29.05,DELIVERED,PARTIAL_OBSTRUCTION,False,False
412,1787941020.5922,1787941020.6195,TRUCK_02,GW_01,412,-82.1,1.6,True,27.26,DELIVERED,PARTIAL_OBSTRUCTION,False,False
413,1787941020.6374,1787941020.667,TRUCK_01,GW_01,413,-81.8,0.6,True,29.63,DELIVERED,PARTIAL_OBSTRUCTION,False,False
414,1787941020.6957,1787941020.7222,TRUCK_02,GW_01,414,-86.3,-0.5,True,26.5,DELIVERED,PARTIAL_OBSTRUCTION,False,False
415,1787941020.7535,1787941020.7786,TRUCK_01,GW_01,415,-89.2,2.0,True,25.08,DELIVERED,PARTIAL_OBSTRUCTION,False,False
416,1787941020.8071,1787941020.8342,TRUCK_02,GW_01,416,-84.8,1.5,True,27.06,DELIVERED,PARTIAL_OBSTRUCTION,False,False
417,1787941020.8505,1787941020.8787,TRUCK_01,GW_01,417,-81.4,0.6,True,28.19,DELIVERED,PARTIAL_OBSTRUCTION,False,False
418,1787941020.9052,1787941020.933,TRUCK_02,GW_01,418,-83.8,2.6,True,27.86,DELIVERED,PARTIAL_OBSTRUCTION,False,False
419,1787941020.9585,1787941020.9877,TRUCK_01,GW_01,419,-86.0,1.6,True,29.14,DELIVERED,PARTIAL_OBSTRUCTION,False,False
420,1787941021.0016,1787941021.0273,TRUCK_02,GW_01,420,-83.6,2.0,True,25.76,DELIVERED,PARTIAL_OBSTRUCTION,False,False
421,1787941021.0421,1787941021.0687,TRUCK_01,GW_01,421,-91.3,2.6,True,26.58,DELIVERED,PARTIAL_OBSTRUCTION,False,False
422,1787941021.0841,1787941021.1124,TRUCK_02,GW_01,422,-83.7,2.4,True,28.33,DELIVERED,PARTIAL_OBSTRUCTION,False,False
423,1787941021.1261,1787941021.1529,TRUCK_01,GW_01,423,-85.5,3.8,True,26.78,DELIVERED,PARTIAL_OBSTRUCTION,False,False
424,1787941021.1664,1787941021.195,TRUCK_02,GW_01,424,-80.7,2.3,True,28.59,DELIVERED,PARTIAL_OBSTRUCTION,False,False
425,1787941021.2222,1787941021.2502,TRUCK_01,GW_01,425,-79.3,1.6,True,28.08,DELIVERED,PARTIAL_OBSTRUCTION,False,False
426,1787941021.2805,1787941021.3067,TRUCK_02,GW_01,426,-89.1,2.9,True,26.18,DELIVERED,PARTIAL_OBSTRUCTION,False,False
427,1787941021.3222,1787941021.3516,TRUCK_01,GW_01,427,-83.3,3.3,True,29.32,DELIVERED,PARTIAL_OBSTRUCTION,False,False
428,1787941021.3715,1787941021.3989,TRUCK_02,GW_01,428,-80.7,2.4,True,27.4,DELIVERED,PARTIAL_OBSTRUCTION,False,False
429,1787941021.4232,1787941021.4521,TRUCK_01,GW_01,429,-78.0,1.7,True,28.93,DELIVERED,PARTIAL_OBSTRUCTION,False,False
430,1787941021.4718,1787941021.4978,TRUCK_02,GW_01,430,-86.1,1.9,True,26.03,DELIVERED,PARTIAL_OBSTRUCTION,False,False
431,1787941021.5141,1787941021.5419,TRUCK_01,GW_01,431,-79.0,0.7,True,27.79,DELIVERED,PARTIAL_OBSTRUCTION,False,False
432,1787941021.5725,1787941021.6017,TRUCK_02,GW_01,432,-86.7,2.9,True,29.27,DELIVERED,PARTIAL_OBSTRUCTION,False,False
433,1787941021.6257,1787941021.6513,TRUCK_01,GW_01,433,-87.5,2.7,True,25.65,DELIVERED,PARTIAL_OBSTRUCTION,False,False
434,1787941021.6791,1787941021.7129,TRUCK_02,GW_01,434,-90.3,3.1,True,33.79,DELIVERED,PARTIAL_OBSTRUCTION,False,False
435,1787941021.7302,1787941021.7593,TRUCK_01,GW_01,435,-84.8,0.3,True,29.15,DELIVERED,PARTIAL_OBSTRUCTION,False,False
436,1787941021.7724,1787941021.7995,TRUCK_02,GW_01,436,-81.8,2.0,True,27.09,DELIVERED,PARTIAL_OBSTRUCTION,False,False
437,1787941021.8236,1787941021.8516,TRUCK_01,GW_01,437,-91.4,1.7,True,28.06,DELIVERED,PARTIAL_OBSTRUCTION,False,False
438,1787941021.873,1787941021.8995,TRUCK_02,GW_01,438,-83.1,1.4,True,26.51,DELIVERED,PARTIAL_OBSTRUCTION,False,False
439,1787941021.926,1787941021.9528,TRUCK_01,GW_01,439,-87.3,3.3,True,26.77,DELIVERED,PARTIAL_OBSTRUCTION,False,False
440,1787941021.9799,1787941022.0087,TRUCK_02,GW_01,440,-85.9,1.8,True,28.86,DELIVERED,PARTIAL_OBSTRUCTION,False,False
441,1787941022.0311,1787941022.063,TRUCK_01,GW_01,441,-84.9,1.9,True,31.98,DELIVERED,PARTIAL_OBSTRUCTION,False,False
442,1787941022.0757,1787941022.1041,TRUCK_02,GW_01,442,-87.9,1.7,True,28.34,DELIVERED,PARTIAL_OBSTRUCTION,False,False
443,1787941022.1161,1787941022.1431,TRUCK_01,GW_01,443,-81.9,2.2,True,26.95,DELIVERED,PARTIAL_OBSTRUCTION,False,False
444,1787941022.1604,1787941022.1888,TRUCK_02,GW_01,444,-86.1,2.7,True,28.37,DELIVERED,PARTIAL_OBSTRUCTION,False,False
445,1787941022.2084,1787941022.2346,TRUCK_01,GW_01,445,-85.1,2.1,True,26.26,DELIVERED,PARTIAL_OBSTRUCTION,False,False
446,1787941022.2638,1787941022.2885,TRUCK_02,GW_01,446,-78.9,1.1,True,24.71,DELIVERED,PARTIAL_OBSTRUCTION,False,False
447,1787941022.3165,,TRUCK_01,GW_01,447,-80.1,2.1,False,,PACKET_DROPPED,PARTIAL_OBSTRUCTION,True,True
448,1787941022.3633,1787941022.3907,TRUCK_02,GW_01,448,-86.2,1.4,True,27.48,DELIVERED,PARTIAL_OBSTRUCTION,False,False
449,1787941022.4226,1787941022.4489,TRUCK_01,GW_01,449,-82.3,2.2,True,26.28,DELIVERED,PARTIAL_OBSTRUCTION,False,False
450,1787941022.4784,1787941022.5085,TRUCK_02,GW_01,450,-87.4,1.9,True,30.15,DELIVERED,PARTIAL_OBSTRUCTION,False,False
451,1787941022.5219,,TRUCK_01,GW_01,451,-104.9,-1.3,False,,PACKET_DROPPED,BENCH_SHADOW,True,True
452,1787941022.5658,1787941022.5944,TRUCK_02,GW_01,452,-100.7,-3.9,True,28.62,DELIVERED,BENCH_SHADOW,False,False
453,1787941022.6162,1787941022.6488,TRUCK_01,GW_01,453,-103.2,-3.9,True,32.62,DELIVERED,BENCH_SHADOW,False,False
454,1787941022.6577,1787941022.6873,TRUCK_02,GW_01,454,-103.6,-4.6,True,29.65,DELIVERED,BENCH_SHADOW,False,False
455,1787941022.7122,,TRUCK_01,GW_01,455,-102.8,-2.0,False,,PACKET_DROPPED,BENCH_SHADOW,True,True
456,1787941022.7555,,TRUCK_02,GW_01,456,-108.8,-5.1,False,,PACKET_DROPPED,BENCH_SHADOW,True,True
457,1787941022.7973,,TRUCK_01,GW_01,457,-103.7,-5.4,False,,PACKET_DROPPED,BENCH_SHADOW,True,True
458,1787941022.8433,1787941022.8735,TRUCK_02,GW_01,458,-102.2,-6.4,True,30.19,DELIVERED,BENCH_SHADOW,False,False
459,1787941022.8952,1787941022.9273,TRUCK_01,GW_01,459,-111.9,-6.6,True,32.08,DELIVERED,BENCH_SHADOW,False,False
460,1787941022.9552,,TRUCK_02,GW_01,460,-101.6,-6.3,False,,PACKET_DROPPED,BENCH_SHADOW,True,True
461,1787941023.0055,,TRUCK_01,GW_01,461,-103.6,-5.0,False,,PACKET_DROPPED,BENCH_SHADOW,True,True
462,1787941023.0509,,TRUCK_02,GW_01,462,-98.4,-2.9,False,,PACKET_DROPPED,BENCH_SHADOW,True,True
463,1787941023.1083,,TRUCK_01,GW_01,463,-106.3,-3.5,False,,PACKET_DROPPED,BENCH_SHADOW,True,True
464,1787941023.1608,,TRUCK_02,GW_01,464,-109.7,-4.8,False,,PACKET_DROPPED,BENCH_SHADOW,True,True
465,1787941023.2169,1787941023.2516,TRUCK_01,GW_01,465,-110.3,-3.7,True,34.68,DELIVERED,BENCH_SHADOW,False,False
466,1787941023.2705,,TRUCK_02,GW_01,466,-102.2,-5.9,False,,PACKET_DROPPED,BENCH_SHADOW,True,True
467,1787941023.3143,1787941023.3525,TRUCK_01,GW_01,467,-103.9,-5.4,True,38.13,DELIVERED,BENCH_SHADOW,False,False
468,1787941023.3561,1787941023.3836,TRUCK_02,GW_01,468,-106.7,-2.7,True,27.43,DELIVERED,BENCH_SHADOW,False,False
469,1787941023.4021,1787941023.4355,TRUCK_01,GW_01,469,-110.2,-3.8,True,33.34,DELIVERED,BENCH_SHADOW,False,False
470,1787941023.4468,,TRUCK_02,GW_01,470,-101.6,-3.6,False,,PACKET_DROPPED,BENCH_SHADOW,True,True
471,1787941023.4948,1787941023.5241,TRUCK_01,GW_01,471,-103.5,-4.8,True,29.37,DELIVERED,BENCH_SHADOW,False,False
472,1787941023.5511,1787941023.5863,TRUCK_02,GW_01,472,-106.6,-6.0,True,35.21,DELIVERED,BENCH_SHADOW,False,False
473,1787941023.6066,1787941023.6427,TRUCK_01,GW_01,473,-105.3,-4.1,True,36.07,DELIVERED,BENCH_SHADOW,False,False
474,1787941023.6641,,TRUCK_02,GW_01,474,-106.9,-4.2,False,,PACKET_DROPPED,BENCH_SHADOW,True,True
475,1787941023.7209,1787941023.7559,TRUCK_01,GW_01,475,-112.9,-6.6,True,34.97,DELIVERED,BENCH_SHADOW,False,False
476,1787941023.77,,TRUCK_02,GW_01,476,-99.2,-2.7,False,,PACKET_DROPPED,BENCH_SHADOW,True,True
477,1787941023.8134,1787941023.8427,TRUCK_01,GW_01,477,-105.1,-6.2,True,29.28,DELIVERED,BENCH_SHADOW,False,False
478,1787941023.8681,1787941023.8977,TRUCK_02,GW_01,478,-97.2,-5.0,True,29.51,DELIVERED,BENCH_SHADOW,False,False
479,1787941023.9161,1787941023.9456,TRUCK_01,GW_01,479,-103.5,-2.6,True,29.53,DELIVERED,BENCH_SHADOW,False,False
480,1787941023.9629,,TRUCK_02,GW_01,480,-106.7,-5.7,False,,PACKET_DROPPED,BENCH_SHADOW,True,True
481,1787941024.0172,1787941024.0492,TRUCK_01,GW_01,481,-104.4,-4.4,True,32.0,DELIVERED,BENCH_SHADOW,False,False
482,1787941024.0677,1787941024.0966,TRUCK_02,GW_01,482,-109.5,-4.9,True,28.87,DELIVERED,BENCH_SHADOW,False,False
483,1787941024.1243,1787941024.1586,TRUCK_01,GW_01,483,-111.8,-3.0,True,34.38,DELIVERED,BENCH_SHADOW,False,False
484,1787941024.1673,1787941024.2012,TRUCK_02,GW_01,484,-100.5,-4.6,True,33.85,DELIVERED,BENCH_SHADOW,False,False
485,1787941024.2265,1787941024.2631,TRUCK_01,GW_01,485,-105.4,-5.0,True,36.6,DELIVERED,BENCH_SHADOW,False,False
486,1787941024.27,1787941024.3024,TRUCK_02,GW_01,486,-96.5,-0.8,True,32.36,DELIVERED,BENCH_SHADOW,False,False
487,1787941024.3108,1787941024.3506,TRUCK_01,GW_01,487,-106.6,-7.3,True,39.76,DELIVERED,BENCH_SHADOW,False,False
488,1787941024.366,1787941024.3994,TRUCK_02,GW_01,488,-104.4,-4.4,True,33.41,DELIVERED,BENCH_SHADOW,False,False
489,1787941024.414,1787941024.4449,TRUCK_01,GW_01,489,-104.5,-1.1,True,30.85,DELIVERED,BENCH_SHADOW,False,False
490,1787941024.4586,1787941024.4943,TRUCK_02,GW_01,490,-108.9,-4.9,True,35.72,DELIVERED,BENCH_SHADOW,False,False
491,1787941024.5185,1787941024.5467,TRUCK_01,GW_01,491,-111.5,-3.7,True,28.25,DELIVERED,BENCH_SHADOW,False,False
492,1787941024.5637,1787941024.5926,TRUCK_02,GW_01,492,-103.1,-5.1,True,28.95,DELIVERED,BENCH_SHADOW,False,False
493,1787941024.6166,,TRUCK_01,GW_01,493,-102.3,-4.6,False,,PACKET_DROPPED,BENCH_SHADOW,True,True
494,1787941024.6665,1787941024.698,TRUCK_02,GW_01,494,-109.0,-7.4,True,31.53,DELIVERED,BENCH_SHADOW,False,False
495,1787941024.7098,1787941024.7384,TRUCK_01,GW_01,495,-100.3,-4.9,True,28.63,DELIVERED,BENCH_SHADOW,False,False
496,1787941024.7694,1787941024.8006,TRUCK_02,GW_01,496,-100.3,-5.5,True,31.19,DELIVERED,BENCH_SHADOW,False,False
497,1787941024.8282,1787941024.8563,TRUCK_01,GW_01,497,-104.9,-5.2,True,28.12,DELIVERED,BENCH_SHADOW,False,False
498,1787941024.871,,TRUCK_02,GW_01,498,-107.2,-8.2,False,,PACKET_DROPPED,BENCH_SHADOW,True,True
499,1787941024.9182,,TRUCK_01,GW_01,499,-104.5,-8.2,False,,PACKET_DROPPED,BENCH_SHADOW,True,True
500,1787941024.9773,,TRUCK_02,GW_01,500,-108.6,-6.4,False,,PACKET_DROPPED,BENCH_SHADOW,True,True
501,1787941025.0276,1787941025.057,TRUCK_01,GW_01,501,-103.1,-3.3,True,29.43,DELIVERED,BENCH_SHADOW,False,False
502,1787941025.0823,1787941025.1181,TRUCK_02,GW_01,502,-101.0,-3.7,True,35.8,DELIVERED,BENCH_SHADOW,False,False
503,1787941025.1322,1787941025.1649,TRUCK_01,GW_01,503,-93.5,-2.8,True,32.76,DELIVERED,BENCH_SHADOW,False,False
504,1787941025.1855,1787941025.2143,TRUCK_02,GW_01,504,-107.2,-4.1,True,28.89,DELIVERED,BENCH_SHADOW,False,False
505,1787941025.2282,,TRUCK_01,GW_01,505,-101.9,-5.5,False,,PACKET_DROPPED,BENCH_SHADOW,True,True
506,1787941025.274,,TRUCK_02,GW_01,506,-108.2,-7.2,False,,PACKET_DROPPED,BENCH_SHADOW,True,True
507,1787941025.3245,1787941025.3581,TRUCK_01,GW_01,507,-113.4,-9.6,True,33.67,DELIVERED,BENCH_SHADOW,False,False
508,1787941025.3744,1787941025.4025,TRUCK_02,GW_01,508,-99.1,-4.4,True,28.14,DELIVERED,BENCH_SHADOW,False,False
509,1787941025.4248,1787941025.4578,TRUCK_01,GW_01,509,-107.6,-4.5,True,33.06,DELIVERED,BENCH_SHADOW,False,False
510,1787941025.4782,1787941025.5127,TRUCK_02,GW_01,510,-110.8,-2.2,True,34.53,DELIVERED,BENCH_SHADOW,False,False
511,1787941025.5233,,TRUCK_01,GW_01,511,-105.3,-6.6,False,,PACKET_DROPPED,BENCH_SHADOW,True,True
512,1787941025.575,1787941025.6053,TRUCK_02,GW_01,512,-96.8,-5.5,True,30.29,DELIVERED,BENCH_SHADOW,False,False
513,1787941025.6203,1787941025.654,TRUCK_01,GW_01,513,-98.1,-6.0,True,33.69,DELIVERED,BENCH_SHADOW,False,False
514,1787941025.6672,1787941025.6978,TRUCK_02,GW_01,514,-106.8,-5.0,True,30.54,DELIVERED,BENCH_SHADOW,False,False
515,1787941025.7073,1787941025.7351,TRUCK_01,GW_01,515,-95.3,-6.7,True,27.82,DELIVERED,BENCH_SHADOW,False,False
516,1787941025.7618,,TRUCK_02,GW_01,516,-105.5,-4.1,False,,PACKET_DROPPED,BENCH_SHADOW,True,True
517,1787941025.807,1787941025.8427,TRUCK_01,GW_01,517,-106.0,-6.2,True,35.71,DELIVERED,BENCH_SHADOW,False,False
518,1787941025.8535,,TRUCK_02,GW_01,518,-100.7,-3.4,False,,PACKET_DROPPED,BENCH_SHADOW,True,True
519,1787941025.9076,1787941025.9461,TRUCK_01,GW_01,519,-100.3,-3.3,True,38.53,DELIVERED,BENCH_SHADOW,False,False
520,1787941025.9542,1787941025.9874,TRUCK_02,GW_01,520,-104.5,-4.3,True,33.17,DELIVERED,BENCH_SHADOW,False,False
521,1787941026.0113,,TRUCK_01,GW_01,521,-101.9,-5.2,False,,PACKET_DROPPED,BENCH_SHADOW,True,True
522,1787941026.0698,1787941026.0981,TRUCK_02,GW_01,522,-112.9,-5.2,True,28.31,DELIVERED,BENCH_SHADOW,False,False
523,1787941026.1226,1787941026.1541,TRUCK_01,GW_01,523,-104.6,-4.8,True,31.55,DELIVERED,BENCH_SHADOW,False,False
524,1787941026.1825,,TRUCK_02,GW_01,524,-105.8,-5.0,False,,PACKET_DROPPED,BENCH_SHADOW,True,True
525,1787941026.232,1787941026.2608,TRUCK_01,GW_01,525,-105.1,-5.2,True,28.73,DELIVERED,BENCH_SHADOW,False,False
526,1787941026.2873,,TRUCK_02,GW_01,526,-100.4,-4.5,False,,PACKET_DROPPED,BENCH_SHADOW,True,True
527,1787941026.3342,,TRUCK_01,GW_01,527,-103.3,-4.5,False,,PACKET_DROPPED,BENCH_SHADOW,True,True
528,1787941026.3831,,TRUCK_02,GW_01,528,-102.2,-3.9,False,,PACKET_DROPPED,BENCH_SHADOW,True,True
529,1787941026.441,1787941026.4757,TRUCK_01,GW_01,529,-103.9,-5.2,True,34.74,DELIVERED,BENCH_SHADOW,False,False
530,1787941026.4911,1787941026.5209,TRUCK_02,GW_01,530,-106.8,-3.3,True,29.81,DELIVERED,BENCH_SHADOW,False,False
531,1787941026.5501,1787941026.5888,TRUCK_01,GW_01,531,-105.2,-5.7,True,38.68,DELIVERED,BENCH_SHADOW,False,False
532,1787941026.5947,1787941026.6251,TRUCK_02,GW_01,532,-103.1,-5.1,True,30.42,DELIVERED,BENCH_SHADOW,False,False
533,1787941026.6536,1787941026.6887,TRUCK_01,GW_01,533,-106.4,-5.8,True,35.07,DELIVERED,BENCH_SHADOW,False,False
534,1787941026.7047,1787941026.7352,TRUCK_02,GW_01,534,-106.1,-5.1,True,30.49,DELIVERED,BENCH_SHADOW,False,False
535,1787941026.7557,1787941026.7875,TRUCK_01,GW_01,535,-113.1,-4.1,True,31.84,DELIVERED,BENCH_SHADOW,False,False
536,1787941026.8109,1787941026.8466,TRUCK_02,GW_01,536,-105.0,-5.7,True,35.64,DELIVERED,BENCH_SHADOW,False,False
537,1787941026.8657,,TRUCK_01,GW_01,537,-103.4,-3.5,False,,PACKET_DROPPED,BENCH_SHADOW,True,True
538,1787941026.9212,1787941026.9526,TRUCK_02,GW_01,538,-103.1,-6.7,True,31.36,DELIVERED,BENCH_SHADOW,False,False
539,1787941026.9704,1787941027.0067,TRUCK_01,GW_01,539,-101.4,-6.5,True,36.26,DELIVERED,BENCH_SHADOW,False,False
540,1787941027.0163,1787941027.0528,TRUCK_02,GW_01,540,-98.5,-4.8,True,36.57,DELIVERED,BENCH_SHADOW,False,False
541,1787941027.0573,1787941027.0914,TRUCK_01,GW_01,541,-105.8,-2.6,True,34.08,DELIVERED,BENCH_SHADOW,False,False
542,1787941027.1007,,TRUCK_02,GW_01,542,-104.8,-4.4,False,,PACKET_DROPPED,BENCH_SHADOW,True,True
543,1787941027.155,1787941027.1897,TRUCK_01,GW_01,543,-92.2,-3.5,True,34.77,DELIVERED,BENCH_SHADOW,False,False
544,1787941027.1961,,TRUCK_02,GW_01,544,-105.9,-5.1,False,,PACKET_DROPPED,BENCH_SHADOW,True,True
545,1787941027.2561,1787941027.2889,TRUCK_01,GW_01,545,-105.4,-7.0,True,32.86,DELIVERED,BENCH_SHADOW,False,False
546,1787941027.2973,1787941027.3295,TRUCK_02,GW_01,546,-106.1,-6.1,True,32.26,DELIVERED,BENCH_SHADOW,False,False
547,1787941027.3536,1787941027.3843,TRUCK_01,GW_01,547,-102.6,-7.6,True,30.67,DELIVERED,BENCH_SHADOW,False,False
548,1787941027.3967,,TRUCK_02,GW_01,548,-101.6,-7.8,False,,PACKET_DROPPED,BENCH_SHADOW,True,True
549,1787941027.4373,1787941027.4684,TRUCK_01,GW_01,549,-95.9,-6.3,True,31.11,DELIVERED,BENCH_SHADOW,False,False
550,1787941027.4891,1787941027.5207,TRUCK_02,GW_01,550,-99.9,-3.7,True,31.61,DELIVERED,BENCH_SHADOW,False,False
551,1787941027.5308,,TRUCK_01,GW_01,551,-99.5,-4.6,False,,PACKET_DROPPED,BENCH_SHADOW,True,True
552,1787941027.5883,1787941027.617,TRUCK_02,GW_01,552,-111.1,-5.7,True,28.64,DELIVERED,BENCH_SHADOW,False,False
553,1787941027.6477,,TRUCK_01,GW_01,553,-102.8,-3.6,False,,PACKET_DROPPED,BENCH_SHADOW,True,True
554,1787941027.7059,1787941027.7423,TRUCK_02,GW_01,554,-106.3,-6.0,True,36.43,DELIVERED,BENCH_SHADOW,False,False
555,1787941027.7534,1787941027.7869,TRUCK_01,GW_01,555,-110.0,-4.3,True,33.45,DELIVERED,BENCH_SHADOW,False,False
556,1787941027.8041,1787941027.8389,TRUCK_02,GW_01,556,-107.3,-3.9,True,34.85,DELIVERED,BENCH_SHADOW,False,False
557,1787941027.8536,1787941027.8854,TRUCK_01,GW_01,557,-103.1,-6.8,True,31.78,DELIVERED,BENCH_SHADOW,False,False
558,1787941027.9133,1787941027.9453,TRUCK_02,GW_01,558,-96.0,-4.6,True,32.05,DELIVERED,BENCH_SHADOW,False,False
559,1787941027.9623,,TRUCK_01,GW_01,559,-99.1,-4.4,False,,PACKET_DROPPED,BENCH_SHADOW,True,True
560,1787941028.0161,1787941028.0484,TRUCK_02,GW_01,560,-98.5,-4.8,True,32.33,DELIVERED,BENCH_SHADOW,False,False
561,1787941028.0692,1787941028.101,TRUCK_01,GW_01,561,-109.4,-4.2,True,31.83,DELIVERED,BENCH_SHADOW,False,False
562,1787941028.1261,1787941028.1576,TRUCK_02,GW_01,562,-110.1,-4.1,True,31.59,DELIVERED,BENCH_SHADOW,False,False
563,1787941028.1813,,TRUCK_01,GW_01,563,-108.6,-3.9,False,,PACKET_DROPPED,BENCH_SHADOW,True,True
564,1787941028.2305,1787941028.2595,TRUCK_02,GW_01,564,-109.5,-3.5,True,29.08,DELIVERED,BENCH_SHADOW,False,False
565,1787941028.2847,,TRUCK_01,GW_01,565,-102.1,-4.8,False,,PACKET_DROPPED,BENCH_SHADOW,True,True
566,1787941028.3442,,TRUCK_02,GW_01,566,-107.8,-6.3,False,,PACKET_DROPPED,BENCH_SHADOW,True,True
567,1787941028.3898,1787941028.4216,TRUCK_01,GW_01,567,-100.7,-3.6,True,31.78,DELIVERED,BENCH_SHADOW,False,False
568,1787941028.4392,,TRUCK_02,GW_01,568,-101.4,-4.8,False,,PACKET_DROPPED,BENCH_SHADOW,True,True
569,1787941028.4803,1787941028.5131,TRUCK_01,GW_01,569,-99.0,-3.2,True,32.82,DELIVERED,BENCH_SHADOW,False,False
570,1787941028.5369,,TRUCK_02,GW_01,570,-104.0,-4.9,False,,PACKET_DROPPED,BENCH_SHADOW,True,True
571,1787941028.5879,1787941028.6164,TRUCK_01,GW_01,571,-101.8,-1.4,True,28.47,DELIVERED,BENCH_SHADOW,False,False
572,1787941028.6406,1787941028.6735,TRUCK_02,GW_01,572,-111.6,-4.7,True,32.88,DELIVERED,BENCH_SHADOW,False,False
573,1787941028.6931,1787941028.7265,TRUCK_01,GW_01,573,-105.9,-7.3,True,33.42,DELIVERED,BENCH_SHADOW,False,False
574,1787941028.7368,1787941028.7718,TRUCK_02,GW_01,574,-102.6,-5.3,True,35.0,DELIVERED,BENCH_SHADOW,False,False
575,1787941028.7906,1787941028.8275,TRUCK_01,GW_01,575,-102.6,-1.9,True,36.83,DELIVERED,BENCH_SHADOW,False,False
576,1787941028.8448,,TRUCK_02,GW_01,576,-108.6,-3.9,False,,PACKET_DROPPED,BENCH_SHADOW,True,True
577,1787941028.8938,1787941028.9263,TRUCK_01,GW_01,577,-105.6,-2.6,True,32.51,DELIVERED,BENCH_SHADOW,False,False
578,1787941028.9434,1787941028.9755,TRUCK_02,GW_01,578,-105.7,-3.8,True,32.13,DELIVERED,BENCH_SHADOW,False,False
579,1787941028.9849,1787941029.0164,TRUCK_01,GW_01,579,-108.9,-6.5,True,31.45,DELIVERED,BENCH_SHADOW,False,False
580,1787941029.0283,,TRUCK_02,GW_01,580,-103.6,-3.2,False,,PACKET_DROPPED,BENCH_SHADOW,True,True
581,1787941029.0806,1787941029.1116,TRUCK_01,GW_01,581,-105.6,-4.5,True,30.91,DELIVERED,BENCH_SHADOW,False,False
582,1787941029.1353,1787941029.1653,TRUCK_02,GW_01,582,-110.2,-4.8,True,30.01,DELIVERED,BENCH_SHADOW,False,False
583,1787941029.194,1787941029.2273,TRUCK_01,GW_01,583,-106.8,-3.1,True,33.23,DELIVERED,BENCH_SHADOW,False,False
584,1787941029.241,,TRUCK_02,GW_01,584,-104.0,-4.8,False,,PACKET_DROPPED,BENCH_SHADOW,True,True
585,1787941029.2812,1787941029.3151,TRUCK_01,GW_01,585,-103.0,-3.9,True,33.86,DELIVERED,BENCH_SHADOW,False,False
586,1787941029.3351,1787941029.3646,TRUCK_02,GW_01,586,-104.5,-3.5,True,29.49,DELIVERED,BENCH_SHADOW,False,False
587,1787941029.3802,1787941029.4143,TRUCK_01,GW_01,587,-107.5,-4.1,True,34.11,DELIVERED,BENCH_SHADOW,False,False
588,1787941029.4279,1787941029.4624,TRUCK_02,GW_01,588,-103.8,-3.9,True,34.42,DELIVERED,BENCH_SHADOW,False,False
589,1787941029.4765,1787941029.5069,TRUCK_01,GW_01,589,-109.0,-5.0,True,30.44,DELIVERED,BENCH_SHADOW,False,False
590,1787941029.5215,,TRUCK_02,GW_01,590,-104.9,-3.7,False,,PACKET_DROPPED,BENCH_SHADOW,True,True
591,1787941029.5706,1787941029.6016,TRUCK_01,GW_01,591,-101.8,-5.7,True,31.09,DELIVERED,BENCH_SHADOW,False,False
592,1787941029.6288,1787941029.6616,TRUCK_02,GW_01,592,-99.0,-3.6,True,32.73,DELIVERED,BENCH_SHADOW,False,False
593,1787941029.6814,1787941029.7145,TRUCK_01,GW_01,593,-105.6,-2.8,True,33.02,DELIVERED,BENCH_SHADOW,False,False
594,1787941029.7246,1787941029.7609,TRUCK_02,GW_01,594,-105.7,-3.2,True,36.3,DELIVERED,BENCH_SHADOW,False,False
595,1787941029.7684,1787941029.804,TRUCK_01,GW_01,595,-99.0,-5.0,True,35.62,DELIVERED,BENCH_SHADOW,False,False
596,1787941029.8125,,TRUCK_02,GW_01,596,-109.9,-6.7,False,,PACKET_DROPPED,BENCH_SHADOW,True,True
597,1787941029.8681,1787941029.9063,TRUCK_01,GW_01,597,-99.1,-2.5,True,38.14,DELIVERED,BENCH_SHADOW,False,False
598,1787941029.9199,1787941029.9526,TRUCK_02,GW_01,598,-112.0,-5.3,True,32.65,DELIVERED,BENCH_SHADOW,False,False
599,1787941029.968,,TRUCK_01,GW_01,599,-99.6,-3.1,False,,PACKET_DROPPED,BENCH_SHADOW,True,True
600,1787941030.0082,1787941030.0416,TRUCK_02,GW_01,600,-110.0,-5.2,True,33.36,DELIVERED,BENCH_SHADOW,False,False
601,1787941030.0595,1787941030.0852,TRUCK_01,GW_01,601,-99.2,-6.4,True,25.69,DELIVERED,BENCH_SHADOW,False,False
602,1787941030.1055,1787941030.1353,TRUCK_02,GW_01,602,-102.5,-5.9,True,29.74,DELIVERED,BENCH_SHADOW,False,False
603,1787941030.1593,1787941030.1957,TRUCK_01,GW_01,603,-113.2,-3.6,True,36.39,DELIVERED,BENCH_SHADOW,False,False
604,1787941030.204,1787941030.2327,TRUCK_02,GW_01,604,-105.5,-3.8,True,28.69,DELIVERED,BENCH_SHADOW,False,False
605,1787941030.2638,,TRUCK_01,GW_01,605,-98.8,-3.4,False,,PACKET_DROPPED,BENCH_SHADOW,True,True
606,1787941030.3078,1787941030.3406,TRUCK_02,GW_01,606,-101.0,-5.6,True,32.79,DELIVERED,BENCH_SHADOW,False,False
607,1787941030.3676,1787941030.398,TRUCK_01,GW_01,607,-105.9,-4.2,True,30.38,DELIVERED,BENCH_SHADOW,False,False
608,1787941030.4093,,TRUCK_02,GW_01,608,-113.1,-4.8,False,,PACKET_DROPPED,BENCH_SHADOW,True,True
609,1787941030.4613,1787941030.4917,TRUCK_01,GW_01,609,-107.8,-6.3,True,30.45,DELIVERED,BENCH_SHADOW,False,False
610,1787941030.5134,1787941030.5442,TRUCK_02,GW_01,610,-102.3,-5.8,True,30.77,DELIVERED,BENCH_SHADOW,False,False
611,1787941030.5695,1787941030.6003,TRUCK_01,GW_01,611,-98.2,-5.4,True,30.73,DELIVERED,BENCH_SHADOW,False,False
612,1787941030.6284,1787941030.6663,TRUCK_02,GW_01,612,-109.9,-6.5,True,37.9,DELIVERED,BENCH_SHADOW,False,False
613,1787941030.6847,1787941030.724,TRUCK_01,GW_01,613,-105.1,-9.4,True,39.25,DELIVERED,BENCH_SHADOW,False,False
614,1787941030.7432,1787941030.7728,TRUCK_02,GW_01,614,-111.8,-5.0,True,29.63,DELIVERED,BENCH_SHADOW,False,False
615,1787941030.7835,,TRUCK_01,GW_01,615,-102.2,-6.0,False,,PACKET_DROPPED,BENCH_SHADOW,True,True
616,1787941030.832,,TRUCK_02,GW_01,616,-101.4,-5.3,False,,PACKET_DROPPED,BENCH_SHADOW,True,True
617,1787941030.8873,,TRUCK_01,GW_01,617,-107.0,-7.4,False,,PACKET_DROPPED,BENCH_SHADOW,True,True
618,1787941030.9355,1787941030.9644,TRUCK_02,GW_01,618,-106.8,-3.9,True,28.9,DELIVERED,BENCH_SHADOW,False,False
619,1787941030.9844,1787941031.0144,TRUCK_01,GW_01,619,-100.9,-3.1,True,30.02,DELIVERED,BENCH_SHADOW,False,False
620,1787941031.0352,1787941031.0641,TRUCK_02,GW_01,620,-108.3,-2.5,True,28.92,DELIVERED,BENCH_SHADOW,False,False
621,1787941031.0812,1787941031.1088,TRUCK_01,GW_01,621,-114.0,-3.7,True,27.62,DELIVERED,BENCH_SHADOW,False,False
622,1787941031.1369,1787941031.1719,TRUCK_02,GW_01,622,-107.8,-3.6,True,34.92,DELIVERED,BENCH_SHADOW,False,False
623,1787941031.1942,1787941031.2294,TRUCK_01,GW_01,623,-107.9,-4.9,True,35.14,DELIVERED,BENCH_SHADOW,False,False
624,1787941031.2472,1787941031.2767,TRUCK_02,GW_01,624,-101.5,-3.0,True,29.5,DELIVERED,BENCH_SHADOW,False,False
625,1787941031.2946,,TRUCK_01,GW_01,625,-104.6,-5.4,False,,PACKET_DROPPED,BENCH_SHADOW,True,True
626,1787941031.352,1787941031.3892,TRUCK_02,GW_01,626,-102.0,-8.9,True,37.16,DELIVERED,BENCH_SHADOW,False,False
627,1787941031.3989,1787941031.4326,TRUCK_01,GW_01,627,-102.5,-3.6,True,33.7,DELIVERED,BENCH_SHADOW,False,False
628,1787941031.4439,,TRUCK_02,GW_01,628,-97.2,-4.6,False,,PACKET_DROPPED,BENCH_SHADOW,True,True
629,1787941031.4981,1787941031.5279,TRUCK_01,GW_01,629,-109.3,-4.2,True,29.88,DELIVERED,BENCH_SHADOW,False,False
630,1787941031.5448,,TRUCK_02,GW_01,630,-104.4,-3.3,False,,PACKET_DROPPED,BENCH_SHADOW,True,True
631,1787941031.5857,1787941031.6203,TRUCK_01,GW_01,631,-107.2,-4.9,True,34.63,DELIVERED,BENCH_SHADOW,False,False
632,1787941031.6427,1787941031.671,TRUCK_02,GW_01,632,-100.8,-8.5,True,28.27,DELIVERED,BENCH_SHADOW,False,False
633,1787941031.689,1787941031.7226,TRUCK_01,GW_01,633,-105.0,-2.3,True,33.57,DELIVERED,BENCH_SHADOW,False,False
634,1787941031.739,1787941031.7746,TRUCK_02,GW_01,634,-104.0,-4.4,True,35.62,DELIVERED,BENCH_SHADOW,False,False
635,1787941031.7986,1787941031.8311,TRUCK_01,GW_01,635,-110.4,-5.0,True,32.49,DELIVERED,BENCH_SHADOW,False,False
636,1787941031.8393,1787941031.8696,TRUCK_02,GW_01,636,-103.0,-4.5,True,30.3,DELIVERED,BENCH_SHADOW,False,False
637,1787941031.8915,1787941031.9295,TRUCK_01,GW_01,637,-104.1,-4.2,True,38.02,DELIVERED,BENCH_SHADOW,False,False
638,1787941031.9499,1787941031.9787,TRUCK_02,GW_01,638,-104.2,-4.1,True,28.79,DELIVERED,BENCH_SHADOW,False,False
639,1787941032.0098,,TRUCK_01,GW_01,639,-102.0,-4.8,False,,PACKET_DROPPED,BENCH_SHADOW,True,True
640,1787941032.0614,1787941032.0904,TRUCK_02,GW_01,640,-105.7,-3.6,True,28.99,DELIVERED,BENCH_SHADOW,False,False
641,1787941032.1061,1787941032.1329,TRUCK_01,GW_01,641,-98.0,-5.8,True,26.82,DELIVERED,BENCH_SHADOW,False,False
642,1787941032.148,,TRUCK_02,GW_01,642,-107.1,-1.5,False,,PACKET_DROPPED,BENCH_SHADOW,True,True
643,1787941032.1976,1787941032.2295,TRUCK_01,GW_01,643,-108.7,-5.4,True,31.92,DELIVERED,BENCH_SHADOW,False,False
644,1787941032.2468,1787941032.28,TRUCK_02,GW_01,644,-110.2,-7.0,True,33.21,DELIVERED,BENCH_SHADOW,False,False
645,1787941032.2926,1787941032.3213,TRUCK_01,GW_01,645,-111.4,-4.7,True,28.65,DELIVERED,BENCH_SHADOW,False,False
646,1787941032.3342,,TRUCK_02,GW_01,646,-110.4,-5.0,False,,PACKET_DROPPED,BENCH_SHADOW,True,True
647,1787941032.3828,1787941032.4232,TRUCK_01,GW_01,647,-106.5,-0.3,True,40.32,DELIVERED,BENCH_SHADOW,False,False
648,1787941032.4282,1787941032.462,TRUCK_02,GW_01,648,-102.3,-5.4,True,33.77,DELIVERED,BENCH_SHADOW,False,False
649,1787941032.4835,1787941032.5171,TRUCK_01,GW_01,649,-110.9,-5.1,True,33.61,DELIVERED,BENCH_SHADOW,False,False
650,1787941032.5312,,TRUCK_02,GW_01,650,-108.1,-3.5,False,,PACKET_DROPPED,BENCH_SHADOW,True,True
651,1787941032.5779,,TRUCK_01,GW_01,651,-116.8,-6.1,False,,PACKET_DROPPED,ANTENNA_MISALIGNMENT,True,True
652,1787941032.6236,,TRUCK_02,GW_01,652,-117.9,-7.6,False,,PACKET_DROPPED,ANTENNA_MISALIGNMENT,True,True
653,1787941032.6673,,TRUCK_01,GW_01,653,-113.7,-9.9,False,,PACKET_DROPPED,ANTENNA_MISALIGNMENT,True,True
654,1787941032.7193,,TRUCK_02,GW_01,654,-113.3,-7.7,False,,PACKET_DROPPED,ANTENNA_MISALIGNMENT,True,True
655,1787941032.7774,1787941032.8096,TRUCK_01,GW_01,655,-116.9,-8.5,True,32.13,DELIVERED,ANTENNA_MISALIGNMENT,False,False
656,1787941032.8349,,TRUCK_02,GW_01,656,-120.0,-10.0,False,,PACKET_DROPPED,ANTENNA_MISALIGNMENT,True,True
657,1787941032.8899,1787941032.9253,TRUCK_01,GW_01,657,-113.6,-9.1,True,35.4,DELIVERED,ANTENNA_MISALIGNMENT,False,False
658,1787941032.9465,1787941032.9911,TRUCK_02,GW_01,658,-120.6,-10.4,True,44.6,DELIVERED,ANTENNA_MISALIGNMENT,False,False
659,1787941033.0046,,TRUCK_01,GW_01,659,-112.5,-9.2,False,,PACKET_DROPPED,ANTENNA_MISALIGNMENT,True,True
660,1787941033.06,,TRUCK_02,GW_01,660,-114.4,-8.5,False,,PACKET_DROPPED,ANTENNA_MISALIGNMENT,True,True
661,1787941033.1135,,TRUCK_01,GW_01,661,-119.5,-8.7,False,,PACKET_DROPPED,ANTENNA_MISALIGNMENT,True,True
662,1787941033.1562,1787941033.1978,TRUCK_02,GW_01,662,-111.8,-8.0,True,41.61,DELIVERED,ANTENNA_MISALIGNMENT,False,False
663,1787941033.2102,1787941033.2565,TRUCK_01,GW_01,663,-118.0,-8.1,True,46.27,DELIVERED,ANTENNA_MISALIGNMENT,False,False
664,1787941033.2635,1787941033.2996,TRUCK_02,GW_01,664,-119.5,-11.1,True,36.07,DELIVERED,ANTENNA_MISALIGNMENT,False,False
665,1787941033.3172,1787941033.3532,TRUCK_01,GW_01,665,-115.3,-9.0,True,35.93,DELIVERED,ANTENNA_MISALIGNMENT,False,False
666,1787941033.3592,,TRUCK_02,GW_01,666,-121.3,-7.4,False,,PACKET_DROPPED,ANTENNA_MISALIGNMENT,True,True
667,1787941033.4124,,TRUCK_01,GW_01,667,-120.0,-9.6,False,,PACKET_DROPPED,ANTENNA_MISALIGNMENT,True,True
668,1787941033.4583,,TRUCK_02,GW_01,668,-114.2,-8.1,False,,PACKET_DROPPED,ANTENNA_MISALIGNMENT,True,True
669,1787941033.5035,1787941033.541,TRUCK_01,GW_01,669,-117.1,-10.4,True,37.47,DELIVERED,ANTENNA_MISALIGNMENT,False,False
670,1787941033.5503,1787941033.5858,TRUCK_02,GW_01,670,-104.9,-6.6,True,35.5,DELIVERED,ANTENNA_MISALIGNMENT,False,False
671,1787941033.6052,,TRUCK_01,GW_01,671,-115.5,-9.0,False,,PACKET_DROPPED,ANTENNA_MISALIGNMENT,True,True
672,1787941033.6626,,TRUCK_02,GW_01,672,-111.0,-6.4,False,,PACKET_DROPPED,ANTENNA_MISALIGNMENT,True,True
673,1787941033.7174,1787941033.7568,TRUCK_01,GW_01,673,-111.7,-9.5,True,39.37,DELIVERED,ANTENNA_MISALIGNMENT,False,False
674,1787941033.762,,TRUCK_02,GW_01,674,-110.6,-8.1,False,,PACKET_DROPPED,ANTENNA_MISALIGNMENT,True,True
675,1787941033.8165,,TRUCK_01,GW_01,675,-114.5,-6.7,False,,PACKET_DROPPED,ANTENNA_MISALIGNMENT,True,True
676,1787941033.8758,,TRUCK_02,GW_01,676,-116.6,-10.1,False,,PACKET_DROPPED,ANTENNA_MISALIGNMENT,True,True
677,1787941033.9188,,TRUCK_01,GW_01,677,-113.8,-8.4,False,,PACKET_DROPPED,ANTENNA_MISALIGNMENT,True,True
678,1787941033.9643,,TRUCK_02,GW_01,678,-112.4,-10.1,False,,PACKET_DROPPED,ANTENNA_MISALIGNMENT,True,True
679,1787941034.0138,1787941034.0558,TRUCK_01,GW_01,679,-113.5,-9.5,True,41.92,DELIVERED,ANTENNA_MISALIGNMENT,False,False
680,1787941034.0563,1787941034.0963,TRUCK_02,GW_01,680,-116.4,-7.4,True,39.97,DELIVERED,ANTENNA_MISALIGNMENT,False,False
681,1787941034.1032,,TRUCK_01,GW_01,681,-117.2,-8.4,False,,PACKET_DROPPED,ANTENNA_MISALIGNMENT,True,True
682,1787941034.1625,,TRUCK_02,GW_01,682,-113.7,-8.1,False,,PACKET_DROPPED,ANTENNA_MISALIGNMENT,True,True
683,1787941034.209,,TRUCK_01,GW_01,683,-115.7,-9.7,False,,PACKET_DROPPED,ANTENNA_MISALIGNMENT,True,True
684,1787941034.2655,1787941034.3053,TRUCK_02,GW_01,684,-113.9,-6.4,True,39.84,DELIVERED,ANTENNA_MISALIGNMENT,False,False
685,1787941034.3252,1787941034.3612,TRUCK_01,GW_01,685,-119.1,-7.9,True,36.02,DELIVERED,ANTENNA_MISALIGNMENT,False,False
686,1787941034.3774,,TRUCK_02,GW_01,686,-115.1,-12.5,False,,PACKET_DROPPED,ANTENNA_MISALIGNMENT,True,True
687,1787941034.4355,1787941034.4691,TRUCK_01,GW_01,687,-118.8,-8.4,True,33.64,DELIVERED,ANTENNA_MISALIGNMENT,False,False
688,1787941034.4836,1787941034.5223,TRUCK_02,GW_01,688,-112.9,-8.3,True,38.73,DELIVERED,ANTENNA_MISALIGNMENT,False,False
689,1787941034.5434,1787941034.5794,TRUCK_01,GW_01,689,-114.3,-4.7,True,35.99,DELIVERED,ANTENNA_MISALIGNMENT,False,False
690,1787941034.5971,1787941034.6401,TRUCK_02,GW_01,690,-113.4,-8.7,True,43.04,DELIVERED,ANTENNA_MISALIGNMENT,False,False
691,1787941034.638,,TRUCK_01,GW_01,691,-112.9,-9.5,False,,PACKET_DROPPED,ANTENNA_MISALIGNMENT,True,True
692,1787941034.6922,1787941034.719,TRUCK_02,GW_01,692,-115.5,-9.0,True,26.81,DELIVERED,ANTENNA_MISALIGNMENT,False,False
693,1787941034.7328,,TRUCK_01,GW_01,693,-110.3,-8.2,False,,PACKET_DROPPED,ANTENNA_MISALIGNMENT,True,True
694,1787941034.7778,1787941034.8224,TRUCK_02,GW_01,694,-116.7,-7.0,True,44.55,DELIVERED,ANTENNA_MISALIGNMENT,False,False
695,1787941034.8237,,TRUCK_01,GW_01,695,-114.9,-9.5,False,,PACKET_DROPPED,ANTENNA_MISALIGNMENT,True,True
696,1787941034.8671,1787941034.9065,TRUCK_02,GW_01,696,-117.2,-10.5,True,39.4,DELIVERED,ANTENNA_MISALIGNMENT,False,False
697,1787941034.9238,1787941034.968,TRUCK_01,GW_01,697,-121.0,-8.0,True,44.14,DELIVERED,ANTENNA_MISALIGNMENT,False,False
698,1787941034.9822,1787941035.0265,TRUCK_02,GW_01,698,-115.7,-12.4,True,44.25,DELIVERED,ANTENNA_MISALIGNMENT,False,False
699,1787941035.024,,TRUCK_01,GW_01,699,-117.5,-11.4,False,,PACKET_DROPPED,ANTENNA_MISALIGNMENT,True,True
700,1787941035.069,,TRUCK_02,GW_01,700,-112.7,-9.2,False,,PACKET_DROPPED,ANTENNA_MISALIGNMENT,True,True
701,1787941035.1275,1787941035.1619,TRUCK_01,GW_01,701,-115.2,-8.1,True,34.41,DELIVERED,ANTENNA_MISALIGNMENT,False,False
702,1787941035.1726,,TRUCK_02,GW_01,702,-120.7,-10.1,False,,PACKET_DROPPED,ANTENNA_MISALIGNMENT,True,True
703,1787941035.2128,,TRUCK_01,GW_01,703,-118.8,-9.0,False,,PACKET_DROPPED,ANTENNA_MISALIGNMENT,True,True
704,1787941035.2695,,TRUCK_02,GW_01,704,-115.7,-9.1,False,,PACKET_DROPPED,ANTENNA_MISALIGNMENT,True,True
705,1787941035.3144,,TRUCK_01,GW_01,705,-117.6,-11.0,False,,PACKET_DROPPED,ANTENNA_MISALIGNMENT,True,True
706,1787941035.3569,,TRUCK_02,GW_01,706,-112.3,-10.4,False,,PACKET_DROPPED,ANTENNA_MISALIGNMENT,True,True
707,1787941035.4018,,TRUCK_01,GW_01,707,-117.5,-8.7,False,,PACKET_DROPPED,ANTENNA_MISALIGNMENT,True,True
708,1787941035.4534,,TRUCK_02,GW_01,708,-110.3,-7.4,False,,PACKET_DROPPED,ANTENNA_MISALIGNMENT,True,True
709,1787941035.506,,TRUCK_01,GW_01,709,-114.8,-12.0,False,,PACKET_DROPPED,ANTENNA_MISALIGNMENT,True,True
710,1787941035.5504,1787941035.5932,TRUCK_02,GW_01,710,-117.4,-9.6,True,42.88,DELIVERED,ANTENNA_MISALIGNMENT,False,False
711,1787941035.5982,1787941035.6359,TRUCK_01,GW_01,711,-114.0,-10.1,True,37.76,DELIVERED,ANTENNA_MISALIGNMENT,False,False
712,1787941035.6439,,TRUCK_02,GW_01,712,-118.6,-6.9,False,,PACKET_DROPPED,ANTENNA_MISALIGNMENT,True,True
713,1787941035.6847,1787941035.7182,TRUCK_01,GW_01,713,-112.9,-8.0,True,33.41,DELIVERED,ANTENNA_MISALIGNMENT,False,False
714,1787941035.7283,,TRUCK_02,GW_01,714,-115.2,-9.6,False,,PACKET_DROPPED,ANTENNA_MISALIGNMENT,True,True
715,1787941035.774,,TRUCK_01,GW_01,715,-117.4,-10.2,False,,PACKET_DROPPED,ANTENNA_MISALIGNMENT,True,True
716,1787941035.8256,1787941035.8575,TRUCK_02,GW_01,716,-113.4,-3.7,True,31.89,DELIVERED,ANTENNA_MISALIGNMENT,False,False
717,1787941035.8788,,TRUCK_01,GW_01,717,-110.8,-12.3,False,,PACKET_DROPPED,ANTENNA_MISALIGNMENT,True,True
718,1787941035.9227,1787941035.9586,TRUCK_02,GW_01,718,-115.8,-10.2,True,35.96,DELIVERED,ANTENNA_MISALIGNMENT,False,False
719,1787941035.9728,1787941035.9955,TRUCK_01,GW_01,719,-118.1,-10.2,True,22.74,DELIVERED,ANTENNA_MISALIGNMENT,False,False
720,1787941036.0131,1787941036.0423,TRUCK_02,GW_01,720,-112.5,-8.6,True,29.27,DELIVERED,ANTENNA_MISALIGNMENT,False,False
721,1787941036.0691,,TRUCK_01,GW_01,721,-116.6,-9.5,False,,PACKET_DROPPED,ANTENNA_MISALIGNMENT,True,True
722,1787941036.1288,,TRUCK_02,GW_01,722,-113.1,-13.3,False,,PACKET_DROPPED,ANTENNA_MISALIGNMENT,True,True
723,1787941036.1745,1787941036.2126,TRUCK_01,GW_01,723,-115.7,-8.5,True,38.15,DELIVERED,ANTENNA_MISALIGNMENT,False,False
724,1787941036.2233,,TRUCK_02,GW_01,724,-116.2,-9.6,False,,PACKET_DROPPED,ANTENNA_MISALIGNMENT,True,True
725,1787941036.2791,,TRUCK_01,GW_01,725,-121.6,-10.0,False,,PACKET_DROPPED,ANTENNA_MISALIGNMENT,True,True
726,1787941036.3383,,TRUCK_02,GW_01,726,-113.0,-8.3,False,,PACKET_DROPPED,ANTENNA_MISALIGNMENT,True,True
727,1787941036.3793,,TRUCK_01,GW_01,727,-115.8,-11.5,False,,PACKET_DROPPED,ANTENNA_MISALIGNMENT,True,True
728,1787941036.4322,1787941036.461,TRUCK_02,GW_01,728,-117.3,-8.6,True,28.8,DELIVERED,ANTENNA_MISALIGNMENT,False,False
729,1787941036.4857,1787941036.5211,TRUCK_01,GW_01,729,-118.4,-10.6,True,35.37,DELIVERED,ANTENNA_MISALIGNMENT,False,False
730,1787941036.5319,,TRUCK_02,GW_01,730,-115.7,-8.8,False,,PACKET_DROPPED,ANTENNA_MISALIGNMENT,True,True
731,1787941036.5799,1787941036.6089,TRUCK_01,GW_01,731,-114.7,-11.4,True,28.93,DELIVERED,ANTENNA_MISALIGNMENT,False,False
732,1787941036.6248,1787941036.6621,TRUCK_02,GW_01,732,-110.2,-9.6,True,37.28,DELIVERED,ANTENNA_MISALIGNMENT,False,False
733,1787941036.6737,1787941036.7168,TRUCK_01,GW_01,733,-113.2,-10.0,True,43.12,DELIVERED,ANTENNA_MISALIGNMENT,False,False
734,1787941036.7198,1787941036.7605,TRUCK_02,GW_01,734,-108.8,-10.5,True,40.78,DELIVERED,ANTENNA_MISALIGNMENT,False,False
735,1787941036.7672,1787941036.7976,TRUCK_01,GW_01,735,-117.5,-12.2,True,30.42,DELIVERED,ANTENNA_MISALIGNMENT,False,False
736,1787941036.8104,,TRUCK_02,GW_01,736,-109.1,-10.3,False,,PACKET_DROPPED,ANTENNA_MISALIGNMENT,True,True
737,1787941036.8645,,TRUCK_01,GW_01,737,-112.3,-4.7,False,,PACKET_DROPPED,ANTENNA_MISALIGNMENT,True,True
738,1787941036.9136,,TRUCK_02,GW_01,738,-113.3,-8.9,False,,PACKET_DROPPED,ANTENNA_MISALIGNMENT,True,True
739,1787941036.9686,,TRUCK_01,GW_01,739,-111.3,-7.4,False,,PACKET_DROPPED,ANTENNA_MISALIGNMENT,True,True
740,1787941037.0173,,TRUCK_02,GW_01,740,-118.4,-12.8,False,,PACKET_DROPPED,ANTENNA_MISALIGNMENT,True,True
741,1787941037.0717,1787941037.1077,TRUCK_01,GW_01,741,-120.3,-7.5,True,35.96,DELIVERED,ANTENNA_MISALIGNMENT,False,False
742,1787941037.1225,1787941037.1542,TRUCK_02,GW_01,742,-113.2,-8.4,True,31.72,DELIVERED,ANTENNA_MISALIGNMENT,False,False
743,1787941037.1783,1787941037.2156,TRUCK_01,GW_01,743,-120.4,-10.1,True,37.34,DELIVERED,ANTENNA_MISALIGNMENT,False,False
744,1787941037.2336,1787941037.2711,TRUCK_02,GW_01,744,-117.5,-8.5,True,37.53,DELIVERED,ANTENNA_MISALIGNMENT,False,False
745,1787941037.2894,,TRUCK_01,GW_01,745,-117.9,-7.9,False,,PACKET_DROPPED,ANTENNA_MISALIGNMENT,True,True
746,1787941037.3386,,TRUCK_02,GW_01,746,-112.4,-10.6,False,,PACKET_DROPPED,ANTENNA_MISALIGNMENT,True,True
747,1787941037.3808,,TRUCK_01,GW_01,747,-112.2,-8.3,False,,PACKET_DROPPED,ANTENNA_MISALIGNMENT,True,True
748,1787941037.4382,1787941037.4838,TRUCK_02,GW_01,748,-114.8,-11.3,True,45.61,DELIVERED,ANTENNA_MISALIGNMENT,False,False
749,1787941037.4828,,TRUCK_01,GW_01,749,-114.8,-8.0,False,,PACKET_DROPPED,ANTENNA_MISALIGNMENT,True,True
750,1787941037.5248,1787941037.5648,TRUCK_02,GW_01,750,-116.9,-8.8,True,40.02,DELIVERED,ANTENNA_MISALIGNMENT,False,False
751,1787941037.5695,,TRUCK_01,GW_01,751,-115.2,-11.0,False,,PACKET_DROPPED,ANTENNA_MISALIGNMENT,True,True
752,1787941037.6143,,TRUCK_02,GW_01,752,-111.4,-11.3,False,,PACKET_DROPPED,ANTENNA_MISALIGNMENT,True,True
753,1787941037.6596,,TRUCK_01,GW_01,753,-113.3,-7.2,False,,PACKET_DROPPED,ANTENNA_MISALIGNMENT,True,True
754,1787941037.6996,1787941037.7371,TRUCK_02,GW_01,754,-117.7,-8.4,True,37.51,DELIVERED,ANTENNA_MISALIGNMENT,False,False
755,1787941037.7437,1787941037.7792,TRUCK_01,GW_01,755,-114.1,-6.6,True,35.53,DELIVERED,ANTENNA_MISALIGNMENT,False,False
756,1787941037.7917,1787941037.8277,TRUCK_02,GW_01,756,-108.9,-8.2,True,35.98,DELIVERED,ANTENNA_MISALIGNMENT,False,False
757,1787941037.8333,,TRUCK_01,GW_01,757,-112.5,-6.9,False,,PACKET_DROPPED,ANTENNA_MISALIGNMENT,True,True
758,1787941037.8769,1787941037.9125,TRUCK_02,GW_01,758,-116.7,-6.7,True,35.54,DELIVERED,ANTENNA_MISALIGNMENT,False,False
759,1787941037.9244,,TRUCK_01,GW_01,759,-114.2,-11.3,False,,PACKET_DROPPED,ANTENNA_MISALIGNMENT,True,True
760,1787941037.9816,,TRUCK_02,GW_01,760,-112.4,-12.6,False,,PACKET_DROPPED,ANTENNA_MISALIGNMENT,True,True
761,1787941038.0339,1787941038.0769,TRUCK_01,GW_01,761,-115.6,-8.5,True,43.09,DELIVERED,ANTENNA_MISALIGNMENT,False,False
762,1787941038.0836,1787941038.123,TRUCK_02,GW_01,762,-113.1,-11.0,True,39.36,DELIVERED,ANTENNA_MISALIGNMENT,False,False
763,1787941038.1288,1787941038.1625,TRUCK_01,GW_01,763,-117.7,-5.6,True,33.74,DELIVERED,ANTENNA_MISALIGNMENT,False,False
764,1787941038.1773,1787941038.2054,TRUCK_02,GW_01,764,-115.4,-7.7,True,28.07,DELIVERED,ANTENNA_MISALIGNMENT,False,False
765,1787941038.2283,,TRUCK_01,GW_01,765,-109.8,-9.0,False,,PACKET_DROPPED,ANTENNA_MISALIGNMENT,True,True
766,1787941038.2798,1787941038.3223,TRUCK_02,GW_01,766,-113.9,-7.8,True,42.44,DELIVERED,ANTENNA_MISALIGNMENT,False,False
767,1787941038.3328,1787941038.3676,TRUCK_01,GW_01,767,-111.2,-10.3,True,34.8,DELIVERED,ANTENNA_MISALIGNMENT,False,False
768,1787941038.3782,,TRUCK_02,GW_01,768,-117.9,-9.7,False,,PACKET_DROPPED,ANTENNA_MISALIGNMENT,True,True
769,1787941038.4343,1787941038.4731,TRUCK_01,GW_01,769,-122.4,-11.5,True,38.74,DELIVERED,ANTENNA_MISALIGNMENT,False,False
770,1787941038.4786,1787941038.5176,TRUCK_02,GW_01,770,-117.2,-9.6,True,39.01,DELIVERED,ANTENNA_MISALIGNMENT,False,False
771,1787941038.5364,,TRUCK_01,GW_01,771,-114.5,-10.5,False,,PACKET_DROPPED,ANTENNA_MISALIGNMENT,True,True
772,1787941038.5899,1787941038.6299,TRUCK_02,GW_01,772,-114.4,-5.4,True,39.93,DELIVERED,ANTENNA_MISALIGNMENT,False,False
773,1787941038.6433,,TRUCK_01,GW_01,773,-118.4,-3.8,False,,PACKET_DROPPED,ANTENNA_MISALIGNMENT,True,True
774,1787941038.6935,,TRUCK_02,GW_01,774,-113.6,-7.3,False,,PACKET_DROPPED,ANTENNA_MISALIGNMENT,True,True
775,1787941038.7527,1787941038.7931,TRUCK_01,GW_01,775,-112.7,-8.7,True,40.38,DELIVERED,ANTENNA_MISALIGNMENT,False,False
776,1787941038.8085,1787941038.8387,TRUCK_02,GW_01,776,-115.4,-8.6,True,30.17,DELIVERED,ANTENNA_MISALIGNMENT,False,False
777,1787941038.8494,1787941038.8837,TRUCK_01,GW_01,777,-117.5,-8.7,True,34.32,DELIVERED,ANTENNA_MISALIGNMENT,False,False
778,1787941038.9063,1787941038.9461,TRUCK_02,GW_01,778,-107.6,-8.0,True,39.82,DELIVERED,ANTENNA_MISALIGNMENT,False,False
779,1787941038.9568,,TRUCK_01,GW_01,779,-115.1,-9.5,False,,PACKET_DROPPED,ANTENNA_MISALIGNMENT,True,True
780,1787941039.0054,1787941039.0359,TRUCK_02,GW_01,780,-122.4,-11.4,True,30.47,DELIVERED,ANTENNA_MISALIGNMENT,False,False
781,1787941039.056,,TRUCK_01,GW_01,781,-112.7,-7.9,False,,PACKET_DROPPED,ANTENNA_MISALIGNMENT,True,True
782,1787941039.111,,TRUCK_02,GW_01,782,-113.1,-7.1,False,,PACKET_DROPPED,ANTENNA_MISALIGNMENT,True,True
783,1787941039.1689,1787941039.2053,TRUCK_01,GW_01,783,-115.0,-11.0,True,36.36,DELIVERED,ANTENNA_MISALIGNMENT,False,False
784,1787941039.215,,TRUCK_02,GW_01,784,-114.8,-6.5,False,,PACKET_DROPPED,ANTENNA_MISALIGNMENT,True,True
785,1787941039.2626,1787941039.3013,TRUCK_01,GW_01,785,-111.0,-12.9,True,38.74,DELIVERED,ANTENNA_MISALIGNMENT,False,False
786,1787941039.3161,,TRUCK_02,GW_01,786,-111.9,-8.1,False,,PACKET_DROPPED,ANTENNA_MISALIGNMENT,True,True
787,1787941039.3703,,TRUCK_01,GW_01,787,-117.3,-8.5,False,,PACKET_DROPPED,ANTENNA_MISALIGNMENT,True,True
788,1787941039.4242,1787941039.4629,TRUCK_02,GW_01,788,-110.6,-10.7,True,38.71,DELIVERED,ANTENNA_MISALIGNMENT,False,False
789,1787941039.4792,,TRUCK_01,GW_01,789,-109.9,-10.4,False,,PACKET_DROPPED,ANTENNA_MISALIGNMENT,True,True
790,1787941039.5368,,TRUCK_02,GW_01,790,-120.0,-8.6,False,,PACKET_DROPPED,ANTENNA_MISALIGNMENT,True,True
791,1787941039.5945,,TRUCK_01,GW_01,791,-112.7,-11.3,False,,PACKET_DROPPED,ANTENNA_MISALIGNMENT,True,True
792,1787941039.6467,1787941039.6873,TRUCK_02,GW_01,792,-111.8,-4.3,True,40.61,DELIVERED,ANTENNA_MISALIGNMENT,False,False
793,1787941039.6868,1787941039.7255,TRUCK_01,GW_01,793,-112.9,-7.4,True,38.69,DELIVERED,ANTENNA_MISALIGNMENT,False,False
794,1787941039.7392,,TRUCK_02,GW_01,794,-116.1,-9.4,False,,PACKET_DROPPED,ANTENNA_MISALIGNMENT,True,True
795,1787941039.7917,1787941039.8361,TRUCK_01,GW_01,795,-115.8,-9.7,True,44.33,DELIVERED,ANTENNA_MISALIGNMENT,False,False
796,1787941039.8499,1787941039.882,TRUCK_02,GW_01,796,-115.5,-10.6,True,32.11,DELIVERED,ANTENNA_MISALIGNMENT,False,False
797,1787941039.9054,,TRUCK_01,GW_01,797,-112.3,-6.5,False,,PACKET_DROPPED,ANTENNA_MISALIGNMENT,True,True
798,1787941039.9613,,TRUCK_02,GW_01,798,-109.1,-8.4,False,,PACKET_DROPPED,ANTENNA_MISALIGNMENT,True,True
799,1787941040.0193,1787941040.0619,TRUCK_01,GW_01,799,-117.4,-9.6,True,42.65,DELIVERED,ANTENNA_MISALIGNMENT,False,False
800,1787941040.0605,1787941040.0993,TRUCK_02,GW_01,800,-119.9,-8.0,True,38.83,DELIVERED,ANTENNA_MISALIGNMENT,False,False
801,1787941040.1049,1787941040.145,TRUCK_01,GW_01,801,-123.7,-11.3,True,40.09,DELIVERED,HIGH_MULTIPATH,False,False
802,1787941040.164,,TRUCK_02,GW_01,802,-117.9,-15.7,False,,PACKET_DROPPED,HIGH_MULTIPATH,True,True
803,1787941040.2133,,TRUCK_01,GW_01,803,-124.5,-11.5,False,,PACKET_DROPPED,HIGH_MULTIPATH,True,True
804,1787941040.2722,1787941040.3249,TRUCK_02,GW_01,804,-123.3,-13.1,True,52.75,DELIVERED,HIGH_MULTIPATH,False,False
805,1787941040.3166,,TRUCK_01,GW_01,805,-123.9,-12.5,False,,PACKET_DROPPED,HIGH_MULTIPATH,True,True
806,1787941040.3746,1787941040.417,TRUCK_02,GW_01,806,-121.4,-12.3,True,42.4,DELIVERED,HIGH_MULTIPATH,False,False
807,1787941040.4214,1787941040.4747,TRUCK_01,GW_01,807,-121.1,-13.5,True,53.3,DELIVERED,HIGH_MULTIPATH,False,False
808,1787941040.4646,,TRUCK_02,GW_01,808,-122.6,-13.5,False,,PACKET_DROPPED,HIGH_MULTIPATH,True,True
809,1787941040.5104,,TRUCK_01,GW_01,809,-122.8,-15.4,False,,PACKET_DROPPED,HIGH_MULTIPATH,True,True
810,1787941040.5645,1787941040.6096,TRUCK_02,GW_01,810,-119.4,-12.2,True,45.05,DELIVERED,HIGH_MULTIPATH,False,False
811,1787941040.6101,,TRUCK_01,GW_01,811,-123.3,-13.3,False,,PACKET_DROPPED,HIGH_MULTIPATH,True,True
812,1787941040.6606,,TRUCK_02,GW_01,812,-122.8,-13.5,False,,PACKET_DROPPED,HIGH_MULTIPATH,True,True
813,1787941040.703,1787941040.755,TRUCK_01,GW_01,813,-120.8,-16.7,True,52.0,DELIVERED,HIGH_MULTIPATH,False,False
814,1787941040.7556,,TRUCK_02,GW_01,814,-122.3,-13.8,False,,PACKET_DROPPED,HIGH_MULTIPATH,True,True
815,1787941040.8065,1787941040.8575,TRUCK_01,GW_01,815,-125.6,-11.0,True,50.95,DELIVERED,HIGH_MULTIPATH,False,False
816,1787941040.8654,,TRUCK_02,GW_01,816,-122.5,-12.0,False,,PACKET_DROPPED,HIGH_MULTIPATH,True,True
817,1787941040.916,,TRUCK_01,GW_01,817,-121.3,-16.6,False,,PACKET_DROPPED,HIGH_MULTIPATH,True,True
818,1787941040.9749,,TRUCK_02,GW_01,818,-124.7,-12.7,False,,PACKET_DROPPED,HIGH_MULTIPATH,True,True
819,1787941041.0284,,TRUCK_01,GW_01,819,-122.9,-12.9,False,,PACKET_DROPPED,HIGH_MULTIPATH,True,True
820,1787941041.0865,,TRUCK_02,GW_01,820,-125.2,-14.0,False,,PACKET_DROPPED,HIGH_MULTIPATH,True,True
821,1787941041.1355,,TRUCK_01,GW_01,821,-122.5,-13.1,False,,PACKET_DROPPED,HIGH_MULTIPATH,True,True
822,1787941041.1843,1787941041.2476,TRUCK_02,GW_01,822,-124.0,-15.3,True,63.35,DELIVERED,HIGH_MULTIPATH,False,False
823,1787941041.2324,1787941041.2829,TRUCK_01,GW_01,823,-123.7,-17.0,True,50.44,DELIVERED,HIGH_MULTIPATH,False,False
824,1787941041.2787,,TRUCK_02,GW_01,824,-122.8,-15.0,False,,PACKET_DROPPED,HIGH_MULTIPATH,True,True
825,1787941041.32,,TRUCK_01,GW_01,825,-121.2,-14.1,False,,PACKET_DROPPED,HIGH_MULTIPATH,True,True
826,1787941041.3694,1787941041.4119,TRUCK_02,GW_01,826,-124.6,-12.6,True,42.52,DELIVERED,HIGH_MULTIPATH,False,False
827,1787941041.4196,,TRUCK_01,GW_01,827,-123.0,-10.0,False,,PACKET_DROPPED,HIGH_MULTIPATH,True,True
828,1787941041.4702,,TRUCK_02,GW_01,828,-121.9,-15.0,False,,PACKET_DROPPED,HIGH_MULTIPATH,True,True
829,1787941041.5157,,TRUCK_01,GW_01,829,-123.8,-14.8,False,,PACKET_DROPPED,HIGH_MULTIPATH,True,True
830,1787941041.5732,,TRUCK_02,GW_01,830,-120.6,-11.0,False,,PACKET_DROPPED,HIGH_MULTIPATH,True,True
831,1787941041.6146,,TRUCK_01,GW_01,831,-123.5,-13.1,False,,PACKET_DROPPED,HIGH_MULTIPATH,True,True
832,1787941041.6549,,TRUCK_02,GW_01,832,-124.9,-15.2,False,,PACKET_DROPPED,HIGH_MULTIPATH,True,True
833,1787941041.7052,1787941041.7508,TRUCK_01,GW_01,833,-119.6,-16.0,True,45.58,DELIVERED,HIGH_MULTIPATH,False,False
834,1787941041.7534,,TRUCK_02,GW_01,834,-123.8,-14.4,False,,PACKET_DROPPED,HIGH_MULTIPATH,True,True
835,1787941041.8037,,TRUCK_01,GW_01,835,-121.5,-13.4,False,,PACKET_DROPPED,HIGH_MULTIPATH,True,True
836,1787941041.855,,TRUCK_02,GW_01,836,-122.5,-13.2,False,,PACKET_DROPPED,HIGH_MULTIPATH,True,True
837,1787941041.9018,1787941041.9304,TRUCK_01,GW_01,837,-122.3,-13.4,True,28.59,DELIVERED,HIGH_MULTIPATH,False,False
838,1787941041.96,1787941042.0211,TRUCK_02,GW_01,838,-122.6,-14.5,True,61.07,DELIVERED,HIGH_MULTIPATH,False,False
839,1787941042.0197,,TRUCK_01,GW_01,839,-121.0,-11.0,False,,PACKET_DROPPED,HIGH_MULTIPATH,True,True
840,1787941042.0676,1787941042.1339,TRUCK_02,GW_01,840,-120.5,-15.1,True,66.27,DELIVERED,HIGH_MULTIPATH,False,False
841,1787941042.1203,1787941042.1494,TRUCK_01,GW_01,841,-120.2,-14.1,True,29.14,DELIVERED,HIGH_MULTIPATH,False,False
842,1787941042.176,1787941042.2172,TRUCK_02,GW_01,842,-121.4,-11.9,True,41.16,DELIVERED,HIGH_MULTIPATH,False,False
843,1787941042.2276,,TRUCK_01,GW_01,843,-119.8,-10.9,False,,PACKET_DROPPED,HIGH_MULTIPATH,True,True
844,1787941042.2708,,TRUCK_02,GW_01,844,-120.8,-15.6,False,,PACKET_DROPPED,HIGH_MULTIPATH,True,True
845,1787941042.3113,1787941042.3552,TRUCK_01,GW_01,845,-119.4,-14.5,True,43.9,DELIVERED,HIGH_MULTIPATH,False,False
846,1787941042.371,,TRUCK_02,GW_01,846,-120.4,-12.7,False,,PACKET_DROPPED,HIGH_MULTIPATH,True,True
847,1787941042.431,1787941042.4765,TRUCK_01,GW_01,847,-124.4,-13.9,True,45.5,DELIVERED,HIGH_MULTIPATH,False,False
848,1787941042.4864,1787941042.5439,TRUCK_02,GW_01,848,-118.8,-14.4,True,57.48,DELIVERED,HIGH_MULTIPATH,False,False
849,1787941042.5289,1787941042.5709,TRUCK_01,GW_01,849,-120.3,-13.8,True,42.04,DELIVERED,HIGH_MULTIPATH,False,False
850,1787941042.5716,,TRUCK_02,GW_01,850,-122.1,-12.2,False,,PACKET_DROPPED,HIGH_MULTIPATH,True,True
851,1787941042.6196,1787941042.6563,TRUCK_01,GW_01,851,-121.8,-12.6,True,36.65,DELIVERED,HIGH_MULTIPATH,False,False
852,1787941042.6687,,TRUCK_02,GW_01,852,-121.5,-15.7,False,,PACKET_DROPPED,HIGH_MULTIPATH,True,True
853,1787941042.7141,,TRUCK_01,GW_01,853,-123.2,-11.9,False,,PACKET_DROPPED,HIGH_MULTIPATH,True,True
854,1787941042.7682,1787941042.8152,TRUCK_02,GW_01,854,-122.8,-14.5,True,46.96,DELIVERED,HIGH_MULTIPATH,False,False
855,1787941042.824,,TRUCK_01,GW_01,855,-122.1,-14.5,False,,PACKET_DROPPED,HIGH_MULTIPATH,True,True
856,1787941042.8651,,TRUCK_02,GW_01,856,-122.0,-16.6,False,,PACKET_DROPPED,HIGH_MULTIPATH,True,True
857,1787941042.9216,,TRUCK_01,GW_01,857,-121.4,-13.3,False,,PACKET_DROPPED,HIGH_MULTIPATH,True,True
858,1787941042.9741,,TRUCK_02,GW_01,858,-120.8,-11.7,False,,PACKET_DROPPED,HIGH_MULTIPATH,True,True
859,1787941043.0218,1787941043.0545,TRUCK_01,GW_01,859,-122.3,-11.4,True,32.7,DELIVERED,HIGH_MULTIPATH,False,False
860,1787941043.0671,,TRUCK_02,GW_01,860,-121.4,-12.3,False,,PACKET_DROPPED,HIGH_MULTIPATH,True,True
861,1787941043.124,,TRUCK_01,GW_01,861,-122.2,-11.8,False,,PACKET_DROPPED,HIGH_MULTIPATH,True,True
862,1787941043.1806,,TRUCK_02,GW_01,862,-121.0,-14.9,False,,PACKET_DROPPED,HIGH_MULTIPATH,True,True
863,1787941043.2395,,TRUCK_01,GW_01,863,-124.9,-11.6,False,,PACKET_DROPPED,HIGH_MULTIPATH,True,True
864,1787941043.2919,1787941043.3409,TRUCK_02,GW_01,864,-121.8,-15.5,True,49.05,DELIVERED,HIGH_MULTIPATH,False,False
865,1787941043.3321,,TRUCK_01,GW_01,865,-119.6,-14.4,False,,PACKET_DROPPED,HIGH_MULTIPATH,True,True
866,1787941043.3759,1787941043.4229,TRUCK_02,GW_01,866,-122.4,-13.9,True,47.04,DELIVERED,HIGH_MULTIPATH,False,False
867,1787941043.4304,,TRUCK_01,GW_01,867,-124.5,-12.0,False,,PACKET_DROPPED,HIGH_MULTIPATH,True,True
868,1787941043.4862,,TRUCK_02,GW_01,868,-123.8,-12.8,False,,PACKET_DROPPED,HIGH_MULTIPATH,True,True
869,1787941043.5416,,TRUCK_01,GW_01,869,-123.6,-13.7,False,,PACKET_DROPPED,HIGH_MULTIPATH,True,True
870,1787941043.5867,,TRUCK_02,GW_01,870,-123.4,-12.6,False,,PACKET_DROPPED,HIGH_MULTIPATH,True,True
871,1787941043.6342,,TRUCK_01,GW_01,871,-126.0,-12.5,False,,PACKET_DROPPED,HIGH_MULTIPATH,True,True
872,1787941043.6837,,TRUCK_02,GW_01,872,-124.1,-13.0,False,,PACKET_DROPPED,HIGH_MULTIPATH,True,True
873,1787941043.7237,1787941043.7802,TRUCK_01,GW_01,873,-123.3,-14.4,True,56.45,DELIVERED,HIGH_MULTIPATH,False,False
874,1787941043.775,1787941043.8222,TRUCK_02,GW_01,874,-122.9,-12.6,True,47.2,DELIVERED,HIGH_MULTIPATH,False,False
875,1787941043.8214,,TRUCK_01,GW_01,875,-122.1,-13.3,False,,PACKET_DROPPED,HIGH_MULTIPATH,True,True
876,1787941043.871,,TRUCK_02,GW_01,876,-121.8,-12.3,False,,PACKET_DROPPED,HIGH_MULTIPATH,True,True
877,1787941043.9125,1787941043.9602,TRUCK_01,GW_01,877,-121.6,-13.6,True,47.74,DELIVERED,HIGH_MULTIPATH,False,False
878,1787941043.9631,,TRUCK_02,GW_01,878,-124.1,-14.8,False,,PACKET_DROPPED,HIGH_MULTIPATH,True,True
879,1787941044.013,1787941044.0559,TRUCK_01,GW_01,879,-120.3,-14.9,True,42.96,DELIVERED,HIGH_MULTIPATH,False,False
880,1787941044.0603,,TRUCK_02,GW_01,880,-125.2,-12.5,False,,PACKET_DROPPED,HIGH_MULTIPATH,True,True
881,1787941044.1184,1787941044.161,TRUCK_01,GW_01,881,-123.6,-14.2,True,42.62,DELIVERED,HIGH_MULTIPATH,False,False
882,1787941044.1753,,TRUCK_02,GW_01,882,-119.0,-16.7,False,,PACKET_DROPPED,HIGH_MULTIPATH,True,True
883,1787941044.2164,,TRUCK_01,GW_01,883,-121.0,-12.7,False,,PACKET_DROPPED,HIGH_MULTIPATH,True,True
884,1787941044.2727,,TRUCK_02,GW_01,884,-123.4,-13.8,False,,PACKET_DROPPED,HIGH_MULTIPATH,True,True
885,1787941044.3216,,TRUCK_01,GW_01,885,-118.4,-11.9,False,,PACKET_DROPPED,HIGH_MULTIPATH,True,True
886,1787941044.3697,,TRUCK_02,GW_01,886,-121.4,-13.4,False,,PACKET_DROPPED,HIGH_MULTIPATH,True,True
887,1787941044.4194,1787941044.4527,TRUCK_01,GW_01,887,-123.9,-12.6,True,33.29,DELIVERED,HIGH_MULTIPATH,False,False
888,1787941044.4789,,TRUCK_02,GW_01,888,-127.3,-13.4,False,,PACKET_DROPPED,HIGH_MULTIPATH,True,True
889,1787941044.5233,1787941044.5591,TRUCK_01,GW_01,889,-123.5,-14.8,True,35.85,DELIVERED,HIGH_MULTIPATH,False,False
890,1787941044.5817,,TRUCK_02,GW_01,890,-123.8,-14.9,False,,PACKET_DROPPED,HIGH_MULTIPATH,True,True
891,1787941044.6243,,TRUCK_01,GW_01,891,-121.0,-12.6,False,,PACKET_DROPPED,HIGH_MULTIPATH,True,True
892,1787941044.6779,,TRUCK_02,GW_01,892,-121.5,-13.8,False,,PACKET_DROPPED,HIGH_MULTIPATH,True,True
893,1787941044.7331,1787941044.7867,TRUCK_01,GW_01,893,-121.1,-15.0,True,53.68,DELIVERED,HIGH_MULTIPATH,False,False
894,1787941044.7801,,TRUCK_02,GW_01,894,-118.6,-13.4,False,,PACKET_DROPPED,HIGH_MULTIPATH,True,True
895,1787941044.822,,TRUCK_01,GW_01,895,-125.7,-12.4,False,,PACKET_DROPPED,HIGH_MULTIPATH,True,True
896,1787941044.8649,1787941044.9059,TRUCK_02,GW_01,896,-117.7,-10.9,True,41.06,DELIVERED,HIGH_MULTIPATH,False,False
897,1787941044.9174,,TRUCK_01,GW_01,897,-122.4,-14.5,False,,PACKET_DROPPED,HIGH_MULTIPATH,True,True
898,1787941044.9642,,TRUCK_02,GW_01,898,-121.7,-13.0,False,,PACKET_DROPPED,HIGH_MULTIPATH,True,True
899,1787941045.0196,1787941045.0612,TRUCK_01,GW_01,899,-119.6,-12.6,True,41.65,DELIVERED,HIGH_MULTIPATH,False,False
900,1787941045.079,,TRUCK_02,GW_01,900,-120.8,-12.1,False,,PACKET_DROPPED,HIGH_MULTIPATH,True,True
901,1787941045.1319,1787941045.1755,TRUCK_01,GW_01,901,-125.1,-14.2,True,43.59,DELIVERED,HIGH_MULTIPATH,False,False
902,1787941045.1767,,TRUCK_02,GW_01,902,-122.0,-12.9,False,,PACKET_DROPPED,HIGH_MULTIPATH,True,True
903,1787941045.2205,,TRUCK_01,GW_01,903,-120.6,-14.4,False,,PACKET_DROPPED,HIGH_MULTIPATH,True,True
904,1787941045.2735,1787941045.3108,TRUCK_02,GW_01,904,-121.9,-13.1,True,37.34,DELIVERED,HIGH_MULTIPATH,False,False
905,1787941045.3202,,TRUCK_01,GW_01,905,-119.9,-12.5,False,,PACKET_DROPPED,HIGH_MULTIPATH,True,True
906,1787941045.3672,,TRUCK_02,GW_01,906,-119.3,-12.7,False,,PACKET_DROPPED,HIGH_MULTIPATH,True,True
907,1787941045.417,,TRUCK_01,GW_01,907,-119.9,-14.1,False,,PACKET_DROPPED,HIGH_MULTIPATH,True,True
908,1787941045.4636,1787941045.5119,TRUCK_02,GW_01,908,-124.3,-17.7,True,48.34,DELIVERED,HIGH_MULTIPATH,False,False
909,1787941045.5101,1787941045.5571,TRUCK_01,GW_01,909,-123.2,-14.6,True,47.0,DELIVERED,HIGH_MULTIPATH,False,False
910,1787941045.5597,1787941045.5969,TRUCK_02,GW_01,910,-124.1,-14.0,True,37.11,DELIVERED,HIGH_MULTIPATH,False,False
911,1787941045.6085,,TRUCK_01,GW_01,911,-121.3,-12.5,False,,PACKET_DROPPED,HIGH_MULTIPATH,True,True
912,1787941045.6621,,TRUCK_02,GW_01,912,-121.8,-12.9,False,,PACKET_DROPPED,HIGH_MULTIPATH,True,True
913,1787941045.7081,,TRUCK_01,GW_01,913,-122.4,-10.9,False,,PACKET_DROPPED,HIGH_MULTIPATH,True,True
914,1787941045.7507,,TRUCK_02,GW_01,914,-121.6,-12.1,False,,PACKET_DROPPED,HIGH_MULTIPATH,True,True
915,1787941045.8072,,TRUCK_01,GW_01,915,-122.0,-14.7,False,,PACKET_DROPPED,HIGH_MULTIPATH,True,True
916,1787941045.8478,1787941045.8936,TRUCK_02,GW_01,916,-121.9,-14.2,True,45.81,DELIVERED,HIGH_MULTIPATH,False,False
917,1787941045.9064,,TRUCK_01,GW_01,917,-120.8,-12.8,False,,PACKET_DROPPED,HIGH_MULTIPATH,True,True
918,1787941045.9628,,TRUCK_02,GW_01,918,-122.5,-11.1,False,,PACKET_DROPPED,HIGH_MULTIPATH,True,True
919,1787941046.0205,,TRUCK_01,GW_01,919,-123.8,-16.3,False,,PACKET_DROPPED,HIGH_MULTIPATH,True,True
920,1787941046.0779,,TRUCK_02,GW_01,920,-122.0,-12.3,False,,PACKET_DROPPED,HIGH_MULTIPATH,True,True
921,1787941046.1344,,TRUCK_01,GW_01,921,-119.4,-15.6,False,,PACKET_DROPPED,HIGH_MULTIPATH,True,True
922,1787941046.1789,,TRUCK_02,GW_01,922,-121.4,-12.7,False,,PACKET_DROPPED,HIGH_MULTIPATH,True,True
923,1787941046.2377,1787941046.2747,TRUCK_01,GW_01,923,-122.8,-13.6,True,36.99,DELIVERED,HIGH_MULTIPATH,False,False
924,1787941046.2893,,TRUCK_02,GW_01,924,-121.6,-14.7,False,,PACKET_DROPPED,HIGH_MULTIPATH,True,True
925,1787941046.338,,TRUCK_01,GW_01,925,-122.7,-15.5,False,,PACKET_DROPPED,HIGH_MULTIPATH,True,True
926,1787941046.3787,,TRUCK_02,GW_01,926,-120.7,-13.8,False,,PACKET_DROPPED,HIGH_MULTIPATH,True,True
927,1787941046.4363,1787941046.4973,TRUCK_01,GW_01,927,-122.0,-13.5,True,60.98,DELIVERED,HIGH_MULTIPATH,False,False
928,1787941046.4784,,TRUCK_02,GW_01,928,-120.5,-10.9,False,,PACKET_DROPPED,HIGH_MULTIPATH,True,True
929,1787941046.5303,,TRUCK_01,GW_01,929,-123.9,-13.5,False,,PACKET_DROPPED,HIGH_MULTIPATH,True,True
930,1787941046.5839,,TRUCK_02,GW_01,930,-123.8,-12.8,False,,PACKET_DROPPED,HIGH_MULTIPATH,True,True
931,1787941046.6363,,TRUCK_01,GW_01,931,-125.0,-12.8,False,,PACKET_DROPPED,HIGH_MULTIPATH,True,True
932,1787941046.6875,,TRUCK_02,GW_01,932,-123.5,-10.9,False,,PACKET_DROPPED,HIGH_MULTIPATH,True,True
933,1787941046.7412,1787941046.7905,TRUCK_01,GW_01,933,-123.2,-12.0,True,49.34,DELIVERED,HIGH_MULTIPATH,False,False
934,1787941046.7861,1787941046.8139,TRUCK_02,GW_01,934,-122.9,-15.6,True,27.73,DELIVERED,HIGH_MULTIPATH,False,False
935,1787941046.84,,TRUCK_01,GW_01,935,-119.3,-14.7,False,,PACKET_DROPPED,HIGH_MULTIPATH,True,True
936,1787941046.8992,,TRUCK_02,GW_01,936,-124.4,-16.1,False,,PACKET_DROPPED,HIGH_MULTIPATH,True,True
937,1787941046.9401,,TRUCK_01,GW_01,937,-126.1,-12.0,False,,PACKET_DROPPED,HIGH_MULTIPATH,True,True
938,1787941046.9915,,TRUCK_02,GW_01,938,-124.3,-12.7,False,,PACKET_DROPPED,HIGH_MULTIPATH,True,True
939,1787941047.0318,1787941047.0765,TRUCK_01,GW_01,939,-121.9,-13.3,True,44.72,DELIVERED,HIGH_MULTIPATH,False,False
940,1787941047.0748,1787941047.1146,TRUCK_02,GW_01,940,-122.3,-14.0,True,39.76,DELIVERED,HIGH_MULTIPATH,False,False
941,1787941047.1168,,TRUCK_01,GW_01,941,-120.7,-16.2,False,,PACKET_DROPPED,HIGH_MULTIPATH,True,True
942,1787941047.1666,,TRUCK_02,GW_01,942,-123.8,-14.9,False,,PACKET_DROPPED,HIGH_MULTIPATH,True,True
943,1787941047.216,,TRUCK_01,GW_01,943,-120.6,-12.7,False,,PACKET_DROPPED,HIGH_MULTIPATH,True,True
944,1787941047.2561,,TRUCK_02,GW_01,944,-119.9,-14.1,False,,PACKET_DROPPED,HIGH_MULTIPATH,True,True
945,1787941047.3043,,TRUCK_01,GW_01,945,-120.8,-10.5,False,,PACKET_DROPPED,HIGH_MULTIPATH,True,True
946,1787941047.3543,,TRUCK_02,GW_01,946,-125.6,-13.0,False,,PACKET_DROPPED,HIGH_MULTIPATH,True,True
947,1787941047.4009,,TRUCK_01,GW_01,947,-124.4,-13.0,False,,PACKET_DROPPED,HIGH_MULTIPATH,True,True
948,1787941047.4498,,TRUCK_02,GW_01,948,-123.0,-13.0,False,,PACKET_DROPPED,HIGH_MULTIPATH,True,True
949,1787941047.4936,1787941047.5451,TRUCK_01,GW_01,949,-124.3,-13.6,True,51.45,DELIVERED,HIGH_MULTIPATH,False,False
950,1787941047.5497,1787941047.6085,TRUCK_02,GW_01,950,-126.5,-13.5,True,58.82,DELIVERED,HIGH_MULTIPATH,False,False
951,1787941047.5921,,TRUCK_01,GW_01,951,-128.0,-19.2,False,,PACKET_DROPPED,TOTAL_FADE,True,True
952,1787941047.6424,,TRUCK_02,GW_01,952,-128.1,-17.4,False,,PACKET_DROPPED,TOTAL_FADE,True,True
953,1787941047.6965,,TRUCK_01,GW_01,953,-128.4,-19.0,False,,PACKET_DROPPED,TOTAL_FADE,True,True
954,1787941047.7437,,TRUCK_02,GW_01,954,-129.2,-18.7,False,,PACKET_DROPPED,TOTAL_FADE,True,True
955,1787941047.7967,,TRUCK_01,GW_01,955,-128.4,-18.1,False,,PACKET_DROPPED,TOTAL_FADE,True,True
956,1787941047.8555,,TRUCK_02,GW_01,956,-129.1,-17.9,False,,PACKET_DROPPED,TOTAL_FADE,True,True
957,1787941047.9102,,TRUCK_01,GW_01,957,-126.4,-17.9,False,,PACKET_DROPPED,TOTAL_FADE,True,True
958,1787941047.961,,TRUCK_02,GW_01,958,-127.2,-16.7,False,,PACKET_DROPPED,TOTAL_FADE,True,True
959,1787941048.0061,,TRUCK_01,GW_01,959,-126.1,-18.1,False,,PACKET_DROPPED,TOTAL_FADE,True,True
960,1787941048.0548,,TRUCK_02,GW_01,960,-127.2,-17.0,False,,PACKET_DROPPED,TOTAL_FADE,True,True
961,1787941048.1108,,TRUCK_01,GW_01,961,-125.0,-18.3,False,,PACKET_DROPPED,TOTAL_FADE,True,True
962,1787941048.1678,,TRUCK_02,GW_01,962,-128.3,-18.6,False,,PACKET_DROPPED,TOTAL_FADE,True,True
963,1787941048.2177,,TRUCK_01,GW_01,963,-127.6,-20.3,False,,PACKET_DROPPED,TOTAL_FADE,True,True
964,1787941048.2604,,TRUCK_02,GW_01,964,-128.4,-15.7,False,,PACKET_DROPPED,TOTAL_FADE,True,True
965,1787941048.318,,TRUCK_01,GW_01,965,-128.0,-17.4,False,,PACKET_DROPPED,TOTAL_FADE,True,True
966,1787941048.3694,,TRUCK_02,GW_01,966,-126.5,-20.7,False,,PACKET_DROPPED,TOTAL_FADE,True,True
967,1787941048.4109,,TRUCK_01,GW_01,967,-127.0,-17.5,False,,PACKET_DROPPED,TOTAL_FADE,True,True
968,1787941048.4513,,TRUCK_02,GW_01,968,-126.0,-17.3,False,,PACKET_DROPPED,TOTAL_FADE,True,True
969,1787941048.4972,,TRUCK_01,GW_01,969,-125.7,-17.3,False,,PACKET_DROPPED,TOTAL_FADE,True,True
970,1787941048.5502,,TRUCK_02,GW_01,970,-126.2,-18.3,False,,PACKET_DROPPED,TOTAL_FADE,True,True
971,1787941048.5931,,TRUCK_01,GW_01,971,-127.1,-19.4,False,,PACKET_DROPPED,TOTAL_FADE,True,True
972,1787941048.6359,,TRUCK_02,GW_01,972,-127.9,-18.6,False,,PACKET_DROPPED,TOTAL_FADE,True,True
973,1787941048.6931,,TRUCK_01,GW_01,973,-128.7,-19.1,False,,PACKET_DROPPED,TOTAL_FADE,True,True
974,1787941048.7487,,TRUCK_02,GW_01,974,-128.5,-18.8,False,,PACKET_DROPPED,TOTAL_FADE,True,True
975,1787941048.8019,,TRUCK_01,GW_01,975,-129.0,-18.3,False,,PACKET_DROPPED,TOTAL_FADE,True,True
976,1787941048.852,,TRUCK_02,GW_01,976,-128.8,-16.2,False,,PACKET_DROPPED,TOTAL_FADE,True,True
977,1787941048.904,,TRUCK_01,GW_01,977,-127.9,-16.6,False,,PACKET_DROPPED,TOTAL_FADE,True,True
978,1787941048.9549,,TRUCK_02,GW_01,978,-128.3,-18.8,False,,PACKET_DROPPED,TOTAL_FADE,True,True
979,1787941049.01,,TRUCK_01,GW_01,979,-128.1,-16.9,False,,PACKET_DROPPED,TOTAL_FADE,True,True
980,1787941049.0605,,TRUCK_02,GW_01,980,-127.4,-18.2,False,,PACKET_DROPPED,TOTAL_FADE,True,True
981,1787941049.1095,,TRUCK_01,GW_01,981,-128.5,-19.0,False,,PACKET_DROPPED,TOTAL_FADE,True,True
982,1787941049.1656,,TRUCK_02,GW_01,982,-128.7,-17.9,False,,PACKET_DROPPED,TOTAL_FADE,True,True
983,1787941049.2069,,TRUCK_01,GW_01,983,-128.2,-18.0,False,,PACKET_DROPPED,TOTAL_FADE,True,True
984,1787941049.2616,,TRUCK_02,GW_01,984,-127.3,-17.1,False,,PACKET_DROPPED,TOTAL_FADE,True,True
985,1787941049.3101,,TRUCK_01,GW_01,985,-126.8,-17.6,False,,PACKET_DROPPED,TOTAL_FADE,True,True
986,1787941049.365,,TRUCK_02,GW_01,986,-126.1,-18.5,False,,PACKET_DROPPED,TOTAL_FADE,True,True
987,1787941049.406,,TRUCK_01,GW_01,987,-130.2,-18.0,False,,PACKET_DROPPED,TOTAL_FADE,True,True
988,1787941049.4587,,TRUCK_02,GW_01,988,-127.7,-18.3,False,,PACKET_DROPPED,TOTAL_FADE,True,True
989,1787941049.505,,TRUCK_01,GW_01,989,-128.3,-20.4,False,,PACKET_DROPPED,TOTAL_FADE,True,True
990,1787941049.5631,,TRUCK_02,GW_01,990,-128.4,-18.5,False,,PACKET_DROPPED,TOTAL_FADE,True,True
991,1787941049.6152,,TRUCK_01,GW_01,991,-127.2,-18.5,False,,PACKET_DROPPED,TOTAL_FADE,True,True
992,1787941049.6591,,TRUCK_02,GW_01,992,-127.0,-17.9,False,,PACKET_DROPPED,TOTAL_FADE,True,True
993,1787941049.6994,,TRUCK_01,GW_01,993,-128.8,-17.3,False,,PACKET_DROPPED,TOTAL_FADE,True,True
994,1787941049.7536,,TRUCK_02,GW_01,994,-126.9,-19.7,False,,PACKET_DROPPED,TOTAL_FADE,True,True
995,1787941049.8017,,TRUCK_01,GW_01,995,-128.9,-19.3,False,,PACKET_DROPPED,TOTAL_FADE,True,True
996,1787941049.859,,TRUCK_02,GW_01,996,-128.5,-18.3,False,,PACKET_DROPPED,TOTAL_FADE,True,True
997,1787941049.9037,,TRUCK_01,GW_01,997,-128.3,-18.5,False,,PACKET_DROPPED,TOTAL_FADE,True,True
998,1787941049.9599,,TRUCK_02,GW_01,998,-127.4,-18.1,False,,PACKET_DROPPED,TOTAL_FADE,True,True
999,1787941050.006,,TRUCK_01,GW_01,999,-125.7,-17.6,False,,PACKET_DROPPED,TOTAL_FADE,True,True
1000,1787941050.0638,,TRUCK_02,GW_01,1000,-129.3,-17.7,False,,PACKET_DROPPED,TOTAL_FADE,True,True
1001,1787941050.1226,,TRUCK_01,GW_01,1001,-129.1,-18.1,False,,PACKET_DROPPED,TOTAL_FADE,True,True
1002,1787941050.1753,,TRUCK_02,GW_01,1002,-127.7,-15.8,False,,PACKET_DROPPED,TOTAL_FADE,True,True
1003,1787941050.2252,,TRUCK_01,GW_01,1003,-127.1,-17.5,False,,PACKET_DROPPED,TOTAL_FADE,True,True
1004,1787941050.2841,,TRUCK_02,GW_01,1004,-126.7,-19.1,False,,PACKET_DROPPED,TOTAL_FADE,True,True
1005,1787941050.34,,TRUCK_01,GW_01,1005,-128.4,-17.8,False,,PACKET_DROPPED,TOTAL_FADE,True,True
1006,1787941050.3831,,TRUCK_02,GW_01,1006,-128.9,-17.3,False,,PACKET_DROPPED,TOTAL_FADE,True,True
1007,1787941050.4243,,TRUCK_01,GW_01,1007,-127.2,-19.2,False,,PACKET_DROPPED,TOTAL_FADE,True,True
1008,1787941050.478,,TRUCK_02,GW_01,1008,-128.5,-16.0,False,,PACKET_DROPPED,TOTAL_FADE,True,True
1009,1787941050.5222,,TRUCK_01,GW_01,1009,-129.0,-18.3,False,,PACKET_DROPPED,TOTAL_FADE,True,True
1010,1787941050.564,,TRUCK_02,GW_01,1010,-127.9,-19.3,False,,PACKET_DROPPED,TOTAL_FADE,True,True
1011,1787941050.6204,,TRUCK_01,GW_01,1011,-126.6,-17.3,False,,PACKET_DROPPED,TOTAL_FADE,True,True
1012,1787941050.6719,,TRUCK_02,GW_01,1012,-128.8,-17.0,False,,PACKET_DROPPED,TOTAL_FADE,True,True
1013,1787941050.7153,,TRUCK_01,GW_01,1013,-129.4,-15.4,False,,PACKET_DROPPED,TOTAL_FADE,True,True
1014,1787941050.7615,,TRUCK_02,GW_01,1014,-127.9,-15.9,False,,PACKET_DROPPED,TOTAL_FADE,True,True
1015,1787941050.8124,,TRUCK_01,GW_01,1015,-126.8,-18.6,False,,PACKET_DROPPED,TOTAL_FADE,True,True
1016,1787941050.8583,,TRUCK_02,GW_01,1016,-126.7,-17.4,False,,PACKET_DROPPED,TOTAL_FADE,True,True
1017,1787941050.9143,,TRUCK_01,GW_01,1017,-126.7,-19.7,False,,PACKET_DROPPED,TOTAL_FADE,True,True
1018,1787941050.9742,,TRUCK_02,GW_01,1018,-127.0,-19.8,False,,PACKET_DROPPED,TOTAL_FADE,True,True
1019,1787941051.027,,TRUCK_01,GW_01,1019,-127.2,-19.1,False,,PACKET_DROPPED,TOTAL_FADE,True,True
1020,1787941051.0804,,TRUCK_02,GW_01,1020,-128.6,-17.2,False,,PACKET_DROPPED,TOTAL_FADE,True,True
1021,1787941051.1399,,TRUCK_01,GW_01,1021,-126.7,-18.2,False,,PACKET_DROPPED,TOTAL_FADE,True,True
1022,1787941051.1991,,TRUCK_02,GW_01,1022,-129.3,-19.1,False,,PACKET_DROPPED,TOTAL_FADE,True,True
1023,1787941051.2477,,TRUCK_01,GW_01,1023,-129.8,-16.8,False,,PACKET_DROPPED,TOTAL_FADE,True,True
1024,1787941051.2916,,TRUCK_02,GW_01,1024,-129.2,-17.7,False,,PACKET_DROPPED,TOTAL_FADE,True,True
1025,1787941051.3455,,TRUCK_01,GW_01,1025,-127.8,-18.9,False,,PACKET_DROPPED,TOTAL_FADE,True,True
1026,1787941051.4018,,TRUCK_02,GW_01,1026,-125.9,-18.1,False,,PACKET_DROPPED,TOTAL_FADE,True,True
1027,1787941051.4551,,TRUCK_01,GW_01,1027,-127.9,-18.1,False,,PACKET_DROPPED,TOTAL_FADE,True,True
1028,1787941051.4996,,TRUCK_02,GW_01,1028,-127.5,-18.0,False,,PACKET_DROPPED,TOTAL_FADE,True,True
1029,1787941051.5443,,TRUCK_01,GW_01,1029,-127.2,-18.3,False,,PACKET_DROPPED,TOTAL_FADE,True,True
1030,1787941051.5869,,TRUCK_02,GW_01,1030,-127.2,-17.5,False,,PACKET_DROPPED,TOTAL_FADE,True,True
1031,1787941051.6295,,TRUCK_01,GW_01,1031,-130.4,-17.1,False,,PACKET_DROPPED,TOTAL_FADE,True,True
1032,1787941051.682,,TRUCK_02,GW_01,1032,-129.1,-16.6,False,,PACKET_DROPPED,TOTAL_FADE,True,True
1033,1787941051.725,,TRUCK_01,GW_01,1033,-128.1,-18.1,False,,PACKET_DROPPED,TOTAL_FADE,True,True
1034,1787941051.7681,,TRUCK_02,GW_01,1034,-127.3,-18.9,False,,PACKET_DROPPED,TOTAL_FADE,True,True
1035,1787941051.8226,,TRUCK_01,GW_01,1035,-128.0,-17.2,False,,PACKET_DROPPED,TOTAL_FADE,True,True
1036,1787941051.8662,,TRUCK_02,GW_01,1036,-127.8,-17.9,False,,PACKET_DROPPED,TOTAL_FADE,True,True
1037,1787941051.9069,,TRUCK_01,GW_01,1037,-128.6,-17.9,False,,PACKET_DROPPED,TOTAL_FADE,True,True
1038,1787941051.9598,,TRUCK_02,GW_01,1038,-128.1,-17.9,False,,PACKET_DROPPED,TOTAL_FADE,True,True
1039,1787941052.0184,,TRUCK_01,GW_01,1039,-129.6,-18.9,False,,PACKET_DROPPED,TOTAL_FADE,True,True
1040,1787941052.0675,,TRUCK_02,GW_01,1040,-128.8,-16.9,False,,PACKET_DROPPED,TOTAL_FADE,True,True
1041,1787941052.1184,,TRUCK_01,GW_01,1041,-128.3,-18.1,False,,PACKET_DROPPED,TOTAL_FADE,True,True
1042,1787941052.1784,,TRUCK_02,GW_01,1042,-129.0,-17.4,False,,PACKET_DROPPED,TOTAL_FADE,True,True
1043,1787941052.2219,,TRUCK_01,GW_01,1043,-127.4,-17.9,False,,PACKET_DROPPED,TOTAL_FADE,True,True
1044,1787941052.2786,,TRUCK_02,GW_01,1044,-127.3,-17.1,False,,PACKET_DROPPED,TOTAL_FADE,True,True
1045,1787941052.3384,,TRUCK_01,GW_01,1045,-127.2,-19.4,False,,PACKET_DROPPED,TOTAL_FADE,True,True
1046,1787941052.3785,,TRUCK_02,GW_01,1046,-128.9,-17.9,False,,PACKET_DROPPED,TOTAL_FADE,True,True
1047,1787941052.4275,,TRUCK_01,GW_01,1047,-129.4,-18.7,False,,PACKET_DROPPED,TOTAL_FADE,True,True
1048,1787941052.4731,,TRUCK_02,GW_01,1048,-128.6,-18.7,False,,PACKET_DROPPED,TOTAL_FADE,True,True
1049,1787941052.5246,,TRUCK_01,GW_01,1049,-129.9,-18.0,False,,PACKET_DROPPED,TOTAL_FADE,True,True
1050,1787941052.5702,,TRUCK_02,GW_01,1050,-125.6,-18.7,False,,PACKET_DROPPED,TOTAL_FADE,True,True
