packet_id,distance_m,rssi_dbm,snr_db,delivered,latency_ms,regime
1,10,-45.45,11.89,True,47.19,CLEAR_LOS
2,10,-49.87,11.89,True,47.84,CLEAR_LOS
3,10,-46.54,14.36,True,37.43,CLEAR_LOS
4,10,-43.46,10.93,True,39.04,CLEAR_LOS
5,10,-41.84,14.22,True,42.6,CLEAR_LOS
6,10,-40.93,15.05,True,41.52,CLEAR_LOS
7,10,-43.88,12.62,True,44.79,CLEAR_LOS
8,10,-42.66,10.01,True,44.84,CLEAR_LOS
9,10,-40.84,11.66,True,43.52,CLEAR_LOS
10,10,-48.3,10.04,True,45.71,CLEAR_LOS
11,10,-44.38,14.64,True,44.65,CLEAR_LOS
12,10,-35.91,12.5,True,44.85,CLEAR_LOS
13,10,-41.19,9.58,True,46.76,CLEAR_LOS
14,10,-43.08,11.37,True,46.06,CLEAR_LOS
15,10,-49.46,11.85,True,42.87,CLEAR_LOS
16,10,-38.77,12.07,True,32.49,CLEAR_LOS
17,10,-45.22,13.29,True,38.51,CLEAR_LOS
18,10,-45.01,10.65,True,33.92,CLEAR_LOS
19,10,-44.32,13.71,True,38.97,CLEAR_LOS
20,10,-44.34,10.18,True,37.89,CLEAR_LOS
21,10,-41.72,12.46,True,47.68,CLEAR_LOS
22,10,-44.02,11.5,True,38.11,CLEAR_LOS
23,10,-41.18,9.7,True,47.71,CLEAR_LOS
24,10,-48.52,13.0,True,32.18,CLEAR_LOS
25,10,-48.36,14.79,True,39.36,CLEAR_LOS
26,10,-41.98,8.68,True,33.27,CLEAR_LOS
27,10,-43.76,15.96,True,39.74,CLEAR_LOS
28,10,-47.27,11.65,True,46.82,CLEAR_LOS
29,10,-38.03,10.27,True,38.64,CLEAR_LOS
30,10,-47.44,13.97,True,39.97,CLEAR_LOS
31,10,-45.08,11.19,True,43.17,CLEAR_LOS
32,10,-46.4,12.11,True,40.65,CLEAR_LOS
33,10,-50.75,15.65,True,42.26,CLEAR_LOS
34,10,-47.48,10.79,True,47.2,CLEAR_LOS
35,10,-44.15,8.2,True,40.0,CLEAR_LOS
36,10,-45.7,9.36,True,37.9,CLEAR_LOS
37,10,-44.77,10.58,True,41.51,CLEAR_LOS
38,10,-37.73,12.15,True,37.25,CLEAR_LOS
39,10,-44.78,10.95,True,35.61,CLEAR_LOS
40,10,-54.42,10.59,True,45.96,CLEAR_LOS
41,10,-42.89,14.98,True,42.89,CLEAR_LOS
42,10,-45.8,11.06,True,47.61,CLEAR_LOS
43,10,-43.05,13.08,True,40.2,CLEAR_LOS
44,10,-47.15,10.08,True,49.65,CLEAR_LOS
45,10,-42.58,12.39,True,42.8,CLEAR_LOS
46,10,-47.47,11.96,True,39.76,CLEAR_LOS
47,10,-46.11,15.69,True,42.67,CLEAR_LOS
48,10,-57.38,12.97,True,48.04,CLEAR_LOS
49,10,-42.02,12.18,True,44.97,CLEAR_LOS
50,10,-44.38,13.27,True,43.37,CLEAR_LOS
51,10,-46.81,9.48,True,43.9,CLEAR_LOS
52,10,-42.54,9.94,True,46.24,CLEAR_LOS
53,10,-46.95,7.46,True,38.11,CLEAR_LOS
54,10,-44.55,10.64,True,36.6,CLEAR_LOS
55,10,-44.4,11.11,True,43.28,CLEAR_LOS
56,10,-38.21,11.35,True,42.53,CLEAR_LOS
57,10,-43.31,8.76,True,38.28,CLEAR_LOS
58,10,-43.29,12.54,True,41.25,CLEAR_LOS
59,10,-37.81,15.92,True,53.5,CLEAR_LOS
60,10,-44.44,11.7,True,39.54,CLEAR_LOS
61,10,-40.95,8.66,True,50.45,CLEAR_LOS
62,10,-49.51,10.41,True,40.06,CLEAR_LOS
63,10,-50.34,10.6,True,38.45,CLEAR_LOS
64,10,-44.67,6.98,True,42.27,CLEAR_LOS
65,10,-41.41,11.82,True,47.26,CLEAR_LOS
66,10,-41.2,13.44,True,47.59,CLEAR_LOS
67,10,-45.07,10.81,True,39.52,CLEAR_LOS
68,10,-43.82,10.21,True,36.12,CLEAR_LOS
69,10,-40.91,12.42,True,34.83,CLEAR_LOS
70,10,-50.1,11.69,True,46.47,CLEAR_LOS
71,10,-49.21,12.23,True,47.21,CLEAR_LOS
72,10,-44.62,14.98,True,38.59,CLEAR_LOS
73,10,-43.66,12.72,True,43.43,CLEAR_LOS
74,10,-38.89,10.22,True,39.34,CLEAR_LOS
75,10,-48.55,13.66,True,38.62,CLEAR_LOS
76,10,-46.22,9.54,True,42.98,CLEAR_LOS
77,10,-39.94,14.33,True,34.16,CLEAR_LOS
78,10,-40.8,12.77,True,44.31,CLEAR_LOS
79,10,-46.88,12.59,True,45.16,CLEAR_LOS
80,10,-42.83,9.26,True,39.72,CLEAR_LOS
81,10,-41.34,12.27,True,41.34,CLEAR_LOS
82,10,-48.11,16.14,True,37.87,CLEAR_LOS
83,10,-45.21,14.9,True,37.39,CLEAR_LOS
84,10,-46.79,11.12,True,45.18,CLEAR_LOS
85,10,-41.27,13.19,True,42.4,CLEAR_LOS
86,10,-38.77,12.83,True,43.61,CLEAR_LOS
87,10,-47.68,8.28,True,42.02,CLEAR_LOS
88,10,-45.87,13.0,True,42.37,CLEAR_LOS
89,10,-40.85,8.98,True,38.52,CLEAR_LOS
90,10,-41.74,11.74,True,39.53,CLEAR_LOS
91,10,-48.46,13.64,True,40.92,CLEAR_LOS
92,10,-51.78,7.67,True,42.7,CLEAR_LOS
93,10,-44.41,7.37,True,42.46,CLEAR_LOS
94,10,-40.14,10.18,True,36.88,CLEAR_LOS
95,10,-50.44,12.56,True,43.66,CLEAR_LOS
96,10,-50.35,10.46,True,41.13,CLEAR_LOS
97,10,-49.5,13.79,True,42.46,CLEAR_LOS
98,10,-42.49,13.37,True,46.32,CLEAR_LOS
99,10,-41.95,11.73,True,39.19,CLEAR_LOS
100,10,-46.68,7.09,True,35.5,CLEAR_LOS
101,10,-46.93,10.53,True,40.17,CLEAR_LOS
102,10,-45.94,14.68,True,41.17,CLEAR_LOS
103,10,-44.68,11.4,True,39.86,CLEAR_LOS
104,10,-42.29,15.37,True,49.12,CLEAR_LOS
105,10,-48.33,11.34,True,40.14,CLEAR_LOS
106,10,-44.91,14.3,True,35.51,CLEAR_LOS
107,10,-41.02,11.09,True,42.3,CLEAR_LOS
108,10,-39.89,15.38,True,48.77,CLEAR_LOS
109,10,-46.19,11.1,True,41.95,CLEAR_LOS
110,10,-44.04,11.79,True,38.37,CLEAR_LOS
111,10,-49.67,9.94,True,42.32,CLEAR_LOS
112,10,-37.46,11.02,True,42.72,CLEAR_LOS
113,10,-45.09,11.34,True,42.34,CLEAR_LOS
114,10,-42.98,11.96,True,45.11,CLEAR_LOS
115,10,-43.07,10.13,True,46.51,CLEAR_LOS
116,10,-44.97,12.09,True,35.75,CLEAR_LOS
117,10,-49.17,10.81,True,39.96,CLEAR_LOS
118,10,-45.17,11.53,True,41.16,CLEAR_LOS
119,10,-44.96,12.59,True,45.25,CLEAR_LOS
120,10,-39.01,12.79,True,40.92,CLEAR_LOS
121,10,-48.24,8.46,True,41.59,CLEAR_LOS
122,10,-43.45,15.29,True,39.94,CLEAR_LOS
123,10,-39.29,8.54,True,40.45,CLEAR_LOS
124,10,-48.91,12.42,True,42.91,CLEAR_LOS
125,10,-46.42,11.52,True,42.29,CLEAR_LOS
126,10,-42.38,11.84,True,40.5,CLEAR_LOS
127,10,-45.32,9.46,True,41.48,CLEAR_LOS
128,10,-49.15,12.48,True,44.58,CLEAR_LOS
129,10,-40.83,10.77,True,45.35,CLEAR_LOS
130,10,-43.42,7.62,True,41.78,CLEAR_LOS
131,10,-49.52,10.54,True,44.45,CLEAR_LOS
132,10,-36.4,12.71,True,38.97,CLEAR_LOS
133,10,-44.29,13.86,True,43.08,CLEAR_LOS
134,10,-46.42,11.53,True,39.86,CLEAR_LOS
135,10,-46.28,10.87,True,36.82,CLEAR_LOS
136,10,-44.23,11.64,True,40.61,CLEAR_LOS
137,10,-41.23,9.21,True,40.72,CLEAR_LOS
138,10,-49.58,9.84,True,42.82,CLEAR_LOS
139,10,-45.66,12.05,True,45.79,CLEAR_LOS
140,10,-39.52,11.82,True,41.91,CLEAR_LOS
141,10,-44.82,16.17,True,43.4,CLEAR_LOS
142,10,-41.38,10.99,True,42.6,CLEAR_LOS
143,10,-43.37,14.24,True,45.07,CLEAR_LOS
144,10,-44.66,9.3,True,39.9,CLEAR_LOS
145,10,-43.42,12.76,True,40.23,CLEAR_LOS
146,10,-51.7,13.74,True,39.06,CLEAR_LOS
147,10,-44.29,12.16,True,37.96,CLEAR_LOS
148,10,-41.29,14.28,True,43.08,CLEAR_LOS
149,10,-37.43,9.18,True,38.86,CLEAR_LOS
150,10,-44.58,10.83,True,35.3,CLEAR_LOS
151,10,-43.43,15.32,True,46.41,CLEAR_LOS
152,10,-47.81,12.77,True,41.42,CLEAR_LOS
153,10,-50.88,12.04,True,43.06,CLEAR_LOS
154,10,-41.32,12.45,True,40.63,CLEAR_LOS
155,10,-50.56,13.04,True,39.85,CLEAR_LOS
156,10,-44.06,11.43,True,46.44,CLEAR_LOS
157,10,-46.0,9.68,True,40.86,CLEAR_LOS
158,10,-42.65,10.86,True,47.1,CLEAR_LOS
159,10,-39.88,13.45,True,40.25,CLEAR_LOS
160,10,-50.15,9.99,True,40.42,CLEAR_LOS
161,10,-45.95,9.94,True,38.6,CLEAR_LOS
162,10,-41.04,17.58,True,43.87,CLEAR_LOS
163,10,-41.39,11.01,True,43.61,CLEAR_LOS
164,10,-45.44,14.98,True,45.73,CLEAR_LOS
165,10,-52.69,11.35,True,35.54,CLEAR_LOS
166,10,-41.43,13.57,True,45.1,CLEAR_LOS
167,10,-51.09,10.91,True,41.74,CLEAR_LOS
168,10,-40.7,10.06,True,42.92,CLEAR_LOS
169,10,-42.27,13.79,True,43.27,CLEAR_LOS
170,10,-39.77,10.24,True,42.06,CLEAR_LOS
171,10,-37.15,5.39,True,40.27,CLEAR_LOS
172,10,-43.62,14.07,True,41.92,CLEAR_LOS
173,10,-46.85,14.1,True,32.05,CLEAR_LOS
174,10,-43.28,13.29,True,38.63,CLEAR_LOS
175,10,-43.14,12.25,True,43.14,CLEAR_LOS
176,10,-44.02,13.4,True,42.85,CLEAR_LOS
177,10,-46.13,10.22,True,40.08,CLEAR_LOS
178,10,-42.78,13.1,True,41.88,CLEAR_LOS
179,10,-40.82,17.13,True,50.41,CLEAR_LOS
180,10,-44.03,11.56,True,41.83,CLEAR_LOS
181,10,-46.37,9.87,True,40.53,CLEAR_LOS
182,10,-46.32,14.61,True,43.89,CLEAR_LOS
183,10,-43.72,13.21,True,37.92,CLEAR_LOS
184,10,-43.04,13.44,True,38.75,CLEAR_LOS
185,10,-54.3,12.18,True,42.01,CLEAR_LOS
186,10,-43.25,11.52,True,39.88,CLEAR_LOS
187,10,-44.92,12.15,True,41.17,CLEAR_LOS
188,10,-45.1,10.18,True,38.35,CLEAR_LOS
189,10,-41.3,9.09,True,45.76,CLEAR_LOS
190,10,-45.68,8.93,True,40.47,CLEAR_LOS
191,10,-41.74,11.95,True,40.07,CLEAR_LOS
192,10,-43.26,8.95,True,41.23,CLEAR_LOS
193,10,-47.3,9.42,True,40.62,CLEAR_LOS
194,10,-40.16,16.15,True,48.78,CLEAR_LOS
195,10,-44.82,13.22,True,34.09,CLEAR_LOS
196,10,-50.09,15.83,True,45.14,CLEAR_LOS
197,10,-46.65,8.15,True,44.98,CLEAR_LOS
198,10,-47.18,13.22,True,43.44,CLEAR_LOS
199,10,-39.39,12.9,True,40.39,CLEAR_LOS
200,10,-48.98,9.45,True,40.64,CLEAR_LOS
201,10,-44.84,9.02,True,38.52,CLEAR_LOS
202,10,-39.18,12.7,True,41.52,CLEAR_LOS
203,10,-46.66,14.6,True,34.26,CLEAR_LOS
204,10,-40.64,12.83,True,43.7,CLEAR_LOS
205,10,-42.34,12.75,True,42.6,CLEAR_LOS
206,10,-46.68,7.32,True,38.17,CLEAR_LOS
207,10,-42.41,14.15,True,42.39,CLEAR_LOS
208,10,-45.36,11.3,True,38.79,CLEAR_LOS
209,10,-43.86,11.45,True,41.81,CLEAR_LOS
210,10,-46.57,9.22,True,39.08,CLEAR_LOS
211,10,-46.15,11.7,True,43.01,CLEAR_LOS
212,10,-46.41,13.53,True,36.18,CLEAR_LOS
213,10,-53.59,7.37,True,42.29,CLEAR_LOS
214,10,-42.63,12.73,True,33.2,CLEAR_LOS
215,10,-44.12,11.42,True,41.71,CLEAR_LOS
216,10,-46.15,14.51,True,47.49,CLEAR_LOS
217,10,-39.18,7.24,True,39.19,CLEAR_LOS
218,10,-47.87,9.63,True,39.82,CLEAR_LOS
219,10,-41.42,14.03,True,42.41,CLEAR_LOS
220,10,-51.07,12.76,True,38.26,CLEAR_LOS
221,10,-45.91,10.51,True,41.85,CLEAR_LOS
222,10,-40.14,12.55,True,37.6,CLEAR_LOS
223,10,-43.68,13.13,True,39.86,CLEAR_LOS
224,10,-40.64,9.78,True,45.26,CLEAR_LOS
225,10,-45.44,12.88,True,45.56,CLEAR_LOS
226,10,-46.35,11.32,True,44.81,CLEAR_LOS
227,10,-45.05,14.36,True,36.61,CLEAR_LOS
228,10,-47.38,10.74,True,40.08,CLEAR_LOS
229,10,-42.08,10.25,True,38.7,CLEAR_LOS
230,10,-47.6,8.67,True,41.06,CLEAR_LOS
231,10,-39.55,9.52,True,42.56,CLEAR_LOS
232,10,-42.76,17.28,True,39.03,CLEAR_LOS
233,10,-46.96,8.3,True,37.71,CLEAR_LOS
234,10,-45.07,12.27,True,41.25,CLEAR_LOS
235,10,-40.7,8.08,True,36.76,CLEAR_LOS
236,10,-42.14,13.66,True,44.51,CLEAR_LOS
237,10,-43.68,10.2,True,40.34,CLEAR_LOS
238,10,-49.53,10.79,True,44.84,CLEAR_LOS
239,10,-39.73,12.41,True,46.17,CLEAR_LOS
240,10,-40.98,12.6,True,44.49,CLEAR_LOS
241,10,-41.74,6.78,True,45.8,CLEAR_LOS
242,10,-38.46,9.66,True,40.2,CLEAR_LOS
243,10,-46.16,12.24,True,45.23,CLEAR_LOS
244,10,-43.1,11.7,True,43.37,CLEAR_LOS
245,10,-46.0,11.68,True,37.04,CLEAR_LOS
246,10,-54.04,15.07,True,39.72,CLEAR_LOS
247,10,-47.77,9.96,True,44.08,CLEAR_LOS
248,10,-49.21,14.29,True,36.19,CLEAR_LOS
249,10,-51.01,11.33,True,43.95,CLEAR_LOS
250,10,-50.39,12.17,True,44.37,CLEAR_LOS
251,10,-48.78,12.47,True,40.92,CLEAR_LOS
252,10,-42.98,12.15,True,41.83,CLEAR_LOS
253,10,-39.72,12.42,True,42.71,CLEAR_LOS
254,10,-45.45,12.83,True,30.99,CLEAR_LOS
255,10,-44.44,12.43,True,35.5,CLEAR_LOS
256,10,-46.12,14.27,True,43.85,CLEAR_LOS
257,10,-43.2,8.99,True,39.84,CLEAR_LOS
258,10,-45.31,10.61,True,44.73,CLEAR_LOS
259,10,-47.12,12.03,True,38.51,CLEAR_LOS
260,10,-46.5,12.41,True,43.0,CLEAR_LOS
261,10,-44.73,13.46,True,36.36,CLEAR_LOS
262,10,-46.14,10.31,True,44.49,CLEAR_LOS
263,10,-47.62,10.43,True,41.56,CLEAR_LOS
264,10,-43.91,13.77,True,41.63,CLEAR_LOS
265,10,-45.18,8.28,True,42.82,CLEAR_LOS
266,10,-44.7,14.24,True,43.65,CLEAR_LOS
267,10,-46.59,11.61,True,42.73,CLEAR_LOS
268,10,-50.26,12.91,True,42.03,CLEAR_LOS
269,10,-42.82,11.51,True,39.25,CLEAR_LOS
270,10,-40.03,10.55,True,41.39,CLEAR_LOS
271,10,-44.66,13.42,True,36.32,CLEAR_LOS
272,10,-49.95,12.59,True,44.89,CLEAR_LOS
273,10,-44.91,10.11,True,45.08,CLEAR_LOS
274,10,-45.93,9.18,True,37.53,CLEAR_LOS
275,10,-51.72,12.75,True,42.43,CLEAR_LOS
276,10,-49.76,9.97,True,38.17,CLEAR_LOS
277,10,-41.61,12.56,True,42.34,CLEAR_LOS
278,10,-39.86,11.57,True,36.12,CLEAR_LOS
279,10,-45.3,8.45,True,41.18,CLEAR_LOS
280,10,-45.49,9.82,True,43.23,CLEAR_LOS
281,10,-51.54,10.97,True,40.64,CLEAR_LOS
282,10,-48.58,10.34,True,39.07,CLEAR_LOS
283,10,-41.07,11.77,True,46.24,CLEAR_LOS
284,10,-44.28,14.08,True,41.26,CLEAR_LOS
285,10,-48.7,9.68,True,50.1,CLEAR_LOS
286,10,-49.42,12.11,True,38.32,CLEAR_LOS
287,10,-39.03,11.39,True,39.53,CLEAR_LOS
288,10,-40.41,13.09,True,41.2,CLEAR_LOS
289,10,-38.4,11.51,True,41.43,CLEAR_LOS
290,10,-44.48,14.01,True,40.52,CLEAR_LOS
291,10,-47.17,12.22,True,46.71,CLEAR_LOS
292,10,-42.38,9.84,True,41.07,CLEAR_LOS
293,10,-46.12,15.54,True,39.72,CLEAR_LOS
294,10,-50.26,11.85,True,39.12,CLEAR_LOS
295,10,-49.17,16.11,True,44.03,CLEAR_LOS
296,10,-49.78,12.6,True,45.05,CLEAR_LOS
297,10,-47.62,11.48,True,41.63,CLEAR_LOS
298,10,-47.46,10.81,True,39.08,CLEAR_LOS
299,10,-46.9,16.53,True,39.66,CLEAR_LOS
300,10,-47.56,11.14,True,44.77,CLEAR_LOS
301,10,-51.18,10.3,True,46.53,CLEAR_LOS
302,10,-42.11,9.04,True,42.57,CLEAR_LOS
303,10,-50.7,10.91,True,37.69,CLEAR_LOS
304,10,-48.24,10.9,True,44.69,CLEAR_LOS
305,10,-46.09,9.27,True,39.15,CLEAR_LOS
306,10,-42.39,14.99,True,41.6,CLEAR_LOS
307,10,-40.77,12.0,True,37.9,CLEAR_LOS
308,10,-41.13,13.85,True,44.39,CLEAR_LOS
309,10,-45.59,12.56,True,43.67,CLEAR_LOS
310,10,-46.51,15.27,True,44.36,CLEAR_LOS
311,10,-45.65,13.0,True,36.88,CLEAR_LOS
312,10,-47.07,5.75,True,42.34,CLEAR_LOS
313,10,-43.19,12.13,True,38.51,CLEAR_LOS
314,10,-48.73,15.34,True,42.41,CLEAR_LOS
315,10,-43.13,9.53,True,41.99,CLEAR_LOS
316,10,-44.74,14.74,True,38.55,CLEAR_LOS
317,10,-41.01,8.3,True,40.74,CLEAR_LOS
318,10,-43.78,12.49,True,41.56,CLEAR_LOS
319,10,-50.39,13.08,True,46.53,CLEAR_LOS
320,10,-44.34,10.54,True,39.34,CLEAR_LOS
321,10,-45.38,11.86,True,39.81,CLEAR_LOS
322,10,-43.86,10.16,True,45.42,CLEAR_LOS
323,10,-43.7,9.69,True,41.49,CLEAR_LOS
324,10,-43.58,9.66,True,41.33,CLEAR_LOS
325,10,-44.09,11.32,True,38.81,CLEAR_LOS
326,10,-40.28,11.27,True,39.15,CLEAR_LOS
327,10,-47.57,7.82,True,38.77,CLEAR_LOS
328,10,-44.94,11.24,True,39.65,CLEAR_LOS
329,10,-48.62,9.55,True,40.23,CLEAR_LOS
330,10,-39.47,12.74,True,38.88,CLEAR_LOS
331,10,-44.34,13.35,True,42.06,CLEAR_LOS
332,10,-44.3,8.97,True,43.45,CLEAR_LOS
333,10,-38.61,11.51,True,44.37,CLEAR_LOS
334,10,-47.84,14.35,True,39.79,CLEAR_LOS
335,10,-39.56,10.0,True,44.13,CLEAR_LOS
336,10,-45.64,12.29,True,41.62,CLEAR_LOS
337,10,-47.97,10.97,True,41.36,CLEAR_LOS
338,10,-48.82,13.38,True,40.47,CLEAR_LOS
339,10,-39.93,11.87,True,46.82,CLEAR_LOS
340,10,-45.56,7.84,True,39.44,CLEAR_LOS
341,10,-46.61,10.62,True,38.97,CLEAR_LOS
342,10,-47.88,14.1,True,38.42,CLEAR_LOS
343,10,-44.67,12.85,True,39.26,CLEAR_LOS
344,10,-46.46,8.74,True,34.13,CLEAR_LOS
345,10,-48.5,11.75,True,47.65,CLEAR_LOS
346,10,-45.83,13.51,True,37.57,CLEAR_LOS
347,10,-48.52,13.33,True,42.0,CLEAR_LOS
348,10,-50.07,9.65,True,46.61,CLEAR_LOS
349,10,-39.65,11.46,True,42.88,CLEAR_LOS
350,10,-42.62,7.57,True,40.76,CLEAR_LOS
351,10,-43.3,9.78,True,36.16,CLEAR_LOS
352,10,-41.74,10.97,True,41.57,CLEAR_LOS
353,10,-45.19,11.99,True,42.22,CLEAR_LOS
354,10,-48.51,11.34,True,38.69,CLEAR_LOS
355,10,-42.55,11.18,True,41.65,CLEAR_LOS
356,10,-46.93,11.83,True,41.33,CLEAR_LOS
357,10,-43.84,10.89,True,39.07,CLEAR_LOS
358,10,-44.01,10.02,True,43.71,CLEAR_LOS
359,10,-46.1,10.72,True,41.38,CLEAR_LOS
360,10,-43.42,10.92,True,42.67,CLEAR_LOS
361,10,-41.07,12.91,True,43.46,CLEAR_LOS
362,10,-50.05,10.0,True,38.32,CLEAR_LOS
363,10,-43.91,11.66,True,38.29,CLEAR_LOS
364,10,-44.3,13.4,True,40.82,CLEAR_LOS
365,10,-48.4,8.89,True,40.32,CLEAR_LOS
366,10,-45.31,10.39,True,48.8,CLEAR_LOS
367,10,-46.29,14.03,True,41.16,CLEAR_LOS
368,10,-41.51,15.22,True,37.73,CLEAR_LOS
369,10,-48.16,13.37,True,40.77,CLEAR_LOS
370,10,-50.74,11.5,True,40.87,CLEAR_LOS
371,10,-43.16,16.05,True,45.32,CLEAR_LOS
372,10,-44.07,12.75,True,36.87,CLEAR_LOS
373,10,-41.14,10.96,True,44.69,CLEAR_LOS
374,10,-42.09,12.5,True,45.72,CLEAR_LOS
375,10,-50.88,11.69,True,47.36,CLEAR_LOS
376,10,-46.7,10.81,True,41.07,CLEAR_LOS
377,10,-38.31,9.17,True,44.69,CLEAR_LOS
378,10,-48.07,10.84,True,43.24,CLEAR_LOS
379,10,-47.03,9.9,True,42.64,CLEAR_LOS
380,10,-49.71,11.83,True,39.1,CLEAR_LOS
381,10,-48.54,8.69,True,38.76,CLEAR_LOS
382,10,-46.58,12.33,True,44.75,CLEAR_LOS
383,10,-40.72,15.56,True,41.31,CLEAR_LOS
384,10,-48.29,11.73,True,42.79,CLEAR_LOS
385,10,-40.11,13.43,True,39.72,CLEAR_LOS
386,10,-43.66,12.49,True,44.97,CLEAR_LOS
387,10,-48.06,13.84,True,45.25,CLEAR_LOS
388,10,-47.68,11.77,True,39.83,CLEAR_LOS
389,10,-48.73,9.94,True,40.69,CLEAR_LOS
390,10,-48.09,12.01,True,42.66,CLEAR_LOS
391,10,-46.28,13.82,True,35.99,CLEAR_LOS
392,10,-42.49,13.29,True,37.95,CLEAR_LOS
393,10,-45.89,7.7,True,41.94,CLEAR_LOS
394,10,-54.88,13.42,True,42.47,CLEAR_LOS
395,10,-39.2,10.84,True,41.54,CLEAR_LOS
396,10,-47.01,16.35,True,42.17,CLEAR_LOS
397,10,-46.49,10.56,True,47.66,CLEAR_LOS
398,10,-42.87,7.48,True,37.84,CLEAR_LOS
399,10,-48.03,11.52,True,42.25,CLEAR_LOS
400,10,-48.89,8.9,True,48.23,CLEAR_LOS
401,10,-53.22,11.97,True,38.82,CLEAR_LOS
402,10,-44.55,12.69,True,39.5,CLEAR_LOS
403,10,-46.08,9.28,True,45.3,CLEAR_LOS
404,10,-48.36,12.43,True,47.88,CLEAR_LOS
405,10,-43.75,11.45,True,44.67,CLEAR_LOS
406,10,-38.6,10.43,True,39.49,CLEAR_LOS
407,10,-50.4,15.38,True,44.98,CLEAR_LOS
408,10,-48.77,10.18,True,39.46,CLEAR_LOS
409,10,-42.23,10.17,True,40.42,CLEAR_LOS
410,10,-49.16,10.96,True,41.75,CLEAR_LOS
411,10,-45.51,12.17,True,40.33,CLEAR_LOS
412,10,-40.48,8.73,True,45.43,CLEAR_LOS
413,10,-44.01,10.64,True,40.18,CLEAR_LOS
414,10,-40.09,11.66,True,45.64,CLEAR_LOS
415,10,-41.55,12.81,True,35.55,CLEAR_LOS
416,10,-48.58,11.56,True,34.3,CLEAR_LOS
417,10,-54.64,11.55,True,45.56,CLEAR_LOS
418,10,-55.01,12.38,True,48.4,CLEAR_LOS
419,10,-45.48,9.78,True,52.6,CLEAR_LOS
420,10,-45.1,14.23,True,36.78,CLEAR_LOS
421,10,-41.64,9.59,True,34.15,CLEAR_LOS
422,10,-46.24,13.04,True,34.84,CLEAR_LOS
423,10,-49.79,10.28,True,41.48,CLEAR_LOS
424,10,-40.34,9.37,True,46.16,CLEAR_LOS
425,10,-46.47,15.07,True,43.66,CLEAR_LOS
426,10,-44.31,9.87,True,38.8,CLEAR_LOS
427,10,-41.84,14.15,True,47.48,CLEAR_LOS
428,10,-43.59,12.72,True,44.73,CLEAR_LOS
429,10,-45.57,8.64,True,42.06,CLEAR_LOS
430,10,-51.14,12.13,True,45.89,CLEAR_LOS
431,10,-49.71,11.34,True,39.54,CLEAR_LOS
432,10,-45.44,10.79,True,39.42,CLEAR_LOS
433,10,-42.7,11.29,True,33.1,CLEAR_LOS
434,10,-47.46,13.11,True,39.89,CLEAR_LOS
435,10,-51.69,11.21,True,44.8,CLEAR_LOS
436,10,-44.7,10.88,True,47.63,CLEAR_LOS
437,10,-46.14,11.4,True,39.46,CLEAR_LOS
438,10,-50.22,10.8,True,39.29,CLEAR_LOS
439,10,-45.95,12.98,True,47.05,CLEAR_LOS
440,10,-49.08,11.26,True,36.88,CLEAR_LOS
441,10,-40.47,10.95,True,39.51,CLEAR_LOS
442,10,-44.87,7.7,True,43.07,CLEAR_LOS
443,10,-41.26,15.36,True,47.2,CLEAR_LOS
444,10,-50.53,10.08,True,42.96,CLEAR_LOS
445,10,-47.34,14.89,True,44.37,CLEAR_LOS
446,10,-42.72,13.69,True,38.38,CLEAR_LOS
447,10,-44.74,12.65,True,43.51,CLEAR_LOS
448,10,-43.32,14.61,True,44.77,CLEAR_LOS
449,10,-39.25,11.5,True,43.46,CLEAR_LOS
450,10,-45.21,10.68,True,41.22,CLEAR_LOS
451,10,-47.46,11.22,True,37.24,CLEAR_LOS
452,10,-48.48,15.38,True,34.52,CLEAR_LOS
453,10,-45.7,9.97,True,40.7,CLEAR_LOS
454,10,-47.9,12.11,True,40.06,CLEAR_LOS
455,10,-47.59,14.18,True,43.54,CLEAR_LOS
456,10,-47.36,13.49,True,46.39,CLEAR_LOS
457,10,-45.11,7.03,True,43.45,CLEAR_LOS
458,10,-47.61,12.48,True,42.94,CLEAR_LOS
459,10,-45.39,12.13,True,41.64,CLEAR_LOS
460,10,-46.99,9.5,True,40.98,CLEAR_LOS
461,10,-48.74,11.94,True,39.34,CLEAR_LOS
462,10,-45.39,10.38,True,38.31,CLEAR_LOS
463,10,-48.53,14.13,True,43.35,CLEAR_LOS
464,10,-46.88,14.59,True,37.66,CLEAR_LOS
465,10,-45.4,17.13,True,37.08,CLEAR_LOS
466,10,-53.74,12.2,True,37.0,CLEAR_LOS
467,10,-48.52,11.48,True,40.93,CLEAR_LOS
468,10,-44.49,15.37,True,37.16,CLEAR_LOS
469,10,-43.35,10.38,True,39.98,CLEAR_LOS
470,10,-46.61,11.84,True,42.15,CLEAR_LOS
471,10,-48.65,9.57,True,39.12,CLEAR_LOS
472,10,-46.95,8.96,True,49.7,CLEAR_LOS
473,10,-45.46,7.05,True,42.26,CLEAR_LOS
474,10,-44.83,9.75,True,42.62,CLEAR_LOS
475,10,-44.63,10.26,True,36.88,CLEAR_LOS
476,10,-43.19,11.24,True,38.14,CLEAR_LOS
477,10,-45.49,10.79,True,39.49,CLEAR_LOS
478,10,-45.49,12.64,True,46.21,CLEAR_LOS
479,10,-46.67,8.11,True,42.59,CLEAR_LOS
480,10,-45.9,11.64,True,40.25,CLEAR_LOS
481,10,-49.57,13.81,True,34.1,CLEAR_LOS
482,10,-41.14,9.35,True,38.29,CLEAR_LOS
483,10,-47.18,12.92,True,41.54,CLEAR_LOS
484,10,-47.97,12.39,True,44.05,CLEAR_LOS
485,10,-44.36,11.71,True,45.03,CLEAR_LOS
486,10,-39.5,10.95,True,43.36,CLEAR_LOS
487,10,-45.46,13.24,True,43.98,CLEAR_LOS
488,10,-45.0,8.91,True,37.47,CLEAR_LOS
489,10,-43.78,10.56,True,38.04,CLEAR_LOS
490,10,-41.05,11.37,True,44.78,CLEAR_LOS
491,10,-47.73,11.53,True,33.59,CLEAR_LOS
492,10,-45.02,11.98,True,40.97,CLEAR_LOS
493,10,-40.77,7.24,True,39.56,CLEAR_LOS
494,10,-49.99,12.58,True,42.3,CLEAR_LOS
495,10,-40.5,12.64,True,43.76,CLEAR_LOS
496,10,-49.74,8.57,True,46.99,CLEAR_LOS
497,10,-43.95,11.14,True,47.21,CLEAR_LOS
498,10,-43.47,12.47,True,48.86,CLEAR_LOS
499,10,-49.37,9.71,True,43.04,CLEAR_LOS
500,10,-42.66,11.7,True,42.65,CLEAR_LOS
501,10,-42.75,12.84,True,49.11,CLEAR_LOS
502,10,-42.33,14.02,True,38.04,CLEAR_LOS
503,10,-45.1,10.19,True,36.94,CLEAR_LOS
504,10,-47.14,11.25,True,38.68,CLEAR_LOS
505,10,-40.5,11.29,True,45.57,CLEAR_LOS
506,10,-46.7,11.11,True,41.06,CLEAR_LOS
507,10,-44.3,14.65,True,45.94,CLEAR_LOS
508,10,-37.4,8.77,True,45.79,CLEAR_LOS
509,10,-43.43,10.67,True,43.58,CLEAR_LOS
510,10,-45.32,11.91,True,45.72,CLEAR_LOS
511,10,-42.58,13.9,True,35.79,CLEAR_LOS
512,10,-43.19,11.01,True,40.14,CLEAR_LOS
513,10,-49.74,9.9,True,42.71,CLEAR_LOS
514,10,-44.98,12.35,True,38.56,CLEAR_LOS
515,10,-42.87,12.91,True,35.08,CLEAR_LOS
516,10,-45.26,13.82,True,44.02,CLEAR_LOS
517,10,-41.02,11.9,True,40.05,CLEAR_LOS
518,10,-45.46,8.75,True,42.45,CLEAR_LOS
519,10,-45.8,10.63,True,36.24,CLEAR_LOS
520,10,-43.94,14.02,True,42.1,CLEAR_LOS
521,10,-45.64,12.39,True,40.52,CLEAR_LOS
522,10,-44.39,8.78,True,42.25,CLEAR_LOS
523,10,-47.55,11.03,True,45.19,CLEAR_LOS
524,10,-47.22,14.34,True,45.06,CLEAR_LOS
525,10,-52.01,12.16,True,42.54,CLEAR_LOS
526,10,-44.49,11.91,True,46.01,CLEAR_LOS
527,10,-41.56,9.07,True,37.94,CLEAR_LOS
528,10,-44.25,12.51,True,41.7,CLEAR_LOS
529,10,-43.65,10.51,True,44.54,CLEAR_LOS
530,10,-43.16,12.55,True,40.45,CLEAR_LOS
531,10,-48.98,13.77,True,38.35,CLEAR_LOS
532,10,-43.82,11.48,True,47.5,CLEAR_LOS
533,10,-49.99,11.13,True,39.08,CLEAR_LOS
534,10,-45.8,9.89,True,42.44,CLEAR_LOS
535,10,-45.19,13.81,True,36.19,CLEAR_LOS
536,10,-50.12,10.37,True,39.36,CLEAR_LOS
537,10,-48.51,8.12,True,43.47,CLEAR_LOS
538,10,-44.62,13.16,True,40.93,CLEAR_LOS
539,10,-39.61,11.8,True,38.21,CLEAR_LOS
540,10,-41.18,9.68,True,43.6,CLEAR_LOS
541,10,-45.59,12.04,True,43.07,CLEAR_LOS
542,10,-39.53,12.46,True,42.02,CLEAR_LOS
543,10,-48.17,10.76,True,42.36,CLEAR_LOS
544,10,-43.51,11.71,True,40.79,CLEAR_LOS
545,10,-41.16,11.28,True,45.85,CLEAR_LOS
546,10,-48.9,12.82,True,41.79,CLEAR_LOS
547,10,-43.19,14.01,True,38.83,CLEAR_LOS
548,10,-49.68,12.43,True,36.64,CLEAR_LOS
549,10,-49.81,10.1,True,43.25,CLEAR_LOS
550,10,-43.62,15.53,True,41.45,CLEAR_LOS
551,10,-41.28,9.71,True,45.61,CLEAR_LOS
552,10,-38.85,14.44,True,37.82,CLEAR_LOS
553,10,-47.79,8.07,True,39.58,CLEAR_LOS
554,10,-44.83,13.01,True,35.08,CLEAR_LOS
555,10,-43.6,9.28,True,41.72,CLEAR_LOS
556,10,-40.9,9.43,True,44.36,CLEAR_LOS
557,10,-38.94,12.71,True,40.33,CLEAR_LOS
558,10,-39.79,12.52,True,44.09,CLEAR_LOS
559,10,-47.32,12.13,True,41.3,CLEAR_LOS
560,10,-44.9,10.09,True,43.99,CLEAR_LOS
561,10,-45.56,12.53,True,35.84,CLEAR_LOS
562,10,-45.01,7.85,True,44.02,CLEAR_LOS
563,10,-44.47,13.02,True,37.92,CLEAR_LOS
564,10,-42.18,11.71,True,36.9,CLEAR_LOS
565,10,-48.95,15.94,True,37.55,CLEAR_LOS
566,10,-40.24,11.17,True,41.41,CLEAR_LOS
567,10,-42.83,8.31,True,42.07,CLEAR_LOS
568,10,-49.39,11.51,True,39.91,CLEAR_LOS
569,10,-40.94,13.21,True,38.23,CLEAR_LOS
570,10,-46.89,8.99,True,45.4,CLEAR_LOS
571,10,-39.19,13.79,True,36.56,CLEAR_LOS
572,10,-52.06,11.82,True,39.62,CLEAR_LOS
573,10,-43.8,10.63,True,44.5,CLEAR_LOS
574,10,-40.11,12.03,True,37.26,CLEAR_LOS
575,10,-45.06,12.49,True,44.69,CLEAR_LOS
576,10,-45.99,11.78,True,42.69,CLEAR_LOS
577,10,-41.43,7.58,True,36.53,CLEAR_LOS
578,10,-46.34,9.53,True,35.88,CLEAR_LOS
579,10,-56.61,9.81,True,43.02,CLEAR_LOS
580,10,-50.52,8.19,True,41.3,CLEAR_LOS
581,10,-41.57,14.26,True,38.88,CLEAR_LOS
582,10,-48.25,10.07,True,44.35,CLEAR_LOS
583,10,-41.08,14.63,True,39.78,CLEAR_LOS
584,10,-44.07,9.08,True,46.41,CLEAR_LOS
585,10,-45.71,8.98,True,43.39,CLEAR_LOS
586,10,-45.85,9.75,True,42.22,CLEAR_LOS
587,10,-49.03,13.97,True,45.83,CLEAR_LOS
588,10,-46.87,8.36,True,44.98,CLEAR_LOS
589,10,-45.31,11.45,True,47.05,CLEAR_LOS
590,10,-44.48,12.9,True,41.33,CLEAR_LOS
591,10,-47.21,12.38,True,47.62,CLEAR_LOS
592,10,-47.12,11.5,True,46.87,CLEAR_LOS
593,10,-53.86,13.16,True,38.42,CLEAR_LOS
594,10,-47.73,9.11,True,42.22,CLEAR_LOS
595,10,-46.08,8.75,True,43.43,CLEAR_LOS
596,10,-41.01,9.69,True,41.35,CLEAR_LOS
597,10,-44.98,12.87,True,40.91,CLEAR_LOS
598,10,-40.68,11.13,True,40.69,CLEAR_LOS
599,10,-48.17,13.83,True,39.72,CLEAR_LOS
600,10,-41.71,11.99,True,41.65,CLEAR_LOS
601,10,-40.93,9.45,True,44.68,CLEAR_LOS
602,10,-45.71,13.45,True,44.49,CLEAR_LOS
603,10,-42.95,12.28,True,48.04,CLEAR_LOS
604,10,-43.04,7.29,True,45.72,CLEAR_LOS
605,10,-41.36,13.04,True,40.49,CLEAR_LOS
606,10,-44.13,9.67,True,48.88,CLEAR_LOS
607,10,-42.41,12.23,True,41.96,CLEAR_LOS
608,10,-44.94,11.55,True,38.49,CLEAR_LOS
609,10,-45.93,11.36,True,41.67,CLEAR_LOS
610,10,-46.05,14.32,True,48.33,CLEAR_LOS
611,10,-39.62,7.7,True,49.31,CLEAR_LOS
612,10,-41.14,7.57,True,42.66,CLEAR_LOS
613,10,-48.17,10.21,True,39.66,CLEAR_LOS
614,10,-43.38,8.97,True,43.93,CLEAR_LOS
615,10,-44.52,10.39,True,40.15,CLEAR_LOS
616,10,-51.26,9.28,True,40.44,CLEAR_LOS
617,10,-44.56,16.53,True,45.02,CLEAR_LOS
618,10,-44.91,5.45,True,48.82,CLEAR_LOS
619,10,-46.99,10.04,True,44.23,CLEAR_LOS
620,10,-43.42,14.29,True,38.92,CLEAR_LOS
621,10,-50.7,8.62,True,35.44,CLEAR_LOS
622,10,-47.74,10.6,True,44.01,CLEAR_LOS
623,10,-36.05,16.08,True,40.14,CLEAR_LOS
624,10,-50.83,13.11,True,48.76,CLEAR_LOS
625,10,-41.96,9.77,True,44.33,CLEAR_LOS
626,10,-49.67,12.38,True,46.54,CLEAR_LOS
627,10,-40.39,6.53,True,42.16,CLEAR_LOS
628,10,-46.07,10.47,True,43.36,CLEAR_LOS
629,10,-45.15,15.9,True,43.43,CLEAR_LOS
630,10,-41.89,9.35,True,38.67,CLEAR_LOS
631,10,-46.13,14.02,True,38.98,CLEAR_LOS
632,10,-47.35,10.97,True,42.23,CLEAR_LOS
633,10,-36.37,15.33,True,43.31,CLEAR_LOS
634,10,-49.61,8.14,True,36.94,CLEAR_LOS
635,10,-42.99,12.88,True,42.42,CLEAR_LOS
636,10,-49.67,14.07,True,44.9,CLEAR_LOS
637,10,-47.18,12.93,True,37.32,CLEAR_LOS
638,10,-43.07,15.0,True,44.4,CLEAR_LOS
639,10,-37.17,12.09,True,43.02,CLEAR_LOS
640,10,-42.33,11.63,True,32.69,CLEAR_LOS
641,10,-40.08,12.7,True,42.08,CLEAR_LOS
642,10,-41.91,12.37,True,42.52,CLEAR_LOS
643,10,-47.6,10.85,True,38.12,CLEAR_LOS
644,10,-40.95,12.81,True,40.11,CLEAR_LOS
645,10,-47.45,10.3,True,40.49,CLEAR_LOS
646,10,-44.68,9.79,True,42.2,CLEAR_LOS
647,10,-43.87,9.34,True,43.45,CLEAR_LOS
648,10,-46.82,10.47,True,36.82,CLEAR_LOS
649,10,-43.45,10.01,True,49.98,CLEAR_LOS
650,10,-39.69,11.21,True,39.46,CLEAR_LOS
651,10,-43.19,9.0,True,44.55,CLEAR_LOS
652,10,-47.18,13.67,True,43.55,CLEAR_LOS
653,10,-45.5,10.97,True,44.11,CLEAR_LOS
654,10,-40.45,12.88,True,39.2,CLEAR_LOS
655,10,-46.98,11.81,True,40.14,CLEAR_LOS
656,10,-52.38,10.71,True,44.43,CLEAR_LOS
657,10,-44.49,10.72,True,41.16,CLEAR_LOS
658,10,-45.75,13.85,True,30.69,CLEAR_LOS
659,10,-45.93,11.63,True,47.24,CLEAR_LOS
660,10,-42.1,11.26,True,41.57,CLEAR_LOS
661,10,-43.54,11.75,True,40.89,CLEAR_LOS
662,10,-42.79,14.54,True,43.73,CLEAR_LOS
663,10,-41.14,9.98,True,41.3,CLEAR_LOS
664,10,-44.59,8.35,True,45.84,CLEAR_LOS
665,10,-37.89,13.47,True,43.8,CLEAR_LOS
666,10,-49.82,11.18,True,43.84,CLEAR_LOS
667,10,-42.34,9.88,True,46.48,CLEAR_LOS
668,10,-44.15,9.36,True,44.72,CLEAR_LOS
669,10,-48.87,15.51,True,38.55,CLEAR_LOS
670,10,-44.84,12.34,True,36.69,CLEAR_LOS
671,10,-43.88,12.6,True,36.8,CLEAR_LOS
672,10,-43.81,11.52,True,45.51,CLEAR_LOS
673,10,-42.83,10.69,True,40.56,CLEAR_LOS
674,10,-46.6,12.33,True,44.21,CLEAR_LOS
675,10,-52.05,13.19,True,36.51,CLEAR_LOS
676,10,-50.77,10.38,True,40.46,CLEAR_LOS
677,10,-52.12,11.28,True,39.19,CLEAR_LOS
678,10,-50.23,9.96,True,38.18,CLEAR_LOS
679,10,-50.49,12.14,True,43.44,CLEAR_LOS
680,10,-49.11,9.66,True,47.85,CLEAR_LOS
681,10,-40.48,9.83,True,41.97,CLEAR_LOS
682,10,-42.35,11.6,True,41.66,CLEAR_LOS
683,10,-48.99,13.65,True,42.56,CLEAR_LOS
684,10,-44.76,13.86,True,43.76,CLEAR_LOS
685,10,-47.34,13.48,True,45.45,CLEAR_LOS
686,10,-42.41,16.4,True,43.08,CLEAR_LOS
687,10,-41.43,9.42,True,39.41,CLEAR_LOS
688,10,-42.52,8.93,True,45.71,CLEAR_LOS
689,10,-46.5,9.94,True,44.76,CLEAR_LOS
690,10,-45.0,15.59,True,36.49,CLEAR_LOS
691,10,-52.95,15.03,True,43.54,CLEAR_LOS
692,10,-43.77,11.7,True,42.16,CLEAR_LOS
693,10,-44.1,12.07,True,44.54,CLEAR_LOS
694,10,-42.48,11.48,True,35.53,CLEAR_LOS
695,10,-45.76,12.14,True,36.61,CLEAR_LOS
696,10,-42.06,10.52,True,43.56,CLEAR_LOS
697,10,-43.07,13.36,True,40.85,CLEAR_LOS
698,10,-41.38,13.97,True,35.71,CLEAR_LOS
699,10,-44.45,13.53,True,39.61,CLEAR_LOS
700,10,-40.43,12.1,True,41.87,CLEAR_LOS
701,10,-42.77,12.21,True,39.61,CLEAR_LOS
702,10,-48.61,13.28,True,41.11,CLEAR_LOS
703,10,-49.59,10.34,True,45.54,CLEAR_LOS
704,10,-45.79,10.87,True,41.04,CLEAR_LOS
705,10,-46.88,10.98,True,37.05,CLEAR_LOS
706,10,-49.99,14.41,True,41.32,CLEAR_LOS
707,10,-39.05,9.87,True,44.4,CLEAR_LOS
708,10,-43.11,10.37,True,44.75,CLEAR_LOS
709,10,-46.43,9.0,True,43.74,CLEAR_LOS
710,10,-46.92,9.99,True,48.8,CLEAR_LOS
711,10,-51.39,10.13,True,41.31,CLEAR_LOS
712,10,-40.1,13.24,True,48.37,CLEAR_LOS
713,10,-46.71,9.97,True,38.86,CLEAR_LOS
714,10,-39.77,9.32,True,44.03,CLEAR_LOS
715,10,-47.32,11.76,True,40.8,CLEAR_LOS
716,10,-45.53,11.02,True,46.15,CLEAR_LOS
717,10,-43.27,12.57,True,40.89,CLEAR_LOS
718,10,-42.0,14.18,True,41.3,CLEAR_LOS
719,10,-47.72,12.15,True,43.19,CLEAR_LOS
720,10,-53.14,12.06,True,35.99,CLEAR_LOS
721,10,-47.03,14.37,True,40.64,CLEAR_LOS
722,10,-33.21,11.19,True,43.58,CLEAR_LOS
723,10,-40.41,9.66,True,41.77,CLEAR_LOS
724,10,-45.92,11.16,True,42.59,CLEAR_LOS
725,10,-46.98,12.93,True,31.37,CLEAR_LOS
726,10,-43.92,12.69,True,35.26,CLEAR_LOS
727,10,-36.48,10.09,True,40.86,CLEAR_LOS
728,10,-45.61,12.2,True,47.22,CLEAR_LOS
729,10,-44.15,8.65,True,40.34,CLEAR_LOS
730,10,-44.88,10.72,True,39.98,CLEAR_LOS
731,10,-44.2,10.09,True,41.35,CLEAR_LOS
732,10,-41.99,10.36,True,42.86,CLEAR_LOS
733,10,-43.94,9.62,True,44.16,CLEAR_LOS
734,10,-43.95,9.26,True,39.08,CLEAR_LOS
735,10,-40.58,10.25,True,43.23,CLEAR_LOS
736,10,-53.0,13.57,True,37.51,CLEAR_LOS
737,10,-46.12,10.29,True,41.56,CLEAR_LOS
738,10,-40.49,14.2,True,36.8,CLEAR_LOS
739,10,-39.33,11.82,True,39.53,CLEAR_LOS
740,10,-44.5,12.17,True,47.25,CLEAR_LOS
741,10,-42.28,9.8,True,37.14,CLEAR_LOS
742,10,-47.53,11.27,True,42.99,CLEAR_LOS
743,10,-44.92,14.2,True,40.22,CLEAR_LOS
744,10,-39.9,11.44,True,39.59,CLEAR_LOS
745,10,-44.93,9.48,True,44.67,CLEAR_LOS
746,10,-47.16,8.13,True,40.26,CLEAR_LOS
747,10,-44.7,7.32,True,46.32,CLEAR_LOS
748,10,-46.36,10.25,True,40.16,CLEAR_LOS
749,10,-49.8,13.75,True,42.28,CLEAR_LOS
750,10,-45.32,13.84,True,37.9,CLEAR_LOS
751,10,-43.79,8.92,True,42.59,CLEAR_LOS
752,10,-42.63,12.07,True,37.27,CLEAR_LOS
753,10,-48.42,11.29,True,36.96,CLEAR_LOS
754,10,-50.3,11.85,True,45.74,CLEAR_LOS
755,10,-49.8,10.24,True,41.24,CLEAR_LOS
756,10,-52.12,12.38,True,40.0,CLEAR_LOS
757,10,-54.02,10.25,True,38.58,CLEAR_LOS
758,10,-42.3,11.54,True,39.12,CLEAR_LOS
759,10,-41.02,13.85,True,39.05,CLEAR_LOS
760,10,-47.0,10.12,True,41.83,CLEAR_LOS
761,10,-40.48,11.43,True,45.08,CLEAR_LOS
762,10,-46.63,12.11,True,41.54,CLEAR_LOS
763,10,-45.63,10.72,True,42.37,CLEAR_LOS
764,10,-49.32,10.51,True,42.52,CLEAR_LOS
765,10,-43.09,11.18,True,38.84,CLEAR_LOS
766,10,-45.51,12.83,True,43.7,CLEAR_LOS
767,10,-46.98,9.67,True,35.42,CLEAR_LOS
768,10,-38.74,11.71,True,42.44,CLEAR_LOS
769,10,-42.42,11.6,True,48.21,CLEAR_LOS
770,10,-48.53,8.91,True,39.66,CLEAR_LOS
771,10,-43.62,12.5,True,45.73,CLEAR_LOS
772,10,-46.61,11.56,True,45.91,CLEAR_LOS
773,10,-50.73,14.2,True,41.58,CLEAR_LOS
774,10,-53.39,13.23,True,46.46,CLEAR_LOS
775,10,-36.81,10.92,True,40.27,CLEAR_LOS
776,10,-46.21,9.06,True,43.55,CLEAR_LOS
777,10,-47.93,12.32,True,40.76,CLEAR_LOS
778,10,-43.59,11.2,True,46.73,CLEAR_LOS
779,10,-45.41,8.39,True,42.74,CLEAR_LOS
780,10,-45.65,10.79,True,37.23,CLEAR_LOS
781,10,-44.7,12.41,True,36.24,CLEAR_LOS
782,10,-43.67,14.55,True,42.82,CLEAR_LOS
783,10,-45.18,11.04,True,47.81,CLEAR_LOS
784,10,-39.25,11.1,True,36.45,CLEAR_LOS
785,10,-44.25,9.82,True,38.01,CLEAR_LOS
786,10,-45.07,7.96,True,39.45,CLEAR_LOS
787,10,-53.91,12.04,True,40.3,CLEAR_LOS
788,10,-43.83,9.71,True,40.37,CLEAR_LOS
789,10,-47.78,13.17,True,39.28,CLEAR_LOS
790,10,-49.95,9.82,True,40.0,CLEAR_LOS
791,10,-49.98,10.31,True,42.95,CLEAR_LOS
792,10,-51.25,9.53,True,44.4,CLEAR_LOS
793,10,-42.2,11.04,True,38.6,CLEAR_LOS
794,10,-47.21,12.61,True,44.79,CLEAR_LOS
795,10,-46.77,12.74,True,43.37,CLEAR_LOS
796,10,-44.66,11.78,True,40.62,CLEAR_LOS
797,10,-46.5,14.21,True,45.18,CLEAR_LOS
798,10,-42.67,12.32,True,43.18,CLEAR_LOS
799,10,-51.31,11.59,True,44.27,CLEAR_LOS
800,10,-44.11,8.48,True,39.6,CLEAR_LOS
801,10,-48.38,10.55,True,41.72,CLEAR_LOS
802,10,-40.1,10.96,True,47.48,CLEAR_LOS
803,10,-48.32,6.58,True,41.22,CLEAR_LOS
804,10,-47.95,12.97,True,42.98,CLEAR_LOS
805,10,-45.2,13.85,True,43.07,CLEAR_LOS
806,10,-45.77,9.82,True,47.1,CLEAR_LOS
807,10,-42.89,12.68,True,48.73,CLEAR_LOS
808,10,-46.32,8.87,True,41.54,CLEAR_LOS
809,10,-43.0,13.08,True,44.09,CLEAR_LOS
810,10,-43.25,13.54,True,44.04,CLEAR_LOS
811,10,-44.46,14.38,True,41.14,CLEAR_LOS
812,10,-39.34,9.41,True,40.66,CLEAR_LOS
813,10,-47.72,10.32,True,47.22,CLEAR_LOS
814,10,-43.4,8.42,True,39.87,CLEAR_LOS
815,10,-43.69,8.24,True,39.28,CLEAR_LOS
816,10,-43.71,12.6,True,46.7,CLEAR_LOS
817,10,-41.66,14.35,True,41.5,CLEAR_LOS
818,10,-40.24,11.77,True,39.45,CLEAR_LOS
819,10,-45.08,13.92,True,46.82,CLEAR_LOS
820,10,-44.62,11.85,True,44.01,CLEAR_LOS
821,10,-46.54,7.65,True,39.28,CLEAR_LOS
822,10,-42.97,10.42,True,45.08,CLEAR_LOS
823,10,-43.92,9.09,True,34.68,CLEAR_LOS
824,10,-50.89,11.96,True,33.91,CLEAR_LOS
825,10,-48.38,10.47,True,42.76,CLEAR_LOS
826,10,-43.08,12.25,True,40.94,CLEAR_LOS
827,10,-43.61,11.42,True,46.54,CLEAR_LOS
828,10,-44.97,13.27,True,44.82,CLEAR_LOS
829,10,-47.43,10.76,True,50.05,CLEAR_LOS
830,10,-47.23,8.29,True,40.65,CLEAR_LOS
831,10,-48.95,11.06,True,43.36,CLEAR_LOS
832,10,-41.58,9.68,True,44.9,CLEAR_LOS
833,10,-49.72,13.07,True,43.58,CLEAR_LOS
834,10,-43.77,12.45,True,35.56,CLEAR_LOS
835,10,-41.85,11.07,True,37.21,CLEAR_LOS
836,10,-50.95,12.01,True,39.62,CLEAR_LOS
837,10,-46.49,14.38,True,40.37,CLEAR_LOS
838,10,-48.94,12.28,True,45.43,CLEAR_LOS
839,10,-42.39,6.41,True,42.32,CLEAR_LOS
840,10,-45.19,10.96,True,38.07,CLEAR_LOS
841,10,-48.0,15.57,True,43.19,CLEAR_LOS
842,10,-43.11,11.84,True,39.01,CLEAR_LOS
843,10,-42.32,8.92,True,47.95,CLEAR_LOS
844,10,-40.7,11.56,True,44.49,CLEAR_LOS
845,10,-45.17,17.37,True,35.08,CLEAR_LOS
846,10,-54.01,11.83,True,39.74,CLEAR_LOS
847,10,-43.65,9.33,True,50.61,CLEAR_LOS
848,10,-45.74,10.05,True,44.71,CLEAR_LOS
849,10,-41.72,12.75,True,39.51,CLEAR_LOS
850,10,-50.79,13.24,True,38.27,CLEAR_LOS
851,10,-41.73,11.79,True,41.61,CLEAR_LOS
852,10,-50.14,10.49,True,37.76,CLEAR_LOS
853,10,-41.59,10.72,True,42.33,CLEAR_LOS
854,10,-46.69,9.63,True,39.02,CLEAR_LOS
855,10,-38.91,15.47,True,36.24,CLEAR_LOS
856,10,-48.08,14.44,True,39.2,CLEAR_LOS
857,10,-45.22,11.19,True,40.69,CLEAR_LOS
858,10,-43.05,8.28,True,44.0,CLEAR_LOS
859,10,-45.87,11.73,True,39.91,CLEAR_LOS
860,10,-34.98,6.23,True,45.15,CLEAR_LOS
861,10,-48.44,13.87,True,41.17,CLEAR_LOS
862,10,-52.29,12.24,True,39.78,CLEAR_LOS
863,10,-43.36,9.95,True,42.68,CLEAR_LOS
864,10,-49.64,9.83,True,41.87,CLEAR_LOS
865,10,-44.59,15.44,True,44.12,CLEAR_LOS
866,10,-45.67,12.0,True,39.18,CLEAR_LOS
867,10,-46.61,10.51,True,45.1,CLEAR_LOS
868,10,-41.55,13.45,True,37.43,CLEAR_LOS
869,10,-47.18,11.49,True,44.6,CLEAR_LOS
870,10,-37.92,10.31,True,41.36,CLEAR_LOS
871,10,-42.87,12.12,True,41.41,CLEAR_LOS
872,10,-39.96,11.83,True,39.41,CLEAR_LOS
873,10,-45.2,8.23,True,38.1,CLEAR_LOS
874,10,-47.82,12.01,True,40.28,CLEAR_LOS
875,10,-46.13,11.0,True,44.18,CLEAR_LOS
876,10,-42.79,9.94,True,42.27,CLEAR_LOS
877,10,-39.8,12.37,True,39.72,CLEAR_LOS
878,10,-48.98,18.73,True,40.91,CLEAR_LOS
879,10,-40.89,9.91,True,51.34,CLEAR_LOS
880,10,-47.61,9.34,True,40.68,CLEAR_LOS
881,10,-42.15,12.26,True,43.76,CLEAR_LOS
882,10,-43.82,11.48,True,47.42,CLEAR_LOS
883,10,-49.23,8.69,True,37.1,CLEAR_LOS
884,10,-43.83,9.12,True,36.94,CLEAR_LOS
885,10,-51.92,11.55,True,38.3,CLEAR_LOS
886,10,-37.5,13.49,True,40.12,CLEAR_LOS
887,10,-41.75,9.42,True,39.68,CLEAR_LOS
888,10,-42.99,14.81,True,39.23,CLEAR_LOS
889,10,-43.85,14.65,True,50.39,CLEAR_LOS
890,10,-43.31,9.62,True,39.91,CLEAR_LOS
891,10,-42.94,10.3,True,41.24,CLEAR_LOS
892,10,-48.66,9.99,True,39.19,CLEAR_LOS
893,10,-44.35,10.85,True,37.18,CLEAR_LOS
894,10,-41.65,8.34,True,38.74,CLEAR_LOS
895,10,-47.88,10.3,True,44.23,CLEAR_LOS
896,10,-50.32,12.77,True,44.17,CLEAR_LOS
897,10,-45.85,11.59,True,37.82,CLEAR_LOS
898,10,-43.64,12.44,True,45.03,CLEAR_LOS
899,10,-45.45,11.49,True,43.35,CLEAR_LOS
900,10,-45.36,12.95,True,38.87,CLEAR_LOS
901,10,-43.4,10.5,True,42.92,CLEAR_LOS
902,10,-43.22,12.21,True,43.8,CLEAR_LOS
903,10,-39.5,10.2,True,36.65,CLEAR_LOS
904,10,-46.37,14.14,True,44.31,CLEAR_LOS
905,10,-33.4,11.24,True,39.56,CLEAR_LOS
906,10,-45.41,12.37,True,44.57,CLEAR_LOS
907,10,-44.93,8.2,True,35.95,CLEAR_LOS
908,10,-47.16,12.21,True,39.27,CLEAR_LOS
909,10,-45.97,11.37,True,44.51,CLEAR_LOS
910,10,-43.88,11.02,True,45.71,CLEAR_LOS
911,10,-42.65,11.47,True,45.8,CLEAR_LOS
912,10,-37.49,8.68,True,39.35,CLEAR_LOS
913,10,-52.97,11.7,True,41.6,CLEAR_LOS
914,10,-44.52,8.64,True,41.66,CLEAR_LOS
915,10,-40.77,13.59,True,36.93,CLEAR_LOS
916,10,-47.88,8.93,True,40.85,CLEAR_LOS
917,10,-46.09,13.03,True,41.59,CLEAR_LOS
918,10,-42.77,12.21,True,34.5,CLEAR_LOS
919,10,-45.55,12.65,True,41.45,CLEAR_LOS
920,10,-46.95,12.07,True,38.77,CLEAR_LOS
921,10,-45.41,11.04,True,39.2,CLEAR_LOS
922,10,-43.66,9.14,True,39.08,CLEAR_LOS
923,10,-44.73,14.37,True,41.54,CLEAR_LOS
924,10,-51.73,12.4,True,36.6,CLEAR_LOS
925,10,-44.33,14.19,True,44.71,CLEAR_LOS
926,10,-52.65,14.4,True,40.23,CLEAR_LOS
927,10,-42.9,9.18,True,40.47,CLEAR_LOS
928,10,-44.56,12.06,True,42.7,CLEAR_LOS
929,10,-47.08,11.6,True,40.62,CLEAR_LOS
930,10,-40.32,11.99,True,35.66,CLEAR_LOS
931,10,-49.32,11.48,True,50.29,CLEAR_LOS
932,10,-45.51,12.44,True,45.58,CLEAR_LOS
933,10,-43.94,13.32,True,32.71,CLEAR_LOS
934,10,-47.62,11.55,True,43.16,CLEAR_LOS
935,10,-46.74,13.35,True,46.71,CLEAR_LOS
936,10,-41.87,15.57,True,48.88,CLEAR_LOS
937,10,-42.18,10.23,True,40.24,CLEAR_LOS
938,10,-41.97,13.07,True,41.79,CLEAR_LOS
939,10,-41.55,10.6,True,40.93,CLEAR_LOS
940,10,-44.95,15.45,True,43.31,CLEAR_LOS
941,10,-43.61,14.32,True,44.57,CLEAR_LOS
942,10,-49.0,10.76,True,49.09,CLEAR_LOS
943,10,-47.29,12.24,True,43.44,CLEAR_LOS
944,10,-54.68,8.95,True,41.73,CLEAR_LOS
945,10,-44.07,16.71,True,41.1,CLEAR_LOS
946,10,-44.48,12.26,True,36.42,CLEAR_LOS
947,10,-50.77,10.39,True,40.57,CLEAR_LOS
948,10,-43.67,11.68,True,47.88,CLEAR_LOS
949,10,-41.62,7.4,True,44.11,CLEAR_LOS
950,10,-47.08,11.71,True,42.12,CLEAR_LOS
951,10,-43.31,16.44,True,45.6,CLEAR_LOS
952,10,-45.87,12.65,True,40.26,CLEAR_LOS
953,10,-44.52,10.41,True,37.76,CLEAR_LOS
954,10,-43.81,16.52,True,44.83,CLEAR_LOS
955,10,-48.13,13.08,True,39.36,CLEAR_LOS
956,10,-45.95,7.42,True,38.69,CLEAR_LOS
957,10,-45.17,9.73,True,38.22,CLEAR_LOS
958,10,-44.71,10.88,True,31.45,CLEAR_LOS
959,10,-46.41,7.91,True,41.75,CLEAR_LOS
960,10,-43.93,13.75,True,48.13,CLEAR_LOS
961,10,-44.92,12.63,True,37.61,CLEAR_LOS
962,10,-46.75,11.14,True,44.55,CLEAR_LOS
963,10,-46.96,10.8,True,39.1,CLEAR_LOS
964,10,-50.07,8.76,True,43.7,CLEAR_LOS
965,10,-45.56,11.72,True,48.58,CLEAR_LOS
966,10,-46.71,14.38,True,31.47,CLEAR_LOS
967,10,-38.63,11.48,True,38.3,CLEAR_LOS
968,10,-40.23,10.99,True,35.57,CLEAR_LOS
969,10,-43.53,12.4,True,40.03,CLEAR_LOS
970,10,-46.57,15.34,True,40.57,CLEAR_LOS
971,10,-42.35,9.6,True,46.65,CLEAR_LOS
972,10,-46.11,14.21,True,45.4,CLEAR_LOS
973,10,-52.53,7.97,True,37.19,CLEAR_LOS
974,10,-48.59,13.62,True,46.77,CLEAR_LOS
975,10,-46.57,10.49,True,41.91,CLEAR_LOS
976,10,-48.03,11.55,True,40.02,CLEAR_LOS
977,10,-45.12,12.83,True,44.93,CLEAR_LOS
978,10,-50.71,10.48,True,41.79,CLEAR_LOS
979,10,-47.99,11.61,True,44.33,CLEAR_LOS
980,10,-43.08,9.29,True,49.55,CLEAR_LOS
981,10,-44.78,9.65,True,42.95,CLEAR_LOS
982,10,-45.73,12.24,True,37.5,CLEAR_LOS
983,10,-44.8,11.89,True,44.3,CLEAR_LOS
984,10,-52.35,10.67,True,43.94,CLEAR_LOS
985,10,-48.65,15.29,True,40.49,CLEAR_LOS
986,10,-37.96,11.41,True,38.68,CLEAR_LOS
987,10,-46.61,11.52,True,38.46,CLEAR_LOS
988,10,-46.79,12.78,True,46.42,CLEAR_LOS
989,10,-43.81,9.54,True,48.73,CLEAR_LOS
990,10,-45.8,11.07,True,39.54,CLEAR_LOS
991,10,-46.89,13.12,True,44.4,CLEAR_LOS
992,10,-42.51,13.95,True,47.08,CLEAR_LOS
993,10,-43.81,12.68,True,48.03,CLEAR_LOS
994,10,-49.09,13.71,True,42.75,CLEAR_LOS
995,10,-42.7,11.32,True,43.61,CLEAR_LOS
996,10,-44.19,14.13,True,45.3,CLEAR_LOS
997,10,-49.88,11.7,True,38.12,CLEAR_LOS
998,10,-46.9,10.56,True,46.01,CLEAR_LOS
999,10,-48.87,7.14,True,42.16,CLEAR_LOS
1000,10,-42.82,12.77,True,45.09,CLEAR_LOS
1001,10,-40.71,12.96,True,35.37,CLEAR_LOS
1002,10,-43.44,11.03,True,32.7,CLEAR_LOS
1003,10,-49.28,8.92,True,43.01,CLEAR_LOS
1004,10,-46.71,12.16,True,42.77,CLEAR_LOS
1005,10,-45.39,12.49,True,42.3,CLEAR_LOS
1006,10,-44.29,12.75,True,42.73,CLEAR_LOS
1007,10,-46.03,10.1,True,44.07,CLEAR_LOS
1008,10,-51.26,12.36,True,43.87,CLEAR_LOS
1009,10,-49.25,9.8,True,44.32,CLEAR_LOS
1010,10,-40.72,9.81,True,36.7,CLEAR_LOS
1011,10,-46.59,11.15,True,35.47,CLEAR_LOS
1012,10,-39.89,10.18,True,36.09,CLEAR_LOS
1013,10,-40.49,9.42,True,44.29,CLEAR_LOS
1014,10,-45.79,14.03,True,40.35,CLEAR_LOS
1015,10,-48.73,13.61,True,45.97,CLEAR_LOS
1016,10,-46.71,10.21,True,40.39,CLEAR_LOS
1017,10,-43.02,14.76,True,38.77,CLEAR_LOS
1018,10,-46.14,11.05,True,41.91,CLEAR_LOS
1019,10,-45.05,15.01,True,46.69,CLEAR_LOS
1020,10,-46.8,11.72,True,42.26,CLEAR_LOS
1021,10,-43.3,12.69,True,39.29,CLEAR_LOS
1022,10,-46.65,13.4,True,40.13,CLEAR_LOS
1023,10,-43.84,10.12,True,41.46,CLEAR_LOS
1024,10,-42.52,11.94,True,40.35,CLEAR_LOS
1025,10,-43.34,12.65,True,45.93,CLEAR_LOS
1026,10,-47.57,11.9,True,38.61,CLEAR_LOS
1027,10,-41.73,14.47,True,45.45,CLEAR_LOS
1028,10,-43.33,11.45,True,38.83,CLEAR_LOS
1029,10,-43.99,13.02,True,38.51,CLEAR_LOS
1030,10,-46.37,11.18,True,43.72,CLEAR_LOS
1031,10,-45.56,13.49,True,40.67,CLEAR_LOS
1032,10,-49.24,11.18,True,38.09,CLEAR_LOS
1033,10,-44.44,13.6,True,44.64,CLEAR_LOS
1034,10,-42.27,11.7,True,42.58,CLEAR_LOS
1035,10,-49.64,12.61,True,43.65,CLEAR_LOS
1036,10,-48.25,11.54,True,44.66,CLEAR_LOS
1037,10,-42.73,15.05,True,38.41,CLEAR_LOS
1038,10,-47.74,11.05,True,38.44,CLEAR_LOS
1039,10,-45.35,13.57,True,44.68,CLEAR_LOS
1040,10,-42.61,11.23,True,41.7,CLEAR_LOS
1041,10,-45.95,14.5,True,40.86,CLEAR_LOS
1042,10,-49.78,10.96,True,35.96,CLEAR_LOS
1043,10,-46.12,13.26,True,45.15,CLEAR_LOS
1044,10,-46.34,7.98,True,35.91,CLEAR_LOS
1045,10,-44.81,11.08,True,42.68,CLEAR_LOS
1046,10,-45.4,11.71,True,41.58,CLEAR_LOS
1047,10,-50.93,9.77,True,44.06,CLEAR_LOS
1048,10,-45.9,12.37,True,38.46,CLEAR_LOS
1049,10,-48.91,8.31,True,38.92,CLEAR_LOS
1050,10,-47.64,10.94,True,49.26,CLEAR_LOS
1051,10,-53.26,11.57,True,36.2,CLEAR_LOS
1052,10,-44.94,6.46,True,36.54,CLEAR_LOS
1053,10,-43.97,10.21,True,34.89,CLEAR_LOS
1054,10,-51.95,12.95,True,48.8,CLEAR_LOS
1055,10,-44.68,12.74,True,41.41,CLEAR_LOS
1056,10,-41.12,16.37,True,44.02,CLEAR_LOS
1057,10,-44.58,15.57,True,35.59,CLEAR_LOS
1058,10,-45.08,11.5,True,42.66,CLEAR_LOS
1059,10,-44.48,9.8,True,38.72,CLEAR_LOS
1060,10,-47.41,13.4,True,43.7,CLEAR_LOS
1061,10,-50.13,9.22,True,42.86,CLEAR_LOS
1062,10,-46.98,11.56,True,49.91,CLEAR_LOS
1063,10,-46.01,9.01,True,42.01,CLEAR_LOS
1064,10,-44.86,15.97,True,42.17,CLEAR_LOS
1065,10,-48.78,13.59,True,38.64,CLEAR_LOS
1066,10,-43.77,7.42,True,39.44,CLEAR_LOS
1067,10,-49.74,14.8,True,43.43,CLEAR_LOS
1068,10,-43.59,12.32,True,36.79,CLEAR_LOS
1069,10,-45.0,13.45,True,44.35,CLEAR_LOS
1070,10,-47.17,8.78,True,37.39,CLEAR_LOS
1071,10,-45.92,17.2,True,34.91,CLEAR_LOS
1072,10,-41.49,11.48,True,43.78,CLEAR_LOS
1073,10,-49.69,5.75,True,39.72,CLEAR_LOS
1074,10,-44.75,13.44,True,48.3,CLEAR_LOS
1075,10,-55.33,12.97,True,39.04,CLEAR_LOS
1076,10,-45.5,13.03,True,44.68,CLEAR_LOS
1077,10,-44.97,13.59,True,43.34,CLEAR_LOS
1078,10,-43.84,15.3,True,37.74,CLEAR_LOS
1079,10,-42.45,12.27,True,42.38,CLEAR_LOS
1080,10,-43.65,11.38,True,45.43,CLEAR_LOS
1081,10,-38.65,10.69,True,51.76,CLEAR_LOS
1082,10,-47.33,11.74,True,36.28,CLEAR_LOS
1083,10,-47.35,11.52,True,40.97,CLEAR_LOS
1084,10,-48.12,12.13,True,44.51,CLEAR_LOS
1085,10,-50.9,11.35,True,40.23,CLEAR_LOS
1086,10,-41.33,10.43,True,40.27,CLEAR_LOS
1087,10,-46.46,11.22,True,38.46,CLEAR_LOS
1088,10,-42.97,14.55,True,36.12,CLEAR_LOS
1089,10,-41.37,13.46,True,41.07,CLEAR_LOS
1090,10,-44.25,13.79,True,38.15,CLEAR_LOS
1091,10,-43.38,12.23,True,42.32,CLEAR_LOS
1092,10,-43.72,14.38,True,43.92,CLEAR_LOS
1093,10,-47.53,14.04,True,43.05,CLEAR_LOS
1094,10,-41.47,11.23,True,42.48,CLEAR_LOS
1095,10,-48.75,11.49,True,34.91,CLEAR_LOS
1096,10,-44.87,9.71,True,40.91,CLEAR_LOS
1097,10,-43.05,8.71,True,43.79,CLEAR_LOS
1098,10,-51.88,11.99,True,43.54,CLEAR_LOS
1099,10,-41.64,9.52,True,36.59,CLEAR_LOS
1100,10,-43.52,9.85,True,42.66,CLEAR_LOS
1101,10,-46.37,10.06,True,40.33,CLEAR_LOS
1102,10,-39.33,9.62,True,39.03,CLEAR_LOS
1103,10,-46.26,10.88,True,37.05,CLEAR_LOS
1104,10,-48.26,13.12,True,43.95,CLEAR_LOS
1105,10,-44.98,10.88,True,41.15,CLEAR_LOS
1106,10,-44.31,12.58,True,45.29,CLEAR_LOS
1107,10,-36.71,10.81,True,44.02,CLEAR_LOS
1108,10,-39.16,10.14,True,41.64,CLEAR_LOS
1109,10,-41.4,10.19,True,43.61,CLEAR_LOS
1110,10,-47.4,11.68,True,40.14,CLEAR_LOS
1111,10,-44.49,13.57,True,39.51,CLEAR_LOS
1112,10,-48.22,14.16,True,46.7,CLEAR_LOS
1113,10,-42.64,12.01,True,35.41,CLEAR_LOS
1114,10,-42.51,9.79,True,44.14,CLEAR_LOS
1115,10,-51.68,11.95,True,48.8,CLEAR_LOS
1116,10,-38.49,10.62,True,45.59,CLEAR_LOS
1117,10,-44.19,14.22,True,46.76,CLEAR_LOS
1118,10,-46.58,10.81,True,38.1,CLEAR_LOS
1119,10,-43.26,10.46,True,44.96,CLEAR_LOS
1120,10,-47.87,13.88,True,41.57,CLEAR_LOS
1121,10,-44.82,12.23,True,44.72,CLEAR_LOS
1122,10,-37.68,12.26,True,39.37,CLEAR_LOS
1123,10,-42.46,8.98,True,41.53,CLEAR_LOS
1124,10,-44.76,13.33,True,42.19,CLEAR_LOS
1125,10,-41.28,8.41,True,41.03,CLEAR_LOS
1126,10,-42.48,12.67,True,43.27,CLEAR_LOS
1127,10,-42.84,12.46,True,39.99,CLEAR_LOS
1128,10,-46.75,11.35,True,46.35,CLEAR_LOS
1129,10,-45.36,13.34,True,51.03,CLEAR_LOS
1130,10,-45.58,12.52,True,45.66,CLEAR_LOS
1131,10,-43.3,11.47,True,36.14,CLEAR_LOS
1132,10,-50.98,12.36,True,38.85,CLEAR_LOS
1133,10,-44.79,13.13,True,43.34,CLEAR_LOS
1134,10,-43.21,9.8,True,42.09,CLEAR_LOS
1135,10,-44.09,10.12,True,46.79,CLEAR_LOS
1136,10,-47.71,14.21,True,44.95,CLEAR_LOS
1137,10,-48.95,11.29,True,41.73,CLEAR_LOS
1138,10,-47.76,14.47,True,33.71,CLEAR_LOS
1139,10,-43.95,11.85,True,43.75,CLEAR_LOS
1140,10,-45.86,14.09,True,39.52,CLEAR_LOS
1141,10,-41.56,12.01,True,38.61,CLEAR_LOS
1142,10,-45.92,12.02,True,44.25,CLEAR_LOS
1143,10,-42.11,12.29,True,39.44,CLEAR_LOS
1144,10,-49.76,7.97,True,47.81,CLEAR_LOS
1145,10,-46.08,9.44,True,37.81,CLEAR_LOS
1146,10,-45.98,12.01,True,37.9,CLEAR_LOS
1147,10,-43.51,8.18,True,38.44,CLEAR_LOS
1148,10,-40.74,12.71,True,43.99,CLEAR_LOS
1149,10,-44.46,10.67,True,44.33,CLEAR_LOS
1150,10,-45.57,12.03,True,41.28,CLEAR_LOS
1151,10,-44.96,15.54,True,39.47,CLEAR_LOS
1152,10,-42.88,14.67,True,40.78,CLEAR_LOS
1153,10,-41.09,12.09,True,35.95,CLEAR_LOS
1154,10,-37.69,12.5,True,42.81,CLEAR_LOS
1155,10,-40.55,12.54,True,41.4,CLEAR_LOS
1156,10,-46.51,10.92,True,45.52,CLEAR_LOS
1157,10,-44.87,12.51,True,46.08,CLEAR_LOS
1158,10,-49.49,9.56,True,40.58,CLEAR_LOS
1159,10,-47.71,13.54,True,38.78,CLEAR_LOS
1160,10,-50.01,9.19,True,41.72,CLEAR_LOS
1161,10,-43.92,11.29,True,46.09,CLEAR_LOS
1162,10,-40.03,16.66,True,36.4,CLEAR_LOS
1163,10,-41.28,12.86,True,39.98,CLEAR_LOS
1164,10,-48.15,12.5,True,42.18,CLEAR_LOS
1165,10,-49.14,9.71,True,44.47,CLEAR_LOS
1166,10,-37.81,7.66,True,39.22,CLEAR_LOS
1167,10,-48.54,12.37,True,41.15,CLEAR_LOS
1168,10,-45.35,11.43,True,43.05,CLEAR_LOS
1169,10,-45.48,9.35,True,43.52,CLEAR_LOS
1170,10,-42.92,13.86,True,46.44,CLEAR_LOS
1171,10,-40.69,12.34,True,43.11,CLEAR_LOS
1172,10,-39.32,10.09,True,46.25,CLEAR_LOS
1173,10,-43.74,8.46,True,44.97,CLEAR_LOS
1174,10,-42.62,11.6,True,41.62,CLEAR_LOS
1175,10,-41.73,13.33,True,45.49,CLEAR_LOS
1176,10,-46.54,10.63,True,41.56,CLEAR_LOS
1177,10,-44.03,12.32,True,41.42,CLEAR_LOS
1178,10,-41.11,14.24,True,43.84,CLEAR_LOS
1179,10,-45.65,14.44,True,43.19,CLEAR_LOS
1180,10,-40.32,10.05,True,41.34,CLEAR_LOS
1181,10,-45.09,13.04,True,39.57,CLEAR_LOS
1182,10,-39.47,12.46,True,48.07,CLEAR_LOS
1183,10,-50.04,9.81,True,44.53,CLEAR_LOS
1184,10,-45.3,13.53,True,45.8,CLEAR_LOS
1185,10,-44.17,11.17,True,38.88,CLEAR_LOS
1186,10,-40.34,12.11,True,50.45,CLEAR_LOS
1187,10,-52.12,10.71,True,39.42,CLEAR_LOS
1188,10,-49.52,10.02,True,38.72,CLEAR_LOS
1189,10,-46.36,11.88,True,43.82,CLEAR_LOS
1190,10,-44.71,11.08,True,41.63,CLEAR_LOS
1191,10,-46.7,10.96,True,42.81,CLEAR_LOS
1192,10,-43.49,14.16,True,42.58,CLEAR_LOS
1193,10,-41.37,12.82,True,46.59,CLEAR_LOS
1194,10,-49.26,14.43,True,43.94,CLEAR_LOS
1195,10,-50.15,15.11,True,46.65,CLEAR_LOS
1196,10,-44.35,12.15,True,46.64,CLEAR_LOS
1197,10,-52.1,12.23,True,46.24,CLEAR_LOS
1198,10,-44.65,13.13,True,39.81,CLEAR_LOS
1199,10,-46.08,10.24,True,48.74,CLEAR_LOS
1200,10,-45.41,13.58,True,48.2,CLEAR_LOS
1201,10,-45.23,8.24,True,37.54,CLEAR_LOS
1202,10,-42.15,9.71,True,40.39,CLEAR_LOS
1203,10,-51.72,11.71,True,45.24,CLEAR_LOS
1204,10,-41.69,11.53,True,44.91,CLEAR_LOS
1205,10,-48.52,11.86,True,34.79,CLEAR_LOS
1206,10,-41.66,11.15,True,45.09,CLEAR_LOS
1207,10,-47.74,14.69,True,42.24,CLEAR_LOS
1208,10,-50.08,8.83,True,43.13,CLEAR_LOS
1209,10,-55.66,10.9,True,48.42,CLEAR_LOS
1210,10,-40.77,14.1,True,41.86,CLEAR_LOS
1211,10,-40.83,10.34,True,44.85,CLEAR_LOS
1212,10,-47.29,11.37,True,52.25,CLEAR_LOS
1213,10,-44.7,11.31,True,37.28,CLEAR_LOS
1214,10,-47.97,9.55,True,44.25,CLEAR_LOS
1215,10,-42.12,8.8,True,42.02,CLEAR_LOS
1216,10,-51.51,11.22,True,40.59,CLEAR_LOS
1217,10,-41.58,11.12,True,42.72,CLEAR_LOS
1218,10,-47.93,8.66,True,38.56,CLEAR_LOS
1219,10,-44.14,11.93,True,40.26,CLEAR_LOS
1220,10,-43.47,9.19,True,40.78,CLEAR_LOS
1221,10,-50.0,15.9,True,43.4,CLEAR_LOS
1222,10,-49.29,11.37,True,41.76,CLEAR_LOS
1223,10,-41.84,9.33,True,37.5,CLEAR_LOS
1224,10,-52.58,8.15,True,35.9,CLEAR_LOS
1225,10,-50.74,7.43,True,42.36,CLEAR_LOS
1226,10,-43.19,10.82,True,41.43,CLEAR_LOS
1227,10,-39.27,10.43,True,41.2,CLEAR_LOS
1228,10,-46.69,12.36,True,40.72,CLEAR_LOS
1229,10,-49.62,8.57,True,43.21,CLEAR_LOS
1230,10,-45.11,12.44,True,43.87,CLEAR_LOS
1231,10,-44.17,10.02,True,43.73,CLEAR_LOS
1232,10,-50.83,13.41,True,43.18,CLEAR_LOS
1233,10,-42.16,12.01,True,38.49,CLEAR_LOS
1234,10,-44.21,13.54,True,39.01,CLEAR_LOS
1235,10,-45.83,11.0,True,45.91,CLEAR_LOS
1236,10,-51.03,10.04,True,44.36,CLEAR_LOS
1237,10,-42.99,10.59,True,37.25,CLEAR_LOS
1238,10,-34.7,14.3,True,46.03,CLEAR_LOS
1239,10,-42.15,7.38,True,40.87,CLEAR_LOS
1240,10,-41.52,13.07,True,42.17,CLEAR_LOS
1241,10,-39.98,9.56,True,47.97,CLEAR_LOS
1242,10,-44.4,10.75,True,39.79,CLEAR_LOS
1243,10,-41.86,11.5,True,43.27,CLEAR_LOS
1244,10,-41.45,11.64,True,42.95,CLEAR_LOS
1245,10,-45.08,11.59,True,48.02,CLEAR_LOS
1246,10,-47.77,11.95,True,45.19,CLEAR_LOS
1247,10,-47.27,14.23,True,36.97,CLEAR_LOS
1248,10,-43.81,11.36,True,44.34,CLEAR_LOS
1249,10,-47.07,11.71,True,36.61,CLEAR_LOS
1250,10,-42.57,12.15,True,43.94,CLEAR_LOS
1251,25,-61.28,12.15,True,44.75,CLEAR_LOS
1252,25,-51.91,10.56,True,42.44,CLEAR_LOS
1253,25,-60.18,13.93,True,47.02,CLEAR_LOS
1254,25,-55.3,8.77,True,50.67,CLEAR_LOS
1255,25,-56.69,11.92,True,46.92,CLEAR_LOS
1256,25,-64.92,10.09,True,42.6,CLEAR_LOS
1257,25,-57.56,10.59,True,44.91,CLEAR_LOS
1258,25,-54.86,10.03,True,35.91,CLEAR_LOS
1259,25,-59.01,11.81,True,40.15,CLEAR_LOS
1260,25,-61.13,11.87,True,39.92,CLEAR_LOS
1261,25,-55.68,11.12,True,37.32,CLEAR_LOS
1262,25,-59.95,11.28,True,39.16,CLEAR_LOS
1263,25,-57.81,7.45,True,45.5,CLEAR_LOS
1264,25,-53.9,10.66,True,43.02,CLEAR_LOS
1265,25,-57.47,8.58,True,39.19,CLEAR_LOS
1266,25,-55.91,11.43,True,43.82,CLEAR_LOS
1267,25,-61.51,7.75,True,37.03,CLEAR_LOS
1268,25,-53.23,11.4,True,35.74,CLEAR_LOS
1269,25,-60.25,12.76,True,40.77,CLEAR_LOS
1270,25,-64.39,14.28,True,42.24,CLEAR_LOS
1271,25,-62.35,10.84,True,40.46,CLEAR_LOS
1272,25,-58.39,7.86,True,39.38,CLEAR_LOS
1273,25,-57.42,14.09,True,39.36,CLEAR_LOS
1274,25,-57.09,8.33,True,46.1,CLEAR_LOS
1275,25,-60.12,13.05,True,46.84,CLEAR_LOS
1276,25,-52.92,7.78,True,42.96,CLEAR_LOS
1277,25,-55.22,13.89,True,42.23,CLEAR_LOS
1278,25,-55.47,7.83,True,41.86,CLEAR_LOS
1279,25,-60.75,8.11,True,42.59,CLEAR_LOS
1280,25,-52.01,11.71,True,41.92,CLEAR_LOS
1281,25,-56.65,13.16,True,40.86,CLEAR_LOS
1282,25,-57.0,10.85,True,44.18,CLEAR_LOS
1283,25,-55.67,14.4,True,40.41,CLEAR_LOS
1284,25,-57.21,7.88,True,35.42,CLEAR_LOS
1285,25,-62.02,9.78,True,42.13,CLEAR_LOS
1286,25,-53.36,10.6,True,44.38,CLEAR_LOS
1287,25,-56.68,11.32,True,40.92,CLEAR_LOS
1288,25,-62.29,11.93,True,43.77,CLEAR_LOS
1289,25,-57.34,8.81,True,38.35,CLEAR_LOS
1290,25,-56.92,11.91,True,40.67,CLEAR_LOS
1291,25,-61.07,10.51,True,42.04,CLEAR_LOS
1292,25,-55.16,9.18,True,38.98,CLEAR_LOS
1293,25,-64.24,13.45,True,42.92,CLEAR_LOS
1294,25,-61.54,9.91,True,36.12,CLEAR_LOS
1295,25,-55.84,12.48,True,38.03,CLEAR_LOS
1296,25,-51.48,13.87,True,39.0,CLEAR_LOS
1297,25,-58.65,8.77,True,42.51,CLEAR_LOS
1298,25,-63.34,7.93,True,42.57,CLEAR_LOS
1299,25,-56.36,10.47,True,38.84,CLEAR_LOS
1300,25,-59.82,9.08,True,42.47,CLEAR_LOS
1301,25,-58.99,12.8,True,40.37,CLEAR_LOS
1302,25,-55.69,9.13,True,38.95,CLEAR_LOS
1303,25,-46.51,11.09,True,39.68,CLEAR_LOS
1304,25,-52.57,11.59,True,39.74,CLEAR_LOS
1305,25,-58.56,11.91,True,39.68,CLEAR_LOS
1306,25,-60.08,10.61,True,37.54,CLEAR_LOS
1307,25,-60.9,12.73,True,38.99,CLEAR_LOS
1308,25,-58.6,10.73,True,48.15,CLEAR_LOS
1309,25,-61.28,10.2,True,46.64,CLEAR_LOS
1310,25,-57.91,9.14,True,39.15,CLEAR_LOS
1311,25,-59.87,11.31,True,47.24,CLEAR_LOS
1312,25,-56.91,11.94,True,38.44,CLEAR_LOS
1313,25,-57.65,7.31,True,43.86,CLEAR_LOS
1314,25,-58.29,12.72,True,44.85,CLEAR_LOS
1315,25,-52.3,11.79,True,38.95,CLEAR_LOS
1316,25,-59.77,11.28,True,39.43,CLEAR_LOS
1317,25,-54.92,13.44,True,40.1,CLEAR_LOS
1318,25,-60.21,7.82,True,43.8,CLEAR_LOS
1319,25,-56.29,16.19,True,39.71,CLEAR_LOS
1320,25,-54.08,8.63,True,36.37,CLEAR_LOS
1321,25,-56.81,11.23,True,44.36,CLEAR_LOS
1322,25,-62.9,14.3,True,38.65,CLEAR_LOS
1323,25,-53.77,12.4,True,48.07,CLEAR_LOS
1324,25,-58.89,8.62,True,38.45,CLEAR_LOS
1325,25,-57.0,14.03,True,40.11,CLEAR_LOS
1326,25,-61.72,5.89,True,39.94,CLEAR_LOS
1327,25,-67.22,10.89,True,38.98,CLEAR_LOS
1328,25,-54.91,13.2,True,42.85,CLEAR_LOS
1329,25,-52.97,7.93,True,39.9,CLEAR_LOS
1330,25,-53.82,9.69,True,36.43,CLEAR_LOS
1331,25,-60.22,11.31,True,38.69,CLEAR_LOS
1332,25,-63.99,9.48,True,46.23,CLEAR_LOS
1333,25,-46.29,10.78,True,41.68,CLEAR_LOS
1334,25,-63.15,8.37,True,40.41,CLEAR_LOS
1335,25,-59.02,13.11,True,38.07,CLEAR_LOS
1336,25,-58.2,8.51,True,39.0,CLEAR_LOS
1337,25,-56.87,12.45,True,48.59,CLEAR_LOS
1338,25,-62.69,10.37,True,43.82,CLEAR_LOS
1339,25,-56.61,8.24,True,43.83,CLEAR_LOS
1340,25,-58.73,9.62,True,39.58,CLEAR_LOS
1341,25,-55.4,10.35,True,43.16,CLEAR_LOS
1342,25,-52.29,13.3,True,37.01,CLEAR_LOS
1343,25,-51.7,11.7,True,44.27,CLEAR_LOS
1344,25,-57.52,8.88,True,37.09,CLEAR_LOS
1345,25,-60.4,14.1,True,37.21,CLEAR_LOS
1346,25,-55.16,13.63,True,40.29,CLEAR_LOS
1347,25,-53.48,7.97,True,45.43,CLEAR_LOS
1348,25,-58.51,8.9,True,41.52,CLEAR_LOS
1349,25,-60.77,10.38,True,40.04,CLEAR_LOS
1350,25,-66.49,10.45,True,38.31,CLEAR_LOS
1351,25,-47.52,9.93,True,35.8,CLEAR_LOS
1352,25,-61.93,9.92,True,44.24,CLEAR_LOS
1353,25,-53.73,8.64,True,44.8,CLEAR_LOS
1354,25,-61.18,11.56,True,38.35,CLEAR_LOS
1355,25,-60.31,11.65,True,39.97,CLEAR_LOS
1356,25,-54.54,10.38,True,41.22,CLEAR_LOS
1357,25,-58.72,10.08,True,40.29,CLEAR_LOS
1358,25,-58.85,9.21,True,37.63,CLEAR_LOS
1359,25,-59.9,13.96,True,48.57,CLEAR_LOS
1360,25,-56.95,9.34,True,33.3,CLEAR_LOS
1361,25,-58.66,10.88,True,38.35,CLEAR_LOS
1362,25,-53.8,8.73,True,37.9,CLEAR_LOS
1363,25,-51.68,6.92,True,43.51,CLEAR_LOS
1364,25,-65.52,12.54,True,49.28,CLEAR_LOS
1365,25,-56.14,9.85,True,36.47,CLEAR_LOS
1366,25,-60.92,11.31,True,42.72,CLEAR_LOS
1367,25,-61.65,11.02,True,43.2,CLEAR_LOS
1368,25,-54.66,11.03,True,46.24,CLEAR_LOS
1369,25,-59.34,6.08,True,38.08,CLEAR_LOS
1370,25,-58.76,10.27,True,45.01,CLEAR_LOS
1371,25,-65.58,13.64,True,43.78,CLEAR_LOS
1372,25,-57.57,12.44,True,41.14,CLEAR_LOS
1373,25,-56.07,8.91,True,37.54,CLEAR_LOS
1374,25,-54.06,11.14,True,42.61,CLEAR_LOS
1375,25,-62.53,10.85,True,37.81,CLEAR_LOS
1376,25,-54.04,12.74,True,45.24,CLEAR_LOS
1377,25,-58.63,9.43,True,41.36,CLEAR_LOS
1378,25,-59.57,8.83,True,37.15,CLEAR_LOS
1379,25,-53.73,11.73,True,35.72,CLEAR_LOS
1380,25,-59.12,8.38,True,38.38,CLEAR_LOS
1381,25,-56.15,9.1,True,45.3,CLEAR_LOS
1382,25,-53.29,9.33,True,38.26,CLEAR_LOS
1383,25,-57.56,13.45,True,44.26,CLEAR_LOS
1384,25,-57.41,7.03,True,45.68,CLEAR_LOS
1385,25,-59.02,10.51,True,41.63,CLEAR_LOS
1386,25,-60.3,11.7,True,40.85,CLEAR_LOS
1387,25,-52.25,10.34,True,42.85,CLEAR_LOS
1388,25,-54.17,9.78,True,43.79,CLEAR_LOS
1389,25,-64.48,9.66,True,42.36,CLEAR_LOS
1390,25,-53.67,9.22,True,41.47,CLEAR_LOS
1391,25,-59.82,15.25,True,39.77,CLEAR_LOS
1392,25,-58.61,12.49,True,42.44,CLEAR_LOS
1393,25,-61.63,10.21,True,43.6,CLEAR_LOS
1394,25,-55.8,10.33,True,38.28,CLEAR_LOS
1395,25,-61.93,12.98,True,38.78,CLEAR_LOS
1396,25,-56.74,7.61,True,42.44,CLEAR_LOS
1397,25,-58.17,12.42,True,44.44,CLEAR_LOS
1398,25,-54.23,11.18,True,43.41,CLEAR_LOS
1399,25,-57.6,10.55,True,42.28,CLEAR_LOS
1400,25,-59.79,8.71,True,36.39,CLEAR_LOS
1401,25,-50.82,12.45,True,36.2,CLEAR_LOS
1402,25,-60.42,12.07,True,43.24,CLEAR_LOS
1403,25,-52.88,8.25,True,44.54,CLEAR_LOS
1404,25,-60.92,12.65,True,45.25,CLEAR_LOS
1405,25,-62.36,11.61,True,43.18,CLEAR_LOS
1406,25,-62.13,5.45,True,39.85,CLEAR_LOS
1407,25,-52.98,11.27,True,46.56,CLEAR_LOS
1408,25,-64.1,11.17,True,38.53,CLEAR_LOS
1409,25,-61.95,11.47,True,49.05,CLEAR_LOS
1410,25,-63.13,10.44,True,40.81,CLEAR_LOS
1411,25,-65.41,13.25,True,40.96,CLEAR_LOS
1412,25,-59.85,8.55,True,38.24,CLEAR_LOS
1413,25,-61.76,9.64,True,41.83,CLEAR_LOS
1414,25,-58.41,9.9,True,43.76,CLEAR_LOS
1415,25,-60.24,12.58,True,40.11,CLEAR_LOS
1416,25,-54.42,9.82,True,43.04,CLEAR_LOS
1417,25,-61.3,14.79,True,46.01,CLEAR_LOS
1418,25,-59.71,12.52,True,43.45,CLEAR_LOS
1419,25,-62.62,11.83,True,40.18,CLEAR_LOS
1420,25,-63.84,12.4,True,45.34,CLEAR_LOS
1421,25,-55.8,11.0,True,40.47,CLEAR_LOS
1422,25,-56.83,11.3,True,38.78,CLEAR_LOS
1423,25,-53.44,8.04,True,46.68,CLEAR_LOS
1424,25,-56.17,12.68,True,39.63,CLEAR_LOS
1425,25,-55.63,10.33,True,44.24,CLEAR_LOS
1426,25,-59.98,12.9,True,44.0,CLEAR_LOS
1427,25,-61.43,8.98,True,44.16,CLEAR_LOS
1428,25,-66.67,12.25,True,40.8,CLEAR_LOS
1429,25,-55.32,9.97,True,44.75,CLEAR_LOS
1430,25,-59.44,9.47,True,41.56,CLEAR_LOS
1431,25,-61.83,9.37,True,38.49,CLEAR_LOS
1432,25,-55.3,12.1,True,41.86,CLEAR_LOS
1433,25,-59.25,9.87,True,44.03,CLEAR_LOS
1434,25,-58.72,12.12,True,39.0,CLEAR_LOS
1435,25,-60.36,10.25,True,43.12,CLEAR_LOS
1436,25,-51.4,8.83,True,51.45,CLEAR_LOS
1437,25,-58.85,13.6,True,35.84,CLEAR_LOS
1438,25,-61.46,7.19,True,48.41,CLEAR_LOS
1439,25,-58.55,9.3,True,47.4,CLEAR_LOS
1440,25,-59.81,10.88,True,40.01,CLEAR_LOS
1441,25,-60.73,9.35,True,42.79,CLEAR_LOS
1442,25,-53.98,9.91,True,42.39,CLEAR_LOS
1443,25,-55.36,9.91,True,39.16,CLEAR_LOS
1444,25,-57.73,8.03,True,42.62,CLEAR_LOS
1445,25,-55.73,13.6,True,40.25,CLEAR_LOS
1446,25,-58.77,12.52,True,47.42,CLEAR_LOS
1447,25,-63.26,10.13,True,41.09,CLEAR_LOS
1448,25,-68.56,11.74,True,40.81,CLEAR_LOS
1449,25,-62.36,11.89,True,39.31,CLEAR_LOS
1450,25,-52.84,8.56,True,40.52,CLEAR_LOS
1451,25,-56.49,13.2,True,36.55,CLEAR_LOS
1452,25,-52.59,7.29,True,42.51,CLEAR_LOS
1453,25,-57.43,7.6,True,43.71,CLEAR_LOS
1454,25,-58.17,8.07,True,41.7,CLEAR_LOS
1455,25,-56.5,10.78,True,40.88,CLEAR_LOS
1456,25,-56.41,11.12,True,42.67,CLEAR_LOS
1457,25,-60.18,10.35,True,41.8,CLEAR_LOS
1458,25,-56.56,10.29,True,46.14,CLEAR_LOS
1459,25,-56.49,11.71,True,45.39,CLEAR_LOS
1460,25,-60.66,10.3,True,43.62,CLEAR_LOS
1461,25,-60.54,9.77,True,42.45,CLEAR_LOS
1462,25,-60.51,8.39,True,39.82,CLEAR_LOS
1463,25,-61.44,12.71,True,39.42,CLEAR_LOS
1464,25,-58.94,12.87,True,32.11,CLEAR_LOS
1465,25,-54.62,8.0,True,46.86,CLEAR_LOS
1466,25,-54.95,7.51,True,44.52,CLEAR_LOS
1467,25,-58.88,11.83,True,43.48,CLEAR_LOS
1468,25,-61.87,11.95,True,38.88,CLEAR_LOS
1469,25,-55.35,10.7,True,39.58,CLEAR_LOS
1470,25,-58.38,12.05,True,43.65,CLEAR_LOS
1471,25,-53.81,13.79,True,38.26,CLEAR_LOS
1472,25,-58.81,8.38,True,40.49,CLEAR_LOS
1473,25,-56.78,11.07,True,44.14,CLEAR_LOS
1474,25,-59.77,9.86,True,42.66,CLEAR_LOS
1475,25,-58.76,9.86,True,42.18,CLEAR_LOS
1476,25,-57.47,10.0,True,39.36,CLEAR_LOS
1477,25,-53.68,7.47,True,43.77,CLEAR_LOS
1478,25,-56.66,12.29,True,42.79,CLEAR_LOS
1479,25,-59.27,10.96,True,43.57,CLEAR_LOS
1480,25,-53.76,8.67,True,34.67,CLEAR_LOS
1481,25,-59.62,10.28,True,40.08,CLEAR_LOS
1482,25,-55.21,8.88,True,43.71,CLEAR_LOS
1483,25,-61.06,11.23,True,41.32,CLEAR_LOS
1484,25,-54.33,12.04,True,44.52,CLEAR_LOS
1485,25,-62.67,9.21,True,37.74,CLEAR_LOS
1486,25,-58.39,10.72,True,37.78,CLEAR_LOS
1487,25,-54.17,10.2,True,41.61,CLEAR_LOS
1488,25,-59.07,15.45,True,41.71,CLEAR_LOS
1489,25,-54.8,12.12,True,40.04,CLEAR_LOS
1490,25,-57.39,11.82,True,34.66,CLEAR_LOS
1491,25,-62.06,14.73,True,32.5,CLEAR_LOS
1492,25,-55.7,13.04,True,36.22,CLEAR_LOS
1493,25,-57.52,10.27,True,50.69,CLEAR_LOS
1494,25,-54.24,8.05,True,32.45,CLEAR_LOS
1495,25,-59.66,13.32,True,43.73,CLEAR_LOS
1496,25,-57.28,14.24,True,40.05,CLEAR_LOS
1497,25,-59.42,9.48,True,46.91,CLEAR_LOS
1498,25,-58.15,11.31,True,41.67,CLEAR_LOS
1499,25,-57.18,8.4,True,45.19,CLEAR_LOS
1500,25,-54.55,10.26,True,44.71,CLEAR_LOS
1501,25,-61.56,10.36,True,38.6,CLEAR_LOS
1502,25,-53.9,10.94,True,41.03,CLEAR_LOS
1503,25,-58.2,10.78,True,44.49,CLEAR_LOS
1504,25,-62.28,9.56,True,44.05,CLEAR_LOS
1505,25,-57.56,10.7,True,39.51,CLEAR_LOS
1506,25,-58.92,13.23,True,35.81,CLEAR_LOS
1507,25,-52.64,11.38,True,41.75,CLEAR_LOS
1508,25,-54.77,8.55,True,40.7,CLEAR_LOS
1509,25,-58.01,11.62,True,39.93,CLEAR_LOS
1510,25,-56.26,10.88,True,34.0,CLEAR_LOS
1511,25,-56.08,11.96,True,33.25,CLEAR_LOS
1512,25,-54.76,11.82,True,39.3,CLEAR_LOS
1513,25,-55.8,11.26,True,39.86,CLEAR_LOS
1514,25,-56.13,10.01,True,38.56,CLEAR_LOS
1515,25,-56.27,13.02,True,39.66,CLEAR_LOS
1516,25,-53.67,10.77,True,49.04,CLEAR_LOS
1517,25,-52.57,9.86,True,44.7,CLEAR_LOS
1518,25,-54.61,13.02,True,37.49,CLEAR_LOS
1519,25,-61.14,9.55,True,37.03,CLEAR_LOS
1520,25,-54.71,8.95,True,46.3,CLEAR_LOS
1521,25,-56.55,12.37,True,38.61,CLEAR_LOS
1522,25,-54.4,10.72,True,42.99,CLEAR_LOS
1523,25,-61.45,10.62,True,43.37,CLEAR_LOS
1524,25,-61.95,10.04,True,36.38,CLEAR_LOS
1525,25,-62.05,10.49,True,46.28,CLEAR_LOS
1526,25,-59.61,6.7,True,41.86,CLEAR_LOS
1527,25,-56.12,9.99,True,41.21,CLEAR_LOS
1528,25,-58.83,8.93,True,43.99,CLEAR_LOS
1529,25,-60.28,9.57,True,36.4,CLEAR_LOS
1530,25,-60.39,10.4,True,45.6,CLEAR_LOS
1531,25,-59.72,10.13,True,42.02,CLEAR_LOS
1532,25,-61.12,13.24,True,38.8,CLEAR_LOS
1533,25,-56.85,9.22,True,44.75,CLEAR_LOS
1534,25,-55.1,13.26,True,45.29,CLEAR_LOS
1535,25,-60.53,10.48,True,40.46,CLEAR_LOS
1536,25,-57.46,7.82,True,41.55,CLEAR_LOS
1537,25,-55.52,8.35,True,39.1,CLEAR_LOS
1538,25,-52.36,8.82,True,37.36,CLEAR_LOS
1539,25,-58.01,11.98,True,48.77,CLEAR_LOS
1540,25,-60.7,11.75,True,41.97,CLEAR_LOS
1541,25,-53.37,13.75,True,43.09,CLEAR_LOS
1542,25,-57.11,10.1,True,46.18,CLEAR_LOS
1543,25,-62.18,10.33,True,45.58,CLEAR_LOS
1544,25,-56.68,10.73,True,37.86,CLEAR_LOS
1545,25,-58.89,12.5,True,43.78,CLEAR_LOS
1546,25,-61.53,8.44,True,34.87,CLEAR_LOS
1547,25,-59.77,8.17,True,43.27,CLEAR_LOS
1548,25,-59.42,10.0,True,47.48,CLEAR_LOS
1549,25,-53.51,10.28,True,41.65,CLEAR_LOS
1550,25,-56.37,12.6,True,43.92,CLEAR_LOS
1551,25,-59.22,14.01,True,43.7,CLEAR_LOS
1552,25,-58.25,7.43,True,40.0,CLEAR_LOS
1553,25,-62.94,15.24,True,43.01,CLEAR_LOS
1554,25,-55.03,10.22,True,37.09,CLEAR_LOS
1555,25,-54.01,9.81,True,41.35,CLEAR_LOS
1556,25,-58.62,12.34,True,39.84,CLEAR_LOS
1557,25,-58.03,6.99,True,43.3,CLEAR_LOS
1558,25,-56.83,13.24,True,40.95,CLEAR_LOS
1559,25,-65.44,13.2,True,43.12,CLEAR_LOS
1560,25,-50.44,9.71,True,41.72,CLEAR_LOS
1561,25,-55.9,8.8,True,36.9,CLEAR_LOS
1562,25,-60.33,12.41,True,39.72,CLEAR_LOS
1563,25,-59.91,7.68,True,42.66,CLEAR_LOS
1564,25,-56.32,10.36,True,42.85,CLEAR_LOS
1565,25,-59.84,13.45,True,45.49,CLEAR_LOS
1566,25,-56.06,12.49,True,36.05,CLEAR_LOS
1567,25,-56.23,10.18,True,39.09,CLEAR_LOS
1568,25,-59.62,9.04,True,42.72,CLEAR_LOS
1569,25,-58.75,13.37,True,43.35,CLEAR_LOS
1570,25,-52.51,9.85,True,44.38,CLEAR_LOS
1571,25,-60.36,11.45,True,35.86,CLEAR_LOS
1572,25,-57.54,11.46,True,41.03,CLEAR_LOS
1573,25,-55.1,10.7,True,44.73,CLEAR_LOS
1574,25,-60.6,11.91,True,37.19,CLEAR_LOS
1575,25,-53.7,10.13,True,37.49,CLEAR_LOS
1576,25,-55.59,13.92,True,44.0,CLEAR_LOS
1577,25,-53.77,9.93,True,40.31,CLEAR_LOS
1578,25,-63.2,10.66,True,31.27,CLEAR_LOS
1579,25,-57.8,9.57,True,42.47,CLEAR_LOS
1580,25,-53.29,8.13,True,41.7,CLEAR_LOS
1581,25,-56.33,11.24,True,40.16,CLEAR_LOS
1582,25,-59.09,10.75,True,38.42,CLEAR_LOS
1583,25,-55.39,10.41,True,41.8,CLEAR_LOS
1584,25,-55.56,14.41,True,34.35,CLEAR_LOS
1585,25,-55.76,10.46,True,42.45,CLEAR_LOS
1586,25,-64.01,11.56,True,40.54,CLEAR_LOS
1587,25,-61.32,9.95,True,42.37,CLEAR_LOS
1588,25,-59.27,11.57,True,46.68,CLEAR_LOS
1589,25,-60.18,12.84,True,41.11,CLEAR_LOS
1590,25,-57.05,15.18,True,41.98,CLEAR_LOS
1591,25,-62.16,12.58,True,39.79,CLEAR_LOS
1592,25,-62.29,7.21,True,36.94,CLEAR_LOS
1593,25,-58.44,7.95,True,42.25,CLEAR_LOS
1594,25,-55.78,9.56,True,47.36,CLEAR_LOS
1595,25,-57.17,11.45,True,43.17,CLEAR_LOS
1596,25,-58.31,10.15,True,39.98,CLEAR_LOS
1597,25,-55.97,7.62,True,40.84,CLEAR_LOS
1598,25,-57.72,9.32,True,40.52,CLEAR_LOS
1599,25,-54.6,10.75,True,41.32,CLEAR_LOS
1600,25,-49.3,8.5,True,38.74,CLEAR_LOS
1601,25,-58.7,9.71,True,41.04,CLEAR_LOS
1602,25,-51.45,9.33,True,35.92,CLEAR_LOS
1603,25,-58.67,11.41,True,41.89,CLEAR_LOS
1604,25,-54.79,11.5,True,45.63,CLEAR_LOS
1605,25,-57.04,10.73,True,43.65,CLEAR_LOS
1606,25,-59.37,14.36,True,43.21,CLEAR_LOS
1607,25,-50.27,10.37,True,41.03,CLEAR_LOS
1608,25,-58.95,10.91,True,42.08,CLEAR_LOS
1609,25,-54.02,10.32,True,37.8,CLEAR_LOS
1610,25,-60.66,9.79,True,44.08,CLEAR_LOS
1611,25,-59.72,11.86,True,37.77,CLEAR_LOS
1612,25,-60.1,13.29,True,40.04,CLEAR_LOS
1613,25,-59.45,11.0,True,44.7,CLEAR_LOS
1614,25,-56.11,9.15,True,45.17,CLEAR_LOS
1615,25,-58.69,13.07,True,43.71,CLEAR_LOS
1616,25,-61.61,10.46,True,42.45,CLEAR_LOS
1617,25,-65.66,10.49,True,44.51,CLEAR_LOS
1618,25,-61.58,7.55,True,42.5,CLEAR_LOS
1619,25,-53.74,10.41,True,39.53,CLEAR_LOS
1620,25,-47.57,10.44,True,40.27,CLEAR_LOS
1621,25,-48.77,8.17,True,44.99,CLEAR_LOS
1622,25,-58.08,8.23,True,40.49,CLEAR_LOS
1623,25,-56.83,11.29,True,44.14,CLEAR_LOS
1624,25,-62.56,13.74,True,45.79,CLEAR_LOS
1625,25,-64.25,6.89,True,41.74,CLEAR_LOS
1626,25,-53.74,8.33,True,40.33,CLEAR_LOS
1627,25,-57.79,9.73,True,45.02,CLEAR_LOS
1628,25,-59.85,10.63,True,43.39,CLEAR_LOS
1629,25,-54.94,10.91,True,49.01,CLEAR_LOS
1630,25,-62.1,11.29,True,42.5,CLEAR_LOS
1631,25,-47.82,13.94,True,43.24,CLEAR_LOS
1632,25,-54.08,6.48,True,45.26,CLEAR_LOS
1633,25,-60.02,10.49,True,47.4,CLEAR_LOS
1634,25,-62.76,11.35,True,38.75,CLEAR_LOS
1635,25,-56.37,9.26,True,34.38,CLEAR_LOS
1636,25,-60.24,9.57,True,41.04,CLEAR_LOS
1637,25,-53.99,9.68,True,40.91,CLEAR_LOS
1638,25,-62.8,9.79,True,41.69,CLEAR_LOS
1639,25,-50.47,11.18,True,45.16,CLEAR_LOS
1640,25,-63.09,10.1,True,38.45,CLEAR_LOS
1641,25,-62.38,7.85,True,43.64,CLEAR_LOS
1642,25,-55.7,10.02,True,43.37,CLEAR_LOS
1643,25,-65.45,8.76,True,43.51,CLEAR_LOS
1644,25,-51.09,9.62,True,40.04,CLEAR_LOS
1645,25,-60.75,9.05,True,42.86,CLEAR_LOS
1646,25,-56.33,14.01,True,40.32,CLEAR_LOS
1647,25,-61.96,9.01,True,40.46,CLEAR_LOS
1648,25,-59.16,10.92,True,38.77,CLEAR_LOS
1649,25,-54.38,11.46,True,42.59,CLEAR_LOS
1650,25,-58.35,10.32,True,45.37,CLEAR_LOS
1651,25,-54.78,9.18,True,43.32,CLEAR_LOS
1652,25,-57.38,9.5,True,41.69,CLEAR_LOS
1653,25,-54.47,9.91,True,43.53,CLEAR_LOS
1654,25,-61.96,9.55,True,42.81,CLEAR_LOS
1655,25,-56.53,8.81,True,49.18,CLEAR_LOS
1656,25,-57.05,13.17,True,37.66,CLEAR_LOS
1657,25,-51.26,11.23,True,40.55,CLEAR_LOS
1658,25,-60.46,8.82,True,43.06,CLEAR_LOS
1659,25,-61.57,9.2,True,38.51,CLEAR_LOS
1660,25,-55.43,14.07,True,48.26,CLEAR_LOS
1661,25,-54.51,9.88,True,45.34,CLEAR_LOS
1662,25,-59.35,11.12,True,37.58,CLEAR_LOS
1663,25,-57.86,12.08,True,50.87,CLEAR_LOS
1664,25,-51.64,10.34,True,35.53,CLEAR_LOS
1665,25,-58.83,12.63,True,39.25,CLEAR_LOS
1666,25,-56.58,10.54,True,42.93,CLEAR_LOS
1667,25,-63.39,9.3,True,44.79,CLEAR_LOS
1668,25,-58.42,7.98,True,39.03,CLEAR_LOS
1669,25,-55.08,11.07,True,37.28,CLEAR_LOS
1670,25,-67.92,10.27,True,37.75,CLEAR_LOS
1671,25,-59.38,12.0,True,43.79,CLEAR_LOS
1672,25,-60.73,11.55,True,36.76,CLEAR_LOS
1673,25,-62.76,9.24,True,41.77,CLEAR_LOS
1674,25,-61.3,11.3,True,35.72,CLEAR_LOS
1675,25,-58.89,9.52,True,40.91,CLEAR_LOS
1676,25,-61.12,8.86,True,39.93,CLEAR_LOS
1677,25,-54.07,13.86,True,39.76,CLEAR_LOS
1678,25,-64.2,13.89,True,44.58,CLEAR_LOS
1679,25,-60.82,11.47,True,42.24,CLEAR_LOS
1680,25,-57.58,13.43,True,34.03,CLEAR_LOS
1681,25,-54.74,9.88,True,46.67,CLEAR_LOS
1682,25,-57.23,12.26,True,38.31,CLEAR_LOS
1683,25,-58.08,10.27,True,45.26,CLEAR_LOS
1684,25,-61.61,11.98,True,44.91,CLEAR_LOS
1685,25,-54.72,10.45,True,43.28,CLEAR_LOS
1686,25,-63.22,14.92,True,43.67,CLEAR_LOS
1687,25,-58.64,7.83,True,41.67,CLEAR_LOS
1688,25,-58.56,12.35,True,36.62,CLEAR_LOS
1689,25,-57.24,11.17,True,35.39,CLEAR_LOS
1690,25,-65.69,7.02,True,40.47,CLEAR_LOS
1691,25,-56.2,11.04,True,40.28,CLEAR_LOS
1692,25,-52.18,9.5,True,38.49,CLEAR_LOS
1693,25,-53.91,9.11,True,43.76,CLEAR_LOS
1694,25,-53.67,10.43,True,41.64,CLEAR_LOS
1695,25,-55.37,10.59,True,39.73,CLEAR_LOS
1696,25,-57.83,12.5,True,40.93,CLEAR_LOS
1697,25,-66.09,7.67,True,38.62,CLEAR_LOS
1698,25,-57.3,12.08,True,35.7,CLEAR_LOS
1699,25,-61.84,8.99,True,36.62,CLEAR_LOS
1700,25,-56.91,11.55,True,40.43,CLEAR_LOS
1701,25,-61.38,14.0,True,41.1,CLEAR_LOS
1702,25,-53.66,10.22,True,37.51,CLEAR_LOS
1703,25,-59.25,10.22,True,41.99,CLEAR_LOS
1704,25,-64.18,11.35,True,42.99,CLEAR_LOS
1705,25,-55.76,8.81,True,42.97,CLEAR_LOS
1706,25,-51.8,7.47,True,41.04,CLEAR_LOS
1707,25,-62.44,7.23,True,41.44,CLEAR_LOS
1708,25,-62.05,11.03,True,48.31,CLEAR_LOS
1709,25,-56.91,11.17,True,35.61,CLEAR_LOS
1710,25,-57.25,10.73,True,38.33,CLEAR_LOS
1711,25,-56.35,8.63,True,43.82,CLEAR_LOS
1712,25,-59.68,10.2,True,36.59,CLEAR_LOS
1713,25,-57.5,8.3,True,43.2,CLEAR_LOS
1714,25,-57.01,11.17,True,41.63,CLEAR_LOS
1715,25,-53.94,9.88,True,41.89,CLEAR_LOS
1716,25,-60.04,8.97,True,44.39,CLEAR_LOS
1717,25,-57.45,11.53,True,42.69,CLEAR_LOS
1718,25,-53.21,12.55,True,40.19,CLEAR_LOS
1719,25,-58.2,13.79,True,43.52,CLEAR_LOS
1720,25,-57.23,11.21,True,40.82,CLEAR_LOS
1721,25,-51.14,10.22,True,39.76,CLEAR_LOS
1722,25,-56.17,9.54,True,39.95,CLEAR_LOS
1723,25,-53.99,10.19,True,43.78,CLEAR_LOS
1724,25,-63.33,9.01,True,35.93,CLEAR_LOS
1725,25,-65.35,11.39,True,36.62,CLEAR_LOS
1726,25,-63.61,12.8,True,37.08,CLEAR_LOS
1727,25,-60.9,9.79,True,43.98,CLEAR_LOS
1728,25,-58.26,13.59,True,36.17,CLEAR_LOS
1729,25,-58.0,9.22,True,45.09,CLEAR_LOS
1730,25,-55.98,10.85,True,42.57,CLEAR_LOS
1731,25,-53.83,11.59,True,43.45,CLEAR_LOS
1732,25,-59.97,9.51,True,47.22,CLEAR_LOS
1733,25,-57.27,11.28,True,42.81,CLEAR_LOS
1734,25,-55.49,11.23,True,41.57,CLEAR_LOS
1735,25,-57.92,11.28,True,44.35,CLEAR_LOS
1736,25,-51.01,10.61,True,39.4,CLEAR_LOS
1737,25,-57.0,7.23,True,35.93,CLEAR_LOS
1738,25,-55.41,10.64,True,37.16,CLEAR_LOS
1739,25,-57.67,10.5,True,37.35,CLEAR_LOS
1740,25,-54.06,11.01,True,42.47,CLEAR_LOS
1741,25,-57.79,9.37,True,42.75,CLEAR_LOS
1742,25,-48.48,10.66,True,40.54,CLEAR_LOS
1743,25,-57.13,10.15,True,41.08,CLEAR_LOS
1744,25,-57.44,11.03,True,39.13,CLEAR_LOS
1745,25,-58.82,10.92,True,45.8,CLEAR_LOS
1746,25,-60.34,13.12,True,37.7,CLEAR_LOS
1747,25,-61.18,10.33,True,37.62,CLEAR_LOS
1748,25,-58.23,12.6,True,39.03,CLEAR_LOS
1749,25,-55.3,12.34,True,42.25,CLEAR_LOS
1750,25,-51.72,11.32,True,41.31,CLEAR_LOS
1751,25,-63.42,8.47,True,38.2,CLEAR_LOS
1752,25,-62.49,8.18,True,40.57,CLEAR_LOS
1753,25,-60.62,7.83,True,44.0,CLEAR_LOS
1754,25,-58.83,11.28,True,47.54,CLEAR_LOS
1755,25,-58.56,10.16,True,38.78,CLEAR_LOS
1756,25,-60.82,13.29,True,42.44,CLEAR_LOS
1757,25,-59.16,9.33,True,40.92,CLEAR_LOS
1758,25,-53.92,9.44,True,43.47,CLEAR_LOS
1759,25,-56.26,8.4,True,36.76,CLEAR_LOS
1760,25,-56.59,12.61,True,38.51,CLEAR_LOS
1761,25,-67.38,9.8,True,42.71,CLEAR_LOS
1762,25,-53.54,13.06,True,40.9,CLEAR_LOS
1763,25,-60.17,11.73,True,43.34,CLEAR_LOS
1764,25,-61.16,10.28,True,38.94,CLEAR_LOS
1765,25,-59.69,11.73,True,39.11,CLEAR_LOS
1766,25,-55.65,7.87,True,42.08,CLEAR_LOS
1767,25,-63.63,11.03,True,42.24,CLEAR_LOS
1768,25,-55.91,14.35,True,47.71,CLEAR_LOS
1769,25,-54.53,9.82,True,41.52,CLEAR_LOS
1770,25,-54.9,10.65,True,40.62,CLEAR_LOS
1771,25,-57.75,10.91,True,41.61,CLEAR_LOS
1772,25,-52.74,9.64,True,37.24,CLEAR_LOS
1773,25,-58.74,13.31,True,43.71,CLEAR_LOS
1774,25,-51.53,9.89,True,44.45,CLEAR_LOS
1775,25,-61.35,12.37,True,46.53,CLEAR_LOS
1776,25,-57.54,10.93,True,37.04,CLEAR_LOS
1777,25,-54.67,12.87,True,42.96,CLEAR_LOS
1778,25,-62.77,13.16,True,36.03,CLEAR_LOS
1779,25,-59.82,11.13,True,37.27,CLEAR_LOS
1780,25,-51.98,13.84,True,35.35,CLEAR_LOS
1781,25,-56.11,11.72,True,44.4,CLEAR_LOS
1782,25,-53.81,12.29,True,39.58,CLEAR_LOS
1783,25,-58.31,12.02,True,40.2,CLEAR_LOS
1784,25,-56.31,7.07,True,43.19,CLEAR_LOS
1785,25,-55.51,10.92,True,39.43,CLEAR_LOS
1786,25,-51.88,8.29,True,41.82,CLEAR_LOS
1787,25,-58.75,8.43,True,36.23,CLEAR_LOS
1788,25,-55.67,10.14,True,41.04,CLEAR_LOS
1789,25,-55.8,8.27,True,39.38,CLEAR_LOS
1790,25,-54.42,10.24,True,40.48,CLEAR_LOS
1791,25,-52.79,10.33,True,38.81,CLEAR_LOS
1792,25,-61.81,7.86,True,38.28,CLEAR_LOS
1793,25,-62.5,10.94,True,36.74,CLEAR_LOS
1794,25,-54.95,12.41,True,48.91,CLEAR_LOS
1795,25,-56.46,10.51,True,41.57,CLEAR_LOS
1796,25,-56.67,7.75,True,42.04,CLEAR_LOS
1797,25,-63.31,10.93,True,44.43,CLEAR_LOS
1798,25,-60.9,11.21,True,42.37,CLEAR_LOS
1799,25,-58.74,10.06,True,46.43,CLEAR_LOS
1800,25,-59.96,10.04,True,37.95,CLEAR_LOS
1801,25,-57.38,11.6,True,45.05,CLEAR_LOS
1802,25,-52.04,11.13,True,42.31,CLEAR_LOS
1803,25,-61.56,11.22,True,37.6,CLEAR_LOS
1804,25,-54.7,9.0,True,37.65,CLEAR_LOS
1805,25,-57.59,13.7,True,36.12,CLEAR_LOS
1806,25,-65.23,7.9,True,36.74,CLEAR_LOS
1807,25,-56.42,11.83,True,44.43,CLEAR_LOS
1808,25,-60.75,14.37,True,44.14,CLEAR_LOS
1809,25,-59.79,10.77,True,41.35,CLEAR_LOS
1810,25,-62.47,13.18,True,43.78,CLEAR_LOS
1811,25,-65.44,10.74,True,42.53,CLEAR_LOS
1812,25,-57.29,10.38,True,44.19,CLEAR_LOS
1813,25,-56.07,13.38,True,35.98,CLEAR_LOS
1814,25,-54.17,11.57,True,37.32,CLEAR_LOS
1815,25,-62.72,12.67,True,43.7,CLEAR_LOS
1816,25,-60.93,6.91,True,41.05,CLEAR_LOS
1817,25,-54.03,12.54,True,42.62,CLEAR_LOS
1818,25,-61.01,9.99,True,41.42,CLEAR_LOS
1819,25,-57.95,10.97,True,40.43,CLEAR_LOS
1820,25,-48.68,12.52,True,47.04,CLEAR_LOS
1821,25,-58.04,9.59,True,39.66,CLEAR_LOS
1822,25,-55.37,11.85,True,39.03,CLEAR_LOS
1823,25,-57.38,10.18,True,43.03,CLEAR_LOS
1824,25,-61.2,7.14,True,39.89,CLEAR_LOS
1825,25,-61.52,7.77,True,42.48,CLEAR_LOS
1826,25,-57.2,11.37,True,45.07,CLEAR_LOS
1827,25,-65.21,11.3,True,40.77,CLEAR_LOS
1828,25,-58.98,10.5,True,40.34,CLEAR_LOS
1829,25,-54.49,8.77,True,45.61,CLEAR_LOS
1830,25,-56.57,7.73,True,41.61,CLEAR_LOS
1831,25,-58.45,10.37,True,43.23,CLEAR_LOS
1832,25,-59.68,9.71,True,53.34,CLEAR_LOS
1833,25,-56.66,10.89,True,40.54,CLEAR_LOS
1834,25,-56.48,5.83,True,35.5,CLEAR_LOS
1835,25,-57.68,12.83,True,44.25,CLEAR_LOS
1836,25,-57.9,14.54,True,47.99,CLEAR_LOS
1837,25,-54.14,11.72,True,47.57,CLEAR_LOS
1838,25,-58.0,12.0,True,47.64,CLEAR_LOS
1839,25,-58.71,13.1,True,42.5,CLEAR_LOS
1840,25,-57.03,12.71,True,41.56,CLEAR_LOS
1841,25,-60.34,9.28,True,48.3,CLEAR_LOS
1842,25,-55.05,13.56,True,44.4,CLEAR_LOS
1843,25,-54.6,12.31,True,45.55,CLEAR_LOS
1844,25,-58.3,8.14,True,37.42,CLEAR_LOS
1845,25,-60.66,9.8,True,34.74,CLEAR_LOS
1846,25,-60.32,12.52,True,41.56,CLEAR_LOS
1847,25,-63.02,12.88,True,44.48,CLEAR_LOS
1848,25,-61.34,17.9,True,36.6,CLEAR_LOS
1849,25,-57.62,11.5,True,39.81,CLEAR_LOS
1850,25,-60.73,9.95,True,34.62,CLEAR_LOS
1851,25,-56.96,10.56,True,45.77,CLEAR_LOS
1852,25,-57.55,13.01,True,47.15,CLEAR_LOS
1853,25,-53.97,11.15,True,43.3,CLEAR_LOS
1854,25,-58.6,11.13,True,39.51,CLEAR_LOS
1855,25,-62.06,14.36,True,43.23,CLEAR_LOS
1856,25,-58.92,10.39,True,38.49,CLEAR_LOS
1857,25,-61.68,6.54,True,41.17,CLEAR_LOS
1858,25,-58.36,11.17,True,41.22,CLEAR_LOS
1859,25,-57.88,10.79,True,37.67,CLEAR_LOS
1860,25,-59.28,11.83,True,40.04,CLEAR_LOS
1861,25,-50.7,14.23,True,47.2,CLEAR_LOS
1862,25,-55.44,10.29,True,42.9,CLEAR_LOS
1863,25,-60.75,8.67,True,40.09,CLEAR_LOS
1864,25,-54.06,10.22,True,45.5,CLEAR_LOS
1865,25,-55.17,13.28,True,45.66,CLEAR_LOS
1866,25,-60.03,10.4,True,39.8,CLEAR_LOS
1867,25,-51.98,10.05,True,44.95,CLEAR_LOS
1868,25,-64.83,11.54,True,46.29,CLEAR_LOS
1869,25,-56.47,11.72,True,40.32,CLEAR_LOS
1870,25,-54.52,7.39,True,44.56,CLEAR_LOS
1871,25,-58.06,13.2,True,40.24,CLEAR_LOS
1872,25,-54.31,13.6,True,39.71,CLEAR_LOS
1873,25,-57.19,11.6,True,36.91,CLEAR_LOS
1874,25,-58.64,13.23,True,42.19,CLEAR_LOS
1875,25,-57.65,10.96,True,46.05,CLEAR_LOS
1876,25,-62.8,7.98,True,41.6,CLEAR_LOS
1877,25,-59.58,9.84,True,40.73,CLEAR_LOS
1878,25,-56.43,11.4,True,37.3,CLEAR_LOS
1879,25,-63.63,12.81,True,39.83,CLEAR_LOS
1880,25,-51.74,9.75,True,37.8,CLEAR_LOS
1881,25,-49.66,7.98,True,37.53,CLEAR_LOS
1882,25,-62.1,12.32,True,46.48,CLEAR_LOS
1883,25,-54.78,11.42,True,36.57,CLEAR_LOS
1884,25,-57.56,11.36,True,44.37,CLEAR_LOS
1885,25,-55.21,8.28,True,37.55,CLEAR_LOS
1886,25,-56.25,9.35,True,43.65,CLEAR_LOS
1887,25,-59.54,9.65,True,32.66,CLEAR_LOS
1888,25,-59.8,7.25,True,45.19,CLEAR_LOS
1889,25,-55.26,11.01,True,40.27,CLEAR_LOS
1890,25,-59.12,10.33,True,41.65,CLEAR_LOS
1891,25,-56.5,9.55,True,43.58,CLEAR_LOS
1892,25,-51.52,9.63,True,40.26,CLEAR_LOS
1893,25,-55.16,9.26,True,38.36,CLEAR_LOS
1894,25,-54.17,10.64,True,42.62,CLEAR_LOS
1895,25,-63.6,10.04,True,40.93,CLEAR_LOS
1896,25,-61.69,11.97,True,41.48,CLEAR_LOS
1897,25,-53.1,12.23,True,43.84,CLEAR_LOS
1898,25,-61.22,10.97,True,37.85,CLEAR_LOS
1899,25,-58.75,10.32,True,44.5,CLEAR_LOS
1900,25,-60.7,11.0,True,39.08,CLEAR_LOS
1901,25,-57.13,13.88,True,40.2,CLEAR_LOS
1902,25,-51.78,10.96,True,39.12,CLEAR_LOS
1903,25,-56.99,11.49,True,34.83,CLEAR_LOS
1904,25,-62.39,8.39,True,43.99,CLEAR_LOS
1905,25,-64.49,10.67,True,43.28,CLEAR_LOS
1906,25,-55.86,8.17,True,38.72,CLEAR_LOS
1907,25,-51.36,6.52,True,39.15,CLEAR_LOS
1908,25,-55.14,10.42,True,37.69,CLEAR_LOS
1909,25,-53.99,8.95,True,41.03,CLEAR_LOS
1910,25,-54.98,10.85,True,43.96,CLEAR_LOS
1911,25,-62.17,8.24,True,37.44,CLEAR_LOS
1912,25,-53.31,12.28,True,43.46,CLEAR_LOS
1913,25,-58.73,10.11,True,38.5,CLEAR_LOS
1914,25,-59.26,9.76,True,41.16,CLEAR_LOS
1915,25,-61.63,9.32,True,40.02,CLEAR_LOS
1916,25,-58.35,9.9,True,38.29,CLEAR_LOS
1917,25,-59.5,11.01,True,42.67,CLEAR_LOS
1918,25,-62.05,9.12,True,47.26,CLEAR_LOS
1919,25,-59.3,8.87,True,42.96,CLEAR_LOS
1920,25,-56.38,10.89,True,34.36,CLEAR_LOS
1921,25,-53.73,9.23,True,37.05,CLEAR_LOS
1922,25,-63.04,7.76,True,38.25,CLEAR_LOS
1923,25,-59.25,13.13,True,42.11,CLEAR_LOS
1924,25,-56.83,10.48,True,44.82,CLEAR_LOS
1925,25,-61.41,14.62,True,39.07,CLEAR_LOS
1926,25,-57.35,10.17,True,43.63,CLEAR_LOS
1927,25,-63.79,11.66,True,44.11,CLEAR_LOS
1928,25,-55.46,6.26,True,39.78,CLEAR_LOS
1929,25,-61.81,7.91,True,44.35,CLEAR_LOS
1930,25,-57.07,10.04,True,44.41,CLEAR_LOS
1931,25,-60.2,11.81,True,42.12,CLEAR_LOS
1932,25,-55.01,12.73,True,41.67,CLEAR_LOS
1933,25,-63.5,7.39,True,38.22,CLEAR_LOS
1934,25,-62.01,12.27,True,35.34,CLEAR_LOS
1935,25,-54.31,13.27,True,44.46,CLEAR_LOS
1936,25,-55.51,10.04,True,38.02,CLEAR_LOS
1937,25,-53.48,9.83,True,34.39,CLEAR_LOS
1938,25,-64.43,10.71,True,38.86,CLEAR_LOS
1939,25,-49.58,10.01,True,41.81,CLEAR_LOS
1940,25,-60.71,8.53,True,45.5,CLEAR_LOS
1941,25,-57.04,8.73,True,52.54,CLEAR_LOS
1942,25,-62.44,11.21,True,49.08,CLEAR_LOS
1943,25,-50.32,10.12,True,44.84,CLEAR_LOS
1944,25,-58.88,12.79,True,50.31,CLEAR_LOS
1945,25,-54.78,11.67,True,42.16,CLEAR_LOS
1946,25,-60.48,8.84,True,44.72,CLEAR_LOS
1947,25,-56.62,9.81,True,41.01,CLEAR_LOS
1948,25,-59.32,10.61,True,42.61,CLEAR_LOS
1949,25,-56.26,13.05,True,47.26,CLEAR_LOS
1950,25,-62.25,7.63,True,43.46,CLEAR_LOS
1951,25,-57.24,6.69,True,43.66,CLEAR_LOS
1952,25,-58.22,8.13,True,45.8,CLEAR_LOS
1953,25,-53.25,12.49,True,43.84,CLEAR_LOS
1954,25,-53.73,9.9,True,41.83,CLEAR_LOS
1955,25,-58.36,11.71,True,40.99,CLEAR_LOS
1956,25,-58.27,12.12,True,39.67,CLEAR_LOS
1957,25,-58.14,11.7,True,42.76,CLEAR_LOS
1958,25,-63.14,8.28,True,39.65,CLEAR_LOS
1959,25,-59.46,9.64,True,39.21,CLEAR_LOS
1960,25,-58.6,9.38,True,38.44,CLEAR_LOS
1961,25,-55.64,9.92,True,44.02,CLEAR_LOS
1962,25,-61.18,7.94,True,39.15,CLEAR_LOS
1963,25,-52.79,12.2,True,41.94,CLEAR_LOS
1964,25,-62.72,11.65,True,34.03,CLEAR_LOS
1965,25,-58.04,10.55,True,40.43,CLEAR_LOS
1966,25,-64.39,10.65,True,39.31,CLEAR_LOS
1967,25,-58.25,9.87,True,43.44,CLEAR_LOS
1968,25,-60.08,11.39,True,45.73,CLEAR_LOS
1969,25,-56.13,7.54,True,39.0,CLEAR_LOS
1970,25,-59.65,11.72,True,42.39,CLEAR_LOS
1971,25,-62.6,10.07,True,47.41,CLEAR_LOS
1972,25,-53.65,11.08,True,49.35,CLEAR_LOS
1973,25,-57.81,8.98,True,37.93,CLEAR_LOS
1974,25,-57.64,10.86,True,39.73,CLEAR_LOS
1975,25,-56.98,10.95,True,37.91,CLEAR_LOS
1976,25,-63.08,10.79,True,44.2,CLEAR_LOS
1977,25,-57.33,14.87,True,40.52,CLEAR_LOS
1978,25,-59.17,10.3,True,37.51,CLEAR_LOS
1979,25,-63.54,9.88,True,41.7,CLEAR_LOS
1980,25,-59.29,8.4,True,44.88,CLEAR_LOS
1981,25,-58.2,11.99,True,44.87,CLEAR_LOS
1982,25,-62.49,8.78,True,37.49,CLEAR_LOS
1983,25,-57.09,8.18,True,36.5,CLEAR_LOS
1984,25,-60.6,11.62,True,40.17,CLEAR_LOS
1985,25,-59.47,10.55,True,36.88,CLEAR_LOS
1986,25,-60.38,10.4,True,49.63,CLEAR_LOS
1987,25,-50.73,8.42,True,36.0,CLEAR_LOS
1988,25,-53.63,11.34,True,39.82,CLEAR_LOS
1989,25,-54.53,10.93,True,39.72,CLEAR_LOS
1990,25,-59.53,9.51,True,40.24,CLEAR_LOS
1991,25,-56.08,11.01,True,40.85,CLEAR_LOS
1992,25,-56.28,9.89,True,46.75,CLEAR_LOS
1993,25,-64.92,11.7,True,39.7,CLEAR_LOS
1994,25,-64.02,9.19,True,38.82,CLEAR_LOS
1995,25,-59.41,10.91,True,45.23,CLEAR_LOS
1996,25,-59.03,10.89,True,39.3,CLEAR_LOS
1997,25,-57.92,10.53,True,37.0,CLEAR_LOS
1998,25,-50.84,9.19,True,34.85,CLEAR_LOS
1999,25,-62.25,11.74,True,41.57,CLEAR_LOS
2000,25,-58.76,14.34,True,42.58,CLEAR_LOS
2001,25,-60.13,10.21,True,40.13,CLEAR_LOS
2002,25,-54.71,9.43,True,36.62,CLEAR_LOS
2003,25,-58.07,10.96,True,39.83,CLEAR_LOS
2004,25,-50.82,14.95,True,40.55,CLEAR_LOS
2005,25,-62.36,13.16,True,41.12,CLEAR_LOS
2006,25,-58.51,8.95,True,39.97,CLEAR_LOS
2007,25,-61.0,5.5,True,43.69,CLEAR_LOS
2008,25,-58.82,10.08,True,42.21,CLEAR_LOS
2009,25,-61.59,11.3,True,43.15,CLEAR_LOS
2010,25,-64.66,11.8,True,45.55,CLEAR_LOS
2011,25,-51.41,13.85,True,42.08,CLEAR_LOS
2012,25,-57.39,11.39,True,44.74,CLEAR_LOS
2013,25,-59.86,8.86,True,36.06,CLEAR_LOS
2014,25,-57.36,12.84,True,36.15,CLEAR_LOS
2015,25,-54.5,9.36,True,41.52,CLEAR_LOS
2016,25,-55.14,10.15,True,37.3,CLEAR_LOS
2017,25,-56.14,10.18,True,37.81,CLEAR_LOS
2018,25,-56.59,12.59,True,39.45,CLEAR_LOS
2019,25,-57.45,9.45,True,41.38,CLEAR_LOS
2020,25,-56.86,7.92,True,41.07,CLEAR_LOS
2021,25,-61.61,12.21,True,38.71,CLEAR_LOS
2022,25,-57.54,11.53,True,37.87,CLEAR_LOS
2023,25,-63.62,12.46,True,43.82,CLEAR_LOS
2024,25,-56.93,9.0,True,40.61,CLEAR_LOS
2025,25,-58.8,11.4,True,40.12,CLEAR_LOS
2026,25,-64.51,13.37,True,42.22,CLEAR_LOS
2027,25,-54.02,11.49,True,41.75,CLEAR_LOS
2028,25,-57.53,15.18,True,42.27,CLEAR_LOS
2029,25,-60.76,7.91,True,41.67,CLEAR_LOS
2030,25,-53.9,8.64,True,41.26,CLEAR_LOS
2031,25,-58.34,7.65,True,42.81,CLEAR_LOS
2032,25,-62.77,11.67,True,36.68,CLEAR_LOS
2033,25,-57.52,9.76,True,40.88,CLEAR_LOS
2034,25,-52.73,7.2,True,41.64,CLEAR_LOS
2035,25,-60.34,13.4,True,41.0,CLEAR_LOS
2036,25,-62.56,12.25,True,43.58,CLEAR_LOS
2037,25,-50.09,12.56,True,48.29,CLEAR_LOS
2038,25,-50.1,10.06,True,40.46,CLEAR_LOS
2039,25,-60.01,12.98,True,44.75,CLEAR_LOS
2040,25,-60.24,12.55,True,41.25,CLEAR_LOS
2041,25,-52.2,12.26,True,42.13,CLEAR_LOS
2042,25,-63.89,8.71,True,45.37,CLEAR_LOS
2043,25,-59.66,10.05,True,39.7,CLEAR_LOS
2044,25,-56.9,9.36,True,44.4,CLEAR_LOS
2045,25,-52.64,12.85,True,44.96,CLEAR_LOS
2046,25,-56.69,11.27,True,43.83,CLEAR_LOS
2047,25,-56.38,10.56,True,35.58,CLEAR_LOS
2048,25,-62.82,7.94,True,37.53,CLEAR_LOS
2049,25,-69.58,9.63,True,39.39,CLEAR_LOS
2050,25,-57.34,9.28,True,43.54,CLEAR_LOS
2051,25,-59.05,7.87,True,44.12,CLEAR_LOS
2052,25,-60.03,7.59,True,44.96,CLEAR_LOS
2053,25,-59.75,11.51,True,32.88,CLEAR_LOS
2054,25,-62.21,8.48,True,45.39,CLEAR_LOS
2055,25,-54.78,11.49,True,37.94,CLEAR_LOS
2056,25,-60.81,11.23,True,41.02,CLEAR_LOS
2057,25,-66.46,12.31,True,33.41,CLEAR_LOS
2058,25,-60.57,11.5,True,40.45,CLEAR_LOS
2059,25,-55.42,8.11,True,40.53,CLEAR_LOS
2060,25,-62.94,9.1,True,42.7,CLEAR_LOS
2061,25,-64.57,12.37,True,39.47,CLEAR_LOS
2062,25,-54.41,13.12,True,45.86,CLEAR_LOS
2063,25,-52.68,9.14,True,42.26,CLEAR_LOS
2064,25,-61.92,12.44,True,40.23,CLEAR_LOS
2065,25,-56.41,10.35,True,40.71,CLEAR_LOS
2066,25,-55.13,10.92,True,42.15,CLEAR_LOS
2067,25,-57.9,9.2,True,40.48,CLEAR_LOS
2068,25,-55.43,11.96,True,44.03,CLEAR_LOS
2069,25,-56.48,10.85,True,35.93,CLEAR_LOS
2070,25,-55.88,12.52,True,39.12,CLEAR_LOS
2071,25,-59.92,14.21,True,41.14,CLEAR_LOS
2072,25,-55.12,11.51,True,38.83,CLEAR_LOS
2073,25,-64.06,12.32,True,40.72,CLEAR_LOS
2074,25,-59.66,9.9,True,40.67,CLEAR_LOS
2075,25,-56.35,8.73,True,36.59,CLEAR_LOS
2076,25,-56.68,8.97,True,40.09,CLEAR_LOS
2077,25,-52.59,10.4,True,39.68,CLEAR_LOS
2078,25,-55.08,10.77,True,41.74,CLEAR_LOS
2079,25,-58.91,9.63,True,43.93,CLEAR_LOS
2080,25,-60.05,9.9,True,39.05,CLEAR_LOS
2081,25,-57.94,12.34,True,40.51,CLEAR_LOS
2082,25,-55.77,11.72,True,41.8,CLEAR_LOS
2083,25,-56.68,10.89,True,42.61,CLEAR_LOS
2084,25,-64.09,11.26,True,43.93,CLEAR_LOS
2085,25,-58.4,10.89,True,37.87,CLEAR_LOS
2086,25,-56.31,11.2,True,36.19,CLEAR_LOS
2087,25,-58.24,13.07,True,41.64,CLEAR_LOS
2088,25,-55.97,12.09,True,46.13,CLEAR_LOS
2089,25,-62.99,9.13,True,39.08,CLEAR_LOS
2090,25,-52.33,10.13,True,42.63,CLEAR_LOS
2091,25,-53.52,9.69,True,42.38,CLEAR_LOS
2092,25,-58.09,8.8,True,43.37,CLEAR_LOS
2093,25,-64.24,11.33,True,47.32,CLEAR_LOS
2094,25,-49.48,12.92,True,36.83,CLEAR_LOS
2095,25,-53.5,9.36,True,39.76,CLEAR_LOS
2096,25,-61.2,10.17,True,48.08,CLEAR_LOS
2097,25,-55.4,11.64,True,44.52,CLEAR_LOS
2098,25,-59.38,10.16,True,45.99,CLEAR_LOS
2099,25,-57.67,10.53,True,39.31,CLEAR_LOS
2100,25,-54.53,8.0,True,44.28,CLEAR_LOS
2101,25,-56.54,8.29,True,44.32,CLEAR_LOS
2102,25,-61.52,7.69,True,41.97,CLEAR_LOS
2103,25,-56.34,9.39,True,48.79,CLEAR_LOS
2104,25,-58.61,13.4,True,40.47,CLEAR_LOS
2105,25,-56.89,10.4,True,39.79,CLEAR_LOS
2106,25,-54.21,12.29,True,34.03,CLEAR_LOS
2107,25,-61.04,10.36,True,41.87,CLEAR_LOS
2108,25,-52.83,9.88,True,37.19,CLEAR_LOS
2109,25,-64.86,8.85,True,45.18,CLEAR_LOS
2110,25,-63.95,6.82,True,42.22,CLEAR_LOS
2111,25,-55.92,13.27,True,37.45,CLEAR_LOS
2112,25,-52.29,14.22,True,36.77,CLEAR_LOS
2113,25,-57.67,8.98,True,42.79,CLEAR_LOS
2114,25,-55.87,10.79,True,37.47,CLEAR_LOS
2115,25,-59.11,8.87,True,41.99,CLEAR_LOS
2116,25,-55.74,13.73,True,36.33,CLEAR_LOS
2117,25,-65.48,8.38,True,40.37,CLEAR_LOS
2118,25,-63.37,9.37,True,39.49,CLEAR_LOS
2119,25,-60.96,6.97,True,39.81,CLEAR_LOS
2120,25,-60.87,11.82,True,48.36,CLEAR_LOS
2121,25,-61.61,8.86,True,39.74,CLEAR_LOS
2122,25,-59.1,8.84,True,39.63,CLEAR_LOS
2123,25,-57.13,12.86,True,38.76,CLEAR_LOS
2124,25,-56.18,7.39,True,39.95,CLEAR_LOS
2125,25,-56.93,11.07,True,46.95,CLEAR_LOS
2126,25,-55.53,8.64,True,44.15,CLEAR_LOS
2127,25,-49.77,14.8,True,41.81,CLEAR_LOS
2128,25,-52.32,9.64,True,42.98,CLEAR_LOS
2129,25,-65.71,8.77,True,45.19,CLEAR_LOS
2130,25,-64.32,9.87,True,45.86,CLEAR_LOS
2131,25,-62.38,9.81,True,37.48,CLEAR_LOS
2132,25,-53.81,12.02,True,40.17,CLEAR_LOS
2133,25,-58.92,11.15,True,43.35,CLEAR_LOS
2134,25,-62.68,9.33,True,46.92,CLEAR_LOS
2135,25,-54.5,10.04,True,46.72,CLEAR_LOS
2136,25,-63.73,5.56,True,37.08,CLEAR_LOS
2137,25,-53.97,11.53,True,39.46,CLEAR_LOS
2138,25,-54.61,12.18,True,38.54,CLEAR_LOS
2139,25,-58.8,12.35,True,46.69,CLEAR_LOS
2140,25,-58.04,8.93,True,46.13,CLEAR_LOS
2141,25,-53.03,10.83,True,37.92,CLEAR_LOS
2142,25,-60.72,12.74,True,42.11,CLEAR_LOS
2143,25,-63.01,10.94,True,38.41,CLEAR_LOS
2144,25,-55.44,12.23,True,42.04,CLEAR_LOS
2145,25,-54.55,7.29,True,47.08,CLEAR_LOS
2146,25,-61.81,10.75,True,34.9,CLEAR_LOS
2147,25,-53.51,14.08,True,44.6,CLEAR_LOS
2148,25,-57.77,11.72,True,41.71,CLEAR_LOS
2149,25,-55.11,10.63,True,45.32,CLEAR_LOS
2150,25,-60.6,8.1,True,43.51,CLEAR_LOS
2151,25,-59.49,8.27,True,40.95,CLEAR_LOS
2152,25,-53.94,12.02,True,37.62,CLEAR_LOS
2153,25,-62.08,15.72,True,43.03,CLEAR_LOS
2154,25,-59.79,10.91,True,43.71,CLEAR_LOS
2155,25,-59.07,12.15,True,43.62,CLEAR_LOS
2156,25,-61.64,12.67,True,40.32,CLEAR_LOS
2157,25,-60.92,10.47,True,45.72,CLEAR_LOS
2158,25,-55.19,8.63,True,38.09,CLEAR_LOS
2159,25,-67.39,10.59,True,42.42,CLEAR_LOS
2160,25,-56.76,7.87,True,41.06,CLEAR_LOS
2161,25,-54.26,10.92,True,44.79,CLEAR_LOS
2162,25,-50.56,10.83,True,44.15,CLEAR_LOS
2163,25,-57.0,10.83,True,37.0,CLEAR_LOS
2164,25,-59.08,10.97,True,39.57,CLEAR_LOS
2165,25,-58.9,15.64,True,49.26,CLEAR_LOS
2166,25,-55.84,10.8,True,40.1,CLEAR_LOS
2167,25,-61.14,10.58,True,41.25,CLEAR_LOS
2168,25,-61.92,11.43,True,41.0,CLEAR_LOS
2169,25,-53.66,9.02,True,39.35,CLEAR_LOS
2170,25,-58.77,13.75,True,39.13,CLEAR_LOS
2171,25,-57.23,9.75,True,45.75,CLEAR_LOS
2172,25,-56.3,9.13,True,46.31,CLEAR_LOS
2173,25,-61.05,11.58,True,41.74,CLEAR_LOS
2174,25,-52.5,10.88,True,41.2,CLEAR_LOS
2175,25,-52.21,10.55,True,39.15,CLEAR_LOS
2176,25,-59.12,14.96,True,37.57,CLEAR_LOS
2177,25,-58.77,8.87,True,40.79,CLEAR_LOS
2178,25,-59.97,10.52,True,44.86,CLEAR_LOS
2179,25,-59.08,10.99,True,43.84,CLEAR_LOS
2180,25,-57.21,11.83,True,38.55,CLEAR_LOS
2181,25,-51.72,11.64,True,39.98,CLEAR_LOS
2182,25,-59.41,7.52,True,36.1,CLEAR_LOS
2183,25,-54.76,10.84,True,42.63,CLEAR_LOS
2184,25,-58.92,11.78,True,48.05,CLEAR_LOS
2185,25,-53.92,14.43,True,37.92,CLEAR_LOS
2186,25,-54.76,13.0,True,45.1,CLEAR_LOS
2187,25,-62.34,11.24,True,41.95,CLEAR_LOS
2188,25,-58.6,12.57,True,35.82,CLEAR_LOS
2189,25,-51.78,12.56,True,39.23,CLEAR_LOS
2190,25,-59.62,4.6,True,38.49,CLEAR_LOS
2191,25,-58.59,13.77,True,44.61,CLEAR_LOS
2192,25,-57.93,10.43,True,39.64,CLEAR_LOS
2193,25,-59.45,9.41,True,42.36,CLEAR_LOS
2194,25,-55.05,10.31,True,42.45,CLEAR_LOS
2195,25,-60.82,9.49,True,39.25,CLEAR_LOS
2196,25,-64.3,8.01,True,42.29,CLEAR_LOS
2197,25,-52.84,11.9,True,37.8,CLEAR_LOS
2198,25,-55.88,12.39,True,39.6,CLEAR_LOS
2199,25,-53.16,11.87,True,46.15,CLEAR_LOS
2200,25,-57.07,12.83,True,42.04,CLEAR_LOS
2201,25,-53.12,13.45,True,42.71,CLEAR_LOS
2202,25,-54.72,9.79,True,43.02,CLEAR_LOS
2203,25,-53.63,11.53,True,42.63,CLEAR_LOS
2204,25,-61.86,10.45,True,44.7,CLEAR_LOS
2205,25,-63.23,9.6,True,40.58,CLEAR_LOS
2206,25,-57.26,6.85,True,44.97,CLEAR_LOS
2207,25,-60.02,5.93,True,45.01,CLEAR_LOS
2208,25,-59.27,8.06,True,47.0,CLEAR_LOS
2209,25,-59.32,11.27,True,38.57,CLEAR_LOS
2210,25,-60.88,10.98,True,38.44,CLEAR_LOS
2211,25,-55.3,8.59,True,41.42,CLEAR_LOS
2212,25,-57.06,13.1,True,41.46,CLEAR_LOS
2213,25,-49.63,12.12,True,46.23,CLEAR_LOS
2214,25,-52.5,11.0,True,36.2,CLEAR_LOS
2215,25,-56.45,15.69,True,39.33,CLEAR_LOS
2216,25,-58.92,9.96,True,40.34,CLEAR_LOS
2217,25,-58.41,11.22,True,38.07,CLEAR_LOS
2218,25,-59.53,11.45,True,44.62,CLEAR_LOS
2219,25,-57.9,15.81,True,43.09,CLEAR_LOS
2220,25,-55.41,10.05,True,47.1,CLEAR_LOS
2221,25,-57.66,9.43,True,50.79,CLEAR_LOS
2222,25,-54.05,8.47,True,37.93,CLEAR_LOS
2223,25,-57.5,10.17,True,39.91,CLEAR_LOS
2224,25,-57.95,8.83,True,44.25,CLEAR_LOS
2225,25,-58.37,12.97,True,37.11,CLEAR_LOS
2226,25,-64.05,10.57,True,42.88,CLEAR_LOS
2227,25,-57.96,7.95,True,49.08,CLEAR_LOS
2228,25,-57.61,9.97,True,40.6,CLEAR_LOS
2229,25,-58.21,9.36,True,41.51,CLEAR_LOS
2230,25,-58.18,13.18,True,43.66,CLEAR_LOS
2231,25,-56.2,9.12,True,37.49,CLEAR_LOS
2232,25,-59.12,11.85,True,35.66,CLEAR_LOS
2233,25,-48.61,12.32,True,43.78,CLEAR_LOS
2234,25,-59.45,12.36,True,44.37,CLEAR_LOS
2235,25,-54.1,7.57,True,44.02,CLEAR_LOS
2236,25,-55.57,10.09,True,46.53,CLEAR_LOS
2237,25,-57.83,14.63,True,48.61,CLEAR_LOS
2238,25,-54.97,10.13,True,36.95,CLEAR_LOS
2239,25,-58.25,12.74,True,40.16,CLEAR_LOS
2240,25,-56.51,15.47,True,43.25,CLEAR_LOS
2241,25,-59.26,9.58,True,42.83,CLEAR_LOS
2242,25,-57.93,10.4,True,37.94,CLEAR_LOS
2243,25,-63.29,12.44,True,43.13,CLEAR_LOS
2244,25,-55.64,7.83,True,38.85,CLEAR_LOS
2245,25,-53.22,9.26,True,38.22,CLEAR_LOS
2246,25,-55.94,10.02,True,41.95,CLEAR_LOS
2247,25,-62.92,10.13,True,51.16,CLEAR_LOS
2248,25,-53.49,9.66,True,43.23,CLEAR_LOS
2249,25,-58.13,11.15,True,40.71,CLEAR_LOS
2250,25,-58.23,10.87,True,41.38,CLEAR_LOS
2251,25,-61.69,16.16,True,44.14,CLEAR_LOS
2252,25,-67.35,9.19,True,43.29,CLEAR_LOS
2253,25,-59.95,11.89,True,36.27,CLEAR_LOS
2254,25,-59.11,11.41,True,36.42,CLEAR_LOS
2255,25,-59.1,10.25,True,43.6,CLEAR_LOS
2256,25,-59.11,9.62,True,42.13,CLEAR_LOS
2257,25,-58.86,12.19,True,40.28,CLEAR_LOS
2258,25,-59.39,10.87,True,39.81,CLEAR_LOS
2259,25,-54.75,9.01,True,40.97,CLEAR_LOS
2260,25,-52.65,12.54,True,44.61,CLEAR_LOS
2261,25,-60.84,13.1,True,41.46,CLEAR_LOS
2262,25,-57.74,9.97,True,36.79,CLEAR_LOS
2263,25,-59.12,10.15,True,39.97,CLEAR_LOS
2264,25,-60.71,8.02,True,44.27,CLEAR_LOS
2265,25,-61.62,11.35,True,41.84,CLEAR_LOS
2266,25,-60.26,11.73,True,47.05,CLEAR_LOS
2267,25,-61.43,12.47,True,50.11,CLEAR_LOS
2268,25,-59.45,8.27,True,41.52,CLEAR_LOS
2269,25,-51.9,9.6,True,45.0,CLEAR_LOS
2270,25,-56.73,11.26,True,40.57,CLEAR_LOS
2271,25,-58.2,9.07,True,39.07,CLEAR_LOS
2272,25,-58.92,10.41,True,38.21,CLEAR_LOS
2273,25,-55.27,10.85,True,42.43,CLEAR_LOS
2274,25,-63.28,10.49,True,40.66,CLEAR_LOS
2275,25,-53.43,11.02,True,40.33,CLEAR_LOS
2276,25,-58.08,12.31,True,34.42,CLEAR_LOS
2277,25,-57.16,9.35,True,38.49,CLEAR_LOS
2278,25,-57.63,12.68,True,36.73,CLEAR_LOS
2279,25,-65.13,12.76,True,39.0,CLEAR_LOS
2280,25,-57.23,8.82,True,40.31,CLEAR_LOS
2281,25,-59.9,9.28,True,43.92,CLEAR_LOS
2282,25,-62.55,10.63,True,43.37,CLEAR_LOS
2283,25,-53.9,11.01,True,43.17,CLEAR_LOS
2284,25,-56.39,6.57,True,41.05,CLEAR_LOS
2285,25,-59.02,9.85,True,52.39,CLEAR_LOS
2286,25,-57.65,9.02,True,41.68,CLEAR_LOS
2287,25,-61.65,11.98,True,42.47,CLEAR_LOS
2288,25,-54.13,10.98,True,43.85,CLEAR_LOS
2289,25,-59.46,11.81,True,42.01,CLEAR_LOS
2290,25,-56.08,14.53,True,42.69,CLEAR_LOS
2291,25,-52.65,6.43,True,36.97,CLEAR_LOS
2292,25,-55.55,10.44,True,44.26,CLEAR_LOS
2293,25,-64.92,11.15,True,49.44,CLEAR_LOS
2294,25,-55.42,9.25,True,37.59,CLEAR_LOS
2295,25,-54.44,6.95,True,48.9,CLEAR_LOS
2296,25,-56.23,12.48,True,39.95,CLEAR_LOS
2297,25,-56.76,12.74,True,42.92,CLEAR_LOS
2298,25,-59.3,8.34,True,43.3,CLEAR_LOS
2299,25,-58.39,13.65,True,42.3,CLEAR_LOS
2300,25,-58.05,11.42,True,38.87,CLEAR_LOS
2301,25,-51.92,8.98,True,39.69,CLEAR_LOS
2302,25,-59.02,9.01,True,35.46,CLEAR_LOS
2303,25,-59.63,12.92,True,45.11,CLEAR_LOS
2304,25,-58.24,8.09,True,43.48,CLEAR_LOS
2305,25,-53.17,11.68,True,45.87,CLEAR_LOS
2306,25,-53.93,9.01,True,37.26,CLEAR_LOS
2307,25,-60.41,11.79,True,42.14,CLEAR_LOS
2308,25,-55.26,9.35,True,47.12,CLEAR_LOS
2309,25,-57.48,11.99,True,37.37,CLEAR_LOS
2310,25,-54.13,12.21,True,45.28,CLEAR_LOS
2311,25,-65.05,9.66,True,45.86,CLEAR_LOS
2312,25,-54.13,9.6,True,45.06,CLEAR_LOS
2313,25,-57.39,10.4,True,46.78,CLEAR_LOS
2314,25,-67.7,7.67,True,39.78,CLEAR_LOS
2315,25,-58.7,8.05,True,39.65,CLEAR_LOS
2316,25,-61.69,12.22,True,39.79,CLEAR_LOS
2317,25,-57.49,13.93,True,36.3,CLEAR_LOS
2318,25,-60.31,12.19,True,38.01,CLEAR_LOS
2319,25,-51.38,10.42,True,36.28,CLEAR_LOS
2320,25,-52.17,11.27,True,51.23,CLEAR_LOS
2321,25,-61.34,9.41,True,39.23,CLEAR_LOS
2322,25,-66.76,11.37,True,46.7,CLEAR_LOS
2323,25,-63.29,12.89,True,36.99,CLEAR_LOS
2324,25,-54.24,5.86,True,44.13,CLEAR_LOS
2325,25,-59.45,13.99,True,50.24,CLEAR_LOS
2326,25,-60.89,11.27,True,45.94,CLEAR_LOS
2327,25,-62.99,8.98,True,44.46,CLEAR_LOS
2328,25,-55.14,12.37,True,37.78,CLEAR_LOS
2329,25,-58.84,8.15,True,46.6,CLEAR_LOS
2330,25,-59.63,12.06,True,48.73,CLEAR_LOS
2331,25,-62.81,12.23,True,43.59,CLEAR_LOS
2332,25,-57.59,13.35,True,45.46,CLEAR_LOS
2333,25,-53.4,10.89,True,37.04,CLEAR_LOS
2334,25,-55.1,8.63,True,42.0,CLEAR_LOS
2335,25,-55.95,10.26,True,43.19,CLEAR_LOS
2336,25,-55.1,10.32,True,45.47,CLEAR_LOS
2337,25,-62.3,11.48,True,39.88,CLEAR_LOS
2338,25,-54.32,7.22,True,44.63,CLEAR_LOS
2339,25,-50.77,10.62,True,43.68,CLEAR_LOS
2340,25,-55.27,9.52,True,44.8,CLEAR_LOS
2341,25,-64.28,10.59,True,43.66,CLEAR_LOS
2342,25,-60.06,7.48,True,42.84,CLEAR_LOS
2343,25,-60.69,11.91,True,44.85,CLEAR_LOS
2344,25,-55.63,8.66,True,38.22,CLEAR_LOS
2345,25,-58.49,10.69,True,38.67,CLEAR_LOS
2346,25,-63.52,10.98,True,47.72,CLEAR_LOS
2347,25,-54.81,9.2,True,39.25,CLEAR_LOS
2348,25,-51.23,15.46,True,36.16,CLEAR_LOS
2349,25,-58.38,10.1,True,37.56,CLEAR_LOS
2350,25,-56.66,10.62,True,47.94,CLEAR_LOS
2351,25,-63.81,11.13,True,40.8,CLEAR_LOS
2352,25,-58.35,12.74,True,37.61,CLEAR_LOS
2353,25,-65.29,11.04,True,40.29,CLEAR_LOS
2354,25,-58.93,7.02,True,42.18,CLEAR_LOS
2355,25,-57.57,9.96,True,39.82,CLEAR_LOS
2356,25,-52.71,10.54,True,42.3,CLEAR_LOS
2357,25,-56.03,13.97,True,41.12,CLEAR_LOS
2358,25,-62.35,7.56,True,43.37,CLEAR_LOS
2359,25,-56.51,11.5,True,42.88,CLEAR_LOS
2360,25,-50.71,8.33,True,39.24,CLEAR_LOS
2361,25,-51.47,14.14,True,42.28,CLEAR_LOS
2362,25,-63.36,10.53,True,41.59,CLEAR_LOS
2363,25,-61.15,10.1,True,37.81,CLEAR_LOS
2364,25,-58.97,10.83,True,41.59,CLEAR_LOS
2365,25,-59.3,10.81,True,47.46,CLEAR_LOS
2366,25,-55.28,14.28,True,47.49,CLEAR_LOS
2367,25,-54.22,11.74,True,39.71,CLEAR_LOS
2368,25,-60.69,8.71,True,41.25,CLEAR_LOS
2369,25,-60.93,7.65,True,35.57,CLEAR_LOS
2370,25,-54.45,11.86,True,43.71,CLEAR_LOS
2371,25,-61.84,11.74,True,42.69,CLEAR_LOS
2372,25,-55.62,12.48,True,40.91,CLEAR_LOS
2373,25,-54.2,11.98,True,39.84,CLEAR_LOS
2374,25,-62.66,7.85,True,45.44,CLEAR_LOS
2375,25,-49.51,11.49,True,40.89,CLEAR_LOS
2376,25,-57.3,9.83,True,38.23,CLEAR_LOS
2377,25,-58.88,9.6,True,40.71,CLEAR_LOS
2378,25,-53.99,8.05,True,41.85,CLEAR_LOS
2379,25,-53.64,10.37,True,41.51,CLEAR_LOS
2380,25,-61.24,9.31,True,45.1,CLEAR_LOS
2381,25,-56.22,11.8,True,39.94,CLEAR_LOS
2382,25,-52.99,11.8,True,40.4,CLEAR_LOS
2383,25,-62.51,13.05,True,41.95,CLEAR_LOS
2384,25,-52.12,14.44,True,38.73,CLEAR_LOS
2385,25,-63.29,10.36,True,44.08,CLEAR_LOS
2386,25,-57.86,12.17,True,34.98,CLEAR_LOS
2387,25,-54.88,13.69,True,53.67,CLEAR_LOS
2388,25,-58.96,7.27,True,38.61,CLEAR_LOS
2389,25,-57.67,10.73,True,50.37,CLEAR_LOS
2390,25,-55.98,12.52,True,39.32,CLEAR_LOS
2391,25,-57.67,10.21,True,42.63,CLEAR_LOS
2392,25,-56.21,7.35,True,45.51,CLEAR_LOS
2393,25,-63.65,5.32,True,35.91,CLEAR_LOS
2394,25,-53.04,10.03,True,41.55,CLEAR_LOS
2395,25,-53.29,12.79,True,45.22,CLEAR_LOS
2396,25,-56.14,10.16,True,42.56,CLEAR_LOS
2397,25,-54.28,9.32,True,42.73,CLEAR_LOS
2398,25,-51.82,12.0,True,43.49,CLEAR_LOS
2399,25,-61.25,7.38,True,42.27,CLEAR_LOS
2400,25,-59.76,10.13,True,39.53,CLEAR_LOS
2401,25,-51.51,11.66,True,43.07,CLEAR_LOS
2402,25,-62.64,7.44,True,39.92,CLEAR_LOS
2403,25,-57.29,12.21,True,29.6,CLEAR_LOS
2404,25,-56.82,11.71,True,45.24,CLEAR_LOS
2405,25,-56.39,8.7,True,39.08,CLEAR_LOS
2406,25,-57.8,11.68,True,42.76,CLEAR_LOS
2407,25,-65.2,12.27,True,37.93,CLEAR_LOS
2408,25,-59.46,12.03,True,42.58,CLEAR_LOS
2409,25,-63.22,8.64,True,45.34,CLEAR_LOS
2410,25,-58.39,12.83,True,45.71,CLEAR_LOS
2411,25,-52.96,10.83,True,38.19,CLEAR_LOS
2412,25,-58.65,11.89,True,42.42,CLEAR_LOS
2413,25,-58.76,11.29,True,38.35,CLEAR_LOS
2414,25,-61.3,9.84,True,41.02,CLEAR_LOS
2415,25,-63.76,11.43,True,39.19,CLEAR_LOS
2416,25,-61.64,8.47,True,35.21,CLEAR_LOS
2417,25,-50.38,12.11,True,42.62,CLEAR_LOS
2418,25,-55.65,8.51,True,48.4,CLEAR_LOS
2419,25,-57.83,10.26,True,42.26,CLEAR_LOS
2420,25,-61.78,9.13,True,43.09,CLEAR_LOS
2421,25,-64.18,10.49,True,41.86,CLEAR_LOS
2422,25,-59.78,8.71,True,40.48,CLEAR_LOS
2423,25,-55.43,12.27,True,45.73,CLEAR_LOS
2424,25,-59.92,11.07,True,36.15,CLEAR_LOS
2425,25,-59.94,10.73,True,37.73,CLEAR_LOS
2426,25,-60.27,10.27,True,34.58,CLEAR_LOS
2427,25,-53.09,12.57,True,38.04,CLEAR_LOS
2428,25,-60.6,9.66,True,44.48,CLEAR_LOS
2429,25,-53.4,9.37,True,47.56,CLEAR_LOS
2430,25,-59.22,13.47,True,42.93,CLEAR_LOS
2431,25,-58.04,11.46,True,47.98,CLEAR_LOS
2432,25,-52.45,11.87,True,40.53,CLEAR_LOS
2433,25,-55.67,9.22,True,42.05,CLEAR_LOS
2434,25,-51.71,9.86,True,40.13,CLEAR_LOS
2435,25,-65.16,7.92,True,43.69,CLEAR_LOS
2436,25,-61.58,9.16,True,42.13,CLEAR_LOS
2437,25,-61.99,12.11,True,39.17,CLEAR_LOS
2438,25,-56.77,15.72,True,40.63,CLEAR_LOS
2439,25,-55.51,9.55,True,45.57,CLEAR_LOS
2440,25,-53.84,11.59,True,40.22,CLEAR_LOS
2441,25,-61.65,11.25,True,45.51,CLEAR_LOS
2442,25,-63.41,9.67,True,40.74,CLEAR_LOS
2443,25,-61.56,12.59,True,41.68,CLEAR_LOS
2444,25,-65.79,12.67,True,40.51,CLEAR_LOS
2445,25,-56.1,11.42,True,43.1,CLEAR_LOS
2446,25,-61.66,13.9,True,40.56,CLEAR_LOS
2447,25,-62.55,9.54,True,37.18,CLEAR_LOS
2448,25,-65.16,9.84,True,41.64,CLEAR_LOS
2449,25,-57.61,14.38,True,36.29,CLEAR_LOS
2450,25,-53.32,9.18,True,42.6,CLEAR_LOS
2451,25,-59.52,9.53,True,40.59,CLEAR_LOS
2452,25,-55.93,9.5,True,48.17,CLEAR_LOS
2453,25,-54.59,12.67,True,39.59,CLEAR_LOS
2454,25,-55.14,10.33,True,41.29,CLEAR_LOS
2455,25,-55.71,15.77,True,44.79,CLEAR_LOS
2456,25,-55.24,11.39,True,36.46,CLEAR_LOS
2457,25,-56.76,11.4,True,40.53,CLEAR_LOS
2458,25,-58.2,6.8,True,42.02,CLEAR_LOS
2459,25,-57.12,12.64,True,40.51,CLEAR_LOS
2460,25,-56.96,11.56,True,39.72,CLEAR_LOS
2461,25,-55.73,10.37,True,41.57,CLEAR_LOS
2462,25,-55.28,9.33,True,40.41,CLEAR_LOS
2463,25,-61.39,12.26,True,46.04,CLEAR_LOS
2464,25,-57.92,12.42,True,44.33,CLEAR_LOS
2465,25,-54.36,10.91,True,38.44,CLEAR_LOS
2466,25,-53.08,9.5,True,42.87,CLEAR_LOS
2467,25,-61.7,9.65,True,36.04,CLEAR_LOS
2468,25,-54.18,13.3,True,40.13,CLEAR_LOS
2469,25,-62.37,12.95,True,46.52,CLEAR_LOS
2470,25,-57.03,12.69,True,45.54,CLEAR_LOS
2471,25,-53.05,13.74,True,42.61,CLEAR_LOS
2472,25,-55.44,13.04,True,40.84,CLEAR_LOS
2473,25,-58.08,14.59,True,40.19,CLEAR_LOS
2474,25,-56.21,8.77,True,34.45,CLEAR_LOS
2475,25,-58.74,10.44,True,43.15,CLEAR_LOS
2476,25,-67.87,10.77,True,44.79,CLEAR_LOS
2477,25,-60.04,9.06,True,41.95,CLEAR_LOS
2478,25,-53.46,13.05,True,44.49,CLEAR_LOS
2479,25,-60.75,6.78,True,39.39,CLEAR_LOS
2480,25,-53.11,11.43,True,37.53,CLEAR_LOS
2481,25,-55.54,11.16,True,44.32,CLEAR_LOS
2482,25,-59.53,10.69,True,41.96,CLEAR_LOS
2483,25,-60.24,10.58,True,39.59,CLEAR_LOS
2484,25,-60.5,9.66,True,44.21,CLEAR_LOS
2485,25,-59.39,13.01,True,39.67,CLEAR_LOS
2486,25,-64.39,6.85,True,47.37,CLEAR_LOS
2487,25,-47.55,10.17,True,42.09,CLEAR_LOS
2488,25,-56.59,10.19,True,42.63,CLEAR_LOS
2489,25,-53.68,12.85,True,39.7,CLEAR_LOS
2490,25,-54.28,12.08,True,38.51,CLEAR_LOS
2491,25,-57.45,9.88,True,40.21,CLEAR_LOS
2492,25,-59.92,12.59,True,45.57,CLEAR_LOS
2493,25,-61.36,8.52,True,38.54,CLEAR_LOS
2494,25,-56.34,9.23,True,38.24,CLEAR_LOS
2495,25,-56.54,8.32,True,34.76,CLEAR_LOS
2496,25,-59.84,8.11,True,38.03,CLEAR_LOS
2497,25,-53.06,9.51,True,45.82,CLEAR_LOS
2498,25,-59.69,12.33,True,41.57,CLEAR_LOS
2499,25,-59.96,10.47,True,45.18,CLEAR_LOS
2500,25,-57.16,14.13,True,45.59,CLEAR_LOS
2501,50,-61.54,10.37,True,46.78,CLEAR_LOS
2502,50,-70.02,11.12,True,40.09,CLEAR_LOS
2503,50,-70.82,8.77,True,43.52,CLEAR_LOS
2504,50,-62.2,9.87,True,38.82,CLEAR_LOS
2505,50,-71.99,9.17,True,38.56,CLEAR_LOS
2506,50,-73.0,9.41,True,40.36,CLEAR_LOS
2507,50,-64.73,8.24,True,42.31,CLEAR_LOS
2508,50,-66.73,10.17,True,47.37,CLEAR_LOS
2509,50,-63.08,8.79,True,39.14,CLEAR_LOS
2510,50,-64.15,9.46,True,42.73,CLEAR_LOS
2511,50,-59.03,8.19,True,41.4,CLEAR_LOS
2512,50,-67.47,9.16,True,45.62,CLEAR_LOS
2513,50,-67.89,6.71,True,38.55,CLEAR_LOS
2514,50,-65.55,6.4,True,46.14,CLEAR_LOS
2515,50,-68.73,10.83,True,40.29,CLEAR_LOS
2516,50,-66.69,10.1,True,36.24,CLEAR_LOS
2517,50,-65.11,9.64,True,42.27,CLEAR_LOS
2518,50,-65.09,8.13,True,37.73,CLEAR_LOS
2519,50,-64.8,11.72,True,42.01,CLEAR_LOS
2520,50,-69.09,6.2,True,47.47,CLEAR_LOS
2521,50,-66.76,12.05,True,39.32,CLEAR_LOS
2522,50,-67.11,9.37,True,42.1,CLEAR_LOS
2523,50,-65.23,10.7,True,37.15,CLEAR_LOS
2524,50,-67.45,12.09,True,46.64,CLEAR_LOS
2525,50,-68.2,10.28,True,39.01,CLEAR_LOS
2526,50,-64.29,8.23,True,42.73,CLEAR_LOS
2527,50,-66.79,12.79,True,42.24,CLEAR_LOS
2528,50,-65.13,7.21,True,37.33,CLEAR_LOS
2529,50,-63.34,9.73,True,41.98,CLEAR_LOS
2530,50,-68.9,8.46,True,43.59,CLEAR_LOS
2531,50,-70.45,8.76,True,43.81,CLEAR_LOS
2532,50,-60.91,9.65,True,37.45,CLEAR_LOS
2533,50,-67.02,10.19,True,40.57,CLEAR_LOS
2534,50,-75.66,11.52,True,40.05,CLEAR_LOS
2535,50,-59.97,10.34,True,42.96,CLEAR_LOS
2536,50,-63.44,8.07,True,39.18,CLEAR_LOS
2537,50,-69.1,8.86,True,47.43,CLEAR_LOS
2538,50,-69.57,8.42,True,41.9,CLEAR_LOS
2539,50,-72.52,11.93,True,41.82,CLEAR_LOS
2540,50,-63.87,8.71,True,40.7,CLEAR_LOS
2541,50,-69.31,14.04,True,39.25,CLEAR_LOS
2542,50,-68.36,9.87,True,41.96,CLEAR_LOS
2543,50,-72.37,12.1,True,40.12,CLEAR_LOS
2544,50,-63.01,8.8,True,43.59,CLEAR_LOS
2545,50,-62.8,8.31,True,38.67,CLEAR_LOS
2546,50,-72.81,10.16,True,39.98,CLEAR_LOS
2547,50,-69.97,7.52,True,33.1,CLEAR_LOS
2548,50,-67.12,11.41,True,40.77,CLEAR_LOS
2549,50,-64.46,11.88,True,43.41,CLEAR_LOS
2550,50,-66.22,11.12,True,36.64,CLEAR_LOS
2551,50,-66.14,10.35,True,42.6,CLEAR_LOS
2552,50,-68.73,7.78,True,36.65,CLEAR_LOS
2553,50,-66.27,11.08,True,45.88,CLEAR_LOS
2554,50,-70.95,6.19,True,47.19,CLEAR_LOS
2555,50,-69.84,12.49,True,48.99,CLEAR_LOS
2556,50,-66.81,7.26,True,45.69,CLEAR_LOS
2557,50,-63.85,10.03,True,40.84,CLEAR_LOS
2558,50,-68.1,8.02,True,40.26,CLEAR_LOS
2559,50,-69.52,7.72,True,44.3,CLEAR_LOS
2560,50,-69.88,5.5,True,36.69,CLEAR_LOS
2561,50,-69.58,11.64,True,39.62,CLEAR_LOS
2562,50,-70.15,10.14,True,39.56,CLEAR_LOS
2563,50,-65.97,8.38,True,42.4,CLEAR_LOS
2564,50,-74.51,9.51,True,45.67,CLEAR_LOS
2565,50,-67.44,11.24,True,44.28,CLEAR_LOS
2566,50,-67.71,9.67,True,42.69,CLEAR_LOS
2567,50,-68.65,10.18,True,46.69,CLEAR_LOS
2568,50,-66.51,9.18,True,38.71,CLEAR_LOS
2569,50,-70.56,8.23,True,37.4,CLEAR_LOS
2570,50,-64.58,9.66,True,42.54,CLEAR_LOS
2571,50,-69.43,8.93,True,43.14,CLEAR_LOS
2572,50,-70.77,9.25,True,39.43,CLEAR_LOS
2573,50,-64.33,10.2,True,44.01,CLEAR_LOS
2574,50,-65.55,8.29,True,38.09,CLEAR_LOS
2575,50,-57.56,9.77,True,39.24,CLEAR_LOS
2576,50,-72.09,12.59,True,36.78,CLEAR_LOS
2577,50,-59.9,10.33,True,45.25,CLEAR_LOS
2578,50,-61.89,9.29,True,42.75,CLEAR_LOS
2579,50,-65.07,9.06,True,43.67,CLEAR_LOS
2580,50,-68.37,11.99,True,39.21,CLEAR_LOS
2581,50,-67.03,8.78,True,39.36,CLEAR_LOS
2582,50,-61.55,11.0,True,44.93,CLEAR_LOS
2583,50,-67.53,8.9,True,41.84,CLEAR_LOS
2584,50,-63.44,10.45,True,44.85,CLEAR_LOS
2585,50,-70.47,7.34,True,39.89,CLEAR_LOS
2586,50,-65.22,10.26,True,37.42,CLEAR_LOS
2587,50,-68.16,9.78,True,43.68,CLEAR_LOS
2588,50,-65.05,11.5,True,38.31,CLEAR_LOS
2589,50,-67.54,8.28,True,40.66,CLEAR_LOS
2590,50,-72.34,10.98,True,41.37,CLEAR_LOS
2591,50,-64.0,8.35,True,37.74,CLEAR_LOS
2592,50,-69.1,8.63,True,37.8,CLEAR_LOS
2593,50,-67.9,10.3,True,37.03,CLEAR_LOS
2594,50,-63.02,8.93,True,41.71,CLEAR_LOS
2595,50,-66.33,10.59,True,44.88,CLEAR_LOS
2596,50,-64.57,8.7,True,46.37,CLEAR_LOS
2597,50,-67.47,10.78,True,46.3,CLEAR_LOS
2598,50,-66.66,8.44,True,40.44,CLEAR_LOS
2599,50,-59.03,9.83,True,45.23,CLEAR_LOS
2600,50,-64.53,12.86,True,40.23,CLEAR_LOS
2601,50,-62.34,9.11,True,40.55,CLEAR_LOS
2602,50,-66.19,9.16,True,40.86,CLEAR_LOS
2603,50,-70.33,9.19,True,41.41,CLEAR_LOS
2604,50,-67.69,9.58,True,42.49,CLEAR_LOS
2605,50,-68.38,13.18,True,37.41,CLEAR_LOS
2606,50,-71.52,8.95,True,45.87,CLEAR_LOS
2607,50,-66.88,10.61,True,46.4,CLEAR_LOS
2608,50,-67.87,10.86,True,33.08,CLEAR_LOS
2609,50,-77.15,7.14,True,37.26,CLEAR_LOS
2610,50,-68.69,10.54,True,39.94,CLEAR_LOS
2611,50,-67.33,7.97,True,44.64,CLEAR_LOS
2612,50,-63.14,9.87,True,42.11,CLEAR_LOS
2613,50,-65.06,8.97,True,42.38,CLEAR_LOS
2614,50,-73.23,8.82,True,39.25,CLEAR_LOS
2615,50,-68.57,11.05,True,36.98,CLEAR_LOS
2616,50,-65.88,9.05,True,39.13,CLEAR_LOS
2617,50,-65.49,11.36,True,40.4,CLEAR_LOS
2618,50,-68.05,8.14,True,40.21,CLEAR_LOS
2619,50,-70.2,8.34,True,41.94,CLEAR_LOS
2620,50,-65.63,7.16,True,36.73,CLEAR_LOS
2621,50,-63.14,9.6,True,42.95,CLEAR_LOS
2622,50,-64.06,10.61,True,39.54,CLEAR_LOS
2623,50,-67.5,8.71,True,41.22,CLEAR_LOS
2624,50,-70.85,10.63,True,35.93,CLEAR_LOS
2625,50,-68.89,14.3,True,37.09,CLEAR_LOS
2626,50,-70.05,8.95,True,44.24,CLEAR_LOS
2627,50,-64.91,10.94,True,35.27,CLEAR_LOS
2628,50,-66.14,9.92,True,41.07,CLEAR_LOS
2629,50,-64.08,9.51,True,43.56,CLEAR_LOS
2630,50,-67.03,11.62,True,36.94,CLEAR_LOS
2631,50,-72.72,9.53,True,46.67,CLEAR_LOS
2632,50,-66.83,6.08,True,40.65,CLEAR_LOS
2633,50,-65.31,6.61,True,42.52,CLEAR_LOS
2634,50,-65.11,10.11,True,42.05,CLEAR_LOS
2635,50,-68.6,8.22,True,50.0,CLEAR_LOS
2636,50,-63.68,9.64,True,41.81,CLEAR_LOS
2637,50,-70.33,5.86,True,36.58,CLEAR_LOS
2638,50,-68.61,11.96,True,41.91,CLEAR_LOS
2639,50,-70.32,10.32,True,41.26,CLEAR_LOS
2640,50,-70.71,6.39,True,43.66,CLEAR_LOS
2641,50,-72.24,10.62,True,45.38,CLEAR_LOS
2642,50,-73.75,6.71,True,43.74,CLEAR_LOS
2643,50,-73.88,8.95,True,43.44,CLEAR_LOS
2644,50,-64.16,13.58,True,42.32,CLEAR_LOS
2645,50,-68.69,7.86,True,41.14,CLEAR_LOS
2646,50,-66.89,8.71,True,44.14,CLEAR_LOS
2647,50,-67.89,7.17,True,41.77,CLEAR_LOS
2648,50,-60.11,6.55,True,34.87,CLEAR_LOS
2649,50,-66.4,10.79,True,39.77,CLEAR_LOS
2650,50,-66.57,9.26,True,38.94,CLEAR_LOS
2651,50,-60.38,10.83,True,38.31,CLEAR_LOS
2652,50,-67.88,9.27,True,42.16,CLEAR_LOS
2653,50,-66.59,9.67,True,48.2,CLEAR_LOS
2654,50,-65.93,10.28,True,43.38,CLEAR_LOS
2655,50,-69.44,7.51,True,42.97,CLEAR_LOS
2656,50,-66.47,9.53,True,42.83,CLEAR_LOS
2657,50,-65.89,10.5,True,44.34,CLEAR_LOS
2658,50,-71.37,8.15,True,37.01,CLEAR_LOS
2659,50,-63.67,10.42,True,37.33,CLEAR_LOS
2660,50,-65.0,6.11,True,45.82,CLEAR_LOS
2661,50,-71.06,7.7,True,43.12,CLEAR_LOS
2662,50,-69.44,10.38,True,39.25,CLEAR_LOS
2663,50,-62.55,9.71,True,37.09,CLEAR_LOS
2664,50,-72.03,10.79,True,37.0,CLEAR_LOS
2665,50,-75.96,10.1,True,41.64,CLEAR_LOS
2666,50,-69.48,11.62,True,41.44,CLEAR_LOS
2667,50,-63.64,11.79,True,41.15,CLEAR_LOS
2668,50,-68.78,5.08,True,40.58,CLEAR_LOS
2669,50,-69.66,9.03,True,37.06,CLEAR_LOS
2670,50,-64.71,8.31,True,43.24,CLEAR_LOS
2671,50,-69.16,8.56,True,39.99,CLEAR_LOS
2672,50,-73.51,10.16,True,46.3,CLEAR_LOS
2673,50,-66.34,6.85,True,43.1,CLEAR_LOS
2674,50,-61.86,8.12,True,40.68,CLEAR_LOS
2675,50,-67.03,11.33,True,48.79,CLEAR_LOS
2676,50,-69.99,9.01,True,34.67,CLEAR_LOS
2677,50,-65.54,11.1,True,37.41,CLEAR_LOS
2678,50,-67.84,9.12,True,40.07,CLEAR_LOS
2679,50,-65.7,13.35,True,43.63,CLEAR_LOS
2680,50,-65.1,13.33,True,40.07,CLEAR_LOS
2681,50,-71.26,7.32,True,47.06,CLEAR_LOS
2682,50,-67.84,10.44,True,42.63,CLEAR_LOS
2683,50,-69.31,12.1,True,42.35,CLEAR_LOS
2684,50,-68.19,7.23,True,41.62,CLEAR_LOS
2685,50,-67.29,7.51,True,40.47,CLEAR_LOS
2686,50,-68.0,7.41,True,40.71,CLEAR_LOS
2687,50,-65.04,5.88,True,44.18,CLEAR_LOS
2688,50,-67.07,4.06,True,41.72,CLEAR_LOS
2689,50,-68.55,9.91,True,42.62,CLEAR_LOS
2690,50,-71.55,7.27,True,39.41,CLEAR_LOS
2691,50,-61.36,9.43,True,40.06,CLEAR_LOS
2692,50,-60.92,7.39,True,39.55,CLEAR_LOS
2693,50,-65.3,9.3,True,45.9,CLEAR_LOS
2694,50,-72.61,7.2,True,42.92,CLEAR_LOS
2695,50,-65.53,9.4,True,45.3,CLEAR_LOS
2696,50,-68.37,12.06,True,40.21,CLEAR_LOS
2697,50,-66.64,8.3,True,40.84,CLEAR_LOS
2698,50,-70.71,8.9,True,38.93,CLEAR_LOS
2699,50,-68.68,13.3,True,33.64,CLEAR_LOS
2700,50,-70.15,7.53,True,39.21,CLEAR_LOS
2701,50,-60.49,12.81,True,44.09,CLEAR_LOS
2702,50,-73.4,7.89,True,33.07,CLEAR_LOS
2703,50,-63.31,8.93,True,40.02,CLEAR_LOS
2704,50,-66.24,8.75,True,41.91,CLEAR_LOS
2705,50,-63.21,13.11,True,39.84,CLEAR_LOS
2706,50,-69.4,8.35,True,42.47,CLEAR_LOS
2707,50,-65.17,12.14,True,38.33,CLEAR_LOS
2708,50,-71.48,7.91,True,43.7,CLEAR_LOS
2709,50,-70.85,10.2,True,41.93,CLEAR_LOS
2710,50,-66.12,11.86,True,36.59,CLEAR_LOS
2711,50,-71.86,7.58,True,47.22,CLEAR_LOS
2712,50,-68.47,9.89,True,37.97,CLEAR_LOS
2713,50,-74.06,10.93,True,41.77,CLEAR_LOS
2714,50,-65.08,8.47,True,44.43,CLEAR_LOS
2715,50,-65.17,10.68,True,47.04,CLEAR_LOS
2716,50,-66.76,9.09,True,43.27,CLEAR_LOS
2717,50,-64.01,8.21,True,40.54,CLEAR_LOS
2718,50,-65.36,6.31,True,43.44,CLEAR_LOS
2719,50,-62.06,7.39,True,43.02,CLEAR_LOS
2720,50,-64.35,8.67,True,42.42,CLEAR_LOS
2721,50,-60.66,7.38,True,35.98,CLEAR_LOS
2722,50,-67.17,10.88,True,42.07,CLEAR_LOS
2723,50,-63.64,12.3,True,43.33,CLEAR_LOS
2724,50,-64.19,7.75,True,45.09,CLEAR_LOS
2725,50,-66.94,10.12,True,41.27,CLEAR_LOS
2726,50,-68.33,5.57,True,46.95,CLEAR_LOS
2727,50,-62.7,14.46,True,36.43,CLEAR_LOS
2728,50,-65.64,10.78,True,46.93,CLEAR_LOS
2729,50,-65.15,9.0,True,35.31,CLEAR_LOS
2730,50,-70.98,9.44,True,37.11,CLEAR_LOS
2731,50,-68.96,8.89,True,39.21,CLEAR_LOS
2732,50,-69.38,12.77,True,39.39,CLEAR_LOS
2733,50,-71.79,11.09,True,43.72,CLEAR_LOS
2734,50,-69.01,11.45,True,41.45,CLEAR_LOS
2735,50,-63.84,11.16,True,39.25,CLEAR_LOS
2736,50,-63.68,9.11,True,39.66,CLEAR_LOS
2737,50,-68.17,10.15,True,36.04,CLEAR_LOS
2738,50,-68.86,8.21,True,47.25,CLEAR_LOS
2739,50,-67.91,7.95,True,45.64,CLEAR_LOS
2740,50,-67.73,9.11,True,38.94,CLEAR_LOS
2741,50,-63.6,12.15,True,42.67,CLEAR_LOS
2742,50,-68.26,7.7,True,38.69,CLEAR_LOS
2743,50,-74.17,8.21,True,42.14,CLEAR_LOS
2744,50,-66.46,5.6,True,42.1,CLEAR_LOS
2745,50,-74.44,11.36,True,47.65,CLEAR_LOS
2746,50,-69.49,11.22,True,41.7,CLEAR_LOS
2747,50,-66.44,7.98,True,40.35,CLEAR_LOS
2748,50,-64.38,7.23,True,44.91,CLEAR_LOS
2749,50,-65.29,13.14,True,36.43,CLEAR_LOS
2750,50,-63.02,6.77,True,43.16,CLEAR_LOS
2751,50,-68.19,11.14,True,41.73,CLEAR_LOS
2752,50,-65.85,7.18,True,37.84,CLEAR_LOS
2753,50,-72.15,8.76,True,38.94,CLEAR_LOS
2754,50,-66.67,10.29,True,40.99,CLEAR_LOS
2755,50,-64.06,10.56,True,44.76,CLEAR_LOS
2756,50,-63.47,14.02,True,42.13,CLEAR_LOS
2757,50,-66.38,9.18,True,43.15,CLEAR_LOS
2758,50,-62.64,6.17,True,46.75,CLEAR_LOS
2759,50,-74.71,9.93,True,37.95,CLEAR_LOS
2760,50,-67.5,5.54,True,36.41,CLEAR_LOS
2761,50,-64.41,9.95,True,42.55,CLEAR_LOS
2762,50,-63.75,11.49,True,46.35,CLEAR_LOS
2763,50,-61.05,8.9,True,34.88,CLEAR_LOS
2764,50,-64.7,10.14,True,40.87,CLEAR_LOS
2765,50,-68.62,9.21,True,39.43,CLEAR_LOS
2766,50,-65.53,12.03,True,39.43,CLEAR_LOS
2767,50,-67.09,7.67,True,51.78,CLEAR_LOS
2768,50,-70.89,9.61,True,40.09,CLEAR_LOS
2769,50,-67.24,9.53,True,39.81,CLEAR_LOS
2770,50,-65.97,7.13,True,43.7,CLEAR_LOS
2771,50,-67.7,11.07,True,37.26,CLEAR_LOS
2772,50,-66.61,11.54,True,44.65,CLEAR_LOS
2773,50,-66.48,7.68,True,43.02,CLEAR_LOS
2774,50,-69.63,9.55,True,39.05,CLEAR_LOS
2775,50,-70.88,11.65,True,37.63,CLEAR_LOS
2776,50,-61.99,9.31,True,41.27,CLEAR_LOS
2777,50,-67.99,10.4,True,44.35,CLEAR_LOS
2778,50,-65.65,6.61,True,48.17,CLEAR_LOS
2779,50,-63.29,10.96,True,38.72,CLEAR_LOS
2780,50,-62.6,9.4,True,42.75,CLEAR_LOS
2781,50,-68.46,11.67,True,48.61,CLEAR_LOS
2782,50,-72.92,6.63,True,34.59,CLEAR_LOS
2783,50,-73.25,7.67,True,40.92,CLEAR_LOS
2784,50,-68.6,8.19,True,42.66,CLEAR_LOS
2785,50,-67.43,13.15,True,42.38,CLEAR_LOS
2786,50,-63.01,7.12,True,41.2,CLEAR_LOS
2787,50,-65.57,9.07,True,36.55,CLEAR_LOS
2788,50,-66.46,7.53,True,41.46,CLEAR_LOS
2789,50,-66.14,8.62,True,39.82,CLEAR_LOS
2790,50,-70.12,8.19,True,41.63,CLEAR_LOS
2791,50,-66.5,10.82,True,44.88,CLEAR_LOS
2792,50,-64.09,6.5,True,41.89,CLEAR_LOS
2793,50,-61.29,10.52,True,39.33,CLEAR_LOS
2794,50,-72.14,10.75,True,45.23,CLEAR_LOS
2795,50,-60.55,8.83,True,44.15,CLEAR_LOS
2796,50,-76.59,6.15,True,41.08,CLEAR_LOS
2797,50,-63.69,12.33,True,42.84,CLEAR_LOS
2798,50,-68.28,10.17,True,35.82,CLEAR_LOS
2799,50,-70.03,9.52,True,42.01,CLEAR_LOS
2800,50,-62.47,9.2,True,46.84,CLEAR_LOS
2801,50,-69.16,7.36,True,43.41,CLEAR_LOS
2802,50,-64.68,13.09,True,35.14,CLEAR_LOS
2803,50,-71.09,8.21,True,42.92,CLEAR_LOS
2804,50,-63.84,8.62,True,43.43,CLEAR_LOS
2805,50,-67.3,8.26,True,41.14,CLEAR_LOS
2806,50,-72.93,7.69,True,34.3,CLEAR_LOS
2807,50,-66.21,8.67,True,42.64,CLEAR_LOS
2808,50,-67.18,9.3,True,42.91,CLEAR_LOS
2809,50,-61.47,14.16,True,44.96,CLEAR_LOS
2810,50,-60.26,10.45,True,41.88,CLEAR_LOS
2811,50,-58.66,10.35,True,40.93,CLEAR_LOS
2812,50,-66.67,10.5,True,40.27,CLEAR_LOS
2813,50,-64.22,7.87,True,44.37,CLEAR_LOS
2814,50,-67.48,10.52,True,42.53,CLEAR_LOS
2815,50,-68.99,11.43,True,44.39,CLEAR_LOS
2816,50,-62.65,10.86,True,40.84,CLEAR_LOS
2817,50,-66.14,7.05,True,39.46,CLEAR_LOS
2818,50,-66.35,10.87,True,43.28,CLEAR_LOS
2819,50,-66.49,10.07,True,44.78,CLEAR_LOS
2820,50,-74.75,11.12,True,44.19,CLEAR_LOS
2821,50,-62.9,14.02,True,35.63,CLEAR_LOS
2822,50,-66.08,11.33,True,50.3,CLEAR_LOS
2823,50,-71.67,11.34,True,46.53,CLEAR_LOS
2824,50,-63.98,7.17,True,42.67,CLEAR_LOS
2825,50,-62.88,11.55,True,32.1,CLEAR_LOS
2826,50,-66.12,9.04,True,41.35,CLEAR_LOS
2827,50,-69.71,10.4,True,39.07,CLEAR_LOS
2828,50,-71.23,8.35,True,46.32,CLEAR_LOS
2829,50,-63.93,7.74,True,37.99,CLEAR_LOS
2830,50,-67.14,9.63,True,42.77,CLEAR_LOS
2831,50,-70.57,11.77,True,42.61,CLEAR_LOS
2832,50,-69.0,9.95,True,39.06,CLEAR_LOS
2833,50,-67.33,6.62,True,40.49,CLEAR_LOS
2834,50,-66.02,10.88,True,37.05,CLEAR_LOS
2835,50,-67.99,6.77,True,47.28,CLEAR_LOS
2836,50,-67.01,12.37,True,39.76,CLEAR_LOS
2837,50,-69.43,7.39,True,40.53,CLEAR_LOS
2838,50,-65.3,7.06,True,43.4,CLEAR_LOS
2839,50,-67.71,8.13,True,39.26,CLEAR_LOS
2840,50,-73.04,10.92,True,43.1,CLEAR_LOS
2841,50,-76.32,12.21,True,43.44,CLEAR_LOS
2842,50,-67.13,9.92,True,36.63,CLEAR_LOS
2843,50,-69.39,7.23,True,40.93,CLEAR_LOS
2844,50,-68.08,11.81,True,42.43,CLEAR_LOS
2845,50,-66.92,10.59,True,38.49,CLEAR_LOS
2846,50,-66.87,8.82,True,44.46,CLEAR_LOS
2847,50,-68.66,6.76,True,45.25,CLEAR_LOS
2848,50,-71.88,12.01,True,43.21,CLEAR_LOS
2849,50,-70.11,8.49,True,41.34,CLEAR_LOS
2850,50,-66.55,10.91,True,44.69,CLEAR_LOS
2851,50,-77.89,10.1,True,40.35,CLEAR_LOS
2852,50,-67.19,9.57,True,42.79,CLEAR_LOS
2853,50,-58.56,11.01,True,36.11,CLEAR_LOS
2854,50,-73.12,9.72,True,42.49,CLEAR_LOS
2855,50,-71.47,7.23,True,45.31,CLEAR_LOS
2856,50,-70.93,13.07,True,44.18,CLEAR_LOS
2857,50,-68.99,8.13,True,48.7,CLEAR_LOS
2858,50,-68.15,8.65,True,40.85,CLEAR_LOS
2859,50,-66.42,4.46,True,34.21,CLEAR_LOS
2860,50,-67.66,11.12,True,31.96,CLEAR_LOS
2861,50,-67.71,8.38,True,38.81,CLEAR_LOS
2862,50,-65.36,9.91,True,41.07,CLEAR_LOS
2863,50,-71.56,10.8,True,42.09,CLEAR_LOS
2864,50,-73.7,12.63,True,45.67,CLEAR_LOS
2865,50,-69.42,11.58,True,43.12,CLEAR_LOS
2866,50,-69.09,7.35,True,38.16,CLEAR_LOS
2867,50,-68.11,10.32,True,39.27,CLEAR_LOS
2868,50,-70.26,9.47,True,38.5,CLEAR_LOS
2869,50,-66.84,7.7,True,41.08,CLEAR_LOS
2870,50,-62.56,12.36,True,40.08,CLEAR_LOS
2871,50,-70.42,14.02,True,43.41,CLEAR_LOS
2872,50,-66.16,7.44,True,40.44,CLEAR_LOS
2873,50,-61.83,9.85,True,43.32,CLEAR_LOS
2874,50,-70.92,11.78,True,39.73,CLEAR_LOS
2875,50,-69.31,5.47,True,38.91,CLEAR_LOS
2876,50,-70.78,10.44,True,48.2,CLEAR_LOS
2877,50,-66.71,9.63,True,35.47,CLEAR_LOS
2878,50,-72.38,9.3,True,45.17,CLEAR_LOS
2879,50,-74.18,8.49,True,46.87,CLEAR_LOS
2880,50,-72.28,12.11,True,42.79,CLEAR_LOS
2881,50,-73.72,13.63,True,37.68,CLEAR_LOS
2882,50,-73.7,13.3,True,40.55,CLEAR_LOS
2883,50,-62.45,10.6,True,37.61,CLEAR_LOS
2884,50,-67.69,10.1,True,39.76,CLEAR_LOS
2885,50,-59.45,11.06,True,39.29,CLEAR_LOS
2886,50,-71.28,9.47,True,40.4,CLEAR_LOS
2887,50,-64.62,8.55,True,40.29,CLEAR_LOS
2888,50,-69.27,12.71,True,39.53,CLEAR_LOS
2889,50,-68.48,10.82,True,38.52,CLEAR_LOS
2890,50,-72.21,9.16,True,48.26,CLEAR_LOS
2891,50,-69.7,11.88,True,46.9,CLEAR_LOS
2892,50,-62.83,10.11,True,45.11,CLEAR_LOS
2893,50,-70.9,9.21,True,38.84,CLEAR_LOS
2894,50,-75.41,7.4,True,36.02,CLEAR_LOS
2895,50,-63.27,9.06,True,43.23,CLEAR_LOS
2896,50,-67.48,7.92,True,37.38,CLEAR_LOS
2897,50,-64.44,7.73,True,42.23,CLEAR_LOS
2898,50,-65.04,11.17,True,41.11,CLEAR_LOS
2899,50,-62.7,11.63,True,37.11,CLEAR_LOS
2900,50,-65.12,6.51,True,39.0,CLEAR_LOS
2901,50,-67.45,10.94,True,41.36,CLEAR_LOS
2902,50,-69.13,9.21,True,42.07,CLEAR_LOS
2903,50,-68.81,12.65,True,43.6,CLEAR_LOS
2904,50,-67.02,9.33,True,44.5,CLEAR_LOS
2905,50,-65.5,6.19,True,42.16,CLEAR_LOS
2906,50,-66.09,10.75,True,42.46,CLEAR_LOS
2907,50,-67.51,9.5,True,36.64,CLEAR_LOS
2908,50,-67.63,9.83,True,38.34,CLEAR_LOS
2909,50,-65.24,7.68,True,33.39,CLEAR_LOS
2910,50,-64.01,9.24,True,39.14,CLEAR_LOS
2911,50,-70.51,9.7,True,43.98,CLEAR_LOS
2912,50,-63.52,11.19,True,48.73,CLEAR_LOS
2913,50,-66.3,7.84,True,35.37,CLEAR_LOS
2914,50,-69.3,12.3,True,38.37,CLEAR_LOS
2915,50,-68.03,10.58,True,46.85,CLEAR_LOS
2916,50,-66.99,9.21,True,39.07,CLEAR_LOS
2917,50,-61.27,9.97,True,43.03,CLEAR_LOS
2918,50,-73.41,11.65,True,40.2,CLEAR_LOS
2919,50,-65.14,12.54,True,37.44,CLEAR_LOS
2920,50,-67.55,12.56,True,36.43,CLEAR_LOS
2921,50,-67.61,7.0,True,44.94,CLEAR_LOS
2922,50,-65.9,7.15,True,45.14,CLEAR_LOS
2923,50,-68.51,9.52,True,43.67,CLEAR_LOS
2924,50,-61.66,10.35,True,43.79,CLEAR_LOS
2925,50,-71.53,10.13,True,42.62,CLEAR_LOS
2926,50,-61.54,10.96,True,38.09,CLEAR_LOS
2927,50,-63.75,11.52,True,38.91,CLEAR_LOS
2928,50,-69.82,11.49,True,40.92,CLEAR_LOS
2929,50,-73.0,8.79,True,34.84,CLEAR_LOS
2930,50,-69.22,9.44,True,51.91,CLEAR_LOS
2931,50,-73.69,12.01,True,40.04,CLEAR_LOS
2932,50,-73.21,6.86,True,40.3,CLEAR_LOS
2933,50,-68.4,8.13,True,32.72,CLEAR_LOS
2934,50,-62.69,7.58,True,39.39,CLEAR_LOS
2935,50,-68.59,10.36,True,39.83,CLEAR_LOS
2936,50,-65.53,10.95,True,41.07,CLEAR_LOS
2937,50,-66.95,7.55,True,41.91,CLEAR_LOS
2938,50,-67.13,7.59,True,42.22,CLEAR_LOS
2939,50,-72.95,8.62,True,39.27,CLEAR_LOS
2940,50,-65.56,10.03,True,47.33,CLEAR_LOS
2941,50,-63.5,6.69,True,40.36,CLEAR_LOS
2942,50,-71.48,7.89,True,41.32,CLEAR_LOS
2943,50,-64.92,7.72,True,42.35,CLEAR_LOS
2944,50,-72.33,10.64,True,43.15,CLEAR_LOS
2945,50,-61.85,11.0,True,42.57,CLEAR_LOS
2946,50,-68.74,10.07,True,47.85,CLEAR_LOS
2947,50,-70.27,10.46,True,42.55,CLEAR_LOS
2948,50,-69.94,12.19,True,48.91,CLEAR_LOS
2949,50,-68.78,10.98,True,45.66,CLEAR_LOS
2950,50,-65.24,6.12,True,43.19,CLEAR_LOS
2951,50,-69.46,9.77,True,44.01,CLEAR_LOS
2952,50,-65.44,6.09,True,37.69,CLEAR_LOS
2953,50,-65.24,10.67,True,48.7,CLEAR_LOS
2954,50,-67.25,10.57,True,40.41,CLEAR_LOS
2955,50,-66.2,5.93,True,43.43,CLEAR_LOS
2956,50,-70.18,10.4,True,39.19,CLEAR_LOS
2957,50,-62.87,7.37,True,41.54,CLEAR_LOS
2958,50,-65.96,8.76,True,32.52,CLEAR_LOS
2959,50,-69.19,9.06,True,42.15,CLEAR_LOS
2960,50,-64.8,11.18,True,34.49,CLEAR_LOS
2961,50,-63.3,9.55,True,41.05,CLEAR_LOS
2962,50,-62.32,7.88,True,45.5,CLEAR_LOS
2963,50,-69.74,8.37,True,40.43,CLEAR_LOS
2964,50,-62.2,8.55,True,44.8,CLEAR_LOS
2965,50,-75.22,10.09,True,47.71,CLEAR_LOS
2966,50,-74.94,5.45,True,47.63,CLEAR_LOS
2967,50,-71.78,9.41,True,46.38,CLEAR_LOS
2968,50,-66.81,9.21,True,45.5,CLEAR_LOS
2969,50,-68.78,13.73,True,37.02,CLEAR_LOS
2970,50,-66.06,9.26,True,40.26,CLEAR_LOS
2971,50,-70.3,6.92,True,38.63,CLEAR_LOS
2972,50,-65.39,13.82,True,35.4,CLEAR_LOS
2973,50,-61.46,9.84,True,43.41,CLEAR_LOS
2974,50,-70.04,9.24,True,38.1,CLEAR_LOS
2975,50,-69.13,12.51,True,32.72,CLEAR_LOS
2976,50,-65.38,7.61,True,43.62,CLEAR_LOS
2977,50,-68.05,9.61,True,43.24,CLEAR_LOS
2978,50,-63.34,10.27,True,45.23,CLEAR_LOS
2979,50,-67.64,10.18,True,40.47,CLEAR_LOS
2980,50,-66.17,12.08,True,46.49,CLEAR_LOS
2981,50,-67.6,9.3,True,34.14,CLEAR_LOS
2982,50,-72.16,9.9,True,43.0,CLEAR_LOS
2983,50,-59.15,7.6,True,46.32,CLEAR_LOS
2984,50,-70.7,8.09,True,42.87,CLEAR_LOS
2985,50,-71.92,9.74,True,45.07,CLEAR_LOS
2986,50,-65.75,12.26,True,40.22,CLEAR_LOS
2987,50,-63.33,7.23,True,35.11,CLEAR_LOS
2988,50,-65.74,8.37,True,42.97,CLEAR_LOS
2989,50,-69.12,9.51,True,39.96,CLEAR_LOS
2990,50,-70.35,11.96,True,41.26,CLEAR_LOS
2991,50,-60.44,11.26,True,42.2,CLEAR_LOS
2992,50,-66.46,9.2,True,45.14,CLEAR_LOS
2993,50,-68.35,11.1,True,46.82,CLEAR_LOS
2994,50,-70.76,7.26,True,43.14,CLEAR_LOS
2995,50,-67.84,6.4,True,40.71,CLEAR_LOS
2996,50,-66.06,7.04,True,44.99,CLEAR_LOS
2997,50,-67.97,12.79,True,42.3,CLEAR_LOS
2998,50,-64.81,7.69,True,37.4,CLEAR_LOS
2999,50,-71.64,7.52,True,43.59,CLEAR_LOS
3000,50,-67.79,8.06,True,36.48,CLEAR_LOS
3001,50,-63.25,7.7,True,40.7,CLEAR_LOS
3002,50,-71.22,8.99,True,40.9,CLEAR_LOS
3003,50,-64.49,10.5,True,39.54,CLEAR_LOS
3004,50,-65.48,7.65,True,47.57,CLEAR_LOS
3005,50,-68.91,10.78,True,39.08,CLEAR_LOS
3006,50,-67.92,11.63,True,36.32,CLEAR_LOS
3007,50,-68.23,10.73,True,38.58,CLEAR_LOS
3008,50,-67.35,8.9,True,40.86,CLEAR_LOS
3009,50,-70.62,9.37,True,37.4,CLEAR_LOS
3010,50,-66.22,12.67,True,37.73,CLEAR_LOS
3011,50,-66.67,8.78,True,41.07,CLEAR_LOS
3012,50,-68.96,4.71,True,45.61,CLEAR_LOS
3013,50,-72.01,9.32,True,41.99,CLEAR_LOS
3014,50,-68.17,8.07,True,43.49,CLEAR_LOS
3015,50,-74.16,12.12,True,38.13,CLEAR_LOS
3016,50,-62.84,7.99,True,40.94,CLEAR_LOS
3017,50,-70.61,8.36,True,43.79,CLEAR_LOS
3018,50,-58.96,13.57,True,39.17,CLEAR_LOS
3019,50,-68.39,13.3,True,40.17,CLEAR_LOS
3020,50,-69.29,11.85,True,44.59,CLEAR_LOS
3021,50,-75.36,8.6,True,49.45,CLEAR_LOS
3022,50,-61.73,6.52,True,43.95,CLEAR_LOS
3023,50,-64.24,9.41,True,41.75,CLEAR_LOS
3024,50,-63.39,10.51,True,41.75,CLEAR_LOS
3025,50,-65.28,11.99,True,41.9,CLEAR_LOS
3026,50,-64.5,7.74,True,37.45,CLEAR_LOS
3027,50,-68.99,14.83,True,32.27,CLEAR_LOS
3028,50,-73.97,8.19,True,47.37,CLEAR_LOS
3029,50,-65.47,13.1,True,43.82,CLEAR_LOS
3030,50,-64.29,6.58,True,38.51,CLEAR_LOS
3031,50,-72.3,12.69,True,49.91,CLEAR_LOS
3032,50,-70.63,10.74,True,44.48,CLEAR_LOS
3033,50,-64.7,6.45,True,44.9,CLEAR_LOS
3034,50,-64.25,8.74,True,45.84,CLEAR_LOS
3035,50,-61.55,8.27,True,38.79,CLEAR_LOS
3036,50,-62.97,12.16,True,40.03,CLEAR_LOS
3037,50,-68.9,5.8,True,33.26,CLEAR_LOS
3038,50,-64.46,11.72,True,40.75,CLEAR_LOS
3039,50,-70.28,9.51,True,40.26,CLEAR_LOS
3040,50,-69.08,10.91,True,45.37,CLEAR_LOS
3041,50,-66.61,6.36,True,38.22,CLEAR_LOS
3042,50,-64.92,5.95,True,38.9,CLEAR_LOS
3043,50,-65.16,9.5,True,38.21,CLEAR_LOS
3044,50,-68.35,9.4,True,41.32,CLEAR_LOS
3045,50,-64.27,11.28,True,47.09,CLEAR_LOS
3046,50,-66.45,10.21,True,43.56,CLEAR_LOS
3047,50,-68.85,9.97,True,43.65,CLEAR_LOS
3048,50,-69.07,8.25,True,42.19,CLEAR_LOS
3049,50,-65.0,9.48,True,40.43,CLEAR_LOS
3050,50,-69.18,6.0,True,40.51,CLEAR_LOS
3051,50,-63.98,8.16,True,41.55,CLEAR_LOS
3052,50,-69.45,8.35,True,38.56,CLEAR_LOS
3053,50,-56.92,13.17,True,37.53,CLEAR_LOS
3054,50,-68.34,9.24,True,39.51,CLEAR_LOS
3055,50,-72.33,6.47,True,40.76,CLEAR_LOS
3056,50,-66.48,7.99,True,43.36,CLEAR_LOS
3057,50,-67.89,10.15,True,38.6,CLEAR_LOS
3058,50,-68.93,8.91,True,42.13,CLEAR_LOS
3059,50,-68.53,10.32,True,38.97,CLEAR_LOS
3060,50,-70.08,7.85,True,46.44,CLEAR_LOS
3061,50,-69.98,10.48,True,42.76,CLEAR_LOS
3062,50,-68.62,7.96,True,41.67,CLEAR_LOS
3063,50,-68.15,8.0,True,37.32,CLEAR_LOS
3064,50,-64.29,11.32,True,40.99,CLEAR_LOS
3065,50,-65.13,7.97,True,43.18,CLEAR_LOS
3066,50,-67.59,7.98,True,40.89,CLEAR_LOS
3067,50,-69.54,6.29,True,38.13,CLEAR_LOS
3068,50,-67.79,7.32,True,42.47,CLEAR_LOS
3069,50,-64.92,7.65,True,42.54,CLEAR_LOS
3070,50,-70.21,7.01,True,42.47,CLEAR_LOS
3071,50,-68.7,12.01,True,39.34,CLEAR_LOS
3072,50,-64.69,9.2,True,34.58,CLEAR_LOS
3073,50,-65.33,6.99,True,41.17,CLEAR_LOS
3074,50,-66.49,8.99,True,37.78,CLEAR_LOS
3075,50,-66.43,8.95,True,40.34,CLEAR_LOS
3076,50,-64.64,6.88,True,42.81,CLEAR_LOS
3077,50,-66.81,9.22,True,43.92,CLEAR_LOS
3078,50,-67.79,11.48,True,37.12,CLEAR_LOS
3079,50,-61.67,12.07,True,41.4,CLEAR_LOS
3080,50,-67.4,6.87,True,41.41,CLEAR_LOS
3081,50,-68.71,9.95,True,44.18,CLEAR_LOS
3082,50,-72.66,7.86,True,41.5,CLEAR_LOS
3083,50,-68.62,11.38,True,36.38,CLEAR_LOS
3084,50,-65.62,9.67,True,46.1,CLEAR_LOS
3085,50,-62.38,9.87,True,46.68,CLEAR_LOS
3086,50,-67.37,12.92,True,40.3,CLEAR_LOS
3087,50,-73.53,11.94,True,42.1,CLEAR_LOS
3088,50,-70.13,8.5,True,38.96,CLEAR_LOS
3089,50,-72.66,10.26,True,37.0,CLEAR_LOS
3090,50,-68.26,10.99,True,39.08,CLEAR_LOS
3091,50,-63.3,5.22,True,41.43,CLEAR_LOS
3092,50,-66.97,5.63,True,38.39,CLEAR_LOS
3093,50,-68.3,10.82,True,40.3,CLEAR_LOS
3094,50,-67.24,8.39,True,33.45,CLEAR_LOS
3095,50,-66.65,8.53,True,46.42,CLEAR_LOS
3096,50,-59.84,10.95,True,45.69,CLEAR_LOS
3097,50,-69.08,10.6,True,39.16,CLEAR_LOS
3098,50,-68.41,9.72,True,37.76,CLEAR_LOS
3099,50,-68.12,9.5,True,43.46,CLEAR_LOS
3100,50,-70.03,9.67,True,43.94,CLEAR_LOS
3101,50,-66.46,11.14,True,40.6,CLEAR_LOS
3102,50,-70.87,7.75,True,41.34,CLEAR_LOS
3103,50,-69.77,11.06,True,40.46,CLEAR_LOS
3104,50,-68.07,3.85,True,51.48,CLEAR_LOS
3105,50,-67.41,9.45,True,45.14,CLEAR_LOS
3106,50,-63.44,12.78,True,46.48,CLEAR_LOS
3107,50,-67.4,9.72,True,49.28,CLEAR_LOS
3108,50,-69.95,8.31,True,45.04,CLEAR_LOS
3109,50,-69.59,10.22,True,43.67,CLEAR_LOS
3110,50,-62.25,12.72,True,34.43,CLEAR_LOS
3111,50,-67.39,10.68,True,43.96,CLEAR_LOS
3112,50,-67.94,10.01,True,45.59,CLEAR_LOS
3113,50,-68.66,11.2,True,45.97,CLEAR_LOS
3114,50,-68.98,13.38,True,35.26,CLEAR_LOS
3115,50,-70.27,10.93,True,46.39,CLEAR_LOS
3116,50,-61.81,8.31,True,44.52,CLEAR_LOS
3117,50,-69.92,10.12,True,39.42,CLEAR_LOS
3118,50,-67.21,13.91,True,44.9,CLEAR_LOS
3119,50,-64.35,5.94,True,40.74,CLEAR_LOS
3120,50,-64.4,12.73,True,42.36,CLEAR_LOS
3121,50,-66.48,6.1,True,45.66,CLEAR_LOS
3122,50,-65.25,6.86,True,35.83,CLEAR_LOS
3123,50,-66.8,6.43,True,43.76,CLEAR_LOS
3124,50,-69.03,8.17,True,39.14,CLEAR_LOS
3125,50,-70.81,5.19,True,44.5,CLEAR_LOS
3126,50,-58.31,11.42,True,48.43,CLEAR_LOS
3127,50,-63.14,11.36,True,42.7,CLEAR_LOS
3128,50,-68.92,10.58,True,43.17,CLEAR_LOS
3129,50,-64.48,10.74,True,40.71,CLEAR_LOS
3130,50,-68.06,9.66,True,39.17,CLEAR_LOS
3131,50,-67.09,11.51,True,42.16,CLEAR_LOS
3132,50,-67.43,7.97,True,39.27,CLEAR_LOS
3133,50,-73.17,8.29,True,42.48,CLEAR_LOS
3134,50,-64.58,8.23,True,38.86,CLEAR_LOS
3135,50,-61.68,4.27,True,43.26,CLEAR_LOS
3136,50,-61.3,7.41,True,49.48,CLEAR_LOS
3137,50,-63.32,5.45,True,39.08,CLEAR_LOS
3138,50,-69.55,12.16,True,44.59,CLEAR_LOS
3139,50,-72.93,7.23,True,41.47,CLEAR_LOS
3140,50,-65.13,9.06,True,43.61,CLEAR_LOS
3141,50,-65.47,7.14,True,43.78,CLEAR_LOS
3142,50,-67.3,10.95,True,53.08,CLEAR_LOS
3143,50,-63.3,9.53,True,36.25,CLEAR_LOS
3144,50,-66.76,10.65,True,40.67,CLEAR_LOS
3145,50,-70.11,10.06,True,47.67,CLEAR_LOS
3146,50,-59.98,10.61,True,38.89,CLEAR_LOS
3147,50,-68.63,11.55,True,39.45,CLEAR_LOS
3148,50,-66.92,9.65,True,42.08,CLEAR_LOS
3149,50,-66.84,6.98,True,39.83,CLEAR_LOS
3150,50,-59.45,9.46,True,42.03,CLEAR_LOS
3151,50,-59.32,8.23,True,36.58,CLEAR_LOS
3152,50,-67.04,8.97,True,39.05,CLEAR_LOS
3153,50,-66.47,9.45,True,43.89,CLEAR_LOS
3154,50,-70.96,9.8,True,43.67,CLEAR_LOS
3155,50,-64.82,11.2,True,49.53,CLEAR_LOS
3156,50,-67.87,8.81,True,34.3,CLEAR_LOS
3157,50,-63.02,11.38,True,43.01,CLEAR_LOS
3158,50,-62.75,10.18,True,45.11,CLEAR_LOS
3159,50,-69.82,7.27,True,38.66,CLEAR_LOS
3160,50,-74.37,9.71,True,36.15,CLEAR_LOS
3161,50,-66.07,5.26,True,47.39,CLEAR_LOS
3162,50,-72.06,9.6,True,44.54,CLEAR_LOS
3163,50,-68.26,12.29,True,43.63,CLEAR_LOS
3164,50,-63.56,8.87,True,39.83,CLEAR_LOS
3165,50,-65.14,7.82,True,38.5,CLEAR_LOS
3166,50,-57.64,10.21,True,44.95,CLEAR_LOS
3167,50,-71.81,10.05,True,42.51,CLEAR_LOS
3168,50,-70.64,9.78,True,40.07,CLEAR_LOS
3169,50,-67.35,7.33,True,40.69,CLEAR_LOS
3170,50,-72.19,9.02,True,45.32,CLEAR_LOS
3171,50,-69.9,8.64,True,41.94,CLEAR_LOS
3172,50,-66.24,5.91,True,47.11,CLEAR_LOS
3173,50,-72.86,12.14,True,39.2,CLEAR_LOS
3174,50,-63.1,6.43,True,38.53,CLEAR_LOS
3175,50,-68.8,9.11,True,39.84,CLEAR_LOS
3176,50,-71.81,9.38,True,44.3,CLEAR_LOS
3177,50,-66.97,7.87,True,41.35,CLEAR_LOS
3178,50,-66.1,13.16,True,40.93,CLEAR_LOS
3179,50,-63.64,9.32,True,43.66,CLEAR_LOS
3180,50,-63.26,10.64,True,41.21,CLEAR_LOS
3181,50,-69.32,11.28,True,39.27,CLEAR_LOS
3182,50,-64.79,10.18,True,49.22,CLEAR_LOS
3183,50,-67.44,10.11,True,38.46,CLEAR_LOS
3184,50,-65.9,8.79,True,41.28,CLEAR_LOS
3185,50,-71.01,8.86,True,47.59,CLEAR_LOS
3186,50,-61.67,12.35,True,44.73,CLEAR_LOS
3187,50,-69.99,8.2,True,42.38,CLEAR_LOS
3188,50,-70.51,10.01,True,40.53,CLEAR_LOS
3189,50,-74.73,6.5,True,50.17,CLEAR_LOS
3190,50,-67.22,2.47,True,38.03,CLEAR_LOS
3191,50,-62.23,9.39,True,47.95,CLEAR_LOS
3192,50,-71.24,8.71,True,37.61,CLEAR_LOS
3193,50,-68.87,12.24,True,40.61,CLEAR_LOS
3194,50,-64.12,11.97,True,42.86,CLEAR_LOS
3195,50,-66.05,11.28,True,42.05,CLEAR_LOS
3196,50,-66.33,11.54,True,41.11,CLEAR_LOS
3197,50,-67.52,10.31,True,43.69,CLEAR_LOS
3198,50,-69.29,8.76,True,42.5,CLEAR_LOS
3199,50,-66.94,7.45,True,40.71,CLEAR_LOS
3200,50,-66.07,9.64,True,40.09,CLEAR_LOS
3201,50,-69.54,11.62,True,36.0,CLEAR_LOS
3202,50,-56.77,6.76,True,40.72,CLEAR_LOS
3203,50,-65.04,11.24,True,43.06,CLEAR_LOS
3204,50,-65.99,12.29,True,40.21,CLEAR_LOS
3205,50,-71.67,4.67,True,45.56,CLEAR_LOS
3206,50,-68.35,9.6,True,46.09,CLEAR_LOS
3207,50,-70.77,6.43,True,38.22,CLEAR_LOS
3208,50,-66.63,10.43,True,35.09,CLEAR_LOS
3209,50,-68.32,11.39,True,40.88,CLEAR_LOS
3210,50,-65.75,11.1,True,37.56,CLEAR_LOS
3211,50,-66.38,7.58,True,41.44,CLEAR_LOS
3212,50,-71.38,9.0,True,38.71,CLEAR_LOS
3213,50,-64.33,9.31,True,39.22,CLEAR_LOS
3214,50,-68.72,12.39,True,46.01,CLEAR_LOS
3215,50,-68.61,13.0,True,40.35,CLEAR_LOS
3216,50,-67.35,13.08,True,51.37,CLEAR_LOS
3217,50,-67.81,13.86,True,39.69,CLEAR_LOS
3218,50,-67.52,10.95,True,38.12,CLEAR_LOS
3219,50,-68.65,9.77,True,44.28,CLEAR_LOS
3220,50,-70.15,7.88,True,44.97,CLEAR_LOS
3221,50,-69.7,6.37,True,42.77,CLEAR_LOS
3222,50,-63.78,9.91,True,44.03,CLEAR_LOS
3223,50,-62.4,14.69,True,40.2,CLEAR_LOS
3224,50,-62.42,7.32,True,40.74,CLEAR_LOS
3225,50,-65.16,11.77,True,41.83,CLEAR_LOS
3226,50,-68.68,9.61,True,40.66,CLEAR_LOS
3227,50,-68.2,5.52,True,46.44,CLEAR_LOS
3228,50,-67.57,10.52,True,40.73,CLEAR_LOS
3229,50,-77.25,8.44,True,36.35,CLEAR_LOS
3230,50,-61.75,9.53,True,41.0,CLEAR_LOS
3231,50,-65.26,13.9,True,43.92,CLEAR_LOS
3232,50,-61.72,10.0,True,34.92,CLEAR_LOS
3233,50,-70.28,9.78,True,41.47,CLEAR_LOS
3234,50,-64.32,8.98,True,41.88,CLEAR_LOS
3235,50,-68.61,11.42,True,41.47,CLEAR_LOS
3236,50,-65.24,9.64,True,38.59,CLEAR_LOS
3237,50,-71.34,13.93,True,38.74,CLEAR_LOS
3238,50,-72.36,11.45,True,46.79,CLEAR_LOS
3239,50,-60.96,8.2,True,40.85,CLEAR_LOS
3240,50,-69.87,8.88,True,37.05,CLEAR_LOS
3241,50,-70.03,11.46,True,41.03,CLEAR_LOS
3242,50,-68.97,11.18,True,34.01,CLEAR_LOS
3243,50,-71.56,6.19,True,36.41,CLEAR_LOS
3244,50,-68.73,10.24,True,42.75,CLEAR_LOS
3245,50,-69.75,11.61,True,39.53,CLEAR_LOS
3246,50,-63.1,10.7,True,44.48,CLEAR_LOS
3247,50,-63.78,9.48,True,37.38,CLEAR_LOS
3248,50,-68.95,11.37,True,40.87,CLEAR_LOS
3249,50,-66.22,10.62,True,43.92,CLEAR_LOS
3250,50,-66.4,8.86,True,38.29,CLEAR_LOS
3251,50,-66.35,10.02,True,45.66,CLEAR_LOS
3252,50,-61.0,11.34,True,34.42,CLEAR_LOS
3253,50,-65.68,9.83,True,41.82,CLEAR_LOS
3254,50,-71.67,12.51,True,36.53,CLEAR_LOS
3255,50,-67.05,11.22,True,43.63,CLEAR_LOS
3256,50,-66.63,4.15,True,38.69,CLEAR_LOS
3257,50,-67.77,11.31,True,35.69,CLEAR_LOS
3258,50,-70.04,7.88,True,43.28,CLEAR_LOS
3259,50,-69.91,7.75,True,41.98,CLEAR_LOS
3260,50,-64.53,5.79,True,44.74,CLEAR_LOS
3261,50,-70.46,8.12,True,49.95,CLEAR_LOS
3262,50,-66.54,8.97,True,43.01,CLEAR_LOS
3263,50,-68.73,9.98,True,42.82,CLEAR_LOS
3264,50,-72.06,5.75,True,39.52,CLEAR_LOS
3265,50,-69.02,5.23,True,42.51,CLEAR_LOS
3266,50,-68.14,5.6,True,48.56,CLEAR_LOS
3267,50,-72.21,10.77,True,43.35,CLEAR_LOS
3268,50,-64.88,10.55,True,50.68,CLEAR_LOS
3269,50,-68.21,10.26,True,35.65,CLEAR_LOS
3270,50,-62.08,8.83,True,40.81,CLEAR_LOS
3271,50,-64.64,12.24,True,42.45,CLEAR_LOS
3272,50,-72.36,8.87,True,41.39,CLEAR_LOS
3273,50,-64.21,6.63,True,45.82,CLEAR_LOS
3274,50,-65.63,11.04,True,39.08,CLEAR_LOS
3275,50,-67.68,9.68,True,40.07,CLEAR_LOS
3276,50,-65.66,9.65,True,43.58,CLEAR_LOS
3277,50,-73.36,8.68,True,42.16,CLEAR_LOS
3278,50,-66.31,9.43,True,31.85,CLEAR_LOS
3279,50,-68.55,8.34,True,41.2,CLEAR_LOS
3280,50,-69.28,12.55,True,40.48,CLEAR_LOS
3281,50,-66.68,8.71,True,39.67,CLEAR_LOS
3282,50,-68.36,10.39,True,46.45,CLEAR_LOS
3283,50,-68.84,8.14,True,41.52,CLEAR_LOS
3284,50,-64.75,7.26,True,38.44,CLEAR_LOS
3285,50,-65.22,9.73,True,43.59,CLEAR_LOS
3286,50,-61.26,9.55,True,35.62,CLEAR_LOS
3287,50,-67.39,7.38,True,46.1,CLEAR_LOS
3288,50,-62.34,7.21,True,45.7,CLEAR_LOS
3289,50,-60.28,8.67,True,39.38,CLEAR_LOS
3290,50,-67.69,10.52,True,41.85,CLEAR_LOS
3291,50,-64.54,9.48,True,41.51,CLEAR_LOS
3292,50,-66.44,9.87,True,43.76,CLEAR_LOS
3293,50,-64.43,11.26,True,41.43,CLEAR_LOS
3294,50,-70.96,8.25,True,43.55,CLEAR_LOS
3295,50,-69.22,11.56,True,43.55,CLEAR_LOS
3296,50,-70.54,6.97,True,41.03,CLEAR_LOS
3297,50,-65.21,8.37,True,42.83,CLEAR_LOS
3298,50,-67.16,9.01,True,47.34,CLEAR_LOS
3299,50,-67.31,11.07,True,43.51,CLEAR_LOS
3300,50,-74.82,9.72,True,39.31,CLEAR_LOS
3301,50,-65.48,12.28,True,46.06,CLEAR_LOS
3302,50,-72.75,7.6,True,40.45,CLEAR_LOS
3303,50,-65.83,9.52,True,51.98,CLEAR_LOS
3304,50,-65.43,11.78,True,45.78,CLEAR_LOS
3305,50,-68.32,10.14,True,39.81,CLEAR_LOS
3306,50,-67.45,6.96,True,43.85,CLEAR_LOS
3307,50,-67.46,13.37,True,46.35,CLEAR_LOS
3308,50,-70.11,4.63,True,41.22,CLEAR_LOS
3309,50,-70.24,11.28,True,42.02,CLEAR_LOS
3310,50,-70.08,13.82,True,44.19,CLEAR_LOS
3311,50,-64.84,9.56,True,38.53,CLEAR_LOS
3312,50,-59.77,10.93,True,42.25,CLEAR_LOS
3313,50,-70.88,8.3,True,36.93,CLEAR_LOS
3314,50,-64.63,8.8,True,43.51,CLEAR_LOS
3315,50,-68.32,5.6,True,40.0,CLEAR_LOS
3316,50,-65.67,10.12,True,42.98,CLEAR_LOS
3317,50,-59.44,7.08,True,48.85,CLEAR_LOS
3318,50,-72.88,11.03,True,44.34,CLEAR_LOS
3319,50,-76.94,8.67,True,42.47,CLEAR_LOS
3320,50,-66.25,7.36,True,40.69,CLEAR_LOS
3321,50,-65.72,5.72,True,40.55,CLEAR_LOS
3322,50,-66.44,8.24,True,42.21,CLEAR_LOS
3323,50,-71.11,9.18,True,43.09,CLEAR_LOS
3324,50,-69.86,10.52,True,43.68,CLEAR_LOS
3325,50,-65.27,12.11,True,43.39,CLEAR_LOS
3326,50,-66.86,9.34,True,39.44,CLEAR_LOS
3327,50,-66.36,9.35,True,39.25,CLEAR_LOS
3328,50,-66.54,8.38,True,46.01,CLEAR_LOS
3329,50,-73.41,11.74,True,42.2,CLEAR_LOS
3330,50,-71.76,9.4,True,37.94,CLEAR_LOS
3331,50,-69.26,9.1,True,44.14,CLEAR_LOS
3332,50,-67.11,10.51,True,46.78,CLEAR_LOS
3333,50,-63.85,8.96,True,43.04,CLEAR_LOS
3334,50,-68.88,9.16,True,39.06,CLEAR_LOS
3335,50,-72.49,12.48,True,39.59,CLEAR_LOS
3336,50,-69.96,7.63,True,43.04,CLEAR_LOS
3337,50,-67.97,12.05,True,44.19,CLEAR_LOS
3338,50,-67.05,10.19,True,41.48,CLEAR_LOS
3339,50,-67.05,12.05,True,39.21,CLEAR_LOS
3340,50,-66.84,7.35,True,43.63,CLEAR_LOS
3341,50,-65.4,9.26,True,42.41,CLEAR_LOS
3342,50,-70.29,10.17,True,40.58,CLEAR_LOS
3343,50,-68.06,6.84,True,44.64,CLEAR_LOS
3344,50,-68.57,8.94,True,37.56,CLEAR_LOS
3345,50,-65.93,10.74,True,44.3,CLEAR_LOS
3346,50,-66.26,6.06,True,40.92,CLEAR_LOS
3347,50,-68.09,8.33,True,39.0,CLEAR_LOS
3348,50,-68.21,13.07,True,38.37,CLEAR_LOS
3349,50,-67.6,11.25,True,36.49,CLEAR_LOS
3350,50,-71.93,9.26,True,45.21,CLEAR_LOS
3351,50,-70.97,7.45,True,41.89,CLEAR_LOS
3352,50,-70.15,11.98,True,45.68,CLEAR_LOS
3353,50,-67.23,5.85,True,40.35,CLEAR_LOS
3354,50,-66.9,10.73,True,39.21,CLEAR_LOS
3355,50,-70.77,9.23,True,40.18,CLEAR_LOS
3356,50,-65.34,7.57,True,38.98,CLEAR_LOS
3357,50,-63.93,11.18,True,47.57,CLEAR_LOS
3358,50,-69.76,9.45,True,42.65,CLEAR_LOS
3359,50,-69.01,7.46,True,39.0,CLEAR_LOS
3360,50,-70.55,7.53,True,39.65,CLEAR_LOS
3361,50,-72.4,9.21,True,43.04,CLEAR_LOS
3362,50,-62.17,5.78,True,39.64,CLEAR_LOS
3363,50,-65.24,8.85,True,37.72,CLEAR_LOS
3364,50,-69.86,8.85,True,41.88,CLEAR_LOS
3365,50,-72.11,8.95,True,45.6,CLEAR_LOS
3366,50,-69.82,10.34,True,39.86,CLEAR_LOS
3367,50,-71.44,9.32,True,35.59,CLEAR_LOS
3368,50,-71.02,6.43,True,39.81,CLEAR_LOS
3369,50,-67.29,5.46,True,43.24,CLEAR_LOS
3370,50,-66.08,7.53,True,40.3,CLEAR_LOS
3371,50,-70.48,9.64,True,37.24,CLEAR_LOS
3372,50,-66.76,9.62,True,41.18,CLEAR_LOS
3373,50,-64.65,5.36,True,40.02,CLEAR_LOS
3374,50,-66.65,8.05,True,42.2,CLEAR_LOS
3375,50,-63.26,8.59,True,37.72,CLEAR_LOS
3376,50,-68.47,9.41,True,39.98,CLEAR_LOS
3377,50,-66.39,6.28,True,39.85,CLEAR_LOS
3378,50,-75.89,6.25,True,39.98,CLEAR_LOS
3379,50,-74.51,9.72,True,41.92,CLEAR_LOS
3380,50,-68.19,9.3,True,37.51,CLEAR_LOS
3381,50,-67.91,7.21,True,40.48,CLEAR_LOS
3382,50,-59.8,8.27,True,38.72,CLEAR_LOS
3383,50,-70.29,10.29,True,34.86,CLEAR_LOS
3384,50,-67.56,9.19,True,39.52,CLEAR_LOS
3385,50,-73.58,7.48,True,40.83,CLEAR_LOS
3386,50,-68.7,8.7,True,41.25,CLEAR_LOS
3387,50,-67.62,7.86,True,40.08,CLEAR_LOS
3388,50,-64.33,8.23,True,37.16,CLEAR_LOS
3389,50,-67.59,5.51,True,37.46,CLEAR_LOS
3390,50,-69.51,9.25,True,36.95,CLEAR_LOS
3391,50,-65.87,7.85,True,37.68,CLEAR_LOS
3392,50,-62.09,11.26,True,44.75,CLEAR_LOS
3393,50,-71.78,8.45,True,38.45,CLEAR_LOS
3394,50,-65.89,14.49,True,43.76,CLEAR_LOS
3395,50,-72.89,12.42,True,37.63,CLEAR_LOS
3396,50,-64.55,5.69,True,44.15,CLEAR_LOS
3397,50,-67.81,11.98,True,40.69,CLEAR_LOS
3398,50,-75.54,7.08,True,37.48,CLEAR_LOS
3399,50,-66.98,9.08,True,44.03,CLEAR_LOS
3400,50,-72.85,6.11,True,45.33,CLEAR_LOS
3401,50,-70.91,11.56,True,44.36,CLEAR_LOS
3402,50,-64.63,10.48,True,41.42,CLEAR_LOS
3403,50,-65.42,11.81,True,34.3,CLEAR_LOS
3404,50,-68.14,11.5,True,41.1,CLEAR_LOS
3405,50,-65.6,9.26,True,40.41,CLEAR_LOS
3406,50,-59.15,8.15,True,40.33,CLEAR_LOS
3407,50,-68.55,10.07,True,42.19,CLEAR_LOS
3408,50,-65.88,8.87,True,40.38,CLEAR_LOS
3409,50,-65.33,8.19,True,38.23,CLEAR_LOS
3410,50,-66.46,9.02,True,44.14,CLEAR_LOS
3411,50,-67.55,10.88,True,47.13,CLEAR_LOS
3412,50,-59.6,8.34,True,44.48,CLEAR_LOS
3413,50,-69.29,6.93,True,40.65,CLEAR_LOS
3414,50,-69.92,9.37,True,34.29,CLEAR_LOS
3415,50,-71.44,8.59,True,40.64,CLEAR_LOS
3416,50,-66.19,10.33,True,45.7,CLEAR_LOS
3417,50,-65.57,12.83,True,39.3,CLEAR_LOS
3418,50,-67.83,7.97,True,44.14,CLEAR_LOS
3419,50,-63.09,8.35,True,39.93,CLEAR_LOS
3420,50,-71.6,10.55,True,37.73,CLEAR_LOS
3421,50,-63.33,7.79,True,38.79,CLEAR_LOS
3422,50,-56.97,7.85,True,40.49,CLEAR_LOS
3423,50,-68.5,5.98,True,42.37,CLEAR_LOS
3424,50,-62.72,9.96,True,38.64,CLEAR_LOS
3425,50,-70.54,8.14,True,32.22,CLEAR_LOS
3426,50,-65.86,8.25,True,39.98,CLEAR_LOS
3427,50,-65.09,8.49,True,42.35,CLEAR_LOS
3428,50,-59.13,9.06,True,40.1,CLEAR_LOS
3429,50,-61.6,8.97,True,38.41,CLEAR_LOS
3430,50,-65.6,10.55,True,41.5,CLEAR_LOS
3431,50,-65.62,13.94,True,32.39,CLEAR_LOS
3432,50,-62.24,8.35,True,40.25,CLEAR_LOS
3433,50,-65.38,8.46,True,43.03,CLEAR_LOS
3434,50,-66.6,8.83,True,44.92,CLEAR_LOS
3435,50,-64.59,10.37,True,31.89,CLEAR_LOS
3436,50,-70.17,7.66,True,37.39,CLEAR_LOS
3437,50,-69.61,11.15,True,41.15,CLEAR_LOS
3438,50,-69.09,11.71,True,41.83,CLEAR_LOS
3439,50,-62.83,9.27,True,45.93,CLEAR_LOS
3440,50,-69.8,13.38,True,34.94,CLEAR_LOS
3441,50,-62.01,7.38,True,40.36,CLEAR_LOS
3442,50,-71.57,10.45,True,42.98,CLEAR_LOS
3443,50,-64.97,8.84,True,43.65,CLEAR_LOS
3444,50,-67.03,7.75,True,38.98,CLEAR_LOS
3445,50,-69.38,7.85,True,40.94,CLEAR_LOS
3446,50,-68.38,8.92,True,37.43,CLEAR_LOS
3447,50,-65.66,9.03,True,41.52,CLEAR_LOS
3448,50,-70.24,8.46,True,47.59,CLEAR_LOS
3449,50,-74.89,10.01,True,36.57,CLEAR_LOS
3450,50,-68.27,9.06,True,41.4,CLEAR_LOS
3451,50,-68.67,9.78,True,39.45,CLEAR_LOS
3452,50,-65.74,10.82,True,42.63,CLEAR_LOS
3453,50,-64.63,11.36,True,42.45,CLEAR_LOS
3454,50,-63.88,7.54,True,39.9,CLEAR_LOS
3455,50,-66.35,7.83,True,43.82,CLEAR_LOS
3456,50,-64.68,6.54,True,37.19,CLEAR_LOS
3457,50,-65.34,9.94,True,40.48,CLEAR_LOS
3458,50,-69.55,7.38,True,41.92,CLEAR_LOS
3459,50,-69.57,7.95,True,42.23,CLEAR_LOS
3460,50,-69.31,8.18,True,41.04,CLEAR_LOS
3461,50,-66.62,11.21,True,40.92,CLEAR_LOS
3462,50,-67.34,11.53,True,44.31,CLEAR_LOS
3463,50,-69.72,11.63,True,42.9,CLEAR_LOS
3464,50,-69.08,14.81,True,40.04,CLEAR_LOS
3465,50,-67.4,8.33,True,43.57,CLEAR_LOS
3466,50,-68.92,9.43,True,43.71,CLEAR_LOS
3467,50,-61.87,13.55,True,40.96,CLEAR_LOS
3468,50,-65.78,8.77,True,38.25,CLEAR_LOS
3469,50,-62.18,7.37,True,38.29,CLEAR_LOS
3470,50,-65.66,6.57,True,34.6,CLEAR_LOS
3471,50,-66.49,9.22,True,38.96,CLEAR_LOS
3472,50,-64.47,6.75,True,38.97,CLEAR_LOS
3473,50,-71.38,5.05,True,42.33,CLEAR_LOS
3474,50,-70.77,8.38,True,45.13,CLEAR_LOS
3475,50,-72.68,6.08,True,42.93,CLEAR_LOS
3476,50,-65.61,10.84,True,45.16,CLEAR_LOS
3477,50,-66.37,13.29,True,46.79,CLEAR_LOS
3478,50,-65.05,9.37,True,43.23,CLEAR_LOS
3479,50,-66.88,14.58,True,42.96,CLEAR_LOS
3480,50,-69.7,13.99,True,40.74,CLEAR_LOS
3481,50,-67.0,8.57,True,39.54,CLEAR_LOS
3482,50,-71.38,7.95,True,41.44,CLEAR_LOS
3483,50,-66.11,8.62,True,44.58,CLEAR_LOS
3484,50,-62.15,10.98,True,39.33,CLEAR_LOS
3485,50,-62.8,9.46,True,42.36,CLEAR_LOS
3486,50,-62.03,11.15,True,39.75,CLEAR_LOS
3487,50,-62.16,12.3,True,40.39,CLEAR_LOS
3488,50,-70.23,9.55,True,38.34,CLEAR_LOS
3489,50,-64.23,10.03,True,42.49,CLEAR_LOS
3490,50,-72.53,11.51,True,43.35,CLEAR_LOS
3491,50,-69.17,10.6,True,42.81,CLEAR_LOS
3492,50,-63.97,5.05,True,37.79,CLEAR_LOS
3493,50,-68.29,10.77,True,42.15,CLEAR_LOS
3494,50,-67.81,13.39,True,40.17,CLEAR_LOS
3495,50,-68.26,10.78,True,42.02,CLEAR_LOS
3496,50,-67.23,11.08,True,41.02,CLEAR_LOS
3497,50,-70.94,10.4,True,39.76,CLEAR_LOS
3498,50,-61.4,10.38,True,43.94,CLEAR_LOS
3499,50,-68.82,10.14,True,42.31,CLEAR_LOS
3500,50,-69.53,12.76,True,43.37,CLEAR_LOS
3501,50,-69.25,11.36,True,41.88,CLEAR_LOS
3502,50,-68.25,9.72,True,48.48,CLEAR_LOS
3503,50,-68.35,9.33,True,42.0,CLEAR_LOS
3504,50,-64.48,7.84,True,43.23,CLEAR_LOS
3505,50,-68.2,10.92,True,44.72,CLEAR_LOS
3506,50,-71.38,9.82,True,46.74,CLEAR_LOS
3507,50,-69.84,10.82,True,38.5,CLEAR_LOS
3508,50,-65.33,9.85,True,36.16,CLEAR_LOS
3509,50,-68.2,9.44,True,48.25,CLEAR_LOS
3510,50,-61.85,7.63,True,37.01,CLEAR_LOS
3511,50,-62.52,11.82,True,39.2,CLEAR_LOS
3512,50,-59.82,9.54,True,38.85,CLEAR_LOS
3513,50,-66.77,7.61,True,43.06,CLEAR_LOS
3514,50,-68.92,8.51,True,44.61,CLEAR_LOS
3515,50,-67.59,10.68,True,41.53,CLEAR_LOS
3516,50,-73.49,9.52,True,37.98,CLEAR_LOS
3517,50,-68.01,9.93,True,39.83,CLEAR_LOS
3518,50,-66.14,9.03,True,39.34,CLEAR_LOS
3519,50,-59.45,10.68,True,43.86,CLEAR_LOS
3520,50,-60.81,9.9,True,34.52,CLEAR_LOS
3521,50,-66.2,4.95,True,46.28,CLEAR_LOS
3522,50,-64.06,10.45,True,34.79,CLEAR_LOS
3523,50,-70.17,12.16,True,39.2,CLEAR_LOS
3524,50,-63.77,11.8,True,41.61,CLEAR_LOS
3525,50,-66.28,8.86,True,40.66,CLEAR_LOS
3526,50,-68.91,9.35,True,35.81,CLEAR_LOS
3527,50,-61.17,6.74,True,34.89,CLEAR_LOS
3528,50,-65.48,8.61,True,47.91,CLEAR_LOS
3529,50,-66.84,10.8,True,46.43,CLEAR_LOS
3530,50,-69.81,12.52,True,40.14,CLEAR_LOS
3531,50,-62.09,12.93,True,43.42,CLEAR_LOS
3532,50,-64.05,11.61,True,38.83,CLEAR_LOS
3533,50,-64.84,10.43,True,41.36,CLEAR_LOS
3534,50,-65.27,7.63,True,42.57,CLEAR_LOS
3535,50,-75.43,10.87,True,43.17,CLEAR_LOS
3536,50,-66.34,9.26,True,46.51,CLEAR_LOS
3537,50,-68.17,12.59,True,47.15,CLEAR_LOS
3538,50,-64.88,9.17,True,40.46,CLEAR_LOS
3539,50,-71.43,8.99,True,32.68,CLEAR_LOS
3540,50,-66.21,10.42,True,43.96,CLEAR_LOS
3541,50,-62.96,9.63,True,39.72,CLEAR_LOS
3542,50,-67.57,12.23,True,43.11,CLEAR_LOS
3543,50,-62.89,6.31,True,41.88,CLEAR_LOS
3544,50,-67.47,10.12,True,45.7,CLEAR_LOS
3545,50,-68.44,11.61,True,33.25,CLEAR_LOS
3546,50,-73.68,11.93,True,37.44,CLEAR_LOS
3547,50,-68.21,5.96,True,41.62,CLEAR_LOS
3548,50,-69.15,10.11,True,40.7,CLEAR_LOS
3549,50,-68.21,6.9,True,40.8,CLEAR_LOS
3550,50,-71.01,10.33,True,44.09,CLEAR_LOS
3551,50,-73.04,8.98,True,45.7,CLEAR_LOS
3552,50,-71.89,11.49,True,39.32,CLEAR_LOS
3553,50,-64.08,9.46,True,36.89,CLEAR_LOS
3554,50,-64.51,9.93,True,42.27,CLEAR_LOS
3555,50,-62.63,12.08,True,44.19,CLEAR_LOS
3556,50,-66.37,10.83,True,47.43,CLEAR_LOS
3557,50,-63.7,8.7,True,36.01,CLEAR_LOS
3558,50,-69.23,7.69,True,46.52,CLEAR_LOS
3559,50,-68.24,9.41,True,43.57,CLEAR_LOS
3560,50,-59.59,10.14,True,35.98,CLEAR_LOS
3561,50,-63.86,5.76,True,44.36,CLEAR_LOS
3562,50,-63.19,10.99,True,41.08,CLEAR_LOS
3563,50,-64.3,8.67,True,36.49,CLEAR_LOS
3564,50,-63.77,8.45,True,42.76,CLEAR_LOS
3565,50,-66.7,10.64,True,39.89,CLEAR_LOS
3566,50,-64.5,11.22,True,36.77,CLEAR_LOS
3567,50,-56.88,7.04,True,40.5,CLEAR_LOS
3568,50,-72.34,11.25,True,38.99,CLEAR_LOS
3569,50,-67.47,8.96,True,38.18,CLEAR_LOS
3570,50,-65.5,9.64,True,38.21,CLEAR_LOS
3571,50,-65.18,6.68,True,39.36,CLEAR_LOS
3572,50,-66.59,10.7,True,40.78,CLEAR_LOS
3573,50,-64.59,12.52,True,38.57,CLEAR_LOS
3574,50,-63.84,10.56,True,47.48,CLEAR_LOS
3575,50,-72.82,8.97,True,47.84,CLEAR_LOS
3576,50,-62.97,8.57,True,41.99,CLEAR_LOS
3577,50,-68.19,6.31,True,39.09,CLEAR_LOS
3578,50,-64.82,7.97,True,45.29,CLEAR_LOS
3579,50,-70.14,8.1,True,46.09,CLEAR_LOS
3580,50,-70.79,11.2,True,41.4,CLEAR_LOS
3581,50,-72.09,8.13,True,41.93,CLEAR_LOS
3582,50,-68.15,9.08,True,34.11,CLEAR_LOS
3583,50,-67.66,9.42,True,41.97,CLEAR_LOS
3584,50,-69.4,11.92,True,38.39,CLEAR_LOS
3585,50,-65.95,10.62,True,41.05,CLEAR_LOS
3586,50,-61.3,8.71,True,45.92,CLEAR_LOS
3587,50,-63.67,8.08,True,29.79,CLEAR_LOS
3588,50,-62.08,6.95,True,36.53,CLEAR_LOS
3589,50,-68.26,10.08,True,46.05,CLEAR_LOS
3590,50,-66.07,8.75,True,41.6,CLEAR_LOS
3591,50,-66.36,10.09,True,45.83,CLEAR_LOS
3592,50,-68.86,12.25,True,42.33,CLEAR_LOS
3593,50,-71.15,13.21,True,39.27,CLEAR_LOS
3594,50,-70.53,10.16,True,33.02,CLEAR_LOS
3595,50,-66.91,8.42,True,37.7,CLEAR_LOS
3596,50,-68.3,8.98,True,47.75,CLEAR_LOS
3597,50,-68.5,9.48,True,40.43,CLEAR_LOS
3598,50,-64.51,9.51,True,40.16,CLEAR_LOS
3599,50,-68.44,7.7,True,43.4,CLEAR_LOS
3600,50,-65.64,11.71,True,42.72,CLEAR_LOS
3601,50,-64.62,9.49,True,43.64,CLEAR_LOS
3602,50,-71.54,8.35,True,38.59,CLEAR_LOS
3603,50,-63.02,9.42,True,36.77,CLEAR_LOS
3604,50,-66.68,8.62,True,46.48,CLEAR_LOS
3605,50,-66.33,9.8,True,36.5,CLEAR_LOS
3606,50,-71.22,9.71,True,38.55,CLEAR_LOS
3607,50,-65.99,9.23,True,43.74,CLEAR_LOS
3608,50,-62.69,7.07,True,47.04,CLEAR_LOS
3609,50,-64.77,8.85,True,41.12,CLEAR_LOS
3610,50,-67.85,7.64,True,42.22,CLEAR_LOS
3611,50,-65.81,10.73,True,48.55,CLEAR_LOS
3612,50,-67.97,9.18,True,41.98,CLEAR_LOS
3613,50,-60.88,9.51,True,41.77,CLEAR_LOS
3614,50,-69.82,8.5,True,39.28,CLEAR_LOS
3615,50,-65.44,9.83,True,44.43,CLEAR_LOS
3616,50,-74.53,9.36,True,36.07,CLEAR_LOS
3617,50,-61.85,8.68,True,45.56,CLEAR_LOS
3618,50,-69.15,7.76,True,41.84,CLEAR_LOS
3619,50,-67.35,9.55,True,40.28,CLEAR_LOS
3620,50,-59.61,6.62,True,39.22,CLEAR_LOS
3621,50,-67.73,8.98,True,36.55,CLEAR_LOS
3622,50,-66.1,9.18,True,44.22,CLEAR_LOS
3623,50,-73.81,12.04,True,44.4,CLEAR_LOS
3624,50,-65.04,6.81,True,40.3,CLEAR_LOS
3625,50,-66.88,8.68,True,44.7,CLEAR_LOS
3626,50,-70.49,11.81,True,37.82,CLEAR_LOS
3627,50,-67.53,8.89,True,43.48,CLEAR_LOS
3628,50,-66.42,12.22,True,39.93,CLEAR_LOS
3629,50,-67.17,7.31,True,36.92,CLEAR_LOS
3630,50,-64.2,10.15,True,43.57,CLEAR_LOS
3631,50,-61.53,9.16,True,41.35,CLEAR_LOS
3632,50,-68.38,12.32,True,33.75,CLEAR_LOS
3633,50,-69.71,7.72,True,40.77,CLEAR_LOS
3634,50,-72.92,10.71,True,41.06,CLEAR_LOS
3635,50,-65.02,9.04,True,48.49,CLEAR_LOS
3636,50,-75.41,11.15,True,37.32,CLEAR_LOS
3637,50,-65.32,10.05,True,42.32,CLEAR_LOS
3638,50,-68.0,7.28,True,44.27,CLEAR_LOS
3639,50,-67.38,14.9,True,37.23,CLEAR_LOS
3640,50,-57.05,8.85,True,42.43,CLEAR_LOS
3641,50,-69.4,9.64,True,46.26,CLEAR_LOS
3642,50,-68.94,10.72,True,38.07,CLEAR_LOS
3643,50,-65.11,10.0,True,39.97,CLEAR_LOS
3644,50,-60.4,7.78,True,37.37,CLEAR_LOS
3645,50,-67.36,10.17,True,44.66,CLEAR_LOS
3646,50,-71.68,8.73,True,40.55,CLEAR_LOS
3647,50,-64.18,7.61,True,42.49,CLEAR_LOS
3648,50,-67.8,11.86,True,44.61,CLEAR_LOS
3649,50,-65.26,10.35,True,35.73,CLEAR_LOS
3650,50,-63.7,7.17,True,40.55,CLEAR_LOS
3651,50,-68.67,7.74,True,42.4,CLEAR_LOS
3652,50,-71.5,7.57,True,43.27,CLEAR_LOS
3653,50,-73.71,9.07,True,44.78,CLEAR_LOS
3654,50,-69.49,8.79,True,49.09,CLEAR_LOS
3655,50,-65.46,8.46,True,41.47,CLEAR_LOS
3656,50,-69.16,9.66,True,34.34,CLEAR_LOS
3657,50,-69.14,6.76,True,44.36,CLEAR_LOS
3658,50,-63.41,6.24,True,44.37,CLEAR_LOS
3659,50,-65.0,7.95,True,48.29,CLEAR_LOS
3660,50,-71.69,10.69,True,34.37,CLEAR_LOS
3661,50,-60.96,8.73,True,42.17,CLEAR_LOS
3662,50,-68.98,8.1,True,40.68,CLEAR_LOS
3663,50,-64.54,9.36,True,42.56,CLEAR_LOS
3664,50,-69.37,11.19,True,42.88,CLEAR_LOS
3665,50,-72.1,9.77,True,42.55,CLEAR_LOS
3666,50,-70.6,10.45,True,44.3,CLEAR_LOS
3667,50,-71.25,10.84,True,39.45,CLEAR_LOS
3668,50,-62.58,13.04,True,39.59,CLEAR_LOS
3669,50,-71.74,11.62,True,50.27,CLEAR_LOS
3670,50,-69.22,11.94,True,35.66,CLEAR_LOS
3671,50,-64.23,6.62,True,43.44,CLEAR_LOS
3672,50,-72.04,10.45,True,43.39,CLEAR_LOS
3673,50,-69.63,8.6,True,40.74,CLEAR_LOS
3674,50,-66.71,8.81,True,41.36,CLEAR_LOS
3675,50,-72.81,8.94,True,39.99,CLEAR_LOS
3676,50,-62.95,9.06,True,39.13,CLEAR_LOS
3677,50,-71.03,9.31,True,38.77,CLEAR_LOS
3678,50,-67.9,8.26,True,39.96,CLEAR_LOS
3679,50,-64.29,8.17,True,43.86,CLEAR_LOS
3680,50,-64.6,10.77,True,43.8,CLEAR_LOS
3681,50,-73.53,5.05,True,41.93,CLEAR_LOS
3682,50,-71.94,8.9,True,42.63,CLEAR_LOS
3683,50,-72.44,11.63,True,35.78,CLEAR_LOS
3684,50,-71.15,9.31,True,40.89,CLEAR_LOS
3685,50,-65.28,6.03,True,47.83,CLEAR_LOS
3686,50,-68.5,11.1,True,45.23,CLEAR_LOS
3687,50,-68.13,7.79,True,39.75,CLEAR_LOS
3688,50,-70.48,7.43,True,47.14,CLEAR_LOS
3689,50,-63.39,9.67,True,45.35,CLEAR_LOS
3690,50,-64.17,8.9,True,44.16,CLEAR_LOS
3691,50,-62.05,11.97,True,45.94,CLEAR_LOS
3692,50,-62.93,12.64,True,43.95,CLEAR_LOS
3693,50,-69.81,11.53,True,40.86,CLEAR_LOS
3694,50,-63.88,10.23,True,41.55,CLEAR_LOS
3695,50,-70.55,8.04,True,40.96,CLEAR_LOS
3696,50,-67.37,7.83,True,35.46,CLEAR_LOS
3697,50,-68.96,13.83,True,42.87,CLEAR_LOS
3698,50,-68.96,12.17,True,39.82,CLEAR_LOS
3699,50,-56.91,8.71,True,41.84,CLEAR_LOS
3700,50,-64.23,10.29,True,46.1,CLEAR_LOS
3701,50,-65.33,7.92,True,47.16,CLEAR_LOS
3702,50,-74.45,8.57,True,40.02,CLEAR_LOS
3703,50,-66.95,6.11,True,43.11,CLEAR_LOS
3704,50,-68.87,8.77,True,40.43,CLEAR_LOS
3705,50,-68.88,9.4,True,36.03,CLEAR_LOS
3706,50,-67.15,7.65,True,46.23,CLEAR_LOS
3707,50,-62.32,11.82,True,41.05,CLEAR_LOS
3708,50,-66.91,11.9,True,42.53,CLEAR_LOS
3709,50,-68.49,11.05,True,35.91,CLEAR_LOS
3710,50,-67.27,8.82,True,42.78,CLEAR_LOS
3711,50,-64.42,9.09,True,39.33,CLEAR_LOS
3712,50,-65.86,12.65,True,44.47,CLEAR_LOS
3713,50,-64.45,6.01,True,37.68,CLEAR_LOS
3714,50,-68.35,4.87,True,40.37,CLEAR_LOS
3715,50,-66.71,10.06,True,39.27,CLEAR_LOS
3716,50,-63.02,10.15,True,38.05,CLEAR_LOS
3717,50,-65.31,11.06,True,35.98,CLEAR_LOS
3718,50,-66.43,7.85,True,38.86,CLEAR_LOS
3719,50,-65.93,10.78,True,46.67,CLEAR_LOS
3720,50,-66.7,10.83,True,43.51,CLEAR_LOS
3721,50,-68.78,9.99,True,42.38,CLEAR_LOS
3722,50,-62.96,7.46,True,40.55,CLEAR_LOS
3723,50,-69.48,9.4,True,45.69,CLEAR_LOS
3724,50,-71.41,9.57,True,37.73,CLEAR_LOS
3725,50,-71.59,14.65,True,48.68,CLEAR_LOS
3726,50,-65.73,8.02,True,41.62,CLEAR_LOS
3727,50,-71.23,10.62,True,40.2,CLEAR_LOS
3728,50,-69.14,7.33,True,43.17,CLEAR_LOS
3729,50,-58.46,9.85,True,40.65,CLEAR_LOS
3730,50,-62.91,15.33,True,37.45,CLEAR_LOS
3731,50,-67.49,9.97,True,39.01,CLEAR_LOS
3732,50,-69.5,6.86,True,33.47,CLEAR_LOS
3733,50,-67.84,9.34,True,42.11,CLEAR_LOS
3734,50,-71.15,7.99,True,41.92,CLEAR_LOS
3735,50,-62.59,6.49,True,41.19,CLEAR_LOS
3736,50,-69.55,8.62,True,44.32,CLEAR_LOS
3737,50,-61.05,6.46,True,46.86,CLEAR_LOS
3738,50,-64.76,6.36,True,45.16,CLEAR_LOS
3739,50,-68.44,8.23,True,38.67,CLEAR_LOS
3740,50,-67.23,8.05,True,39.47,CLEAR_LOS
3741,50,-69.97,10.2,True,50.35,CLEAR_LOS
3742,50,-61.95,9.94,True,40.5,CLEAR_LOS
3743,50,-67.74,7.67,True,42.72,CLEAR_LOS
3744,50,-63.07,9.32,True,35.99,CLEAR_LOS
3745,50,-70.1,6.97,True,43.41,CLEAR_LOS
3746,50,-70.82,10.38,True,45.66,CLEAR_LOS
3747,50,-67.24,7.07,True,40.5,CLEAR_LOS
3748,50,-69.13,9.58,True,37.48,CLEAR_LOS
3749,50,-60.3,10.64,True,41.63,CLEAR_LOS
3750,50,-71.82,14.1,True,42.82,CLEAR_LOS
3751,100,-77.38,14.59,True,39.19,OBSTRUCTED
3752,100,-80.62,12.98,True,41.93,OBSTRUCTED
3753,100,-79.73,9.77,True,39.89,OBSTRUCTED
3754,100,-73.43,7.3,True,36.1,OBSTRUCTED
3755,100,-75.55,5.22,True,45.47,OBSTRUCTED
3756,100,-80.04,7.16,True,47.54,OBSTRUCTED
3757,100,-73.87,7.89,True,41.44,OBSTRUCTED
3758,100,-82.32,7.17,True,35.49,OBSTRUCTED
3759,100,-72.14,6.71,True,43.65,OBSTRUCTED
3760,100,-80.84,6.74,True,39.88,OBSTRUCTED
3761,100,-74.21,4.64,True,44.04,OBSTRUCTED
3762,100,-72.7,4.12,True,39.82,OBSTRUCTED
3763,100,-82.07,5.09,True,40.03,OBSTRUCTED
3764,100,-77.82,6.25,True,47.93,OBSTRUCTED
3765,100,-78.14,8.56,True,43.89,OBSTRUCTED
3766,100,-74.29,10.02,True,43.76,OBSTRUCTED
3767,100,-77.69,7.3,True,43.34,OBSTRUCTED
3768,100,-74.65,9.19,True,41.48,OBSTRUCTED
3769,100,-82.75,7.74,True,42.45,OBSTRUCTED
3770,100,-76.4,5.8,True,44.71,OBSTRUCTED
3771,100,-83.07,6.53,True,42.72,OBSTRUCTED
3772,100,-71.92,3.92,True,41.96,OBSTRUCTED
3773,100,-74.12,5.18,True,35.67,OBSTRUCTED
3774,100,-75.78,5.47,True,47.76,OBSTRUCTED
3775,100,-76.48,6.2,True,41.07,OBSTRUCTED
3776,100,-79.58,7.2,True,41.97,OBSTRUCTED
3777,100,-73.98,6.41,True,39.24,OBSTRUCTED
3778,100,-81.99,10.48,True,43.4,OBSTRUCTED
3779,100,-86.37,11.15,True,41.55,OBSTRUCTED
3780,100,-82.06,5.28,True,41.59,OBSTRUCTED
3781,100,-75.35,6.31,True,40.95,OBSTRUCTED
3782,100,-83.47,13.01,True,42.08,OBSTRUCTED
3783,100,-79.91,6.6,True,41.07,OBSTRUCTED
3784,100,-75.76,6.52,True,39.33,OBSTRUCTED
3785,100,-79.01,4.17,True,46.79,OBSTRUCTED
3786,100,-75.48,9.26,True,33.04,OBSTRUCTED
3787,100,-76.77,4.73,True,45.76,OBSTRUCTED
3788,100,-76.86,5.13,True,45.07,OBSTRUCTED
3789,100,-74.01,3.89,True,37.17,OBSTRUCTED
3790,100,-79.88,5.86,True,43.87,OBSTRUCTED
3791,100,-81.83,6.94,True,40.08,OBSTRUCTED
3792,100,-72.31,4.89,True,32.03,OBSTRUCTED
3793,100,-74.12,8.5,True,40.32,OBSTRUCTED
3794,100,-78.33,3.23,True,40.48,OBSTRUCTED
3795,100,-78.76,8.41,True,40.11,OBSTRUCTED
3796,100,-82.72,6.14,True,47.02,OBSTRUCTED
3797,100,-74.9,9.09,True,41.23,OBSTRUCTED
3798,100,-78.3,7.67,True,43.37,OBSTRUCTED
3799,100,-76.97,6.91,True,39.56,OBSTRUCTED
3800,100,-78.68,3.66,True,42.76,OBSTRUCTED
3801,100,-78.71,8.61,True,39.58,OBSTRUCTED
3802,100,-72.58,4.04,True,44.44,OBSTRUCTED
3803,100,-78.2,6.91,True,46.45,OBSTRUCTED
3804,100,-81.7,7.09,True,45.66,OBSTRUCTED
3805,100,-72.16,8.58,True,38.68,OBSTRUCTED
3806,100,-77.13,9.39,True,44.54,OBSTRUCTED
3807,100,-78.69,6.82,True,39.2,OBSTRUCTED
3808,100,-75.73,5.27,True,41.05,OBSTRUCTED
3809,100,-79.23,7.75,True,30.1,OBSTRUCTED
3810,100,-72.73,9.52,True,45.41,OBSTRUCTED
3811,100,-66.71,6.98,True,39.4,OBSTRUCTED
3812,100,-78.58,6.92,True,45.32,OBSTRUCTED
3813,100,-73.84,6.8,True,39.81,OBSTRUCTED
3814,100,-74.51,5.68,True,43.25,OBSTRUCTED
3815,100,-74.48,7.45,True,39.07,OBSTRUCTED
3816,100,-75.91,7.21,True,43.35,OBSTRUCTED
3817,100,-72.0,8.09,True,44.31,OBSTRUCTED
3818,100,-75.93,7.73,True,38.84,OBSTRUCTED
3819,100,-74.58,7.26,True,45.33,OBSTRUCTED
3820,100,-74.64,8.79,True,44.15,OBSTRUCTED
3821,100,-77.64,7.36,True,39.53,OBSTRUCTED
3822,100,-78.78,7.71,True,39.51,OBSTRUCTED
3823,100,-78.76,4.29,True,40.78,OBSTRUCTED
3824,100,-76.53,8.36,True,45.42,OBSTRUCTED
3825,100,-79.37,5.34,True,48.7,OBSTRUCTED
3826,100,-74.24,6.62,True,46.31,OBSTRUCTED
3827,100,-71.24,8.16,True,36.25,OBSTRUCTED
3828,100,-80.35,3.15,True,45.03,OBSTRUCTED
3829,100,-76.5,6.42,True,36.03,OBSTRUCTED
3830,100,-77.26,6.99,True,42.71,OBSTRUCTED
3831,100,-77.11,8.34,True,41.51,OBSTRUCTED
3832,100,-77.43,6.63,True,46.14,OBSTRUCTED
3833,100,-70.6,5.31,True,42.58,OBSTRUCTED
3834,100,-70.81,5.34,True,48.66,OBSTRUCTED
3835,100,-74.88,7.99,True,40.08,OBSTRUCTED
3836,100,-81.06,2.79,True,42.22,OBSTRUCTED
3837,100,-76.41,6.78,True,37.02,OBSTRUCTED
3838,100,-77.31,8.79,True,44.87,OBSTRUCTED
3839,100,-81.59,7.85,True,39.89,OBSTRUCTED
3840,100,-78.28,9.38,True,38.18,OBSTRUCTED
3841,100,-84.64,6.27,True,42.67,OBSTRUCTED
3842,100,-77.08,5.6,True,41.19,OBSTRUCTED
3843,100,-76.74,7.43,True,33.41,OBSTRUCTED
3844,100,-77.76,7.98,True,42.99,OBSTRUCTED
3845,100,-78.87,6.09,True,49.39,OBSTRUCTED
3846,100,-71.26,3.48,True,39.39,OBSTRUCTED
3847,100,-76.45,6.44,True,46.13,OBSTRUCTED
3848,100,-74.97,6.02,True,46.77,OBSTRUCTED
3849,100,-75.7,7.82,True,42.04,OBSTRUCTED
3850,100,-81.93,6.18,True,41.48,OBSTRUCTED
3851,100,-78.09,6.87,True,39.98,OBSTRUCTED
3852,100,-79.18,7.43,True,44.58,OBSTRUCTED
3853,100,-78.24,7.12,True,39.2,OBSTRUCTED
3854,100,-84.14,4.86,True,39.56,OBSTRUCTED
3855,100,-75.54,7.01,True,40.84,OBSTRUCTED
3856,100,-76.61,6.16,True,48.94,OBSTRUCTED
3857,100,-76.01,6.77,True,41.91,OBSTRUCTED
3858,100,-79.81,8.26,True,40.42,OBSTRUCTED
3859,100,-80.46,7.66,True,43.28,OBSTRUCTED
3860,100,-76.96,9.41,True,41.86,OBSTRUCTED
3861,100,-80.73,5.83,True,39.57,OBSTRUCTED
3862,100,-73.33,7.32,True,36.42,OBSTRUCTED
3863,100,-77.59,6.7,True,38.42,OBSTRUCTED
3864,100,-82.92,6.8,True,39.03,OBSTRUCTED
3865,100,-78.02,7.45,True,40.25,OBSTRUCTED
3866,100,-85.62,7.39,True,39.59,OBSTRUCTED
3867,100,-78.25,5.92,True,39.22,OBSTRUCTED
3868,100,-76.17,5.91,True,45.4,OBSTRUCTED
3869,100,-76.75,6.83,True,47.84,OBSTRUCTED
3870,100,-75.61,9.06,True,36.13,OBSTRUCTED
3871,100,-76.71,1.86,True,45.77,OBSTRUCTED
3872,100,-76.75,4.51,True,48.63,OBSTRUCTED
3873,100,-80.79,5.8,True,41.09,OBSTRUCTED
3874,100,-77.05,8.23,True,41.62,OBSTRUCTED
3875,100,-75.14,4.7,True,42.93,OBSTRUCTED
3876,100,-77.29,9.28,True,35.21,OBSTRUCTED
3877,100,-79.29,3.58,True,40.43,OBSTRUCTED
3878,100,-80.64,5.14,True,43.2,OBSTRUCTED
3879,100,-72.13,7.85,True,37.38,OBSTRUCTED
3880,100,-78.01,7.75,True,41.65,OBSTRUCTED
3881,100,-81.08,8.98,True,39.91,OBSTRUCTED
3882,100,-79.14,4.74,True,36.31,OBSTRUCTED
3883,100,-73.51,7.35,True,37.06,OBSTRUCTED
3884,100,-75.62,6.72,True,36.07,OBSTRUCTED
3885,100,-69.29,6.99,True,38.59,OBSTRUCTED
3886,100,-80.98,11.51,True,40.93,OBSTRUCTED
3887,100,-73.22,7.8,True,40.32,OBSTRUCTED
3888,100,-78.63,8.96,True,41.44,OBSTRUCTED
3889,100,-75.38,6.54,True,38.96,OBSTRUCTED
3890,100,-79.55,5.99,True,37.83,OBSTRUCTED
3891,100,-72.9,4.49,True,42.96,OBSTRUCTED
3892,100,-75.5,4.41,True,39.27,OBSTRUCTED
3893,100,-77.92,9.02,True,44.37,OBSTRUCTED
3894,100,-78.66,5.86,True,36.44,OBSTRUCTED
3895,100,-79.2,8.68,True,35.22,OBSTRUCTED
3896,100,-80.89,4.55,True,40.57,OBSTRUCTED
3897,100,-68.94,9.43,True,39.92,OBSTRUCTED
3898,100,-77.28,6.25,True,38.79,OBSTRUCTED
3899,100,-76.05,8.76,True,43.13,OBSTRUCTED
3900,100,-75.14,3.53,True,41.22,OBSTRUCTED
3901,100,-85.21,6.97,True,43.17,OBSTRUCTED
3902,100,-80.7,8.55,True,43.67,OBSTRUCTED
3903,100,-84.21,6.46,True,36.1,OBSTRUCTED
3904,100,-80.47,1.24,True,40.18,OBSTRUCTED
3905,100,-73.63,9.0,True,36.19,OBSTRUCTED
3906,100,-84.04,8.91,True,47.06,OBSTRUCTED
3907,100,-74.71,9.99,True,42.92,OBSTRUCTED
3908,100,-75.94,12.86,True,47.0,OBSTRUCTED
3909,100,-76.36,5.74,True,45.92,OBSTRUCTED
3910,100,-77.48,8.42,True,40.42,OBSTRUCTED
3911,100,-81.53,7.82,True,43.72,OBSTRUCTED
3912,100,-77.26,7.27,True,43.47,OBSTRUCTED
3913,100,-76.35,8.59,True,42.82,OBSTRUCTED
3914,100,-81.13,5.63,True,39.36,OBSTRUCTED
3915,100,-69.57,7.76,True,47.6,OBSTRUCTED
3916,100,-75.51,5.68,True,44.61,OBSTRUCTED
3917,100,-71.22,10.94,True,39.13,OBSTRUCTED
3918,100,-74.66,7.23,True,46.6,OBSTRUCTED
3919,100,-79.18,6.59,True,38.25,OBSTRUCTED
3920,100,-74.71,8.38,True,44.39,OBSTRUCTED
3921,100,-76.25,5.01,True,44.15,OBSTRUCTED
3922,100,-77.61,7.53,True,38.34,OBSTRUCTED
3923,100,-80.37,5.4,True,44.97,OBSTRUCTED
3924,100,-73.06,5.4,True,43.26,OBSTRUCTED
3925,100,-75.5,5.8,True,46.47,OBSTRUCTED
3926,100,-73.48,6.41,True,39.19,OBSTRUCTED
3927,100,-73.61,4.77,True,45.4,OBSTRUCTED
3928,100,-83.31,5.47,True,39.17,OBSTRUCTED
3929,100,-74.85,6.21,True,46.12,OBSTRUCTED
3930,100,-77.99,6.72,True,39.59,OBSTRUCTED
3931,100,-75.05,3.99,True,45.37,OBSTRUCTED
3932,100,-75.89,5.1,True,41.55,OBSTRUCTED
3933,100,-72.61,5.33,True,42.42,OBSTRUCTED
3934,100,-73.53,8.99,True,39.77,OBSTRUCTED
3935,100,-70.37,9.39,True,39.18,OBSTRUCTED
3936,100,-80.19,6.41,True,43.94,OBSTRUCTED
3937,100,-75.01,9.11,True,42.87,OBSTRUCTED
3938,100,-74.93,6.12,True,41.99,OBSTRUCTED
3939,100,-78.55,4.5,True,37.06,OBSTRUCTED
3940,100,-77.04,5.49,True,46.24,OBSTRUCTED
3941,100,-75.74,6.05,True,42.12,OBSTRUCTED
3942,100,-78.38,8.98,True,42.61,OBSTRUCTED
3943,100,-77.34,11.03,True,34.37,OBSTRUCTED
3944,100,-82.51,9.51,True,45.95,OBSTRUCTED
3945,100,-76.37,7.81,True,36.96,OBSTRUCTED
3946,100,-69.44,5.66,True,38.82,OBSTRUCTED
3947,100,-76.3,6.58,True,41.09,OBSTRUCTED
3948,100,-73.38,3.67,True,38.91,OBSTRUCTED
3949,100,-79.72,6.57,True,37.16,OBSTRUCTED
3950,100,-76.8,4.73,True,44.93,OBSTRUCTED
3951,100,-80.96,7.81,True,42.34,OBSTRUCTED
3952,100,-84.99,5.99,True,41.6,OBSTRUCTED
3953,100,-74.39,9.53,True,41.55,OBSTRUCTED
3954,100,-77.48,6.84,True,43.91,OBSTRUCTED
3955,100,-78.22,3.38,True,46.44,OBSTRUCTED
3956,100,-76.2,5.96,True,48.15,OBSTRUCTED
3957,100,-82.21,9.03,True,41.05,OBSTRUCTED
3958,100,-77.68,6.97,True,37.93,OBSTRUCTED
3959,100,-80.86,6.84,True,34.09,OBSTRUCTED
3960,100,-73.29,7.97,True,40.81,OBSTRUCTED
3961,100,-77.75,8.98,True,43.74,OBSTRUCTED
3962,100,-81.36,7.69,True,42.43,OBSTRUCTED
3963,100,-81.33,11.33,True,41.52,OBSTRUCTED
3964,100,-83.17,6.34,True,37.05,OBSTRUCTED
3965,100,-74.36,7.68,True,40.36,OBSTRUCTED
3966,100,-77.37,5.36,True,44.34,OBSTRUCTED
3967,100,-77.91,4.08,True,45.83,OBSTRUCTED
3968,100,-75.74,5.64,True,41.19,OBSTRUCTED
3969,100,-79.43,8.32,True,51.39,OBSTRUCTED
3970,100,-73.17,7.68,True,39.66,OBSTRUCTED
3971,100,-78.04,5.22,True,42.82,OBSTRUCTED
3972,100,-66.59,8.88,True,40.51,OBSTRUCTED
3973,100,-80.9,10.39,True,41.13,OBSTRUCTED
3974,100,-78.51,11.42,True,42.11,OBSTRUCTED
3975,100,-78.36,11.14,True,47.56,OBSTRUCTED
3976,100,-80.9,9.12,True,40.4,OBSTRUCTED
3977,100,-69.24,6.59,True,50.21,OBSTRUCTED
3978,100,-79.4,12.34,True,39.47,OBSTRUCTED
3979,100,-77.04,7.22,True,36.51,OBSTRUCTED
3980,100,-76.95,7.32,True,40.34,OBSTRUCTED
3981,100,-80.02,7.0,True,45.52,OBSTRUCTED
3982,100,-73.78,6.61,True,41.55,OBSTRUCTED
3983,100,-84.25,7.29,True,40.4,OBSTRUCTED
3984,100,-75.54,7.09,True,42.7,OBSTRUCTED
3985,100,-79.75,6.33,True,46.1,OBSTRUCTED
3986,100,-74.4,8.74,True,43.97,OBSTRUCTED
3987,100,-81.9,7.74,True,39.41,OBSTRUCTED
3988,100,-72.33,7.69,True,30.91,OBSTRUCTED
3989,100,-72.56,4.13,True,45.31,OBSTRUCTED
3990,100,-79.83,11.58,True,36.09,OBSTRUCTED
3991,100,-70.74,7.96,True,43.08,OBSTRUCTED
3992,100,-77.67,9.34,True,38.83,OBSTRUCTED
3993,100,-82.04,12.16,True,39.4,OBSTRUCTED
3994,100,-76.68,4.83,True,38.26,OBSTRUCTED
3995,100,-78.13,7.26,True,43.74,OBSTRUCTED
3996,100,-75.23,5.0,True,42.35,OBSTRUCTED
3997,100,-78.31,7.93,True,43.46,OBSTRUCTED
3998,100,-80.92,8.55,True,32.16,OBSTRUCTED
3999,100,-80.07,5.56,True,35.42,OBSTRUCTED
4000,100,-81.65,8.94,True,43.54,OBSTRUCTED
4001,100,-76.54,4.79,True,44.87,OBSTRUCTED
4002,100,-77.6,7.78,True,44.74,OBSTRUCTED
4003,100,-76.37,8.51,True,42.08,OBSTRUCTED
4004,100,-76.79,8.38,True,40.67,OBSTRUCTED
4005,100,-77.51,5.43,True,40.16,OBSTRUCTED
4006,100,-70.52,7.57,True,39.71,OBSTRUCTED
4007,100,-75.73,7.52,True,40.33,OBSTRUCTED
4008,100,-78.93,5.91,True,46.69,OBSTRUCTED
4009,100,-69.23,5.35,True,44.52,OBSTRUCTED
4010,100,-74.56,4.33,True,44.7,OBSTRUCTED
4011,100,-77.53,7.72,True,38.64,OBSTRUCTED
4012,100,-76.84,9.37,True,42.85,OBSTRUCTED
4013,100,-76.24,5.44,True,40.25,OBSTRUCTED
4014,100,-69.22,10.02,True,43.37,OBSTRUCTED
4015,100,-80.21,5.32,True,37.19,OBSTRUCTED
4016,100,-70.87,9.79,True,42.42,OBSTRUCTED
4017,100,-77.49,7.95,True,46.72,OBSTRUCTED
4018,100,-82.28,7.17,True,44.25,OBSTRUCTED
4019,100,-77.07,8.69,True,39.72,OBSTRUCTED
4020,100,-80.77,4.15,True,48.68,OBSTRUCTED
4021,100,-77.14,7.64,True,40.66,OBSTRUCTED
4022,100,-72.86,6.28,True,40.22,OBSTRUCTED
4023,100,-80.48,6.19,True,40.63,OBSTRUCTED
4024,100,-78.64,10.1,True,41.38,OBSTRUCTED
4025,100,-76.83,5.83,True,36.98,OBSTRUCTED
4026,100,-78.58,4.83,True,42.43,OBSTRUCTED
4027,100,-77.53,9.71,True,43.13,OBSTRUCTED
4028,100,-77.62,7.93,True,43.14,OBSTRUCTED
4029,100,-75.7,6.89,True,40.17,OBSTRUCTED
4030,100,-72.28,4.81,True,43.38,OBSTRUCTED
4031,100,-75.27,7.34,True,39.85,OBSTRUCTED
4032,100,-74.18,8.0,True,36.0,OBSTRUCTED
4033,100,-73.93,3.87,True,44.01,OBSTRUCTED
4034,100,-73.82,8.27,True,43.57,OBSTRUCTED
4035,100,-74.42,8.47,True,43.14,OBSTRUCTED
4036,100,-81.33,4.69,True,37.76,OBSTRUCTED
4037,100,-79.1,9.7,True,41.42,OBSTRUCTED
4038,100,-73.47,4.74,True,40.7,OBSTRUCTED
4039,100,-77.8,4.16,True,36.32,OBSTRUCTED
4040,100,-70.96,8.69,True,40.37,OBSTRUCTED
4041,100,-75.63,6.11,True,37.39,OBSTRUCTED
4042,100,-76.65,9.18,True,40.5,OBSTRUCTED
4043,100,-78.53,4.68,True,46.75,OBSTRUCTED
4044,100,-75.08,6.19,True,40.45,OBSTRUCTED
4045,100,-79.84,5.27,True,32.54,OBSTRUCTED
4046,100,-79.0,7.84,True,40.39,OBSTRUCTED
4047,100,-78.44,8.5,True,38.86,OBSTRUCTED
4048,100,-82.49,6.13,True,42.52,OBSTRUCTED
4049,100,-76.72,3.5,True,36.08,OBSTRUCTED
4050,100,-70.02,7.23,True,44.87,OBSTRUCTED
4051,100,-75.86,4.64,True,39.41,OBSTRUCTED
4052,100,-73.82,5.9,True,43.54,OBSTRUCTED
4053,100,-71.99,4.91,True,44.0,OBSTRUCTED
4054,100,-75.3,6.36,True,45.53,OBSTRUCTED
4055,100,-80.25,7.45,True,36.86,OBSTRUCTED
4056,100,-72.39,6.26,True,39.45,OBSTRUCTED
4057,100,-78.85,8.27,True,39.88,OBSTRUCTED
4058,100,-76.46,6.34,True,44.56,OBSTRUCTED
4059,100,-79.1,5.63,True,40.1,OBSTRUCTED
4060,100,-77.75,6.99,True,43.9,OBSTRUCTED
4061,100,-75.96,5.56,True,37.13,OBSTRUCTED
4062,100,-73.16,7.95,True,47.01,OBSTRUCTED
4063,100,-77.55,10.38,True,44.65,OBSTRUCTED
4064,100,-79.09,1.41,True,38.14,OBSTRUCTED
4065,100,-77.95,4.36,True,44.37,OBSTRUCTED
4066,100,-71.22,7.08,True,42.93,OBSTRUCTED
4067,100,-83.85,6.77,True,41.47,OBSTRUCTED
4068,100,-85.43,8.55,True,43.23,OBSTRUCTED
4069,100,-79.07,5.42,True,39.02,OBSTRUCTED
4070,100,-70.12,6.97,True,35.64,OBSTRUCTED
4071,100,-78.78,8.13,True,45.69,OBSTRUCTED
4072,100,-72.97,10.27,True,39.11,OBSTRUCTED
4073,100,-79.02,9.3,True,40.33,OBSTRUCTED
4074,100,-74.97,6.03,True,42.77,OBSTRUCTED
4075,100,-79.63,5.2,True,42.04,OBSTRUCTED
4076,100,-80.49,8.2,True,42.9,OBSTRUCTED
4077,100,-77.33,8.99,True,38.56,OBSTRUCTED
4078,100,-75.48,4.58,True,43.42,OBSTRUCTED
4079,100,-78.46,5.94,True,35.82,OBSTRUCTED
4080,100,-72.56,7.72,True,42.59,OBSTRUCTED
4081,100,-78.91,10.36,True,40.84,OBSTRUCTED
4082,100,-77.36,8.43,True,40.37,OBSTRUCTED
4083,100,-80.81,7.52,True,43.02,OBSTRUCTED
4084,100,-77.4,6.31,True,44.47,OBSTRUCTED
4085,100,-81.16,7.33,True,49.36,OBSTRUCTED
4086,100,-74.39,6.57,True,41.61,OBSTRUCTED
4087,100,-78.54,7.7,True,43.3,OBSTRUCTED
4088,100,-76.67,13.46,True,44.33,OBSTRUCTED
4089,100,-73.04,9.86,True,39.87,OBSTRUCTED
4090,100,-76.73,8.01,True,45.42,OBSTRUCTED
4091,100,-79.48,8.16,True,39.82,OBSTRUCTED
4092,100,-76.26,7.51,True,42.05,OBSTRUCTED
4093,100,-77.2,7.51,True,40.87,OBSTRUCTED
4094,100,-71.51,7.33,True,45.83,OBSTRUCTED
4095,100,-69.46,5.47,True,43.07,OBSTRUCTED
4096,100,-79.33,7.86,True,47.07,OBSTRUCTED
4097,100,-79.47,8.4,True,41.88,OBSTRUCTED
4098,100,-83.19,6.44,True,36.05,OBSTRUCTED
4099,100,-82.48,9.72,True,39.94,OBSTRUCTED
4100,100,-79.89,7.23,True,45.92,OBSTRUCTED
4101,100,-78.32,4.9,True,44.41,OBSTRUCTED
4102,100,-71.33,9.03,True,43.07,OBSTRUCTED
4103,100,-76.22,3.43,True,40.08,OBSTRUCTED
4104,100,-79.91,5.99,True,45.13,OBSTRUCTED
4105,100,-82.42,3.55,True,39.54,OBSTRUCTED
4106,100,-80.51,0.97,True,40.21,OBSTRUCTED
4107,100,-74.8,6.17,True,44.81,OBSTRUCTED
4108,100,-76.85,8.32,True,41.32,OBSTRUCTED
4109,100,-79.16,9.74,True,32.78,OBSTRUCTED
4110,100,-77.61,6.45,True,45.1,OBSTRUCTED
4111,100,-77.73,2.93,True,45.6,OBSTRUCTED
4112,100,-78.39,8.49,True,40.18,OBSTRUCTED
4113,100,-82.06,6.0,True,43.74,OBSTRUCTED
4114,100,-75.08,7.0,True,50.49,OBSTRUCTED
4115,100,-74.72,5.73,True,39.04,OBSTRUCTED
4116,100,-78.52,11.48,True,35.88,OBSTRUCTED
4117,100,-79.71,7.48,True,35.84,OBSTRUCTED
4118,100,-78.99,7.29,True,40.09,OBSTRUCTED
4119,100,-74.69,7.91,True,48.16,OBSTRUCTED
4120,100,-78.27,7.14,True,46.3,OBSTRUCTED
4121,100,-73.9,6.11,True,41.6,OBSTRUCTED
4122,100,-70.15,5.87,True,37.07,OBSTRUCTED
4123,100,-78.82,8.85,True,41.22,OBSTRUCTED
4124,100,-81.01,5.92,True,36.26,OBSTRUCTED
4125,100,-75.19,9.17,True,37.15,OBSTRUCTED
4126,100,-75.62,3.6,True,36.81,OBSTRUCTED
4127,100,-78.68,4.78,True,46.04,OBSTRUCTED
4128,100,-74.74,12.26,True,42.62,OBSTRUCTED
4129,100,-76.18,5.9,True,43.93,OBSTRUCTED
4130,100,-71.48,7.9,True,42.14,OBSTRUCTED
4131,100,-76.42,2.74,True,45.23,OBSTRUCTED
4132,100,-78.93,5.74,True,36.34,OBSTRUCTED
4133,100,-76.73,5.92,True,39.89,OBSTRUCTED
4134,100,-86.85,7.5,True,41.49,OBSTRUCTED
4135,100,-82.58,8.47,True,41.3,OBSTRUCTED
4136,100,-76.78,6.37,True,43.37,OBSTRUCTED
4137,100,-78.04,7.68,True,44.5,OBSTRUCTED
4138,100,-77.28,5.64,True,42.54,OBSTRUCTED
4139,100,-78.93,7.82,True,36.5,OBSTRUCTED
4140,100,-82.11,8.04,True,45.38,OBSTRUCTED
4141,100,-76.63,5.3,True,40.88,OBSTRUCTED
4142,100,-75.58,7.74,True,40.56,OBSTRUCTED
4143,100,-69.64,7.12,True,39.48,OBSTRUCTED
4144,100,-77.72,5.48,True,44.25,OBSTRUCTED
4145,100,-71.63,3.44,True,42.52,OBSTRUCTED
4146,100,-76.88,6.67,True,42.71,OBSTRUCTED
4147,100,-75.04,10.4,True,45.61,OBSTRUCTED
4148,100,-73.99,7.33,True,33.82,OBSTRUCTED
4149,100,-80.08,7.66,True,47.0,OBSTRUCTED
4150,100,-76.18,6.32,True,39.49,OBSTRUCTED
4151,100,-73.84,10.87,True,46.01,OBSTRUCTED
4152,100,-80.6,6.41,True,40.93,OBSTRUCTED
4153,100,-71.5,8.12,True,42.35,OBSTRUCTED
4154,100,-78.97,6.84,True,36.15,OBSTRUCTED
4155,100,-75.31,9.03,True,40.61,OBSTRUCTED
4156,100,-73.13,5.41,True,47.34,OBSTRUCTED
4157,100,-73.11,8.18,True,46.1,OBSTRUCTED
4158,100,-80.18,6.95,True,44.72,OBSTRUCTED
4159,100,-75.02,8.24,True,40.99,OBSTRUCTED
4160,100,-74.04,8.69,True,35.31,OBSTRUCTED
4161,100,-78.85,9.95,True,39.3,OBSTRUCTED
4162,100,-78.45,8.17,True,39.81,OBSTRUCTED
4163,100,-81.35,9.84,True,42.5,OBSTRUCTED
4164,100,-78.55,6.82,True,37.4,OBSTRUCTED
4165,100,-80.46,6.93,True,41.35,OBSTRUCTED
4166,100,-77.79,10.98,True,45.31,OBSTRUCTED
4167,100,-75.82,7.75,True,40.84,OBSTRUCTED
4168,100,-78.9,6.53,True,44.2,OBSTRUCTED
4169,100,-79.41,5.78,True,47.52,OBSTRUCTED
4170,100,-82.43,7.33,True,45.06,OBSTRUCTED
4171,100,-76.86,9.04,True,41.19,OBSTRUCTED
4172,100,-80.5,9.8,True,40.36,OBSTRUCTED
4173,100,-78.84,5.69,True,36.83,OBSTRUCTED
4174,100,-73.9,7.18,True,47.4,OBSTRUCTED
4175,100,-74.89,7.93,True,42.92,OBSTRUCTED
4176,100,-76.69,7.62,True,47.16,OBSTRUCTED
4177,100,-75.74,7.75,True,43.21,OBSTRUCTED
4178,100,-77.37,5.13,True,45.7,OBSTRUCTED
4179,100,-84.45,4.89,True,40.56,OBSTRUCTED
4180,100,-73.11,7.36,True,37.65,OBSTRUCTED
4181,100,-77.15,4.82,True,41.9,OBSTRUCTED
4182,100,-80.7,6.53,True,36.19,OBSTRUCTED
4183,100,-75.29,7.67,True,39.47,OBSTRUCTED
4184,100,-75.87,6.96,True,38.2,OBSTRUCTED
4185,100,-84.27,8.83,True,40.05,OBSTRUCTED
4186,100,-79.32,4.86,True,41.33,OBSTRUCTED
4187,100,-82.92,6.4,True,42.8,OBSTRUCTED
4188,100,-81.53,8.62,True,42.64,OBSTRUCTED
4189,100,-78.43,10.72,True,47.02,OBSTRUCTED
4190,100,-77.73,5.21,True,42.03,OBSTRUCTED
4191,100,-77.66,7.52,True,43.18,OBSTRUCTED
4192,100,-82.25,8.87,True,39.25,OBSTRUCTED
4193,100,-78.66,8.64,True,41.36,OBSTRUCTED
4194,100,-76.7,8.55,True,43.56,OBSTRUCTED
4195,100,-75.92,6.82,True,40.08,OBSTRUCTED
4196,100,-78.33,6.68,True,39.36,OBSTRUCTED
4197,100,-78.19,8.85,True,38.19,OBSTRUCTED
4198,100,-75.37,4.01,True,37.99,OBSTRUCTED
4199,100,-76.54,8.02,True,44.67,OBSTRUCTED
4200,100,-78.59,4.83,True,45.53,OBSTRUCTED
4201,100,-73.42,6.35,True,39.89,OBSTRUCTED
4202,100,-76.73,8.08,True,39.31,OBSTRUCTED
4203,100,-78.7,8.54,True,44.87,OBSTRUCTED
4204,100,-74.77,7.58,True,41.57,OBSTRUCTED
4205,100,-72.31,5.55,True,42.69,OBSTRUCTED
4206,100,-79.76,7.28,True,36.58,OBSTRUCTED
4207,100,-79.67,5.59,True,38.63,OBSTRUCTED
4208,100,-79.69,10.0,True,43.72,OBSTRUCTED
4209,100,-74.17,3.99,True,40.48,OBSTRUCTED
4210,100,-80.46,4.43,True,45.9,OBSTRUCTED
4211,100,-79.21,10.31,True,42.44,OBSTRUCTED
4212,100,-77.06,7.91,True,40.82,OBSTRUCTED
4213,100,-80.25,8.76,True,44.77,OBSTRUCTED
4214,100,-77.34,6.0,True,45.55,OBSTRUCTED
4215,100,-82.88,4.88,True,37.33,OBSTRUCTED
4216,100,-78.44,9.41,True,38.21,OBSTRUCTED
4217,100,-81.36,6.06,True,42.75,OBSTRUCTED
4218,100,-77.67,7.08,True,43.43,OBSTRUCTED
4219,100,-79.68,7.29,True,44.32,OBSTRUCTED
4220,100,-73.08,6.68,True,39.76,OBSTRUCTED
4221,100,-79.37,5.94,True,39.14,OBSTRUCTED
4222,100,-75.14,10.15,True,46.75,OBSTRUCTED
4223,100,-72.81,8.99,True,42.22,OBSTRUCTED
4224,100,-79.31,7.91,True,40.07,OBSTRUCTED
4225,100,-78.6,3.88,True,38.55,OBSTRUCTED
4226,100,-72.8,7.99,True,42.58,OBSTRUCTED
4227,100,-80.32,4.61,True,45.06,OBSTRUCTED
4228,100,-76.72,10.12,True,43.97,OBSTRUCTED
4229,100,-80.03,8.71,True,41.12,OBSTRUCTED
4230,100,-69.98,7.2,True,35.98,OBSTRUCTED
4231,100,-76.93,7.07,True,42.89,OBSTRUCTED
4232,100,-77.35,7.57,True,45.77,OBSTRUCTED
4233,100,-68.29,9.2,True,42.04,OBSTRUCTED
4234,100,-77.97,8.6,True,42.42,OBSTRUCTED
4235,100,-76.56,4.97,True,43.01,OBSTRUCTED
4236,100,-74.03,5.92,True,40.3,OBSTRUCTED
4237,100,-77.69,6.54,True,44.12,OBSTRUCTED
4238,100,-81.72,5.87,True,36.98,OBSTRUCTED
4239,100,-82.1,8.45,True,39.17,OBSTRUCTED
4240,100,-76.69,6.13,True,41.89,OBSTRUCTED
4241,100,-73.3,8.02,True,43.09,OBSTRUCTED
4242,100,-76.24,6.69,True,37.67,OBSTRUCTED
4243,100,-76.9,7.86,True,40.9,OBSTRUCTED
4244,100,-73.56,5.39,True,41.7,OBSTRUCTED
4245,100,-78.11,10.57,True,42.58,OBSTRUCTED
4246,100,-77.5,6.91,True,44.11,OBSTRUCTED
4247,100,-71.81,5.24,True,43.28,OBSTRUCTED
4248,100,-78.79,6.34,True,35.42,OBSTRUCTED
4249,100,-77.72,6.47,True,34.87,OBSTRUCTED
4250,100,-76.64,4.9,True,43.72,OBSTRUCTED
4251,100,-76.95,6.41,True,39.2,OBSTRUCTED
4252,100,-74.94,8.37,True,44.03,OBSTRUCTED
4253,100,-79.31,5.44,True,42.36,OBSTRUCTED
4254,100,-74.09,8.4,True,41.75,OBSTRUCTED
4255,100,-76.3,8.7,True,40.71,OBSTRUCTED
4256,100,-76.21,7.21,True,41.0,OBSTRUCTED
4257,100,-77.72,7.42,True,45.15,OBSTRUCTED
4258,100,-81.43,11.32,True,46.85,OBSTRUCTED
4259,100,-75.42,5.53,True,41.96,OBSTRUCTED
4260,100,-77.89,5.76,True,48.54,OBSTRUCTED
4261,100,-79.55,4.59,True,44.19,OBSTRUCTED
4262,100,-78.2,4.97,True,47.39,OBSTRUCTED
4263,100,-76.76,11.84,True,42.93,OBSTRUCTED
4264,100,-75.49,4.06,True,45.57,OBSTRUCTED
4265,100,-77.66,8.17,True,42.75,OBSTRUCTED
4266,100,-74.7,4.46,True,42.65,OBSTRUCTED
4267,100,-67.95,5.6,True,42.64,OBSTRUCTED
4268,100,-77.08,9.18,True,42.72,OBSTRUCTED
4269,100,-73.8,4.62,True,41.35,OBSTRUCTED
4270,100,-80.03,4.47,True,43.79,OBSTRUCTED
4271,100,-75.9,9.39,True,40.77,OBSTRUCTED
4272,100,-81.24,8.46,True,41.46,OBSTRUCTED
4273,100,-78.04,6.87,True,47.39,OBSTRUCTED
4274,100,-75.02,8.99,True,44.33,OBSTRUCTED
4275,100,-83.48,8.66,True,33.88,OBSTRUCTED
4276,100,-70.38,8.59,True,35.11,OBSTRUCTED
4277,100,-76.74,6.87,True,31.45,OBSTRUCTED
4278,100,-75.91,8.21,True,41.67,OBSTRUCTED
4279,100,-83.46,4.07,True,36.64,OBSTRUCTED
4280,100,-82.09,5.6,True,42.89,OBSTRUCTED
4281,100,-75.19,6.0,True,41.6,OBSTRUCTED
4282,100,-72.84,6.53,True,39.33,OBSTRUCTED
4283,100,-80.58,4.19,True,41.76,OBSTRUCTED
4284,100,-76.55,7.94,True,48.14,OBSTRUCTED
4285,100,-80.17,8.86,True,42.75,OBSTRUCTED
4286,100,-76.48,5.99,True,39.38,OBSTRUCTED
4287,100,-76.51,5.57,True,42.47,OBSTRUCTED
4288,100,-72.59,4.01,True,37.23,OBSTRUCTED
4289,100,-78.13,10.11,True,42.88,OBSTRUCTED
4290,100,-75.04,9.72,True,43.05,OBSTRUCTED
4291,100,-78.94,7.66,True,36.52,OBSTRUCTED
4292,100,-81.69,5.03,True,45.87,OBSTRUCTED
4293,100,-77.3,6.98,True,42.05,OBSTRUCTED
4294,100,-78.78,4.78,True,47.1,OBSTRUCTED
4295,100,-70.3,7.83,True,36.47,OBSTRUCTED
4296,100,-75.47,5.43,True,38.21,OBSTRUCTED
4297,100,-76.06,4.67,True,38.42,OBSTRUCTED
4298,100,-73.67,6.45,True,33.31,OBSTRUCTED
4299,100,-80.18,6.01,True,39.54,OBSTRUCTED
4300,100,-81.69,5.44,True,45.94,OBSTRUCTED
4301,100,-78.16,6.71,True,45.15,OBSTRUCTED
4302,100,-80.19,6.44,True,44.29,OBSTRUCTED
4303,100,-72.03,8.27,True,42.69,OBSTRUCTED
4304,100,-81.0,12.23,True,31.74,OBSTRUCTED
4305,100,-74.37,6.56,True,45.81,OBSTRUCTED
4306,100,-80.09,6.61,True,45.96,OBSTRUCTED
4307,100,-73.71,11.65,True,41.74,OBSTRUCTED
4308,100,-75.35,9.77,True,44.42,OBSTRUCTED
4309,100,-73.48,3.91,True,39.8,OBSTRUCTED
4310,100,-79.43,2.25,True,45.67,OBSTRUCTED
4311,100,-74.82,5.27,True,34.32,OBSTRUCTED
4312,100,-80.28,10.16,True,37.69,OBSTRUCTED
4313,100,-77.83,5.56,True,36.3,OBSTRUCTED
4314,100,-81.32,7.89,True,47.98,OBSTRUCTED
4315,100,-71.9,6.66,True,41.56,OBSTRUCTED
4316,100,-75.9,9.31,True,43.06,OBSTRUCTED
4317,100,-79.28,3.64,True,37.8,OBSTRUCTED
4318,100,-77.29,8.96,True,38.64,OBSTRUCTED
4319,100,-75.44,5.8,True,40.36,OBSTRUCTED
4320,100,-74.09,4.64,True,45.01,OBSTRUCTED
4321,100,-82.3,3.94,True,46.29,OBSTRUCTED
4322,100,-72.76,3.89,True,40.3,OBSTRUCTED
4323,100,-75.75,6.55,True,38.81,OBSTRUCTED
4324,100,-70.97,5.68,True,40.05,OBSTRUCTED
4325,100,-79.03,7.23,True,47.94,OBSTRUCTED
4326,100,-75.21,6.89,True,49.75,OBSTRUCTED
4327,100,-70.23,7.5,True,38.71,OBSTRUCTED
4328,100,-78.01,9.35,True,39.1,OBSTRUCTED
4329,100,-74.15,5.99,True,39.79,OBSTRUCTED
4330,100,-79.65,8.99,True,39.65,OBSTRUCTED
4331,100,-72.23,8.91,True,41.58,OBSTRUCTED
4332,100,-80.46,6.54,True,34.4,OBSTRUCTED
4333,100,-74.63,5.43,True,32.74,OBSTRUCTED
4334,100,-78.02,6.45,True,37.28,OBSTRUCTED
4335,100,-77.46,6.39,True,41.14,OBSTRUCTED
4336,100,-84.93,5.78,True,41.31,OBSTRUCTED
4337,100,-73.5,8.87,True,39.85,OBSTRUCTED
4338,100,-75.55,6.1,True,40.62,OBSTRUCTED
4339,100,-79.56,5.93,True,43.33,OBSTRUCTED
4340,100,-71.96,6.26,True,39.19,OBSTRUCTED
4341,100,-80.36,9.02,True,36.42,OBSTRUCTED
4342,100,-79.94,10.01,True,43.53,OBSTRUCTED
4343,100,-72.35,9.01,True,36.39,OBSTRUCTED
4344,100,-79.94,5.98,True,34.16,OBSTRUCTED
4345,100,-75.32,7.4,True,43.15,OBSTRUCTED
4346,100,-78.35,6.26,True,38.69,OBSTRUCTED
4347,100,-76.93,5.58,True,43.33,OBSTRUCTED
4348,100,-72.85,6.98,True,45.55,OBSTRUCTED
4349,100,-78.26,3.64,True,46.17,OBSTRUCTED
4350,100,-74.73,6.08,True,45.72,OBSTRUCTED
4351,100,-80.44,8.29,True,37.77,OBSTRUCTED
4352,100,-73.76,1.98,True,43.9,OBSTRUCTED
4353,100,-76.63,1.65,True,46.11,OBSTRUCTED
4354,100,-78.74,8.68,True,38.19,OBSTRUCTED
4355,100,-79.62,9.11,True,40.32,OBSTRUCTED
4356,100,-77.15,5.4,True,38.03,OBSTRUCTED
4357,100,-76.11,9.2,True,42.11,OBSTRUCTED
4358,100,-76.84,8.84,True,40.52,OBSTRUCTED
4359,100,-74.79,6.92,True,42.31,OBSTRUCTED
4360,100,-78.4,4.75,True,42.33,OBSTRUCTED
4361,100,-78.4,8.26,True,44.99,OBSTRUCTED
4362,100,-82.31,6.86,True,37.29,OBSTRUCTED
4363,100,-76.94,1.62,True,37.0,OBSTRUCTED
4364,100,-70.21,4.51,True,36.1,OBSTRUCTED
4365,100,-71.95,9.89,True,39.12,OBSTRUCTED
4366,100,-80.7,8.66,True,46.52,OBSTRUCTED
4367,100,-73.44,6.81,True,43.03,OBSTRUCTED
4368,100,-83.76,6.54,True,41.21,OBSTRUCTED
4369,100,-77.78,7.02,True,36.96,OBSTRUCTED
4370,100,-79.2,6.27,True,41.56,OBSTRUCTED
4371,100,-72.18,5.42,True,39.99,OBSTRUCTED
4372,100,-77.52,6.26,True,45.31,OBSTRUCTED
4373,100,-78.88,1.6,True,36.33,OBSTRUCTED
4374,100,-76.59,10.38,True,39.65,OBSTRUCTED
4375,100,-82.37,5.64,True,37.39,OBSTRUCTED
4376,100,-78.84,4.66,True,43.68,OBSTRUCTED
4377,100,-79.38,9.86,True,44.4,OBSTRUCTED
4378,100,-67.85,5.28,True,43.86,OBSTRUCTED
4379,100,-72.72,6.11,True,36.25,OBSTRUCTED
4380,100,-82.14,6.67,True,40.81,OBSTRUCTED
4381,100,-74.55,5.58,True,43.11,OBSTRUCTED
4382,100,-76.7,5.39,True,43.0,OBSTRUCTED
4383,100,-79.85,7.4,True,40.07,OBSTRUCTED
4384,100,-73.46,6.74,True,44.47,OBSTRUCTED
4385,100,-81.38,5.84,True,33.56,OBSTRUCTED
4386,100,-72.99,7.56,True,40.15,OBSTRUCTED
4387,100,-82.44,8.47,True,43.38,OBSTRUCTED
4388,100,-79.66,10.8,True,40.48,OBSTRUCTED
4389,100,-76.99,3.41,True,40.18,OBSTRUCTED
4390,100,-78.34,5.05,True,38.29,OBSTRUCTED
4391,100,-71.37,9.86,True,42.2,OBSTRUCTED
4392,100,-73.36,8.28,True,49.75,OBSTRUCTED
4393,100,-82.5,7.24,True,42.51,OBSTRUCTED
4394,100,-88.11,7.38,True,38.76,OBSTRUCTED
4395,100,-88.83,5.08,True,43.05,OBSTRUCTED
4396,100,-81.07,5.25,True,37.17,OBSTRUCTED
4397,100,-83.02,3.17,True,37.45,OBSTRUCTED
4398,100,-77.81,3.92,True,43.61,OBSTRUCTED
4399,100,-72.6,11.5,True,35.33,OBSTRUCTED
4400,100,-78.51,6.75,True,40.94,OBSTRUCTED
4401,100,-75.41,6.62,True,41.48,OBSTRUCTED
4402,100,-74.79,8.57,True,47.16,OBSTRUCTED
4403,100,-71.85,4.78,True,45.32,OBSTRUCTED
4404,100,-81.33,8.14,True,41.38,OBSTRUCTED
4405,100,-76.84,2.93,True,42.16,OBSTRUCTED
4406,100,-79.93,7.78,True,39.24,OBSTRUCTED
4407,100,-72.64,2.86,True,41.42,OBSTRUCTED
4408,100,-76.77,9.72,True,39.34,OBSTRUCTED
4409,100,-86.32,7.7,True,43.14,OBSTRUCTED
4410,100,-77.15,5.79,True,40.55,OBSTRUCTED
4411,100,-74.07,9.29,True,43.93,OBSTRUCTED
4412,100,-71.94,6.75,True,42.77,OBSTRUCTED
4413,100,-73.56,8.52,True,44.15,OBSTRUCTED
4414,100,-73.41,6.9,True,41.83,OBSTRUCTED
4415,100,-78.54,7.6,True,33.1,OBSTRUCTED
4416,100,-70.15,8.45,True,44.77,OBSTRUCTED
4417,100,-78.5,4.51,True,39.65,OBSTRUCTED
4418,100,-71.94,10.39,True,37.42,OBSTRUCTED
4419,100,-75.81,8.21,True,36.53,OBSTRUCTED
4420,100,-72.65,3.92,True,41.21,OBSTRUCTED
4421,100,-79.82,4.95,True,39.85,OBSTRUCTED
4422,100,-75.49,6.47,True,44.46,OBSTRUCTED
4423,100,-79.85,3.64,True,41.64,OBSTRUCTED
4424,100,-74.03,6.53,True,34.16,OBSTRUCTED
4425,100,-75.04,6.26,True,40.96,OBSTRUCTED
4426,100,-74.42,6.93,True,34.3,OBSTRUCTED
4427,100,-83.72,8.55,True,36.8,OBSTRUCTED
4428,100,-76.21,6.99,True,40.68,OBSTRUCTED
4429,100,-75.26,6.37,True,41.77,OBSTRUCTED
4430,100,-75.3,6.09,True,44.13,OBSTRUCTED
4431,100,-80.33,6.78,True,43.73,OBSTRUCTED
4432,100,-73.14,9.01,True,39.82,OBSTRUCTED
4433,100,-78.08,4.9,True,35.18,OBSTRUCTED
4434,100,-73.24,10.02,True,40.36,OBSTRUCTED
4435,100,-73.25,8.19,True,40.24,OBSTRUCTED
4436,100,-80.92,9.29,True,31.54,OBSTRUCTED
4437,100,-76.62,9.17,True,36.34,OBSTRUCTED
4438,100,-75.18,6.12,True,40.24,OBSTRUCTED
4439,100,-80.7,8.08,True,42.75,OBSTRUCTED
4440,100,-77.45,6.29,True,37.82,OBSTRUCTED
4441,100,-68.57,9.84,True,40.51,OBSTRUCTED
4442,100,-77.01,7.46,True,39.3,OBSTRUCTED
4443,100,-76.26,5.1,True,40.03,OBSTRUCTED
4444,100,-80.69,8.32,True,47.27,OBSTRUCTED
4445,100,-81.38,8.4,True,38.04,OBSTRUCTED
4446,100,-75.84,7.41,True,40.19,OBSTRUCTED
4447,100,-78.09,4.82,True,37.45,OBSTRUCTED
4448,100,-78.02,9.8,True,35.36,OBSTRUCTED
4449,100,-78.0,3.85,True,34.73,OBSTRUCTED
4450,100,-83.46,6.1,True,42.3,OBSTRUCTED
4451,100,-81.23,9.74,True,36.67,OBSTRUCTED
4452,100,-81.66,9.5,True,46.52,OBSTRUCTED
4453,100,-77.08,5.65,True,42.39,OBSTRUCTED
4454,100,-73.33,7.21,True,42.42,OBSTRUCTED
4455,100,-78.54,5.35,True,37.1,OBSTRUCTED
4456,100,-76.49,7.54,True,37.0,OBSTRUCTED
4457,100,-79.8,5.26,True,44.47,OBSTRUCTED
4458,100,-72.47,7.45,True,46.88,OBSTRUCTED
4459,100,-86.35,7.18,True,44.12,OBSTRUCTED
4460,100,-78.15,5.18,True,38.43,OBSTRUCTED
4461,100,-79.27,8.37,True,40.44,OBSTRUCTED
4462,100,-75.91,3.76,True,40.85,OBSTRUCTED
4463,100,-82.68,8.46,True,38.03,OBSTRUCTED
4464,100,-79.36,4.25,True,42.62,OBSTRUCTED
4465,100,-73.15,6.16,True,45.59,OBSTRUCTED
4466,100,-76.37,7.32,True,36.95,OBSTRUCTED
4467,100,-77.02,6.39,True,40.33,OBSTRUCTED
4468,100,-81.95,8.01,True,42.64,OBSTRUCTED
4469,100,-77.68,9.13,True,37.57,OBSTRUCTED
4470,100,-79.04,5.71,True,40.69,OBSTRUCTED
4471,100,-80.17,4.12,True,40.35,OBSTRUCTED
4472,100,-74.73,3.41,True,39.31,OBSTRUCTED
4473,100,-76.15,7.98,True,39.12,OBSTRUCTED
4474,100,-77.54,6.81,True,49.59,OBSTRUCTED
4475,100,-84.94,5.67,True,43.41,OBSTRUCTED
4476,100,-79.28,6.23,True,42.25,OBSTRUCTED
4477,100,-75.31,5.0,True,41.58,OBSTRUCTED
4478,100,-81.2,7.67,True,37.02,OBSTRUCTED
4479,100,-69.82,6.86,True,38.78,OBSTRUCTED
4480,100,-75.44,6.27,True,47.8,OBSTRUCTED
4481,100,-79.13,8.4,True,47.94,OBSTRUCTED
4482,100,-78.5,4.71,True,38.54,OBSTRUCTED
4483,100,-74.34,7.93,True,41.31,OBSTRUCTED
4484,100,-74.94,9.06,True,38.74,OBSTRUCTED
4485,100,-75.71,7.88,True,36.34,OBSTRUCTED
4486,100,-71.52,8.12,True,42.11,OBSTRUCTED
4487,100,-84.05,8.52,True,37.47,OBSTRUCTED
4488,100,-82.95,8.65,True,43.31,OBSTRUCTED
4489,100,-79.77,9.14,True,47.68,OBSTRUCTED
4490,100,-83.47,3.7,True,46.59,OBSTRUCTED
4491,100,-71.82,3.77,True,45.97,OBSTRUCTED
4492,100,-82.84,6.55,True,39.49,OBSTRUCTED
4493,100,-75.45,8.82,True,44.06,OBSTRUCTED
4494,100,-79.82,8.38,True,37.93,OBSTRUCTED
4495,100,-73.69,3.67,True,39.61,OBSTRUCTED
4496,100,-70.08,8.59,True,39.31,OBSTRUCTED
4497,100,-79.62,4.71,True,43.39,OBSTRUCTED
4498,100,-81.32,6.05,True,38.69,OBSTRUCTED
4499,100,-74.2,2.5,True,35.42,OBSTRUCTED
4500,100,-82.75,7.95,True,34.02,OBSTRUCTED
4501,100,-78.51,4.79,True,40.25,OBSTRUCTED
4502,100,-76.95,6.72,True,38.67,OBSTRUCTED
4503,100,-78.93,6.9,True,46.54,OBSTRUCTED
4504,100,-78.55,6.17,True,41.65,OBSTRUCTED
4505,100,-77.63,7.18,True,39.04,OBSTRUCTED
4506,100,-75.15,4.54,True,44.19,OBSTRUCTED
4507,100,-78.21,8.13,True,38.18,OBSTRUCTED
4508,100,-72.76,5.1,True,41.52,OBSTRUCTED
4509,100,-83.56,3.86,True,33.05,OBSTRUCTED
4510,100,-81.39,5.35,True,38.67,OBSTRUCTED
4511,100,-75.59,7.39,True,45.55,OBSTRUCTED
4512,100,-71.74,5.41,True,43.03,OBSTRUCTED
4513,100,-81.64,2.37,True,41.91,OBSTRUCTED
4514,100,-77.72,6.9,True,40.44,OBSTRUCTED
4515,100,-74.98,8.26,True,40.76,OBSTRUCTED
4516,100,-77.33,10.04,True,35.24,OBSTRUCTED
4517,100,-80.97,8.19,True,38.09,OBSTRUCTED
4518,100,-74.43,7.61,True,39.78,OBSTRUCTED
4519,100,-75.25,6.01,True,41.27,OBSTRUCTED
4520,100,-79.63,4.1,True,36.9,OBSTRUCTED
4521,100,-71.82,1.97,True,37.16,OBSTRUCTED
4522,100,-76.6,7.62,True,42.42,OBSTRUCTED
4523,100,-78.5,7.56,True,38.82,OBSTRUCTED
4524,100,-77.15,6.75,True,47.21,OBSTRUCTED
4525,100,-72.19,3.83,True,43.73,OBSTRUCTED
4526,100,-76.17,6.42,True,41.55,OBSTRUCTED
4527,100,-76.45,3.39,True,37.89,OBSTRUCTED
4528,100,-75.94,7.93,True,37.82,OBSTRUCTED
4529,100,-77.34,6.43,True,43.22,OBSTRUCTED
4530,100,-76.23,4.49,True,34.77,OBSTRUCTED
4531,100,-74.1,7.05,True,35.33,OBSTRUCTED
4532,100,-83.34,8.57,True,34.44,OBSTRUCTED
4533,100,-78.82,5.44,True,42.39,OBSTRUCTED
4534,100,-75.98,2.92,True,46.37,OBSTRUCTED
4535,100,-74.45,5.32,True,44.13,OBSTRUCTED
4536,100,-73.23,2.79,True,39.98,OBSTRUCTED
4537,100,-73.45,7.7,True,45.77,OBSTRUCTED
4538,100,-75.45,2.6,True,38.78,OBSTRUCTED
4539,100,-80.91,4.0,True,39.62,OBSTRUCTED
4540,100,-80.04,3.9,True,49.24,OBSTRUCTED
4541,100,-75.7,5.24,True,46.53,OBSTRUCTED
4542,100,-71.98,6.04,True,38.31,OBSTRUCTED
4543,100,-77.54,7.27,True,37.92,OBSTRUCTED
4544,100,-69.59,4.8,True,47.21,OBSTRUCTED
4545,100,-78.62,6.12,True,44.4,OBSTRUCTED
4546,100,-76.94,8.4,True,44.68,OBSTRUCTED
4547,100,-80.21,3.4,True,36.07,OBSTRUCTED
4548,100,-79.58,5.21,True,45.6,OBSTRUCTED
4549,100,-78.68,9.38,True,39.9,OBSTRUCTED
4550,100,-79.22,9.1,True,44.07,OBSTRUCTED
4551,100,-78.74,8.94,True,40.47,OBSTRUCTED
4552,100,-73.67,10.43,True,38.77,OBSTRUCTED
4553,100,-81.11,6.68,True,43.09,OBSTRUCTED
4554,100,-78.97,6.72,True,43.73,OBSTRUCTED
4555,100,-78.87,4.28,True,41.6,OBSTRUCTED
4556,100,-70.59,10.13,True,50.38,OBSTRUCTED
4557,100,-77.13,11.52,True,36.69,OBSTRUCTED
4558,100,-80.64,8.47,True,38.84,OBSTRUCTED
4559,100,-77.68,4.67,True,44.7,OBSTRUCTED
4560,100,-79.15,5.94,True,44.55,OBSTRUCTED
4561,100,-76.83,5.67,True,39.34,OBSTRUCTED
4562,100,-74.25,7.28,True,39.13,OBSTRUCTED
4563,100,-73.45,6.21,True,39.45,OBSTRUCTED
4564,100,-73.81,8.77,True,47.46,OBSTRUCTED
4565,100,-75.81,10.72,True,37.07,OBSTRUCTED
4566,100,-81.36,9.32,True,40.01,OBSTRUCTED
4567,100,-72.52,7.93,True,45.56,OBSTRUCTED
4568,100,-82.06,5.71,True,35.73,OBSTRUCTED
4569,100,-79.9,5.79,True,46.49,OBSTRUCTED
4570,100,-79.3,2.51,True,36.09,OBSTRUCTED
4571,100,-71.89,6.15,True,52.43,OBSTRUCTED
4572,100,-74.09,8.97,True,41.82,OBSTRUCTED
4573,100,-81.38,5.03,True,41.83,OBSTRUCTED
4574,100,-74.86,7.24,True,37.7,OBSTRUCTED
4575,100,-74.63,4.77,True,34.26,OBSTRUCTED
4576,100,-76.03,7.82,True,38.8,OBSTRUCTED
4577,100,-76.97,4.05,True,47.1,OBSTRUCTED
4578,100,-75.64,7.46,True,41.76,OBSTRUCTED
4579,100,-77.87,9.7,True,37.41,OBSTRUCTED
4580,100,-79.29,4.8,True,40.63,OBSTRUCTED
4581,100,-72.65,1.11,True,44.07,OBSTRUCTED
4582,100,-73.47,5.88,True,42.19,OBSTRUCTED
4583,100,-74.38,5.92,True,43.89,OBSTRUCTED
4584,100,-79.89,6.58,True,44.23,OBSTRUCTED
4585,100,-82.87,4.68,True,40.86,OBSTRUCTED
4586,100,-74.98,7.83,True,42.36,OBSTRUCTED
4587,100,-73.25,9.74,True,43.45,OBSTRUCTED
4588,100,-75.36,2.26,True,45.18,OBSTRUCTED
4589,100,-75.7,7.0,True,39.51,OBSTRUCTED
4590,100,-74.86,4.69,True,41.39,OBSTRUCTED
4591,100,-73.08,6.78,True,34.52,OBSTRUCTED
4592,100,-74.98,12.72,True,43.53,OBSTRUCTED
4593,100,-79.77,7.33,True,45.0,OBSTRUCTED
4594,100,-77.25,9.92,True,37.72,OBSTRUCTED
4595,100,-75.97,6.48,True,44.41,OBSTRUCTED
4596,100,-76.9,6.43,True,41.47,OBSTRUCTED
4597,100,-71.11,8.84,True,46.62,OBSTRUCTED
4598,100,-76.85,8.32,True,37.35,OBSTRUCTED
4599,100,-73.27,9.34,True,46.37,OBSTRUCTED
4600,100,-74.52,6.15,True,43.35,OBSTRUCTED
4601,100,-80.44,6.47,True,43.34,OBSTRUCTED
4602,100,-72.38,7.74,True,44.86,OBSTRUCTED
4603,100,-71.25,7.62,True,40.33,OBSTRUCTED
4604,100,-72.54,5.91,True,42.41,OBSTRUCTED
4605,100,-75.71,4.57,True,41.91,OBSTRUCTED
4606,100,-75.42,10.72,True,46.56,OBSTRUCTED
4607,100,-77.86,7.61,True,43.49,OBSTRUCTED
4608,100,-86.21,4.22,True,40.99,OBSTRUCTED
4609,100,-70.91,11.31,True,46.66,OBSTRUCTED
4610,100,-77.45,3.2,True,43.78,OBSTRUCTED
4611,100,-79.52,5.94,True,36.67,OBSTRUCTED
4612,100,-84.97,4.01,True,39.13,OBSTRUCTED
4613,100,-82.75,3.51,True,41.34,OBSTRUCTED
4614,100,-76.69,9.22,True,36.36,OBSTRUCTED
4615,100,-75.37,8.26,True,41.73,OBSTRUCTED
4616,100,-79.09,6.04,True,40.88,OBSTRUCTED
4617,100,-71.15,11.67,True,40.73,OBSTRUCTED
4618,100,-81.37,7.89,True,46.1,OBSTRUCTED
4619,100,-78.94,8.36,True,39.65,OBSTRUCTED
4620,100,-77.02,7.42,True,39.16,OBSTRUCTED
4621,100,-72.08,6.72,True,42.83,OBSTRUCTED
4622,100,-77.83,3.76,True,41.59,OBSTRUCTED
4623,100,-73.57,7.48,True,31.98,OBSTRUCTED
4624,100,-84.5,7.41,True,46.82,OBSTRUCTED
4625,100,-77.24,7.56,True,36.89,OBSTRUCTED
4626,100,-74.24,6.87,True,37.65,OBSTRUCTED
4627,100,-76.31,6.08,True,38.64,OBSTRUCTED
4628,100,-73.48,10.12,True,41.09,OBSTRUCTED
4629,100,-75.9,7.22,True,40.68,OBSTRUCTED
4630,100,-78.24,8.45,True,44.88,OBSTRUCTED
4631,100,-77.84,4.21,True,39.25,OBSTRUCTED
4632,100,-78.26,8.49,True,48.42,OBSTRUCTED
4633,100,-76.54,8.89,True,40.29,OBSTRUCTED
4634,100,-71.19,10.62,True,40.58,OBSTRUCTED
4635,100,-75.17,11.28,True,35.51,OBSTRUCTED
4636,100,-81.2,6.21,True,39.64,OBSTRUCTED
4637,100,-71.73,4.22,True,33.68,OBSTRUCTED
4638,100,-71.45,6.18,True,40.12,OBSTRUCTED
4639,100,-74.65,8.27,True,42.33,OBSTRUCTED
4640,100,-80.23,5.14,True,41.6,OBSTRUCTED
4641,100,-79.78,5.3,True,39.07,OBSTRUCTED
4642,100,-75.65,9.01,True,40.58,OBSTRUCTED
4643,100,-80.38,4.94,True,45.48,OBSTRUCTED
4644,100,-74.49,6.46,True,43.37,OBSTRUCTED
4645,100,-79.54,11.45,True,36.83,OBSTRUCTED
4646,100,-76.31,11.03,True,43.8,OBSTRUCTED
4647,100,-76.74,5.87,True,36.66,OBSTRUCTED
4648,100,-83.52,6.87,True,37.39,OBSTRUCTED
4649,100,-79.5,5.77,True,50.85,OBSTRUCTED
4650,100,-72.01,10.35,True,40.45,OBSTRUCTED
4651,100,-76.0,7.89,True,44.61,OBSTRUCTED
4652,100,-77.39,6.85,True,39.95,OBSTRUCTED
4653,100,-80.06,4.8,True,40.65,OBSTRUCTED
4654,100,-78.13,4.54,True,41.63,OBSTRUCTED
4655,100,-76.63,6.94,True,41.56,OBSTRUCTED
4656,100,-73.19,7.23,True,47.57,OBSTRUCTED
4657,100,-82.1,7.76,True,35.5,OBSTRUCTED
4658,100,-78.67,5.17,True,42.55,OBSTRUCTED
4659,100,-75.95,11.85,True,44.24,OBSTRUCTED
4660,100,-80.49,6.62,True,43.11,OBSTRUCTED
4661,100,-73.06,6.56,True,39.96,OBSTRUCTED
4662,100,-75.68,7.35,True,44.16,OBSTRUCTED
4663,100,-77.4,5.29,True,38.43,OBSTRUCTED
4664,100,-74.61,7.53,True,43.35,OBSTRUCTED
4665,100,-76.53,6.64,True,34.31,OBSTRUCTED
4666,100,-81.43,10.0,True,46.75,OBSTRUCTED
4667,100,-79.51,4.07,True,46.27,OBSTRUCTED
4668,100,-76.32,6.63,True,44.29,OBSTRUCTED
4669,100,-79.69,5.35,True,40.56,OBSTRUCTED
4670,100,-76.58,6.07,True,46.02,OBSTRUCTED
4671,100,-78.99,2.42,True,38.97,OBSTRUCTED
4672,100,-77.68,10.65,True,39.78,OBSTRUCTED
4673,100,-80.36,7.74,True,37.82,OBSTRUCTED
4674,100,-78.32,4.95,True,43.16,OBSTRUCTED
4675,100,-76.52,8.97,True,37.19,OBSTRUCTED
4676,100,-78.62,9.81,True,33.91,OBSTRUCTED
4677,100,-76.03,4.56,True,45.71,OBSTRUCTED
4678,100,-76.2,5.21,True,48.96,OBSTRUCTED
4679,100,-77.6,5.74,True,45.21,OBSTRUCTED
4680,100,-74.28,5.97,True,47.84,OBSTRUCTED
4681,100,-80.83,5.57,True,40.06,OBSTRUCTED
4682,100,-80.99,11.25,True,35.49,OBSTRUCTED
4683,100,-77.56,9.8,True,41.4,OBSTRUCTED
4684,100,-79.61,4.26,True,37.79,OBSTRUCTED
4685,100,-75.45,5.42,True,44.08,OBSTRUCTED
4686,100,-76.81,6.66,True,40.48,OBSTRUCTED
4687,100,-81.46,9.19,True,44.18,OBSTRUCTED
4688,100,-78.72,7.73,True,42.12,OBSTRUCTED
4689,100,-75.53,2.44,True,49.7,OBSTRUCTED
4690,100,-74.58,5.39,True,41.53,OBSTRUCTED
4691,100,-82.47,4.08,True,43.77,OBSTRUCTED
4692,100,-79.77,5.76,True,43.55,OBSTRUCTED
4693,100,-74.89,7.2,True,37.76,OBSTRUCTED
4694,100,-81.58,6.71,True,42.12,OBSTRUCTED
4695,100,-74.11,9.48,True,43.5,OBSTRUCTED
4696,100,-78.17,9.97,True,44.01,OBSTRUCTED
4697,100,-78.64,8.15,True,39.19,OBSTRUCTED
4698,100,-75.95,6.58,True,42.96,OBSTRUCTED
4699,100,-81.6,8.51,True,42.89,OBSTRUCTED
4700,100,-74.17,3.77,True,37.1,OBSTRUCTED
4701,100,-83.14,6.88,True,48.55,OBSTRUCTED
4702,100,-82.55,7.63,True,38.56,OBSTRUCTED
4703,100,-77.78,8.61,True,42.5,OBSTRUCTED
4704,100,-78.62,4.1,True,39.29,OBSTRUCTED
4705,100,-75.33,9.23,True,43.55,OBSTRUCTED
4706,100,-79.29,4.52,True,43.63,OBSTRUCTED
4707,100,-71.53,9.0,True,38.41,OBSTRUCTED
4708,100,-78.35,10.27,True,37.32,OBSTRUCTED
4709,100,-75.99,5.62,True,40.44,OBSTRUCTED
4710,100,-71.34,9.17,True,42.22,OBSTRUCTED
4711,100,-80.08,9.97,True,40.88,OBSTRUCTED
4712,100,-73.17,5.09,True,34.74,OBSTRUCTED
4713,100,-83.59,6.18,True,34.75,OBSTRUCTED
4714,100,-76.38,7.46,True,35.46,OBSTRUCTED
4715,100,-78.39,5.43,True,44.19,OBSTRUCTED
4716,100,-76.81,10.26,True,43.7,OBSTRUCTED
4717,100,-69.71,6.95,True,41.21,OBSTRUCTED
4718,100,-77.74,6.41,True,47.69,OBSTRUCTED
4719,100,-80.09,10.46,True,41.0,OBSTRUCTED
4720,100,-80.44,8.03,True,36.7,OBSTRUCTED
4721,100,-76.86,8.56,True,40.76,OBSTRUCTED
4722,100,-75.93,6.88,True,38.24,OBSTRUCTED
4723,100,-77.34,10.41,True,40.09,OBSTRUCTED
4724,100,-72.19,7.91,True,36.4,OBSTRUCTED
4725,100,-85.92,8.41,True,38.35,OBSTRUCTED
4726,100,-78.03,6.4,True,43.58,OBSTRUCTED
4727,100,-78.35,7.59,True,42.29,OBSTRUCTED
4728,100,-78.49,9.27,True,42.38,OBSTRUCTED
4729,100,-83.27,9.21,True,48.57,OBSTRUCTED
4730,100,-75.02,6.6,True,44.31,OBSTRUCTED
4731,100,-74.71,7.69,True,44.28,OBSTRUCTED
4732,100,-71.74,3.78,True,33.53,OBSTRUCTED
4733,100,-76.32,7.92,True,40.82,OBSTRUCTED
4734,100,-73.0,6.97,True,38.36,OBSTRUCTED
4735,100,-78.95,5.65,True,38.17,OBSTRUCTED
4736,100,-81.07,5.31,True,38.93,OBSTRUCTED
4737,100,-77.9,6.5,True,41.85,OBSTRUCTED
4738,100,-76.57,7.73,True,46.26,OBSTRUCTED
4739,100,-88.77,6.73,True,43.87,OBSTRUCTED
4740,100,-76.64,4.09,True,40.72,OBSTRUCTED
4741,100,-81.57,10.43,True,40.18,OBSTRUCTED
4742,100,-78.93,6.64,True,40.09,OBSTRUCTED
4743,100,-80.49,6.62,True,36.63,OBSTRUCTED
4744,100,-74.29,7.68,True,44.8,OBSTRUCTED
4745,100,-74.53,5.81,True,45.66,OBSTRUCTED
4746,100,-78.42,7.05,True,40.18,OBSTRUCTED
4747,100,-75.79,7.53,True,44.57,OBSTRUCTED
4748,100,-79.04,5.63,True,39.94,OBSTRUCTED
4749,100,-77.64,5.71,True,44.89,OBSTRUCTED
4750,100,-76.98,10.92,True,42.14,OBSTRUCTED
4751,100,-79.41,4.93,True,37.56,OBSTRUCTED
4752,100,-72.53,9.19,True,45.08,OBSTRUCTED
4753,100,-71.25,6.63,True,41.75,OBSTRUCTED
4754,100,-78.15,4.62,True,49.68,OBSTRUCTED
4755,100,-81.62,4.66,True,42.56,OBSTRUCTED
4756,100,-72.95,5.58,True,43.95,OBSTRUCTED
4757,100,-77.64,3.39,True,35.15,OBSTRUCTED
4758,100,-76.84,6.87,True,38.26,OBSTRUCTED
4759,100,-75.56,7.79,True,46.23,OBSTRUCTED
4760,100,-80.44,6.95,True,40.66,OBSTRUCTED
4761,100,-80.0,8.72,True,43.32,OBSTRUCTED
4762,100,-79.49,10.07,True,48.43,OBSTRUCTED
4763,100,-77.97,6.59,True,45.73,OBSTRUCTED
4764,100,-78.54,6.62,True,43.2,OBSTRUCTED
4765,100,-76.77,6.9,True,46.41,OBSTRUCTED
4766,100,-76.59,5.01,True,35.45,OBSTRUCTED
4767,100,-75.7,6.26,True,40.6,OBSTRUCTED
4768,100,-76.62,7.33,True,45.23,OBSTRUCTED
4769,100,-70.58,7.45,True,43.88,OBSTRUCTED
4770,100,-74.4,8.42,True,45.12,OBSTRUCTED
4771,100,-74.41,8.94,True,42.23,OBSTRUCTED
4772,100,-73.17,8.27,True,43.33,OBSTRUCTED
4773,100,-79.23,5.93,True,38.48,OBSTRUCTED
4774,100,-77.15,6.88,True,44.46,OBSTRUCTED
4775,100,-80.62,1.72,True,41.17,OBSTRUCTED
4776,100,-73.74,5.26,True,40.57,OBSTRUCTED
4777,100,-78.76,10.0,True,43.88,OBSTRUCTED
4778,100,-76.74,5.91,True,42.36,OBSTRUCTED
4779,100,-75.94,8.26,True,43.78,OBSTRUCTED
4780,100,-83.99,3.53,True,47.66,OBSTRUCTED
4781,100,-78.01,8.38,True,44.99,OBSTRUCTED
4782,100,-81.77,3.68,True,49.05,OBSTRUCTED
4783,100,-78.47,8.94,True,37.25,OBSTRUCTED
4784,100,-71.23,7.49,True,44.87,OBSTRUCTED
4785,100,-72.9,8.68,True,40.7,OBSTRUCTED
4786,100,-73.17,7.76,True,40.05,OBSTRUCTED
4787,100,-78.58,7.73,True,35.96,OBSTRUCTED
4788,100,-77.04,7.07,True,40.81,OBSTRUCTED
4789,100,-82.58,7.1,True,46.14,OBSTRUCTED
4790,100,-73.35,7.04,True,36.86,OBSTRUCTED
4791,100,-79.4,6.11,True,39.47,OBSTRUCTED
4792,100,-80.5,8.97,True,43.33,OBSTRUCTED
4793,100,-78.05,7.97,True,35.99,OBSTRUCTED
4794,100,-73.37,8.01,True,48.09,OBSTRUCTED
4795,100,-81.1,4.3,True,44.82,OBSTRUCTED
4796,100,-77.27,6.15,True,39.28,OBSTRUCTED
4797,100,-67.92,10.48,True,44.73,OBSTRUCTED
4798,100,-73.73,4.73,True,40.13,OBSTRUCTED
4799,100,-75.11,7.74,True,39.86,OBSTRUCTED
4800,100,-81.07,4.57,True,40.25,OBSTRUCTED
4801,100,-74.14,6.5,True,41.33,OBSTRUCTED
4802,100,-75.94,7.54,True,41.79,OBSTRUCTED
4803,100,-79.52,6.23,True,44.64,OBSTRUCTED
4804,100,-77.0,8.45,True,40.19,OBSTRUCTED
4805,100,-75.56,5.39,True,38.45,OBSTRUCTED
4806,100,-82.99,4.5,True,48.2,OBSTRUCTED
4807,100,-72.26,5.11,True,46.36,OBSTRUCTED
4808,100,-71.67,5.28,True,41.48,OBSTRUCTED
4809,100,-75.22,9.53,True,45.13,OBSTRUCTED
4810,100,-82.57,8.52,True,41.12,OBSTRUCTED
4811,100,-71.98,1.31,True,44.31,OBSTRUCTED
4812,100,-72.4,6.97,True,41.22,OBSTRUCTED
4813,100,-76.71,8.67,True,42.91,OBSTRUCTED
4814,100,-74.04,3.7,True,41.26,OBSTRUCTED
4815,100,-74.76,2.62,True,43.18,OBSTRUCTED
4816,100,-75.56,7.93,True,38.58,OBSTRUCTED
4817,100,-77.39,7.29,True,43.16,OBSTRUCTED
4818,100,-80.74,10.38,True,43.26,OBSTRUCTED
4819,100,-76.21,4.45,True,39.2,OBSTRUCTED
4820,100,-79.86,4.44,True,40.2,OBSTRUCTED
4821,100,-76.52,8.25,True,41.36,OBSTRUCTED
4822,100,-78.34,6.8,True,38.0,OBSTRUCTED
4823,100,-79.34,6.41,True,39.64,OBSTRUCTED
4824,100,-80.96,5.51,True,45.73,OBSTRUCTED
4825,100,-78.89,6.34,True,42.08,OBSTRUCTED
4826,100,-81.86,7.52,True,37.58,OBSTRUCTED
4827,100,-75.66,4.15,True,42.02,OBSTRUCTED
4828,100,-81.91,9.74,True,41.54,OBSTRUCTED
4829,100,-79.93,6.79,True,43.81,OBSTRUCTED
4830,100,-80.4,9.23,True,37.94,OBSTRUCTED
4831,100,-76.02,8.62,True,41.6,OBSTRUCTED
4832,100,-76.94,8.38,True,41.78,OBSTRUCTED
4833,100,-81.72,9.27,True,46.38,OBSTRUCTED
4834,100,-77.84,9.25,True,42.67,OBSTRUCTED
4835,100,-74.66,8.29,True,42.32,OBSTRUCTED
4836,100,-79.19,7.1,True,41.34,OBSTRUCTED
4837,100,-81.16,4.48,True,41.63,OBSTRUCTED
4838,100,-77.57,8.31,True,36.67,OBSTRUCTED
4839,100,-77.09,6.23,True,43.44,OBSTRUCTED
4840,100,-81.81,6.47,True,36.89,OBSTRUCTED
4841,100,-80.65,4.22,True,42.73,OBSTRUCTED
4842,100,-70.4,4.66,True,38.71,OBSTRUCTED
4843,100,-75.63,9.28,True,41.95,OBSTRUCTED
4844,100,-84.78,5.97,True,40.82,OBSTRUCTED
4845,100,-77.12,4.88,True,37.6,OBSTRUCTED
4846,100,-73.54,8.28,True,43.49,OBSTRUCTED
4847,100,-80.57,5.54,True,38.04,OBSTRUCTED
4848,100,-72.0,8.68,True,42.27,OBSTRUCTED
4849,100,-78.06,6.8,True,37.65,OBSTRUCTED
4850,100,-72.45,9.49,True,42.08,OBSTRUCTED
4851,100,-82.04,11.34,True,45.73,OBSTRUCTED
4852,100,-84.42,5.21,True,44.39,OBSTRUCTED
4853,100,-78.4,9.69,True,42.3,OBSTRUCTED
4854,100,-84.17,7.78,True,45.01,OBSTRUCTED
4855,100,-76.53,7.27,True,40.24,OBSTRUCTED
4856,100,-76.77,9.64,True,44.58,OBSTRUCTED
4857,100,-81.88,9.06,True,33.56,OBSTRUCTED
4858,100,-78.78,4.46,True,42.25,OBSTRUCTED
4859,100,-79.09,7.56,True,42.74,OBSTRUCTED
4860,100,-82.18,3.46,True,41.71,OBSTRUCTED
4861,100,-75.9,5.5,True,32.77,OBSTRUCTED
4862,100,-78.98,8.23,True,39.78,OBSTRUCTED
4863,100,-76.57,6.44,True,44.52,OBSTRUCTED
4864,100,-78.94,5.1,True,42.33,OBSTRUCTED
4865,100,-74.62,8.49,True,45.98,OBSTRUCTED
4866,100,-77.9,10.16,True,36.72,OBSTRUCTED
4867,100,-75.45,7.03,True,42.98,OBSTRUCTED
4868,100,-77.41,7.36,True,38.9,OBSTRUCTED
4869,100,-81.01,3.9,True,39.96,OBSTRUCTED
4870,100,-84.67,10.4,True,41.33,OBSTRUCTED
4871,100,-69.09,7.59,True,40.18,OBSTRUCTED
4872,100,-79.88,6.39,True,35.54,OBSTRUCTED
4873,100,-76.05,5.31,True,44.7,OBSTRUCTED
4874,100,-81.44,5.37,True,39.39,OBSTRUCTED
4875,100,-82.72,5.68,True,39.01,OBSTRUCTED
4876,100,-75.96,8.52,True,42.65,OBSTRUCTED
4877,100,-82.43,10.5,True,43.0,OBSTRUCTED
4878,100,-80.53,9.07,True,41.86,OBSTRUCTED
4879,100,-77.7,5.95,True,40.02,OBSTRUCTED
4880,100,-78.29,5.89,True,36.65,OBSTRUCTED
4881,100,-82.04,6.7,True,40.27,OBSTRUCTED
4882,100,-83.05,11.49,True,39.93,OBSTRUCTED
4883,100,-79.49,5.06,True,40.09,OBSTRUCTED
4884,100,-77.96,8.78,True,44.76,OBSTRUCTED
4885,100,-79.41,8.18,True,41.26,OBSTRUCTED
4886,100,-85.29,6.2,True,44.48,OBSTRUCTED
4887,100,-79.78,7.93,True,46.55,OBSTRUCTED
4888,100,-77.09,7.35,True,43.94,OBSTRUCTED
4889,100,-77.6,8.32,True,44.89,OBSTRUCTED
4890,100,-76.43,7.36,True,41.95,OBSTRUCTED
4891,100,-81.82,9.49,True,39.99,OBSTRUCTED
4892,100,-77.48,6.72,True,36.36,OBSTRUCTED
4893,100,-70.41,5.23,True,42.18,OBSTRUCTED
4894,100,-77.95,8.09,True,38.09,OBSTRUCTED
4895,100,-79.86,7.25,True,45.27,OBSTRUCTED
4896,100,-74.34,10.41,True,40.46,OBSTRUCTED
4897,100,-73.56,10.2,True,36.49,OBSTRUCTED
4898,100,-77.19,6.71,True,43.69,OBSTRUCTED
4899,100,-74.05,7.51,True,42.53,OBSTRUCTED
4900,100,-73.04,8.53,True,40.78,OBSTRUCTED
4901,100,-73.76,7.12,True,41.14,OBSTRUCTED
4902,100,-83.06,6.21,True,36.47,OBSTRUCTED
4903,100,-77.85,5.76,True,40.02,OBSTRUCTED
4904,100,-79.36,8.35,True,41.51,OBSTRUCTED
4905,100,-73.21,6.69,True,47.99,OBSTRUCTED
4906,100,-75.17,3.48,True,41.69,OBSTRUCTED
4907,100,-73.29,3.3,True,41.66,OBSTRUCTED
4908,100,-78.81,9.47,True,31.56,OBSTRUCTED
4909,100,-79.06,5.62,True,37.47,OBSTRUCTED
4910,100,-81.26,5.29,True,42.66,OBSTRUCTED
4911,100,-74.92,6.27,True,41.44,OBSTRUCTED
4912,100,-80.16,8.81,True,40.94,OBSTRUCTED
4913,100,-80.05,10.1,True,42.56,OBSTRUCTED
4914,100,-77.9,9.61,True,48.09,OBSTRUCTED
4915,100,-79.44,6.24,True,39.13,OBSTRUCTED
4916,100,-76.28,7.58,True,37.81,OBSTRUCTED
4917,100,-79.11,10.26,True,44.2,OBSTRUCTED
4918,100,-75.04,5.94,True,40.31,OBSTRUCTED
4919,100,-70.68,3.08,True,34.24,OBSTRUCTED
4920,100,-76.56,9.37,True,40.25,OBSTRUCTED
4921,100,-77.54,9.2,True,44.6,OBSTRUCTED
4922,100,-76.29,6.63,True,38.66,OBSTRUCTED
4923,100,-78.78,7.9,True,43.56,OBSTRUCTED
4924,100,-73.06,7.8,True,44.21,OBSTRUCTED
4925,100,-77.79,7.79,True,34.4,OBSTRUCTED
4926,100,-79.2,5.66,True,40.49,OBSTRUCTED
4927,100,-75.62,6.29,True,40.74,OBSTRUCTED
4928,100,-78.39,4.19,True,38.09,OBSTRUCTED
4929,100,-77.75,9.74,True,44.11,OBSTRUCTED
4930,100,-76.59,4.97,True,38.28,OBSTRUCTED
4931,100,-78.14,6.47,True,48.69,OBSTRUCTED
4932,100,-74.08,3.95,True,44.96,OBSTRUCTED
4933,100,-77.34,7.21,True,40.72,OBSTRUCTED
4934,100,-75.35,8.95,True,46.17,OBSTRUCTED
4935,100,-82.13,8.69,True,44.4,OBSTRUCTED
4936,100,-83.79,2.96,True,43.51,OBSTRUCTED
4937,100,-79.34,11.45,True,38.43,OBSTRUCTED
4938,100,-76.77,8.66,True,43.57,OBSTRUCTED
4939,100,-74.53,6.41,True,40.91,OBSTRUCTED
4940,100,-77.37,7.57,True,43.16,OBSTRUCTED
4941,100,-79.22,3.49,True,37.31,OBSTRUCTED
4942,100,-79.43,8.98,True,37.57,OBSTRUCTED
4943,100,-75.09,7.94,True,46.48,OBSTRUCTED
4944,100,-80.17,6.53,True,42.17,OBSTRUCTED
4945,100,-79.57,8.37,True,41.95,OBSTRUCTED
4946,100,-78.45,7.73,True,40.09,OBSTRUCTED
4947,100,-76.08,6.4,True,44.33,OBSTRUCTED
4948,100,-78.12,3.88,True,44.11,OBSTRUCTED
4949,100,-82.66,6.93,True,46.32,OBSTRUCTED
4950,100,-79.32,7.9,True,39.53,OBSTRUCTED
4951,100,-73.91,8.61,True,43.19,OBSTRUCTED
4952,100,-79.85,7.59,True,39.1,OBSTRUCTED
4953,100,-77.63,8.23,True,37.14,OBSTRUCTED
4954,100,-77.46,7.1,True,43.05,OBSTRUCTED
4955,100,-72.97,6.61,True,40.51,OBSTRUCTED
4956,100,-72.69,8.85,True,41.64,OBSTRUCTED
4957,100,-74.91,6.42,True,38.54,OBSTRUCTED
4958,100,-79.28,3.1,True,42.22,OBSTRUCTED
4959,100,-77.48,3.32,True,43.07,OBSTRUCTED
4960,100,-70.6,6.65,True,44.94,OBSTRUCTED
4961,100,-78.6,7.88,True,43.7,OBSTRUCTED
4962,100,-77.05,5.04,True,36.91,OBSTRUCTED
4963,100,-78.78,8.28,True,38.58,OBSTRUCTED
4964,100,-80.97,5.45,True,39.21,OBSTRUCTED
4965,100,-79.35,6.83,True,48.21,OBSTRUCTED
4966,100,-74.91,5.27,True,43.1,OBSTRUCTED
4967,100,-75.43,10.68,True,37.14,OBSTRUCTED
4968,100,-75.1,5.77,True,40.74,OBSTRUCTED
4969,100,-73.46,9.13,True,42.41,OBSTRUCTED
4970,100,-76.01,4.19,True,41.75,OBSTRUCTED
4971,100,-85.92,8.2,True,42.91,OBSTRUCTED
4972,100,-74.04,7.25,True,39.19,OBSTRUCTED
4973,100,-75.32,7.8,True,33.28,OBSTRUCTED
4974,100,-81.64,6.26,True,44.11,OBSTRUCTED
4975,100,-76.79,7.11,True,39.46,OBSTRUCTED
4976,100,-78.28,9.28,True,38.1,OBSTRUCTED
4977,100,-75.38,4.12,True,43.09,OBSTRUCTED
4978,100,-77.01,7.39,True,43.85,OBSTRUCTED
4979,100,-72.35,7.75,True,45.7,OBSTRUCTED
4980,100,-75.39,8.81,True,41.49,OBSTRUCTED
4981,100,-78.79,4.72,True,40.57,OBSTRUCTED
4982,100,-76.46,8.46,True,42.63,OBSTRUCTED
4983,100,-73.75,11.26,True,42.88,OBSTRUCTED
4984,100,-78.19,3.48,True,40.21,OBSTRUCTED
4985,100,-79.26,9.52,True,46.41,OBSTRUCTED
4986,100,-77.29,9.31,True,43.18,OBSTRUCTED
4987,100,-74.65,4.26,True,39.81,OBSTRUCTED
4988,100,-76.01,5.5,True,38.7,OBSTRUCTED
4989,100,-77.53,10.29,True,39.72,OBSTRUCTED
4990,100,-76.5,5.13,True,42.44,OBSTRUCTED
4991,100,-78.3,9.12,True,44.14,OBSTRUCTED
4992,100,-73.74,6.38,True,41.59,OBSTRUCTED
4993,100,-71.83,7.16,True,36.11,OBSTRUCTED
4994,100,-77.65,9.36,True,41.0,OBSTRUCTED
4995,100,-79.14,3.46,True,36.08,OBSTRUCTED
4996,100,-74.03,9.95,True,41.09,OBSTRUCTED
4997,100,-68.31,7.23,True,39.6,OBSTRUCTED
4998,100,-79.6,7.15,True,36.61,OBSTRUCTED
4999,100,-77.82,5.31,True,40.9,OBSTRUCTED
5000,100,-77.38,8.86,True,34.29,OBSTRUCTED
5001,200,-86.51,1.54,True,41.73,OBSTRUCTED
5002,200,-88.02,0.03,True,38.48,OBSTRUCTED
5003,200,-80.78,3.86,True,40.58,OBSTRUCTED
5004,200,-82.26,0.44,True,45.97,OBSTRUCTED
5005,200,-85.79,3.62,True,38.94,OBSTRUCTED
5006,200,-93.76,1.89,True,40.15,OBSTRUCTED
5007,200,-78.34,3.13,True,47.84,OBSTRUCTED
5008,200,-79.49,-0.07,True,41.72,OBSTRUCTED
5009,200,-91.57,2.92,True,38.88,OBSTRUCTED
5010,200,-83.66,4.9,True,39.69,OBSTRUCTED
5011,200,-82.59,1.23,True,37.01,OBSTRUCTED
5012,200,-84.88,0.42,True,39.28,OBSTRUCTED
5013,200,-89.61,1.46,True,44.79,OBSTRUCTED
5014,200,-86.02,5.76,True,34.34,OBSTRUCTED
5015,200,-89.21,0.97,True,38.37,OBSTRUCTED
5016,200,-86.04,-1.01,True,47.38,OBSTRUCTED
5017,200,-87.67,1.52,True,43.62,OBSTRUCTED
5018,200,-86.21,2.16,True,32.56,OBSTRUCTED
5019,200,-83.94,3.19,True,33.25,OBSTRUCTED
5020,200,-85.21,-1.29,True,37.77,OBSTRUCTED
5021,200,-80.23,0.24,True,44.84,OBSTRUCTED
5022,200,-90.37,2.72,True,39.52,OBSTRUCTED
5023,200,-79.63,3.51,True,40.88,OBSTRUCTED
5024,200,-84.87,0.96,True,41.29,OBSTRUCTED
5025,200,-85.81,7.49,True,45.73,OBSTRUCTED
5026,200,-88.76,1.6,True,40.36,OBSTRUCTED
5027,200,-89.82,1.17,True,44.95,OBSTRUCTED
5028,200,-86.41,-0.96,True,45.65,OBSTRUCTED
5029,200,-76.69,1.49,True,42.14,OBSTRUCTED
5030,200,-85.93,0.8,True,40.85,OBSTRUCTED
5031,200,-95.99,-2.34,True,39.67,OBSTRUCTED
5032,200,-81.19,1.15,True,41.61,OBSTRUCTED
5033,200,-87.16,2.11,True,37.02,OBSTRUCTED
5034,200,-85.05,2.69,True,38.34,OBSTRUCTED
5035,200,-91.88,1.41,True,41.25,OBSTRUCTED
5036,200,-92.19,-1.55,True,42.94,OBSTRUCTED
5037,200,-81.21,1.79,True,39.17,OBSTRUCTED
5038,200,-85.54,-1.84,True,41.8,OBSTRUCTED
5039,200,-79.06,1.02,True,45.96,OBSTRUCTED
5040,200,-81.97,5.76,True,43.7,OBSTRUCTED
5041,200,-86.68,2.63,True,33.76,OBSTRUCTED
5042,200,-82.19,-0.62,True,42.5,OBSTRUCTED
5043,200,-89.08,2.0,True,40.1,OBSTRUCTED
5044,200,-86.63,5.39,True,34.89,OBSTRUCTED
5045,200,-86.59,2.6,True,43.97,OBSTRUCTED
5046,200,-82.65,-0.82,True,38.28,OBSTRUCTED
5047,200,-82.95,2.19,True,38.32,OBSTRUCTED
5048,200,-83.4,-0.29,True,37.82,OBSTRUCTED
5049,200,-83.19,0.84,True,43.78,OBSTRUCTED
5050,200,-87.08,3.76,True,41.11,OBSTRUCTED
5051,200,-84.76,3.65,True,47.57,OBSTRUCTED
5052,200,-86.35,2.28,True,41.27,OBSTRUCTED
5053,200,-83.07,0.6,True,39.39,OBSTRUCTED
5054,200,-80.92,0.32,True,41.81,OBSTRUCTED
5055,200,-79.83,4.34,True,40.41,OBSTRUCTED
5056,200,-84.33,2.28,True,36.49,OBSTRUCTED
5057,200,-87.1,3.33,True,41.91,OBSTRUCTED
5058,200,-83.07,1.21,True,41.52,OBSTRUCTED
5059,200,-90.14,-0.64,True,43.74,OBSTRUCTED
5060,200,-93.22,1.7,True,44.8,OBSTRUCTED
5061,200,-78.94,-2.35,True,41.54,OBSTRUCTED
5062,200,-85.57,5.44,True,50.5,OBSTRUCTED
5063,200,-83.76,2.1,True,38.52,OBSTRUCTED
5064,200,-88.48,1.78,True,43.34,OBSTRUCTED
5065,200,-87.07,-1.35,True,43.63,OBSTRUCTED
5066,200,-92.41,2.8,True,44.13,OBSTRUCTED
5067,200,-83.97,2.2,True,37.49,OBSTRUCTED
5068,200,-89.87,4.17,True,45.93,OBSTRUCTED
5069,200,-84.57,5.18,True,41.81,OBSTRUCTED
5070,200,-88.53,-0.13,True,47.67,OBSTRUCTED
5071,200,-85.2,3.8,True,38.62,OBSTRUCTED
5072,200,-89.29,3.94,True,41.57,OBSTRUCTED
5073,200,-86.78,3.15,True,43.06,OBSTRUCTED
5074,200,-84.85,-0.1,True,37.31,OBSTRUCTED
5075,200,-86.22,1.36,True,43.47,OBSTRUCTED
5076,200,-89.1,4.76,True,42.65,OBSTRUCTED
5077,200,-87.21,0.51,True,35.81,OBSTRUCTED
5078,200,-84.8,2.39,True,37.36,OBSTRUCTED
5079,200,-88.74,1.86,True,36.46,OBSTRUCTED
5080,200,-87.61,4.04,True,31.94,OBSTRUCTED
5081,200,-83.7,4.2,True,42.24,OBSTRUCTED
5082,200,-87.15,3.69,True,39.34,OBSTRUCTED
5083,200,-81.51,-0.46,True,43.2,OBSTRUCTED
5084,200,-85.96,0.85,True,45.08,OBSTRUCTED
5085,200,-91.7,1.34,True,31.9,OBSTRUCTED
5086,200,-92.65,4.98,True,36.8,OBSTRUCTED
5087,200,-82.91,1.48,True,39.25,OBSTRUCTED
5088,200,-86.6,1.13,True,42.02,OBSTRUCTED
5089,200,-84.68,1.19,True,43.92,OBSTRUCTED
5090,200,-85.85,2.97,True,44.17,OBSTRUCTED
5091,200,-84.87,5.96,True,40.75,OBSTRUCTED
5092,200,-87.88,3.47,True,41.74,OBSTRUCTED
5093,200,-88.54,2.69,True,42.84,OBSTRUCTED
5094,200,-87.35,4.94,True,43.7,OBSTRUCTED
5095,200,-84.06,1.62,True,39.53,OBSTRUCTED
5096,200,-81.18,1.66,True,44.78,OBSTRUCTED
5097,200,-98.27,2.12,True,47.86,OBSTRUCTED
5098,200,-88.83,0.72,True,35.54,OBSTRUCTED
5099,200,-95.01,0.32,True,40.54,OBSTRUCTED
5100,200,-87.67,0.47,True,39.89,OBSTRUCTED
5101,200,-86.18,1.54,True,41.68,OBSTRUCTED
5102,200,-89.21,3.47,True,43.15,OBSTRUCTED
5103,200,-85.31,6.24,True,43.33,OBSTRUCTED
5104,200,-85.16,1.87,True,43.48,OBSTRUCTED
5105,200,-92.07,-0.4,True,43.71,OBSTRUCTED
5106,200,-84.48,0.74,True,42.26,OBSTRUCTED
5107,200,-86.82,5.31,True,45.78,OBSTRUCTED
5108,200,-80.71,2.44,True,47.38,OBSTRUCTED
5109,200,-81.4,-0.77,True,40.58,OBSTRUCTED
5110,200,-81.48,1.84,True,40.5,OBSTRUCTED
5111,200,-83.27,0.41,True,43.61,OBSTRUCTED
5112,200,-84.22,4.03,True,45.97,OBSTRUCTED
5113,200,-91.02,4.01,True,43.92,OBSTRUCTED
5114,200,-86.2,3.66,True,38.31,OBSTRUCTED
5115,200,-88.55,2.97,True,37.85,OBSTRUCTED
5116,200,-85.81,7.06,True,44.34,OBSTRUCTED
5117,200,-89.98,2.41,True,38.49,OBSTRUCTED
5118,200,-84.94,2.16,True,36.85,OBSTRUCTED
5119,200,-87.31,1.83,True,46.36,OBSTRUCTED
5120,200,-84.82,4.95,True,37.8,OBSTRUCTED
5121,200,-85.61,0.41,True,42.46,OBSTRUCTED
5122,200,-79.84,-1.6,False,,OBSTRUCTED
5123,200,-90.24,1.53,True,46.36,OBSTRUCTED
5124,200,-93.46,1.52,True,43.73,OBSTRUCTED
5125,200,-80.12,4.74,True,42.52,OBSTRUCTED
5126,200,-86.32,1.27,True,47.05,OBSTRUCTED
5127,200,-85.22,5.83,True,38.48,OBSTRUCTED
5128,200,-84.81,0.58,True,33.43,OBSTRUCTED
5129,200,-83.55,-0.28,True,43.2,OBSTRUCTED
5130,200,-85.45,3.25,True,38.33,OBSTRUCTED
5131,200,-87.33,3.6,True,41.45,OBSTRUCTED
5132,200,-84.86,-0.92,True,37.67,OBSTRUCTED
5133,200,-90.72,1.9,True,42.61,OBSTRUCTED
5134,200,-82.5,-0.6,True,40.66,OBSTRUCTED
5135,200,-86.57,-0.24,True,38.71,OBSTRUCTED
5136,200,-86.21,3.9,True,41.29,OBSTRUCTED
5137,200,-81.96,4.28,True,37.83,OBSTRUCTED
5138,200,-87.74,2.08,True,45.14,OBSTRUCTED
5139,200,-89.13,2.34,True,41.55,OBSTRUCTED
5140,200,-90.02,3.53,True,41.47,OBSTRUCTED
5141,200,-90.36,-0.07,True,37.86,OBSTRUCTED
5142,200,-87.48,2.34,True,43.88,OBSTRUCTED
5143,200,-86.88,3.11,True,42.97,OBSTRUCTED
5144,200,-87.6,2.41,True,41.42,OBSTRUCTED
5145,200,-87.73,1.84,True,46.32,OBSTRUCTED
5146,200,-93.07,1.43,True,39.43,OBSTRUCTED
5147,200,-89.69,1.46,True,39.61,OBSTRUCTED
5148,200,-90.97,3.33,True,35.46,OBSTRUCTED
5149,200,-86.51,2.87,True,42.32,OBSTRUCTED
5150,200,-90.16,3.22,True,43.45,OBSTRUCTED
5151,200,-91.73,2.28,True,41.15,OBSTRUCTED
5152,200,-88.25,-2.46,True,35.64,OBSTRUCTED
5153,200,-85.72,4.56,True,45.4,OBSTRUCTED
5154,200,-85.02,-0.12,True,43.19,OBSTRUCTED
5155,200,-81.05,1.45,True,38.7,OBSTRUCTED
5156,200,-86.99,0.55,True,36.53,OBSTRUCTED
5157,200,-85.0,1.72,True,45.11,OBSTRUCTED
5158,200,-88.6,-1.25,True,46.58,OBSTRUCTED
5159,200,-90.85,2.08,True,42.16,OBSTRUCTED
5160,200,-89.95,3.07,True,44.8,OBSTRUCTED
5161,200,-89.86,0.44,True,36.05,OBSTRUCTED
5162,200,-86.29,-2.93,True,41.15,OBSTRUCTED
5163,200,-88.12,0.25,True,38.82,OBSTRUCTED
5164,200,-81.38,2.28,True,38.18,OBSTRUCTED
5165,200,-89.86,3.58,True,41.64,OBSTRUCTED
5166,200,-93.57,1.84,True,37.26,OBSTRUCTED
5167,200,-84.67,2.3,True,38.28,OBSTRUCTED
5168,200,-78.76,5.4,True,44.32,OBSTRUCTED
5169,200,-90.03,3.43,True,47.74,OBSTRUCTED
5170,200,-87.55,5.28,True,46.24,OBSTRUCTED
5171,200,-83.04,3.13,True,45.07,OBSTRUCTED
5172,200,-80.21,6.49,True,42.14,OBSTRUCTED
5173,200,-85.61,4.82,True,37.33,OBSTRUCTED
5174,200,-84.57,1.11,True,32.96,OBSTRUCTED
5175,200,-86.98,1.32,True,46.47,OBSTRUCTED
5176,200,-86.69,1.61,True,36.03,OBSTRUCTED
5177,200,-84.85,-1.39,True,43.57,OBSTRUCTED
5178,200,-90.98,1.38,True,40.47,OBSTRUCTED
5179,200,-90.07,4.04,True,40.45,OBSTRUCTED
5180,200,-91.67,0.68,True,43.33,OBSTRUCTED
5181,200,-91.76,4.87,True,40.92,OBSTRUCTED
5182,200,-92.02,3.74,True,36.8,OBSTRUCTED
5183,200,-87.89,-0.42,True,48.49,OBSTRUCTED
5184,200,-80.63,0.12,True,39.89,OBSTRUCTED
5185,200,-82.32,-0.41,True,42.66,OBSTRUCTED
5186,200,-85.91,4.22,True,37.58,OBSTRUCTED
5187,200,-88.39,4.87,True,40.14,OBSTRUCTED
5188,200,-86.86,-1.25,True,44.46,OBSTRUCTED
5189,200,-89.76,2.72,True,43.54,OBSTRUCTED
5190,200,-83.94,3.54,True,48.07,OBSTRUCTED
5191,200,-86.2,0.27,True,39.47,OBSTRUCTED
5192,200,-85.57,3.22,True,40.64,OBSTRUCTED
5193,200,-90.19,4.54,True,43.06,OBSTRUCTED
5194,200,-85.87,4.76,True,38.05,OBSTRUCTED
5195,200,-93.34,1.58,True,39.15,OBSTRUCTED
5196,200,-83.01,4.81,True,38.04,OBSTRUCTED
5197,200,-85.41,-0.42,True,38.7,OBSTRUCTED
5198,200,-87.17,0.61,True,46.24,OBSTRUCTED
5199,200,-84.61,4.58,True,43.72,OBSTRUCTED
5200,200,-90.46,3.57,True,41.93,OBSTRUCTED
5201,200,-84.88,1.46,True,34.79,OBSTRUCTED
5202,200,-88.64,3.41,True,50.8,OBSTRUCTED
5203,200,-84.67,4.1,True,46.76,OBSTRUCTED
5204,200,-86.99,0.58,True,41.26,OBSTRUCTED
5205,200,-77.42,2.05,True,40.98,OBSTRUCTED
5206,200,-78.92,1.83,True,43.97,OBSTRUCTED
5207,200,-82.11,2.02,True,34.65,OBSTRUCTED
5208,200,-86.65,-1.39,True,43.5,OBSTRUCTED
5209,200,-85.15,2.84,True,43.72,OBSTRUCTED
5210,200,-91.42,2.24,True,39.41,OBSTRUCTED
5211,200,-81.76,2.43,True,45.24,OBSTRUCTED
5212,200,-83.96,5.2,True,41.73,OBSTRUCTED
5213,200,-91.91,2.91,True,40.36,OBSTRUCTED
5214,200,-87.15,4.71,True,39.0,OBSTRUCTED
5215,200,-91.11,2.37,True,47.7,OBSTRUCTED
5216,200,-82.92,-0.71,True,41.23,OBSTRUCTED
5217,200,-85.11,2.26,True,42.81,OBSTRUCTED
5218,200,-88.12,1.68,True,41.79,OBSTRUCTED
5219,200,-82.68,1.37,True,48.82,OBSTRUCTED
5220,200,-87.96,1.57,True,45.69,OBSTRUCTED
5221,200,-83.7,-0.12,True,41.26,OBSTRUCTED
5222,200,-83.19,4.68,True,42.93,OBSTRUCTED
5223,200,-86.46,4.22,True,49.3,OBSTRUCTED
5224,200,-92.79,0.73,True,40.59,OBSTRUCTED
5225,200,-84.2,-0.83,True,46.32,OBSTRUCTED
5226,200,-88.46,1.36,True,41.42,OBSTRUCTED
5227,200,-86.36,2.98,True,40.13,OBSTRUCTED
5228,200,-84.65,2.04,True,45.25,OBSTRUCTED
5229,200,-85.97,1.29,True,40.03,OBSTRUCTED
5230,200,-89.34,0.69,True,39.93,OBSTRUCTED
5231,200,-82.31,1.49,True,40.16,OBSTRUCTED
5232,200,-86.05,-0.08,True,45.44,OBSTRUCTED
5233,200,-87.41,1.05,True,47.3,OBSTRUCTED
5234,200,-85.61,3.75,True,36.87,OBSTRUCTED
5235,200,-87.53,3.39,True,40.11,OBSTRUCTED
5236,200,-86.0,3.0,True,43.4,OBSTRUCTED
5237,200,-78.46,1.61,True,40.88,OBSTRUCTED
5238,200,-90.46,3.73,True,30.0,OBSTRUCTED
5239,200,-83.66,4.58,True,35.3,OBSTRUCTED
5240,200,-84.48,6.33,True,38.8,OBSTRUCTED
5241,200,-83.47,5.65,True,41.9,OBSTRUCTED
5242,200,-94.75,2.7,True,40.78,OBSTRUCTED
5243,200,-87.31,2.38,True,45.17,OBSTRUCTED
5244,200,-84.18,-3.04,True,38.57,OBSTRUCTED
5245,200,-85.02,4.21,True,42.15,OBSTRUCTED
5246,200,-95.46,6.41,True,43.49,OBSTRUCTED
5247,200,-86.39,0.82,True,41.6,OBSTRUCTED
5248,200,-86.71,2.31,True,34.41,OBSTRUCTED
5249,200,-89.22,3.68,True,37.97,OBSTRUCTED
5250,200,-84.35,0.8,True,42.19,OBSTRUCTED
5251,200,-90.21,-0.23,True,34.83,OBSTRUCTED
5252,200,-86.77,4.94,True,43.45,OBSTRUCTED
5253,200,-84.0,4.01,True,39.19,OBSTRUCTED
5254,200,-87.11,1.08,True,44.94,OBSTRUCTED
5255,200,-87.62,0.8,True,47.92,OBSTRUCTED
5256,200,-91.05,3.76,True,45.52,OBSTRUCTED
5257,200,-87.19,1.91,True,46.33,OBSTRUCTED
5258,200,-87.78,3.32,True,41.83,OBSTRUCTED
5259,200,-76.61,-2.53,True,40.25,OBSTRUCTED
5260,200,-89.7,0.95,True,46.35,OBSTRUCTED
5261,200,-92.59,0.34,True,36.13,OBSTRUCTED
5262,200,-81.97,5.27,True,40.24,OBSTRUCTED
5263,200,-86.35,2.25,True,41.76,OBSTRUCTED
5264,200,-87.19,3.25,True,42.97,OBSTRUCTED
5265,200,-91.89,2.06,True,44.47,OBSTRUCTED
5266,200,-85.48,5.27,True,40.52,OBSTRUCTED
5267,200,-91.12,4.09,True,43.88,OBSTRUCTED
5268,200,-87.5,0.11,True,36.63,OBSTRUCTED
5269,200,-87.05,2.38,True,44.17,OBSTRUCTED
5270,200,-89.19,5.98,True,37.49,OBSTRUCTED
5271,200,-87.77,2.62,True,35.19,OBSTRUCTED
5272,200,-87.95,2.54,True,41.51,OBSTRUCTED
5273,200,-88.06,1.73,True,42.62,OBSTRUCTED
5274,200,-89.59,0.27,True,46.33,OBSTRUCTED
5275,200,-84.82,-0.84,True,39.0,OBSTRUCTED
5276,200,-83.31,2.46,True,32.92,OBSTRUCTED
5277,200,-90.44,2.94,True,41.19,OBSTRUCTED
5278,200,-84.59,0.57,True,45.06,OBSTRUCTED
5279,200,-90.33,-0.8,True,38.04,OBSTRUCTED
5280,200,-87.87,3.61,True,40.6,OBSTRUCTED
5281,200,-78.63,-1.87,True,44.18,OBSTRUCTED
5282,200,-84.6,3.1,True,40.86,OBSTRUCTED
5283,200,-83.36,1.35,True,44.12,OBSTRUCTED
5284,200,-84.87,-0.04,True,42.09,OBSTRUCTED
5285,200,-81.59,0.58,True,41.82,OBSTRUCTED
5286,200,-86.46,-1.41,True,38.82,OBSTRUCTED
5287,200,-88.05,1.42,True,40.1,OBSTRUCTED
5288,200,-86.27,2.03,True,48.55,OBSTRUCTED
5289,200,-84.28,0.47,True,43.28,OBSTRUCTED
5290,200,-88.85,3.49,True,35.24,OBSTRUCTED
5291,200,-82.49,5.31,True,44.97,OBSTRUCTED
5292,200,-87.68,2.06,True,44.54,OBSTRUCTED
5293,200,-87.77,2.78,True,35.98,OBSTRUCTED
5294,200,-87.53,2.07,True,45.92,OBSTRUCTED
5295,200,-92.42,1.61,True,42.84,OBSTRUCTED
5296,200,-88.62,3.73,True,45.21,OBSTRUCTED
5297,200,-85.58,2.15,True,39.95,OBSTRUCTED
5298,200,-87.21,0.82,True,41.0,OBSTRUCTED
5299,200,-84.27,1.5,True,41.46,OBSTRUCTED
5300,200,-85.22,-0.22,True,39.6,OBSTRUCTED
5301,200,-84.3,3.74,True,46.91,OBSTRUCTED
5302,200,-88.44,0.22,True,44.25,OBSTRUCTED
5303,200,-83.93,0.27,True,38.71,OBSTRUCTED
5304,200,-87.17,2.12,True,42.78,OBSTRUCTED
5305,200,-83.55,-0.77,True,41.69,OBSTRUCTED
5306,200,-83.52,2.63,True,35.13,OBSTRUCTED
5307,200,-86.37,2.02,True,45.16,OBSTRUCTED
5308,200,-81.17,-0.75,True,40.85,OBSTRUCTED
5309,200,-84.3,-1.3,True,40.7,OBSTRUCTED
5310,200,-84.81,-0.65,True,36.88,OBSTRUCTED
5311,200,-84.4,-1.51,True,45.7,OBSTRUCTED
5312,200,-80.83,2.93,True,37.5,OBSTRUCTED
5313,200,-86.32,7.26,True,38.96,OBSTRUCTED
5314,200,-89.69,3.44,True,44.38,OBSTRUCTED
5315,200,-82.27,1.71,True,39.18,OBSTRUCTED
5316,200,-85.23,2.42,True,35.41,OBSTRUCTED
5317,200,-89.08,1.53,True,45.01,OBSTRUCTED
5318,200,-83.73,-2.2,True,43.49,OBSTRUCTED
5319,200,-86.42,2.02,True,39.5,OBSTRUCTED
5320,200,-92.22,2.36,True,41.6,OBSTRUCTED
5321,200,-83.0,4.77,True,38.75,OBSTRUCTED
5322,200,-86.44,3.82,True,41.57,OBSTRUCTED
5323,200,-83.45,5.1,True,48.36,OBSTRUCTED
5324,200,-82.13,2.29,True,43.22,OBSTRUCTED
5325,200,-82.07,-0.66,True,41.75,OBSTRUCTED
5326,200,-90.99,1.22,True,39.92,OBSTRUCTED
5327,200,-90.16,8.74,True,40.15,OBSTRUCTED
5328,200,-90.34,3.52,True,43.69,OBSTRUCTED
5329,200,-90.03,4.37,True,43.94,OBSTRUCTED
5330,200,-81.53,1.61,True,39.55,OBSTRUCTED
5331,200,-92.19,2.52,True,44.43,OBSTRUCTED
5332,200,-84.22,2.73,True,45.06,OBSTRUCTED
5333,200,-89.33,1.71,True,35.79,OBSTRUCTED
5334,200,-88.23,2.61,True,38.74,OBSTRUCTED
5335,200,-86.52,3.67,True,37.65,OBSTRUCTED
5336,200,-81.41,2.1,True,45.57,OBSTRUCTED
5337,200,-88.56,0.09,True,44.76,OBSTRUCTED
5338,200,-86.46,0.78,True,41.14,OBSTRUCTED
5339,200,-87.14,-0.95,True,41.4,OBSTRUCTED
5340,200,-84.84,3.67,True,41.3,OBSTRUCTED
5341,200,-92.68,4.89,True,48.62,OBSTRUCTED
5342,200,-84.13,3.52,True,39.9,OBSTRUCTED
5343,200,-90.76,2.85,True,45.63,OBSTRUCTED
5344,200,-91.32,1.98,True,41.51,OBSTRUCTED
5345,200,-79.33,2.61,True,38.35,OBSTRUCTED
5346,200,-95.79,1.47,True,40.49,OBSTRUCTED
5347,200,-91.88,3.45,True,39.11,OBSTRUCTED
5348,200,-86.82,3.29,True,39.98,OBSTRUCTED
5349,200,-84.44,4.31,True,42.18,OBSTRUCTED
5350,200,-86.71,0.57,True,41.57,OBSTRUCTED
5351,200,-84.03,3.71,True,41.82,OBSTRUCTED
5352,200,-88.08,3.79,True,40.25,OBSTRUCTED
5353,200,-86.08,5.28,True,38.53,OBSTRUCTED
5354,200,-86.78,0.94,True,47.28,OBSTRUCTED
5355,200,-90.98,3.95,True,46.47,OBSTRUCTED
5356,200,-89.67,3.59,True,49.15,OBSTRUCTED
5357,200,-85.76,4.29,True,43.99,OBSTRUCTED
5358,200,-84.9,3.52,True,39.57,OBSTRUCTED
5359,200,-86.42,4.83,True,38.96,OBSTRUCTED
5360,200,-80.05,5.94,True,44.1,OBSTRUCTED
5361,200,-85.36,3.32,True,38.7,OBSTRUCTED
5362,200,-88.76,5.83,True,38.33,OBSTRUCTED
5363,200,-89.7,-1.22,True,40.92,OBSTRUCTED
5364,200,-81.66,0.78,True,41.31,OBSTRUCTED
5365,200,-93.95,5.28,True,43.06,OBSTRUCTED
5366,200,-87.23,2.41,True,42.9,OBSTRUCTED
5367,200,-80.81,2.29,True,44.01,OBSTRUCTED
5368,200,-89.78,0.84,True,38.72,OBSTRUCTED
5369,200,-81.32,1.76,True,40.94,OBSTRUCTED
5370,200,-91.36,1.65,True,51.44,OBSTRUCTED
5371,200,-85.69,1.51,True,43.51,OBSTRUCTED
5372,200,-84.44,-0.62,True,39.33,OBSTRUCTED
5373,200,-87.15,2.89,True,38.64,OBSTRUCTED
5374,200,-89.37,4.26,True,41.01,OBSTRUCTED
5375,200,-91.9,3.4,True,40.08,OBSTRUCTED
5376,200,-87.03,4.76,True,40.55,OBSTRUCTED
5377,200,-87.09,-0.86,True,45.74,OBSTRUCTED
5378,200,-91.04,2.65,True,42.66,OBSTRUCTED
5379,200,-84.5,1.09,True,38.86,OBSTRUCTED
5380,200,-86.42,2.19,True,36.1,OBSTRUCTED
5381,200,-80.96,1.01,True,40.13,OBSTRUCTED
5382,200,-78.33,1.57,True,39.96,OBSTRUCTED
5383,200,-93.28,2.91,True,34.22,OBSTRUCTED
5384,200,-93.66,1.84,True,44.43,OBSTRUCTED
5385,200,-90.04,1.22,True,36.98,OBSTRUCTED
5386,200,-84.85,-0.93,True,47.19,OBSTRUCTED
5387,200,-88.35,2.74,True,38.93,OBSTRUCTED
5388,200,-90.08,3.49,True,46.91,OBSTRUCTED
5389,200,-89.64,2.94,True,39.97,OBSTRUCTED
5390,200,-85.25,-0.15,True,35.85,OBSTRUCTED
5391,200,-86.26,3.2,True,38.08,OBSTRUCTED
5392,200,-85.57,2.33,True,37.48,OBSTRUCTED
5393,200,-91.39,-1.01,True,41.98,OBSTRUCTED
5394,200,-83.28,5.43,True,44.79,OBSTRUCTED
5395,200,-84.83,3.04,True,43.91,OBSTRUCTED
5396,200,-85.67,1.34,True,39.89,OBSTRUCTED
5397,200,-84.25,2.04,True,36.85,OBSTRUCTED
5398,200,-83.3,1.84,True,48.78,OBSTRUCTED
5399,200,-86.61,2.74,True,44.18,OBSTRUCTED
5400,200,-80.31,2.72,True,45.99,OBSTRUCTED
5401,200,-86.45,-1.22,True,48.57,OBSTRUCTED
5402,200,-84.38,-0.28,True,41.99,OBSTRUCTED
5403,200,-89.39,3.24,True,44.15,OBSTRUCTED
5404,200,-84.04,3.71,True,41.0,OBSTRUCTED
5405,200,-85.39,0.55,True,40.19,OBSTRUCTED
5406,200,-88.7,3.44,True,38.38,OBSTRUCTED
5407,200,-87.89,0.7,True,40.62,OBSTRUCTED
5408,200,-88.99,4.28,True,39.6,OBSTRUCTED
5409,200,-91.84,3.22,True,40.66,OBSTRUCTED
5410,200,-88.5,1.16,True,40.8,OBSTRUCTED
5411,200,-83.33,4.6,True,36.8,OBSTRUCTED
5412,200,-88.62,1.36,True,38.89,OBSTRUCTED
5413,200,-88.06,2.33,True,45.23,OBSTRUCTED
5414,200,-86.43,-0.86,True,40.53,OBSTRUCTED
5415,200,-83.88,5.68,True,35.82,OBSTRUCTED
5416,200,-85.38,4.89,True,39.41,OBSTRUCTED
5417,200,-87.44,2.64,True,46.86,OBSTRUCTED
5418,200,-79.46,1.2,True,40.78,OBSTRUCTED
5419,200,-86.7,4.56,True,34.45,OBSTRUCTED
5420,200,-88.59,0.02,True,45.11,OBSTRUCTED
5421,200,-88.01,2.86,True,43.67,OBSTRUCTED
5422,200,-87.3,0.68,True,40.7,OBSTRUCTED
5423,200,-87.9,0.93,True,53.29,OBSTRUCTED
5424,200,-85.31,3.43,True,40.07,OBSTRUCTED
5425,200,-88.07,3.6,True,39.46,OBSTRUCTED
5426,200,-84.3,-0.3,True,41.95,OBSTRUCTED
5427,200,-85.56,-0.07,True,46.1,OBSTRUCTED
5428,200,-85.25,2.3,True,36.18,OBSTRUCTED
5429,200,-85.95,3.95,True,38.58,OBSTRUCTED
5430,200,-88.25,-0.51,True,43.09,OBSTRUCTED
5431,200,-90.14,3.57,True,33.82,OBSTRUCTED
5432,200,-85.46,0.93,True,39.61,OBSTRUCTED
5433,200,-86.65,0.75,True,40.68,OBSTRUCTED
5434,200,-82.18,0.85,True,36.17,OBSTRUCTED
5435,200,-84.06,4.0,True,42.88,OBSTRUCTED
5436,200,-89.28,2.03,True,39.7,OBSTRUCTED
5437,200,-84.46,1.47,True,38.67,OBSTRUCTED
5438,200,-86.66,-0.09,True,32.25,OBSTRUCTED
5439,200,-84.18,3.48,True,40.1,OBSTRUCTED
5440,200,-87.95,4.18,True,39.85,OBSTRUCTED
5441,200,-82.61,0.38,True,40.27,OBSTRUCTED
5442,200,-85.33,1.52,True,43.59,OBSTRUCTED
5443,200,-79.39,-0.24,True,46.58,OBSTRUCTED
5444,200,-80.22,3.55,True,36.46,OBSTRUCTED
5445,200,-91.02,3.5,True,43.32,OBSTRUCTED
5446,200,-93.3,1.79,True,36.96,OBSTRUCTED
5447,200,-86.56,2.01,True,44.42,OBSTRUCTED
5448,200,-80.43,3.63,True,44.54,OBSTRUCTED
5449,200,-86.56,3.53,True,40.11,OBSTRUCTED
5450,200,-89.82,4.22,True,38.05,OBSTRUCTED
5451,200,-83.95,2.75,True,38.44,OBSTRUCTED
5452,200,-88.16,2.12,False,,OBSTRUCTED
5453,200,-87.68,2.18,True,44.04,OBSTRUCTED
5454,200,-89.06,3.53,True,40.04,OBSTRUCTED
5455,200,-84.08,2.75,True,38.0,OBSTRUCTED
5456,200,-90.31,2.43,True,48.96,OBSTRUCTED
5457,200,-86.22,4.38,True,35.44,OBSTRUCTED
5458,200,-88.86,-0.23,True,45.59,OBSTRUCTED
5459,200,-81.99,3.18,True,42.37,OBSTRUCTED
5460,200,-91.08,0.76,True,44.68,OBSTRUCTED
5461,200,-82.45,-0.78,True,44.93,OBSTRUCTED
5462,200,-91.78,0.97,True,46.78,OBSTRUCTED
5463,200,-80.38,1.2,True,40.83,OBSTRUCTED
5464,200,-81.58,3.12,True,38.52,OBSTRUCTED
5465,200,-81.27,3.48,True,35.92,OBSTRUCTED
5466,200,-91.36,2.64,True,41.82,OBSTRUCTED
5467,200,-83.02,2.31,True,41.58,OBSTRUCTED
5468,200,-82.0,2.68,True,40.9,OBSTRUCTED
5469,200,-85.84,-0.25,True,45.03,OBSTRUCTED
5470,200,-84.46,1.48,True,38.3,OBSTRUCTED
5471,200,-86.56,4.68,True,34.99,OBSTRUCTED
5472,200,-81.84,3.1,True,41.34,OBSTRUCTED
5473,200,-78.78,-0.69,True,49.43,OBSTRUCTED
5474,200,-83.64,5.08,True,38.66,OBSTRUCTED
5475,200,-86.28,-3.3,True,46.1,OBSTRUCTED
5476,200,-86.14,6.68,True,41.81,OBSTRUCTED
5477,200,-83.53,4.54,True,41.63,OBSTRUCTED
5478,200,-85.57,1.96,True,45.34,OBSTRUCTED
5479,200,-86.34,-0.11,True,37.56,OBSTRUCTED
5480,200,-78.13,0.72,True,33.76,OBSTRUCTED
5481,200,-85.06,2.07,True,40.6,OBSTRUCTED
5482,200,-87.63,3.67,True,44.64,OBSTRUCTED
5483,200,-88.68,3.17,True,41.41,OBSTRUCTED
5484,200,-91.67,1.18,True,39.56,OBSTRUCTED
5485,200,-86.25,2.56,True,42.01,OBSTRUCTED
5486,200,-92.78,0.24,True,47.45,OBSTRUCTED
5487,200,-83.92,3.38,True,44.75,OBSTRUCTED
5488,200,-85.51,3.98,True,44.02,OBSTRUCTED
5489,200,-87.68,2.03,True,42.42,OBSTRUCTED
5490,200,-88.41,8.22,True,41.19,OBSTRUCTED
5491,200,-89.1,3.14,True,42.43,OBSTRUCTED
5492,200,-84.03,3.69,True,35.97,OBSTRUCTED
5493,200,-85.92,0.03,True,46.72,OBSTRUCTED
5494,200,-88.45,4.84,True,45.79,OBSTRUCTED
5495,200,-87.4,2.24,True,45.39,OBSTRUCTED
5496,200,-88.43,0.76,True,44.62,OBSTRUCTED
5497,200,-90.63,1.99,True,41.8,OBSTRUCTED
5498,200,-91.37,1.6,True,35.03,OBSTRUCTED
5499,200,-87.33,2.05,True,44.86,OBSTRUCTED
5500,200,-84.39,0.23,True,41.27,OBSTRUCTED
5501,200,-84.94,0.92,True,41.01,OBSTRUCTED
5502,200,-86.64,0.75,True,41.58,OBSTRUCTED
5503,200,-89.23,4.48,True,42.26,OBSTRUCTED
5504,200,-91.73,3.65,True,34.31,OBSTRUCTED
5505,200,-81.73,3.9,True,44.5,OBSTRUCTED
5506,200,-82.84,3.87,True,38.42,OBSTRUCTED
5507,200,-91.89,0.54,True,39.35,OBSTRUCTED
5508,200,-87.58,-0.72,True,42.82,OBSTRUCTED
5509,200,-90.55,2.19,True,44.45,OBSTRUCTED
5510,200,-82.53,4.08,True,45.48,OBSTRUCTED
5511,200,-88.12,0.51,True,43.68,OBSTRUCTED
5512,200,-88.34,5.19,True,44.67,OBSTRUCTED
5513,200,-85.41,3.85,True,36.91,OBSTRUCTED
5514,200,-86.03,1.16,True,40.23,OBSTRUCTED
5515,200,-87.83,3.1,True,38.63,OBSTRUCTED
5516,200,-90.41,-1.09,True,40.86,OBSTRUCTED
5517,200,-91.04,0.96,True,41.86,OBSTRUCTED
5518,200,-91.32,2.51,True,36.82,OBSTRUCTED
5519,200,-90.14,1.88,True,44.64,OBSTRUCTED
5520,200,-85.79,1.22,True,42.89,OBSTRUCTED
5521,200,-86.71,4.14,True,38.34,OBSTRUCTED
5522,200,-87.03,4.68,True,39.36,OBSTRUCTED
5523,200,-88.45,4.56,True,37.71,OBSTRUCTED
5524,200,-84.76,2.74,True,38.14,OBSTRUCTED
5525,200,-84.46,-0.88,True,38.03,OBSTRUCTED
5526,200,-86.48,3.21,True,37.35,OBSTRUCTED
5527,200,-87.5,3.79,True,42.8,OBSTRUCTED
5528,200,-81.35,1.87,True,44.85,OBSTRUCTED
5529,200,-86.57,0.98,True,46.79,OBSTRUCTED
5530,200,-87.33,5.14,True,30.57,OBSTRUCTED
5531,200,-89.14,1.74,True,39.14,OBSTRUCTED
5532,200,-90.0,3.66,True,44.99,OBSTRUCTED
5533,200,-84.64,1.01,True,41.12,OBSTRUCTED
5534,200,-85.23,1.4,True,44.99,OBSTRUCTED
5535,200,-83.18,4.81,True,40.61,OBSTRUCTED
5536,200,-86.46,1.97,True,42.48,OBSTRUCTED
5537,200,-81.98,1.66,True,43.25,OBSTRUCTED
5538,200,-87.49,4.65,True,45.09,OBSTRUCTED
5539,200,-89.9,3.75,True,43.03,OBSTRUCTED
5540,200,-85.61,2.33,True,41.6,OBSTRUCTED
5541,200,-84.32,4.54,True,42.1,OBSTRUCTED
5542,200,-90.28,5.26,True,44.66,OBSTRUCTED
5543,200,-84.07,-1.02,True,48.17,OBSTRUCTED
5544,200,-88.26,2.66,True,43.74,OBSTRUCTED
5545,200,-83.1,2.73,True,44.85,OBSTRUCTED
5546,200,-84.63,-0.19,True,45.5,OBSTRUCTED
5547,200,-84.9,-1.23,True,40.84,OBSTRUCTED
5548,200,-86.27,1.06,True,36.24,OBSTRUCTED
5549,200,-83.04,-0.02,True,42.16,OBSTRUCTED
5550,200,-86.3,5.25,True,41.91,OBSTRUCTED
5551,200,-82.69,3.99,True,40.95,OBSTRUCTED
5552,200,-85.36,-3.21,True,43.38,OBSTRUCTED
5553,200,-89.59,1.13,True,38.74,OBSTRUCTED
5554,200,-85.14,3.51,True,38.91,OBSTRUCTED
5555,200,-83.07,2.68,True,39.24,OBSTRUCTED
5556,200,-86.56,-0.5,True,42.31,OBSTRUCTED
5557,200,-85.69,-1.82,True,42.11,OBSTRUCTED
5558,200,-84.33,-0.38,True,41.21,OBSTRUCTED
5559,200,-82.5,3.59,True,40.6,OBSTRUCTED
5560,200,-80.55,1.58,True,41.64,OBSTRUCTED
5561,200,-84.54,0.16,True,37.56,OBSTRUCTED
5562,200,-85.13,3.02,True,41.02,OBSTRUCTED
5563,200,-92.48,1.41,True,41.39,OBSTRUCTED
5564,200,-80.14,3.51,True,42.07,OBSTRUCTED
5565,200,-88.52,1.79,True,42.36,OBSTRUCTED
5566,200,-85.94,-0.89,True,42.82,OBSTRUCTED
5567,200,-80.17,0.16,True,43.24,OBSTRUCTED
5568,200,-87.47,1.78,True,40.27,OBSTRUCTED
5569,200,-86.45,3.69,True,37.41,OBSTRUCTED
5570,200,-86.39,2.37,True,41.54,OBSTRUCTED
5571,200,-81.33,2.1,True,43.1,OBSTRUCTED
5572,200,-82.5,3.31,True,42.34,OBSTRUCTED
5573,200,-82.24,1.6,True,40.71,OBSTRUCTED
5574,200,-89.2,3.6,True,36.16,OBSTRUCTED
5575,200,-89.76,-0.7,True,42.59,OBSTRUCTED
5576,200,-87.4,1.9,True,45.9,OBSTRUCTED
5577,200,-88.75,-0.53,True,45.23,OBSTRUCTED
5578,200,-86.59,0.1,True,37.15,OBSTRUCTED
5579,200,-92.24,5.46,True,40.42,OBSTRUCTED
5580,200,-85.13,0.35,True,48.3,OBSTRUCTED
5581,200,-84.56,1.23,True,35.59,OBSTRUCTED
5582,200,-78.92,2.77,True,45.2,OBSTRUCTED
5583,200,-85.3,5.27,True,43.0,OBSTRUCTED
5584,200,-86.81,0.91,True,46.44,OBSTRUCTED
5585,200,-82.71,6.29,True,42.91,OBSTRUCTED
5586,200,-86.45,-0.19,True,37.41,OBSTRUCTED
5587,200,-87.49,-0.17,True,40.34,OBSTRUCTED
5588,200,-90.6,3.03,True,40.59,OBSTRUCTED
5589,200,-89.09,5.26,True,40.16,OBSTRUCTED
5590,200,-86.34,1.19,True,46.08,OBSTRUCTED
5591,200,-89.98,4.2,True,37.14,OBSTRUCTED
5592,200,-83.18,-0.93,True,43.05,OBSTRUCTED
5593,200,-96.15,1.76,True,40.16,OBSTRUCTED
5594,200,-83.91,3.3,True,43.63,OBSTRUCTED
5595,200,-85.67,1.75,True,37.93,OBSTRUCTED
5596,200,-88.04,0.65,True,38.45,OBSTRUCTED
5597,200,-85.49,-1.58,True,40.54,OBSTRUCTED
5598,200,-84.14,5.43,True,40.48,OBSTRUCTED
5599,200,-80.88,-0.71,True,42.96,OBSTRUCTED
5600,200,-83.69,1.54,True,44.33,OBSTRUCTED
5601,200,-86.48,1.92,True,41.37,OBSTRUCTED
5602,200,-84.98,1.1,True,43.5,OBSTRUCTED
5603,200,-86.63,4.78,True,44.8,OBSTRUCTED
5604,200,-87.09,3.7,True,37.72,OBSTRUCTED
5605,200,-87.08,2.79,True,44.97,OBSTRUCTED
5606,200,-84.59,4.7,True,42.05,OBSTRUCTED
5607,200,-82.31,2.82,True,43.38,OBSTRUCTED
5608,200,-82.79,0.7,True,37.55,OBSTRUCTED
5609,200,-87.4,3.82,True,40.61,OBSTRUCTED
5610,200,-90.81,3.8,True,49.32,OBSTRUCTED
5611,200,-86.69,5.56,True,41.89,OBSTRUCTED
5612,200,-84.07,-0.21,True,49.62,OBSTRUCTED
5613,200,-78.8,-1.1,True,37.42,OBSTRUCTED
5614,200,-87.08,-0.51,True,40.85,OBSTRUCTED
5615,200,-84.3,5.45,True,38.65,OBSTRUCTED
5616,200,-81.05,1.69,True,38.22,OBSTRUCTED
5617,200,-94.07,-0.45,True,42.89,OBSTRUCTED
5618,200,-86.12,-1.23,True,37.02,OBSTRUCTED
5619,200,-92.85,2.93,True,41.08,OBSTRUCTED
5620,200,-84.38,4.01,True,38.17,OBSTRUCTED
5621,200,-90.6,-0.89,True,36.58,OBSTRUCTED
5622,200,-87.98,2.41,True,45.63,OBSTRUCTED
5623,200,-86.01,-3.13,True,38.24,OBSTRUCTED
5624,200,-84.44,1.55,True,43.46,OBSTRUCTED
5625,200,-89.57,3.49,True,39.77,OBSTRUCTED
5626,200,-82.73,3.21,True,39.79,OBSTRUCTED
5627,200,-84.27,2.48,True,38.41,OBSTRUCTED
5628,200,-86.95,1.49,True,37.96,OBSTRUCTED
5629,200,-84.71,2.97,True,39.44,OBSTRUCTED
5630,200,-86.55,4.28,True,45.01,OBSTRUCTED
5631,200,-84.64,1.65,True,47.11,OBSTRUCTED
5632,200,-87.86,2.6,True,40.0,OBSTRUCTED
5633,200,-92.48,5.85,True,41.01,OBSTRUCTED
5634,200,-89.19,4.37,True,43.92,OBSTRUCTED
5635,200,-91.3,5.8,True,35.3,OBSTRUCTED
5636,200,-87.25,-0.16,True,40.28,OBSTRUCTED
5637,200,-87.34,3.66,True,36.84,OBSTRUCTED
5638,200,-89.3,-0.22,True,48.49,OBSTRUCTED
5639,200,-87.26,6.21,True,39.65,OBSTRUCTED
5640,200,-95.25,3.16,True,43.02,OBSTRUCTED
5641,200,-92.28,3.66,True,42.49,OBSTRUCTED
5642,200,-84.0,1.66,True,40.98,OBSTRUCTED
5643,200,-79.69,2.75,True,40.6,OBSTRUCTED
5644,200,-89.8,1.95,True,41.1,OBSTRUCTED
5645,200,-80.29,1.05,True,43.21,OBSTRUCTED
5646,200,-83.92,5.63,True,41.8,OBSTRUCTED
5647,200,-84.14,1.85,True,44.82,OBSTRUCTED
5648,200,-80.16,0.56,True,43.52,OBSTRUCTED
5649,200,-86.63,-1.8,True,35.52,OBSTRUCTED
5650,200,-91.23,1.0,True,40.96,OBSTRUCTED
5651,200,-87.45,2.54,True,42.35,OBSTRUCTED
5652,200,-81.09,-0.46,True,40.84,OBSTRUCTED
5653,200,-81.42,3.12,True,44.9,OBSTRUCTED
5654,200,-82.4,5.18,True,36.87,OBSTRUCTED
5655,200,-81.15,1.59,True,39.02,OBSTRUCTED
5656,200,-85.65,1.03,True,42.54,OBSTRUCTED
5657,200,-88.74,4.78,True,46.17,OBSTRUCTED
5658,200,-81.2,0.71,True,45.47,OBSTRUCTED
5659,200,-88.05,-1.8,True,38.36,OBSTRUCTED
5660,200,-82.42,-0.56,True,41.95,OBSTRUCTED
5661,200,-83.02,3.21,True,45.85,OBSTRUCTED
5662,200,-82.46,-2.98,True,38.33,OBSTRUCTED
5663,200,-82.32,2.45,True,39.48,OBSTRUCTED
5664,200,-84.18,-0.49,True,40.04,OBSTRUCTED
5665,200,-83.61,0.45,True,34.57,OBSTRUCTED
5666,200,-91.05,0.37,True,36.85,OBSTRUCTED
5667,200,-79.65,0.12,True,42.19,OBSTRUCTED
5668,200,-80.73,1.08,True,43.27,OBSTRUCTED
5669,200,-90.51,4.96,True,44.83,OBSTRUCTED
5670,200,-81.75,2.55,True,45.74,OBSTRUCTED
5671,200,-88.24,0.8,True,41.41,OBSTRUCTED
5672,200,-83.46,3.79,True,35.98,OBSTRUCTED
5673,200,-82.73,3.62,True,47.85,OBSTRUCTED
5674,200,-86.9,1.11,False,,OBSTRUCTED
5675,200,-86.45,1.19,True,41.27,OBSTRUCTED
5676,200,-84.99,2.12,True,46.14,OBSTRUCTED
5677,200,-90.92,0.95,True,36.6,OBSTRUCTED
5678,200,-84.61,2.53,True,43.89,OBSTRUCTED
5679,200,-86.26,3.72,True,36.03,OBSTRUCTED
5680,200,-86.39,0.42,True,41.22,OBSTRUCTED
5681,200,-82.52,0.99,True,42.73,OBSTRUCTED
5682,200,-86.04,-2.45,True,41.72,OBSTRUCTED
5683,200,-85.57,0.11,True,44.12,OBSTRUCTED
5684,200,-78.32,3.74,True,46.43,OBSTRUCTED
5685,200,-83.74,0.48,True,41.35,OBSTRUCTED
5686,200,-79.96,2.29,True,38.48,OBSTRUCTED
5687,200,-91.41,6.67,True,45.14,OBSTRUCTED
5688,200,-96.06,3.42,True,33.52,OBSTRUCTED
5689,200,-80.63,-1.02,True,39.5,OBSTRUCTED
5690,200,-87.4,-0.13,True,35.93,OBSTRUCTED
5691,200,-86.57,1.52,True,42.9,OBSTRUCTED
5692,200,-83.55,1.4,True,36.78,OBSTRUCTED
5693,200,-87.11,0.81,True,47.63,OBSTRUCTED
5694,200,-86.25,-2.27,True,50.24,OBSTRUCTED
5695,200,-90.05,3.36,True,39.9,OBSTRUCTED
5696,200,-87.64,3.25,True,38.98,OBSTRUCTED
5697,200,-90.99,5.76,True,40.92,OBSTRUCTED
5698,200,-84.98,3.01,True,42.95,OBSTRUCTED
5699,200,-85.12,2.84,True,39.56,OBSTRUCTED
5700,200,-82.12,3.38,True,36.26,OBSTRUCTED
5701,200,-91.09,-1.34,True,40.68,OBSTRUCTED
5702,200,-85.88,1.65,True,38.24,OBSTRUCTED
5703,200,-85.34,3.15,True,47.23,OBSTRUCTED
5704,200,-86.68,2.97,True,44.47,OBSTRUCTED
5705,200,-84.23,4.75,True,41.13,OBSTRUCTED
5706,200,-86.1,2.78,True,37.71,OBSTRUCTED
5707,200,-86.55,0.68,True,43.12,OBSTRUCTED
5708,200,-86.7,1.55,True,49.72,OBSTRUCTED
5709,200,-87.8,0.18,True,47.88,OBSTRUCTED
5710,200,-87.43,1.26,True,40.92,OBSTRUCTED
5711,200,-85.16,2.57,True,42.27,OBSTRUCTED
5712,200,-83.09,1.07,True,40.0,OBSTRUCTED
5713,200,-80.41,0.26,True,44.08,OBSTRUCTED
5714,200,-88.74,2.18,True,46.39,OBSTRUCTED
5715,200,-88.94,2.32,True,41.39,OBSTRUCTED
5716,200,-91.93,1.45,True,37.57,OBSTRUCTED
5717,200,-88.87,0.91,True,36.07,OBSTRUCTED
5718,200,-90.06,-0.91,True,41.6,OBSTRUCTED
5719,200,-85.23,3.56,True,42.61,OBSTRUCTED
5720,200,-90.28,1.06,True,45.96,OBSTRUCTED
5721,200,-83.1,3.18,True,41.71,OBSTRUCTED
5722,200,-80.3,1.92,True,40.57,OBSTRUCTED
5723,200,-85.75,2.42,True,38.64,OBSTRUCTED
5724,200,-87.12,1.44,True,39.46,OBSTRUCTED
5725,200,-88.47,4.05,True,40.3,OBSTRUCTED
5726,200,-88.67,3.05,True,38.32,OBSTRUCTED
5727,200,-81.65,3.97,True,43.45,OBSTRUCTED
5728,200,-87.15,3.04,True,41.91,OBSTRUCTED
5729,200,-85.84,3.6,True,37.5,OBSTRUCTED
5730,200,-87.37,3.21,True,37.49,OBSTRUCTED
5731,200,-85.21,2.52,True,38.32,OBSTRUCTED
5732,200,-87.12,0.59,True,38.05,OBSTRUCTED
5733,200,-87.61,1.93,True,43.57,OBSTRUCTED
5734,200,-83.48,2.19,True,37.77,OBSTRUCTED
5735,200,-80.27,3.45,True,43.82,OBSTRUCTED
5736,200,-85.79,-1.78,True,35.71,OBSTRUCTED
5737,200,-91.61,0.76,True,40.44,OBSTRUCTED
5738,200,-87.18,2.45,True,41.04,OBSTRUCTED
5739,200,-89.81,2.77,True,42.39,OBSTRUCTED
5740,200,-88.87,0.44,True,46.06,OBSTRUCTED
5741,200,-80.92,1.78,True,39.32,OBSTRUCTED
5742,200,-85.06,1.74,True,42.07,OBSTRUCTED
5743,200,-89.56,1.35,True,40.82,OBSTRUCTED
5744,200,-81.63,4.86,True,43.9,OBSTRUCTED
5745,200,-85.76,3.38,True,49.31,OBSTRUCTED
5746,200,-89.6,2.25,True,35.56,OBSTRUCTED
5747,200,-77.59,-0.86,True,37.59,OBSTRUCTED
5748,200,-84.48,-2.4,True,44.39,OBSTRUCTED
5749,200,-88.2,-2.55,True,35.11,OBSTRUCTED
5750,200,-90.13,0.78,True,39.82,OBSTRUCTED
5751,200,-85.18,1.09,True,40.32,OBSTRUCTED
5752,200,-79.21,3.35,True,39.34,OBSTRUCTED
5753,200,-90.95,1.21,True,38.43,OBSTRUCTED
5754,200,-86.72,0.25,True,40.15,OBSTRUCTED
5755,200,-91.92,6.71,True,44.27,OBSTRUCTED
5756,200,-85.09,-0.5,True,41.31,OBSTRUCTED
5757,200,-87.83,4.61,True,38.75,OBSTRUCTED
5758,200,-81.8,2.08,True,38.17,OBSTRUCTED
5759,200,-81.64,5.53,True,39.21,OBSTRUCTED
5760,200,-90.0,0.08,True,44.42,OBSTRUCTED
5761,200,-86.91,3.8,True,37.04,OBSTRUCTED
5762,200,-86.15,2.41,True,44.75,OBSTRUCTED
5763,200,-84.9,0.7,False,,OBSTRUCTED
5764,200,-87.61,-0.03,True,40.56,OBSTRUCTED
5765,200,-85.95,2.07,True,40.35,OBSTRUCTED
5766,200,-80.73,-0.28,True,42.0,OBSTRUCTED
5767,200,-90.21,3.88,True,39.7,OBSTRUCTED
5768,200,-82.98,3.79,True,39.77,OBSTRUCTED
5769,200,-84.13,2.04,True,39.47,OBSTRUCTED
5770,200,-82.49,-0.51,True,38.3,OBSTRUCTED
5771,200,-85.48,6.0,True,38.95,OBSTRUCTED
5772,200,-88.07,4.43,True,42.71,OBSTRUCTED
5773,200,-86.72,0.77,True,44.02,OBSTRUCTED
5774,200,-81.26,3.4,True,39.63,OBSTRUCTED
5775,200,-84.85,3.08,True,44.95,OBSTRUCTED
5776,200,-80.6,-0.85,True,42.46,OBSTRUCTED
5777,200,-94.66,5.3,True,47.01,OBSTRUCTED
5778,200,-84.58,2.06,True,38.56,OBSTRUCTED
5779,200,-85.39,2.34,True,39.42,OBSTRUCTED
5780,200,-91.03,1.95,True,43.42,OBSTRUCTED
5781,200,-80.28,1.75,True,37.55,OBSTRUCTED
5782,200,-93.02,4.64,True,39.48,OBSTRUCTED
5783,200,-81.62,-1.29,True,40.76,OBSTRUCTED
5784,200,-83.13,1.6,True,39.0,OBSTRUCTED
5785,200,-94.23,3.96,True,48.11,OBSTRUCTED
5786,200,-93.11,3.18,True,37.57,OBSTRUCTED
5787,200,-87.33,1.76,True,31.98,OBSTRUCTED
5788,200,-79.9,0.02,True,32.57,OBSTRUCTED
5789,200,-80.45,1.19,True,43.56,OBSTRUCTED
5790,200,-84.85,2.68,True,36.83,OBSTRUCTED
5791,200,-82.42,3.76,True,53.48,OBSTRUCTED
5792,200,-91.28,-2.25,True,43.32,OBSTRUCTED
5793,200,-82.54,1.78,True,38.3,OBSTRUCTED
5794,200,-83.92,1.95,True,40.59,OBSTRUCTED
5795,200,-86.35,0.24,True,44.76,OBSTRUCTED
5796,200,-85.94,0.05,True,33.82,OBSTRUCTED
5797,200,-81.09,0.88,True,43.4,OBSTRUCTED
5798,200,-87.9,3.58,True,44.03,OBSTRUCTED
5799,200,-90.02,0.92,True,39.56,OBSTRUCTED
5800,200,-81.98,2.78,True,47.61,OBSTRUCTED
5801,200,-78.52,3.1,True,32.6,OBSTRUCTED
5802,200,-86.12,-0.88,True,48.54,OBSTRUCTED
5803,200,-89.94,0.35,True,39.24,OBSTRUCTED
5804,200,-87.48,1.63,True,40.91,OBSTRUCTED
5805,200,-84.89,2.97,True,38.15,OBSTRUCTED
5806,200,-80.79,0.19,True,41.8,OBSTRUCTED
5807,200,-87.84,2.16,True,43.18,OBSTRUCTED
5808,200,-88.13,3.79,True,41.73,OBSTRUCTED
5809,200,-85.52,0.49,True,40.46,OBSTRUCTED
5810,200,-89.63,4.61,True,44.27,OBSTRUCTED
5811,200,-88.39,-0.6,True,48.01,OBSTRUCTED
5812,200,-87.71,0.33,True,45.47,OBSTRUCTED
5813,200,-85.17,3.4,True,39.56,OBSTRUCTED
5814,200,-87.65,6.42,True,40.54,OBSTRUCTED
5815,200,-81.99,5.97,True,38.14,OBSTRUCTED
5816,200,-89.38,-1.98,True,43.7,OBSTRUCTED
5817,200,-82.89,-0.57,True,42.5,OBSTRUCTED
5818,200,-85.53,5.18,True,43.9,OBSTRUCTED
5819,200,-88.88,5.64,True,40.48,OBSTRUCTED
5820,200,-81.59,3.16,True,46.61,OBSTRUCTED
5821,200,-83.44,3.18,True,36.78,OBSTRUCTED
5822,200,-84.93,1.83,True,41.42,OBSTRUCTED
5823,200,-94.16,1.99,True,42.3,OBSTRUCTED
5824,200,-85.47,2.41,True,37.42,OBSTRUCTED
5825,200,-87.44,2.66,True,46.28,OBSTRUCTED
5826,200,-82.77,4.48,True,37.14,OBSTRUCTED
5827,200,-87.68,0.55,True,38.18,OBSTRUCTED
5828,200,-86.25,-1.19,True,43.72,OBSTRUCTED
5829,200,-93.21,3.17,True,39.13,OBSTRUCTED
5830,200,-86.19,1.39,True,40.14,OBSTRUCTED
5831,200,-90.16,0.59,True,42.32,OBSTRUCTED
5832,200,-83.49,3.31,True,40.88,OBSTRUCTED
5833,200,-91.43,3.08,True,38.14,OBSTRUCTED
5834,200,-88.7,5.21,True,49.5,OBSTRUCTED
5835,200,-83.9,1.82,True,37.96,OBSTRUCTED
5836,200,-84.32,3.33,True,44.56,OBSTRUCTED
5837,200,-89.67,-0.65,True,39.88,OBSTRUCTED
5838,200,-82.13,-0.91,True,42.3,OBSTRUCTED
5839,200,-84.03,2.05,True,47.46,OBSTRUCTED
5840,200,-85.19,2.6,True,41.3,OBSTRUCTED
5841,200,-82.11,2.62,True,45.81,OBSTRUCTED
5842,200,-83.99,2.58,True,33.8,OBSTRUCTED
5843,200,-82.72,3.99,True,40.28,OBSTRUCTED
5844,200,-87.82,0.05,True,36.87,OBSTRUCTED
5845,200,-81.61,1.84,True,42.1,OBSTRUCTED
5846,200,-87.68,-0.11,True,47.77,OBSTRUCTED
5847,200,-84.03,4.06,True,41.28,OBSTRUCTED
5848,200,-80.19,4.09,True,43.54,OBSTRUCTED
5849,200,-86.5,0.86,True,41.98,OBSTRUCTED
5850,200,-84.96,-2.49,True,32.86,OBSTRUCTED
5851,200,-89.32,1.29,True,34.67,OBSTRUCTED
5852,200,-86.36,0.52,True,39.74,OBSTRUCTED
5853,200,-86.33,-0.78,True,38.93,OBSTRUCTED
5854,200,-89.96,1.81,True,34.37,OBSTRUCTED
5855,200,-83.25,1.49,True,37.19,OBSTRUCTED
5856,200,-87.93,-0.03,True,39.04,OBSTRUCTED
5857,200,-90.47,-1.99,True,38.06,OBSTRUCTED
5858,200,-85.91,3.19,True,42.24,OBSTRUCTED
5859,200,-89.74,5.18,True,46.38,OBSTRUCTED
5860,200,-84.02,1.23,True,43.86,OBSTRUCTED
5861,200,-83.32,1.67,True,45.4,OBSTRUCTED
5862,200,-85.94,3.28,True,40.4,OBSTRUCTED
5863,200,-83.06,2.05,True,40.97,OBSTRUCTED
5864,200,-89.56,2.58,True,40.2,OBSTRUCTED
5865,200,-89.36,-0.1,True,48.12,OBSTRUCTED
5866,200,-86.24,-0.14,True,41.7,OBSTRUCTED
5867,200,-81.49,2.66,True,38.14,OBSTRUCTED
5868,200,-87.62,3.38,True,41.05,OBSTRUCTED
5869,200,-82.44,1.83,True,44.66,OBSTRUCTED
5870,200,-88.39,3.09,True,47.62,OBSTRUCTED
5871,200,-82.63,3.78,True,40.14,OBSTRUCTED
5872,200,-81.88,2.88,True,39.15,OBSTRUCTED
5873,200,-88.11,-1.69,True,41.07,OBSTRUCTED
5874,200,-90.64,-0.28,True,42.95,OBSTRUCTED
5875,200,-94.19,3.64,True,39.96,OBSTRUCTED
5876,200,-93.02,3.32,True,36.84,OBSTRUCTED
5877,200,-92.74,1.92,True,42.72,OBSTRUCTED
5878,200,-89.44,2.21,True,43.07,OBSTRUCTED
5879,200,-84.2,0.15,True,47.93,OBSTRUCTED
5880,200,-85.55,1.56,True,37.02,OBSTRUCTED
5881,200,-87.37,0.03,True,41.38,OBSTRUCTED
5882,200,-88.65,2.07,True,37.26,OBSTRUCTED
5883,200,-86.81,0.62,True,43.25,OBSTRUCTED
5884,200,-87.7,0.77,True,36.33,OBSTRUCTED
5885,200,-81.5,5.36,True,42.27,OBSTRUCTED
5886,200,-82.22,-0.44,True,36.54,OBSTRUCTED
5887,200,-85.39,3.83,True,47.39,OBSTRUCTED
5888,200,-87.64,1.69,True,41.98,OBSTRUCTED
5889,200,-91.92,1.24,True,44.11,OBSTRUCTED
5890,200,-89.87,1.35,True,41.12,OBSTRUCTED
5891,200,-88.94,3.13,True,38.68,OBSTRUCTED
5892,200,-87.69,1.07,True,43.3,OBSTRUCTED
5893,200,-82.46,-0.19,True,44.17,OBSTRUCTED
5894,200,-85.86,-0.3,True,39.0,OBSTRUCTED
5895,200,-94.49,3.62,True,39.04,OBSTRUCTED
5896,200,-84.79,1.31,True,46.58,OBSTRUCTED
5897,200,-82.14,-0.43,True,41.72,OBSTRUCTED
5898,200,-83.9,3.5,True,46.05,OBSTRUCTED
5899,200,-83.51,3.89,True,40.05,OBSTRUCTED
5900,200,-92.37,2.18,True,37.33,OBSTRUCTED
5901,200,-85.67,1.63,True,36.6,OBSTRUCTED
5902,200,-81.56,3.08,True,43.46,OBSTRUCTED
5903,200,-80.93,-2.67,True,38.26,OBSTRUCTED
5904,200,-92.21,-0.08,False,,OBSTRUCTED
5905,200,-85.44,4.29,True,46.03,OBSTRUCTED
5906,200,-87.35,1.41,True,33.89,OBSTRUCTED
5907,200,-88.65,0.06,True,42.39,OBSTRUCTED
5908,200,-84.45,4.28,True,36.65,OBSTRUCTED
5909,200,-87.62,3.73,True,33.23,OBSTRUCTED
5910,200,-87.28,2.25,True,47.98,OBSTRUCTED
5911,200,-88.73,1.96,True,44.12,OBSTRUCTED
5912,200,-82.22,-0.68,True,46.81,OBSTRUCTED
5913,200,-85.03,2.65,True,43.77,OBSTRUCTED
5914,200,-83.76,-1.45,True,40.65,OBSTRUCTED
5915,200,-88.11,-0.24,True,38.59,OBSTRUCTED
5916,200,-85.07,4.05,True,43.47,OBSTRUCTED
5917,200,-89.84,1.9,True,40.67,OBSTRUCTED
5918,200,-83.86,1.52,True,43.25,OBSTRUCTED
5919,200,-91.56,-2.22,True,43.82,OBSTRUCTED
5920,200,-83.8,2.84,True,38.21,OBSTRUCTED
5921,200,-90.57,3.49,True,38.29,OBSTRUCTED
5922,200,-91.34,1.05,True,42.41,OBSTRUCTED
5923,200,-93.49,-0.54,True,45.63,OBSTRUCTED
5924,200,-84.88,2.2,True,43.04,OBSTRUCTED
5925,200,-83.6,1.03,True,43.46,OBSTRUCTED
5926,200,-91.94,1.19,True,41.92,OBSTRUCTED
5927,200,-82.11,1.15,True,47.49,OBSTRUCTED
5928,200,-85.46,1.22,True,39.57,OBSTRUCTED
5929,200,-83.96,0.42,True,42.76,OBSTRUCTED
5930,200,-82.82,-0.59,True,38.15,OBSTRUCTED
5931,200,-91.46,1.65,True,38.36,OBSTRUCTED
5932,200,-88.84,1.29,True,39.65,OBSTRUCTED
5933,200,-89.45,-0.47,True,42.14,OBSTRUCTED
5934,200,-81.42,0.71,True,41.91,OBSTRUCTED
5935,200,-82.95,4.31,True,40.82,OBSTRUCTED
5936,200,-87.6,-2.24,True,44.63,OBSTRUCTED
5937,200,-90.36,-0.65,True,37.66,OBSTRUCTED
5938,200,-86.59,-0.31,True,43.44,OBSTRUCTED
5939,200,-84.48,2.1,True,44.06,OBSTRUCTED
5940,200,-90.19,3.71,True,41.06,OBSTRUCTED
5941,200,-87.05,3.64,True,43.25,OBSTRUCTED
5942,200,-89.62,3.29,True,34.43,OBSTRUCTED
5943,200,-84.25,-2.34,True,42.87,OBSTRUCTED
5944,200,-82.44,-0.37,True,47.52,OBSTRUCTED
5945,200,-83.21,3.66,True,43.01,OBSTRUCTED
5946,200,-86.42,-4.82,True,46.87,OBSTRUCTED
5947,200,-85.73,0.36,True,42.69,OBSTRUCTED
5948,200,-89.17,3.04,True,43.25,OBSTRUCTED
5949,200,-88.52,2.47,True,47.74,OBSTRUCTED
5950,200,-82.33,1.24,True,35.7,OBSTRUCTED
5951,200,-84.59,1.01,True,41.74,OBSTRUCTED
5952,200,-85.42,-2.75,True,39.56,OBSTRUCTED
5953,200,-86.21,0.57,True,39.77,OBSTRUCTED
5954,200,-88.52,0.97,True,42.54,OBSTRUCTED
5955,200,-84.55,-1.49,True,41.48,OBSTRUCTED
5956,200,-86.32,1.69,True,42.1,OBSTRUCTED
5957,200,-87.7,5.57,True,41.43,OBSTRUCTED
5958,200,-85.98,-0.19,True,42.89,OBSTRUCTED
5959,200,-82.56,-0.82,True,39.38,OBSTRUCTED
5960,200,-88.8,4.17,True,34.2,OBSTRUCTED
5961,200,-88.56,4.19,True,34.01,OBSTRUCTED
5962,200,-89.92,1.65,True,42.28,OBSTRUCTED
5963,200,-87.26,-0.45,True,40.14,OBSTRUCTED
5964,200,-96.25,0.82,True,37.17,OBSTRUCTED
5965,200,-90.7,2.16,True,37.65,OBSTRUCTED
5966,200,-87.27,3.18,True,35.93,OBSTRUCTED
5967,200,-87.39,1.89,True,43.01,OBSTRUCTED
5968,200,-86.34,2.34,True,38.73,OBSTRUCTED
5969,200,-80.09,3.32,True,48.97,OBSTRUCTED
5970,200,-91.41,1.77,True,40.25,OBSTRUCTED
5971,200,-88.5,-0.31,True,37.32,OBSTRUCTED
5972,200,-88.94,2.33,True,34.54,OBSTRUCTED
5973,200,-82.57,2.14,True,41.36,OBSTRUCTED
5974,200,-88.62,2.46,True,34.37,OBSTRUCTED
5975,200,-82.5,-0.92,True,42.93,OBSTRUCTED
5976,200,-93.94,5.26,True,36.25,OBSTRUCTED
5977,200,-88.43,1.25,True,40.6,OBSTRUCTED
5978,200,-79.29,-0.52,True,48.24,OBSTRUCTED
5979,200,-84.47,3.68,True,35.32,OBSTRUCTED
5980,200,-90.69,1.46,True,38.34,OBSTRUCTED
5981,200,-87.6,1.67,True,40.78,OBSTRUCTED
5982,200,-93.94,3.3,True,40.35,OBSTRUCTED
5983,200,-87.57,3.99,True,39.42,OBSTRUCTED
5984,200,-87.7,-0.63,True,39.71,OBSTRUCTED
5985,200,-89.63,4.35,True,42.73,OBSTRUCTED
5986,200,-91.14,3.08,True,40.87,OBSTRUCTED
5987,200,-91.22,-0.66,True,43.05,OBSTRUCTED
5988,200,-81.98,-0.02,True,48.72,OBSTRUCTED
5989,200,-87.44,8.11,True,40.99,OBSTRUCTED
5990,200,-84.81,1.6,True,41.48,OBSTRUCTED
5991,200,-83.23,-1.75,True,44.53,OBSTRUCTED
5992,200,-85.12,0.58,True,37.99,OBSTRUCTED
5993,200,-86.29,0.43,True,38.38,OBSTRUCTED
5994,200,-93.81,2.02,True,40.21,OBSTRUCTED
5995,200,-89.93,-0.49,True,43.74,OBSTRUCTED
5996,200,-87.85,2.64,True,43.19,OBSTRUCTED
5997,200,-84.78,2.17,True,40.46,OBSTRUCTED
5998,200,-86.1,3.95,True,46.44,OBSTRUCTED
5999,200,-82.65,2.63,True,36.89,OBSTRUCTED
6000,200,-88.04,0.88,True,40.11,OBSTRUCTED
6001,200,-89.84,5.15,True,35.7,OBSTRUCTED
6002,200,-85.7,2.91,True,40.06,OBSTRUCTED
6003,200,-84.91,1.64,True,41.15,OBSTRUCTED
6004,200,-86.75,1.82,True,41.55,OBSTRUCTED
6005,200,-83.81,0.01,True,37.39,OBSTRUCTED
6006,200,-86.94,2.25,True,38.5,OBSTRUCTED
6007,200,-86.02,4.93,True,42.66,OBSTRUCTED
6008,200,-84.99,3.03,True,40.27,OBSTRUCTED
6009,200,-85.69,3.62,True,36.89,OBSTRUCTED
6010,200,-86.13,2.67,True,34.71,OBSTRUCTED
6011,200,-86.4,0.76,True,38.94,OBSTRUCTED
6012,200,-87.45,-0.21,True,35.67,OBSTRUCTED
6013,200,-90.58,3.76,True,44.96,OBSTRUCTED
6014,200,-89.17,-0.24,True,36.36,OBSTRUCTED
6015,200,-90.46,1.78,False,,OBSTRUCTED
6016,200,-88.35,6.12,True,44.3,OBSTRUCTED
6017,200,-86.41,4.6,True,44.47,OBSTRUCTED
6018,200,-83.38,1.35,True,41.95,OBSTRUCTED
6019,200,-90.36,-0.33,True,42.36,OBSTRUCTED
6020,200,-82.36,4.93,True,40.82,OBSTRUCTED
6021,200,-83.29,2.16,True,33.98,OBSTRUCTED
6022,200,-86.61,4.08,True,41.83,OBSTRUCTED
6023,200,-90.17,-0.88,True,39.83,OBSTRUCTED
6024,200,-88.52,0.83,True,40.85,OBSTRUCTED
6025,200,-83.93,2.32,True,37.47,OBSTRUCTED
6026,200,-83.01,2.52,True,45.87,OBSTRUCTED
6027,200,-86.06,4.92,True,44.44,OBSTRUCTED
6028,200,-86.96,3.43,True,41.87,OBSTRUCTED
6029,200,-84.24,2.67,True,45.09,OBSTRUCTED
6030,200,-86.6,0.25,True,45.09,OBSTRUCTED
6031,200,-82.8,3.7,True,46.76,OBSTRUCTED
6032,200,-90.42,-1.74,True,38.69,OBSTRUCTED
6033,200,-93.51,3.44,True,43.27,OBSTRUCTED
6034,200,-84.86,1.65,True,39.63,OBSTRUCTED
6035,200,-93.41,5.07,True,35.56,OBSTRUCTED
6036,200,-84.99,2.6,True,38.15,OBSTRUCTED
6037,200,-87.57,2.32,True,40.37,OBSTRUCTED
6038,200,-91.56,0.09,True,42.76,OBSTRUCTED
6039,200,-86.09,4.89,True,38.7,OBSTRUCTED
6040,200,-80.63,0.54,True,43.21,OBSTRUCTED
6041,200,-88.44,1.42,True,45.46,OBSTRUCTED
6042,200,-81.71,0.86,True,37.56,OBSTRUCTED
6043,200,-83.66,0.48,True,46.62,OBSTRUCTED
6044,200,-88.47,2.23,True,36.59,OBSTRUCTED
6045,200,-86.56,4.7,True,44.18,OBSTRUCTED
6046,200,-88.59,0.26,True,38.57,OBSTRUCTED
6047,200,-92.54,3.79,True,36.98,OBSTRUCTED
6048,200,-83.41,4.55,True,42.46,OBSTRUCTED
6049,200,-82.96,-2.21,True,45.23,OBSTRUCTED
6050,200,-83.72,2.33,True,38.96,OBSTRUCTED
6051,200,-81.74,0.7,True,40.51,OBSTRUCTED
6052,200,-87.59,4.32,True,38.17,OBSTRUCTED
6053,200,-86.39,2.37,True,40.21,OBSTRUCTED
6054,200,-86.73,3.98,True,36.38,OBSTRUCTED
6055,200,-86.61,3.26,True,33.58,OBSTRUCTED
6056,200,-85.29,3.53,True,42.35,OBSTRUCTED
6057,200,-84.72,5.39,True,43.19,OBSTRUCTED
6058,200,-83.15,3.26,True,41.62,OBSTRUCTED
6059,200,-88.25,4.09,True,39.35,OBSTRUCTED
6060,200,-87.99,0.85,True,36.11,OBSTRUCTED
6061,200,-85.8,1.32,True,39.45,OBSTRUCTED
6062,200,-87.01,3.38,True,43.05,OBSTRUCTED
6063,200,-91.02,0.05,True,38.47,OBSTRUCTED
6064,200,-85.82,1.7,True,39.99,OBSTRUCTED
6065,200,-82.32,-2.14,True,41.25,OBSTRUCTED
6066,200,-84.16,0.86,True,44.25,OBSTRUCTED
6067,200,-85.57,-3.45,True,32.8,OBSTRUCTED
6068,200,-85.06,0.92,True,41.02,OBSTRUCTED
6069,200,-84.93,1.76,True,44.49,OBSTRUCTED
6070,200,-85.16,-0.2,True,42.38,OBSTRUCTED
6071,200,-88.62,2.86,True,34.59,OBSTRUCTED
6072,200,-86.37,1.29,True,37.12,OBSTRUCTED
6073,200,-81.37,1.85,True,45.21,OBSTRUCTED
6074,200,-88.18,5.1,True,35.11,OBSTRUCTED
6075,200,-81.7,0.16,True,35.65,OBSTRUCTED
6076,200,-89.03,-1.99,True,42.76,OBSTRUCTED
6077,200,-83.54,1.6,True,45.73,OBSTRUCTED
6078,200,-81.23,2.17,True,37.97,OBSTRUCTED
6079,200,-90.07,1.19,True,44.76,OBSTRUCTED
6080,200,-90.67,5.09,True,42.67,OBSTRUCTED
6081,200,-90.84,1.33,True,42.41,OBSTRUCTED
6082,200,-90.72,2.56,True,42.82,OBSTRUCTED
6083,200,-87.6,-1.74,True,45.3,OBSTRUCTED
6084,200,-89.67,1.0,True,41.56,OBSTRUCTED
6085,200,-90.52,2.13,True,45.47,OBSTRUCTED
6086,200,-86.86,1.6,True,42.4,OBSTRUCTED
6087,200,-80.71,3.54,True,41.62,OBSTRUCTED
6088,200,-88.5,4.01,True,45.34,OBSTRUCTED
6089,200,-85.64,1.91,True,43.48,OBSTRUCTED
6090,200,-85.84,-0.58,True,38.52,OBSTRUCTED
6091,200,-89.52,5.42,True,42.86,OBSTRUCTED
6092,200,-84.53,3.87,True,44.83,OBSTRUCTED
6093,200,-87.6,2.58,True,44.76,OBSTRUCTED
6094,200,-77.99,3.85,True,35.43,OBSTRUCTED
6095,200,-82.44,2.11,True,42.57,OBSTRUCTED
6096,200,-85.72,-0.6,True,47.0,OBSTRUCTED
6097,200,-86.79,1.11,True,41.79,OBSTRUCTED
6098,200,-94.75,2.45,True,40.1,OBSTRUCTED
6099,200,-88.25,4.0,True,37.78,OBSTRUCTED
6100,200,-88.96,2.02,True,40.35,OBSTRUCTED
6101,200,-88.2,-0.87,True,37.01,OBSTRUCTED
6102,200,-83.93,5.68,True,42.48,OBSTRUCTED
6103,200,-88.7,3.04,True,43.57,OBSTRUCTED
6104,200,-91.89,4.34,True,39.49,OBSTRUCTED
6105,200,-80.67,3.49,True,42.02,OBSTRUCTED
6106,200,-85.95,3.35,True,37.9,OBSTRUCTED
6107,200,-84.52,-0.53,True,42.1,OBSTRUCTED
6108,200,-84.71,1.05,True,37.9,OBSTRUCTED
6109,200,-87.47,0.93,True,40.0,OBSTRUCTED
6110,200,-81.34,3.07,True,35.51,OBSTRUCTED
6111,200,-89.72,-1.04,True,43.27,OBSTRUCTED
6112,200,-87.21,3.03,True,42.51,OBSTRUCTED
6113,200,-86.93,5.43,True,51.22,OBSTRUCTED
6114,200,-85.15,1.78,True,40.72,OBSTRUCTED
6115,200,-86.17,1.53,True,47.64,OBSTRUCTED
6116,200,-83.79,0.51,True,42.67,OBSTRUCTED
6117,200,-89.7,1.61,True,46.12,OBSTRUCTED
6118,200,-89.19,1.45,True,43.71,OBSTRUCTED
6119,200,-86.92,-0.16,True,41.36,OBSTRUCTED
6120,200,-87.24,2.62,True,44.1,OBSTRUCTED
6121,200,-90.54,1.19,True,39.81,OBSTRUCTED
6122,200,-88.56,2.66,True,37.25,OBSTRUCTED
6123,200,-86.61,0.85,True,41.53,OBSTRUCTED
6124,200,-90.05,2.25,True,41.68,OBSTRUCTED
6125,200,-83.28,-0.25,True,37.92,OBSTRUCTED
6126,200,-95.2,2.3,True,40.3,OBSTRUCTED
6127,200,-91.61,4.28,True,39.53,OBSTRUCTED
6128,200,-85.52,0.04,True,39.44,OBSTRUCTED
6129,200,-83.3,1.04,True,43.09,OBSTRUCTED
6130,200,-88.45,0.2,True,43.03,OBSTRUCTED
6131,200,-83.78,3.03,True,50.78,OBSTRUCTED
6132,200,-83.12,2.78,True,41.14,OBSTRUCTED
6133,200,-87.28,3.36,True,38.13,OBSTRUCTED
6134,200,-93.44,4.29,True,42.31,OBSTRUCTED
6135,200,-86.65,4.76,True,48.9,OBSTRUCTED
6136,200,-82.22,2.98,True,35.01,OBSTRUCTED
6137,200,-89.4,3.98,True,40.2,OBSTRUCTED
6138,200,-84.76,3.47,True,39.67,OBSTRUCTED
6139,200,-83.87,0.05,True,44.54,OBSTRUCTED
6140,200,-83.88,3.12,True,43.24,OBSTRUCTED
6141,200,-84.21,0.75,True,36.44,OBSTRUCTED
6142,200,-87.19,4.45,True,35.4,OBSTRUCTED
6143,200,-82.16,2.46,True,35.6,OBSTRUCTED
6144,200,-83.95,4.27,True,38.52,OBSTRUCTED
6145,200,-86.27,2.42,True,48.09,OBSTRUCTED
6146,200,-89.83,4.59,True,41.57,OBSTRUCTED
6147,200,-88.48,0.91,True,41.22,OBSTRUCTED
6148,200,-85.57,0.95,True,46.22,OBSTRUCTED
6149,200,-88.77,-0.55,True,46.1,OBSTRUCTED
6150,200,-89.21,0.4,True,43.9,OBSTRUCTED
6151,200,-87.12,0.9,True,41.68,OBSTRUCTED
6152,200,-85.69,3.8,True,41.55,OBSTRUCTED
6153,200,-88.86,1.7,True,44.35,OBSTRUCTED
6154,200,-84.33,0.65,True,40.69,OBSTRUCTED
6155,200,-90.14,3.02,True,43.39,OBSTRUCTED
6156,200,-86.28,1.09,True,38.06,OBSTRUCTED
6157,200,-91.68,4.96,True,42.75,OBSTRUCTED
6158,200,-83.57,1.72,True,42.34,OBSTRUCTED
6159,200,-81.21,0.66,True,42.74,OBSTRUCTED
6160,200,-82.89,1.33,True,42.2,OBSTRUCTED
6161,200,-85.53,0.54,True,44.51,OBSTRUCTED
6162,200,-83.2,2.76,True,34.66,OBSTRUCTED
6163,200,-89.3,1.82,True,39.43,OBSTRUCTED
6164,200,-78.84,5.58,True,42.19,OBSTRUCTED
6165,200,-86.53,2.97,True,43.1,OBSTRUCTED
6166,200,-89.34,4.54,True,41.61,OBSTRUCTED
6167,200,-87.61,1.03,True,40.56,OBSTRUCTED
6168,200,-92.23,2.85,True,44.26,OBSTRUCTED
6169,200,-83.64,-0.84,True,43.86,OBSTRUCTED
6170,200,-83.45,2.7,True,43.34,OBSTRUCTED
6171,200,-82.55,4.75,True,43.05,OBSTRUCTED
6172,200,-96.0,3.63,True,44.68,OBSTRUCTED
6173,200,-85.57,5.76,True,38.57,OBSTRUCTED
6174,200,-81.33,2.09,True,42.38,OBSTRUCTED
6175,200,-84.37,3.17,True,44.02,OBSTRUCTED
6176,200,-85.75,2.12,True,44.98,OBSTRUCTED
6177,200,-87.39,5.57,True,42.44,OBSTRUCTED
6178,200,-84.67,-1.44,True,41.58,OBSTRUCTED
6179,200,-93.67,2.59,True,37.51,OBSTRUCTED
6180,200,-88.63,2.93,True,39.96,OBSTRUCTED
6181,200,-86.58,2.61,True,44.49,OBSTRUCTED
6182,200,-83.58,1.01,True,40.17,OBSTRUCTED
6183,200,-87.9,2.31,True,39.88,OBSTRUCTED
6184,200,-88.36,-0.42,True,39.43,OBSTRUCTED
6185,200,-83.4,4.6,True,35.97,OBSTRUCTED
6186,200,-86.04,0.73,True,41.67,OBSTRUCTED
6187,200,-84.92,1.11,True,39.51,OBSTRUCTED
6188,200,-85.66,-1.86,True,39.34,OBSTRUCTED
6189,200,-94.39,0.59,True,36.51,OBSTRUCTED
6190,200,-89.67,3.0,True,38.36,OBSTRUCTED
6191,200,-86.67,3.13,True,41.29,OBSTRUCTED
6192,200,-83.72,4.99,True,47.37,OBSTRUCTED
6193,200,-94.31,4.06,True,38.72,OBSTRUCTED
6194,200,-88.79,0.79,True,37.68,OBSTRUCTED
6195,200,-89.25,3.92,True,46.61,OBSTRUCTED
6196,200,-83.54,5.45,True,40.98,OBSTRUCTED
6197,200,-91.8,1.05,True,43.24,OBSTRUCTED
6198,200,-81.32,3.69,True,43.53,OBSTRUCTED
6199,200,-80.3,1.02,True,44.67,OBSTRUCTED
6200,200,-88.41,1.59,True,39.84,OBSTRUCTED
6201,200,-86.41,1.77,True,46.77,OBSTRUCTED
6202,200,-93.68,0.7,True,36.45,OBSTRUCTED
6203,200,-86.11,4.69,True,35.58,OBSTRUCTED
6204,200,-86.88,-0.05,True,47.0,OBSTRUCTED
6205,200,-83.39,1.1,True,45.2,OBSTRUCTED
6206,200,-92.78,-0.71,True,41.51,OBSTRUCTED
6207,200,-87.45,2.41,True,32.71,OBSTRUCTED
6208,200,-84.61,3.59,True,41.16,OBSTRUCTED
6209,200,-85.78,1.91,True,39.11,OBSTRUCTED
6210,200,-83.71,0.96,True,40.44,OBSTRUCTED
6211,200,-86.46,0.8,True,41.96,OBSTRUCTED
6212,200,-83.69,1.1,True,41.78,OBSTRUCTED
6213,200,-87.84,0.89,True,42.14,OBSTRUCTED
6214,200,-85.05,1.93,True,42.44,OBSTRUCTED
6215,200,-89.86,0.94,True,39.04,OBSTRUCTED
6216,200,-87.93,1.05,True,46.88,OBSTRUCTED
6217,200,-92.04,4.69,True,42.21,OBSTRUCTED
6218,200,-89.39,0.14,True,41.89,OBSTRUCTED
6219,200,-86.46,3.04,True,36.39,OBSTRUCTED
6220,200,-86.5,2.71,True,41.57,OBSTRUCTED
6221,200,-85.35,1.27,True,40.89,OBSTRUCTED
6222,200,-84.15,2.81,False,,OBSTRUCTED
6223,200,-90.22,2.4,True,44.47,OBSTRUCTED
6224,200,-86.29,2.13,True,49.35,OBSTRUCTED
6225,200,-83.11,0.58,True,47.1,OBSTRUCTED
6226,200,-85.3,3.22,True,42.58,OBSTRUCTED
6227,200,-87.35,2.49,True,36.65,OBSTRUCTED
6228,200,-80.85,2.43,True,37.62,OBSTRUCTED
6229,200,-85.64,1.56,True,40.19,OBSTRUCTED
6230,200,-86.13,2.8,True,36.86,OBSTRUCTED
6231,200,-84.36,2.83,True,40.38,OBSTRUCTED
6232,200,-86.63,0.05,True,39.0,OBSTRUCTED
6233,200,-85.81,-2.05,True,36.98,OBSTRUCTED
6234,200,-88.11,2.33,True,42.8,OBSTRUCTED
6235,200,-84.2,0.52,True,42.42,OBSTRUCTED
6236,200,-84.04,3.95,True,41.12,OBSTRUCTED
6237,200,-92.76,0.37,True,40.96,OBSTRUCTED
6238,200,-86.83,0.25,True,46.47,OBSTRUCTED
6239,200,-84.41,-1.92,True,38.8,OBSTRUCTED
6240,200,-89.95,-2.45,True,39.83,OBSTRUCTED
6241,200,-90.75,2.98,True,37.68,OBSTRUCTED
6242,200,-86.4,-1.39,True,37.9,OBSTRUCTED
6243,200,-85.91,3.73,True,44.84,OBSTRUCTED
6244,200,-83.52,4.32,True,40.7,OBSTRUCTED
6245,200,-90.15,-0.21,True,39.71,OBSTRUCTED
6246,200,-89.06,4.3,True,46.62,OBSTRUCTED
6247,200,-87.23,2.48,True,40.81,OBSTRUCTED
6248,200,-85.01,2.61,True,37.68,OBSTRUCTED
6249,200,-90.32,1.45,True,36.98,OBSTRUCTED
6250,200,-83.96,1.97,True,47.89,OBSTRUCTED
6251,350,-93.32,-2.42,True,38.36,DEEP_PIT_SHADOW
6252,350,-92.08,-3.05,True,44.13,DEEP_PIT_SHADOW
6253,350,-94.98,-4.95,True,42.55,DEEP_PIT_SHADOW
6254,350,-96.23,-6.62,False,,DEEP_PIT_SHADOW
6255,350,-88.05,-5.26,True,43.65,DEEP_PIT_SHADOW
6256,350,-91.48,-4.45,True,39.71,DEEP_PIT_SHADOW
6257,350,-93.81,-2.93,True,42.11,DEEP_PIT_SHADOW
6258,350,-95.53,-6.27,False,,DEEP_PIT_SHADOW
6259,350,-97.96,-7.6,True,47.5,DEEP_PIT_SHADOW
6260,350,-93.68,-7.94,False,,DEEP_PIT_SHADOW
6261,350,-94.55,-5.75,True,48.82,DEEP_PIT_SHADOW
6262,350,-98.16,-7.88,True,40.71,DEEP_PIT_SHADOW
6263,350,-94.95,-8.11,False,,DEEP_PIT_SHADOW
6264,350,-93.8,-6.81,False,,DEEP_PIT_SHADOW
6265,350,-87.1,-3.71,True,38.57,DEEP_PIT_SHADOW
6266,350,-95.17,-1.76,True,38.85,DEEP_PIT_SHADOW
6267,350,-97.16,-5.14,True,42.07,DEEP_PIT_SHADOW
6268,350,-90.23,-5.08,True,45.58,DEEP_PIT_SHADOW
6269,350,-94.8,-3.72,True,44.73,DEEP_PIT_SHADOW
6270,350,-104.86,-6.44,True,41.0,DEEP_PIT_SHADOW
6271,350,-91.46,-5.35,True,39.27,DEEP_PIT_SHADOW
6272,350,-89.97,-5.26,True,39.69,DEEP_PIT_SHADOW
6273,350,-97.5,-5.34,True,40.8,DEEP_PIT_SHADOW
6274,350,-93.23,-7.51,False,,DEEP_PIT_SHADOW
6275,350,-91.62,-5.63,True,35.92,DEEP_PIT_SHADOW
6276,350,-89.87,-6.69,True,43.66,DEEP_PIT_SHADOW
6277,350,-97.74,-9.87,False,,DEEP_PIT_SHADOW
6278,350,-93.87,-8.87,False,,DEEP_PIT_SHADOW
6279,350,-103.46,-4.1,True,36.98,DEEP_PIT_SHADOW
6280,350,-92.54,-4.96,True,47.77,DEEP_PIT_SHADOW
6281,350,-92.07,-4.07,True,46.96,DEEP_PIT_SHADOW
6282,350,-95.41,-6.89,False,,DEEP_PIT_SHADOW
6283,350,-92.55,-8.96,False,,DEEP_PIT_SHADOW
6284,350,-92.22,-9.49,False,,DEEP_PIT_SHADOW
6285,350,-102.68,-5.43,True,46.4,DEEP_PIT_SHADOW
6286,350,-93.49,-5.34,True,38.96,DEEP_PIT_SHADOW
6287,350,-91.61,-8.34,True,42.02,DEEP_PIT_SHADOW
6288,350,-86.97,-7.93,True,40.87,DEEP_PIT_SHADOW
6289,350,-98.68,-5.56,True,41.94,DEEP_PIT_SHADOW
6290,350,-90.86,-8.14,True,39.88,DEEP_PIT_SHADOW
6291,350,-101.98,-7.12,False,,DEEP_PIT_SHADOW
6292,350,-97.12,-4.5,True,40.91,DEEP_PIT_SHADOW
6293,350,-93.67,-5.93,False,,DEEP_PIT_SHADOW
6294,350,-93.32,-5.16,True,33.39,DEEP_PIT_SHADOW
6295,350,-92.47,-6.48,True,43.67,DEEP_PIT_SHADOW
6296,350,-98.99,-3.27,True,39.14,DEEP_PIT_SHADOW
6297,350,-85.73,-10.12,False,,DEEP_PIT_SHADOW
6298,350,-96.94,-4.07,True,36.98,DEEP_PIT_SHADOW
6299,350,-89.73,-5.04,True,40.78,DEEP_PIT_SHADOW
6300,350,-100.18,-3.8,True,48.36,DEEP_PIT_SHADOW
6301,350,-94.03,-4.72,True,40.85,DEEP_PIT_SHADOW
6302,350,-93.85,-5.4,True,40.68,DEEP_PIT_SHADOW
6303,350,-90.06,-6.02,True,45.64,DEEP_PIT_SHADOW
6304,350,-92.12,-6.48,True,44.93,DEEP_PIT_SHADOW
6305,350,-93.74,-5.37,False,,DEEP_PIT_SHADOW
6306,350,-93.66,-3.63,True,41.01,DEEP_PIT_SHADOW
6307,350,-100.7,-6.71,True,43.99,DEEP_PIT_SHADOW
6308,350,-90.12,-8.08,True,47.93,DEEP_PIT_SHADOW
6309,350,-99.78,-4.3,False,,DEEP_PIT_SHADOW
6310,350,-92.85,-3.46,True,37.17,DEEP_PIT_SHADOW
6311,350,-94.74,-4.84,True,39.69,DEEP_PIT_SHADOW
6312,350,-97.27,-4.41,True,40.8,DEEP_PIT_SHADOW
6313,350,-100.31,-4.78,True,43.77,DEEP_PIT_SHADOW
6314,350,-92.19,-5.27,False,,DEEP_PIT_SHADOW
6315,350,-95.48,-5.71,True,43.34,DEEP_PIT_SHADOW
6316,350,-91.78,-6.83,False,,DEEP_PIT_SHADOW
6317,350,-89.44,-9.7,False,,DEEP_PIT_SHADOW
6318,350,-89.29,-3.18,True,41.23,DEEP_PIT_SHADOW
6319,350,-92.81,-4.63,True,46.05,DEEP_PIT_SHADOW
6320,350,-98.06,-7.69,True,43.1,DEEP_PIT_SHADOW
6321,350,-96.05,-6.91,True,42.39,DEEP_PIT_SHADOW
6322,350,-92.8,-6.61,True,36.37,DEEP_PIT_SHADOW
6323,350,-93.56,-7.28,False,,DEEP_PIT_SHADOW
6324,350,-94.42,-3.94,True,37.33,DEEP_PIT_SHADOW
6325,350,-96.79,-6.92,True,40.64,DEEP_PIT_SHADOW
6326,350,-98.44,-8.45,False,,DEEP_PIT_SHADOW
6327,350,-95.6,-7.43,False,,DEEP_PIT_SHADOW
6328,350,-96.43,-3.44,True,37.1,DEEP_PIT_SHADOW
6329,350,-92.19,-6.25,True,46.13,DEEP_PIT_SHADOW
6330,350,-91.52,-0.38,True,33.2,DEEP_PIT_SHADOW
6331,350,-96.17,-9.12,False,,DEEP_PIT_SHADOW
6332,350,-90.4,-9.27,False,,DEEP_PIT_SHADOW
6333,350,-100.32,-7.42,True,35.05,DEEP_PIT_SHADOW
6334,350,-95.58,-7.32,False,,DEEP_PIT_SHADOW
6335,350,-98.09,-1.44,True,39.77,DEEP_PIT_SHADOW
6336,350,-89.87,-8.37,False,,DEEP_PIT_SHADOW
6337,350,-103.9,-8.74,True,37.84,DEEP_PIT_SHADOW
6338,350,-93.45,-6.01,True,40.79,DEEP_PIT_SHADOW
6339,350,-93.46,-3.84,True,41.68,DEEP_PIT_SHADOW
6340,350,-95.36,-5.8,True,35.5,DEEP_PIT_SHADOW
6341,350,-89.13,-2.17,True,41.93,DEEP_PIT_SHADOW
6342,350,-87.39,-2.45,True,39.74,DEEP_PIT_SHADOW
6343,350,-97.52,-2.69,True,47.19,DEEP_PIT_SHADOW
6344,350,-95.67,-4.02,False,,DEEP_PIT_SHADOW
6345,350,-98.56,-3.15,True,42.64,DEEP_PIT_SHADOW
6346,350,-98.18,-4.56,False,,DEEP_PIT_SHADOW
6347,350,-94.95,-6.55,True,42.21,DEEP_PIT_SHADOW
6348,350,-91.99,-2.22,True,38.92,DEEP_PIT_SHADOW
6349,350,-94.4,-5.91,True,35.02,DEEP_PIT_SHADOW
6350,350,-87.25,-6.5,False,,DEEP_PIT_SHADOW
6351,350,-90.76,-7.2,True,38.61,DEEP_PIT_SHADOW
6352,350,-95.41,-4.79,True,44.39,DEEP_PIT_SHADOW
6353,350,-98.46,-4.66,True,43.64,DEEP_PIT_SHADOW
6354,350,-91.89,-1.74,True,42.52,DEEP_PIT_SHADOW
6355,350,-96.32,-4.39,False,,DEEP_PIT_SHADOW
6356,350,-92.43,-5.28,False,,DEEP_PIT_SHADOW
6357,350,-95.12,-6.2,True,45.88,DEEP_PIT_SHADOW
6358,350,-92.33,-4.74,True,40.13,DEEP_PIT_SHADOW
6359,350,-93.94,-2.98,True,45.61,DEEP_PIT_SHADOW
6360,350,-91.29,-5.55,True,45.03,DEEP_PIT_SHADOW
6361,350,-94.91,-7.03,True,41.92,DEEP_PIT_SHADOW
6362,350,-95.91,-6.42,False,,DEEP_PIT_SHADOW
6363,350,-91.83,-6.17,True,31.55,DEEP_PIT_SHADOW
6364,350,-92.68,-5.42,False,,DEEP_PIT_SHADOW
6365,350,-94.83,-4.34,False,,DEEP_PIT_SHADOW
6366,350,-96.45,-6.17,True,45.65,DEEP_PIT_SHADOW
6367,350,-92.59,-7.23,False,,DEEP_PIT_SHADOW
6368,350,-89.18,-9.39,True,41.27,DEEP_PIT_SHADOW
6369,350,-96.5,-4.57,True,40.85,DEEP_PIT_SHADOW
6370,350,-90.47,-6.55,True,46.99,DEEP_PIT_SHADOW
6371,350,-99.93,-4.81,True,44.9,DEEP_PIT_SHADOW
6372,350,-100.44,-3.78,True,46.42,DEEP_PIT_SHADOW
6373,350,-95.14,-4.95,True,34.94,DEEP_PIT_SHADOW
6374,350,-92.98,-6.66,True,41.79,DEEP_PIT_SHADOW
6375,350,-94.71,-6.57,True,40.54,DEEP_PIT_SHADOW
6376,350,-97.58,-9.08,False,,DEEP_PIT_SHADOW
6377,350,-94.11,-5.92,False,,DEEP_PIT_SHADOW
6378,350,-93.29,-2.95,True,40.22,DEEP_PIT_SHADOW
6379,350,-96.39,-4.33,True,45.32,DEEP_PIT_SHADOW
6380,350,-96.04,-7.33,True,42.47,DEEP_PIT_SHADOW
6381,350,-93.18,-6.31,True,39.91,DEEP_PIT_SHADOW
6382,350,-94.56,-3.57,True,41.04,DEEP_PIT_SHADOW
6383,350,-98.62,-5.09,True,38.1,DEEP_PIT_SHADOW
6384,350,-94.66,-3.59,True,38.4,DEEP_PIT_SHADOW
6385,350,-100.47,-4.01,True,40.03,DEEP_PIT_SHADOW
6386,350,-89.79,-4.39,False,,DEEP_PIT_SHADOW
6387,350,-95.47,-5.13,True,43.35,DEEP_PIT_SHADOW
6388,350,-91.63,-2.91,True,38.81,DEEP_PIT_SHADOW
6389,350,-96.07,-3.27,True,41.58,DEEP_PIT_SHADOW
6390,350,-98.09,-2.24,True,40.96,DEEP_PIT_SHADOW
6391,350,-97.68,-7.96,False,,DEEP_PIT_SHADOW
6392,350,-91.42,-4.96,False,,DEEP_PIT_SHADOW
6393,350,-94.27,-7.15,True,35.31,DEEP_PIT_SHADOW
6394,350,-97.57,-6.76,False,,DEEP_PIT_SHADOW
6395,350,-98.03,-5.44,True,38.46,DEEP_PIT_SHADOW
6396,350,-92.7,-6.68,False,,DEEP_PIT_SHADOW
6397,350,-94.27,-2.58,True,33.83,DEEP_PIT_SHADOW
6398,350,-98.0,-3.39,True,37.02,DEEP_PIT_SHADOW
6399,350,-94.59,-6.63,True,40.92,DEEP_PIT_SHADOW
6400,350,-92.72,-3.06,True,38.28,DEEP_PIT_SHADOW
6401,350,-88.73,-9.94,False,,DEEP_PIT_SHADOW
6402,350,-94.45,-4.86,True,42.09,DEEP_PIT_SHADOW
6403,350,-92.21,-3.37,True,42.06,DEEP_PIT_SHADOW
6404,350,-95.62,-7.93,False,,DEEP_PIT_SHADOW
6405,350,-94.64,-2.4,True,41.17,DEEP_PIT_SHADOW
6406,350,-95.18,-5.4,True,39.85,DEEP_PIT_SHADOW
6407,350,-92.77,-4.65,True,41.66,DEEP_PIT_SHADOW
6408,350,-90.14,-5.51,True,47.54,DEEP_PIT_SHADOW
6409,350,-99.95,-4.01,True,44.4,DEEP_PIT_SHADOW
6410,350,-92.01,-7.45,False,,DEEP_PIT_SHADOW
6411,350,-91.39,-3.38,True,44.52,DEEP_PIT_SHADOW
6412,350,-98.41,-4.71,True,48.07,DEEP_PIT_SHADOW
6413,350,-96.65,-3.5,True,40.89,DEEP_PIT_SHADOW
6414,350,-95.19,-4.54,True,42.13,DEEP_PIT_SHADOW
6415,350,-89.6,-5.29,False,,DEEP_PIT_SHADOW
6416,350,-100.0,-5.94,True,37.65,DEEP_PIT_SHADOW
6417,350,-97.56,-9.0,False,,DEEP_PIT_SHADOW
6418,350,-90.36,-6.78,True,46.62,DEEP_PIT_SHADOW
6419,350,-90.75,-7.67,True,51.21,DEEP_PIT_SHADOW
6420,350,-93.82,-4.76,False,,DEEP_PIT_SHADOW
6421,350,-102.45,-7.2,True,41.6,DEEP_PIT_SHADOW
6422,350,-98.45,-7.49,False,,DEEP_PIT_SHADOW
6423,350,-95.47,-3.92,True,37.15,DEEP_PIT_SHADOW
6424,350,-98.7,-5.02,True,39.52,DEEP_PIT_SHADOW
6425,350,-94.0,-8.27,True,41.2,DEEP_PIT_SHADOW
6426,350,-89.27,-3.67,False,,DEEP_PIT_SHADOW
6427,350,-95.25,-4.74,True,41.68,DEEP_PIT_SHADOW
6428,350,-92.32,-8.35,False,,DEEP_PIT_SHADOW
6429,350,-93.83,-1.4,True,42.79,DEEP_PIT_SHADOW
6430,350,-97.73,-6.75,True,46.49,DEEP_PIT_SHADOW
6431,350,-93.27,-1.5,True,39.91,DEEP_PIT_SHADOW
6432,350,-95.35,-6.18,True,42.31,DEEP_PIT_SHADOW
6433,350,-99.91,-5.76,True,43.58,DEEP_PIT_SHADOW
6434,350,-95.21,-5.13,True,36.45,DEEP_PIT_SHADOW
6435,350,-87.43,-7.11,False,,DEEP_PIT_SHADOW
6436,350,-96.65,-6.19,False,,DEEP_PIT_SHADOW
6437,350,-91.94,-3.42,True,40.51,DEEP_PIT_SHADOW
6438,350,-97.53,-1.59,True,41.44,DEEP_PIT_SHADOW
6439,350,-93.26,-6.29,False,,DEEP_PIT_SHADOW
6440,350,-92.5,-1.84,True,36.01,DEEP_PIT_SHADOW
6441,350,-93.4,-5.25,False,,DEEP_PIT_SHADOW
6442,350,-94.88,-2.77,True,41.92,DEEP_PIT_SHADOW
6443,350,-92.07,-5.47,True,42.68,DEEP_PIT_SHADOW
6444,350,-90.12,-6.26,True,47.1,DEEP_PIT_SHADOW
6445,350,-96.53,-5.62,False,,DEEP_PIT_SHADOW
6446,350,-88.61,-6.6,True,35.33,DEEP_PIT_SHADOW
6447,350,-93.41,-6.28,True,38.94,DEEP_PIT_SHADOW
6448,350,-93.93,-7.51,False,,DEEP_PIT_SHADOW
6449,350,-94.97,-7.94,False,,DEEP_PIT_SHADOW
6450,350,-93.26,-3.49,True,37.82,DEEP_PIT_SHADOW
6451,350,-97.82,-2.79,True,42.09,DEEP_PIT_SHADOW
6452,350,-96.63,-3.93,True,37.29,DEEP_PIT_SHADOW
6453,350,-100.23,-8.58,False,,DEEP_PIT_SHADOW
6454,350,-90.33,-7.15,True,45.61,DEEP_PIT_SHADOW
6455,350,-96.48,-7.37,True,43.69,DEEP_PIT_SHADOW
6456,350,-94.74,-7.4,False,,DEEP_PIT_SHADOW
6457,350,-98.21,-7.03,True,40.27,DEEP_PIT_SHADOW
6458,350,-91.68,-4.17,True,45.52,DEEP_PIT_SHADOW
6459,350,-98.14,-3.59,True,37.31,DEEP_PIT_SHADOW
6460,350,-94.91,-4.4,True,42.65,DEEP_PIT_SHADOW
6461,350,-104.5,-4.63,True,40.59,DEEP_PIT_SHADOW
6462,350,-87.23,-7.66,False,,DEEP_PIT_SHADOW
6463,350,-92.5,-5.29,False,,DEEP_PIT_SHADOW
6464,350,-95.47,-4.4,False,,DEEP_PIT_SHADOW
6465,350,-97.11,-5.53,False,,DEEP_PIT_SHADOW
6466,350,-89.98,-6.29,False,,DEEP_PIT_SHADOW
6467,350,-95.7,-6.85,False,,DEEP_PIT_SHADOW
6468,350,-95.97,-4.75,False,,DEEP_PIT_SHADOW
6469,350,-94.14,-2.1,True,41.66,DEEP_PIT_SHADOW
6470,350,-96.37,-5.83,True,43.2,DEEP_PIT_SHADOW
6471,350,-90.31,-6.02,True,37.69,DEEP_PIT_SHADOW
6472,350,-96.46,-7.3,True,42.47,DEEP_PIT_SHADOW
6473,350,-95.65,-3.63,True,37.88,DEEP_PIT_SHADOW
6474,350,-91.85,-6.47,False,,DEEP_PIT_SHADOW
6475,350,-92.53,-5.36,True,39.6,DEEP_PIT_SHADOW
6476,350,-89.8,-5.23,True,39.87,DEEP_PIT_SHADOW
6477,350,-93.97,-7.46,False,,DEEP_PIT_SHADOW
6478,350,-95.0,-5.95,False,,DEEP_PIT_SHADOW
6479,350,-90.22,-6.66,True,39.24,DEEP_PIT_SHADOW
6480,350,-91.8,-5.52,False,,DEEP_PIT_SHADOW
6481,350,-88.76,-5.71,True,42.13,DEEP_PIT_SHADOW
6482,350,-93.65,-9.41,True,41.9,DEEP_PIT_SHADOW
6483,350,-96.63,-7.36,True,38.59,DEEP_PIT_SHADOW
6484,350,-94.04,-2.95,True,41.76,DEEP_PIT_SHADOW
6485,350,-97.43,-7.57,True,39.73,DEEP_PIT_SHADOW
6486,350,-90.6,-4.96,True,44.05,DEEP_PIT_SHADOW
6487,350,-93.72,-6.56,True,42.78,DEEP_PIT_SHADOW
6488,350,-91.99,-3.63,True,39.89,DEEP_PIT_SHADOW
6489,350,-93.27,-8.53,True,39.75,DEEP_PIT_SHADOW
6490,350,-95.98,-5.54,True,47.53,DEEP_PIT_SHADOW
6491,350,-89.24,-3.35,True,38.21,DEEP_PIT_SHADOW
6492,350,-100.17,-6.13,False,,DEEP_PIT_SHADOW
6493,350,-98.65,-5.14,True,44.56,DEEP_PIT_SHADOW
6494,350,-96.86,-4.36,True,41.63,DEEP_PIT_SHADOW
6495,350,-92.45,-6.72,True,40.36,DEEP_PIT_SHADOW
6496,350,-93.67,-7.37,False,,DEEP_PIT_SHADOW
6497,350,-89.12,-4.11,True,47.75,DEEP_PIT_SHADOW
6498,350,-89.66,-4.28,True,39.71,DEEP_PIT_SHADOW
6499,350,-93.82,-5.9,True,46.8,DEEP_PIT_SHADOW
6500,350,-96.38,-7.88,True,42.11,DEEP_PIT_SHADOW
6501,350,-91.37,-4.05,True,40.94,DEEP_PIT_SHADOW
6502,350,-87.53,-6.9,True,44.56,DEEP_PIT_SHADOW
6503,350,-96.59,-10.66,True,38.2,DEEP_PIT_SHADOW
6504,350,-100.46,-6.92,False,,DEEP_PIT_SHADOW
6505,350,-96.8,-3.77,True,42.13,DEEP_PIT_SHADOW
6506,350,-88.37,-6.33,True,43.99,DEEP_PIT_SHADOW
6507,350,-103.29,-3.78,True,39.46,DEEP_PIT_SHADOW
6508,350,-95.01,-7.6,True,39.76,DEEP_PIT_SHADOW
6509,350,-94.15,0.51,True,42.62,DEEP_PIT_SHADOW
6510,350,-92.42,-1.21,True,45.63,DEEP_PIT_SHADOW
6511,350,-94.7,-3.34,True,35.56,DEEP_PIT_SHADOW
6512,350,-97.45,-6.62,False,,DEEP_PIT_SHADOW
6513,350,-96.59,-4.66,True,37.92,DEEP_PIT_SHADOW
6514,350,-93.44,-9.37,False,,DEEP_PIT_SHADOW
6515,350,-98.0,-5.67,True,44.05,DEEP_PIT_SHADOW
6516,350,-91.42,-4.73,True,41.58,DEEP_PIT_SHADOW
6517,350,-87.41,-4.44,True,36.2,DEEP_PIT_SHADOW
6518,350,-98.36,-2.29,True,36.27,DEEP_PIT_SHADOW
6519,350,-96.81,-2.51,True,40.42,DEEP_PIT_SHADOW
6520,350,-98.9,-6.09,False,,DEEP_PIT_SHADOW
6521,350,-93.07,-2.11,True,43.04,DEEP_PIT_SHADOW
6522,350,-93.09,-7.07,True,38.25,DEEP_PIT_SHADOW
6523,350,-97.08,-1.93,True,41.14,DEEP_PIT_SHADOW
6524,350,-93.4,-3.17,True,43.13,DEEP_PIT_SHADOW
6525,350,-87.35,-6.23,True,40.6,DEEP_PIT_SHADOW
6526,350,-103.03,-5.33,True,49.37,DEEP_PIT_SHADOW
6527,350,-89.45,-7.56,False,,DEEP_PIT_SHADOW
6528,350,-92.73,-2.5,True,34.96,DEEP_PIT_SHADOW
6529,350,-92.79,-4.42,True,38.67,DEEP_PIT_SHADOW
6530,350,-90.29,-4.44,True,40.77,DEEP_PIT_SHADOW
6531,350,-90.84,-9.81,False,,DEEP_PIT_SHADOW
6532,350,-91.37,-5.97,True,42.29,DEEP_PIT_SHADOW
6533,350,-92.62,-4.71,True,41.69,DEEP_PIT_SHADOW
6534,350,-92.26,-6.76,False,,DEEP_PIT_SHADOW
6535,350,-96.83,-8.04,True,39.51,DEEP_PIT_SHADOW
6536,350,-94.41,-3.74,True,42.82,DEEP_PIT_SHADOW
6537,350,-95.45,-2.62,True,46.39,DEEP_PIT_SHADOW
6538,350,-92.23,-6.25,False,,DEEP_PIT_SHADOW
6539,350,-90.45,-6.33,True,39.86,DEEP_PIT_SHADOW
6540,350,-95.91,-7.09,False,,DEEP_PIT_SHADOW
6541,350,-96.71,-5.18,True,38.07,DEEP_PIT_SHADOW
6542,350,-89.03,-5.98,True,41.51,DEEP_PIT_SHADOW
6543,350,-93.44,-5.83,True,53.46,DEEP_PIT_SHADOW
6544,350,-93.08,-6.25,True,39.04,DEEP_PIT_SHADOW
6545,350,-91.8,-5.99,False,,DEEP_PIT_SHADOW
6546,350,-96.37,-8.68,False,,DEEP_PIT_SHADOW
6547,350,-92.73,-5.4,True,41.29,DEEP_PIT_SHADOW
6548,350,-94.55,-6.82,True,43.43,DEEP_PIT_SHADOW
6549,350,-95.94,-4.81,True,38.26,DEEP_PIT_SHADOW
6550,350,-95.24,-5.51,True,43.24,DEEP_PIT_SHADOW
6551,350,-90.72,-5.71,True,40.18,DEEP_PIT_SHADOW
6552,350,-93.71,-6.9,False,,DEEP_PIT_SHADOW
6553,350,-96.64,-3.9,True,37.5,DEEP_PIT_SHADOW
6554,350,-94.8,-9.1,False,,DEEP_PIT_SHADOW
6555,350,-94.92,-8.36,True,38.23,DEEP_PIT_SHADOW
6556,350,-90.18,-5.23,True,46.82,DEEP_PIT_SHADOW
6557,350,-93.67,-4.46,False,,DEEP_PIT_SHADOW
6558,350,-95.56,-5.57,False,,DEEP_PIT_SHADOW
6559,350,-97.64,-7.17,True,42.51,DEEP_PIT_SHADOW
6560,350,-89.15,-5.06,True,42.86,DEEP_PIT_SHADOW
6561,350,-94.42,-5.38,True,38.29,DEEP_PIT_SHADOW
6562,350,-92.76,-7.43,True,40.7,DEEP_PIT_SHADOW
6563,350,-98.99,-3.78,True,39.68,DEEP_PIT_SHADOW
6564,350,-93.33,-4.35,True,38.46,DEEP_PIT_SHADOW
6565,350,-93.45,-8.46,False,,DEEP_PIT_SHADOW
6566,350,-99.79,-5.28,True,41.08,DEEP_PIT_SHADOW
6567,350,-96.45,-4.91,True,42.34,DEEP_PIT_SHADOW
6568,350,-97.43,-6.01,True,39.85,DEEP_PIT_SHADOW
6569,350,-98.68,-4.36,False,,DEEP_PIT_SHADOW
6570,350,-94.37,-5.08,True,38.55,DEEP_PIT_SHADOW
6571,350,-91.6,-2.43,True,35.58,DEEP_PIT_SHADOW
6572,350,-94.87,-3.6,True,40.9,DEEP_PIT_SHADOW
6573,350,-98.07,-6.72,False,,DEEP_PIT_SHADOW
6574,350,-95.99,-7.78,True,39.51,DEEP_PIT_SHADOW
6575,350,-89.46,-3.59,True,41.87,DEEP_PIT_SHADOW
6576,350,-94.55,-6.95,False,,DEEP_PIT_SHADOW
6577,350,-95.82,-9.19,False,,DEEP_PIT_SHADOW
6578,350,-102.14,-1.18,True,40.01,DEEP_PIT_SHADOW
6579,350,-98.44,-4.9,False,,DEEP_PIT_SHADOW
6580,350,-93.27,-7.25,True,42.08,DEEP_PIT_SHADOW
6581,350,-92.35,-3.64,True,35.41,DEEP_PIT_SHADOW
6582,350,-92.86,-3.05,True,44.57,DEEP_PIT_SHADOW
6583,350,-85.23,-7.69,True,43.45,DEEP_PIT_SHADOW
6584,350,-96.13,-4.23,True,46.56,DEEP_PIT_SHADOW
6585,350,-96.6,-2.38,True,45.0,DEEP_PIT_SHADOW
6586,350,-98.42,-4.51,True,37.99,DEEP_PIT_SHADOW
6587,350,-90.96,-4.37,False,,DEEP_PIT_SHADOW
6588,350,-92.02,-3.75,True,43.21,DEEP_PIT_SHADOW
6589,350,-93.93,-5.55,False,,DEEP_PIT_SHADOW
6590,350,-97.99,-4.48,True,37.76,DEEP_PIT_SHADOW
6591,350,-93.83,-7.05,False,,DEEP_PIT_SHADOW
6592,350,-92.13,-7.09,False,,DEEP_PIT_SHADOW
6593,350,-93.86,-8.21,False,,DEEP_PIT_SHADOW
6594,350,-89.67,-6.57,True,38.08,DEEP_PIT_SHADOW
6595,350,-94.34,-1.01,True,40.16,DEEP_PIT_SHADOW
6596,350,-90.84,-6.44,True,45.64,DEEP_PIT_SHADOW
6597,350,-93.42,-6.1,False,,DEEP_PIT_SHADOW
6598,350,-90.28,-6.09,False,,DEEP_PIT_SHADOW
6599,350,-99.11,-5.32,True,43.04,DEEP_PIT_SHADOW
6600,350,-93.04,-9.3,True,39.36,DEEP_PIT_SHADOW
6601,350,-89.64,-5.11,False,,DEEP_PIT_SHADOW
6602,350,-93.4,-6.78,True,45.84,DEEP_PIT_SHADOW
6603,350,-91.03,-6.06,True,40.62,DEEP_PIT_SHADOW
6604,350,-88.95,-5.08,True,47.01,DEEP_PIT_SHADOW
6605,350,-91.1,-4.73,True,49.61,DEEP_PIT_SHADOW
6606,350,-93.39,-8.46,True,32.67,DEEP_PIT_SHADOW
6607,350,-96.84,-2.06,True,36.51,DEEP_PIT_SHADOW
6608,350,-95.52,-5.76,True,46.04,DEEP_PIT_SHADOW
6609,350,-94.95,-4.34,True,37.97,DEEP_PIT_SHADOW
6610,350,-97.38,-10.59,False,,DEEP_PIT_SHADOW
6611,350,-94.27,-0.78,True,38.69,DEEP_PIT_SHADOW
6612,350,-100.72,-8.69,False,,DEEP_PIT_SHADOW
6613,350,-96.56,-3.57,True,43.85,DEEP_PIT_SHADOW
6614,350,-97.09,-8.97,False,,DEEP_PIT_SHADOW
6615,350,-88.75,-1.24,True,44.26,DEEP_PIT_SHADOW
6616,350,-98.86,-6.78,True,37.66,DEEP_PIT_SHADOW
6617,350,-93.44,-8.24,False,,DEEP_PIT_SHADOW
6618,350,-98.37,-9.48,False,,DEEP_PIT_SHADOW
6619,350,-94.3,-4.24,True,40.64,DEEP_PIT_SHADOW
6620,350,-99.68,-5.91,True,39.12,DEEP_PIT_SHADOW
6621,350,-101.7,-5.63,True,39.57,DEEP_PIT_SHADOW
6622,350,-88.65,-3.67,True,46.42,DEEP_PIT_SHADOW
6623,350,-95.87,-3.39,True,42.03,DEEP_PIT_SHADOW
6624,350,-95.2,-3.51,True,38.32,DEEP_PIT_SHADOW
6625,350,-94.6,-4.65,True,39.4,DEEP_PIT_SHADOW
6626,350,-100.32,-5.64,True,37.12,DEEP_PIT_SHADOW
6627,350,-93.64,-4.95,True,37.77,DEEP_PIT_SHADOW
6628,350,-92.72,-5.42,True,41.41,DEEP_PIT_SHADOW
6629,350,-95.35,-7.0,True,41.4,DEEP_PIT_SHADOW
6630,350,-89.54,-9.02,False,,DEEP_PIT_SHADOW
6631,350,-96.22,-6.73,True,39.28,DEEP_PIT_SHADOW
6632,350,-89.79,-3.67,True,35.76,DEEP_PIT_SHADOW
6633,350,-88.25,-9.26,False,,DEEP_PIT_SHADOW
6634,350,-89.05,-5.05,True,43.47,DEEP_PIT_SHADOW
6635,350,-93.18,-6.04,True,42.98,DEEP_PIT_SHADOW
6636,350,-95.2,-5.12,True,38.12,DEEP_PIT_SHADOW
6637,350,-93.61,-6.26,True,46.57,DEEP_PIT_SHADOW
6638,350,-94.95,-5.05,False,,DEEP_PIT_SHADOW
6639,350,-98.15,-5.55,True,44.86,DEEP_PIT_SHADOW
6640,350,-92.95,-8.19,False,,DEEP_PIT_SHADOW
6641,350,-94.94,-5.99,True,42.72,DEEP_PIT_SHADOW
6642,350,-91.12,-5.93,True,45.37,DEEP_PIT_SHADOW
6643,350,-96.06,-8.46,False,,DEEP_PIT_SHADOW
6644,350,-96.25,-9.26,False,,DEEP_PIT_SHADOW
6645,350,-93.68,-9.55,False,,DEEP_PIT_SHADOW
6646,350,-96.34,-4.79,True,39.36,DEEP_PIT_SHADOW
6647,350,-94.56,-3.89,True,50.19,DEEP_PIT_SHADOW
6648,350,-96.51,-7.76,True,36.27,DEEP_PIT_SHADOW
6649,350,-92.95,-6.46,True,42.92,DEEP_PIT_SHADOW
6650,350,-87.86,-5.13,True,44.39,DEEP_PIT_SHADOW
6651,350,-92.84,-5.71,True,43.3,DEEP_PIT_SHADOW
6652,350,-98.75,-5.23,True,37.63,DEEP_PIT_SHADOW
6653,350,-94.04,-5.69,True,39.93,DEEP_PIT_SHADOW
6654,350,-94.42,-7.62,True,40.92,DEEP_PIT_SHADOW
6655,350,-96.98,-4.41,True,38.76,DEEP_PIT_SHADOW
6656,350,-96.14,-3.6,True,42.59,DEEP_PIT_SHADOW
6657,350,-93.18,-2.95,True,48.36,DEEP_PIT_SHADOW
6658,350,-95.13,-8.45,False,,DEEP_PIT_SHADOW
6659,350,-86.2,-3.44,True,44.56,DEEP_PIT_SHADOW
6660,350,-94.76,-6.02,False,,DEEP_PIT_SHADOW
6661,350,-95.86,-6.25,False,,DEEP_PIT_SHADOW
6662,350,-89.41,-2.89,True,41.52,DEEP_PIT_SHADOW
6663,350,-92.15,-4.09,True,48.49,DEEP_PIT_SHADOW
6664,350,-96.03,-6.89,False,,DEEP_PIT_SHADOW
6665,350,-91.3,-2.41,True,39.66,DEEP_PIT_SHADOW
6666,350,-87.85,-6.37,True,45.38,DEEP_PIT_SHADOW
6667,350,-97.0,-6.2,True,33.76,DEEP_PIT_SHADOW
6668,350,-101.41,-6.76,False,,DEEP_PIT_SHADOW
6669,350,-99.86,-6.13,False,,DEEP_PIT_SHADOW
6670,350,-93.2,-6.3,True,41.64,DEEP_PIT_SHADOW
6671,350,-92.45,-3.57,False,,DEEP_PIT_SHADOW
6672,350,-92.34,-6.3,True,41.33,DEEP_PIT_SHADOW
6673,350,-95.9,-5.46,True,46.75,DEEP_PIT_SHADOW
6674,350,-94.21,-5.67,True,44.75,DEEP_PIT_SHADOW
6675,350,-88.79,-3.71,True,42.55,DEEP_PIT_SHADOW
6676,350,-93.84,-10.54,True,43.93,DEEP_PIT_SHADOW
6677,350,-92.79,-5.32,True,37.46,DEEP_PIT_SHADOW
6678,350,-92.57,-9.12,True,46.39,DEEP_PIT_SHADOW
6679,350,-94.44,-8.73,True,40.38,DEEP_PIT_SHADOW
6680,350,-91.02,-5.18,True,43.42,DEEP_PIT_SHADOW
6681,350,-93.07,-4.29,True,37.62,DEEP_PIT_SHADOW
6682,350,-94.83,-5.66,True,42.89,DEEP_PIT_SHADOW
6683,350,-89.43,-5.8,True,38.27,DEEP_PIT_SHADOW
6684,350,-93.76,-2.03,False,,DEEP_PIT_SHADOW
6685,350,-96.31,-5.36,True,38.1,DEEP_PIT_SHADOW
6686,350,-95.93,-5.42,True,36.11,DEEP_PIT_SHADOW
6687,350,-92.89,-2.37,True,41.98,DEEP_PIT_SHADOW
6688,350,-94.22,-5.14,True,31.22,DEEP_PIT_SHADOW
6689,350,-91.54,-2.36,True,42.54,DEEP_PIT_SHADOW
6690,350,-101.92,-1.36,True,38.1,DEEP_PIT_SHADOW
6691,350,-97.18,-8.09,True,40.46,DEEP_PIT_SHADOW
6692,350,-94.58,-4.59,True,42.36,DEEP_PIT_SHADOW
6693,350,-92.95,-4.09,True,34.27,DEEP_PIT_SHADOW
6694,350,-95.73,-4.3,True,46.82,DEEP_PIT_SHADOW
6695,350,-97.19,-6.16,True,37.46,DEEP_PIT_SHADOW
6696,350,-101.65,-6.47,False,,DEEP_PIT_SHADOW
6697,350,-96.82,-4.75,True,45.65,DEEP_PIT_SHADOW
6698,350,-89.15,-3.36,True,37.45,DEEP_PIT_SHADOW
6699,350,-102.84,-3.48,True,43.51,DEEP_PIT_SHADOW
6700,350,-88.99,-2.73,True,34.18,DEEP_PIT_SHADOW
6701,350,-91.54,-3.84,True,43.41,DEEP_PIT_SHADOW
6702,350,-98.15,-3.66,True,41.13,DEEP_PIT_SHADOW
6703,350,-93.99,-3.94,True,44.82,DEEP_PIT_SHADOW
6704,350,-96.48,-5.67,True,42.5,DEEP_PIT_SHADOW
6705,350,-99.7,-1.78,True,39.45,DEEP_PIT_SHADOW
6706,350,-88.76,-3.68,True,41.39,DEEP_PIT_SHADOW
6707,350,-92.38,-6.03,False,,DEEP_PIT_SHADOW
6708,350,-93.89,-5.99,True,47.76,DEEP_PIT_SHADOW
6709,350,-91.76,-3.95,True,42.16,DEEP_PIT_SHADOW
6710,350,-98.96,-2.77,True,42.1,DEEP_PIT_SHADOW
6711,350,-92.18,-3.13,True,49.06,DEEP_PIT_SHADOW
6712,350,-98.93,-2.61,True,39.53,DEEP_PIT_SHADOW
6713,350,-98.33,-5.21,True,44.12,DEEP_PIT_SHADOW
6714,350,-98.12,-6.9,True,43.46,DEEP_PIT_SHADOW
6715,350,-101.36,-3.39,True,39.24,DEEP_PIT_SHADOW
6716,350,-96.35,-7.45,True,36.87,DEEP_PIT_SHADOW
6717,350,-91.65,-3.39,True,42.6,DEEP_PIT_SHADOW
6718,350,-95.22,-3.54,True,43.64,DEEP_PIT_SHADOW
6719,350,-94.03,-5.28,True,47.13,DEEP_PIT_SHADOW
6720,350,-97.32,-2.68,True,48.98,DEEP_PIT_SHADOW
6721,350,-91.56,-4.69,True,46.83,DEEP_PIT_SHADOW
6722,350,-93.91,-3.85,True,36.44,DEEP_PIT_SHADOW
6723,350,-89.35,-7.15,True,45.48,DEEP_PIT_SHADOW
6724,350,-97.25,-7.01,False,,DEEP_PIT_SHADOW
6725,350,-90.3,-1.9,True,39.46,DEEP_PIT_SHADOW
6726,350,-92.82,-7.37,False,,DEEP_PIT_SHADOW
6727,350,-94.41,-6.84,False,,DEEP_PIT_SHADOW
6728,350,-98.17,-3.57,True,43.6,DEEP_PIT_SHADOW
6729,350,-98.34,-6.2,True,39.41,DEEP_PIT_SHADOW
6730,350,-91.19,-9.65,False,,DEEP_PIT_SHADOW
6731,350,-89.1,-3.85,True,37.71,DEEP_PIT_SHADOW
6732,350,-91.35,-5.67,True,41.37,DEEP_PIT_SHADOW
6733,350,-98.65,-4.86,True,37.12,DEEP_PIT_SHADOW
6734,350,-94.21,-6.94,True,46.92,DEEP_PIT_SHADOW
6735,350,-97.53,-7.38,True,39.76,DEEP_PIT_SHADOW
6736,350,-90.15,-4.58,True,42.22,DEEP_PIT_SHADOW
6737,350,-93.01,-3.88,True,42.26,DEEP_PIT_SHADOW
6738,350,-92.76,-6.97,True,37.82,DEEP_PIT_SHADOW
6739,350,-96.59,-1.14,True,49.08,DEEP_PIT_SHADOW
6740,350,-86.97,-5.76,True,39.94,DEEP_PIT_SHADOW
6741,350,-88.87,-4.43,True,40.8,DEEP_PIT_SHADOW
6742,350,-95.78,-5.34,True,39.08,DEEP_PIT_SHADOW
6743,350,-100.97,-3.25,True,40.07,DEEP_PIT_SHADOW
6744,350,-98.13,-5.41,True,39.62,DEEP_PIT_SHADOW
6745,350,-94.83,-5.79,True,40.36,DEEP_PIT_SHADOW
6746,350,-98.92,-1.82,True,35.75,DEEP_PIT_SHADOW
6747,350,-102.96,-2.01,True,45.28,DEEP_PIT_SHADOW
6748,350,-95.2,-7.23,False,,DEEP_PIT_SHADOW
6749,350,-94.37,-4.66,True,35.21,DEEP_PIT_SHADOW
6750,350,-92.25,-5.06,True,38.41,DEEP_PIT_SHADOW
6751,350,-96.81,-1.67,True,50.24,DEEP_PIT_SHADOW
6752,350,-97.12,-8.4,True,42.37,DEEP_PIT_SHADOW
6753,350,-96.0,-5.03,True,35.27,DEEP_PIT_SHADOW
6754,350,-97.06,-6.65,False,,DEEP_PIT_SHADOW
6755,350,-99.01,-7.75,False,,DEEP_PIT_SHADOW
6756,350,-97.88,-7.3,False,,DEEP_PIT_SHADOW
6757,350,-97.44,-4.67,True,45.33,DEEP_PIT_SHADOW
6758,350,-96.86,-6.05,True,45.86,DEEP_PIT_SHADOW
6759,350,-98.6,-3.45,False,,DEEP_PIT_SHADOW
6760,350,-99.43,-4.05,True,46.63,DEEP_PIT_SHADOW
6761,350,-91.12,-4.06,True,39.43,DEEP_PIT_SHADOW
6762,350,-92.59,-7.72,True,28.17,DEEP_PIT_SHADOW
6763,350,-91.76,-7.31,True,46.74,DEEP_PIT_SHADOW
6764,350,-96.22,-7.35,False,,DEEP_PIT_SHADOW
6765,350,-93.98,-5.75,True,41.49,DEEP_PIT_SHADOW
6766,350,-88.74,-10.28,False,,DEEP_PIT_SHADOW
6767,350,-93.74,-6.14,False,,DEEP_PIT_SHADOW
6768,350,-93.81,-4.2,True,39.46,DEEP_PIT_SHADOW
6769,350,-96.59,-6.15,True,44.33,DEEP_PIT_SHADOW
6770,350,-92.5,-8.73,True,31.09,DEEP_PIT_SHADOW
6771,350,-94.93,-6.76,True,46.85,DEEP_PIT_SHADOW
6772,350,-87.89,-4.66,True,39.59,DEEP_PIT_SHADOW
6773,350,-97.74,-4.32,False,,DEEP_PIT_SHADOW
6774,350,-97.47,-4.89,True,38.48,DEEP_PIT_SHADOW
6775,350,-91.58,-4.83,True,34.73,DEEP_PIT_SHADOW
6776,350,-94.8,-8.29,False,,DEEP_PIT_SHADOW
6777,350,-93.05,-4.29,False,,DEEP_PIT_SHADOW
6778,350,-97.76,-5.68,True,37.24,DEEP_PIT_SHADOW
6779,350,-98.24,-5.19,False,,DEEP_PIT_SHADOW
6780,350,-88.69,-5.83,True,40.86,DEEP_PIT_SHADOW
6781,350,-93.97,-5.7,True,45.19,DEEP_PIT_SHADOW
6782,350,-97.77,-3.98,True,36.18,DEEP_PIT_SHADOW
6783,350,-92.66,-6.89,True,41.87,DEEP_PIT_SHADOW
6784,350,-92.32,-2.63,True,47.99,DEEP_PIT_SHADOW
6785,350,-95.56,-2.51,True,43.39,DEEP_PIT_SHADOW
6786,350,-92.78,-6.99,True,38.42,DEEP_PIT_SHADOW
6787,350,-92.71,-4.85,True,39.91,DEEP_PIT_SHADOW
6788,350,-95.92,-5.46,True,41.99,DEEP_PIT_SHADOW
6789,350,-97.45,-3.29,True,41.37,DEEP_PIT_SHADOW
6790,350,-100.19,-5.61,False,,DEEP_PIT_SHADOW
6791,350,-100.23,-3.4,True,37.5,DEEP_PIT_SHADOW
6792,350,-89.83,-6.39,False,,DEEP_PIT_SHADOW
6793,350,-97.78,-4.94,True,42.13,DEEP_PIT_SHADOW
6794,350,-95.46,-4.94,True,40.82,DEEP_PIT_SHADOW
6795,350,-94.63,-0.68,True,37.8,DEEP_PIT_SHADOW
6796,350,-96.25,-1.86,True,38.23,DEEP_PIT_SHADOW
6797,350,-98.71,-4.51,True,41.86,DEEP_PIT_SHADOW
6798,350,-94.14,-3.1,True,38.82,DEEP_PIT_SHADOW
6799,350,-96.87,-5.33,True,36.72,DEEP_PIT_SHADOW
6800,350,-94.17,-2.72,True,47.05,DEEP_PIT_SHADOW
6801,350,-91.77,-2.42,True,40.73,DEEP_PIT_SHADOW
6802,350,-95.01,-7.44,False,,DEEP_PIT_SHADOW
6803,350,-89.19,-6.82,True,38.31,DEEP_PIT_SHADOW
6804,350,-98.56,-7.15,True,43.51,DEEP_PIT_SHADOW
6805,350,-91.36,-3.05,True,42.99,DEEP_PIT_SHADOW
6806,350,-95.83,-3.67,True,40.41,DEEP_PIT_SHADOW
6807,350,-89.25,-0.91,True,43.21,DEEP_PIT_SHADOW
6808,350,-94.16,-3.35,True,43.34,DEEP_PIT_SHADOW
6809,350,-96.97,-1.36,True,44.76,DEEP_PIT_SHADOW
6810,350,-91.69,-6.1,False,,DEEP_PIT_SHADOW
6811,350,-90.69,-3.05,True,44.95,DEEP_PIT_SHADOW
6812,350,-94.71,-3.53,True,46.92,DEEP_PIT_SHADOW
6813,350,-102.06,-5.13,False,,DEEP_PIT_SHADOW
6814,350,-95.69,-4.57,True,38.03,DEEP_PIT_SHADOW
6815,350,-91.0,-2.68,True,38.93,DEEP_PIT_SHADOW
6816,350,-98.0,-8.91,False,,DEEP_PIT_SHADOW
6817,350,-97.08,-3.89,True,39.65,DEEP_PIT_SHADOW
6818,350,-89.0,-4.26,True,48.48,DEEP_PIT_SHADOW
6819,350,-91.76,-1.41,True,40.82,DEEP_PIT_SHADOW
6820,350,-91.89,-6.73,False,,DEEP_PIT_SHADOW
6821,350,-89.38,-5.72,True,45.58,DEEP_PIT_SHADOW
6822,350,-98.06,-8.37,True,37.98,DEEP_PIT_SHADOW
6823,350,-96.0,-5.88,False,,DEEP_PIT_SHADOW
6824,350,-91.67,-6.06,False,,DEEP_PIT_SHADOW
6825,350,-98.55,-8.48,False,,DEEP_PIT_SHADOW
6826,350,-97.38,-4.6,True,41.1,DEEP_PIT_SHADOW
6827,350,-93.59,-5.55,True,43.4,DEEP_PIT_SHADOW
6828,350,-96.46,-4.22,True,35.18,DEEP_PIT_SHADOW
6829,350,-94.02,-4.5,True,48.78,DEEP_PIT_SHADOW
6830,350,-91.5,-3.38,True,40.8,DEEP_PIT_SHADOW
6831,350,-91.19,-2.97,True,44.46,DEEP_PIT_SHADOW
6832,350,-97.64,-7.25,False,,DEEP_PIT_SHADOW
6833,350,-92.39,-5.43,True,43.4,DEEP_PIT_SHADOW
6834,350,-100.08,-7.21,True,39.94,DEEP_PIT_SHADOW
6835,350,-100.72,-0.78,True,39.24,DEEP_PIT_SHADOW
6836,350,-90.39,-5.51,True,40.3,DEEP_PIT_SHADOW
6837,350,-92.29,-6.16,True,45.6,DEEP_PIT_SHADOW
6838,350,-99.98,-6.28,False,,DEEP_PIT_SHADOW
6839,350,-91.97,-3.27,True,42.58,DEEP_PIT_SHADOW
6840,350,-93.04,-2.91,True,44.22,DEEP_PIT_SHADOW
6841,350,-101.76,-4.44,True,33.95,DEEP_PIT_SHADOW
6842,350,-98.93,-3.53,True,44.84,DEEP_PIT_SHADOW
6843,350,-96.16,-8.19,False,,DEEP_PIT_SHADOW
6844,350,-94.87,-1.07,True,39.3,DEEP_PIT_SHADOW
6845,350,-96.8,-3.61,True,42.87,DEEP_PIT_SHADOW
6846,350,-94.71,-3.65,True,43.62,DEEP_PIT_SHADOW
6847,350,-89.03,-5.87,True,49.03,DEEP_PIT_SHADOW
6848,350,-97.31,-3.59,True,42.21,DEEP_PIT_SHADOW
6849,350,-93.74,-6.18,False,,DEEP_PIT_SHADOW
6850,350,-93.8,-3.46,True,42.67,DEEP_PIT_SHADOW
6851,350,-91.6,-7.16,True,41.71,DEEP_PIT_SHADOW
6852,350,-101.76,-3.75,True,45.39,DEEP_PIT_SHADOW
6853,350,-94.96,-1.85,True,48.01,DEEP_PIT_SHADOW
6854,350,-87.91,-6.52,True,39.08,DEEP_PIT_SHADOW
6855,350,-90.94,-4.52,True,43.33,DEEP_PIT_SHADOW
6856,350,-91.34,-5.83,True,43.39,DEEP_PIT_SHADOW
6857,350,-96.07,-5.71,True,41.77,DEEP_PIT_SHADOW
6858,350,-92.62,-6.34,True,44.51,DEEP_PIT_SHADOW
6859,350,-93.49,-5.24,True,41.49,DEEP_PIT_SHADOW
6860,350,-91.38,-5.87,False,,DEEP_PIT_SHADOW
6861,350,-93.27,-9.12,False,,DEEP_PIT_SHADOW
6862,350,-96.32,-6.29,True,42.02,DEEP_PIT_SHADOW
6863,350,-92.66,-8.24,True,41.2,DEEP_PIT_SHADOW
6864,350,-96.04,-4.51,True,52.22,DEEP_PIT_SHADOW
6865,350,-93.69,-6.41,True,46.27,DEEP_PIT_SHADOW
6866,350,-87.4,-4.72,False,,DEEP_PIT_SHADOW
6867,350,-93.68,-3.53,False,,DEEP_PIT_SHADOW
6868,350,-93.16,-3.27,True,42.28,DEEP_PIT_SHADOW
6869,350,-96.15,-4.67,True,38.9,DEEP_PIT_SHADOW
6870,350,-94.18,-6.02,True,44.94,DEEP_PIT_SHADOW
6871,350,-92.93,-5.05,False,,DEEP_PIT_SHADOW
6872,350,-92.51,-5.36,True,32.84,DEEP_PIT_SHADOW
6873,350,-91.85,-8.06,False,,DEEP_PIT_SHADOW
6874,350,-96.23,-4.29,True,37.04,DEEP_PIT_SHADOW
6875,350,-97.83,-2.63,True,40.01,DEEP_PIT_SHADOW
6876,350,-92.47,-5.06,True,38.33,DEEP_PIT_SHADOW
6877,350,-92.84,-9.39,True,42.44,DEEP_PIT_SHADOW
6878,350,-92.44,-5.02,True,50.06,DEEP_PIT_SHADOW
6879,350,-90.54,-7.09,True,40.89,DEEP_PIT_SHADOW
6880,350,-98.07,-6.41,True,36.9,DEEP_PIT_SHADOW
6881,350,-96.58,-4.14,True,39.31,DEEP_PIT_SHADOW
6882,350,-97.2,-5.21,False,,DEEP_PIT_SHADOW
6883,350,-94.31,-6.87,False,,DEEP_PIT_SHADOW
6884,350,-101.0,-4.67,True,39.51,DEEP_PIT_SHADOW
6885,350,-92.97,-5.61,True,43.32,DEEP_PIT_SHADOW
6886,350,-98.19,-6.51,False,,DEEP_PIT_SHADOW
6887,350,-96.18,-3.28,True,46.76,DEEP_PIT_SHADOW
6888,350,-96.78,-4.86,True,36.51,DEEP_PIT_SHADOW
6889,350,-94.64,-9.35,False,,DEEP_PIT_SHADOW
6890,350,-93.11,-6.4,True,41.74,DEEP_PIT_SHADOW
6891,350,-97.64,-5.05,True,39.71,DEEP_PIT_SHADOW
6892,350,-88.9,-2.32,True,39.69,DEEP_PIT_SHADOW
6893,350,-101.26,-6.42,False,,DEEP_PIT_SHADOW
6894,350,-88.99,-4.9,True,42.17,DEEP_PIT_SHADOW
6895,350,-95.46,-5.15,True,43.96,DEEP_PIT_SHADOW
6896,350,-95.91,-4.02,True,47.05,DEEP_PIT_SHADOW
6897,350,-96.82,-7.35,False,,DEEP_PIT_SHADOW
6898,350,-91.75,-4.0,True,49.96,DEEP_PIT_SHADOW
6899,350,-91.04,-8.82,False,,DEEP_PIT_SHADOW
6900,350,-97.1,-6.78,True,39.26,DEEP_PIT_SHADOW
6901,350,-97.45,-6.44,True,35.95,DEEP_PIT_SHADOW
6902,350,-95.92,-5.39,True,40.85,DEEP_PIT_SHADOW
6903,350,-97.03,-7.71,False,,DEEP_PIT_SHADOW
6904,350,-95.12,-6.08,False,,DEEP_PIT_SHADOW
6905,350,-91.61,-5.72,True,42.33,DEEP_PIT_SHADOW
6906,350,-85.61,-9.99,True,45.25,DEEP_PIT_SHADOW
6907,350,-98.37,-5.15,True,47.05,DEEP_PIT_SHADOW
6908,350,-93.12,-6.89,True,43.7,DEEP_PIT_SHADOW
6909,350,-93.4,-6.21,True,41.24,DEEP_PIT_SHADOW
6910,350,-94.68,-2.64,True,40.32,DEEP_PIT_SHADOW
6911,350,-92.55,-6.97,False,,DEEP_PIT_SHADOW
6912,350,-93.74,-3.23,False,,DEEP_PIT_SHADOW
6913,350,-94.64,-9.43,False,,DEEP_PIT_SHADOW
6914,350,-98.49,-6.42,True,39.29,DEEP_PIT_SHADOW
6915,350,-94.69,-8.2,False,,DEEP_PIT_SHADOW
6916,350,-98.73,-8.32,True,41.29,DEEP_PIT_SHADOW
6917,350,-99.05,-0.75,True,39.7,DEEP_PIT_SHADOW
6918,350,-89.92,-4.74,False,,DEEP_PIT_SHADOW
6919,350,-93.48,-5.33,True,40.71,DEEP_PIT_SHADOW
6920,350,-92.21,-1.99,True,43.58,DEEP_PIT_SHADOW
6921,350,-94.15,-2.56,True,40.96,DEEP_PIT_SHADOW
6922,350,-89.99,-7.11,True,37.98,DEEP_PIT_SHADOW
6923,350,-95.78,-7.28,True,45.21,DEEP_PIT_SHADOW
6924,350,-95.13,-1.25,True,38.17,DEEP_PIT_SHADOW
6925,350,-95.41,-7.06,False,,DEEP_PIT_SHADOW
6926,350,-96.29,-6.42,True,35.57,DEEP_PIT_SHADOW
6927,350,-91.67,-4.61,True,45.3,DEEP_PIT_SHADOW
6928,350,-88.72,-7.85,False,,DEEP_PIT_SHADOW
6929,350,-95.94,-6.47,False,,DEEP_PIT_SHADOW
6930,350,-91.45,-12.54,False,,DEEP_PIT_SHADOW
6931,350,-92.39,-8.31,True,43.46,DEEP_PIT_SHADOW
6932,350,-97.21,-7.77,False,,DEEP_PIT_SHADOW
6933,350,-94.58,-1.06,True,37.81,DEEP_PIT_SHADOW
6934,350,-97.26,-4.44,True,39.32,DEEP_PIT_SHADOW
6935,350,-91.13,-5.41,True,39.74,DEEP_PIT_SHADOW
6936,350,-100.74,-4.28,True,41.74,DEEP_PIT_SHADOW
6937,350,-96.05,-4.17,False,,DEEP_PIT_SHADOW
6938,350,-97.76,-3.04,True,42.47,DEEP_PIT_SHADOW
6939,350,-99.75,-3.79,True,45.32,DEEP_PIT_SHADOW
6940,350,-92.48,-7.7,True,39.04,DEEP_PIT_SHADOW
6941,350,-95.54,-9.35,False,,DEEP_PIT_SHADOW
6942,350,-93.06,-3.29,True,36.32,DEEP_PIT_SHADOW
6943,350,-103.12,-3.12,True,43.86,DEEP_PIT_SHADOW
6944,350,-91.63,-6.6,True,42.56,DEEP_PIT_SHADOW
6945,350,-96.91,-6.55,True,42.92,DEEP_PIT_SHADOW
6946,350,-92.65,-5.99,True,43.93,DEEP_PIT_SHADOW
6947,350,-90.77,-9.97,False,,DEEP_PIT_SHADOW
6948,350,-98.48,-1.68,True,41.7,DEEP_PIT_SHADOW
6949,350,-99.51,-5.51,False,,DEEP_PIT_SHADOW
6950,350,-94.33,-9.14,False,,DEEP_PIT_SHADOW
6951,350,-89.17,-4.99,True,38.52,DEEP_PIT_SHADOW
6952,350,-83.91,-5.74,True,35.69,DEEP_PIT_SHADOW
6953,350,-89.84,-4.23,True,38.69,DEEP_PIT_SHADOW
6954,350,-96.91,-7.23,False,,DEEP_PIT_SHADOW
6955,350,-95.36,-2.59,True,37.23,DEEP_PIT_SHADOW
6956,350,-87.22,-6.54,True,42.52,DEEP_PIT_SHADOW
6957,350,-95.67,-5.26,True,43.86,DEEP_PIT_SHADOW
6958,350,-97.65,-4.65,True,45.47,DEEP_PIT_SHADOW
6959,350,-94.79,-5.1,False,,DEEP_PIT_SHADOW
6960,350,-94.24,-3.51,True,39.88,DEEP_PIT_SHADOW
6961,350,-102.22,-9.89,False,,DEEP_PIT_SHADOW
6962,350,-91.85,-5.18,True,36.78,DEEP_PIT_SHADOW
6963,350,-95.16,-3.65,True,38.62,DEEP_PIT_SHADOW
6964,350,-94.67,-3.38,True,39.9,DEEP_PIT_SHADOW
6965,350,-91.18,-5.1,False,,DEEP_PIT_SHADOW
6966,350,-88.63,-4.45,True,39.48,DEEP_PIT_SHADOW
6967,350,-91.23,-2.78,True,44.4,DEEP_PIT_SHADOW
6968,350,-90.75,-5.88,True,37.2,DEEP_PIT_SHADOW
6969,350,-92.47,-6.12,False,,DEEP_PIT_SHADOW
6970,350,-93.17,-1.67,True,43.96,DEEP_PIT_SHADOW
6971,350,-91.74,-3.81,True,39.1,DEEP_PIT_SHADOW
6972,350,-90.16,-0.05,True,41.92,DEEP_PIT_SHADOW
6973,350,-91.71,-3.53,False,,DEEP_PIT_SHADOW
6974,350,-98.39,-2.91,True,41.04,DEEP_PIT_SHADOW
6975,350,-92.69,-4.85,True,47.72,DEEP_PIT_SHADOW
6976,350,-99.34,-4.28,True,38.25,DEEP_PIT_SHADOW
6977,350,-90.46,-5.95,False,,DEEP_PIT_SHADOW
6978,350,-93.36,-5.39,False,,DEEP_PIT_SHADOW
6979,350,-93.47,-4.0,True,37.44,DEEP_PIT_SHADOW
6980,350,-93.3,-5.91,True,40.71,DEEP_PIT_SHADOW
6981,350,-95.3,-7.66,True,48.1,DEEP_PIT_SHADOW
6982,350,-95.99,-7.89,False,,DEEP_PIT_SHADOW
6983,350,-96.68,-8.27,True,40.11,DEEP_PIT_SHADOW
6984,350,-92.96,-5.83,False,,DEEP_PIT_SHADOW
6985,350,-90.46,-4.37,True,45.62,DEEP_PIT_SHADOW
6986,350,-92.34,0.99,True,41.99,DEEP_PIT_SHADOW
6987,350,-99.08,-5.54,True,43.63,DEEP_PIT_SHADOW
6988,350,-94.59,-4.66,True,40.65,DEEP_PIT_SHADOW
6989,350,-96.85,-6.08,True,41.94,DEEP_PIT_SHADOW
6990,350,-99.09,-6.51,False,,DEEP_PIT_SHADOW
6991,350,-97.05,-5.91,True,42.35,DEEP_PIT_SHADOW
6992,350,-92.52,-6.62,True,41.8,DEEP_PIT_SHADOW
6993,350,-100.83,-5.43,True,45.27,DEEP_PIT_SHADOW
6994,350,-88.68,-0.01,True,40.55,DEEP_PIT_SHADOW
6995,350,-94.26,-8.89,False,,DEEP_PIT_SHADOW
6996,350,-93.59,-4.82,True,40.26,DEEP_PIT_SHADOW
6997,350,-96.15,-4.73,True,36.94,DEEP_PIT_SHADOW
6998,350,-91.37,-6.61,True,44.7,DEEP_PIT_SHADOW
6999,350,-100.98,-6.11,False,,DEEP_PIT_SHADOW
7000,350,-101.69,-4.62,True,40.96,DEEP_PIT_SHADOW
7001,350,-99.71,-4.91,True,44.76,DEEP_PIT_SHADOW
7002,350,-92.24,-5.79,True,36.99,DEEP_PIT_SHADOW
7003,350,-92.23,-6.44,False,,DEEP_PIT_SHADOW
7004,350,-94.32,-3.54,True,41.63,DEEP_PIT_SHADOW
7005,350,-92.67,-6.82,False,,DEEP_PIT_SHADOW
7006,350,-92.06,-4.47,True,42.52,DEEP_PIT_SHADOW
7007,350,-96.01,-7.52,False,,DEEP_PIT_SHADOW
7008,350,-94.48,-4.95,True,30.06,DEEP_PIT_SHADOW
7009,350,-95.19,-5.36,True,43.99,DEEP_PIT_SHADOW
7010,350,-92.17,-5.31,True,48.1,DEEP_PIT_SHADOW
7011,350,-87.85,-9.66,False,,DEEP_PIT_SHADOW
7012,350,-98.2,-6.51,False,,DEEP_PIT_SHADOW
7013,350,-88.51,-3.78,True,38.7,DEEP_PIT_SHADOW
7014,350,-100.4,-0.9,True,43.17,DEEP_PIT_SHADOW
7015,350,-92.24,-2.97,True,33.92,DEEP_PIT_SHADOW
7016,350,-98.4,-4.08,True,45.36,DEEP_PIT_SHADOW
7017,350,-96.65,-1.46,True,37.08,DEEP_PIT_SHADOW
7018,350,-89.71,-8.26,True,43.23,DEEP_PIT_SHADOW
7019,350,-94.18,-5.9,True,37.13,DEEP_PIT_SHADOW
7020,350,-95.89,-7.38,False,,DEEP_PIT_SHADOW
7021,350,-94.65,-6.07,True,43.38,DEEP_PIT_SHADOW
7022,350,-92.2,-4.5,True,43.53,DEEP_PIT_SHADOW
7023,350,-93.57,-3.66,True,39.51,DEEP_PIT_SHADOW
7024,350,-86.35,-5.73,False,,DEEP_PIT_SHADOW
7025,350,-92.21,-3.52,True,44.02,DEEP_PIT_SHADOW
7026,350,-91.79,-8.74,False,,DEEP_PIT_SHADOW
7027,350,-95.59,-4.02,True,42.54,DEEP_PIT_SHADOW
7028,350,-95.26,-4.81,True,41.09,DEEP_PIT_SHADOW
7029,350,-93.94,-5.43,True,43.56,DEEP_PIT_SHADOW
7030,350,-99.59,-9.03,False,,DEEP_PIT_SHADOW
7031,350,-89.84,0.59,True,42.15,DEEP_PIT_SHADOW
7032,350,-97.26,-7.79,True,42.55,DEEP_PIT_SHADOW
7033,350,-92.0,-7.35,True,42.74,DEEP_PIT_SHADOW
7034,350,-88.3,-5.84,False,,DEEP_PIT_SHADOW
7035,350,-97.54,-6.28,True,41.43,DEEP_PIT_SHADOW
7036,350,-95.41,-7.14,False,,DEEP_PIT_SHADOW
7037,350,-90.82,-5.72,True,46.83,DEEP_PIT_SHADOW
7038,350,-96.28,-6.08,False,,DEEP_PIT_SHADOW
7039,350,-94.66,-5.39,True,40.11,DEEP_PIT_SHADOW
7040,350,-96.98,-4.21,True,41.76,DEEP_PIT_SHADOW
7041,350,-98.38,-3.41,True,36.57,DEEP_PIT_SHADOW
7042,350,-95.63,-8.13,False,,DEEP_PIT_SHADOW
7043,350,-91.9,-8.63,True,44.57,DEEP_PIT_SHADOW
7044,350,-90.09,-6.85,True,41.01,DEEP_PIT_SHADOW
7045,350,-86.71,-7.29,False,,DEEP_PIT_SHADOW
7046,350,-89.88,-4.36,True,43.49,DEEP_PIT_SHADOW
7047,350,-94.03,-5.73,True,36.85,DEEP_PIT_SHADOW
7048,350,-91.84,-6.07,False,,DEEP_PIT_SHADOW
7049,350,-93.45,-4.19,False,,DEEP_PIT_SHADOW
7050,350,-93.62,-4.94,True,43.47,DEEP_PIT_SHADOW
7051,350,-95.47,-4.93,True,42.76,DEEP_PIT_SHADOW
7052,350,-88.04,-5.92,False,,DEEP_PIT_SHADOW
7053,350,-97.13,-3.4,True,44.96,DEEP_PIT_SHADOW
7054,350,-96.93,-5.63,False,,DEEP_PIT_SHADOW
7055,350,-90.4,-2.33,True,40.21,DEEP_PIT_SHADOW
7056,350,-95.96,-3.78,True,43.63,DEEP_PIT_SHADOW
7057,350,-98.32,-8.86,False,,DEEP_PIT_SHADOW
7058,350,-96.91,-7.52,True,39.64,DEEP_PIT_SHADOW
7059,350,-94.55,-7.32,False,,DEEP_PIT_SHADOW
7060,350,-91.62,-5.69,True,44.96,DEEP_PIT_SHADOW
7061,350,-91.56,-6.29,True,42.02,DEEP_PIT_SHADOW
7062,350,-92.91,-5.04,True,36.33,DEEP_PIT_SHADOW
7063,350,-91.47,-5.98,True,39.01,DEEP_PIT_SHADOW
7064,350,-92.46,-3.61,False,,DEEP_PIT_SHADOW
7065,350,-93.38,-6.87,False,,DEEP_PIT_SHADOW
7066,350,-88.89,-5.91,True,44.51,DEEP_PIT_SHADOW
7067,350,-95.08,-6.22,True,36.07,DEEP_PIT_SHADOW
7068,350,-92.31,-5.09,False,,DEEP_PIT_SHADOW
7069,350,-92.56,-6.52,True,42.57,DEEP_PIT_SHADOW
7070,350,-96.86,-4.39,True,46.16,DEEP_PIT_SHADOW
7071,350,-97.18,-6.66,True,46.51,DEEP_PIT_SHADOW
7072,350,-94.49,-10.48,True,45.69,DEEP_PIT_SHADOW
7073,350,-93.45,-8.67,True,39.84,DEEP_PIT_SHADOW
7074,350,-97.0,-3.07,False,,DEEP_PIT_SHADOW
7075,350,-93.97,-3.82,True,42.28,DEEP_PIT_SHADOW
7076,350,-94.25,-3.31,True,37.96,DEEP_PIT_SHADOW
7077,350,-93.22,-4.86,True,40.18,DEEP_PIT_SHADOW
7078,350,-97.98,-6.39,False,,DEEP_PIT_SHADOW
7079,350,-95.27,-4.91,True,44.02,DEEP_PIT_SHADOW
7080,350,-86.47,-5.71,True,37.11,DEEP_PIT_SHADOW
7081,350,-99.15,-4.05,False,,DEEP_PIT_SHADOW
7082,350,-96.04,-6.01,False,,DEEP_PIT_SHADOW
7083,350,-93.66,-1.87,True,40.14,DEEP_PIT_SHADOW
7084,350,-89.64,-4.23,True,38.8,DEEP_PIT_SHADOW
7085,350,-87.71,-7.12,False,,DEEP_PIT_SHADOW
7086,350,-90.36,-7.4,True,42.79,DEEP_PIT_SHADOW
7087,350,-99.53,-4.63,True,39.6,DEEP_PIT_SHADOW
7088,350,-95.1,-4.7,True,40.93,DEEP_PIT_SHADOW
7089,350,-90.48,-4.09,True,45.63,DEEP_PIT_SHADOW
7090,350,-90.98,-4.1,True,42.36,DEEP_PIT_SHADOW
7091,350,-87.06,-9.35,False,,DEEP_PIT_SHADOW
7092,350,-100.03,-0.54,True,42.6,DEEP_PIT_SHADOW
7093,350,-91.73,-5.02,True,35.43,DEEP_PIT_SHADOW
7094,350,-90.93,-6.74,True,42.25,DEEP_PIT_SHADOW
7095,350,-92.94,-3.74,True,41.86,DEEP_PIT_SHADOW
7096,350,-91.41,-3.12,True,37.8,DEEP_PIT_SHADOW
7097,350,-98.19,-5.32,True,44.24,DEEP_PIT_SHADOW
7098,350,-97.13,-6.44,True,40.11,DEEP_PIT_SHADOW
7099,350,-94.89,-5.32,True,38.13,DEEP_PIT_SHADOW
7100,350,-93.23,-5.72,False,,DEEP_PIT_SHADOW
7101,350,-100.37,-5.36,True,42.95,DEEP_PIT_SHADOW
7102,350,-96.09,-2.65,True,44.57,DEEP_PIT_SHADOW
7103,350,-95.32,-3.7,True,38.21,DEEP_PIT_SHADOW
7104,350,-96.15,-4.45,True,41.68,DEEP_PIT_SHADOW
7105,350,-97.42,-3.77,True,44.68,DEEP_PIT_SHADOW
7106,350,-92.32,-5.45,True,41.73,DEEP_PIT_SHADOW
7107,350,-89.81,-4.19,True,39.69,DEEP_PIT_SHADOW
7108,350,-96.1,-6.3,True,40.0,DEEP_PIT_SHADOW
7109,350,-96.97,-8.18,False,,DEEP_PIT_SHADOW
7110,350,-94.86,-3.44,True,43.64,DEEP_PIT_SHADOW
7111,350,-97.26,-3.7,True,38.51,DEEP_PIT_SHADOW
7112,350,-98.53,-3.42,True,45.67,DEEP_PIT_SHADOW
7113,350,-94.15,-5.68,False,,DEEP_PIT_SHADOW
7114,350,-93.27,-5.82,False,,DEEP_PIT_SHADOW
7115,350,-87.73,-5.08,True,37.76,DEEP_PIT_SHADOW
7116,350,-88.27,-4.06,True,43.6,DEEP_PIT_SHADOW
7117,350,-93.33,-5.67,True,40.98,DEEP_PIT_SHADOW
7118,350,-97.41,-7.43,False,,DEEP_PIT_SHADOW
7119,350,-93.99,-4.22,True,44.76,DEEP_PIT_SHADOW
7120,350,-96.28,-5.63,True,41.24,DEEP_PIT_SHADOW
7121,350,-88.89,-6.85,True,40.21,DEEP_PIT_SHADOW
7122,350,-96.81,-6.15,False,,DEEP_PIT_SHADOW
7123,350,-93.45,-7.01,False,,DEEP_PIT_SHADOW
7124,350,-98.11,-5.36,True,48.89,DEEP_PIT_SHADOW
7125,350,-93.77,-2.92,True,41.64,DEEP_PIT_SHADOW
7126,350,-93.71,-6.31,False,,DEEP_PIT_SHADOW
7127,350,-101.79,-5.47,True,49.7,DEEP_PIT_SHADOW
7128,350,-96.61,-3.89,True,43.72,DEEP_PIT_SHADOW
7129,350,-96.51,-2.95,True,42.5,DEEP_PIT_SHADOW
7130,350,-95.1,-6.2,False,,DEEP_PIT_SHADOW
7131,350,-91.53,-3.82,True,39.0,DEEP_PIT_SHADOW
7132,350,-87.16,-4.98,True,40.58,DEEP_PIT_SHADOW
7133,350,-96.5,-3.45,True,39.79,DEEP_PIT_SHADOW
7134,350,-91.24,-2.95,True,35.94,DEEP_PIT_SHADOW
7135,350,-95.31,-7.32,True,42.74,DEEP_PIT_SHADOW
7136,350,-98.93,-4.57,False,,DEEP_PIT_SHADOW
7137,350,-100.5,-5.99,True,38.26,DEEP_PIT_SHADOW
7138,350,-90.37,-5.73,False,,DEEP_PIT_SHADOW
7139,350,-94.61,-1.02,True,47.94,DEEP_PIT_SHADOW
7140,350,-90.51,-3.66,True,40.53,DEEP_PIT_SHADOW
7141,350,-93.99,-5.09,True,40.04,DEEP_PIT_SHADOW
7142,350,-96.9,-4.88,True,35.7,DEEP_PIT_SHADOW
7143,350,-96.29,-10.6,False,,DEEP_PIT_SHADOW
7144,350,-94.39,-2.85,True,44.66,DEEP_PIT_SHADOW
7145,350,-97.66,-6.53,False,,DEEP_PIT_SHADOW
7146,350,-93.46,-6.15,True,43.35,DEEP_PIT_SHADOW
7147,350,-91.72,-3.78,True,44.47,DEEP_PIT_SHADOW
7148,350,-93.19,-11.09,True,43.13,DEEP_PIT_SHADOW
7149,350,-90.86,-7.07,True,42.53,DEEP_PIT_SHADOW
7150,350,-90.34,-6.89,False,,DEEP_PIT_SHADOW
7151,350,-95.83,-4.07,True,42.64,DEEP_PIT_SHADOW
7152,350,-94.71,-6.64,False,,DEEP_PIT_SHADOW
7153,350,-91.89,-7.31,False,,DEEP_PIT_SHADOW
7154,350,-91.43,-5.34,True,41.28,DEEP_PIT_SHADOW
7155,350,-92.48,-9.04,True,38.8,DEEP_PIT_SHADOW
7156,350,-98.93,-4.34,True,44.5,DEEP_PIT_SHADOW
7157,350,-95.88,-9.24,False,,DEEP_PIT_SHADOW
7158,350,-96.01,-5.79,True,41.63,DEEP_PIT_SHADOW
7159,350,-101.35,-3.27,True,34.38,DEEP_PIT_SHADOW
7160,350,-93.23,-5.63,False,,DEEP_PIT_SHADOW
7161,350,-97.89,-7.47,False,,DEEP_PIT_SHADOW
7162,350,-93.59,-7.64,False,,DEEP_PIT_SHADOW
7163,350,-92.44,-2.88,True,39.0,DEEP_PIT_SHADOW
7164,350,-92.65,-3.58,True,40.76,DEEP_PIT_SHADOW
7165,350,-92.39,-3.86,True,38.57,DEEP_PIT_SHADOW
7166,350,-92.07,-5.72,True,38.47,DEEP_PIT_SHADOW
7167,350,-98.34,-6.05,False,,DEEP_PIT_SHADOW
7168,350,-85.31,-7.32,False,,DEEP_PIT_SHADOW
7169,350,-98.57,-6.42,True,44.3,DEEP_PIT_SHADOW
7170,350,-96.63,-5.87,True,44.84,DEEP_PIT_SHADOW
7171,350,-89.65,-3.43,True,42.09,DEEP_PIT_SHADOW
7172,350,-96.6,-6.83,True,42.26,DEEP_PIT_SHADOW
7173,350,-96.15,-3.95,True,44.14,DEEP_PIT_SHADOW
7174,350,-97.39,-6.33,True,43.35,DEEP_PIT_SHADOW
7175,350,-92.72,-6.32,True,46.21,DEEP_PIT_SHADOW
7176,350,-88.69,-3.25,True,45.48,DEEP_PIT_SHADOW
7177,350,-94.38,-6.53,True,46.57,DEEP_PIT_SHADOW
7178,350,-90.16,-3.84,True,42.84,DEEP_PIT_SHADOW
7179,350,-95.6,-7.34,False,,DEEP_PIT_SHADOW
7180,350,-93.14,-3.67,True,42.98,DEEP_PIT_SHADOW
7181,350,-97.87,-7.05,False,,DEEP_PIT_SHADOW
7182,350,-97.38,-7.02,False,,DEEP_PIT_SHADOW
7183,350,-84.66,-5.17,True,40.33,DEEP_PIT_SHADOW
7184,350,-93.98,-7.63,False,,DEEP_PIT_SHADOW
7185,350,-94.37,-5.87,True,38.66,DEEP_PIT_SHADOW
7186,350,-98.38,-10.77,False,,DEEP_PIT_SHADOW
7187,350,-96.35,-4.9,False,,DEEP_PIT_SHADOW
7188,350,-91.88,-6.28,True,39.47,DEEP_PIT_SHADOW
7189,350,-93.21,-4.25,False,,DEEP_PIT_SHADOW
7190,350,-91.75,-3.64,True,45.27,DEEP_PIT_SHADOW
7191,350,-87.2,-7.76,False,,DEEP_PIT_SHADOW
7192,350,-93.34,-6.55,True,39.67,DEEP_PIT_SHADOW
7193,350,-99.07,-7.11,True,44.88,DEEP_PIT_SHADOW
7194,350,-94.23,-6.53,True,42.14,DEEP_PIT_SHADOW
7195,350,-95.44,-6.95,True,39.86,DEEP_PIT_SHADOW
7196,350,-101.66,-0.62,True,37.23,DEEP_PIT_SHADOW
7197,350,-94.21,-3.47,True,34.01,DEEP_PIT_SHADOW
7198,350,-90.19,-5.93,True,40.32,DEEP_PIT_SHADOW
7199,350,-96.23,-4.66,True,40.5,DEEP_PIT_SHADOW
7200,350,-92.49,-3.34,True,41.28,DEEP_PIT_SHADOW
7201,350,-91.88,-7.87,False,,DEEP_PIT_SHADOW
7202,350,-96.94,-5.25,True,45.01,DEEP_PIT_SHADOW
7203,350,-95.99,-7.53,True,48.21,DEEP_PIT_SHADOW
7204,350,-93.74,-5.95,True,44.13,DEEP_PIT_SHADOW
7205,350,-97.44,-3.8,True,46.01,DEEP_PIT_SHADOW
7206,350,-94.69,-3.61,True,45.8,DEEP_PIT_SHADOW
7207,350,-91.89,-8.51,False,,DEEP_PIT_SHADOW
7208,350,-94.82,-6.81,False,,DEEP_PIT_SHADOW
7209,350,-92.07,-6.79,True,45.23,DEEP_PIT_SHADOW
7210,350,-89.28,-3.62,True,47.08,DEEP_PIT_SHADOW
7211,350,-95.47,-6.11,False,,DEEP_PIT_SHADOW
7212,350,-96.33,-4.55,True,40.31,DEEP_PIT_SHADOW
7213,350,-92.93,-10.96,False,,DEEP_PIT_SHADOW
7214,350,-97.85,-5.77,True,37.09,DEEP_PIT_SHADOW
7215,350,-92.93,-7.61,True,39.78,DEEP_PIT_SHADOW
7216,350,-90.02,-2.23,True,39.62,DEEP_PIT_SHADOW
7217,350,-94.0,-3.6,True,43.99,DEEP_PIT_SHADOW
7218,350,-93.5,-7.18,True,43.79,DEEP_PIT_SHADOW
7219,350,-98.74,-3.31,True,42.02,DEEP_PIT_SHADOW
7220,350,-95.27,-5.62,True,38.96,DEEP_PIT_SHADOW
7221,350,-89.49,-6.73,True,49.29,DEEP_PIT_SHADOW
7222,350,-92.27,-7.73,False,,DEEP_PIT_SHADOW
7223,350,-90.79,-6.36,True,43.92,DEEP_PIT_SHADOW
7224,350,-91.84,-5.45,True,44.34,DEEP_PIT_SHADOW
7225,350,-95.5,-7.59,False,,DEEP_PIT_SHADOW
7226,350,-96.49,-8.43,False,,DEEP_PIT_SHADOW
7227,350,-94.79,-8.57,False,,DEEP_PIT_SHADOW
7228,350,-95.53,-4.15,False,,DEEP_PIT_SHADOW
7229,350,-93.85,-5.71,True,37.42,DEEP_PIT_SHADOW
7230,350,-96.73,-6.14,True,38.16,DEEP_PIT_SHADOW
7231,350,-95.75,-5.75,True,42.01,DEEP_PIT_SHADOW
7232,350,-96.56,-4.42,False,,DEEP_PIT_SHADOW
7233,350,-102.81,-3.48,True,35.45,DEEP_PIT_SHADOW
7234,350,-94.71,-7.15,True,41.94,DEEP_PIT_SHADOW
7235,350,-95.83,-3.32,True,48.78,DEEP_PIT_SHADOW
7236,350,-99.44,-5.31,True,41.14,DEEP_PIT_SHADOW
7237,350,-92.57,-6.64,False,,DEEP_PIT_SHADOW
7238,350,-95.02,-6.25,True,39.94,DEEP_PIT_SHADOW
7239,350,-92.16,-5.87,True,42.49,DEEP_PIT_SHADOW
7240,350,-93.31,-1.98,True,40.76,DEEP_PIT_SHADOW
7241,350,-92.4,-6.6,True,35.63,DEEP_PIT_SHADOW
7242,350,-98.32,-3.48,True,44.1,DEEP_PIT_SHADOW
7243,350,-89.64,-4.33,False,,DEEP_PIT_SHADOW
7244,350,-94.58,-4.08,True,45.07,DEEP_PIT_SHADOW
7245,350,-93.26,-5.74,False,,DEEP_PIT_SHADOW
7246,350,-96.94,-5.4,True,37.87,DEEP_PIT_SHADOW
7247,350,-90.0,-7.33,True,43.29,DEEP_PIT_SHADOW
7248,350,-96.02,-8.54,False,,DEEP_PIT_SHADOW
7249,350,-90.87,-4.81,True,38.17,DEEP_PIT_SHADOW
7250,350,-92.56,-4.06,True,42.73,DEEP_PIT_SHADOW
7251,350,-94.61,-6.97,False,,DEEP_PIT_SHADOW
7252,350,-97.72,-7.27,False,,DEEP_PIT_SHADOW
7253,350,-98.72,-9.21,False,,DEEP_PIT_SHADOW
7254,350,-97.06,-8.63,True,48.57,DEEP_PIT_SHADOW
7255,350,-95.91,-5.5,True,46.32,DEEP_PIT_SHADOW
7256,350,-92.38,-2.32,True,40.82,DEEP_PIT_SHADOW
7257,350,-93.12,-7.2,True,39.07,DEEP_PIT_SHADOW
7258,350,-99.4,-6.59,False,,DEEP_PIT_SHADOW
7259,350,-92.0,-2.35,True,41.68,DEEP_PIT_SHADOW
7260,350,-98.22,-3.72,True,47.29,DEEP_PIT_SHADOW
7261,350,-97.53,-7.19,True,43.99,DEEP_PIT_SHADOW
7262,350,-97.15,-5.28,True,47.63,DEEP_PIT_SHADOW
7263,350,-94.92,-3.14,True,46.01,DEEP_PIT_SHADOW
7264,350,-96.07,-6.19,True,41.62,DEEP_PIT_SHADOW
7265,350,-99.11,-8.67,True,40.85,DEEP_PIT_SHADOW
7266,350,-91.12,-2.53,True,50.27,DEEP_PIT_SHADOW
7267,350,-91.59,-8.49,True,38.42,DEEP_PIT_SHADOW
7268,350,-94.8,-7.67,True,46.72,DEEP_PIT_SHADOW
7269,350,-92.75,-4.39,True,32.74,DEEP_PIT_SHADOW
7270,350,-92.4,-4.17,True,47.9,DEEP_PIT_SHADOW
7271,350,-92.31,-4.36,True,35.26,DEEP_PIT_SHADOW
7272,350,-96.28,-7.87,True,37.6,DEEP_PIT_SHADOW
7273,350,-92.42,-5.24,False,,DEEP_PIT_SHADOW
7274,350,-93.66,-3.84,True,42.88,DEEP_PIT_SHADOW
7275,350,-104.51,-6.17,True,44.28,DEEP_PIT_SHADOW
7276,350,-93.06,-7.7,False,,DEEP_PIT_SHADOW
7277,350,-93.33,-6.58,True,43.72,DEEP_PIT_SHADOW
7278,350,-92.86,-6.06,True,42.55,DEEP_PIT_SHADOW
7279,350,-93.82,-6.85,True,36.46,DEEP_PIT_SHADOW
7280,350,-92.91,-7.12,True,47.54,DEEP_PIT_SHADOW
7281,350,-93.07,-9.31,False,,DEEP_PIT_SHADOW
7282,350,-97.49,-6.88,False,,DEEP_PIT_SHADOW
7283,350,-98.87,-5.43,True,47.33,DEEP_PIT_SHADOW
7284,350,-93.13,-4.29,True,39.41,DEEP_PIT_SHADOW
7285,350,-100.87,-7.19,True,37.4,DEEP_PIT_SHADOW
7286,350,-97.56,-5.45,True,44.17,DEEP_PIT_SHADOW
7287,350,-94.96,-2.16,True,37.47,DEEP_PIT_SHADOW
7288,350,-89.85,-7.24,True,44.95,DEEP_PIT_SHADOW
7289,350,-100.83,-4.85,False,,DEEP_PIT_SHADOW
7290,350,-87.51,-3.21,True,37.05,DEEP_PIT_SHADOW
7291,350,-97.78,-3.31,True,38.77,DEEP_PIT_SHADOW
7292,350,-89.62,-5.95,True,42.51,DEEP_PIT_SHADOW
7293,350,-91.26,-4.0,True,37.79,DEEP_PIT_SHADOW
7294,350,-91.91,-7.81,False,,DEEP_PIT_SHADOW
7295,350,-99.31,-5.93,False,,DEEP_PIT_SHADOW
7296,350,-97.34,-1.62,True,42.87,DEEP_PIT_SHADOW
7297,350,-101.26,-7.86,False,,DEEP_PIT_SHADOW
7298,350,-94.37,-5.17,False,,DEEP_PIT_SHADOW
7299,350,-96.53,-8.57,True,42.27,DEEP_PIT_SHADOW
7300,350,-94.14,-4.58,True,40.52,DEEP_PIT_SHADOW
7301,350,-93.08,-4.08,False,,DEEP_PIT_SHADOW
7302,350,-96.38,-8.11,True,36.33,DEEP_PIT_SHADOW
7303,350,-93.11,-5.23,True,49.33,DEEP_PIT_SHADOW
7304,350,-88.28,-5.37,True,48.45,DEEP_PIT_SHADOW
7305,350,-92.82,-8.15,True,42.35,DEEP_PIT_SHADOW
7306,350,-88.23,-5.33,True,42.25,DEEP_PIT_SHADOW
7307,350,-94.19,-2.44,True,41.06,DEEP_PIT_SHADOW
7308,350,-99.58,-3.47,True,44.59,DEEP_PIT_SHADOW
7309,350,-96.43,-0.09,True,32.54,DEEP_PIT_SHADOW
7310,350,-96.22,-5.06,True,37.96,DEEP_PIT_SHADOW
7311,350,-92.67,-6.5,False,,DEEP_PIT_SHADOW
7312,350,-97.68,-4.45,False,,DEEP_PIT_SHADOW
7313,350,-96.95,-6.58,True,38.1,DEEP_PIT_SHADOW
7314,350,-96.57,-7.27,False,,DEEP_PIT_SHADOW
7315,350,-93.6,-5.5,True,45.07,DEEP_PIT_SHADOW
7316,350,-88.64,-4.66,True,39.9,DEEP_PIT_SHADOW
7317,350,-90.85,-4.64,True,44.22,DEEP_PIT_SHADOW
7318,350,-96.53,-4.5,True,40.69,DEEP_PIT_SHADOW
7319,350,-92.17,-2.13,True,41.55,DEEP_PIT_SHADOW
7320,350,-90.71,-7.75,True,39.97,DEEP_PIT_SHADOW
7321,350,-102.33,-4.83,True,42.69,DEEP_PIT_SHADOW
7322,350,-91.16,-2.68,True,44.62,DEEP_PIT_SHADOW
7323,350,-98.73,-3.54,True,43.26,DEEP_PIT_SHADOW
7324,350,-97.35,-0.08,True,43.09,DEEP_PIT_SHADOW
7325,350,-93.73,-8.27,True,39.91,DEEP_PIT_SHADOW
7326,350,-93.7,-5.39,False,,DEEP_PIT_SHADOW
7327,350,-97.22,-7.63,False,,DEEP_PIT_SHADOW
7328,350,-97.04,-8.18,False,,DEEP_PIT_SHADOW
7329,350,-93.97,-8.24,False,,DEEP_PIT_SHADOW
7330,350,-91.01,-5.77,True,47.07,DEEP_PIT_SHADOW
7331,350,-96.55,-5.4,True,37.09,DEEP_PIT_SHADOW
7332,350,-91.99,-6.01,True,43.41,DEEP_PIT_SHADOW
7333,350,-97.12,-4.98,True,39.92,DEEP_PIT_SHADOW
7334,350,-97.48,-4.73,True,45.89,DEEP_PIT_SHADOW
7335,350,-91.6,-8.47,False,,DEEP_PIT_SHADOW
7336,350,-96.83,-3.77,True,39.1,DEEP_PIT_SHADOW
7337,350,-98.3,-5.04,True,38.78,DEEP_PIT_SHADOW
7338,350,-91.72,-8.71,True,37.2,DEEP_PIT_SHADOW
7339,350,-93.83,-7.44,False,,DEEP_PIT_SHADOW
7340,350,-90.18,-4.66,True,39.55,DEEP_PIT_SHADOW
7341,350,-104.16,-8.18,True,44.04,DEEP_PIT_SHADOW
7342,350,-92.31,-3.9,True,50.49,DEEP_PIT_SHADOW
7343,350,-94.89,-2.67,True,42.53,DEEP_PIT_SHADOW
7344,350,-95.31,-5.82,False,,DEEP_PIT_SHADOW
7345,350,-97.06,-3.32,True,45.61,DEEP_PIT_SHADOW
7346,350,-93.2,-3.93,True,37.64,DEEP_PIT_SHADOW
7347,350,-99.72,-3.41,True,37.08,DEEP_PIT_SHADOW
7348,350,-95.59,-4.88,False,,DEEP_PIT_SHADOW
7349,350,-96.26,-6.97,False,,DEEP_PIT_SHADOW
7350,350,-97.94,-7.64,True,40.49,DEEP_PIT_SHADOW
7351,350,-94.16,-3.9,True,41.92,DEEP_PIT_SHADOW
7352,350,-90.76,-6.94,True,44.95,DEEP_PIT_SHADOW
7353,350,-93.78,-5.68,True,40.92,DEEP_PIT_SHADOW
7354,350,-94.11,-3.92,True,41.93,DEEP_PIT_SHADOW
7355,350,-93.94,-5.26,True,40.12,DEEP_PIT_SHADOW
7356,350,-94.46,-5.1,True,32.08,DEEP_PIT_SHADOW
7357,350,-94.36,-6.68,False,,DEEP_PIT_SHADOW
7358,350,-91.92,-7.01,False,,DEEP_PIT_SHADOW
7359,350,-94.69,-4.75,True,37.35,DEEP_PIT_SHADOW
7360,350,-96.26,-4.15,True,31.46,DEEP_PIT_SHADOW
7361,350,-94.11,-4.29,False,,DEEP_PIT_SHADOW
7362,350,-100.79,-7.3,False,,DEEP_PIT_SHADOW
7363,350,-92.26,0.83,True,43.04,DEEP_PIT_SHADOW
7364,350,-95.58,-5.98,True,46.63,DEEP_PIT_SHADOW
7365,350,-91.89,-2.97,True,42.96,DEEP_PIT_SHADOW
7366,350,-103.47,-6.9,True,35.41,DEEP_PIT_SHADOW
7367,350,-92.62,-8.5,False,,DEEP_PIT_SHADOW
7368,350,-97.92,-4.72,True,37.49,DEEP_PIT_SHADOW
7369,350,-99.69,-7.68,True,41.53,DEEP_PIT_SHADOW
7370,350,-90.39,-5.18,True,43.22,DEEP_PIT_SHADOW
7371,350,-95.87,-5.83,True,41.36,DEEP_PIT_SHADOW
7372,350,-91.99,-6.62,True,45.27,DEEP_PIT_SHADOW
7373,350,-88.53,-6.99,True,33.72,DEEP_PIT_SHADOW
7374,350,-96.32,-5.91,True,40.77,DEEP_PIT_SHADOW
7375,350,-99.44,-1.12,True,37.28,DEEP_PIT_SHADOW
7376,350,-95.26,-4.35,False,,DEEP_PIT_SHADOW
7377,350,-95.37,-0.08,True,44.18,DEEP_PIT_SHADOW
7378,350,-95.57,-4.62,False,,DEEP_PIT_SHADOW
7379,350,-96.45,-4.33,True,38.81,DEEP_PIT_SHADOW
7380,350,-94.65,-3.95,True,41.77,DEEP_PIT_SHADOW
7381,350,-90.77,-6.53,True,41.76,DEEP_PIT_SHADOW
7382,350,-99.69,-7.57,True,39.09,DEEP_PIT_SHADOW
7383,350,-98.81,-4.07,True,43.73,DEEP_PIT_SHADOW
7384,350,-92.63,-9.73,False,,DEEP_PIT_SHADOW
7385,350,-97.0,-5.36,False,,DEEP_PIT_SHADOW
7386,350,-98.52,-7.42,True,43.05,DEEP_PIT_SHADOW
7387,350,-91.06,-4.46,True,47.4,DEEP_PIT_SHADOW
7388,350,-97.28,-5.55,True,40.23,DEEP_PIT_SHADOW
7389,350,-91.87,-5.63,True,36.68,DEEP_PIT_SHADOW
7390,350,-91.87,-4.69,True,39.26,DEEP_PIT_SHADOW
7391,350,-85.18,-7.15,False,,DEEP_PIT_SHADOW
7392,350,-99.86,-2.72,True,32.58,DEEP_PIT_SHADOW
7393,350,-91.88,-3.91,True,41.19,DEEP_PIT_SHADOW
7394,350,-97.15,-5.11,True,41.44,DEEP_PIT_SHADOW
7395,350,-96.07,-5.92,True,37.15,DEEP_PIT_SHADOW
7396,350,-91.79,-6.68,False,,DEEP_PIT_SHADOW
7397,350,-95.56,-4.99,True,42.5,DEEP_PIT_SHADOW
7398,350,-93.42,-3.82,True,39.31,DEEP_PIT_SHADOW
7399,350,-99.6,-6.05,True,42.31,DEEP_PIT_SHADOW
7400,350,-94.44,-7.1,True,40.0,DEEP_PIT_SHADOW
7401,350,-97.45,-6.0,True,37.64,DEEP_PIT_SHADOW
7402,350,-94.04,-5.5,True,40.96,DEEP_PIT_SHADOW
7403,350,-100.48,-5.74,True,40.96,DEEP_PIT_SHADOW
7404,350,-96.6,-7.94,True,41.46,DEEP_PIT_SHADOW
7405,350,-93.2,-3.62,True,39.88,DEEP_PIT_SHADOW
7406,350,-93.69,-6.74,True,41.71,DEEP_PIT_SHADOW
7407,350,-94.79,-5.08,True,42.05,DEEP_PIT_SHADOW
7408,350,-95.94,-3.18,True,34.21,DEEP_PIT_SHADOW
7409,350,-95.26,-4.94,True,41.15,DEEP_PIT_SHADOW
7410,350,-92.65,-6.1,True,41.33,DEEP_PIT_SHADOW
7411,350,-98.73,-7.68,True,37.92,DEEP_PIT_SHADOW
7412,350,-93.13,-4.58,True,45.48,DEEP_PIT_SHADOW
7413,350,-100.42,-0.69,True,35.5,DEEP_PIT_SHADOW
7414,350,-90.11,-7.72,False,,DEEP_PIT_SHADOW
7415,350,-92.47,-6.41,True,40.38,DEEP_PIT_SHADOW
7416,350,-98.11,-1.16,True,41.68,DEEP_PIT_SHADOW
7417,350,-93.38,-6.03,True,47.5,DEEP_PIT_SHADOW
7418,350,-85.79,-10.07,False,,DEEP_PIT_SHADOW
7419,350,-94.11,-8.53,True,42.03,DEEP_PIT_SHADOW
7420,350,-90.23,-2.27,True,43.15,DEEP_PIT_SHADOW
7421,350,-96.03,-4.77,True,37.9,DEEP_PIT_SHADOW
7422,350,-98.2,-6.96,True,41.37,DEEP_PIT_SHADOW
7423,350,-94.85,-7.39,False,,DEEP_PIT_SHADOW
7424,350,-94.1,-6.36,False,,DEEP_PIT_SHADOW
7425,350,-93.34,-10.22,False,,DEEP_PIT_SHADOW
7426,350,-92.75,-5.1,True,42.48,DEEP_PIT_SHADOW
7427,350,-95.15,-7.08,True,33.76,DEEP_PIT_SHADOW
7428,350,-95.59,-3.08,True,48.81,DEEP_PIT_SHADOW
7429,350,-93.81,-6.12,True,45.7,DEEP_PIT_SHADOW
7430,350,-99.29,-5.07,False,,DEEP_PIT_SHADOW
7431,350,-94.58,-5.39,True,40.4,DEEP_PIT_SHADOW
7432,350,-96.44,-7.98,True,45.3,DEEP_PIT_SHADOW
7433,350,-94.62,-9.45,False,,DEEP_PIT_SHADOW
7434,350,-94.22,-5.96,False,,DEEP_PIT_SHADOW
7435,350,-95.17,-4.31,True,36.76,DEEP_PIT_SHADOW
7436,350,-87.41,-7.81,False,,DEEP_PIT_SHADOW
7437,350,-88.44,-4.57,True,40.07,DEEP_PIT_SHADOW
7438,350,-96.43,-5.79,True,43.59,DEEP_PIT_SHADOW
7439,350,-96.22,-6.99,True,42.35,DEEP_PIT_SHADOW
7440,350,-92.26,-5.2,True,40.48,DEEP_PIT_SHADOW
7441,350,-96.92,-5.53,True,39.06,DEEP_PIT_SHADOW
7442,350,-100.22,-4.29,True,40.26,DEEP_PIT_SHADOW
7443,350,-100.97,-8.17,True,41.08,DEEP_PIT_SHADOW
7444,350,-95.62,-1.19,True,40.82,DEEP_PIT_SHADOW
7445,350,-94.11,-5.52,True,45.02,DEEP_PIT_SHADOW
7446,350,-93.83,-4.89,True,47.15,DEEP_PIT_SHADOW
7447,350,-91.5,-7.15,True,40.91,DEEP_PIT_SHADOW
7448,350,-90.38,-4.9,True,36.53,DEEP_PIT_SHADOW
7449,350,-95.06,-2.44,True,41.34,DEEP_PIT_SHADOW
7450,350,-96.1,-4.91,True,42.71,DEEP_PIT_SHADOW
7451,350,-100.7,-5.09,True,40.95,DEEP_PIT_SHADOW
7452,350,-96.67,-5.63,False,,DEEP_PIT_SHADOW
7453,350,-95.35,-4.68,True,41.43,DEEP_PIT_SHADOW
7454,350,-92.34,-5.06,True,45.39,DEEP_PIT_SHADOW
7455,350,-93.43,-6.87,True,40.18,DEEP_PIT_SHADOW
7456,350,-93.0,-3.17,True,39.25,DEEP_PIT_SHADOW
7457,350,-89.8,-5.88,True,41.56,DEEP_PIT_SHADOW
7458,350,-94.24,-4.82,True,38.32,DEEP_PIT_SHADOW
7459,350,-90.5,-6.24,True,36.13,DEEP_PIT_SHADOW
7460,350,-96.74,-1.92,True,44.86,DEEP_PIT_SHADOW
7461,350,-97.04,-5.29,True,36.87,DEEP_PIT_SHADOW
7462,350,-91.41,-4.89,True,41.68,DEEP_PIT_SHADOW
7463,350,-99.13,-4.6,False,,DEEP_PIT_SHADOW
7464,350,-97.5,-8.2,False,,DEEP_PIT_SHADOW
7465,350,-94.99,-5.47,True,44.62,DEEP_PIT_SHADOW
7466,350,-92.12,-1.83,True,47.73,DEEP_PIT_SHADOW
7467,350,-96.29,-5.71,True,41.36,DEEP_PIT_SHADOW
7468,350,-98.96,-5.98,True,43.06,DEEP_PIT_SHADOW
7469,350,-95.87,-4.11,True,37.33,DEEP_PIT_SHADOW
7470,350,-95.03,-1.73,True,37.43,DEEP_PIT_SHADOW
7471,350,-90.0,-3.76,True,36.95,DEEP_PIT_SHADOW
7472,350,-91.04,-3.9,True,38.94,DEEP_PIT_SHADOW
7473,350,-96.18,-5.8,True,39.16,DEEP_PIT_SHADOW
7474,350,-92.05,-3.52,True,38.82,DEEP_PIT_SHADOW
7475,350,-100.98,-4.76,True,36.66,DEEP_PIT_SHADOW
7476,350,-98.08,-7.27,False,,DEEP_PIT_SHADOW
7477,350,-86.52,-4.33,True,43.59,DEEP_PIT_SHADOW
7478,350,-97.53,-3.18,True,45.86,DEEP_PIT_SHADOW
7479,350,-99.11,-1.06,True,41.8,DEEP_PIT_SHADOW
7480,350,-91.34,-3.3,True,39.66,DEEP_PIT_SHADOW
7481,350,-94.48,-7.18,True,45.82,DEEP_PIT_SHADOW
7482,350,-91.96,-5.69,True,46.74,DEEP_PIT_SHADOW
7483,350,-101.31,-6.77,False,,DEEP_PIT_SHADOW
7484,350,-95.54,-6.93,False,,DEEP_PIT_SHADOW
7485,350,-93.56,-5.73,True,41.7,DEEP_PIT_SHADOW
7486,350,-92.82,-2.25,True,43.1,DEEP_PIT_SHADOW
7487,350,-96.03,-5.75,True,44.0,DEEP_PIT_SHADOW
7488,350,-96.07,-7.87,True,34.47,DEEP_PIT_SHADOW
7489,350,-93.04,-4.44,True,39.13,DEEP_PIT_SHADOW
7490,350,-91.04,-8.43,False,,DEEP_PIT_SHADOW
7491,350,-96.31,-6.66,False,,DEEP_PIT_SHADOW
7492,350,-93.08,-6.03,True,38.27,DEEP_PIT_SHADOW
7493,350,-91.39,-9.54,False,,DEEP_PIT_SHADOW
7494,350,-96.07,-5.64,True,41.83,DEEP_PIT_SHADOW
7495,350,-98.21,-6.61,False,,DEEP_PIT_SHADOW
7496,350,-93.1,-4.74,True,42.75,DEEP_PIT_SHADOW
7497,350,-94.7,-7.33,True,39.79,DEEP_PIT_SHADOW
7498,350,-96.17,-5.27,False,,DEEP_PIT_SHADOW
7499,350,-93.02,-2.82,True,40.98,DEEP_PIT_SHADOW
7500,350,-89.74,-4.89,True,45.03,DEEP_PIT_SHADOW
7501,500,-99.56,-12.3,False,,DEEP_PIT_SHADOW
7502,500,-96.53,-14.58,False,,DEEP_PIT_SHADOW
7503,500,-95.74,-10.81,False,,DEEP_PIT_SHADOW
7504,500,-100.68,-17.09,False,,DEEP_PIT_SHADOW
7505,500,-98.33,-9.98,False,,DEEP_PIT_SHADOW
7506,500,-105.32,-12.77,False,,DEEP_PIT_SHADOW
7507,500,-102.09,-14.14,False,,DEEP_PIT_SHADOW
7508,500,-102.48,-11.96,False,,DEEP_PIT_SHADOW
7509,500,-97.65,-14.69,False,,DEEP_PIT_SHADOW
7510,500,-101.33,-11.98,True,36.45,DEEP_PIT_SHADOW
7511,500,-99.96,-14.01,False,,DEEP_PIT_SHADOW
7512,500,-98.25,-13.93,False,,DEEP_PIT_SHADOW
7513,500,-96.7,-14.81,False,,DEEP_PIT_SHADOW
7514,500,-106.01,-13.33,False,,DEEP_PIT_SHADOW
7515,500,-96.6,-7.29,True,43.46,DEEP_PIT_SHADOW
7516,500,-99.37,-14.77,False,,DEEP_PIT_SHADOW
7517,500,-103.54,-10.36,False,,DEEP_PIT_SHADOW
7518,500,-93.92,-11.91,False,,DEEP_PIT_SHADOW
7519,500,-96.45,-12.95,False,,DEEP_PIT_SHADOW
7520,500,-108.61,-14.61,False,,DEEP_PIT_SHADOW
7521,500,-97.67,-11.55,False,,DEEP_PIT_SHADOW
7522,500,-96.35,-11.98,False,,DEEP_PIT_SHADOW
7523,500,-97.61,-9.74,False,,DEEP_PIT_SHADOW
7524,500,-98.25,-11.56,False,,DEEP_PIT_SHADOW
7525,500,-97.19,-13.18,False,,DEEP_PIT_SHADOW
7526,500,-102.67,-15.07,False,,DEEP_PIT_SHADOW
7527,500,-97.95,-14.41,False,,DEEP_PIT_SHADOW
7528,500,-101.23,-12.7,False,,DEEP_PIT_SHADOW
7529,500,-94.94,-12.2,False,,DEEP_PIT_SHADOW
7530,500,-97.26,-9.53,False,,DEEP_PIT_SHADOW
7531,500,-98.89,-10.2,False,,DEEP_PIT_SHADOW
7532,500,-100.03,-13.0,False,,DEEP_PIT_SHADOW
7533,500,-92.29,-14.51,False,,DEEP_PIT_SHADOW
7534,500,-88.84,-13.47,False,,DEEP_PIT_SHADOW
7535,500,-97.56,-15.11,False,,DEEP_PIT_SHADOW
7536,500,-99.17,-12.05,False,,DEEP_PIT_SHADOW
7537,500,-99.38,-13.97,False,,DEEP_PIT_SHADOW
7538,500,-103.37,-14.38,False,,DEEP_PIT_SHADOW
7539,500,-98.47,-11.89,False,,DEEP_PIT_SHADOW
7540,500,-94.02,-10.23,False,,DEEP_PIT_SHADOW
7541,500,-104.32,-13.68,False,,DEEP_PIT_SHADOW
7542,500,-97.16,-14.83,False,,DEEP_PIT_SHADOW
7543,500,-103.89,-12.2,False,,DEEP_PIT_SHADOW
7544,500,-99.22,-12.33,False,,DEEP_PIT_SHADOW
7545,500,-104.03,-8.29,False,,DEEP_PIT_SHADOW
7546,500,-93.54,-11.87,False,,DEEP_PIT_SHADOW
7547,500,-101.0,-12.63,False,,DEEP_PIT_SHADOW
7548,500,-98.11,-9.25,False,,DEEP_PIT_SHADOW
7549,500,-99.89,-14.57,False,,DEEP_PIT_SHADOW
7550,500,-100.53,-14.42,False,,DEEP_PIT_SHADOW
7551,500,-101.15,-13.58,False,,DEEP_PIT_SHADOW
7552,500,-102.45,-11.57,True,38.72,DEEP_PIT_SHADOW
7553,500,-97.05,-14.38,False,,DEEP_PIT_SHADOW
7554,500,-102.79,-12.52,False,,DEEP_PIT_SHADOW
7555,500,-102.19,-15.05,False,,DEEP_PIT_SHADOW
7556,500,-105.89,-13.82,False,,DEEP_PIT_SHADOW
7557,500,-95.56,-14.44,False,,DEEP_PIT_SHADOW
7558,500,-102.27,-15.33,False,,DEEP_PIT_SHADOW
7559,500,-97.74,-13.49,False,,DEEP_PIT_SHADOW
7560,500,-98.01,-14.9,False,,DEEP_PIT_SHADOW
7561,500,-94.9,-15.23,False,,DEEP_PIT_SHADOW
7562,500,-91.93,-9.22,False,,DEEP_PIT_SHADOW
7563,500,-99.52,-11.81,True,43.66,DEEP_PIT_SHADOW
7564,500,-102.21,-8.29,True,43.7,DEEP_PIT_SHADOW
7565,500,-98.11,-10.43,False,,DEEP_PIT_SHADOW
7566,500,-101.41,-14.46,False,,DEEP_PIT_SHADOW
7567,500,-100.73,-16.15,False,,DEEP_PIT_SHADOW
7568,500,-93.67,-14.48,False,,DEEP_PIT_SHADOW
7569,500,-98.1,-14.45,False,,DEEP_PIT_SHADOW
7570,500,-97.08,-15.35,False,,DEEP_PIT_SHADOW
7571,500,-98.6,-11.31,False,,DEEP_PIT_SHADOW
7572,500,-96.17,-11.98,False,,DEEP_PIT_SHADOW
7573,500,-99.72,-17.25,False,,DEEP_PIT_SHADOW
7574,500,-99.38,-11.16,False,,DEEP_PIT_SHADOW
7575,500,-94.23,-11.66,False,,DEEP_PIT_SHADOW
7576,500,-103.04,-12.36,False,,DEEP_PIT_SHADOW
7577,500,-98.24,-14.25,False,,DEEP_PIT_SHADOW
7578,500,-103.35,-17.83,False,,DEEP_PIT_SHADOW
7579,500,-97.78,-9.77,True,43.93,DEEP_PIT_SHADOW
7580,500,-99.82,-15.16,False,,DEEP_PIT_SHADOW
7581,500,-99.75,-13.07,False,,DEEP_PIT_SHADOW
7582,500,-103.21,-12.63,False,,DEEP_PIT_SHADOW
7583,500,-97.8,-18.69,False,,DEEP_PIT_SHADOW
7584,500,-96.83,-13.06,False,,DEEP_PIT_SHADOW
7585,500,-97.65,-12.55,False,,DEEP_PIT_SHADOW
7586,500,-103.3,-15.09,False,,DEEP_PIT_SHADOW
7587,500,-101.24,-12.33,False,,DEEP_PIT_SHADOW
7588,500,-104.17,-11.0,False,,DEEP_PIT_SHADOW
7589,500,-94.98,-14.67,False,,DEEP_PIT_SHADOW
7590,500,-96.88,-12.99,False,,DEEP_PIT_SHADOW
7591,500,-105.4,-11.68,False,,DEEP_PIT_SHADOW
7592,500,-94.35,-11.01,False,,DEEP_PIT_SHADOW
7593,500,-104.91,-12.68,False,,DEEP_PIT_SHADOW
7594,500,-104.13,-15.22,False,,DEEP_PIT_SHADOW
7595,500,-100.14,-10.0,True,42.06,DEEP_PIT_SHADOW
7596,500,-100.26,-9.88,False,,DEEP_PIT_SHADOW
7597,500,-98.91,-12.11,False,,DEEP_PIT_SHADOW
7598,500,-101.45,-15.3,False,,DEEP_PIT_SHADOW
7599,500,-99.71,-15.5,False,,DEEP_PIT_SHADOW
7600,500,-98.58,-10.1,True,39.71,DEEP_PIT_SHADOW
7601,500,-94.77,-13.49,False,,DEEP_PIT_SHADOW
7602,500,-98.16,-10.44,False,,DEEP_PIT_SHADOW
7603,500,-99.89,-15.16,False,,DEEP_PIT_SHADOW
7604,500,-98.15,-12.97,False,,DEEP_PIT_SHADOW
7605,500,-96.9,-11.43,False,,DEEP_PIT_SHADOW
7606,500,-105.98,-13.39,False,,DEEP_PIT_SHADOW
7607,500,-106.46,-13.93,False,,DEEP_PIT_SHADOW
7608,500,-102.83,-13.48,False,,DEEP_PIT_SHADOW
7609,500,-100.21,-11.52,False,,DEEP_PIT_SHADOW
7610,500,-103.48,-14.9,False,,DEEP_PIT_SHADOW
7611,500,-97.12,-6.62,False,,DEEP_PIT_SHADOW
7612,500,-97.74,-14.65,False,,DEEP_PIT_SHADOW
7613,500,-95.07,-11.09,False,,DEEP_PIT_SHADOW
7614,500,-101.18,-11.54,True,41.4,DEEP_PIT_SHADOW
7615,500,-97.27,-13.81,False,,DEEP_PIT_SHADOW
7616,500,-104.84,-13.55,False,,DEEP_PIT_SHADOW
7617,500,-101.58,-15.71,False,,DEEP_PIT_SHADOW
7618,500,-95.65,-10.28,False,,DEEP_PIT_SHADOW
7619,500,-106.22,-9.06,False,,DEEP_PIT_SHADOW
7620,500,-101.47,-13.05,False,,DEEP_PIT_SHADOW
7621,500,-103.46,-10.15,False,,DEEP_PIT_SHADOW
7622,500,-96.61,-11.84,False,,DEEP_PIT_SHADOW
7623,500,-95.29,-14.2,False,,DEEP_PIT_SHADOW
7624,500,-98.6,-10.62,False,,DEEP_PIT_SHADOW
7625,500,-100.92,-15.78,False,,DEEP_PIT_SHADOW
7626,500,-98.18,-15.07,False,,DEEP_PIT_SHADOW
7627,500,-95.86,-15.16,False,,DEEP_PIT_SHADOW
7628,500,-99.39,-17.08,False,,DEEP_PIT_SHADOW
7629,500,-94.84,-15.75,False,,DEEP_PIT_SHADOW
7630,500,-104.88,-14.21,False,,DEEP_PIT_SHADOW
7631,500,-103.61,-15.39,False,,DEEP_PIT_SHADOW
7632,500,-98.97,-11.56,False,,DEEP_PIT_SHADOW
7633,500,-103.93,-14.05,False,,DEEP_PIT_SHADOW
7634,500,-98.62,-14.54,False,,DEEP_PIT_SHADOW
7635,500,-100.49,-12.93,False,,DEEP_PIT_SHADOW
7636,500,-100.48,-10.67,False,,DEEP_PIT_SHADOW
7637,500,-99.91,-13.81,False,,DEEP_PIT_SHADOW
7638,500,-97.2,-13.33,False,,DEEP_PIT_SHADOW
7639,500,-105.78,-13.78,False,,DEEP_PIT_SHADOW
7640,500,-96.21,-16.27,False,,DEEP_PIT_SHADOW
7641,500,-96.51,-9.92,False,,DEEP_PIT_SHADOW
7642,500,-102.35,-13.59,False,,DEEP_PIT_SHADOW
7643,500,-99.32,-10.43,False,,DEEP_PIT_SHADOW
7644,500,-98.94,-11.28,False,,DEEP_PIT_SHADOW
7645,500,-99.03,-16.02,False,,DEEP_PIT_SHADOW
7646,500,-102.26,-16.09,False,,DEEP_PIT_SHADOW
7647,500,-102.18,-14.26,False,,DEEP_PIT_SHADOW
7648,500,-102.13,-18.06,False,,DEEP_PIT_SHADOW
7649,500,-101.49,-14.42,False,,DEEP_PIT_SHADOW
7650,500,-95.2,-11.79,False,,DEEP_PIT_SHADOW
7651,500,-101.97,-11.55,False,,DEEP_PIT_SHADOW
7652,500,-99.72,-10.33,True,46.38,DEEP_PIT_SHADOW
7653,500,-99.87,-8.96,False,,DEEP_PIT_SHADOW
7654,500,-94.57,-12.58,False,,DEEP_PIT_SHADOW
7655,500,-100.44,-8.91,False,,DEEP_PIT_SHADOW
7656,500,-102.48,-13.67,False,,DEEP_PIT_SHADOW
7657,500,-96.96,-10.95,False,,DEEP_PIT_SHADOW
7658,500,-102.35,-17.53,False,,DEEP_PIT_SHADOW
7659,500,-95.62,-10.58,False,,DEEP_PIT_SHADOW
7660,500,-100.88,-10.83,False,,DEEP_PIT_SHADOW
7661,500,-95.01,-11.91,False,,DEEP_PIT_SHADOW
7662,500,-100.68,-14.29,False,,DEEP_PIT_SHADOW
7663,500,-104.29,-12.98,False,,DEEP_PIT_SHADOW
7664,500,-96.07,-15.41,False,,DEEP_PIT_SHADOW
7665,500,-102.45,-13.78,False,,DEEP_PIT_SHADOW
7666,500,-92.67,-13.1,False,,DEEP_PIT_SHADOW
7667,500,-96.09,-15.92,False,,DEEP_PIT_SHADOW
7668,500,-102.25,-13.72,False,,DEEP_PIT_SHADOW
7669,500,-100.66,-15.25,False,,DEEP_PIT_SHADOW
7670,500,-105.16,-12.76,False,,DEEP_PIT_SHADOW
7671,500,-95.95,-7.93,True,35.87,DEEP_PIT_SHADOW
7672,500,-95.05,-16.54,False,,DEEP_PIT_SHADOW
7673,500,-97.96,-12.95,False,,DEEP_PIT_SHADOW
7674,500,-102.39,-12.45,False,,DEEP_PIT_SHADOW
7675,500,-101.13,-13.34,False,,DEEP_PIT_SHADOW
7676,500,-101.03,-10.31,False,,DEEP_PIT_SHADOW
7677,500,-102.65,-13.53,False,,DEEP_PIT_SHADOW
7678,500,-93.24,-11.58,False,,DEEP_PIT_SHADOW
7679,500,-105.59,-12.73,False,,DEEP_PIT_SHADOW
7680,500,-98.25,-11.08,False,,DEEP_PIT_SHADOW
7681,500,-103.22,-8.76,False,,DEEP_PIT_SHADOW
7682,500,-102.87,-9.96,False,,DEEP_PIT_SHADOW
7683,500,-98.89,-14.54,False,,DEEP_PIT_SHADOW
7684,500,-103.12,-14.84,False,,DEEP_PIT_SHADOW
7685,500,-104.43,-12.19,False,,DEEP_PIT_SHADOW
7686,500,-98.44,-11.1,False,,DEEP_PIT_SHADOW
7687,500,-95.6,-10.15,False,,DEEP_PIT_SHADOW
7688,500,-95.65,-11.92,False,,DEEP_PIT_SHADOW
7689,500,-95.85,-13.9,False,,DEEP_PIT_SHADOW
7690,500,-95.09,-10.72,False,,DEEP_PIT_SHADOW
7691,500,-98.12,-11.17,False,,DEEP_PIT_SHADOW
7692,500,-96.68,-12.25,False,,DEEP_PIT_SHADOW
7693,500,-97.77,-9.65,True,45.48,DEEP_PIT_SHADOW
7694,500,-97.44,-11.65,False,,DEEP_PIT_SHADOW
7695,500,-97.79,-12.36,False,,DEEP_PIT_SHADOW
7696,500,-104.32,-12.75,False,,DEEP_PIT_SHADOW
7697,500,-104.94,-11.84,False,,DEEP_PIT_SHADOW
7698,500,-96.08,-14.21,False,,DEEP_PIT_SHADOW
7699,500,-101.81,-17.69,False,,DEEP_PIT_SHADOW
7700,500,-100.09,-12.16,False,,DEEP_PIT_SHADOW
7701,500,-99.07,-14.88,False,,DEEP_PIT_SHADOW
7702,500,-101.7,-12.26,False,,DEEP_PIT_SHADOW
7703,500,-99.62,-12.38,False,,DEEP_PIT_SHADOW
7704,500,-96.32,-13.89,False,,DEEP_PIT_SHADOW
7705,500,-101.13,-12.67,False,,DEEP_PIT_SHADOW
7706,500,-99.02,-12.24,False,,DEEP_PIT_SHADOW
7707,500,-96.99,-14.82,False,,DEEP_PIT_SHADOW
7708,500,-97.09,-15.28,False,,DEEP_PIT_SHADOW
7709,500,-103.13,-15.1,False,,DEEP_PIT_SHADOW
7710,500,-109.85,-14.77,False,,DEEP_PIT_SHADOW
7711,500,-95.54,-15.83,False,,DEEP_PIT_SHADOW
7712,500,-100.88,-10.72,False,,DEEP_PIT_SHADOW
7713,500,-99.35,-13.87,False,,DEEP_PIT_SHADOW
7714,500,-96.67,-14.81,False,,DEEP_PIT_SHADOW
7715,500,-100.84,-9.46,False,,DEEP_PIT_SHADOW
7716,500,-100.56,-13.07,False,,DEEP_PIT_SHADOW
7717,500,-102.22,-11.95,False,,DEEP_PIT_SHADOW
7718,500,-103.69,-15.38,False,,DEEP_PIT_SHADOW
7719,500,-99.3,-15.66,False,,DEEP_PIT_SHADOW
7720,500,-98.07,-14.58,False,,DEEP_PIT_SHADOW
7721,500,-103.79,-8.27,True,38.58,DEEP_PIT_SHADOW
7722,500,-97.06,-13.72,False,,DEEP_PIT_SHADOW
7723,500,-104.47,-11.34,False,,DEEP_PIT_SHADOW
7724,500,-95.73,-10.52,False,,DEEP_PIT_SHADOW
7725,500,-100.74,-13.28,False,,DEEP_PIT_SHADOW
7726,500,-92.19,-13.86,False,,DEEP_PIT_SHADOW
7727,500,-99.51,-11.4,False,,DEEP_PIT_SHADOW
7728,500,-99.85,-12.36,False,,DEEP_PIT_SHADOW
7729,500,-96.74,-16.78,False,,DEEP_PIT_SHADOW
7730,500,-100.07,-13.3,False,,DEEP_PIT_SHADOW
7731,500,-101.44,-14.65,False,,DEEP_PIT_SHADOW
7732,500,-101.81,-14.54,False,,DEEP_PIT_SHADOW
7733,500,-97.43,-10.32,False,,DEEP_PIT_SHADOW
7734,500,-100.3,-14.44,False,,DEEP_PIT_SHADOW
7735,500,-106.29,-11.76,False,,DEEP_PIT_SHADOW
7736,500,-105.17,-12.92,False,,DEEP_PIT_SHADOW
7737,500,-103.77,-13.13,False,,DEEP_PIT_SHADOW
7738,500,-95.21,-13.23,False,,DEEP_PIT_SHADOW
7739,500,-103.64,-13.66,False,,DEEP_PIT_SHADOW
7740,500,-96.42,-10.79,False,,DEEP_PIT_SHADOW
7741,500,-99.01,-9.71,False,,DEEP_PIT_SHADOW
7742,500,-92.79,-15.11,False,,DEEP_PIT_SHADOW
7743,500,-99.02,-16.23,False,,DEEP_PIT_SHADOW
7744,500,-100.78,-14.08,False,,DEEP_PIT_SHADOW
7745,500,-95.41,-12.7,False,,DEEP_PIT_SHADOW
7746,500,-104.76,-14.03,False,,DEEP_PIT_SHADOW
7747,500,-97.16,-11.43,True,42.72,DEEP_PIT_SHADOW
7748,500,-103.32,-12.56,False,,DEEP_PIT_SHADOW
7749,500,-104.88,-11.99,False,,DEEP_PIT_SHADOW
7750,500,-97.78,-15.1,False,,DEEP_PIT_SHADOW
7751,500,-102.64,-11.2,False,,DEEP_PIT_SHADOW
7752,500,-101.17,-12.86,False,,DEEP_PIT_SHADOW
7753,500,-101.76,-14.63,False,,DEEP_PIT_SHADOW
7754,500,-98.17,-16.91,False,,DEEP_PIT_SHADOW
7755,500,-102.23,-12.33,False,,DEEP_PIT_SHADOW
7756,500,-95.82,-14.85,False,,DEEP_PIT_SHADOW
7757,500,-95.02,-11.86,False,,DEEP_PIT_SHADOW
7758,500,-100.99,-12.69,False,,DEEP_PIT_SHADOW
7759,500,-101.24,-13.36,False,,DEEP_PIT_SHADOW
7760,500,-95.29,-14.27,False,,DEEP_PIT_SHADOW
7761,500,-96.14,-13.39,False,,DEEP_PIT_SHADOW
7762,500,-99.61,-15.56,False,,DEEP_PIT_SHADOW
7763,500,-98.6,-9.91,False,,DEEP_PIT_SHADOW
7764,500,-104.27,-8.53,False,,DEEP_PIT_SHADOW
7765,500,-99.23,-12.68,False,,DEEP_PIT_SHADOW
7766,500,-97.94,-12.19,False,,DEEP_PIT_SHADOW
7767,500,-98.76,-16.37,False,,DEEP_PIT_SHADOW
7768,500,-101.11,-12.38,False,,DEEP_PIT_SHADOW
7769,500,-95.74,-12.17,False,,DEEP_PIT_SHADOW
7770,500,-94.24,-12.9,False,,DEEP_PIT_SHADOW
7771,500,-96.6,-12.36,False,,DEEP_PIT_SHADOW
7772,500,-98.23,-14.86,False,,DEEP_PIT_SHADOW
7773,500,-103.13,-11.3,False,,DEEP_PIT_SHADOW
7774,500,-98.08,-16.23,False,,DEEP_PIT_SHADOW
7775,500,-99.97,-12.51,True,38.3,DEEP_PIT_SHADOW
7776,500,-99.9,-11.47,False,,DEEP_PIT_SHADOW
7777,500,-95.47,-11.9,False,,DEEP_PIT_SHADOW
7778,500,-96.66,-15.89,False,,DEEP_PIT_SHADOW
7779,500,-102.1,-9.55,False,,DEEP_PIT_SHADOW
7780,500,-98.58,-12.85,False,,DEEP_PIT_SHADOW
7781,500,-100.29,-14.25,False,,DEEP_PIT_SHADOW
7782,500,-98.48,-11.8,False,,DEEP_PIT_SHADOW
7783,500,-96.26,-9.55,False,,DEEP_PIT_SHADOW
7784,500,-99.1,-14.26,False,,DEEP_PIT_SHADOW
7785,500,-101.75,-12.59,False,,DEEP_PIT_SHADOW
7786,500,-99.36,-11.29,True,39.46,DEEP_PIT_SHADOW
7787,500,-100.28,-12.52,False,,DEEP_PIT_SHADOW
7788,500,-95.38,-12.97,False,,DEEP_PIT_SHADOW
7789,500,-95.36,-13.09,False,,DEEP_PIT_SHADOW
7790,500,-107.97,-10.7,True,43.02,DEEP_PIT_SHADOW
7791,500,-100.78,-16.98,False,,DEEP_PIT_SHADOW
7792,500,-103.86,-13.5,False,,DEEP_PIT_SHADOW
7793,500,-103.87,-14.68,False,,DEEP_PIT_SHADOW
7794,500,-96.49,-13.82,False,,DEEP_PIT_SHADOW
7795,500,-95.12,-11.06,False,,DEEP_PIT_SHADOW
7796,500,-95.03,-13.16,False,,DEEP_PIT_SHADOW
7797,500,-97.01,-11.89,False,,DEEP_PIT_SHADOW
7798,500,-99.25,-14.38,False,,DEEP_PIT_SHADOW
7799,500,-98.58,-13.02,False,,DEEP_PIT_SHADOW
7800,500,-98.89,-12.29,False,,DEEP_PIT_SHADOW
7801,500,-98.69,-14.2,False,,DEEP_PIT_SHADOW
7802,500,-99.19,-12.87,False,,DEEP_PIT_SHADOW
7803,500,-99.14,-14.06,False,,DEEP_PIT_SHADOW
7804,500,-98.22,-12.95,False,,DEEP_PIT_SHADOW
7805,500,-98.44,-15.75,False,,DEEP_PIT_SHADOW
7806,500,-96.86,-18.16,False,,DEEP_PIT_SHADOW
7807,500,-104.64,-16.35,False,,DEEP_PIT_SHADOW
7808,500,-94.2,-14.73,False,,DEEP_PIT_SHADOW
7809,500,-100.52,-12.32,False,,DEEP_PIT_SHADOW
7810,500,-97.84,-13.91,False,,DEEP_PIT_SHADOW
7811,500,-97.78,-15.76,False,,DEEP_PIT_SHADOW
7812,500,-95.54,-13.24,False,,DEEP_PIT_SHADOW
7813,500,-100.47,-16.15,False,,DEEP_PIT_SHADOW
7814,500,-101.24,-13.68,False,,DEEP_PIT_SHADOW
7815,500,-99.04,-12.3,False,,DEEP_PIT_SHADOW
7816,500,-99.76,-15.17,False,,DEEP_PIT_SHADOW
7817,500,-94.99,-14.54,False,,DEEP_PIT_SHADOW
7818,500,-100.84,-13.33,False,,DEEP_PIT_SHADOW
7819,500,-99.1,-15.5,False,,DEEP_PIT_SHADOW
7820,500,-103.72,-12.73,False,,DEEP_PIT_SHADOW
7821,500,-101.79,-13.57,False,,DEEP_PIT_SHADOW
7822,500,-107.78,-12.32,False,,DEEP_PIT_SHADOW
7823,500,-102.92,-14.04,False,,DEEP_PIT_SHADOW
7824,500,-95.44,-16.99,False,,DEEP_PIT_SHADOW
7825,500,-99.33,-11.79,False,,DEEP_PIT_SHADOW
7826,500,-95.32,-16.86,False,,DEEP_PIT_SHADOW
7827,500,-100.98,-15.05,False,,DEEP_PIT_SHADOW
7828,500,-105.64,-16.83,False,,DEEP_PIT_SHADOW
7829,500,-97.81,-14.48,False,,DEEP_PIT_SHADOW
7830,500,-100.37,-11.49,False,,DEEP_PIT_SHADOW
7831,500,-102.92,-13.05,False,,DEEP_PIT_SHADOW
7832,500,-92.37,-14.68,False,,DEEP_PIT_SHADOW
7833,500,-102.96,-14.47,False,,DEEP_PIT_SHADOW
7834,500,-97.42,-17.09,False,,DEEP_PIT_SHADOW
7835,500,-96.25,-12.53,False,,DEEP_PIT_SHADOW
7836,500,-98.31,-13.67,False,,DEEP_PIT_SHADOW
7837,500,-99.09,-13.98,False,,DEEP_PIT_SHADOW
7838,500,-97.83,-8.97,False,,DEEP_PIT_SHADOW
7839,500,-99.9,-12.47,False,,DEEP_PIT_SHADOW
7840,500,-95.95,-10.5,False,,DEEP_PIT_SHADOW
7841,500,-101.21,-12.7,False,,DEEP_PIT_SHADOW
7842,500,-105.03,-14.5,False,,DEEP_PIT_SHADOW
7843,500,-97.76,-11.88,False,,DEEP_PIT_SHADOW
7844,500,-104.07,-12.79,False,,DEEP_PIT_SHADOW
7845,500,-101.12,-12.74,False,,DEEP_PIT_SHADOW
7846,500,-97.92,-14.68,False,,DEEP_PIT_SHADOW
7847,500,-95.82,-14.8,False,,DEEP_PIT_SHADOW
7848,500,-102.85,-14.32,False,,DEEP_PIT_SHADOW
7849,500,-97.69,-12.69,False,,DEEP_PIT_SHADOW
7850,500,-105.2,-13.2,False,,DEEP_PIT_SHADOW
7851,500,-97.53,-11.96,False,,DEEP_PIT_SHADOW
7852,500,-99.42,-11.06,False,,DEEP_PIT_SHADOW
7853,500,-92.82,-16.07,False,,DEEP_PIT_SHADOW
7854,500,-100.21,-12.01,False,,DEEP_PIT_SHADOW
7855,500,-98.75,-15.5,False,,DEEP_PIT_SHADOW
7856,500,-94.8,-15.94,False,,DEEP_PIT_SHADOW
7857,500,-98.42,-14.43,False,,DEEP_PIT_SHADOW
7858,500,-100.28,-15.25,False,,DEEP_PIT_SHADOW
7859,500,-98.55,-11.5,False,,DEEP_PIT_SHADOW
7860,500,-96.08,-13.87,False,,DEEP_PIT_SHADOW
7861,500,-103.1,-13.31,False,,DEEP_PIT_SHADOW
7862,500,-103.39,-15.15,False,,DEEP_PIT_SHADOW
7863,500,-98.96,-9.08,True,39.97,DEEP_PIT_SHADOW
7864,500,-96.15,-10.19,False,,DEEP_PIT_SHADOW
7865,500,-95.44,-10.98,False,,DEEP_PIT_SHADOW
7866,500,-99.02,-13.31,False,,DEEP_PIT_SHADOW
7867,500,-101.32,-13.47,True,41.09,DEEP_PIT_SHADOW
7868,500,-104.72,-11.18,False,,DEEP_PIT_SHADOW
7869,500,-92.76,-12.36,False,,DEEP_PIT_SHADOW
7870,500,-98.05,-15.7,False,,DEEP_PIT_SHADOW
7871,500,-105.18,-13.39,False,,DEEP_PIT_SHADOW
7872,500,-98.73,-11.42,False,,DEEP_PIT_SHADOW
7873,500,-99.39,-14.99,False,,DEEP_PIT_SHADOW
7874,500,-104.64,-13.98,False,,DEEP_PIT_SHADOW
7875,500,-97.3,-10.63,False,,DEEP_PIT_SHADOW
7876,500,-106.91,-13.13,False,,DEEP_PIT_SHADOW
7877,500,-97.2,-10.86,False,,DEEP_PIT_SHADOW
7878,500,-102.23,-12.62,False,,DEEP_PIT_SHADOW
7879,500,-95.83,-12.48,True,47.05,DEEP_PIT_SHADOW
7880,500,-100.82,-10.87,False,,DEEP_PIT_SHADOW
7881,500,-99.08,-10.14,False,,DEEP_PIT_SHADOW
7882,500,-108.06,-16.14,False,,DEEP_PIT_SHADOW
7883,500,-95.73,-10.29,False,,DEEP_PIT_SHADOW
7884,500,-99.37,-13.2,False,,DEEP_PIT_SHADOW
7885,500,-95.38,-16.17,False,,DEEP_PIT_SHADOW
7886,500,-94.86,-13.94,False,,DEEP_PIT_SHADOW
7887,500,-94.88,-12.51,False,,DEEP_PIT_SHADOW
7888,500,-99.56,-8.54,True,39.14,DEEP_PIT_SHADOW
7889,500,-101.77,-11.11,False,,DEEP_PIT_SHADOW
7890,500,-99.16,-12.15,False,,DEEP_PIT_SHADOW
7891,500,-100.4,-11.84,False,,DEEP_PIT_SHADOW
7892,500,-96.28,-13.74,False,,DEEP_PIT_SHADOW
7893,500,-102.98,-9.73,False,,DEEP_PIT_SHADOW
7894,500,-96.65,-11.32,False,,DEEP_PIT_SHADOW
7895,500,-101.76,-11.59,False,,DEEP_PIT_SHADOW
7896,500,-99.87,-13.01,False,,DEEP_PIT_SHADOW
7897,500,-103.03,-14.58,False,,DEEP_PIT_SHADOW
7898,500,-98.65,-12.75,False,,DEEP_PIT_SHADOW
7899,500,-102.44,-14.13,False,,DEEP_PIT_SHADOW
7900,500,-104.38,-14.56,False,,DEEP_PIT_SHADOW
7901,500,-96.54,-15.05,False,,DEEP_PIT_SHADOW
7902,500,-100.75,-13.9,False,,DEEP_PIT_SHADOW
7903,500,-104.3,-13.54,False,,DEEP_PIT_SHADOW
7904,500,-94.09,-14.12,False,,DEEP_PIT_SHADOW
7905,500,-96.45,-12.68,False,,DEEP_PIT_SHADOW
7906,500,-92.69,-9.72,False,,DEEP_PIT_SHADOW
7907,500,-92.46,-13.52,False,,DEEP_PIT_SHADOW
7908,500,-97.18,-16.34,False,,DEEP_PIT_SHADOW
7909,500,-98.91,-13.73,False,,DEEP_PIT_SHADOW
7910,500,-99.01,-10.59,False,,DEEP_PIT_SHADOW
7911,500,-97.3,-11.22,False,,DEEP_PIT_SHADOW
7912,500,-101.26,-15.23,False,,DEEP_PIT_SHADOW
7913,500,-103.22,-12.05,False,,DEEP_PIT_SHADOW
7914,500,-101.68,-13.26,False,,DEEP_PIT_SHADOW
7915,500,-97.56,-13.02,False,,DEEP_PIT_SHADOW
7916,500,-95.28,-14.06,False,,DEEP_PIT_SHADOW
7917,500,-96.77,-10.48,True,42.03,DEEP_PIT_SHADOW
7918,500,-102.86,-13.85,False,,DEEP_PIT_SHADOW
7919,500,-97.2,-14.97,False,,DEEP_PIT_SHADOW
7920,500,-93.93,-15.66,False,,DEEP_PIT_SHADOW
7921,500,-95.77,-13.59,False,,DEEP_PIT_SHADOW
7922,500,-94.39,-14.15,False,,DEEP_PIT_SHADOW
7923,500,-106.81,-15.15,False,,DEEP_PIT_SHADOW
7924,500,-100.41,-15.74,False,,DEEP_PIT_SHADOW
7925,500,-96.9,-12.38,False,,DEEP_PIT_SHADOW
7926,500,-100.35,-13.39,False,,DEEP_PIT_SHADOW
7927,500,-103.5,-16.05,False,,DEEP_PIT_SHADOW
7928,500,-94.14,-13.03,False,,DEEP_PIT_SHADOW
7929,500,-101.68,-11.97,False,,DEEP_PIT_SHADOW
7930,500,-101.59,-12.87,False,,DEEP_PIT_SHADOW
7931,500,-99.17,-15.27,False,,DEEP_PIT_SHADOW
7932,500,-104.34,-12.42,True,46.09,DEEP_PIT_SHADOW
7933,500,-103.31,-13.29,False,,DEEP_PIT_SHADOW
7934,500,-99.75,-15.18,False,,DEEP_PIT_SHADOW
7935,500,-95.75,-13.86,False,,DEEP_PIT_SHADOW
7936,500,-102.39,-14.96,False,,DEEP_PIT_SHADOW
7937,500,-109.03,-13.05,False,,DEEP_PIT_SHADOW
7938,500,-101.9,-11.18,False,,DEEP_PIT_SHADOW
7939,500,-107.18,-13.29,False,,DEEP_PIT_SHADOW
7940,500,-99.87,-12.65,False,,DEEP_PIT_SHADOW
7941,500,-102.82,-14.75,False,,DEEP_PIT_SHADOW
7942,500,-101.86,-12.3,False,,DEEP_PIT_SHADOW
7943,500,-103.71,-12.7,False,,DEEP_PIT_SHADOW
7944,500,-94.75,-11.79,False,,DEEP_PIT_SHADOW
7945,500,-96.1,-11.88,False,,DEEP_PIT_SHADOW
7946,500,-96.19,-14.37,False,,DEEP_PIT_SHADOW
7947,500,-101.2,-13.23,False,,DEEP_PIT_SHADOW
7948,500,-103.76,-14.85,False,,DEEP_PIT_SHADOW
7949,500,-105.51,-15.1,False,,DEEP_PIT_SHADOW
7950,500,-103.83,-13.54,False,,DEEP_PIT_SHADOW
7951,500,-103.81,-12.23,False,,DEEP_PIT_SHADOW
7952,500,-98.31,-16.14,False,,DEEP_PIT_SHADOW
7953,500,-105.56,-14.4,False,,DEEP_PIT_SHADOW
7954,500,-102.05,-13.08,False,,DEEP_PIT_SHADOW
7955,500,-100.6,-13.8,False,,DEEP_PIT_SHADOW
7956,500,-101.0,-14.08,False,,DEEP_PIT_SHADOW
7957,500,-96.33,-14.43,False,,DEEP_PIT_SHADOW
7958,500,-107.63,-11.64,False,,DEEP_PIT_SHADOW
7959,500,-102.04,-12.89,False,,DEEP_PIT_SHADOW
7960,500,-101.95,-12.43,False,,DEEP_PIT_SHADOW
7961,500,-94.02,-14.1,False,,DEEP_PIT_SHADOW
7962,500,-97.23,-11.51,False,,DEEP_PIT_SHADOW
7963,500,-103.18,-12.59,False,,DEEP_PIT_SHADOW
7964,500,-97.44,-16.28,False,,DEEP_PIT_SHADOW
7965,500,-98.92,-10.68,False,,DEEP_PIT_SHADOW
7966,500,-99.64,-11.46,False,,DEEP_PIT_SHADOW
7967,500,-99.29,-11.56,False,,DEEP_PIT_SHADOW
7968,500,-100.07,-11.89,False,,DEEP_PIT_SHADOW
7969,500,-95.1,-14.52,False,,DEEP_PIT_SHADOW
7970,500,-95.21,-12.06,False,,DEEP_PIT_SHADOW
7971,500,-99.66,-9.49,False,,DEEP_PIT_SHADOW
7972,500,-98.33,-12.82,False,,DEEP_PIT_SHADOW
7973,500,-90.75,-11.95,False,,DEEP_PIT_SHADOW
7974,500,-95.69,-17.52,False,,DEEP_PIT_SHADOW
7975,500,-97.18,-11.63,False,,DEEP_PIT_SHADOW
7976,500,-92.83,-9.89,False,,DEEP_PIT_SHADOW
7977,500,-96.37,-12.2,False,,DEEP_PIT_SHADOW
7978,500,-95.85,-7.89,False,,DEEP_PIT_SHADOW
7979,500,-92.26,-11.21,False,,DEEP_PIT_SHADOW
7980,500,-91.77,-13.58,False,,DEEP_PIT_SHADOW
7981,500,-97.1,-19.19,False,,DEEP_PIT_SHADOW
7982,500,-95.13,-13.29,False,,DEEP_PIT_SHADOW
7983,500,-96.26,-12.07,False,,DEEP_PIT_SHADOW
7984,500,-103.86,-13.63,False,,DEEP_PIT_SHADOW
7985,500,-104.09,-15.43,False,,DEEP_PIT_SHADOW
7986,500,-97.27,-13.84,False,,DEEP_PIT_SHADOW
7987,500,-98.84,-16.62,False,,DEEP_PIT_SHADOW
7988,500,-93.28,-14.91,False,,DEEP_PIT_SHADOW
7989,500,-100.06,-14.69,False,,DEEP_PIT_SHADOW
7990,500,-102.61,-13.05,False,,DEEP_PIT_SHADOW
7991,500,-94.52,-11.43,False,,DEEP_PIT_SHADOW
7992,500,-98.33,-12.84,False,,DEEP_PIT_SHADOW
7993,500,-95.53,-13.47,False,,DEEP_PIT_SHADOW
7994,500,-100.51,-15.63,False,,DEEP_PIT_SHADOW
7995,500,-101.8,-13.17,False,,DEEP_PIT_SHADOW
7996,500,-96.45,-11.89,False,,DEEP_PIT_SHADOW
7997,500,-96.5,-18.46,False,,DEEP_PIT_SHADOW
7998,500,-103.31,-13.9,False,,DEEP_PIT_SHADOW
7999,500,-89.65,-12.24,False,,DEEP_PIT_SHADOW
8000,500,-95.65,-13.28,False,,DEEP_PIT_SHADOW
8001,500,-106.03,-16.79,False,,DEEP_PIT_SHADOW
8002,500,-98.28,-14.1,False,,DEEP_PIT_SHADOW
8003,500,-97.12,-12.12,False,,DEEP_PIT_SHADOW
8004,500,-97.52,-11.15,False,,DEEP_PIT_SHADOW
8005,500,-100.92,-9.41,True,43.54,DEEP_PIT_SHADOW
8006,500,-92.94,-13.38,False,,DEEP_PIT_SHADOW
8007,500,-104.86,-16.9,False,,DEEP_PIT_SHADOW
8008,500,-99.23,-6.53,True,40.9,DEEP_PIT_SHADOW
8009,500,-98.76,-15.33,False,,DEEP_PIT_SHADOW
8010,500,-109.08,-11.91,False,,DEEP_PIT_SHADOW
8011,500,-105.52,-16.29,False,,DEEP_PIT_SHADOW
8012,500,-94.97,-14.82,False,,DEEP_PIT_SHADOW
8013,500,-102.44,-13.2,False,,DEEP_PIT_SHADOW
8014,500,-97.4,-12.65,False,,DEEP_PIT_SHADOW
8015,500,-96.97,-13.4,False,,DEEP_PIT_SHADOW
8016,500,-95.19,-12.8,False,,DEEP_PIT_SHADOW
8017,500,-95.31,-17.75,False,,DEEP_PIT_SHADOW
8018,500,-93.65,-14.63,False,,DEEP_PIT_SHADOW
8019,500,-96.18,-7.67,False,,DEEP_PIT_SHADOW
8020,500,-102.46,-12.03,True,39.82,DEEP_PIT_SHADOW
8021,500,-100.46,-14.29,False,,DEEP_PIT_SHADOW
8022,500,-100.88,-10.68,False,,DEEP_PIT_SHADOW
8023,500,-102.31,-12.54,False,,DEEP_PIT_SHADOW
8024,500,-98.88,-11.31,False,,DEEP_PIT_SHADOW
8025,500,-95.63,-12.73,False,,DEEP_PIT_SHADOW
8026,500,-95.83,-10.15,False,,DEEP_PIT_SHADOW
8027,500,-100.03,-11.95,False,,DEEP_PIT_SHADOW
8028,500,-99.97,-12.2,False,,DEEP_PIT_SHADOW
8029,500,-98.92,-13.56,False,,DEEP_PIT_SHADOW
8030,500,-97.9,-15.48,False,,DEEP_PIT_SHADOW
8031,500,-102.27,-13.08,False,,DEEP_PIT_SHADOW
8032,500,-97.8,-11.28,False,,DEEP_PIT_SHADOW
8033,500,-102.92,-15.4,False,,DEEP_PIT_SHADOW
8034,500,-101.13,-13.25,False,,DEEP_PIT_SHADOW
8035,500,-100.82,-10.3,False,,DEEP_PIT_SHADOW
8036,500,-98.64,-18.06,False,,DEEP_PIT_SHADOW
8037,500,-96.37,-10.16,False,,DEEP_PIT_SHADOW
8038,500,-103.48,-12.01,False,,DEEP_PIT_SHADOW
8039,500,-94.55,-15.31,False,,DEEP_PIT_SHADOW
8040,500,-102.42,-15.71,False,,DEEP_PIT_SHADOW
8041,500,-98.42,-10.75,False,,DEEP_PIT_SHADOW
8042,500,-98.01,-11.63,False,,DEEP_PIT_SHADOW
8043,500,-97.32,-13.68,False,,DEEP_PIT_SHADOW
8044,500,-97.97,-12.64,False,,DEEP_PIT_SHADOW
8045,500,-98.24,-13.96,False,,DEEP_PIT_SHADOW
8046,500,-100.03,-11.3,False,,DEEP_PIT_SHADOW
8047,500,-101.85,-13.41,False,,DEEP_PIT_SHADOW
8048,500,-100.46,-11.22,True,40.66,DEEP_PIT_SHADOW
8049,500,-96.38,-15.31,False,,DEEP_PIT_SHADOW
8050,500,-99.95,-11.09,True,43.04,DEEP_PIT_SHADOW
8051,500,-98.51,-14.6,False,,DEEP_PIT_SHADOW
8052,500,-96.11,-14.08,False,,DEEP_PIT_SHADOW
8053,500,-92.07,-12.59,False,,DEEP_PIT_SHADOW
8054,500,-100.32,-11.88,False,,DEEP_PIT_SHADOW
8055,500,-99.13,-16.39,False,,DEEP_PIT_SHADOW
8056,500,-97.22,-10.82,False,,DEEP_PIT_SHADOW
8057,500,-97.64,-12.22,False,,DEEP_PIT_SHADOW
8058,500,-98.15,-14.8,False,,DEEP_PIT_SHADOW
8059,500,-99.63,-13.59,False,,DEEP_PIT_SHADOW
8060,500,-100.78,-10.44,False,,DEEP_PIT_SHADOW
8061,500,-96.82,-14.91,False,,DEEP_PIT_SHADOW
8062,500,-103.89,-14.86,False,,DEEP_PIT_SHADOW
8063,500,-97.63,-13.58,False,,DEEP_PIT_SHADOW
8064,500,-103.76,-11.77,False,,DEEP_PIT_SHADOW
8065,500,-99.77,-14.06,False,,DEEP_PIT_SHADOW
8066,500,-96.84,-14.86,False,,DEEP_PIT_SHADOW
8067,500,-110.46,-12.38,False,,DEEP_PIT_SHADOW
8068,500,-98.23,-13.12,False,,DEEP_PIT_SHADOW
8069,500,-96.34,-13.93,False,,DEEP_PIT_SHADOW
8070,500,-101.86,-13.88,False,,DEEP_PIT_SHADOW
8071,500,-100.44,-11.98,False,,DEEP_PIT_SHADOW
8072,500,-107.18,-12.91,False,,DEEP_PIT_SHADOW
8073,500,-103.46,-13.64,False,,DEEP_PIT_SHADOW
8074,500,-97.6,-11.29,False,,DEEP_PIT_SHADOW
8075,500,-96.48,-14.94,False,,DEEP_PIT_SHADOW
8076,500,-96.34,-14.3,False,,DEEP_PIT_SHADOW
8077,500,-96.38,-13.45,False,,DEEP_PIT_SHADOW
8078,500,-94.58,-12.87,False,,DEEP_PIT_SHADOW
8079,500,-100.64,-9.29,False,,DEEP_PIT_SHADOW
8080,500,-98.34,-15.52,False,,DEEP_PIT_SHADOW
8081,500,-100.74,-14.7,False,,DEEP_PIT_SHADOW
8082,500,-99.7,-14.29,False,,DEEP_PIT_SHADOW
8083,500,-97.93,-14.79,False,,DEEP_PIT_SHADOW
8084,500,-94.63,-11.99,False,,DEEP_PIT_SHADOW
8085,500,-100.74,-14.16,False,,DEEP_PIT_SHADOW
8086,500,-99.33,-13.42,False,,DEEP_PIT_SHADOW
8087,500,-102.1,-12.57,True,39.4,DEEP_PIT_SHADOW
8088,500,-91.88,-15.5,False,,DEEP_PIT_SHADOW
8089,500,-103.47,-15.01,False,,DEEP_PIT_SHADOW
8090,500,-101.85,-12.74,False,,DEEP_PIT_SHADOW
8091,500,-96.7,-11.03,False,,DEEP_PIT_SHADOW
8092,500,-100.27,-15.21,False,,DEEP_PIT_SHADOW
8093,500,-102.48,-18.24,False,,DEEP_PIT_SHADOW
8094,500,-93.24,-15.58,False,,DEEP_PIT_SHADOW
8095,500,-96.74,-13.23,False,,DEEP_PIT_SHADOW
8096,500,-95.99,-14.87,False,,DEEP_PIT_SHADOW
8097,500,-104.35,-12.16,False,,DEEP_PIT_SHADOW
8098,500,-106.47,-11.76,False,,DEEP_PIT_SHADOW
8099,500,-98.8,-14.35,False,,DEEP_PIT_SHADOW
8100,500,-105.46,-12.1,False,,DEEP_PIT_SHADOW
8101,500,-103.55,-14.28,False,,DEEP_PIT_SHADOW
8102,500,-95.79,-16.08,False,,DEEP_PIT_SHADOW
8103,500,-102.55,-8.61,True,32.76,DEEP_PIT_SHADOW
8104,500,-102.87,-13.67,False,,DEEP_PIT_SHADOW
8105,500,-102.43,-16.56,False,,DEEP_PIT_SHADOW
8106,500,-91.43,-11.13,True,42.37,DEEP_PIT_SHADOW
8107,500,-99.8,-10.83,False,,DEEP_PIT_SHADOW
8108,500,-100.21,-11.54,False,,DEEP_PIT_SHADOW
8109,500,-99.01,-13.34,False,,DEEP_PIT_SHADOW
8110,500,-98.57,-12.67,False,,DEEP_PIT_SHADOW
8111,500,-98.91,-11.07,True,40.92,DEEP_PIT_SHADOW
8112,500,-101.69,-12.77,False,,DEEP_PIT_SHADOW
8113,500,-104.56,-15.22,False,,DEEP_PIT_SHADOW
8114,500,-101.82,-7.37,True,45.56,DEEP_PIT_SHADOW
8115,500,-103.61,-10.53,False,,DEEP_PIT_SHADOW
8116,500,-95.48,-16.93,False,,DEEP_PIT_SHADOW
8117,500,-101.5,-12.36,False,,DEEP_PIT_SHADOW
8118,500,-99.25,-13.32,False,,DEEP_PIT_SHADOW
8119,500,-98.73,-10.3,True,45.33,DEEP_PIT_SHADOW
8120,500,-107.5,-11.9,False,,DEEP_PIT_SHADOW
8121,500,-102.02,-17.34,False,,DEEP_PIT_SHADOW
8122,500,-100.05,-10.86,False,,DEEP_PIT_SHADOW
8123,500,-104.82,-14.88,False,,DEEP_PIT_SHADOW
8124,500,-100.56,-13.52,False,,DEEP_PIT_SHADOW
8125,500,-102.22,-12.46,False,,DEEP_PIT_SHADOW
8126,500,-101.13,-14.26,False,,DEEP_PIT_SHADOW
8127,500,-102.74,-15.11,False,,DEEP_PIT_SHADOW
8128,500,-98.04,-14.01,False,,DEEP_PIT_SHADOW
8129,500,-98.09,-13.94,False,,DEEP_PIT_SHADOW
8130,500,-101.74,-8.18,True,39.92,DEEP_PIT_SHADOW
8131,500,-92.13,-10.84,False,,DEEP_PIT_SHADOW
8132,500,-96.57,-10.98,False,,DEEP_PIT_SHADOW
8133,500,-103.61,-10.98,False,,DEEP_PIT_SHADOW
8134,500,-99.82,-12.78,False,,DEEP_PIT_SHADOW
8135,500,-97.52,-15.33,False,,DEEP_PIT_SHADOW
8136,500,-102.82,-13.16,False,,DEEP_PIT_SHADOW
8137,500,-101.11,-15.14,False,,DEEP_PIT_SHADOW
8138,500,-99.84,-14.0,False,,DEEP_PIT_SHADOW
8139,500,-95.74,-12.75,False,,DEEP_PIT_SHADOW
8140,500,-103.43,-12.19,False,,DEEP_PIT_SHADOW
8141,500,-98.39,-14.35,False,,DEEP_PIT_SHADOW
8142,500,-94.03,-11.43,False,,DEEP_PIT_SHADOW
8143,500,-102.13,-15.36,False,,DEEP_PIT_SHADOW
8144,500,-102.0,-17.31,False,,DEEP_PIT_SHADOW
8145,500,-97.1,-14.02,False,,DEEP_PIT_SHADOW
8146,500,-94.78,-15.15,False,,DEEP_PIT_SHADOW
8147,500,-101.78,-15.28,False,,DEEP_PIT_SHADOW
8148,500,-98.93,-11.58,True,43.24,DEEP_PIT_SHADOW
8149,500,-96.86,-11.16,False,,DEEP_PIT_SHADOW
8150,500,-102.28,-12.49,False,,DEEP_PIT_SHADOW
8151,500,-92.26,-10.92,False,,DEEP_PIT_SHADOW
8152,500,-102.44,-12.55,False,,DEEP_PIT_SHADOW
8153,500,-102.93,-13.65,False,,DEEP_PIT_SHADOW
8154,500,-94.65,-13.41,False,,DEEP_PIT_SHADOW
8155,500,-100.78,-14.87,False,,DEEP_PIT_SHADOW
8156,500,-94.58,-12.79,False,,DEEP_PIT_SHADOW
8157,500,-104.9,-10.71,False,,DEEP_PIT_SHADOW
8158,500,-104.23,-12.2,True,40.89,DEEP_PIT_SHADOW
8159,500,-94.31,-14.38,False,,DEEP_PIT_SHADOW
8160,500,-98.75,-11.05,False,,DEEP_PIT_SHADOW
8161,500,-92.46,-15.63,False,,DEEP_PIT_SHADOW
8162,500,-99.73,-10.55,False,,DEEP_PIT_SHADOW
8163,500,-97.42,-12.43,False,,DEEP_PIT_SHADOW
8164,500,-100.31,-11.21,False,,DEEP_PIT_SHADOW
8165,500,-99.71,-10.01,False,,DEEP_PIT_SHADOW
8166,500,-94.99,-14.13,False,,DEEP_PIT_SHADOW
8167,500,-102.84,-11.39,False,,DEEP_PIT_SHADOW
8168,500,-98.42,-10.68,False,,DEEP_PIT_SHADOW
8169,500,-100.68,-10.85,False,,DEEP_PIT_SHADOW
8170,500,-96.86,-10.45,False,,DEEP_PIT_SHADOW
8171,500,-101.95,-9.38,False,,DEEP_PIT_SHADOW
8172,500,-90.78,-11.53,False,,DEEP_PIT_SHADOW
8173,500,-103.3,-18.65,False,,DEEP_PIT_SHADOW
8174,500,-97.08,-14.51,False,,DEEP_PIT_SHADOW
8175,500,-97.95,-13.28,False,,DEEP_PIT_SHADOW
8176,500,-98.97,-12.44,False,,DEEP_PIT_SHADOW
8177,500,-103.19,-10.14,False,,DEEP_PIT_SHADOW
8178,500,-93.29,-10.53,False,,DEEP_PIT_SHADOW
8179,500,-103.19,-10.77,False,,DEEP_PIT_SHADOW
8180,500,-102.22,-13.64,False,,DEEP_PIT_SHADOW
8181,500,-102.62,-11.38,False,,DEEP_PIT_SHADOW
8182,500,-99.42,-10.65,False,,DEEP_PIT_SHADOW
8183,500,-99.05,-11.44,False,,DEEP_PIT_SHADOW
8184,500,-104.3,-13.05,False,,DEEP_PIT_SHADOW
8185,500,-100.53,-13.01,False,,DEEP_PIT_SHADOW
8186,500,-102.11,-11.67,False,,DEEP_PIT_SHADOW
8187,500,-95.51,-12.31,False,,DEEP_PIT_SHADOW
8188,500,-101.13,-8.49,True,38.6,DEEP_PIT_SHADOW
8189,500,-101.67,-13.52,False,,DEEP_PIT_SHADOW
8190,500,-98.12,-15.25,False,,DEEP_PIT_SHADOW
8191,500,-105.57,-10.61,False,,DEEP_PIT_SHADOW
8192,500,-99.24,-10.99,False,,DEEP_PIT_SHADOW
8193,500,-99.75,-10.95,False,,DEEP_PIT_SHADOW
8194,500,-93.43,-16.06,False,,DEEP_PIT_SHADOW
8195,500,-98.42,-10.48,False,,DEEP_PIT_SHADOW
8196,500,-102.9,-14.19,False,,DEEP_PIT_SHADOW
8197,500,-101.47,-12.21,False,,DEEP_PIT_SHADOW
8198,500,-100.13,-11.87,False,,DEEP_PIT_SHADOW
8199,500,-99.59,-12.0,False,,DEEP_PIT_SHADOW
8200,500,-97.45,-12.04,False,,DEEP_PIT_SHADOW
8201,500,-96.89,-12.5,False,,DEEP_PIT_SHADOW
8202,500,-93.13,-14.39,False,,DEEP_PIT_SHADOW
8203,500,-95.53,-14.15,False,,DEEP_PIT_SHADOW
8204,500,-97.08,-13.98,False,,DEEP_PIT_SHADOW
8205,500,-99.36,-10.25,False,,DEEP_PIT_SHADOW
8206,500,-99.3,-14.88,False,,DEEP_PIT_SHADOW
8207,500,-98.66,-14.33,False,,DEEP_PIT_SHADOW
8208,500,-96.06,-9.99,False,,DEEP_PIT_SHADOW
8209,500,-104.47,-13.39,False,,DEEP_PIT_SHADOW
8210,500,-98.22,-11.4,False,,DEEP_PIT_SHADOW
8211,500,-104.78,-11.61,False,,DEEP_PIT_SHADOW
8212,500,-93.17,-13.03,False,,DEEP_PIT_SHADOW
8213,500,-97.86,-11.11,False,,DEEP_PIT_SHADOW
8214,500,-94.88,-12.2,False,,DEEP_PIT_SHADOW
8215,500,-106.74,-16.02,False,,DEEP_PIT_SHADOW
8216,500,-97.78,-16.97,False,,DEEP_PIT_SHADOW
8217,500,-96.84,-14.19,False,,DEEP_PIT_SHADOW
8218,500,-98.19,-10.08,True,39.72,DEEP_PIT_SHADOW
8219,500,-95.65,-12.56,False,,DEEP_PIT_SHADOW
8220,500,-101.83,-13.32,False,,DEEP_PIT_SHADOW
8221,500,-101.48,-13.36,False,,DEEP_PIT_SHADOW
8222,500,-103.81,-11.98,False,,DEEP_PIT_SHADOW
8223,500,-103.26,-13.06,False,,DEEP_PIT_SHADOW
8224,500,-95.77,-11.95,False,,DEEP_PIT_SHADOW
8225,500,-99.59,-10.75,False,,DEEP_PIT_SHADOW
8226,500,-100.96,-12.33,False,,DEEP_PIT_SHADOW
8227,500,-99.56,-14.3,False,,DEEP_PIT_SHADOW
8228,500,-99.32,-11.91,False,,DEEP_PIT_SHADOW
8229,500,-97.56,-9.72,False,,DEEP_PIT_SHADOW
8230,500,-103.24,-12.41,False,,DEEP_PIT_SHADOW
8231,500,-92.69,-14.5,False,,DEEP_PIT_SHADOW
8232,500,-99.11,-12.15,False,,DEEP_PIT_SHADOW
8233,500,-98.34,-14.43,False,,DEEP_PIT_SHADOW
8234,500,-97.34,-13.76,False,,DEEP_PIT_SHADOW
8235,500,-101.43,-12.05,False,,DEEP_PIT_SHADOW
8236,500,-95.38,-12.21,False,,DEEP_PIT_SHADOW
8237,500,-95.5,-15.37,False,,DEEP_PIT_SHADOW
8238,500,-95.13,-13.63,False,,DEEP_PIT_SHADOW
8239,500,-93.08,-12.62,False,,DEEP_PIT_SHADOW
8240,500,-99.5,-12.47,False,,DEEP_PIT_SHADOW
8241,500,-102.21,-15.86,False,,DEEP_PIT_SHADOW
8242,500,-99.28,-13.08,False,,DEEP_PIT_SHADOW
8243,500,-100.8,-12.4,False,,DEEP_PIT_SHADOW
8244,500,-105.59,-13.99,False,,DEEP_PIT_SHADOW
8245,500,-106.96,-13.89,False,,DEEP_PIT_SHADOW
8246,500,-98.86,-9.09,False,,DEEP_PIT_SHADOW
8247,500,-101.06,-12.02,False,,DEEP_PIT_SHADOW
8248,500,-96.16,-16.31,False,,DEEP_PIT_SHADOW
8249,500,-97.58,-8.75,False,,DEEP_PIT_SHADOW
8250,500,-99.35,-14.64,False,,DEEP_PIT_SHADOW
8251,500,-103.87,-12.88,False,,DEEP_PIT_SHADOW
8252,500,-97.92,-13.32,False,,DEEP_PIT_SHADOW
8253,500,-97.54,-14.9,False,,DEEP_PIT_SHADOW
8254,500,-98.83,-12.02,False,,DEEP_PIT_SHADOW
8255,500,-99.76,-13.3,False,,DEEP_PIT_SHADOW
8256,500,-99.9,-9.52,False,,DEEP_PIT_SHADOW
8257,500,-101.52,-12.59,False,,DEEP_PIT_SHADOW
8258,500,-102.96,-13.77,False,,DEEP_PIT_SHADOW
8259,500,-94.62,-11.34,True,39.92,DEEP_PIT_SHADOW
8260,500,-100.71,-13.76,False,,DEEP_PIT_SHADOW
8261,500,-102.24,-10.65,False,,DEEP_PIT_SHADOW
8262,500,-98.33,-15.75,False,,DEEP_PIT_SHADOW
8263,500,-99.56,-15.56,False,,DEEP_PIT_SHADOW
8264,500,-97.16,-15.86,False,,DEEP_PIT_SHADOW
8265,500,-101.49,-13.17,True,41.52,DEEP_PIT_SHADOW
8266,500,-99.58,-14.35,False,,DEEP_PIT_SHADOW
8267,500,-100.79,-11.93,False,,DEEP_PIT_SHADOW
8268,500,-103.65,-13.64,False,,DEEP_PIT_SHADOW
8269,500,-99.25,-11.11,False,,DEEP_PIT_SHADOW
8270,500,-93.25,-14.5,False,,DEEP_PIT_SHADOW
8271,500,-97.9,-10.04,False,,DEEP_PIT_SHADOW
8272,500,-102.52,-13.79,False,,DEEP_PIT_SHADOW
8273,500,-96.92,-10.97,False,,DEEP_PIT_SHADOW
8274,500,-96.27,-17.54,False,,DEEP_PIT_SHADOW
8275,500,-95.35,-14.96,False,,DEEP_PIT_SHADOW
8276,500,-106.88,-9.81,False,,DEEP_PIT_SHADOW
8277,500,-99.15,-14.26,False,,DEEP_PIT_SHADOW
8278,500,-95.79,-12.74,False,,DEEP_PIT_SHADOW
8279,500,-93.74,-15.56,False,,DEEP_PIT_SHADOW
8280,500,-102.75,-14.56,False,,DEEP_PIT_SHADOW
8281,500,-102.48,-8.78,True,41.2,DEEP_PIT_SHADOW
8282,500,-92.63,-12.45,False,,DEEP_PIT_SHADOW
8283,500,-97.08,-12.37,False,,DEEP_PIT_SHADOW
8284,500,-101.04,-13.39,False,,DEEP_PIT_SHADOW
8285,500,-98.31,-11.74,False,,DEEP_PIT_SHADOW
8286,500,-99.44,-14.33,False,,DEEP_PIT_SHADOW
8287,500,-91.49,-12.14,True,43.46,DEEP_PIT_SHADOW
8288,500,-99.45,-13.01,False,,DEEP_PIT_SHADOW
8289,500,-92.0,-15.45,False,,DEEP_PIT_SHADOW
8290,500,-100.85,-13.65,False,,DEEP_PIT_SHADOW
8291,500,-94.9,-14.88,False,,DEEP_PIT_SHADOW
8292,500,-100.65,-12.55,False,,DEEP_PIT_SHADOW
8293,500,-102.71,-13.51,False,,DEEP_PIT_SHADOW
8294,500,-94.59,-11.77,False,,DEEP_PIT_SHADOW
8295,500,-104.08,-13.27,False,,DEEP_PIT_SHADOW
8296,500,-90.15,-11.87,False,,DEEP_PIT_SHADOW
8297,500,-99.18,-10.05,True,43.05,DEEP_PIT_SHADOW
8298,500,-101.37,-12.44,False,,DEEP_PIT_SHADOW
8299,500,-95.61,-11.88,False,,DEEP_PIT_SHADOW
8300,500,-94.37,-10.27,False,,DEEP_PIT_SHADOW
8301,500,-102.07,-11.65,False,,DEEP_PIT_SHADOW
8302,500,-97.22,-14.01,False,,DEEP_PIT_SHADOW
8303,500,-99.54,-14.16,False,,DEEP_PIT_SHADOW
8304,500,-97.89,-14.25,False,,DEEP_PIT_SHADOW
8305,500,-99.26,-13.46,False,,DEEP_PIT_SHADOW
8306,500,-96.26,-13.46,False,,DEEP_PIT_SHADOW
8307,500,-95.93,-14.18,False,,DEEP_PIT_SHADOW
8308,500,-106.1,-12.8,False,,DEEP_PIT_SHADOW
8309,500,-104.11,-11.65,False,,DEEP_PIT_SHADOW
8310,500,-96.28,-15.97,False,,DEEP_PIT_SHADOW
8311,500,-101.13,-12.51,False,,DEEP_PIT_SHADOW
8312,500,-100.65,-14.35,False,,DEEP_PIT_SHADOW
8313,500,-93.15,-10.86,False,,DEEP_PIT_SHADOW
8314,500,-95.84,-13.27,False,,DEEP_PIT_SHADOW
8315,500,-98.41,-12.83,False,,DEEP_PIT_SHADOW
8316,500,-97.48,-14.13,False,,DEEP_PIT_SHADOW
8317,500,-96.48,-14.53,True,37.38,DEEP_PIT_SHADOW
8318,500,-108.46,-12.61,False,,DEEP_PIT_SHADOW
8319,500,-97.82,-7.18,True,42.02,DEEP_PIT_SHADOW
8320,500,-99.87,-9.31,False,,DEEP_PIT_SHADOW
8321,500,-99.67,-11.79,False,,DEEP_PIT_SHADOW
8322,500,-102.18,-14.61,False,,DEEP_PIT_SHADOW
8323,500,-99.44,-14.13,False,,DEEP_PIT_SHADOW
8324,500,-104.05,-10.8,True,41.15,DEEP_PIT_SHADOW
8325,500,-96.35,-11.83,False,,DEEP_PIT_SHADOW
8326,500,-99.69,-12.27,False,,DEEP_PIT_SHADOW
8327,500,-97.23,-12.09,False,,DEEP_PIT_SHADOW
8328,500,-98.94,-13.71,False,,DEEP_PIT_SHADOW
8329,500,-100.1,-11.87,False,,DEEP_PIT_SHADOW
8330,500,-98.06,-11.73,False,,DEEP_PIT_SHADOW
8331,500,-96.52,-10.22,False,,DEEP_PIT_SHADOW
8332,500,-98.61,-11.82,False,,DEEP_PIT_SHADOW
8333,500,-109.43,-14.42,False,,DEEP_PIT_SHADOW
8334,500,-104.46,-14.6,False,,DEEP_PIT_SHADOW
8335,500,-98.18,-9.39,True,35.51,DEEP_PIT_SHADOW
8336,500,-94.15,-13.72,False,,DEEP_PIT_SHADOW
8337,500,-93.29,-12.74,False,,DEEP_PIT_SHADOW
8338,500,-102.22,-10.37,False,,DEEP_PIT_SHADOW
8339,500,-98.11,-8.4,False,,DEEP_PIT_SHADOW
8340,500,-94.44,-13.38,False,,DEEP_PIT_SHADOW
8341,500,-95.16,-13.88,False,,DEEP_PIT_SHADOW
8342,500,-98.69,-12.82,False,,DEEP_PIT_SHADOW
8343,500,-99.44,-11.07,False,,DEEP_PIT_SHADOW
8344,500,-98.56,-11.41,False,,DEEP_PIT_SHADOW
8345,500,-101.81,-12.39,False,,DEEP_PIT_SHADOW
8346,500,-102.15,-16.19,False,,DEEP_PIT_SHADOW
8347,500,-94.42,-14.07,False,,DEEP_PIT_SHADOW
8348,500,-90.01,-13.72,True,39.36,DEEP_PIT_SHADOW
8349,500,-99.68,-11.01,False,,DEEP_PIT_SHADOW
8350,500,-99.42,-10.0,True,41.83,DEEP_PIT_SHADOW
8351,500,-103.87,-14.1,False,,DEEP_PIT_SHADOW
8352,500,-100.82,-16.55,False,,DEEP_PIT_SHADOW
8353,500,-93.95,-13.44,False,,DEEP_PIT_SHADOW
8354,500,-99.4,-12.25,False,,DEEP_PIT_SHADOW
8355,500,-94.71,-12.87,False,,DEEP_PIT_SHADOW
8356,500,-100.12,-14.04,False,,DEEP_PIT_SHADOW
8357,500,-100.55,-13.84,False,,DEEP_PIT_SHADOW
8358,500,-102.75,-13.19,False,,DEEP_PIT_SHADOW
8359,500,-102.96,-11.04,False,,DEEP_PIT_SHADOW
8360,500,-102.11,-12.86,False,,DEEP_PIT_SHADOW
8361,500,-101.62,-15.13,False,,DEEP_PIT_SHADOW
8362,500,-98.93,-10.91,False,,DEEP_PIT_SHADOW
8363,500,-98.24,-12.08,False,,DEEP_PIT_SHADOW
8364,500,-99.84,-15.11,False,,DEEP_PIT_SHADOW
8365,500,-101.34,-13.28,False,,DEEP_PIT_SHADOW
8366,500,-102.06,-12.52,False,,DEEP_PIT_SHADOW
8367,500,-102.44,-9.2,False,,DEEP_PIT_SHADOW
8368,500,-96.12,-12.9,False,,DEEP_PIT_SHADOW
8369,500,-98.34,-9.24,False,,DEEP_PIT_SHADOW
8370,500,-98.61,-7.74,False,,DEEP_PIT_SHADOW
8371,500,-99.68,-11.35,False,,DEEP_PIT_SHADOW
8372,500,-97.89,-15.56,False,,DEEP_PIT_SHADOW
8373,500,-99.62,-11.91,False,,DEEP_PIT_SHADOW
8374,500,-93.8,-14.18,False,,DEEP_PIT_SHADOW
8375,500,-100.85,-13.2,False,,DEEP_PIT_SHADOW
8376,500,-86.83,-13.4,False,,DEEP_PIT_SHADOW
8377,500,-100.86,-16.37,False,,DEEP_PIT_SHADOW
8378,500,-96.82,-14.76,False,,DEEP_PIT_SHADOW
8379,500,-94.86,-14.02,False,,DEEP_PIT_SHADOW
8380,500,-102.15,-11.45,False,,DEEP_PIT_SHADOW
8381,500,-94.92,-13.19,False,,DEEP_PIT_SHADOW
8382,500,-97.08,-12.32,False,,DEEP_PIT_SHADOW
8383,500,-100.28,-14.25,False,,DEEP_PIT_SHADOW
8384,500,-101.53,-13.23,False,,DEEP_PIT_SHADOW
8385,500,-98.61,-15.11,False,,DEEP_PIT_SHADOW
8386,500,-101.05,-12.89,False,,DEEP_PIT_SHADOW
8387,500,-99.53,-12.58,False,,DEEP_PIT_SHADOW
8388,500,-98.45,-11.05,False,,DEEP_PIT_SHADOW
8389,500,-99.37,-12.94,False,,DEEP_PIT_SHADOW
8390,500,-100.83,-16.77,False,,DEEP_PIT_SHADOW
8391,500,-96.69,-7.3,False,,DEEP_PIT_SHADOW
8392,500,-100.53,-14.6,False,,DEEP_PIT_SHADOW
8393,500,-102.35,-12.95,False,,DEEP_PIT_SHADOW
8394,500,-98.17,-13.47,False,,DEEP_PIT_SHADOW
8395,500,-97.18,-12.71,False,,DEEP_PIT_SHADOW
8396,500,-103.44,-12.42,False,,DEEP_PIT_SHADOW
8397,500,-101.62,-13.0,False,,DEEP_PIT_SHADOW
8398,500,-99.08,-14.36,False,,DEEP_PIT_SHADOW
8399,500,-95.96,-11.31,False,,DEEP_PIT_SHADOW
8400,500,-93.58,-14.83,False,,DEEP_PIT_SHADOW
8401,500,-101.28,-16.19,False,,DEEP_PIT_SHADOW
8402,500,-101.23,-11.46,False,,DEEP_PIT_SHADOW
8403,500,-98.5,-12.75,False,,DEEP_PIT_SHADOW
8404,500,-100.02,-9.88,False,,DEEP_PIT_SHADOW
8405,500,-95.36,-14.28,False,,DEEP_PIT_SHADOW
8406,500,-99.64,-12.05,False,,DEEP_PIT_SHADOW
8407,500,-106.76,-16.56,False,,DEEP_PIT_SHADOW
8408,500,-95.6,-14.3,False,,DEEP_PIT_SHADOW
8409,500,-98.2,-12.59,False,,DEEP_PIT_SHADOW
8410,500,-100.41,-12.65,False,,DEEP_PIT_SHADOW
8411,500,-103.35,-12.47,False,,DEEP_PIT_SHADOW
8412,500,-99.1,-17.22,False,,DEEP_PIT_SHADOW
8413,500,-98.35,-14.84,False,,DEEP_PIT_SHADOW
8414,500,-98.95,-14.07,False,,DEEP_PIT_SHADOW
8415,500,-95.32,-15.05,False,,DEEP_PIT_SHADOW
8416,500,-98.71,-12.79,False,,DEEP_PIT_SHADOW
8417,500,-106.05,-13.24,False,,DEEP_PIT_SHADOW
8418,500,-101.74,-11.16,False,,DEEP_PIT_SHADOW
8419,500,-97.37,-15.38,False,,DEEP_PIT_SHADOW
8420,500,-104.11,-12.0,False,,DEEP_PIT_SHADOW
8421,500,-98.54,-10.78,True,45.78,DEEP_PIT_SHADOW
8422,500,-102.02,-15.11,False,,DEEP_PIT_SHADOW
8423,500,-101.97,-9.81,False,,DEEP_PIT_SHADOW
8424,500,-93.6,-13.34,False,,DEEP_PIT_SHADOW
8425,500,-101.16,-11.96,False,,DEEP_PIT_SHADOW
8426,500,-98.49,-12.92,False,,DEEP_PIT_SHADOW
8427,500,-103.03,-11.99,False,,DEEP_PIT_SHADOW
8428,500,-97.11,-17.09,False,,DEEP_PIT_SHADOW
8429,500,-87.74,-13.35,False,,DEEP_PIT_SHADOW
8430,500,-97.37,-13.01,False,,DEEP_PIT_SHADOW
8431,500,-102.47,-15.68,False,,DEEP_PIT_SHADOW
8432,500,-101.44,-10.35,False,,DEEP_PIT_SHADOW
8433,500,-97.24,-11.37,False,,DEEP_PIT_SHADOW
8434,500,-96.0,-14.99,False,,DEEP_PIT_SHADOW
8435,500,-107.72,-10.98,False,,DEEP_PIT_SHADOW
8436,500,-101.14,-15.97,False,,DEEP_PIT_SHADOW
8437,500,-104.27,-8.93,True,42.96,DEEP_PIT_SHADOW
8438,500,-97.33,-17.05,False,,DEEP_PIT_SHADOW
8439,500,-97.66,-11.36,False,,DEEP_PIT_SHADOW
8440,500,-96.91,-12.1,False,,DEEP_PIT_SHADOW
8441,500,-93.2,-14.56,False,,DEEP_PIT_SHADOW
8442,500,-99.1,-9.94,True,46.76,DEEP_PIT_SHADOW
8443,500,-95.96,-13.08,False,,DEEP_PIT_SHADOW
8444,500,-102.26,-11.09,True,40.96,DEEP_PIT_SHADOW
8445,500,-98.09,-17.98,False,,DEEP_PIT_SHADOW
8446,500,-102.12,-8.38,False,,DEEP_PIT_SHADOW
8447,500,-101.47,-11.77,False,,DEEP_PIT_SHADOW
8448,500,-97.78,-17.89,False,,DEEP_PIT_SHADOW
8449,500,-99.17,-11.66,False,,DEEP_PIT_SHADOW
8450,500,-103.89,-14.54,False,,DEEP_PIT_SHADOW
8451,500,-99.67,-14.7,False,,DEEP_PIT_SHADOW
8452,500,-101.11,-19.57,False,,DEEP_PIT_SHADOW
8453,500,-99.63,-12.03,False,,DEEP_PIT_SHADOW
8454,500,-104.64,-13.61,False,,DEEP_PIT_SHADOW
8455,500,-93.81,-16.1,False,,DEEP_PIT_SHADOW
8456,500,-102.81,-12.16,False,,DEEP_PIT_SHADOW
8457,500,-99.59,-13.23,False,,DEEP_PIT_SHADOW
8458,500,-95.09,-13.4,False,,DEEP_PIT_SHADOW
8459,500,-103.35,-11.37,False,,DEEP_PIT_SHADOW
8460,500,-98.74,-9.56,False,,DEEP_PIT_SHADOW
8461,500,-104.58,-13.29,False,,DEEP_PIT_SHADOW
8462,500,-102.77,-8.23,False,,DEEP_PIT_SHADOW
8463,500,-96.15,-12.83,False,,DEEP_PIT_SHADOW
8464,500,-98.23,-15.71,False,,DEEP_PIT_SHADOW
8465,500,-98.66,-15.92,False,,DEEP_PIT_SHADOW
8466,500,-98.15,-15.28,False,,DEEP_PIT_SHADOW
8467,500,-99.12,-10.46,False,,DEEP_PIT_SHADOW
8468,500,-99.34,-12.74,False,,DEEP_PIT_SHADOW
8469,500,-96.63,-13.15,False,,DEEP_PIT_SHADOW
8470,500,-97.89,-13.92,False,,DEEP_PIT_SHADOW
8471,500,-98.81,-13.31,False,,DEEP_PIT_SHADOW
8472,500,-101.41,-10.17,False,,DEEP_PIT_SHADOW
8473,500,-99.21,-14.24,False,,DEEP_PIT_SHADOW
8474,500,-95.37,-12.93,False,,DEEP_PIT_SHADOW
8475,500,-95.65,-10.25,False,,DEEP_PIT_SHADOW
8476,500,-105.45,-15.44,False,,DEEP_PIT_SHADOW
8477,500,-93.25,-12.85,False,,DEEP_PIT_SHADOW
8478,500,-99.34,-11.68,False,,DEEP_PIT_SHADOW
8479,500,-99.4,-12.67,False,,DEEP_PIT_SHADOW
8480,500,-106.43,-11.28,False,,DEEP_PIT_SHADOW
8481,500,-101.96,-11.6,True,41.16,DEEP_PIT_SHADOW
8482,500,-103.2,-11.23,False,,DEEP_PIT_SHADOW
8483,500,-101.45,-12.42,False,,DEEP_PIT_SHADOW
8484,500,-98.67,-12.44,False,,DEEP_PIT_SHADOW
8485,500,-94.79,-11.45,False,,DEEP_PIT_SHADOW
8486,500,-93.79,-12.04,False,,DEEP_PIT_SHADOW
8487,500,-98.51,-14.61,False,,DEEP_PIT_SHADOW
8488,500,-94.82,-9.92,False,,DEEP_PIT_SHADOW
8489,500,-98.73,-16.8,False,,DEEP_PIT_SHADOW
8490,500,-102.03,-14.2,False,,DEEP_PIT_SHADOW
8491,500,-99.23,-10.36,False,,DEEP_PIT_SHADOW
8492,500,-98.84,-9.69,False,,DEEP_PIT_SHADOW
8493,500,-98.21,-12.33,False,,DEEP_PIT_SHADOW
8494,500,-95.88,-15.92,False,,DEEP_PIT_SHADOW
8495,500,-101.91,-10.09,False,,DEEP_PIT_SHADOW
8496,500,-98.79,-14.87,False,,DEEP_PIT_SHADOW
8497,500,-96.51,-11.92,False,,DEEP_PIT_SHADOW
8498,500,-102.34,-15.13,False,,DEEP_PIT_SHADOW
8499,500,-94.89,-13.79,False,,DEEP_PIT_SHADOW
8500,500,-100.18,-13.9,False,,DEEP_PIT_SHADOW
8501,500,-98.69,-12.06,False,,DEEP_PIT_SHADOW
8502,500,-102.71,-15.77,False,,DEEP_PIT_SHADOW
8503,500,-104.21,-13.81,False,,DEEP_PIT_SHADOW
8504,500,-101.8,-12.62,False,,DEEP_PIT_SHADOW
8505,500,-97.16,-10.88,False,,DEEP_PIT_SHADOW
8506,500,-103.2,-11.21,False,,DEEP_PIT_SHADOW
8507,500,-109.16,-11.92,False,,DEEP_PIT_SHADOW
8508,500,-104.16,-13.26,False,,DEEP_PIT_SHADOW
8509,500,-101.94,-15.26,False,,DEEP_PIT_SHADOW
8510,500,-93.37,-15.48,False,,DEEP_PIT_SHADOW
8511,500,-93.28,-11.95,False,,DEEP_PIT_SHADOW
8512,500,-97.86,-14.31,False,,DEEP_PIT_SHADOW
8513,500,-105.03,-12.39,False,,DEEP_PIT_SHADOW
8514,500,-98.04,-14.64,False,,DEEP_PIT_SHADOW
8515,500,-102.36,-16.28,False,,DEEP_PIT_SHADOW
8516,500,-102.38,-13.64,False,,DEEP_PIT_SHADOW
8517,500,-101.83,-12.69,False,,DEEP_PIT_SHADOW
8518,500,-100.58,-13.4,False,,DEEP_PIT_SHADOW
8519,500,-97.65,-12.82,False,,DEEP_PIT_SHADOW
8520,500,-94.78,-12.55,False,,DEEP_PIT_SHADOW
8521,500,-93.71,-15.94,False,,DEEP_PIT_SHADOW
8522,500,-94.85,-10.51,False,,DEEP_PIT_SHADOW
8523,500,-100.11,-14.17,False,,DEEP_PIT_SHADOW
8524,500,-102.87,-10.62,False,,DEEP_PIT_SHADOW
8525,500,-98.4,-10.7,False,,DEEP_PIT_SHADOW
8526,500,-98.58,-16.27,False,,DEEP_PIT_SHADOW
8527,500,-93.27,-12.03,False,,DEEP_PIT_SHADOW
8528,500,-102.03,-12.15,False,,DEEP_PIT_SHADOW
8529,500,-96.72,-12.0,False,,DEEP_PIT_SHADOW
8530,500,-105.92,-12.97,False,,DEEP_PIT_SHADOW
8531,500,-98.61,-12.97,False,,DEEP_PIT_SHADOW
8532,500,-104.62,-13.17,False,,DEEP_PIT_SHADOW
8533,500,-101.06,-13.5,False,,DEEP_PIT_SHADOW
8534,500,-95.98,-14.42,False,,DEEP_PIT_SHADOW
8535,500,-102.01,-13.98,False,,DEEP_PIT_SHADOW
8536,500,-102.07,-13.14,False,,DEEP_PIT_SHADOW
8537,500,-97.5,-12.77,False,,DEEP_PIT_SHADOW
8538,500,-101.32,-11.78,False,,DEEP_PIT_SHADOW
8539,500,-98.6,-12.86,False,,DEEP_PIT_SHADOW
8540,500,-97.51,-18.75,False,,DEEP_PIT_SHADOW
8541,500,-101.98,-14.38,False,,DEEP_PIT_SHADOW
8542,500,-91.48,-12.2,False,,DEEP_PIT_SHADOW
8543,500,-102.19,-8.4,True,43.89,DEEP_PIT_SHADOW
8544,500,-98.81,-14.08,False,,DEEP_PIT_SHADOW
8545,500,-106.77,-12.92,False,,DEEP_PIT_SHADOW
8546,500,-97.0,-9.8,False,,DEEP_PIT_SHADOW
8547,500,-98.94,-12.28,False,,DEEP_PIT_SHADOW
8548,500,-89.23,-12.42,False,,DEEP_PIT_SHADOW
8549,500,-106.91,-14.01,False,,DEEP_PIT_SHADOW
8550,500,-95.59,-11.57,False,,DEEP_PIT_SHADOW
8551,500,-98.33,-11.86,False,,DEEP_PIT_SHADOW
8552,500,-98.84,-15.42,False,,DEEP_PIT_SHADOW
8553,500,-98.58,-10.54,False,,DEEP_PIT_SHADOW
8554,500,-103.39,-10.86,False,,DEEP_PIT_SHADOW
8555,500,-95.17,-13.97,False,,DEEP_PIT_SHADOW
8556,500,-98.18,-14.26,False,,DEEP_PIT_SHADOW
8557,500,-101.54,-14.93,False,,DEEP_PIT_SHADOW
8558,500,-97.19,-13.28,False,,DEEP_PIT_SHADOW
8559,500,-100.53,-15.39,False,,DEEP_PIT_SHADOW
8560,500,-102.6,-11.43,False,,DEEP_PIT_SHADOW
8561,500,-101.14,-16.32,False,,DEEP_PIT_SHADOW
8562,500,-99.67,-10.79,False,,DEEP_PIT_SHADOW
8563,500,-100.18,-13.82,False,,DEEP_PIT_SHADOW
8564,500,-98.73,-11.22,False,,DEEP_PIT_SHADOW
8565,500,-94.99,-13.5,False,,DEEP_PIT_SHADOW
8566,500,-100.95,-13.3,False,,DEEP_PIT_SHADOW
8567,500,-97.98,-13.39,False,,DEEP_PIT_SHADOW
8568,500,-93.34,-13.64,False,,DEEP_PIT_SHADOW
8569,500,-98.35,-17.64,False,,DEEP_PIT_SHADOW
8570,500,-97.77,-11.18,True,42.92,DEEP_PIT_SHADOW
8571,500,-99.93,-13.68,False,,DEEP_PIT_SHADOW
8572,500,-93.71,-10.94,False,,DEEP_PIT_SHADOW
8573,500,-95.15,-16.85,False,,DEEP_PIT_SHADOW
8574,500,-106.71,-14.53,False,,DEEP_PIT_SHADOW
8575,500,-100.57,-12.48,False,,DEEP_PIT_SHADOW
8576,500,-100.01,-11.81,False,,DEEP_PIT_SHADOW
8577,500,-103.31,-17.46,False,,DEEP_PIT_SHADOW
8578,500,-101.83,-13.63,False,,DEEP_PIT_SHADOW
8579,500,-100.03,-14.23,False,,DEEP_PIT_SHADOW
8580,500,-95.85,-11.08,False,,DEEP_PIT_SHADOW
8581,500,-103.96,-13.22,False,,DEEP_PIT_SHADOW
8582,500,-99.53,-12.99,False,,DEEP_PIT_SHADOW
8583,500,-102.58,-13.28,False,,DEEP_PIT_SHADOW
8584,500,-96.42,-11.94,False,,DEEP_PIT_SHADOW
8585,500,-99.54,-12.93,False,,DEEP_PIT_SHADOW
8586,500,-100.63,-13.35,False,,DEEP_PIT_SHADOW
8587,500,-105.44,-15.39,False,,DEEP_PIT_SHADOW
8588,500,-100.66,-12.48,False,,DEEP_PIT_SHADOW
8589,500,-99.29,-15.06,False,,DEEP_PIT_SHADOW
8590,500,-99.17,-14.23,False,,DEEP_PIT_SHADOW
8591,500,-101.91,-14.49,False,,DEEP_PIT_SHADOW
8592,500,-102.92,-13.69,False,,DEEP_PIT_SHADOW
8593,500,-99.67,-12.56,False,,DEEP_PIT_SHADOW
8594,500,-99.96,-11.96,False,,DEEP_PIT_SHADOW
8595,500,-100.71,-9.81,False,,DEEP_PIT_SHADOW
8596,500,-98.49,-10.25,False,,DEEP_PIT_SHADOW
8597,500,-96.11,-12.99,False,,DEEP_PIT_SHADOW
8598,500,-105.55,-15.47,False,,DEEP_PIT_SHADOW
8599,500,-95.36,-18.61,False,,DEEP_PIT_SHADOW
8600,500,-101.67,-13.85,False,,DEEP_PIT_SHADOW
8601,500,-99.29,-12.82,False,,DEEP_PIT_SHADOW
8602,500,-102.19,-12.18,False,,DEEP_PIT_SHADOW
8603,500,-102.27,-12.3,False,,DEEP_PIT_SHADOW
8604,500,-97.73,-13.39,False,,DEEP_PIT_SHADOW
8605,500,-100.63,-12.85,False,,DEEP_PIT_SHADOW
8606,500,-100.81,-10.41,False,,DEEP_PIT_SHADOW
8607,500,-104.94,-17.56,False,,DEEP_PIT_SHADOW
8608,500,-105.17,-12.7,False,,DEEP_PIT_SHADOW
8609,500,-97.85,-13.57,False,,DEEP_PIT_SHADOW
8610,500,-100.2,-14.16,False,,DEEP_PIT_SHADOW
8611,500,-105.47,-11.88,False,,DEEP_PIT_SHADOW
8612,500,-100.28,-9.11,False,,DEEP_PIT_SHADOW
8613,500,-95.74,-11.57,False,,DEEP_PIT_SHADOW
8614,500,-98.2,-14.8,False,,DEEP_PIT_SHADOW
8615,500,-100.52,-11.09,False,,DEEP_PIT_SHADOW
8616,500,-100.57,-11.39,False,,DEEP_PIT_SHADOW
8617,500,-98.35,-10.61,False,,DEEP_PIT_SHADOW
8618,500,-98.26,-12.87,False,,DEEP_PIT_SHADOW
8619,500,-97.25,-14.81,False,,DEEP_PIT_SHADOW
8620,500,-100.9,-14.16,False,,DEEP_PIT_SHADOW
8621,500,-100.96,-10.34,False,,DEEP_PIT_SHADOW
8622,500,-101.75,-14.01,False,,DEEP_PIT_SHADOW
8623,500,-93.58,-15.24,False,,DEEP_PIT_SHADOW
8624,500,-102.25,-13.56,False,,DEEP_PIT_SHADOW
8625,500,-101.05,-16.26,False,,DEEP_PIT_SHADOW
8626,500,-101.03,-10.33,False,,DEEP_PIT_SHADOW
8627,500,-98.46,-13.57,False,,DEEP_PIT_SHADOW
8628,500,-100.88,-13.14,False,,DEEP_PIT_SHADOW
8629,500,-98.74,-9.48,True,47.21,DEEP_PIT_SHADOW
8630,500,-99.39,-15.27,False,,DEEP_PIT_SHADOW
8631,500,-98.12,-13.29,False,,DEEP_PIT_SHADOW
8632,500,-103.42,-10.94,False,,DEEP_PIT_SHADOW
8633,500,-97.45,-14.8,False,,DEEP_PIT_SHADOW
8634,500,-100.9,-8.91,False,,DEEP_PIT_SHADOW
8635,500,-102.84,-12.09,False,,DEEP_PIT_SHADOW
8636,500,-97.66,-9.59,True,39.2,DEEP_PIT_SHADOW
8637,500,-98.62,-11.52,True,44.22,DEEP_PIT_SHADOW
8638,500,-98.32,-14.07,False,,DEEP_PIT_SHADOW
8639,500,-101.21,-12.86,False,,DEEP_PIT_SHADOW
8640,500,-93.76,-12.57,False,,DEEP_PIT_SHADOW
8641,500,-92.58,-15.79,False,,DEEP_PIT_SHADOW
8642,500,-99.19,-11.91,False,,DEEP_PIT_SHADOW
8643,500,-103.63,-9.65,False,,DEEP_PIT_SHADOW
8644,500,-96.79,-14.2,False,,DEEP_PIT_SHADOW
8645,500,-101.14,-13.86,False,,DEEP_PIT_SHADOW
8646,500,-97.85,-15.39,False,,DEEP_PIT_SHADOW
8647,500,-95.44,-10.65,False,,DEEP_PIT_SHADOW
8648,500,-103.21,-13.06,False,,DEEP_PIT_SHADOW
8649,500,-96.51,-15.94,False,,DEEP_PIT_SHADOW
8650,500,-93.34,-12.07,False,,DEEP_PIT_SHADOW
8651,500,-100.72,-13.94,False,,DEEP_PIT_SHADOW
8652,500,-99.51,-14.09,False,,DEEP_PIT_SHADOW
8653,500,-95.91,-11.39,False,,DEEP_PIT_SHADOW
8654,500,-103.24,-9.34,False,,DEEP_PIT_SHADOW
8655,500,-100.31,-16.22,False,,DEEP_PIT_SHADOW
8656,500,-109.06,-14.73,False,,DEEP_PIT_SHADOW
8657,500,-99.18,-13.23,False,,DEEP_PIT_SHADOW
8658,500,-95.57,-14.65,False,,DEEP_PIT_SHADOW
8659,500,-97.47,-15.05,False,,DEEP_PIT_SHADOW
8660,500,-101.7,-16.99,False,,DEEP_PIT_SHADOW
8661,500,-99.93,-14.13,False,,DEEP_PIT_SHADOW
8662,500,-97.99,-15.28,False,,DEEP_PIT_SHADOW
8663,500,-99.02,-12.52,False,,DEEP_PIT_SHADOW
8664,500,-95.77,-14.6,False,,DEEP_PIT_SHADOW
8665,500,-100.96,-12.46,False,,DEEP_PIT_SHADOW
8666,500,-97.0,-14.62,False,,DEEP_PIT_SHADOW
8667,500,-100.15,-14.28,False,,DEEP_PIT_SHADOW
8668,500,-103.28,-15.16,False,,DEEP_PIT_SHADOW
8669,500,-102.22,-13.04,False,,DEEP_PIT_SHADOW
8670,500,-101.64,-14.98,False,,DEEP_PIT_SHADOW
8671,500,-96.14,-15.42,False,,DEEP_PIT_SHADOW
8672,500,-96.9,-15.45,False,,DEEP_PIT_SHADOW
8673,500,-98.8,-8.82,True,44.28,DEEP_PIT_SHADOW
8674,500,-99.55,-10.3,False,,DEEP_PIT_SHADOW
8675,500,-99.64,-11.97,False,,DEEP_PIT_SHADOW
8676,500,-103.85,-13.04,False,,DEEP_PIT_SHADOW
8677,500,-100.85,-10.24,False,,DEEP_PIT_SHADOW
8678,500,-95.85,-12.2,False,,DEEP_PIT_SHADOW
8679,500,-95.34,-13.54,False,,DEEP_PIT_SHADOW
8680,500,-95.08,-12.27,False,,DEEP_PIT_SHADOW
8681,500,-101.59,-12.33,False,,DEEP_PIT_SHADOW
8682,500,-101.08,-9.72,False,,DEEP_PIT_SHADOW
8683,500,-103.27,-13.31,False,,DEEP_PIT_SHADOW
8684,500,-99.45,-10.4,False,,DEEP_PIT_SHADOW
8685,500,-99.88,-13.97,False,,DEEP_PIT_SHADOW
8686,500,-95.94,-9.55,False,,DEEP_PIT_SHADOW
8687,500,-97.99,-14.24,False,,DEEP_PIT_SHADOW
8688,500,-99.5,-13.27,False,,DEEP_PIT_SHADOW
8689,500,-97.62,-12.0,False,,DEEP_PIT_SHADOW
8690,500,-95.03,-13.83,False,,DEEP_PIT_SHADOW
8691,500,-99.15,-11.64,False,,DEEP_PIT_SHADOW
8692,500,-97.44,-11.8,False,,DEEP_PIT_SHADOW
8693,500,-103.66,-8.61,False,,DEEP_PIT_SHADOW
8694,500,-99.29,-12.42,False,,DEEP_PIT_SHADOW
8695,500,-102.79,-12.81,False,,DEEP_PIT_SHADOW
8696,500,-99.21,-12.2,False,,DEEP_PIT_SHADOW
8697,500,-94.65,-13.02,False,,DEEP_PIT_SHADOW
8698,500,-107.38,-13.14,False,,DEEP_PIT_SHADOW
8699,500,-94.37,-15.24,False,,DEEP_PIT_SHADOW
8700,500,-96.56,-12.35,False,,DEEP_PIT_SHADOW
8701,500,-101.28,-13.02,True,43.64,DEEP_PIT_SHADOW
8702,500,-99.92,-16.4,False,,DEEP_PIT_SHADOW
8703,500,-95.63,-13.73,False,,DEEP_PIT_SHADOW
8704,500,-96.53,-12.05,False,,DEEP_PIT_SHADOW
8705,500,-102.91,-17.39,False,,DEEP_PIT_SHADOW
8706,500,-97.66,-12.91,False,,DEEP_PIT_SHADOW
8707,500,-98.27,-11.66,True,42.18,DEEP_PIT_SHADOW
8708,500,-96.72,-14.09,False,,DEEP_PIT_SHADOW
8709,500,-96.0,-13.76,False,,DEEP_PIT_SHADOW
8710,500,-99.89,-12.12,True,40.0,DEEP_PIT_SHADOW
8711,500,-100.64,-11.51,False,,DEEP_PIT_SHADOW
8712,500,-98.74,-12.77,False,,DEEP_PIT_SHADOW
8713,500,-100.04,-13.82,False,,DEEP_PIT_SHADOW
8714,500,-100.08,-11.92,False,,DEEP_PIT_SHADOW
8715,500,-100.91,-12.32,False,,DEEP_PIT_SHADOW
8716,500,-92.85,-12.82,False,,DEEP_PIT_SHADOW
8717,500,-99.06,-12.47,True,37.83,DEEP_PIT_SHADOW
8718,500,-104.65,-13.03,False,,DEEP_PIT_SHADOW
8719,500,-99.98,-14.02,False,,DEEP_PIT_SHADOW
8720,500,-95.4,-10.19,False,,DEEP_PIT_SHADOW
8721,500,-103.27,-12.77,False,,DEEP_PIT_SHADOW
8722,500,-103.98,-14.18,False,,DEEP_PIT_SHADOW
8723,500,-94.96,-11.52,False,,DEEP_PIT_SHADOW
8724,500,-102.16,-15.63,False,,DEEP_PIT_SHADOW
8725,500,-101.24,-12.71,False,,DEEP_PIT_SHADOW
8726,500,-96.79,-12.29,False,,DEEP_PIT_SHADOW
8727,500,-101.97,-13.48,False,,DEEP_PIT_SHADOW
8728,500,-100.81,-12.61,False,,DEEP_PIT_SHADOW
8729,500,-95.8,-13.33,False,,DEEP_PIT_SHADOW
8730,500,-98.47,-10.98,False,,DEEP_PIT_SHADOW
8731,500,-100.43,-15.58,False,,DEEP_PIT_SHADOW
8732,500,-94.63,-15.85,False,,DEEP_PIT_SHADOW
8733,500,-96.86,-12.38,False,,DEEP_PIT_SHADOW
8734,500,-97.94,-15.67,False,,DEEP_PIT_SHADOW
8735,500,-101.6,-17.32,False,,DEEP_PIT_SHADOW
8736,500,-100.06,-13.68,False,,DEEP_PIT_SHADOW
8737,500,-103.07,-15.23,False,,DEEP_PIT_SHADOW
8738,500,-96.45,-11.4,False,,DEEP_PIT_SHADOW
8739,500,-102.06,-10.32,False,,DEEP_PIT_SHADOW
8740,500,-96.04,-17.57,False,,DEEP_PIT_SHADOW
8741,500,-99.77,-16.18,False,,DEEP_PIT_SHADOW
8742,500,-96.64,-14.49,False,,DEEP_PIT_SHADOW
8743,500,-96.8,-13.09,False,,DEEP_PIT_SHADOW
8744,500,-99.75,-15.04,False,,DEEP_PIT_SHADOW
8745,500,-101.2,-17.43,False,,DEEP_PIT_SHADOW
8746,500,-100.67,-13.82,False,,DEEP_PIT_SHADOW
8747,500,-97.05,-13.55,False,,DEEP_PIT_SHADOW
8748,500,-93.33,-14.27,False,,DEEP_PIT_SHADOW
8749,500,-100.75,-11.65,False,,DEEP_PIT_SHADOW
8750,500,-95.61,-9.85,False,,DEEP_PIT_SHADOW
8751,750,-103.21,-20.55,False,,DEEP_PIT_SHADOW
8752,750,-108.23,-18.37,False,,DEEP_PIT_SHADOW
8753,750,-102.72,-22.19,False,,DEEP_PIT_SHADOW
8754,750,-105.52,-19.31,False,,DEEP_PIT_SHADOW
8755,750,-95.14,-18.78,False,,DEEP_PIT_SHADOW
8756,750,-102.1,-17.57,False,,DEEP_PIT_SHADOW
8757,750,-108.04,-20.42,False,,DEEP_PIT_SHADOW
8758,750,-102.31,-19.26,False,,DEEP_PIT_SHADOW
8759,750,-106.37,-20.25,False,,DEEP_PIT_SHADOW
8760,750,-104.43,-22.88,False,,DEEP_PIT_SHADOW
8761,750,-107.68,-18.22,False,,DEEP_PIT_SHADOW
8762,750,-102.8,-19.13,False,,DEEP_PIT_SHADOW
8763,750,-105.19,-20.13,False,,DEEP_PIT_SHADOW
8764,750,-99.66,-22.52,False,,DEEP_PIT_SHADOW
8765,750,-106.26,-19.41,False,,DEEP_PIT_SHADOW
8766,750,-98.78,-16.82,False,,DEEP_PIT_SHADOW
8767,750,-102.18,-19.84,False,,DEEP_PIT_SHADOW
8768,750,-102.45,-19.09,False,,DEEP_PIT_SHADOW
8769,750,-103.91,-19.45,False,,DEEP_PIT_SHADOW
8770,750,-108.56,-20.55,False,,DEEP_PIT_SHADOW
8771,750,-106.23,-20.12,False,,DEEP_PIT_SHADOW
8772,750,-102.42,-19.71,False,,DEEP_PIT_SHADOW
8773,750,-106.26,-17.04,False,,DEEP_PIT_SHADOW
8774,750,-106.87,-15.88,False,,DEEP_PIT_SHADOW
8775,750,-103.71,-20.43,False,,DEEP_PIT_SHADOW
8776,750,-100.66,-21.8,False,,DEEP_PIT_SHADOW
8777,750,-106.49,-21.54,False,,DEEP_PIT_SHADOW
8778,750,-102.32,-22.71,False,,DEEP_PIT_SHADOW
8779,750,-102.14,-21.7,False,,DEEP_PIT_SHADOW
8780,750,-98.23,-22.07,False,,DEEP_PIT_SHADOW
8781,750,-109.99,-21.91,False,,DEEP_PIT_SHADOW
8782,750,-106.26,-21.24,False,,DEEP_PIT_SHADOW
8783,750,-102.81,-18.64,False,,DEEP_PIT_SHADOW
8784,750,-105.91,-22.77,False,,DEEP_PIT_SHADOW
8785,750,-107.35,-22.24,False,,DEEP_PIT_SHADOW
8786,750,-107.03,-20.29,False,,DEEP_PIT_SHADOW
8787,750,-102.83,-18.29,False,,DEEP_PIT_SHADOW
8788,750,-106.12,-18.16,False,,DEEP_PIT_SHADOW
8789,750,-102.85,-20.14,False,,DEEP_PIT_SHADOW
8790,750,-102.65,-17.89,False,,DEEP_PIT_SHADOW
8791,750,-109.35,-21.35,False,,DEEP_PIT_SHADOW
8792,750,-106.36,-20.36,False,,DEEP_PIT_SHADOW
8793,750,-105.79,-18.58,False,,DEEP_PIT_SHADOW
8794,750,-100.6,-21.4,False,,DEEP_PIT_SHADOW
8795,750,-107.4,-18.55,False,,DEEP_PIT_SHADOW
8796,750,-103.69,-19.28,False,,DEEP_PIT_SHADOW
8797,750,-106.22,-18.9,False,,DEEP_PIT_SHADOW
8798,750,-96.32,-21.38,False,,DEEP_PIT_SHADOW
8799,750,-104.78,-21.49,False,,DEEP_PIT_SHADOW
8800,750,-105.16,-20.24,False,,DEEP_PIT_SHADOW
8801,750,-100.59,-18.06,False,,DEEP_PIT_SHADOW
8802,750,-110.54,-20.56,False,,DEEP_PIT_SHADOW
8803,750,-103.32,-20.67,False,,DEEP_PIT_SHADOW
8804,750,-97.58,-16.78,False,,DEEP_PIT_SHADOW
8805,750,-101.05,-17.49,False,,DEEP_PIT_SHADOW
8806,750,-102.84,-19.31,False,,DEEP_PIT_SHADOW
8807,750,-101.03,-17.8,False,,DEEP_PIT_SHADOW
8808,750,-110.56,-17.09,False,,DEEP_PIT_SHADOW
8809,750,-104.77,-18.66,False,,DEEP_PIT_SHADOW
8810,750,-110.85,-17.61,False,,DEEP_PIT_SHADOW
8811,750,-104.22,-21.43,False,,DEEP_PIT_SHADOW
8812,750,-104.61,-23.04,False,,DEEP_PIT_SHADOW
8813,750,-103.44,-18.96,False,,DEEP_PIT_SHADOW
8814,750,-96.96,-18.28,False,,DEEP_PIT_SHADOW
8815,750,-107.58,-17.08,False,,DEEP_PIT_SHADOW
8816,750,-106.75,-16.58,False,,DEEP_PIT_SHADOW
8817,750,-103.01,-19.81,False,,DEEP_PIT_SHADOW
8818,750,-105.79,-20.02,False,,DEEP_PIT_SHADOW
8819,750,-102.25,-20.4,False,,DEEP_PIT_SHADOW
8820,750,-108.51,-21.32,False,,DEEP_PIT_SHADOW
8821,750,-105.78,-22.7,False,,DEEP_PIT_SHADOW
8822,750,-99.82,-20.37,False,,DEEP_PIT_SHADOW
8823,750,-104.77,-17.26,False,,DEEP_PIT_SHADOW
8824,750,-106.6,-19.37,False,,DEEP_PIT_SHADOW
8825,750,-109.36,-19.64,False,,DEEP_PIT_SHADOW
8826,750,-108.52,-22.47,False,,DEEP_PIT_SHADOW
8827,750,-107.07,-17.8,False,,DEEP_PIT_SHADOW
8828,750,-102.67,-23.44,False,,DEEP_PIT_SHADOW
8829,750,-101.65,-23.4,False,,DEEP_PIT_SHADOW
8830,750,-100.08,-16.87,False,,DEEP_PIT_SHADOW
8831,750,-99.69,-24.52,False,,DEEP_PIT_SHADOW
8832,750,-99.28,-19.11,False,,DEEP_PIT_SHADOW
8833,750,-98.07,-20.4,False,,DEEP_PIT_SHADOW
8834,750,-99.27,-18.12,False,,DEEP_PIT_SHADOW
8835,750,-104.69,-16.98,False,,DEEP_PIT_SHADOW
8836,750,-111.86,-24.4,False,,DEEP_PIT_SHADOW
8837,750,-99.11,-22.47,False,,DEEP_PIT_SHADOW
8838,750,-103.17,-22.37,False,,DEEP_PIT_SHADOW
8839,750,-111.54,-22.33,False,,DEEP_PIT_SHADOW
8840,750,-98.3,-19.53,False,,DEEP_PIT_SHADOW
8841,750,-111.33,-19.2,False,,DEEP_PIT_SHADOW
8842,750,-107.94,-17.16,False,,DEEP_PIT_SHADOW
8843,750,-102.66,-19.03,False,,DEEP_PIT_SHADOW
8844,750,-105.83,-19.36,False,,DEEP_PIT_SHADOW
8845,750,-102.77,-18.04,False,,DEEP_PIT_SHADOW
8846,750,-105.05,-17.15,False,,DEEP_PIT_SHADOW
8847,750,-104.56,-20.06,False,,DEEP_PIT_SHADOW
8848,750,-101.17,-21.63,False,,DEEP_PIT_SHADOW
8849,750,-105.78,-23.06,False,,DEEP_PIT_SHADOW
8850,750,-105.55,-22.65,False,,DEEP_PIT_SHADOW
8851,750,-106.55,-19.98,False,,DEEP_PIT_SHADOW
8852,750,-106.58,-23.32,False,,DEEP_PIT_SHADOW
8853,750,-99.1,-20.41,False,,DEEP_PIT_SHADOW
8854,750,-104.92,-21.54,False,,DEEP_PIT_SHADOW
8855,750,-105.97,-18.26,False,,DEEP_PIT_SHADOW
8856,750,-103.2,-22.37,False,,DEEP_PIT_SHADOW
8857,750,-103.84,-22.41,False,,DEEP_PIT_SHADOW
8858,750,-108.28,-22.15,False,,DEEP_PIT_SHADOW
8859,750,-98.16,-21.54,False,,DEEP_PIT_SHADOW
8860,750,-105.81,-22.38,False,,DEEP_PIT_SHADOW
8861,750,-104.63,-18.72,False,,DEEP_PIT_SHADOW
8862,750,-101.31,-21.84,False,,DEEP_PIT_SHADOW
8863,750,-106.69,-21.72,False,,DEEP_PIT_SHADOW
8864,750,-101.74,-21.8,False,,DEEP_PIT_SHADOW
8865,750,-106.25,-19.5,False,,DEEP_PIT_SHADOW
8866,750,-110.17,-20.05,False,,DEEP_PIT_SHADOW
8867,750,-101.37,-22.7,False,,DEEP_PIT_SHADOW
8868,750,-102.29,-16.94,False,,DEEP_PIT_SHADOW
8869,750,-106.05,-16.15,False,,DEEP_PIT_SHADOW
8870,750,-104.51,-19.13,False,,DEEP_PIT_SHADOW
8871,750,-103.16,-21.78,False,,DEEP_PIT_SHADOW
8872,750,-103.17,-19.57,False,,DEEP_PIT_SHADOW
8873,750,-101.67,-22.96,False,,DEEP_PIT_SHADOW
8874,750,-108.05,-23.94,False,,DEEP_PIT_SHADOW
8875,750,-109.61,-20.68,False,,DEEP_PIT_SHADOW
8876,750,-106.98,-20.5,False,,DEEP_PIT_SHADOW
8877,750,-103.88,-16.57,False,,DEEP_PIT_SHADOW
8878,750,-102.48,-19.38,False,,DEEP_PIT_SHADOW
8879,750,-99.39,-21.47,False,,DEEP_PIT_SHADOW
8880,750,-100.01,-20.23,False,,DEEP_PIT_SHADOW
8881,750,-103.42,-22.88,False,,DEEP_PIT_SHADOW
8882,750,-103.45,-21.25,False,,DEEP_PIT_SHADOW
8883,750,-108.59,-17.68,False,,DEEP_PIT_SHADOW
8884,750,-101.37,-20.04,False,,DEEP_PIT_SHADOW
8885,750,-112.84,-18.7,False,,DEEP_PIT_SHADOW
8886,750,-105.63,-18.55,False,,DEEP_PIT_SHADOW
8887,750,-112.07,-23.86,False,,DEEP_PIT_SHADOW
8888,750,-106.98,-23.43,False,,DEEP_PIT_SHADOW
8889,750,-103.0,-19.72,False,,DEEP_PIT_SHADOW
8890,750,-104.14,-17.21,False,,DEEP_PIT_SHADOW
8891,750,-105.86,-22.67,False,,DEEP_PIT_SHADOW
8892,750,-107.56,-19.54,False,,DEEP_PIT_SHADOW
8893,750,-105.64,-20.85,False,,DEEP_PIT_SHADOW
8894,750,-104.97,-20.04,False,,DEEP_PIT_SHADOW
8895,750,-104.3,-19.37,False,,DEEP_PIT_SHADOW
8896,750,-108.15,-24.08,False,,DEEP_PIT_SHADOW
8897,750,-107.7,-21.88,False,,DEEP_PIT_SHADOW
8898,750,-104.41,-17.6,False,,DEEP_PIT_SHADOW
8899,750,-107.32,-20.56,False,,DEEP_PIT_SHADOW
8900,750,-106.73,-19.23,False,,DEEP_PIT_SHADOW
8901,750,-104.64,-17.57,False,,DEEP_PIT_SHADOW
8902,750,-101.93,-20.54,False,,DEEP_PIT_SHADOW
8903,750,-105.32,-21.91,False,,DEEP_PIT_SHADOW
8904,750,-106.87,-19.89,False,,DEEP_PIT_SHADOW
8905,750,-101.94,-19.56,False,,DEEP_PIT_SHADOW
8906,750,-102.36,-19.04,False,,DEEP_PIT_SHADOW
8907,750,-105.89,-23.9,False,,DEEP_PIT_SHADOW
8908,750,-107.5,-14.48,False,,DEEP_PIT_SHADOW
8909,750,-103.8,-19.31,False,,DEEP_PIT_SHADOW
8910,750,-105.12,-22.98,False,,DEEP_PIT_SHADOW
8911,750,-103.46,-22.05,False,,DEEP_PIT_SHADOW
8912,750,-108.48,-16.47,False,,DEEP_PIT_SHADOW
8913,750,-106.93,-16.54,False,,DEEP_PIT_SHADOW
8914,750,-113.89,-19.82,False,,DEEP_PIT_SHADOW
8915,750,-104.77,-20.64,False,,DEEP_PIT_SHADOW
8916,750,-108.99,-20.95,False,,DEEP_PIT_SHADOW
8917,750,-104.43,-19.69,False,,DEEP_PIT_SHADOW
8918,750,-105.06,-20.96,False,,DEEP_PIT_SHADOW
8919,750,-109.72,-20.03,False,,DEEP_PIT_SHADOW
8920,750,-105.49,-21.62,False,,DEEP_PIT_SHADOW
8921,750,-104.21,-24.69,False,,DEEP_PIT_SHADOW
8922,750,-109.83,-19.79,False,,DEEP_PIT_SHADOW
8923,750,-100.0,-24.19,False,,DEEP_PIT_SHADOW
8924,750,-102.82,-22.63,False,,DEEP_PIT_SHADOW
8925,750,-106.58,-22.34,False,,DEEP_PIT_SHADOW
8926,750,-101.49,-20.37,False,,DEEP_PIT_SHADOW
8927,750,-101.61,-18.1,False,,DEEP_PIT_SHADOW
8928,750,-106.21,-16.49,False,,DEEP_PIT_SHADOW
8929,750,-100.58,-22.15,False,,DEEP_PIT_SHADOW
8930,750,-103.02,-18.48,False,,DEEP_PIT_SHADOW
8931,750,-110.75,-18.37,False,,DEEP_PIT_SHADOW
8932,750,-102.29,-20.26,False,,DEEP_PIT_SHADOW
8933,750,-105.97,-18.59,False,,DEEP_PIT_SHADOW
8934,750,-100.07,-19.28,False,,DEEP_PIT_SHADOW
8935,750,-107.61,-20.52,False,,DEEP_PIT_SHADOW
8936,750,-106.61,-19.61,False,,DEEP_PIT_SHADOW
8937,750,-108.29,-21.32,False,,DEEP_PIT_SHADOW
8938,750,-103.04,-18.19,False,,DEEP_PIT_SHADOW
8939,750,-107.6,-16.97,False,,DEEP_PIT_SHADOW
8940,750,-106.13,-21.42,False,,DEEP_PIT_SHADOW
8941,750,-106.92,-22.01,False,,DEEP_PIT_SHADOW
8942,750,-106.9,-25.55,False,,DEEP_PIT_SHADOW
8943,750,-102.36,-18.95,False,,DEEP_PIT_SHADOW
8944,750,-103.55,-18.3,False,,DEEP_PIT_SHADOW
8945,750,-107.4,-19.83,False,,DEEP_PIT_SHADOW
8946,750,-105.73,-20.13,False,,DEEP_PIT_SHADOW
8947,750,-106.5,-18.67,False,,DEEP_PIT_SHADOW
8948,750,-108.58,-15.66,False,,DEEP_PIT_SHADOW
8949,750,-104.19,-20.18,False,,DEEP_PIT_SHADOW
8950,750,-102.13,-18.89,False,,DEEP_PIT_SHADOW
8951,750,-103.67,-20.2,False,,DEEP_PIT_SHADOW
8952,750,-107.47,-20.27,False,,DEEP_PIT_SHADOW
8953,750,-104.05,-23.52,False,,DEEP_PIT_SHADOW
8954,750,-109.85,-18.39,False,,DEEP_PIT_SHADOW
8955,750,-107.69,-21.16,False,,DEEP_PIT_SHADOW
8956,750,-101.55,-18.91,False,,DEEP_PIT_SHADOW
8957,750,-106.05,-19.25,False,,DEEP_PIT_SHADOW
8958,750,-103.89,-22.0,False,,DEEP_PIT_SHADOW
8959,750,-106.02,-22.77,False,,DEEP_PIT_SHADOW
8960,750,-109.08,-17.86,False,,DEEP_PIT_SHADOW
8961,750,-100.09,-18.92,False,,DEEP_PIT_SHADOW
8962,750,-105.55,-17.25,False,,DEEP_PIT_SHADOW
8963,750,-107.48,-23.02,False,,DEEP_PIT_SHADOW
8964,750,-100.25,-19.41,False,,DEEP_PIT_SHADOW
8965,750,-108.01,-19.16,False,,DEEP_PIT_SHADOW
8966,750,-105.94,-20.84,False,,DEEP_PIT_SHADOW
8967,750,-104.08,-20.41,False,,DEEP_PIT_SHADOW
8968,750,-102.22,-15.46,False,,DEEP_PIT_SHADOW
8969,750,-105.38,-19.57,False,,DEEP_PIT_SHADOW
8970,750,-102.18,-18.56,False,,DEEP_PIT_SHADOW
8971,750,-102.83,-19.36,False,,DEEP_PIT_SHADOW
8972,750,-111.17,-17.14,False,,DEEP_PIT_SHADOW
8973,750,-102.06,-17.81,False,,DEEP_PIT_SHADOW
8974,750,-106.35,-24.44,False,,DEEP_PIT_SHADOW
8975,750,-105.57,-20.06,False,,DEEP_PIT_SHADOW
8976,750,-103.43,-16.58,False,,DEEP_PIT_SHADOW
8977,750,-103.17,-17.55,False,,DEEP_PIT_SHADOW
8978,750,-104.06,-19.01,False,,DEEP_PIT_SHADOW
8979,750,-109.41,-22.99,False,,DEEP_PIT_SHADOW
8980,750,-105.22,-23.37,False,,DEEP_PIT_SHADOW
8981,750,-104.33,-21.91,False,,DEEP_PIT_SHADOW
8982,750,-105.29,-19.13,False,,DEEP_PIT_SHADOW
8983,750,-105.56,-21.22,False,,DEEP_PIT_SHADOW
8984,750,-108.47,-17.75,False,,DEEP_PIT_SHADOW
8985,750,-102.74,-19.56,False,,DEEP_PIT_SHADOW
8986,750,-102.8,-19.39,False,,DEEP_PIT_SHADOW
8987,750,-107.98,-18.0,False,,DEEP_PIT_SHADOW
8988,750,-104.01,-17.62,False,,DEEP_PIT_SHADOW
8989,750,-107.15,-16.78,False,,DEEP_PIT_SHADOW
8990,750,-107.73,-20.71,False,,DEEP_PIT_SHADOW
8991,750,-106.11,-19.89,False,,DEEP_PIT_SHADOW
8992,750,-103.67,-18.28,False,,DEEP_PIT_SHADOW
8993,750,-103.21,-19.16,False,,DEEP_PIT_SHADOW
8994,750,-107.99,-22.57,False,,DEEP_PIT_SHADOW
8995,750,-104.17,-21.37,False,,DEEP_PIT_SHADOW
8996,750,-104.27,-19.66,False,,DEEP_PIT_SHADOW
8997,750,-97.45,-20.92,False,,DEEP_PIT_SHADOW
8998,750,-104.7,-22.35,False,,DEEP_PIT_SHADOW
8999,750,-108.79,-19.74,False,,DEEP_PIT_SHADOW
9000,750,-99.69,-22.66,False,,DEEP_PIT_SHADOW
9001,750,-108.49,-21.77,False,,DEEP_PIT_SHADOW
9002,750,-102.96,-18.8,False,,DEEP_PIT_SHADOW
9003,750,-108.7,-17.96,False,,DEEP_PIT_SHADOW
9004,750,-107.27,-19.3,False,,DEEP_PIT_SHADOW
9005,750,-97.9,-20.18,False,,DEEP_PIT_SHADOW
9006,750,-108.09,-18.41,False,,DEEP_PIT_SHADOW
9007,750,-100.24,-19.49,False,,DEEP_PIT_SHADOW
9008,750,-111.58,-17.21,False,,DEEP_PIT_SHADOW
9009,750,-110.68,-24.19,False,,DEEP_PIT_SHADOW
9010,750,-109.75,-22.27,False,,DEEP_PIT_SHADOW
9011,750,-105.82,-20.01,False,,DEEP_PIT_SHADOW
9012,750,-109.17,-16.8,False,,DEEP_PIT_SHADOW
9013,750,-106.8,-22.21,False,,DEEP_PIT_SHADOW
9014,750,-100.41,-16.73,False,,DEEP_PIT_SHADOW
9015,750,-111.93,-18.71,False,,DEEP_PIT_SHADOW
9016,750,-105.78,-18.16,False,,DEEP_PIT_SHADOW
9017,750,-106.19,-18.61,False,,DEEP_PIT_SHADOW
9018,750,-109.16,-20.02,False,,DEEP_PIT_SHADOW
9019,750,-106.91,-20.77,False,,DEEP_PIT_SHADOW
9020,750,-107.46,-21.63,False,,DEEP_PIT_SHADOW
9021,750,-106.77,-21.73,False,,DEEP_PIT_SHADOW
9022,750,-107.71,-19.56,False,,DEEP_PIT_SHADOW
9023,750,-105.57,-19.52,False,,DEEP_PIT_SHADOW
9024,750,-105.09,-17.83,False,,DEEP_PIT_SHADOW
9025,750,-104.41,-19.76,False,,DEEP_PIT_SHADOW
9026,750,-102.01,-20.51,False,,DEEP_PIT_SHADOW
9027,750,-104.87,-20.93,False,,DEEP_PIT_SHADOW
9028,750,-106.39,-21.33,False,,DEEP_PIT_SHADOW
9029,750,-103.7,-20.15,False,,DEEP_PIT_SHADOW
9030,750,-104.39,-17.91,False,,DEEP_PIT_SHADOW
9031,750,-107.66,-16.61,False,,DEEP_PIT_SHADOW
9032,750,-106.59,-18.81,False,,DEEP_PIT_SHADOW
9033,750,-104.68,-18.1,False,,DEEP_PIT_SHADOW
9034,750,-102.05,-17.01,False,,DEEP_PIT_SHADOW
9035,750,-104.11,-20.68,False,,DEEP_PIT_SHADOW
9036,750,-108.44,-19.65,False,,DEEP_PIT_SHADOW
9037,750,-110.08,-19.11,False,,DEEP_PIT_SHADOW
9038,750,-101.44,-22.91,False,,DEEP_PIT_SHADOW
9039,750,-105.78,-20.75,False,,DEEP_PIT_SHADOW
9040,750,-103.72,-19.77,False,,DEEP_PIT_SHADOW
9041,750,-102.89,-19.49,False,,DEEP_PIT_SHADOW
9042,750,-105.64,-21.94,False,,DEEP_PIT_SHADOW
9043,750,-105.32,-20.84,False,,DEEP_PIT_SHADOW
9044,750,-107.11,-19.11,False,,DEEP_PIT_SHADOW
9045,750,-105.28,-22.75,False,,DEEP_PIT_SHADOW
9046,750,-104.6,-18.76,False,,DEEP_PIT_SHADOW
9047,750,-108.89,-19.85,False,,DEEP_PIT_SHADOW
9048,750,-102.67,-22.94,False,,DEEP_PIT_SHADOW
9049,750,-105.14,-21.67,False,,DEEP_PIT_SHADOW
9050,750,-99.22,-19.52,False,,DEEP_PIT_SHADOW
9051,750,-106.01,-17.04,False,,DEEP_PIT_SHADOW
9052,750,-104.48,-19.75,False,,DEEP_PIT_SHADOW
9053,750,-105.56,-20.34,False,,DEEP_PIT_SHADOW
9054,750,-107.78,-19.62,False,,DEEP_PIT_SHADOW
9055,750,-92.96,-18.72,False,,DEEP_PIT_SHADOW
9056,750,-104.28,-19.47,False,,DEEP_PIT_SHADOW
9057,750,-103.13,-20.84,False,,DEEP_PIT_SHADOW
9058,750,-103.18,-17.12,False,,DEEP_PIT_SHADOW
9059,750,-104.02,-21.8,False,,DEEP_PIT_SHADOW
9060,750,-100.56,-19.36,False,,DEEP_PIT_SHADOW
9061,750,-103.69,-20.95,False,,DEEP_PIT_SHADOW
9062,750,-102.69,-21.09,False,,DEEP_PIT_SHADOW
9063,750,-104.47,-23.29,False,,DEEP_PIT_SHADOW
9064,750,-113.26,-21.05,False,,DEEP_PIT_SHADOW
9065,750,-104.4,-18.91,False,,DEEP_PIT_SHADOW
9066,750,-100.83,-23.26,False,,DEEP_PIT_SHADOW
9067,750,-106.36,-18.08,False,,DEEP_PIT_SHADOW
9068,750,-103.75,-19.35,False,,DEEP_PIT_SHADOW
9069,750,-104.97,-20.93,False,,DEEP_PIT_SHADOW
9070,750,-105.28,-20.65,False,,DEEP_PIT_SHADOW
9071,750,-107.63,-20.12,False,,DEEP_PIT_SHADOW
9072,750,-105.45,-24.74,False,,DEEP_PIT_SHADOW
9073,750,-110.49,-20.97,False,,DEEP_PIT_SHADOW
9074,750,-105.04,-18.96,False,,DEEP_PIT_SHADOW
9075,750,-107.41,-22.77,False,,DEEP_PIT_SHADOW
9076,750,-105.69,-20.72,False,,DEEP_PIT_SHADOW
9077,750,-110.18,-20.05,False,,DEEP_PIT_SHADOW
9078,750,-101.92,-20.69,False,,DEEP_PIT_SHADOW
9079,750,-103.88,-18.6,False,,DEEP_PIT_SHADOW
9080,750,-104.88,-21.7,False,,DEEP_PIT_SHADOW
9081,750,-108.08,-18.87,False,,DEEP_PIT_SHADOW
9082,750,-110.52,-17.94,False,,DEEP_PIT_SHADOW
9083,750,-106.13,-20.57,False,,DEEP_PIT_SHADOW
9084,750,-103.08,-19.12,False,,DEEP_PIT_SHADOW
9085,750,-107.6,-18.41,False,,DEEP_PIT_SHADOW
9086,750,-99.81,-19.03,False,,DEEP_PIT_SHADOW
9087,750,-108.29,-20.39,False,,DEEP_PIT_SHADOW
9088,750,-106.32,-24.75,False,,DEEP_PIT_SHADOW
9089,750,-109.29,-16.49,False,,DEEP_PIT_SHADOW
9090,750,-107.23,-25.08,False,,DEEP_PIT_SHADOW
9091,750,-105.14,-21.84,False,,DEEP_PIT_SHADOW
9092,750,-104.59,-16.88,False,,DEEP_PIT_SHADOW
9093,750,-104.71,-19.4,False,,DEEP_PIT_SHADOW
9094,750,-104.32,-16.66,False,,DEEP_PIT_SHADOW
9095,750,-103.16,-20.42,False,,DEEP_PIT_SHADOW
9096,750,-103.24,-18.83,False,,DEEP_PIT_SHADOW
9097,750,-97.95,-19.29,False,,DEEP_PIT_SHADOW
9098,750,-105.64,-19.34,False,,DEEP_PIT_SHADOW
9099,750,-102.08,-19.95,False,,DEEP_PIT_SHADOW
9100,750,-105.48,-24.09,False,,DEEP_PIT_SHADOW
9101,750,-106.92,-19.16,False,,DEEP_PIT_SHADOW
9102,750,-101.05,-19.05,False,,DEEP_PIT_SHADOW
9103,750,-102.46,-19.45,False,,DEEP_PIT_SHADOW
9104,750,-106.34,-18.18,False,,DEEP_PIT_SHADOW
9105,750,-105.58,-20.79,False,,DEEP_PIT_SHADOW
9106,750,-103.43,-16.4,False,,DEEP_PIT_SHADOW
9107,750,-104.71,-18.12,False,,DEEP_PIT_SHADOW
9108,750,-105.93,-21.95,False,,DEEP_PIT_SHADOW
9109,750,-103.61,-21.91,False,,DEEP_PIT_SHADOW
9110,750,-97.09,-21.69,False,,DEEP_PIT_SHADOW
9111,750,-96.77,-22.73,False,,DEEP_PIT_SHADOW
9112,750,-109.24,-20.09,False,,DEEP_PIT_SHADOW
9113,750,-103.55,-22.49,False,,DEEP_PIT_SHADOW
9114,750,-104.63,-19.29,False,,DEEP_PIT_SHADOW
9115,750,-103.75,-21.33,False,,DEEP_PIT_SHADOW
9116,750,-106.19,-21.36,False,,DEEP_PIT_SHADOW
9117,750,-100.61,-17.49,False,,DEEP_PIT_SHADOW
9118,750,-106.39,-19.3,False,,DEEP_PIT_SHADOW
9119,750,-102.08,-16.14,False,,DEEP_PIT_SHADOW
9120,750,-114.52,-18.43,False,,DEEP_PIT_SHADOW
9121,750,-109.43,-20.67,False,,DEEP_PIT_SHADOW
9122,750,-111.01,-22.88,False,,DEEP_PIT_SHADOW
9123,750,-102.6,-21.91,False,,DEEP_PIT_SHADOW
9124,750,-101.8,-22.18,False,,DEEP_PIT_SHADOW
9125,750,-107.31,-18.59,False,,DEEP_PIT_SHADOW
9126,750,-112.76,-20.3,False,,DEEP_PIT_SHADOW
9127,750,-101.11,-22.09,False,,DEEP_PIT_SHADOW
9128,750,-103.72,-23.38,False,,DEEP_PIT_SHADOW
9129,750,-106.82,-18.77,False,,DEEP_PIT_SHADOW
9130,750,-102.97,-21.45,False,,DEEP_PIT_SHADOW
9131,750,-106.58,-19.2,False,,DEEP_PIT_SHADOW
9132,750,-103.01,-21.67,False,,DEEP_PIT_SHADOW
9133,750,-108.05,-19.68,False,,DEEP_PIT_SHADOW
9134,750,-97.73,-18.41,False,,DEEP_PIT_SHADOW
9135,750,-111.42,-26.45,False,,DEEP_PIT_SHADOW
9136,750,-95.51,-14.63,False,,DEEP_PIT_SHADOW
9137,750,-109.42,-21.18,False,,DEEP_PIT_SHADOW
9138,750,-101.78,-17.45,False,,DEEP_PIT_SHADOW
9139,750,-104.08,-18.15,False,,DEEP_PIT_SHADOW
9140,750,-106.54,-18.9,False,,DEEP_PIT_SHADOW
9141,750,-100.55,-20.71,False,,DEEP_PIT_SHADOW
9142,750,-97.83,-22.72,False,,DEEP_PIT_SHADOW
9143,750,-110.31,-22.02,False,,DEEP_PIT_SHADOW
9144,750,-106.31,-21.98,False,,DEEP_PIT_SHADOW
9145,750,-111.11,-18.47,False,,DEEP_PIT_SHADOW
9146,750,-98.57,-21.9,False,,DEEP_PIT_SHADOW
9147,750,-103.18,-20.02,False,,DEEP_PIT_SHADOW
9148,750,-104.68,-21.42,False,,DEEP_PIT_SHADOW
9149,750,-107.74,-22.7,False,,DEEP_PIT_SHADOW
9150,750,-112.18,-22.21,False,,DEEP_PIT_SHADOW
9151,750,-105.82,-19.45,False,,DEEP_PIT_SHADOW
9152,750,-104.95,-18.86,False,,DEEP_PIT_SHADOW
9153,750,-108.8,-19.12,False,,DEEP_PIT_SHADOW
9154,750,-105.63,-20.5,False,,DEEP_PIT_SHADOW
9155,750,-105.22,-17.75,False,,DEEP_PIT_SHADOW
9156,750,-108.01,-17.9,False,,DEEP_PIT_SHADOW
9157,750,-104.55,-20.8,False,,DEEP_PIT_SHADOW
9158,750,-109.82,-19.98,False,,DEEP_PIT_SHADOW
9159,750,-106.09,-20.29,False,,DEEP_PIT_SHADOW
9160,750,-107.98,-20.85,False,,DEEP_PIT_SHADOW
9161,750,-106.12,-18.13,False,,DEEP_PIT_SHADOW
9162,750,-106.38,-17.11,False,,DEEP_PIT_SHADOW
9163,750,-105.12,-17.63,False,,DEEP_PIT_SHADOW
9164,750,-102.79,-18.74,False,,DEEP_PIT_SHADOW
9165,750,-107.16,-24.26,False,,DEEP_PIT_SHADOW
9166,750,-106.86,-21.61,False,,DEEP_PIT_SHADOW
9167,750,-108.26,-20.36,False,,DEEP_PIT_SHADOW
9168,750,-105.11,-15.74,False,,DEEP_PIT_SHADOW
9169,750,-105.29,-21.4,False,,DEEP_PIT_SHADOW
9170,750,-108.58,-20.99,False,,DEEP_PIT_SHADOW
9171,750,-99.94,-14.05,False,,DEEP_PIT_SHADOW
9172,750,-107.79,-19.2,False,,DEEP_PIT_SHADOW
9173,750,-103.39,-17.04,False,,DEEP_PIT_SHADOW
9174,750,-101.68,-20.49,False,,DEEP_PIT_SHADOW
9175,750,-106.4,-18.73,False,,DEEP_PIT_SHADOW
9176,750,-104.15,-24.48,False,,DEEP_PIT_SHADOW
9177,750,-104.57,-22.52,False,,DEEP_PIT_SHADOW
9178,750,-102.66,-20.9,False,,DEEP_PIT_SHADOW
9179,750,-100.5,-20.26,False,,DEEP_PIT_SHADOW
9180,750,-102.22,-19.12,False,,DEEP_PIT_SHADOW
9181,750,-104.69,-20.8,False,,DEEP_PIT_SHADOW
9182,750,-105.33,-19.14,False,,DEEP_PIT_SHADOW
9183,750,-108.29,-17.02,False,,DEEP_PIT_SHADOW
9184,750,-103.76,-21.49,False,,DEEP_PIT_SHADOW
9185,750,-107.25,-23.33,False,,DEEP_PIT_SHADOW
9186,750,-103.8,-21.76,False,,DEEP_PIT_SHADOW
9187,750,-109.2,-19.92,False,,DEEP_PIT_SHADOW
9188,750,-101.86,-21.68,False,,DEEP_PIT_SHADOW
9189,750,-100.54,-16.11,False,,DEEP_PIT_SHADOW
9190,750,-99.68,-21.02,False,,DEEP_PIT_SHADOW
9191,750,-96.86,-20.04,False,,DEEP_PIT_SHADOW
9192,750,-106.18,-23.6,False,,DEEP_PIT_SHADOW
9193,750,-103.17,-20.19,False,,DEEP_PIT_SHADOW
9194,750,-105.48,-21.78,False,,DEEP_PIT_SHADOW
9195,750,-103.05,-19.87,False,,DEEP_PIT_SHADOW
9196,750,-104.32,-19.15,False,,DEEP_PIT_SHADOW
9197,750,-100.24,-17.7,False,,DEEP_PIT_SHADOW
9198,750,-101.67,-21.74,False,,DEEP_PIT_SHADOW
9199,750,-108.45,-20.37,False,,DEEP_PIT_SHADOW
9200,750,-109.15,-17.49,False,,DEEP_PIT_SHADOW
9201,750,-109.95,-18.63,False,,DEEP_PIT_SHADOW
9202,750,-101.39,-20.62,False,,DEEP_PIT_SHADOW
9203,750,-103.05,-23.22,False,,DEEP_PIT_SHADOW
9204,750,-107.46,-23.98,False,,DEEP_PIT_SHADOW
9205,750,-105.3,-20.56,False,,DEEP_PIT_SHADOW
9206,750,-101.79,-19.11,False,,DEEP_PIT_SHADOW
9207,750,-105.6,-19.44,False,,DEEP_PIT_SHADOW
9208,750,-108.73,-20.09,False,,DEEP_PIT_SHADOW
9209,750,-101.62,-20.68,False,,DEEP_PIT_SHADOW
9210,750,-110.6,-20.13,False,,DEEP_PIT_SHADOW
9211,750,-109.09,-20.22,False,,DEEP_PIT_SHADOW
9212,750,-107.02,-21.25,False,,DEEP_PIT_SHADOW
9213,750,-103.29,-22.64,False,,DEEP_PIT_SHADOW
9214,750,-101.58,-19.25,False,,DEEP_PIT_SHADOW
9215,750,-108.49,-21.76,False,,DEEP_PIT_SHADOW
9216,750,-107.56,-16.92,False,,DEEP_PIT_SHADOW
9217,750,-98.15,-19.68,False,,DEEP_PIT_SHADOW
9218,750,-107.38,-20.39,False,,DEEP_PIT_SHADOW
9219,750,-106.29,-20.83,False,,DEEP_PIT_SHADOW
9220,750,-104.62,-20.03,False,,DEEP_PIT_SHADOW
9221,750,-102.26,-20.07,False,,DEEP_PIT_SHADOW
9222,750,-98.12,-20.44,False,,DEEP_PIT_SHADOW
9223,750,-107.86,-19.51,False,,DEEP_PIT_SHADOW
9224,750,-105.01,-20.57,False,,DEEP_PIT_SHADOW
9225,750,-109.57,-20.89,False,,DEEP_PIT_SHADOW
9226,750,-108.42,-18.59,False,,DEEP_PIT_SHADOW
9227,750,-102.3,-17.86,False,,DEEP_PIT_SHADOW
9228,750,-108.26,-21.91,False,,DEEP_PIT_SHADOW
9229,750,-98.0,-22.19,False,,DEEP_PIT_SHADOW
9230,750,-103.56,-21.74,False,,DEEP_PIT_SHADOW
9231,750,-105.02,-22.47,False,,DEEP_PIT_SHADOW
9232,750,-103.04,-19.63,False,,DEEP_PIT_SHADOW
9233,750,-106.12,-21.41,False,,DEEP_PIT_SHADOW
9234,750,-104.04,-20.6,False,,DEEP_PIT_SHADOW
9235,750,-99.67,-21.66,False,,DEEP_PIT_SHADOW
9236,750,-111.55,-18.34,False,,DEEP_PIT_SHADOW
9237,750,-101.46,-21.72,False,,DEEP_PIT_SHADOW
9238,750,-95.49,-20.32,False,,DEEP_PIT_SHADOW
9239,750,-104.18,-18.92,False,,DEEP_PIT_SHADOW
9240,750,-104.71,-21.22,False,,DEEP_PIT_SHADOW
9241,750,-108.69,-21.28,False,,DEEP_PIT_SHADOW
9242,750,-107.01,-20.48,False,,DEEP_PIT_SHADOW
9243,750,-101.62,-18.4,False,,DEEP_PIT_SHADOW
9244,750,-106.09,-22.29,False,,DEEP_PIT_SHADOW
9245,750,-101.86,-19.26,False,,DEEP_PIT_SHADOW
9246,750,-98.04,-18.18,False,,DEEP_PIT_SHADOW
9247,750,-106.15,-17.97,False,,DEEP_PIT_SHADOW
9248,750,-106.69,-18.7,False,,DEEP_PIT_SHADOW
9249,750,-103.77,-21.16,False,,DEEP_PIT_SHADOW
9250,750,-102.91,-20.36,False,,DEEP_PIT_SHADOW
9251,750,-107.6,-19.54,False,,DEEP_PIT_SHADOW
9252,750,-105.54,-20.16,False,,DEEP_PIT_SHADOW
9253,750,-106.76,-17.7,False,,DEEP_PIT_SHADOW
9254,750,-101.71,-19.27,False,,DEEP_PIT_SHADOW
9255,750,-97.54,-19.48,False,,DEEP_PIT_SHADOW
9256,750,-105.48,-16.03,False,,DEEP_PIT_SHADOW
9257,750,-106.27,-19.0,False,,DEEP_PIT_SHADOW
9258,750,-105.34,-20.15,False,,DEEP_PIT_SHADOW
9259,750,-101.22,-18.9,False,,DEEP_PIT_SHADOW
9260,750,-96.23,-21.28,False,,DEEP_PIT_SHADOW
9261,750,-109.0,-20.85,False,,DEEP_PIT_SHADOW
9262,750,-107.84,-20.16,False,,DEEP_PIT_SHADOW
9263,750,-100.62,-17.91,False,,DEEP_PIT_SHADOW
9264,750,-101.76,-16.26,False,,DEEP_PIT_SHADOW
9265,750,-105.54,-20.17,False,,DEEP_PIT_SHADOW
9266,750,-103.46,-18.06,False,,DEEP_PIT_SHADOW
9267,750,-104.87,-17.32,False,,DEEP_PIT_SHADOW
9268,750,-98.0,-20.98,False,,DEEP_PIT_SHADOW
9269,750,-100.61,-18.74,False,,DEEP_PIT_SHADOW
9270,750,-111.45,-22.95,False,,DEEP_PIT_SHADOW
9271,750,-101.53,-19.48,False,,DEEP_PIT_SHADOW
9272,750,-110.85,-19.65,False,,DEEP_PIT_SHADOW
9273,750,-108.41,-19.52,False,,DEEP_PIT_SHADOW
9274,750,-100.65,-22.45,False,,DEEP_PIT_SHADOW
9275,750,-99.43,-20.18,False,,DEEP_PIT_SHADOW
9276,750,-108.52,-18.63,False,,DEEP_PIT_SHADOW
9277,750,-107.69,-17.99,False,,DEEP_PIT_SHADOW
9278,750,-100.93,-18.07,False,,DEEP_PIT_SHADOW
9279,750,-105.8,-16.41,False,,DEEP_PIT_SHADOW
9280,750,-104.6,-17.05,False,,DEEP_PIT_SHADOW
9281,750,-103.32,-23.81,False,,DEEP_PIT_SHADOW
9282,750,-104.2,-22.13,False,,DEEP_PIT_SHADOW
9283,750,-108.42,-20.66,False,,DEEP_PIT_SHADOW
9284,750,-102.52,-15.59,False,,DEEP_PIT_SHADOW
9285,750,-108.64,-21.17,False,,DEEP_PIT_SHADOW
9286,750,-103.98,-20.44,False,,DEEP_PIT_SHADOW
9287,750,-105.7,-18.7,False,,DEEP_PIT_SHADOW
9288,750,-104.44,-19.74,False,,DEEP_PIT_SHADOW
9289,750,-102.64,-22.36,False,,DEEP_PIT_SHADOW
9290,750,-109.58,-18.64,False,,DEEP_PIT_SHADOW
9291,750,-105.43,-22.23,False,,DEEP_PIT_SHADOW
9292,750,-100.39,-20.68,False,,DEEP_PIT_SHADOW
9293,750,-98.0,-21.12,False,,DEEP_PIT_SHADOW
9294,750,-105.84,-20.07,False,,DEEP_PIT_SHADOW
9295,750,-105.6,-20.0,False,,DEEP_PIT_SHADOW
9296,750,-105.78,-17.38,False,,DEEP_PIT_SHADOW
9297,750,-106.39,-21.89,False,,DEEP_PIT_SHADOW
9298,750,-100.53,-17.99,False,,DEEP_PIT_SHADOW
9299,750,-103.48,-18.05,False,,DEEP_PIT_SHADOW
9300,750,-104.66,-21.45,False,,DEEP_PIT_SHADOW
9301,750,-107.87,-19.01,False,,DEEP_PIT_SHADOW
9302,750,-109.4,-21.07,False,,DEEP_PIT_SHADOW
9303,750,-99.83,-19.66,False,,DEEP_PIT_SHADOW
9304,750,-103.22,-19.51,False,,DEEP_PIT_SHADOW
9305,750,-109.43,-18.33,False,,DEEP_PIT_SHADOW
9306,750,-102.91,-18.7,False,,DEEP_PIT_SHADOW
9307,750,-108.28,-18.44,False,,DEEP_PIT_SHADOW
9308,750,-109.4,-21.3,False,,DEEP_PIT_SHADOW
9309,750,-107.6,-19.14,False,,DEEP_PIT_SHADOW
9310,750,-100.32,-18.44,False,,DEEP_PIT_SHADOW
9311,750,-106.49,-21.95,False,,DEEP_PIT_SHADOW
9312,750,-103.11,-18.22,False,,DEEP_PIT_SHADOW
9313,750,-105.67,-15.79,False,,DEEP_PIT_SHADOW
9314,750,-104.14,-18.2,False,,DEEP_PIT_SHADOW
9315,750,-106.29,-19.84,False,,DEEP_PIT_SHADOW
9316,750,-105.77,-19.88,False,,DEEP_PIT_SHADOW
9317,750,-107.56,-18.37,False,,DEEP_PIT_SHADOW
9318,750,-103.81,-20.55,False,,DEEP_PIT_SHADOW
9319,750,-106.46,-21.32,False,,DEEP_PIT_SHADOW
9320,750,-99.77,-18.27,False,,DEEP_PIT_SHADOW
9321,750,-102.8,-21.11,False,,DEEP_PIT_SHADOW
9322,750,-107.78,-18.75,False,,DEEP_PIT_SHADOW
9323,750,-104.19,-17.81,False,,DEEP_PIT_SHADOW
9324,750,-108.35,-16.39,False,,DEEP_PIT_SHADOW
9325,750,-104.73,-20.37,False,,DEEP_PIT_SHADOW
9326,750,-99.52,-23.12,False,,DEEP_PIT_SHADOW
9327,750,-108.47,-22.76,False,,DEEP_PIT_SHADOW
9328,750,-105.08,-20.14,False,,DEEP_PIT_SHADOW
9329,750,-105.28,-21.64,False,,DEEP_PIT_SHADOW
9330,750,-105.23,-20.37,False,,DEEP_PIT_SHADOW
9331,750,-103.87,-20.93,False,,DEEP_PIT_SHADOW
9332,750,-105.36,-18.98,False,,DEEP_PIT_SHADOW
9333,750,-104.97,-21.41,False,,DEEP_PIT_SHADOW
9334,750,-103.68,-17.57,False,,DEEP_PIT_SHADOW
9335,750,-108.19,-19.24,False,,DEEP_PIT_SHADOW
9336,750,-107.04,-16.48,False,,DEEP_PIT_SHADOW
9337,750,-105.89,-17.72,False,,DEEP_PIT_SHADOW
9338,750,-97.93,-20.17,False,,DEEP_PIT_SHADOW
9339,750,-108.45,-19.15,False,,DEEP_PIT_SHADOW
9340,750,-107.81,-21.92,False,,DEEP_PIT_SHADOW
9341,750,-112.23,-16.46,False,,DEEP_PIT_SHADOW
9342,750,-108.04,-20.66,False,,DEEP_PIT_SHADOW
9343,750,-107.68,-22.53,False,,DEEP_PIT_SHADOW
9344,750,-98.87,-16.7,False,,DEEP_PIT_SHADOW
9345,750,-109.87,-20.82,False,,DEEP_PIT_SHADOW
9346,750,-105.13,-21.38,False,,DEEP_PIT_SHADOW
9347,750,-110.34,-16.46,False,,DEEP_PIT_SHADOW
9348,750,-103.91,-19.1,False,,DEEP_PIT_SHADOW
9349,750,-103.07,-19.81,False,,DEEP_PIT_SHADOW
9350,750,-103.37,-22.12,False,,DEEP_PIT_SHADOW
9351,750,-105.32,-21.3,False,,DEEP_PIT_SHADOW
9352,750,-107.45,-17.73,False,,DEEP_PIT_SHADOW
9353,750,-103.71,-21.75,False,,DEEP_PIT_SHADOW
9354,750,-107.06,-19.78,False,,DEEP_PIT_SHADOW
9355,750,-104.69,-24.03,False,,DEEP_PIT_SHADOW
9356,750,-105.18,-16.05,False,,DEEP_PIT_SHADOW
9357,750,-105.75,-22.46,False,,DEEP_PIT_SHADOW
9358,750,-98.73,-19.18,False,,DEEP_PIT_SHADOW
9359,750,-106.22,-20.91,False,,DEEP_PIT_SHADOW
9360,750,-104.35,-22.15,False,,DEEP_PIT_SHADOW
9361,750,-104.84,-21.39,False,,DEEP_PIT_SHADOW
9362,750,-102.56,-20.65,False,,DEEP_PIT_SHADOW
9363,750,-107.61,-19.78,False,,DEEP_PIT_SHADOW
9364,750,-104.2,-16.81,False,,DEEP_PIT_SHADOW
9365,750,-103.54,-20.75,False,,DEEP_PIT_SHADOW
9366,750,-101.2,-19.49,False,,DEEP_PIT_SHADOW
9367,750,-112.95,-19.58,False,,DEEP_PIT_SHADOW
9368,750,-110.61,-20.25,False,,DEEP_PIT_SHADOW
9369,750,-105.29,-19.59,False,,DEEP_PIT_SHADOW
9370,750,-106.34,-17.53,False,,DEEP_PIT_SHADOW
9371,750,-107.04,-20.82,False,,DEEP_PIT_SHADOW
9372,750,-106.35,-20.92,False,,DEEP_PIT_SHADOW
9373,750,-100.55,-22.32,False,,DEEP_PIT_SHADOW
9374,750,-105.64,-17.68,False,,DEEP_PIT_SHADOW
9375,750,-101.85,-23.57,False,,DEEP_PIT_SHADOW
9376,750,-102.83,-18.11,False,,DEEP_PIT_SHADOW
9377,750,-102.11,-19.83,False,,DEEP_PIT_SHADOW
9378,750,-104.74,-21.76,False,,DEEP_PIT_SHADOW
9379,750,-94.47,-20.1,False,,DEEP_PIT_SHADOW
9380,750,-102.82,-17.12,False,,DEEP_PIT_SHADOW
9381,750,-105.7,-20.55,False,,DEEP_PIT_SHADOW
9382,750,-105.52,-21.03,False,,DEEP_PIT_SHADOW
9383,750,-105.08,-18.28,False,,DEEP_PIT_SHADOW
9384,750,-108.99,-21.46,False,,DEEP_PIT_SHADOW
9385,750,-104.65,-18.07,False,,DEEP_PIT_SHADOW
9386,750,-106.66,-20.48,False,,DEEP_PIT_SHADOW
9387,750,-109.42,-20.72,False,,DEEP_PIT_SHADOW
9388,750,-103.08,-20.63,False,,DEEP_PIT_SHADOW
9389,750,-101.3,-15.23,False,,DEEP_PIT_SHADOW
9390,750,-102.69,-18.26,False,,DEEP_PIT_SHADOW
9391,750,-108.35,-20.64,False,,DEEP_PIT_SHADOW
9392,750,-102.17,-20.19,False,,DEEP_PIT_SHADOW
9393,750,-104.91,-17.82,False,,DEEP_PIT_SHADOW
9394,750,-109.55,-20.89,False,,DEEP_PIT_SHADOW
9395,750,-100.16,-22.16,False,,DEEP_PIT_SHADOW
9396,750,-114.18,-17.24,False,,DEEP_PIT_SHADOW
9397,750,-102.31,-20.31,False,,DEEP_PIT_SHADOW
9398,750,-102.87,-21.74,False,,DEEP_PIT_SHADOW
9399,750,-108.09,-21.74,False,,DEEP_PIT_SHADOW
9400,750,-104.66,-15.52,False,,DEEP_PIT_SHADOW
9401,750,-104.31,-19.14,False,,DEEP_PIT_SHADOW
9402,750,-104.15,-17.89,False,,DEEP_PIT_SHADOW
9403,750,-99.41,-20.05,False,,DEEP_PIT_SHADOW
9404,750,-103.16,-19.86,False,,DEEP_PIT_SHADOW
9405,750,-102.89,-19.73,False,,DEEP_PIT_SHADOW
9406,750,-105.01,-20.11,False,,DEEP_PIT_SHADOW
9407,750,-103.16,-18.47,False,,DEEP_PIT_SHADOW
9408,750,-101.77,-21.78,False,,DEEP_PIT_SHADOW
9409,750,-103.23,-15.4,False,,DEEP_PIT_SHADOW
9410,750,-105.94,-21.74,False,,DEEP_PIT_SHADOW
9411,750,-104.48,-20.41,False,,DEEP_PIT_SHADOW
9412,750,-112.15,-19.34,False,,DEEP_PIT_SHADOW
9413,750,-100.46,-19.79,False,,DEEP_PIT_SHADOW
9414,750,-105.96,-20.33,False,,DEEP_PIT_SHADOW
9415,750,-106.09,-20.42,False,,DEEP_PIT_SHADOW
9416,750,-102.92,-19.75,False,,DEEP_PIT_SHADOW
9417,750,-103.03,-19.21,False,,DEEP_PIT_SHADOW
9418,750,-103.41,-21.82,False,,DEEP_PIT_SHADOW
9419,750,-105.23,-17.81,False,,DEEP_PIT_SHADOW
9420,750,-101.74,-22.68,False,,DEEP_PIT_SHADOW
9421,750,-101.6,-25.64,False,,DEEP_PIT_SHADOW
9422,750,-106.37,-18.94,False,,DEEP_PIT_SHADOW
9423,750,-106.06,-22.07,False,,DEEP_PIT_SHADOW
9424,750,-101.63,-17.53,False,,DEEP_PIT_SHADOW
9425,750,-99.52,-19.93,False,,DEEP_PIT_SHADOW
9426,750,-107.13,-23.66,False,,DEEP_PIT_SHADOW
9427,750,-100.21,-20.09,False,,DEEP_PIT_SHADOW
9428,750,-105.65,-18.85,False,,DEEP_PIT_SHADOW
9429,750,-106.92,-23.36,False,,DEEP_PIT_SHADOW
9430,750,-108.7,-17.98,False,,DEEP_PIT_SHADOW
9431,750,-106.45,-20.11,False,,DEEP_PIT_SHADOW
9432,750,-103.05,-21.98,False,,DEEP_PIT_SHADOW
9433,750,-102.11,-19.16,False,,DEEP_PIT_SHADOW
9434,750,-105.73,-20.76,False,,DEEP_PIT_SHADOW
9435,750,-100.26,-18.91,False,,DEEP_PIT_SHADOW
9436,750,-104.05,-17.69,False,,DEEP_PIT_SHADOW
9437,750,-105.89,-17.9,False,,DEEP_PIT_SHADOW
9438,750,-109.97,-15.78,False,,DEEP_PIT_SHADOW
9439,750,-103.01,-19.81,False,,DEEP_PIT_SHADOW
9440,750,-106.1,-17.5,False,,DEEP_PIT_SHADOW
9441,750,-100.2,-20.23,False,,DEEP_PIT_SHADOW
9442,750,-103.28,-18.03,False,,DEEP_PIT_SHADOW
9443,750,-106.42,-18.72,False,,DEEP_PIT_SHADOW
9444,750,-101.76,-19.76,False,,DEEP_PIT_SHADOW
9445,750,-98.77,-19.71,False,,DEEP_PIT_SHADOW
9446,750,-111.52,-21.42,False,,DEEP_PIT_SHADOW
9447,750,-106.96,-20.91,False,,DEEP_PIT_SHADOW
9448,750,-111.38,-23.46,False,,DEEP_PIT_SHADOW
9449,750,-97.95,-20.29,False,,DEEP_PIT_SHADOW
9450,750,-105.97,-22.42,False,,DEEP_PIT_SHADOW
9451,750,-111.06,-22.71,False,,DEEP_PIT_SHADOW
9452,750,-111.6,-19.14,False,,DEEP_PIT_SHADOW
9453,750,-102.51,-18.97,False,,DEEP_PIT_SHADOW
9454,750,-108.76,-19.85,False,,DEEP_PIT_SHADOW
9455,750,-104.94,-18.58,False,,DEEP_PIT_SHADOW
9456,750,-107.11,-19.89,False,,DEEP_PIT_SHADOW
9457,750,-105.21,-19.95,False,,DEEP_PIT_SHADOW
9458,750,-108.06,-18.34,False,,DEEP_PIT_SHADOW
9459,750,-101.63,-19.37,False,,DEEP_PIT_SHADOW
9460,750,-102.04,-20.53,False,,DEEP_PIT_SHADOW
9461,750,-112.9,-22.63,False,,DEEP_PIT_SHADOW
9462,750,-104.97,-19.73,False,,DEEP_PIT_SHADOW
9463,750,-100.91,-17.9,False,,DEEP_PIT_SHADOW
9464,750,-109.08,-17.59,False,,DEEP_PIT_SHADOW
9465,750,-106.73,-19.57,False,,DEEP_PIT_SHADOW
9466,750,-107.91,-17.57,False,,DEEP_PIT_SHADOW
9467,750,-103.59,-22.28,False,,DEEP_PIT_SHADOW
9468,750,-101.06,-17.99,False,,DEEP_PIT_SHADOW
9469,750,-105.13,-19.02,False,,DEEP_PIT_SHADOW
9470,750,-106.98,-19.27,False,,DEEP_PIT_SHADOW
9471,750,-102.64,-19.89,False,,DEEP_PIT_SHADOW
9472,750,-102.35,-16.96,False,,DEEP_PIT_SHADOW
9473,750,-106.52,-19.84,False,,DEEP_PIT_SHADOW
9474,750,-105.8,-20.29,False,,DEEP_PIT_SHADOW
9475,750,-107.79,-16.84,False,,DEEP_PIT_SHADOW
9476,750,-103.5,-16.95,False,,DEEP_PIT_SHADOW
9477,750,-104.09,-18.22,False,,DEEP_PIT_SHADOW
9478,750,-106.13,-22.57,False,,DEEP_PIT_SHADOW
9479,750,-102.58,-24.32,False,,DEEP_PIT_SHADOW
9480,750,-107.04,-22.62,False,,DEEP_PIT_SHADOW
9481,750,-104.21,-19.84,False,,DEEP_PIT_SHADOW
9482,750,-108.14,-20.47,False,,DEEP_PIT_SHADOW
9483,750,-103.63,-19.86,False,,DEEP_PIT_SHADOW
9484,750,-100.72,-20.71,False,,DEEP_PIT_SHADOW
9485,750,-98.61,-18.82,False,,DEEP_PIT_SHADOW
9486,750,-105.91,-20.7,False,,DEEP_PIT_SHADOW
9487,750,-104.97,-22.11,False,,DEEP_PIT_SHADOW
9488,750,-103.29,-20.36,False,,DEEP_PIT_SHADOW
9489,750,-110.84,-21.33,False,,DEEP_PIT_SHADOW
9490,750,-106.7,-20.03,False,,DEEP_PIT_SHADOW
9491,750,-104.98,-18.02,False,,DEEP_PIT_SHADOW
9492,750,-104.23,-17.41,False,,DEEP_PIT_SHADOW
9493,750,-103.67,-18.57,False,,DEEP_PIT_SHADOW
9494,750,-106.46,-21.37,False,,DEEP_PIT_SHADOW
9495,750,-107.12,-17.51,False,,DEEP_PIT_SHADOW
9496,750,-99.85,-14.96,False,,DEEP_PIT_SHADOW
9497,750,-109.78,-16.95,False,,DEEP_PIT_SHADOW
9498,750,-99.09,-21.77,False,,DEEP_PIT_SHADOW
9499,750,-96.2,-19.88,False,,DEEP_PIT_SHADOW
9500,750,-98.8,-23.49,False,,DEEP_PIT_SHADOW
9501,750,-107.34,-22.35,False,,DEEP_PIT_SHADOW
9502,750,-108.81,-17.71,False,,DEEP_PIT_SHADOW
9503,750,-100.74,-19.77,False,,DEEP_PIT_SHADOW
9504,750,-103.65,-22.39,False,,DEEP_PIT_SHADOW
9505,750,-101.99,-18.75,False,,DEEP_PIT_SHADOW
9506,750,-104.7,-20.53,False,,DEEP_PIT_SHADOW
9507,750,-105.99,-17.19,False,,DEEP_PIT_SHADOW
9508,750,-102.59,-20.93,False,,DEEP_PIT_SHADOW
9509,750,-112.67,-19.39,False,,DEEP_PIT_SHADOW
9510,750,-109.7,-17.71,False,,DEEP_PIT_SHADOW
9511,750,-95.29,-23.37,False,,DEEP_PIT_SHADOW
9512,750,-104.55,-16.67,False,,DEEP_PIT_SHADOW
9513,750,-101.19,-16.13,False,,DEEP_PIT_SHADOW
9514,750,-102.56,-18.87,False,,DEEP_PIT_SHADOW
9515,750,-110.32,-21.38,False,,DEEP_PIT_SHADOW
9516,750,-104.63,-17.48,False,,DEEP_PIT_SHADOW
9517,750,-102.99,-18.11,False,,DEEP_PIT_SHADOW
9518,750,-107.89,-20.1,False,,DEEP_PIT_SHADOW
9519,750,-106.05,-19.06,False,,DEEP_PIT_SHADOW
9520,750,-112.44,-18.62,False,,DEEP_PIT_SHADOW
9521,750,-106.15,-14.28,False,,DEEP_PIT_SHADOW
9522,750,-110.72,-19.06,False,,DEEP_PIT_SHADOW
9523,750,-103.82,-19.36,False,,DEEP_PIT_SHADOW
9524,750,-111.83,-20.33,False,,DEEP_PIT_SHADOW
9525,750,-102.96,-21.8,False,,DEEP_PIT_SHADOW
9526,750,-106.93,-19.01,False,,DEEP_PIT_SHADOW
9527,750,-102.2,-21.67,False,,DEEP_PIT_SHADOW
9528,750,-104.24,-20.6,False,,DEEP_PIT_SHADOW
9529,750,-104.26,-19.18,False,,DEEP_PIT_SHADOW
9530,750,-110.77,-21.83,False,,DEEP_PIT_SHADOW
9531,750,-101.55,-21.3,False,,DEEP_PIT_SHADOW
9532,750,-102.07,-23.57,False,,DEEP_PIT_SHADOW
9533,750,-106.4,-18.46,False,,DEEP_PIT_SHADOW
9534,750,-106.54,-21.57,False,,DEEP_PIT_SHADOW
9535,750,-103.26,-20.14,False,,DEEP_PIT_SHADOW
9536,750,-106.14,-17.22,False,,DEEP_PIT_SHADOW
9537,750,-106.05,-20.84,False,,DEEP_PIT_SHADOW
9538,750,-98.01,-17.99,False,,DEEP_PIT_SHADOW
9539,750,-102.54,-19.32,False,,DEEP_PIT_SHADOW
9540,750,-103.55,-20.41,False,,DEEP_PIT_SHADOW
9541,750,-103.55,-19.44,False,,DEEP_PIT_SHADOW
9542,750,-95.28,-22.43,False,,DEEP_PIT_SHADOW
9543,750,-102.36,-22.79,False,,DEEP_PIT_SHADOW
9544,750,-106.84,-17.63,False,,DEEP_PIT_SHADOW
9545,750,-100.22,-15.39,False,,DEEP_PIT_SHADOW
9546,750,-98.31,-17.97,False,,DEEP_PIT_SHADOW
9547,750,-105.33,-21.36,False,,DEEP_PIT_SHADOW
9548,750,-105.44,-22.27,False,,DEEP_PIT_SHADOW
9549,750,-103.28,-17.7,False,,DEEP_PIT_SHADOW
9550,750,-99.23,-19.79,False,,DEEP_PIT_SHADOW
9551,750,-106.86,-20.96,False,,DEEP_PIT_SHADOW
9552,750,-108.41,-18.33,False,,DEEP_PIT_SHADOW
9553,750,-106.88,-19.51,False,,DEEP_PIT_SHADOW
9554,750,-106.44,-18.17,False,,DEEP_PIT_SHADOW
9555,750,-110.13,-17.31,False,,DEEP_PIT_SHADOW
9556,750,-105.15,-23.01,False,,DEEP_PIT_SHADOW
9557,750,-102.34,-19.73,False,,DEEP_PIT_SHADOW
9558,750,-112.79,-17.82,False,,DEEP_PIT_SHADOW
9559,750,-103.27,-21.76,False,,DEEP_PIT_SHADOW
9560,750,-103.55,-19.83,False,,DEEP_PIT_SHADOW
9561,750,-105.09,-20.26,False,,DEEP_PIT_SHADOW
9562,750,-101.82,-17.94,False,,DEEP_PIT_SHADOW
9563,750,-100.6,-20.64,False,,DEEP_PIT_SHADOW
9564,750,-106.18,-17.87,False,,DEEP_PIT_SHADOW
9565,750,-105.16,-22.74,False,,DEEP_PIT_SHADOW
9566,750,-109.82,-23.38,False,,DEEP_PIT_SHADOW
9567,750,-101.44,-18.98,False,,DEEP_PIT_SHADOW
9568,750,-105.17,-23.03,False,,DEEP_PIT_SHADOW
9569,750,-106.0,-21.89,False,,DEEP_PIT_SHADOW
9570,750,-94.15,-17.01,False,,DEEP_PIT_SHADOW
9571,750,-102.26,-20.44,False,,DEEP_PIT_SHADOW
9572,750,-101.92,-15.87,False,,DEEP_PIT_SHADOW
9573,750,-102.0,-20.99,False,,DEEP_PIT_SHADOW
9574,750,-106.66,-19.29,False,,DEEP_PIT_SHADOW
9575,750,-106.95,-19.55,False,,DEEP_PIT_SHADOW
9576,750,-105.6,-20.38,False,,DEEP_PIT_SHADOW
9577,750,-106.95,-24.55,False,,DEEP_PIT_SHADOW
9578,750,-104.26,-18.14,False,,DEEP_PIT_SHADOW
9579,750,-101.43,-21.06,False,,DEEP_PIT_SHADOW
9580,750,-107.24,-21.2,False,,DEEP_PIT_SHADOW
9581,750,-108.6,-19.16,False,,DEEP_PIT_SHADOW
9582,750,-98.06,-21.83,False,,DEEP_PIT_SHADOW
9583,750,-106.4,-20.36,False,,DEEP_PIT_SHADOW
9584,750,-110.95,-18.81,False,,DEEP_PIT_SHADOW
9585,750,-105.23,-23.99,False,,DEEP_PIT_SHADOW
9586,750,-112.68,-17.86,False,,DEEP_PIT_SHADOW
9587,750,-105.41,-22.75,False,,DEEP_PIT_SHADOW
9588,750,-105.89,-19.84,False,,DEEP_PIT_SHADOW
9589,750,-111.07,-20.91,False,,DEEP_PIT_SHADOW
9590,750,-112.52,-18.7,False,,DEEP_PIT_SHADOW
9591,750,-104.22,-22.37,False,,DEEP_PIT_SHADOW
9592,750,-100.44,-18.74,False,,DEEP_PIT_SHADOW
9593,750,-108.88,-23.08,False,,DEEP_PIT_SHADOW
9594,750,-107.13,-19.21,False,,DEEP_PIT_SHADOW
9595,750,-107.09,-19.1,False,,DEEP_PIT_SHADOW
9596,750,-103.07,-18.1,False,,DEEP_PIT_SHADOW
9597,750,-104.13,-23.01,False,,DEEP_PIT_SHADOW
9598,750,-103.29,-19.68,False,,DEEP_PIT_SHADOW
9599,750,-105.4,-21.96,False,,DEEP_PIT_SHADOW
9600,750,-101.03,-17.48,False,,DEEP_PIT_SHADOW
9601,750,-108.17,-21.18,False,,DEEP_PIT_SHADOW
9602,750,-108.0,-17.88,False,,DEEP_PIT_SHADOW
9603,750,-102.57,-18.55,False,,DEEP_PIT_SHADOW
9604,750,-101.63,-18.21,False,,DEEP_PIT_SHADOW
9605,750,-98.62,-14.68,False,,DEEP_PIT_SHADOW
9606,750,-106.92,-20.35,False,,DEEP_PIT_SHADOW
9607,750,-108.54,-19.31,False,,DEEP_PIT_SHADOW
9608,750,-101.24,-20.45,False,,DEEP_PIT_SHADOW
9609,750,-100.69,-20.89,False,,DEEP_PIT_SHADOW
9610,750,-107.39,-22.42,False,,DEEP_PIT_SHADOW
9611,750,-106.97,-17.24,False,,DEEP_PIT_SHADOW
9612,750,-106.08,-22.17,False,,DEEP_PIT_SHADOW
9613,750,-103.54,-19.66,False,,DEEP_PIT_SHADOW
9614,750,-107.23,-20.69,False,,DEEP_PIT_SHADOW
9615,750,-103.46,-20.82,False,,DEEP_PIT_SHADOW
9616,750,-104.81,-22.67,False,,DEEP_PIT_SHADOW
9617,750,-101.02,-26.84,False,,DEEP_PIT_SHADOW
9618,750,-105.1,-19.41,False,,DEEP_PIT_SHADOW
9619,750,-102.7,-20.87,False,,DEEP_PIT_SHADOW
9620,750,-106.44,-22.31,False,,DEEP_PIT_SHADOW
9621,750,-102.35,-19.84,False,,DEEP_PIT_SHADOW
9622,750,-101.33,-21.61,False,,DEEP_PIT_SHADOW
9623,750,-99.22,-17.59,False,,DEEP_PIT_SHADOW
9624,750,-110.78,-21.68,False,,DEEP_PIT_SHADOW
9625,750,-103.53,-22.16,False,,DEEP_PIT_SHADOW
9626,750,-101.02,-16.25,False,,DEEP_PIT_SHADOW
9627,750,-104.65,-16.34,False,,DEEP_PIT_SHADOW
9628,750,-103.91,-21.3,False,,DEEP_PIT_SHADOW
9629,750,-104.44,-23.0,False,,DEEP_PIT_SHADOW
9630,750,-104.84,-17.95,False,,DEEP_PIT_SHADOW
9631,750,-101.96,-19.17,False,,DEEP_PIT_SHADOW
9632,750,-109.34,-19.79,False,,DEEP_PIT_SHADOW
9633,750,-104.39,-21.28,False,,DEEP_PIT_SHADOW
9634,750,-105.95,-18.43,False,,DEEP_PIT_SHADOW
9635,750,-102.31,-21.88,False,,DEEP_PIT_SHADOW
9636,750,-98.41,-20.04,False,,DEEP_PIT_SHADOW
9637,750,-101.26,-20.12,False,,DEEP_PIT_SHADOW
9638,750,-103.09,-20.73,False,,DEEP_PIT_SHADOW
9639,750,-109.38,-16.26,False,,DEEP_PIT_SHADOW
9640,750,-110.58,-21.84,False,,DEEP_PIT_SHADOW
9641,750,-106.63,-17.34,False,,DEEP_PIT_SHADOW
9642,750,-109.5,-17.41,False,,DEEP_PIT_SHADOW
9643,750,-103.11,-20.2,False,,DEEP_PIT_SHADOW
9644,750,-108.44,-21.58,False,,DEEP_PIT_SHADOW
9645,750,-105.28,-19.16,False,,DEEP_PIT_SHADOW
9646,750,-103.42,-18.75,False,,DEEP_PIT_SHADOW
9647,750,-104.49,-20.82,False,,DEEP_PIT_SHADOW
9648,750,-104.08,-25.66,False,,DEEP_PIT_SHADOW
9649,750,-110.43,-19.49,False,,DEEP_PIT_SHADOW
9650,750,-103.99,-20.07,False,,DEEP_PIT_SHADOW
9651,750,-106.27,-20.52,False,,DEEP_PIT_SHADOW
9652,750,-101.01,-19.63,False,,DEEP_PIT_SHADOW
9653,750,-102.49,-20.14,False,,DEEP_PIT_SHADOW
9654,750,-108.01,-21.74,False,,DEEP_PIT_SHADOW
9655,750,-105.42,-24.63,False,,DEEP_PIT_SHADOW
9656,750,-106.16,-19.16,False,,DEEP_PIT_SHADOW
9657,750,-97.59,-19.36,False,,DEEP_PIT_SHADOW
9658,750,-108.7,-17.99,False,,DEEP_PIT_SHADOW
9659,750,-98.87,-22.01,False,,DEEP_PIT_SHADOW
9660,750,-104.93,-20.94,False,,DEEP_PIT_SHADOW
9661,750,-96.9,-20.87,False,,DEEP_PIT_SHADOW
9662,750,-105.49,-20.01,False,,DEEP_PIT_SHADOW
9663,750,-105.71,-18.74,False,,DEEP_PIT_SHADOW
9664,750,-107.45,-16.08,False,,DEEP_PIT_SHADOW
9665,750,-105.11,-18.77,False,,DEEP_PIT_SHADOW
9666,750,-104.23,-17.58,False,,DEEP_PIT_SHADOW
9667,750,-107.08,-19.88,False,,DEEP_PIT_SHADOW
9668,750,-105.1,-19.24,False,,DEEP_PIT_SHADOW
9669,750,-107.51,-20.4,False,,DEEP_PIT_SHADOW
9670,750,-106.21,-20.88,False,,DEEP_PIT_SHADOW
9671,750,-100.28,-19.26,False,,DEEP_PIT_SHADOW
9672,750,-112.34,-17.97,False,,DEEP_PIT_SHADOW
9673,750,-104.28,-18.79,False,,DEEP_PIT_SHADOW
9674,750,-108.99,-21.45,False,,DEEP_PIT_SHADOW
9675,750,-106.29,-18.53,False,,DEEP_PIT_SHADOW
9676,750,-107.28,-19.8,False,,DEEP_PIT_SHADOW
9677,750,-101.25,-18.68,False,,DEEP_PIT_SHADOW
9678,750,-106.94,-22.95,False,,DEEP_PIT_SHADOW
9679,750,-105.53,-22.14,False,,DEEP_PIT_SHADOW
9680,750,-106.68,-18.58,False,,DEEP_PIT_SHADOW
9681,750,-105.78,-18.08,False,,DEEP_PIT_SHADOW
9682,750,-107.45,-23.4,False,,DEEP_PIT_SHADOW
9683,750,-96.77,-20.2,False,,DEEP_PIT_SHADOW
9684,750,-102.73,-21.59,False,,DEEP_PIT_SHADOW
9685,750,-104.08,-23.57,False,,DEEP_PIT_SHADOW
9686,750,-108.61,-20.2,False,,DEEP_PIT_SHADOW
9687,750,-104.79,-19.12,False,,DEEP_PIT_SHADOW
9688,750,-118.53,-20.83,False,,DEEP_PIT_SHADOW
9689,750,-109.9,-18.57,False,,DEEP_PIT_SHADOW
9690,750,-102.66,-21.78,False,,DEEP_PIT_SHADOW
9691,750,-108.89,-22.28,False,,DEEP_PIT_SHADOW
9692,750,-106.45,-20.57,False,,DEEP_PIT_SHADOW
9693,750,-101.85,-20.37,False,,DEEP_PIT_SHADOW
9694,750,-105.48,-22.2,False,,DEEP_PIT_SHADOW
9695,750,-108.98,-20.27,False,,DEEP_PIT_SHADOW
9696,750,-104.79,-19.94,False,,DEEP_PIT_SHADOW
9697,750,-108.2,-20.55,False,,DEEP_PIT_SHADOW
9698,750,-105.87,-19.02,False,,DEEP_PIT_SHADOW
9699,750,-104.48,-22.79,False,,DEEP_PIT_SHADOW
9700,750,-102.96,-21.03,False,,DEEP_PIT_SHADOW
9701,750,-105.76,-15.33,False,,DEEP_PIT_SHADOW
9702,750,-97.96,-19.36,False,,DEEP_PIT_SHADOW
9703,750,-107.72,-21.59,False,,DEEP_PIT_SHADOW
9704,750,-101.04,-18.15,False,,DEEP_PIT_SHADOW
9705,750,-110.35,-20.49,False,,DEEP_PIT_SHADOW
9706,750,-112.41,-21.19,False,,DEEP_PIT_SHADOW
9707,750,-101.53,-19.65,False,,DEEP_PIT_SHADOW
9708,750,-108.75,-20.11,False,,DEEP_PIT_SHADOW
9709,750,-101.43,-21.39,False,,DEEP_PIT_SHADOW
9710,750,-103.25,-21.18,False,,DEEP_PIT_SHADOW
9711,750,-109.04,-20.84,False,,DEEP_PIT_SHADOW
9712,750,-107.45,-20.72,False,,DEEP_PIT_SHADOW
9713,750,-107.65,-23.06,False,,DEEP_PIT_SHADOW
9714,750,-105.37,-19.68,False,,DEEP_PIT_SHADOW
9715,750,-99.67,-18.66,False,,DEEP_PIT_SHADOW
9716,750,-100.61,-24.82,False,,DEEP_PIT_SHADOW
9717,750,-108.19,-24.48,False,,DEEP_PIT_SHADOW
9718,750,-98.16,-18.82,False,,DEEP_PIT_SHADOW
9719,750,-103.52,-17.21,False,,DEEP_PIT_SHADOW
9720,750,-107.92,-19.4,False,,DEEP_PIT_SHADOW
9721,750,-98.46,-17.88,False,,DEEP_PIT_SHADOW
9722,750,-106.2,-18.41,False,,DEEP_PIT_SHADOW
9723,750,-104.94,-17.57,False,,DEEP_PIT_SHADOW
9724,750,-103.07,-19.31,False,,DEEP_PIT_SHADOW
9725,750,-103.34,-20.88,False,,DEEP_PIT_SHADOW
9726,750,-102.18,-21.7,False,,DEEP_PIT_SHADOW
9727,750,-107.35,-22.04,False,,DEEP_PIT_SHADOW
9728,750,-103.45,-20.83,False,,DEEP_PIT_SHADOW
9729,750,-103.17,-18.66,False,,DEEP_PIT_SHADOW
9730,750,-105.33,-15.85,False,,DEEP_PIT_SHADOW
9731,750,-104.64,-21.42,False,,DEEP_PIT_SHADOW
9732,750,-104.96,-20.84,False,,DEEP_PIT_SHADOW
9733,750,-103.23,-17.29,False,,DEEP_PIT_SHADOW
9734,750,-102.17,-22.53,False,,DEEP_PIT_SHADOW
9735,750,-104.76,-17.3,False,,DEEP_PIT_SHADOW
9736,750,-106.44,-19.67,False,,DEEP_PIT_SHADOW
9737,750,-113.48,-17.55,False,,DEEP_PIT_SHADOW
9738,750,-102.88,-16.7,False,,DEEP_PIT_SHADOW
9739,750,-105.75,-21.19,False,,DEEP_PIT_SHADOW
9740,750,-106.66,-21.26,False,,DEEP_PIT_SHADOW
9741,750,-100.2,-20.48,False,,DEEP_PIT_SHADOW
9742,750,-107.93,-18.92,False,,DEEP_PIT_SHADOW
9743,750,-100.78,-22.23,False,,DEEP_PIT_SHADOW
9744,750,-100.95,-23.14,False,,DEEP_PIT_SHADOW
9745,750,-102.72,-19.02,False,,DEEP_PIT_SHADOW
9746,750,-107.18,-20.67,False,,DEEP_PIT_SHADOW
9747,750,-104.91,-21.36,False,,DEEP_PIT_SHADOW
9748,750,-102.06,-16.55,False,,DEEP_PIT_SHADOW
9749,750,-97.82,-20.0,False,,DEEP_PIT_SHADOW
9750,750,-100.47,-22.02,False,,DEEP_PIT_SHADOW
9751,750,-106.52,-21.62,False,,DEEP_PIT_SHADOW
9752,750,-107.17,-20.03,False,,DEEP_PIT_SHADOW
9753,750,-106.04,-18.44,False,,DEEP_PIT_SHADOW
9754,750,-105.14,-21.19,False,,DEEP_PIT_SHADOW
9755,750,-106.39,-20.41,False,,DEEP_PIT_SHADOW
9756,750,-109.61,-20.89,False,,DEEP_PIT_SHADOW
9757,750,-100.56,-14.29,False,,DEEP_PIT_SHADOW
9758,750,-109.75,-22.86,False,,DEEP_PIT_SHADOW
9759,750,-106.42,-23.77,False,,DEEP_PIT_SHADOW
9760,750,-102.57,-22.28,False,,DEEP_PIT_SHADOW
9761,750,-96.09,-18.18,False,,DEEP_PIT_SHADOW
9762,750,-102.37,-19.97,False,,DEEP_PIT_SHADOW
9763,750,-104.58,-21.17,False,,DEEP_PIT_SHADOW
9764,750,-109.07,-22.97,False,,DEEP_PIT_SHADOW
9765,750,-101.93,-18.55,False,,DEEP_PIT_SHADOW
9766,750,-104.02,-18.49,False,,DEEP_PIT_SHADOW
9767,750,-109.75,-18.56,False,,DEEP_PIT_SHADOW
9768,750,-108.26,-18.32,False,,DEEP_PIT_SHADOW
9769,750,-107.03,-18.82,False,,DEEP_PIT_SHADOW
9770,750,-100.47,-20.66,False,,DEEP_PIT_SHADOW
9771,750,-107.25,-22.43,False,,DEEP_PIT_SHADOW
9772,750,-110.96,-18.81,False,,DEEP_PIT_SHADOW
9773,750,-100.05,-21.05,False,,DEEP_PIT_SHADOW
9774,750,-103.23,-20.42,False,,DEEP_PIT_SHADOW
9775,750,-104.69,-20.4,False,,DEEP_PIT_SHADOW
9776,750,-100.55,-20.58,False,,DEEP_PIT_SHADOW
9777,750,-99.48,-19.18,False,,DEEP_PIT_SHADOW
9778,750,-108.68,-20.2,False,,DEEP_PIT_SHADOW
9779,750,-106.2,-17.38,False,,DEEP_PIT_SHADOW
9780,750,-107.48,-20.9,False,,DEEP_PIT_SHADOW
9781,750,-108.02,-19.17,False,,DEEP_PIT_SHADOW
9782,750,-110.82,-20.0,False,,DEEP_PIT_SHADOW
9783,750,-111.89,-20.96,False,,DEEP_PIT_SHADOW
9784,750,-111.85,-17.66,False,,DEEP_PIT_SHADOW
9785,750,-101.23,-22.09,False,,DEEP_PIT_SHADOW
9786,750,-98.05,-20.24,False,,DEEP_PIT_SHADOW
9787,750,-101.25,-21.93,False,,DEEP_PIT_SHADOW
9788,750,-103.48,-22.66,False,,DEEP_PIT_SHADOW
9789,750,-101.6,-21.83,False,,DEEP_PIT_SHADOW
9790,750,-99.62,-21.2,False,,DEEP_PIT_SHADOW
9791,750,-105.6,-18.32,False,,DEEP_PIT_SHADOW
9792,750,-105.65,-18.03,False,,DEEP_PIT_SHADOW
9793,750,-102.53,-20.02,False,,DEEP_PIT_SHADOW
9794,750,-100.92,-20.37,False,,DEEP_PIT_SHADOW
9795,750,-111.92,-20.1,False,,DEEP_PIT_SHADOW
9796,750,-108.21,-20.61,False,,DEEP_PIT_SHADOW
9797,750,-104.06,-22.49,False,,DEEP_PIT_SHADOW
9798,750,-108.95,-18.74,False,,DEEP_PIT_SHADOW
9799,750,-105.41,-21.69,False,,DEEP_PIT_SHADOW
9800,750,-97.19,-17.82,False,,DEEP_PIT_SHADOW
9801,750,-104.32,-17.65,False,,DEEP_PIT_SHADOW
9802,750,-103.03,-18.2,False,,DEEP_PIT_SHADOW
9803,750,-102.78,-17.08,False,,DEEP_PIT_SHADOW
9804,750,-104.49,-19.55,False,,DEEP_PIT_SHADOW
9805,750,-105.1,-19.85,False,,DEEP_PIT_SHADOW
9806,750,-105.81,-21.91,False,,DEEP_PIT_SHADOW
9807,750,-104.62,-19.77,False,,DEEP_PIT_SHADOW
9808,750,-103.63,-18.79,False,,DEEP_PIT_SHADOW
9809,750,-102.96,-16.81,True,39.27,DEEP_PIT_SHADOW
9810,750,-108.3,-22.16,False,,DEEP_PIT_SHADOW
9811,750,-102.45,-23.87,False,,DEEP_PIT_SHADOW
9812,750,-107.23,-17.51,False,,DEEP_PIT_SHADOW
9813,750,-107.3,-20.47,False,,DEEP_PIT_SHADOW
9814,750,-101.73,-21.47,False,,DEEP_PIT_SHADOW
9815,750,-105.76,-22.17,False,,DEEP_PIT_SHADOW
9816,750,-104.03,-22.16,False,,DEEP_PIT_SHADOW
9817,750,-102.69,-21.07,False,,DEEP_PIT_SHADOW
9818,750,-109.1,-18.86,False,,DEEP_PIT_SHADOW
9819,750,-101.25,-21.47,False,,DEEP_PIT_SHADOW
9820,750,-103.52,-16.85,False,,DEEP_PIT_SHADOW
9821,750,-105.71,-21.61,False,,DEEP_PIT_SHADOW
9822,750,-111.07,-19.04,False,,DEEP_PIT_SHADOW
9823,750,-101.82,-20.57,False,,DEEP_PIT_SHADOW
9824,750,-104.89,-21.3,False,,DEEP_PIT_SHADOW
9825,750,-105.74,-17.79,False,,DEEP_PIT_SHADOW
9826,750,-102.37,-20.12,False,,DEEP_PIT_SHADOW
9827,750,-98.21,-21.69,False,,DEEP_PIT_SHADOW
9828,750,-100.42,-17.68,False,,DEEP_PIT_SHADOW
9829,750,-103.13,-21.09,False,,DEEP_PIT_SHADOW
9830,750,-103.57,-17.85,False,,DEEP_PIT_SHADOW
9831,750,-99.49,-17.35,False,,DEEP_PIT_SHADOW
9832,750,-105.6,-20.93,False,,DEEP_PIT_SHADOW
9833,750,-102.24,-19.82,False,,DEEP_PIT_SHADOW
9834,750,-103.25,-22.29,False,,DEEP_PIT_SHADOW
9835,750,-106.93,-22.04,False,,DEEP_PIT_SHADOW
9836,750,-104.45,-20.3,False,,DEEP_PIT_SHADOW
9837,750,-110.06,-21.09,False,,DEEP_PIT_SHADOW
9838,750,-101.86,-21.8,False,,DEEP_PIT_SHADOW
9839,750,-103.34,-17.14,False,,DEEP_PIT_SHADOW
9840,750,-101.1,-22.05,False,,DEEP_PIT_SHADOW
9841,750,-100.17,-18.1,False,,DEEP_PIT_SHADOW
9842,750,-104.19,-21.71,False,,DEEP_PIT_SHADOW
9843,750,-100.77,-19.42,False,,DEEP_PIT_SHADOW
9844,750,-101.51,-20.32,False,,DEEP_PIT_SHADOW
9845,750,-105.16,-22.55,False,,DEEP_PIT_SHADOW
9846,750,-102.0,-19.18,False,,DEEP_PIT_SHADOW
9847,750,-103.36,-19.15,False,,DEEP_PIT_SHADOW
9848,750,-105.66,-19.77,False,,DEEP_PIT_SHADOW
9849,750,-99.96,-25.96,False,,DEEP_PIT_SHADOW
9850,750,-107.63,-20.53,False,,DEEP_PIT_SHADOW
9851,750,-101.17,-20.41,False,,DEEP_PIT_SHADOW
9852,750,-108.67,-17.66,False,,DEEP_PIT_SHADOW
9853,750,-111.21,-17.68,False,,DEEP_PIT_SHADOW
9854,750,-97.94,-19.73,False,,DEEP_PIT_SHADOW
9855,750,-104.38,-21.42,False,,DEEP_PIT_SHADOW
9856,750,-107.96,-21.44,False,,DEEP_PIT_SHADOW
9857,750,-102.16,-22.55,False,,DEEP_PIT_SHADOW
9858,750,-104.24,-21.82,False,,DEEP_PIT_SHADOW
9859,750,-102.6,-18.4,False,,DEEP_PIT_SHADOW
9860,750,-104.91,-18.01,False,,DEEP_PIT_SHADOW
9861,750,-106.45,-20.43,False,,DEEP_PIT_SHADOW
9862,750,-107.4,-20.75,False,,DEEP_PIT_SHADOW
9863,750,-105.0,-21.45,False,,DEEP_PIT_SHADOW
9864,750,-104.4,-22.63,False,,DEEP_PIT_SHADOW
9865,750,-99.78,-19.97,False,,DEEP_PIT_SHADOW
9866,750,-105.44,-21.87,False,,DEEP_PIT_SHADOW
9867,750,-108.8,-18.62,False,,DEEP_PIT_SHADOW
9868,750,-98.68,-21.92,False,,DEEP_PIT_SHADOW
9869,750,-107.65,-20.68,False,,DEEP_PIT_SHADOW
9870,750,-100.45,-21.87,False,,DEEP_PIT_SHADOW
9871,750,-101.35,-19.67,False,,DEEP_PIT_SHADOW
9872,750,-102.26,-17.58,False,,DEEP_PIT_SHADOW
9873,750,-108.31,-16.51,False,,DEEP_PIT_SHADOW
9874,750,-100.13,-18.39,False,,DEEP_PIT_SHADOW
9875,750,-106.41,-18.66,False,,DEEP_PIT_SHADOW
9876,750,-103.55,-18.99,False,,DEEP_PIT_SHADOW
9877,750,-105.59,-16.92,False,,DEEP_PIT_SHADOW
9878,750,-104.71,-18.08,False,,DEEP_PIT_SHADOW
9879,750,-102.27,-18.97,False,,DEEP_PIT_SHADOW
9880,750,-109.41,-23.16,False,,DEEP_PIT_SHADOW
9881,750,-105.0,-20.61,False,,DEEP_PIT_SHADOW
9882,750,-110.37,-24.16,False,,DEEP_PIT_SHADOW
9883,750,-104.47,-22.5,False,,DEEP_PIT_SHADOW
9884,750,-100.13,-20.75,False,,DEEP_PIT_SHADOW
9885,750,-98.73,-19.29,False,,DEEP_PIT_SHADOW
9886,750,-106.08,-19.48,False,,DEEP_PIT_SHADOW
9887,750,-108.72,-17.4,False,,DEEP_PIT_SHADOW
9888,750,-106.63,-20.17,False,,DEEP_PIT_SHADOW
9889,750,-104.01,-18.65,False,,DEEP_PIT_SHADOW
9890,750,-113.08,-20.32,False,,DEEP_PIT_SHADOW
9891,750,-106.25,-19.7,False,,DEEP_PIT_SHADOW
9892,750,-107.34,-19.73,False,,DEEP_PIT_SHADOW
9893,750,-103.62,-17.34,False,,DEEP_PIT_SHADOW
9894,750,-105.7,-20.06,False,,DEEP_PIT_SHADOW
9895,750,-107.06,-18.22,False,,DEEP_PIT_SHADOW
9896,750,-103.39,-19.0,False,,DEEP_PIT_SHADOW
9897,750,-99.13,-23.36,False,,DEEP_PIT_SHADOW
9898,750,-102.08,-17.12,False,,DEEP_PIT_SHADOW
9899,750,-109.16,-17.97,False,,DEEP_PIT_SHADOW
9900,750,-102.94,-22.27,False,,DEEP_PIT_SHADOW
9901,750,-103.88,-21.58,False,,DEEP_PIT_SHADOW
9902,750,-103.5,-19.71,False,,DEEP_PIT_SHADOW
9903,750,-106.03,-21.98,False,,DEEP_PIT_SHADOW
9904,750,-107.35,-15.94,False,,DEEP_PIT_SHADOW
9905,750,-101.8,-19.23,False,,DEEP_PIT_SHADOW
9906,750,-103.44,-17.11,False,,DEEP_PIT_SHADOW
9907,750,-108.45,-22.65,False,,DEEP_PIT_SHADOW
9908,750,-112.36,-21.59,False,,DEEP_PIT_SHADOW
9909,750,-102.33,-19.42,False,,DEEP_PIT_SHADOW
9910,750,-103.98,-22.75,False,,DEEP_PIT_SHADOW
9911,750,-112.1,-22.78,False,,DEEP_PIT_SHADOW
9912,750,-102.25,-18.78,False,,DEEP_PIT_SHADOW
9913,750,-107.01,-18.37,False,,DEEP_PIT_SHADOW
9914,750,-108.13,-20.37,False,,DEEP_PIT_SHADOW
9915,750,-108.37,-19.93,False,,DEEP_PIT_SHADOW
9916,750,-103.05,-21.81,False,,DEEP_PIT_SHADOW
9917,750,-110.46,-24.86,False,,DEEP_PIT_SHADOW
9918,750,-102.38,-21.3,False,,DEEP_PIT_SHADOW
9919,750,-106.56,-17.91,False,,DEEP_PIT_SHADOW
9920,750,-102.94,-22.2,False,,DEEP_PIT_SHADOW
9921,750,-99.95,-18.8,False,,DEEP_PIT_SHADOW
9922,750,-102.52,-16.04,True,40.54,DEEP_PIT_SHADOW
9923,750,-103.76,-19.99,False,,DEEP_PIT_SHADOW
9924,750,-109.78,-18.01,False,,DEEP_PIT_SHADOW
9925,750,-106.97,-19.74,False,,DEEP_PIT_SHADOW
9926,750,-107.29,-17.92,False,,DEEP_PIT_SHADOW
9927,750,-98.44,-18.18,False,,DEEP_PIT_SHADOW
9928,750,-100.32,-19.43,False,,DEEP_PIT_SHADOW
9929,750,-108.09,-22.42,False,,DEEP_PIT_SHADOW
9930,750,-103.3,-20.73,False,,DEEP_PIT_SHADOW
9931,750,-110.28,-18.38,False,,DEEP_PIT_SHADOW
9932,750,-106.43,-18.09,False,,DEEP_PIT_SHADOW
9933,750,-109.01,-18.81,False,,DEEP_PIT_SHADOW
9934,750,-105.35,-17.03,False,,DEEP_PIT_SHADOW
9935,750,-104.82,-23.2,False,,DEEP_PIT_SHADOW
9936,750,-101.22,-19.48,False,,DEEP_PIT_SHADOW
9937,750,-102.64,-20.94,False,,DEEP_PIT_SHADOW
9938,750,-106.23,-21.06,False,,DEEP_PIT_SHADOW
9939,750,-110.75,-17.39,False,,DEEP_PIT_SHADOW
9940,750,-109.36,-18.93,False,,DEEP_PIT_SHADOW
9941,750,-104.27,-22.5,False,,DEEP_PIT_SHADOW
9942,750,-104.21,-18.25,False,,DEEP_PIT_SHADOW
9943,750,-103.91,-21.52,False,,DEEP_PIT_SHADOW
9944,750,-105.22,-22.07,False,,DEEP_PIT_SHADOW
9945,750,-99.31,-19.44,False,,DEEP_PIT_SHADOW
9946,750,-102.91,-21.55,False,,DEEP_PIT_SHADOW
9947,750,-98.81,-19.89,False,,DEEP_PIT_SHADOW
9948,750,-100.44,-16.53,False,,DEEP_PIT_SHADOW
9949,750,-102.84,-21.22,False,,DEEP_PIT_SHADOW
9950,750,-103.12,-21.24,False,,DEEP_PIT_SHADOW
9951,750,-105.81,-19.84,False,,DEEP_PIT_SHADOW
9952,750,-104.73,-15.38,False,,DEEP_PIT_SHADOW
9953,750,-104.73,-19.83,False,,DEEP_PIT_SHADOW
9954,750,-110.83,-21.57,False,,DEEP_PIT_SHADOW
9955,750,-110.01,-18.77,False,,DEEP_PIT_SHADOW
9956,750,-104.97,-20.3,False,,DEEP_PIT_SHADOW
9957,750,-106.25,-23.63,False,,DEEP_PIT_SHADOW
9958,750,-106.45,-20.95,False,,DEEP_PIT_SHADOW
9959,750,-106.07,-20.67,False,,DEEP_PIT_SHADOW
9960,750,-105.37,-19.46,False,,DEEP_PIT_SHADOW
9961,750,-101.37,-19.86,False,,DEEP_PIT_SHADOW
9962,750,-102.81,-20.8,False,,DEEP_PIT_SHADOW
9963,750,-100.77,-20.84,False,,DEEP_PIT_SHADOW
9964,750,-106.64,-14.91,False,,DEEP_PIT_SHADOW
9965,750,-103.56,-24.94,False,,DEEP_PIT_SHADOW
9966,750,-111.54,-23.83,False,,DEEP_PIT_SHADOW
9967,750,-104.28,-18.16,False,,DEEP_PIT_SHADOW
9968,750,-114.19,-16.56,False,,DEEP_PIT_SHADOW
9969,750,-107.85,-21.92,False,,DEEP_PIT_SHADOW
9970,750,-104.98,-19.57,False,,DEEP_PIT_SHADOW
9971,750,-103.15,-19.66,False,,DEEP_PIT_SHADOW
9972,750,-101.13,-20.63,False,,DEEP_PIT_SHADOW
9973,750,-102.7,-18.17,False,,DEEP_PIT_SHADOW
9974,750,-97.98,-20.1,False,,DEEP_PIT_SHADOW
9975,750,-103.61,-19.47,False,,DEEP_PIT_SHADOW
9976,750,-107.98,-20.34,False,,DEEP_PIT_SHADOW
9977,750,-103.94,-19.31,False,,DEEP_PIT_SHADOW
9978,750,-106.95,-17.37,False,,DEEP_PIT_SHADOW
9979,750,-104.6,-22.67,False,,DEEP_PIT_SHADOW
9980,750,-102.31,-20.3,False,,DEEP_PIT_SHADOW
9981,750,-98.25,-17.68,False,,DEEP_PIT_SHADOW
9982,750,-108.4,-20.72,False,,DEEP_PIT_SHADOW
9983,750,-109.46,-19.31,False,,DEEP_PIT_SHADOW
9984,750,-102.61,-22.2,False,,DEEP_PIT_SHADOW
9985,750,-99.28,-20.59,False,,DEEP_PIT_SHADOW
9986,750,-110.56,-22.2,False,,DEEP_PIT_SHADOW
9987,750,-103.16,-21.56,False,,DEEP_PIT_SHADOW
9988,750,-105.25,-16.85,False,,DEEP_PIT_SHADOW
9989,750,-104.62,-16.39,False,,DEEP_PIT_SHADOW
9990,750,-116.05,-19.19,False,,DEEP_PIT_SHADOW
9991,750,-107.39,-19.97,False,,DEEP_PIT_SHADOW
9992,750,-103.69,-20.99,False,,DEEP_PIT_SHADOW
9993,750,-101.71,-16.65,False,,DEEP_PIT_SHADOW
9994,750,-102.6,-22.48,False,,DEEP_PIT_SHADOW
9995,750,-103.9,-19.46,False,,DEEP_PIT_SHADOW
9996,750,-110.81,-22.24,False,,DEEP_PIT_SHADOW
9997,750,-98.32,-22.35,False,,DEEP_PIT_SHADOW
9998,750,-106.65,-18.65,False,,DEEP_PIT_SHADOW
9999,750,-108.86,-18.63,False,,DEEP_PIT_SHADOW
10000,750,-103.18,-20.26,False,,DEEP_PIT_SHADOW
