timestamp,scenario,road1_visibility,road1_friction,road1_capacity,road1_queue,road2_visibility,road2_friction,road2_capacity,road2_queue,shovel_queue,crusher_queue,bottleneck_score_shovel,bottleneck_score_crusher,shaping_active,shovel_delay_s,truck1_speed,truck1_pos,truck1_state,truck1_v_safe,truck1_v_command,truck1_is_loaded,tonnes_hauled
0.0,clear,50.00,0.60,1486.33,0,50.00,0.60,1427.68,0,4,0,6.00,6.00,0,240.0,0.00,0.00,queued,0.00,0.00,0,0.0
1.0,clear,50.00,0.60,1486.33,0,50.00,0.60,1427.68,0,4,0,6.00,6.00,0,240.0,0.00,0.00,queued,0.00,0.00,0,0.0
2.0,clear,50.00,0.60,1486.33,0,50.00,0.60,1427.68,0,4,0,6.00,6.00,0,240.0,0.00,0.00,queued,0.00,0.00,0,0.0
3.0,clear,50.00,0.60,1486.33,0,50.00,0.60,1427.68,0,4,0,6.00,6.00,0,240.0,0.00,0.00,queued,0.00,0.00,0,0.0
4.0,clear,50.00,0.60,1486.33,0,50.00,0.60,1427.68,0,4,0,6.00,6.00,0,240.0,0.00,0.00,queued,0.00,0.00,0,0.0
5.0,clear,50.00,0.60,1486.33,0,50.00,0.60,1427.68,0,4,0,6.00,6.00,0,240.0,0.00,0.00,queued,0.00,0.00,0,0.0
6.0,clear,50.00,0.60,1486.33,0,50.00,0.60,1427.68,0,4,0,6.00,6.00,0,240.0,0.00,0.00,queued,0.00,0.00,0,0.0
7.0,clear,50.00,0.60,1486.33,0,50.00,0.60,1427.68,0,4,0,6.00,6.00,0,240.0,0.00,0.00,queued,0.00,0.00,0,0.0
8.0,clear,50.00,0.60,1486.33,0,50.00,0.60,1427.68,0,4,0,6.00,6.00,0,240.0,0.00,0.00,queued,0.00,0.00,0,0.0
9.0,clear,50.00,0.60,1486.33,0,50.00,0.60,1427.68,0,4,0,6.00,6.00,0,240.0,0.00,0.00,queued,0.00,0.00,0,0.0
10.0,clear,50.00,0.60,1486.33,0,50.00,0.60,1427.68,0,4,0,6.00,6.00,0,240.0,0.00,0.00,queued,0.00,0.00,0,0.0
11.0,clear,50.00,0.60,1486.33,0,50.00,0.60,1427.68,0,4,0,6.00,6.00,0,240.0,0.00,0.00,queued,0.00,0.00,0,0.0
12.0,clear,50.00,0.60,1486.33,0,50.00,0.60,1427.68,0,4,0,6.00,6.00,0,240.0,0.00,0.00,queued,0.00,0.00,0,0.0
13.0,clear,50.00,0.60,1486.33,0,50.00,0.60,1427.68,0,4,0,6.00,6.00,0,240.0,0.00,0.00,queued,0.00,0.00,0,0.0
14.0,clear,50.00,0.60,1486.33,0,50.00,0.60,1427.68,0,4,0,6.00,6.00,0,240.0,0.00,0.00,queued,0.00,0.00,0,0.0
15.0,clear,50.00,0.60,1486.33,0,50.00,0.60,1427.68,0,4,0,6.00,6.00,0,240.0,0.00,0.00,queued,0.00,0.00,0,0.0
16.0,clear,50.00,0.60,1486.33,0,50.00,0.60,1427.68,0,4,0,6.00,6.00,0,240.0,0.00,0.00,queued,0.00,0.00,0,0.0
17.0,clear,50.00,0.60,1486.33,0,50.00,0.60,1427.68,0,4,0,6.00,6.00,0,240.0,0.00,0.00,queued,0.00,0.00,0,0.0
18.0,clear,50.00,0.60,1486.33,0,50.00,0.60,1427.68,0,4,0,6.00,6.00,0,240.0,0.00,0.00,queued,0.00,0.00,0,0.0
19.0,clear,50.00,0.60,1486.33,0,50.00,0.60,1427.68,0,4,0,6.00,6.00,0,240.0,0.00,0.00,queued,0.00,0.00,0,0.0
20.0,clear,50.00,0.60,1486.33,0,50.00,0.60,1427.68,0,4,0,6.00,6.00,0,240.0,0.00,0.00,queued,0.00,0.00,0,0.0
21.0,clear,50.00,0.60,1486.33,0,50.00,0.60,1427.68,0,4,0,6.00,6.00,0,240.0,0.00,0.00,queued,0.00,0.00,0,0.0
22.0,clear,50.00,0.60,1486.33,0,50.00,0.60,1427.68,0,4,0,6.00,6.00,0,240.0,0.00,0.00,queued,0.00,0.00,0,0.0
23.0,clear,50.00,0.60,1486.33,0,50.00,0.60,1427.68,0,4,0,6.00,6.00,0,240.0,0.00,0.00,queued,0.00,0.00,0,0.0
24.0,clear,50.00,0.60,1486.33,0,50.00,0.60,1427.68,0,4,0,6.00,6.00,0,240.0,0.00,0.00,queued,0.00,0.00,0,0.0
25.0,clear,50.00,0.60,1486.33,0,50.00,0.60,1427.68,0,4,0,6.00,6.00,0,240.0,0.00,0.00,queued,0.00,0.00,0,0.0
26.0,clear,50.00,0.60,1486.33,0,50.00,0.60,1427.68,0,4,0,6.00,6.00,0,240.0,0.00,0.00,queued,0.00,0.00,0,0.0
27.0,clear,50.00,0.60,1486.33,0,50.00,0.60,1427.68,0,4,0,6.00,6.00,0,240.0,0.00,0.00,queued,0.00,0.00,0,0.0
28.0,clear,50.00,0.60,1486.33,0,50.00,0.60,1427.68,0,4,0,6.00,6.00,0,240.0,0.00,0.00,queued,0.00,0.00,0,0.0
29.0,clear,50.00,0.60,1486.33,0,50.00,0.60,1427.68,0,4,0,6.00,6.00,0,240.0,0.00,0.00,queued,0.00,0.00,0,0.0
30.0,clear,50.00,0.60,1486.33,0,50.00,0.60,1427.68,0,4,0,6.00,6.00,0,240.0,0.00,0.00,queued,0.00,0.00,0,0.0
31.0,clear,50.00,0.60,1486.33,0,50.00,0.60,1427.68,0,4,0,6.00,6.00,0,240.0,0.00,0.00,queued,0.00,0.00,0,0.0
32.0,clear,50.00,0.60,1486.33,0,50.00,0.60,1427.68,0,4,0,6.00,6.00,0,240.0,0.00,0.00,queued,0.00,0.00,0,0.0
33.0,clear,50.00,0.60,1486.33,0,50.00,0.60,1427.68,0,4,0,6.00,6.00,0,240.0,0.00,0.00,queued,0.00,0.00,0,0.0
34.0,clear,50.00,0.60,1486.33,0,50.00,0.60,1427.68,0,4,0,6.00,6.00,0,240.0,0.00,0.00,queued,0.00,0.00,0,0.0
35.0,clear,50.00,0.60,1486.33,0,50.00,0.60,1427.68,0,4,0,6.00,6.00,0,240.0,0.00,0.00,queued,0.00,0.00,0,0.0
36.0,clear,50.00,0.60,1486.33,0,50.00,0.60,1427.68,0,4,0,6.00,6.00,0,240.0,0.00,0.00,queued,0.00,0.00,0,0.0
37.0,clear,50.00,0.60,1486.33,0,50.00,0.60,1427.68,0,4,0,6.00,6.00,0,240.0,0.00,0.00,queued,0.00,0.00,0,0.0
38.0,clear,50.00,0.60,1486.33,0,50.00,0.60,1427.68,0,4,0,6.00,6.00,0,240.0,0.00,0.00,queued,0.00,0.00,0,0.0
39.0,clear,50.00,0.60,1486.33,0,50.00,0.60,1427.68,0,4,0,6.00,6.00,0,240.0,0.00,0.00,queued,0.00,0.00,0,0.0
40.0,clear,50.00,0.60,1486.33,0,50.00,0.60,1427.68,0,4,0,6.00,6.00,0,240.0,0.00,0.00,queued,0.00,0.00,0,0.0
41.0,clear,50.00,0.60,1486.33,0,50.00,0.60,1427.68,0,4,0,6.00,6.00,0,240.0,0.00,0.00,queued,0.00,0.00,0,0.0
42.0,clear,50.00,0.60,1486.33,0,50.00,0.60,1427.68,0,4,0,6.00,6.00,0,240.0,0.00,0.00,queued,0.00,0.00,0,0.0
43.0,clear,50.00,0.60,1486.33,0,50.00,0.60,1427.68,0,4,0,6.00,6.00,0,240.0,0.00,0.00,queued,0.00,0.00,0,0.0
44.0,clear,50.00,0.60,1486.33,0,50.00,0.60,1427.68,0,4,0,6.00,6.00,0,240.0,0.00,0.00,queued,0.00,0.00,0,0.0
45.0,clear,50.00,0.60,1486.33,0,50.00,0.60,1427.68,0,4,0,6.00,6.00,0,240.0,0.00,0.00,queued,0.00,0.00,0,0.0
46.0,clear,50.00,0.60,1486.33,0,50.00,0.60,1427.68,0,4,0,6.00,6.00,0,240.0,0.00,0.00,queued,0.00,0.00,0,0.0
47.0,clear,50.00,0.60,1486.33,0,50.00,0.60,1427.68,0,4,0,6.00,6.00,0,240.0,0.00,0.00,queued,0.00,0.00,0,0.0
48.0,clear,50.00,0.60,1486.33,0,50.00,0.60,1427.68,0,4,0,6.00,6.00,0,240.0,0.00,0.00,queued,0.00,0.00,0,0.0
49.0,clear,50.00,0.60,1486.33,0,50.00,0.60,1427.68,0,4,0,6.00,6.00,0,240.0,0.00,0.00,queued,0.00,0.00,0,0.0
50.0,clear,50.00,0.60,1486.33,0,50.00,0.60,1427.68,0,4,0,6.00,6.00,0,240.0,0.00,0.00,queued,0.00,0.00,0,0.0
51.0,clear,50.00,0.60,1486.33,0,50.00,0.60,1427.68,0,4,0,6.00,6.00,0,240.0,0.00,0.00,queued,0.00,0.00,0,0.0
52.0,clear,50.00,0.60,1486.33,0,50.00,0.60,1427.68,0,4,0,6.00,6.00,0,240.0,0.00,0.00,queued,0.00,0.00,0,0.0
53.0,clear,50.00,0.60,1486.33,0,50.00,0.60,1427.68,0,4,0,6.00,6.00,0,240.0,0.00,0.00,queued,0.00,0.00,0,0.0
54.0,clear,50.00,0.60,1486.33,0,50.00,0.60,1427.68,0,4,0,6.00,6.00,0,240.0,0.00,0.00,queued,0.00,0.00,0,0.0
55.0,clear,50.00,0.60,1486.33,0,50.00,0.60,1427.68,0,4,0,6.00,6.00,0,240.0,0.00,0.00,queued,0.00,0.00,0,0.0
56.0,clear,50.00,0.60,1486.33,0,50.00,0.60,1427.68,0,4,0,6.00,6.00,0,240.0,0.00,0.00,queued,0.00,0.00,0,0.0
57.0,clear,50.00,0.60,1486.33,0,50.00,0.60,1427.68,0,4,0,6.00,6.00,0,240.0,0.00,0.00,queued,0.00,0.00,0,0.0
58.0,clear,50.00,0.60,1486.33,0,50.00,0.60,1427.68,0,4,0,6.00,6.00,0,240.0,0.00,0.00,queued,0.00,0.00,0,0.0
59.0,clear,50.00,0.60,1486.33,0,50.00,0.60,1427.68,0,4,0,6.00,6.00,0,240.0,0.00,0.00,queued,0.00,0.00,0,0.0
60.0,clear,50.00,0.60,1486.33,0,50.00,0.60,1427.68,0,4,0,6.00,6.00,0,240.0,0.00,0.00,queued,0.00,0.00,0,0.0
61.0,clear,50.00,0.60,1486.33,0,50.00,0.60,1427.68,0,4,0,6.00,6.00,0,240.0,0.00,0.00,queued,0.00,0.00,0,0.0
62.0,clear,50.00,0.60,1486.33,0,50.00,0.60,1427.68,0,4,0,6.00,6.00,0,240.0,0.00,0.00,queued,0.00,0.00,0,0.0
63.0,clear,50.00,0.60,1486.33,0,50.00,0.60,1427.68,0,4,0,6.00,6.00,0,240.0,0.00,0.00,queued,0.00,0.00,0,0.0
64.0,clear,50.00,0.60,1486.33,0,50.00,0.60,1427.68,0,4,0,6.00,6.00,0,240.0,0.00,0.00,queued,0.00,0.00,0,0.0
65.0,clear,50.00,0.60,1486.33,0,50.00,0.60,1427.68,0,4,0,6.00,6.00,0,240.0,0.00,0.00,queued,0.00,0.00,0,0.0
66.0,clear,50.00,0.60,1486.33,0,50.00,0.60,1427.68,0,4,0,6.00,6.00,0,240.0,0.00,0.00,queued,0.00,0.00,0,0.0
67.0,clear,50.00,0.60,1486.33,0,50.00,0.60,1427.68,0,4,0,6.00,6.00,0,240.0,0.00,0.00,queued,0.00,0.00,0,0.0
68.0,clear,50.00,0.60,1486.33,0,50.00,0.60,1427.68,0,4,0,6.00,6.00,0,240.0,0.00,0.00,queued,0.00,0.00,0,0.0
69.0,clear,50.00,0.60,1486.33,0,50.00,0.60,1427.68,0,4,0,6.00,6.00,0,240.0,0.00,0.00,queued,0.00,0.00,0,0.0
70.0,clear,50.00,0.60,1486.33,0,50.00,0.60,1427.68,0,4,0,6.00,6.00,0,240.0,0.00,0.00,queued,0.00,0.00,0,0.0
71.0,clear,50.00,0.60,1486.33,0,50.00,0.60,1427.68,0,4,0,6.00,6.00,0,240.0,0.00,0.00,queued,0.00,0.00,0,0.0
72.0,clear,50.00,0.60,1486.33,0,50.00,0.60,1427.68,0,4,0,6.00,6.00,0,240.0,0.00,0.00,queued,0.00,0.00,0,0.0
73.0,clear,50.00,0.60,1486.33,0,50.00,0.60,1427.68,0,4,0,6.00,6.00,0,240.0,0.00,0.00,queued,0.00,0.00,0,0.0
74.0,clear,50.00,0.60,1486.33,0,50.00,0.60,1427.68,0,4,0,6.00,6.00,0,240.0,0.00,0.00,queued,0.00,0.00,0,0.0
75.0,clear,50.00,0.60,1486.33,0,50.00,0.60,1427.68,0,4,0,6.00,6.00,0,240.0,0.00,0.00,queued,0.00,0.00,0,0.0
76.0,clear,50.00,0.60,1486.33,0,50.00,0.60,1427.68,0,4,0,6.00,6.00,0,240.0,0.00,0.00,queued,0.00,0.00,0,0.0
77.0,clear,50.00,0.60,1486.33,0,50.00,0.60,1427.68,0,4,0,6.00,6.00,0,240.0,0.00,0.00,queued,0.00,0.00,0,0.0
78.0,clear,50.00,0.60,1486.33,0,50.00,0.60,1427.68,0,4,0,6.00,6.00,0,240.0,0.00,0.00,queued,0.00,0.00,0,0.0
79.0,clear,50.00,0.60,1486.33,0,50.00,0.60,1427.68,0,4,0,6.00,6.00,0,240.0,0.00,0.00,queued,0.00,0.00,0,0.0
80.0,clear,50.00,0.60,1486.33,0,50.00,0.60,1427.68,0,4,0,6.00,6.00,0,240.0,0.00,0.00,queued,0.00,0.00,0,0.0
81.0,clear,50.00,0.60,1486.33,0,50.00,0.60,1427.68,0,4,0,6.00,6.00,0,240.0,0.00,0.00,queued,0.00,0.00,0,0.0
82.0,clear,50.00,0.60,1486.33,0,50.00,0.60,1427.68,0,4,0,6.00,6.00,0,240.0,0.00,0.00,queued,0.00,0.00,0,0.0
83.0,clear,50.00,0.60,1486.33,0,50.00,0.60,1427.68,0,4,0,6.00,6.00,0,240.0,0.00,0.00,queued,0.00,0.00,0,0.0
84.0,clear,50.00,0.60,1486.33,0,50.00,0.60,1427.68,0,4,0,6.00,6.00,0,240.0,0.00,0.00,queued,0.00,0.00,0,0.0
85.0,clear,50.00,0.60,1486.33,0,50.00,0.60,1427.68,0,4,0,6.00,6.00,0,240.0,0.00,0.00,queued,0.00,0.00,0,0.0
86.0,clear,50.00,0.60,1486.33,0,50.00,0.60,1427.68,0,4,0,6.00,6.00,0,240.0,0.00,0.00,queued,0.00,0.00,0,0.0
87.0,clear,50.00,0.60,1486.33,0,50.00,0.60,1427.68,0,4,0,6.00,6.00,0,240.0,0.00,0.00,queued,0.00,0.00,0,0.0
88.0,clear,50.00,0.60,1486.33,0,50.00,0.60,1427.68,0,4,0,6.00,6.00,0,240.0,0.00,0.00,queued,0.00,0.00,0,0.0
89.0,clear,50.00,0.60,1486.33,0,50.00,0.60,1427.68,0,4,0,6.00,6.00,0,240.0,0.00,0.00,queued,0.00,0.00,0,0.0
90.0,clear,50.00,0.60,1486.33,0,50.00,0.60,1427.68,0,4,0,6.00,6.00,0,240.0,0.00,0.00,queued,0.00,0.00,0,0.0
91.0,clear,50.00,0.60,1486.33,0,50.00,0.60,1427.68,0,4,0,6.00,6.00,0,240.0,0.00,0.00,queued,0.00,0.00,0,0.0
92.0,clear,50.00,0.60,1486.33,0,50.00,0.60,1427.68,0,4,0,6.00,6.00,0,240.0,0.00,0.00,queued,0.00,0.00,0,0.0
93.0,clear,50.00,0.60,1486.33,0,50.00,0.60,1427.68,0,4,0,6.00,6.00,0,240.0,0.00,0.00,queued,0.00,0.00,0,0.0
94.0,clear,50.00,0.60,1486.33,0,50.00,0.60,1427.68,0,4,0,6.00,6.00,0,240.0,0.00,0.00,queued,0.00,0.00,0,0.0
95.0,clear,50.00,0.60,1486.33,0,50.00,0.60,1427.68,0,4,0,6.00,6.00,0,240.0,0.00,0.00,queued,0.00,0.00,0,0.0
96.0,clear,50.00,0.60,1486.33,0,50.00,0.60,1427.68,0,4,0,6.00,6.00,0,240.0,0.00,0.00,queued,0.00,0.00,0,0.0
97.0,clear,50.00,0.60,1486.33,0,50.00,0.60,1427.68,0,4,0,6.00,6.00,0,240.0,0.00,0.00,queued,0.00,0.00,0,0.0
98.0,clear,50.00,0.60,1486.33,0,50.00,0.60,1427.68,0,4,0,6.00,6.00,0,240.0,0.00,0.00,queued,0.00,0.00,0,0.0
99.0,clear,50.00,0.60,1486.33,0,50.00,0.60,1427.68,0,4,0,6.00,6.00,0,240.0,0.00,0.00,queued,0.00,0.00,0,0.0
100.0,clear,50.00,0.60,1486.33,0,50.00,0.60,1427.68,0,4,0,6.00,6.00,0,240.0,0.00,0.00,queued,0.00,0.00,0,0.0
101.0,clear,50.00,0.60,1486.33,0,50.00,0.60,1427.68,0,4,0,6.00,6.00,0,240.0,0.00,0.00,queued,0.00,0.00,0,0.0
102.0,clear,50.00,0.60,1486.33,0,50.00,0.60,1427.68,0,4,0,6.00,6.00,0,240.0,0.00,0.00,queued,0.00,0.00,0,0.0
103.0,clear,50.00,0.60,1486.33,0,50.00,0.60,1427.68,0,4,0,6.00,6.00,0,240.0,0.00,0.00,queued,0.00,0.00,0,0.0
104.0,clear,50.00,0.60,1486.33,0,50.00,0.60,1427.68,0,4,0,6.00,6.00,0,240.0,0.00,0.00,queued,0.00,0.00,0,0.0
105.0,clear,50.00,0.60,1486.33,0,50.00,0.60,1427.68,0,4,0,6.00,6.00,0,240.0,0.00,0.00,queued,0.00,0.00,0,0.0
106.0,clear,50.00,0.60,1486.33,0,50.00,0.60,1427.68,0,4,0,6.00,6.00,0,240.0,0.00,0.00,queued,0.00,0.00,0,0.0
107.0,clear,50.00,0.60,1486.33,0,50.00,0.60,1427.68,0,4,0,6.00,6.00,0,240.0,0.00,0.00,queued,0.00,0.00,0,0.0
108.0,clear,50.00,0.60,1486.33,0,50.00,0.60,1427.68,0,4,0,6.00,6.00,0,240.0,0.00,0.00,queued,0.00,0.00,0,0.0
109.0,clear,50.00,0.60,1486.33,0,50.00,0.60,1427.68,0,4,0,6.00,6.00,0,240.0,0.00,0.00,queued,0.00,0.00,0,0.0
110.0,clear,50.00,0.60,1486.33,0,50.00,0.60,1427.68,0,4,0,6.00,6.00,0,240.0,0.00,0.00,queued,0.00,0.00,0,0.0
111.0,clear,50.00,0.60,1486.33,0,50.00,0.60,1427.68,0,4,0,6.00,6.00,0,240.0,0.00,0.00,queued,0.00,0.00,0,0.0
112.0,clear,50.00,0.60,1486.33,0,50.00,0.60,1427.68,0,4,0,6.00,6.00,0,240.0,0.00,0.00,queued,0.00,0.00,0,0.0
113.0,clear,50.00,0.60,1486.33,0,50.00,0.60,1427.68,0,4,0,6.00,6.00,0,240.0,0.00,0.00,queued,0.00,0.00,0,0.0
114.0,clear,50.00,0.60,1486.33,0,50.00,0.60,1427.68,0,4,0,6.00,6.00,0,240.0,0.00,0.00,queued,0.00,0.00,0,0.0
115.0,clear,50.00,0.60,1486.33,0,50.00,0.60,1427.68,0,4,0,6.00,6.00,0,240.0,0.00,0.00,queued,0.00,0.00,0,0.0
116.0,clear,50.00,0.60,1486.33,0,50.00,0.60,1427.68,0,4,0,6.00,6.00,0,240.0,0.00,0.00,queued,0.00,0.00,0,0.0
117.0,clear,50.00,0.60,1486.33,0,50.00,0.60,1427.68,0,4,0,6.00,6.00,0,240.0,0.00,0.00,queued,0.00,0.00,0,0.0
118.0,clear,50.00,0.60,1486.33,0,50.00,0.60,1427.68,0,4,0,6.00,6.00,0,240.0,0.00,0.00,queued,0.00,0.00,0,0.0
119.0,clear,50.00,0.60,1486.33,0,50.00,0.60,1427.68,0,4,0,6.00,6.00,0,240.0,0.00,0.00,queued,0.00,0.00,0,0.0
120.0,clear,50.00,0.60,1486.33,0,50.00,0.60,1427.68,0,4,0,6.00,6.00,0,240.0,0.00,0.00,queued,0.00,0.00,0,0.0
121.0,clear,50.00,0.60,1486.33,0,50.00,0.60,1427.68,0,4,0,6.00,6.00,0,240.0,0.00,0.00,queued,0.00,0.00,0,0.0
122.0,clear,50.00,0.60,1486.33,0,50.00,0.60,1427.68,0,4,0,6.00,6.00,0,240.0,0.00,0.00,queued,0.00,0.00,0,0.0
123.0,clear,50.00,0.60,1486.33,0,50.00,0.60,1427.68,0,4,0,6.00,6.00,0,240.0,0.00,0.00,queued,0.00,0.00,0,0.0
124.0,clear,50.00,0.60,1486.33,0,50.00,0.60,1427.68,0,4,0,6.00,6.00,0,240.0,0.00,0.00,queued,0.00,0.00,0,0.0
125.0,clear,50.00,0.60,1486.33,0,50.00,0.60,1427.68,0,4,0,6.00,6.00,0,240.0,0.00,0.00,queued,0.00,0.00,0,0.0
126.0,clear,50.00,0.60,1486.33,0,50.00,0.60,1427.68,0,4,0,6.00,6.00,0,240.0,0.00,0.00,queued,0.00,0.00,0,0.0
127.0,clear,50.00,0.60,1486.33,0,50.00,0.60,1427.68,0,4,0,6.00,6.00,0,240.0,0.00,0.00,queued,0.00,0.00,0,0.0
128.0,clear,50.00,0.60,1486.33,0,50.00,0.60,1427.68,0,4,0,6.00,6.00,0,240.0,0.00,0.00,queued,0.00,0.00,0,0.0
129.0,clear,50.00,0.60,1486.33,0,50.00,0.60,1427.68,0,4,0,6.00,6.00,0,240.0,0.00,0.00,queued,0.00,0.00,0,0.0
130.0,clear,50.00,0.60,1486.33,0,50.00,0.60,1427.68,0,4,0,6.00,6.00,0,240.0,0.00,0.00,queued,0.00,0.00,0,0.0
131.0,clear,50.00,0.60,1486.33,0,50.00,0.60,1427.68,0,4,0,6.00,6.00,0,240.0,0.00,0.00,queued,0.00,0.00,0,0.0
132.0,clear,50.00,0.60,1486.33,0,50.00,0.60,1427.68,0,4,0,6.00,6.00,0,240.0,0.00,0.00,queued,0.00,0.00,0,0.0
133.0,clear,50.00,0.60,1486.33,0,50.00,0.60,1427.68,0,4,0,6.00,6.00,0,240.0,0.00,0.00,queued,0.00,0.00,0,0.0
134.0,clear,50.00,0.60,1486.33,0,50.00,0.60,1427.68,0,4,0,6.00,6.00,0,240.0,0.00,0.00,queued,0.00,0.00,0,0.0
135.0,clear,50.00,0.60,1486.33,0,50.00,0.60,1427.68,0,4,0,6.00,6.00,0,240.0,0.00,0.00,queued,0.00,0.00,0,0.0
136.0,clear,50.00,0.60,1486.33,0,50.00,0.60,1427.68,0,4,0,6.00,6.00,0,240.0,0.00,0.00,queued,0.00,0.00,0,0.0
137.0,clear,50.00,0.60,1486.33,0,50.00,0.60,1427.68,0,4,0,6.00,6.00,0,240.0,0.00,0.00,queued,0.00,0.00,0,0.0
138.0,clear,50.00,0.60,1486.33,0,50.00,0.60,1427.68,0,4,0,6.00,6.00,0,240.0,0.00,0.00,queued,0.00,0.00,0,0.0
139.0,clear,50.00,0.60,1486.33,0,50.00,0.60,1427.68,0,4,0,6.00,6.00,0,240.0,0.00,0.00,queued,0.00,0.00,0,0.0
140.0,clear,50.00,0.60,1486.33,0,50.00,0.60,1427.68,0,4,0,6.00,6.00,0,240.0,0.00,0.00,queued,0.00,0.00,0,0.0
141.0,clear,50.00,0.60,1486.33,0,50.00,0.60,1427.68,0,4,0,6.00,6.00,0,240.0,0.00,0.00,queued,0.00,0.00,0,0.0
142.0,clear,50.00,0.60,1486.33,0,50.00,0.60,1427.68,0,4,0,6.00,6.00,0,240.0,0.00,0.00,queued,0.00,0.00,0,0.0
143.0,clear,50.00,0.60,1486.33,0,50.00,0.60,1427.68,0,4,0,6.00,6.00,0,240.0,0.00,0.00,queued,0.00,0.00,0,0.0
144.0,clear,50.00,0.60,1486.33,0,50.00,0.60,1427.68,0,4,0,6.00,6.00,0,240.0,0.00,0.00,queued,0.00,0.00,0,0.0
145.0,clear,50.00,0.60,1486.33,0,50.00,0.60,1427.68,0,4,0,6.00,6.00,0,240.0,0.00,0.00,queued,0.00,0.00,0,0.0
146.0,clear,50.00,0.60,1486.33,0,50.00,0.60,1427.68,0,4,0,6.00,6.00,0,240.0,0.00,0.00,queued,0.00,0.00,0,0.0
147.0,clear,50.00,0.60,1486.33,0,50.00,0.60,1427.68,0,4,0,6.00,6.00,0,240.0,0.00,0.00,queued,0.00,0.00,0,0.0
148.0,clear,50.00,0.60,1486.33,0,50.00,0.60,1427.68,0,4,0,6.00,6.00,0,240.0,0.00,0.00,queued,0.00,0.00,0,0.0
149.0,clear,50.00,0.60,1486.33,0,50.00,0.60,1427.68,0,4,0,6.00,6.00,0,240.0,0.00,0.00,queued,0.00,0.00,0,0.0
150.0,clear,50.00,0.60,1486.33,0,50.00,0.60,1427.68,0,4,0,6.00,6.00,0,240.0,0.00,0.00,queued,0.00,0.00,0,0.0
151.0,clear,50.00,0.60,1486.33,0,50.00,0.60,1427.68,0,4,0,6.00,6.00,0,240.0,0.00,0.00,queued,0.00,0.00,0,0.0
152.0,clear,50.00,0.60,1486.33,0,50.00,0.60,1427.68,0,4,0,6.00,6.00,0,240.0,0.00,0.00,queued,0.00,0.00,0,0.0
153.0,clear,50.00,0.60,1486.33,0,50.00,0.60,1427.68,0,4,0,6.00,6.00,0,240.0,0.00,0.00,queued,0.00,0.00,0,0.0
154.0,clear,50.00,0.60,1486.33,0,50.00,0.60,1427.68,0,4,0,6.00,6.00,0,240.0,0.00,0.00,queued,0.00,0.00,0,0.0
155.0,clear,50.00,0.60,1486.33,0,50.00,0.60,1427.68,0,4,0,6.00,6.00,0,240.0,0.00,0.00,queued,0.00,0.00,0,0.0
156.0,clear,50.00,0.60,1486.33,0,50.00,0.60,1427.68,0,4,0,6.00,6.00,0,240.0,0.00,0.00,queued,0.00,0.00,0,0.0
157.0,clear,50.00,0.60,1486.33,0,50.00,0.60,1427.68,0,4,0,6.00,6.00,0,240.0,0.00,0.00,queued,0.00,0.00,0,0.0
158.0,clear,50.00,0.60,1486.33,0,50.00,0.60,1427.68,0,4,0,6.00,6.00,0,240.0,0.00,0.00,queued,0.00,0.00,0,0.0
159.0,clear,50.00,0.60,1486.33,0,50.00,0.60,1427.68,0,4,0,6.00,6.00,0,240.0,0.00,0.00,queued,0.00,0.00,0,0.0
160.0,clear,50.00,0.60,1486.33,0,50.00,0.60,1427.68,0,4,0,6.00,6.00,0,240.0,0.00,0.00,queued,0.00,0.00,0,0.0
161.0,clear,50.00,0.60,1486.33,0,50.00,0.60,1427.68,0,4,0,6.00,6.00,0,240.0,0.00,0.00,queued,0.00,0.00,0,0.0
162.0,clear,50.00,0.60,1486.33,0,50.00,0.60,1427.68,0,4,0,6.00,6.00,0,240.0,0.00,0.00,queued,0.00,0.00,0,0.0
163.0,clear,50.00,0.60,1486.33,0,50.00,0.60,1427.68,0,4,0,6.00,6.00,0,240.0,0.00,0.00,queued,0.00,0.00,0,0.0
164.0,clear,50.00,0.60,1486.33,0,50.00,0.60,1427.68,0,4,0,6.00,6.00,0,240.0,0.00,0.00,queued,0.00,0.00,0,0.0
165.0,clear,50.00,0.60,1486.33,0,50.00,0.60,1427.68,0,4,0,6.00,6.00,0,240.0,0.00,0.00,queued,0.00,0.00,0,0.0
166.0,clear,50.00,0.60,1486.33,0,50.00,0.60,1427.68,0,4,0,6.00,6.00,0,240.0,0.00,0.00,queued,0.00,0.00,0,0.0
167.0,clear,50.00,0.60,1486.33,0,50.00,0.60,1427.68,0,4,0,6.00,6.00,0,240.0,0.00,0.00,queued,0.00,0.00,0,0.0
168.0,clear,50.00,0.60,1486.33,0,50.00,0.60,1427.68,0,4,0,6.00,6.00,0,240.0,0.00,0.00,queued,0.00,0.00,0,0.0
169.0,clear,50.00,0.60,1486.33,0,50.00,0.60,1427.68,0,4,0,6.00,6.00,0,240.0,0.00,0.00,queued,0.00,0.00,0,0.0
170.0,clear,50.00,0.60,1486.33,0,50.00,0.60,1427.68,0,4,0,6.00,6.00,0,240.0,0.00,0.00,queued,0.00,0.00,0,0.0
171.0,clear,50.00,0.60,1486.33,0,50.00,0.60,1427.68,0,4,0,6.00,6.00,0,240.0,0.00,0.00,queued,0.00,0.00,0,0.0
172.0,clear,50.00,0.60,1486.33,0,50.00,0.60,1427.68,0,4,0,6.00,6.00,0,240.0,0.00,0.00,queued,0.00,0.00,0,0.0
173.0,clear,50.00,0.60,1486.33,0,50.00,0.60,1427.68,0,4,0,6.00,6.00,0,240.0,0.00,0.00,queued,0.00,0.00,0,0.0
174.0,clear,50.00,0.60,1486.33,0,50.00,0.60,1427.68,0,4,0,6.00,6.00,0,240.0,0.00,0.00,queued,0.00,0.00,0,0.0
175.0,clear,50.00,0.60,1486.33,0,50.00,0.60,1427.68,0,4,0,6.00,6.00,0,240.0,0.00,0.00,queued,0.00,0.00,0,0.0
176.0,clear,50.00,0.60,1486.33,0,50.00,0.60,1427.68,0,4,0,6.00,6.00,0,240.0,0.00,0.00,queued,0.00,0.00,0,0.0
177.0,clear,50.00,0.60,1486.33,0,50.00,0.60,1427.68,0,4,0,6.00,6.00,0,240.0,0.00,0.00,queued,0.00,0.00,0,0.0
178.0,clear,50.00,0.60,1486.33,0,50.00,0.60,1427.68,0,4,0,6.00,6.00,0,240.0,0.00,0.00,queued,0.00,0.00,0,0.0
179.0,clear,50.00,0.60,1486.33,0,50.00,0.60,1427.68,0,4,0,6.00,6.00,0,240.0,0.00,0.00,queued,0.00,0.00,0,0.0
180.0,clear,50.00,0.60,1486.33,0,50.00,0.60,1427.68,0,4,0,6.00,6.00,0,240.0,0.00,0.00,queued,0.00,0.00,0,0.0
181.0,clear,50.00,0.60,1486.33,0,50.00,0.60,1427.68,0,4,0,6.00,6.00,0,240.0,0.00,0.00,queued,0.00,0.00,0,0.0
182.0,clear,50.00,0.60,1486.33,0,50.00,0.60,1427.68,0,4,0,6.00,6.00,0,240.0,0.00,0.00,queued,0.00,0.00,0,0.0
183.0,clear,50.00,0.60,1486.33,0,50.00,0.60,1427.68,0,4,0,6.00,6.00,0,240.0,0.00,0.00,queued,0.00,0.00,0,0.0
184.0,clear,50.00,0.60,1486.33,0,50.00,0.60,1427.68,0,4,0,6.00,6.00,0,240.0,0.00,0.00,queued,0.00,0.00,0,0.0
185.0,clear,50.00,0.60,1486.33,0,50.00,0.60,1427.68,0,4,0,6.00,6.00,0,240.0,0.00,0.00,queued,0.00,0.00,0,0.0
186.0,clear,50.00,0.60,1486.33,0,50.00,0.60,1427.68,0,4,0,6.00,6.00,0,240.0,0.00,0.00,queued,0.00,0.00,0,0.0
187.0,clear,50.00,0.60,1486.33,0,50.00,0.60,1427.68,0,4,0,6.00,6.00,0,240.0,0.00,0.00,queued,0.00,0.00,0,0.0
188.0,clear,50.00,0.60,1486.33,0,50.00,0.60,1427.68,0,4,0,6.00,6.00,0,240.0,0.00,0.00,queued,0.00,0.00,0,0.0
189.0,clear,50.00,0.60,1486.33,0,50.00,0.60,1427.68,0,4,0,6.00,6.00,0,240.0,0.00,0.00,queued,0.00,0.00,0,0.0
190.0,clear,50.00,0.60,1486.33,0,50.00,0.60,1427.68,0,4,0,6.00,6.00,0,240.0,0.00,0.00,queued,0.00,0.00,0,0.0
191.0,clear,50.00,0.60,1486.33,0,50.00,0.60,1427.68,0,4,0,6.00,6.00,0,240.0,0.00,0.00,queued,0.00,0.00,0,0.0
192.0,clear,50.00,0.60,1486.33,0,50.00,0.60,1427.68,0,4,0,6.00,6.00,0,240.0,0.00,0.00,queued,0.00,0.00,0,0.0
193.0,clear,50.00,0.60,1486.33,0,50.00,0.60,1427.68,0,4,0,6.00,6.00,0,240.0,0.00,0.00,queued,0.00,0.00,0,0.0
194.0,clear,50.00,0.60,1486.33,0,50.00,0.60,1427.68,0,4,0,6.00,6.00,0,240.0,0.00,0.00,queued,0.00,0.00,0,0.0
195.0,clear,50.00,0.60,1486.33,0,50.00,0.60,1427.68,0,4,0,6.00,6.00,0,240.0,0.00,0.00,queued,0.00,0.00,0,0.0
196.0,clear,50.00,0.60,1486.33,0,50.00,0.60,1427.68,0,4,0,6.00,6.00,0,240.0,0.00,0.00,queued,0.00,0.00,0,0.0
197.0,clear,50.00,0.60,1486.33,0,50.00,0.60,1427.68,0,4,0,6.00,6.00,0,240.0,0.00,0.00,queued,0.00,0.00,0,0.0
198.0,clear,50.00,0.60,1486.33,0,50.00,0.60,1427.68,0,4,0,6.00,6.00,0,240.0,0.00,0.00,queued,0.00,0.00,0,0.0
199.0,clear,50.00,0.60,1486.33,0,50.00,0.60,1427.68,0,4,0,6.00,6.00,0,240.0,0.00,0.00,queued,0.00,0.00,0,0.0
200.0,clear,50.00,0.60,1486.33,0,50.00,0.60,1427.68,0,4,0,6.00,6.00,0,240.0,0.00,0.00,queued,0.00,0.00,0,0.0
201.0,clear,50.00,0.60,1486.33,0,50.00,0.60,1427.68,0,4,0,6.00,6.00,0,240.0,0.00,0.00,queued,0.00,0.00,0,0.0
202.0,clear,50.00,0.60,1486.33,0,50.00,0.60,1427.68,0,4,0,6.00,6.00,0,240.0,0.00,0.00,queued,0.00,0.00,0,0.0
203.0,clear,50.00,0.60,1486.33,0,50.00,0.60,1427.68,0,4,0,6.00,6.00,0,240.0,0.00,0.00,queued,0.00,0.00,0,0.0
204.0,clear,50.00,0.60,1486.33,0,50.00,0.60,1427.68,0,4,0,6.00,6.00,0,240.0,0.00,0.00,queued,0.00,0.00,0,0.0
205.0,clear,50.00,0.60,1486.33,0,50.00,0.60,1427.68,0,4,0,6.00,6.00,0,240.0,0.00,0.00,queued,0.00,0.00,0,0.0
206.0,clear,50.00,0.60,1486.33,0,50.00,0.60,1427.68,0,4,0,6.00,6.00,0,240.0,0.00,0.00,queued,0.00,0.00,0,0.0
207.0,clear,50.00,0.60,1486.33,0,50.00,0.60,1427.68,0,4,0,6.00,6.00,0,240.0,0.00,0.00,queued,0.00,0.00,0,0.0
208.0,clear,50.00,0.60,1486.33,0,50.00,0.60,1427.68,0,4,0,6.00,6.00,0,240.0,0.00,0.00,queued,0.00,0.00,0,0.0
209.0,clear,50.00,0.60,1486.33,0,50.00,0.60,1427.68,0,4,0,6.00,6.00,0,240.0,0.00,0.00,queued,0.00,0.00,0,0.0
210.0,clear,50.00,0.60,1486.33,0,50.00,0.60,1427.68,0,4,0,6.00,6.00,0,240.0,0.00,0.00,queued,0.00,0.00,0,0.0
211.0,clear,50.00,0.60,1486.33,0,50.00,0.60,1427.68,0,4,0,6.00,6.00,0,240.0,0.00,0.00,queued,0.00,0.00,0,0.0
212.0,clear,50.00,0.60,1486.33,0,50.00,0.60,1427.68,0,4,0,6.00,6.00,0,240.0,0.00,0.00,queued,0.00,0.00,0,0.0
213.0,clear,50.00,0.60,1486.33,0,50.00,0.60,1427.68,0,4,0,6.00,6.00,0,240.0,0.00,0.00,queued,0.00,0.00,0,0.0
214.0,clear,50.00,0.60,1486.33,0,50.00,0.60,1427.68,0,4,0,6.00,6.00,0,240.0,0.00,0.00,queued,0.00,0.00,0,0.0
215.0,clear,50.00,0.60,1486.33,0,50.00,0.60,1427.68,0,4,0,6.00,6.00,0,240.0,0.00,0.00,queued,0.00,0.00,0,0.0
216.0,clear,50.00,0.60,1486.33,0,50.00,0.60,1427.68,0,4,0,6.00,6.00,0,240.0,0.00,0.00,queued,0.00,0.00,0,0.0
217.0,clear,50.00,0.60,1486.33,0,50.00,0.60,1427.68,0,4,0,6.00,6.00,0,240.0,0.00,0.00,queued,0.00,0.00,0,0.0
218.0,clear,50.00,0.60,1486.33,0,50.00,0.60,1427.68,0,4,0,6.00,6.00,0,240.0,0.00,0.00,queued,0.00,0.00,0,0.0
219.0,clear,50.00,0.60,1486.33,0,50.00,0.60,1427.68,0,4,0,6.00,6.00,0,240.0,0.00,0.00,queued,0.00,0.00,0,0.0
220.0,clear,50.00,0.60,1486.33,0,50.00,0.60,1427.68,0,4,0,6.00,6.00,0,240.0,0.00,0.00,queued,0.00,0.00,0,0.0
221.0,clear,50.00,0.60,1486.33,0,50.00,0.60,1427.68,0,4,0,6.00,6.00,0,240.0,0.00,0.00,queued,0.00,0.00,0,0.0
222.0,clear,50.00,0.60,1486.33,0,50.00,0.60,1427.68,0,4,0,6.00,6.00,0,240.0,0.00,0.00,queued,0.00,0.00,0,0.0
223.0,clear,50.00,0.60,1486.33,0,50.00,0.60,1427.68,0,4,0,6.00,6.00,0,240.0,0.00,0.00,queued,0.00,0.00,0,0.0
224.0,clear,50.00,0.60,1486.33,0,50.00,0.60,1427.68,0,4,0,6.00,6.00,0,240.0,0.00,0.00,queued,0.00,0.00,0,0.0
225.0,clear,50.00,0.60,1486.33,0,50.00,0.60,1427.68,0,4,0,6.00,6.00,0,240.0,0.00,0.00,queued,0.00,0.00,0,0.0
226.0,clear,50.00,0.60,1486.33,0,50.00,0.60,1427.68,0,4,0,6.00,6.00,0,240.0,0.00,0.00,queued,0.00,0.00,0,0.0
227.0,clear,50.00,0.60,1486.33,0,50.00,0.60,1427.68,0,4,0,6.00,6.00,0,240.0,0.00,0.00,queued,0.00,0.00,0,0.0
228.0,clear,50.00,0.60,1486.33,0,50.00,0.60,1427.68,0,4,0,6.00,6.00,0,240.0,0.00,0.00,queued,0.00,0.00,0,0.0
229.0,clear,50.00,0.60,1486.33,0,50.00,0.60,1427.68,0,4,0,6.00,6.00,0,240.0,0.00,0.00,queued,0.00,0.00,0,0.0
230.0,clear,50.00,0.60,1486.33,0,50.00,0.60,1427.68,0,4,0,6.00,6.00,0,240.0,0.00,0.00,queued,0.00,0.00,0,0.0
231.0,clear,50.00,0.60,1486.33,0,50.00,0.60,1427.68,0,4,0,6.00,6.00,0,240.0,0.00,0.00,queued,0.00,0.00,0,0.0
232.0,clear,50.00,0.60,1486.33,0,50.00,0.60,1427.68,0,4,0,6.00,6.00,0,240.0,0.00,0.00,queued,0.00,0.00,0,0.0
233.0,clear,50.00,0.60,1486.33,0,50.00,0.60,1427.68,0,4,0,6.00,6.00,0,240.0,0.00,0.00,queued,0.00,0.00,0,0.0
234.0,clear,50.00,0.60,1486.33,0,50.00,0.60,1427.68,0,4,0,6.00,6.00,0,240.0,0.00,0.00,queued,0.00,0.00,0,0.0
235.0,clear,50.00,0.60,1486.33,0,50.00,0.60,1427.68,0,4,0,6.00,6.00,0,240.0,0.00,0.00,queued,0.00,0.00,0,0.0
236.0,clear,50.00,0.60,1486.33,0,50.00,0.60,1427.68,0,4,0,6.00,6.00,0,240.0,0.00,0.00,queued,0.00,0.00,0,0.0
237.0,clear,50.00,0.60,1486.33,0,50.00,0.60,1427.68,0,4,0,6.00,6.00,0,240.0,0.00,0.00,queued,0.00,0.00,0,0.0
238.0,clear,50.00,0.60,1486.33,0,50.00,0.60,1427.68,0,4,0,6.00,6.00,0,240.0,0.00,0.00,queued,0.00,0.00,0,0.0
239.0,clear,50.00,0.60,1486.33,0,50.00,0.60,1427.68,0,3,0,5.00,6.00,0,240.0,0.71,0.71,traveling,13.89,13.89,1,0.0
240.0,clear,50.00,0.60,1486.33,0,50.00,0.60,1427.68,0,3,0,5.00,6.00,0,240.0,1.43,2.14,traveling,13.89,13.89,1,0.0
241.0,clear,50.00,0.60,1486.33,0,50.00,0.60,1427.68,0,3,0,5.00,6.00,0,240.0,2.14,4.28,traveling,13.89,13.89,1,0.0
242.0,clear,50.00,0.60,1486.33,0,50.00,0.60,1427.68,0,3,0,5.00,6.00,0,240.0,2.85,7.13,traveling,13.89,13.89,1,0.0
243.0,clear,50.00,0.60,1486.33,0,50.00,0.60,1427.68,0,3,0,5.00,6.00,0,240.0,3.56,10.69,traveling,13.89,13.89,1,0.0
244.0,clear,50.00,0.60,1486.33,0,50.00,0.60,1427.68,0,3,0,5.00,6.00,0,240.0,4.27,14.97,traveling,13.89,13.89,1,0.0
245.0,clear,50.00,0.60,1486.33,0,50.00,0.60,1427.68,0,3,0,5.00,6.00,0,240.0,4.99,19.95,traveling,13.89,13.89,1,0.0
246.0,clear,50.00,0.60,1486.33,0,50.00,0.60,1427.68,0,3,0,5.00,6.00,0,240.0,5.70,25.65,traveling,13.89,13.89,1,0.0
247.0,clear,50.00,0.60,1486.33,0,50.00,0.60,1427.68,0,3,0,5.00,6.00,0,240.0,6.41,32.06,traveling,13.89,13.89,1,0.0
248.0,clear,50.00,0.60,1486.33,0,50.00,0.60,1427.68,0,3,0,5.00,6.00,0,240.0,7.12,39.17,traveling,13.89,13.89,1,0.0
249.0,clear,50.00,0.60,1486.33,0,50.00,0.60,1427.68,0,3,0,5.00,6.00,0,240.0,7.82,47.00,traveling,13.89,13.89,1,0.0
250.0,clear,50.00,0.60,1486.33,0,50.00,0.60,1427.68,0,3,0,5.00,6.00,0,240.0,8.53,55.53,traveling,13.89,13.89,1,0.0
251.0,clear,50.00,0.60,1486.33,0,50.00,0.60,1427.68,0,3,0,5.00,6.00,0,240.0,9.24,64.77,traveling,13.89,13.89,1,0.0
252.0,clear,50.00,0.60,1486.33,0,50.00,0.60,1427.68,0,3,0,5.00,6.00,0,240.0,9.94,74.71,traveling,13.89,13.89,1,0.0
253.0,clear,50.00,0.60,1486.33,0,50.00,0.60,1427.68,0,3,0,5.00,6.00,0,240.0,10.65,85.36,traveling,13.89,13.89,1,0.0
254.0,clear,50.00,0.60,1486.33,0,50.00,0.60,1427.68,0,3,0,5.00,6.00,0,240.0,11.35,96.71,traveling,13.89,13.89,1,0.0
255.0,clear,50.00,0.60,1486.33,0,50.00,0.60,1427.68,0,3,0,5.00,6.00,0,240.0,12.05,108.76,traveling,13.89,13.89,1,0.0
256.0,clear,50.00,0.60,1486.33,0,50.00,0.60,1427.68,0,3,0,5.00,6.00,0,240.0,12.75,121.51,traveling,13.89,13.89,1,0.0
257.0,clear,50.00,0.60,1486.33,0,50.00,0.60,1427.68,0,3,0,5.00,6.00,0,240.0,13.45,134.96,traveling,13.89,13.89,1,0.0
258.0,clear,50.00,0.60,1486.33,0,50.00,0.60,1427.68,0,3,0,5.00,6.00,0,240.0,13.89,148.85,traveling,13.89,13.89,1,0.0
259.0,clear,50.00,0.60,1486.33,0,50.00,0.60,1427.68,0,3,0,5.00,6.00,0,240.0,13.89,162.74,traveling,13.89,13.89,1,0.0
260.0,clear,50.00,0.60,1486.33,0,50.00,0.60,1427.68,0,3,0,5.00,6.00,0,240.0,13.89,176.63,traveling,13.89,13.89,1,0.0
261.0,clear,50.00,0.60,1486.33,0,50.00,0.60,1427.68,0,3,0,5.00,6.00,0,240.0,13.89,190.52,traveling,13.89,13.89,1,0.0
262.0,clear,50.00,0.60,1486.33,0,50.00,0.60,1427.68,0,3,0,5.00,6.00,0,240.0,13.89,204.41,traveling,13.89,13.89,1,0.0
263.0,clear,50.00,0.60,1486.33,0,50.00,0.60,1427.68,0,3,0,5.00,6.00,0,240.0,13.89,218.30,traveling,13.89,13.89,1,0.0
264.0,clear,50.00,0.60,1486.33,0,50.00,0.60,1427.68,0,3,0,5.00,6.00,0,240.0,13.89,232.19,traveling,13.89,13.89,1,0.0
265.0,clear,50.00,0.60,1486.33,0,50.00,0.60,1427.68,0,3,0,5.00,6.00,0,240.0,13.89,246.08,traveling,13.89,13.89,1,0.0
266.0,clear,50.00,0.60,1486.33,0,50.00,0.60,1427.68,0,3,0,5.00,6.00,0,240.0,13.89,259.97,traveling,13.89,13.89,1,0.0
267.0,clear,50.00,0.60,1486.33,0,50.00,0.60,1427.68,0,3,0,5.00,6.00,0,240.0,13.89,273.86,traveling,13.89,13.89,1,0.0
268.0,clear,50.00,0.60,1486.33,0,50.00,0.60,1427.68,0,3,0,5.00,6.00,0,240.0,13.89,287.75,traveling,13.89,13.89,1,0.0
269.0,clear,50.00,0.60,1486.33,0,50.00,0.60,1427.68,0,3,0,5.00,6.00,0,240.0,13.89,301.64,traveling,13.89,13.89,1,0.0
270.0,clear,50.00,0.60,1486.33,0,50.00,0.60,1427.68,0,3,0,5.00,6.00,0,240.0,13.89,315.53,traveling,13.89,13.89,1,0.0
271.0,clear,50.00,0.60,1486.33,0,50.00,0.60,1427.68,0,3,0,5.00,6.00,0,240.0,13.89,329.42,traveling,13.89,13.89,1,0.0
272.0,clear,50.00,0.60,1486.33,0,50.00,0.60,1427.68,0,3,0,5.00,6.00,0,240.0,13.89,343.31,traveling,13.89,13.89,1,0.0
273.0,clear,50.00,0.60,1486.33,0,50.00,0.60,1427.68,0,3,0,5.00,6.00,0,240.0,13.89,357.20,traveling,13.89,13.89,1,0.0
274.0,clear,50.00,0.60,1486.33,0,50.00,0.60,1427.68,0,3,0,5.00,6.00,0,240.0,13.89,371.09,traveling,13.89,13.89,1,0.0
275.0,clear,50.00,0.60,1486.33,0,50.00,0.60,1427.68,0,3,0,5.00,6.00,0,240.0,13.89,384.98,traveling,13.89,13.89,1,0.0
276.0,clear,50.00,0.60,1486.33,0,50.00,0.60,1427.68,0,3,0,5.00,6.00,0,240.0,13.89,398.87,traveling,13.89,13.89,1,0.0
277.0,clear,50.00,0.60,1486.33,0,50.00,0.60,1427.68,0,3,0,5.00,6.00,0,240.0,13.89,412.76,traveling,13.89,13.89,1,0.0
278.0,clear,50.00,0.60,1486.33,0,50.00,0.60,1427.68,0,3,0,5.00,6.00,0,240.0,13.89,426.65,traveling,13.89,13.89,1,0.0
279.0,clear,50.00,0.60,1486.33,0,50.00,0.60,1427.68,0,3,0,5.00,6.00,0,240.0,13.89,440.54,traveling,13.89,13.89,1,0.0
280.0,clear,50.00,0.60,1486.33,0,50.00,0.60,1427.68,0,3,0,5.00,6.00,0,240.0,13.89,454.43,traveling,13.89,13.89,1,0.0
281.0,clear,50.00,0.60,1486.33,0,50.00,0.60,1427.68,0,3,0,5.00,6.00,0,240.0,13.89,468.32,traveling,13.89,13.89,1,0.0
282.0,clear,50.00,0.60,1486.33,0,50.00,0.60,1427.68,0,3,0,5.00,6.00,0,240.0,13.89,482.21,traveling,13.89,13.89,1,0.0
283.0,clear,50.00,0.60,1486.33,0,50.00,0.60,1427.68,0,3,0,5.00,6.00,0,240.0,13.89,496.10,traveling,13.89,13.89,1,0.0
284.0,clear,50.00,0.60,1486.33,0,50.00,0.60,1427.68,0,3,0,5.00,6.00,0,240.0,13.89,0.00,traveling,13.89,13.89,1,0.0
285.0,clear,50.00,0.60,1486.33,0,50.00,0.60,1427.68,0,3,0,5.00,6.00,0,240.0,11.11,11.11,traveling,11.11,11.11,1,0.0
286.0,clear,50.00,0.60,1486.33,0,50.00,0.60,1427.68,0,3,0,5.00,6.00,0,240.0,11.11,22.22,traveling,11.11,11.11,1,0.0
287.0,clear,50.00,0.60,1486.33,0,50.00,0.60,1427.68,0,3,0,5.00,6.00,0,240.0,11.11,33.33,traveling,11.11,11.11,1,0.0
288.0,clear,50.00,0.60,1486.33,0,50.00,0.60,1427.68,0,3,0,5.00,6.00,0,240.0,11.11,44.44,traveling,11.11,11.11,1,0.0
289.0,clear,50.00,0.60,1486.33,0,50.00,0.60,1427.68,0,3,0,5.00,6.00,0,240.0,11.11,55.55,traveling,11.11,11.11,1,0.0
290.0,clear,50.00,0.60,1486.33,0,50.00,0.60,1427.68,0,3,0,5.00,6.00,0,240.0,11.11,66.66,traveling,11.11,11.11,1,0.0
291.0,clear,50.00,0.60,1486.33,0,50.00,0.60,1427.68,0,3,0,5.00,6.00,0,240.0,11.11,77.77,traveling,11.11,11.11,1,0.0
292.0,clear,50.00,0.60,1486.33,0,50.00,0.60,1427.68,0,3,0,5.00,6.00,0,240.0,11.11,88.88,traveling,11.11,11.11,1,0.0
293.0,clear,50.00,0.60,1486.33,0,50.00,0.60,1427.68,0,3,0,5.00,6.00,0,240.0,11.11,99.99,traveling,11.11,11.11,1,0.0
294.0,clear,50.00,0.60,1486.33,0,50.00,0.60,1427.68,0,3,0,5.00,6.00,0,240.0,11.11,111.10,traveling,11.11,11.11,1,0.0
295.0,clear,50.00,0.60,1486.33,0,50.00,0.60,1427.68,0,3,0,5.00,6.00,0,240.0,11.11,122.21,traveling,11.11,11.11,1,0.0
296.0,clear,50.00,0.60,1486.33,0,50.00,0.60,1427.68,0,3,0,5.00,6.00,0,240.0,11.11,133.32,traveling,11.11,11.11,1,0.0
297.0,clear,50.00,0.60,1486.33,0,50.00,0.60,1427.68,0,3,0,5.00,6.00,0,240.0,11.11,144.43,traveling,11.11,11.11,1,0.0
298.0,clear,50.00,0.60,1486.33,0,50.00,0.60,1427.68,0,3,0,5.00,6.00,0,240.0,11.11,155.54,traveling,11.11,11.11,1,0.0
299.0,clear,50.00,0.60,1486.33,0,50.00,0.60,1427.68,0,3,0,5.00,6.00,0,240.0,11.11,166.65,traveling,11.11,11.11,1,0.0
300.0,clear,50.00,0.60,1486.33,0,50.00,0.60,1427.68,0,3,0,5.00,6.00,0,240.0,11.11,177.76,traveling,11.11,11.11,1,0.0
301.0,clear,49.77,0.60,1486.52,0,49.77,0.60,1427.90,0,3,0,5.00,6.00,0,240.0,11.11,188.87,traveling,11.11,11.11,1,0.0
302.0,clear,49.53,0.60,1486.71,0,49.53,0.60,1428.12,0,3,0,5.00,6.00,0,240.0,11.11,199.98,traveling,11.11,11.11,1,0.0
303.0,clear,49.30,0.59,1486.90,0,49.30,0.59,1428.34,0,3,0,5.00,6.00,0,240.0,11.11,211.09,traveling,11.11,11.11,1,0.0
304.0,clear,49.07,0.59,1487.09,0,49.07,0.59,1428.56,0,3,0,5.00,6.00,0,240.0,11.11,222.20,traveling,11.11,11.11,1,0.0
305.0,clear,48.83,0.59,1487.28,0,48.83,0.59,1428.78,0,3,0,5.00,6.00,0,240.0,11.11,233.31,traveling,11.11,11.11,1,0.0
306.0,clear,48.60,0.59,1487.47,0,48.60,0.59,1429.00,0,3,0,5.00,6.00,0,240.0,11.11,244.42,traveling,11.11,11.11,1,0.0
307.0,clear,48.37,0.58,1487.66,0,48.37,0.58,1429.22,0,3,0,5.00,6.00,0,240.0,11.11,255.53,traveling,11.11,11.11,1,0.0
308.0,clear,48.13,0.58,1487.85,0,48.13,0.58,1429.44,0,3,0,5.00,6.00,0,240.0,11.11,266.64,traveling,11.11,11.11,1,0.0
309.0,clear,47.90,0.58,1488.04,0,47.90,0.58,1429.66,0,3,0,5.00,6.00,0,240.0,11.11,277.75,traveling,11.11,11.11,1,0.0
310.0,clear,47.67,0.58,1488.23,0,47.67,0.58,1429.88,0,3,0,5.00,6.00,0,240.0,11.11,288.86,traveling,11.11,11.11,1,0.0
311.0,clear,47.43,0.57,1488.42,0,47.43,0.57,1430.10,0,3,0,5.00,6.00,0,240.0,11.11,299.97,traveling,11.11,11.11,1,0.0
312.0,clear,47.20,0.57,1488.61,0,47.20,0.57,1430.32,0,3,0,5.00,6.00,0,240.0,11.11,311.08,traveling,11.11,11.11,1,0.0
313.0,clear,46.97,0.57,1488.79,0,46.97,0.57,1430.54,0,3,0,5.00,6.00,0,240.0,11.11,322.19,traveling,11.11,11.11,1,0.0
314.0,clear,46.73,0.57,1488.98,0,46.73,0.57,1430.76,0,3,0,5.00,6.00,0,240.0,11.11,333.30,traveling,11.11,11.11,1,0.0
315.0,clear,46.50,0.56,1489.17,0,46.50,0.56,1430.98,0,3,0,5.00,6.00,0,240.0,11.11,344.41,traveling,11.11,11.11,1,0.0
316.0,clear,46.27,0.56,1489.36,0,46.27,0.56,1431.20,0,3,0,5.00,6.00,0,240.0,11.11,355.52,traveling,11.11,11.11,1,0.0
317.0,clear,46.03,0.56,1489.55,0,46.03,0.56,1431.42,0,3,0,5.00,6.00,0,240.0,11.11,366.63,traveling,11.11,11.11,1,0.0
318.0,clear,45.80,0.56,1489.74,0,45.80,0.56,1431.64,0,3,0,5.00,6.00,0,240.0,11.11,377.74,traveling,11.11,11.11,1,0.0
319.0,clear,45.57,0.56,1489.93,0,45.57,0.56,1431.86,0,3,0,5.00,6.00,0,240.0,11.11,388.85,traveling,11.11,11.11,1,0.0
320.0,clear,45.33,0.55,1490.12,0,45.33,0.55,1432.08,0,3,0,5.00,6.00,0,240.0,11.11,399.96,traveling,11.11,11.11,1,0.0
321.0,clear,45.10,0.55,1490.31,0,45.10,0.55,1432.30,1,3,1,5.00,9.00,0,240.0,0.00,0.00,queued,11.11,11.11,1,0.0
322.0,clear,44.87,0.55,1490.50,0,44.87,0.55,1432.52,1,3,1,5.00,9.00,0,240.0,0.00,0.00,queued,11.11,11.11,1,0.0
323.0,clear,44.63,0.55,1490.69,0,44.63,0.55,1432.74,1,3,1,5.00,9.00,0,240.0,0.00,0.00,queued,11.11,11.11,1,0.0
324.0,clear,44.40,0.54,1490.88,0,44.40,0.54,1432.96,1,3,1,5.00,9.00,0,240.0,0.00,0.00,queued,11.11,11.11,1,0.0
325.0,clear,44.17,0.54,1491.07,0,44.17,0.54,1433.18,1,3,1,5.00,9.00,0,240.0,0.00,0.00,queued,11.11,11.11,1,0.0
326.0,clear,43.93,0.54,1491.26,0,43.93,0.54,1433.40,1,3,1,5.00,9.00,0,240.0,0.00,0.00,queued,11.11,11.11,1,0.0
327.0,clear,43.70,0.54,1491.45,0,43.70,0.54,1433.62,1,3,1,5.00,9.00,0,240.0,0.00,0.00,queued,11.11,11.11,1,0.0
328.0,clear,43.47,0.53,1491.64,0,43.47,0.53,1433.84,1,3,1,5.00,9.00,0,240.0,0.00,0.00,queued,11.11,11.11,1,0.0
329.0,clear,43.23,0.53,1491.83,0,43.23,0.53,1434.06,1,3,1,5.00,9.00,0,240.0,0.00,0.00,queued,11.11,11.11,1,0.0
330.0,clear,43.00,0.53,1492.01,0,43.00,0.53,1434.28,1,3,1,5.00,9.00,0,240.0,0.00,0.00,queued,11.11,11.11,1,0.0
331.0,clear,42.77,0.53,1492.20,0,42.77,0.53,1434.50,1,3,1,5.00,9.00,0,240.0,0.00,0.00,queued,11.11,11.11,1,0.0
332.0,clear,42.53,0.53,1492.39,0,42.53,0.53,1434.72,1,3,1,5.00,9.00,0,240.0,0.00,0.00,queued,11.11,11.11,1,0.0
333.0,clear,42.30,0.52,1492.58,0,42.30,0.52,1434.94,1,3,1,5.00,9.00,0,240.0,0.00,0.00,queued,11.11,11.11,1,0.0
334.0,clear,42.07,0.52,1492.77,0,42.07,0.52,1435.16,1,3,1,5.00,9.00,0,240.0,0.00,0.00,queued,11.11,11.11,1,0.0
335.0,clear,41.83,0.52,1492.96,0,41.83,0.52,1435.38,1,3,1,5.00,9.00,0,240.0,0.00,0.00,queued,11.11,11.11,1,0.0
336.0,clear,41.60,0.52,1493.15,0,41.60,0.52,1435.60,1,3,1,5.00,9.00,0,240.0,0.00,0.00,queued,11.11,11.11,1,0.0
337.0,clear,41.37,0.51,1493.34,0,41.37,0.51,1435.82,1,3,1,5.00,9.00,0,240.0,0.00,0.00,queued,11.11,11.11,1,0.0
338.0,clear,41.13,0.51,1493.53,0,41.13,0.51,1436.04,1,3,1,5.00,9.00,0,240.0,0.00,0.00,queued,11.11,11.11,1,0.0
339.0,clear,40.90,0.51,1493.72,0,40.90,0.51,1436.26,1,3,1,5.00,9.00,0,240.0,0.00,0.00,queued,11.11,11.11,1,0.0
340.0,clear,40.67,0.51,1493.91,0,40.67,0.51,1436.48,1,3,1,5.00,9.00,0,240.0,0.00,0.00,queued,11.11,11.11,1,0.0
341.0,clear,40.43,0.50,1494.10,0,40.43,0.50,1436.70,1,3,1,5.00,9.00,0,240.0,0.00,0.00,queued,11.11,11.11,1,0.0
342.0,clear,40.20,0.50,1494.28,0,40.20,0.50,1436.92,1,3,1,5.00,9.00,0,240.0,0.00,0.00,queued,11.11,11.11,1,0.0
343.0,clear,39.97,0.50,1494.47,0,39.97,0.50,1437.14,1,3,1,5.00,9.00,0,240.0,0.00,0.00,queued,11.11,11.11,1,0.0
344.0,clear,39.73,0.50,1494.66,0,39.73,0.50,1437.36,1,3,1,5.00,9.00,0,240.0,0.00,0.00,queued,11.11,11.11,1,0.0
345.0,clear,39.50,0.49,1494.85,0,39.50,0.49,1437.57,1,3,1,5.00,9.00,0,240.0,0.00,0.00,queued,11.11,11.11,1,0.0
346.0,clear,39.27,0.49,1495.04,0,39.27,0.49,1437.79,1,3,1,5.00,9.00,0,240.0,0.00,0.00,queued,11.11,11.11,1,0.0
347.0,clear,39.03,0.49,1495.23,0,39.03,0.49,1438.01,1,3,1,5.00,9.00,0,240.0,0.00,0.00,queued,11.11,11.11,1,0.0
348.0,clear,38.80,0.49,1495.42,0,38.80,0.49,1438.23,1,3,1,5.00,9.00,0,240.0,0.00,0.00,queued,11.11,11.11,1,0.0
349.0,clear,38.57,0.49,1495.61,0,38.57,0.49,1438.45,1,3,1,5.00,9.00,0,240.0,0.00,0.00,queued,11.11,11.11,1,0.0
350.0,clear,38.33,0.48,1495.80,0,38.33,0.48,1438.67,1,3,1,5.00,9.00,0,240.0,0.00,0.00,queued,11.11,11.11,1,0.0
351.0,clear,38.10,0.48,1495.99,0,38.10,0.48,1438.89,1,3,1,5.00,9.00,0,240.0,0.00,0.00,queued,11.11,11.11,1,0.0
352.0,clear,37.87,0.48,1496.17,0,37.87,0.48,1439.11,1,3,1,5.00,9.00,0,240.0,0.00,0.00,queued,11.11,11.11,1,0.0
353.0,clear,37.63,0.48,1496.36,0,37.63,0.48,1439.33,1,3,1,5.00,9.00,0,240.0,0.00,0.00,queued,11.11,11.11,1,0.0
354.0,clear,37.40,0.47,1496.55,0,37.40,0.47,1439.55,1,3,1,5.00,9.00,0,240.0,0.00,0.00,queued,11.11,11.11,1,0.0
355.0,clear,37.17,0.47,1496.74,0,37.17,0.47,1439.77,1,3,1,5.00,9.00,0,240.0,0.00,0.00,queued,11.11,11.11,1,0.0
356.0,clear,36.93,0.47,1496.93,0,36.93,0.47,1439.99,1,3,1,5.00,9.00,0,240.0,0.00,0.00,queued,11.11,11.11,1,0.0
357.0,clear,36.70,0.47,1497.12,0,36.70,0.47,1440.20,1,3,1,5.00,9.00,0,240.0,0.00,0.00,queued,11.11,11.11,1,0.0
358.0,clear,36.47,0.46,1497.31,0,36.47,0.46,1440.42,1,3,1,5.00,9.00,0,240.0,0.00,0.00,queued,11.11,11.11,1,0.0
359.0,clear,36.23,0.46,1498.78,0,36.23,0.46,1440.64,1,3,1,5.00,9.00,0,240.0,0.00,0.00,queued,11.11,11.11,1,0.0
360.0,clear,36.00,0.46,1503.49,0,36.00,0.46,1440.86,1,3,1,5.00,9.00,0,240.0,0.00,0.00,queued,11.11,11.11,1,0.0
361.0,clear,35.77,0.46,1508.21,0,35.77,0.46,1441.08,1,3,1,5.00,9.00,0,240.0,0.00,0.00,queued,11.11,11.11,1,0.0
362.0,clear,35.53,0.46,1512.94,0,35.53,0.46,1441.30,1,3,1,5.00,9.00,0,240.0,0.00,0.00,queued,11.11,11.11,1,0.0
363.0,clear,35.30,0.45,1517.69,0,35.30,0.45,1441.52,1,3,1,5.00,9.00,0,240.0,0.00,0.00,queued,11.11,11.11,1,0.0
364.0,clear,35.07,0.45,1522.46,0,35.07,0.45,1441.74,1,3,1,5.00,9.00,0,240.0,0.00,0.00,queued,11.11,11.11,1,0.0
365.0,clear,34.83,0.45,1527.24,0,34.83,0.45,1441.96,1,3,1,5.00,9.00,0,240.0,0.00,0.00,queued,11.11,11.11,1,0.0
366.0,clear,34.60,0.45,1532.03,0,34.60,0.45,1442.17,1,3,1,5.00,9.00,0,240.0,0.00,0.00,queued,11.11,11.11,1,0.0
367.0,clear,34.37,0.44,1536.84,0,34.37,0.44,1442.39,1,3,1,5.00,9.00,0,240.0,0.00,0.00,queued,11.11,11.11,1,0.0
368.0,clear,34.13,0.44,1541.67,0,34.13,0.44,1442.61,1,3,1,5.00,9.00,0,240.0,0.00,0.00,queued,11.11,11.11,1,0.0
369.0,clear,33.90,0.44,1546.51,0,33.90,0.44,1442.83,1,3,1,5.00,9.00,0,240.0,0.00,0.00,queued,11.11,11.11,1,0.0
370.0,clear,33.67,0.44,1551.36,0,33.67,0.44,1443.05,1,3,1,5.00,9.00,0,240.0,0.00,0.00,queued,11.11,11.11,1,0.0
371.0,clear,33.43,0.43,1556.23,0,33.43,0.43,1443.27,1,3,1,5.00,9.00,0,240.0,0.00,0.00,queued,11.11,11.11,1,0.0
372.0,clear,33.20,0.43,1561.11,0,33.20,0.43,1443.49,1,3,1,5.00,9.00,0,240.0,0.00,0.00,queued,11.11,11.11,1,0.0
373.0,clear,32.97,0.43,1566.00,0,32.97,0.43,1443.71,1,3,1,5.00,9.00,0,240.0,0.00,0.00,queued,11.11,11.11,1,0.0
374.0,clear,32.73,0.43,1570.91,0,32.73,0.43,1443.92,1,3,1,5.00,9.00,0,240.0,0.00,0.00,queued,11.11,11.11,1,0.0
375.0,clear,32.50,0.42,1575.83,0,32.50,0.42,1444.14,1,3,1,5.00,9.00,0,240.0,0.00,0.00,queued,11.11,11.11,1,0.0
376.0,clear,32.27,0.42,1580.76,0,32.27,0.42,1444.36,1,3,1,5.00,9.00,0,240.0,0.00,0.00,queued,11.11,11.11,1,0.0
377.0,clear,32.03,0.42,1585.70,0,32.03,0.42,1444.58,1,3,1,5.00,9.00,0,240.0,0.00,0.00,queued,11.11,11.11,1,0.0
378.0,clear,31.80,0.42,1590.66,0,31.80,0.42,1444.80,1,3,1,5.00,9.00,0,240.0,0.00,0.00,queued,11.11,11.11,1,0.0
379.0,clear,31.57,0.42,1595.62,0,31.57,0.42,1445.02,1,3,1,5.00,9.00,0,240.0,0.00,0.00,queued,11.11,11.11,1,0.0
380.0,clear,31.33,0.41,1600.60,0,31.33,0.41,1445.23,1,3,1,5.00,9.00,0,240.0,0.00,0.00,queued,11.11,11.11,1,0.0
381.0,clear,31.10,0.41,1605.59,0,31.10,0.41,1445.45,1,3,1,5.00,9.00,0,240.0,0.00,0.00,queued,11.11,11.11,1,0.0
382.0,clear,30.87,0.41,1610.59,0,30.87,0.41,1445.67,1,3,1,5.00,9.00,0,240.0,0.00,0.00,queued,11.11,11.11,1,0.0
383.0,clear,30.63,0.41,1615.59,0,30.63,0.41,1445.89,1,3,1,5.00,9.00,0,240.0,0.00,0.00,queued,11.11,11.11,1,0.0
384.0,clear,30.40,0.40,1620.61,0,30.40,0.40,1446.11,1,3,1,5.00,9.00,0,240.0,0.00,0.00,queued,11.11,11.11,1,0.0
385.0,clear,30.17,0.40,1625.64,0,30.17,0.40,1446.33,1,3,1,5.00,9.00,0,240.0,0.00,0.00,queued,11.11,11.11,1,0.0
386.0,clear,29.93,0.40,1630.67,0,29.93,0.40,1446.54,1,3,1,5.00,9.00,0,240.0,0.00,0.00,queued,11.11,11.11,1,0.0
387.0,clear,29.70,0.40,1635.71,0,29.70,0.40,1446.76,1,3,1,5.00,9.00,0,240.0,0.00,0.00,queued,11.11,11.11,1,0.0
388.0,clear,29.47,0.39,1640.76,0,29.47,0.39,1446.98,1,3,1,5.00,9.00,0,240.0,0.00,0.00,queued,11.11,11.11,1,0.0
389.0,clear,29.23,0.39,1645.82,0,29.23,0.39,1447.20,1,3,1,5.00,9.00,0,240.0,0.00,0.00,queued,11.11,11.11,1,0.0
390.0,clear,29.00,0.39,1650.88,0,29.00,0.39,1447.42,1,3,1,5.00,9.00,0,240.0,0.00,0.00,queued,11.11,11.11,1,0.0
391.0,clear,28.77,0.39,1655.95,0,28.77,0.39,1447.64,1,3,1,5.00,9.00,0,240.0,0.00,0.00,queued,11.11,11.11,1,0.0
392.0,clear,28.53,0.39,1661.02,0,28.53,0.39,1447.85,1,3,1,5.00,9.00,0,240.0,0.00,0.00,queued,11.11,11.11,1,0.0
393.0,clear,28.30,0.38,1666.10,0,28.30,0.38,1448.07,1,3,1,5.00,9.00,0,240.0,0.00,0.00,queued,11.11,11.11,1,0.0
394.0,clear,28.07,0.38,1671.18,0,28.07,0.38,1448.29,1,3,1,5.00,9.00,0,240.0,0.00,0.00,queued,11.11,11.11,1,0.0
395.0,clear,27.83,0.38,1676.26,0,27.83,0.38,1448.51,1,3,1,5.00,9.00,0,240.0,0.00,0.00,queued,11.11,11.11,1,0.0
396.0,clear,27.60,0.38,1681.34,0,27.60,0.38,1448.87,1,3,1,5.00,9.00,0,240.0,0.00,0.00,queued,11.11,11.11,1,0.0
397.0,clear,27.37,0.37,1686.43,0,27.37,0.37,1453.30,1,3,1,5.00,9.00,0,240.0,0.00,0.00,queued,11.11,11.11,1,0.0
398.0,clear,27.13,0.37,1691.52,0,27.13,0.37,1456.64,1,3,1,5.00,9.00,0,240.0,0.00,0.00,queued,11.11,11.11,1,0.0
399.0,clear,26.90,0.37,1691.80,0,26.90,0.37,1456.12,1,3,1,5.00,9.00,0,240.0,0.00,0.00,queued,11.11,11.11,1,0.0
400.0,clear,26.67,0.37,1690.19,0,26.67,0.37,1455.59,1,3,1,5.00,9.00,0,240.0,0.00,0.00,queued,11.11,11.11,1,0.0
401.0,clear,26.43,0.36,1688.57,0,26.43,0.36,1455.05,1,3,1,5.00,9.00,0,240.0,0.00,0.00,queued,11.11,11.11,1,0.0
402.0,clear,26.20,0.36,1686.93,0,26.20,0.36,1454.49,1,3,1,5.00,9.00,0,240.0,0.00,0.00,queued,11.11,11.11,1,0.0
403.0,clear,25.97,0.36,1685.26,0,25.97,0.36,1453.92,1,3,1,5.00,9.00,0,240.0,0.00,0.00,queued,11.11,11.11,1,0.0
404.0,clear,25.73,0.36,1683.58,0,25.73,0.36,1453.33,1,3,1,5.00,9.00,0,240.0,0.00,0.00,queued,11.11,11.11,1,0.0
405.0,clear,25.50,0.35,1681.88,0,25.50,0.35,1452.72,1,3,1,5.00,9.00,0,240.0,0.00,0.00,queued,11.11,11.11,1,0.0
406.0,clear,25.27,0.35,1680.16,0,25.27,0.35,1452.10,1,3,1,5.00,9.00,0,240.0,0.00,0.00,queued,11.11,11.11,1,0.0
407.0,clear,25.03,0.35,1678.42,0,25.03,0.35,1451.46,1,3,1,5.00,9.00,0,240.0,0.00,0.00,queued,11.11,11.11,1,0.0
408.0,clear,24.80,0.35,1676.66,0,24.80,0.35,1450.80,1,3,1,5.00,9.00,0,240.0,0.00,0.00,queued,11.11,11.11,1,0.0
409.0,clear,24.57,0.35,1674.87,0,24.57,0.35,1450.12,1,3,1,5.00,9.00,0,240.0,0.00,0.00,queued,11.11,11.11,1,0.0
410.0,clear,24.33,0.34,1673.07,0,24.33,0.34,1449.42,1,3,1,5.00,9.00,0,240.0,0.00,0.00,queued,11.11,11.11,1,0.0
411.0,clear,24.10,0.34,1671.24,0,24.10,0.34,1448.70,1,3,1,5.00,9.00,0,240.0,0.00,0.00,queued,11.11,11.11,1,0.0
412.0,clear,23.87,0.34,1669.39,0,23.87,0.34,1447.96,1,3,1,5.00,9.00,0,240.0,0.00,0.00,queued,11.11,11.11,1,0.0
413.0,clear,23.63,0.34,1667.52,0,23.63,0.34,1447.20,1,3,1,5.00,9.00,0,240.0,0.00,0.00,queued,11.11,11.11,1,0.0
414.0,clear,23.40,0.33,1665.63,0,23.40,0.33,1446.41,1,3,1,5.00,9.00,0,240.0,0.00,0.00,queued,11.11,11.11,1,0.0
415.0,clear,23.17,0.33,1663.71,0,23.17,0.33,1445.60,1,3,1,5.00,9.00,0,240.0,0.00,0.00,queued,11.11,11.11,1,0.0
416.0,clear,22.93,0.33,1661.77,0,22.93,0.33,1444.77,1,3,1,5.00,9.00,0,240.0,0.00,0.00,queued,11.11,11.11,1,0.0
417.0,clear,22.70,0.33,1659.81,0,22.70,0.33,1443.90,1,3,1,5.00,9.00,0,240.0,0.00,0.00,queued,11.11,11.11,1,0.0
418.0,clear,22.47,0.32,1657.82,0,22.47,0.32,1443.01,1,3,1,5.00,9.00,0,240.0,0.00,0.00,queued,11.11,11.11,1,0.0
419.0,clear,22.23,0.32,1655.80,0,22.23,0.32,1442.10,1,3,1,5.00,9.00,0,240.0,0.00,0.00,queued,11.11,11.11,1,0.0
420.0,clear,22.00,0.32,1653.76,0,22.00,0.32,1441.15,1,3,1,5.00,9.00,0,240.0,0.00,0.00,queued,11.11,11.11,1,0.0
421.0,clear,21.77,0.32,1651.69,0,21.77,0.32,1440.17,1,3,1,5.00,9.00,0,240.0,0.00,0.00,queued,11.11,11.11,1,0.0
422.0,clear,21.53,0.32,1649.60,0,21.53,0.32,1439.16,1,3,1,5.00,9.00,0,240.0,0.00,0.00,queued,11.11,11.11,1,0.0
423.0,clear,21.30,0.31,1647.48,0,21.30,0.31,1438.12,1,3,1,5.00,9.00,0,240.0,0.00,0.00,queued,11.11,11.11,1,0.0
424.0,clear,21.07,0.31,1645.33,0,21.07,0.31,1437.04,1,3,1,5.00,9.00,0,240.0,0.00,0.00,queued,11.11,11.11,1,0.0
425.0,clear,20.83,0.31,1643.15,0,20.83,0.31,1435.92,1,3,1,5.00,9.00,0,240.0,0.00,0.00,queued,11.11,11.11,1,0.0
426.0,clear,20.60,0.31,1640.95,0,20.60,0.31,1434.76,1,3,1,5.00,9.00,0,240.0,0.00,0.00,queued,11.11,11.11,1,0.0
427.0,clear,20.37,0.30,1638.71,0,20.37,0.30,1433.57,1,3,1,5.00,9.00,0,240.0,0.00,0.00,queued,11.11,11.11,1,0.0
428.0,clear,20.13,0.30,1636.45,0,20.13,0.30,1432.33,1,3,1,5.00,9.00,0,240.0,0.00,0.00,queued,11.11,11.11,1,0.0
429.0,clear,19.90,0.30,1634.15,0,19.90,0.30,1431.04,1,3,1,5.00,9.00,0,240.0,0.00,0.00,queued,11.11,11.11,1,0.0
430.0,clear,19.67,0.30,1631.83,0,19.67,0.30,1429.71,1,3,1,5.00,9.00,0,240.0,0.00,0.00,queued,11.11,11.11,1,0.0
431.0,clear,19.43,0.29,1631.17,0,19.43,0.29,1428.33,1,3,1,5.00,9.00,0,240.0,0.00,0.00,queued,11.11,11.11,1,0.0
432.0,clear,19.20,0.29,1631.22,0,19.20,0.29,1426.90,1,3,1,5.00,9.00,0,240.0,0.00,0.00,queued,11.11,11.11,1,0.0
433.0,clear,18.97,0.29,1631.22,0,18.97,0.29,1425.42,1,3,1,5.00,9.00,0,240.0,0.00,0.00,queued,11.11,11.11,1,0.0
434.0,clear,18.73,0.29,1631.19,0,18.73,0.29,1423.87,1,3,1,5.00,9.00,0,240.0,0.00,0.00,queued,11.11,11.11,1,0.0
435.0,clear,18.50,0.28,1631.11,0,18.50,0.28,1422.27,1,3,1,5.00,9.00,0,240.0,0.00,0.00,queued,11.11,11.11,1,0.0
436.0,clear,18.27,0.28,1630.98,0,18.27,0.28,1420.61,1,3,1,5.00,9.00,0,240.0,0.00,0.00,queued,11.11,11.11,1,0.0
437.0,clear,18.03,0.28,1630.81,0,18.03,0.28,1418.87,1,3,1,5.00,9.00,0,240.0,0.00,0.00,queued,11.11,11.11,1,0.0
438.0,clear,17.80,0.28,1630.58,0,17.80,0.28,1417.07,1,3,1,5.00,9.00,0,240.0,0.00,0.00,queued,11.11,11.11,1,0.0
439.0,clear,17.57,0.28,1630.29,0,17.57,0.28,1415.20,1,3,1,5.00,9.00,0,240.0,0.00,0.00,queued,11.11,11.11,1,0.0
440.0,clear,17.33,0.27,1629.94,0,17.33,0.27,1413.24,1,3,1,5.00,9.00,0,240.0,0.00,0.00,queued,11.11,11.11,1,0.0
441.0,clear,17.10,0.27,1629.52,0,17.10,0.27,1411.21,1,3,1,5.00,9.00,0,240.0,0.00,0.00,queued,11.11,11.11,1,0.0
442.0,clear,16.87,0.27,1629.02,0,16.87,0.27,1409.08,1,3,1,5.00,9.00,0,240.0,0.00,0.00,queued,11.11,11.11,1,0.0
443.0,clear,16.63,0.27,1628.45,0,16.63,0.27,1406.87,1,3,1,5.00,9.00,0,240.0,0.00,0.00,queued,11.11,11.11,1,0.0
444.0,clear,16.40,0.26,1627.79,0,16.40,0.26,1404.55,1,3,1,5.00,9.00,0,240.0,0.00,0.00,queued,11.11,11.11,1,0.0
445.0,clear,16.17,0.26,1627.05,0,16.17,0.26,1402.13,1,3,1,5.00,9.00,0,240.0,0.00,0.00,queued,11.11,11.11,1,0.0
446.0,clear,15.93,0.26,1626.20,0,15.93,0.26,1399.60,1,3,1,5.00,9.00,0,240.0,0.00,0.00,queued,11.11,11.11,1,0.0
447.0,clear,15.70,0.26,1625.25,0,15.70,0.26,1396.96,1,3,1,5.00,9.00,0,240.0,0.00,0.00,queued,11.11,11.11,1,0.0
448.0,clear,15.47,0.25,1620.69,0,15.47,0.25,1391.19,1,3,1,5.00,9.00,0,240.0,0.00,0.00,queued,11.11,11.11,1,0.0
449.0,clear,15.23,0.25,1595.07,0,15.23,0.25,1367.35,1,3,1,5.00,9.00,0,240.0,0.00,0.00,queued,11.11,11.11,1,0.0
450.0,clear,15.00,0.25,1569.35,0,15.00,0.25,1343.46,1,3,1,5.00,9.00,0,240.0,0.00,0.00,queued,11.11,11.11,1,0.0
451.0,clear,15.00,0.25,1569.35,0,15.00,0.25,1343.46,1,3,1,5.00,9.00,0,240.0,0.00,0.00,queued,11.11,11.11,1,0.0
452.0,clear,15.00,0.25,1569.35,0,15.00,0.25,1343.46,1,3,1,5.00,9.00,0,240.0,0.00,0.00,queued,11.11,11.11,1,0.0
453.0,clear,15.00,0.25,1569.35,0,15.00,0.25,1343.46,1,3,1,5.00,9.00,0,240.0,0.00,0.00,queued,11.11,11.11,1,0.0
454.0,clear,15.00,0.25,1569.35,0,15.00,0.25,1343.46,1,3,1,5.00,9.00,0,240.0,0.00,0.00,queued,11.11,11.11,1,0.0
455.0,clear,15.00,0.25,1569.35,0,15.00,0.25,1343.46,1,3,1,5.00,9.00,0,240.0,0.00,0.00,queued,11.11,11.11,1,0.0
456.0,clear,15.00,0.25,1569.35,0,15.00,0.25,1343.46,1,3,1,5.00,9.00,0,240.0,0.00,0.00,queued,11.11,11.11,1,0.0
457.0,clear,15.00,0.25,1569.35,0,15.00,0.25,1343.46,1,3,1,5.00,9.00,0,240.0,0.00,0.00,queued,11.11,11.11,1,0.0
458.0,clear,15.00,0.25,1569.35,0,15.00,0.25,1343.46,1,3,1,5.00,9.00,0,240.0,0.00,0.00,queued,11.11,11.11,1,0.0
459.0,clear,15.00,0.25,1569.35,0,15.00,0.25,1343.46,1,3,1,5.00,9.00,0,240.0,0.00,0.00,queued,11.11,11.11,1,0.0
460.0,clear,15.00,0.25,1569.35,0,15.00,0.25,1343.46,1,3,1,5.00,9.00,0,240.0,0.00,0.00,queued,11.11,11.11,1,0.0
461.0,clear,15.00,0.25,1569.35,0,15.00,0.25,1343.46,1,3,1,5.00,9.00,0,240.0,0.00,0.00,queued,11.11,11.11,1,0.0
462.0,clear,15.00,0.25,1569.35,0,15.00,0.25,1343.46,1,3,1,5.00,9.00,0,240.0,0.00,0.00,queued,11.11,11.11,1,0.0
463.0,clear,15.00,0.25,1569.35,0,15.00,0.25,1343.46,1,3,1,5.00,9.00,0,240.0,0.00,0.00,queued,11.11,11.11,1,0.0
464.0,clear,15.00,0.25,1569.35,0,15.00,0.25,1343.46,1,3,1,5.00,9.00,0,240.0,0.00,0.00,queued,11.11,11.11,1,0.0
465.0,clear,15.00,0.25,1569.35,0,15.00,0.25,1343.46,1,3,1,5.00,9.00,0,240.0,0.00,0.00,queued,11.11,11.11,1,0.0
466.0,clear,15.00,0.25,1569.35,0,15.00,0.25,1343.46,1,3,1,5.00,9.00,0,240.0,0.00,0.00,queued,11.11,11.11,1,0.0
467.0,clear,15.00,0.25,1569.35,0,15.00,0.25,1343.46,1,3,1,5.00,9.00,0,240.0,0.00,0.00,queued,11.11,11.11,1,0.0
468.0,clear,15.00,0.25,1569.35,0,15.00,0.25,1343.46,1,3,1,5.00,9.00,0,240.0,0.00,0.00,queued,11.11,11.11,1,0.0
469.0,clear,15.00,0.25,1569.35,0,15.00,0.25,1343.46,1,3,1,5.00,9.00,0,240.0,0.00,0.00,queued,11.11,11.11,1,0.0
470.0,clear,15.00,0.25,1569.35,0,15.00,0.25,1343.46,1,3,1,5.00,9.00,0,240.0,0.00,0.00,queued,11.11,11.11,1,0.0
471.0,clear,15.00,0.25,1569.35,0,15.00,0.25,1343.46,1,3,1,5.00,9.00,0,240.0,0.00,0.00,queued,11.11,11.11,1,0.0
472.0,clear,15.00,0.25,1569.35,0,15.00,0.25,1343.46,1,3,1,5.00,9.00,0,240.0,0.00,0.00,queued,11.11,11.11,1,0.0
473.0,clear,15.00,0.25,1569.35,0,15.00,0.25,1343.46,1,3,1,5.00,9.00,0,240.0,0.00,0.00,queued,11.11,11.11,1,0.0
474.0,clear,15.00,0.25,1569.35,0,15.00,0.25,1343.46,1,3,1,5.00,9.00,0,240.0,0.00,0.00,queued,11.11,11.11,1,0.0
475.0,clear,15.00,0.25,1569.35,0,15.00,0.25,1343.46,1,3,1,5.00,9.00,0,240.0,0.00,0.00,queued,11.11,11.11,1,0.0
476.0,clear,15.00,0.25,1569.35,0,15.00,0.25,1343.46,1,3,1,5.00,9.00,0,240.0,0.00,0.00,queued,11.11,11.11,1,0.0
477.0,clear,15.00,0.25,1569.35,0,15.00,0.25,1343.46,1,3,1,5.00,9.00,0,240.0,0.00,0.00,queued,11.11,11.11,1,0.0
478.0,clear,15.00,0.25,1569.35,0,15.00,0.25,1343.46,1,3,1,5.00,9.00,0,240.0,0.00,0.00,queued,11.11,11.11,1,0.0
479.0,clear,15.00,0.25,1569.35,0,15.00,0.25,1343.46,1,2,1,4.00,9.00,0,240.0,0.00,0.00,queued,11.11,11.11,1,0.0
480.0,clear,15.00,0.25,1569.35,0,15.00,0.25,1343.46,1,2,1,4.00,9.00,0,240.0,0.00,0.00,queued,11.11,11.11,1,0.0
481.0,clear,15.00,0.25,1569.35,0,15.00,0.25,1343.46,1,2,1,4.00,9.00,0,240.0,0.00,0.00,queued,11.11,11.11,1,0.0
482.0,clear,15.00,0.25,1569.35,0,15.00,0.25,1343.46,1,2,1,4.00,9.00,0,240.0,0.00,0.00,queued,11.11,11.11,1,0.0
483.0,clear,15.00,0.25,1569.35,0,15.00,0.25,1343.46,1,2,1,4.00,9.00,0,240.0,0.00,0.00,queued,11.11,11.11,1,0.0
484.0,clear,15.00,0.25,1569.35,0,15.00,0.25,1343.46,1,2,1,4.00,9.00,0,240.0,0.00,0.00,queued,11.11,11.11,1,0.0
485.0,clear,15.00,0.25,1569.35,0,15.00,0.25,1343.46,1,2,1,4.00,9.00,0,240.0,0.00,0.00,queued,11.11,11.11,1,0.0
486.0,clear,15.00,0.25,1569.35,0,15.00,0.25,1343.46,1,2,1,4.00,9.00,0,240.0,0.00,0.00,queued,11.11,11.11,1,0.0
487.0,clear,15.00,0.25,1569.35,0,15.00,0.25,1343.46,1,2,1,4.00,9.00,0,240.0,0.00,0.00,queued,11.11,11.11,1,0.0
488.0,clear,15.00,0.25,1569.35,0,15.00,0.25,1343.46,1,2,1,4.00,9.00,0,240.0,0.00,0.00,queued,11.11,11.11,1,0.0
489.0,clear,15.00,0.25,1569.35,0,15.00,0.25,1343.46,1,2,1,4.00,9.00,0,240.0,0.00,0.00,queued,11.11,11.11,1,0.0
490.0,clear,15.00,0.25,1569.35,0,15.00,0.25,1343.46,1,2,1,4.00,9.00,0,240.0,0.00,0.00,queued,11.11,11.11,1,0.0
491.0,clear,15.00,0.25,1569.35,0,15.00,0.25,1343.46,1,2,1,4.00,9.00,0,240.0,0.00,0.00,queued,11.11,11.11,1,0.0
492.0,clear,15.00,0.25,1569.35,0,15.00,0.25,1343.46,1,2,1,4.00,9.00,0,240.0,0.00,0.00,queued,11.11,11.11,1,0.0
493.0,clear,15.00,0.25,1569.35,0,15.00,0.25,1343.46,1,2,1,4.00,9.00,0,240.0,0.00,0.00,queued,11.11,11.11,1,0.0
494.0,clear,15.00,0.25,1569.35,0,15.00,0.25,1343.46,1,2,1,4.00,9.00,0,240.0,0.00,0.00,queued,11.11,11.11,1,0.0
495.0,clear,15.00,0.25,1569.35,0,15.00,0.25,1343.46,1,2,1,4.00,9.00,0,240.0,0.00,0.00,queued,11.11,11.11,1,0.0
496.0,clear,15.00,0.25,1569.35,0,15.00,0.25,1343.46,1,2,1,4.00,9.00,0,240.0,0.00,0.00,queued,11.11,11.11,1,0.0
497.0,clear,15.00,0.25,1569.35,0,15.00,0.25,1343.46,1,2,1,4.00,9.00,0,240.0,0.00,0.00,queued,11.11,11.11,1,0.0
498.0,clear,15.00,0.25,1569.35,0,15.00,0.25,1343.46,1,2,1,4.00,9.00,0,240.0,0.00,0.00,queued,11.11,11.11,1,0.0
499.0,clear,15.00,0.25,1569.35,0,15.00,0.25,1343.46,1,2,1,4.00,9.00,0,240.0,0.00,0.00,queued,11.11,11.11,1,0.0
500.0,clear,15.00,0.25,1569.35,0,15.00,0.25,1343.46,1,2,1,4.00,9.00,0,240.0,0.00,0.00,queued,11.11,11.11,1,0.0
501.0,clear,15.00,0.25,1569.35,0,15.00,0.25,1343.46,1,2,1,4.00,9.00,0,240.0,0.00,0.00,queued,11.11,11.11,1,0.0
502.0,clear,15.00,0.25,1569.35,0,15.00,0.25,1343.46,1,2,1,4.00,9.00,0,240.0,0.00,0.00,queued,11.11,11.11,1,0.0
503.0,clear,15.00,0.25,1569.35,0,15.00,0.25,1343.46,1,2,1,4.00,9.00,0,240.0,0.00,0.00,queued,11.11,11.11,1,0.0
504.0,clear,15.00,0.25,1569.35,0,15.00,0.25,1343.46,1,2,1,4.00,9.00,0,240.0,0.00,0.00,queued,11.11,11.11,1,0.0
505.0,clear,15.00,0.25,1569.35,0,15.00,0.25,1343.46,1,2,1,4.00,9.00,0,240.0,0.00,0.00,queued,11.11,11.11,1,0.0
506.0,clear,15.00,0.25,1569.35,0,15.00,0.25,1343.46,1,2,1,4.00,9.00,0,240.0,0.00,0.00,queued,11.11,11.11,1,0.0
507.0,clear,15.00,0.25,1569.35,0,15.00,0.25,1343.46,1,2,1,4.00,9.00,0,240.0,0.00,0.00,queued,11.11,11.11,1,0.0
508.0,clear,15.00,0.25,1569.35,0,15.00,0.25,1343.46,1,2,1,4.00,9.00,0,240.0,0.00,0.00,queued,11.11,11.11,1,0.0
509.0,clear,15.00,0.25,1569.35,0,15.00,0.25,1343.46,1,2,1,4.00,9.00,0,240.0,0.00,0.00,queued,11.11,11.11,1,0.0
510.0,clear,15.00,0.25,1569.35,0,15.00,0.25,1343.46,1,2,1,4.00,9.00,0,240.0,0.00,0.00,queued,11.11,11.11,1,0.0
511.0,clear,15.00,0.25,1569.35,0,15.00,0.25,1343.46,1,2,1,4.00,9.00,0,240.0,0.00,0.00,queued,11.11,11.11,1,0.0
512.0,clear,15.00,0.25,1569.35,0,15.00,0.25,1343.46,1,2,1,4.00,9.00,0,240.0,0.00,0.00,queued,11.11,11.11,1,0.0
513.0,clear,15.00,0.25,1569.35,0,15.00,0.25,1343.46,1,2,1,4.00,9.00,0,240.0,0.00,0.00,queued,11.11,11.11,1,0.0
514.0,clear,15.00,0.25,1569.35,0,15.00,0.25,1343.46,1,2,1,4.00,9.00,0,240.0,0.00,0.00,queued,11.11,11.11,1,0.0
515.0,clear,15.00,0.25,1569.35,0,15.00,0.25,1343.46,1,2,1,4.00,9.00,0,240.0,0.00,0.00,queued,11.11,11.11,1,0.0
516.0,clear,15.00,0.25,1569.35,0,15.00,0.25,1343.46,1,2,1,4.00,9.00,0,240.0,0.00,0.00,queued,11.11,11.11,1,0.0
517.0,clear,15.00,0.25,1569.35,0,15.00,0.25,1343.46,1,2,1,4.00,9.00,0,240.0,0.00,0.00,queued,11.11,11.11,1,0.0
518.0,clear,15.00,0.25,1569.35,0,15.00,0.25,1343.46,1,2,1,4.00,9.00,0,240.0,0.00,0.00,queued,11.11,11.11,1,0.0
519.0,clear,15.00,0.25,1569.35,0,15.00,0.25,1343.46,1,2,1,4.00,9.00,0,240.0,0.00,0.00,queued,11.11,11.11,1,0.0
520.0,clear,15.00,0.25,1569.35,0,15.00,0.25,1343.46,1,2,1,4.00,9.00,0,240.0,0.00,0.00,queued,11.11,11.11,1,0.0
521.0,clear,15.00,0.25,1569.35,0,15.00,0.25,1343.46,1,2,1,4.00,9.00,0,240.0,0.00,0.00,queued,11.11,11.11,1,0.0
522.0,clear,15.00,0.25,1569.35,0,15.00,0.25,1343.46,1,2,1,4.00,9.00,0,240.0,0.00,0.00,queued,11.11,11.11,1,0.0
523.0,clear,15.00,0.25,1569.35,0,15.00,0.25,1343.46,1,2,1,4.00,9.00,0,240.0,0.00,0.00,queued,11.11,11.11,1,0.0
524.0,clear,15.00,0.25,1569.35,0,15.00,0.25,1343.46,1,2,1,4.00,9.00,0,240.0,0.00,0.00,queued,11.11,11.11,1,0.0
525.0,clear,15.00,0.25,1569.35,0,15.00,0.25,1343.46,1,2,1,4.00,9.00,0,240.0,0.00,0.00,queued,11.11,11.11,1,0.0
526.0,clear,15.00,0.25,1569.35,0,15.00,0.25,1343.46,1,2,1,4.00,9.00,0,240.0,0.00,0.00,queued,11.11,11.11,1,0.0
527.0,clear,15.00,0.25,1569.35,0,15.00,0.25,1343.46,1,2,1,4.00,9.00,0,240.0,0.00,0.00,queued,11.11,11.11,1,0.0
528.0,clear,15.00,0.25,1569.35,0,15.00,0.25,1343.46,1,2,1,4.00,9.00,0,240.0,0.00,0.00,queued,11.11,11.11,1,0.0
529.0,clear,15.00,0.25,1569.35,0,15.00,0.25,1343.46,1,2,1,4.00,9.00,0,240.0,0.00,0.00,queued,11.11,11.11,1,0.0
530.0,clear,15.00,0.25,1569.35,0,15.00,0.25,1343.46,1,2,1,4.00,9.00,0,240.0,0.00,0.00,queued,11.11,11.11,1,0.0
531.0,clear,15.00,0.25,1569.35,0,15.00,0.25,1343.46,1,2,1,4.00,9.00,0,240.0,0.00,0.00,queued,11.11,11.11,1,0.0
532.0,clear,15.00,0.25,1569.35,0,15.00,0.25,1343.46,1,2,1,4.00,9.00,0,240.0,0.00,0.00,queued,11.11,11.11,1,0.0
533.0,clear,15.00,0.25,1569.35,0,15.00,0.25,1343.46,1,2,1,4.00,9.00,0,240.0,0.00,0.00,queued,11.11,11.11,1,0.0
534.0,clear,15.00,0.25,1569.35,0,15.00,0.25,1343.46,1,2,1,4.00,9.00,0,240.0,0.00,0.00,queued,11.11,11.11,1,0.0
535.0,clear,15.00,0.25,1569.35,0,15.00,0.25,1343.46,1,2,1,4.00,9.00,0,240.0,0.00,0.00,queued,11.11,11.11,1,0.0
536.0,clear,15.00,0.25,1569.35,0,15.00,0.25,1343.46,1,2,1,4.00,9.00,0,240.0,0.00,0.00,queued,11.11,11.11,1,0.0
537.0,clear,15.00,0.25,1569.35,0,15.00,0.25,1343.46,1,2,1,4.00,9.00,0,240.0,0.00,0.00,queued,11.11,11.11,1,0.0
538.0,clear,15.00,0.25,1569.35,0,15.00,0.25,1343.46,1,2,1,4.00,9.00,0,240.0,0.00,0.00,queued,11.11,11.11,1,0.0
539.0,clear,15.00,0.25,1569.35,0,15.00,0.25,1343.46,1,2,1,4.00,9.00,0,240.0,0.00,0.00,queued,11.11,11.11,1,0.0
540.0,clear,15.00,0.25,1569.35,0,15.00,0.25,1343.46,1,2,1,4.00,9.00,0,240.0,0.00,0.00,queued,11.11,11.11,1,0.0
541.0,clear,15.00,0.25,1569.35,0,15.00,0.25,1343.46,1,2,1,4.00,9.00,0,240.0,0.00,0.00,queued,11.11,11.11,1,0.0
542.0,clear,15.00,0.25,1569.35,0,15.00,0.25,1343.46,1,2,1,4.00,9.00,0,240.0,0.00,0.00,queued,11.11,11.11,1,0.0
543.0,clear,15.00,0.25,1569.35,0,15.00,0.25,1343.46,1,2,1,4.00,9.00,0,240.0,0.00,0.00,queued,11.11,11.11,1,0.0
544.0,clear,15.00,0.25,1569.35,0,15.00,0.25,1343.46,1,2,1,4.00,9.00,0,240.0,0.00,0.00,queued,11.11,11.11,1,0.0
545.0,clear,15.00,0.25,1569.35,0,15.00,0.25,1343.46,1,2,1,4.00,9.00,0,240.0,0.00,0.00,queued,11.11,11.11,1,0.0
546.0,clear,15.00,0.25,1569.35,0,15.00,0.25,1343.46,1,2,1,4.00,9.00,0,240.0,0.00,0.00,queued,11.11,11.11,1,0.0
547.0,clear,15.00,0.25,1569.35,0,15.00,0.25,1343.46,1,2,1,4.00,9.00,0,240.0,0.00,0.00,queued,11.11,11.11,1,0.0
548.0,clear,15.00,0.25,1569.35,0,15.00,0.25,1343.46,1,2,1,4.00,9.00,0,240.0,0.00,0.00,queued,11.11,11.11,1,0.0
549.0,clear,15.00,0.25,1569.35,0,15.00,0.25,1343.46,1,2,1,4.00,9.00,0,240.0,0.00,0.00,queued,11.11,11.11,1,0.0
550.0,clear,15.00,0.25,1569.35,0,15.00,0.25,1343.46,1,2,1,4.00,9.00,0,240.0,0.00,0.00,queued,11.11,11.11,1,0.0
551.0,clear,15.00,0.25,1569.35,0,15.00,0.25,1343.46,1,2,1,4.00,9.00,0,240.0,0.00,0.00,queued,11.11,11.11,1,0.0
552.0,clear,15.00,0.25,1569.35,0,15.00,0.25,1343.46,1,2,1,4.00,9.00,0,240.0,0.00,0.00,queued,11.11,11.11,1,0.0
553.0,clear,15.00,0.25,1569.35,0,15.00,0.25,1343.46,1,2,1,4.00,9.00,0,240.0,0.00,0.00,queued,11.11,11.11,1,0.0
554.0,clear,15.00,0.25,1569.35,0,15.00,0.25,1343.46,1,2,1,4.00,9.00,0,240.0,0.00,0.00,queued,11.11,11.11,1,0.0
555.0,clear,15.00,0.25,1569.35,0,15.00,0.25,1343.46,1,2,1,4.00,9.00,0,240.0,0.00,0.00,queued,11.11,11.11,1,0.0
556.0,clear,15.00,0.25,1569.35,0,15.00,0.25,1343.46,1,2,1,4.00,9.00,0,240.0,0.00,0.00,queued,11.11,11.11,1,0.0
557.0,clear,15.00,0.25,1569.35,0,15.00,0.25,1343.46,1,2,1,4.00,9.00,0,240.0,0.00,0.00,queued,11.11,11.11,1,0.0
558.0,clear,15.00,0.25,1569.35,0,15.00,0.25,1343.46,1,2,1,4.00,9.00,0,240.0,0.00,0.00,queued,11.11,11.11,1,0.0
559.0,clear,15.00,0.25,1569.35,0,15.00,0.25,1343.46,1,2,1,4.00,9.00,0,240.0,0.00,0.00,queued,11.11,11.11,1,0.0
560.0,clear,15.00,0.25,1569.35,0,15.00,0.25,1343.46,1,2,1,4.00,9.00,0,240.0,0.00,0.00,queued,11.11,11.11,1,0.0
561.0,clear,15.00,0.25,1569.35,0,15.00,0.25,1343.46,1,2,1,4.00,9.00,0,240.0,0.00,0.00,queued,11.11,11.11,1,0.0
562.0,clear,15.00,0.25,1569.35,0,15.00,0.25,1343.46,1,2,1,4.00,9.00,0,240.0,0.00,0.00,queued,11.11,11.11,1,0.0
563.0,clear,15.00,0.25,1569.35,0,15.00,0.25,1343.46,1,2,1,4.00,9.00,0,240.0,0.00,0.00,queued,11.11,11.11,1,0.0
564.0,clear,15.00,0.25,1569.35,0,15.00,0.25,1343.46,1,2,1,4.00,9.00,0,240.0,0.00,0.00,queued,11.11,11.11,1,0.0
565.0,clear,15.00,0.25,1569.35,0,15.00,0.25,1343.46,1,2,1,4.00,9.00,0,240.0,0.00,0.00,queued,11.11,11.11,1,0.0
566.0,clear,15.00,0.25,1569.35,0,15.00,0.25,1343.46,1,2,1,4.00,9.00,0,240.0,0.00,0.00,queued,11.11,11.11,1,0.0
567.0,clear,15.00,0.25,1569.35,0,15.00,0.25,1343.46,1,2,1,4.00,9.00,0,240.0,0.00,0.00,queued,11.11,11.11,1,0.0
568.0,clear,15.00,0.25,1569.35,0,15.00,0.25,1343.46,1,2,1,4.00,9.00,0,240.0,0.00,0.00,queued,11.11,11.11,1,0.0
569.0,clear,15.00,0.25,1569.35,0,15.00,0.25,1343.46,1,2,1,4.00,9.00,0,240.0,0.00,0.00,queued,11.11,11.11,1,0.0
570.0,clear,15.00,0.25,1569.35,0,15.00,0.25,1343.46,1,2,1,4.00,9.00,0,240.0,0.00,0.00,queued,11.11,11.11,1,0.0
571.0,clear,15.00,0.25,1569.35,0,15.00,0.25,1343.46,1,2,1,4.00,9.00,0,240.0,0.00,0.00,queued,11.11,11.11,1,0.0
572.0,clear,15.00,0.25,1569.35,0,15.00,0.25,1343.46,1,2,1,4.00,9.00,0,240.0,0.00,0.00,queued,11.11,11.11,1,0.0
573.0,clear,15.00,0.25,1569.35,0,15.00,0.25,1343.46,1,2,1,4.00,9.00,0,240.0,0.00,0.00,queued,11.11,11.11,1,0.0
574.0,clear,15.00,0.25,1569.35,0,15.00,0.25,1343.46,1,2,1,4.00,9.00,0,240.0,0.00,0.00,queued,11.11,11.11,1,0.0
575.0,clear,15.00,0.25,1569.35,0,15.00,0.25,1343.46,1,2,1,4.00,9.00,0,240.0,0.00,0.00,queued,11.11,11.11,1,0.0
576.0,clear,15.00,0.25,1569.35,0,15.00,0.25,1343.46,1,2,1,4.00,9.00,0,240.0,0.00,0.00,queued,11.11,11.11,1,0.0
577.0,clear,15.00,0.25,1569.35,0,15.00,0.25,1343.46,1,2,1,4.00,9.00,0,240.0,0.00,0.00,queued,11.11,11.11,1,0.0
578.0,clear,15.00,0.25,1569.35,0,15.00,0.25,1343.46,1,2,1,4.00,9.00,0,240.0,0.00,0.00,queued,11.11,11.11,1,0.0
579.0,clear,15.00,0.25,1569.35,0,15.00,0.25,1343.46,1,2,1,4.00,9.00,0,240.0,0.00,0.00,queued,11.11,11.11,1,0.0
580.0,clear,15.00,0.25,1569.35,0,15.00,0.25,1343.46,1,2,1,4.00,9.00,0,240.0,0.00,0.00,queued,11.11,11.11,1,0.0
581.0,clear,15.00,0.25,1569.35,0,15.00,0.25,1343.46,1,2,1,4.00,9.00,0,240.0,0.00,0.00,queued,11.11,11.11,1,0.0
582.0,clear,15.00,0.25,1569.35,0,15.00,0.25,1343.46,1,2,1,4.00,9.00,0,240.0,0.00,0.00,queued,11.11,11.11,1,0.0
583.0,clear,15.00,0.25,1569.35,0,15.00,0.25,1343.46,1,2,1,4.00,9.00,0,240.0,0.00,0.00,queued,11.11,11.11,1,0.0
584.0,clear,15.00,0.25,1569.35,0,15.00,0.25,1343.46,1,2,1,4.00,9.00,0,240.0,0.00,0.00,queued,11.11,11.11,1,0.0
585.0,clear,15.00,0.25,1569.35,0,15.00,0.25,1343.46,1,2,1,4.00,9.00,0,240.0,0.00,0.00,queued,11.11,11.11,1,0.0
586.0,clear,15.00,0.25,1569.35,0,15.00,0.25,1343.46,1,2,1,4.00,9.00,0,240.0,0.00,0.00,queued,11.11,11.11,1,0.0
587.0,clear,15.00,0.25,1569.35,0,15.00,0.25,1343.46,1,2,1,4.00,9.00,0,240.0,0.00,0.00,queued,11.11,11.11,1,0.0
588.0,clear,15.00,0.25,1569.35,0,15.00,0.25,1343.46,1,2,1,4.00,9.00,0,240.0,0.00,0.00,queued,11.11,11.11,1,0.0
589.0,clear,15.00,0.25,1569.35,0,15.00,0.25,1343.46,1,2,1,4.00,9.00,0,240.0,0.00,0.00,queued,11.11,11.11,1,0.0
590.0,clear,15.00,0.25,1569.35,0,15.00,0.25,1343.46,1,2,1,4.00,9.00,0,240.0,0.00,0.00,queued,11.11,11.11,1,0.0
591.0,clear,15.00,0.25,1569.35,0,15.00,0.25,1343.46,1,2,1,4.00,9.00,0,240.0,0.00,0.00,queued,11.11,11.11,1,0.0
592.0,clear,15.00,0.25,1569.35,0,15.00,0.25,1343.46,1,2,1,4.00,9.00,0,240.0,0.00,0.00,queued,11.11,11.11,1,0.0
593.0,clear,15.00,0.25,1569.35,0,15.00,0.25,1343.46,1,2,1,4.00,9.00,0,240.0,0.00,0.00,queued,11.11,11.11,1,0.0
594.0,clear,15.00,0.25,1569.35,0,15.00,0.25,1343.46,1,2,1,4.00,9.00,0,240.0,0.00,0.00,queued,11.11,11.11,1,0.0
595.0,clear,15.00,0.25,1569.35,0,15.00,0.25,1343.46,1,2,1,4.00,9.00,0,240.0,0.00,0.00,queued,11.11,11.11,1,0.0
596.0,clear,15.00,0.25,1569.35,0,15.00,0.25,1343.46,1,2,1,4.00,9.00,0,240.0,0.00,0.00,queued,11.11,11.11,1,0.0
597.0,clear,15.00,0.25,1569.35,0,15.00,0.25,1343.46,1,2,1,4.00,9.00,0,240.0,0.00,0.00,queued,11.11,11.11,1,0.0
598.0,clear,15.00,0.25,1569.35,0,15.00,0.25,1343.46,1,2,1,4.00,9.00,0,240.0,0.00,0.00,queued,11.11,11.11,1,0.0
599.0,clear,15.00,0.25,1569.35,0,15.00,0.25,1343.46,1,2,1,4.00,9.00,0,240.0,0.00,0.00,queued,11.11,11.11,1,0.0
600.0,clear,15.00,0.25,1569.35,0,15.00,0.25,1343.46,1,2,1,4.00,9.00,0,240.0,0.00,0.00,queued,11.11,11.11,1,0.0
601.0,clear,15.00,0.25,1569.35,0,15.00,0.25,1343.46,1,2,1,4.00,9.00,0,240.0,0.00,0.00,queued,11.11,11.11,1,0.0
602.0,clear,15.00,0.25,1569.35,0,15.00,0.25,1343.46,1,2,1,4.00,9.00,0,240.0,0.00,0.00,queued,11.11,11.11,1,0.0
603.0,clear,15.00,0.25,1569.35,0,15.00,0.25,1343.46,1,2,1,4.00,9.00,0,240.0,0.00,0.00,queued,11.11,11.11,1,0.0
604.0,clear,15.00,0.25,1569.35,0,15.00,0.25,1343.46,1,2,1,4.00,9.00,0,240.0,0.00,0.00,queued,11.11,11.11,1,0.0
605.0,clear,15.00,0.25,1569.35,0,15.00,0.25,1343.46,1,2,1,4.00,9.00,0,240.0,0.00,0.00,queued,11.11,11.11,1,0.0
606.0,clear,15.00,0.25,1569.35,0,15.00,0.25,1343.46,1,2,1,4.00,9.00,0,240.0,0.00,0.00,queued,11.11,11.11,1,0.0
607.0,clear,15.00,0.25,1569.35,0,15.00,0.25,1343.46,1,2,1,4.00,9.00,0,240.0,0.00,0.00,queued,11.11,11.11,1,0.0
608.0,clear,15.00,0.25,1569.35,0,15.00,0.25,1343.46,1,2,1,4.00,9.00,0,240.0,0.00,0.00,queued,11.11,11.11,1,0.0
609.0,clear,15.00,0.25,1569.35,0,15.00,0.25,1343.46,1,2,1,4.00,9.00,0,240.0,0.00,0.00,queued,11.11,11.11,1,0.0
610.0,clear,15.00,0.25,1569.35,0,15.00,0.25,1343.46,1,2,1,4.00,9.00,0,240.0,0.00,0.00,queued,11.11,11.11,1,0.0
611.0,clear,15.00,0.25,1569.35,0,15.00,0.25,1343.46,1,2,1,4.00,9.00,0,240.0,0.00,0.00,queued,11.11,11.11,1,0.0
612.0,clear,15.00,0.25,1569.35,0,15.00,0.25,1343.46,1,2,1,4.00,9.00,0,240.0,0.00,0.00,queued,11.11,11.11,1,0.0
613.0,clear,15.00,0.25,1569.35,0,15.00,0.25,1343.46,1,2,1,4.00,9.00,0,240.0,0.00,0.00,queued,11.11,11.11,1,0.0
614.0,clear,15.00,0.25,1569.35,0,15.00,0.25,1343.46,1,2,1,4.00,9.00,0,240.0,0.00,0.00,queued,11.11,11.11,1,0.0
615.0,clear,15.00,0.25,1569.35,0,15.00,0.25,1343.46,1,2,1,4.00,9.00,0,240.0,0.00,0.00,queued,11.11,11.11,1,0.0
616.0,clear,15.00,0.25,1569.35,0,15.00,0.25,1343.46,1,2,1,4.00,9.00,0,240.0,0.00,0.00,queued,11.11,11.11,1,0.0
617.0,clear,15.00,0.25,1569.35,0,15.00,0.25,1343.46,1,2,1,4.00,9.00,0,240.0,0.00,0.00,queued,11.11,11.11,1,0.0
618.0,clear,15.00,0.25,1569.35,0,15.00,0.25,1343.46,1,2,1,4.00,9.00,0,240.0,0.00,0.00,queued,11.11,11.11,1,0.0
619.0,clear,15.00,0.25,1569.35,0,15.00,0.25,1343.46,1,2,1,4.00,9.00,0,240.0,0.00,0.00,queued,11.11,11.11,1,0.0
620.0,clear,15.00,0.25,1569.35,0,15.00,0.25,1343.46,1,2,1,4.00,9.00,0,240.0,0.00,0.00,queued,11.11,11.11,1,0.0
621.0,clear,15.00,0.25,1569.35,0,15.00,0.25,1343.46,1,2,1,4.00,9.00,0,240.0,0.00,0.00,queued,11.11,11.11,1,0.0
622.0,clear,15.00,0.25,1569.35,0,15.00,0.25,1343.46,1,2,1,4.00,9.00,0,240.0,0.00,0.00,queued,11.11,11.11,1,0.0
623.0,clear,15.00,0.25,1569.35,0,15.00,0.25,1343.46,1,2,1,4.00,9.00,0,240.0,0.00,0.00,queued,11.11,11.11,1,0.0
624.0,clear,15.00,0.25,1569.35,0,15.00,0.25,1343.46,1,2,1,4.00,9.00,0,240.0,0.00,0.00,queued,11.11,11.11,1,0.0
625.0,clear,15.00,0.25,1569.35,0,15.00,0.25,1343.46,1,2,1,4.00,9.00,0,240.0,0.00,0.00,queued,11.11,11.11,1,0.0
626.0,clear,15.00,0.25,1569.35,0,15.00,0.25,1343.46,1,2,1,4.00,9.00,0,240.0,0.00,0.00,queued,11.11,11.11,1,0.0
627.0,clear,15.00,0.25,1569.35,0,15.00,0.25,1343.46,2,2,2,4.00,12.00,0,240.0,0.00,0.00,queued,11.11,11.11,1,0.0
628.0,clear,15.00,0.25,1569.35,0,15.00,0.25,1343.46,2,2,2,4.00,12.00,0,240.0,0.00,0.00,queued,11.11,11.11,1,0.0
629.0,clear,15.00,0.25,1569.35,0,15.00,0.25,1343.46,2,2,2,4.00,12.00,0,240.0,0.00,0.00,queued,11.11,11.11,1,0.0
630.0,clear,15.00,0.25,1569.35,0,15.00,0.25,1343.46,2,2,2,4.00,12.00,0,240.0,0.00,0.00,queued,11.11,11.11,1,0.0
631.0,clear,15.00,0.25,1569.35,0,15.00,0.25,1343.46,2,2,2,4.00,12.00,0,240.0,0.00,0.00,queued,11.11,11.11,1,0.0
632.0,clear,15.00,0.25,1569.35,0,15.00,0.25,1343.46,2,2,2,4.00,12.00,0,240.0,0.00,0.00,queued,11.11,11.11,1,0.0
633.0,clear,15.00,0.25,1569.35,0,15.00,0.25,1343.46,2,2,2,4.00,12.00,0,240.0,0.00,0.00,queued,11.11,11.11,1,0.0
634.0,clear,15.00,0.25,1569.35,0,15.00,0.25,1343.46,2,2,2,4.00,12.00,0,240.0,0.00,0.00,queued,11.11,11.11,1,0.0
635.0,clear,15.00,0.25,1569.35,0,15.00,0.25,1343.46,2,2,2,4.00,12.00,0,240.0,0.00,0.00,queued,11.11,11.11,1,0.0
636.0,clear,15.00,0.25,1569.35,0,15.00,0.25,1343.46,2,2,2,4.00,12.00,0,240.0,0.00,0.00,queued,11.11,11.11,1,0.0
637.0,clear,15.00,0.25,1569.35,0,15.00,0.25,1343.46,2,2,2,4.00,12.00,0,240.0,0.00,0.00,queued,11.11,11.11,1,0.0
638.0,clear,15.00,0.25,1569.35,0,15.00,0.25,1343.46,2,2,2,4.00,12.00,0,240.0,0.00,0.00,queued,11.11,11.11,1,0.0
639.0,clear,15.00,0.25,1569.35,0,15.00,0.25,1343.46,2,2,2,4.00,12.00,0,240.0,0.00,0.00,queued,11.11,11.11,1,0.0
640.0,clear,15.00,0.25,1569.35,0,15.00,0.25,1343.46,2,2,2,4.00,12.00,0,240.0,0.00,0.00,queued,11.11,11.11,1,0.0
641.0,clear,15.00,0.25,1569.35,0,15.00,0.25,1343.46,2,2,2,4.00,12.00,0,240.0,0.00,0.00,queued,11.11,11.11,1,0.0
642.0,clear,15.00,0.25,1569.35,0,15.00,0.25,1343.46,2,2,2,4.00,12.00,0,240.0,0.00,0.00,queued,11.11,11.11,1,0.0
643.0,clear,15.00,0.25,1569.35,0,15.00,0.25,1343.46,2,2,2,4.00,12.00,0,240.0,0.00,0.00,queued,11.11,11.11,1,0.0
644.0,clear,15.00,0.25,1569.35,0,15.00,0.25,1343.46,2,2,2,4.00,12.00,0,240.0,0.00,0.00,queued,11.11,11.11,1,0.0
645.0,clear,15.00,0.25,1569.35,0,15.00,0.25,1343.46,2,2,2,4.00,12.00,0,240.0,0.00,0.00,queued,11.11,11.11,1,0.0
646.0,clear,15.00,0.25,1569.35,0,15.00,0.25,1343.46,2,2,2,4.00,12.00,0,240.0,0.00,0.00,queued,11.11,11.11,1,0.0
647.0,clear,15.00,0.25,1569.35,0,15.00,0.25,1343.46,2,2,2,4.00,12.00,0,240.0,0.00,0.00,queued,11.11,11.11,1,0.0
648.0,clear,15.00,0.25,1569.35,0,15.00,0.25,1343.46,2,2,2,4.00,12.00,0,240.0,0.00,0.00,queued,11.11,11.11,1,0.0
649.0,clear,15.00,0.25,1569.35,0,15.00,0.25,1343.46,2,2,2,4.00,12.00,0,240.0,0.00,0.00,queued,11.11,11.11,1,0.0
650.0,clear,15.00,0.25,1569.35,0,15.00,0.25,1343.46,2,2,2,4.00,12.00,0,240.0,0.00,0.00,queued,11.11,11.11,1,0.0
651.0,clear,15.00,0.25,1569.35,0,15.00,0.25,1343.46,2,2,2,4.00,12.00,0,240.0,0.00,0.00,queued,11.11,11.11,1,0.0
652.0,clear,15.00,0.25,1569.35,0,15.00,0.25,1343.46,2,2,2,4.00,12.00,0,240.0,0.00,0.00,queued,11.11,11.11,1,0.0
653.0,clear,15.00,0.25,1569.35,0,15.00,0.25,1343.46,2,2,2,4.00,12.00,0,240.0,0.00,0.00,queued,11.11,11.11,1,0.0
654.0,clear,15.00,0.25,1569.35,0,15.00,0.25,1343.46,2,2,2,4.00,12.00,0,240.0,0.00,0.00,queued,11.11,11.11,1,0.0
655.0,clear,15.00,0.25,1569.35,0,15.00,0.25,1343.46,2,2,2,4.00,12.00,0,240.0,0.00,0.00,queued,11.11,11.11,1,0.0
656.0,clear,15.00,0.25,1569.35,0,15.00,0.25,1343.46,2,2,2,4.00,12.00,0,240.0,0.00,0.00,queued,11.11,11.11,1,0.0
657.0,clear,15.00,0.25,1569.35,0,15.00,0.25,1343.46,2,2,2,4.00,12.00,0,240.0,0.00,0.00,queued,11.11,11.11,1,0.0
658.0,clear,15.00,0.25,1569.35,0,15.00,0.25,1343.46,2,2,2,4.00,12.00,0,240.0,0.00,0.00,queued,11.11,11.11,1,0.0
659.0,clear,15.00,0.25,1569.35,0,15.00,0.25,1343.46,2,2,2,4.00,12.00,0,240.0,0.00,0.00,queued,11.11,11.11,1,0.0
660.0,clear,15.00,0.25,1569.35,0,15.00,0.25,1343.46,2,2,2,4.00,12.00,0,240.0,0.00,0.00,queued,11.11,11.11,1,0.0
661.0,clear,15.00,0.25,1569.35,0,15.00,0.25,1343.46,2,2,2,4.00,12.00,0,240.0,0.00,0.00,queued,11.11,11.11,1,0.0
662.0,clear,15.00,0.25,1569.35,0,15.00,0.25,1343.46,2,2,2,4.00,12.00,0,240.0,0.00,0.00,queued,11.11,11.11,1,0.0
663.0,clear,15.00,0.25,1569.35,0,15.00,0.25,1343.46,2,2,2,4.00,12.00,0,240.0,0.00,0.00,queued,11.11,11.11,1,0.0
664.0,clear,15.00,0.25,1569.35,0,15.00,0.25,1343.46,2,2,2,4.00,12.00,0,240.0,0.00,0.00,queued,11.11,11.11,1,0.0
665.0,clear,15.00,0.25,1569.35,0,15.00,0.25,1343.46,2,2,2,4.00,12.00,0,240.0,0.00,0.00,queued,11.11,11.11,1,0.0
666.0,clear,15.00,0.25,1569.35,0,15.00,0.25,1343.46,2,2,2,4.00,12.00,0,240.0,0.00,0.00,queued,11.11,11.11,1,0.0
667.0,clear,15.00,0.25,1569.35,0,15.00,0.25,1343.46,2,2,2,4.00,12.00,0,240.0,0.00,0.00,queued,11.11,11.11,1,0.0
668.0,clear,15.00,0.25,1569.35,0,15.00,0.25,1343.46,2,2,2,4.00,12.00,0,240.0,0.00,0.00,queued,11.11,11.11,1,0.0
669.0,clear,15.00,0.25,1569.35,0,15.00,0.25,1343.46,2,2,2,4.00,12.00,0,240.0,0.00,0.00,queued,11.11,11.11,1,0.0
670.0,clear,15.00,0.25,1569.35,0,15.00,0.25,1343.46,2,2,2,4.00,12.00,0,240.0,0.00,0.00,queued,11.11,11.11,1,0.0
671.0,clear,15.00,0.25,1569.35,0,15.00,0.25,1343.46,2,2,2,4.00,12.00,0,240.0,0.00,0.00,queued,11.11,11.11,1,0.0
672.0,clear,15.00,0.25,1569.35,0,15.00,0.25,1343.46,2,2,2,4.00,12.00,0,240.0,0.00,0.00,queued,11.11,11.11,1,0.0
673.0,clear,15.00,0.25,1569.35,0,15.00,0.25,1343.46,2,2,2,4.00,12.00,0,240.0,0.00,0.00,queued,11.11,11.11,1,0.0
674.0,clear,15.00,0.25,1569.35,0,15.00,0.25,1343.46,2,2,2,4.00,12.00,0,240.0,0.00,0.00,queued,11.11,11.11,1,0.0
675.0,clear,15.00,0.25,1569.35,0,15.00,0.25,1343.46,2,2,2,4.00,12.00,0,240.0,0.00,0.00,queued,11.11,11.11,1,0.0
676.0,clear,15.00,0.25,1569.35,0,15.00,0.25,1343.46,2,2,2,4.00,12.00,0,240.0,0.00,0.00,queued,11.11,11.11,1,0.0
677.0,clear,15.00,0.25,1569.35,0,15.00,0.25,1343.46,2,2,2,4.00,12.00,0,240.0,0.00,0.00,queued,11.11,11.11,1,0.0
678.0,clear,15.00,0.25,1569.35,0,15.00,0.25,1343.46,2,2,2,4.00,12.00,0,240.0,0.00,0.00,queued,11.11,11.11,1,0.0
679.0,clear,15.00,0.25,1569.35,0,15.00,0.25,1343.46,2,2,2,4.00,12.00,0,240.0,0.00,0.00,queued,11.11,11.11,1,0.0
680.0,clear,15.00,0.25,1569.35,0,15.00,0.25,1343.46,2,2,2,4.00,12.00,0,240.0,0.00,0.00,queued,11.11,11.11,1,0.0
681.0,clear,15.00,0.25,1569.35,0,15.00,0.25,1343.46,1,2,1,4.00,9.00,0,240.0,1.34,1.34,traveling,7.18,7.18,0,91.0
682.0,clear,15.00,0.25,1569.35,0,15.00,0.25,1343.46,1,2,1,4.00,9.00,0,240.0,2.68,4.02,traveling,7.18,7.18,0,91.0
683.0,clear,15.00,0.25,1569.35,0,15.00,0.25,1343.46,1,2,1,4.00,9.00,0,240.0,4.02,8.04,traveling,7.18,7.18,0,91.0
684.0,clear,15.00,0.25,1569.35,0,15.00,0.25,1343.46,1,2,1,4.00,9.00,0,240.0,5.36,13.40,traveling,7.18,7.18,0,91.0
685.0,clear,15.00,0.25,1569.35,0,15.00,0.25,1343.46,1,2,1,4.00,9.00,0,240.0,6.69,20.10,traveling,7.18,7.18,0,91.0
686.0,clear,15.00,0.25,1569.35,0,15.00,0.25,1343.46,1,2,1,4.00,9.00,0,240.0,7.18,27.27,traveling,7.18,7.18,0,91.0
687.0,clear,15.00,0.25,1569.35,0,15.00,0.25,1343.46,1,2,1,4.00,9.00,0,240.0,7.18,34.45,traveling,7.18,7.18,0,91.0
688.0,clear,15.00,0.25,1569.35,0,15.00,0.25,1343.46,1,2,1,4.00,9.00,0,240.0,7.18,41.62,traveling,7.18,7.18,0,91.0
689.0,clear,15.00,0.25,1569.35,0,15.00,0.25,1343.46,1,2,1,4.00,9.00,0,240.0,7.18,48.80,traveling,7.18,7.18,0,91.0
690.0,clear,15.00,0.25,1569.35,0,15.00,0.25,1343.46,1,2,1,4.00,9.00,0,240.0,7.18,55.97,traveling,7.18,7.18,0,91.0
691.0,clear,15.00,0.25,1569.35,0,15.00,0.25,1343.46,1,2,1,4.00,9.00,0,240.0,7.18,63.15,traveling,7.18,7.18,0,91.0
692.0,clear,15.00,0.25,1569.35,0,15.00,0.25,1343.46,1,2,1,4.00,9.00,0,240.0,7.18,70.32,traveling,7.18,7.18,0,91.0
693.0,clear,15.00,0.25,1569.35,0,15.00,0.25,1343.46,1,2,1,4.00,9.00,0,240.0,7.18,77.50,traveling,7.18,7.18,0,91.0
694.0,clear,15.00,0.25,1569.35,0,15.00,0.25,1343.46,1,2,1,4.00,9.00,0,240.0,7.18,84.67,traveling,7.18,7.18,0,91.0
695.0,clear,15.00,0.25,1569.35,0,15.00,0.25,1343.46,1,2,1,4.00,9.00,0,240.0,7.18,91.85,traveling,7.18,7.18,0,91.0
696.0,clear,15.00,0.25,1569.35,0,15.00,0.25,1343.46,1,2,1,4.00,9.00,0,240.0,7.18,99.02,traveling,7.18,7.18,0,91.0
697.0,clear,15.00,0.25,1569.35,0,15.00,0.25,1343.46,1,2,1,4.00,9.00,0,240.0,7.18,106.20,traveling,7.18,7.18,0,91.0
698.0,clear,15.00,0.25,1569.35,0,15.00,0.25,1343.46,1,2,1,4.00,9.00,0,240.0,7.18,113.37,traveling,7.18,7.18,0,91.0
699.0,clear,15.00,0.25,1569.35,0,15.00,0.25,1343.46,1,2,1,4.00,9.00,0,240.0,7.18,120.55,traveling,7.18,7.18,0,91.0
700.0,clear,15.00,0.25,1569.35,0,15.00,0.25,1343.46,1,2,1,4.00,9.00,0,240.0,7.18,127.72,traveling,7.18,7.18,0,91.0
701.0,clear,15.00,0.25,1569.35,0,15.00,0.25,1343.46,1,2,1,4.00,9.00,0,240.0,7.18,134.90,traveling,7.18,7.18,0,91.0
702.0,clear,15.00,0.25,1569.35,0,15.00,0.25,1343.46,1,2,1,4.00,9.00,0,240.0,7.18,142.07,traveling,7.18,7.18,0,91.0
703.0,clear,15.00,0.25,1569.35,0,15.00,0.25,1343.46,1,2,1,4.00,9.00,0,240.0,7.18,149.25,traveling,7.18,7.18,0,91.0
704.0,clear,15.00,0.25,1569.35,0,15.00,0.25,1343.46,1,2,1,4.00,9.00,0,240.0,7.18,156.42,traveling,7.18,7.18,0,91.0
705.0,clear,15.00,0.25,1569.35,0,15.00,0.25,1343.46,1,2,1,4.00,9.00,0,240.0,7.18,163.60,traveling,7.18,7.18,0,91.0
706.0,clear,15.00,0.25,1569.35,0,15.00,0.25,1343.46,1,2,1,4.00,9.00,0,240.0,7.18,170.77,traveling,7.18,7.18,0,91.0
707.0,clear,15.00,0.25,1569.35,0,15.00,0.25,1343.46,1,2,1,4.00,9.00,0,240.0,7.18,177.95,traveling,7.18,7.18,0,91.0
708.0,clear,15.00,0.25,1569.35,0,15.00,0.25,1343.46,1,2,1,4.00,9.00,0,240.0,7.18,185.12,traveling,7.18,7.18,0,91.0
709.0,clear,15.00,0.25,1569.35,0,15.00,0.25,1343.46,1,2,1,4.00,9.00,0,240.0,7.18,192.30,traveling,7.18,7.18,0,91.0
710.0,clear,15.00,0.25,1569.35,0,15.00,0.25,1343.46,1,2,1,4.00,9.00,0,240.0,7.18,199.47,traveling,7.18,7.18,0,91.0
711.0,clear,15.00,0.25,1569.35,0,15.00,0.25,1343.46,1,2,1,4.00,9.00,0,240.0,7.18,206.65,traveling,7.18,7.18,0,91.0
712.0,clear,15.00,0.25,1569.35,0,15.00,0.25,1343.46,1,2,1,4.00,9.00,0,240.0,7.18,213.82,traveling,7.18,7.18,0,91.0
713.0,clear,15.00,0.25,1569.35,0,15.00,0.25,1343.46,1,2,1,4.00,9.00,0,240.0,7.18,221.00,traveling,7.18,7.18,0,91.0
714.0,clear,15.00,0.25,1569.35,0,15.00,0.25,1343.46,1,2,1,4.00,9.00,0,240.0,7.18,228.17,traveling,7.18,7.18,0,91.0
715.0,clear,15.00,0.25,1569.35,0,15.00,0.25,1343.46,1,2,1,4.00,9.00,0,240.0,7.18,235.35,traveling,7.18,7.18,0,91.0
716.0,clear,15.00,0.25,1569.35,0,15.00,0.25,1343.46,1,2,1,4.00,9.00,0,240.0,7.18,242.52,traveling,7.18,7.18,0,91.0
717.0,clear,15.00,0.25,1569.35,0,15.00,0.25,1343.46,1,2,1,4.00,9.00,0,240.0,7.18,249.70,traveling,7.18,7.18,0,91.0
718.0,clear,15.00,0.25,1569.35,0,15.00,0.25,1343.46,1,2,1,4.00,9.00,0,240.0,7.18,256.87,traveling,7.18,7.18,0,91.0
719.0,clear,15.00,0.25,1569.35,0,15.00,0.25,1343.46,1,1,1,3.00,9.00,0,240.0,7.18,264.05,traveling,7.18,7.18,0,91.0
720.0,clear,15.00,0.25,1569.35,0,15.00,0.25,1343.46,1,1,1,3.00,9.00,0,240.0,7.18,271.22,traveling,7.18,7.18,0,91.0
721.0,clear,15.00,0.25,1569.35,0,15.00,0.25,1343.46,1,1,1,3.00,9.00,0,240.0,7.18,278.40,traveling,7.18,7.18,0,91.0
722.0,clear,15.00,0.25,1569.35,0,15.00,0.25,1343.46,1,1,1,3.00,9.00,0,240.0,7.18,285.57,traveling,7.18,7.18,0,91.0
723.0,clear,15.00,0.25,1569.35,0,15.00,0.25,1343.46,1,1,1,3.00,9.00,0,240.0,7.18,292.75,traveling,7.18,7.18,0,91.0
724.0,clear,15.00,0.25,1569.35,0,15.00,0.25,1343.46,1,1,1,3.00,9.00,0,240.0,7.18,299.92,traveling,7.18,7.18,0,91.0
725.0,clear,15.00,0.25,1569.35,0,15.00,0.25,1343.46,1,1,1,3.00,9.00,0,240.0,7.18,307.10,traveling,7.18,7.18,0,91.0
726.0,clear,15.00,0.25,1569.35,0,15.00,0.25,1343.46,1,1,1,3.00,9.00,0,240.0,7.18,314.27,traveling,7.18,7.18,0,91.0
727.0,clear,15.00,0.25,1569.35,0,15.00,0.25,1343.46,1,1,1,3.00,9.00,0,240.0,7.18,321.45,traveling,7.18,7.18,0,91.0
728.0,clear,15.00,0.25,1569.35,0,15.00,0.25,1343.46,1,1,1,3.00,9.00,0,240.0,7.18,328.62,traveling,7.18,7.18,0,91.0
729.0,clear,15.00,0.25,1569.35,0,15.00,0.25,1343.46,1,1,1,3.00,9.00,0,240.0,7.18,335.80,traveling,7.18,7.18,0,91.0
730.0,clear,15.00,0.25,1569.35,0,15.00,0.25,1343.46,1,1,1,3.00,9.00,0,240.0,7.18,342.97,traveling,7.18,7.18,0,91.0
731.0,clear,15.00,0.25,1569.35,0,15.00,0.25,1343.46,1,1,1,3.00,9.00,0,240.0,7.18,350.15,traveling,7.18,7.18,0,91.0
732.0,clear,15.00,0.25,1569.35,0,15.00,0.25,1343.46,1,1,1,3.00,9.00,0,240.0,7.18,357.32,traveling,7.18,7.18,0,91.0
733.0,clear,15.00,0.25,1569.35,0,15.00,0.25,1343.46,1,1,1,3.00,9.00,0,240.0,7.18,364.50,traveling,7.18,7.18,0,91.0
734.0,clear,15.00,0.25,1569.35,0,15.00,0.25,1343.46,1,1,1,3.00,9.00,0,240.0,7.18,371.67,traveling,7.18,7.18,0,91.0
735.0,clear,15.00,0.25,1569.35,0,15.00,0.25,1343.46,1,1,1,3.00,9.00,0,240.0,7.18,378.85,traveling,7.18,7.18,0,91.0
736.0,clear,15.00,0.25,1569.35,0,15.00,0.25,1343.46,1,1,1,3.00,9.00,0,240.0,7.18,386.02,traveling,7.18,7.18,0,91.0
737.0,clear,15.00,0.25,1569.35,0,15.00,0.25,1343.46,1,1,1,3.00,9.00,0,240.0,7.18,393.20,traveling,7.18,7.18,0,91.0
738.0,clear,15.00,0.25,1569.35,0,15.00,0.25,1343.46,1,1,1,3.00,9.00,0,240.0,7.18,400.37,traveling,7.18,7.18,0,91.0
739.0,clear,15.00,0.25,1569.35,0,15.00,0.25,1343.46,1,1,1,3.00,9.00,0,240.0,7.18,407.55,traveling,7.18,7.18,0,91.0
740.0,clear,15.00,0.25,1569.35,0,15.00,0.25,1343.46,1,1,1,3.00,9.00,0,240.0,7.18,414.72,traveling,7.18,7.18,0,91.0
741.0,clear,15.00,0.25,1569.35,0,15.00,0.25,1343.46,1,1,1,3.00,9.00,0,240.0,7.18,421.90,traveling,7.18,7.18,0,91.0
742.0,clear,15.00,0.25,1569.35,0,15.00,0.25,1343.46,1,1,1,3.00,9.00,0,240.0,7.18,429.07,traveling,7.18,7.18,0,91.0
743.0,clear,15.00,0.25,1569.35,0,15.00,0.25,1343.46,1,1,1,3.00,9.00,0,240.0,7.18,436.25,traveling,7.18,7.18,0,91.0
744.0,clear,15.00,0.25,1569.35,0,15.00,0.25,1343.46,1,1,1,3.00,9.00,0,240.0,7.18,443.42,traveling,7.18,7.18,0,91.0
745.0,clear,15.00,0.25,1569.35,0,15.00,0.25,1343.46,1,1,1,3.00,9.00,0,240.0,7.18,450.60,traveling,7.18,7.18,0,91.0
746.0,clear,15.00,0.25,1569.35,0,15.00,0.25,1343.46,1,1,1,3.00,9.00,0,240.0,7.18,457.77,traveling,7.18,7.18,0,91.0
747.0,clear,15.00,0.25,1569.35,0,15.00,0.25,1343.46,1,1,1,3.00,9.00,0,240.0,7.18,464.95,traveling,7.18,7.18,0,91.0
748.0,clear,15.00,0.25,1569.35,0,15.00,0.25,1343.46,1,1,1,3.00,9.00,0,240.0,7.18,472.12,traveling,7.18,7.18,0,91.0
749.0,clear,15.00,0.25,1569.35,0,15.00,0.25,1343.46,1,1,1,3.00,9.00,0,240.0,7.18,479.30,traveling,7.18,7.18,0,91.0
750.0,clear,15.00,0.25,1569.35,0,15.00,0.25,1343.46,1,1,1,3.00,9.00,0,240.0,7.18,486.47,traveling,7.18,7.18,0,91.0
751.0,clear,15.00,0.25,1569.35,0,15.00,0.25,1343.46,1,1,1,3.00,9.00,0,240.0,7.18,493.65,traveling,7.18,7.18,0,91.0
752.0,clear,15.00,0.25,1569.35,0,15.00,0.25,1343.46,1,1,1,3.00,9.00,0,240.0,7.18,500.82,traveling,7.18,7.18,0,91.0
753.0,clear,15.00,0.25,1569.35,0,15.00,0.25,1343.46,1,1,1,3.00,9.00,0,240.0,7.18,508.00,traveling,7.18,7.18,0,91.0
754.0,clear,15.00,0.25,1569.35,0,15.00,0.25,1343.46,1,1,1,3.00,9.00,0,240.0,7.18,515.17,traveling,7.18,7.18,0,91.0
755.0,clear,15.00,0.25,1569.35,0,15.00,0.25,1343.46,1,1,1,3.00,9.00,0,240.0,7.18,522.35,traveling,7.18,7.18,0,91.0
756.0,clear,15.00,0.25,1569.35,0,15.00,0.25,1343.46,1,1,1,3.00,9.00,0,240.0,7.18,529.52,traveling,7.18,7.18,0,91.0
757.0,clear,15.00,0.25,1569.35,0,15.00,0.25,1343.46,1,1,1,3.00,9.00,0,240.0,7.18,536.70,traveling,7.18,7.18,0,91.0
758.0,clear,15.00,0.25,1569.35,0,15.00,0.25,1343.46,1,1,1,3.00,9.00,0,240.0,7.18,543.87,traveling,7.18,7.18,0,91.0
759.0,clear,15.00,0.25,1569.35,0,15.00,0.25,1343.46,1,1,1,3.00,9.00,0,240.0,7.18,551.05,traveling,7.18,7.18,0,91.0
760.0,clear,15.00,0.25,1569.35,0,15.00,0.25,1343.46,1,1,1,3.00,9.00,0,240.0,7.18,558.22,traveling,7.18,7.18,0,91.0
761.0,clear,15.00,0.25,1569.35,0,15.00,0.25,1343.46,1,1,1,3.00,9.00,0,240.0,7.18,565.40,traveling,7.18,7.18,0,91.0
762.0,clear,15.00,0.25,1569.35,0,15.00,0.25,1343.46,1,1,1,3.00,9.00,0,240.0,7.18,572.57,traveling,7.18,7.18,0,91.0
763.0,clear,15.00,0.25,1569.35,0,15.00,0.25,1343.46,1,1,1,3.00,9.00,0,240.0,7.18,579.75,traveling,7.18,7.18,0,91.0
764.0,clear,15.00,0.25,1569.35,0,15.00,0.25,1343.46,1,1,1,3.00,9.00,0,240.0,7.18,586.92,traveling,7.18,7.18,0,91.0
765.0,clear,15.00,0.25,1569.35,0,15.00,0.25,1343.46,1,1,1,3.00,9.00,0,240.0,7.18,594.10,traveling,7.18,7.18,0,91.0
766.0,clear,15.00,0.25,1569.35,0,15.00,0.25,1343.46,1,1,1,3.00,9.00,0,240.0,7.18,601.27,traveling,7.18,7.18,0,91.0
767.0,clear,15.00,0.25,1569.35,0,15.00,0.25,1343.46,1,1,1,3.00,9.00,0,240.0,7.18,608.45,traveling,7.18,7.18,0,91.0
768.0,clear,15.00,0.25,1569.35,0,15.00,0.25,1343.46,1,1,1,3.00,9.00,0,240.0,7.18,615.62,traveling,7.18,7.18,0,91.0
769.0,clear,15.00,0.25,1569.35,0,15.00,0.25,1343.46,1,1,1,3.00,9.00,0,240.0,7.18,622.80,traveling,7.18,7.18,0,91.0
770.0,clear,15.00,0.25,1569.35,0,15.00,0.25,1343.46,1,1,1,3.00,9.00,0,240.0,7.18,629.97,traveling,7.18,7.18,0,91.0
771.0,clear,15.00,0.25,1569.35,0,15.00,0.25,1343.46,1,1,1,3.00,9.00,0,240.0,7.18,637.15,traveling,7.18,7.18,0,91.0
772.0,clear,15.00,0.25,1569.35,0,15.00,0.25,1343.46,1,1,1,3.00,9.00,0,240.0,7.18,644.32,traveling,7.18,7.18,0,91.0
773.0,clear,15.00,0.25,1569.35,0,15.00,0.25,1343.46,1,1,1,3.00,9.00,0,240.0,7.18,651.50,traveling,7.18,7.18,0,91.0
774.0,clear,15.00,0.25,1569.35,0,15.00,0.25,1343.46,1,1,1,3.00,9.00,0,240.0,7.18,658.67,traveling,7.18,7.18,0,91.0
775.0,clear,15.00,0.25,1569.35,0,15.00,0.25,1343.46,1,1,1,3.00,9.00,0,240.0,7.18,665.85,traveling,7.18,7.18,0,91.0
776.0,clear,15.00,0.25,1569.35,0,15.00,0.25,1343.46,1,1,1,3.00,9.00,0,240.0,7.18,673.02,traveling,7.18,7.18,0,91.0
777.0,clear,15.00,0.25,1569.35,0,15.00,0.25,1343.46,1,1,1,3.00,9.00,0,240.0,7.18,680.20,traveling,7.18,7.18,0,91.0
778.0,clear,15.00,0.25,1569.35,0,15.00,0.25,1343.46,1,1,1,3.00,9.00,0,240.0,7.18,687.37,traveling,7.18,7.18,0,91.0
779.0,clear,15.00,0.25,1569.35,0,15.00,0.25,1343.46,1,1,1,3.00,9.00,0,240.0,7.18,694.55,traveling,7.18,7.18,0,91.0
780.0,clear,15.00,0.25,1569.35,0,15.00,0.25,1343.46,1,1,1,3.00,9.00,0,240.0,7.18,701.72,traveling,7.18,7.18,0,91.0
781.0,clear,15.00,0.25,1569.35,0,15.00,0.25,1343.46,1,1,1,3.00,9.00,0,240.0,7.18,708.90,traveling,7.18,7.18,0,91.0
782.0,clear,15.00,0.25,1569.35,0,15.00,0.25,1343.46,1,1,1,3.00,9.00,0,240.0,7.18,716.07,traveling,7.18,7.18,0,91.0
783.0,clear,15.00,0.25,1569.35,0,15.00,0.25,1343.46,1,1,1,3.00,9.00,0,240.0,7.18,723.25,traveling,7.18,7.18,0,91.0
784.0,clear,15.00,0.25,1569.35,0,15.00,0.25,1343.46,1,1,1,3.00,9.00,0,240.0,7.18,730.42,traveling,7.18,7.18,0,91.0
785.0,clear,15.00,0.25,1569.35,0,15.00,0.25,1343.46,1,1,1,3.00,9.00,0,240.0,7.18,737.60,traveling,7.18,7.18,0,91.0
786.0,clear,15.00,0.25,1569.35,0,15.00,0.25,1343.46,1,1,1,3.00,9.00,0,240.0,7.18,744.77,traveling,7.18,7.18,0,91.0
787.0,clear,15.00,0.25,1569.35,0,15.00,0.25,1343.46,1,1,1,3.00,9.00,0,240.0,7.18,751.95,traveling,7.18,7.18,0,91.0
788.0,clear,15.00,0.25,1569.35,0,15.00,0.25,1343.46,1,1,1,3.00,9.00,0,240.0,7.18,759.12,traveling,7.18,7.18,0,91.0
789.0,clear,15.00,0.25,1569.35,0,15.00,0.25,1343.46,1,1,1,3.00,9.00,0,240.0,7.18,766.30,traveling,7.18,7.18,0,91.0
790.0,clear,15.00,0.25,1569.35,0,15.00,0.25,1343.46,1,1,1,3.00,9.00,0,240.0,7.18,773.47,traveling,7.18,7.18,0,91.0
791.0,clear,15.00,0.25,1569.35,0,15.00,0.25,1343.46,1,1,1,3.00,9.00,0,240.0,7.18,780.65,traveling,7.18,7.18,0,91.0
792.0,clear,15.00,0.25,1569.35,0,15.00,0.25,1343.46,1,1,1,3.00,9.00,0,240.0,7.18,787.82,traveling,7.18,7.18,0,91.0
793.0,clear,15.00,0.25,1569.35,0,15.00,0.25,1343.46,1,1,1,3.00,9.00,0,240.0,7.18,795.00,traveling,7.18,7.18,0,91.0
794.0,clear,15.00,0.25,1569.35,0,15.00,0.25,1343.46,1,1,1,3.00,9.00,0,240.0,7.18,802.17,traveling,7.18,7.18,0,91.0
795.0,clear,15.00,0.25,1569.35,0,15.00,0.25,1343.46,1,1,1,3.00,9.00,0,240.0,7.18,809.35,traveling,7.18,7.18,0,91.0
796.0,clear,15.00,0.25,1569.35,0,15.00,0.25,1343.46,1,1,1,3.00,9.00,0,240.0,7.18,816.52,traveling,7.18,7.18,0,91.0
797.0,clear,15.00,0.25,1569.35,0,15.00,0.25,1343.46,1,1,1,3.00,9.00,0,240.0,7.18,823.70,traveling,7.18,7.18,0,91.0
798.0,clear,15.00,0.25,1569.35,0,15.00,0.25,1343.46,1,1,1,3.00,9.00,0,240.0,7.18,830.87,traveling,7.18,7.18,0,91.0
799.0,clear,15.00,0.25,1569.35,0,15.00,0.25,1343.46,1,1,1,3.00,9.00,0,240.0,7.18,838.05,traveling,7.18,7.18,0,91.0
800.0,clear,15.00,0.25,1569.35,0,15.00,0.25,1343.46,1,1,1,3.00,9.00,0,240.0,7.18,845.22,traveling,7.18,7.18,0,91.0
801.0,clear,15.00,0.25,1569.35,0,15.00,0.25,1343.46,1,1,1,3.00,9.00,0,240.0,7.18,852.40,traveling,7.18,7.18,0,91.0
802.0,clear,15.00,0.25,1569.35,0,15.00,0.25,1343.46,1,1,1,3.00,9.00,0,240.0,7.18,859.57,traveling,7.18,7.18,0,91.0
803.0,clear,15.00,0.25,1569.35,0,15.00,0.25,1343.46,1,1,1,3.00,9.00,0,240.0,7.18,866.75,traveling,7.18,7.18,0,91.0
804.0,clear,15.00,0.25,1569.35,0,15.00,0.25,1343.46,1,1,1,3.00,9.00,0,240.0,7.18,873.92,traveling,7.18,7.18,0,91.0
805.0,clear,15.00,0.25,1569.35,0,15.00,0.25,1343.46,1,1,1,3.00,9.00,0,240.0,7.18,881.10,traveling,7.18,7.18,0,91.0
806.0,clear,15.00,0.25,1569.35,0,15.00,0.25,1343.46,1,1,1,3.00,9.00,0,240.0,7.18,888.27,traveling,7.18,7.18,0,91.0
807.0,clear,15.00,0.25,1569.35,0,15.00,0.25,1343.46,1,1,1,3.00,9.00,0,240.0,7.18,895.45,traveling,7.18,7.18,0,91.0
808.0,clear,15.00,0.25,1569.35,0,15.00,0.25,1343.46,1,2,1,4.00,9.00,0,240.0,0.00,0.00,queued,7.18,7.18,0,91.0
809.0,clear,15.00,0.25,1569.35,0,15.00,0.25,1343.46,1,2,1,4.00,9.00,0,240.0,0.00,0.00,queued,7.18,7.18,0,91.0
810.0,clear,15.00,0.25,1569.35,0,15.00,0.25,1343.46,1,2,1,4.00,9.00,0,240.0,0.00,0.00,queued,7.18,7.18,0,91.0
811.0,clear,15.00,0.25,1569.35,0,15.00,0.25,1343.46,1,2,1,4.00,9.00,0,240.0,0.00,0.00,queued,7.18,7.18,0,91.0
812.0,clear,15.00,0.25,1569.35,0,15.00,0.25,1343.46,1,2,1,4.00,9.00,0,240.0,0.00,0.00,queued,7.18,7.18,0,91.0
813.0,clear,15.00,0.25,1569.35,0,15.00,0.25,1343.46,1,2,1,4.00,9.00,0,240.0,0.00,0.00,queued,7.18,7.18,0,91.0
814.0,clear,15.00,0.25,1569.35,0,15.00,0.25,1343.46,1,2,1,4.00,9.00,0,240.0,0.00,0.00,queued,7.18,7.18,0,91.0
815.0,clear,15.00,0.25,1569.35,0,15.00,0.25,1343.46,1,2,1,4.00,9.00,0,240.0,0.00,0.00,queued,7.18,7.18,0,91.0
816.0,clear,15.00,0.25,1569.35,0,15.00,0.25,1343.46,1,2,1,4.00,9.00,0,240.0,0.00,0.00,queued,7.18,7.18,0,91.0
817.0,clear,15.00,0.25,1569.35,0,15.00,0.25,1343.46,1,2,1,4.00,9.00,0,240.0,0.00,0.00,queued,7.18,7.18,0,91.0
818.0,clear,15.00,0.25,1569.35,0,15.00,0.25,1343.46,1,2,1,4.00,9.00,0,240.0,0.00,0.00,queued,7.18,7.18,0,91.0
819.0,clear,15.00,0.25,1569.35,0,15.00,0.25,1343.46,1,2,1,4.00,9.00,0,240.0,0.00,0.00,queued,7.18,7.18,0,91.0
820.0,clear,15.00,0.25,1569.35,0,15.00,0.25,1343.46,1,2,1,4.00,9.00,0,240.0,0.00,0.00,queued,7.18,7.18,0,91.0
821.0,clear,15.00,0.25,1569.35,0,15.00,0.25,1343.46,1,2,1,4.00,9.00,0,240.0,0.00,0.00,queued,7.18,7.18,0,91.0
822.0,clear,15.00,0.25,1569.35,0,15.00,0.25,1343.46,1,2,1,4.00,9.00,0,240.0,0.00,0.00,queued,7.18,7.18,0,91.0
823.0,clear,15.00,0.25,1569.35,0,15.00,0.25,1343.46,1,2,1,4.00,9.00,0,240.0,0.00,0.00,queued,7.18,7.18,0,91.0
824.0,clear,15.00,0.25,1569.35,0,15.00,0.25,1343.46,1,2,1,4.00,9.00,0,240.0,0.00,0.00,queued,7.18,7.18,0,91.0
825.0,clear,15.00,0.25,1569.35,0,15.00,0.25,1343.46,1,2,1,4.00,9.00,0,240.0,0.00,0.00,queued,7.18,7.18,0,91.0
826.0,clear,15.00,0.25,1569.35,0,15.00,0.25,1343.46,1,2,1,4.00,9.00,0,240.0,0.00,0.00,queued,7.18,7.18,0,91.0
827.0,clear,15.00,0.25,1569.35,0,15.00,0.25,1343.46,1,2,1,4.00,9.00,0,240.0,0.00,0.00,queued,7.18,7.18,0,91.0
828.0,clear,15.00,0.25,1569.35,0,15.00,0.25,1343.46,1,2,1,4.00,9.00,0,240.0,0.00,0.00,queued,7.18,7.18,0,91.0
829.0,clear,15.00,0.25,1569.35,0,15.00,0.25,1343.46,1,2,1,4.00,9.00,0,240.0,0.00,0.00,queued,7.18,7.18,0,91.0
830.0,clear,15.00,0.25,1569.35,0,15.00,0.25,1343.46,1,2,1,4.00,9.00,0,240.0,0.00,0.00,queued,7.18,7.18,0,91.0
831.0,clear,15.00,0.25,1569.35,0,15.00,0.25,1343.46,1,2,1,4.00,9.00,0,240.0,0.00,0.00,queued,7.18,7.18,0,91.0
832.0,clear,15.00,0.25,1569.35,0,15.00,0.25,1343.46,1,2,1,4.00,9.00,0,240.0,0.00,0.00,queued,7.18,7.18,0,91.0
833.0,clear,15.00,0.25,1569.35,0,15.00,0.25,1343.46,1,2,1,4.00,9.00,0,240.0,0.00,0.00,queued,7.18,7.18,0,91.0
834.0,clear,15.00,0.25,1569.35,0,15.00,0.25,1343.46,1,2,1,4.00,9.00,0,240.0,0.00,0.00,queued,7.18,7.18,0,91.0
835.0,clear,15.00,0.25,1569.35,0,15.00,0.25,1343.46,1,2,1,4.00,9.00,0,240.0,0.00,0.00,queued,7.18,7.18,0,91.0
836.0,clear,15.00,0.25,1569.35,0,15.00,0.25,1343.46,1,2,1,4.00,9.00,0,240.0,0.00,0.00,queued,7.18,7.18,0,91.0
837.0,clear,15.00,0.25,1569.35,0,15.00,0.25,1343.46,1,2,1,4.00,9.00,0,240.0,0.00,0.00,queued,7.18,7.18,0,91.0
838.0,clear,15.00,0.25,1569.35,0,15.00,0.25,1343.46,1,2,1,4.00,9.00,0,240.0,0.00,0.00,queued,7.18,7.18,0,91.0
839.0,clear,15.00,0.25,1569.35,0,15.00,0.25,1343.46,1,2,1,4.00,9.00,0,240.0,0.00,0.00,queued,7.18,7.18,0,91.0
840.0,clear,15.00,0.25,1569.35,0,15.00,0.25,1343.46,1,2,1,4.00,9.00,0,240.0,0.00,0.00,queued,7.18,7.18,0,91.0
841.0,clear,15.00,0.25,1569.35,0,15.00,0.25,1343.46,1,2,1,4.00,9.00,0,240.0,0.00,0.00,queued,7.18,7.18,0,91.0
842.0,clear,15.00,0.25,1569.35,0,15.00,0.25,1343.46,1,2,1,4.00,9.00,0,240.0,0.00,0.00,queued,7.18,7.18,0,91.0
843.0,clear,15.00,0.25,1569.35,0,15.00,0.25,1343.46,1,2,1,4.00,9.00,0,240.0,0.00,0.00,queued,7.18,7.18,0,91.0
844.0,clear,15.00,0.25,1569.35,0,15.00,0.25,1343.46,1,2,1,4.00,9.00,0,240.0,0.00,0.00,queued,7.18,7.18,0,91.0
845.0,clear,15.00,0.25,1569.35,0,15.00,0.25,1343.46,1,2,1,4.00,9.00,0,240.0,0.00,0.00,queued,7.18,7.18,0,91.0
846.0,clear,15.00,0.25,1569.35,0,15.00,0.25,1343.46,1,2,1,4.00,9.00,0,240.0,0.00,0.00,queued,7.18,7.18,0,91.0
847.0,clear,15.00,0.25,1569.35,0,15.00,0.25,1343.46,1,2,1,4.00,9.00,0,240.0,0.00,0.00,queued,7.18,7.18,0,91.0
848.0,clear,15.00,0.25,1569.35,0,15.00,0.25,1343.46,1,2,1,4.00,9.00,0,240.0,0.00,0.00,queued,7.18,7.18,0,91.0
849.0,clear,15.00,0.25,1569.35,0,15.00,0.25,1343.46,1,2,1,4.00,9.00,0,240.0,0.00,0.00,queued,7.18,7.18,0,91.0
850.0,clear,15.00,0.25,1569.35,0,15.00,0.25,1343.46,1,2,1,4.00,9.00,0,240.0,0.00,0.00,queued,7.18,7.18,0,91.0
851.0,clear,15.00,0.25,1569.35,0,15.00,0.25,1343.46,1,2,1,4.00,9.00,0,240.0,0.00,0.00,queued,7.18,7.18,0,91.0
852.0,clear,15.00,0.25,1569.35,0,15.00,0.25,1343.46,1,2,1,4.00,9.00,0,240.0,0.00,0.00,queued,7.18,7.18,0,91.0
853.0,clear,15.00,0.25,1569.35,0,15.00,0.25,1343.46,1,2,1,4.00,9.00,0,240.0,0.00,0.00,queued,7.18,7.18,0,91.0
854.0,clear,15.00,0.25,1569.35,0,15.00,0.25,1343.46,1,2,1,4.00,9.00,0,240.0,0.00,0.00,queued,7.18,7.18,0,91.0
855.0,clear,15.00,0.25,1569.35,0,15.00,0.25,1343.46,1,2,1,4.00,9.00,0,240.0,0.00,0.00,queued,7.18,7.18,0,91.0
856.0,clear,15.00,0.25,1569.35,0,15.00,0.25,1343.46,1,2,1,4.00,9.00,0,240.0,0.00,0.00,queued,7.18,7.18,0,91.0
857.0,clear,15.00,0.25,1569.35,0,15.00,0.25,1343.46,1,2,1,4.00,9.00,0,240.0,0.00,0.00,queued,7.18,7.18,0,91.0
858.0,clear,15.00,0.25,1569.35,0,15.00,0.25,1343.46,1,2,1,4.00,9.00,0,240.0,0.00,0.00,queued,7.18,7.18,0,91.0
859.0,clear,15.00,0.25,1569.35,0,15.00,0.25,1343.46,1,2,1,4.00,9.00,0,240.0,0.00,0.00,queued,7.18,7.18,0,91.0
860.0,clear,15.00,0.25,1569.35,0,15.00,0.25,1343.46,1,2,1,4.00,9.00,0,240.0,0.00,0.00,queued,7.18,7.18,0,91.0
861.0,clear,15.00,0.25,1569.35,0,15.00,0.25,1343.46,1,2,1,4.00,9.00,0,240.0,0.00,0.00,queued,7.18,7.18,0,91.0
862.0,clear,15.00,0.25,1569.35,0,15.00,0.25,1343.46,1,2,1,4.00,9.00,0,240.0,0.00,0.00,queued,7.18,7.18,0,91.0
863.0,clear,15.00,0.25,1569.35,0,15.00,0.25,1343.46,1,2,1,4.00,9.00,0,240.0,0.00,0.00,queued,7.18,7.18,0,91.0
864.0,clear,15.00,0.25,1569.35,0,15.00,0.25,1343.46,1,2,1,4.00,9.00,0,240.0,0.00,0.00,queued,7.18,7.18,0,91.0
865.0,clear,15.00,0.25,1569.35,0,15.00,0.25,1343.46,1,2,1,4.00,9.00,0,240.0,0.00,0.00,queued,7.18,7.18,0,91.0
866.0,clear,15.00,0.25,1569.35,0,15.00,0.25,1343.46,1,2,1,4.00,9.00,0,240.0,0.00,0.00,queued,7.18,7.18,0,91.0
867.0,clear,15.00,0.25,1569.35,0,15.00,0.25,1343.46,2,2,2,4.00,12.00,0,240.0,0.00,0.00,queued,7.18,7.18,0,91.0
868.0,clear,15.00,0.25,1569.35,0,15.00,0.25,1343.46,2,2,2,4.00,12.00,0,240.0,0.00,0.00,queued,7.18,7.18,0,91.0
869.0,clear,15.00,0.25,1569.35,0,15.00,0.25,1343.46,2,2,2,4.00,12.00,0,240.0,0.00,0.00,queued,7.18,7.18,0,91.0
870.0,clear,15.00,0.25,1569.35,0,15.00,0.25,1343.46,2,2,2,4.00,12.00,0,240.0,0.00,0.00,queued,7.18,7.18,0,91.0
871.0,clear,15.00,0.25,1569.35,0,15.00,0.25,1343.46,2,2,2,4.00,12.00,0,240.0,0.00,0.00,queued,7.18,7.18,0,91.0
872.0,clear,15.00,0.25,1569.35,0,15.00,0.25,1343.46,2,2,2,4.00,12.00,0,240.0,0.00,0.00,queued,7.18,7.18,0,91.0
873.0,clear,15.00,0.25,1569.35,0,15.00,0.25,1343.46,2,2,2,4.00,12.00,0,240.0,0.00,0.00,queued,7.18,7.18,0,91.0
874.0,clear,15.00,0.25,1569.35,0,15.00,0.25,1343.46,2,2,2,4.00,12.00,0,240.0,0.00,0.00,queued,7.18,7.18,0,91.0
875.0,clear,15.00,0.25,1569.35,0,15.00,0.25,1343.46,2,2,2,4.00,12.00,0,240.0,0.00,0.00,queued,7.18,7.18,0,91.0
876.0,clear,15.00,0.25,1569.35,0,15.00,0.25,1343.46,2,2,2,4.00,12.00,0,240.0,0.00,0.00,queued,7.18,7.18,0,91.0
877.0,clear,15.00,0.25,1569.35,0,15.00,0.25,1343.46,2,2,2,4.00,12.00,0,240.0,0.00,0.00,queued,7.18,7.18,0,91.0
878.0,clear,15.00,0.25,1569.35,0,15.00,0.25,1343.46,2,2,2,4.00,12.00,0,240.0,0.00,0.00,queued,7.18,7.18,0,91.0
879.0,clear,15.00,0.25,1569.35,0,15.00,0.25,1343.46,2,2,2,4.00,12.00,0,240.0,0.00,0.00,queued,7.18,7.18,0,91.0
880.0,clear,15.00,0.25,1569.35,0,15.00,0.25,1343.46,2,2,2,4.00,12.00,0,240.0,0.00,0.00,queued,7.18,7.18,0,91.0
881.0,clear,15.00,0.25,1569.35,0,15.00,0.25,1343.46,2,2,2,4.00,12.00,0,240.0,0.00,0.00,queued,7.18,7.18,0,91.0
882.0,clear,15.00,0.25,1569.35,0,15.00,0.25,1343.46,2,2,2,4.00,12.00,0,240.0,0.00,0.00,queued,7.18,7.18,0,91.0
883.0,clear,15.00,0.25,1569.35,0,15.00,0.25,1343.46,2,2,2,4.00,12.00,0,240.0,0.00,0.00,queued,7.18,7.18,0,91.0
884.0,clear,15.00,0.25,1569.35,0,15.00,0.25,1343.46,2,2,2,4.00,12.00,0,240.0,0.00,0.00,queued,7.18,7.18,0,91.0
885.0,clear,15.00,0.25,1569.35,0,15.00,0.25,1343.46,2,2,2,4.00,12.00,0,240.0,0.00,0.00,queued,7.18,7.18,0,91.0
886.0,clear,15.00,0.25,1569.35,0,15.00,0.25,1343.46,2,2,2,4.00,12.00,0,240.0,0.00,0.00,queued,7.18,7.18,0,91.0
887.0,clear,15.00,0.25,1569.35,0,15.00,0.25,1343.46,2,2,2,4.00,12.00,0,240.0,0.00,0.00,queued,7.18,7.18,0,91.0
888.0,clear,15.00,0.25,1569.35,0,15.00,0.25,1343.46,2,2,2,4.00,12.00,0,240.0,0.00,0.00,queued,7.18,7.18,0,91.0
889.0,clear,15.00,0.25,1569.35,0,15.00,0.25,1343.46,2,2,2,4.00,12.00,0,240.0,0.00,0.00,queued,7.18,7.18,0,91.0
890.0,clear,15.00,0.25,1569.35,0,15.00,0.25,1343.46,2,2,2,4.00,12.00,0,240.0,0.00,0.00,queued,7.18,7.18,0,91.0
891.0,clear,15.00,0.25,1569.35,0,15.00,0.25,1343.46,2,2,2,4.00,12.00,0,240.0,0.00,0.00,queued,7.18,7.18,0,91.0
892.0,clear,15.00,0.25,1569.35,0,15.00,0.25,1343.46,2,2,2,4.00,12.00,0,240.0,0.00,0.00,queued,7.18,7.18,0,91.0
893.0,clear,15.00,0.25,1569.35,0,15.00,0.25,1343.46,2,2,2,4.00,12.00,0,240.0,0.00,0.00,queued,7.18,7.18,0,91.0
894.0,clear,15.00,0.25,1569.35,0,15.00,0.25,1343.46,2,2,2,4.00,12.00,0,240.0,0.00,0.00,queued,7.18,7.18,0,91.0
895.0,clear,15.00,0.25,1569.35,0,15.00,0.25,1343.46,2,2,2,4.00,12.00,0,240.0,0.00,0.00,queued,7.18,7.18,0,91.0
896.0,clear,15.00,0.25,1569.35,0,15.00,0.25,1343.46,2,2,2,4.00,12.00,0,240.0,0.00,0.00,queued,7.18,7.18,0,91.0
897.0,clear,15.00,0.25,1569.35,0,15.00,0.25,1343.46,2,2,2,4.00,12.00,0,240.0,0.00,0.00,queued,7.18,7.18,0,91.0
898.0,clear,15.00,0.25,1569.35,0,15.00,0.25,1343.46,2,2,2,4.00,12.00,0,240.0,0.00,0.00,queued,7.18,7.18,0,91.0
899.0,clear,15.00,0.25,1569.35,0,15.00,0.25,1343.46,2,2,2,4.00,12.00,0,240.0,0.00,0.00,queued,7.18,7.18,0,91.0
900.0,clear,15.00,0.25,1569.35,0,15.00,0.25,1343.46,2,2,2,4.00,4.17,1,690.0,0.00,0.00,queued,7.18,7.18,0,91.0
901.0,clear,15.00,0.25,1569.35,0,15.00,0.25,1343.46,2,2,2,4.00,4.17,1,690.0,0.00,0.00,queued,7.18,7.18,0,91.0
902.0,clear,15.00,0.25,1569.35,0,15.00,0.25,1343.46,2,2,2,4.00,4.17,1,690.0,0.00,0.00,queued,7.18,7.18,0,91.0
903.0,clear,15.00,0.25,1569.35,0,15.00,0.25,1343.46,2,2,2,4.00,4.17,1,690.0,0.00,0.00,queued,7.18,7.18,0,91.0
904.0,clear,15.00,0.25,1569.35,0,15.00,0.25,1343.46,2,2,2,4.00,4.17,1,690.0,0.00,0.00,queued,7.18,7.18,0,91.0
905.0,clear,15.00,0.25,1569.35,0,15.00,0.25,1343.46,2,2,2,4.00,4.17,1,690.0,0.00,0.00,queued,7.18,7.18,0,91.0
906.0,clear,15.00,0.25,1569.35,0,15.00,0.25,1343.46,2,2,2,4.00,4.17,1,690.0,0.00,0.00,queued,7.18,7.18,0,91.0
907.0,clear,15.00,0.25,1569.35,0,15.00,0.25,1343.46,2,2,2,4.00,4.17,1,690.0,0.00,0.00,queued,7.18,7.18,0,91.0
908.0,clear,15.00,0.25,1569.35,0,15.00,0.25,1343.46,2,2,2,4.00,4.17,1,690.0,0.00,0.00,queued,7.18,7.18,0,91.0
909.0,clear,15.00,0.25,1569.35,0,15.00,0.25,1343.46,2,2,2,4.00,4.17,1,690.0,0.00,0.00,queued,7.18,7.18,0,91.0
910.0,clear,15.00,0.25,1569.35,0,15.00,0.25,1343.46,2,2,2,4.00,4.17,1,690.0,0.00,0.00,queued,7.18,7.18,0,91.0
911.0,clear,15.00,0.25,1569.35,0,15.00,0.25,1343.46,2,2,2,4.00,4.17,1,690.0,0.00,0.00,queued,7.18,7.18,0,91.0
912.0,clear,15.00,0.25,1569.35,0,15.00,0.25,1343.46,2,2,2,4.00,4.17,1,690.0,0.00,0.00,queued,7.18,7.18,0,91.0
913.0,clear,15.00,0.25,1569.35,0,15.00,0.25,1343.46,2,2,2,4.00,4.17,1,690.0,0.00,0.00,queued,7.18,7.18,0,91.0
914.0,clear,15.00,0.25,1569.35,0,15.00,0.25,1343.46,2,2,2,4.00,4.17,1,690.0,0.00,0.00,queued,7.18,7.18,0,91.0
915.0,clear,15.00,0.25,1569.35,0,15.00,0.25,1343.46,2,2,2,4.00,4.17,1,690.0,0.00,0.00,queued,7.18,7.18,0,91.0
916.0,clear,15.00,0.25,1569.35,0,15.00,0.25,1343.46,2,2,2,4.00,4.17,1,690.0,0.00,0.00,queued,7.18,7.18,0,91.0
917.0,clear,15.00,0.25,1569.35,0,15.00,0.25,1343.46,2,2,2,4.00,4.17,1,690.0,0.00,0.00,queued,7.18,7.18,0,91.0
918.0,clear,15.00,0.25,1569.35,0,15.00,0.25,1343.46,2,2,2,4.00,4.17,1,690.0,0.00,0.00,queued,7.18,7.18,0,91.0
919.0,clear,15.00,0.25,1569.35,0,15.00,0.25,1343.46,2,2,2,4.00,4.17,1,690.0,0.00,0.00,queued,7.18,7.18,0,91.0
920.0,clear,15.00,0.25,1569.35,0,15.00,0.25,1343.46,2,2,2,4.00,4.17,1,690.0,0.00,0.00,queued,7.18,7.18,0,91.0
921.0,clear,15.00,0.25,1569.35,0,15.00,0.25,1343.46,2,2,2,4.00,4.17,1,690.0,0.00,0.00,queued,7.18,7.18,0,91.0
922.0,clear,15.00,0.25,1569.35,0,15.00,0.25,1343.46,2,2,2,4.00,4.17,1,690.0,0.00,0.00,queued,7.18,7.18,0,91.0
923.0,clear,15.00,0.25,1569.35,0,15.00,0.25,1343.46,2,2,2,4.00,4.17,1,690.0,0.00,0.00,queued,7.18,7.18,0,91.0
924.0,clear,15.00,0.25,1569.35,0,15.00,0.25,1343.46,2,2,2,4.00,4.17,1,690.0,0.00,0.00,queued,7.18,7.18,0,91.0
925.0,clear,15.00,0.25,1569.35,0,15.00,0.25,1343.46,2,2,2,4.00,4.17,1,690.0,0.00,0.00,queued,7.18,7.18,0,91.0
926.0,clear,15.00,0.25,1569.35,0,15.00,0.25,1343.46,2,2,2,4.00,4.17,1,690.0,0.00,0.00,queued,7.18,7.18,0,91.0
927.0,clear,15.00,0.25,1569.35,0,15.00,0.25,1343.46,2,2,2,4.00,4.17,1,690.0,0.00,0.00,queued,7.18,7.18,0,91.0
928.0,clear,15.00,0.25,1569.35,0,15.00,0.25,1343.46,2,2,2,4.00,4.17,1,690.0,0.00,0.00,queued,7.18,7.18,0,91.0
929.0,clear,15.00,0.25,1569.35,0,15.00,0.25,1343.46,2,2,2,4.00,4.17,1,690.0,0.00,0.00,queued,7.18,7.18,0,91.0
930.0,clear,15.00,0.25,1569.35,0,15.00,0.25,1343.46,2,2,2,4.00,4.17,1,690.0,0.00,0.00,queued,7.18,7.18,0,91.0
931.0,clear,15.00,0.25,1569.35,0,15.00,0.25,1343.46,2,2,2,4.00,4.17,1,690.0,0.00,0.00,queued,7.18,7.18,0,91.0
932.0,clear,15.00,0.25,1569.35,0,15.00,0.25,1343.46,2,2,2,4.00,4.17,1,690.0,0.00,0.00,queued,7.18,7.18,0,91.0
933.0,clear,15.00,0.25,1569.35,0,15.00,0.25,1343.46,2,2,2,4.00,4.17,1,690.0,0.00,0.00,queued,7.18,7.18,0,91.0
934.0,clear,15.00,0.25,1569.35,0,15.00,0.25,1343.46,2,2,2,4.00,4.17,1,690.0,0.00,0.00,queued,7.18,7.18,0,91.0
935.0,clear,15.00,0.25,1569.35,0,15.00,0.25,1343.46,2,2,2,4.00,4.17,1,690.0,0.00,0.00,queued,7.18,7.18,0,91.0
936.0,clear,15.00,0.25,1569.35,0,15.00,0.25,1343.46,2,2,2,4.00,4.17,1,690.0,0.00,0.00,queued,7.18,7.18,0,91.0
937.0,clear,15.00,0.25,1569.35,0,15.00,0.25,1343.46,2,2,2,4.00,4.17,1,690.0,0.00,0.00,queued,7.18,7.18,0,91.0
938.0,clear,15.00,0.25,1569.35,0,15.00,0.25,1343.46,2,2,2,4.00,4.17,1,690.0,0.00,0.00,queued,7.18,7.18,0,91.0
939.0,clear,15.00,0.25,1569.35,0,15.00,0.25,1343.46,2,2,2,4.00,4.17,1,690.0,0.00,0.00,queued,7.18,7.18,0,91.0
940.0,clear,15.00,0.25,1569.35,0,15.00,0.25,1343.46,2,2,2,4.00,4.17,1,690.0,0.00,0.00,queued,7.18,7.18,0,91.0
941.0,clear,15.00,0.25,1569.35,0,15.00,0.25,1343.46,2,2,2,4.00,4.17,1,690.0,0.00,0.00,queued,7.18,7.18,0,91.0
942.0,clear,15.00,0.25,1569.35,0,15.00,0.25,1343.46,2,2,2,4.00,4.17,1,690.0,0.00,0.00,queued,7.18,7.18,0,91.0
943.0,clear,15.00,0.25,1569.35,0,15.00,0.25,1343.46,2,2,2,4.00,4.17,1,690.0,0.00,0.00,queued,7.18,7.18,0,91.0
944.0,clear,15.00,0.25,1569.35,0,15.00,0.25,1343.46,2,2,2,4.00,4.17,1,690.0,0.00,0.00,queued,7.18,7.18,0,91.0
945.0,clear,15.00,0.25,1569.35,0,15.00,0.25,1343.46,2,2,2,4.00,4.17,1,690.0,0.00,0.00,queued,7.18,7.18,0,91.0
946.0,clear,15.00,0.25,1569.35,0,15.00,0.25,1343.46,2,2,2,4.00,4.17,1,690.0,0.00,0.00,queued,7.18,7.18,0,91.0
947.0,clear,15.00,0.25,1569.35,0,15.00,0.25,1343.46,2,2,2,4.00,4.17,1,690.0,0.00,0.00,queued,7.18,7.18,0,91.0
948.0,clear,15.00,0.25,1569.35,0,15.00,0.25,1343.46,2,2,2,4.00,4.17,1,690.0,0.00,0.00,queued,7.18,7.18,0,91.0
949.0,clear,15.00,0.25,1569.35,0,15.00,0.25,1343.46,2,2,2,4.00,4.17,1,690.0,0.00,0.00,queued,7.18,7.18,0,91.0
950.0,clear,15.00,0.25,1569.35,0,15.00,0.25,1343.46,2,2,2,4.00,4.17,1,690.0,0.00,0.00,queued,7.18,7.18,0,91.0
951.0,clear,15.00,0.25,1569.35,0,15.00,0.25,1343.46,2,2,2,4.00,4.17,1,690.0,0.00,0.00,queued,7.18,7.18,0,91.0
952.0,clear,15.00,0.25,1569.35,0,15.00,0.25,1343.46,2,2,2,4.00,4.17,1,690.0,0.00,0.00,queued,7.18,7.18,0,91.0
953.0,clear,15.00,0.25,1569.35,0,15.00,0.25,1343.46,2,2,2,4.00,4.17,1,690.0,0.00,0.00,queued,7.18,7.18,0,91.0
954.0,clear,15.00,0.25,1569.35,0,15.00,0.25,1343.46,2,2,2,4.00,4.17,1,690.0,0.00,0.00,queued,7.18,7.18,0,91.0
955.0,clear,15.00,0.25,1569.35,0,15.00,0.25,1343.46,2,2,2,4.00,4.17,1,690.0,0.00,0.00,queued,7.18,7.18,0,91.0
956.0,clear,15.00,0.25,1569.35,0,15.00,0.25,1343.46,2,2,2,4.00,4.17,1,690.0,0.00,0.00,queued,7.18,7.18,0,91.0
957.0,clear,15.00,0.25,1569.35,0,15.00,0.25,1343.46,2,2,2,4.00,4.17,1,690.0,0.00,0.00,queued,7.18,7.18,0,91.0
958.0,clear,15.00,0.25,1569.35,0,15.00,0.25,1343.46,2,2,2,4.00,4.17,1,690.0,0.00,0.00,queued,7.18,7.18,0,91.0
959.0,clear,15.00,0.25,1569.35,0,15.00,0.25,1343.46,2,1,2,3.00,4.17,1,690.0,0.00,0.00,queued,7.18,7.18,0,91.0
960.0,clear,15.00,0.25,1569.35,0,15.00,0.25,1343.46,2,1,2,3.00,4.17,1,690.0,0.00,0.00,queued,7.18,7.18,0,91.0
961.0,clear,15.00,0.25,1569.35,0,15.00,0.25,1343.46,2,1,2,3.00,4.17,1,690.0,0.00,0.00,queued,7.18,7.18,0,91.0
962.0,clear,15.00,0.25,1569.35,0,15.00,0.25,1343.46,2,1,2,3.00,4.17,1,690.0,0.00,0.00,queued,7.18,7.18,0,91.0
963.0,clear,15.00,0.25,1569.35,0,15.00,0.25,1343.46,2,1,2,3.00,4.17,1,690.0,0.00,0.00,queued,7.18,7.18,0,91.0
964.0,clear,15.00,0.25,1569.35,0,15.00,0.25,1343.46,2,1,2,3.00,4.17,1,690.0,0.00,0.00,queued,7.18,7.18,0,91.0
965.0,clear,15.00,0.25,1569.35,0,15.00,0.25,1343.46,2,1,2,3.00,4.17,1,690.0,0.00,0.00,queued,7.18,7.18,0,91.0
966.0,clear,15.00,0.25,1569.35,0,15.00,0.25,1343.46,2,1,2,3.00,4.17,1,690.0,0.00,0.00,queued,7.18,7.18,0,91.0
967.0,clear,15.00,0.25,1569.35,0,15.00,0.25,1343.46,2,1,2,3.00,4.17,1,690.0,0.00,0.00,queued,7.18,7.18,0,91.0
968.0,clear,15.00,0.25,1569.35,0,15.00,0.25,1343.46,2,1,2,3.00,4.17,1,690.0,0.00,0.00,queued,7.18,7.18,0,91.0
969.0,clear,15.00,0.25,1569.35,0,15.00,0.25,1343.46,2,1,2,3.00,4.17,1,690.0,0.00,0.00,queued,7.18,7.18,0,91.0
970.0,clear,15.00,0.25,1569.35,0,15.00,0.25,1343.46,2,1,2,3.00,4.17,1,690.0,0.00,0.00,queued,7.18,7.18,0,91.0
971.0,clear,15.00,0.25,1569.35,0,15.00,0.25,1343.46,2,1,2,3.00,4.17,1,690.0,0.00,0.00,queued,7.18,7.18,0,91.0
972.0,clear,15.00,0.25,1569.35,0,15.00,0.25,1343.46,2,1,2,3.00,4.17,1,690.0,0.00,0.00,queued,7.18,7.18,0,91.0
973.0,clear,15.00,0.25,1569.35,0,15.00,0.25,1343.46,2,1,2,3.00,4.17,1,690.0,0.00,0.00,queued,7.18,7.18,0,91.0
974.0,clear,15.00,0.25,1569.35,0,15.00,0.25,1343.46,2,1,2,3.00,4.17,1,690.0,0.00,0.00,queued,7.18,7.18,0,91.0
975.0,clear,15.00,0.25,1569.35,0,15.00,0.25,1343.46,2,1,2,3.00,4.17,1,690.0,0.00,0.00,queued,7.18,7.18,0,91.0
976.0,clear,15.00,0.25,1569.35,0,15.00,0.25,1343.46,2,1,2,3.00,4.17,1,690.0,0.00,0.00,queued,7.18,7.18,0,91.0
977.0,clear,15.00,0.25,1569.35,0,15.00,0.25,1343.46,2,1,2,3.00,4.17,1,690.0,0.00,0.00,queued,7.18,7.18,0,91.0
978.0,clear,15.00,0.25,1569.35,0,15.00,0.25,1343.46,2,1,2,3.00,4.17,1,690.0,0.00,0.00,queued,7.18,7.18,0,91.0
979.0,clear,15.00,0.25,1569.35,0,15.00,0.25,1343.46,2,1,2,3.00,4.17,1,690.0,0.00,0.00,queued,7.18,7.18,0,91.0
980.0,clear,15.00,0.25,1569.35,0,15.00,0.25,1343.46,2,1,2,3.00,4.17,1,690.0,0.00,0.00,queued,7.18,7.18,0,91.0
981.0,clear,15.00,0.25,1569.35,0,15.00,0.25,1343.46,2,1,2,3.00,4.17,1,690.0,0.00,0.00,queued,7.18,7.18,0,91.0
982.0,clear,15.00,0.25,1569.35,0,15.00,0.25,1343.46,2,1,2,3.00,4.17,1,690.0,0.00,0.00,queued,7.18,7.18,0,91.0
983.0,clear,15.00,0.25,1569.35,0,15.00,0.25,1343.46,2,1,2,3.00,4.17,1,690.0,0.00,0.00,queued,7.18,7.18,0,91.0
984.0,clear,15.00,0.25,1569.35,0,15.00,0.25,1343.46,2,1,2,3.00,4.17,1,690.0,0.00,0.00,queued,7.18,7.18,0,91.0
985.0,clear,15.00,0.25,1569.35,0,15.00,0.25,1343.46,2,1,2,3.00,4.17,1,690.0,0.00,0.00,queued,7.18,7.18,0,91.0
986.0,clear,15.00,0.25,1569.35,0,15.00,0.25,1343.46,2,1,2,3.00,4.17,1,690.0,0.00,0.00,queued,7.18,7.18,0,91.0
987.0,clear,15.00,0.25,1569.35,0,15.00,0.25,1343.46,2,1,2,3.00,4.17,1,690.0,0.00,0.00,queued,7.18,7.18,0,91.0
988.0,clear,15.00,0.25,1569.35,0,15.00,0.25,1343.46,2,1,2,3.00,4.17,1,690.0,0.00,0.00,queued,7.18,7.18,0,91.0
989.0,clear,15.00,0.25,1569.35,0,15.00,0.25,1343.46,2,1,2,3.00,4.17,1,690.0,0.00,0.00,queued,7.18,7.18,0,91.0
990.0,clear,15.00,0.25,1569.35,0,15.00,0.25,1343.46,2,1,2,3.00,4.17,1,690.0,0.00,0.00,queued,7.18,7.18,0,91.0
991.0,clear,15.00,0.25,1569.35,0,15.00,0.25,1343.46,2,1,2,3.00,4.17,1,690.0,0.00,0.00,queued,7.18,7.18,0,91.0
992.0,clear,15.00,0.25,1569.35,0,15.00,0.25,1343.46,2,1,2,3.00,4.17,1,690.0,0.00,0.00,queued,7.18,7.18,0,91.0
993.0,clear,15.00,0.25,1569.35,0,15.00,0.25,1343.46,2,1,2,3.00,4.17,1,690.0,0.00,0.00,queued,7.18,7.18,0,91.0
994.0,clear,15.00,0.25,1569.35,0,15.00,0.25,1343.46,2,1,2,3.00,4.17,1,690.0,0.00,0.00,queued,7.18,7.18,0,91.0
995.0,clear,15.00,0.25,1569.35,0,15.00,0.25,1343.46,2,1,2,3.00,4.17,1,690.0,0.00,0.00,queued,7.18,7.18,0,91.0
996.0,clear,15.00,0.25,1569.35,0,15.00,0.25,1343.46,2,1,2,3.00,4.17,1,690.0,0.00,0.00,queued,7.18,7.18,0,91.0
997.0,clear,15.00,0.25,1569.35,0,15.00,0.25,1343.46,2,1,2,3.00,4.17,1,690.0,0.00,0.00,queued,7.18,7.18,0,91.0
998.0,clear,15.00,0.25,1569.35,0,15.00,0.25,1343.46,2,1,2,3.00,4.17,1,690.0,0.00,0.00,queued,7.18,7.18,0,91.0
999.0,clear,15.00,0.25,1569.35,0,15.00,0.25,1343.46,2,1,2,3.00,4.17,1,690.0,0.00,0.00,queued,7.18,7.18,0,91.0
1000.0,clear,15.00,0.25,1569.35,0,15.00,0.25,1343.46,2,1,2,3.00,4.17,1,690.0,0.00,0.00,queued,7.18,7.18,0,91.0
1001.0,clear,15.00,0.25,1569.35,0,15.00,0.25,1343.46,2,1,2,3.00,4.17,1,690.0,0.00,0.00,queued,7.18,7.18,0,91.0
1002.0,clear,15.00,0.25,1569.35,0,15.00,0.25,1343.46,2,1,2,3.00,4.17,1,690.0,0.00,0.00,queued,7.18,7.18,0,91.0
1003.0,clear,15.00,0.25,1569.35,0,15.00,0.25,1343.46,2,1,2,3.00,4.17,1,690.0,0.00,0.00,queued,7.18,7.18,0,91.0
1004.0,clear,15.00,0.25,1569.35,0,15.00,0.25,1343.46,2,1,2,3.00,4.17,1,690.0,0.00,0.00,queued,7.18,7.18,0,91.0
1005.0,clear,15.00,0.25,1569.35,0,15.00,0.25,1343.46,2,1,2,3.00,4.17,1,690.0,0.00,0.00,queued,7.18,7.18,0,91.0
1006.0,clear,15.00,0.25,1569.35,0,15.00,0.25,1343.46,2,1,2,3.00,4.17,1,690.0,0.00,0.00,queued,7.18,7.18,0,91.0
1007.0,clear,15.00,0.25,1569.35,0,15.00,0.25,1343.46,2,1,2,3.00,4.17,1,690.0,0.00,0.00,queued,7.18,7.18,0,91.0
1008.0,clear,15.00,0.25,1569.35,0,15.00,0.25,1343.46,2,1,2,3.00,4.17,1,690.0,0.00,0.00,queued,7.18,7.18,0,91.0
1009.0,clear,15.00,0.25,1569.35,0,15.00,0.25,1343.46,2,1,2,3.00,4.17,1,690.0,0.00,0.00,queued,7.18,7.18,0,91.0
1010.0,clear,15.00,0.25,1569.35,0,15.00,0.25,1343.46,2,1,2,3.00,4.17,1,690.0,0.00,0.00,queued,7.18,7.18,0,91.0
1011.0,clear,15.00,0.25,1569.35,0,15.00,0.25,1343.46,2,1,2,3.00,4.17,1,690.0,0.00,0.00,queued,7.18,7.18,0,91.0
1012.0,clear,15.00,0.25,1569.35,0,15.00,0.25,1343.46,2,1,2,3.00,4.17,1,690.0,0.00,0.00,queued,7.18,7.18,0,91.0
1013.0,clear,15.00,0.25,1569.35,0,15.00,0.25,1343.46,2,1,2,3.00,4.17,1,690.0,0.00,0.00,queued,7.18,7.18,0,91.0
1014.0,clear,15.00,0.25,1569.35,0,15.00,0.25,1343.46,2,1,2,3.00,4.17,1,690.0,0.00,0.00,queued,7.18,7.18,0,91.0
1015.0,clear,15.00,0.25,1569.35,0,15.00,0.25,1343.46,2,1,2,3.00,4.17,1,690.0,0.00,0.00,queued,7.18,7.18,0,91.0
1016.0,clear,15.00,0.25,1569.35,0,15.00,0.25,1343.46,2,1,2,3.00,4.17,1,690.0,0.00,0.00,queued,7.18,7.18,0,91.0
1017.0,clear,15.00,0.25,1569.35,0,15.00,0.25,1343.46,2,1,2,3.00,4.17,1,690.0,0.00,0.00,queued,7.18,7.18,0,91.0
1018.0,clear,15.00,0.25,1569.35,0,15.00,0.25,1343.46,2,1,2,3.00,4.17,1,690.0,0.00,0.00,queued,7.18,7.18,0,91.0
1019.0,clear,15.00,0.25,1569.35,0,15.00,0.25,1343.46,2,1,2,3.00,4.17,1,690.0,0.00,0.00,queued,7.18,7.18,0,91.0
1020.0,clear,15.00,0.25,1569.35,0,15.00,0.25,1343.46,2,1,2,3.00,4.17,1,690.0,0.00,0.00,queued,7.18,7.18,0,91.0
1021.0,clear,15.00,0.25,1569.35,0,15.00,0.25,1343.46,2,1,2,3.00,4.17,1,690.0,0.00,0.00,queued,7.18,7.18,0,91.0
1022.0,clear,15.00,0.25,1569.35,0,15.00,0.25,1343.46,2,1,2,3.00,4.17,1,690.0,0.00,0.00,queued,7.18,7.18,0,91.0
1023.0,clear,15.00,0.25,1569.35,0,15.00,0.25,1343.46,2,1,2,3.00,4.17,1,690.0,0.00,0.00,queued,7.18,7.18,0,91.0
1024.0,clear,15.00,0.25,1569.35,0,15.00,0.25,1343.46,2,1,2,3.00,4.17,1,690.0,0.00,0.00,queued,7.18,7.18,0,91.0
1025.0,clear,15.00,0.25,1569.35,0,15.00,0.25,1343.46,2,1,2,3.00,4.17,1,690.0,0.00,0.00,queued,7.18,7.18,0,91.0
1026.0,clear,15.00,0.25,1569.35,0,15.00,0.25,1343.46,2,1,2,3.00,4.17,1,690.0,0.00,0.00,queued,7.18,7.18,0,91.0
1027.0,clear,15.00,0.25,1569.35,0,15.00,0.25,1343.46,2,1,2,3.00,4.17,1,690.0,0.00,0.00,queued,7.18,7.18,0,91.0
1028.0,clear,15.00,0.25,1569.35,0,15.00,0.25,1343.46,2,1,2,3.00,4.17,1,690.0,0.00,0.00,queued,7.18,7.18,0,91.0
1029.0,clear,15.00,0.25,1569.35,0,15.00,0.25,1343.46,2,1,2,3.00,4.17,1,690.0,0.00,0.00,queued,7.18,7.18,0,91.0
1030.0,clear,15.00,0.25,1569.35,0,15.00,0.25,1343.46,2,1,2,3.00,4.17,1,690.0,0.00,0.00,queued,7.18,7.18,0,91.0
1031.0,clear,15.00,0.25,1569.35,0,15.00,0.25,1343.46,2,1,2,3.00,4.17,1,690.0,0.00,0.00,queued,7.18,7.18,0,91.0
1032.0,clear,15.00,0.25,1569.35,0,15.00,0.25,1343.46,2,1,2,3.00,4.17,1,690.0,0.00,0.00,queued,7.18,7.18,0,91.0
1033.0,clear,15.00,0.25,1569.35,0,15.00,0.25,1343.46,2,1,2,3.00,4.17,1,690.0,0.00,0.00,queued,7.18,7.18,0,91.0
1034.0,clear,15.00,0.25,1569.35,0,15.00,0.25,1343.46,2,1,2,3.00,4.17,1,690.0,0.00,0.00,queued,7.18,7.18,0,91.0
1035.0,clear,15.00,0.25,1569.35,0,15.00,0.25,1343.46,2,1,2,3.00,4.17,1,690.0,0.00,0.00,queued,7.18,7.18,0,91.0
1036.0,clear,15.00,0.25,1569.35,0,15.00,0.25,1343.46,2,1,2,3.00,4.17,1,690.0,0.00,0.00,queued,7.18,7.18,0,91.0
1037.0,clear,15.00,0.25,1569.35,0,15.00,0.25,1343.46,2,1,2,3.00,4.17,1,690.0,0.00,0.00,queued,7.18,7.18,0,91.0
1038.0,clear,15.00,0.25,1569.35,0,15.00,0.25,1343.46,2,1,2,3.00,4.17,1,690.0,0.00,0.00,queued,7.18,7.18,0,91.0
1039.0,clear,15.00,0.25,1569.35,0,15.00,0.25,1343.46,2,1,2,3.00,4.17,1,690.0,0.00,0.00,queued,7.18,7.18,0,91.0
1040.0,clear,15.00,0.25,1569.35,0,15.00,0.25,1343.46,2,1,2,3.00,4.17,1,690.0,0.00,0.00,queued,7.18,7.18,0,91.0
1041.0,clear,15.00,0.25,1569.35,0,15.00,0.25,1343.46,1,1,1,3.00,3.13,1,690.0,0.00,0.00,queued,7.18,7.18,0,182.0
1042.0,clear,15.00,0.25,1569.35,0,15.00,0.25,1343.46,1,1,1,3.00,3.13,1,690.0,0.00,0.00,queued,7.18,7.18,0,182.0
1043.0,clear,15.00,0.25,1569.35,0,15.00,0.25,1343.46,1,1,1,3.00,3.13,1,690.0,0.00,0.00,queued,7.18,7.18,0,182.0
1044.0,clear,15.00,0.25,1569.35,0,15.00,0.25,1343.46,1,1,1,3.00,3.13,1,690.0,0.00,0.00,queued,7.18,7.18,0,182.0
1045.0,clear,15.00,0.25,1569.35,0,15.00,0.25,1343.46,1,1,1,3.00,3.13,1,690.0,0.00,0.00,queued,7.18,7.18,0,182.0
1046.0,clear,15.00,0.25,1569.35,0,15.00,0.25,1343.46,1,1,1,3.00,3.13,1,690.0,0.00,0.00,queued,7.18,7.18,0,182.0
1047.0,clear,15.00,0.25,1569.35,0,15.00,0.25,1343.46,1,1,1,3.00,3.13,1,690.0,0.00,0.00,queued,7.18,7.18,0,182.0
1048.0,clear,15.00,0.25,1569.35,0,15.00,0.25,1343.46,1,1,1,3.00,3.13,1,690.0,0.00,0.00,queued,7.18,7.18,0,182.0
1049.0,clear,15.00,0.25,1569.35,0,15.00,0.25,1343.46,1,1,1,3.00,3.13,1,690.0,0.00,0.00,queued,7.18,7.18,0,182.0
1050.0,clear,15.00,0.25,1569.35,0,15.00,0.25,1343.46,1,1,1,3.00,4.80,1,450.0,0.00,0.00,queued,7.18,7.18,0,182.0
1051.0,clear,15.00,0.25,1569.35,0,15.00,0.25,1343.46,1,1,1,3.00,4.80,1,450.0,0.00,0.00,queued,7.18,7.18,0,182.0
1052.0,clear,15.00,0.25,1569.35,0,15.00,0.25,1343.46,1,1,1,3.00,4.80,1,450.0,0.00,0.00,queued,7.18,7.18,0,182.0
1053.0,clear,15.00,0.25,1569.35,0,15.00,0.25,1343.46,1,1,1,3.00,4.80,1,450.0,0.00,0.00,queued,7.18,7.18,0,182.0
1054.0,clear,15.00,0.25,1569.35,0,15.00,0.25,1343.46,1,1,1,3.00,4.80,1,450.0,0.00,0.00,queued,7.18,7.18,0,182.0
1055.0,clear,15.00,0.25,1569.35,0,15.00,0.25,1343.46,1,1,1,3.00,4.80,1,450.0,0.00,0.00,queued,7.18,7.18,0,182.0
1056.0,clear,15.00,0.25,1569.35,0,15.00,0.25,1343.46,1,1,1,3.00,4.80,1,450.0,0.00,0.00,queued,7.18,7.18,0,182.0
1057.0,clear,15.00,0.25,1569.35,0,15.00,0.25,1343.46,1,1,1,3.00,4.80,1,450.0,0.00,0.00,queued,7.18,7.18,0,182.0
1058.0,clear,15.00,0.25,1569.35,0,15.00,0.25,1343.46,1,1,1,3.00,4.80,1,450.0,0.00,0.00,queued,7.18,7.18,0,182.0
1059.0,clear,15.00,0.25,1569.35,0,15.00,0.25,1343.46,1,1,1,3.00,4.80,1,450.0,0.00,0.00,queued,7.18,7.18,0,182.0
1060.0,clear,15.00,0.25,1569.35,0,15.00,0.25,1343.46,1,1,1,3.00,4.80,1,450.0,0.00,0.00,queued,7.18,7.18,0,182.0
1061.0,clear,15.00,0.25,1569.35,0,15.00,0.25,1343.46,1,1,1,3.00,4.80,1,450.0,0.00,0.00,queued,7.18,7.18,0,182.0
1062.0,clear,15.00,0.25,1569.35,0,15.00,0.25,1343.46,1,1,1,3.00,4.80,1,450.0,0.00,0.00,queued,7.18,7.18,0,182.0
1063.0,clear,15.00,0.25,1569.35,0,15.00,0.25,1343.46,1,1,1,3.00,4.80,1,450.0,0.00,0.00,queued,7.18,7.18,0,182.0
1064.0,clear,15.00,0.25,1569.35,0,15.00,0.25,1343.46,1,1,1,3.00,4.80,1,450.0,0.00,0.00,queued,7.18,7.18,0,182.0
1065.0,clear,15.00,0.25,1569.35,0,15.00,0.25,1343.46,1,1,1,3.00,4.80,1,450.0,0.00,0.00,queued,7.18,7.18,0,182.0
1066.0,clear,15.00,0.25,1569.35,0,15.00,0.25,1343.46,1,1,1,3.00,4.80,1,450.0,0.00,0.00,queued,7.18,7.18,0,182.0
1067.0,clear,15.00,0.25,1569.35,0,15.00,0.25,1343.46,1,1,1,3.00,4.80,1,450.0,0.00,0.00,queued,7.18,7.18,0,182.0
1068.0,clear,15.00,0.25,1569.35,0,15.00,0.25,1343.46,1,1,1,3.00,4.80,1,450.0,0.00,0.00,queued,7.18,7.18,0,182.0
1069.0,clear,15.00,0.25,1569.35,0,15.00,0.25,1343.46,1,1,1,3.00,4.80,1,450.0,0.00,0.00,queued,7.18,7.18,0,182.0
1070.0,clear,15.00,0.25,1569.35,0,15.00,0.25,1343.46,1,1,1,3.00,4.80,1,450.0,0.00,0.00,queued,7.18,7.18,0,182.0
1071.0,clear,15.00,0.25,1569.35,0,15.00,0.25,1343.46,1,1,1,3.00,4.80,1,450.0,0.00,0.00,queued,7.18,7.18,0,182.0
1072.0,clear,15.00,0.25,1569.35,0,15.00,0.25,1343.46,1,1,1,3.00,4.80,1,450.0,0.00,0.00,queued,7.18,7.18,0,182.0
1073.0,clear,15.00,0.25,1569.35,0,15.00,0.25,1343.46,1,1,1,3.00,4.80,1,450.0,0.00,0.00,queued,7.18,7.18,0,182.0
1074.0,clear,15.00,0.25,1569.35,0,15.00,0.25,1343.46,1,1,1,3.00,4.80,1,450.0,0.00,0.00,queued,7.18,7.18,0,182.0
1075.0,clear,15.00,0.25,1569.35,0,15.00,0.25,1343.46,1,1,1,3.00,4.80,1,450.0,0.00,0.00,queued,7.18,7.18,0,182.0
1076.0,clear,15.00,0.25,1569.35,0,15.00,0.25,1343.46,1,1,1,3.00,4.80,1,450.0,0.00,0.00,queued,7.18,7.18,0,182.0
1077.0,clear,15.00,0.25,1569.35,0,15.00,0.25,1343.46,1,1,1,3.00,4.80,1,450.0,0.00,0.00,queued,7.18,7.18,0,182.0
1078.0,clear,15.00,0.25,1569.35,0,15.00,0.25,1343.46,1,1,1,3.00,4.80,1,450.0,0.00,0.00,queued,7.18,7.18,0,182.0
1079.0,clear,15.00,0.25,1569.35,0,15.00,0.25,1343.46,1,1,1,3.00,4.80,1,450.0,0.00,0.00,queued,7.18,7.18,0,182.0
1080.0,clear,15.00,0.25,1569.35,0,15.00,0.25,1343.46,1,1,1,3.00,4.80,1,450.0,0.00,0.00,queued,7.18,7.18,0,182.0
1081.0,clear,15.00,0.25,1569.35,0,15.00,0.25,1343.46,1,1,1,3.00,4.80,1,450.0,0.00,0.00,queued,7.18,7.18,0,182.0
1082.0,clear,15.00,0.25,1569.35,0,15.00,0.25,1343.46,1,1,1,3.00,4.80,1,450.0,0.00,0.00,queued,7.18,7.18,0,182.0
1083.0,clear,15.00,0.25,1569.35,0,15.00,0.25,1343.46,1,1,1,3.00,4.80,1,450.0,0.00,0.00,queued,7.18,7.18,0,182.0
1084.0,clear,15.00,0.25,1569.35,0,15.00,0.25,1343.46,1,1,1,3.00,4.80,1,450.0,0.00,0.00,queued,7.18,7.18,0,182.0
1085.0,clear,15.00,0.25,1569.35,0,15.00,0.25,1343.46,1,1,1,3.00,4.80,1,450.0,0.00,0.00,queued,7.18,7.18,0,182.0
1086.0,clear,15.00,0.25,1569.35,0,15.00,0.25,1343.46,1,1,1,3.00,4.80,1,450.0,0.00,0.00,queued,7.18,7.18,0,182.0
1087.0,clear,15.00,0.25,1569.35,0,15.00,0.25,1343.46,1,1,1,3.00,4.80,1,450.0,0.00,0.00,queued,7.18,7.18,0,182.0
1088.0,clear,15.00,0.25,1569.35,0,15.00,0.25,1343.46,1,1,1,3.00,4.80,1,450.0,0.00,0.00,queued,7.18,7.18,0,182.0
1089.0,clear,15.00,0.25,1569.35,0,15.00,0.25,1343.46,1,1,1,3.00,4.80,1,450.0,0.00,0.00,queued,7.18,7.18,0,182.0
1090.0,clear,15.00,0.25,1569.35,0,15.00,0.25,1343.46,1,1,1,3.00,4.80,1,450.0,0.00,0.00,queued,7.18,7.18,0,182.0
1091.0,clear,15.00,0.25,1569.35,0,15.00,0.25,1343.46,1,1,1,3.00,4.80,1,450.0,0.00,0.00,queued,7.18,7.18,0,182.0
1092.0,clear,15.00,0.25,1569.35,0,15.00,0.25,1343.46,1,1,1,3.00,4.80,1,450.0,0.00,0.00,queued,7.18,7.18,0,182.0
1093.0,clear,15.00,0.25,1569.35,0,15.00,0.25,1343.46,1,1,1,3.00,4.80,1,450.0,0.00,0.00,queued,7.18,7.18,0,182.0
1094.0,clear,15.00,0.25,1569.35,0,15.00,0.25,1343.46,1,1,1,3.00,4.80,1,450.0,0.00,0.00,queued,7.18,7.18,0,182.0
1095.0,clear,15.00,0.25,1569.35,0,15.00,0.25,1343.46,1,1,1,3.00,4.80,1,450.0,0.00,0.00,queued,7.18,7.18,0,182.0
1096.0,clear,15.00,0.25,1569.35,0,15.00,0.25,1343.46,1,1,1,3.00,4.80,1,450.0,0.00,0.00,queued,7.18,7.18,0,182.0
1097.0,clear,15.00,0.25,1569.35,0,15.00,0.25,1343.46,1,1,1,3.00,4.80,1,450.0,0.00,0.00,queued,7.18,7.18,0,182.0
1098.0,clear,15.00,0.25,1569.35,0,15.00,0.25,1343.46,1,1,1,3.00,4.80,1,450.0,0.00,0.00,queued,7.18,7.18,0,182.0
1099.0,clear,15.00,0.25,1569.35,0,15.00,0.25,1343.46,1,1,1,3.00,4.80,1,450.0,0.00,0.00,queued,7.18,7.18,0,182.0
1100.0,clear,15.00,0.25,1569.35,0,15.00,0.25,1343.46,1,1,1,3.00,4.80,1,450.0,0.00,0.00,queued,7.18,7.18,0,182.0
1101.0,clear,15.00,0.25,1569.35,0,15.00,0.25,1343.46,1,1,1,3.00,4.80,1,450.0,0.00,0.00,queued,7.18,7.18,0,182.0
1102.0,clear,15.00,0.25,1569.35,0,15.00,0.25,1343.46,1,1,1,3.00,4.80,1,450.0,0.00,0.00,queued,7.18,7.18,0,182.0
1103.0,clear,15.00,0.25,1569.35,0,15.00,0.25,1343.46,1,1,1,3.00,4.80,1,450.0,0.00,0.00,queued,7.18,7.18,0,182.0
1104.0,clear,15.00,0.25,1569.35,0,15.00,0.25,1343.46,1,1,1,3.00,4.80,1,450.0,0.00,0.00,queued,7.18,7.18,0,182.0
1105.0,clear,15.00,0.25,1569.35,0,15.00,0.25,1343.46,1,1,1,3.00,4.80,1,450.0,0.00,0.00,queued,7.18,7.18,0,182.0
1106.0,clear,15.00,0.25,1569.35,0,15.00,0.25,1343.46,1,1,1,3.00,4.80,1,450.0,0.00,0.00,queued,7.18,7.18,0,182.0
1107.0,clear,15.00,0.25,1569.35,0,15.00,0.25,1343.46,1,1,1,3.00,4.80,1,450.0,0.00,0.00,queued,7.18,7.18,0,182.0
1108.0,clear,15.00,0.25,1569.35,0,15.00,0.25,1343.46,1,1,1,3.00,4.80,1,450.0,0.00,0.00,queued,7.18,7.18,0,182.0
1109.0,clear,15.00,0.25,1569.35,0,15.00,0.25,1343.46,1,1,1,3.00,4.80,1,450.0,0.00,0.00,queued,7.18,7.18,0,182.0
1110.0,clear,15.00,0.25,1569.35,0,15.00,0.25,1343.46,1,1,1,3.00,4.80,1,450.0,0.00,0.00,queued,7.18,7.18,0,182.0
1111.0,clear,15.00,0.25,1569.35,0,15.00,0.25,1343.46,1,1,1,3.00,4.80,1,450.0,0.00,0.00,queued,7.18,7.18,0,182.0
1112.0,clear,15.00,0.25,1569.35,0,15.00,0.25,1343.46,1,1,1,3.00,4.80,1,450.0,0.00,0.00,queued,7.18,7.18,0,182.0
1113.0,clear,15.00,0.25,1569.35,0,15.00,0.25,1343.46,1,1,1,3.00,4.80,1,450.0,0.00,0.00,queued,7.18,7.18,0,182.0
1114.0,clear,15.00,0.25,1569.35,0,15.00,0.25,1343.46,1,1,1,3.00,4.80,1,450.0,0.00,0.00,queued,7.18,7.18,0,182.0
1115.0,clear,15.00,0.25,1569.35,0,15.00,0.25,1343.46,1,1,1,3.00,4.80,1,450.0,0.00,0.00,queued,7.18,7.18,0,182.0
1116.0,clear,15.00,0.25,1569.35,0,15.00,0.25,1343.46,1,1,1,3.00,4.80,1,450.0,0.00,0.00,queued,7.18,7.18,0,182.0
1117.0,clear,15.00,0.25,1569.35,0,15.00,0.25,1343.46,1,1,1,3.00,4.80,1,450.0,0.00,0.00,queued,7.18,7.18,0,182.0
1118.0,clear,15.00,0.25,1569.35,0,15.00,0.25,1343.46,1,1,1,3.00,4.80,1,450.0,0.00,0.00,queued,7.18,7.18,0,182.0
1119.0,clear,15.00,0.25,1569.35,0,15.00,0.25,1343.46,1,1,1,3.00,4.80,1,450.0,0.00,0.00,queued,7.18,7.18,0,182.0
1120.0,clear,15.00,0.25,1569.35,0,15.00,0.25,1343.46,1,1,1,3.00,4.80,1,450.0,0.00,0.00,queued,7.18,7.18,0,182.0
1121.0,clear,15.00,0.25,1569.35,0,15.00,0.25,1343.46,1,1,1,3.00,4.80,1,450.0,0.00,0.00,queued,7.18,7.18,0,182.0
1122.0,clear,15.00,0.25,1569.35,0,15.00,0.25,1343.46,1,1,1,3.00,4.80,1,450.0,0.00,0.00,queued,7.18,7.18,0,182.0
1123.0,clear,15.00,0.25,1569.35,0,15.00,0.25,1343.46,1,1,1,3.00,4.80,1,450.0,0.00,0.00,queued,7.18,7.18,0,182.0
1124.0,clear,15.00,0.25,1569.35,0,15.00,0.25,1343.46,1,1,1,3.00,4.80,1,450.0,0.00,0.00,queued,7.18,7.18,0,182.0
1125.0,clear,15.00,0.25,1569.35,0,15.00,0.25,1343.46,1,1,1,3.00,4.80,1,450.0,0.00,0.00,queued,7.18,7.18,0,182.0
1126.0,clear,15.00,0.25,1569.35,0,15.00,0.25,1343.46,1,1,1,3.00,4.80,1,450.0,0.00,0.00,queued,7.18,7.18,0,182.0
1127.0,clear,15.00,0.25,1569.35,0,15.00,0.25,1343.46,1,1,1,3.00,4.80,1,450.0,0.00,0.00,queued,7.18,7.18,0,182.0
1128.0,clear,15.00,0.25,1569.35,0,15.00,0.25,1343.46,1,1,1,3.00,4.80,1,450.0,0.00,0.00,queued,7.18,7.18,0,182.0
1129.0,clear,15.00,0.25,1569.35,0,15.00,0.25,1343.46,1,1,1,3.00,4.80,1,450.0,0.00,0.00,queued,7.18,7.18,0,182.0
1130.0,clear,15.00,0.25,1569.35,0,15.00,0.25,1343.46,1,1,1,3.00,4.80,1,450.0,0.00,0.00,queued,7.18,7.18,0,182.0
1131.0,clear,15.00,0.25,1569.35,0,15.00,0.25,1343.46,1,1,1,3.00,4.80,1,450.0,0.00,0.00,queued,7.18,7.18,0,182.0
1132.0,clear,15.00,0.25,1569.35,0,15.00,0.25,1343.46,1,1,1,3.00,4.80,1,450.0,0.00,0.00,queued,7.18,7.18,0,182.0
1133.0,clear,15.00,0.25,1569.35,0,15.00,0.25,1343.46,1,1,1,3.00,4.80,1,450.0,0.00,0.00,queued,7.18,7.18,0,182.0
1134.0,clear,15.00,0.25,1569.35,0,15.00,0.25,1343.46,1,1,1,3.00,4.80,1,450.0,0.00,0.00,queued,7.18,7.18,0,182.0
1135.0,clear,15.00,0.25,1569.35,0,15.00,0.25,1343.46,1,1,1,3.00,4.80,1,450.0,0.00,0.00,queued,7.18,7.18,0,182.0
1136.0,clear,15.00,0.25,1569.35,0,15.00,0.25,1343.46,1,1,1,3.00,4.80,1,450.0,0.00,0.00,queued,7.18,7.18,0,182.0
1137.0,clear,15.00,0.25,1569.35,0,15.00,0.25,1343.46,1,1,1,3.00,4.80,1,450.0,0.00,0.00,queued,7.18,7.18,0,182.0
1138.0,clear,15.00,0.25,1569.35,0,15.00,0.25,1343.46,1,1,1,3.00,4.80,1,450.0,0.00,0.00,queued,7.18,7.18,0,182.0
1139.0,clear,15.00,0.25,1569.35,0,15.00,0.25,1343.46,1,1,1,3.00,4.80,1,450.0,0.00,0.00,queued,7.18,7.18,0,182.0
1140.0,clear,15.00,0.25,1569.35,0,15.00,0.25,1343.46,1,1,1,3.00,4.80,1,450.0,0.00,0.00,queued,7.18,7.18,0,182.0
1141.0,clear,15.00,0.25,1569.35,0,15.00,0.25,1343.46,1,1,1,3.00,4.80,1,450.0,0.00,0.00,queued,7.18,7.18,0,182.0
1142.0,clear,15.00,0.25,1569.35,0,15.00,0.25,1343.46,1,1,1,3.00,4.80,1,450.0,0.00,0.00,queued,7.18,7.18,0,182.0
1143.0,clear,15.00,0.25,1569.35,0,15.00,0.25,1343.46,1,1,1,3.00,4.80,1,450.0,0.00,0.00,queued,7.18,7.18,0,182.0
1144.0,clear,15.00,0.25,1569.35,0,15.00,0.25,1343.46,1,1,1,3.00,4.80,1,450.0,0.00,0.00,queued,7.18,7.18,0,182.0
1145.0,clear,15.00,0.25,1569.35,0,15.00,0.25,1343.46,1,1,1,3.00,4.80,1,450.0,0.00,0.00,queued,7.18,7.18,0,182.0
1146.0,clear,15.00,0.25,1569.35,0,15.00,0.25,1343.46,1,1,1,3.00,4.80,1,450.0,0.00,0.00,queued,7.18,7.18,0,182.0
1147.0,clear,15.00,0.25,1569.35,0,15.00,0.25,1343.46,1,1,1,3.00,4.80,1,450.0,0.00,0.00,queued,7.18,7.18,0,182.0
1148.0,clear,15.00,0.25,1569.35,0,15.00,0.25,1343.46,1,1,1,3.00,4.80,1,450.0,0.00,0.00,queued,7.18,7.18,0,182.0
1149.0,clear,15.00,0.25,1569.35,0,15.00,0.25,1343.46,1,1,1,3.00,4.80,1,450.0,0.00,0.00,queued,7.18,7.18,0,182.0
1150.0,clear,15.00,0.25,1569.35,0,15.00,0.25,1343.46,1,1,1,3.00,4.80,1,450.0,0.00,0.00,queued,7.18,7.18,0,182.0
1151.0,clear,15.00,0.25,1569.35,0,15.00,0.25,1343.46,1,1,1,3.00,4.80,1,450.0,0.00,0.00,queued,7.18,7.18,0,182.0
1152.0,clear,15.00,0.25,1569.35,0,15.00,0.25,1343.46,1,1,1,3.00,4.80,1,450.0,0.00,0.00,queued,7.18,7.18,0,182.0
1153.0,clear,15.00,0.25,1569.35,0,15.00,0.25,1343.46,1,1,1,3.00,4.80,1,450.0,0.00,0.00,queued,7.18,7.18,0,182.0
1154.0,clear,15.00,0.25,1569.35,0,15.00,0.25,1343.46,1,1,1,3.00,4.80,1,450.0,0.00,0.00,queued,7.18,7.18,0,182.0
1155.0,clear,15.00,0.25,1569.35,0,15.00,0.25,1343.46,1,1,1,3.00,4.80,1,450.0,0.00,0.00,queued,7.18,7.18,0,182.0
1156.0,clear,15.00,0.25,1569.35,0,15.00,0.25,1343.46,1,1,1,3.00,4.80,1,450.0,0.00,0.00,queued,7.18,7.18,0,182.0
1157.0,clear,15.00,0.25,1569.35,0,15.00,0.25,1343.46,1,1,1,3.00,4.80,1,450.0,0.00,0.00,queued,7.18,7.18,0,182.0
1158.0,clear,15.00,0.25,1569.35,0,15.00,0.25,1343.46,1,1,1,3.00,4.80,1,450.0,0.00,0.00,queued,7.18,7.18,0,182.0
1159.0,clear,15.00,0.25,1569.35,0,15.00,0.25,1343.46,1,1,1,3.00,4.80,1,450.0,0.00,0.00,queued,7.18,7.18,0,182.0
1160.0,clear,15.00,0.25,1569.35,0,15.00,0.25,1343.46,1,1,1,3.00,4.80,1,450.0,0.00,0.00,queued,7.18,7.18,0,182.0
1161.0,clear,15.00,0.25,1569.35,0,15.00,0.25,1343.46,1,1,1,3.00,4.80,1,450.0,0.00,0.00,queued,7.18,7.18,0,182.0
1162.0,clear,15.00,0.25,1569.35,0,15.00,0.25,1343.46,1,1,1,3.00,4.80,1,450.0,0.00,0.00,queued,7.18,7.18,0,182.0
1163.0,clear,15.00,0.25,1569.35,0,15.00,0.25,1343.46,1,1,1,3.00,4.80,1,450.0,0.00,0.00,queued,7.18,7.18,0,182.0
1164.0,clear,15.00,0.25,1569.35,0,15.00,0.25,1343.46,1,1,1,3.00,4.80,1,450.0,0.00,0.00,queued,7.18,7.18,0,182.0
1165.0,clear,15.00,0.25,1569.35,0,15.00,0.25,1343.46,1,1,1,3.00,4.80,1,450.0,0.00,0.00,queued,7.18,7.18,0,182.0
1166.0,clear,15.00,0.25,1569.35,0,15.00,0.25,1343.46,1,1,1,3.00,4.80,1,450.0,0.00,0.00,queued,7.18,7.18,0,182.0
1167.0,clear,15.00,0.25,1569.35,0,15.00,0.25,1343.46,1,1,1,3.00,4.80,1,450.0,0.00,0.00,queued,7.18,7.18,0,182.0
1168.0,clear,15.00,0.25,1569.35,0,15.00,0.25,1343.46,1,2,1,4.00,4.80,1,450.0,0.00,0.00,queued,7.18,7.18,0,182.0
1169.0,clear,15.00,0.25,1569.35,0,15.00,0.25,1343.46,1,2,1,4.00,4.80,1,450.0,0.00,0.00,queued,7.18,7.18,0,182.0
1170.0,clear,15.00,0.25,1569.35,0,15.00,0.25,1343.46,1,2,1,4.00,4.80,1,450.0,0.00,0.00,queued,7.18,7.18,0,182.0
1171.0,clear,15.00,0.25,1569.35,0,15.00,0.25,1343.46,1,2,1,4.00,4.80,1,450.0,0.00,0.00,queued,7.18,7.18,0,182.0
1172.0,clear,15.00,0.25,1569.35,0,15.00,0.25,1343.46,1,2,1,4.00,4.80,1,450.0,0.00,0.00,queued,7.18,7.18,0,182.0
1173.0,clear,15.00,0.25,1569.35,0,15.00,0.25,1343.46,1,2,1,4.00,4.80,1,450.0,0.00,0.00,queued,7.18,7.18,0,182.0
1174.0,clear,15.00,0.25,1569.35,0,15.00,0.25,1343.46,1,2,1,4.00,4.80,1,450.0,0.00,0.00,queued,7.18,7.18,0,182.0
1175.0,clear,15.00,0.25,1569.35,0,15.00,0.25,1343.46,1,2,1,4.00,4.80,1,450.0,0.00,0.00,queued,7.18,7.18,0,182.0
1176.0,clear,15.00,0.25,1569.35,0,15.00,0.25,1343.46,1,2,1,4.00,4.80,1,450.0,0.00,0.00,queued,7.18,7.18,0,182.0
1177.0,clear,15.00,0.25,1569.35,0,15.00,0.25,1343.46,1,2,1,4.00,4.80,1,450.0,0.00,0.00,queued,7.18,7.18,0,182.0
1178.0,clear,15.00,0.25,1569.35,0,15.00,0.25,1343.46,1,2,1,4.00,4.80,1,450.0,0.00,0.00,queued,7.18,7.18,0,182.0
1179.0,clear,15.00,0.25,1569.35,0,15.00,0.25,1343.46,1,2,1,4.00,4.80,1,450.0,0.00,0.00,queued,7.18,7.18,0,182.0
1180.0,clear,15.00,0.25,1569.35,0,15.00,0.25,1343.46,1,2,1,4.00,4.80,1,450.0,0.00,0.00,queued,7.18,7.18,0,182.0
1181.0,clear,15.00,0.25,1569.35,0,15.00,0.25,1343.46,1,2,1,4.00,4.80,1,450.0,0.00,0.00,queued,7.18,7.18,0,182.0
1182.0,clear,15.00,0.25,1569.35,0,15.00,0.25,1343.46,1,2,1,4.00,4.80,1,450.0,0.00,0.00,queued,7.18,7.18,0,182.0
1183.0,clear,15.00,0.25,1569.35,0,15.00,0.25,1343.46,1,2,1,4.00,4.80,1,450.0,0.00,0.00,queued,7.18,7.18,0,182.0
1184.0,clear,15.00,0.25,1569.35,0,15.00,0.25,1343.46,1,2,1,4.00,4.80,1,450.0,0.00,0.00,queued,7.18,7.18,0,182.0
1185.0,clear,15.00,0.25,1569.35,0,15.00,0.25,1343.46,1,2,1,4.00,4.80,1,450.0,0.00,0.00,queued,7.18,7.18,0,182.0
1186.0,clear,15.00,0.25,1569.35,0,15.00,0.25,1343.46,1,2,1,4.00,4.80,1,450.0,0.00,0.00,queued,7.18,7.18,0,182.0
1187.0,clear,15.00,0.25,1569.35,0,15.00,0.25,1343.46,1,2,1,4.00,4.80,1,450.0,0.00,0.00,queued,7.18,7.18,0,182.0
1188.0,clear,15.00,0.25,1569.35,0,15.00,0.25,1343.46,1,2,1,4.00,4.80,1,450.0,0.00,0.00,queued,7.18,7.18,0,182.0
1189.0,clear,15.00,0.25,1569.35,0,15.00,0.25,1343.46,1,2,1,4.00,4.80,1,450.0,0.00,0.00,queued,7.18,7.18,0,182.0
1190.0,clear,15.00,0.25,1569.35,0,15.00,0.25,1343.46,1,2,1,4.00,4.80,1,450.0,0.00,0.00,queued,7.18,7.18,0,182.0
1191.0,clear,15.00,0.25,1569.35,0,15.00,0.25,1343.46,1,2,1,4.00,4.80,1,450.0,0.00,0.00,queued,7.18,7.18,0,182.0
1192.0,clear,15.00,0.25,1569.35,0,15.00,0.25,1343.46,1,2,1,4.00,4.80,1,450.0,0.00,0.00,queued,7.18,7.18,0,182.0
1193.0,clear,15.00,0.25,1569.35,0,15.00,0.25,1343.46,1,2,1,4.00,4.80,1,450.0,0.00,0.00,queued,7.18,7.18,0,182.0
1194.0,clear,15.00,0.25,1569.35,0,15.00,0.25,1343.46,1,2,1,4.00,4.80,1,450.0,0.00,0.00,queued,7.18,7.18,0,182.0
1195.0,clear,15.00,0.25,1569.35,0,15.00,0.25,1343.46,1,2,1,4.00,4.80,1,450.0,0.00,0.00,queued,7.18,7.18,0,182.0
1196.0,clear,15.00,0.25,1569.35,0,15.00,0.25,1343.46,1,2,1,4.00,4.80,1,450.0,0.00,0.00,queued,7.18,7.18,0,182.0
1197.0,clear,15.00,0.25,1569.35,0,15.00,0.25,1343.46,1,2,1,4.00,4.80,1,450.0,0.00,0.00,queued,7.18,7.18,0,182.0
1198.0,clear,15.00,0.25,1569.35,0,15.00,0.25,1343.46,1,2,1,4.00,4.80,1,450.0,0.00,0.00,queued,7.18,7.18,0,182.0
1199.0,clear,15.00,0.25,1569.35,0,15.00,0.25,1343.46,1,1,1,3.00,4.80,1,450.0,0.00,0.00,waiting_for_release,7.18,7.18,1,182.0
1200.0,clear,15.00,0.25,1569.35,0,15.00,0.25,1343.46,1,1,1,3.00,4.80,1,450.0,0.00,0.00,waiting_for_release,7.18,7.18,1,182.0
1201.0,clear,15.00,0.25,1569.35,0,15.00,0.25,1343.46,1,1,1,3.00,4.80,1,450.0,0.00,0.00,waiting_for_release,7.18,7.18,1,182.0
1202.0,clear,15.00,0.25,1569.35,0,15.00,0.25,1343.46,1,1,1,3.00,4.80,1,450.0,0.00,0.00,waiting_for_release,7.18,7.18,1,182.0
1203.0,clear,15.00,0.25,1569.35,0,15.00,0.25,1343.46,1,1,1,3.00,4.80,1,450.0,0.00,0.00,waiting_for_release,7.18,7.18,1,182.0
1204.0,clear,15.00,0.25,1569.35,0,15.00,0.25,1343.46,1,1,1,3.00,4.80,1,450.0,0.00,0.00,waiting_for_release,7.18,7.18,1,182.0
1205.0,clear,15.00,0.25,1569.35,0,15.00,0.25,1343.46,1,1,1,3.00,4.80,1,450.0,0.00,0.00,waiting_for_release,7.18,7.18,1,182.0
1206.0,clear,15.00,0.25,1569.35,0,15.00,0.25,1343.46,1,1,1,3.00,4.80,1,450.0,0.00,0.00,waiting_for_release,7.18,7.18,1,182.0
1207.0,clear,15.00,0.25,1569.35,0,15.00,0.25,1343.46,1,1,1,3.00,4.80,1,450.0,0.00,0.00,waiting_for_release,7.18,7.18,1,182.0
1208.0,clear,15.00,0.25,1569.35,0,15.00,0.25,1343.46,1,1,1,3.00,4.80,1,450.0,0.00,0.00,waiting_for_release,7.18,7.18,1,182.0
1209.0,clear,15.00,0.25,1569.35,0,15.00,0.25,1343.46,1,1,1,3.00,4.80,1,450.0,0.00,0.00,waiting_for_release,7.18,7.18,1,182.0
1210.0,clear,15.00,0.25,1569.35,0,15.00,0.25,1343.46,1,1,1,3.00,4.80,1,450.0,0.00,0.00,waiting_for_release,7.18,7.18,1,182.0
1211.0,clear,15.00,0.25,1569.35,0,15.00,0.25,1343.46,1,1,1,3.00,4.80,1,450.0,0.00,0.00,waiting_for_release,7.18,7.18,1,182.0
1212.0,clear,15.00,0.25,1569.35,0,15.00,0.25,1343.46,1,1,1,3.00,4.80,1,450.0,0.00,0.00,waiting_for_release,7.18,7.18,1,182.0
1213.0,clear,15.00,0.25,1569.35,0,15.00,0.25,1343.46,1,1,1,3.00,4.80,1,450.0,0.00,0.00,waiting_for_release,7.18,7.18,1,182.0
1214.0,clear,15.00,0.25,1569.35,0,15.00,0.25,1343.46,1,1,1,3.00,4.80,1,450.0,0.00,0.00,waiting_for_release,7.18,7.18,1,182.0
1215.0,clear,15.00,0.25,1569.35,0,15.00,0.25,1343.46,1,1,1,3.00,4.80,1,450.0,0.00,0.00,waiting_for_release,7.18,7.18,1,182.0
1216.0,clear,15.00,0.25,1569.35,0,15.00,0.25,1343.46,1,1,1,3.00,4.80,1,450.0,0.00,0.00,waiting_for_release,7.18,7.18,1,182.0
1217.0,clear,15.00,0.25,1569.35,0,15.00,0.25,1343.46,1,1,1,3.00,4.80,1,450.0,0.00,0.00,waiting_for_release,7.18,7.18,1,182.0
1218.0,clear,15.00,0.25,1569.35,0,15.00,0.25,1343.46,1,1,1,3.00,4.80,1,450.0,0.00,0.00,waiting_for_release,7.18,7.18,1,182.0
1219.0,clear,15.00,0.25,1569.35,0,15.00,0.25,1343.46,1,1,1,3.00,4.80,1,450.0,0.00,0.00,waiting_for_release,7.18,7.18,1,182.0
1220.0,clear,15.00,0.25,1569.35,0,15.00,0.25,1343.46,1,1,1,3.00,4.80,1,450.0,0.00,0.00,waiting_for_release,7.18,7.18,1,182.0
1221.0,clear,15.00,0.25,1569.35,0,15.00,0.25,1343.46,1,1,1,3.00,4.80,1,450.0,0.00,0.00,waiting_for_release,7.18,7.18,1,182.0
1222.0,clear,15.00,0.25,1569.35,0,15.00,0.25,1343.46,1,1,1,3.00,4.80,1,450.0,0.00,0.00,waiting_for_release,7.18,7.18,1,182.0
1223.0,clear,15.00,0.25,1569.35,0,15.00,0.25,1343.46,1,1,1,3.00,4.80,1,450.0,0.00,0.00,waiting_for_release,7.18,7.18,1,182.0
1224.0,clear,15.00,0.25,1569.35,0,15.00,0.25,1343.46,1,1,1,3.00,4.80,1,450.0,0.00,0.00,waiting_for_release,7.18,7.18,1,182.0
1225.0,clear,15.00,0.25,1569.35,0,15.00,0.25,1343.46,1,1,1,3.00,4.80,1,450.0,0.00,0.00,waiting_for_release,7.18,7.18,1,182.0
1226.0,clear,15.00,0.25,1569.35,0,15.00,0.25,1343.46,1,1,1,3.00,4.80,1,450.0,0.00,0.00,waiting_for_release,7.18,7.18,1,182.0
1227.0,clear,15.00,0.25,1569.35,0,15.00,0.25,1343.46,1,1,1,3.00,4.80,1,450.0,0.00,0.00,waiting_for_release,7.18,7.18,1,182.0
1228.0,clear,15.00,0.25,1569.35,0,15.00,0.25,1343.46,1,1,1,3.00,4.80,1,450.0,0.00,0.00,waiting_for_release,7.18,7.18,1,182.0
1229.0,clear,15.00,0.25,1569.35,0,15.00,0.25,1343.46,1,1,1,3.00,4.80,1,450.0,0.00,0.00,waiting_for_release,7.18,7.18,1,182.0
1230.0,clear,15.00,0.25,1569.35,0,15.00,0.25,1343.46,1,1,1,3.00,4.80,1,450.0,0.00,0.00,waiting_for_release,7.18,7.18,1,182.0
1231.0,clear,15.00,0.25,1569.35,0,15.00,0.25,1343.46,1,1,1,3.00,4.80,1,450.0,0.00,0.00,waiting_for_release,7.18,7.18,1,182.0
1232.0,clear,15.00,0.25,1569.35,0,15.00,0.25,1343.46,1,1,1,3.00,4.80,1,450.0,0.00,0.00,waiting_for_release,7.18,7.18,1,182.0
1233.0,clear,15.00,0.25,1569.35,0,15.00,0.25,1343.46,1,1,1,3.00,4.80,1,450.0,0.00,0.00,waiting_for_release,7.18,7.18,1,182.0
1234.0,clear,15.00,0.25,1569.35,0,15.00,0.25,1343.46,1,1,1,3.00,4.80,1,450.0,0.00,0.00,waiting_for_release,7.18,7.18,1,182.0
1235.0,clear,15.00,0.25,1569.35,0,15.00,0.25,1343.46,1,1,1,3.00,4.80,1,450.0,0.00,0.00,waiting_for_release,7.18,7.18,1,182.0
1236.0,clear,15.00,0.25,1569.35,0,15.00,0.25,1343.46,1,1,1,3.00,4.80,1,450.0,0.00,0.00,waiting_for_release,7.18,7.18,1,182.0
1237.0,clear,15.00,0.25,1569.35,0,15.00,0.25,1343.46,1,1,1,3.00,4.80,1,450.0,0.00,0.00,waiting_for_release,7.18,7.18,1,182.0
1238.0,clear,15.00,0.25,1569.35,0,15.00,0.25,1343.46,1,1,1,3.00,4.80,1,450.0,0.00,0.00,waiting_for_release,7.18,7.18,1,182.0
1239.0,clear,15.00,0.25,1569.35,0,15.00,0.25,1343.46,1,1,1,3.00,4.80,1,450.0,0.00,0.00,waiting_for_release,7.18,7.18,1,182.0
1240.0,clear,15.00,0.25,1569.35,0,15.00,0.25,1343.46,1,1,1,3.00,4.80,1,450.0,0.00,0.00,waiting_for_release,7.18,7.18,1,182.0
1241.0,clear,15.00,0.25,1569.35,0,15.00,0.25,1343.46,1,1,1,3.00,4.80,1,450.0,0.00,0.00,waiting_for_release,7.18,7.18,1,182.0
1242.0,clear,15.00,0.25,1569.35,0,15.00,0.25,1343.46,1,1,1,3.00,4.80,1,450.0,0.00,0.00,waiting_for_release,7.18,7.18,1,182.0
1243.0,clear,15.00,0.25,1569.35,0,15.00,0.25,1343.46,1,1,1,3.00,4.80,1,450.0,0.00,0.00,waiting_for_release,7.18,7.18,1,182.0
1244.0,clear,15.00,0.25,1569.35,0,15.00,0.25,1343.46,1,1,1,3.00,4.80,1,450.0,0.00,0.00,waiting_for_release,7.18,7.18,1,182.0
1245.0,clear,15.00,0.25,1569.35,0,15.00,0.25,1343.46,1,1,1,3.00,4.80,1,450.0,0.00,0.00,waiting_for_release,7.18,7.18,1,182.0
1246.0,clear,15.00,0.25,1569.35,0,15.00,0.25,1343.46,1,1,1,3.00,4.80,1,450.0,0.00,0.00,waiting_for_release,7.18,7.18,1,182.0
1247.0,clear,15.00,0.25,1569.35,0,15.00,0.25,1343.46,1,1,1,3.00,4.80,1,450.0,0.00,0.00,waiting_for_release,7.18,7.18,1,182.0
1248.0,clear,15.00,0.25,1569.35,0,15.00,0.25,1343.46,1,1,1,3.00,4.80,1,450.0,0.00,0.00,waiting_for_release,7.18,7.18,1,182.0
1249.0,clear,15.00,0.25,1569.35,0,15.00,0.25,1343.46,1,1,1,3.00,4.80,1,450.0,0.00,0.00,waiting_for_release,7.18,7.18,1,182.0
1250.0,clear,15.00,0.25,1569.35,0,15.00,0.25,1343.46,1,1,1,3.00,4.80,1,450.0,0.00,0.00,waiting_for_release,7.18,7.18,1,182.0
1251.0,clear,15.00,0.25,1569.35,0,15.00,0.25,1343.46,1,1,1,3.00,4.80,1,450.0,0.00,0.00,waiting_for_release,7.18,7.18,1,182.0
1252.0,clear,15.00,0.25,1569.35,0,15.00,0.25,1343.46,1,1,1,3.00,4.80,1,450.0,0.00,0.00,waiting_for_release,7.18,7.18,1,182.0
1253.0,clear,15.00,0.25,1569.35,0,15.00,0.25,1343.46,1,1,1,3.00,4.80,1,450.0,0.00,0.00,waiting_for_release,7.18,7.18,1,182.0
1254.0,clear,15.00,0.25,1569.35,0,15.00,0.25,1343.46,1,1,1,3.00,4.80,1,450.0,0.00,0.00,waiting_for_release,7.18,7.18,1,182.0
1255.0,clear,15.00,0.25,1569.35,0,15.00,0.25,1343.46,1,1,1,3.00,4.80,1,450.0,0.00,0.00,waiting_for_release,7.18,7.18,1,182.0
1256.0,clear,15.00,0.25,1569.35,0,15.00,0.25,1343.46,1,1,1,3.00,4.80,1,450.0,0.00,0.00,waiting_for_release,7.18,7.18,1,182.0
1257.0,clear,15.00,0.25,1569.35,0,15.00,0.25,1343.46,1,1,1,3.00,4.80,1,450.0,0.00,0.00,waiting_for_release,7.18,7.18,1,182.0
1258.0,clear,15.00,0.25,1569.35,0,15.00,0.25,1343.46,1,1,1,3.00,4.80,1,450.0,0.00,0.00,waiting_for_release,7.18,7.18,1,182.0
1259.0,clear,15.00,0.25,1569.35,0,15.00,0.25,1343.46,1,1,1,3.00,4.80,1,450.0,0.00,0.00,waiting_for_release,7.18,7.18,1,182.0
1260.0,clear,15.00,0.25,1569.35,0,15.00,0.25,1343.46,1,1,1,3.00,4.80,1,450.0,0.00,0.00,waiting_for_release,7.18,7.18,1,182.0
1261.0,clear,15.00,0.25,1569.35,0,15.00,0.25,1343.46,1,1,1,3.00,4.80,1,450.0,0.00,0.00,waiting_for_release,7.18,7.18,1,182.0
1262.0,clear,15.00,0.25,1569.35,0,15.00,0.25,1343.46,1,1,1,3.00,4.80,1,450.0,0.00,0.00,waiting_for_release,7.18,7.18,1,182.0
1263.0,clear,15.00,0.25,1569.35,0,15.00,0.25,1343.46,1,1,1,3.00,4.80,1,450.0,0.00,0.00,waiting_for_release,7.18,7.18,1,182.0
1264.0,clear,15.00,0.25,1569.35,0,15.00,0.25,1343.46,1,1,1,3.00,4.80,1,450.0,0.00,0.00,waiting_for_release,7.18,7.18,1,182.0
1265.0,clear,15.00,0.25,1569.35,0,15.00,0.25,1343.46,1,1,1,3.00,4.80,1,450.0,0.00,0.00,waiting_for_release,7.18,7.18,1,182.0
1266.0,clear,15.00,0.25,1569.35,0,15.00,0.25,1343.46,1,1,1,3.00,4.80,1,450.0,0.00,0.00,waiting_for_release,7.18,7.18,1,182.0
1267.0,clear,15.00,0.25,1569.35,0,15.00,0.25,1343.46,1,1,1,3.00,4.80,1,450.0,0.00,0.00,waiting_for_release,7.18,7.18,1,182.0
1268.0,clear,15.00,0.25,1569.35,0,15.00,0.25,1343.46,1,1,1,3.00,4.80,1,450.0,0.00,0.00,waiting_for_release,7.18,7.18,1,182.0
1269.0,clear,15.00,0.25,1569.35,0,15.00,0.25,1343.46,1,1,1,3.00,4.80,1,450.0,0.00,0.00,waiting_for_release,7.18,7.18,1,182.0
1270.0,clear,15.00,0.25,1569.35,0,15.00,0.25,1343.46,1,1,1,3.00,4.80,1,450.0,0.00,0.00,waiting_for_release,7.18,7.18,1,182.0
1271.0,clear,15.00,0.25,1569.35,0,15.00,0.25,1343.46,1,1,1,3.00,4.80,1,450.0,0.00,0.00,waiting_for_release,7.18,7.18,1,182.0
1272.0,clear,15.00,0.25,1569.35,0,15.00,0.25,1343.46,1,1,1,3.00,4.80,1,450.0,0.00,0.00,waiting_for_release,7.18,7.18,1,182.0
1273.0,clear,15.00,0.25,1569.35,0,15.00,0.25,1343.46,1,1,1,3.00,4.80,1,450.0,0.00,0.00,waiting_for_release,7.18,7.18,1,182.0
1274.0,clear,15.00,0.25,1569.35,0,15.00,0.25,1343.46,1,1,1,3.00,4.80,1,450.0,0.00,0.00,waiting_for_release,7.18,7.18,1,182.0
1275.0,clear,15.00,0.25,1569.35,0,15.00,0.25,1343.46,1,1,1,3.00,4.80,1,450.0,0.00,0.00,waiting_for_release,7.18,7.18,1,182.0
1276.0,clear,15.00,0.25,1569.35,0,15.00,0.25,1343.46,1,1,1,3.00,4.80,1,450.0,0.00,0.00,waiting_for_release,7.18,7.18,1,182.0
1277.0,clear,15.00,0.25,1569.35,0,15.00,0.25,1343.46,1,1,1,3.00,4.80,1,450.0,0.00,0.00,waiting_for_release,7.18,7.18,1,182.0
1278.0,clear,15.00,0.25,1569.35,0,15.00,0.25,1343.46,1,1,1,3.00,4.80,1,450.0,0.00,0.00,waiting_for_release,7.18,7.18,1,182.0
1279.0,clear,15.00,0.25,1569.35,0,15.00,0.25,1343.46,1,1,1,3.00,4.80,1,450.0,0.00,0.00,waiting_for_release,7.18,7.18,1,182.0
1280.0,clear,15.00,0.25,1569.35,0,15.00,0.25,1343.46,1,1,1,3.00,4.80,1,450.0,0.00,0.00,waiting_for_release,7.18,7.18,1,182.0
1281.0,clear,15.00,0.25,1569.35,0,15.00,0.25,1343.46,1,1,1,3.00,4.80,1,450.0,0.00,0.00,waiting_for_release,7.18,7.18,1,182.0
1282.0,clear,15.00,0.25,1569.35,0,15.00,0.25,1343.46,1,1,1,3.00,4.80,1,450.0,0.00,0.00,waiting_for_release,7.18,7.18,1,182.0
1283.0,clear,15.00,0.25,1569.35,0,15.00,0.25,1343.46,1,1,1,3.00,4.80,1,450.0,0.00,0.00,waiting_for_release,7.18,7.18,1,182.0
1284.0,clear,15.00,0.25,1569.35,0,15.00,0.25,1343.46,1,1,1,3.00,4.80,1,450.0,0.00,0.00,waiting_for_release,7.18,7.18,1,182.0
1285.0,clear,15.00,0.25,1569.35,0,15.00,0.25,1343.46,1,1,1,3.00,4.80,1,450.0,0.00,0.00,waiting_for_release,7.18,7.18,1,182.0
1286.0,clear,15.00,0.25,1569.35,0,15.00,0.25,1343.46,1,1,1,3.00,4.80,1,450.0,0.00,0.00,waiting_for_release,7.18,7.18,1,182.0
1287.0,clear,15.00,0.25,1569.35,0,15.00,0.25,1343.46,1,1,1,3.00,4.80,1,450.0,0.00,0.00,waiting_for_release,7.18,7.18,1,182.0
1288.0,clear,15.00,0.25,1569.35,0,15.00,0.25,1343.46,1,1,1,3.00,4.80,1,450.0,0.00,0.00,waiting_for_release,7.18,7.18,1,182.0
1289.0,clear,15.00,0.25,1569.35,0,15.00,0.25,1343.46,1,1,1,3.00,4.80,1,450.0,0.00,0.00,waiting_for_release,7.18,7.18,1,182.0
1290.0,clear,15.00,0.25,1569.35,0,15.00,0.25,1343.46,1,1,1,3.00,4.80,1,450.0,0.00,0.00,waiting_for_release,7.18,7.18,1,182.0
1291.0,clear,15.00,0.25,1569.35,0,15.00,0.25,1343.46,1,1,1,3.00,4.80,1,450.0,0.00,0.00,waiting_for_release,7.18,7.18,1,182.0
1292.0,clear,15.00,0.25,1569.35,0,15.00,0.25,1343.46,1,1,1,3.00,4.80,1,450.0,0.00,0.00,waiting_for_release,7.18,7.18,1,182.0
1293.0,clear,15.00,0.25,1569.35,0,15.00,0.25,1343.46,1,1,1,3.00,4.80,1,450.0,0.00,0.00,waiting_for_release,7.18,7.18,1,182.0
1294.0,clear,15.00,0.25,1569.35,0,15.00,0.25,1343.46,1,1,1,3.00,4.80,1,450.0,0.00,0.00,waiting_for_release,7.18,7.18,1,182.0
1295.0,clear,15.00,0.25,1569.35,0,15.00,0.25,1343.46,1,1,1,3.00,4.80,1,450.0,0.00,0.00,waiting_for_release,7.18,7.18,1,182.0
1296.0,clear,15.00,0.25,1569.35,0,15.00,0.25,1343.46,1,1,1,3.00,4.80,1,450.0,0.00,0.00,waiting_for_release,7.18,7.18,1,182.0
1297.0,clear,15.00,0.25,1569.35,0,15.00,0.25,1343.46,1,1,1,3.00,4.80,1,450.0,0.00,0.00,waiting_for_release,7.18,7.18,1,182.0
1298.0,clear,15.00,0.25,1569.35,0,15.00,0.25,1343.46,1,1,1,3.00,4.80,1,450.0,0.00,0.00,waiting_for_release,7.18,7.18,1,182.0
1299.0,clear,15.00,0.25,1569.35,0,15.00,0.25,1343.46,1,1,1,3.00,4.80,1,450.0,0.00,0.00,waiting_for_release,7.18,7.18,1,182.0
1300.0,clear,15.00,0.25,1569.35,0,15.00,0.25,1343.46,1,1,1,3.00,4.80,1,450.0,0.00,0.00,waiting_for_release,7.18,7.18,1,182.0
1301.0,clear,15.07,0.25,1577.08,0,15.07,0.25,1350.63,1,1,1,3.00,4.80,1,450.0,0.00,0.00,waiting_for_release,7.18,7.18,1,182.0
1302.0,clear,15.14,0.25,1584.79,0,15.14,0.25,1357.80,1,1,1,3.00,4.80,1,450.0,0.00,0.00,waiting_for_release,7.18,7.18,1,182.0
1303.0,clear,15.21,0.25,1592.50,0,15.21,0.25,1364.96,1,1,1,3.00,4.80,1,450.0,0.00,0.00,waiting_for_release,7.18,7.18,1,182.0
1304.0,clear,15.28,0.25,1600.20,0,15.28,0.25,1372.12,1,1,1,3.00,4.80,1,450.0,0.00,0.00,waiting_for_release,7.18,7.18,1,182.0
1305.0,clear,15.35,0.25,1607.89,0,15.35,0.25,1379.28,1,1,1,3.00,4.80,1,450.0,0.00,0.00,waiting_for_release,7.18,7.18,1,182.0
1306.0,clear,15.42,0.25,1615.57,0,15.42,0.25,1386.43,1,1,1,3.00,4.80,1,450.0,0.00,0.00,waiting_for_release,7.18,7.18,1,182.0
1307.0,clear,15.49,0.25,1623.24,0,15.49,0.25,1393.57,1,1,1,3.00,4.80,1,450.0,0.00,0.00,waiting_for_release,7.18,7.18,1,182.0
1308.0,clear,15.56,0.26,1624.62,0,15.56,0.26,1395.31,1,1,1,3.00,4.80,1,450.0,0.00,0.00,waiting_for_release,7.18,7.18,1,182.0
1309.0,clear,15.63,0.26,1624.94,0,15.63,0.26,1396.14,1,1,1,3.00,4.80,1,450.0,0.00,0.00,waiting_for_release,7.18,7.18,1,182.0
1310.0,clear,15.70,0.26,1625.25,0,15.70,0.26,1396.96,1,1,1,3.00,4.80,1,450.0,0.00,0.00,waiting_for_release,7.18,7.18,1,182.0
1311.0,clear,15.77,0.26,1625.55,0,15.77,0.26,1397.77,1,1,1,3.00,4.80,1,450.0,0.00,0.00,waiting_for_release,7.18,7.18,1,182.0
1312.0,clear,15.84,0.26,1625.83,0,15.84,0.26,1398.56,1,1,1,3.00,4.80,1,450.0,0.00,0.00,waiting_for_release,7.18,7.18,1,182.0
1313.0,clear,15.91,0.26,1626.11,0,15.91,0.26,1399.35,1,1,1,3.00,4.80,1,450.0,0.00,0.00,waiting_for_release,7.18,7.18,1,182.0
1314.0,clear,15.98,0.26,1626.38,0,15.98,0.26,1400.12,1,1,1,3.00,4.80,1,450.0,0.00,0.00,waiting_for_release,7.18,7.18,1,182.0
1315.0,clear,16.05,0.26,1626.64,0,16.05,0.26,1400.88,1,1,1,3.00,4.80,1,450.0,0.00,0.00,waiting_for_release,7.18,7.18,1,182.0
1316.0,clear,16.12,0.26,1626.89,0,16.12,0.26,1401.64,2,1,2,3.00,6.40,1,450.0,0.00,0.00,waiting_for_release,7.18,7.18,1,182.0
1317.0,clear,16.19,0.26,1627.13,0,16.19,0.26,1402.38,2,1,2,3.00,6.40,1,450.0,0.00,0.00,waiting_for_release,7.18,7.18,1,182.0
1318.0,clear,16.26,0.26,1627.36,0,16.26,0.26,1403.11,2,1,2,3.00,6.40,1,450.0,0.00,0.00,waiting_for_release,7.18,7.18,1,182.0
1319.0,clear,16.33,0.26,1627.58,0,16.33,0.26,1403.84,2,1,2,3.00,6.40,1,450.0,0.00,0.00,waiting_for_release,7.18,7.18,1,182.0
1320.0,clear,16.40,0.26,1627.79,0,16.40,0.26,1404.55,2,1,2,3.00,4.17,1,690.0,0.00,0.00,waiting_for_release,7.18,7.18,1,182.0
1321.0,clear,16.47,0.26,1628.00,0,16.47,0.26,1405.26,2,1,2,3.00,4.17,1,690.0,0.00,0.00,waiting_for_release,7.18,7.18,1,182.0
1322.0,clear,16.54,0.27,1628.20,0,16.54,0.27,1405.95,2,1,2,3.00,4.17,1,690.0,0.00,0.00,waiting_for_release,7.18,7.18,1,182.0
1323.0,clear,16.61,0.27,1628.39,0,16.61,0.27,1406.64,2,1,2,3.00,4.17,1,690.0,0.00,0.00,waiting_for_release,7.18,7.18,1,182.0
1324.0,clear,16.68,0.27,1628.57,0,16.68,0.27,1407.32,2,1,2,3.00,4.17,1,690.0,0.00,0.00,waiting_for_release,7.18,7.18,1,182.0
1325.0,clear,16.75,0.27,1628.75,0,16.75,0.27,1407.99,2,1,2,3.00,4.17,1,690.0,0.00,0.00,waiting_for_release,7.18,7.18,1,182.0
1326.0,clear,16.82,0.27,1628.91,0,16.82,0.27,1408.65,2,1,2,3.00,4.17,1,690.0,0.00,0.00,waiting_for_release,7.18,7.18,1,182.0
1327.0,clear,16.89,0.27,1629.08,0,16.89,0.27,1409.30,2,1,2,3.00,4.17,1,690.0,0.00,0.00,waiting_for_release,7.18,7.18,1,182.0
1328.0,clear,16.96,0.27,1629.23,0,16.96,0.27,1409.94,2,1,2,3.00,4.17,1,690.0,0.00,0.00,waiting_for_release,7.18,7.18,1,182.0
1329.0,clear,17.03,0.27,1629.38,0,17.03,0.27,1410.58,2,1,2,3.00,4.17,1,690.0,0.00,0.00,waiting_for_release,7.18,7.18,1,182.0
1330.0,clear,17.10,0.27,1629.52,0,17.10,0.27,1411.21,2,1,2,3.00,4.17,1,690.0,0.00,0.00,waiting_for_release,7.18,7.18,1,182.0
1331.0,clear,17.17,0.27,1629.65,0,17.17,0.27,1411.83,2,1,2,3.00,4.17,1,690.0,0.00,0.00,waiting_for_release,7.18,7.18,1,182.0
1332.0,clear,17.24,0.27,1629.78,0,17.24,0.27,1412.44,2,1,2,3.00,4.17,1,690.0,0.00,0.00,waiting_for_release,7.18,7.18,1,182.0
1333.0,clear,17.31,0.27,1629.90,0,17.31,0.27,1413.04,2,1,2,3.00,4.17,1,690.0,0.00,0.00,waiting_for_release,7.18,7.18,1,182.0
1334.0,clear,17.38,0.27,1630.01,0,17.38,0.27,1413.64,2,1,2,3.00,4.17,1,690.0,0.00,0.00,waiting_for_release,7.18,7.18,1,182.0
1335.0,clear,17.45,0.27,1630.12,0,17.45,0.27,1414.23,2,1,2,3.00,4.17,1,690.0,0.00,0.00,waiting_for_release,7.18,7.18,1,182.0
1336.0,clear,17.52,0.28,1630.22,0,17.52,0.28,1414.81,2,1,2,3.00,4.17,1,690.0,0.00,0.00,waiting_for_release,7.18,7.18,1,182.0
1337.0,clear,17.59,0.28,1630.32,0,17.59,0.28,1415.39,2,1,2,3.00,4.17,1,690.0,0.00,0.00,waiting_for_release,7.18,7.18,1,182.0
1338.0,clear,17.66,0.28,1630.41,0,17.66,0.28,1415.96,2,1,2,3.00,4.17,1,690.0,0.00,0.00,waiting_for_release,7.18,7.18,1,182.0
1339.0,clear,17.73,0.28,1630.50,0,17.73,0.28,1416.52,2,1,2,3.00,4.17,1,690.0,0.00,0.00,waiting_for_release,7.18,7.18,1,182.0
1340.0,clear,17.80,0.28,1630.58,0,17.80,0.28,1417.07,2,1,2,3.00,4.17,1,690.0,0.00,0.00,waiting_for_release,7.18,7.18,1,182.0
1341.0,clear,17.87,0.28,1630.65,0,17.87,0.28,1417.62,2,1,2,3.00,4.17,1,690.0,0.00,0.00,waiting_for_release,7.18,7.18,1,182.0
1342.0,clear,17.94,0.28,1630.72,0,17.94,0.28,1418.16,2,1,2,3.00,4.17,1,690.0,0.00,0.00,waiting_for_release,7.18,7.18,1,182.0
1343.0,clear,18.01,0.28,1630.79,0,18.01,0.28,1418.70,2,1,2,3.00,4.17,1,690.0,0.00,0.00,waiting_for_release,7.18,7.18,1,182.0
1344.0,clear,18.08,0.28,1630.85,0,18.08,0.28,1419.23,2,1,2,3.00,4.17,1,690.0,0.00,0.00,waiting_for_release,7.18,7.18,1,182.0
1345.0,clear,18.15,0.28,1630.90,0,18.15,0.28,1419.75,2,1,2,3.00,4.17,1,690.0,0.00,0.00,waiting_for_release,7.18,7.18,1,182.0
1346.0,clear,18.22,0.28,1630.95,0,18.22,0.28,1420.27,2,1,2,3.00,4.17,1,690.0,0.00,0.00,waiting_for_release,7.18,7.18,1,182.0
1347.0,clear,18.29,0.28,1631.00,0,18.29,0.28,1420.78,2,1,2,3.00,4.17,1,690.0,0.00,0.00,waiting_for_release,7.18,7.18,1,182.0
1348.0,clear,18.36,0.28,1631.04,0,18.36,0.28,1421.28,2,1,2,3.00,4.17,1,690.0,0.00,0.00,waiting_for_release,7.18,7.18,1,182.0
1349.0,clear,18.43,0.28,1631.08,0,18.43,0.28,1421.78,2,1,2,3.00,4.17,1,690.0,0.00,0.00,waiting_for_release,7.18,7.18,1,182.0
1350.0,clear,18.50,0.28,1631.11,0,18.50,0.28,1422.27,2,1,2,3.00,4.17,1,690.0,0.00,0.00,waiting_for_release,7.18,7.18,1,182.0
1351.0,clear,18.57,0.29,1631.14,0,18.57,0.29,1422.76,2,1,2,3.00,4.17,1,690.0,0.00,0.00,waiting_for_release,7.18,7.18,1,182.0
1352.0,clear,18.64,0.29,1631.16,0,18.64,0.29,1423.24,2,1,2,3.00,4.17,1,690.0,0.00,0.00,waiting_for_release,7.18,7.18,1,182.0
1353.0,clear,18.71,0.29,1631.18,0,18.71,0.29,1423.72,2,1,2,3.00,4.17,1,690.0,0.00,0.00,waiting_for_release,7.18,7.18,1,182.0
1354.0,clear,18.78,0.29,1631.20,0,18.78,0.29,1424.19,2,1,2,3.00,4.17,1,690.0,0.00,0.00,waiting_for_release,7.18,7.18,1,182.0
1355.0,clear,18.85,0.29,1631.21,0,18.85,0.29,1424.65,2,1,2,3.00,4.17,1,690.0,0.00,0.00,waiting_for_release,7.18,7.18,1,182.0
1356.0,clear,18.92,0.29,1631.22,0,18.92,0.29,1425.11,2,1,2,3.00,4.17,1,690.0,0.00,0.00,waiting_for_release,7.18,7.18,1,182.0
1357.0,clear,18.99,0.29,1631.22,0,18.99,0.29,1425.57,2,1,2,3.00,4.17,1,690.0,0.00,0.00,waiting_for_release,7.18,7.18,1,182.0
1358.0,clear,19.06,0.29,1631.22,0,19.06,0.29,1426.02,2,1,2,3.00,4.17,1,690.0,0.00,0.00,waiting_for_release,7.18,7.18,1,182.0
1359.0,clear,19.13,0.29,1631.22,0,19.13,0.29,1426.46,2,1,2,3.00,4.17,1,690.0,0.00,0.00,waiting_for_release,7.18,7.18,1,182.0
1360.0,clear,19.20,0.29,1631.22,0,19.20,0.29,1426.90,2,1,2,3.00,4.17,1,690.0,0.00,0.00,waiting_for_release,7.18,7.18,1,182.0
1361.0,clear,19.27,0.29,1631.21,0,19.27,0.29,1427.34,2,1,2,3.00,4.17,1,690.0,0.00,0.00,waiting_for_release,7.18,7.18,1,182.0
1362.0,clear,19.34,0.29,1631.19,0,19.34,0.29,1427.77,2,1,2,3.00,4.17,1,690.0,0.00,0.00,waiting_for_release,7.18,7.18,1,182.0
1363.0,clear,19.41,0.29,1631.18,0,19.41,0.29,1428.19,2,1,2,3.00,4.17,1,690.0,0.00,0.00,waiting_for_release,7.18,7.18,1,182.0
1364.0,clear,19.48,0.29,1631.16,0,19.48,0.29,1428.61,2,1,2,3.00,4.17,1,690.0,0.00,0.00,waiting_for_release,7.18,7.18,1,182.0
1365.0,clear,19.55,0.30,1631.14,0,19.55,0.30,1429.03,2,1,2,3.00,4.17,1,690.0,0.00,0.00,waiting_for_release,7.18,7.18,1,182.0
1366.0,clear,19.62,0.30,1631.36,0,19.62,0.30,1429.44,2,1,2,3.00,4.17,1,690.0,0.00,0.00,waiting_for_release,7.18,7.18,1,182.0
1367.0,clear,19.69,0.30,1632.06,0,19.69,0.30,1429.85,2,1,2,3.00,4.17,1,690.0,0.00,0.00,waiting_for_release,7.18,7.18,1,182.0
1368.0,clear,19.76,0.30,1632.76,0,19.76,0.30,1430.25,2,1,2,3.00,4.17,1,690.0,0.00,0.00,waiting_for_release,7.18,7.18,1,182.0
1369.0,clear,19.83,0.30,1633.46,0,19.83,0.30,1430.65,2,1,2,3.00,4.17,1,690.0,0.00,0.00,waiting_for_release,7.18,7.18,1,182.0
1370.0,clear,19.90,0.30,1634.15,0,19.90,0.30,1431.04,2,1,2,3.00,4.17,1,690.0,0.00,0.00,waiting_for_release,7.18,7.18,1,182.0
1371.0,clear,19.97,0.30,1634.84,0,19.97,0.30,1431.43,2,1,2,3.00,4.17,1,690.0,0.00,0.00,waiting_for_release,7.18,7.18,1,182.0
1372.0,clear,20.04,0.30,1635.53,0,20.04,0.30,1431.82,2,1,2,3.00,4.17,1,690.0,0.00,0.00,waiting_for_release,7.18,7.18,1,182.0
1373.0,clear,20.11,0.30,1636.22,0,20.11,0.30,1432.20,2,1,2,3.00,4.17,1,690.0,0.00,0.00,waiting_for_release,7.18,7.18,1,182.0
1374.0,clear,20.18,0.30,1636.90,0,20.18,0.30,1432.58,2,1,2,3.00,4.17,1,690.0,0.00,0.00,waiting_for_release,7.18,7.18,1,182.0
1375.0,clear,20.25,0.30,1637.58,0,20.25,0.30,1432.95,2,1,2,3.00,4.17,1,690.0,0.00,0.00,waiting_for_release,7.18,7.18,1,182.0
1376.0,clear,20.32,0.30,1638.26,0,20.32,0.30,1433.32,2,1,2,3.00,4.17,1,690.0,0.00,0.00,waiting_for_release,7.18,7.18,1,182.0
1377.0,clear,20.39,0.30,1638.94,0,20.39,0.30,1433.69,2,1,2,3.00,4.17,1,690.0,0.00,0.00,waiting_for_release,7.18,7.18,1,182.0
1378.0,clear,20.46,0.30,1639.61,0,20.46,0.30,1434.05,2,1,2,3.00,4.17,1,690.0,0.00,0.00,waiting_for_release,7.18,7.18,1,182.0
1379.0,clear,20.53,0.31,1640.28,0,20.53,0.31,1434.41,2,1,2,3.00,4.17,1,690.0,0.00,0.00,waiting_for_release,7.18,7.18,1,182.0
1380.0,clear,20.60,0.31,1640.95,0,20.60,0.31,1434.76,2,1,2,3.00,4.17,1,690.0,0.00,0.00,waiting_for_release,7.18,7.18,1,182.0
1381.0,clear,20.67,0.31,1641.61,0,20.67,0.31,1435.11,2,1,2,3.00,4.17,1,690.0,0.00,0.00,waiting_for_release,7.18,7.18,1,182.0
1382.0,clear,20.74,0.31,1642.27,0,20.74,0.31,1435.46,2,1,2,3.00,4.17,1,690.0,0.00,0.00,waiting_for_release,7.18,7.18,1,182.0
1383.0,clear,20.81,0.31,1642.93,0,20.81,0.31,1435.81,2,1,2,3.00,4.17,1,690.0,0.00,0.00,waiting_for_release,7.18,7.18,1,182.0
1384.0,clear,20.88,0.31,1643.59,0,20.88,0.31,1436.15,2,1,2,3.00,4.17,1,690.0,0.00,0.00,waiting_for_release,7.18,7.18,1,182.0
1385.0,clear,20.95,0.31,1644.24,0,20.95,0.31,1436.48,2,1,2,3.00,4.17,1,690.0,0.00,0.00,waiting_for_release,7.18,7.18,1,182.0
1386.0,clear,21.02,0.31,1644.90,0,21.02,0.31,1436.82,2,1,2,3.00,4.17,1,690.0,0.00,0.00,waiting_for_release,7.18,7.18,1,182.0
1387.0,clear,21.09,0.31,1645.55,0,21.09,0.31,1437.15,2,1,2,3.00,4.17,1,690.0,0.00,0.00,waiting_for_release,7.18,7.18,1,182.0
1388.0,clear,21.16,0.31,1646.19,0,21.16,0.31,1437.47,2,1,2,3.00,4.17,1,690.0,0.00,0.00,waiting_for_release,7.18,7.18,1,182.0
1389.0,clear,21.23,0.31,1646.84,0,21.23,0.31,1437.80,2,1,2,3.00,4.17,1,690.0,0.00,0.00,waiting_for_release,7.18,7.18,1,182.0
1390.0,clear,21.30,0.31,1647.48,0,21.30,0.31,1438.12,2,1,2,3.00,4.17,1,690.0,0.00,0.00,waiting_for_release,7.18,7.18,1,182.0
1391.0,clear,21.37,0.31,1648.12,0,21.37,0.31,1438.43,2,1,2,3.00,4.17,1,690.0,0.00,0.00,waiting_for_release,7.18,7.18,1,182.0
1392.0,clear,21.44,0.31,1648.75,0,21.44,0.31,1438.75,2,1,2,3.00,4.17,1,690.0,0.00,0.00,waiting_for_release,7.18,7.18,1,182.0
1393.0,clear,21.51,0.32,1649.39,0,21.51,0.32,1439.06,2,1,2,3.00,4.17,1,690.0,0.00,0.00,waiting_for_release,7.18,7.18,1,182.0
1394.0,clear,21.58,0.32,1650.02,0,21.58,0.32,1439.37,2,1,2,3.00,4.17,1,690.0,0.00,0.00,waiting_for_release,7.18,7.18,1,182.0
1395.0,clear,21.65,0.32,1650.65,0,21.65,0.32,1439.67,2,1,2,3.00,4.17,1,690.0,0.00,0.00,waiting_for_release,7.18,7.18,1,182.0
1396.0,clear,21.72,0.32,1651.28,0,21.72,0.32,1439.97,2,1,2,3.00,4.17,1,690.0,0.00,0.00,waiting_for_release,7.18,7.18,1,182.0
1397.0,clear,21.79,0.32,1651.90,0,21.79,0.32,1440.27,2,1,2,3.00,4.17,1,690.0,0.00,0.00,waiting_for_release,7.18,7.18,1,182.0
1398.0,clear,21.86,0.32,1652.52,0,21.86,0.32,1440.57,2,1,2,3.00,4.17,1,690.0,0.00,0.00,waiting_for_release,7.18,7.18,1,182.0
1399.0,clear,21.93,0.32,1653.14,0,21.93,0.32,1440.86,2,1,2,3.00,4.17,1,690.0,0.00,0.00,waiting_for_release,7.18,7.18,1,182.0
1400.0,clear,22.00,0.32,1653.76,0,22.00,0.32,1441.15,2,1,2,3.00,4.17,1,690.0,0.00,0.00,waiting_for_release,7.18,7.18,1,182.0
1401.0,clear,22.07,0.32,1654.37,0,22.07,0.32,1441.44,1,1,1,3.00,3.13,1,690.0,0.00,0.00,waiting_for_release,7.18,7.18,1,273.0
1402.0,clear,22.14,0.32,1654.99,0,22.14,0.32,1441.72,1,1,1,3.00,3.13,1,690.0,0.00,0.00,waiting_for_release,7.18,7.18,1,273.0
1403.0,clear,22.21,0.32,1655.60,0,22.21,0.32,1442.00,1,1,1,3.00,3.13,1,690.0,0.00,0.00,waiting_for_release,7.18,7.18,1,273.0
1404.0,clear,22.28,0.32,1656.21,0,22.28,0.32,1442.28,1,1,1,3.00,3.13,1,690.0,0.00,0.00,waiting_for_release,7.18,7.18,1,273.0
1405.0,clear,22.35,0.32,1656.81,0,22.35,0.32,1442.56,1,1,1,3.00,3.13,1,690.0,0.00,0.00,waiting_for_release,7.18,7.18,1,273.0
1406.0,clear,22.42,0.32,1657.41,0,22.42,0.32,1442.83,1,1,1,3.00,3.13,1,690.0,0.00,0.00,waiting_for_release,7.18,7.18,1,273.0
1407.0,clear,22.49,0.32,1658.02,0,22.49,0.32,1443.10,1,1,1,3.00,3.13,1,690.0,0.00,0.00,waiting_for_release,7.18,7.18,1,273.0
1408.0,clear,22.56,0.33,1658.61,0,22.56,0.33,1443.37,1,1,1,3.00,3.13,1,690.0,0.00,0.00,waiting_for_release,7.18,7.18,1,273.0
1409.0,clear,22.63,0.33,1659.21,0,22.63,0.33,1443.64,1,1,1,3.00,3.13,1,690.0,0.00,0.00,waiting_for_release,7.18,7.18,1,273.0
1410.0,clear,22.70,0.33,1659.81,0,22.70,0.33,1443.90,1,1,1,3.00,4.80,1,450.0,0.00,0.00,waiting_for_release,7.18,7.18,1,273.0
1411.0,clear,22.77,0.33,1660.40,0,22.77,0.33,1444.16,1,1,1,3.00,4.80,1,450.0,0.00,0.00,waiting_for_release,7.18,7.18,1,273.0
1412.0,clear,22.84,0.33,1660.99,0,22.84,0.33,1444.42,1,1,1,3.00,4.80,1,450.0,0.00,0.00,waiting_for_release,7.18,7.18,1,273.0
1413.0,clear,22.91,0.33,1661.58,0,22.91,0.33,1444.68,1,1,1,3.00,4.80,1,450.0,0.00,0.00,waiting_for_release,7.18,7.18,1,273.0
1414.0,clear,22.98,0.33,1662.16,0,22.98,0.33,1444.93,1,1,1,3.00,4.80,1,450.0,0.00,0.00,waiting_for_release,7.18,7.18,1,273.0
1415.0,clear,23.05,0.33,1662.74,0,23.05,0.33,1445.19,1,1,1,3.00,4.80,1,450.0,0.00,0.00,waiting_for_release,7.18,7.18,1,273.0
1416.0,clear,23.12,0.33,1663.33,0,23.12,0.33,1445.44,1,1,1,3.00,4.80,1,450.0,0.00,0.00,waiting_for_release,7.18,7.18,1,273.0
1417.0,clear,23.19,0.33,1663.90,0,23.19,0.33,1445.68,1,1,1,3.00,4.80,1,450.0,0.00,0.00,waiting_for_release,7.18,7.18,1,273.0
1418.0,clear,23.26,0.33,1664.48,0,23.26,0.33,1445.93,1,1,1,3.00,4.80,1,450.0,0.00,0.00,waiting_for_release,7.18,7.18,1,273.0
1419.0,clear,23.33,0.33,1665.06,0,23.33,0.33,1446.17,1,1,1,3.00,4.80,1,450.0,0.00,0.00,waiting_for_release,7.18,7.18,1,273.0
1420.0,clear,23.40,0.33,1665.63,0,23.40,0.33,1446.41,1,1,1,3.00,4.80,1,450.0,0.00,0.00,waiting_for_release,7.18,7.18,1,273.0
1421.0,clear,23.47,0.33,1666.20,0,23.47,0.33,1446.65,1,1,1,3.00,4.80,1,450.0,0.00,0.00,waiting_for_release,7.18,7.18,1,273.0
1422.0,clear,23.54,0.34,1666.77,0,23.54,0.34,1446.89,1,1,1,3.00,4.80,1,450.0,0.00,0.00,waiting_for_release,7.18,7.18,1,273.0
1423.0,clear,23.61,0.34,1667.33,0,23.61,0.34,1447.12,1,1,1,3.00,4.80,1,450.0,0.00,0.00,waiting_for_release,7.18,7.18,1,273.0
1424.0,clear,23.68,0.34,1667.90,0,23.68,0.34,1447.35,1,1,1,3.00,4.80,1,450.0,0.00,0.00,waiting_for_release,7.18,7.18,1,273.0
1425.0,clear,23.75,0.34,1668.46,0,23.75,0.34,1447.58,1,1,1,3.00,4.80,1,450.0,0.00,0.00,waiting_for_release,7.18,7.18,1,273.0
1426.0,clear,23.82,0.34,1669.02,0,23.82,0.34,1447.81,1,1,1,3.00,4.80,1,450.0,0.00,0.00,waiting_for_release,7.18,7.18,1,273.0
1427.0,clear,23.89,0.34,1669.58,0,23.89,0.34,1448.03,1,1,1,3.00,4.80,1,450.0,0.00,0.00,waiting_for_release,7.18,7.18,1,273.0
1428.0,clear,23.96,0.34,1670.14,0,23.96,0.34,1448.26,1,1,1,3.00,4.80,1,450.0,0.00,0.00,waiting_for_release,7.18,7.18,1,273.0
1429.0,clear,24.03,0.34,1670.69,0,24.03,0.34,1448.48,1,1,1,3.00,4.80,1,450.0,0.00,0.00,waiting_for_release,7.18,7.18,1,273.0
1430.0,clear,24.10,0.34,1671.24,0,24.10,0.34,1448.70,1,1,1,3.00,4.80,1,450.0,0.00,0.00,waiting_for_release,7.18,7.18,1,273.0
1431.0,clear,24.17,0.34,1671.79,0,24.17,0.34,1448.92,1,1,1,3.00,4.80,1,450.0,0.00,0.00,waiting_for_release,7.18,7.18,1,273.0
1432.0,clear,24.24,0.34,1672.34,0,24.24,0.34,1449.13,1,1,1,3.00,4.80,1,450.0,0.00,0.00,waiting_for_release,7.18,7.18,1,273.0
1433.0,clear,24.31,0.34,1672.89,0,24.31,0.34,1449.35,1,1,1,3.00,4.80,1,450.0,0.00,0.00,waiting_for_release,7.18,7.18,1,273.0
1434.0,clear,24.38,0.34,1673.43,0,24.38,0.34,1449.56,1,1,1,3.00,4.80,1,450.0,0.00,0.00,waiting_for_release,7.18,7.18,1,273.0
1435.0,clear,24.45,0.34,1673.97,0,24.45,0.34,1449.77,1,1,1,3.00,4.80,1,450.0,0.00,0.00,waiting_for_release,7.18,7.18,1,273.0
1436.0,clear,24.52,0.35,1674.51,0,24.52,0.35,1449.98,1,1,1,3.00,4.80,1,450.0,0.00,0.00,waiting_for_release,7.18,7.18,1,273.0
1437.0,clear,24.59,0.35,1675.05,0,24.59,0.35,1450.19,1,1,1,3.00,4.80,1,450.0,0.00,0.00,waiting_for_release,7.18,7.18,1,273.0
1438.0,clear,24.66,0.35,1675.59,0,24.66,0.35,1450.39,1,1,1,3.00,4.80,1,450.0,0.00,0.00,waiting_for_release,7.18,7.18,1,273.0
1439.0,clear,24.73,0.35,1676.12,0,24.73,0.35,1450.60,1,0,1,2.00,4.80,1,450.0,0.00,0.00,waiting_for_release,7.18,7.18,1,273.0
1440.0,clear,24.80,0.35,1676.66,0,24.80,0.35,1450.80,1,0,1,2.00,4.80,1,450.0,0.00,0.00,waiting_for_release,7.18,7.18,1,273.0
1441.0,clear,24.87,0.35,1677.19,0,24.87,0.35,1451.00,1,0,1,2.00,4.80,1,450.0,0.00,0.00,waiting_for_release,7.18,7.18,1,273.0
1442.0,clear,24.94,0.35,1677.72,0,24.94,0.35,1451.19,1,0,1,2.00,4.80,1,450.0,0.00,0.00,waiting_for_release,7.18,7.18,1,273.0
1443.0,clear,25.01,0.35,1678.24,0,25.01,0.35,1451.39,1,0,1,2.00,4.80,1,450.0,0.00,0.00,waiting_for_release,7.18,7.18,1,273.0
1444.0,clear,25.08,0.35,1678.77,0,25.08,0.35,1451.59,1,0,1,2.00,4.80,1,450.0,0.00,0.00,waiting_for_release,7.18,7.18,1,273.0
1445.0,clear,25.15,0.35,1679.29,0,25.15,0.35,1451.78,1,0,1,2.00,4.80,1,450.0,0.00,0.00,waiting_for_release,7.18,7.18,1,273.0
1446.0,clear,25.22,0.35,1679.81,0,25.22,0.35,1451.97,1,0,1,2.00,4.80,1,450.0,0.00,0.00,waiting_for_release,7.18,7.18,1,273.0
1447.0,clear,25.29,0.35,1680.33,0,25.29,0.35,1452.16,1,0,1,2.00,4.80,1,450.0,0.00,0.00,waiting_for_release,7.18,7.18,1,273.0
1448.0,clear,25.36,0.35,1680.85,0,25.36,0.35,1452.35,1,0,1,2.00,4.80,1,450.0,0.00,0.00,waiting_for_release,7.18,7.18,1,273.0
1449.0,clear,25.43,0.35,1681.37,0,25.43,0.35,1452.54,1,0,1,2.00,4.80,1,450.0,0.00,0.00,waiting_for_release,7.18,7.18,1,273.0
1450.0,clear,25.50,0.35,1681.88,0,25.50,0.35,1452.72,1,0,1,2.00,4.80,1,450.0,0.00,0.00,waiting_for_release,7.18,7.18,1,273.0
1451.0,clear,25.57,0.36,1682.39,0,25.57,0.36,1452.90,1,0,1,2.00,4.80,1,450.0,0.00,0.00,waiting_for_release,7.18,7.18,1,273.0
1452.0,clear,25.64,0.36,1682.90,0,25.64,0.36,1453.09,1,0,1,2.00,4.80,1,450.0,0.00,0.00,waiting_for_release,7.18,7.18,1,273.0
1453.0,clear,25.71,0.36,1683.41,0,25.71,0.36,1453.27,1,0,1,2.00,4.80,1,450.0,0.00,0.00,waiting_for_release,7.18,7.18,1,273.0
1454.0,clear,25.78,0.36,1683.92,0,25.78,0.36,1453.45,1,0,1,2.00,4.80,1,450.0,0.00,0.00,waiting_for_release,7.18,7.18,1,273.0
1455.0,clear,25.85,0.36,1684.42,0,25.85,0.36,1453.62,1,0,1,2.00,4.80,1,450.0,0.00,0.00,waiting_for_release,7.18,7.18,1,273.0
1456.0,clear,25.92,0.36,1684.93,0,25.92,0.36,1453.80,1,0,1,2.00,4.80,1,450.0,0.00,0.00,waiting_for_release,7.18,7.18,1,273.0
1457.0,clear,25.99,0.36,1685.43,0,25.99,0.36,1453.98,1,0,1,2.00,4.80,1,450.0,0.00,0.00,waiting_for_release,7.18,7.18,1,273.0
1458.0,clear,26.06,0.36,1685.93,0,26.06,0.36,1454.15,1,0,1,2.00,4.80,1,450.0,0.00,0.00,waiting_for_release,7.18,7.18,1,273.0
1459.0,clear,26.13,0.36,1686.43,0,26.13,0.36,1454.32,1,0,1,2.00,4.80,1,450.0,0.00,0.00,waiting_for_release,7.18,7.18,1,273.0
1460.0,clear,26.20,0.36,1686.93,0,26.20,0.36,1454.49,1,0,1,2.00,4.80,1,450.0,0.00,0.00,waiting_for_release,7.18,7.18,1,273.0
1461.0,clear,26.27,0.36,1687.42,0,26.27,0.36,1454.66,1,0,1,2.00,4.80,1,450.0,0.00,0.00,waiting_for_release,7.18,7.18,1,273.0
1462.0,clear,26.34,0.36,1687.91,0,26.34,0.36,1454.83,1,0,1,2.00,4.80,1,450.0,0.00,0.00,waiting_for_release,7.18,7.18,1,273.0
1463.0,clear,26.41,0.36,1688.41,0,26.41,0.36,1455.00,1,0,1,2.00,4.80,1,450.0,0.00,0.00,waiting_for_release,7.18,7.18,1,273.0
1464.0,clear,26.48,0.36,1688.90,0,26.48,0.36,1455.16,1,0,1,2.00,4.80,1,450.0,0.00,0.00,waiting_for_release,7.18,7.18,1,273.0
1465.0,clear,26.55,0.37,1689.38,0,26.55,0.37,1455.32,1,0,1,2.00,4.80,1,450.0,0.00,0.00,waiting_for_release,7.18,7.18,1,273.0
1466.0,clear,26.62,0.37,1689.87,0,26.62,0.37,1455.49,1,0,1,2.00,4.80,1,450.0,0.00,0.00,waiting_for_release,7.18,7.18,1,273.0
1467.0,clear,26.69,0.37,1690.36,0,26.69,0.37,1455.65,1,0,1,2.00,4.80,1,450.0,0.00,0.00,waiting_for_release,7.18,7.18,1,273.0
1468.0,clear,26.76,0.37,1690.84,0,26.76,0.37,1455.81,1,0,1,2.00,4.80,1,450.0,0.00,0.00,waiting_for_release,7.18,7.18,1,273.0
1469.0,clear,26.83,0.37,1691.32,0,26.83,0.37,1455.97,1,0,1,2.00,4.80,1,450.0,0.00,0.00,waiting_for_release,7.18,7.18,1,273.0
1470.0,clear,26.90,0.37,1691.80,0,26.90,0.37,1456.12,1,0,1,2.00,4.80,1,450.0,0.00,0.00,waiting_for_release,7.18,7.18,1,273.0
1471.0,clear,26.97,0.37,1692.28,0,26.97,0.37,1456.28,1,0,1,2.00,4.80,1,450.0,0.00,0.00,waiting_for_release,7.18,7.18,1,273.0
1472.0,clear,27.04,0.37,1692.76,0,27.04,0.37,1456.44,1,0,1,2.00,4.80,1,450.0,0.00,0.00,waiting_for_release,7.18,7.18,1,273.0
1473.0,clear,27.11,0.37,1692.03,0,27.11,0.37,1456.59,1,0,1,2.00,4.80,1,450.0,0.00,0.00,waiting_for_release,7.18,7.18,1,273.0
1474.0,clear,27.18,0.37,1690.50,0,27.18,0.37,1456.74,1,0,1,2.00,4.80,1,450.0,0.00,0.00,waiting_for_release,7.18,7.18,1,273.0
1475.0,clear,27.25,0.37,1688.98,0,27.25,0.37,1455.54,1,0,1,2.00,4.80,1,450.0,0.00,0.00,waiting_for_release,7.18,7.18,1,273.0
1476.0,clear,27.32,0.37,1687.45,0,27.32,0.37,1454.20,1,0,1,2.00,4.80,1,450.0,0.00,0.00,waiting_for_release,7.18,7.18,1,273.0
1477.0,clear,27.39,0.37,1685.92,0,27.39,0.37,1452.86,1,0,1,2.00,4.80,1,450.0,0.00,0.00,waiting_for_release,7.18,7.18,1,273.0
1478.0,clear,27.46,0.37,1684.40,0,27.46,0.37,1451.53,1,0,1,2.00,4.80,1,450.0,0.00,0.00,waiting_for_release,7.18,7.18,1,273.0
1479.0,clear,27.53,0.38,1682.87,0,27.53,0.38,1450.19,1,0,1,2.00,4.80,1,450.0,0.00,0.00,waiting_for_release,7.18,7.18,1,273.0
1480.0,clear,27.60,0.38,1681.34,0,27.60,0.38,1448.87,1,0,1,2.00,4.80,1,450.0,0.00,0.00,waiting_for_release,7.18,7.18,1,273.0
1481.0,clear,27.67,0.38,1679.82,0,27.67,0.38,1448.66,1,0,1,2.00,4.80,1,450.0,0.00,0.00,waiting_for_release,7.18,7.18,1,273.0
1482.0,clear,27.74,0.38,1678.29,0,27.74,0.38,1448.59,1,0,1,2.00,4.80,1,450.0,0.00,0.00,waiting_for_release,7.18,7.18,1,273.0
1483.0,clear,27.81,0.38,1676.77,0,27.81,0.38,1448.53,1,0,1,2.00,4.80,1,450.0,0.00,0.00,waiting_for_release,7.18,7.18,1,273.0
1484.0,clear,27.88,0.38,1675.24,0,27.88,0.38,1448.46,1,0,1,2.00,4.80,1,450.0,0.00,0.00,waiting_for_release,7.18,7.18,1,273.0
1485.0,clear,27.95,0.38,1673.72,0,27.95,0.38,1448.40,1,0,1,2.00,4.80,1,450.0,0.00,0.00,waiting_for_release,7.18,7.18,1,273.0
1486.0,clear,28.02,0.38,1672.19,0,28.02,0.38,1448.33,1,0,1,2.00,4.80,1,450.0,0.00,0.00,waiting_for_release,7.18,7.18,1,273.0
1487.0,clear,28.09,0.38,1670.67,0,28.09,0.38,1448.27,1,0,1,2.00,4.80,1,450.0,0.00,0.00,waiting_for_release,7.18,7.18,1,273.0
1488.0,clear,28.16,0.38,1669.14,0,28.16,0.38,1448.20,1,0,1,2.00,4.80,1,450.0,0.00,0.00,waiting_for_release,7.18,7.18,1,273.0
1489.0,clear,28.23,0.38,1667.62,0,28.23,0.38,1448.14,1,1,1,3.00,4.80,1,450.0,0.00,0.00,waiting_for_release,7.18,7.18,1,273.0
1490.0,clear,28.30,0.38,1666.10,0,28.30,0.38,1448.07,1,1,1,3.00,4.80,1,450.0,0.00,0.00,waiting_for_release,7.18,7.18,1,273.0
1491.0,clear,28.37,0.38,1664.57,0,28.37,0.38,1448.01,1,1,1,3.00,4.80,1,450.0,0.00,0.00,waiting_for_release,7.18,7.18,1,273.0
1492.0,clear,28.44,0.38,1663.05,0,28.44,0.38,1447.94,1,1,1,3.00,4.80,1,450.0,0.00,0.00,waiting_for_release,7.18,7.18,1,273.0
1493.0,clear,28.51,0.39,1661.53,0,28.51,0.39,1447.87,1,1,1,3.00,4.80,1,450.0,0.00,0.00,waiting_for_release,7.18,7.18,1,273.0
1494.0,clear,28.58,0.39,1660.00,0,28.58,0.39,1447.81,1,1,1,3.00,4.80,1,450.0,0.00,0.00,waiting_for_release,7.18,7.18,1,273.0
1495.0,clear,28.65,0.39,1658.48,0,28.65,0.39,1447.74,1,1,1,3.00,4.80,1,450.0,0.00,0.00,waiting_for_release,7.18,7.18,1,273.0
1496.0,clear,28.72,0.39,1656.96,0,28.72,0.39,1447.68,1,1,1,3.00,4.80,1,450.0,0.00,0.00,waiting_for_release,7.18,7.18,1,273.0
1497.0,clear,28.79,0.39,1655.44,0,28.79,0.39,1447.61,1,1,1,3.00,4.80,1,450.0,0.00,0.00,waiting_for_release,7.18,7.18,1,273.0
1498.0,clear,28.86,0.39,1653.92,0,28.86,0.39,1447.55,1,1,1,3.00,4.80,1,450.0,0.00,0.00,waiting_for_release,7.18,7.18,1,273.0
1499.0,clear,28.93,0.39,1652.40,0,28.93,0.39,1447.48,1,1,1,3.00,4.80,1,450.0,0.00,0.00,waiting_for_release,7.18,7.18,1,273.0
1500.0,clear,29.00,0.39,1650.88,0,29.00,0.39,1447.42,1,1,1,3.00,4.80,1,450.0,0.00,0.00,waiting_for_release,7.18,7.18,1,273.0
1501.0,clear,29.07,0.39,1649.36,0,29.07,0.39,1447.35,1,1,1,3.00,4.80,1,450.0,0.00,0.00,waiting_for_release,7.18,7.18,1,273.0
1502.0,clear,29.14,0.39,1647.84,0,29.14,0.39,1447.29,1,1,1,3.00,4.80,1,450.0,0.00,0.00,waiting_for_release,7.18,7.18,1,273.0
1503.0,clear,29.21,0.39,1646.32,0,29.21,0.39,1447.22,1,1,1,3.00,4.80,1,450.0,0.00,0.00,waiting_for_release,7.18,7.18,1,273.0
1504.0,clear,29.28,0.39,1644.81,0,29.28,0.39,1447.16,1,1,1,3.00,4.80,1,450.0,0.00,0.00,waiting_for_release,7.18,7.18,1,273.0
1505.0,clear,29.35,0.39,1643.29,0,29.35,0.39,1447.09,1,1,1,3.00,4.80,1,450.0,0.00,0.00,waiting_for_release,7.18,7.18,1,273.0
1506.0,clear,29.42,0.39,1641.77,0,29.42,0.39,1447.02,1,1,1,3.00,4.80,1,450.0,0.00,0.00,waiting_for_release,7.18,7.18,1,273.0
1507.0,clear,29.49,0.39,1640.26,0,29.49,0.39,1446.96,1,1,1,3.00,4.80,1,450.0,0.00,0.00,waiting_for_release,7.18,7.18,1,273.0
1508.0,clear,29.56,0.40,1638.74,0,29.56,0.40,1446.89,1,1,1,3.00,4.80,1,450.0,0.00,0.00,waiting_for_release,7.18,7.18,1,273.0
1509.0,clear,29.63,0.40,1637.23,0,29.63,0.40,1446.83,1,1,1,3.00,4.80,1,450.0,0.00,0.00,waiting_for_release,7.18,7.18,1,273.0
1510.0,clear,29.70,0.40,1635.71,0,29.70,0.40,1446.76,1,1,1,3.00,4.80,1,450.0,0.00,0.00,waiting_for_release,7.18,7.18,1,273.0
1511.0,clear,29.77,0.40,1634.20,0,29.77,0.40,1446.70,1,1,1,3.00,4.80,1,450.0,0.00,0.00,waiting_for_release,7.18,7.18,1,273.0
1512.0,clear,29.84,0.40,1632.69,0,29.84,0.40,1446.63,1,1,1,3.00,4.80,1,450.0,0.00,0.00,waiting_for_release,7.18,7.18,1,273.0
1513.0,clear,29.91,0.40,1631.17,0,29.91,0.40,1446.57,1,1,1,3.00,4.80,1,450.0,0.00,0.00,waiting_for_release,7.18,7.18,1,273.0
1514.0,clear,29.98,0.40,1629.66,0,29.98,0.40,1446.50,1,1,1,3.00,4.80,1,450.0,0.00,0.00,waiting_for_release,7.18,7.18,1,273.0
1515.0,clear,30.05,0.40,1628.15,0,30.05,0.40,1446.44,1,1,1,3.00,4.80,1,450.0,0.00,0.00,waiting_for_release,7.18,7.18,1,273.0
1516.0,clear,30.12,0.40,1626.64,0,30.12,0.40,1446.37,1,1,1,3.00,4.80,1,450.0,0.00,0.00,waiting_for_release,7.18,7.18,1,273.0
1517.0,clear,30.19,0.40,1625.13,0,30.19,0.40,1446.30,1,1,1,3.00,4.80,1,450.0,0.00,0.00,waiting_for_release,7.18,7.18,1,273.0
1518.0,clear,30.26,0.40,1623.63,0,30.26,0.40,1446.24,1,1,1,3.00,4.80,1,450.0,0.00,0.00,waiting_for_release,7.18,7.18,1,273.0
1519.0,clear,30.33,0.40,1622.12,0,30.33,0.40,1446.17,1,1,1,3.00,4.80,1,450.0,0.00,0.00,waiting_for_release,7.18,7.18,1,273.0
1520.0,clear,30.40,0.40,1620.61,0,30.40,0.40,1446.11,1,1,1,3.00,4.80,1,450.0,0.00,0.00,waiting_for_release,7.18,7.18,1,273.0
1521.0,clear,30.47,0.40,1619.11,0,30.47,0.40,1446.04,1,1,1,3.00,4.80,1,450.0,0.00,0.00,waiting_for_release,7.18,7.18,1,273.0
1522.0,clear,30.54,0.41,1617.60,0,30.54,0.41,1445.98,1,1,1,3.00,4.80,1,450.0,0.00,0.00,waiting_for_release,7.18,7.18,1,273.0
1523.0,clear,30.61,0.41,1616.10,0,30.61,0.41,1445.91,1,1,1,3.00,4.80,1,450.0,0.00,0.00,waiting_for_release,7.18,7.18,1,273.0
1524.0,clear,30.68,0.41,1614.59,0,30.68,0.41,1445.85,1,1,1,3.00,4.80,1,450.0,0.00,0.00,waiting_for_release,7.18,7.18,1,273.0
1525.0,clear,30.75,0.41,1613.09,0,30.75,0.41,1445.78,1,1,1,3.00,4.80,1,450.0,0.00,0.00,waiting_for_release,7.18,7.18,1,273.0
1526.0,clear,30.82,0.41,1611.59,0,30.82,0.41,1445.71,1,1,1,3.00,4.80,1,450.0,0.00,0.00,waiting_for_release,7.18,7.18,1,273.0
1527.0,clear,30.89,0.41,1610.09,0,30.89,0.41,1445.65,1,1,1,3.00,4.80,1,450.0,0.00,0.00,waiting_for_release,7.18,7.18,1,273.0
1528.0,clear,30.96,0.41,1608.59,0,30.96,0.41,1445.58,1,1,1,3.00,4.80,1,450.0,0.00,0.00,waiting_for_release,7.18,7.18,1,273.0
1529.0,clear,31.03,0.41,1607.09,0,31.03,0.41,1445.52,1,1,1,3.00,4.80,1,450.0,0.00,0.00,waiting_for_release,7.18,7.18,1,273.0
1530.0,clear,31.10,0.41,1605.59,0,31.10,0.41,1445.45,1,1,1,3.00,4.80,1,450.0,0.00,0.00,waiting_for_release,7.18,7.18,1,273.0
1531.0,clear,31.17,0.41,1604.09,0,31.17,0.41,1445.39,1,1,1,3.00,4.80,1,450.0,0.00,0.00,waiting_for_release,7.18,7.18,1,273.0
1532.0,clear,31.24,0.41,1602.59,0,31.24,0.41,1445.32,1,1,1,3.00,4.80,1,450.0,0.00,0.00,waiting_for_release,7.18,7.18,1,273.0
1533.0,clear,31.31,0.41,1601.10,0,31.31,0.41,1445.26,1,1,1,3.00,4.80,1,450.0,0.00,0.00,waiting_for_release,7.18,7.18,1,273.0
1534.0,clear,31.38,0.41,1599.60,0,31.38,0.41,1445.19,1,1,1,3.00,4.80,1,450.0,0.00,0.00,waiting_for_release,7.18,7.18,1,273.0
1535.0,clear,31.45,0.41,1598.11,0,31.45,0.41,1445.13,1,1,1,3.00,4.80,1,450.0,0.00,0.00,waiting_for_release,7.18,7.18,1,273.0
1536.0,clear,31.52,0.42,1596.62,0,31.52,0.42,1445.06,1,1,1,3.00,4.80,1,450.0,0.00,0.00,waiting_for_release,7.18,7.18,1,273.0
1537.0,clear,31.59,0.42,1595.13,0,31.59,0.42,1444.99,1,1,1,3.00,4.80,1,450.0,0.00,0.00,waiting_for_release,7.18,7.18,1,273.0
1538.0,clear,31.66,0.42,1593.64,0,31.66,0.42,1444.93,1,1,1,3.00,4.80,1,450.0,0.00,0.00,waiting_for_release,7.18,7.18,1,273.0
1539.0,clear,31.73,0.42,1592.15,0,31.73,0.42,1444.86,1,1,1,3.00,4.80,1,450.0,0.00,0.00,waiting_for_release,7.18,7.18,1,273.0
1540.0,clear,31.80,0.42,1590.66,0,31.80,0.42,1444.80,1,1,1,3.00,4.80,1,450.0,0.00,0.00,waiting_for_release,7.18,7.18,1,273.0
1541.0,clear,31.87,0.42,1589.17,0,31.87,0.42,1444.73,1,1,1,3.00,4.80,1,450.0,0.00,0.00,waiting_for_release,7.18,7.18,1,273.0
1542.0,clear,31.94,0.42,1587.68,0,31.94,0.42,1444.67,1,1,1,3.00,4.80,1,450.0,0.00,0.00,waiting_for_release,7.18,7.18,1,273.0
1543.0,clear,32.01,0.42,1586.20,0,32.01,0.42,1444.60,1,1,1,3.00,4.80,1,450.0,0.00,0.00,waiting_for_release,7.18,7.18,1,273.0
1544.0,clear,32.08,0.42,1584.71,0,32.08,0.42,1444.54,1,1,1,3.00,4.80,1,450.0,0.00,0.00,waiting_for_release,7.18,7.18,1,273.0
1545.0,clear,32.15,0.42,1583.23,0,32.15,0.42,1444.47,1,1,1,3.00,4.80,1,450.0,0.00,0.00,waiting_for_release,7.18,7.18,1,273.0
1546.0,clear,32.22,0.42,1581.75,0,32.22,0.42,1444.40,1,1,1,3.00,4.80,1,450.0,0.00,0.00,waiting_for_release,7.18,7.18,1,273.0
1547.0,clear,32.29,0.42,1580.26,0,32.29,0.42,1444.34,1,1,1,3.00,4.80,1,450.0,0.00,0.00,waiting_for_release,7.18,7.18,1,273.0
1548.0,clear,32.36,0.42,1578.78,0,32.36,0.42,1444.27,1,1,1,3.00,4.80,1,450.0,0.00,0.00,waiting_for_release,7.18,7.18,1,273.0
1549.0,clear,32.43,0.42,1577.30,0,32.43,0.42,1444.21,1,1,1,3.00,4.80,1,450.0,0.00,0.00,waiting_for_release,7.18,7.18,1,273.0
1550.0,clear,32.50,0.42,1575.83,0,32.50,0.42,1444.14,1,1,1,3.00,4.80,1,450.0,0.00,0.00,waiting_for_release,7.18,7.18,1,273.0
1551.0,clear,32.57,0.43,1574.35,0,32.57,0.43,1444.08,1,1,1,3.00,4.80,1,450.0,0.00,0.00,waiting_for_release,7.18,7.18,1,273.0
1552.0,clear,32.64,0.43,1572.87,0,32.64,0.43,1444.01,1,1,1,3.00,4.80,1,450.0,0.00,0.00,waiting_for_release,7.18,7.18,1,273.0
1553.0,clear,32.71,0.43,1571.40,0,32.71,0.43,1443.95,1,1,1,3.00,4.80,1,450.0,0.00,0.00,waiting_for_release,7.18,7.18,1,273.0
1554.0,clear,32.78,0.43,1569.93,0,32.78,0.43,1443.88,1,1,1,3.00,4.80,1,450.0,0.00,0.00,waiting_for_release,7.18,7.18,1,273.0
1555.0,clear,32.85,0.43,1568.45,0,32.85,0.43,1443.81,1,1,1,3.00,4.80,1,450.0,0.00,0.00,waiting_for_release,7.18,7.18,1,273.0
1556.0,clear,32.92,0.43,1566.98,0,32.92,0.43,1443.75,1,1,1,3.00,4.80,1,450.0,0.00,0.00,waiting_for_release,7.18,7.18,1,273.0
1557.0,clear,32.99,0.43,1565.51,0,32.99,0.43,1443.68,1,1,1,3.00,4.80,1,450.0,0.00,0.00,waiting_for_release,7.18,7.18,1,273.0
1558.0,clear,33.06,0.43,1564.04,0,33.06,0.43,1443.62,1,1,1,3.00,4.80,1,450.0,0.00,0.00,waiting_for_release,7.18,7.18,1,273.0
1559.0,clear,33.13,0.43,1562.57,0,33.13,0.43,1443.55,1,1,1,3.00,4.80,1,450.0,0.00,0.00,waiting_for_release,7.18,7.18,1,273.0
1560.0,clear,33.20,0.43,1561.11,0,33.20,0.43,1443.49,1,1,1,3.00,4.80,1,450.0,0.00,0.00,waiting_for_release,7.18,7.18,1,273.0
1561.0,clear,33.27,0.43,1559.64,0,33.27,0.43,1443.42,1,1,1,3.00,4.80,1,450.0,0.00,0.00,waiting_for_release,7.18,7.18,1,273.0
1562.0,clear,33.34,0.43,1558.18,0,33.34,0.43,1443.36,1,1,1,3.00,4.80,1,450.0,0.00,0.00,waiting_for_release,7.18,7.18,1,273.0
1563.0,clear,33.41,0.43,1556.71,0,33.41,0.43,1443.29,1,1,1,3.00,4.80,1,450.0,0.00,0.00,waiting_for_release,7.18,7.18,1,273.0
1564.0,clear,33.48,0.43,1555.25,0,33.48,0.43,1443.22,1,1,1,3.00,4.80,1,450.0,0.00,0.00,waiting_for_release,7.18,7.18,1,273.0
1565.0,clear,33.55,0.44,1553.79,0,33.55,0.44,1443.16,1,1,1,3.00,4.80,1,450.0,0.00,0.00,waiting_for_release,7.18,7.18,1,273.0
1566.0,clear,33.62,0.44,1552.33,0,33.62,0.44,1443.09,1,1,1,3.00,4.80,1,450.0,0.00,0.00,waiting_for_release,7.18,7.18,1,273.0
1567.0,clear,33.69,0.44,1550.87,0,33.69,0.44,1443.03,1,1,1,3.00,4.80,1,450.0,0.00,0.00,waiting_for_release,7.18,7.18,1,273.0
1568.0,clear,33.76,0.44,1549.42,0,33.76,0.44,1442.96,1,1,1,3.00,4.80,1,450.0,0.00,0.00,waiting_for_release,7.18,7.18,1,273.0
1569.0,clear,33.83,0.44,1547.96,0,33.83,0.44,1442.90,1,1,1,3.00,4.80,1,450.0,0.00,0.00,waiting_for_release,7.18,7.18,1,273.0
1570.0,clear,33.90,0.44,1546.51,0,33.90,0.44,1442.83,1,1,1,3.00,4.80,1,450.0,0.00,0.00,waiting_for_release,7.18,7.18,1,273.0
1571.0,clear,33.97,0.44,1545.05,0,33.97,0.44,1442.76,1,1,1,3.00,4.80,1,450.0,0.00,0.00,waiting_for_release,7.18,7.18,1,273.0
1572.0,clear,34.04,0.44,1543.60,0,34.04,0.44,1442.70,1,1,1,3.00,4.80,1,450.0,0.00,0.00,waiting_for_release,7.18,7.18,1,273.0
1573.0,clear,34.11,0.44,1542.15,0,34.11,0.44,1442.63,1,1,1,3.00,4.80,1,450.0,0.00,0.00,waiting_for_release,7.18,7.18,1,273.0
1574.0,clear,34.18,0.44,1540.70,0,34.18,0.44,1442.57,1,1,1,3.00,4.80,1,450.0,0.00,0.00,waiting_for_release,7.18,7.18,1,273.0
1575.0,clear,34.25,0.44,1539.25,0,34.25,0.44,1442.50,1,1,1,3.00,4.80,1,450.0,0.00,0.00,waiting_for_release,7.18,7.18,1,273.0
1576.0,clear,34.32,0.44,1537.81,0,34.32,0.44,1442.44,1,1,1,3.00,4.80,1,450.0,0.00,0.00,waiting_for_release,7.18,7.18,1,273.0
1577.0,clear,34.39,0.44,1536.36,0,34.39,0.44,1442.37,1,1,1,3.00,4.80,1,450.0,0.00,0.00,waiting_for_release,7.18,7.18,1,273.0
1578.0,clear,34.46,0.44,1534.92,0,34.46,0.44,1442.31,1,1,1,3.00,4.80,1,450.0,0.00,0.00,waiting_for_release,7.18,7.18,1,273.0
1579.0,clear,34.53,0.45,1533.47,0,34.53,0.45,1442.24,1,1,1,3.00,4.80,1,450.0,0.00,0.00,waiting_for_release,7.18,7.18,1,273.0
1580.0,clear,34.60,0.45,1532.03,0,34.60,0.45,1442.17,1,1,1,3.00,4.80,1,450.0,0.00,0.00,waiting_for_release,7.18,7.18,1,273.0
1581.0,clear,34.67,0.45,1530.59,0,34.67,0.45,1442.11,1,1,1,3.00,4.80,1,450.0,0.00,0.00,waiting_for_release,7.18,7.18,1,273.0
1582.0,clear,34.74,0.45,1529.15,0,34.74,0.45,1442.04,1,1,1,3.00,4.80,1,450.0,0.00,0.00,waiting_for_release,7.18,7.18,1,273.0
1583.0,clear,34.81,0.45,1527.72,0,34.81,0.45,1441.98,1,1,1,3.00,4.80,1,450.0,0.00,0.00,waiting_for_release,7.18,7.18,1,273.0
1584.0,clear,34.88,0.45,1526.28,0,34.88,0.45,1441.91,1,1,1,3.00,4.80,1,450.0,0.00,0.00,waiting_for_release,7.18,7.18,1,273.0
1585.0,clear,34.95,0.45,1524.84,0,34.95,0.45,1441.85,1,1,1,3.00,4.80,1,450.0,0.00,0.00,waiting_for_release,7.18,7.18,1,273.0
1586.0,clear,35.02,0.45,1523.41,0,35.02,0.45,1441.78,1,1,1,3.00,4.80,1,450.0,0.00,0.00,waiting_for_release,7.18,7.18,1,273.0
1587.0,clear,35.09,0.45,1521.98,0,35.09,0.45,1441.71,1,1,1,3.00,4.80,1,450.0,0.00,0.00,waiting_for_release,7.18,7.18,1,273.0
1588.0,clear,35.16,0.45,1520.55,0,35.16,0.45,1441.65,1,1,1,3.00,4.80,1,450.0,0.00,0.00,waiting_for_release,7.18,7.18,1,273.0
1589.0,clear,35.23,0.45,1519.12,0,35.23,0.45,1441.58,1,1,1,3.00,4.80,1,450.0,0.00,0.00,waiting_for_release,7.18,7.18,1,273.0
1590.0,clear,35.30,0.45,1517.69,0,35.30,0.45,1441.52,1,1,1,3.00,4.80,1,450.0,0.00,0.00,waiting_for_release,7.18,7.18,1,273.0
1591.0,clear,35.37,0.45,1516.26,0,35.37,0.45,1441.45,1,1,1,3.00,4.80,1,450.0,0.00,0.00,waiting_for_release,7.18,7.18,1,273.0
1592.0,clear,35.44,0.45,1514.84,0,35.44,0.45,1441.39,1,1,1,3.00,4.80,1,450.0,0.00,0.00,waiting_for_release,7.18,7.18,1,273.0
1593.0,clear,35.51,0.46,1513.41,0,35.51,0.46,1441.32,1,1,1,3.00,4.80,1,450.0,0.00,0.00,waiting_for_release,7.18,7.18,1,273.0
1594.0,clear,35.58,0.46,1511.99,0,35.58,0.46,1441.26,1,1,1,3.00,4.80,1,450.0,0.00,0.00,waiting_for_release,7.18,7.18,1,273.0
1595.0,clear,35.65,0.46,1510.57,0,35.65,0.46,1441.19,1,1,1,3.00,4.80,1,450.0,0.00,0.00,waiting_for_release,7.18,7.18,1,273.0
1596.0,clear,35.72,0.46,1509.15,0,35.72,0.46,1441.12,1,1,1,3.00,4.80,1,450.0,0.00,0.00,waiting_for_release,7.18,7.18,1,273.0
1597.0,clear,35.79,0.46,1507.73,0,35.79,0.46,1441.06,1,1,1,3.00,4.80,1,450.0,0.00,0.00,waiting_for_release,7.18,7.18,1,273.0
1598.0,clear,35.86,0.46,1506.32,0,35.86,0.46,1440.99,1,1,1,3.00,4.80,1,450.0,0.00,0.00,waiting_for_release,7.18,7.18,1,273.0
1599.0,clear,35.93,0.46,1504.90,0,35.93,0.46,1440.93,1,1,1,3.00,4.80,1,450.0,0.00,0.00,waiting_for_release,7.18,7.18,1,273.0
1600.0,clear,36.00,0.46,1503.49,0,36.00,0.46,1440.86,1,1,1,3.00,4.80,1,450.0,0.00,0.00,waiting_for_release,7.18,7.18,1,273.0
1601.0,clear,36.07,0.46,1502.07,0,36.07,0.46,1440.80,1,1,1,3.00,4.80,1,450.0,0.00,0.00,waiting_for_release,7.18,7.18,1,273.0
1602.0,clear,36.14,0.46,1500.66,0,36.14,0.46,1440.73,1,1,1,3.00,4.80,1,450.0,0.00,0.00,waiting_for_release,7.18,7.18,1,273.0
1603.0,clear,36.21,0.46,1499.25,0,36.21,0.46,1440.66,1,1,1,3.00,4.80,1,450.0,0.00,0.00,waiting_for_release,7.18,7.18,1,273.0
1604.0,clear,36.28,0.46,1497.84,0,36.28,0.46,1440.60,1,1,1,3.00,4.80,1,450.0,0.00,0.00,waiting_for_release,7.18,7.18,1,273.0
1605.0,clear,36.35,0.46,1497.40,0,36.35,0.46,1440.53,1,1,1,3.00,4.80,1,450.0,0.00,0.00,waiting_for_release,7.18,7.18,1,273.0
1606.0,clear,36.42,0.46,1497.35,0,36.42,0.46,1440.47,1,1,1,3.00,4.80,1,450.0,0.00,0.00,waiting_for_release,7.18,7.18,1,273.0
1607.0,clear,36.49,0.46,1497.29,0,36.49,0.46,1440.40,1,1,1,3.00,4.80,1,450.0,0.00,0.00,waiting_for_release,7.18,7.18,1,273.0
1608.0,clear,36.56,0.47,1497.23,0,36.56,0.47,1440.34,1,1,1,3.00,4.80,1,450.0,0.00,0.00,waiting_for_release,7.18,7.18,1,273.0
1609.0,clear,36.63,0.47,1497.18,0,36.63,0.47,1440.27,1,1,1,3.00,4.80,1,450.0,0.00,0.00,waiting_for_release,7.18,7.18,1,273.0
1610.0,clear,36.70,0.47,1497.12,0,36.70,0.47,1440.20,1,1,1,3.00,4.80,1,450.0,0.00,0.00,waiting_for_release,7.18,7.18,1,273.0
1611.0,clear,36.77,0.47,1497.06,0,36.77,0.47,1440.14,1,1,1,3.00,4.80,1,450.0,0.00,0.00,waiting_for_release,7.18,7.18,1,273.0
1612.0,clear,36.84,0.47,1497.01,0,36.84,0.47,1440.07,1,1,1,3.00,4.80,1,450.0,0.00,0.00,waiting_for_release,7.18,7.18,1,273.0
1613.0,clear,36.91,0.47,1496.95,0,36.91,0.47,1440.01,1,1,1,3.00,4.80,1,450.0,0.00,0.00,waiting_for_release,7.18,7.18,1,273.0
1614.0,clear,36.98,0.47,1496.89,0,36.98,0.47,1439.94,1,1,1,3.00,4.80,1,450.0,0.00,0.00,waiting_for_release,7.18,7.18,1,273.0
1615.0,clear,37.05,0.47,1496.84,0,37.05,0.47,1439.88,1,1,1,3.00,4.80,1,450.0,0.00,0.00,waiting_for_release,7.18,7.18,1,273.0
1616.0,clear,37.12,0.47,1496.78,0,37.12,0.47,1439.81,1,1,1,3.00,4.80,1,450.0,0.00,0.00,waiting_for_release,7.18,7.18,1,273.0
1617.0,clear,37.19,0.47,1496.72,0,37.19,0.47,1439.74,1,1,1,3.00,4.80,1,450.0,0.00,0.00,waiting_for_release,7.18,7.18,1,273.0
1618.0,clear,37.26,0.47,1496.67,0,37.26,0.47,1439.68,1,1,1,3.00,4.80,1,450.0,0.00,0.00,waiting_for_release,7.18,7.18,1,273.0
1619.0,clear,37.33,0.47,1496.61,0,37.33,0.47,1439.61,1,1,1,3.00,4.80,1,450.0,0.68,0.68,traveling,13.89,13.89,1,273.0
1620.0,clear,37.40,0.47,1496.55,0,37.40,0.47,1439.55,1,1,1,3.00,4.80,1,450.0,1.35,2.03,traveling,13.89,13.89,1,273.0
1621.0,clear,37.47,0.47,1496.50,0,37.47,0.47,1439.48,1,1,1,3.00,4.80,1,450.0,2.03,4.06,traveling,13.89,13.89,1,273.0
1622.0,clear,37.54,0.48,1496.44,0,37.54,0.48,1439.42,1,1,1,3.00,4.80,1,450.0,2.71,6.77,traveling,13.89,13.89,1,273.0
1623.0,clear,37.61,0.48,1496.38,0,37.61,0.48,1439.35,1,1,1,3.00,4.80,1,450.0,3.39,10.16,traveling,13.89,13.89,1,273.0
1624.0,clear,37.68,0.48,1496.33,0,37.68,0.48,1439.28,1,1,1,3.00,4.80,1,450.0,4.06,14.23,traveling,13.89,13.89,1,273.0
1625.0,clear,37.75,0.48,1496.27,0,37.75,0.48,1439.22,1,1,1,3.00,4.80,1,450.0,4.74,18.97,traveling,13.89,13.89,1,273.0
1626.0,clear,37.82,0.48,1496.21,0,37.82,0.48,1439.15,1,1,1,3.00,4.80,1,450.0,5.42,24.39,traveling,13.89,13.89,1,273.0
1627.0,clear,37.89,0.48,1496.16,0,37.89,0.48,1439.09,1,1,1,3.00,4.80,1,450.0,6.10,30.48,traveling,13.89,13.89,1,273.0
1628.0,clear,37.96,0.48,1496.10,0,37.96,0.48,1439.02,1,1,1,3.00,4.80,1,450.0,6.77,37.25,traveling,13.89,13.89,1,273.0
1629.0,clear,38.03,0.48,1496.04,0,38.03,0.48,1438.96,1,1,1,3.00,4.80,1,450.0,7.45,44.70,traveling,13.89,13.89,1,273.0
1630.0,clear,38.10,0.48,1495.99,0,38.10,0.48,1438.89,1,1,1,3.00,4.80,1,450.0,8.12,52.82,traveling,13.89,13.89,1,273.0
1631.0,clear,38.17,0.48,1495.93,0,38.17,0.48,1438.82,1,1,1,3.00,4.80,1,450.0,8.79,61.62,traveling,13.89,13.89,1,273.0
1632.0,clear,38.24,0.48,1495.87,0,38.24,0.48,1438.76,1,1,1,3.00,4.80,1,450.0,9.47,71.08,traveling,13.89,13.89,1,273.0
1633.0,clear,38.31,0.48,1495.82,0,38.31,0.48,1438.69,1,1,1,3.00,4.80,1,450.0,10.14,81.22,traveling,13.89,13.89,1,273.0
1634.0,clear,38.38,0.48,1495.76,0,38.38,0.48,1438.63,1,1,1,3.00,4.80,1,450.0,10.81,92.03,traveling,13.89,13.89,1,273.0
1635.0,clear,38.45,0.48,1495.70,0,38.45,0.48,1438.56,1,1,1,3.00,4.80,1,450.0,11.48,103.52,traveling,13.89,13.89,1,273.0
1636.0,clear,38.52,0.49,1495.65,0,38.52,0.49,1438.50,1,1,1,3.00,4.80,1,450.0,12.15,115.67,traveling,13.89,13.89,1,273.0
1637.0,clear,38.59,0.49,1495.59,0,38.59,0.49,1438.43,1,1,1,3.00,4.80,1,450.0,12.82,128.48,traveling,13.89,13.89,1,273.0
1638.0,clear,38.66,0.49,1495.53,0,38.66,0.49,1438.36,1,1,1,3.00,4.80,1,450.0,13.48,141.97,traveling,13.89,13.89,1,273.0
1639.0,clear,38.73,0.49,1495.48,0,38.73,0.49,1438.30,1,1,1,3.00,4.80,1,450.0,13.89,155.86,traveling,13.89,13.89,1,273.0
1640.0,clear,38.80,0.49,1495.42,0,38.80,0.49,1438.23,1,1,1,3.00,4.80,1,450.0,13.89,169.75,traveling,13.89,13.89,1,273.0
1641.0,clear,38.87,0.49,1495.36,0,38.87,0.49,1438.17,1,1,1,3.00,4.80,1,450.0,13.89,183.64,traveling,13.89,13.89,1,273.0
1642.0,clear,38.94,0.49,1495.31,0,38.94,0.49,1438.10,1,1,1,3.00,4.80,1,450.0,13.89,197.53,traveling,13.89,13.89,1,273.0
1643.0,clear,39.01,0.49,1495.25,0,39.01,0.49,1438.04,1,1,1,3.00,4.80,1,450.0,13.89,211.42,traveling,13.89,13.89,1,273.0
1644.0,clear,39.08,0.49,1495.19,0,39.08,0.49,1437.97,1,1,1,3.00,4.80,1,450.0,13.89,225.31,traveling,13.89,13.89,1,273.0
1645.0,clear,39.15,0.49,1495.14,0,39.15,0.49,1437.90,1,1,1,3.00,4.80,1,450.0,13.89,239.20,traveling,13.89,13.89,1,273.0
1646.0,clear,39.22,0.49,1495.08,0,39.22,0.49,1437.84,1,1,1,3.00,4.80,1,450.0,13.89,253.09,traveling,13.89,13.89,1,273.0
1647.0,clear,39.29,0.49,1495.02,0,39.29,0.49,1437.77,1,1,1,3.00,4.80,1,450.0,13.89,266.98,traveling,13.89,13.89,1,273.0
1648.0,clear,39.36,0.49,1494.97,0,39.36,0.49,1437.71,1,1,1,3.00,4.80,1,450.0,13.89,280.87,traveling,13.89,13.89,1,273.0
1649.0,clear,39.43,0.49,1494.91,0,39.43,0.49,1437.64,1,1,1,3.00,4.80,1,450.0,13.89,294.76,traveling,13.89,13.89,1,273.0
1650.0,clear,39.50,0.49,1494.85,0,39.50,0.49,1437.57,1,1,1,3.00,4.80,1,450.0,13.89,308.65,traveling,13.89,13.89,1,273.0
1651.0,clear,39.57,0.50,1494.80,0,39.57,0.50,1437.51,1,1,1,3.00,4.80,1,450.0,13.89,322.54,traveling,13.89,13.89,1,273.0
1652.0,clear,39.64,0.50,1494.74,0,39.64,0.50,1437.44,1,1,1,3.00,4.80,1,450.0,13.89,336.43,traveling,13.89,13.89,1,273.0
1653.0,clear,39.71,0.50,1494.68,0,39.71,0.50,1437.38,1,1,1,3.00,4.80,1,450.0,13.89,350.32,traveling,13.89,13.89,1,273.0
1654.0,clear,39.78,0.50,1494.63,0,39.78,0.50,1437.31,1,1,1,3.00,4.80,1,450.0,13.89,364.21,traveling,13.89,13.89,1,273.0
1655.0,clear,39.85,0.50,1494.57,0,39.85,0.50,1437.25,1,1,1,3.00,4.80,1,450.0,13.89,378.10,traveling,13.89,13.89,1,273.0
1656.0,clear,39.92,0.50,1494.51,0,39.92,0.50,1437.18,1,1,1,3.00,4.80,1,450.0,13.89,391.99,traveling,13.89,13.89,1,273.0
1657.0,clear,39.99,0.50,1494.45,0,39.99,0.50,1437.11,1,1,1,3.00,4.80,1,450.0,13.89,405.88,traveling,13.89,13.89,1,273.0
1658.0,clear,40.06,0.50,1494.40,0,40.06,0.50,1437.05,1,1,1,3.00,4.80,1,450.0,13.89,419.77,traveling,13.89,13.89,1,273.0
1659.0,clear,40.13,0.50,1494.34,0,40.13,0.50,1436.98,1,1,1,3.00,4.80,1,450.0,13.89,433.66,traveling,13.89,13.89,1,273.0
1660.0,clear,40.20,0.50,1494.28,0,40.20,0.50,1436.92,1,1,1,3.00,4.80,1,450.0,13.89,447.55,traveling,13.89,13.89,1,273.0
1661.0,clear,40.27,0.50,1494.23,0,40.27,0.50,1436.85,1,1,1,3.00,4.80,1,450.0,13.89,461.44,traveling,13.89,13.89,1,273.0
1662.0,clear,40.34,0.50,1494.17,0,40.34,0.50,1436.79,1,1,1,3.00,4.80,1,450.0,13.89,475.33,traveling,13.89,13.89,1,273.0
1663.0,clear,40.41,0.50,1494.11,0,40.41,0.50,1436.72,1,1,1,3.00,4.80,1,450.0,13.89,489.22,traveling,13.89,13.89,1,273.0
1664.0,clear,40.48,0.50,1494.06,0,40.48,0.50,1436.65,1,1,1,3.00,4.80,1,450.0,13.89,0.00,traveling,13.89,13.89,1,273.0
1665.0,clear,40.55,0.51,1494.00,0,40.55,0.51,1436.59,1,1,1,3.00,4.80,1,450.0,11.11,11.11,traveling,11.11,11.11,1,273.0
1666.0,clear,40.62,0.51,1493.94,0,40.62,0.51,1436.52,1,1,1,3.00,4.80,1,450.0,11.11,22.22,traveling,11.11,11.11,1,273.0
1667.0,clear,40.69,0.51,1493.89,0,40.69,0.51,1436.46,1,1,1,3.00,4.80,1,450.0,11.11,33.33,traveling,11.11,11.11,1,273.0
1668.0,clear,40.76,0.51,1493.83,0,40.76,0.51,1436.39,1,1,1,3.00,4.80,1,450.0,11.11,44.44,traveling,11.11,11.11,1,273.0
1669.0,clear,40.83,0.51,1493.77,0,40.83,0.51,1436.32,1,1,1,3.00,4.80,1,450.0,11.11,55.55,traveling,11.11,11.11,1,273.0
1670.0,clear,40.90,0.51,1493.72,0,40.90,0.51,1436.26,1,1,1,3.00,4.80,1,450.0,11.11,66.66,traveling,11.11,11.11,1,273.0
1671.0,clear,40.97,0.51,1493.66,0,40.97,0.51,1436.19,1,1,1,3.00,4.80,1,450.0,11.11,77.77,traveling,11.11,11.11,1,273.0
1672.0,clear,41.04,0.51,1493.60,0,41.04,0.51,1436.13,1,1,1,3.00,4.80,1,450.0,11.11,88.88,traveling,11.11,11.11,1,273.0
1673.0,clear,41.11,0.51,1493.55,0,41.11,0.51,1436.06,1,1,1,3.00,4.80,1,450.0,11.11,99.99,traveling,11.11,11.11,1,273.0
1674.0,clear,41.18,0.51,1493.49,0,41.18,0.51,1436.00,1,1,1,3.00,4.80,1,450.0,11.11,111.10,traveling,11.11,11.11,1,273.0
1675.0,clear,41.25,0.51,1493.43,0,41.25,0.51,1435.93,1,1,1,3.00,4.80,1,450.0,11.11,122.21,traveling,11.11,11.11,1,273.0
1676.0,clear,41.32,0.51,1493.38,0,41.32,0.51,1435.86,1,1,1,3.00,4.80,1,450.0,11.11,133.32,traveling,11.11,11.11,1,273.0
1677.0,clear,41.39,0.51,1493.32,0,41.39,0.51,1435.80,1,1,1,3.00,4.80,1,450.0,11.11,144.43,traveling,11.11,11.11,1,273.0
1678.0,clear,41.46,0.51,1493.26,0,41.46,0.51,1435.73,1,1,1,3.00,4.80,1,450.0,11.11,155.54,traveling,11.11,11.11,1,273.0
1679.0,clear,41.53,0.52,1493.21,0,41.53,0.52,1435.67,1,1,1,3.00,4.80,1,450.0,11.11,166.65,traveling,11.11,11.11,1,273.0
1680.0,clear,41.60,0.52,1493.15,0,41.60,0.52,1435.60,1,1,1,3.00,4.80,1,450.0,11.11,177.76,traveling,11.11,11.11,1,273.0
1681.0,clear,41.67,0.52,1493.09,0,41.67,0.52,1435.53,1,1,1,3.00,4.80,1,450.0,11.11,188.87,traveling,11.11,11.11,1,273.0
1682.0,clear,41.74,0.52,1493.04,0,41.74,0.52,1435.47,1,1,1,3.00,4.80,1,450.0,11.11,199.98,traveling,11.11,11.11,1,273.0
1683.0,clear,41.81,0.52,1492.98,0,41.81,0.52,1435.40,1,1,1,3.00,4.80,1,450.0,11.11,211.09,traveling,11.11,11.11,1,273.0
1684.0,clear,41.88,0.52,1492.92,0,41.88,0.52,1435.34,1,1,1,3.00,4.80,1,450.0,11.11,222.20,traveling,11.11,11.11,1,273.0
1685.0,clear,41.95,0.52,1492.87,0,41.95,0.52,1435.27,1,1,1,3.00,4.80,1,450.0,11.11,233.31,traveling,11.11,11.11,1,273.0
1686.0,clear,42.02,0.52,1492.81,0,42.02,0.52,1435.21,1,1,1,3.00,4.80,1,450.0,11.11,244.42,traveling,11.11,11.11,1,273.0
1687.0,clear,42.09,0.52,1492.75,0,42.09,0.52,1435.14,1,1,1,3.00,4.80,1,450.0,11.11,255.53,traveling,11.11,11.11,1,273.0
1688.0,clear,42.16,0.52,1492.70,0,42.16,0.52,1435.07,1,1,1,3.00,4.80,1,450.0,11.11,266.64,traveling,11.11,11.11,1,273.0
1689.0,clear,42.23,0.52,1492.64,0,42.23,0.52,1435.01,1,1,1,3.00,4.80,1,450.0,11.11,277.75,traveling,11.11,11.11,1,273.0
1690.0,clear,42.30,0.52,1492.58,0,42.30,0.52,1434.94,1,1,1,3.00,4.80,1,450.0,11.11,288.86,traveling,11.11,11.11,1,273.0
1691.0,clear,42.37,0.52,1492.53,0,42.37,0.52,1434.88,1,1,1,3.00,4.80,1,450.0,11.11,299.97,traveling,11.11,11.11,1,273.0
1692.0,clear,42.44,0.52,1492.47,0,42.44,0.52,1434.81,1,1,1,3.00,4.80,1,450.0,11.11,311.08,traveling,11.11,11.11,1,273.0
1693.0,clear,42.51,0.53,1492.41,0,42.51,0.53,1434.74,1,1,1,3.00,4.80,1,450.0,11.11,322.19,traveling,11.11,11.11,1,273.0
1694.0,clear,42.58,0.53,1492.36,0,42.58,0.53,1434.68,1,1,1,3.00,4.80,1,450.0,11.11,333.30,traveling,11.11,11.11,1,273.0
1695.0,clear,42.65,0.53,1492.30,0,42.65,0.53,1434.61,1,1,1,3.00,4.80,1,450.0,11.11,344.41,traveling,11.11,11.11,1,273.0
1696.0,clear,42.72,0.53,1492.24,0,42.72,0.53,1434.55,1,1,1,3.00,4.80,1,450.0,11.11,355.52,traveling,11.11,11.11,1,273.0
1697.0,clear,42.79,0.53,1492.19,0,42.79,0.53,1434.48,1,1,1,3.00,4.80,1,450.0,11.11,366.63,traveling,11.11,11.11,1,273.0
1698.0,clear,42.86,0.53,1492.13,0,42.86,0.53,1434.41,1,1,1,3.00,4.80,1,450.0,11.11,377.74,traveling,11.11,11.11,1,273.0
1699.0,clear,42.93,0.53,1492.07,0,42.93,0.53,1434.35,1,1,1,3.00,4.80,1,450.0,11.11,388.85,traveling,11.11,11.11,1,273.0
1700.0,clear,43.00,0.53,1492.01,0,43.00,0.53,1434.28,1,1,1,3.00,4.80,1,450.0,11.11,399.96,traveling,11.11,11.11,1,273.0
1701.0,clear,43.07,0.53,1491.96,0,43.07,0.53,1434.22,2,1,2,3.00,6.40,1,450.0,0.00,0.00,queued,11.11,11.11,1,273.0
1702.0,clear,43.14,0.53,1491.90,0,43.14,0.53,1434.15,2,1,2,3.00,6.40,1,450.0,0.00,0.00,queued,11.11,11.11,1,273.0
1703.0,clear,43.21,0.53,1491.84,0,43.21,0.53,1434.08,2,1,2,3.00,6.40,1,450.0,0.00,0.00,queued,11.11,11.11,1,273.0
1704.0,clear,43.28,0.53,1491.79,0,43.28,0.53,1434.02,2,1,2,3.00,6.40,1,450.0,0.00,0.00,queued,11.11,11.11,1,273.0
1705.0,clear,43.35,0.53,1491.73,0,43.35,0.53,1433.95,2,1,2,3.00,6.40,1,450.0,0.00,0.00,queued,11.11,11.11,1,273.0
1706.0,clear,43.42,0.53,1491.67,0,43.42,0.53,1433.89,2,1,2,3.00,6.40,1,450.0,0.00,0.00,queued,11.11,11.11,1,273.0
1707.0,clear,43.49,0.53,1491.62,0,43.49,0.53,1433.82,2,1,2,3.00,6.40,1,450.0,0.00,0.00,queued,11.11,11.11,1,273.0
1708.0,clear,43.56,0.54,1491.56,0,43.56,0.54,1433.76,2,1,2,3.00,6.40,1,450.0,0.00,0.00,queued,11.11,11.11,1,273.0
1709.0,clear,43.63,0.54,1491.50,0,43.63,0.54,1433.69,2,1,2,3.00,6.40,1,450.0,0.00,0.00,queued,11.11,11.11,1,273.0
1710.0,clear,43.70,0.54,1491.45,0,43.70,0.54,1433.62,2,1,2,3.00,4.17,1,690.0,0.00,0.00,queued,11.11,11.11,1,273.0
1711.0,clear,43.77,0.54,1491.39,0,43.77,0.54,1433.56,2,1,2,3.00,4.17,1,690.0,0.00,0.00,queued,11.11,11.11,1,273.0
1712.0,clear,43.84,0.54,1491.33,0,43.84,0.54,1433.49,2,1,2,3.00,4.17,1,690.0,0.00,0.00,queued,11.11,11.11,1,273.0
1713.0,clear,43.91,0.54,1491.28,0,43.91,0.54,1433.43,2,1,2,3.00,4.17,1,690.0,0.00,0.00,queued,11.11,11.11,1,273.0
1714.0,clear,43.98,0.54,1491.22,0,43.98,0.54,1433.36,2,1,2,3.00,4.17,1,690.0,0.00,0.00,queued,11.11,11.11,1,273.0
1715.0,clear,44.05,0.54,1491.16,0,44.05,0.54,1433.29,2,1,2,3.00,4.17,1,690.0,0.00,0.00,queued,11.11,11.11,1,273.0
1716.0,clear,44.12,0.54,1491.11,0,44.12,0.54,1433.23,2,1,2,3.00,4.17,1,690.0,0.00,0.00,queued,11.11,11.11,1,273.0
1717.0,clear,44.19,0.54,1491.05,0,44.19,0.54,1433.16,2,1,2,3.00,4.17,1,690.0,0.00,0.00,queued,11.11,11.11,1,273.0
1718.0,clear,44.26,0.54,1490.99,0,44.26,0.54,1433.10,2,1,2,3.00,4.17,1,690.0,0.00,0.00,queued,11.11,11.11,1,273.0
1719.0,clear,44.33,0.54,1490.94,0,44.33,0.54,1433.03,2,1,2,3.00,4.17,1,690.0,0.00,0.00,queued,11.11,11.11,1,273.0
1720.0,clear,44.40,0.54,1490.88,0,44.40,0.54,1432.96,2,1,2,3.00,4.17,1,690.0,0.00,0.00,queued,11.11,11.11,1,273.0
1721.0,clear,44.47,0.54,1490.82,0,44.47,0.54,1432.90,2,1,2,3.00,4.17,1,690.0,0.00,0.00,queued,11.11,11.11,1,273.0
1722.0,clear,44.54,0.55,1490.77,0,44.54,0.55,1432.83,2,1,2,3.00,4.17,1,690.0,0.00,0.00,queued,11.11,11.11,1,273.0
1723.0,clear,44.61,0.55,1490.71,0,44.61,0.55,1432.77,2,1,2,3.00,4.17,1,690.0,0.00,0.00,queued,11.11,11.11,1,273.0
1724.0,clear,44.68,0.55,1490.65,0,44.68,0.55,1432.70,2,1,2,3.00,4.17,1,690.0,0.00,0.00,queued,11.11,11.11,1,273.0
1725.0,clear,44.75,0.55,1490.59,0,44.75,0.55,1432.63,2,1,2,3.00,4.17,1,690.0,0.00,0.00,queued,11.11,11.11,1,273.0
1726.0,clear,44.82,0.55,1490.54,0,44.82,0.55,1432.57,2,1,2,3.00,4.17,1,690.0,0.00,0.00,queued,11.11,11.11,1,273.0
1727.0,clear,44.89,0.55,1490.48,0,44.89,0.55,1432.50,2,1,2,3.00,4.17,1,690.0,0.00,0.00,queued,11.11,11.11,1,273.0
1728.0,clear,44.96,0.55,1490.42,0,44.96,0.55,1432.44,2,1,2,3.00,4.17,1,690.0,0.00,0.00,queued,11.11,11.11,1,273.0
1729.0,clear,45.03,0.55,1490.37,0,45.03,0.55,1432.37,2,0,2,2.00,4.17,1,690.0,0.00,0.00,queued,11.11,11.11,1,273.0
1730.0,clear,45.10,0.55,1490.31,0,45.10,0.55,1432.30,2,0,2,2.00,4.17,1,690.0,0.00,0.00,queued,11.11,11.11,1,273.0
1731.0,clear,45.17,0.55,1490.25,0,45.17,0.55,1432.24,2,0,2,2.00,4.17,1,690.0,0.00,0.00,queued,11.11,11.11,1,273.0
1732.0,clear,45.24,0.55,1490.20,0,45.24,0.55,1432.17,2,0,2,2.00,4.17,1,690.0,0.00,0.00,queued,11.11,11.11,1,273.0
1733.0,clear,45.31,0.55,1490.14,0,45.31,0.55,1432.11,2,0,2,2.00,4.17,1,690.0,0.00,0.00,queued,11.11,11.11,1,273.0
1734.0,clear,45.38,0.55,1490.08,0,45.38,0.55,1432.04,2,0,2,2.00,4.17,1,690.0,0.00,0.00,queued,11.11,11.11,1,273.0
1735.0,clear,45.45,0.55,1490.03,0,45.45,0.55,1431.97,2,0,2,2.00,4.17,1,690.0,0.00,0.00,queued,11.11,11.11,1,273.0
1736.0,clear,45.52,0.56,1489.97,0,45.52,0.56,1431.91,2,0,2,2.00,4.17,1,690.0,0.00,0.00,queued,11.11,11.11,1,273.0
1737.0,clear,45.59,0.56,1489.91,0,45.59,0.56,1431.84,2,0,2,2.00,4.17,1,690.0,0.00,0.00,queued,11.11,11.11,1,273.0
1738.0,clear,45.66,0.56,1489.86,0,45.66,0.56,1431.78,2,0,2,2.00,4.17,1,690.0,0.00,0.00,queued,11.11,11.11,1,273.0
1739.0,clear,45.73,0.56,1489.80,0,45.73,0.56,1431.71,2,0,2,2.00,4.17,1,690.0,0.00,0.00,queued,11.11,11.11,1,273.0
1740.0,clear,45.80,0.56,1489.74,0,45.80,0.56,1431.64,2,0,2,2.00,4.17,1,690.0,0.00,0.00,queued,11.11,11.11,1,273.0
1741.0,clear,45.87,0.56,1489.69,0,45.87,0.56,1431.58,2,0,2,2.00,4.17,1,690.0,0.00,0.00,queued,11.11,11.11,1,273.0
1742.0,clear,45.94,0.56,1489.63,0,45.94,0.56,1431.51,2,0,2,2.00,4.17,1,690.0,0.00,0.00,queued,11.11,11.11,1,273.0
1743.0,clear,46.01,0.56,1489.57,0,46.01,0.56,1431.45,2,0,2,2.00,4.17,1,690.0,0.00,0.00,queued,11.11,11.11,1,273.0
1744.0,clear,46.08,0.56,1489.51,0,46.08,0.56,1431.38,2,0,2,2.00,4.17,1,690.0,0.00,0.00,queued,11.11,11.11,1,273.0
1745.0,clear,46.15,0.56,1489.46,0,46.15,0.56,1431.31,2,0,2,2.00,4.17,1,690.0,0.00,0.00,queued,11.11,11.11,1,273.0
1746.0,clear,46.22,0.56,1489.40,0,46.22,0.56,1431.25,2,0,2,2.00,4.17,1,690.0,0.00,0.00,queued,11.11,11.11,1,273.0
1747.0,clear,46.29,0.56,1489.34,0,46.29,0.56,1431.18,2,0,2,2.00,4.17,1,690.0,0.00,0.00,queued,11.11,11.11,1,273.0
1748.0,clear,46.36,0.56,1489.29,0,46.36,0.56,1431.12,2,0,2,2.00,4.17,1,690.0,0.00,0.00,queued,11.11,11.11,1,273.0
1749.0,clear,46.43,0.56,1489.23,0,46.43,0.56,1431.05,2,0,2,2.00,4.17,1,690.0,0.00,0.00,queued,11.11,11.11,1,273.0
1750.0,clear,46.50,0.56,1489.17,0,46.50,0.56,1430.98,2,0,2,2.00,4.17,1,690.0,0.00,0.00,queued,11.11,11.11,1,273.0
1751.0,clear,46.57,0.57,1489.12,0,46.57,0.57,1430.92,2,0,2,2.00,4.17,1,690.0,0.00,0.00,queued,11.11,11.11,1,273.0
1752.0,clear,46.64,0.57,1489.06,0,46.64,0.57,1430.85,2,0,2,2.00,4.17,1,690.0,0.00,0.00,queued,11.11,11.11,1,273.0
1753.0,clear,46.71,0.57,1489.00,0,46.71,0.57,1430.79,2,0,2,2.00,4.17,1,690.0,0.00,0.00,queued,11.11,11.11,1,273.0
1754.0,clear,46.78,0.57,1488.95,0,46.78,0.57,1430.72,2,0,2,2.00,4.17,1,690.0,0.00,0.00,queued,11.11,11.11,1,273.0
1755.0,clear,46.85,0.57,1488.89,0,46.85,0.57,1430.65,2,0,2,2.00,4.17,1,690.0,0.00,0.00,queued,11.11,11.11,1,273.0
1756.0,clear,46.92,0.57,1488.83,0,46.92,0.57,1430.59,2,0,2,2.00,4.17,1,690.0,0.00,0.00,queued,11.11,11.11,1,273.0
1757.0,clear,46.99,0.57,1488.78,0,46.99,0.57,1430.52,2,0,2,2.00,4.17,1,690.0,0.00,0.00,queued,11.11,11.11,1,273.0
1758.0,clear,47.06,0.57,1488.72,0,47.06,0.57,1430.46,2,0,2,2.00,4.17,1,690.0,0.00,0.00,queued,11.11,11.11,1,273.0
1759.0,clear,47.13,0.57,1488.66,0,47.13,0.57,1430.39,2,0,2,2.00,4.17,1,690.0,0.00,0.00,queued,11.11,11.11,1,273.0
1760.0,clear,47.20,0.57,1488.61,0,47.20,0.57,1430.32,2,0,2,2.00,4.17,1,690.0,0.00,0.00,queued,11.11,11.11,1,273.0
1761.0,clear,47.27,0.57,1488.55,0,47.27,0.57,1430.26,1,0,1,2.00,3.13,1,690.0,0.00,0.00,queued,11.11,11.11,1,364.0
1762.0,clear,47.34,0.57,1488.49,0,47.34,0.57,1430.19,1,0,1,2.00,3.13,1,690.0,0.00,0.00,queued,11.11,11.11,1,364.0
1763.0,clear,47.41,0.57,1488.43,0,47.41,0.57,1430.13,1,0,1,2.00,3.13,1,690.0,0.00,0.00,queued,11.11,11.11,1,364.0
1764.0,clear,47.48,0.57,1488.38,0,47.48,0.57,1430.06,1,0,1,2.00,3.13,1,690.0,0.00,0.00,queued,11.11,11.11,1,364.0
1765.0,clear,47.55,0.58,1488.32,0,47.55,0.58,1429.99,1,0,1,2.00,3.13,1,690.0,0.00,0.00,queued,11.11,11.11,1,364.0
1766.0,clear,47.62,0.58,1488.26,0,47.62,0.58,1429.93,1,0,1,2.00,3.13,1,690.0,0.00,0.00,queued,11.11,11.11,1,364.0
1767.0,clear,47.69,0.58,1488.21,0,47.69,0.58,1429.86,1,0,1,2.00,3.13,1,690.0,0.00,0.00,queued,11.11,11.11,1,364.0
1768.0,clear,47.76,0.58,1488.15,0,47.76,0.58,1429.80,1,0,1,2.00,3.13,1,690.0,0.00,0.00,queued,11.11,11.11,1,364.0
1769.0,clear,47.83,0.58,1488.09,0,47.83,0.58,1429.73,1,0,1,2.00,3.13,1,690.0,0.00,0.00,queued,11.11,11.11,1,364.0
1770.0,clear,47.90,0.58,1488.04,0,47.90,0.58,1429.66,1,0,1,2.00,4.80,1,450.0,0.00,0.00,queued,11.11,11.11,1,364.0
1771.0,clear,47.97,0.58,1487.98,0,47.97,0.58,1429.60,1,0,1,2.00,4.80,1,450.0,0.00,0.00,queued,11.11,11.11,1,364.0
1772.0,clear,48.04,0.58,1487.92,0,48.04,0.58,1429.53,1,0,1,2.00,4.80,1,450.0,0.00,0.00,queued,11.11,11.11,1,364.0
1773.0,clear,48.11,0.58,1487.87,0,48.11,0.58,1429.47,1,0,1,2.00,4.80,1,450.0,0.00,0.00,queued,11.11,11.11,1,364.0
1774.0,clear,48.18,0.58,1487.81,0,48.18,0.58,1429.40,1,0,1,2.00,4.80,1,450.0,0.00,0.00,queued,11.11,11.11,1,364.0
1775.0,clear,48.25,0.58,1487.75,0,48.25,0.58,1429.33,1,0,1,2.00,4.80,1,450.0,0.00,0.00,queued,11.11,11.11,1,364.0
1776.0,clear,48.32,0.58,1487.70,0,48.32,0.58,1429.27,1,0,1,2.00,4.80,1,450.0,0.00,0.00,queued,11.11,11.11,1,364.0
1777.0,clear,48.39,0.58,1487.64,0,48.39,0.58,1429.20,1,0,1,2.00,4.80,1,450.0,0.00,0.00,queued,11.11,11.11,1,364.0
1778.0,clear,48.46,0.58,1487.58,0,48.46,0.58,1429.13,1,0,1,2.00,4.80,1,450.0,0.00,0.00,queued,11.11,11.11,1,364.0
1779.0,clear,48.53,0.59,1487.52,0,48.53,0.59,1429.07,1,0,1,2.00,4.80,1,450.0,0.00,0.00,queued,11.11,11.11,1,364.0
1780.0,clear,48.60,0.59,1487.47,0,48.60,0.59,1429.00,1,0,1,2.00,4.80,1,450.0,0.00,0.00,queued,11.11,11.11,1,364.0
1781.0,clear,48.67,0.59,1487.41,0,48.67,0.59,1428.94,1,0,1,2.00,4.80,1,450.0,0.00,0.00,queued,11.11,11.11,1,364.0
1782.0,clear,48.74,0.59,1487.35,0,48.74,0.59,1428.87,1,0,1,2.00,4.80,1,450.0,0.00,0.00,queued,11.11,11.11,1,364.0
1783.0,clear,48.81,0.59,1487.30,0,48.81,0.59,1428.80,1,0,1,2.00,4.80,1,450.0,0.00,0.00,queued,11.11,11.11,1,364.0
1784.0,clear,48.88,0.59,1487.24,0,48.88,0.59,1428.74,1,0,1,2.00,4.80,1,450.0,0.00,0.00,queued,11.11,11.11,1,364.0
1785.0,clear,48.95,0.59,1487.18,0,48.95,0.59,1428.67,1,0,1,2.00,4.80,1,450.0,0.00,0.00,queued,11.11,11.11,1,364.0
1786.0,clear,49.02,0.59,1487.13,0,49.02,0.59,1428.61,1,0,1,2.00,4.80,1,450.0,0.00,0.00,queued,11.11,11.11,1,364.0
1787.0,clear,49.09,0.59,1487.07,0,49.09,0.59,1428.54,1,0,1,2.00,4.80,1,450.0,0.00,0.00,queued,11.11,11.11,1,364.0
1788.0,clear,49.16,0.59,1487.01,0,49.16,0.59,1428.47,1,0,1,2.00,4.80,1,450.0,0.00,0.00,queued,11.11,11.11,1,364.0
1789.0,clear,49.23,0.59,1486.96,0,49.23,0.59,1428.41,1,0,1,2.00,4.80,1,450.0,0.00,0.00,queued,11.11,11.11,1,364.0
1790.0,clear,49.30,0.59,1486.90,0,49.30,0.59,1428.34,1,0,1,2.00,4.80,1,450.0,0.00,0.00,queued,11.11,11.11,1,364.0
1791.0,clear,49.37,0.59,1486.84,0,49.37,0.59,1428.28,1,0,1,2.00,4.80,1,450.0,0.00,0.00,queued,11.11,11.11,1,364.0
1792.0,clear,49.44,0.59,1486.78,0,49.44,0.59,1428.21,1,0,1,2.00,4.80,1,450.0,0.00,0.00,queued,11.11,11.11,1,364.0
1793.0,clear,49.51,0.60,1486.73,0,49.51,0.60,1428.14,1,0,1,2.00,4.80,1,450.0,0.00,0.00,queued,11.11,11.11,1,364.0
1794.0,clear,49.58,0.60,1486.67,0,49.58,0.60,1428.08,1,0,1,2.00,4.80,1,450.0,0.00,0.00,queued,11.11,11.11,1,364.0
1795.0,clear,49.65,0.60,1486.61,0,49.65,0.60,1428.01,1,0,1,2.00,4.80,1,450.0,0.00,0.00,queued,11.11,11.11,1,364.0
1796.0,clear,49.72,0.60,1486.56,0,49.72,0.60,1427.95,1,0,1,2.00,4.80,1,450.0,0.00,0.00,queued,11.11,11.11,1,364.0
1797.0,clear,49.79,0.60,1486.50,0,49.79,0.60,1427.88,1,0,1,2.00,4.80,1,450.0,0.00,0.00,queued,11.11,11.11,1,364.0
1798.0,clear,49.86,0.60,1486.44,0,49.86,0.60,1427.81,1,0,1,2.00,4.80,1,450.0,0.00,0.00,queued,11.11,11.11,1,364.0
1799.0,clear,49.93,0.60,1486.39,0,49.93,0.60,1427.75,1,0,1,2.00,4.80,1,450.0,0.00,0.00,queued,11.11,11.11,1,364.0
