sample_id,mass_loaded_kg,grade_pct,friction_mu,visibility_m,comm_confidence,curve_radius_m,v_safe_kmh,v_stop_kmh,v_retarder_kmh,s_stop_m,h_safe_m,active_constraint,is_physically_safe
1,167483.57076505615,7.319939418114051,0.3546065241548528,31.93963178886665,0.15599452033620265,100.0,20.0,32.55200494249254,51.34475515622645,26.939631788866645,31.939631788866645,SITE_SPEED_LIMIT,True
2,164308.6784941441,4.592488919658671,0.35000338627267924,20.016887501255983,0.6508884729488529,35.0,20.0,24.330262583132306,125.99999988298863,15.016887501255983,20.016887501255983,SITE_SPEED_LIMIT,True
3,162095.60932988243,1.8340450985343382,0.25495128632644753,18.690900933179197,0.43194501864211576,35.0,20.0,20.678603426775517,150.0,13.690900933179197,18.690900933179197,SITE_SPEED_LIMIT,True
4,162374.15096410926,5.2477466025838915,0.3163329821247654,22.993743727186498,0.9737555188414592,100.0,20.0,27.398008952637202,92.15301254075021,17.993743727186494,22.993743727186494,SITE_SPEED_LIMIT,True
5,172328.24384460776,1.9967378215835974,0.5073450991017149,28.140549728612523,0.046450412719997725,100.0,20.0,30.75952467542567,150.0,23.140549728612513,28.140549728612513,SITE_SPEED_LIMIT,True
6,163871.1184975673,6.803075385877797,0.3046427364059533,25.272466338629435,0.9422017556848528,50.0,20.0,28.18360273696962,57.2994920044765,20.272466338629435,25.272466338629435,SITE_SPEED_LIMIT,True
7,161998.73074947044,0.9767211400638387,0.4540533728088605,35.79048619304706,0.12203823484477883,35.0,20.0,37.923022337164845,150.0,30.79048619304706,35.79048619304706,SITE_SPEED_LIMIT,True
8,169737.1991052332,8.331949117361644,0.22821212151464815,12.801409407849743,0.18223608778806233,inf,11.648542375087821,11.648542375087821,42.80366712424904,7.801409407849743,12.801409407849743,STOPPING_DISTANCE,True
9,166044.3179750238,5.4671027934327965,0.3439169255529117,13.318450498648717,0.7751328233611146,50.0,16.355110858820193,16.355110858820193,84.12117998164146,8.318450498648719,13.318450498648719,STOPPING_DISTANCE,True
10,155201.64938060113,3.9515023600181443,0.5545451985497474,46.69964896072074,0.3265407688058354,50.0,20.0,45.51138131780879,125.99999988298863,41.69964896072073,46.69964896072073,SITE_SPEED_LIMIT,True
11,159954.57328567447,2.713490317738959,0.42486366434275624,42.29318791183682,0.28093450968738076,inf,20.0,42.84931394487306,125.99999988298863,37.29318791183681,42.29318791183681,SITE_SPEED_LIMIT,True
12,157083.52893231556,2.7599918202254337,0.1830533878126005,18.332307756683708,0.01563640674119393,35.0,16.971108849384418,16.971108849384418,125.99999988298863,13.332307756683708,18.332307756683708,STOPPING_DISTANCE,True
13,161615.3899984702,0.05522117123602399,0.5474000703466659,41.695764280467536,0.7290071680409873,35.0,20.0,45.74011651841611,150.0,36.69576428046753,41.69576428046753,SITE_SPEED_LIMIT,True
14,168058.38144420434,6.059599747810114,0.5278769589256805,46.683539533100706,0.9149596755437808,35.0,20.0,46.79888237429149,69.2070989016071,41.6835395331007,46.6835395331007,SITE_SPEED_LIMIT,True
15,157459.2335522626,0.6355835028602363,0.2150366644053494,18.9942044772048,0.7296061783380641,inf,20.0,21.05986033580942,150.0,13.9942044772048,18.9942044772048,SITE_SPEED_LIMIT,True
16,170498.2348789241,2.747217929900642,0.4340244061638264,30.25595416314655,0.9717120953891037,100.0,20.0,36.24703173144456,125.99999988298863,25.25595416314655,30.25595416314655,SITE_SPEED_LIMIT,True
17,166806.97802754206,7.70967179954561,0.4829564902836979,27.220801836397584,0.42754101835854963,50.0,20.0,29.492372322971104,47.65935714427381,22.220801836397584,27.220801836397584,SITE_SPEED_LIMIT,True
18,172690.18283232985,4.393365018657701,0.32915271913470384,14.07736410509283,0.47537022318211175,35.0,16.424332095466365,16.424332095466365,125.99999988298863,9.077364105092826,14.077364105092826,STOPPING_DISTANCE,True
19,169517.66245312922,2.4929222914887497,0.5644428984900671,23.46723153660334,0.22879816549162246,inf,20.0,26.888993967552075,125.99999988298863,18.467231536603343,23.467231536603343,SITE_SPEED_LIMIT,True
20,165095.00165531074,5.98865466488536,0.6081637436553402,36.2653219867867,0.6243540481337932,50.0,20.0,38.24604457876365,70.65282607566569,31.265321986786702,36.2653219867867,SITE_SPEED_LIMIT,True
21,169577.01058851037,8.036720768991145,0.32851179969799554,13.395652649871613,0.5393422419156507,50.0,15.039694570716767,15.039694570716767,44.971328698061406,8.395652649871614,13.395652649871614,STOPPING_DISTANCE,True
22,166643.75554829842,1.2208795470067335,0.617389954541014,21.03340271346387,0.2721322493846353,100.0,20.0,24.824710528685518,150.0,16.03340271346387,21.03340271346387,SITE_SPEED_LIMIT,True
23,171368.66810069777,8.607305832563434,0.2521494605155131,5.312845873903582,0.417411003148779,35.0,0.8596274283735204,0.8596274283735204,40.96938170369716,0.3128458739035817,5.312845873903582,STOPPING_DISTANCE,True
24,163540.2366458719,6.924360328902703,0.1988251044495548,17.123555020933466,0.16829104217293056,inf,15.228798931031537,15.228798931031537,55.7708929329738,12.123555020933466,17.123555020933466,STOPPING_DISTANCE,True
25,174430.92950605266,3.63629602379294,0.636856553229739,48.73019372244323,0.25178229582536416,50.0,20.0,46.72368540894814,125.99999988298863,43.73019372244322,48.73019372244322,SITE_SPEED_LIMIT,True
26,165872.8890641592,7.12270589924442,0.34954809700978834,11.663911847902995,0.266781014275285,50.0,12.437710002257951,12.437710002257951,53.453005377911026,6.6639118479029955,11.663911847902995,STOPPING_DISTANCE,True
27,161704.08848781761,2.7864646423661146,0.38384666173344034,45.87196486849942,0.1448948720912231,inf,20.0,44.764866544425814,125.99999988298863,40.87196486849942,45.87196486849942,SITE_SPEED_LIMIT,True
28,165019.68652215702,4.477831645730916,0.5074438533577877,29.880189008209758,0.08085332633271525,inf,20.0,31.635355102148512,125.99999988298863,24.88018900820975,29.88018900820975,SITE_SPEED_LIMIT,True
29,168955.15973521525,3.677831327192532,0.5217353987663131,33.453762376711076,0.5357746840747585,inf,20.0,36.70376780024413,125.99999988298863,28.453762376711083,33.45376237671108,SITE_SPEED_LIMIT,True
30,160453.0627260263,7.983451249845511,0.2516397553481437,11.782289478444326,0.6958128067908819,100.0,12.020899222845218,12.020899222845218,45.387230395115914,6.782289478444326,11.782289478444326,STOPPING_DISTANCE,True
31,173533.02476839232,0.16587828927856152,0.3792735213192783,28.044187623467643,0.6451727904094499,inf,20.0,33.718001813689895,150.0,23.044187623467646,28.044187623467646,SITE_SPEED_LIMIT,True
32,169367.9470781769,9.40523264489604,0.48121297268461805,22.890740948938504,0.837710105907328,100.0,20.0,26.425334909573134,36.46856937792154,17.890740948938504,22.890740948938504,SITE_SPEED_LIMIT,True
33,161083.7335383188,9.246936182785628,0.3902795697003045,44.48027090214415,0.659984046034179,50.0,20.0,42.317274897816155,37.27842003520579,39.480270902144156,44.480270902144156,SITE_SPEED_LIMIT,True
34,163389.69241897162,9.821683433294355,0.39129021119064317,28.248615107195644,0.9962536997579243,50.0,20.0,31.518637369953467,34.50153853844853,23.248615107195647,28.248615107195647,SITE_SPEED_LIMIT,True
35,157799.79276158102,3.492095746126609,0.613988590983402,37.668005549160775,0.8870864242651173,inf,20.0,41.66900525041204,125.99999988298863,32.66800554916077,37.66800554916077,SITE_SPEED_LIMIT,True
36,170953.6362805682,8.877700987609598,0.6274722479773316,43.29178019453807,0.7853406511139436,inf,20.0,42.253261565609606,39.3203362781927,38.29178019453807,43.29178019453807,SITE_SPEED_LIMIT,True
37,166465.3623664934,0.05061583846218687,0.2597467578733172,12.236362313787438,0.6918951976926933,inf,14.25810453503158,14.25810453503158,150.0,7.236362313787438,12.236362313787438,STOPPING_DISTANCE,True
38,161428.24290986816,9.944574626108206,0.15361507272310418,12.916636370480543,0.4938937151834346,inf,9.147956038953685,9.147956038953685,33.96212993804365,7.916636370480545,12.916636370480546,STOPPING_DISTANCE,True
39,168849.88679965396,8.49223410494178,0.49890801116741507,34.592580153515456,0.09367476782809248,100.0,20.0,33.86370624487985,41.715652595870196,29.592580153515456,34.592580153515456,SITE_SPEED_LIMIT,True
40,171341.94761201952,6.3633261818589535,0.26797416951210873,16.270781837251285,0.978892858275009,100.0,18.642844829862277,18.642844829862277,63.71862310308964,11.270781837251283,16.270781837251285,STOPPING_DISTANCE,True
41,166383.4539966501,7.948113035416484,0.5019163596192258,27.618669189733644,0.4925176938188639,35.0,20.0,29.973484228915336,45.66762216266246,22.61866918973364,27.61866918973364,SITE_SPEED_LIMIT,True
42,169135.91624518012,2.3018526824155527,0.5002014697232141,27.463702094813854,0.768554014306309,inf,20.0,32.97887070686088,125.99999988298863,22.463702094813854,27.463702094813854,SITE_SPEED_LIMIT,True
43,164379.3380555917,9.666548190436696,0.598553309413576,48.36289896901638,0.2944488920695857,35.0,20.0,43.12349060996187,35.208215357847514,43.36289896901639,48.36289896901639,SITE_SPEED_LIMIT,True
44,168701.7040897387,1.9091103115034602,0.24705597485526312,17.081368560057058,0.3726868670940493,50.0,18.62372288686975,18.62372288686975,150.0,12.081368560057058,17.081368560057058,STOPPING_DISTANCE,True
45,165865.9046292559,5.700611700893649,0.27300144533983395,9.372942219684585,0.9900538501042633,50.0,10.009634118684781,10.009634118684781,77.35943702246993,4.372942219684586,9.372942219684585,STOPPING_DISTANCE,True
46,166926.5868986442,2.5416364906973876,0.2145101528477201,18.288076478852243,0.8486697949246744,35.0,19.985431803146028,19.985431803146028,125.99999988298863,13.288076478852243,18.288076478852243,STOPPING_DISTANCE,True
47,160204.9595178661,2.9359184426449336,0.5835396881377133,41.421251996533115,0.8670723185801037,35.0,20.0,44.71439250915469,125.99999988298863,36.421251996533115,41.421251996533115,SITE_SPEED_LIMIT,True
48,171910.02302085972,0.8159418040024036,0.2755788829897272,5.233318824829405,0.19427395351204224,inf,0.6073914314544379,0.6073914314544379,150.0,0.2333188248294048,5.2333188248294045,STOPPING_DISTANCE,True
49,169770.008817466,8.900053418175663,0.43145403342398037,20.209782058319114,0.093981939840869,100.0,20.0,21.622155518690434,39.190152940191325,15.209782058319112,20.209782058319114,SITE_SPEED_LIMIT,True
50,168256.956256529,6.720261352951994,0.18100832334554884,19.76687003636294,0.9818408883105311,50.0,18.04895519947173,18.04895519947173,58.39717518221587,14.766870036362938,19.76687003636294,STOPPING_DISTANCE,True
51,162927.34097305054,0.37348188749214417,0.426066724493942,42.01702522968462,0.12706051265188478,35.0,20.0,43.02512887977924,150.0,37.017025229684634,42.017025229684634,SITE_SPEED_LIMIT,True
52,165400.99356270407,8.278690037875887,0.3430503660781539,17.219431211888384,0.45726516161372854,50.0,19.52572618559655,19.52572618559655,43.178428092263644,12.219431211888384,17.219431211888384,STOPPING_DISTANCE,True
53,165227.85919951907,5.406351216101065,0.5541319668029315,33.6843455674193,0.9758520794625346,inf,20.0,37.96547527118692,86.14840287309138,28.6843455674193,33.6843455674193,SITE_SPEED_LIMIT,True
54,161741.9982619709,7.1459510417995205,0.2297641802889589,6.84803825455441,0.43352073758074205,50.0,4.207983695630919,4.207983695630919,53.19489257488401,1.8480382545544107,6.84803825455441,STOPPING_DISTANCE,True
55,161140.90461121622,1.7329432007084578,0.20004857963291905,12.039666920198872,0.5492266647061205,inf,12.384181628568928,12.384181628568928,150.0,7.039666920198874,12.039666920198874,STOPPING_DISTANCE,True
56,173306.50865304077,1.8286599710730733,0.5233947078451726,47.05762988028694,0.5166962574265667,inf,20.0,47.74612827058673,150.0,42.05762988028694,47.05762988028694,SITE_SPEED_LIMIT,True
57,175610.78098506317,4.196000624277899,0.2211945357302523,16.147894527552086,0.7578461104643691,35.0,17.27537398687352,17.27537398687352,125.99999988298863,11.147894527552083,16.147894527552083,STOPPING_DISTANCE,True
58,170162.32630275574,3.418796667164016,0.16883139765371202,9.130957961604885,0.3114133093912942,50.0,7.47519556058339,7.47519556058339,125.99999988298863,4.130957961604885,9.130957961604885,STOPPING_DISTANCE,True
59,163813.04019396665,0.9783416065100148,0.465715119773198,27.122714380257456,0.17320186991001518,50.0,20.0,30.61186249337621,150.0,22.122714380257456,27.122714380257456,SITE_SPEED_LIMIT,True
60,174360.02840236152,6.497736826427634,0.33982914631827715,7.162651588866518,0.8866803872980475,inf,5.974908782612381,5.974908782612381,61.59161104459317,2.162651588866517,7.162651588866517,STOPPING_DISTANCE,True
61,172206.36644533058,5.031362585800877,0.5305427710666307,43.542042853474506,0.1629344270814297,inf,20.0,42.11187164307374,102.83818505790082,38.5420428534745,43.5420428534745,SITE_SPEED_LIMIT,True
62,157820.6892441028,9.438916045607572,0.6035196267442513,47.49132187063253,0.6364035974460113,inf,20.0,44.00357418685063,36.300906596593556,42.49132187063253,47.49132187063253,SITE_SPEED_LIMIT,True
63,155513.1150875567,6.432882184423532,0.4909658762605772,25.62138007211825,0.9414648087765252,100.0,20.0,30.450587203253168,62.597640387676655,20.621380072118253,25.621380072118253,SITE_SPEED_LIMIT,True
64,171402.7038083873,8.204268437712681,0.3723395259568609,34.31681473360046,0.27396112732113376,inf,20.0,34.420136245460014,43.71374012466521,29.31681473360046,34.31681473360046,SITE_SPEED_LIMIT,True
65,166404.95933867517,0.7118864846022899,0.3189750621938909,19.35390336321926,0.023271935735825866,50.0,20.0,21.79592046434169,150.0,14.35390336321926,19.35390336321926,SITE_SPEED_LIMIT,True
66,161886.50240089704,2.606945282359031,0.5425116255421788,27.32168544320328,0.34833660445319736,100.0,20.0,31.00963041554509,125.99999988298863,22.321685443203283,27.321685443203283,SITE_SPEED_LIMIT,True
67,166810.06955971234,8.034809303848485,0.18548790875594456,17.69155576570879,0.7506147516408583,inf,15.583528697729218,15.583528697729218,44.98611402053386,12.691555765708792,17.69155576570879,STOPPING_DISTANCE,True
68,167906.57067017863,5.759245752580846,0.34469140529786296,37.92414898848381,0.25001644921610466,inf,20.0,37.94429194337749,75.86964523930104,32.92414898848381,37.92414898848381,SITE_SPEED_LIMIT,True
69,167735.48690585018,8.584127518430119,0.5628048737270241,24.304731231875827,0.7545428740846823,35.0,20.0,27.741439805993434,41.117457484044145,19.304731231875827,24.304731231875827,SITE_SPEED_LIMIT,True
70,163989.03673783052,3.7772888617629485,0.4737964167390772,29.044736308875354,0.38961808621920346,35.0,20.0,32.33674216775834,125.99999988298863,24.044736308875358,29.044736308875358,SITE_SPEED_LIMIT,True
71,163803.87601065123,0.1083765148029836,0.33195033687514675,45.74218893886687,0.31931363759041487,50.0,20.0,46.37810216854757,150.0,40.742188938866875,45.742188938866875,SITE_SPEED_LIMIT,True
72,169269.8735553393,6.767699044243033,0.47255898022013176,26.71344273391891,0.08328441119525964,35.0,20.0,28.1816282895928,57.76280904818326,21.71344273391891,26.71344273391891,SITE_SPEED_LIMIT,True
73,159969.9130925015,6.725184560770384,0.577052665304047,38.8568538246956,0.7896181427945539,35.0,20.0,40.45885253650906,58.330626604668794,33.85685382469559,38.85685382469559,SITE_SPEED_LIMIT,True
74,158929.05693606133,9.309291056872926,0.6485759347106153,48.841169384048456,0.05587115467735004,100.0,20.0,42.771995037638426,36.955014186613276,43.841169384048456,48.841169384048456,SITE_SPEED_LIMIT,True
75,163454.5374540154,1.1706701642760586,0.3023021263434944,11.434625692377614,0.6182180633162611,35.0,13.253389344989023,13.253389344989023,150.0,6.434625692377615,11.434625692377615,STOPPING_DISTANCE,True
76,169019.0652568813,8.38480763763985,0.37790174614986066,24.17411637711235,0.39665160195425186,100.0,20.0,26.4636509205334,42.4383770563826,19.174116377112348,24.174116377112348,SITE_SPEED_LIMIT,True
77,162644.80847190839,0.8483771408519192,0.4309947785146421,49.3987810325529,0.3706421470668909,inf,20.0,49.21139578523285,150.0,44.39878103255289,49.39878103255289,SITE_SPEED_LIMIT,True
78,166160.2496867882,2.3668519368207876,0.5071610585874495,45.84621678568458,0.35021824670031354,inf,20.0,45.85862031094021,125.99999988298863,40.846216785684575,45.846216785684575,SITE_SPEED_LIMIT,True
79,154814.62032513932,9.06354385094736,0.2485250208581718,10.00388670377681,0.011353644767419069,inf,8.379727422823654,8.379727422823654,38.26444417867811,5.003886703776812,10.003886703776812,STOPPING_DISTANCE,True
80,172850.16140271336,5.714730252050106,0.5685181985880001,38.34382374098007,0.8227903518766931,100.0,20.0,40.75977475524359,76.99408002410085,33.343823740980056,38.343823740980056,SITE_SPEED_LIMIT,True
81,167596.73257120585,9.621725484745419,0.39999923019865125,21.86917607856668,0.8685991281894603,50.0,20.0,25.485757704267215,35.41798327591271,16.86917607856668,21.86917607856668,SITE_SPEED_LIMIT,True
82,172663.69456501288,4.363358316065559,0.6422652340639948,41.09491620620303,0.5560050386425845,100.0,20.0,42.34937759692025,125.99999988298863,36.09491620620304,41.09491620620304,SITE_SPEED_LIMIT,True
83,165348.2633225944,9.929647961193004,0.26077085688026413,8.320845413092949,0.969302535619099,50.0,7.517174049532327,7.517174049532327,34.02672021333128,3.320845413092949,8.320845413092949,STOPPING_DISTANCE,True
84,169917.52153179233,1.6621543190925292,0.20889878936788597,14.756409796392106,0.9958313750293707,50.0,16.85523170226606,16.85523170226606,150.0,9.756409796392104,14.756409796392104,STOPPING_DISTANCE,True
85,169361.60318360338,0.4544638034145787,0.3400822968153117,17.643343531650366,0.8902637838909163,inf,20.0,23.455495971772866,150.0,12.64334353165037,17.64334353165037,SITE_SPEED_LIMIT,True
86,165916.71002869177,1.0675606593588438,0.35938796636344794,20.104702915863342,0.6468483616687238,inf,20.0,25.2737028102142,150.0,15.104702915863339,20.10470291586334,SITE_SPEED_LIMIT,True
87,170163.0020200899,0.7773463696498484,0.645173760567861,48.847766344977494,0.6981617140197451,35.0,20.0,50.43910669502498,150.0,43.847766344977494,48.847766344977494,SITE_SPEED_LIMIT,True
88,155949.34337501993,2.797635071689457,0.5109736587081545,23.50430243924838,0.2709576425151299,35.0,20.0,27.005121597287594,125.99999988298863,18.50430243924838,23.50430243924838,SITE_SPEED_LIMIT,True
89,158398.8339648968,9.327284833540133,0.3158265345371663,43.97287502751838,0.026366974497252005,35.0,20.0,37.462529460104655,36.86276335995645,38.97287502751838,43.97287502751838,SITE_SPEED_LIMIT,True
90,174157.29382927177,7.776022837352255,0.6448501177329266,26.61665368398596,0.37673896993794076,50.0,20.0,28.769317817396654,47.0869277017191,21.616653683985966,26.616653683985966,SITE_SPEED_LIMIT,True
91,166704.61099279477,8.421189231357086,0.4640426059282396,42.724791712001206,0.4148195023376652,35.0,20.0,40.73742338251533,42.190709156133245,37.72479171200121,42.72479171200121,SITE_SPEED_LIMIT,True
92,164567.93246584194,0.13671964826997285,0.2883428794337824,8.391157715860803,0.5343462750294631,35.0,7.891613852866025,7.891613852866025,150.0,3.3911577158608033,8.391157715860803,STOPPING_DISTANCE,True
93,165026.21849859093,7.689874151805105,0.597376586737094,47.51445784470926,0.24734810174319766,50.0,20.0,43.625093525795485,47.83301863040776,42.514457844709256,47.514457844709256,SITE_SPEED_LIMIT,True
94,165234.9029688237,2.050453285065249,0.20494635940518174,16.31490977803093,0.20722764900805646,35.0,16.363879993671272,16.363879993671272,125.99999988298863,11.31490977803093,16.31490977803093,STOPPING_DISTANCE,True
95,170302.23407055234,3.5816271803284048,0.2843146391185599,10.110091648983307,0.5203077009037933,50.0,10.498332019469817,10.498332019469817,125.99999988298863,5.110091648983308,10.110091648983307,STOPPING_DISTANCE,True
96,172706.8549845909,8.313714900625012,0.31327714704261245,18.849975789697226,0.967973765439823,50.0,20.0,21.978769196161643,42.931206473372875,13.849975789697227,18.849975789697226,SITE_SPEED_LIMIT,True
97,163755.17925760464,1.3401522845064073,0.3010274511347238,6.295220434100254,0.6203095513534647,50.0,3.5726121136321196,3.5726121136321196,150.0,1.2952204341002538,6.295220434100254,STOPPING_DISTANCE,True
98,169857.85475477178,8.05044667519362,0.5160422992340522,45.64179764044818,0.9804627250923779,50.0,20.0,45.0974834253463,44.86545657802374,40.641797640448175,45.641797640448175,SITE_SPEED_LIMIT,True
99,156345.63448117216,4.374749220237291,0.4218894134581551,45.68714125221868,0.5139894891598108,inf,20.0,45.3967785414094,125.99999988298863,40.68714125221867,45.68714125221867,SITE_SPEED_LIMIT,True
100,172221.69395990905,9.10471278403273,0.25472045520300224,18.408175319387773,0.6976418714934634,35.0,18.499544468827764,18.499544468827764,38.03842665787787,13.40817531938777,18.40817531938777,STOPPING_DISTANCE,True
101,156483.08780322422,4.591357562382613,0.4724163328975044,49.101465887846466,0.3287516102875082,100.0,20.0,46.76589428452342,125.99999988298863,44.101465887846466,49.101465887846466,SITE_SPEED_LIMIT,True
102,164722.26150551692,5.796499344717384,0.48804219584992453,20.370344470544527,0.46011915898357203,inf,20.0,23.722826121878917,74.95924928750844,15.370344470544527,20.370344470544527,SITE_SPEED_LIMIT,True
103,159493.74047576444,3.456672833238632,0.4658865740920053,45.35547844577053,0.6675577385210272,50.0,20.0,46.35439199199388,125.99999988298863,40.35547844577054,45.35547844577054,SITE_SPEED_LIMIT,True
104,167438.36637461648,6.019353955409602,0.3143581273688898,15.073207965784427,0.34508262782238674,50.0,16.730230848107023,16.730230848107023,70.01857110243292,10.073207965784427,15.073207965784427,STOPPING_DISTANCE,True
105,164464.84820022722,2.063337184057925,0.4761960447991999,21.392143747163395,0.6903948286293653,35.0,20.0,26.626229254012667,125.99999988298863,16.3921437471634,21.3921437471634,SITE_SPEED_LIMIT,True
106,159823.78838790313,0.9229058622874609,0.5407246509836291,26.651542732533194,0.5116570135472612,100.0,20.0,31.568327759764678,150.0,21.651542732533194,26.651542732533194,SITE_SPEED_LIMIT,True
107,169256.77132300255,7.482596903836583,0.19186986466734204,13.30344587103698,0.370472102791382,50.0,11.777007310167335,11.777007310167335,49.7352041098103,8.303445871036981,13.303445871036981,STOPPING_DISTANCE,True
108,161898.18138732223,2.3611653311740435,0.4859430138907369,39.19799340219135,0.7205160613914648,50.0,20.0,42.65611760571381,125.99999988298863,34.19799340219135,39.19799340219135,SITE_SPEED_LIMIT,True
109,167882.78481527884,5.116774421156661,0.3375102039689216,28.945106836939203,0.44741236682345464,100.0,20.0,31.641642377238814,98.16404566448179,23.945106836939203,28.945106836939203,SITE_SPEED_LIMIT,True
110,166556.25077271767,3.971638325040825,0.29748104121876384,9.71911249396164,0.18228387847595806,100.0,9.241025761719628,9.241025761719628,125.99999988298863,4.719112493961641,9.719112493961642,STOPPING_DISTANCE,True
111,159693.68683526706,3.2749735217791462,0.328105456147979,10.389295931866304,0.5935924535540487,inf,11.553104952280469,11.553104952280469,125.99999988298863,5.389295931866304,10.389295931866304,STOPPING_DISTANCE,True
112,161728.1332694349,3.5510430327930473,0.4678537356139876,34.19702781312092,0.5841994847141693,50.0,20.0,37.56619156693832,125.99999988298863,29.19702781312091,34.19702781312091,SITE_SPEED_LIMIT,True
113,172615.62038634828,4.316595462296794,0.2067551811597449,10.74111362580037,0.3630822963986351,50.0,10.039160012162181,10.039160012162181,125.99999988298863,5.74111362580037,10.74111362580037,STOPPING_DISTANCE,True
114,167694.5502184233,6.075552222935729,0.24964953956978803,15.995891995909453,0.330348481280914,35.0,16.31751394687695,16.31751394687695,68.8915173691884,10.995891995909453,15.995891995909453,STOPPING_DISTANCE,True
115,163192.88580286512,1.5285913918433203,0.18213627465191112,16.068097777302867,0.18656702405130576,50.0,15.634231091066319,15.634231091066319,150.0,11.068097777302867,16.068097777302867,STOPPING_DISTANCE,True
116,163807.5331630797,8.058648867411435,0.3184628070596363,7.504407021063891,0.051635477874512836,100.0,5.229178875719481,5.229178875719481,44.80243963759393,2.504407021063891,7.504407021063891,STOPPING_DISTANCE,True
117,166352.2841288992,1.1203890216805235,0.6393146516463791,22.903501957058374,0.8655071258939803,50.0,20.0,29.235026141714535,150.0,17.903501957058367,22.903501957058367,SITE_SPEED_LIMIT,True
118,164748.80945275433,9.750671629451425,0.5530136338176215,27.0836950666453,0.8208614731533526,50.0,20.0,29.953252867810537,34.82135401021689,22.0836950666453,27.0836950666453,SITE_SPEED_LIMIT,True
119,175216.60244841152,2.7997909366028417,0.36546531199513316,39.62718199363716,0.3236792364042437,100.0,20.0,41.02379186880348,125.99999988298863,34.627181993637166,39.627181993637166,SITE_SPEED_LIMIT,True
120,173098.06077718656,1.9950692733831976,0.48544400811339083,38.13112326643197,0.7072300956444445,50.0,20.0,41.94220877815844,150.0,33.13112326643197,38.13112326643197,SITE_SPEED_LIMIT,True
121,168192.96229388687,1.5436271527420231,0.4864063013930551,26.651304583466786,0.05182353682242691,50.0,20.0,29.540031679893033,150.0,21.65130458346679,26.65130458346679,SITE_SPEED_LIMIT,True
122,156692.3996886552,4.5426797221909965,0.4921226929611421,29.687140307216893,0.20173046233023584,inf,20.0,31.90241720469735,125.99999988298863,24.687140307216904,29.687140307216904,SITE_SPEED_LIMIT,True
123,161990.15660551807,6.8150272222392925,0.5084735592127455,39.210253695035895,0.47157618855015837,100.0,20.0,39.397020589592124,57.14479618895799,34.2102536950359,39.2102536950359,SITE_SPEED_LIMIT,True
124,168801.2554731768,7.942894499664624,0.3201454920032909,9.801466255104623,0.7459745255487181,50.0,10.379223960261672,10.379223960261672,45.70933788556606,4.801466255104625,9.801466255104625,STOPPING_DISTANCE,True
125,166855.72936685654,9.383404568210379,0.1632992534733555,13.155487977454706,0.741120649290059,50.0,10.330177239314697,10.330177239314697,36.57807750921698,8.155487977454706,13.155487977454706,STOPPING_DISTANCE,True
126,161980.0740664209,0.4809464396408769,0.5897793105121222,40.16815167881367,0.7505019247653135,inf,20.0,44.4566048900524,150.0,35.16815167881367,40.16815167881367,SITE_SPEED_LIMIT,True
127,163407.6074467483,8.14574720231382,0.4830728986691918,34.933874931329,0.3588304841235025,35.0,20.0,35.211775530296265,44.144538773037496,29.933874931329,34.933874931329,SITE_SPEED_LIMIT,True
128,163404.7148946683,5.883066757950567,0.4581820104546638,35.73419285377096,0.713782454855326,inf,20.0,38.25441065133335,72.94298404265194,30.73419285377097,35.73419285377097,SITE_SPEED_LIMIT,True
129,155646.0403948707,7.476093801762511,0.38127444330138605,27.62241755416156,0.8995745732745685,100.0,20.0,31.6628267695995,49.79749019723386,22.622417554161558,27.622417554161558,SITE_SPEED_LIMIT,True
130,163242.43257979344,5.31857479688174,0.19580507818495926,7.997860057586763,0.5428493106134089,50.0,6.219935077811335,6.219935077811335,89.32903724458069,2.997860057586763,7.997860057586763,STOPPING_DISTANCE,True
131,165825.9719006029,3.3490561465708613,0.3088050378540592,11.267243269852425,0.6200727559285135,inf,12.799876980994092,12.799876980994092,125.99999988298863,6.267243269852425,11.267243269852425,STOPPING_DISTANCE,True
132,167844.6833723482,7.414609111390455,0.6491924155733452,30.79178821658249,0.7524031200388227,35.0,20.0,33.79105741953399,50.3947024135664,25.79178821658249,30.79178821658249,SITE_SPEED_LIMIT,True
133,169151.67908272124,0.3353243473577938,0.5668605400092417,30.645035819209244,0.8767656367617495,35.0,20.0,37.130089382207295,150.0,25.645035819209248,30.645035819209248,SITE_SPEED_LIMIT,True
134,160719.58087045565,1.0291603074414502,0.4325875479449205,29.141660816806763,0.45700021928167833,inf,20.0,33.63401662023585,150.0,24.141660816806763,29.141660816806763,SITE_SPEED_LIMIT,True
135,171434.87481924798,1.4991742734877378,0.29445051367861325,15.316312785468867,0.7200365365460744,100.0,18.742983832359588,18.742983832359588,150.0,10.316312785468865,15.316312785468865,STOPPING_DISTANCE,True
136,162776.8122087718,5.9844270120522705,0.5506626761565332,30.447875629533822,0.5990293647773265,inf,20.0,33.525885162601696,70.74123799335214,25.44787562953382,30.44787562953382,SITE_SPEED_LIMIT,True
137,156106.3987554786,4.620058036441327,0.35367299109062805,47.62775028253169,0.5862298320167972,50.0,20.0,46.88199665367897,125.99999988298863,42.62775028253169,47.62775028253169,SITE_SPEED_LIMIT,True
138,172480.2215574459,1.007946030158865,0.2952191172124802,16.5206989334148,0.5929629052588216,inf,19.924101123763513,19.924101123763513,150.0,11.5206989334148,16.5206989334148,STOPPING_DISTANCE,True
139,173910.8180926804,9.224993811772958,0.35338866501999144,36.82573854410293,0.5762883601668132,50.0,20.0,36.79947325445613,37.39362076956779,31.825738544102933,36.82573854410293,SITE_SPEED_LIMIT,True
140,167951.37309530895,0.6892153936721879,0.17084939321036188,8.479447946995426,0.8404396319804229,100.0,7.709802738573514,7.709802738573514,150.0,3.4794479469954265,8.479447946995426,STOPPING_DISTANCE,True
141,160051.97589870708,9.848411989623346,0.34363193842114337,42.75041389006704,0.9208418826173723,100.0,20.0,41.05027531461481,34.38272238682956,37.75041389006702,42.75041389006702,SITE_SPEED_LIMIT,True
142,164371.06539950176,3.114442640456412,0.2715788787588517,15.232802939470067,0.37930569838554884,35.0,16.835801563880423,16.835801563880423,125.99999988298863,10.232802939470067,15.232802939470067,STOPPING_DISTANCE,True
143,170354.98233602627,0.04632023004602859,0.43935904275683013,20.007462726101487,0.5373956029379229,100.0,20.0,24.958265027917733,150.0,15.007462726101483,20.007462726101483,SITE_SPEED_LIMIT,True
144,162085.99699293502,9.229602317984849,0.46829294233117574,25.956505504346595,0.9184547249393011,inf,20.0,29.550491335556025,37.36936454694719,20.956505504346595,25.956505504346595,SITE_SPEED_LIMIT,True
145,163702.04324318198,1.4085702037979986,0.24967355454789592,12.937414392780049,0.4189254495045479,inf,14.102952235789884,14.102952235789884,150.0,7.93741439278005,12.937414392780049,STOPPING_DISTANCE,True
146,157484.28523440947,3.114731711327574,0.39715551042029634,40.122306839573945,0.22009721408109706,50.0,20.0,40.81211392100604,125.99999988298863,35.12230683957395,40.12230683957395,SITE_SPEED_LIMIT,True
147,159914.03914727306,9.610703174694551,0.23292482474540474,11.689822748890084,0.08534966807864386,35.0,10.116988049808743,10.116988049808743,35.46996253397317,6.689822748890084,11.689822748890084,STOPPING_DISTANCE,True
148,167583.34654324062,1.844628714188561,0.21198738525372218,18.48181602949147,0.3973181154575979,100.0,19.16938673119447,19.16938673119447,150.0,13.481816029491466,18.481816029491466,STOPPING_DISTANCE,True
149,165990.42380383928,2.0513964048200717,0.15730993356961898,13.580947429864995,0.47206694510999925,inf,12.921691781639135,12.921691781639135,125.99999988298863,8.580947429864999,13.580947429864999,STOPPING_DISTANCE,True
150,164278.19794038028,5.874536042340743,0.29281183995796567,18.23201056494372,0.5276477301447858,50.0,20.0,20.275013303296994,73.13583913754674,13.23201056494372,18.23201056494372,SITE_SPEED_LIMIT,True
151,154608.11672540527,5.596403313082179,0.1863856260990542,11.985811066882063,0.8617856210135173,100.0,11.685631252525534,11.685631252525534,80.19800035994501,6.985811066882063,11.985811066882064,STOPPING_DISTANCE,True
152,158796.79961156214,7.5324622074745085,0.3294860819637768,17.253583462413474,0.5265784666592938,35.0,19.66414028794172,19.66414028794172,49.26304943148046,12.253583462413474,17.253583462413474,STOPPING_DISTANCE,True
153,169678.3919657373,0.2709599250348349,0.19621495931761426,14.988747286982726,0.6718927435987284,35.0,16.350116504063074,16.350116504063074,150.0,9.988747286982727,14.988747286982727,STOPPING_DISTANCE,True
154,171357.77547497078,5.950489797004206,0.49930523121722514,20.267206065328594,0.887460482513503,inf,20.0,25.10225149104929,71.46059767495842,15.267206065328597,20.267206065328597,SITE_SPEED_LIMIT,True
155,163246.59236060607,2.4317219099945406,0.5994937638372,37.50201193350466,0.8302198645669916,inf,20.0,41.80231443400352,125.99999988298863,32.50201193350466,37.50201193350466,SITE_SPEED_LIMIT,True
156,163853.91974223204,9.444097255772734,0.2312784616547044,11.348683194997111,0.3239900611067996,50.0,10.115863814494931,10.115863814494931,36.27525770466776,6.34868319499711,11.348683194997111,STOPPING_DISTANCE,True
157,166630.66511121058,4.214245505924979,0.5861052466084543,45.17022699846387,0.34181735169787597,50.0,20.0,44.39251352285339,125.99999988298863,40.17022699846387,45.17022699846387,SITE_SPEED_LIMIT,True
158,158744.43211807348,8.251073314226598,0.31197983878718516,21.337664548779074,0.8306545065652498,35.0,20.0,23.941031850771797,43.37546774771066,16.337664548779074,21.337664548779074,SITE_SPEED_LIMIT,True
159,171233.47368264795,4.361265291353167,0.3396906613924313,18.250959179386296,0.7636057941597608,inf,20.0,22.67165215707969,125.99999988298863,13.250959179386296,18.250959179386296,SITE_SPEED_LIMIT,True
160,154150.61156479572,1.1423792592039683,0.6448785592846071,30.459947898495223,0.4710654526938144,inf,20.0,34.84314579307453,150.0,25.459947898495216,30.459947898495216,SITE_SPEED_LIMIT,True
161,163181.93893893072,2.686773593849461,0.5217173769391515,29.373539659739013,0.2578876854332023,50.0,20.0,32.47366826529044,125.99999988298863,24.373539659739016,29.373539659739016,SITE_SPEED_LIMIT,True
162,164715.27188139467,6.450541677693295,0.34629667389386565,23.97667705489768,0.9005723012363857,50.0,20.0,28.62609302613933,62.32006367962807,18.976677054897685,23.976677054897685,SITE_SPEED_LIMIT,True
163,156852.03507011838,5.541780025157934,0.5904096312975207,34.31391747583389,0.2064212717606032,50.0,20.0,35.30792578715903,81.79592679496852,29.31391747583389,34.31391747583389,SITE_SPEED_LIMIT,True
164,167759.3182765475,1.40018538660449,0.20329967867417642,16.86577111855774,0.7321845784590624,50.0,18.328411661243244,18.328411661243244,150.0,11.865771118557738,16.86577111855774,STOPPING_DISTANCE,True
165,173327.37222231287,1.753712786234496,0.4465696837122256,46.14853756662319,0.38313852824949746,50.0,20.0,46.53371454982152,150.0,41.1485375666232,46.1485375666232,SITE_SPEED_LIMIT,True
166,170071.85032509067,4.2203605955068735,0.6355195120596272,20.924211945256225,0.1843709206789632,35.0,20.0,23.731254817171727,125.99999988298863,15.924211945256225,20.924211945256225,SITE_SPEED_LIMIT,True
167,157828.17516420578,3.8929561404197655,0.22113454329298982,17.991218154681494,0.7190459051842455,100.0,19.082944628036202,19.082944628036202,125.99999988298863,12.991218154681492,17.99121815468149,STOPPING_DISTANCE,True
168,167905.11004932993,6.104046670079576,0.43882728056821896,47.71880586759946,0.9540869365396331,50.0,20.0,47.62308955623292,68.33610910233111,42.71880586759947,47.71880586759947,SITE_SPEED_LIMIT,True
169,160708.21109909393,0.3118313506128467,0.26901558614005094,16.80188199349213,0.05142581348425035,50.0,18.24397631581731,18.24397631581731,150.0,11.801881993492133,16.80188199349213,STOPPING_DISTANCE,True
170,168501.54939704496,9.55236312723479,0.27466651018099814,11.96024633974563,0.4742373087003696,35.0,11.882534070626763,11.882534070626763,35.74772365193816,6.960246339745632,11.960246339745632,STOPPING_DISTANCE,True
171,165899.2270936403,4.954913162061985,0.4521895685113112,35.978107839248125,0.2464020332391068,100.0,20.0,36.99197541973701,107.76535708878191,30.97810783924811,35.97810783924811,SITE_SPEED_LIMIT,True
172,163325.73863811942,0.7776534407895708,0.34353987764141725,5.1052725781600214,0.005253818558384915,inf,0.2599628243980361,0.2599628243980361,150.0,0.10527257816002171,5.1052725781600214,STOPPING_DISTANCE,True
173,161364.31412087567,9.173135754622429,0.3400474707641605,11.156838391353263,0.44600577295795574,100.0,11.779619704364068,11.779619704364068,37.668831039704386,6.156838391353263,11.156838391353263,STOPPING_DISTANCE,True
174,163762.40682224248,0.8670521186218361,0.5654373448809885,48.117685685176866,0.6389493853342618,35.0,20.0,49.590329220773306,150.0,43.117685685176866,48.117685685176866,SITE_SPEED_LIMIT,True
175,171431.343067023,8.491956515653193,0.24788499272862807,16.235060398663368,0.22120944181960223,50.0,15.533127914795644,15.533127914795644,41.71748710010202,11.235060398663364,16.235060398663364,STOPPING_DISTANCE,True
176,170311.04925456856,0.5159580665871,0.31545790319853506,35.146285904751764,0.588263756969931,35.0,20.0,38.58156280131128,150.0,30.146285904751764,35.146285904751764,SITE_SPEED_LIMIT,True
177,166357.89418597685,9.154882975880419,0.289484053449368,6.527569036360948,0.29734900737255077,inf,3.5585976330225026,3.5585976330225026,37.766697475947446,1.527569036360948,6.527569036360948,STOPPING_DISTANCE,True
178,158616.25712089846,1.1528202124728437,0.5783696432856842,23.979319687873062,0.7450645481202204,inf,20.0,29.83295221360499,150.0,18.979319687873065,23.979319687873065,SITE_SPEED_LIMIT,True
179,162672.74908797973,8.289154741506774,0.2692539756964106,6.665343562197168,0.23000883728770305,inf,3.7377973412241663,3.7377973412241663,43.10425224568696,1.6653435621971675,6.665343562197167,STOPPING_DISTANCE,True
180,169432.58706284527,4.810618838440864,0.4855927964222151,44.82492604354765,0.4410321617481616,100.0,20.0,44.25597068118213,120.61934584792702,39.82492604354766,44.82492604354766,SITE_SPEED_LIMIT,True
181,164065.64177919322,5.394912923753372,0.4115633760262245,40.58254241775336,0.6258913764370091,inf,20.0,41.73973570715835,86.54512406665833,35.58254241775336,40.58254241775336,SITE_SPEED_LIMIT,True
182,162801.34470862913,4.268170566548644,0.4461271294097623,44.44994200381023,0.4619428505755876,50.0,20.0,44.377893421970874,125.99999988298863,39.44994200381023,44.44994200381023,SITE_SPEED_LIMIT,True
183,168566.99795102724,7.987832357736654,0.42274913540809855,49.90703497400018,0.7671882889311269,35.0,20.0,46.98090798867864,45.35272023227067,44.9070349740002,49.9070349740002,SITE_SPEED_LIMIT,True
184,165235.08606561873,0.3759677320626087,0.5032650225295647,26.590159708542714,0.2716869710690041,35.0,20.0,30.673597275236567,150.0,21.590159708542714,26.590159708542714,SITE_SPEED_LIMIT,True
185,162772.48739299615,4.213570022770702,0.3835720010189058,38.19120357150012,0.11047411313139466,50.0,20.0,38.443997873980145,125.99999988298863,33.191203571500125,38.191203571500125,SITE_SPEED_LIMIT,True
186,172266.9223855885,2.970028764548822,0.5504436603319847,43.37698197613556,0.5891085344708948,inf,20.0,44.8620038955837,125.99999988298863,38.37698197613555,43.37698197613555,SITE_SPEED_LIMIT,True
187,155331.6084944622,6.796472826930699,0.33999223679004503,14.821424953927888,0.786345014415552,100.0,18.026331061871325,18.026331061871325,57.38534511756151,9.821424953927886,14.821424953927886,STOPPING_DISTANCE,True
188,158963.02084176813,5.885542289732454,0.6094696423460261,49.20487317860367,0.600798446442198,50.0,20.0,47.21568231436602,72.88724848564716,44.204873178603656,49.204873178603656,SITE_SPEED_LIMIT,True
189,159386.3898921885,9.911686261369766,0.3385463548270251,15.425226562254952,0.6496466489923685,35.0,17.540917169905097,17.540917169905097,34.104779199175546,10.425226562254956,15.425226562254956,STOPPING_DISTANCE,True
190,166912.04873092024,8.306425177506245,0.1593890714295626,10.415244291574817,0.38409061149124957,35.0,7.850722864596663,7.850722864596663,42.98241673272104,5.415244291574816,10.415244291574815,STOPPING_DISTANCE,True
191,167776.88408403454,3.501252591667301,0.34382052602816227,7.6029204453528365,0.8837858849634257,100.0,7.105388699714571,7.105388699714571,125.99999988298863,2.602920445352837,7.6029204453528365,STOPPING_DISTANCE,True
192,161885.64751788357,5.97274072430341,0.39108167878303457,28.62641753871207,0.5152479243147259,50.0,20.0,31.66508329707678,70.98700165059418,23.626417538712076,28.626417538712076,SITE_SPEED_LIMIT,True
193,160838.22213447886,8.158331249906178,0.1947635229645246,15.09982573264973,0.5369744228934136,35.0,13.499072862694822,13.499072862694822,44.051153872199365,10.09982573264973,15.09982573264973,STOPPING_DISTANCE,True
194,167357.07778193202,8.9492144122784,0.4601012342207976,43.70570673880657,0.3911697660803798,100.0,20.0,40.99107020225108,38.90695219773799,38.70570673880658,43.70570673880658,SITE_SPEED_LIMIT,True
195,167717.49551394672,5.5085737060913935,0.23169064261413974,8.914404196013457,0.372688517012314,inf,7.688204319652601,7.688204319652601,82.80870231147853,3.9144041960134572,8.914404196013457,STOPPING_DISTANCE,True
196,170418.04826952735,6.957142928497502,0.2565205038801524,7.195261175292789,0.9621219725920498,inf,5.740578753802522,5.740578753802522,55.372839447967706,2.195261175292788,7.195261175292789,STOPPING_DISTANCE,True
197,162411.94350481915,8.512069140487688,0.4682053020643268,27.281593715628844,0.5924077846595176,50.0,20.0,29.822573155958022,41.58500448871404,22.281593715628844,27.281593715628844,SITE_SPEED_LIMIT,True
198,166118.9397581945,5.713189419195741,0.49032261779908975,34.79504045479541,0.8644928803073485,35.0,20.0,38.22970148226359,77.03374406967313,29.79504045479541,34.79504045479541,SITE_SPEED_LIMIT,True
199,166200.11368842522,6.584518346584255,0.6035529703359308,43.276177809240885,0.7083629767150348,100.0,20.0,43.3135211953724,60.30058951500805,38.27617780924088,43.27617780924088,SITE_SPEED_LIMIT,True
200,166527.77160188628,2.386900313010175,0.3370419328400044,46.85406577293824,0.6989907380395877,inf,20.0,47.80065898858777,125.99999988298863,41.85406577293823,46.85406577293823,SITE_SPEED_LIMIT,True
201,164164.40959841572,3.351188542591419,0.3562659636169079,38.45787153312235,0.8179670241190622,50.0,20.0,42.039172186466814,125.99999988298863,33.45787153312234,38.45787153312234,SITE_SPEED_LIMIT,True
202,165733.56843216662,7.566358037849347,0.1886265729174586,16.64097488140586,0.08409822446798465,100.0,14.072141739223321,14.072141739223321,48.947501598335805,11.640974881405857,16.640974881405857,STOPPING_DISTANCE,True
203,165123.2104921429,2.5980358106415977,0.48899488290054943,33.53025663948251,0.7798453951511436,50.0,20.0,38.275142840362925,125.99999988298863,28.530256639482502,33.5302566394825,SITE_SPEED_LIMIT,True
204,165449.78074063396,2.833429482655816,0.23644815677850245,5.829247343219786,0.8401215027412188,inf,2.51321075058312,2.51321075058312,125.99999988298863,0.8292473432197869,5.829247343219787,STOPPING_DISTANCE,True
205,168039.4825485827,1.0250972799067926,0.5407600028052847,47.1752819256403,0.0678370591051719,100.0,20.0,46.190970709933694,150.0,42.17528192564031,47.17528192564031,SITE_SPEED_LIMIT,True
206,165933.0456157818,1.6637758693227234,0.5480002016109202,39.6942931639461,0.4735738884350885,50.0,20.0,42.24835315447646,150.0,34.69429316394609,39.69429316394609,SITE_SPEED_LIMIT,True
207,162599.34066152075,8.715368061523762,0.6391072493499921,48.80700361298286,0.7496518317429247,100.0,20.0,45.737098113226295,40.2933995404467,43.80700361298287,48.80700361298287,SITE_SPEED_LIMIT,True
208,165639.01348683392,5.943958592285453,0.32296915060090453,22.26255171825298,0.821512947407441,100.0,20.0,26.099056017497432,71.60104290995747,17.262551718252976,22.262551718252976,SITE_SPEED_LIMIT,True
209,172827.6201461717,6.832953766065052,0.39576933319858304,25.065621786953674,0.9971245001577111,35.0,20.0,29.997866742323083,56.91447452198714,20.065621786953667,25.065621786953667,SITE_SPEED_LIMIT,True
210,164671.24869463505,1.0219361969371898,0.48445843367415176,43.43943985077047,0.8259207657998966,100.0,20.0,47.036025180036994,150.0,38.43943985077047,43.43943985077047,SITE_SPEED_LIMIT,True
211,170609.26594713423,2.7325952699820935,0.35287026212331507,47.788860301268464,0.4323348010426019,35.0,20.0,47.37707295857277,125.99999988298863,42.78886030126847,47.78886030126847,SITE_SPEED_LIMIT,True
212,171552.71912346105,9.095245109478183,0.637582165294573,43.58120414416244,0.7600940784380972,35.0,20.0,42.210290497072805,38.090159255973994,38.58120414416244,43.58120414416244,SITE_SPEED_LIMIT,True
213,164772.06991822252,8.940992036791345,0.19262094080501665,15.347957265098879,0.03113408288451136,35.0,12.550883107426449,12.550883107426449,38.95402306292206,10.347957265098877,15.347957265098877,STOPPING_DISTANCE,True
214,166216.69724661345,7.1492404020224765,0.4650363610358794,30.32376288545222,0.5432328057899581,inf,20.0,32.732987142245356,53.158584415353836,25.323762885452226,30.323762885452226,SITE_SPEED_LIMIT,True
215,166348.34678698535,7.765968527917417,0.5956741298409107,39.69148300898234,0.7610239909429989,100.0,20.0,40.36618162326637,47.17273424427957,34.69148300898233,39.69148300898233,SITE_SPEED_LIMIT,True
216,163849.71782201808,7.967978278640276,0.3323672069919822,18.237558800456505,0.9675112636137777,inf,20.0,22.050728245428534,45.50955454755575,13.237558800456505,18.237558800456505,SITE_SPEED_LIMIT,True
217,164551.32152856386,1.1730818896239448,0.2871130574457943,10.63336064911477,0.4303058948994627,50.0,11.376321878941026,11.376321878941026,150.0,5.63336064911477,10.63336064911477,STOPPING_DISTANCE,True
218,172200.58607724737,2.2554014244373546,0.2803038933604529,12.237146108518553,0.3259254639520749,50.0,13.237517238910428,13.237517238910428,125.99999988298863,7.237146108518554,12.237146108518555,STOPPING_DISTANCE,True
219,161826.9748235332,4.552201490818012,0.16448937755891177,5.522924295864529,0.3924935564066848,50.0,1.3499994771888315,1.3499994771888315,125.99999988298863,0.5229242958645292,5.522924295864529,STOPPING_DISTANCE,True
220,169978.76118340678,9.7469985187069,0.5299443501475726,37.48494325671208,0.7570592676112233,inf,20.0,37.68992398778269,34.838062765561055,32.48494325671207,37.48494325671207,SITE_SPEED_LIMIT,True
221,160165.11928435395,2.4204501586252745,0.3498734400155296,49.39981669702159,0.49888815345135606,50.0,20.0,48.947006223983685,125.99999988298863,44.399816697021606,49.399816697021606,SITE_SPEED_LIMIT,True
222,164761.44321929011,2.103495799188686,0.5715316575275347,20.570745544017782,0.9412375042323865,35.0,20.0,26.734465429289997,125.99999988298863,15.570745544017786,20.570745544017786,SITE_SPEED_LIMIT,True
223,160618.40666012908,3.5062693120918076,0.16571569943100414,6.494139895611495,0.39692327620159606,50.0,3.410305486101922,3.410305486101922,125.99999988298863,1.494139895611495,6.494139895611495,STOPPING_DISTANCE,True
224,165188.3011658397,9.774663863147858,0.28863878816453614,14.038659043803237,0.8214407280098664,50.0,15.286118955683893,15.286118955683893,34.71261932406575,9.038659043803237,14.038659043803237,STOPPING_DISTANCE,True
225,171996.77718293,0.3158614482564204,0.31818994927801536,47.12955108096604,0.5412963353010705,50.0,20.0,47.53588870524377,150.0,42.12955108096604,47.12955108096604,SITE_SPEED_LIMIT,True
226,169623.16841456384,9.352018152994596,0.5188566310748818,47.63077081839674,0.7834227259416147,100.0,20.0,44.70885757197899,36.73673345748336,42.63077081839672,47.63077081839672,SITE_SPEED_LIMIT,True
227,165572.6668310773,8.172977699624937,0.5252521933187837,25.354322803323505,0.5264026609361132,50.0,20.0,28.03860731718045,43.942983648888784,20.354322803323512,25.354322803323512,SITE_SPEED_LIMIT,True
228,169750.72735499416,4.386072164895384,0.5076475269085625,37.61719519433262,0.6502941858734539,35.0,20.0,40.15504212830257,125.99999988298863,32.61719519433262,37.61719519433262,SITE_SPEED_LIMIT,True
229,163398.26345902839,9.758652558191313,0.36374127049104477,20.160310629699808,0.7896985071424791,100.0,20.0,23.5009673087349,34.78510599453003,15.160310629699808,20.160310629699808,SITE_SPEED_LIMIT,True
230,167120.8297320096,0.4366165770736119,0.15417222785830761,12.275264486606119,0.6532630192373301,35.0,12.21777825498403,12.21777825498403,150.0,7.275264486606119,12.275264486606119,STOPPING_DISTANCE,True
231,159360.86389749346,6.802282424312914,0.1561305004411612,8.248928404062912,0.2576828885112137,inf,5.604506316869288,5.604506316869288,57.309788068793715,3.2489284040629123,8.248928404062912,STOPPING_DISTANCE,True
232,167821.38694013367,1.7419333657825364,0.4455675781514293,48.23512481691396,0.8462452920190493,35.0,20.0,50.17815405596673,150.0,43.23512481691395,48.23512481691395,SITE_SPEED_LIMIT,True
233,158871.1716849883,9.876495637360579,0.3234062992244897,6.804913613561712,0.5786754085723934,inf,4.51879095597294,4.51879095597294,34.25878675382585,1.804913613561712,6.8049136135617125,STOPPING_DISTANCE,True
234,157678.1255989509,0.2939444575650729,0.51216604974641,22.798182643205685,0.5977235652558643,inf,20.0,28.21784837044461,150.0,17.798182643205685,22.798182643205685,SITE_SPEED_LIMIT,True
235,156835.2385972901,5.923503285933622,0.3737317661519833,46.05635055275109,0.6229665835634828,inf,20.0,45.22308539264122,72.04520589474592,41.0563505527511,46.0563505527511,SITE_SPEED_LIMIT,True
236,162136.15787725738,8.359980637812095,0.3052000414070859,15.610644228164444,0.4053101830857434,50.0,16.773947852010036,16.773947852010036,42.60913595851512,10.610644228164443,15.610644228164443,STOPPING_DISTANCE,True
237,162248.4742307729,9.713950940416396,0.3208770186739158,13.14396287192704,0.4922778564480348,50.0,14.139365080609698,14.139365080609698,34.989140355549765,8.143962871927037,13.143962871927037,STOPPING_DISTANCE,True
238,161641.88316030975,0.9739339255355217,0.5075214399411236,23.225935958614468,0.5794148993435008,inf,20.0,28.41140155821945,150.0,18.22593595861447,23.22593595861447,SITE_SPEED_LIMIT,True
239,159222.15975947143,3.910815366517607,0.39034670144539463,48.62355450508794,0.6567366645412922,100.0,20.0,48.27751796692561,125.99999988298863,43.62355450508794,48.62355450508794,SITE_SPEED_LIMIT,True
240,166596.11671097775,5.884126333406055,0.4388309217202467,31.94212910450484,0.23702785710833618,100.0,20.0,33.41139775033648,72.91911559570583,26.942129104504843,31.942129104504843,SITE_SPEED_LIMIT,True
241,165384.10945530128,3.3700317643128628,0.45081063328163207,42.299751464717424,0.2487142725876299,100.0,20.0,42.40397600382256,125.99999988298863,37.29975146471743,42.29975146471743,SITE_SPEED_LIMIT,True
242,158585.03887905716,9.485833548514337,0.2218501495832491,16.363750193393866,0.3793585899224238,100.0,14.748129930945241,14.748129930945241,36.070002681054184,11.363750193393866,16.363750193393866,STOPPING_DISTANCE,True
243,169235.39504992517,4.746308757498139,0.5819845535325185,42.987670203613874,0.5853543643967521,100.0,20.0,43.62611800160109,125.99999988298863,37.98767020361388,42.98767020361388,SITE_SPEED_LIMIT,True
244,171112.5045744344,5.581402495938629,0.3119657180787054,29.295762777599563,0.9866929803571616,35.0,20.0,32.6671173369919,80.62876390490683,24.295762777599563,29.295762777599563,SITE_SPEED_LIMIT,True
245,168638.1477181849,0.39343540668509647,0.24043980565668704,10.494946130451206,0.9338750175279049,35.0,12.010878539049862,12.010878539049862,150.0,5.494946130451206,10.494946130451206,STOPPING_DISTANCE,True
246,165259.7294290365,1.0330895712401567,0.5408727530533084,31.310181519916494,0.397378988464401,50.0,20.0,35.31495025082829,150.0,26.31018151991649,31.31018151991649,SITE_SPEED_LIMIT,True
247,165696.71296810632,8.679182945200221,0.4804586100027376,25.46329350352366,0.4888465802569202,inf,20.0,27.82675273740229,40.51715991195292,20.46329350352366,25.46329350352366,SITE_SPEED_LIMIT,True
248,167262.67445910667,5.322449888262991,0.17654293076385547,10.658368031299197,0.14354236203939286,50.0,8.917852863135511,8.917852863135511,89.18162702489644,5.658368031299196,10.658368031299197,STOPPING_DISTANCE,True
249,168063.86952531285,9.699120461072704,0.2845204236450253,9.225532210523827,0.44375021930457115,35.0,8.312920873042383,8.312920873042383,35.05737787518651,4.225532210523827,9.225532210523827,STOPPING_DISTANCE,True
250,159732.92218413172,9.63346832820399,0.28232647007422934,16.488793612779432,0.9786312874005304,100.0,18.12470464994867,18.12470464994867,35.36277871649713,11.48879361277943,16.488793612779432,STOPPING_DISTANCE,True
251,164845.5618221421,6.178472402012138,0.4997134113235904,44.10072430154232,0.03038705969683686,inf,20.0,41.39159467031834,66.93328578460961,39.100724301542314,44.100724301542314,SITE_SPEED_LIMIT,True
252,175017.03633591052,7.9551037169640315,0.5102133398911827,46.34050086470769,0.9408753563380648,50.0,20.0,45.45239807926247,45.611866011656815,41.34050086470768,46.34050086470768,SITE_SPEED_LIMIT,True
253,173167.15766150548,1.0659303030799072,0.6497948040197333,34.60303870713662,0.04821203886055603,35.0,20.0,36.61397611865685,150.0,29.603038707136612,34.60303870713661,SITE_SPEED_LIMIT,True
254,159268.27303490657,8.664386675276454,0.5633497169154504,49.70016218113828,0.09048169528705075,100.0,20.0,43.80749466011234,40.60940207976849,44.70016218113828,49.70016218113828,SITE_SPEED_LIMIT,True
255,167822.01493946632,4.0414032165103295,0.28351867711271694,19.71649227034574,0.8078459419412586,50.0,20.0,22.97906395593956,125.99999988298863,14.71649227034574,19.71649227034574,SITE_SPEED_LIMIT,True
256,166777.75314837176,8.778911590413275,0.32378012510811416,19.273807254442936,0.3756722518817265,50.0,20.0,20.799072145176694,39.906608165614315,14.273807254442938,19.273807254442936,SITE_SPEED_LIMIT,True
257,164134.64087858066,3.2458582990027027,0.4386604420632394,21.490769069212906,0.6954672066898622,inf,20.0,26.436086634583454,125.99999988298863,16.490769069212902,21.490769069212902,SITE_SPEED_LIMIT,True
258,165077.89523790733,5.484997216514768,0.49099041097341567,31.841846374343973,0.44441945275120154,50.0,20.0,34.278259332344426,83.54812429424373,26.841846374343966,31.841846374343966,SITE_SPEED_LIMIT,True
259,165848.4689617601,6.682127985550163,0.4622229153302003,32.87706557043265,0.3797857801792298,50.0,20.0,34.36581668908242,58.91836324039847,27.87706557043265,32.87706557043265,SITE_SPEED_LIMIT,True
260,161499.42063397495,9.514785596659912,0.6199827805830145,43.122531261765836,0.8137662883195864,35.0,20.0,41.85143007851068,35.92902106594296,38.12253126176584,43.12253126176584,SITE_SPEED_LIMIT,True
261,158052.137666182,5.801723692273323,0.5127667824777056,29.01211460270953,0.7648832615421283,50.0,20.0,33.03208963935309,74.83371293898672,24.01211460270953,29.01211460270953,SITE_SPEED_LIMIT,True
262,156773.00626521555,7.468757161358227,0.482431946369867,37.19709081946735,0.8223934188170581,100.0,20.0,38.98064239525594,49.867959591709074,32.19709081946734,37.19709081946734,SITE_SPEED_LIMIT,True
263,163736.57155999518,9.270345447963066,0.33688720536110284,7.712032563030238,0.3516226872396344,50.0,6.043216328822816,6.043216328822816,37.15632358688863,2.7120325630302373,7.712032563030237,STOPPING_DISTANCE,True
264,166960.42264850435,1.6633160774314215,0.48307965360362465,32.78082908358384,0.6700960346109417,35.0,20.0,37.543063328860235,150.0,27.780829083583846,32.780829083583846,SITE_SPEED_LIMIT,True
265,165899.4707557674,3.1130769915600363,0.5506527359781177,32.46502024899132,0.27262400073353377,inf,20.0,35.02899301549226,125.99999988298863,27.46502024899133,32.46502024899133,SITE_SPEED_LIMIT,True
266,171960.011431723,8.231740155956603,0.3431279289602581,28.511646823225323,0.8594157932805891,100.0,20.0,31.546517181204052,43.51452850420028,23.511646823225316,28.511646823225316,SITE_SPEED_LIMIT,True
267,174233.13250415237,1.0687692309474384,0.3897969742954773,30.529049883300658,0.9629268752375798,inf,20.0,37.13799616269504,150.0,25.52904988330065,30.52904988330065,SITE_SPEED_LIMIT,True
268,166111.41358729143,0.8703896258765864,0.4307283890634357,41.70868895769264,0.526499194153781,100.0,20.0,44.39209285728425,150.0,36.70868895769264,41.70868895769264,SITE_SPEED_LIMIT,True
269,165611.48751516143,8.191888594267901,0.37982792018212636,44.78929085067835,0.21204483990822665,50.0,20.0,41.46058732784887,43.80413795929402,39.78929085067834,44.78929085067834,SITE_SPEED_LIMIT,True
270,167716.49014518195,1.7477344282737717,0.6170618866757162,21.23476335997699,0.7699447002516789,35.0,20.0,26.859752733455842,150.0,16.23476335997699,21.23476335997699,SITE_SPEED_LIMIT,True
271,168735.8261212979,2.748060355481361,0.448308388777067,42.01764433311553,0.6675498992914705,50.0,20.0,44.34175760758846,125.99999988298863,37.01764433311553,42.01764433311553,SITE_SPEED_LIMIT,True
272,161495.8416056696,7.666561352004059,0.23478896258266038,11.736678558063097,0.15298380082856267,35.0,10.714039385665098,10.714039385665098,48.03923899780958,6.7366785580630975,11.736678558063097,STOPPING_DISTANCE,True
273,168168.8844046605,2.1673980009077565,0.15472771720926728,9.307154998407277,0.641971500443266,inf,8.18927655181898,8.18927655181898,125.99999988298863,4.3071549984072774,9.307154998407277,STOPPING_DISTANCE,True
274,167068.9954872575,2.061861645184264,0.3899093466760002,33.708235699218655,0.6320154860204185,35.0,20.0,37.99571807333959,125.99999988298863,28.70823569921865,33.70823569921865,SITE_SPEED_LIMIT,True
275,166571.91747027423,1.3643975255673313,0.4415115688365022,36.28150493214172,0.42819961492561476,100.0,20.0,39.495203685039606,150.0,31.28150493214173,36.28150493214173,SITE_SPEED_LIMIT,True
276,164989.58101289909,7.245168513986181,0.2182180048948441,5.7119491294512095,0.8187070571192328,inf,2.0894179126495844,2.0894179126495844,52.12266873065382,0.7119491294512097,5.7119491294512095,STOPPING_DISTANCE,True
277,167844.91539592636,2.7416066655980584,0.16713164991928608,8.573871604504397,0.8941908746641183,100.0,7.626333445627347,7.626333445627347,125.99999988298863,3.5738716045043977,8.573871604504397,STOPPING_DISTANCE,True
278,173141.98311564268,4.011879140389826,0.42024616617149635,21.51302356421603,0.6171557833956468,35.0,20.0,25.951211030656186,125.99999988298863,16.513023564216034,21.513023564216034,SITE_SPEED_LIMIT,True
279,161204.79776395677,8.003565078223616,0.2580023829209021,15.517043685969487,0.8800790875614583,50.0,16.732683002194623,16.732683002194623,45.22924585808068,10.517043685969487,15.517043685969487,STOPPING_DISTANCE,True
280,165167.29385496152,6.801319311034514,0.24137172897607373,15.387313511930543,0.1903248628190678,50.0,14.994082934622226,14.994082934622226,57.32229892428965,10.387313511930543,15.387313511930543,STOPPING_DISTANCE,True
281,173362.86193418852,4.652056122837181,0.26245936317558194,7.706405417035334,0.9576252845053802,35.0,6.966642868524328,6.966642868524328,125.99999988298863,2.7064054170353335,7.7064054170353335,STOPPING_DISTANCE,True
282,167095.09504683022,6.349600455910331,0.35966727836087115,38.96770189733815,0.4094778530052039,50.0,20.0,39.21309103874626,63.94522287245842,33.96770189733815,38.96770189733815,SITE_SPEED_LIMIT,True
283,172917.32512692048,3.4757152423898208,0.5784074862764053,34.92102760192481,0.9271778194794527,35.0,20.0,39.678637520682734,125.99999988298863,29.92102760192482,34.92102760192482,SITE_SPEED_LIMIT,True
284,163466.09803564314,1.1982900201764635,0.30700922457403856,48.8374082882607,0.7371802250072431,inf,20.0,48.34377978915896,150.0,43.837408288260704,48.837408288260704,SITE_SPEED_LIMIT,True
285,171065.4884998959,5.209579772720422,0.3311935512406058,33.06135596012419,0.7552704204968079,35.0,20.0,35.89805331515077,93.78753919567912,28.06135596012419,33.06135596012419,SITE_SPEED_LIMIT,True
286,165708.58456819953,6.084864126597913,0.3557564072166431,27.807729431921718,0.06310903307915017,inf,20.0,29.275995526160525,68.70885466653857,22.80772943192172,27.80772943192172,SITE_SPEED_LIMIT,True
287,159647.028308822,3.6013640747151907,0.33739156460621256,8.943923604372735,0.5538022407123763,100.0,9.007448994836983,9.007448994836983,125.99999988298863,3.9439236043727357,8.943923604372735,STOPPING_DISTANCE,True
288,160551.26949106716,8.252861082328968,0.3384774038204466,17.586659231216565,0.8733366617238478,50.0,20.0,21.113347658362088,43.362655470930044,12.586659231216565,17.586659231216565,SITE_SPEED_LIMIT,True
289,164969.64544230053,9.921580148233126,0.3729786800250675,43.31412309852931,0.9305952146439163,50.0,20.0,42.156938667891055,34.061736333332966,38.31412309852931,43.31412309852931,SITE_SPEED_LIMIT,True
290,169192.45387225822,5.397326187599428,0.536006332243167,33.257752374768614,0.5324811925594262,50.0,20.0,35.805516699710395,86.46100670021025,28.25775237476861,33.257752374768614,SITE_SPEED_LIMIT,True
291,167842.20503128078,3.046791390980408,0.23059603575303228,8.641367737306348,0.17352451498650867,50.0,7.162927750237139,7.162927750237139,125.99999988298863,3.641367737306347,8.641367737306346,STOPPING_DISTANCE,True
292,167997.97056640746,2.2361443449631127,0.5005645001257972,48.079529955256426,0.9327307404762548,50.0,20.0,50.194520355601426,125.99999988298863,43.07952995525642,48.07952995525642,SITE_SPEED_LIMIT,True
293,164874.8652062743,6.062529377509774,0.36119351954114437,39.416441040634794,0.5025660764634424,35.0,20.0,40.050061332492994,69.14888949025423,34.4164410406348,39.4164410406348,SITE_SPEED_LIMIT,True
294,169088.83149600142,8.252007674155681,0.3426166688938462,34.98380986257679,0.4782340230480723,inf,20.0,35.16605162370211,43.36877071905882,29.98380986257679,34.98380986257679,SITE_SPEED_LIMIT,True
295,167538.7883515575,4.32497878330132,0.2512283725680488,19.03172598883668,0.4395116886329101,inf,20.0,20.148937617804084,125.99999988298863,14.031725988836676,19.031725988836676,SITE_SPEED_LIMIT,True
296,165269.94209222897,8.514486375512654,0.15353756192265144,5.014962775422023,0.602553163842865,100.0,0.046569478020485076,0.046569478020485076,41.5691410234943,0.014962775422023055,5.014962775422023,STOPPING_DISTANCE,True
297,163932.78564534895,0.5816379550547579,0.3202231963487283,49.76898427263952,0.6950352288585532,35.0,20.0,49.993039889941166,150.0,44.76898427263953,49.76898427263953,SITE_SPEED_LIMIT,True
298,172453.63068424977,4.303371775089212,0.16492596286741634,12.679914134749929,0.7826960407441492,50.0,12.076517788961294,12.076517788961294,125.99999988298863,7.679914134749927,12.679914134749927,STOPPING_DISTANCE,True
299,166512.24857180062,0.6229179813006269,0.6488438988485419,27.923995766740536,0.8139702695060188,100.0,20.0,34.20487051613928,150.0,22.92399576674054,27.92399576674054,SITE_SPEED_LIMIT,True
300,161860.35756623026,2.2080262978563914,0.28114473451233124,12.818866804803253,0.8480158852494014,50.0,15.478530691128459,15.478530691128459,125.99999988298863,7.818866804803255,12.818866804803255,STOPPING_DISTANCE,True
301,158165.6065079229,3.677593508772896,0.5896382634484061,23.635838863801716,0.733614380561402,50.0,20.0,28.67214393988288,125.99999988298863,18.635838863801716,23.635838863801716,SITE_SPEED_LIMIT,True
302,163876.17299053658,9.63822275482351,0.17676074725589774,16.186111597172392,0.4185806216239353,50.0,12.698790333546023,12.698790333546023,35.34047798786312,11.186111597172392,16.186111597172392,STOPPING_DISTANCE,True
303,169315.50113085317,1.3710970572899905,0.37532065520603314,29.088955915366626,0.012120774643893273,50.0,20.0,31.659798723883604,150.0,24.088955915366626,29.088955915366626,SITE_SPEED_LIMIT,True
304,161017.79909470212,6.292988060107362,0.16292333596881722,13.948532499888316,0.042633209287032736,35.0,11.404708526035977,11.404708526035977,64.8995324886963,8.948532499888316,13.948532499888316,STOPPING_DISTANCE,True
305,165597.90184207077,4.543773345599609,0.3343289032744856,42.99606872328272,0.4882411370217782,inf,20.0,42.69234980612446,125.99999988298863,37.99606872328272,42.99606872328272,SITE_SPEED_LIMIT,True
306,160134.6552955922,8.646603921404177,0.2803421295821936,15.956508578219026,0.8106859279862663,35.0,17.4560780005177,17.4560780005177,40.72084183473141,10.956508578219022,15.956508578219022,STOPPING_DISTANCE,True
307,160625.8980996194,7.850165438370569,0.6343671402763749,45.14381100231055,0.7869033862552951,35.0,20.0,44.11808376748779,46.4641950719431,40.14381100231055,45.14381100231055,SITE_SPEED_LIMIT,True
308,153618.13245704,9.428311414132617,0.326745900803318,41.399755773634766,0.2793677139347164,50.0,20.0,37.260630407568016,36.353520524315556,36.399755773634766,41.399755773634766,SITE_SPEED_LIMIT,True
309,175786.5410663275,6.593539222057827,0.5228343887585225,45.280298331794135,0.6139335847600618,inf,20.0,44.27262133264464,60.16983352337032,40.28029833179413,45.28029833179413,SITE_SPEED_LIMIT,True
310,161971.4253849833,4.506196567297579,0.33699271796719593,44.71067482052449,0.9882752710001314,100.0,20.0,46.18005591656166,125.99999988298863,39.71067482052449,44.71067482052449,SITE_SPEED_LIMIT,True
311,163855.08569254878,0.8479201604580322,0.32522951759953567,37.2345524628207,0.0712567277652586,inf,20.0,38.29936530066115,150.0,32.2345524628207,37.2345524628207,SITE_SPEED_LIMIT,True
312,165450.21418826643,0.3557086703554835,0.43565833101896934,27.886068025141032,0.46194693667095577,inf,20.0,32.707966360830156,150.0,22.886068025141036,27.886068025141036,SITE_SPEED_LIMIT,True
313,171002.0695397221,6.613706110704144,0.18482186706681686,13.333800554036056,0.09839564971339732,50.0,11.465467121218758,11.465467121218758,59.87978293541819,8.333800554036054,13.333800554036054,STOPPING_DISTANCE,True
314,161715.52860514302,8.305344564048399,0.2348593771769776,8.092077463322049,0.08261766345926869,inf,5.819476973167752,5.819476973167752,42.990018961317844,3.092077463322048,8.092077463322049,STOPPING_DISTANCE,True
315,168035.6555039181,3.8193963965289592,0.17427728363188127,14.25592679879998,0.6150129680388666,50.0,13.791339265091347,13.791339265091347,125.99999988298863,9.25592679879998,14.25592679879998,STOPPING_DISTANCE,True
316,171555.79443159053,0.6925430628585993,0.4673893531015733,48.19219331341681,0.895814597371882,50.0,20.0,51.00503738789597,150.0,43.19219331341681,48.19219331341681,SITE_SPEED_LIMIT,True
317,161782.4088480993,9.799703293588507,0.5038479303725363,32.08467153363449,0.7480731794295321,inf,20.0,33.68157930941291,34.5998821470514,27.08467153363449,32.08467153363449,SITE_SPEED_LIMIT,True
318,169639.2006404062,6.1649972689508346,0.1587471251759939,12.048729663821373,0.11080796217980704,50.0,9.7145955746218,9.7145955746218,67.18231405902652,7.048729663821371,12.048729663821371,STOPPING_DISTANCE,True
319,162026.11872722168,4.32076882944196,0.5145288538730839,24.77322453625035,0.9430758377447076,50.0,20.0,30.43020153464063,125.99999988298863,19.773224536250346,24.773224536250346,SITE_SPEED_LIMIT,True
320,158593.51163261573,9.28317532848577,0.4736167435379603,35.41920240138599,0.012714889986893518,35.0,20.0,33.83904655992755,37.08975628752262,30.41920240138599,35.41920240138599,SITE_SPEED_LIMIT,True
321,169302.36744179873,8.61369996363436,0.6216242867738441,43.09314524106251,0.2522410201733616,35.0,20.0,40.269510325018636,40.92872750792654,38.0931452410625,43.0931452410625,SITE_SPEED_LIMIT,True
322,162084.6128071553,2.2106337145372845,0.5618671670926492,49.027877546026815,0.5578132255110699,100.0,20.0,49.085407539182135,125.99999988298863,44.027877546026815,49.027877546026815,SITE_SPEED_LIMIT,True
323,159805.9908599872,5.450269188969383,0.6280858232739917,49.31013827860287,0.04317373579701167,50.0,20.0,45.23924518189946,84.66995815034953,44.31013827860287,49.31013827860287,SITE_SPEED_LIMIT,True
324,167514.50202457068,1.0794371464646435,0.33215481069851566,35.8384107252143,0.9651297421269965,100.0,20.0,41.30392117837064,150.0,30.838410725214302,35.8384107252143,SITE_SPEED_LIMIT,True
325,171191.41535716818,7.328015447662506,0.5066216916605706,29.40067424713317,0.50836054691628,100.0,20.0,31.769932525829844,51.26221650715918,24.400674247133182,29.400674247133182,SITE_SPEED_LIMIT,True
326,165106.35788368032,1.0593071255849296,0.1687513841291113,11.820621721445312,0.5771727832875501,35.0,11.714150718626838,11.714150718626838,150.0,6.82062172144531,11.82062172144531,STOPPING_DISTANCE,True
327,161888.109025046,4.6155747441978985,0.19933577290432458,5.419922892219199,0.7264617151130048,35.0,1.267429248328609,1.267429248328609,125.99999988298863,0.41992289221919854,5.419922892219199,STOPPING_DISTANCE,True
328,167390.44998313728,2.779020972488678,0.32596329718838774,13.727924027049868,0.6575603127780231,35.0,16.752697068050516,16.752697068050516,125.99999988298863,8.727924027049868,13.727924027049868,STOPPING_DISTANCE,True
329,173349.52252175703,6.159854502601791,0.22107691373714788,13.461113057693726,0.7837917844853972,inf,13.901332875409274,13.901332875409274,67.27792147379368,8.461113057693726,13.461113057693726,STOPPING_DISTANCE,True
330,166973.3576491149,5.241591707261622,0.5939873930987639,43.162150600884736,0.8326804693470432,50.0,20.0,44.53642608619346,92.41087634358556,38.16215060088474,43.16215060088474,SITE_SPEED_LIMIT,True
331,157750.71717259547,1.4888805033244468,0.3253301523656401,18.75218969705967,0.9963343376272473,inf,20.0,24.602819383468468,150.0,13.752189697059674,18.752189697059674,SITE_SPEED_LIMIT,True
332,159468.45909385828,3.853758830473618,0.573139921651546,33.95143309603029,0.21720909769121055,50.0,20.0,35.73824021680817,125.99999988298863,28.9514330960303,33.9514330960303,SITE_SPEED_LIMIT,True
333,157908.17133533483,6.956181464968068,0.2739178674919681,5.144821862192541,0.3554930104413574,35.0,0.40149483185026325,0.40149483185026325,55.38442567963153,0.1448218621925403,5.14482186219254,STOPPING_DISTANCE,True
334,156195.95594009612,3.876735947503942,0.6059918647135832,23.10472061089502,0.5101097124988252,100.0,20.0,27.213098709303793,125.99999988298863,18.104720610895022,23.104720610895022,SITE_SPEED_LIMIT,True
335,165632.2451141173,5.614845879595237,0.5112206833087591,30.229704248727693,0.6764679372263622,50.0,20.0,33.79778735343114,79.67641703736038,25.229704248727693,30.229704248727693,SITE_SPEED_LIMIT,True
336,161560.31306268086,6.02145644052481,0.21442160084583708,6.031976507061891,0.636490651049154,100.0,2.7300557921140785,2.7300557921140785,69.97562418591232,1.0319765070618914,6.031976507061891,STOPPING_DISTANCE,True
337,164149.07688737535,7.8489697711146755,0.5760152376353422,36.84564206334121,0.5172690564416094,inf,20.0,37.34589256477163,46.474100084267555,31.845642063341202,36.8456420633412,SITE_SPEED_LIMIT,True
338,162733.85975336362,3.7346259614417345,0.29710112129750754,10.506954079633008,0.2358575991436871,100.0,10.56822000657843,10.56822000657843,125.99999988298863,5.506954079633008,10.506954079633008,STOPPING_DISTANCE,True
339,167400.29790043342,7.356631142391898,0.6265896659702452,49.92563801268273,0.6425651995351915,35.0,20.0,46.90825679476695,50.9720280798152,44.925638012682725,49.925638012682725,SITE_SPEED_LIMIT,True
340,158172.6898890391,6.3755326447022975,0.36238836341662456,27.327487285094875,0.6859112710498637,100.0,20.0,31.02806789338203,63.51862657036633,22.327487285094875,27.327487285094875,SITE_SPEED_LIMIT,True
341,163138.96611964473,5.718722712271865,0.36456668859677377,31.44962123879892,0.3622354416522884,50.0,20.0,33.548743624431836,76.89154249403627,26.44962123879892,31.44962123879892,SITE_SPEED_LIMIT,True
342,170443.74309852094,1.6529411097017455,0.5050335510901657,36.511338175003445,0.586479092188707,50.0,20.0,40.263625548894716,150.0,31.511338175003445,36.511338175003445,SITE_SPEED_LIMIT,True
343,155520.17579346354,9.406792451153406,0.23593136254778702,16.668354148959818,0.8727302504846018,35.0,16.493837655121226,16.493837655121226,36.46077010218056,11.668354148959821,16.66835414895982,STOPPING_DISTANCE,True
344,165851.49181081197,4.617328136123822,0.45231313973937487,26.640770033888135,0.9373532942158644,inf,20.0,32.07255739374283,125.99999988298863,21.64077003388813,26.64077003388813,SITE_SPEED_LIMIT,True
345,164862.42547474682,4.3685070261517955,0.5679295146468883,37.827870289357854,0.15890816766935356,inf,20.0,38.29855561846808,125.99999988298863,32.827870289357854,37.827870289357854,SITE_SPEED_LIMIT,True
346,173861.2579833487,1.313494081449067,0.6229180703307264,22.947621336667826,0.4720604341969983,35.0,20.0,27.598382202812832,150.0,17.947621336667822,22.947621336667822,SITE_SPEED_LIMIT,True
347,160118.12364358315,2.469787990719998,0.38734116994732715,45.78145612344665,0.271949726128631,50.0,20.0,45.413817132436236,125.99999988298863,40.781456123446645,45.781456123446645,SITE_SPEED_LIMIT,True
348,160537.7208032155,4.288868788610386,0.3938486570334297,43.015524632870964,0.15638180440344795,inf,20.0,42.08511278647817,125.99999988298863,38.01552463287097,43.01552463287097,SITE_SPEED_LIMIT,True
349,152878.7986986353,3.4734332625884266,0.3076381888714213,45.49250055592726,0.6637896861755891,inf,20.0,44.285114259719876,125.99999988298863,40.49250055592725,45.49250055592725,SITE_SPEED_LIMIT,True
350,169420.22698180526,1.279882085335864,0.43770674629725703,44.69610264269271,0.8278683753221728,inf,20.0,47.83157983974409,150.0,39.696102642692715,44.696102642692715,SITE_SPEED_LIMIT,True
351,169423.03394931345,9.812970904972467,0.2808349202948149,16.54385280999115,0.19809763275974013,inf,16.251916953207022,16.251916953207022,34.54045113701375,11.54385280999115,16.54385280999115,STOPPING_DISTANCE,True
352,160404.0993063964,3.382631053323484,0.33940719754774457,18.891443451793787,0.9673561777882752,35.0,20.0,24.450058025446847,125.99999988298863,13.891443451793787,18.891443451793787,SITE_SPEED_LIMIT,True
353,161327.04211600975,8.506160578411379,0.4831868189810282,30.255025472713623,0.11476887186921747,50.0,20.0,30.61991804139825,41.62383330713958,25.25502547271362,30.25502547271362,SITE_SPEED_LIMIT,True
354,160948.73781492808,4.039778763265483,0.5770949959586731,29.414561152794032,0.5488386567200587,50.0,20.0,33.20144060419754,125.99999988298863,24.41456115279404,29.41456115279404,SITE_SPEED_LIMIT,True
355,164586.76107480907,4.8469628713004695,0.33913962940005643,12.45985430734741,0.8499753714806619,50.0,15.406400336220134,15.406400336220134,116.7038171315566,7.459854307347412,12.459854307347413,STOPPING_DISTANCE,True
356,160854.9154017082,0.9756251023929974,0.4610567925709539,43.78941087819225,0.7492837126957764,inf,20.0,46.94910371642053,150.0,38.78941087819225,43.78941087819225,SITE_SPEED_LIMIT,True
357,165103.96853837703,8.064036172328395,0.3181848021439939,25.665794491863114,0.7862781993840331,inf,20.0,27.946542706678233,44.761150304116306,20.66579449186311,25.66579449186311,SITE_SPEED_LIMIT,True
358,161359.98529385432,3.397774715618851,0.4906967156795805,44.24610650101145,0.7584250178691111,inf,20.0,46.0163538583234,125.99999988298863,39.246106501011454,44.246106501011454,SITE_SPEED_LIMIT,True
359,157769.35983719918,8.778300781520409,0.6047024487661025,44.581183472818815,0.23879621138153928,35.0,20.0,41.09379911499909,39.91028957728297,39.58118347281883,44.58118347281883,SITE_SPEED_LIMIT,True
360,165474.9687567815,5.601822583749119,0.4952932585739239,38.782827814970624,0.5525136147827252,inf,20.0,40.022628123607575,80.04382922340186,33.78282781497063,38.78282781497063,SITE_SPEED_LIMIT,True
361,169415.5488857358,5.387017979527142,0.3369157949848207,27.40156286154306,0.656780104724294,35.0,20.0,30.953662355734966,86.82189246017488,22.401562861543063,27.401562861543063,SITE_SPEED_LIMIT,True
362,164610.81401493598,3.973813904853165,0.2382144316501567,9.203358738888301,0.19560927304451503,inf,8.03761117496526,8.03761117496526,125.99999988298863,4.203358738888301,9.203358738888301,STOPPING_DISTANCE,True
363,155846.15775802566,7.9285441903383935,0.5221038461426063,30.99170146465209,0.7979141596158941,100.0,20.0,33.894174030709465,45.82446443472058,25.991701464652095,30.991701464652095,SITE_SPEED_LIMIT,True
364,166003.25901977843,1.9584081258691888,0.48206668313804407,45.363106869059045,0.44760294032021697,50.0,20.0,46.16657256819216,150.0,40.363106869059045,45.363106869059045,SITE_SPEED_LIMIT,True
365,161782.2508384127,8.57179256998753,0.3969165705822331,45.77644646445949,0.9835214727152221,35.0,20.0,44.84974523185504,41.19671466629952,40.77644646445949,45.77644646445949,SITE_SPEED_LIMIT,True
366,170149.8040879058,5.9811262936901795,0.22273862495122804,6.502262080387155,0.7326352347008328,inf,3.8807023177838933,3.8807023177838933,70.8104476434365,1.5022620803871543,6.502262080387155,STOPPING_DISTANCE,True
367,164002.35663335296,6.15298025069802,0.32648327368146773,8.755883824522249,0.8036035354415352,50.0,8.968662614191915,8.968662614191915,67.40621133383362,3.7558838245222477,8.755883824522247,STOPPING_DISTANCE,True
368,159184.0526947318,3.1966683244054472,0.4698756441059605,49.47871952354345,0.12243389835894103,50.0,20.0,46.89912776702115,125.99999988298863,44.478719523543454,49.478719523543454,SITE_SPEED_LIMIT,True
369,159688.0323592656,8.81927758304644,0.3567816920238678,24.237035956427682,0.01260751997575904,35.0,20.0,25.1509778259368,39.66487578403206,19.237035956427682,24.237035956427682,SITE_SPEED_LIMIT,True
370,167141.53548603825,0.9303048646002721,0.3145916892442972,6.321387159607655,0.20975294768368136,50.0,3.2032512815857364,3.2032512815857364,150.0,1.3213871596076552,6.321387159607655,STOPPING_DISTANCE,True
371,160973.14086474827,8.581770531571639,0.48927781424494055,41.85785812377453,0.7102427986233115,inf,20.0,41.18853422587724,41.13257745902986,36.857858123774534,41.857858123774534,SITE_SPEED_LIMIT,True
372,167982.21169780334,9.88065566652774,0.5280837715472491,45.558320484859195,0.314060794992732,inf,20.0,41.33719930464256,34.240506301783036,40.55832048485921,45.55832048485921,SITE_SPEED_LIMIT,True
373,171484.97273280556,3.3520804737087273,0.29240280406615615,12.81927169110847,0.8259782127080818,50.0,15.38515954481507,15.38515954481507,125.99999988298863,7.8192716911084705,12.81927169110847,STOPPING_DISTANCE,True
374,164885.65968850558,7.190774473538556,0.6168759559972546,23.905342753147625,0.7396713007267637,50.0,20.0,27.810587277268684,52.70467508565634,18.90534275314762,23.90534275314762,SITE_SPEED_LIMIT,True
375,168817.95550309928,6.2092856747843115,0.594506643579666,20.856872597434446,0.47128716739816456,100.0,20.0,24.158144484259275,66.37176016341894,15.856872597434442,20.856872597434442,SITE_SPEED_LIMIT,True
376,171285.29978344546,2.5397487457202472,0.2978589470329546,6.400201996281096,0.1063437262557746,100.0,3.2407834978342387,3.2407834978342387,125.99999988298863,1.4002019962810954,6.400201996281096,STOPPING_DISTANCE,True
377,162676.91351350804,1.7488143717595939,0.37951284495823023,43.50817665076038,0.83704112524294,100.0,20.0,46.7522078268589,150.0,38.50817665076038,43.50817665076038,SITE_SPEED_LIMIT,True
378,166005.7982793642,0.7707801195146069,0.6032352799879697,20.31710417000037,0.21552986879133185,100.0,20.0,23.928374989443796,150.0,15.317104170000366,20.317104170000366,SITE_SPEED_LIMIT,True
379,170143.41305348196,9.383048184484826,0.568122671787356,44.20420170183734,0.7884473432532987,35.0,20.0,42.54095643315614,36.579871059469895,39.204201701837334,44.204201701837334,SITE_SPEED_LIMIT,True
380,158416.2557658897,8.988473881802474,0.605979353448423,34.284584640143635,0.00018839955658189744,100.0,20.0,33.10445443846709,38.683817369006576,29.284584640143628,34.28458464014363,SITE_SPEED_LIMIT,True
381,164336.83126808715,4.6035827120192625,0.491326877065726,43.90536242852015,0.38040054897040965,50.0,20.0,43.476692084458215,125.99999988298863,38.90536242852015,43.90536242852015,SITE_SPEED_LIMIT,True
382,160127.3534766468,8.023543291592642,0.3063000311308252,26.558152839650806,0.4214440415792474,50.0,20.0,27.07088862983263,45.073465347178285,21.558152839650802,26.558152839650802,SITE_SPEED_LIMIT,True
383,163890.69548102346,8.583416767991208,0.33215403232878304,18.1498203707854,0.7539619035967839,35.0,20.0,21.065240849546967,41.12201577890665,13.149820370785397,18.1498203707854,SITE_SPEED_LIMIT,True
384,167108.42234132224,8.394609095007668,0.5174705740387353,49.18094119672824,0.5591848068293265,inf,20.0,45.43602448896353,42.37135575290771,44.18094119672825,49.18094119672825,SITE_SPEED_LIMIT,True
385,162320.18277442976,8.727538395661279,0.29073719549215915,10.066117568537166,0.5406984766449103,inf,9.911867027933928,9.911867027933928,40.21871656659991,5.066117568537164,10.066117568537164,STOPPING_DISTANCE,True
386,169040.28899140572,2.633157837532001,0.2634341559838771,7.075560395108022,0.2838284470235203,50.0,4.751180481384948,4.751180481384948,125.99999988298863,2.075560395108022,7.075560395108022,STOPPING_DISTANCE,True
387,156968.11497195408,2.9991911150698467,0.3168499925924237,38.44369394292215,0.9028949951919872,inf,20.0,41.18393266656445,125.99999988298863,33.443693942922145,38.443693942922145,SITE_SPEED_LIMIT,True
388,168896.17017156805,8.772617628261795,0.21808116866991292,19.868360174409823,0.9890283583501739,100.0,18.877012086242402,18.877012086242402,39.94457554634661,14.868360174409824,19.868360174409823,STOPPING_DISTANCE,True
389,164477.75390731264,7.945782787001903,0.2665613670166979,6.560162002691749,0.9954375161913099,50.0,4.426695551242034,4.426695551242034,45.686239841468634,1.5601620026917489,6.560162002691749,STOPPING_DISTANCE,True
390,164155.89138404996,5.73349345635218,0.3883075374437923,34.647128156303175,0.2202253013773151,inf,20.0,35.539296586396574,76.51512253884226,29.647128156303168,34.64712815630317,SITE_SPEED_LIMIT,True
391,166325.77763649443,8.292867993167555,0.5001203232169128,44.55405051270203,0.5174463517550413,100.0,20.0,42.40423424786435,43.07799606475979,39.55405051270202,44.55405051270202,SITE_SPEED_LIMIT,True
392,168209.65267480776,0.8220706371178166,0.46255163267893995,45.98044607458128,0.1375237748170154,100.0,20.0,45.75965746154141,150.0,40.98044607458128,45.98044607458128,SITE_SPEED_LIMIT,True
393,164312.75742686153,6.07089578718754,0.507094006807214,33.40883988913949,0.7026337730855163,inf,20.0,36.30624471962153,68.98328517291696,28.40883988913949,33.408839889139486,SITE_SPEED_LIMIT,True
394,169764.3727360147,6.764263623383923,0.19683688936309712,10.926204731241732,0.7867503351544369,100.0,10.295815093706588,10.295815093706588,57.80824058409778,5.926204731241733,10.926204731241732,STOPPING_DISTANCE,True
395,167121.1712985595,6.0065106654835585,0.477193120823321,38.46172622794519,0.6341040313763313,50.0,20.0,39.91527328667379,70.28227377254518,33.46172622794518,38.46172622794518,SITE_SPEED_LIMIT,True
396,165716.69583803116,8.914800156235067,0.1579531929977139,5.131446467961291,0.6040716770712192,100.0,0.3896157500252876,0.3896157500252876,39.10475406523794,0.13144646796129053,5.131446467961291,STOPPING_DISTANCE,True
397,162853.4888774137,9.715326909010507,0.2464082116224165,19.910615319637284,0.19609771273839294,100.0,18.105185073937168,18.105185073937168,34.982823145799344,14.910615319637284,19.910615319637284,STOPPING_DISTANCE,True
398,161537.89510063073,4.4746814132245785,0.5068036044448645,26.342978919406722,0.5370074883513584,35.0,20.0,30.243624490407214,125.99999988298863,21.34297891940672,26.34297891940672,SITE_SPEED_LIMIT,True
399,170422.39791536535,5.720486433693008,0.4027210881228426,28.07004766803874,0.9317537194328164,35.0,20.0,32.909563973528876,76.84635340567678,23.070047668038747,28.070047668038747,SITE_SPEED_LIMIT,True
400,162112.34953246222,8.16682175450718,0.31364133374964953,17.80530357933039,0.5315994646044309,100.0,19.689816238711476,19.689816238711476,43.98838008139284,12.805303579330387,17.805303579330385,STOPPING_DISTANCE,True
401,170380.035692993,4.935465803401186,0.6474858936496746,36.60164447142489,0.13148911989798162,50.0,20.0,37.025237236192595,109.16897561576216,31.601644471424883,36.60164447142488,SITE_SPEED_LIMIT,True
402,165106.5582433597,1.6520393933785016,0.5554511080969675,22.544255882369484,0.8822585560948476,35.0,20.0,28.76870487450974,150.0,17.544255882369477,22.544255882369477,SITE_SPEED_LIMIT,True
403,168860.10781001713,3.093727178627821,0.6342711790197462,42.07056728995826,0.8211982825502265,inf,20.0,44.89839816824627,125.99999988298863,37.07056728995828,42.07056728995828,SITE_SPEED_LIMIT,True
404,172656.61872289734,8.628805029124123,0.29351442494631885,5.0946729429147535,0.8295875568652503,35.0,0.3226490747894359,0.3226490747894359,40.83302110154183,0.09467294291475334,5.0946729429147535,STOPPING_DISTANCE,True
405,173061.10314127713,1.1448763806590512,0.4596827781344397,22.27274973702408,0.3690530217609166,100.0,20.0,26.530603031763615,150.0,17.27274973702408,22.27274973702408,SITE_SPEED_LIMIT,True
406,169484.19657932766,5.963215188603684,0.6151124438259951,29.731264552496462,0.4042397296442092,100.0,20.0,32.18980750358569,71.18882987927645,24.73126455249646,29.73126455249646,SITE_SPEED_LIMIT,True
407,167559.6204551464,6.6857264672291405,0.42667199679325274,35.540148050265415,0.5936607912085384,50.0,20.0,37.23940946118808,58.86874269749969,30.540148050265422,35.54014805026542,SITE_SPEED_LIMIT,True
408,164158.45883018966,5.021536099619869,0.17314752133574107,11.249209687843265,0.1543215652830794,100.0,9.584864043339905,9.584864043339905,103.4263319354877,6.2492096878432655,11.249209687843265,STOPPING_DISTANCE,True
409,161937.81312679782,9.024533072858418,0.25679349450955274,7.98997299600987,0.14213712379345766,35.0,5.8296820517229175,5.8296820517229175,38.48119369704277,2.98997299600987,7.98997299600987,STOPPING_DISTANCE,True
410,166807.51762603052,6.948823736759592,0.4570985750861479,28.962171474671596,0.08439238054454234,100.0,20.0,30.035757457888653,55.473266795016826,23.9621714746716,28.9621714746716,SITE_SPEED_LIMIT,True
411,155203.04886954627,7.29173487549448,0.5959615270464674,34.35312418663729,0.6924928266692253,50.0,20.0,36.429016545541714,51.63525623794646,29.35312418663728,34.35312418663728,SITE_SPEED_LIMIT,True
412,168663.24680364542,4.038978641701237,0.25850687370645026,8.492659012914839,0.8617424949182954,50.0,8.27144644707466,8.27144644707466,125.99999988298863,3.492659012914838,8.492659012914839,STOPPING_DISTANCE,True
413,171962.32650032165,8.224223736682784,0.6208223325444227,43.59030519475777,0.43098522051329624,inf,20.0,41.48279756364415,43.56884494733065,38.59030519475776,43.59030519475776,SITE_SPEED_LIMIT,True
414,163749.76742700522,8.896520330175663,0.22401046693485105,5.553936635723401,0.027420309972657653,inf,1.2784432163341786,1.2784432163341786,39.210670649595556,0.553936635723401,5.553936635723401,STOPPING_DISTANCE,True
415,160066.06977130228,1.6686020169875282,0.34990795042866807,24.37382023079934,0.8900970351838083,35.0,20.0,30.700729107515556,150.0,19.37382023079934,24.37382023079934,SITE_SPEED_LIMIT,True
416,172410.11246807897,9.466444339935462,0.48103378360001614,20.289597221800307,0.3789102780588144,100.0,20.0,22.412460514120106,36.16505803618581,15.289597221800307,20.289597221800307,SITE_SPEED_LIMIT,True
417,162189.15986710848,4.096288948952321,0.2854241279470019,19.004787277852714,0.6057792494526903,50.0,20.0,21.654604840132315,125.99999988298863,14.004787277852708,19.004787277852706,SITE_SPEED_LIMIT,True
418,163953.89063127735,8.417233617446762,0.49589095569327896,31.109968345326322,0.10525918519701238,35.0,20.0,31.294522667250472,42.21749071810397,26.109968345326326,31.109968345326326,SITE_SPEED_LIMIT,True
419,164770.14996041427,0.27536719869465487,0.6374060924911958,27.745480305970247,0.3842067129858002,100.0,20.0,32.26937083325966,150.0,22.74548030597025,27.74548030597025,SITE_SPEED_LIMIT,True
420,159266.6764273955,2.0886407070574,0.44495257851487935,46.65367985114011,0.39543426799291437,50.0,20.0,46.770505054958704,125.99999988298863,41.653679851140126,46.653679851140126,SITE_SPEED_LIMIT,True
421,163706.01968666448,2.8924477197265452,0.340648636070184,45.50374323574163,0.9559188289553192,35.0,20.0,47.92134097927511,125.99999988298863,40.503743235741624,45.503743235741624,SITE_SPEED_LIMIT,True
422,172993.2358525236,4.740064284831559,0.6482002905707626,24.985747092458823,0.5453811212183025,35.0,20.0,28.919827108885084,125.99999988298863,19.98574709245883,24.98574709245883,SITE_SPEED_LIMIT,True
423,157301.66740363342,3.403871042545057,0.3539507651124705,29.363342330641334,0.5537114853580112,50.0,20.0,33.4101452088757,125.99999988298863,24.363342330641334,29.363342330641334,SITE_SPEED_LIMIT,True
424,157568.61485024853,1.6833695591913023,0.3177098429805656,16.110834200041353,0.35618564711759415,50.0,18.93078440568022,18.93078440568022,150.0,11.110834200041353,16.110834200041353,STOPPING_DISTANCE,True
425,161061.0812404588,0.5764758219902488,0.39458669224577414,20.4101590475621,0.9664173858664074,100.0,20.0,27.070166267256216,150.0,15.410159047562102,20.410159047562104,SITE_SPEED_LIMIT,True
426,161895.7620087444,5.448276575451868,0.26659688523292047,12.435892269917144,0.999713804155914,35.0,14.434531333979015,14.434531333979015,84.73555542547255,7.435892269917144,12.435892269917144,STOPPING_DISTANCE,True
427,163973.5645425595,4.017788006543243,0.6081101667521245,49.723177500486415,0.6234059581594401,35.0,20.0,48.79428987229629,125.99999988298863,44.723177500486415,49.723177500486415,SITE_SPEED_LIMIT,True
428,176670.8179006352,7.925213919629192,0.5557863100491331,25.76504803492907,0.14798414736583476,35.0,20.0,27.203358708607702,45.85126916494222,20.765048034929073,25.765048034929073,SITE_SPEED_LIMIT,True
429,178221.71673508518,2.277497361032096,0.6183091138280348,48.381298122448115,0.7221432354559059,35.0,20.0,49.37344922284365,125.99999988298863,43.381298122448115,48.381298122448115,SITE_SPEED_LIMIT,True
430,157485.14835802422,4.5846642456925775,0.2991720077254024,6.709170348043406,0.549322479403174,35.0,4.373825335264932,4.373825335264932,125.99999988298863,1.7091703480434064,6.709170348043406,STOPPING_DISTANCE,True
431,161672.57292654892,8.770905810181889,0.3520785892917905,47.481894222142905,0.4626756050653935,inf,20.0,43.683168088272645,39.954914670847366,42.48189422214291,47.48189422214291,SITE_SPEED_LIMIT,True
432,169365.84715346733,0.936724207059102,0.47217588503700514,38.95795497193663,0.3024474782893799,inf,20.0,41.234203119357964,150.0,33.95795497193664,38.95795497193664,SITE_SPEED_LIMIT,True
433,160471.3384956869,7.617981913776973,0.47894641177026287,22.394322807036254,0.4923254800011819,50.0,20.0,25.36089751953033,48.47507077317686,17.39432280703626,22.39432280703626,SITE_SPEED_LIMIT,True
434,161731.1683067559,7.2571646321994905,0.4595927465159779,45.25036505709045,0.4434558363819041,100.0,20.0,43.180142607822674,51.996163528002796,40.250365057090455,45.250365057090455,SITE_SPEED_LIMIT,True
435,167073.49264365443,9.56047143611933,0.17185284206192428,14.021353198778126,0.8539619669554221,35.0,11.443710402538295,11.443710402538295,35.7088513052836,9.021353198778126,14.021353198778126,STOPPING_DISTANCE,True
436,172459.59823172636,6.401983115596238,0.19807647773989676,18.429571056284452,0.31189908000428046,100.0,16.739928010641766,16.739928010641766,63.09008015681059,13.429571056284452,18.429571056284452,STOPPING_DISTANCE,True
437,167967.7836114043,6.265925110932102,0.3066906330504174,46.6872173028539,0.4768434683178171,35.0,20.0,42.26742430522746,65.3673069634661,41.68721730285389,46.68721730285389,SITE_SPEED_LIMIT,True
438,150298.0568266786,0.3054945709337997,0.4845291632939301,44.24217523011534,0.6325441099658279,35.0,20.0,47.06512404715921,150.0,39.242175230115336,44.242175230115336,SITE_SPEED_LIMIT,True
439,170726.94594273675,2.7875987241455302,0.3414896038076192,14.481723374024142,0.0088632851134689,100.0,16.004002592928746,16.004002592928746,125.99999988298863,9.481723374024142,14.481723374024142,STOPPING_DISTANCE,True
440,162342.21531378472,2.0065101740376123,0.33143425399897086,49.75918887019991,0.002317547904813866,100.0,20.0,46.612185405785496,125.99999988298863,44.75918887019991,49.75918887019991,SITE_SPEED_LIMIT,True
441,168625.47893423997,7.404761319535192,0.3006855844513938,11.428262928537738,0.768922782107641,inf,12.691340975093826,12.691340975093826,50.49177808698267,6.428262928537738,11.428262928537738,STOPPING_DISTANCE,True
442,167580.8914355748,8.091831711390311,0.5450119954702366,44.79909239758897,0.10440412974808144,100.0,20.0,41.12323728563054,44.54938149165362,39.799092397588964,44.799092397588964,SITE_SPEED_LIMIT,True
443,160898.7933527565,4.075430310324308,0.32310344544908454,23.319792010653245,0.3488205339694793,100.0,20.0,26.144413419105014,125.99999988298863,18.31979201065324,23.31979201065324,SITE_SPEED_LIMIT,True
444,164879.86070959698,6.320898295062422,0.5442146966257003,30.96682990078599,0.00608874823983907,100.0,20.0,31.62290445992962,64.42503430668266,25.966829900785996,30.966829900785996,SITE_SPEED_LIMIT,True
445,155531.92666523106,0.7686207527616351,0.5780804405717621,27.528092063168803,0.7070864772666982,inf,20.0,33.3003095248237,150.0,22.528092063168806,27.528092063168806,SITE_SPEED_LIMIT,True
446,166066.4685368647,1.451965128846603,0.5333990473549938,36.9549525389768,0.21111247116613618,50.0,20.0,39.051781874107434,150.0,31.954952538976805,36.954952538976805,SITE_SPEED_LIMIT,True
447,169364.59593385394,9.29228053631854,0.617138850746374,23.22962125374049,0.32149570124788196,35.0,20.0,25.07012134511183,37.04266365822406,18.22962125374049,23.22962125374049,SITE_SPEED_LIMIT,True
448,161850.47372640794,8.422307463439479,0.3767458866733565,29.704120224873883,0.03366917821387272,100.0,20.0,29.941946868302086,42.18314437117428,24.704120224873883,29.704120224873883,SITE_SPEED_LIMIT,True
449,171803.29297919327,1.2292067846538757,0.4760793827729427,44.989658611942936,0.44934974203964206,50.0,20.0,46.278166780338076,150.0,39.98965861194294,44.98965861194294,SITE_SPEED_LIMIT,True
450,158455.89800440444,8.214319916425932,0.5229817929783167,29.959580661579302,0.5262784603382027,50.0,20.0,31.931996279012843,43.64063071969896,24.959580661579295,29.959580661579295,SITE_SPEED_LIMIT,True
451,169216.86311078529,8.039585075525203,0.48205946230876295,29.86254353335501,0.14287596133941172,100.0,20.0,30.578854404132407,44.94919225338846,24.86254353335501,29.86254353335501,SITE_SPEED_LIMIT,True
452,167797.24537997518,7.206551452831133,0.35551845058423226,23.065053391093713,0.8819921697216359,inf,20.0,27.524644225818854,52.53443126756697,18.065053391093716,23.065053391093716,SITE_SPEED_LIMIT,True
453,162379.55801032705,7.486452341262,0.15002693860089705,19.29140578675025,0.5111291392372298,50.0,14.709386361453337,14.709386361453337,49.698355357758714,14.291405786750246,19.291405786750246,STOPPING_DISTANCE,True
454,165761.7743601686,7.150387188506838,0.6135043540741605,31.706859333917063,0.5832665178130454,inf,20.0,34.00314038569866,53.14593852873893,26.70685933391706,31.70685933391706,SITE_SPEED_LIMIT,True
455,160707.75029812657,1.0189238806601353,0.3946376502345839,21.210526346019254,0.8427119021605549,inf,20.0,27.328872142701176,150.0,16.210526346019254,21.210526346019254,SITE_SPEED_LIMIT,True
456,170627.93885520173,5.718091636071537,0.6300443358856149,45.823991970228,0.4223845221843059,50.0,20.0,44.353510151745176,76.90772774051875,40.823991970228,45.823991970228,SITE_SPEED_LIMIT,True
457,166952.32424964444,0.8928952452557293,0.47283491415992507,35.915866992645924,0.38764880545564706,100.0,20.0,39.21099277092748,150.0,30.915866992645917,35.91586699264592,SITE_SPEED_LIMIT,True
458,164483.8912353375,8.442487024058185,0.34869054711188063,35.41314859089514,0.2542313837486956,100.0,20.0,34.86148074119593,42.04711748544127,30.413148590895133,35.41314859089513,SITE_SPEED_LIMIT,True
459,165957.53469396365,7.61037790250783,0.5458891755371824,47.784771847910214,0.29805220863944315,35.0,20.0,44.03820697971579,48.544050144888466,42.784771847910214,47.784771847910214,SITE_SPEED_LIMIT,True
460,165341.8531465513,4.754066078500737,0.6498131868754707,33.5452882870042,0.10480806499757211,50.0,20.0,34.62873219422842,125.99999988298863,28.5452882870042,33.5452882870042,SITE_SPEED_LIMIT,True
461,165002.639794283,4.327291360197046,0.3731089534018073,25.596482232168228,0.3687071708647952,inf,20.0,28.955403762568043,125.99999988298863,20.596482232168235,25.596482232168235,SITE_SPEED_LIMIT,True
462,168006.03374464557,0.028812516656145926,0.365108050001983,43.65305084392833,0.5520693646533779,inf,20.0,46.3774319799407,150.0,38.65305084392833,43.65305084392833,SITE_SPEED_LIMIT,True
463,163016.68920089043,6.573534821701285,0.6080548582725198,26.252681187334176,0.21574067917645412,35.0,20.0,28.294994877195304,60.460649131648246,21.252681187334176,26.252681187334176,SITE_SPEED_LIMIT,True
464,167412.62024414295,7.5402303492838225,0.2289468707689656,6.6172403714699,0.9308072973164898,inf,4.307513267838439,4.307513267838439,49.19035214055329,1.6172403714699,6.6172403714699,STOPPING_DISTANCE,True
465,160651.68459362653,6.448326040223138,0.5496224091489162,22.780890842517646,0.1992152748940531,inf,20.0,25.079004150738236,62.354737892411656,17.78089084251765,22.78089084251765,SITE_SPEED_LIMIT,True
466,170627.17392207385,0.8534133648432485,0.28337333211018434,6.935312834012277,0.8233094298207179,50.0,5.371210743063373,5.371210743063373,150.0,1.9353128340122767,6.935312834012277,STOPPING_DISTANCE,True
467,156280.7594168355,8.354802257421944,0.22581880973438723,5.661202489472923,0.3373455467690927,50.0,1.6601882366069747,1.6601882366069747,42.644933480434126,0.6612024894729233,5.661202489472923,STOPPING_DISTANCE,True
468,165595.09203026988,7.093829670873909,0.3109976375289455,47.69806801240087,0.736200425060762,50.0,20.0,43.45796445736573,53.77743343781681,42.69806801240087,47.69806801240087,SITE_SPEED_LIMIT,True
469,177063.07710806458,0.0992382112783563,0.6372247343106558,25.884282175407673,0.5190322801295487,50.0,20.0,31.098327463691646,150.0,20.884282175407677,25.884282175407677,SITE_SPEED_LIMIT,True
470,168923.0214394901,7.6230903202193865,0.39353842042775833,25.471350027841417,0.21980534882319003,inf,20.0,27.280729833770827,48.42884683627636,20.471350027841417,25.471350027841417,SITE_SPEED_LIMIT,True
471,163811.5243765518,2.6558283295860607,0.20866172215611292,5.789856351498301,0.7731418739186715,50.0,2.3163791880955404,2.3163791880955404,125.99999988298863,0.7898563514983012,5.789856351498301,STOPPING_DISTANCE,True
472,165961.17382097617,2.2326338550519633,0.4997273683583272,33.88369814849099,0.5680925123378673,35.0,20.0,37.79145867017725,125.99999988298863,28.883698148491,33.883698148491,SITE_SPEED_LIMIT,True
473,165823.8042061826,8.470608269838994,0.3297121209349678,6.0617734090488105,0.7831984132986259,35.0,3.1024292520884447,3.1024292520884447,41.859074366055445,1.0617734090488107,6.0617734090488105,STOPPING_DISTANCE,True
474,165254.4385092801,2.9114424778517902,0.18046555713253576,14.319271317945704,0.8994552125461016,35.0,14.918905644297157,14.918905644297157,125.99999988298863,9.319271317945702,14.319271317945702,STOPPING_DISTANCE,True
475,161284.32867616008,4.840770697102016,0.4658334399392813,38.63499829685123,0.057844449447160606,50.0,20.0,38.29374455113317,117.32610277790576,33.634998296851236,38.634998296851236,SITE_SPEED_LIMIT,True
476,161014.9859820891,9.902088935876215,0.2561474710573671,15.762145000200936,0.6509573351180726,100.0,15.7229561372279,15.7229561372279,34.14663931410761,10.762145000200938,15.762145000200938,STOPPING_DISTANCE,True
477,158699.1761741371,1.9583308413427003,0.2744827283131993,11.336132700170424,0.7813218557473051,35.0,13.109538873827663,13.109538873827663,150.0,6.336132700170422,11.336132700170422,STOPPING_DISTANCE,True
478,161918.1929598026,2.7623732497515308,0.48454281332033977,49.174399573360155,0.9064209639144368,100.0,20.0,50.49842607870896,125.99999988298863,44.17439957336016,49.17439957336016,SITE_SPEED_LIMIT,True
479,159149.91174700545,3.451922084942105,0.40167657698499715,46.28686294093956,0.4699882681579366,100.0,20.0,46.12300887203808,125.99999988298863,41.286862940939564,46.286862940939564,SITE_SPEED_LIMIT,True
480,169242.81017237873,0.6062892606646819,0.5415337953832452,36.04998817890245,0.930606804846537,inf,20.0,41.95825404434117,150.0,31.049988178902442,36.04998817890244,SITE_SPEED_LIMIT,True
481,160824.28549184988,1.3427485090227553,0.48538090338096695,48.10703544755467,0.24189329411288918,35.0,20.0,47.467116796062584,150.0,43.107035447554665,48.107035447554665,SITE_SPEED_LIMIT,True
482,175447.69360847387,9.490711963148438,0.5173180065761979,48.30395913445029,0.9286602870148829,50.0,20.0,45.590920727256545,36.04616746533662,43.30395913445029,48.30395913445029,SITE_SPEED_LIMIT,True
483,175938.24937275008,4.328160022094693,0.18314995596403116,6.97549741893523,0.4455416387418909,inf,4.380772997405206,4.380772997405206,125.99999988298863,1.9754974189352297,6.9754974189352295,STOPPING_DISTANCE,True
484,155527.63465581517,8.976746726779567,0.34794967206878497,35.3457040560561,0.994981369325093,50.0,20.0,37.154001101660064,38.75019183363766,30.3457040560561,35.3457040560561,SITE_SPEED_LIMIT,True
485,162853.7778985067,9.606269755131997,0.34028596207236644,13.861656700404277,0.994819293965951,inf,16.770059750959042,16.770059750959042,35.490913887508235,8.861656700404279,13.861656700404279,STOPPING_DISTANCE,True
486,167942.7663488536,9.530200211788992,0.37669111781447845,28.514287252942395,0.45896347937729864,50.0,20.0,29.982173044444227,35.85442234028132,23.514287252942403,28.514287252942403,SITE_SPEED_LIMIT,True
487,161416.80064973878,6.223432646172461,0.36653767742430465,49.15300265430325,0.7925951162883833,100.0,20.0,47.782006586099214,66.11756653916093,44.15300265430324,49.15300265430324,SITE_SPEED_LIMIT,True
488,165785.2729070472,3.5504105645195825,0.43832207420848956,36.42400207524078,0.9528967959978275,50.0,20.0,40.9610340009727,125.99999988298863,31.424002075240782,36.42400207524078,SITE_SPEED_LIMIT,True
489,161792.56545477847,4.7690010646797,0.3865691105366792,37.32490289174018,0.6406151835488874,100.0,20.0,39.706604392557495,125.99999988298863,32.32490289174018,37.32490289174018,SITE_SPEED_LIMIT,True
490,167439.36142435536,7.813488406144062,0.5672526741033004,48.20755031279354,0.85520698501837,inf,20.0,46.3917741789351,46.770064894817764,43.20755031279354,48.20755031279354,SITE_SPEED_LIMIT,True
491,168092.4419022824,2.286767796036088,0.3777265547426622,33.54636599922593,0.3216699896595486,50.0,20.0,36.43790477865442,125.99999988298863,28.546365999225927,33.54636599922593,SITE_SPEED_LIMIT,True
492,163962.61238658064,5.14683617121439,0.3888373773548432,41.372394780017196,0.245807439306153,35.0,20.0,40.87214413815047,96.67709304515274,36.37239478001719,41.37239478001719,SITE_SPEED_LIMIT,True
493,175498.6089458326,1.1850262359815156,0.22956732510043137,17.999822250912455,0.9195310246560497,100.0,20.0,20.890425193278688,150.0,12.999822250912452,17.99982225091245,SITE_SPEED_LIMIT,True
494,163764.87149627,4.946751895912833,0.468542269096549,28.072411151568268,0.6354436456595226,inf,20.0,32.028370837078405,108.34574119817465,23.072411151568275,28.072411151568275,SITE_SPEED_LIMIT,True
495,166237.55958288102,9.509285945025484,0.424992405755176,30.970516371724436,0.7875490858587793,inf,20.0,33.10134681469434,35.9557139332965,25.97051637172444,30.97051637172444,SITE_SPEED_LIMIT,True
496,165752.02719088082,3.8632317307646593,0.4454613635675674,30.8228564347031,0.8472716677218594,35.0,20.0,35.7332630481824,125.99999988298863,25.822856434703095,30.822856434703095,SITE_SPEED_LIMIT,True
497,165071.36533918217,2.208527829630089,0.15720376365828528,6.751848349655035,0.17522177210582734,50.0,3.7023054822203334,3.7023054822203334,125.99999988298863,1.7518483496550359,6.751848349655036,STOPPING_DISTANCE,True
498,160230.30290301677,6.795499271339084,0.23627612975481493,15.120059756716062,0.7191598969445689,inf,15.72345898490862,15.72345898490862,57.3980279797688,10.120059756716064,15.120059756716064,STOPPING_DISTANCE,True
499,167746.15398250823,7.587762537573251,0.22061007832006047,17.712322968778352,0.8940943025332507,100.0,17.667706256639686,17.667706256639686,48.75043994475156,12.712322968778352,17.712322968778352,STOPPING_DISTANCE,True
500,178171.11021824979,8.458495504599677,0.5670879272604579,23.0423793112871,0.8231608307088593,inf,20.0,26.85370809133935,41.93985550437123,18.042379311287103,23.042379311287103,SITE_SPEED_LIMIT,True
501,157744.1215497422,5.911303032585165,0.21631293981343874,13.376115398900657,0.8550302016199351,inf,13.905383512554483,13.905383512554483,72.31327519509944,8.376115398900657,13.376115398900657,STOPPING_DISTANCE,True
502,164939.55526076973,6.360424687799683,0.4033346308713748,21.39594072927044,0.8794965707281264,35.0,20.0,26.129972317392728,63.76637240018696,16.395940729270443,21.395940729270443,SITE_SPEED_LIMIT,True
503,171328.14767792815,8.35825927910516,0.288723611494759,19.948596490202206,0.7711228158518866,50.0,20.0,21.6159699635227,42.62102852594108,14.948596490202208,19.948596490202206,SITE_SPEED_LIMIT,True
504,163156.0203166108,8.247878562777867,0.4621527786454789,28.204673263540403,0.04540328146869255,inf,20.0,28.82666176639058,43.39838302005083,23.2046732635404,28.2046732635404,SITE_SPEED_LIMIT,True
505,162479.10084496165,1.2786680122241756,0.30000407216437813,39.44960377321374,0.4165658284822922,50.0,20.0,40.048263334909734,150.0,34.44960377321374,39.44960377321374,SITE_SPEED_LIMIT,True
506,164592.38663449176,3.6217625479872826,0.37019608787554403,37.540772324714936,0.20357837754636043,35.0,20.0,38.58195705707829,125.99999988298863,32.540772324714936,37.540772324714936,SITE_SPEED_LIMIT,True
507,159850.32664547127,0.01473822086311416,0.63839592492975,37.82051573395984,0.22429348328504506,100.0,20.0,40.36722852269643,150.0,32.82051573395984,37.82051573395984,SITE_SPEED_LIMIT,True
508,161254.84264522453,6.4063559280258655,0.5656741287404314,23.717475706183478,0.6096310116569019,50.0,20.0,27.419403941260043,63.019860230572526,18.717475706183478,23.717475706183478,SITE_SPEED_LIMIT,True
509,170970.54701523687,8.16779466505636,0.22418820163155304,13.17262854904712,0.90194019674915,50.0,13.283281636164531,13.283281636164531,43.98119885969908,8.172628549047122,13.172628549047122,STOPPING_DISTANCE,True
510,160094.1723443016,4.05751168615061,0.30249657689511056,14.921979561009788,0.5424710034626561,inf,17.305903339954398,17.305903339954398,125.99999988298863,9.921979561009788,14.921979561009788,STOPPING_DISTANCE,True
511,162007.8703232822,5.444969591038651,0.3585624564003711,36.919437281267435,0.7806317174255571,35.0,20.0,39.65211066942182,84.84472445782274,31.919437281267438,36.919437281267435,SITE_SPEED_LIMIT,True
512,166142.8826375895,2.6884674245284335,0.4686536177461158,33.27953213385495,0.36171025485958064,inf,20.0,36.230538102408886,125.99999988298863,28.27953213385495,33.27953213385495,SITE_SPEED_LIMIT,True
513,170259.7380886146,7.59005282521931,0.2527708928413535,9.61321838299135,0.5088905555910559,inf,8.908954825488028,8.908954825488028,48.7294539558515,4.6132183829913505,9.61321838299135,STOPPING_DISTANCE,True
514,160009.69686342793,9.724199990401033,0.35565875130909147,25.19661405859727,0.18019575412814792,100.0,20.0,26.227035180291043,34.94214250545949,20.19661405859727,25.19661405859727,SITE_SPEED_LIMIT,True
515,169080.36421696923,6.945954272532854,0.6015918163255709,37.80414777451174,0.274071589342191,100.0,20.0,37.56260630463732,55.50799834337086,32.80414777451173,37.80414777451173,SITE_SPEED_LIMIT,True
516,164628.94510725304,0.5189529951841088,0.1926786695951379,11.397670101675299,0.6651461942384054,35.0,11.91921860244715,11.91921860244715,150.0,6.397670101675299,11.397670101675299,STOPPING_DISTANCE,True
517,167197.50615310113,7.270567616153901,0.6314817334879816,30.293275748115697,0.49625875288236154,100.0,20.0,32.48408081382229,51.85559870738536,25.293275748115697,30.293275748115697,SITE_SPEED_LIMIT,True
518,168894.68251756058,4.825004202353607,0.4355330449123336,27.80026920422356,0.9065722106721628,35.0,20.0,32.92612713083066,118.98894852418455,22.80026920422356,27.80026920422356,SITE_SPEED_LIMIT,True
519,164698.55504304194,2.349734049959528,0.5859948497054548,36.719195451952174,0.5464303160778473,35.0,20.0,39.946708632008594,125.99999988298863,31.71919545195218,36.71919545195218,SITE_SPEED_LIMIT,True
520,167273.9758482119,5.407345671331042,0.4080920484025693,24.33181746092291,0.4822643612521922,inf,20.0,27.853659244672237,86.11414639089256,19.331817460922913,24.331817460922913,SITE_SPEED_LIMIT,True
521,167460.094239964,5.527070757185452,0.34610026000268274,22.844915689548344,0.8652957589089124,inf,20.0,27.748529251930826,82.2405255300924,17.844915689548344,22.844915689548344,SITE_SPEED_LIMIT,True
522,162369.82578666208,6.771524124576737,0.4107923828437545,33.12631337383426,0.8164107849650307,35.0,20.0,36.20960186863945,57.71231630254537,28.126313373834257,33.12631337383426,SITE_SPEED_LIMIT,True
523,161753.04153128128,6.248740996069989,0.5914906318758949,30.72856924146869,0.9060870604812605,50.0,20.0,34.86342102369394,65.66835451383143,25.728569241468694,30.728569241468694,SITE_SPEED_LIMIT,True
524,168860.47394487646,2.47510073140412,0.18738288812169232,12.32667723545887,0.019795658347254386,35.0,11.330975058607809,11.330975058607809,125.99999988298863,7.3266772354588685,12.326677235458869,STOPPING_DISTANCE,True
525,159853.14245908963,6.212924490496102,0.5564446677065982,20.032248455094614,0.4045273855738697,50.0,20.0,23.07668023235861,66.3061631223187,15.032248455094617,20.032248455094617,SITE_SPEED_LIMIT,True
526,158236.64857078233,2.471315546613919,0.32937183753750027,21.013464166664512,0.3334625935960105,50.0,20.0,24.429962690261586,125.99999988298863,16.013464166664516,21.013464166664516,SITE_SPEED_LIMIT,True
527,162838.81080417687,3.739210470128136,0.5246070390544953,47.50018622124365,0.6714791486672069,100.0,20.0,47.68796161189507,125.99999988298863,42.50018622124365,47.50018622124365,SITE_SPEED_LIMIT,True
528,164183.39596358052,1.1619095652544598,0.5748440840306053,40.144815212674615,0.6011026956243283,inf,20.0,43.40910934671718,150.0,35.14481521267461,40.14481521267461,SITE_SPEED_LIMIT,True
529,160181.20536894695,4.32018927594506,0.32362589133933767,49.116593342398325,0.518700994380595,35.0,20.0,46.416178595785226,125.99999988298863,44.116593342398346,49.116593342398346,SITE_SPEED_LIMIT,True
530,160214.24542552477,1.031213624080758,0.6426351274643864,29.650311247249377,0.5554954241058602,50.0,20.0,34.52000437761318,150.0,24.65031124724938,29.65031124724938,SITE_SPEED_LIMIT,True
531,161786.2134852572,3.4652416795271823,0.39249669210552374,22.892557034879175,0.2053329387067998,35.0,20.0,25.98541135297996,125.99999988298863,17.89255703487918,22.89255703487918,SITE_SPEED_LIMIT,True
532,173507.60535210368,7.401613687614631,0.49236219398576486,33.38152120214532,0.6897788492481212,50.0,20.0,35.61637644500824,50.522890473715954,28.38152120214532,33.38152120214532,SITE_SPEED_LIMIT,True
533,161391.31223331374,0.7558361385406698,0.40405177660756675,47.81404493805047,0.09206698608247543,inf,20.0,46.875129421032035,150.0,42.81404493805047,47.81404493805047,SITE_SPEED_LIMIT,True
534,165884.10436069698,4.580222116682587,0.26067580322534145,9.144286395480606,0.6416319088273545,50.0,8.895866406083378,8.895866406083378,125.99999988298863,4.144286395480607,9.144286395480606,STOPPING_DISTANCE,True
535,170949.55698620583,6.100074170794857,0.20421925075281314,19.08083273961417,0.5976682827027031,35.0,18.21075345208764,18.21075345208764,68.41291302423924,14.080832739614173,19.080832739614173,STOPPING_DISTANCE,True
536,170068.37870271932,1.7408167531142926,0.23981694900218933,10.267971864087588,0.6122581507618446,100.0,10.69628942453041,10.69628942453041,150.0,5.2679718640875866,10.267971864087587,STOPPING_DISTANCE,True
537,167757.38137619762,2.026326341353432,0.5453988580461158,31.441364199923083,0.6801118854469727,inf,20.0,36.28830715996659,125.99999988298863,26.441364199923086,31.441364199923086,SITE_SPEED_LIMIT,True
538,166702.94608200248,6.274865717842793,0.6276934987946268,22.352608078954162,0.5419900748897659,100.0,20.0,25.89157757245626,65.21192148294298,17.352608078954162,22.352608078954162,SITE_SPEED_LIMIT,True
539,164451.1524809193,8.398016066644267,0.28449209960500577,13.4843272587163,0.9770069544389435,35.0,15.322104831298656,15.322104831298656,42.34811074253173,8.484327258716302,13.484327258716302,STOPPING_DISTANCE,True
540,167487.4262865283,4.98040393056869,0.41446562545313625,38.42712387078423,0.8900570254652526,35.0,20.0,41.49598593788205,106.02639170307667,33.427123870784236,38.427123870784236,SITE_SPEED_LIMIT,True
541,164342.63702164165,2.5871164215544096,0.5532067362475004,24.54814935529744,0.009054161580370979,inf,20.0,27.116759687596133,125.99999988298863,19.548149355297436,24.548149355297436,SITE_SPEED_LIMIT,True
542,169130.23585720753,2.291719512141621,0.534736433883814,29.609418464422006,0.700867635861432,35.0,20.0,34.658700040611954,125.99999988298863,24.609418464422006,29.609418464422006,SITE_SPEED_LIMIT,True
543,166795.9152459604,0.1374555401134525,0.1928812965986329,16.176931716641008,0.2708063280369726,inf,16.588656573514196,16.588656573514196,150.0,11.176931716641008,16.176931716641008,STOPPING_DISTANCE,True
544,167839.70871537566,9.11168285180079,0.4486700356487685,20.968737383576652,0.21534438138255263,35.0,20.0,22.67122686079529,38.00043400269002,15.968737383576649,20.96873738357665,SITE_SPEED_LIMIT,True
545,162099.7337931498,9.514907101767871,0.581781611473482,42.73213252293612,0.8229838050417675,100.0,20.0,41.630848783666586,35.928431796692315,37.73213252293611,42.73213252293611,SITE_SPEED_LIMIT,True
546,166197.02250267687,2.833047624249306,0.43910685491468204,40.40462765107073,0.5136110465443245,100.0,20.0,42.41592818328366,125.99999988298863,35.404627651070726,40.404627651070726,SITE_SPEED_LIMIT,True
547,165771.68343532205,0.6845871933357806,0.6222683129621751,21.70008222935575,0.584448909757426,35.0,20.0,26.88473479767403,150.0,16.70008222935575,21.70008222935575,SITE_SPEED_LIMIT,True
548,173559.68597908516,3.3360678902904315,0.6203400147212381,43.9337006329015,0.8598238353912759,50.0,20.0,46.29147539657592,125.99999988298863,38.93370063290149,43.93370063290149,SITE_SPEED_LIMIT,True
549,163845.66813077615,6.302472194561579,0.29109216605669724,16.177262393444337,0.4276013337033373,inf,17.668520777737104,17.668520777737104,64.73740317497402,11.177262393444337,16.177262393444337,STOPPING_DISTANCE,True
550,172266.30331660516,5.3502550459893286,0.3067974717378711,11.497443446015026,0.41938961166697164,100.0,12.33652623198424,12.33652623198424,88.1436942982301,6.497443446015028,11.497443446015028,STOPPING_DISTANCE,True
551,162604.74471319123,0.21913328775008956,0.25052624852602606,18.547073502544087,0.05617607734743901,50.0,19.775453320689824,19.775453320689824,150.0,13.547073502544087,18.547073502544087,STOPPING_DISTANCE,True
552,156132.47833025194,0.28311274402667785,0.20620761627620565,14.451320728232671,0.7129600078588058,50.0,16.091314052910356,16.091314052910356,150.0,9.45132072823267,14.45132072823267,STOPPING_DISTANCE,True
553,158717.46552860373,1.5949226254135829,0.16409838912862892,12.22081764220519,0.18564670490124302,35.0,11.250680666189936,11.250680666189936,150.0,7.2208176422051915,12.22081764220519,STOPPING_DISTANCE,True
554,169066.02593373987,7.46776639533718,0.5892708315685169,37.42544968899828,0.44620122097754367,inf,20.0,37.68743791142392,49.87749227385967,32.425449688998285,37.425449688998285,SITE_SPEED_LIMIT,True
555,159960.93050631284,2.4995694639762123,0.48744383520788537,28.17525468693754,0.3568859751711102,100.0,20.0,31.858502124013253,125.99999988298863,23.175254686937528,28.175254686937528,SITE_SPEED_LIMIT,True
556,159414.62928769126,0.7663580647524881,0.58984089015222,44.26861111460759,0.2160601162447664,100.0,20.0,44.91109046962998,150.0,39.268611114607594,44.268611114607594,SITE_SPEED_LIMIT,True
557,164372.7286999855,3.5442494879305486,0.6293922843867857,27.75353690398815,0.8763194331423115,35.0,20.0,33.253109549826036,125.99999988298863,22.75353690398815,27.75353690398815,SITE_SPEED_LIMIT,True
558,166639.39762079678,9.035584434325303,0.3157742552505917,8.493834919495157,0.34889007504182357,35.0,7.31338210517243,7.31338210517243,38.419533152394,3.4938349194951575,8.493834919495157,STOPPING_DISTANCE,True
559,167088.36849241893,8.379083748518037,0.5619245487830089,43.64439257072625,0.43921060124971734,50.0,20.0,41.460504033217035,42.47761892493815,38.644392570726254,43.644392570726254,SITE_SPEED_LIMIT,True
560,169234.9854384473,2.959428888586566,0.4438827631081539,25.663515517965283,0.7219292275156795,inf,20.0,30.84600820617653,125.99999988298863,20.663515517965287,25.663515517965287,SITE_SPEED_LIMIT,True
561,162913.16593197457,1.6528449014295743,0.293747923570706,5.089646084858162,0.7324010490583791,50.0,0.29394953329724866,0.29394953329724866,150.0,0.08964608485816229,5.089646084858162,STOPPING_DISTANCE,True
562,163524.55042881047,2.967866820198506,0.42083048378449034,29.361632457077093,0.4142009255718303,inf,20.0,32.995439577758226,125.99999988298863,24.361632457077086,29.361632457077086,SITE_SPEED_LIMIT,True
563,163594.90176364206,3.542713272172157,0.19447226094963405,9.740546801659994,0.5192245707802051,inf,8.940444491138809,8.940444491138809,125.99999988298863,4.740546801659992,9.740546801659992,STOPPING_DISTANCE,True
564,167124.83058123774,3.110024947326803,0.19874589650486835,12.511898186787565,0.2676007988617075,50.0,12.073860259382737,12.073860259382737,125.99999988298863,7.511898186787566,12.511898186787565,STOPPING_DISTANCE,True
565,170106.916477147,4.157751035233219,0.4893167513433283,24.30249500435649,0.6964298070361072,100.0,20.0,29.03301351804322,125.99999988298863,19.302495004356487,24.302495004356487,SITE_SPEED_LIMIT,True
566,175442.21386434961,7.53594630745753,0.21551043303602646,14.165021199770818,0.5466852550992888,35.0,13.573103908325232,13.573103908325232,49.23041566293687,9.16502119977082,14.16502119977082,STOPPING_DISTANCE,True
567,167744.39421909477,1.1539464217891737,0.3410213669880817,32.253705019553514,0.33720657556575206,inf,20.0,35.81914499919989,150.0,27.253705019553514,32.253705019553514,SITE_SPEED_LIMIT,True
568,176096.0063598089,9.804355702703717,0.3400000194992928,28.052814075956828,0.7648009724592773,100.0,20.0,29.88108887792477,34.57901808399707,23.052814075956828,28.052814075956828,SITE_SPEED_LIMIT,True
569,165191.18997480013,4.19271661166022,0.30855162271456255,5.815581847057838,0.06904590631459973,35.0,1.9403605968230022,1.9403605968230022,125.99999988298863,0.8155818470578381,5.815581847057838,STOPPING_DISTANCE,True
570,157757.04292683228,4.081190568259231,0.3776651612745305,44.852889390879795,0.7146412749087242,inf,20.0,45.86326150847621,125.99999988298863,39.852889390879795,44.852889390879795,SITE_SPEED_LIMIT,True
571,171222.4903801053,8.213883629006943,0.4697831309928391,42.949677550454744,0.33362839583686565,35.0,20.0,40.69801687429424,43.64379868548364,37.949677550454744,42.949677550454744,SITE_SPEED_LIMIT,True
572,165660.10461308778,5.315773967749932,0.5872095651868053,27.975280793420215,0.4045686564040174,100.0,20.0,30.918903300910134,89.43601395193488,22.975280793420218,27.975280793420218,SITE_SPEED_LIMIT,True
573,160999.80717801178,3.8782608991693124,0.61562090999118,41.159194675817155,0.20347274249759584,inf,20.0,41.152398647320226,125.99999988298863,36.15919467581716,41.15919467581716,SITE_SPEED_LIMIT,True
574,164682.37712692324,0.4198542890958823,0.36360315262985476,26.566704046154186,0.7430815396313801,100.0,20.0,32.645816901537586,150.0,21.566704046154186,26.566704046154186,SITE_SPEED_LIMIT,True
575,165957.69649722415,0.7410542257486707,0.5813350908177064,21.896101780992517,0.4334722327556344,inf,20.0,26.47900500049247,150.0,16.896101780992513,21.896101780992513,SITE_SPEED_LIMIT,True
576,162201.28763202258,9.425459396769053,0.23927737805263893,6.927689980360096,0.07000351213306577,50.0,3.9163066851732378,3.9163066851732378,36.36769738767297,1.9276899803600958,6.927689980360096,STOPPING_DISTANCE,True
577,161878.27305143388,3.6957419942677316,0.5529582132835816,25.890733388265122,0.656729484721608,100.0,20.0,30.553128728297658,125.99999988298863,20.89073338826512,25.89073338826512,SITE_SPEED_LIMIT,True
578,164077.37321172075,9.292884022620594,0.5909786971776896,22.065194173120204,0.8423255047499341,35.0,20.0,25.698213578081536,37.03954670939596,17.065194173120204,22.065194173120204,SITE_SPEED_LIMIT,True
579,166342.66993232403,0.6646332577627212,0.5042997557059774,39.49317722896631,0.7819599771579592,35.0,20.0,43.9917449854245,150.0,34.4931772289663,39.4931772289663,SITE_SPEED_LIMIT,True
580,172565.04633001995,3.5020299109073028,0.5654756583207368,35.486303667056276,0.014628258877675715,100.0,20.0,36.28693721097861,125.99999988298863,30.48630366705628,35.486303667056276,SITE_SPEED_LIMIT,True
581,172016.84985062596,1.698810060507353,0.3280819034438657,13.773883995513016,0.7499777984520708,35.0,17.339643814408234,17.339643814408234,150.0,8.773883995513016,13.773883995513016,STOPPING_DISTANCE,True
582,168489.51636269514,2.5823101966616004,0.4516070889603082,32.243529087841424,0.7743026829445951,50.0,20.0,37.170040938203,125.99999988298863,27.243529087841424,32.243529087841424,SITE_SPEED_LIMIT,True
583,174323.1252841154,1.5647671600360058,0.5507389891853347,26.326454905224622,0.2709426983163654,inf,20.0,30.082819129455782,150.0,21.32645490522463,26.32645490522463,SITE_SPEED_LIMIT,True
584,170549.6479794017,5.885049351589888,0.2699542629940996,13.341775058713017,0.8615137072268936,50.0,15.185877612177418,15.185877612177418,72.89833858910949,8.341775058713013,13.341775058713013,STOPPING_DISTANCE,True
585,165078.091669748,1.8792038081532303,0.289231229027585,8.463725122139333,0.38279876443638783,50.0,7.6332417330499664,7.6332417330499664,150.0,3.463725122139333,8.463725122139333,STOPPING_DISTANCE,True
586,169511.38586893323,4.507762838863638,0.4508804019181513,48.132402605048306,0.5493426449027576,35.0,20.0,47.12354221546871,125.99999988298863,43.13240260504831,48.13240260504831,SITE_SPEED_LIMIT,True
587,165491.5509611905,6.363742815333744,0.20390237245845452,19.603031007890394,0.1909265850716435,50.0,17.685894803533273,17.685894803533273,63.71177325759084,14.603031007890397,19.603031007890397,STOPPING_DISTANCE,True
588,164735.85997712615,2.78457546373573,0.5883185885296931,34.46190839103346,0.06314029292739132,35.0,20.0,35.93838832997395,125.99999988298863,29.46190839103346,34.46190839103346,SITE_SPEED_LIMIT,True
589,167761.49968839763,7.608513309307817,0.16767698939690373,13.447508256151343,0.6989488284873856,inf,11.529073784901804,11.529073784901804,48.560996667332944,8.447508256151341,13.447508256151341,STOPPING_DISTANCE,True
590,168128.15466823,1.50608103218274,0.242798026292885,14.775389890385487,0.26400434995946587,35.0,15.804480328612323,15.804480328612323,150.0,9.775389890385487,14.775389890385487,STOPPING_DISTANCE,True
591,163336.81340824522,5.5733716957300805,0.28336947826113157,6.754069429750869,0.32302734575409386,inf,4.124890936127224,4.124890936127224,80.86183861535044,1.7540694297508685,6.754069429750869,STOPPING_DISTANCE,True
592,167457.71060438655,2.0106515204994513,0.5576801088849925,28.139046800420264,0.436419598729593,35.0,20.0,32.30756760901027,125.99999988298863,23.139046800420264,28.139046800420264,SITE_SPEED_LIMIT,True
593,166675.2901454206,2.4900873610908993,0.32353956988857874,30.951607948599033,0.09491793682166971,inf,20.0,32.59646939099756,125.99999988298863,25.951607948599033,30.951607948599033,SITE_SPEED_LIMIT,True
594,166580.77978591388,9.030937278765382,0.5804717971558331,47.01069875559416,0.6742588420064991,100.0,20.0,44.11615741794871,38.445436895079915,42.01069875559417,47.01069875559417,SITE_SPEED_LIMIT,True
595,164513.3159066866,1.3008066982894695,0.2220853654282972,6.009165012292481,0.7837382510752364,100.0,2.929546064162908,2.929546064162908,150.0,1.0091650122924811,6.009165012292481,STOPPING_DISTANCE,True
596,162481.05207948032,0.13698550408914545,0.21243927364352072,8.610001090507133,0.015742912995676983,100.0,6.95530231054895,6.95530231054895,150.0,3.6100010905071325,8.610001090507133,STOPPING_DISTANCE,True
597,168110.34995153025,7.6230262450096,0.3174239255661304,6.752210750944952,0.6195262000363033,100.0,4.5204325666231755,4.5204325666231755,48.42942604254931,1.752210750944952,6.752210750944952,STOPPING_DISTANCE,True
598,171644.66659767705,9.38413743858144,0.44081723433306647,23.666680372502626,0.3905936075817822,inf,20.0,25.65866857184658,36.574389778934446,18.666680372502622,23.666680372502622,SITE_SPEED_LIMIT,True
599,173843.8589162971,3.892304716917885,0.2693703753775519,15.299395811757455,0.9281820981139515,50.0,18.224605871928386,18.224605871928386,125.99999988298863,10.299395811757456,15.299395811757456,STOPPING_DISTANCE,True
600,162539.28242402,3.714859436594342,0.5215754287248295,32.83371764231835,0.46928522732579037,35.0,20.0,35.90400623658094,125.99999988298863,27.833717642318344,32.83371764231835,SITE_SPEED_LIMIT,True
601,168127.5400841552,5.931582190394682,0.24095286851053221,7.400659864500396,0.6747863021674105,100.0,5.673421726549696,5.673421726549696,71.86899707112464,2.400659864500396,7.400659864500396,STOPPING_DISTANCE,True
602,169426.15741494496,8.63641421296616,0.33500943506860287,9.952847789050185,0.6316435150828916,100.0,10.424444878159214,10.424444878159214,40.784984892569476,4.952847789050185,9.952847789050185,STOPPING_DISTANCE,True
603,170564.732651036,6.486389567688155,0.18124131373732438,17.38796960533371,0.6359403268267109,inf,15.758643603449059,15.758643603449059,61.76500761698932,12.387969605333709,17.38796960533371,STOPPING_DISTANCE,True
604,170388.25654764572,4.138274653207958,0.15846845575447677,14.187495162570935,0.5797261570972247,35.0,13.047004310046386,13.047004310046386,125.99999988298863,9.187495162570936,14.187495162570936,STOPPING_DISTANCE,True
605,163324.31109414273,0.1914486799683668,0.5133940988034156,40.05961638781041,0.6996395696221217,inf,20.0,44.26493188840947,150.0,35.05961638781041,40.05961638781041,SITE_SPEED_LIMIT,True
606,166711.6891724481,4.548724428028682,0.6185745622037149,35.85652443201398,0.6390321589149208,50.0,20.0,38.67297012409192,125.99999988298863,30.85652443201397,35.85652443201397,SITE_SPEED_LIMIT,True
607,159484.08621345882,5.726072328820225,0.33426150244259506,17.465563594669046,0.5831908042770976,inf,20.0,20.66745752614362,76.70366974320262,12.465563594669046,17.465563594669046,SITE_SPEED_LIMIT,True
608,163437.2863144992,0.9490844126734621,0.5459240720503801,31.733725125637058,0.06652760821085524,50.0,20.0,34.3232726937256,150.0,26.733725125637065,31.733725125637065,SITE_SPEED_LIMIT,True
609,165975.12492014063,8.809730056396575,0.5306658935462814,44.7311667433425,0.211231831472931,35.0,20.0,41.07122358448174,39.72177654024214,39.7311667433425,44.7311667433425,SITE_SPEED_LIMIT,True
610,161208.58965556204,9.761869749880837,0.43140438838376943,35.7554199833379,0.800073432076868,inf,20.0,36.61047409619408,34.7705160810426,30.7554199833379,35.7554199833379,SITE_SPEED_LIMIT,True
611,166443.26965403743,4.650095175264276,0.32183792400939704,43.13245687571182,0.3352790500782957,100.0,20.0,41.443568742102435,125.99999988298863,38.132456875711824,43.132456875711824,SITE_SPEED_LIMIT,True
612,165373.88133960986,4.353936461757356,0.5342580132066577,22.81827149364222,0.8918931032565626,35.0,20.0,28.265873411893846,125.99999988298863,17.81827149364222,22.81827149364222,SITE_SPEED_LIMIT,True
613,163970.7028455983,0.7103488904400213,0.19587315540753447,14.485689569751287,0.4691072110475787,50.0,15.188802024611538,15.188802024611538,150.0,9.485689569751285,14.485689569751285,STOPPING_DISTANCE,True
614,161267.1082672988,9.423834540022769,0.23769134305011563,8.366954233773786,0.5298812610885262,35.0,6.720307537391239,6.720307537391239,36.375779362879705,3.366954233773785,8.366954233773786,STOPPING_DISTANCE,True
615,156488.93366959994,7.982931972091867,0.20987667474106964,19.681426311851606,0.2325059922078312,inf,17.326266433625836,17.326266433625836,45.3913243888691,14.681426311851604,19.681426311851602,STOPPING_DISTANCE,True
616,162685.92156830244,8.266183455024887,0.4237938403032569,21.451806545178506,0.30247902916792657,inf,20.0,23.638713757001288,43.26742787506432,16.451806545178506,21.451806545178506,SITE_SPEED_LIMIT,True
617,167975.14732917782,1.4692192358377076,0.6026306226503491,20.41903159351347,0.15492531114344266,100.0,20.0,23.68056746538198,150.0,15.419031593513466,20.419031593513466,SITE_SPEED_LIMIT,True
618,162212.8847344584,0.9858292702241234,0.5473364367871949,42.31914053565917,0.6172188058779008,50.0,20.0,45.22050333011284,150.0,37.31914053565917,42.31914053565917,SITE_SPEED_LIMIT,True
619,166182.08931179967,5.055087603898639,0.27479969710579644,11.48354537059398,0.27364041786077165,50.0,11.643191715437277,11.643191715437277,101.46479407768696,6.48354537059398,11.48354537059398,STOPPING_DISTANCE,True
620,159684.91004211502,8.754056251218342,0.6444820747320519,24.87859212369682,0.39570796357379256,100.0,20.0,26.970473231139934,40.05698204923423,19.878592123696826,24.878592123696826,SITE_SPEED_LIMIT,True
621,164416.17042102377,4.58431424131438,0.5010006512815739,37.62527343346034,0.667212337194181,inf,20.0,40.136784708267605,125.99999988298863,32.625273433460336,37.625273433460336,SITE_SPEED_LIMIT,True
622,161822.21079297797,6.642017130717857,0.15899228831831022,13.966067948374132,0.1263564813145106,35.0,11.273446135735144,11.273446135735144,59.4777903797105,8.966067948374132,13.966067948374132,STOPPING_DISTANCE,True
623,159078.1991384399,4.893925374065887,0.4723991747636542,38.373865332621904,0.4831808633136685,100.0,20.0,39.78199926082902,112.43510644968596,33.373865332621904,38.373865332621904,SITE_SPEED_LIMIT,True
624,162503.07850704313,6.580825847491903,0.3099435827237439,10.265527618607578,0.12323257571632484,100.0,9.810641981749098,9.810641981749098,60.354293988682336,5.26552761860758,10.26552761860758,STOPPING_DISTANCE,True
625,172814.443842541,1.2600202786399428,0.34028896513261836,13.838864714240783,0.17549162738135737,100.0,15.830018667825614,15.830018667825614,150.0,8.838864714240781,13.838864714240781,STOPPING_DISTANCE,True
626,163630.03459085347,7.362398101338331,0.6043621288661721,28.080367498346423,0.4027758332328999,inf,20.0,30.266371095350383,50.91397054921835,23.080367498346433,28.080367498346433,SITE_SPEED_LIMIT,True
627,154516.62150715102,6.61667259629189,0.2641754833678952,11.355059451791725,0.1852703553833237,50.0,10.933309335153725,10.933309335153725,59.83737895164638,6.3550594517917265,11.355059451791726,STOPPING_DISTANCE,True
628,169318.95912284832,8.542607889973358,0.4422948743328365,27.08442530205622,0.9031907788344291,inf,20.0,30.762370970876912,41.38551063682885,22.084425302056214,27.084425302056214,SITE_SPEED_LIMIT,True
629,159475.6860346874,3.7454824337958126,0.4285867550439747,40.89795185066963,0.08701721830278875,35.0,20.0,40.54587226057009,125.99999988298863,35.89795185066963,40.89795185066963,SITE_SPEED_LIMIT,True
630,166102.70713506933,7.294637698316637,0.4181772556997321,30.795043750231617,0.9885216479954467,100.0,20.0,34.76754425756516,51.605195549391205,25.795043750231613,30.795043750231613,SITE_SPEED_LIMIT,True
631,161588.04502857052,8.740717733051852,0.20264946930360223,16.235102873310357,0.0006533907612995549,100.0,13.649163990002958,13.649163990002958,40.138165706656885,11.23510287331036,16.23510287331036,STOPPING_DISTANCE,True
632,161615.85391806494,6.00281460528037,0.22530605755785965,7.408150831086948,0.232055739701156,inf,5.013243777075712,5.013243777075712,70.35859794784338,2.408150831086947,7.408150831086947,STOPPING_DISTANCE,True
633,154564.86490698965,0.9377652625701649,0.6222588776199224,26.875871834671585,0.04005911905069448,50.0,20.0,29.867687113426904,150.0,21.87587183467159,26.87587183467159,SITE_SPEED_LIMIT,True
634,162076.911346714,6.099415585960517,0.5750344259139306,46.6035110929355,0.5899478828018088,35.0,20.0,45.34404338294371,68.42566562522204,41.60351109293549,46.60351109293549,SITE_SPEED_LIMIT,True
635,172955.09652887558,1.544922040049258,0.4504948249423709,26.926940934502284,0.5969106905466561,100.0,20.0,31.99595687245753,150.0,21.926940934502284,26.926940934502284,SITE_SPEED_LIMIT,True
636,163971.15700985165,9.351720867264934,0.547842642215219,21.911225713073883,0.4756878180109587,100.0,20.0,24.31735232891635,36.73824313815685,16.911225713073883,21.911225713073883,SITE_SPEED_LIMIT,True
637,165706.28570043732,6.151291405411998,0.4784489033426602,45.97725727464898,0.5012756446257294,100.0,20.0,44.53268602395287,67.4378158703819,40.977257274648984,45.977257274648984,SITE_SPEED_LIMIT,True
638,154347.167600964,6.2632235165619505,0.32059639906611825,17.531182801739853,0.9283835056363074,100.0,20.0,21.384229682821175,65.41442673940213,12.531182801739856,17.531182801739856,SITE_SPEED_LIMIT,True
639,157234.33973315585,0.4961437333883745,0.3390575499850366,37.606922908143304,0.6083195000077717,inf,20.0,41.68747355024824,150.0,32.6069229081433,37.6069229081433,SITE_SPEED_LIMIT,True
640,163492.51318239563,9.223674846701028,0.5137697557397636,36.30310935593261,0.19984127128193951,100.0,20.0,35.13641092510199,37.40056913863869,31.303109355932605,36.303109355932605,SITE_SPEED_LIMIT,True
641,162323.32456491888,7.727714196650791,0.2854786259777745,15.66199962079919,0.5657815548409963,100.0,16.95114292130132,16.95114292130132,47.502249256409705,10.66199962079919,15.66199962079919,STOPPING_DISTANCE,True
642,166792.2680910481,9.273551805862972,0.4113173503928216,21.46486143005962,0.7494260059808087,100.0,20.0,24.810227360518365,37.139664444364605,16.464861430059617,21.464861430059617,SITE_SPEED_LIMIT,True
643,172669.27470516087,2.3442560001151467,0.3105363552739616,20.52876854809552,0.9614923245741122,100.0,20.0,25.772303663409932,125.99999988298863,15.528768548095524,20.528768548095524,SITE_SPEED_LIMIT,True
644,165689.22252440391,0.41499167183079444,0.5090523471237143,33.66926153709991,0.6533834984786806,inf,20.0,38.72728229743289,150.0,28.669261537099914,33.66926153709991,SITE_SPEED_LIMIT,True
645,169345.77296248448,9.471614629002477,0.5586734415787804,44.818480296320196,0.27746467972495403,100.0,20.0,40.98467306676402,36.13966025065631,39.81848029632019,44.81848029632019,SITE_SPEED_LIMIT,True
646,162722.30236988064,3.397702422988438,0.5373398408339731,25.502862039676323,0.5430214308667641,inf,20.0,29.82739791990902,125.99999988298863,20.50286203967633,25.50286203967633,SITE_SPEED_LIMIT,True
647,159558.40256485474,0.7893940294655555,0.39136698418219684,24.925916144468186,0.3433867021776442,inf,20.0,29.228173803556643,150.0,19.925916144468182,24.925916144468182,SITE_SPEED_LIMIT,True
648,158603.14752073577,5.410028989276626,0.6286487477300922,49.318058478519234,0.45281371421091676,50.0,20.0,46.95401723814926,86.02189837250857,44.31805847851924,49.31805847851924,SITE_SPEED_LIMIT,True
649,166620.2851411078,1.5047227100599747,0.4563500845404821,48.563437165283005,0.5015179603501664,50.0,20.0,48.89673607134055,150.0,43.563437165283005,48.563437165283005,SITE_SPEED_LIMIT,True
650,159261.54305092167,0.050265526098031144,0.33095326833602356,7.7043384670176565,0.6475164648433631,inf,6.924206366206226,6.924206366206226,150.0,2.7043384670176565,7.7043384670176565,STOPPING_DISTANCE,True
651,169325.99304000637,8.174078473061094,0.3194619325881612,39.06716516143815,0.006877962219649314,inf,20.0,35.299058799480605,43.93487639922649,34.067165161438155,39.067165161438155,SITE_SPEED_LIMIT,True
652,165833.30843528663,8.649626051152019,0.29342411369443866,16.225619193195453,0.8561324990137434,50.0,18.228907772986872,18.228907772986872,40.701858144365254,11.225619193195453,16.225619193195453,STOPPING_DISTANCE,True
653,170678.10073591472,2.7163318127436966,0.18692649146947382,13.57744248835024,0.34210762086359403,35.0,13.233046890771677,13.233046890771677,125.99999988298863,8.577442488350238,13.577442488350238,STOPPING_DISTANCE,True
654,159468.53243794182,8.63135537735739,0.3606700685413483,42.012259218060215,0.48581742891263147,inf,20.0,40.410445230453085,40.816907700039444,37.01225921806023,42.01225921806023,SITE_SPEED_LIMIT,True
655,164686.6773823372,2.9994206977702262,0.45184537299933547,31.82368798572377,0.16440552907887873,35.0,20.0,34.10125684522438,125.99999988298863,26.823687985723765,31.823687985723765,SITE_SPEED_LIMIT,True
656,155746.84179152575,3.9012023468833923,0.31583721615661076,20.980924148921567,0.21790870825201347,100.0,20.0,23.281424416839982,125.99999988298863,15.980924148921567,20.980924148921567,SITE_SPEED_LIMIT,True
657,167717.39689335047,8.209810172991409,0.5299606743819376,30.497236650745833,0.8983864665840349,50.0,20.0,33.745956640412324,43.673400689475244,25.497236650745833,30.497236650745833,SITE_SPEED_LIMIT,True
658,165999.05216859357,5.605798090010486,0.32895691386828474,47.419662963498375,0.25393777192369615,inf,20.0,43.70918489827039,79.93121327016506,42.419662963498375,47.419662963498375,SITE_SPEED_LIMIT,True
659,165886.09392535844,4.639816981668874,0.3461136454121447,10.341909297910016,0.21469588746335544,35.0,10.563335129734503,10.563335129734503,125.99999988298863,5.341909297910014,10.341909297910014,STOPPING_DISTANCE,True
660,160439.72948923046,8.956979631993724,0.5448968221348167,40.25750363803655,0.6169440273845019,100.0,20.0,39.53272305673217,38.86260652732104,35.25750363803655,40.25750363803655,SITE_SPEED_LIMIT,True
661,160240.40769988883,1.7252387694636206,0.4037251647296509,30.558843379223624,0.9383157286513161,50.0,20.0,36.78576214950811,150.0,25.558843379223624,30.558843379223624,SITE_SPEED_LIMIT,True
662,165387.4025925943,4.235479159918963,0.31112246952506356,40.71067945424607,0.7820507692637583,inf,20.0,41.21586273240135,125.99999988298863,35.71067945424607,40.71067945424607,SITE_SPEED_LIMIT,True
663,162846.42649769856,0.5276525785960262,0.4602751480519098,36.14050651759946,0.2265216260361057,100.0,20.0,38.8267708994163,150.0,31.140506517599473,36.140506517599476,SITE_SPEED_LIMIT,True
664,164269.70057476417,5.7443675587220575,0.28775250816227305,11.204837121020468,0.8977435665097253,100.0,12.795497836519909,12.795497836519909,76.24091248188167,6.204837121020466,11.204837121020466,STOPPING_DISTANCE,True
665,164531.81905630414,3.508191093350156,0.5820000839838763,21.315190845159254,0.328179482797612,50.0,20.0,24.808093153814557,125.99999988298863,16.315190845159258,21.315190845159258,SITE_SPEED_LIMIT,True
666,171628.98323771096,1.560358113399769,0.42541712983508584,42.55659286678724,0.9128924447365754,100.0,20.0,46.51253180191824,150.0,37.55659286678724,42.55659286678724,SITE_SPEED_LIMIT,True
667,162222.15326026035,8.084057388936909,0.4346138765925689,42.06306248370381,0.4591240232866809,35.0,20.0,40.651473616842324,44.60840062167496,37.06306248370381,42.06306248370381,SITE_SPEED_LIMIT,True
668,158493.28236582212,2.042467589121675,0.28583983024023385,5.7540337021572086,0.07656825843353898,100.0,1.8071314367878235,1.8071314367878235,125.99999988298863,0.754033702157209,5.7540337021572086,STOPPING_DISTANCE,True
669,162450.96653404558,4.755961918220083,0.3564265841912929,23.34866472512295,0.6564096035006569,50.0,20.0,27.752964238797933,125.99999988298863,18.34866472512295,23.34866472512295,SITE_SPEED_LIMIT,True
670,165172.20505852922,3.3210978330812457,0.5957018146213715,46.7645825979404,0.22398254586508115,inf,20.0,45.44796477133869,125.99999988298863,41.76458259794039,46.76458259794039,SITE_SPEED_LIMIT,True
671,166333.3638189166,9.384821582141546,0.32688106691004754,34.77999796122373,0.35466620498508283,inf,20.0,33.17187675723981,36.570948006547994,29.779997961223735,34.779997961223735,SITE_SPEED_LIMIT,True
672,160464.95920808672,6.813530132413488,0.316375045740119,47.308243606343716,0.31965205529206253,35.0,20.0,42.28858136429685,57.16412319067866,42.30824360634372,47.30824360634372,SITE_SPEED_LIMIT,True
673,158141.63151384768,1.0587431821312931,0.44461038102270184,20.97039575689493,0.6758229251040736,50.0,20.0,26.362169658240557,150.0,15.97039575689493,20.97039575689493,SITE_SPEED_LIMIT,True
674,161452.79498786226,2.780995150663564,0.20760106918480822,14.763031063874578,0.5563280072570793,inf,15.427066189351722,15.427066189351722,125.99999988298863,9.763031063874578,14.763031063874578,STOPPING_DISTANCE,True
675,159000.701389102,8.79330215678474,0.3809832227318968,30.06682309737658,0.5024272871663764,100.0,20.0,31.690219182977483,39.820080130957066,25.066823097376577,30.066823097376577,SITE_SPEED_LIMIT,True
676,163538.7239227808,2.6234296678094573,0.3172996981236067,19.08725652784161,0.05021443169045525,inf,20.0,21.14725753371313,125.99999988298863,14.08725652784161,19.08725652784161,SITE_SPEED_LIMIT,True
677,166126.32058623774,6.298206544347077,0.5633392588063257,23.144478493272025,0.5312940183509319,35.0,20.0,26.62013538192252,64.81020928647368,18.144478493272025,23.144478493272025,SITE_SPEED_LIMIT,True
678,168463.6137755843,7.809638636444353,0.45536634131196907,22.920250728110524,0.8935945864501316,100.0,20.0,27.21731361693574,46.802416665963825,17.920250728110524,22.920250728110524,SITE_SPEED_LIMIT,True
679,165759.3880480697,8.446659090902243,0.43266416988406226,24.40857678534566,0.9150607325172224,inf,20.0,28.46221925468021,42.01910824019463,19.40857678534566,24.40857678534566,SITE_SPEED_LIMIT,True
680,171274.05971734584,4.337705660180175,0.2594942979724637,16.22763858572338,0.27438460520258745,50.0,17.123356721057778,17.123356721057778,125.99999988298863,11.22763858572338,16.22763858572338,STOPPING_DISTANCE,True
681,155910.10387306422,0.3926941424165231,0.15127580868131812,17.239937240496022,0.9783547870568566,inf,17.8296060440769,17.8296060440769,150.0,12.239937240496024,17.239937240496026,STOPPING_DISTANCE,True
682,168798.56147742085,3.2434580769505574,0.19217724553615761,15.525361916249157,0.8571916570595887,inf,16.302516084413952,16.302516084413952,125.99999988298863,10.525361916249157,15.525361916249157,STOPPING_DISTANCE,True
683,171733.34861877433,2.659284506321188,0.3090193595675229,49.564953670714175,0.603528806501121,100.0,20.0,47.33495716702602,125.99999988298863,44.56495367071418,49.56495367071418,SITE_SPEED_LIMIT,True
684,162628.27279048265,4.596508196595725,0.4065723864621328,24.39427558643699,0.19809551672028958,50.0,20.0,27.12087356449152,125.99999988298863,19.39427558643699,24.39427558643699,SITE_SPEED_LIMIT,True
685,158534.29228120676,3.0721641702127087,0.4460176964976018,29.590634377765596,0.1602256009765063,35.0,20.0,32.15344889497534,125.99999988298863,24.590634377765596,29.590634377765596,SITE_SPEED_LIMIT,True
686,167861.9515558784,5.654199676077424,0.579023875402567,24.901352443380162,0.7242325476119492,50.0,20.0,29.22060377303725,78.59178086120635,19.90135244338017,24.90135244338017,SITE_SPEED_LIMIT,True
687,160797.64532157034,0.16592480632597884,0.5108573046883057,34.77734071897805,0.1630191138148862,100.0,20.0,37.56619267204546,150.0,29.777340718978053,34.77734071897805,SITE_SPEED_LIMIT,True
688,163876.2718974251,2.349942775346916,0.6318880382265277,42.35679423490632,0.3046023557741905,35.0,20.0,43.170596632818324,125.99999988298863,37.35679423490633,42.35679423490633,SITE_SPEED_LIMIT,True
689,167456.03832705997,9.264637979561849,0.31771786529417595,23.883232226306465,0.0393918336928194,35.0,20.0,23.664956059339424,37.18601615767926,18.883232226306475,23.883232226306475,SITE_SPEED_LIMIT,True
690,163209.85310126506,0.0968688274096774,0.555905070559221,43.607979091177576,0.9467560351737032,35.0,20.0,48.25187720991159,150.0,38.60797909117758,43.60797909117758,SITE_SPEED_LIMIT,True
691,161616.64598375993,0.402580030092321,0.43918954505156915,31.4758499442419,0.9738004133571495,50.0,20.0,38.31253208673388,150.0,26.4758499442419,31.4758499442419,SITE_SPEED_LIMIT,True
692,170022.96454563245,0.6188570168047525,0.49812507625685776,29.091557353174306,0.7514529444593436,100.0,20.0,35.02114203953333,150.0,24.09155735317431,29.09155735317431,SITE_SPEED_LIMIT,True
693,169233.85387608246,0.5057310382422886,0.5913272388813482,24.175455707850386,0.8056488053633419,35.0,20.0,30.489971606158125,150.0,19.175455707850393,24.175455707850393,SITE_SPEED_LIMIT,True
694,154363.8628982425,3.1755457986950173,0.16751825948118926,16.67247803344383,0.08991624485970229,inf,15.048010336108051,15.048010336108051,125.99999988298863,11.67247803344383,16.67247803344383,STOPPING_DISTANCE,True
695,155072.6948979112,8.706884554574394,0.19222518851160747,8.758621160600844,0.7524683375864943,35.0,7.049399855610064,7.049399855610064,40.345628968812534,3.758621160600844,8.758621160600844,STOPPING_DISTANCE,True
696,161949.88511250823,8.706338814834906,0.5546352305787833,39.15891196500373,0.48439118560084926,100.0,20.0,38.42217804617094,40.34899351369591,34.15891196500374,39.15891196500374,SITE_SPEED_LIMIT,True
697,158812.86680888713,5.719958782835928,0.5660563254265556,41.244454818499385,0.15389990469377368,inf,20.0,40.13872938408328,76.85986564446242,36.244454818499385,41.244454818499385,SITE_SPEED_LIMIT,True
698,165547.04235916486,7.339053770018694,0.44270051973282887,20.595144191744645,0.12556557863725137,50.0,20.0,22.47689069081219,51.149860553182656,15.595144191744641,20.59514419174464,SITE_SPEED_LIMIT,True
699,172838.98065598236,1.9343534295648257,0.39093984827910483,33.867701656531324,0.8860861088135163,inf,20.0,39.32820676880816,150.0,28.86770165653133,33.86770165653133,SITE_SPEED_LIMIT,True
700,160702.49980099913,3.1191190553670523,0.17222742946640246,10.495018216592957,0.6481050345341234,inf,9.864549197025744,9.864549197025744,125.99999988298863,5.495018216592957,10.495018216592957,STOPPING_DISTANCE,True
701,169876.5622923899,6.73092130911217,0.4389472567726159,42.09577012622073,0.15631697070886086,50.0,20.0,40.23775284348639,58.25329121712596,37.095770126220735,42.095770126220735,SITE_SPEED_LIMIT,True
702,167578.1404422198,5.351523336803503,0.1569878492811977,8.691065834516188,0.9897564134093346,35.0,7.309346910873622,7.309346910873622,88.09715723890812,3.6910658345161877,8.691065834516188,STOPPING_DISTANCE,True
703,168026.1185050913,5.778070502510847,0.4013038325668208,43.97456954200256,0.46768121248487704,50.0,20.0,43.25712545619611,75.40623294834049,38.974569542002556,43.974569542002556,SITE_SPEED_LIMIT,True
704,170577.16648690568,4.343614981412177,0.5165702269643517,25.089886480844694,0.6653652084189043,inf,20.0,29.611300810449954,125.99999988298863,20.08988648084469,25.08988648084469,SITE_SPEED_LIMIT,True
705,163138.40473531038,9.344330387534415,0.5881456244380106,36.00894441867034,0.5561906926300116,inf,20.0,36.127117649639075,36.77581151012331,31.00894441867034,36.00894441867034,SITE_SPEED_LIMIT,True
706,167186.5659351948,6.031921656146675,0.38875444094872924,28.56202462186753,0.4709500587725145,100.0,20.0,31.420527780287582,69.7627741884068,23.562024621867536,28.562024621867536,SITE_SPEED_LIMIT,True
707,168317.23864575755,2.530263409202532,0.3359949072551168,43.950307242749155,0.12595519637935826,inf,20.0,43.11148187338657,125.99999988298863,38.95030724274915,43.95030724274915,SITE_SPEED_LIMIT,True
708,161378.76733970828,0.932714467781699,0.3472780511790162,48.37204223953131,0.15177540985110205,100.0,20.0,47.44653129111942,150.0,43.37204223953131,48.37204223953131,SITE_SPEED_LIMIT,True
709,173336.1205577557,6.825324595377216,0.4501718292559331,30.891162790809435,0.27592269438054684,35.0,20.0,32.34121882639003,57.012245944999165,25.891162790809428,30.891162790809428,SITE_SPEED_LIMIT,True
710,172616.1931085613,0.18386142151597284,0.6300716640924401,25.88300102320271,0.3238195749024314,inf,20.0,30.25569155383457,150.0,20.883001023202713,25.883001023202713,SITE_SPEED_LIMIT,True
711,160958.90795606683,0.5994330086130828,0.2711993934542051,10.893818434737835,0.8494464062257355,100.0,12.774878033174524,12.774878033174524,150.0,5.893818434737835,10.893818434737835,STOPPING_DISTANCE,True
712,168549.64564600264,1.1344081710391674,0.36420834040258027,49.86091483652099,0.5941418627564575,inf,20.0,50.434425240042415,150.0,44.86091483652098,49.86091483652098,SITE_SPEED_LIMIT,True
713,162910.45227117054,0.13682414760681105,0.2017183182269568,8.671942400217727,0.027852240821074403,inf,7.007085890683621,7.007085890683621,150.0,3.6719424002177266,8.671942400217727,STOPPING_DISTANCE,True
714,154870.96063444312,7.774554671823855,0.5534890846246967,35.27812100698451,0.4925990052218141,50.0,20.0,36.13522595651741,47.09943691905588,30.278121006984513,35.27812100698451,SITE_SPEED_LIMIT,True
715,166095.55300017205,0.504167736022092,0.501908420458923,45.067294438486975,0.5639195667556237,inf,20.0,47.240141854475894,150.0,40.067294438486975,45.067294438486975,SITE_SPEED_LIMIT,True
716,165385.72392941563,3.6275360039915205,0.593937123271221,29.601334773335292,0.1274856801402462,50.0,20.0,31.85478604869567,125.99999988298863,24.601334773335296,29.601334773335296,SITE_SPEED_LIMIT,True
717,164135.99131301767,1.4328145870264108,0.40267369750435344,37.16234750759162,0.5254703073558932,inf,20.0,40.60605668356388,150.0,32.16234750759162,37.16234750759162,SITE_SPEED_LIMIT,True
718,168859.60077418337,9.944152675588734,0.40776023370568726,32.24665627366754,0.8375308340760557,inf,20.0,34.05414808777249,33.96395250711589,27.246656273667533,32.24665627366753,SITE_SPEED_LIMIT,True
719,164421.73215725884,0.011120941961874076,0.1935782759253488,17.23795517291894,0.6618345851139982,inf,18.6822654306214,18.6822654306214,150.0,12.237955172918943,17.237955172918944,STOPPING_DISTANCE,True
720,166262.94963689544,1.2777465278999045,0.3148644682397866,24.906493989608848,0.6846261942649663,35.0,20.0,29.644608043481682,150.0,19.906493989608848,24.906493989608848,SITE_SPEED_LIMIT,True
721,168327.0841184589,3.4273092542790717,0.16888377953209618,11.05593201968485,0.8315183331122236,100.0,10.728194666612392,10.728194666612392,125.99999988298863,6.0559320196848505,11.05593201968485,STOPPING_DISTANCE,True
722,174706.08718231873,4.989711169137659,0.32885302365128277,19.321791862357664,0.6449029052923559,inf,20.0,22.993547306155477,105.4171551645175,14.321791862357664,19.321791862357664,SITE_SPEED_LIMIT,True
723,163112.2267179552,0.0003071884538241587,0.42480866159517194,37.04616706462723,0.25448133161826025,50.0,20.0,39.88682004323308,150.0,32.04616706462722,37.04616706462722,SITE_SPEED_LIMIT,True
724,166383.61486294158,0.9209875419958979,0.6130415360269775,41.6874348990752,0.8236064207981895,35.0,20.0,45.76064484339648,150.0,36.6874348990752,41.6874348990752,SITE_SPEED_LIMIT,True
725,160691.4846487187,5.488728015425997,0.512497348309252,22.09905855344276,0.3887263478765467,35.0,20.0,25.319976453485207,83.42995193917307,17.099058553442756,22.099058553442756,SITE_SPEED_LIMIT,True
726,165150.15739582042,3.898997462910806,0.3483054204570181,26.602131978953853,0.08103861046505678,100.0,20.0,28.944138100647912,125.99999988298863,21.602131978953857,26.602131978953857,SITE_SPEED_LIMIT,True
727,164842.4383778849,5.3187176650501655,0.6484491151717408,44.31283379317469,0.5827144493446815,35.0,20.0,44.221987872008796,89.32359013136478,39.31283379317468,44.31283379317468,SITE_SPEED_LIMIT,True
728,166373.70951373174,3.200273165623919,0.41140643314232156,26.44075720577298,0.48903577530762,inf,20.0,30.562595734295993,125.99999988298863,21.44075720577298,26.44075720577298,SITE_SPEED_LIMIT,True
729,159233.2474470202,1.3320992413662869,0.3449140517660676,33.457831540947886,0.5784925082293301,inf,20.0,37.84334202865074,150.0,28.457831540947883,33.45783154094788,SITE_SPEED_LIMIT,True
730,170686.57271182365,5.726428531155846,0.31081913392671856,16.55345733393911,0.42593770846693946,100.0,18.652755693173397,18.652755693173397,76.6945934053883,11.553457333939111,16.55345733393911,STOPPING_DISTANCE,True
731,168725.152814564,1.8663993979768256,0.20690827713538673,6.156034019123368,0.4430337063376194,35.0,2.914124773487627,2.914124773487627,150.0,1.1560340191233671,6.156034019123367,STOPPING_DISTANCE,True
732,172197.22857576568,7.965085197237084,0.19520663935773042,15.464359922938474,0.5510509532949324,50.0,13.93065038981597,13.93065038981597,45.53250328514725,10.464359922938476,15.464359922938476,STOPPING_DISTANCE,True
733,164730.4757549713,5.8556372879330185,0.3301112549615301,29.361848940834722,0.05702691400361937,100.0,20.0,30.01959080091774,73.56750647831709,24.361848940834726,29.361848940834726,SITE_SPEED_LIMIT,True
734,160088.48209811343,9.75473028314022,0.3233428584919071,26.33739333223939,0.04809231041203543,50.0,20.0,25.672457924437634,34.8029104443267,21.337393332239387,26.337393332239387,SITE_SPEED_LIMIT,True
735,174854.321353589,2.5231192706968706,0.2727275805978767,18.84969073819171,0.8979352934437369,inf,20.0,22.57442765247902,125.99999988298863,13.849690738191711,18.84969073819171,SITE_SPEED_LIMIT,True
736,164902.6565046145,5.447722269827889,0.3287270506692267,11.10597430065257,0.0746384310794288,100.0,11.185761223562364,11.185761223562364,84.75382745269687,6.105974300652569,11.10597430065257,STOPPING_DISTANCE,True
737,158170.8792229228,7.017382738772572,0.425517553683757,30.04090868069699,0.9113391900786307,50.0,20.0,33.96590023101852,54.657245660237976,25.040908680696997,30.040908680696997,SITE_SPEED_LIMIT,True
738,164255.15345116353,7.323884465975548,0.641312991591428,46.584847216007574,0.8332043565966744,50.0,20.0,45.58129339542005,51.30440050955862,41.58484721600758,46.58484721600758,SITE_SPEED_LIMIT,True
739,171118.55170334646,3.9593722619594987,0.4589642819578471,39.03142061400955,0.41227972783166555,50.0,20.0,40.42001656577203,125.99999988298863,34.03142061400955,39.03142061400955,SITE_SPEED_LIMIT,True
740,159125.7934580853,5.504717771029405,0.4112938929691172,40.55066787019469,0.5797311661341921,35.0,20.0,41.467578592275316,82.92845127772539,35.550667870194694,40.550667870194694,SITE_SPEED_LIMIT,True
741,162030.94295965647,3.3930526730956743,0.3566730523212748,27.76692444438013,0.658102218056492,35.0,20.0,32.40848734247254,125.99999988298863,22.76692444438013,27.76692444438013,SITE_SPEED_LIMIT,True
742,164171.84294841185,1.0633729734822717,0.3382096520076754,10.136298618933445,0.8726550721760554,50.0,12.217687773628894,12.217687773628894,150.0,5.136298618933445,10.136298618933445,STOPPING_DISTANCE,True
743,163933.35100345366,3.8727441142484134,0.4547116973258932,34.686062281871344,0.648233468807846,50.0,20.0,38.09213480969999,125.99999988298863,29.68606228187135,34.68606228187135,SITE_SPEED_LIMIT,True
744,169799.78337216872,4.553831354806076,0.5556723671188049,23.67321962358562,0.13535543497328406,35.0,20.0,26.22225044245695,125.99999988298863,18.67321962358562,23.67321962358562,SITE_SPEED_LIMIT,True
745,164612.78269637004,6.018067339454473,0.44051162268116517,31.1781491339534,0.3380844093662614,35.0,20.0,33.11849536197222,70.04488298077138,26.178149133953404,31.178149133953404,SITE_SPEED_LIMIT,True
746,159023.5311820038,1.6253798746870785,0.31333020520976174,35.40295893192095,0.6199685648741642,50.0,20.0,38.26883049526603,150.0,30.402958931920953,35.40295893192095,SITE_SPEED_LIMIT,True
747,165403.9581486099,5.952297327194016,0.5019435643461887,44.23608775762275,0.3454808537234457,100.0,20.0,42.8432814104279,71.42184514794499,39.236087757622755,44.236087757622755,SITE_SPEED_LIMIT,True
748,161594.7241969266,2.954679246267593,0.5374371599260546,28.848665345963926,0.5927709408701848,35.0,20.0,33.27529858537838,125.99999988298863,23.848665345963926,28.848665345963926,SITE_SPEED_LIMIT,True
749,157115.01758904502,1.4346945701802005,0.23655429686836377,11.81504848709108,0.5956798241615295,35.0,12.858076948619287,12.858076948619287,150.0,6.8150484870910795,11.81504848709108,STOPPING_DISTANCE,True
750,160985.8777802458,5.2366341605461075,0.24398307440671907,19.360557041920814,0.502490876826932,50.0,20.0,20.066255505438157,92.62013573024421,14.36055704192081,19.36055704192081,SITE_SPEED_LIMIT,True
751,164770.6937031549,6.300931268616634,0.5742143460172437,42.28938077532302,0.27706924971339963,100.0,20.0,41.057913113168865,64.76368205610665,37.28938077532302,42.28938077532302,SITE_SPEED_LIMIT,True
752,160843.64613023846,6.784911686505812,0.3475499078198377,19.539486574985176,0.3256848020639532,50.0,20.0,22.10548734532664,57.53635577704757,14.539486574985176,19.539486574985176,SITE_SPEED_LIMIT,True
753,167179.87694750022,5.806452259096341,0.5352877405529681,47.11717617118518,0.481277951219237,35.0,20.0,45.40386986709879,74.72053228888663,42.11717617118518,47.11717617118518,SITE_SPEED_LIMIT,True
754,152338.76957390158,7.859252762089134,0.41964654992433226,32.806920193083414,0.8738749555210183,inf,20.0,35.65889399324339,46.38906137030573,27.80692019308341,32.806920193083414,SITE_SPEED_LIMIT,True
755,162050.4535106712,1.3217965775387175,0.5253848028066648,24.79350378712257,0.380951845023475,50.0,20.0,29.10305714265781,150.0,19.793503787122567,24.793503787122567,SITE_SPEED_LIMIT,True
756,169221.4161404871,1.2709624021843924,0.24186628816010852,13.517764066220424,0.7521286995435712,50.0,15.604322515598474,15.604322515598474,150.0,8.517764066220424,13.517764066220424,STOPPING_DISTANCE,True
757,161963.22783393893,8.204875844802748,0.5058001622003699,42.1853364927584,0.3531028889383895,35.0,20.0,40.26666984064542,43.7093149887398,37.1853364927584,42.1853364927584,SITE_SPEED_LIMIT,True
758,164613.89477388476,0.6810902472352254,0.33707563226142345,14.817844831697295,0.466116292658489,100.0,18.11501281353248,18.11501281353248,150.0,9.817844831697297,14.817844831697297,STOPPING_DISTANCE,True
759,157392.01578683665,9.579458599261375,0.5117813314891885,29.350122119548015,0.22048763941474925,100.0,20.0,29.838123785419473,35.61816445257515,24.350122119548015,29.350122119548015,SITE_SPEED_LIMIT,True
760,173733.69468754172,4.783354816705558,0.31392191061316,5.945949802679772,0.8248537674871036,35.0,2.878084943805724,2.878084943805724,124.09382618810984,0.9459498026797719,5.945949802679772,STOPPING_DISTANCE,True
761,165704.9134980603,2.2677262531964573,0.3280370043133608,34.99348895118657,0.4418337048019546,100.0,20.0,37.52495163419781,125.99999988298863,29.993488951186563,34.99348895118656,SITE_SPEED_LIMIT,True
762,172943.134640218,1.4296087760075216,0.38545656305065357,38.403209217661825,0.5980091173287496,inf,20.0,41.91787735836032,150.0,33.40320921766183,38.40320921766183,SITE_SPEED_LIMIT,True
763,166430.9737952401,4.832942849663252,0.5937013128247635,22.225284518136824,0.1453266924205041,inf,20.0,24.772028590308853,118.13687220845374,17.225284518136824,22.225284518136824,SITE_SPEED_LIMIT,True
764,152507.53206064276,0.07334150836180275,0.26065812792459997,6.161422678843178,0.520449404165286,100.0,3.1044129639165554,3.1044129639165554,150.0,1.1614226788431778,6.161422678843178,STOPPING_DISTANCE,True
765,165783.4686412326,9.597910204048501,0.1696015369561482,7.1912681779968395,0.04406586157038139,35.0,3.8391068952539236,3.8391068952539236,35.53048923846336,2.1912681779968404,7.19126817799684,STOPPING_DISTANCE,True
766,170117.65322092673,9.027637879645088,0.4579176170077533,28.620499402662723,0.3303914736656165,inf,20.0,29.833047250654555,38.463850038014364,23.62049940266273,28.62049940266273,SITE_SPEED_LIMIT,True
767,162560.03341896387,0.7718753022646796,0.1753888827509945,12.644918294857577,0.12328377929894685,inf,11.989463098171143,11.989463098171143,150.0,7.644918294857577,12.644918294857577,STOPPING_DISTANCE,True
768,169104.834421842,6.805581617791015,0.1618211641751309,12.473368355008116,0.6907263151132631,35.0,10.7586837383324,10.7586837383324,57.266977353505794,7.473368355008116,12.473368355008116,STOPPING_DISTANCE,True
769,169889.077748431,0.7675806188873802,0.2840868667593835,5.1884349632581035,0.6418195168014353,100.0,0.5862261115661902,0.5862261115661902,150.0,0.18843496325810327,5.1884349632581035,STOPPING_DISTANCE,True
770,154471.7652907984,7.659715748551791,0.5285405226677787,23.615540554336715,0.5796190972281366,inf,20.0,26.809417490360882,48.10015160579234,18.615540554336707,23.615540554336707,SITE_SPEED_LIMIT,True
771,165551.94819553848,7.286562842366027,0.22862942589880303,19.19136844697529,0.23692399389672347,35.0,17.982182938596683,17.982182938596683,51.688909694664176,14.191368446975293,19.191368446975293,STOPPING_DISTANCE,True
772,167537.10463916644,0.5097487702244241,0.372724197336592,32.788810177804024,0.587697018287546,35.0,20.0,37.63286946712798,150.0,27.788810177804013,32.78881017780401,SITE_SPEED_LIMIT,True
773,169077.50511222132,0.727349477786684,0.2199875707141428,17.62703659570622,0.7824258122127878,100.0,19.965278375304067,19.965278375304067,150.0,12.627036595706219,17.62703659570622,STOPPING_DISTANCE,True
774,164759.55746334614,3.249227944066413,0.636565532466158,35.92830031621329,0.730243334357868,inf,20.0,39.721382812346235,125.99999988298863,30.92830031621329,35.92830031621329,SITE_SPEED_LIMIT,True
775,157363.52154786096,9.782206685265583,0.3098315942209564,13.140135562050425,0.3341927141731099,100.0,13.564170971932288,13.564170971932288,34.67857907887549,8.140135562050427,13.140135562050427,STOPPING_DISTANCE,True
776,156489.3280001265,2.7265064731248465,0.4302420753345946,37.92029538025103,0.5218843281579432,inf,20.0,40.61197508153236,125.99999988298863,32.92029538025103,37.92029538025103,SITE_SPEED_LIMIT,True
777,161022.21466029558,4.1581856801841095,0.4409588196613907,29.686478677460983,0.5196116758030075,50.0,20.0,33.27671335524132,125.99999988298863,24.68647867746098,29.68647867746098,SITE_SPEED_LIMIT,True
778,167121.96968930506,0.5917707186354182,0.5691220155999089,33.47611747976781,0.9940816546455755,inf,20.0,40.09187152593881,150.0,28.4761174797678,33.4761174797678,SITE_SPEED_LIMIT,True
779,171840.49240881906,4.838025398606472,0.42523393726745756,23.82752900202501,0.5937806319434522,100.0,20.0,27.959990767186973,117.60728250000635,18.827529002025006,23.827529002025006,SITE_SPEED_LIMIT,True
780,159156.29485753438,2.4380193771017957,0.369584921328091,34.51564908942798,0.3150105071834246,inf,20.0,37.1464559536104,125.99999988298863,29.51564908942799,34.51564908942799,SITE_SPEED_LIMIT,True
781,168394.73493881116,0.25199094821069634,0.5730744269874717,20.967433499442322,0.5638929210554023,50.0,20.0,26.100475287192193,150.0,15.967433499442318,20.96743349944232,SITE_SPEED_LIMIT,True
782,160937.9882553129,3.305610023062908,0.44434107116375315,38.51315275231445,0.19575560640562462,inf,20.0,39.422839348459895,125.99999988298863,33.51315275231444,38.51315275231444,SITE_SPEED_LIMIT,True
783,163689.27428066047,1.331821256675234,0.23381989458341704,16.75998580484227,0.5992992870063887,35.0,18.73855826195498,18.73855826195498,150.0,11.759985804842273,16.759985804842273,STOPPING_DISTANCE,True
784,177207.52171084733,1.827511659874359,0.23310281261241317,19.35702834495079,0.9080150893749742,35.0,20.0,22.10194979295906,150.0,14.357028344950788,19.357028344950788,SITE_SPEED_LIMIT,True
785,168202.71467537386,1.744092671114995,0.33199769713599836,26.224227083776793,0.6256819122613526,35.0,20.0,31.052256033436883,150.0,21.224227083776793,26.224227083776793,SITE_SPEED_LIMIT,True
786,165615.39100828092,3.616470948410445,0.20072255417194163,10.641890715524298,0.642086507352399,35.0,10.448748214127221,10.448748214127221,125.99999988298863,5.641890715524298,10.641890715524298,STOPPING_DISTANCE,True
787,169681.04504789974,5.969452234131726,0.4503856771743018,41.45724904818661,0.7498599312882688,100.0,20.0,42.57081658773013,71.0565246571228,36.4572490481866,41.4572490481866,SITE_SPEED_LIMIT,True
788,165924.0515124487,2.557437015483004,0.18292410264730097,19.73394314300516,0.18117185085002008,inf,18.562224965716354,18.562224965716354,125.99999988298863,14.733943143005153,19.733943143005153,STOPPING_DISTANCE,True
789,160923.12185841938,5.551337867531885,0.4492749115346514,31.459623325872474,0.6154207798208354,inf,20.0,34.608675424159145,81.5103755281493,26.459623325872478,31.459623325872478,SITE_SPEED_LIMIT,True
790,159668.82534050388,1.7732655322393942,0.5704348458448583,37.5382236222351,0.7148995340913137,50.0,20.0,41.612947016193914,150.0,32.5382236222351,37.5382236222351,SITE_SPEED_LIMIT,True
791,161404.96666159297,8.118661240103798,0.2798757640473245,5.623796116078705,0.6688765310406853,35.0,1.813291556530206,1.813291556530206,44.34695486683399,0.6237961160787056,5.623796116078705,STOPPING_DISTANCE,True
792,157184.55250919794,2.9353479245866043,0.21655617379215908,16.96989618916961,0.5574049643141872,35.0,17.886474630538103,17.886474630538103,125.99999988298863,11.96989618916961,16.96989618916961,STOPPING_DISTANCE,True
793,176518.19376052395,6.630272037231474,0.6261091411607779,35.55799720230368,0.9969494174116696,50.0,20.0,38.90466446309709,59.64383302163333,30.55799720230368,35.55799720230368,SITE_SPEED_LIMIT,True
794,157602.77888430137,2.083995736183316,0.2776977569598271,10.981761921859219,0.3197431954076949,inf,11.45003521061593,11.45003521061593,125.99999988298863,5.981761921859219,10.981761921859219,STOPPING_DISTANCE,True
795,163616.82065419276,2.206510596217485,0.32182235152938327,11.215638191311125,0.5000582591910867,inf,12.669777069162866,12.669777069162866,125.99999988298863,6.215638191311126,11.215638191311125,STOPPING_DISTANCE,True
796,167254.45687606258,3.5657132595081906,0.31410113100708975,46.027664461074906,0.5122147076770516,50.0,20.0,44.34257007636483,125.99999988298863,41.027664461074906,46.027664461074906,SITE_SPEED_LIMIT,True
797,158252.11894224235,9.765610233229044,0.6270903582504305,34.052115967628524,0.30338554362913317,100.0,20.0,33.61512200259819,34.7535688565299,29.052115967628524,34.052115967628524,SITE_SPEED_LIMIT,True
798,162923.93116047364,8.862882164557176,0.18037723446732604,11.811702706847372,0.32855814988579846,100.0,9.534268735583476,9.534268735583476,39.407138353474444,6.811702706847372,11.811702706847372,STOPPING_DISTANCE,True
799,166909.83228762046,7.2930980047720615,0.3723862625966887,30.87772580564666,0.5044559416693554,50.0,20.0,32.98024045322466,51.621135540045785,25.877725805646655,30.877725805646655,SITE_SPEED_LIMIT,True
800,160892.65235485174,1.4722707441051697,0.21265329531612207,14.296145729980138,0.6360684203522257,50.0,15.569845409527987,15.569845409527987,150.0,9.296145729980136,14.296145729980136,STOPPING_DISTANCE,True
801,157285.99242395177,1.9863161386186912,0.6182384430529473,40.25242489981273,0.3702321856845767,35.0,20.0,42.06570992135315,150.0,35.25242489981273,40.25242489981273,SITE_SPEED_LIMIT,True
802,161836.2248505748,3.2373082561042366,0.3501064752339175,39.43372251894764,0.6577161472759535,inf,20.0,42.12553247737032,125.99999988298863,34.43372251894765,39.43372251894765,SITE_SPEED_LIMIT,True
803,157459.06072823037,0.6243132727778034,0.33815476547432505,26.877814434719735,0.248539820927426,inf,20.0,30.713307645302535,150.0,21.877814434719735,26.877814434719735,SITE_SPEED_LIMIT,True
804,159215.10762428853,5.9996785826106604,0.49107323665815,26.854108940042472,0.9262052018843451,100.0,20.0,31.686167905043934,70.42351094048472,21.85410894004247,26.85410894004247,SITE_SPEED_LIMIT,True
805,167040.2642341838,1.4669511401518154,0.630758422603199,36.064528110532805,0.6825404787671571,35.0,20.0,40.41881168591333,150.0,31.064528110532805,36.064528110532805,SITE_SPEED_LIMIT,True
806,167753.9878613683,0.5377231166198337,0.3809479749105844,35.12106429083367,0.24357112586463192,50.0,20.0,38.06398571570725,150.0,30.121064290833672,35.12106429083367,SITE_SPEED_LIMIT,True
807,169949.30070293,8.614180460955174,0.3404773504797449,11.178501472200661,0.32882261784860933,inf,11.619004631362724,11.619004631362724,40.92567585144192,6.17850147220066,11.17850147220066,STOPPING_DISTANCE,True
808,161924.06162142198,2.356228511916484,0.6049380695895284,47.46083648158297,0.28944089496820824,50.0,20.0,46.713275824264485,125.99999988298863,42.46083648158296,47.46083648158296,SITE_SPEED_LIMIT,True
809,170147.2874079918,6.777232412013205,0.32460862940304064,16.354163126081886,0.168858463370395,inf,17.736466894951107,17.736466894951107,57.637144689224655,11.35416312608189,16.35416312608189,STOPPING_DISTANCE,True
810,169361.57690014224,8.596795850803328,0.37619937954235305,48.17624823299354,0.08815215813664445,100.0,20.0,42.9079530465882,41.03638756167145,43.17624823299353,48.17624823299353,SITE_SPEED_LIMIT,True
811,166694.4579910926,5.489096316400717,0.2940767997172892,13.513810657565969,0.5111136384895005,100.0,15.038054431491906,15.038054431491906,83.41831024412068,8.513810657565967,13.513810657565967,STOPPING_DISTANCE,True
812,163329.31775770077,4.772000794179613,0.6434345591094117,40.68783627667951,0.9324889235898018,100.0,20.0,43.468421385451286,125.73707159411155,35.68783627667952,40.68783627667952,SITE_SPEED_LIMIT,True
813,171090.97355877128,3.629828404038716,0.5538800600822001,44.567580027065304,0.11259046652919447,50.0,20.0,43.30815475186748,125.99999988298863,39.567580027065304,44.567580027065304,SITE_SPEED_LIMIT,True
814,170286.84152689113,3.0630099688753756,0.16418319189759584,19.674853363065807,0.34979606180759193,50.0,17.912232385902207,17.912232385902207,125.99999988298863,14.674853363065804,19.674853363065804,STOPPING_DISTANCE,True
815,158072.85865942755,2.4879178873917707,0.40439535898194295,47.3926198769868,0.7755052967189994,inf,20.0,48.820033229258506,125.99999988298863,42.39261987698679,47.39261987698679,SITE_SPEED_LIMIT,True
816,168966.42702582563,5.826286460403656,0.6190301540530478,49.79633685560665,0.2215172721131058,50.0,20.0,46.057991747125676,74.2503061919287,44.79633685560664,49.79633685560664,SITE_SPEED_LIMIT,True
817,157820.45238065737,3.4409161784944207,0.4542327091985028,28.42447267871863,0.8799146267270145,100.0,20.0,33.92139016384736,125.99999988298863,23.42447267871863,28.42447267871863,SITE_SPEED_LIMIT,True
818,158420.92091786247,1.2188808253227046,0.32209546822278823,23.71376027335764,0.39675505645552933,50.0,20.0,27.593160126239187,150.0,18.713760273357643,23.713760273357643,SITE_SPEED_LIMIT,True
819,166074.132530583,5.953663701568726,0.44776728185823733,23.681554429673557,0.7850639210464312,100.0,20.0,28.18481437463336,71.39258364703504,18.68155442967356,23.68155442967356,SITE_SPEED_LIMIT,True
820,162191.08752584993,8.950566039998332,0.5357413023459868,43.39591111387029,0.13736174596867423,inf,20.0,39.86470544268349,38.89922593709082,38.395911113870284,43.395911113870284,SITE_SPEED_LIMIT,True
821,169290.07097651073,5.128747423052678,0.26921002315219,19.43845442374296,0.995734452051323,35.0,20.0,22.411681420855754,97.56312137950209,14.43845442374296,19.43845442374296,SITE_SPEED_LIMIT,True
822,160859.01863517382,2.596032837084785,0.22528299250413877,5.073969070060236,0.5707614809590734,35.0,0.22579141888069912,0.22579141888069912,125.99999988298863,0.07396907006023605,5.073969070060236,STOPPING_DISTANCE,True
823,157954.46536122012,0.002270382182555375,0.5953577939308252,46.175069198638724,0.7422922314869471,100.0,20.0,49.178029942192055,150.0,41.17506919863874,46.17506919863874,SITE_SPEED_LIMIT,True
824,162956.82043731664,7.528486558822063,0.6066673673943446,37.978663429932396,0.7227846006215212,100.0,20.0,39.124431776775246,49.30034352879972,32.97866342993239,37.97866342993239,SITE_SPEED_LIMIT,True
825,160024.2575907331,5.1239282073210655,0.4311887235224992,20.697435835638355,0.6213306241557073,inf,20.0,24.811056292439112,97.80357482682915,15.697435835638355,20.697435835638355,SITE_SPEED_LIMIT,True
826,164092.48418932167,2.344994776740937,0.6212443090827435,38.72205575258702,0.10802895749157926,50.0,20.0,39.622902201124795,125.99999988298863,33.722055752587025,38.722055752587025,SITE_SPEED_LIMIT,True
827,164467.56058409726,8.024017844513242,0.4554641924074283,20.356000239097426,0.6755867735674388,50.0,20.0,23.840664533822654,45.06977878700943,15.35600023909743,20.35600023909743,SITE_SPEED_LIMIT,True
828,162731.0375741796,8.77452126603169,0.5350557100286241,39.79325755664412,0.03172249181603115,50.0,20.0,37.191641671853525,39.933084093891104,34.79325755664412,39.79325755664412,SITE_SPEED_LIMIT,True
829,166386.7923098234,4.832320758754351,0.5640992764220079,49.410317542473386,0.24860488461330632,35.0,20.0,46.492109028383545,118.20252330880615,44.41031754247339,49.41031754247339,SITE_SPEED_LIMIT,True
830,164888.60510408142,8.865025266419025,0.6020228377288461,22.93891223958788,0.2670750074563324,50.0,20.0,24.761149466351533,39.394560567475864,17.93891223958788,22.93891223958788,SITE_SPEED_LIMIT,True
831,157894.2342992719,8.188692705204716,0.5896332928838359,20.179877398059446,0.0005979388347953085,35.0,20.0,21.48540162568845,43.82753812674433,15.179877398059448,20.179877398059446,SITE_SPEED_LIMIT,True
832,162414.3145977562,9.513968619791061,0.25751692513851315,11.165940951634429,0.18492029746714433,50.0,10.12636887937685,10.12636887937685,35.932983772940936,6.165940951634428,11.165940951634429,STOPPING_DISTANCE,True
833,156144.65723455953,4.1739478232914795,0.6065667237499631,21.959009615623483,0.9052989990105155,35.0,20.0,27.489279504714684,125.99999988298863,16.95900961562348,21.95900961562348,SITE_SPEED_LIMIT,True
834,167357.71190209102,7.374099443119462,0.5939992162115202,29.166859163388843,0.3393228356557111,50.0,20.0,30.947048468697567,50.79660299833865,24.166859163388843,29.166859163388843,SITE_SPEED_LIMIT,True
835,159718.3600034713,3.2040128614021492,0.3066322861847394,12.392907947258418,0.12249786196598922,inf,13.121967157836897,13.121967157836897,125.99999988298863,7.3929079472584185,12.392907947258418,STOPPING_DISTANCE,True
836,159707.48139502094,2.8360792341713625,0.15415160642479284,19.68269682060259,0.7608859776715097,35.0,18.37597626883563,18.37597626883563,125.99999988298863,14.682696820602594,19.682696820602594,STOPPING_DISTANCE,True
837,165905.3137138554,0.778565196087696,0.38643640844716237,47.99516861471304,0.8596453453526065,inf,20.0,50.635675542653814,150.0,42.99516861471305,47.99516861471305,SITE_SPEED_LIMIT,True
838,171516.3901865803,4.4007107506649845,0.374299974584007,26.728307348454717,0.11555837668063174,inf,20.0,29.03620170280675,125.99999988298863,21.72830734845472,26.72830734845472,SITE_SPEED_LIMIT,True
839,161803.84719359933,2.889685249210585,0.437662234634816,21.967426895076446,0.5445553246546755,100.0,20.0,26.44954691739969,125.99999988298863,16.967426895076443,21.967426895076443,SITE_SPEED_LIMIT,True
840,160545.5519402897,5.922213993314404,0.3679957498506305,36.542091425809964,0.44720103221643803,inf,20.0,37.78015779568667,72.0734222501144,31.54209142580998,36.54209142580998,SITE_SPEED_LIMIT,True
841,168274.87792110845,6.455343564105222,0.2594090691231155,12.009796726107657,0.08744650179988545,50.0,11.51658363074085,11.51658363074085,62.245064073018725,7.009796726107657,12.009796726107657,STOPPING_DISTANCE,True
842,169053.99322795856,2.20508787136648,0.34016373198328625,13.368267840083796,0.2098976295862307,100.0,15.168648649069672,15.168648649069672,125.99999988298863,8.368267840083796,13.368267840083796,STOPPING_DISTANCE,True
843,164329.2217895387,0.43100108948324056,0.22844355868670801,13.059272269768169,0.9477796979692298,35.0,15.474185850646775,15.474185850646775,150.0,8.059272269768169,13.059272269768169,STOPPING_DISTANCE,True
844,167060.54580510143,5.036886093282389,0.477849601532818,42.311778812786294,0.6202413542689121,inf,20.0,43.14072177699368,102.51268751408901,37.311778812786294,42.311778812786294,SITE_SPEED_LIMIT,True
845,161649.42399772882,6.276688771588087,0.1792042038593925,13.640723813301653,0.9380641395681313,100.0,13.048507850697638,13.048507850697638,65.18034058269113,8.640723813301651,13.640723813301651,STOPPING_DISTANCE,True
846,170858.5895735808,7.457176662047873,0.5437964907504161,42.16734136003632,0.9240729888456831,35.0,20.0,42.92120245547401,49.9796247105673,37.16734136003632,42.16734136003632,SITE_SPEED_LIMIT,True
847,158753.02398470236,6.3564532195261325,0.3519773735752883,21.018099806178824,0.5964670754135437,inf,20.0,24.7188647412404,63.831861790828405,16.018099806178824,21.018099806178824,SITE_SPEED_LIMIT,True
848,159460.08478978547,5.519363610604665,0.2351995038936856,15.88271879369089,0.9677428248337157,100.0,17.49436506912329,17.49436506912329,82.476019099541,10.882718793690891,15.882718793690891,STOPPING_DISTANCE,True
849,169894.4477927839,6.00945484537719,0.4268756945860296,36.323593770516766,0.8239976518799783,35.0,20.0,39.094490807724725,70.2216160153225,31.32359377051676,36.32359377051676,SITE_SPEED_LIMIT,True
850,158141.28435368248,1.9316000840843273,0.46538040498685485,26.208872355835453,0.37822451524334477,50.0,20.0,30.292098385517004,150.0,21.208872355835446,26.208872355835446,SITE_SPEED_LIMIT,True
851,163360.2903986632,6.83870124909032,0.28800937768188994,6.140687191877232,0.3161013115469705,50.0,2.8054606984039183,2.8054606984039183,56.84105971734971,1.140687191877232,6.140687191877232,STOPPING_DISTANCE,True
852,169005.40481894094,7.252870843545552,0.33047492195205785,21.217731802435004,0.20214939922527075,inf,20.0,22.8347934107015,52.04136806186289,16.217731802435004,21.217731802435004,SITE_SPEED_LIMIT,True
853,162740.25314044062,0.8975950056015713,0.30211646511439244,45.98718191088418,0.4838602188643114,50.0,20.0,45.247663553270705,150.0,40.98718191088418,45.98718191088418,SITE_SPEED_LIMIT,True
854,161053.30747140164,8.123261802470616,0.33902069074357366,20.42775341624528,0.5704094914036416,50.0,20.0,23.16080689423537,44.31243744928391,15.42775341624528,20.42775341624528,SITE_SPEED_LIMIT,True
855,168313.62913259634,5.466772648973118,0.4938976394260958,44.80154274185416,0.5345592191563087,50.0,20.0,44.270774149065666,84.13185118440539,39.801542741854156,44.801542741854156,SITE_SPEED_LIMIT,True
856,160964.3000851033,7.288698044883412,0.2698745985743972,18.56583767564603,0.20126378813447243,50.0,18.66556190077754,18.66556190077754,51.66674516726285,13.565837675646025,18.565837675646023,STOPPING_DISTANCE,True
857,161303.14296270482,9.520624466390027,0.509100234900697,38.20674960494601,0.8808951605447525,35.0,20.0,38.78453028529619,35.90072631295771,33.20674960494602,38.20674960494602,SITE_SPEED_LIMIT,True
858,170959.49667206785,3.1404380691843246,0.3758027149695343,27.46395260785993,0.8726258854858964,50.0,20.0,33.12124756701073,125.99999988298863,22.46395260785993,27.46395260785993,SITE_SPEED_LIMIT,True
859,164284.4213151811,3.4213260011189495,0.45569835148963933,48.26978294619048,0.4890484004492832,50.0,20.0,47.57474365137175,125.99999988298863,43.26978294619048,48.26978294619048,SITE_SPEED_LIMIT,True
860,168935.15418435808,9.172205918248629,0.40473120150537123,29.91013396980611,0.43085827538227073,inf,20.0,31.156540307880764,37.67380378883333,24.910133969806104,29.910133969806104,SITE_SPEED_LIMIT,True
861,161000.29746649033,8.484717744062646,0.577877296708148,21.34649082541146,0.9409923225744371,100.0,20.0,25.614771386949982,41.765384767614314,16.346490825411465,21.346490825411465,SITE_SPEED_LIMIT,True
862,155459.98931438345,3.392202983917838,0.3143738604766419,29.506795191983723,0.7448250755299131,35.0,20.0,33.13658669655358,125.99999988298863,24.506795191983723,29.506795191983723,SITE_SPEED_LIMIT,True
863,164377.8633844679,6.737562297840897,0.5621371028011395,25.265767360135676,0.3569824294686639,inf,20.0,27.8513701415757,58.16404758263382,20.265767360135676,25.265767360135676,SITE_SPEED_LIMIT,True
864,162154.86318862403,4.802942587913558,0.3766941226347803,34.776673046660605,0.11284318718362141,50.0,20.0,35.607829874530715,121.5411906600371,29.776673046660598,34.7766730466606,SITE_SPEED_LIMIT,True
865,170047.35894297983,4.826012356615207,0.3434542380740595,14.721414817688249,0.7151250198168879,100.0,18.16333858415633,18.16333858415633,118.87897890005262,9.721414817688249,14.721414817688249,STOPPING_DISTANCE,True
866,160775.29280703253,6.13151911103018,0.4048840393445218,41.25209984466073,0.9621021041650275,35.0,20.0,43.2292613522387,67.81040276717395,36.252099844660734,41.252099844660734,SITE_SPEED_LIMIT,True
867,159930.97033680067,4.467264687026406,0.1911960071753923,10.55524396146598,0.000943415267631087,50.0,8.971839155412434,8.971839155412434,125.99999988298863,5.55524396146598,10.55524396146598,STOPPING_DISTANCE,True
868,169239.66086676632,0.2208584530117974,0.41678131172179245,21.10825375397441,0.38769515483900674,inf,20.0,25.564711098213607,150.0,16.108253753974413,21.108253753974413,SITE_SPEED_LIMIT,True
869,159103.15439183693,7.281164373361664,0.5559377062715813,32.01131345448124,0.7697466228570872,inf,20.0,34.90158098715121,51.74503957998008,27.011313454481254,32.011313454481254,SITE_SPEED_LIMIT,True
870,165861.27193205518,4.182911110934859,0.337344911170698,18.923575769169997,0.5156765510770731,35.0,20.0,22.546330327313978,125.99999988298863,13.923575769169995,18.923575769169993,SITE_SPEED_LIMIT,True
871,170040.0200214663,5.973123783307118,0.46570248078125753,22.713598412484895,0.8545473932021803,50.0,20.0,27.491599514773114,70.97891359079628,17.71359841248489,22.71359841248489,SITE_SPEED_LIMIT,True
872,162251.97707667583,2.0699360124505817,0.3294925281545479,43.31325865511633,0.3560930851664217,35.0,20.0,43.582673159213684,125.99999988298863,38.31325865511632,43.31325865511632,SITE_SPEED_LIMIT,True
873,163600.0334906276,1.6549977466365562,0.48737171882157987,36.7971858047398,0.635323346708321,35.0,20.0,40.71267968829748,150.0,31.7971858047398,36.7971858047398,SITE_SPEED_LIMIT,True
874,158604.84631890108,2.8647373774458362,0.5618056268447909,28.313472433890247,0.8365308907609035,50.0,20.0,33.853938976405004,125.99999988298863,23.313472433890247,28.313472433890247,SITE_SPEED_LIMIT,True
875,167052.66007204624,4.353963233997514,0.5517358202015412,47.8904051477362,0.93016520286255,inf,20.0,48.75076885740753,125.99999988298863,42.89040514773619,47.89040514773619,SITE_SPEED_LIMIT,True
876,169401.42539491892,0.9271481081026989,0.5875745494226343,28.950029368528725,0.10137984246986353,100.0,20.0,32.02042250846302,150.0,23.950029368528725,28.950029368528725,SITE_SPEED_LIMIT,True
877,166555.54995571598,5.644165877797477,0.35818936562239523,32.02624386442112,0.37973740482164875,50.0,20.0,34.11429434360778,78.86475527811797,27.02624386442112,32.02624386442112,SITE_SPEED_LIMIT,True
878,155551.75353951924,8.983552751676653,0.34343757869982205,31.220876594956227,0.12141490550497214,50.0,20.0,30.79800376407953,38.711641736291355,26.22087659495623,31.22087659495623,SITE_SPEED_LIMIT,True
879,158627.53558750488,6.6668565189251305,0.5108642096600433,33.05208046819582,0.48978586798824075,inf,20.0,34.926103034659626,59.129978767968716,28.05208046819582,33.05208046819582,SITE_SPEED_LIMIT,True
880,166897.75152306116,2.7963631849320625,0.2956024515592395,11.136664736040462,0.8131476551679849,inf,13.046593891310028,13.046593891310028,125.99999988298863,6.136664736040462,11.136664736040462,STOPPING_DISTANCE,True
881,174617.22897412477,4.377168249335414,0.2616342367780881,17.453935937808886,0.34700233541219994,100.0,18.62115541167044,18.62115541167044,125.99999988298863,12.453935937808888,17.453935937808886,STOPPING_DISTANCE,True
882,161126.9251499071,8.934047290879871,0.4007578873243883,22.452542130699246,0.7246962542618245,50.0,20.0,25.788681825688098,38.9938717524335,17.45254213069925,22.45254213069925,SITE_SPEED_LIMIT,True
883,164851.29172922307,3.363233942703335,0.30420105954543886,46.42411482961496,0.5528148757183491,50.0,20.0,44.316920149629816,125.99999988298863,41.42411482961496,46.42411482961496,SITE_SPEED_LIMIT,True
884,162269.44498630715,0.6310636911554623,0.2845511972493848,19.607412582957267,0.33726689605422633,50.0,20.0,22.402009358096187,150.0,14.607412582957263,19.607412582957263,SITE_SPEED_LIMIT,True
885,158165.70818359588,4.834980851068038,0.3262135447006943,24.311727138124482,0.10616035354746722,inf,20.0,26.08587654300936,117.92307980138811,19.311727138124482,24.311727138124482,SITE_SPEED_LIMIT,True
886,167962.83636923664,8.456673490987715,0.20107067004578028,10.140671236612812,0.8279764635022515,50.0,9.10236799208201,9.10236799208201,41.95203474964947,5.140671236612814,10.140671236612814,STOPPING_DISTANCE,True
887,165591.05995700968,1.1921044284057336,0.16054879043244347,6.640747287152831,0.8341641082084413,35.0,4.246140303373053,4.246140303373053,150.0,1.6407472871528308,6.640747287152831,STOPPING_DISTANCE,True
888,161629.04719830886,7.1907562051081175,0.6303223389789292,29.638304782699752,0.25089031653410476,100.0,20.0,31.090731963472223,52.704873068891466,24.63830478269975,29.63830478269975,SITE_SPEED_LIMIT,True
889,162411.53713565393,4.490785141348759,0.4998174688132507,30.992588628671015,0.33242669217436516,inf,20.0,33.52587986506857,125.99999988298863,25.992588628671022,30.992588628671022,SITE_SPEED_LIMIT,True
890,164559.54377985463,6.172195829944581,0.3809751747907931,44.81635761637929,0.40424164210703917,35.0,20.0,43.351108050063225,67.04901447426528,39.81635761637931,44.81635761637931,SITE_SPEED_LIMIT,True
891,166402.6617027763,7.008656972438799,0.2761540840345241,17.834261120618635,0.45564954943987745,100.0,18.86823862039811,18.86823862039811,54.75965564791113,12.834261120618635,17.834261120618635,STOPPING_DISTANCE,True
892,170080.46760823485,2.0146392105353295,0.1839518402785653,16.93438416485731,0.09564069602371594,50.0,16.165563343380178,16.165563343380178,125.99999988298863,11.93438416485731,16.93438416485731,STOPPING_DISTANCE,True
893,164888.49858140975,9.128008004078618,0.4912424759742462,32.466335351817065,0.2497441792293552,35.0,20.0,32.537806962486,37.91175506506116,27.466335351817065,32.466335351817065,SITE_SPEED_LIMIT,True
894,161555.57228712298,2.203190986219675,0.33582847960412326,28.188733459746953,0.7517707876829781,50.0,20.0,33.3626086532719,125.99999988298863,23.188733459746953,28.188733459746953,SITE_SPEED_LIMIT,True
895,171850.21830585494,0.7971507318728499,0.6263983480470863,35.740142857537094,0.5756652529974197,inf,20.0,39.952138693989525,150.0,30.740142857537094,35.740142857537094,SITE_SPEED_LIMIT,True
896,156835.61080754813,0.352151735255235,0.580713394599004,38.57808373485226,0.16059369504330856,35.0,20.0,40.549114753461865,150.0,33.57808373485225,38.57808373485225,SITE_SPEED_LIMIT,True
897,168749.50119711854,6.235053112473372,0.2119383422210378,10.90795874021709,0.20179494825245692,100.0,9.719462017267729,9.719462017267729,65.91043558929117,5.907958740217092,10.907958740217092,STOPPING_DISTANCE,True
898,166396.33919108263,6.697544512182478,0.40430240001781437,23.106787282511043,0.6254780604246614,inf,20.0,26.797467116828333,58.70642663363369,18.10678728251104,23.10678728251104,SITE_SPEED_LIMIT,True
899,164183.86785884548,2.257895521506291,0.3141168482484582,32.747989017437376,0.3261702541282535,inf,20.0,34.699955270777565,125.99999988298863,27.74798901743738,32.747989017437376,SITE_SPEED_LIMIT,True
900,173099.12302491325,2.525303896364445,0.5965442934869534,24.927321667294585,0.20600567855203988,100.0,20.0,28.226213113723986,125.99999988298863,19.927321667294585,24.927321667294585,SITE_SPEED_LIMIT,True
901,168168.3051238703,4.255056592718428,0.3073532049452263,30.44371728886421,0.034431308573314556,inf,20.0,30.664495967198445,125.99999988298863,25.443717288864207,30.443717288864207,SITE_SPEED_LIMIT,True
902,161509.00162694475,3.821329088259878,0.15747939808175945,18.581421634821215,0.5053652565059297,35.0,16.7055939275598,16.7055939275598,125.99999988298863,13.581421634821215,18.581421634821215,STOPPING_DISTANCE,True
903,163969.3774637368,8.295658314283687,0.3370788979335597,11.01630444797463,0.7514233175313026,50.0,12.4123615922597,12.4123615922597,43.058287840001285,6.0163044479746315,11.016304447974631,STOPPING_DISTANCE,True
904,168801.6093767493,4.881175434337349,0.3347303586331264,41.587825874635406,0.42864427920853176,35.0,20.0,41.285270942467065,113.52454711262135,36.58782587463541,41.58782587463541,SITE_SPEED_LIMIT,True
905,171173.75957022398,7.6531629952538625,0.3716808431696733,46.82315677321192,0.797998035219224,50.0,20.0,45.37962501338333,48.15861188951881,41.82315677321192,46.82315677321192,SITE_SPEED_LIMIT,True
906,159840.22378952784,3.1030711579169745,0.3847900051546686,22.960674520023474,0.20348799455531252,50.0,20.0,26.137056360125033,125.99999988298863,17.960674520023474,22.960674520023474,SITE_SPEED_LIMIT,True
907,171060.79344275166,4.345309633044954,0.3632301394589561,44.12901523167409,0.9476861770642796,100.0,20.0,46.24772938194,125.99999988298863,39.129015231674096,44.129015231674096,SITE_SPEED_LIMIT,True
908,162534.27572122926,6.535867700444199,0.26861123799347153,17.329495169435816,0.48922725474991924,100.0,18.397849290943636,18.397849290943636,61.0168242910132,12.329495169435816,17.329495169435816,STOPPING_DISTANCE,True
909,173148.210655564,2.2833125236861083,0.20998587949461323,7.630609425659465,0.47430866486843026,100.0,5.856746627058581,5.856746627058581,125.99999988298863,2.6306094256594648,7.630609425659465,STOPPING_DISTANCE,True
910,163136.62208024014,6.63742738625387,0.3407890424987552,10.320727661246323,0.8655712200947645,50.0,11.903917871189355,11.903917871189355,59.54255453389138,5.320727661246324,10.320727661246323,STOPPING_DISTANCE,True
911,173421.7425806249,4.193346804192883,0.4437560402218542,36.54939143139215,0.5046372879774349,50.0,20.0,38.81219249265537,125.99999988298863,31.549391431392152,36.54939143139215,SITE_SPEED_LIMIT,True
912,170000.1085754641,9.339779741445192,0.30947887158155574,10.897638386193066,0.5079486919064082,100.0,11.158462877657707,11.158462877657707,36.798983505405495,5.8976383861930675,10.897638386193067,STOPPING_DISTANCE,True
913,164720.39775738894,5.019454051318418,0.5510416565530147,45.946857117187335,0.5820701311242236,100.0,20.0,45.50264304295855,103.55248165760189,40.946857117187335,45.946857117187335,SITE_SPEED_LIMIT,True
914,166689.7876411606,7.173627530363669,0.6286069412997956,24.960350547432622,0.29494582404234204,50.0,20.0,27.220601527189555,52.8910528992489,19.960350547432622,24.960350547432622,SITE_SPEED_LIMIT,True
915,161170.95009970645,5.497172551633111,0.6072122917019187,23.77239255390659,0.20399460360938737,100.0,20.0,26.30177132115798,83.16410211045297,18.772392553906595,23.772392553906595,SITE_SPEED_LIMIT,True
916,164827.39100084343,1.5844803718990597,0.31454058434344123,7.799229118656094,0.31138193989258434,35.0,6.379812988569623,6.379812988569623,150.0,2.7992291186560934,7.799229118656093,STOPPING_DISTANCE,True
917,163656.7712334513,8.57857783517489,0.18853527929734004,18.720640597327858,0.12907124693088146,inf,15.219837945725198,15.219837945725198,41.153077148683366,13.720640597327861,18.72064059732786,STOPPING_DISTANCE,True
918,155818.201081148,7.153810171786552,0.37049220822467327,48.79673973637213,0.009543353067226645,35.0,20.0,43.83186600787868,53.10823138128966,43.79673973637213,48.79673973637213,SITE_SPEED_LIMIT,True
919,167298.90292025157,3.4302671259002437,0.46983065951787467,49.46558341795859,0.17916391829015088,35.0,20.0,47.00967684913406,125.99999988298863,44.46558341795859,49.46558341795859,SITE_SPEED_LIMIT,True
920,164125.8981801806,4.502362866726173,0.22037696686940128,16.46369183015235,0.705615304784293,35.0,17.334164820261165,17.334164820261165,125.99999988298863,11.463691830152353,16.463691830152353,STOPPING_DISTANCE,True
921,166391.74317322334,2.8182500329547198,0.1578723759639459,13.293562862754458,0.021846711986201806,35.0,11.675903278642288,11.675903278642288,125.99999988298863,8.293562862754456,13.293562862754456,STOPPING_DISTANCE,True
922,162453.93318700432,0.1944805036808117,0.232881679543699,13.495731249805,0.9358261334028228,100.0,16.149156045693935,16.149156045693935,150.0,8.495731249805003,13.495731249805003,STOPPING_DISTANCE,True
923,164200.4198858228,5.355424730977982,0.4362230165182036,26.46425266779442,0.8874245353703603,35.0,20.0,31.425068354433083,87.95443379256874,21.46425266779442,26.46425266779442,SITE_SPEED_LIMIT,True
924,169682.52058365243,7.851898844228414,0.6308800773651723,26.93328363953634,0.05723669351680938,50.0,20.0,27.93465646004539,46.449843627624205,21.933283639536345,26.933283639536345,SITE_SPEED_LIMIT,True
925,149961.8383015312,2.786943159285258,0.3499850065655036,48.14923429356845,0.579829576047725,50.0,20.0,48.26167841546218,125.99999988298863,43.14923429356844,48.14923429356844,SITE_SPEED_LIMIT,True
926,167855.89703109604,9.521439170763514,0.5481505289642329,42.06405176388909,0.5876269866151087,50.0,20.0,40.307199448761814,35.8967820937559,37.06405176388909,42.06405176388909,SITE_SPEED_LIMIT,True
927,161031.06737990514,1.5452082999051897,0.4786610459712545,24.78033237978044,0.258792408364524,inf,20.0,28.54778381456088,150.0,19.78033237978044,24.78033237978044,SITE_SPEED_LIMIT,True
928,165746.78100732891,1.1536280130570387,0.46527924901467155,44.13565955046482,0.7128823693447365,50.0,20.0,46.93612553585603,150.0,39.13565955046482,44.13565955046482,SITE_SPEED_LIMIT,True
929,168989.21889947884,9.095953911109444,0.31213671406751836,5.27827201884035,0.948369552788919,100.0,0.9672946602455514,0.9672946602455514,38.08628126520664,0.27827201884034986,5.27827201884035,STOPPING_DISTANCE,True
930,155703.3161416997,5.701816317546939,0.6298300038139452,32.458820404362555,0.7882009298667061,100.0,20.0,36.05629821674336,77.32809505943209,27.458820404362555,32.458820404362555,SITE_SPEED_LIMIT,True
931,163303.8151637019,6.929089110247677,0.6483975295239097,37.99221701615598,0.287511199383759,100.0,20.0,37.7573859652436,55.713090955205274,32.99221701615598,37.99221701615598,SITE_SPEED_LIMIT,True
932,156787.2332318344,2.3671530584486975,0.3339425668806334,44.71769558827606,0.055706836115245184,35.0,20.0,43.34509602036886,125.99999988298863,39.717695588276065,44.717695588276065,SITE_SPEED_LIMIT,True
933,164972.19853175964,6.032454226840298,0.25875741407834935,15.226747410184803,0.6949701331214758,50.0,16.62856353196275,16.62856353196275,69.75198316600172,10.226747410184803,15.226747410184803,STOPPING_DISTANCE,True
934,170892.56344899212,0.9055946760092048,0.3466643857199013,35.06014628343563,0.8518459258388879,100.0,20.0,40.62332084093059,150.0,30.060146283435632,35.06014628343563,SITE_SPEED_LIMIT,True
935,163018.4181671579,3.4695895037758584,0.5736229390750542,24.431319279849976,0.48417303216340746,35.0,20.0,28.541850997092162,125.99999988298863,19.431319279849976,24.431319279849976,SITE_SPEED_LIMIT,True
936,159345.49853752868,5.1386652571327165,0.41829354266444263,40.849019105681215,0.7054900246731167,35.0,20.0,42.40278185161034,97.07415052939206,35.84901910568122,40.84901910568122,SITE_SPEED_LIMIT,True
937,165126.05433770042,2.608492459620889,0.27965950545976026,5.408916572804735,0.511093821472398,50.0,1.1722466208330466,1.1722466208330466,125.99999988298863,0.4089165728047349,5.408916572804735,STOPPING_DISTANCE,True
938,157284.40886028565,8.447975811881461,0.2913912636986845,8.582228464662753,0.6543464596528576,35.0,7.872414319385714,7.872414319385714,42.01027645613999,3.5822284646627525,8.582228464662752,STOPPING_DISTANCE,True
939,170285.08141474068,5.83105757279898,0.4302152487342726,37.31063801571507,0.09244951703706661,50.0,20.0,37.02094548380283,74.13826640266926,32.31063801571507,37.31063801571507,SITE_SPEED_LIMIT,True
940,165993.97294169426,2.6248500790059106,0.5513587816461798,31.15469648702225,0.12442188685189348,100.0,20.0,33.50705626409729,125.99999988298863,26.154696487022257,31.154696487022257,SITE_SPEED_LIMIT,True
941,168797.57443743054,9.666222208961075,0.41234896597431425,24.954759627621982,0.526094013251542,50.0,20.0,27.150751389080515,35.20973182518035,19.954759627621986,24.954759627621986,SITE_SPEED_LIMIT,True
942,163541.20683870732,2.667720636239239,0.1960638449365755,10.378889129618502,0.1064117629028446,100.0,9.240535909518938,9.240535909518938,125.99999988298863,5.378889129618502,10.378889129618502,STOPPING_DISTANCE,True
943,157132.7511994889,3.1563321536715225,0.4122567538090499,27.09588932010095,0.19225791846809193,50.0,20.0,30.027550814199802,125.99999988298863,22.09588932010095,27.09588932010095,SITE_SPEED_LIMIT,True
944,158894.61267955965,7.6385650020021405,0.572777809617292,28.13368643447834,0.5224968088905885,inf,20.0,30.636530270642588,48.28939034733923,23.133686434478335,28.133686434478335,SITE_SPEED_LIMIT,True
945,170796.9052165026,6.0732441679306595,0.2853744551655153,8.986025283648983,0.06409471103617548,50.0,7.654440570878267,7.654440570878267,68.93696832899008,3.986025283648983,8.986025283648983,STOPPING_DISTANCE,True
946,169865.50780507535,9.864874015717294,0.2290836540484756,17.522044736844634,0.6871899964686766,50.0,16.371090476626886,16.371090476626886,34.30996214378625,12.522044736844636,17.522044736844634,STOPPING_DISTANCE,True
947,164304.74840106402,2.175879399316445,0.3406614335164745,11.020016524728561,0.07266558758115671,inf,11.4327721159566,11.4327721159566,125.99999988298863,6.02001652472856,11.020016524728561,STOPPING_DISTANCE,True
948,171025.47826725015,4.83549850790369,0.2007969506752507,14.90405297212726,0.8776921788278482,50.0,15.438704077076235,15.438704077076235,117.86908537354323,9.90405297212726,14.90405297212726,STOPPING_DISTANCE,True
949,160076.7260757637,2.135428544903414,0.5464110084070799,23.501495141599417,0.21745293221723594,100.0,20.0,26.970680020650803,125.99999988298863,18.50149514159942,23.50149514159942,SITE_SPEED_LIMIT,True
950,161037.38276442394,1.3931948237804637,0.6050550590018423,43.98021637604045,0.41834580749375805,inf,20.0,45.32334642666184,150.0,38.98021637604046,43.98021637604046,SITE_SPEED_LIMIT,True
951,159314.1061209872,5.059258001463939,0.6004130286076004,39.997755953050685,0.8448640854105085,100.0,20.0,42.42348807089957,101.22982284698635,34.9977559530507,39.9977559530507,SITE_SPEED_LIMIT,True
952,160535.8520134096,6.444850615205939,0.1964808092428826,13.228903703969259,0.6356319986400399,50.0,12.609217554178061,12.609217554178061,62.40921464111653,8.228903703969259,13.228903703969259,STOPPING_DISTANCE,True
953,164900.63182315844,3.293792693020757,0.5681859154661326,36.20198923334836,0.30409463597128383,100.0,20.0,38.09969636619966,125.99999988298863,31.201989233348357,36.20198923334836,SITE_SPEED_LIMIT,True
954,164463.67617094528,8.622114233219381,0.6443672273640073,41.72415588114176,0.9097436867126839,100.0,20.0,41.850198871829804,40.875356750674555,36.72415588114175,41.72415588114175,SITE_SPEED_LIMIT,True
955,170419.60483267804,9.150984544900298,0.3003596327173866,12.036296374019377,0.5682686162687683,35.0,12.699481633951322,12.699481633951322,37.7876680193469,7.036296374019376,12.036296374019376,STOPPING_DISTANCE,True
956,173020.4562673862,0.02076517600081207,0.2536559441377422,16.73189483597835,0.7222160986736462,35.0,19.919273029881296,19.919273029881296,150.0,11.731894835978347,16.731894835978345,STOPPING_DISTANCE,True
957,174741.71322394907,5.187478471147094,0.19657171137521884,7.302447790046416,0.49200172943208276,50.0,5.029769161737169,5.029769161737169,94.77486122924833,2.3024477900464158,7.302447790046416,STOPPING_DISTANCE,True
958,170125.54576290888,9.296496077013284,0.2804951911014464,10.607602355524731,0.05271976633450115,inf,9.554347947187903,9.554347947187903,37.0209023519978,5.607602355524732,10.607602355524733,STOPPING_DISTANCE,True
959,159501.7635297537,9.277457330754073,0.5476672050091873,44.046594406365756,0.10621382758845621,50.0,20.0,39.991866110278735,37.11939339492469,39.046594406365756,44.046594406365756,SITE_SPEED_LIMIT,True
960,164460.02674918066,3.018000558611551,0.5199424351743465,45.48843852839923,0.4386490184359845,35.0,20.0,45.663088524206785,125.99999988298863,40.48843852839923,45.48843852839923,SITE_SPEED_LIMIT,True
961,166383.0038275559,6.46407375228089,0.48504756195941845,25.626356574183777,0.034376858351725215,50.0,20.0,27.151582929493422,62.10922697972507,20.626356574183774,25.626356574183774,SITE_SPEED_LIMIT,True
962,170977.4032541274,0.852683416116774,0.4747152578266657,43.97826689910633,0.296537589620262,100.0,20.0,45.02528689913123,150.0,38.97826689910633,43.97826689910633,SITE_SPEED_LIMIT,True
963,167017.18431435645,7.9501153692847035,0.17086261747037643,12.350950238442042,0.14551548278735915,inf,9.822364126198167,9.822364126198167,45.65163747366518,7.350950238442044,12.350950238442044,STOPPING_DISTANCE,True
964,161141.4438990973,5.241962710633073,0.39350042445472727,35.01209379007477,0.9106649953838885,inf,20.0,38.82576588325938,92.39527240958066,30.01209379007477,35.01209379007477,SITE_SPEED_LIMIT,True
965,165785.6395949547,6.2605470898080124,0.17247940543520257,8.387542249325314,0.049308987109824676,inf,5.846469719904614,5.846469719904614,65.46118424814192,3.3875422493253136,8.387542249325314,STOPPING_DISTANCE,True
966,165880.94911251345,4.448393593405296,0.3467369816062623,45.47356349752964,0.386696449987462,inf,20.0,44.66599934199668,125.99999988298863,40.473563497529646,45.473563497529646,SITE_SPEED_LIMIT,True
967,170611.01783848857,7.103515007123322,0.2971840812747898,10.062640873698427,0.27509888155912443,35.0,9.64997182152229,9.64997182152229,53.668144819848244,5.062640873698429,10.06264087369843,STOPPING_DISTANCE,True
968,166848.86718557528,1.7060112462164434,0.4624001498687492,24.654101803118376,0.7890961116487567,35.0,20.0,30.537881983486436,150.0,19.654101803118373,24.654101803118373,SITE_SPEED_LIMIT,True
969,170400.28029569655,8.363785774103993,0.6414606717048283,48.84976897873139,0.0652767575664639,100.0,20.0,43.375374453539564,42.58287135276942,43.84976897873139,48.84976897873139,SITE_SPEED_LIMIT,True
970,169713.94257070037,6.809532914035762,0.47997945394309216,44.56960085131523,0.539191079513633,inf,20.0,43.36918143032549,57.215796815045174,39.56960085131523,44.56960085131523,SITE_SPEED_LIMIT,True
971,162292.4549977688,3.6229349000020483,0.5455246855128081,42.187564022024986,0.4593436555939564,35.0,20.0,43.09980730302105,125.99999988298863,37.18756402202498,42.18756402202498,SITE_SPEED_LIMIT,True
972,164641.76557094176,8.583304317809247,0.5744949547573509,25.86299334545524,0.9468801963410236,50.0,20.0,29.83755239288608,41.122737036980695,20.862993345455244,25.862993345455244,SITE_SPEED_LIMIT,True
973,166310.3340454336,0.6605530782216007,0.4260209656757541,48.76557060423816,0.4778673549131358,50.0,20.0,49.38141507950678,150.0,43.76557060423816,48.76557060423816,SITE_SPEED_LIMIT,True
974,155252.19141122815,8.168902895041683,0.5448369901654333,38.729550389948834,0.30693107298123257,50.0,20.0,37.747406101638965,43.97302187126131,33.729550389948834,38.729550389948834,SITE_SPEED_LIMIT,True
975,161192.85122787207,6.5550997184611255,0.2695364671046918,6.7908707301043645,0.8696958848516338,100.0,4.840950575428358,4.840950575428358,60.731435669995875,1.790870730104365,6.7908707301043645,STOPPING_DISTANCE,True
976,163127.33870306358,9.72793701656444,0.47289270219906576,49.237911482666924,0.8693523009923474,100.0,20.0,45.76290006500485,34.92503825169057,44.23791148266693,49.23791148266693,SITE_SPEED_LIMIT,True
977,162234.55091542934,4.213008816333646,0.6069921636818008,42.74777015443716,0.24317998026422594,35.0,20.0,42.29167029904625,125.99999988298863,37.74777015443718,42.74777015443718,SITE_SPEED_LIMIT,True
978,168479.31919546894,6.716602309978987,0.3889907063461257,20.025611218694927,0.6310493932702206,35.0,20.0,23.711358899049372,58.44674424011261,15.025611218694927,20.025611218694927,SITE_SPEED_LIMIT,True
979,163937.49317654417,3.423951232958596,0.3319736349532445,29.59143624614194,0.7566465493523988,35.0,20.0,33.95263101789228,125.99999988298863,24.591436246141942,29.591436246141942,SITE_SPEED_LIMIT,True
980,170894.74199618335,7.274523912861205,0.3663052016085909,44.13274059795177,0.40114796949179754,100.0,20.0,42.26615870664361,51.8142623353377,39.132740597951766,44.132740597951766,SITE_SPEED_LIMIT,True
981,170748.36009439375,0.174982139873886,0.2645540553373891,7.20520902370731,0.8194956853860523,35.0,5.935174244578109,5.935174244578109,150.0,2.2052090237073094,7.20520902370731,STOPPING_DISTANCE,True
982,166482.88469265154,5.4136263839613195,0.3489549909147812,17.782627506819306,0.9665589185551432,35.0,20.0,22.76786161446298,85.8986481921002,12.782627506819306,17.782627506819306,SITE_SPEED_LIMIT,True
983,168735.36421923275,5.807559990556591,0.5363307931467132,38.37578580463204,0.20588198817832115,inf,20.0,38.2476338793703,74.69407859276983,33.375785804632024,38.375785804632024,SITE_SPEED_LIMIT,True
984,171992.95502313052,2.8379794304154915,0.4070347289492824,36.22384228440795,0.759238979656995,100.0,20.0,40.27533968279279,125.99999988298863,31.22384228440795,36.22384228440795,SITE_SPEED_LIMIT,True
985,165537.22187170447,1.8410132336095697,0.31257019430735156,9.754265545201882,0.5787564763599993,50.0,10.463454523769682,10.463454523769682,150.0,4.754265545201884,9.754265545201884,STOPPING_DISTANCE,True
986,166936.85740316496,7.7689374820487265,0.2820776504791651,8.18561462050285,0.8091948036567412,50.0,7.462161848233919,7.462161848233919,47.14736196722835,3.1856146205028506,8.18561462050285,STOPPING_DISTANCE,True
987,168188.5974859096,2.8613504245831436,0.4099567223429402,33.820127329696376,0.957971066482454,inf,20.0,39.19941314959363,125.99999988298863,28.82012732969637,33.82012732969637,SITE_SPEED_LIMIT,True
988,167249.50114704698,9.539367525264087,0.3077854047897759,14.446312058662318,0.7745720831743649,inf,16.160233200249348,16.160233200249348,35.81020865868778,9.446312058662322,14.446312058662322,STOPPING_DISTANCE,True
989,164830.37387036046,9.14834949996878,0.17884800422362068,14.527146746658687,0.7589768318540306,inf,12.25509231128914,12.25509231128914,37.80185611579568,9.527146746658687,14.527146746658687,STOPPING_DISTANCE,True
990,157026.22020918335,2.222827666385853,0.3007440353124259,14.364771556836775,0.25337939882933447,100.0,16.09999596923068,16.09999596923068,125.99999988298863,9.364771556836775,14.364771556836775,STOPPING_DISTANCE,True
991,167359.31169015504,5.9368461990873325,0.40831190175616383,38.967235626304905,0.44797165638218994,100.0,20.0,39.5690215446508,71.75473687414083,33.96723562630491,38.96723562630491,SITE_SPEED_LIMIT,True
992,160585.17300776613,1.6542015212840933,0.34678618802848044,5.104553275936862,0.9061375361274794,50.0,0.3718301457890437,0.3718301457890437,150.0,0.10455327593686142,5.104553275936861,STOPPING_DISTANCE,True
993,157082.0580510621,9.15289940379274,0.3291631463120389,16.955850418981857,0.10347506364658465,100.0,17.744957047410658,17.744957047410658,37.77736446630211,11.955850418981857,16.955850418981857,STOPPING_DISTANCE,True
994,167064.994560689,2.056214876993411,0.37808021708514117,32.61574344779346,0.5456686649686348,35.0,20.0,36.700306501272514,125.99999988298863,27.615743447793463,32.61574344779346,SITE_SPEED_LIMIT,True
995,165754.35935637736,3.0158686987355154,0.21074700924501988,13.473613621269788,0.09301740926267499,35.0,13.052857863544569,13.052857863544569,125.99999988298863,8.473613621269786,13.473613621269786,STOPPING_DISTANCE,True
996,166901.5342120077,5.745821975518796,0.4796411765996548,28.165290571991047,0.10722239420848745,100.0,20.0,29.848946529809908,76.20442108254883,23.165290571991047,28.165290571991047,SITE_SPEED_LIMIT,True
997,166741.70869623063,1.9718298196806627,0.1833697156411155,9.392451714904622,0.9237313958767761,35.0,9.259406629178958,9.259406629178958,150.0,4.392451714904623,9.392451714904624,STOPPING_DISTANCE,True
998,160510.84966787187,1.6493402685273106,0.2231798597235615,10.607677843510613,0.22939350215438203,inf,10.21003313534392,10.21003313534392,150.0,5.607677843510613,10.607677843510613,STOPPING_DISTANCE,True
999,170169.45394534196,2.661013685373086,0.24111335639802173,6.755288934326815,0.8909738846907038,100.0,4.856750897628328,4.856750897628328,125.99999988298863,1.7552889343268152,6.755288934326815,STOPPING_DISTANCE,True
1000,172335.35817521656,1.4059191817336558,0.4196120948140746,24.115250368588384,0.18342364349795603,inf,20.0,27.6363219276156,150.0,19.115250368588384,24.115250368588384,SITE_SPEED_LIMIT,True
