time_s,case_id,lambda_vph,mu_vph,queue_length
0,CASE_A,10.0,15.0,4.0
1,CASE_A,10.0,15.0,4.0
2,CASE_A,10.0,15.0,4.0
3,CASE_A,10.0,15.0,4.0
4,CASE_A,10.0,15.0,4.0
5,CASE_A,10.0,15.0,4.0
6,CASE_A,10.0,15.0,4.0
7,CASE_A,10.0,15.0,4.0
8,CASE_A,10.0,15.0,4.0
9,CASE_A,10.0,15.0,4.0
10,CASE_A,10.0,15.0,4.0
11,CASE_A,10.0,15.0,4.0
12,CASE_A,10.0,15.0,4.0
13,CASE_A,10.0,15.0,4.0
14,CASE_A,10.0,15.0,4.0
15,CASE_A,10.0,15.0,4.0
16,CASE_A,10.0,15.0,4.0
17,CASE_A,10.0,15.0,4.0
18,CASE_A,10.0,15.0,4.0
19,CASE_A,10.0,15.0,4.0
20,CASE_A,10.0,15.0,4.0
21,CASE_A,10.0,15.0,4.0
22,CASE_A,10.0,15.0,4.0
23,CASE_A,10.0,15.0,4.0
24,CASE_A,10.0,15.0,4.0
25,CASE_A,10.0,15.0,4.0
26,CASE_A,10.0,15.0,4.0
27,CASE_A,10.0,15.0,4.0
28,CASE_A,10.0,15.0,4.0
29,CASE_A,10.0,15.0,4.0
30,CASE_A,10.0,15.0,4.0
31,CASE_A,10.0,15.0,4.0
32,CASE_A,10.0,15.0,4.0
33,CASE_A,10.0,15.0,4.0
34,CASE_A,10.0,15.0,4.0
35,CASE_A,10.0,15.0,4.0
36,CASE_A,10.0,15.0,4.0
37,CASE_A,10.0,15.0,4.0
38,CASE_A,10.0,15.0,4.0
39,CASE_A,10.0,15.0,4.0
40,CASE_A,10.0,15.0,4.0
41,CASE_A,10.0,15.0,4.0
42,CASE_A,10.0,15.0,4.0
43,CASE_A,10.0,15.0,4.0
44,CASE_A,10.0,15.0,4.0
45,CASE_A,10.0,15.0,4.0
46,CASE_A,10.0,15.0,4.0
47,CASE_A,10.0,15.0,4.0
48,CASE_A,10.0,15.0,4.0
49,CASE_A,10.0,15.0,4.0
50,CASE_A,10.0,15.0,4.0
51,CASE_A,10.0,15.0,4.0
52,CASE_A,10.0,15.0,4.0
53,CASE_A,10.0,15.0,4.0
54,CASE_A,10.0,15.0,4.0
55,CASE_A,10.0,15.0,4.0
56,CASE_A,10.0,15.0,4.0
57,CASE_A,10.0,15.0,4.0
58,CASE_A,10.0,15.0,4.0
59,CASE_A,10.0,15.0,4.0
60,CASE_A,10.0,15.0,4.0
61,CASE_A,10.0,15.0,4.0
62,CASE_A,10.0,15.0,4.0
63,CASE_A,10.0,15.0,4.0
64,CASE_A,10.0,15.0,4.0
65,CASE_A,10.0,15.0,4.0
66,CASE_A,10.0,15.0,4.0
67,CASE_A,10.0,15.0,4.0
68,CASE_A,10.0,15.0,4.0
69,CASE_A,10.0,15.0,4.0
70,CASE_A,10.0,15.0,4.0
71,CASE_A,10.0,15.0,4.0
72,CASE_A,10.0,15.0,4.0
73,CASE_A,10.0,15.0,4.0
74,CASE_A,10.0,15.0,4.0
75,CASE_A,10.0,15.0,4.0
76,CASE_A,10.0,15.0,4.0
77,CASE_A,10.0,15.0,4.0
78,CASE_A,10.0,15.0,4.0
79,CASE_A,10.0,15.0,4.0
80,CASE_A,10.0,15.0,4.0
81,CASE_A,10.0,15.0,4.0
82,CASE_A,10.0,15.0,4.0
83,CASE_A,10.0,15.0,4.0
84,CASE_A,10.0,15.0,4.0
85,CASE_A,10.0,15.0,4.0
86,CASE_A,10.0,15.0,4.0
87,CASE_A,10.0,15.0,4.0
88,CASE_A,10.0,15.0,4.0
89,CASE_A,10.0,15.0,4.0
90,CASE_A,10.0,15.0,4.0
91,CASE_A,10.0,15.0,4.0
92,CASE_A,10.0,15.0,4.0
93,CASE_A,10.0,15.0,4.0
94,CASE_A,10.0,15.0,4.0
95,CASE_A,10.0,15.0,4.0
96,CASE_A,10.0,15.0,4.0
97,CASE_A,10.0,15.0,4.0
98,CASE_A,10.0,15.0,4.0
99,CASE_A,10.0,15.0,4.0
100,CASE_A,10.0,15.0,4.0
101,CASE_A,10.0,15.0,4.0
102,CASE_A,10.0,15.0,4.0
103,CASE_A,10.0,15.0,4.0
104,CASE_A,10.0,15.0,4.0
105,CASE_A,10.0,15.0,4.0
106,CASE_A,10.0,15.0,4.0
107,CASE_A,10.0,15.0,4.0
108,CASE_A,10.0,15.0,4.0
109,CASE_A,10.0,15.0,4.0
110,CASE_A,10.0,15.0,4.0
111,CASE_A,10.0,15.0,4.0
112,CASE_A,10.0,15.0,4.0
113,CASE_A,10.0,15.0,4.0
114,CASE_A,10.0,15.0,4.0
115,CASE_A,10.0,15.0,4.0
116,CASE_A,10.0,15.0,4.0
117,CASE_A,10.0,15.0,4.0
118,CASE_A,10.0,15.0,4.0
119,CASE_A,10.0,15.0,4.0
120,CASE_A,10.0,15.0,4.0
121,CASE_A,10.0,15.0,4.0
122,CASE_A,10.0,15.0,4.0
123,CASE_A,10.0,15.0,4.0
124,CASE_A,10.0,15.0,4.0
125,CASE_A,10.0,15.0,4.0
126,CASE_A,10.0,15.0,4.0
127,CASE_A,10.0,15.0,4.0
128,CASE_A,10.0,15.0,4.0
129,CASE_A,10.0,15.0,4.0
130,CASE_A,10.0,15.0,4.0
131,CASE_A,10.0,15.0,4.0
132,CASE_A,10.0,15.0,4.0
133,CASE_A,10.0,15.0,4.0
134,CASE_A,10.0,15.0,4.0
135,CASE_A,10.0,15.0,4.0
136,CASE_A,10.0,15.0,4.0
137,CASE_A,10.0,15.0,4.0
138,CASE_A,10.0,15.0,4.0
139,CASE_A,10.0,15.0,4.0
140,CASE_A,10.0,15.0,4.0
141,CASE_A,10.0,15.0,4.0
142,CASE_A,10.0,15.0,4.0
143,CASE_A,10.0,15.0,4.0
144,CASE_A,10.0,15.0,4.0
145,CASE_A,10.0,15.0,4.0
146,CASE_A,10.0,15.0,4.0
147,CASE_A,10.0,15.0,4.0
148,CASE_A,10.0,15.0,4.0
149,CASE_A,10.0,15.0,4.0
150,CASE_A,10.0,15.0,4.0
151,CASE_A,10.0,15.0,4.0
152,CASE_A,10.0,15.0,4.0
153,CASE_A,10.0,15.0,4.0
154,CASE_A,10.0,15.0,4.0
155,CASE_A,10.0,15.0,4.0
156,CASE_A,10.0,15.0,4.0
157,CASE_A,10.0,15.0,4.0
158,CASE_A,10.0,15.0,4.0
159,CASE_A,10.0,15.0,4.0
160,CASE_A,10.0,15.0,4.0
161,CASE_A,10.0,15.0,4.0
162,CASE_A,10.0,15.0,4.0
163,CASE_A,10.0,15.0,4.0
164,CASE_A,10.0,15.0,4.0
165,CASE_A,10.0,15.0,4.0
166,CASE_A,10.0,15.0,4.0
167,CASE_A,10.0,15.0,4.0
168,CASE_A,10.0,15.0,4.0
169,CASE_A,10.0,15.0,4.0
170,CASE_A,10.0,15.0,4.0
171,CASE_A,10.0,15.0,4.0
172,CASE_A,10.0,15.0,4.0
173,CASE_A,10.0,15.0,4.0
174,CASE_A,10.0,15.0,4.0
175,CASE_A,10.0,15.0,4.0
176,CASE_A,10.0,15.0,4.0
177,CASE_A,10.0,15.0,4.0
178,CASE_A,10.0,15.0,4.0
179,CASE_A,10.0,15.0,4.0
180,CASE_A,10.0,15.0,4.0
181,CASE_A,10.0,15.0,4.0
182,CASE_A,10.0,15.0,4.0
183,CASE_A,10.0,15.0,4.0
184,CASE_A,10.0,15.0,4.0
185,CASE_A,10.0,15.0,4.0
186,CASE_A,10.0,15.0,4.0
187,CASE_A,10.0,15.0,4.0
188,CASE_A,10.0,15.0,4.0
189,CASE_A,10.0,15.0,4.0
190,CASE_A,10.0,15.0,4.0
191,CASE_A,10.0,15.0,4.0
192,CASE_A,10.0,15.0,4.0
193,CASE_A,10.0,15.0,4.0
194,CASE_A,10.0,15.0,4.0
195,CASE_A,10.0,15.0,4.0
196,CASE_A,10.0,15.0,4.0
197,CASE_A,10.0,15.0,4.0
198,CASE_A,10.0,15.0,4.0
199,CASE_A,10.0,15.0,4.0
200,CASE_A,10.0,15.0,4.0
201,CASE_A,10.0,15.0,4.0
202,CASE_A,10.0,15.0,4.0
203,CASE_A,10.0,15.0,4.0
204,CASE_A,10.0,15.0,4.0
205,CASE_A,10.0,15.0,4.0
206,CASE_A,10.0,15.0,4.0
207,CASE_A,10.0,15.0,4.0
208,CASE_A,10.0,15.0,4.0
209,CASE_A,10.0,15.0,4.0
210,CASE_A,10.0,15.0,4.0
211,CASE_A,10.0,15.0,4.0
212,CASE_A,10.0,15.0,4.0
213,CASE_A,10.0,15.0,4.0
214,CASE_A,10.0,15.0,4.0
215,CASE_A,10.0,15.0,4.0
216,CASE_A,10.0,15.0,4.0
217,CASE_A,10.0,15.0,4.0
218,CASE_A,10.0,15.0,4.0
219,CASE_A,10.0,15.0,4.0
220,CASE_A,10.0,15.0,4.0
221,CASE_A,10.0,15.0,4.0
222,CASE_A,10.0,15.0,4.0
223,CASE_A,10.0,15.0,4.0
224,CASE_A,10.0,15.0,4.0
225,CASE_A,10.0,15.0,4.0
226,CASE_A,10.0,15.0,4.0
227,CASE_A,10.0,15.0,4.0
228,CASE_A,10.0,15.0,4.0
229,CASE_A,10.0,15.0,4.0
230,CASE_A,10.0,15.0,4.0
231,CASE_A,10.0,15.0,4.0
232,CASE_A,10.0,15.0,4.0
233,CASE_A,10.0,15.0,4.0
234,CASE_A,10.0,15.0,4.0
235,CASE_A,10.0,15.0,4.0
236,CASE_A,10.0,15.0,4.0
237,CASE_A,10.0,15.0,4.0
238,CASE_A,10.0,15.0,4.0
239,CASE_A,10.0,15.0,4.0
240,CASE_A,10.0,15.0,4.0
241,CASE_A,10.0,15.0,3.0
242,CASE_A,10.0,15.0,3.0
243,CASE_A,10.0,15.0,3.0
244,CASE_A,10.0,15.0,3.0
245,CASE_A,10.0,15.0,3.0
246,CASE_A,10.0,15.0,3.0
247,CASE_A,10.0,15.0,3.0
248,CASE_A,10.0,15.0,3.0
249,CASE_A,10.0,15.0,3.0
250,CASE_A,10.0,15.0,3.0
251,CASE_A,10.0,15.0,3.0
252,CASE_A,10.0,15.0,3.0
253,CASE_A,10.0,15.0,3.0
254,CASE_A,10.0,15.0,3.0
255,CASE_A,10.0,15.0,3.0
256,CASE_A,10.0,15.0,3.0
257,CASE_A,10.0,15.0,3.0
258,CASE_A,10.0,15.0,3.0
259,CASE_A,10.0,15.0,3.0
260,CASE_A,10.0,15.0,3.0
261,CASE_A,10.0,15.0,3.0
262,CASE_A,10.0,15.0,3.0
263,CASE_A,10.0,15.0,3.0
264,CASE_A,10.0,15.0,3.0
265,CASE_A,10.0,15.0,3.0
266,CASE_A,10.0,15.0,3.0
267,CASE_A,10.0,15.0,3.0
268,CASE_A,10.0,15.0,3.0
269,CASE_A,10.0,15.0,3.0
270,CASE_A,10.0,15.0,3.0
271,CASE_A,10.0,15.0,3.0
272,CASE_A,10.0,15.0,3.0
273,CASE_A,10.0,15.0,3.0
274,CASE_A,10.0,15.0,3.0
275,CASE_A,10.0,15.0,3.0
276,CASE_A,10.0,15.0,3.0
277,CASE_A,10.0,15.0,3.0
278,CASE_A,10.0,15.0,3.0
279,CASE_A,10.0,15.0,3.0
280,CASE_A,10.0,15.0,3.0
281,CASE_A,10.0,15.0,3.0
282,CASE_A,10.0,15.0,3.0
283,CASE_A,10.0,15.0,3.0
284,CASE_A,10.0,15.0,3.0
285,CASE_A,10.0,15.0,3.0
286,CASE_A,10.0,15.0,3.0
287,CASE_A,10.0,15.0,3.0
288,CASE_A,10.0,15.0,3.0
289,CASE_A,10.0,15.0,3.0
290,CASE_A,10.0,15.0,3.0
291,CASE_A,10.0,15.0,3.0
292,CASE_A,10.0,15.0,3.0
293,CASE_A,10.0,15.0,3.0
294,CASE_A,10.0,15.0,3.0
295,CASE_A,10.0,15.0,3.0
296,CASE_A,10.0,15.0,3.0
297,CASE_A,10.0,15.0,3.0
298,CASE_A,10.0,15.0,3.0
299,CASE_A,10.0,15.0,3.0
300,CASE_A,10.0,15.0,3.0
301,CASE_A,10.0,15.0,3.0
302,CASE_A,10.0,15.0,3.0
303,CASE_A,10.0,15.0,3.0
304,CASE_A,10.0,15.0,3.0
305,CASE_A,10.0,15.0,3.0
306,CASE_A,10.0,15.0,3.0
307,CASE_A,10.0,15.0,3.0
308,CASE_A,10.0,15.0,3.0
309,CASE_A,10.0,15.0,3.0
310,CASE_A,10.0,15.0,3.0
311,CASE_A,10.0,15.0,3.0
312,CASE_A,10.0,15.0,3.0
313,CASE_A,10.0,15.0,3.0
314,CASE_A,10.0,15.0,3.0
315,CASE_A,10.0,15.0,3.0
316,CASE_A,10.0,15.0,3.0
317,CASE_A,10.0,15.0,3.0
318,CASE_A,10.0,15.0,3.0
319,CASE_A,10.0,15.0,3.0
320,CASE_A,10.0,15.0,3.0
321,CASE_A,10.0,15.0,3.0
322,CASE_A,10.0,15.0,3.0
323,CASE_A,10.0,15.0,3.0
324,CASE_A,10.0,15.0,3.0
325,CASE_A,10.0,15.0,3.0
326,CASE_A,10.0,15.0,3.0
327,CASE_A,10.0,15.0,3.0
328,CASE_A,10.0,15.0,3.0
329,CASE_A,10.0,15.0,3.0
330,CASE_A,10.0,15.0,3.0
331,CASE_A,10.0,15.0,3.0
332,CASE_A,10.0,15.0,3.0
333,CASE_A,10.0,15.0,3.0
334,CASE_A,10.0,15.0,3.0
335,CASE_A,10.0,15.0,3.0
336,CASE_A,10.0,15.0,3.0
337,CASE_A,10.0,15.0,3.0
338,CASE_A,10.0,15.0,3.0
339,CASE_A,10.0,15.0,3.0
340,CASE_A,10.0,15.0,3.0
341,CASE_A,10.0,15.0,3.0
342,CASE_A,10.0,15.0,3.0
343,CASE_A,10.0,15.0,3.0
344,CASE_A,10.0,15.0,3.0
345,CASE_A,10.0,15.0,3.0
346,CASE_A,10.0,15.0,3.0
347,CASE_A,10.0,15.0,3.0
348,CASE_A,10.0,15.0,3.0
349,CASE_A,10.0,15.0,3.0
350,CASE_A,10.0,15.0,3.0
351,CASE_A,10.0,15.0,3.0
352,CASE_A,10.0,15.0,3.0
353,CASE_A,10.0,15.0,3.0
354,CASE_A,10.0,15.0,3.0
355,CASE_A,10.0,15.0,3.0
356,CASE_A,10.0,15.0,3.0
357,CASE_A,10.0,15.0,3.0
358,CASE_A,10.0,15.0,3.0
359,CASE_A,10.0,15.0,3.0
360,CASE_A,10.0,15.0,3.0
361,CASE_A,10.0,15.0,4.0
362,CASE_A,10.0,15.0,4.0
363,CASE_A,10.0,15.0,4.0
364,CASE_A,10.0,15.0,4.0
365,CASE_A,10.0,15.0,4.0
366,CASE_A,10.0,15.0,4.0
367,CASE_A,10.0,15.0,4.0
368,CASE_A,10.0,15.0,4.0
369,CASE_A,10.0,15.0,4.0
370,CASE_A,10.0,15.0,4.0
371,CASE_A,10.0,15.0,4.0
372,CASE_A,10.0,15.0,4.0
373,CASE_A,10.0,15.0,4.0
374,CASE_A,10.0,15.0,4.0
375,CASE_A,10.0,15.0,4.0
376,CASE_A,10.0,15.0,4.0
377,CASE_A,10.0,15.0,4.0
378,CASE_A,10.0,15.0,4.0
379,CASE_A,10.0,15.0,4.0
380,CASE_A,10.0,15.0,4.0
381,CASE_A,10.0,15.0,4.0
382,CASE_A,10.0,15.0,4.0
383,CASE_A,10.0,15.0,4.0
384,CASE_A,10.0,15.0,4.0
385,CASE_A,10.0,15.0,4.0
386,CASE_A,10.0,15.0,4.0
387,CASE_A,10.0,15.0,4.0
388,CASE_A,10.0,15.0,4.0
389,CASE_A,10.0,15.0,4.0
390,CASE_A,10.0,15.0,4.0
391,CASE_A,10.0,15.0,4.0
392,CASE_A,10.0,15.0,4.0
393,CASE_A,10.0,15.0,4.0
394,CASE_A,10.0,15.0,4.0
395,CASE_A,10.0,15.0,4.0
396,CASE_A,10.0,15.0,4.0
397,CASE_A,10.0,15.0,4.0
398,CASE_A,10.0,15.0,4.0
399,CASE_A,10.0,15.0,4.0
400,CASE_A,10.0,15.0,4.0
401,CASE_A,10.0,15.0,4.0
402,CASE_A,10.0,15.0,4.0
403,CASE_A,10.0,15.0,4.0
404,CASE_A,10.0,15.0,4.0
405,CASE_A,10.0,15.0,4.0
406,CASE_A,10.0,15.0,4.0
407,CASE_A,10.0,15.0,4.0
408,CASE_A,10.0,15.0,4.0
409,CASE_A,10.0,15.0,4.0
410,CASE_A,10.0,15.0,4.0
411,CASE_A,10.0,15.0,4.0
412,CASE_A,10.0,15.0,4.0
413,CASE_A,10.0,15.0,4.0
414,CASE_A,10.0,15.0,4.0
415,CASE_A,10.0,15.0,4.0
416,CASE_A,10.0,15.0,4.0
417,CASE_A,10.0,15.0,4.0
418,CASE_A,10.0,15.0,4.0
419,CASE_A,10.0,15.0,4.0
420,CASE_A,10.0,15.0,4.0
421,CASE_A,10.0,15.0,4.0
422,CASE_A,10.0,15.0,4.0
423,CASE_A,10.0,15.0,4.0
424,CASE_A,10.0,15.0,4.0
425,CASE_A,10.0,15.0,4.0
426,CASE_A,10.0,15.0,4.0
427,CASE_A,10.0,15.0,4.0
428,CASE_A,10.0,15.0,4.0
429,CASE_A,10.0,15.0,4.0
430,CASE_A,10.0,15.0,4.0
431,CASE_A,10.0,15.0,4.0
432,CASE_A,10.0,15.0,4.0
433,CASE_A,10.0,15.0,4.0
434,CASE_A,10.0,15.0,4.0
435,CASE_A,10.0,15.0,4.0
436,CASE_A,10.0,15.0,4.0
437,CASE_A,10.0,15.0,4.0
438,CASE_A,10.0,15.0,4.0
439,CASE_A,10.0,15.0,4.0
440,CASE_A,10.0,15.0,4.0
441,CASE_A,10.0,15.0,4.0
442,CASE_A,10.0,15.0,4.0
443,CASE_A,10.0,15.0,4.0
444,CASE_A,10.0,15.0,4.0
445,CASE_A,10.0,15.0,4.0
446,CASE_A,10.0,15.0,4.0
447,CASE_A,10.0,15.0,4.0
448,CASE_A,10.0,15.0,4.0
449,CASE_A,10.0,15.0,4.0
450,CASE_A,10.0,15.0,4.0
451,CASE_A,10.0,15.0,4.0
452,CASE_A,10.0,15.0,4.0
453,CASE_A,10.0,15.0,4.0
454,CASE_A,10.0,15.0,4.0
455,CASE_A,10.0,15.0,4.0
456,CASE_A,10.0,15.0,4.0
457,CASE_A,10.0,15.0,4.0
458,CASE_A,10.0,15.0,4.0
459,CASE_A,10.0,15.0,4.0
460,CASE_A,10.0,15.0,4.0
461,CASE_A,10.0,15.0,4.0
462,CASE_A,10.0,15.0,4.0
463,CASE_A,10.0,15.0,4.0
464,CASE_A,10.0,15.0,4.0
465,CASE_A,10.0,15.0,4.0
466,CASE_A,10.0,15.0,4.0
467,CASE_A,10.0,15.0,4.0
468,CASE_A,10.0,15.0,4.0
469,CASE_A,10.0,15.0,4.0
470,CASE_A,10.0,15.0,4.0
471,CASE_A,10.0,15.0,4.0
472,CASE_A,10.0,15.0,4.0
473,CASE_A,10.0,15.0,4.0
474,CASE_A,10.0,15.0,4.0
475,CASE_A,10.0,15.0,4.0
476,CASE_A,10.0,15.0,4.0
477,CASE_A,10.0,15.0,4.0
478,CASE_A,10.0,15.0,4.0
479,CASE_A,10.0,15.0,4.0
480,CASE_A,10.0,15.0,4.0
481,CASE_A,10.0,15.0,3.0
482,CASE_A,10.0,15.0,3.0
483,CASE_A,10.0,15.0,3.0
484,CASE_A,10.0,15.0,3.0
485,CASE_A,10.0,15.0,3.0
486,CASE_A,10.0,15.0,3.0
487,CASE_A,10.0,15.0,3.0
488,CASE_A,10.0,15.0,3.0
489,CASE_A,10.0,15.0,3.0
490,CASE_A,10.0,15.0,3.0
491,CASE_A,10.0,15.0,3.0
492,CASE_A,10.0,15.0,3.0
493,CASE_A,10.0,15.0,3.0
494,CASE_A,10.0,15.0,3.0
495,CASE_A,10.0,15.0,3.0
496,CASE_A,10.0,15.0,3.0
497,CASE_A,10.0,15.0,3.0
498,CASE_A,10.0,15.0,3.0
499,CASE_A,10.0,15.0,3.0
500,CASE_A,10.0,15.0,3.0
501,CASE_A,10.0,15.0,3.0
502,CASE_A,10.0,15.0,3.0
503,CASE_A,10.0,15.0,3.0
504,CASE_A,10.0,15.0,3.0
505,CASE_A,10.0,15.0,3.0
506,CASE_A,10.0,15.0,3.0
507,CASE_A,10.0,15.0,3.0
508,CASE_A,10.0,15.0,3.0
509,CASE_A,10.0,15.0,3.0
510,CASE_A,10.0,15.0,3.0
511,CASE_A,10.0,15.0,3.0
512,CASE_A,10.0,15.0,3.0
513,CASE_A,10.0,15.0,3.0
514,CASE_A,10.0,15.0,3.0
515,CASE_A,10.0,15.0,3.0
516,CASE_A,10.0,15.0,3.0
517,CASE_A,10.0,15.0,3.0
518,CASE_A,10.0,15.0,3.0
519,CASE_A,10.0,15.0,3.0
520,CASE_A,10.0,15.0,3.0
521,CASE_A,10.0,15.0,3.0
522,CASE_A,10.0,15.0,3.0
523,CASE_A,10.0,15.0,3.0
524,CASE_A,10.0,15.0,3.0
525,CASE_A,10.0,15.0,3.0
526,CASE_A,10.0,15.0,3.0
527,CASE_A,10.0,15.0,3.0
528,CASE_A,10.0,15.0,3.0
529,CASE_A,10.0,15.0,3.0
530,CASE_A,10.0,15.0,3.0
531,CASE_A,10.0,15.0,3.0
532,CASE_A,10.0,15.0,3.0
533,CASE_A,10.0,15.0,3.0
534,CASE_A,10.0,15.0,3.0
535,CASE_A,10.0,15.0,3.0
536,CASE_A,10.0,15.0,3.0
537,CASE_A,10.0,15.0,3.0
538,CASE_A,10.0,15.0,3.0
539,CASE_A,10.0,15.0,3.0
540,CASE_A,10.0,15.0,3.0
541,CASE_A,10.0,15.0,3.0
542,CASE_A,10.0,15.0,3.0
543,CASE_A,10.0,15.0,3.0
544,CASE_A,10.0,15.0,3.0
545,CASE_A,10.0,15.0,3.0
546,CASE_A,10.0,15.0,3.0
547,CASE_A,10.0,15.0,3.0
548,CASE_A,10.0,15.0,3.0
549,CASE_A,10.0,15.0,3.0
550,CASE_A,10.0,15.0,3.0
551,CASE_A,10.0,15.0,3.0
552,CASE_A,10.0,15.0,3.0
553,CASE_A,10.0,15.0,3.0
554,CASE_A,10.0,15.0,3.0
555,CASE_A,10.0,15.0,3.0
556,CASE_A,10.0,15.0,3.0
557,CASE_A,10.0,15.0,3.0
558,CASE_A,10.0,15.0,3.0
559,CASE_A,10.0,15.0,3.0
560,CASE_A,10.0,15.0,3.0
561,CASE_A,10.0,15.0,3.0
562,CASE_A,10.0,15.0,3.0
563,CASE_A,10.0,15.0,3.0
564,CASE_A,10.0,15.0,3.0
565,CASE_A,10.0,15.0,3.0
566,CASE_A,10.0,15.0,3.0
567,CASE_A,10.0,15.0,3.0
568,CASE_A,10.0,15.0,3.0
569,CASE_A,10.0,15.0,3.0
570,CASE_A,10.0,15.0,3.0
571,CASE_A,10.0,15.0,3.0
572,CASE_A,10.0,15.0,3.0
573,CASE_A,10.0,15.0,3.0
574,CASE_A,10.0,15.0,3.0
575,CASE_A,10.0,15.0,3.0
576,CASE_A,10.0,15.0,3.0
577,CASE_A,10.0,15.0,3.0
578,CASE_A,10.0,15.0,3.0
579,CASE_A,10.0,15.0,3.0
580,CASE_A,10.0,15.0,3.0
581,CASE_A,10.0,15.0,3.0
582,CASE_A,10.0,15.0,3.0
583,CASE_A,10.0,15.0,3.0
584,CASE_A,10.0,15.0,3.0
585,CASE_A,10.0,15.0,3.0
586,CASE_A,10.0,15.0,3.0
587,CASE_A,10.0,15.0,3.0
588,CASE_A,10.0,15.0,3.0
589,CASE_A,10.0,15.0,3.0
590,CASE_A,10.0,15.0,3.0
591,CASE_A,10.0,15.0,3.0
592,CASE_A,10.0,15.0,3.0
593,CASE_A,10.0,15.0,3.0
594,CASE_A,10.0,15.0,3.0
595,CASE_A,10.0,15.0,3.0
596,CASE_A,10.0,15.0,3.0
597,CASE_A,10.0,15.0,3.0
598,CASE_A,10.0,15.0,3.0
599,CASE_A,10.0,15.0,3.0
600,CASE_A,10.0,15.0,3.0
601,CASE_A,10.0,15.0,3.0
602,CASE_A,10.0,15.0,3.0
603,CASE_A,10.0,15.0,3.0
604,CASE_A,10.0,15.0,3.0
605,CASE_A,10.0,15.0,3.0
606,CASE_A,10.0,15.0,3.0
607,CASE_A,10.0,15.0,3.0
608,CASE_A,10.0,15.0,3.0
609,CASE_A,10.0,15.0,3.0
610,CASE_A,10.0,15.0,3.0
611,CASE_A,10.0,15.0,3.0
612,CASE_A,10.0,15.0,3.0
613,CASE_A,10.0,15.0,3.0
614,CASE_A,10.0,15.0,3.0
615,CASE_A,10.0,15.0,3.0
616,CASE_A,10.0,15.0,3.0
617,CASE_A,10.0,15.0,3.0
618,CASE_A,10.0,15.0,3.0
619,CASE_A,10.0,15.0,3.0
620,CASE_A,10.0,15.0,3.0
621,CASE_A,10.0,15.0,3.0
622,CASE_A,10.0,15.0,3.0
623,CASE_A,10.0,15.0,3.0
624,CASE_A,10.0,15.0,3.0
625,CASE_A,10.0,15.0,3.0
626,CASE_A,10.0,15.0,3.0
627,CASE_A,10.0,15.0,3.0
628,CASE_A,10.0,15.0,3.0
629,CASE_A,10.0,15.0,3.0
630,CASE_A,10.0,15.0,3.0
631,CASE_A,10.0,15.0,3.0
632,CASE_A,10.0,15.0,3.0
633,CASE_A,10.0,15.0,3.0
634,CASE_A,10.0,15.0,3.0
635,CASE_A,10.0,15.0,3.0
636,CASE_A,10.0,15.0,3.0
637,CASE_A,10.0,15.0,3.0
638,CASE_A,10.0,15.0,3.0
639,CASE_A,10.0,15.0,3.0
640,CASE_A,10.0,15.0,3.0
641,CASE_A,10.0,15.0,3.0
642,CASE_A,10.0,15.0,3.0
643,CASE_A,10.0,15.0,3.0
644,CASE_A,10.0,15.0,3.0
645,CASE_A,10.0,15.0,3.0
646,CASE_A,10.0,15.0,3.0
647,CASE_A,10.0,15.0,3.0
648,CASE_A,10.0,15.0,3.0
649,CASE_A,10.0,15.0,3.0
650,CASE_A,10.0,15.0,3.0
651,CASE_A,10.0,15.0,3.0
652,CASE_A,10.0,15.0,3.0
653,CASE_A,10.0,15.0,3.0
654,CASE_A,10.0,15.0,3.0
655,CASE_A,10.0,15.0,3.0
656,CASE_A,10.0,15.0,3.0
657,CASE_A,10.0,15.0,3.0
658,CASE_A,10.0,15.0,3.0
659,CASE_A,10.0,15.0,3.0
660,CASE_A,10.0,15.0,3.0
661,CASE_A,10.0,15.0,3.0
662,CASE_A,10.0,15.0,3.0
663,CASE_A,10.0,15.0,3.0
664,CASE_A,10.0,15.0,3.0
665,CASE_A,10.0,15.0,3.0
666,CASE_A,10.0,15.0,3.0
667,CASE_A,10.0,15.0,3.0
668,CASE_A,10.0,15.0,3.0
669,CASE_A,10.0,15.0,3.0
670,CASE_A,10.0,15.0,3.0
671,CASE_A,10.0,15.0,3.0
672,CASE_A,10.0,15.0,3.0
673,CASE_A,10.0,15.0,3.0
674,CASE_A,10.0,15.0,3.0
675,CASE_A,10.0,15.0,3.0
676,CASE_A,10.0,15.0,3.0
677,CASE_A,10.0,15.0,3.0
678,CASE_A,10.0,15.0,3.0
679,CASE_A,10.0,15.0,3.0
680,CASE_A,10.0,15.0,3.0
681,CASE_A,10.0,15.0,3.0
682,CASE_A,10.0,15.0,3.0
683,CASE_A,10.0,15.0,3.0
684,CASE_A,10.0,15.0,3.0
685,CASE_A,10.0,15.0,3.0
686,CASE_A,10.0,15.0,3.0
687,CASE_A,10.0,15.0,3.0
688,CASE_A,10.0,15.0,3.0
689,CASE_A,10.0,15.0,3.0
690,CASE_A,10.0,15.0,3.0
691,CASE_A,10.0,15.0,3.0
692,CASE_A,10.0,15.0,3.0
693,CASE_A,10.0,15.0,3.0
694,CASE_A,10.0,15.0,3.0
695,CASE_A,10.0,15.0,3.0
696,CASE_A,10.0,15.0,3.0
697,CASE_A,10.0,15.0,3.0
698,CASE_A,10.0,15.0,3.0
699,CASE_A,10.0,15.0,3.0
700,CASE_A,10.0,15.0,3.0
701,CASE_A,10.0,15.0,3.0
702,CASE_A,10.0,15.0,3.0
703,CASE_A,10.0,15.0,3.0
704,CASE_A,10.0,15.0,3.0
705,CASE_A,10.0,15.0,3.0
706,CASE_A,10.0,15.0,3.0
707,CASE_A,10.0,15.0,3.0
708,CASE_A,10.0,15.0,3.0
709,CASE_A,10.0,15.0,3.0
710,CASE_A,10.0,15.0,3.0
711,CASE_A,10.0,15.0,3.0
712,CASE_A,10.0,15.0,3.0
713,CASE_A,10.0,15.0,3.0
714,CASE_A,10.0,15.0,3.0
715,CASE_A,10.0,15.0,3.0
716,CASE_A,10.0,15.0,3.0
717,CASE_A,10.0,15.0,3.0
718,CASE_A,10.0,15.0,3.0
719,CASE_A,10.0,15.0,3.0
720,CASE_A,10.0,15.0,3.0
721,CASE_A,10.0,15.0,3.0
722,CASE_A,10.0,15.0,3.0
723,CASE_A,10.0,15.0,3.0
724,CASE_A,10.0,15.0,3.0
725,CASE_A,10.0,15.0,3.0
726,CASE_A,10.0,15.0,3.0
727,CASE_A,10.0,15.0,3.0
728,CASE_A,10.0,15.0,3.0
729,CASE_A,10.0,15.0,3.0
730,CASE_A,10.0,15.0,3.0
731,CASE_A,10.0,15.0,3.0
732,CASE_A,10.0,15.0,3.0
733,CASE_A,10.0,15.0,3.0
734,CASE_A,10.0,15.0,3.0
735,CASE_A,10.0,15.0,3.0
736,CASE_A,10.0,15.0,3.0
737,CASE_A,10.0,15.0,3.0
738,CASE_A,10.0,15.0,3.0
739,CASE_A,10.0,15.0,3.0
740,CASE_A,10.0,15.0,3.0
741,CASE_A,10.0,15.0,3.0
742,CASE_A,10.0,15.0,3.0
743,CASE_A,10.0,15.0,3.0
744,CASE_A,10.0,15.0,3.0
745,CASE_A,10.0,15.0,3.0
746,CASE_A,10.0,15.0,3.0
747,CASE_A,10.0,15.0,3.0
748,CASE_A,10.0,15.0,3.0
749,CASE_A,10.0,15.0,3.0
750,CASE_A,10.0,15.0,3.0
751,CASE_A,10.0,15.0,3.0
752,CASE_A,10.0,15.0,3.0
753,CASE_A,10.0,15.0,3.0
754,CASE_A,10.0,15.0,3.0
755,CASE_A,10.0,15.0,3.0
756,CASE_A,10.0,15.0,3.0
757,CASE_A,10.0,15.0,3.0
758,CASE_A,10.0,15.0,3.0
759,CASE_A,10.0,15.0,3.0
760,CASE_A,10.0,15.0,3.0
761,CASE_A,10.0,15.0,3.0
762,CASE_A,10.0,15.0,3.0
763,CASE_A,10.0,15.0,3.0
764,CASE_A,10.0,15.0,3.0
765,CASE_A,10.0,15.0,3.0
766,CASE_A,10.0,15.0,3.0
767,CASE_A,10.0,15.0,3.0
768,CASE_A,10.0,15.0,3.0
769,CASE_A,10.0,15.0,3.0
770,CASE_A,10.0,15.0,3.0
771,CASE_A,10.0,15.0,3.0
772,CASE_A,10.0,15.0,3.0
773,CASE_A,10.0,15.0,3.0
774,CASE_A,10.0,15.0,3.0
775,CASE_A,10.0,15.0,3.0
776,CASE_A,10.0,15.0,3.0
777,CASE_A,10.0,15.0,3.0
778,CASE_A,10.0,15.0,3.0
779,CASE_A,10.0,15.0,3.0
780,CASE_A,10.0,15.0,3.0
781,CASE_A,10.0,15.0,3.0
782,CASE_A,10.0,15.0,3.0
783,CASE_A,10.0,15.0,3.0
784,CASE_A,10.0,15.0,3.0
785,CASE_A,10.0,15.0,3.0
786,CASE_A,10.0,15.0,3.0
787,CASE_A,10.0,15.0,3.0
788,CASE_A,10.0,15.0,3.0
789,CASE_A,10.0,15.0,3.0
790,CASE_A,10.0,15.0,3.0
791,CASE_A,10.0,15.0,3.0
792,CASE_A,10.0,15.0,3.0
793,CASE_A,10.0,15.0,3.0
794,CASE_A,10.0,15.0,3.0
795,CASE_A,10.0,15.0,3.0
796,CASE_A,10.0,15.0,3.0
797,CASE_A,10.0,15.0,3.0
798,CASE_A,10.0,15.0,3.0
799,CASE_A,10.0,15.0,3.0
800,CASE_A,10.0,15.0,3.0
801,CASE_A,10.0,15.0,3.0
802,CASE_A,10.0,15.0,3.0
803,CASE_A,10.0,15.0,3.0
804,CASE_A,10.0,15.0,3.0
805,CASE_A,10.0,15.0,3.0
806,CASE_A,10.0,15.0,3.0
807,CASE_A,10.0,15.0,3.0
808,CASE_A,10.0,15.0,3.0
809,CASE_A,10.0,15.0,3.0
810,CASE_A,10.0,15.0,3.0
811,CASE_A,10.0,15.0,3.0
812,CASE_A,10.0,15.0,3.0
813,CASE_A,10.0,15.0,3.0
814,CASE_A,10.0,15.0,3.0
815,CASE_A,10.0,15.0,3.0
816,CASE_A,10.0,15.0,3.0
817,CASE_A,10.0,15.0,3.0
818,CASE_A,10.0,15.0,3.0
819,CASE_A,10.0,15.0,3.0
820,CASE_A,10.0,15.0,3.0
821,CASE_A,10.0,15.0,3.0
822,CASE_A,10.0,15.0,3.0
823,CASE_A,10.0,15.0,3.0
824,CASE_A,10.0,15.0,3.0
825,CASE_A,10.0,15.0,3.0
826,CASE_A,10.0,15.0,3.0
827,CASE_A,10.0,15.0,3.0
828,CASE_A,10.0,15.0,3.0
829,CASE_A,10.0,15.0,3.0
830,CASE_A,10.0,15.0,3.0
831,CASE_A,10.0,15.0,3.0
832,CASE_A,10.0,15.0,3.0
833,CASE_A,10.0,15.0,3.0
834,CASE_A,10.0,15.0,3.0
835,CASE_A,10.0,15.0,3.0
836,CASE_A,10.0,15.0,3.0
837,CASE_A,10.0,15.0,3.0
838,CASE_A,10.0,15.0,3.0
839,CASE_A,10.0,15.0,3.0
840,CASE_A,10.0,15.0,3.0
841,CASE_A,10.0,15.0,3.0
842,CASE_A,10.0,15.0,3.0
843,CASE_A,10.0,15.0,3.0
844,CASE_A,10.0,15.0,3.0
845,CASE_A,10.0,15.0,3.0
846,CASE_A,10.0,15.0,3.0
847,CASE_A,10.0,15.0,3.0
848,CASE_A,10.0,15.0,3.0
849,CASE_A,10.0,15.0,3.0
850,CASE_A,10.0,15.0,3.0
851,CASE_A,10.0,15.0,3.0
852,CASE_A,10.0,15.0,3.0
853,CASE_A,10.0,15.0,3.0
854,CASE_A,10.0,15.0,3.0
855,CASE_A,10.0,15.0,3.0
856,CASE_A,10.0,15.0,3.0
857,CASE_A,10.0,15.0,3.0
858,CASE_A,10.0,15.0,3.0
859,CASE_A,10.0,15.0,3.0
860,CASE_A,10.0,15.0,3.0
861,CASE_A,10.0,15.0,3.0
862,CASE_A,10.0,15.0,3.0
863,CASE_A,10.0,15.0,3.0
864,CASE_A,10.0,15.0,3.0
865,CASE_A,10.0,15.0,3.0
866,CASE_A,10.0,15.0,3.0
867,CASE_A,10.0,15.0,3.0
868,CASE_A,10.0,15.0,3.0
869,CASE_A,10.0,15.0,3.0
870,CASE_A,10.0,15.0,3.0
871,CASE_A,10.0,15.0,3.0
872,CASE_A,10.0,15.0,3.0
873,CASE_A,10.0,15.0,3.0
874,CASE_A,10.0,15.0,3.0
875,CASE_A,10.0,15.0,3.0
876,CASE_A,10.0,15.0,3.0
877,CASE_A,10.0,15.0,3.0
878,CASE_A,10.0,15.0,3.0
879,CASE_A,10.0,15.0,3.0
880,CASE_A,10.0,15.0,3.0
881,CASE_A,10.0,15.0,3.0
882,CASE_A,10.0,15.0,3.0
883,CASE_A,10.0,15.0,3.0
884,CASE_A,10.0,15.0,3.0
885,CASE_A,10.0,15.0,3.0
886,CASE_A,10.0,15.0,3.0
887,CASE_A,10.0,15.0,3.0
888,CASE_A,10.0,15.0,3.0
889,CASE_A,10.0,15.0,3.0
890,CASE_A,10.0,15.0,3.0
891,CASE_A,10.0,15.0,3.0
892,CASE_A,10.0,15.0,3.0
893,CASE_A,10.0,15.0,3.0
894,CASE_A,10.0,15.0,3.0
895,CASE_A,10.0,15.0,3.0
896,CASE_A,10.0,15.0,3.0
897,CASE_A,10.0,15.0,3.0
898,CASE_A,10.0,15.0,3.0
899,CASE_A,10.0,15.0,3.0
900,CASE_A,10.0,15.0,3.0
901,CASE_A,10.0,15.0,3.0
902,CASE_A,10.0,15.0,3.0
903,CASE_A,10.0,15.0,3.0
904,CASE_A,10.0,15.0,3.0
905,CASE_A,10.0,15.0,3.0
906,CASE_A,10.0,15.0,3.0
907,CASE_A,10.0,15.0,3.0
908,CASE_A,10.0,15.0,3.0
909,CASE_A,10.0,15.0,3.0
910,CASE_A,10.0,15.0,3.0
911,CASE_A,10.0,15.0,3.0
912,CASE_A,10.0,15.0,3.0
913,CASE_A,10.0,15.0,3.0
914,CASE_A,10.0,15.0,3.0
915,CASE_A,10.0,15.0,3.0
916,CASE_A,10.0,15.0,3.0
917,CASE_A,10.0,15.0,3.0
918,CASE_A,10.0,15.0,3.0
919,CASE_A,10.0,15.0,3.0
920,CASE_A,10.0,15.0,3.0
921,CASE_A,10.0,15.0,3.0
922,CASE_A,10.0,15.0,3.0
923,CASE_A,10.0,15.0,3.0
924,CASE_A,10.0,15.0,3.0
925,CASE_A,10.0,15.0,3.0
926,CASE_A,10.0,15.0,3.0
927,CASE_A,10.0,15.0,3.0
928,CASE_A,10.0,15.0,3.0
929,CASE_A,10.0,15.0,3.0
930,CASE_A,10.0,15.0,3.0
931,CASE_A,10.0,15.0,3.0
932,CASE_A,10.0,15.0,3.0
933,CASE_A,10.0,15.0,3.0
934,CASE_A,10.0,15.0,3.0
935,CASE_A,10.0,15.0,3.0
936,CASE_A,10.0,15.0,3.0
937,CASE_A,10.0,15.0,3.0
938,CASE_A,10.0,15.0,3.0
939,CASE_A,10.0,15.0,3.0
940,CASE_A,10.0,15.0,3.0
941,CASE_A,10.0,15.0,3.0
942,CASE_A,10.0,15.0,3.0
943,CASE_A,10.0,15.0,3.0
944,CASE_A,10.0,15.0,3.0
945,CASE_A,10.0,15.0,3.0
946,CASE_A,10.0,15.0,3.0
947,CASE_A,10.0,15.0,3.0
948,CASE_A,10.0,15.0,3.0
949,CASE_A,10.0,15.0,3.0
950,CASE_A,10.0,15.0,3.0
951,CASE_A,10.0,15.0,3.0
952,CASE_A,10.0,15.0,3.0
953,CASE_A,10.0,15.0,3.0
954,CASE_A,10.0,15.0,3.0
955,CASE_A,10.0,15.0,3.0
956,CASE_A,10.0,15.0,3.0
957,CASE_A,10.0,15.0,3.0
958,CASE_A,10.0,15.0,3.0
959,CASE_A,10.0,15.0,3.0
960,CASE_A,10.0,15.0,3.0
961,CASE_A,10.0,15.0,2.0
962,CASE_A,10.0,15.0,2.0
963,CASE_A,10.0,15.0,2.0
964,CASE_A,10.0,15.0,2.0
965,CASE_A,10.0,15.0,2.0
966,CASE_A,10.0,15.0,2.0
967,CASE_A,10.0,15.0,2.0
968,CASE_A,10.0,15.0,2.0
969,CASE_A,10.0,15.0,2.0
970,CASE_A,10.0,15.0,2.0
971,CASE_A,10.0,15.0,2.0
972,CASE_A,10.0,15.0,2.0
973,CASE_A,10.0,15.0,2.0
974,CASE_A,10.0,15.0,2.0
975,CASE_A,10.0,15.0,2.0
976,CASE_A,10.0,15.0,2.0
977,CASE_A,10.0,15.0,2.0
978,CASE_A,10.0,15.0,2.0
979,CASE_A,10.0,15.0,2.0
980,CASE_A,10.0,15.0,2.0
981,CASE_A,10.0,15.0,2.0
982,CASE_A,10.0,15.0,2.0
983,CASE_A,10.0,15.0,2.0
984,CASE_A,10.0,15.0,2.0
985,CASE_A,10.0,15.0,2.0
986,CASE_A,10.0,15.0,2.0
987,CASE_A,10.0,15.0,2.0
988,CASE_A,10.0,15.0,2.0
989,CASE_A,10.0,15.0,2.0
990,CASE_A,10.0,15.0,2.0
991,CASE_A,10.0,15.0,2.0
992,CASE_A,10.0,15.0,2.0
993,CASE_A,10.0,15.0,2.0
994,CASE_A,10.0,15.0,2.0
995,CASE_A,10.0,15.0,2.0
996,CASE_A,10.0,15.0,2.0
997,CASE_A,10.0,15.0,2.0
998,CASE_A,10.0,15.0,2.0
999,CASE_A,10.0,15.0,2.0
1000,CASE_A,10.0,15.0,2.0
1001,CASE_A,10.0,15.0,2.0
1002,CASE_A,10.0,15.0,2.0
1003,CASE_A,10.0,15.0,2.0
1004,CASE_A,10.0,15.0,2.0
1005,CASE_A,10.0,15.0,2.0
1006,CASE_A,10.0,15.0,2.0
1007,CASE_A,10.0,15.0,2.0
1008,CASE_A,10.0,15.0,2.0
1009,CASE_A,10.0,15.0,2.0
1010,CASE_A,10.0,15.0,2.0
1011,CASE_A,10.0,15.0,2.0
1012,CASE_A,10.0,15.0,2.0
1013,CASE_A,10.0,15.0,2.0
1014,CASE_A,10.0,15.0,2.0
1015,CASE_A,10.0,15.0,2.0
1016,CASE_A,10.0,15.0,2.0
1017,CASE_A,10.0,15.0,2.0
1018,CASE_A,10.0,15.0,2.0
1019,CASE_A,10.0,15.0,2.0
1020,CASE_A,10.0,15.0,2.0
1021,CASE_A,10.0,15.0,2.0
1022,CASE_A,10.0,15.0,2.0
1023,CASE_A,10.0,15.0,2.0
1024,CASE_A,10.0,15.0,2.0
1025,CASE_A,10.0,15.0,2.0
1026,CASE_A,10.0,15.0,2.0
1027,CASE_A,10.0,15.0,2.0
1028,CASE_A,10.0,15.0,2.0
1029,CASE_A,10.0,15.0,2.0
1030,CASE_A,10.0,15.0,2.0
1031,CASE_A,10.0,15.0,2.0
1032,CASE_A,10.0,15.0,2.0
1033,CASE_A,10.0,15.0,2.0
1034,CASE_A,10.0,15.0,2.0
1035,CASE_A,10.0,15.0,2.0
1036,CASE_A,10.0,15.0,2.0
1037,CASE_A,10.0,15.0,2.0
1038,CASE_A,10.0,15.0,2.0
1039,CASE_A,10.0,15.0,2.0
1040,CASE_A,10.0,15.0,2.0
1041,CASE_A,10.0,15.0,2.0
1042,CASE_A,10.0,15.0,2.0
1043,CASE_A,10.0,15.0,2.0
1044,CASE_A,10.0,15.0,2.0
1045,CASE_A,10.0,15.0,2.0
1046,CASE_A,10.0,15.0,2.0
1047,CASE_A,10.0,15.0,2.0
1048,CASE_A,10.0,15.0,2.0
1049,CASE_A,10.0,15.0,2.0
1050,CASE_A,10.0,15.0,2.0
1051,CASE_A,10.0,15.0,2.0
1052,CASE_A,10.0,15.0,2.0
1053,CASE_A,10.0,15.0,2.0
1054,CASE_A,10.0,15.0,2.0
1055,CASE_A,10.0,15.0,2.0
1056,CASE_A,10.0,15.0,2.0
1057,CASE_A,10.0,15.0,2.0
1058,CASE_A,10.0,15.0,2.0
1059,CASE_A,10.0,15.0,2.0
1060,CASE_A,10.0,15.0,2.0
1061,CASE_A,10.0,15.0,2.0
1062,CASE_A,10.0,15.0,2.0
1063,CASE_A,10.0,15.0,2.0
1064,CASE_A,10.0,15.0,2.0
1065,CASE_A,10.0,15.0,2.0
1066,CASE_A,10.0,15.0,2.0
1067,CASE_A,10.0,15.0,2.0
1068,CASE_A,10.0,15.0,2.0
1069,CASE_A,10.0,15.0,2.0
1070,CASE_A,10.0,15.0,2.0
1071,CASE_A,10.0,15.0,2.0
1072,CASE_A,10.0,15.0,2.0
1073,CASE_A,10.0,15.0,2.0
1074,CASE_A,10.0,15.0,2.0
1075,CASE_A,10.0,15.0,2.0
1076,CASE_A,10.0,15.0,2.0
1077,CASE_A,10.0,15.0,2.0
1078,CASE_A,10.0,15.0,2.0
1079,CASE_A,10.0,15.0,2.0
1080,CASE_A,10.0,15.0,2.0
1081,CASE_A,10.0,15.0,3.0
1082,CASE_A,10.0,15.0,3.0
1083,CASE_A,10.0,15.0,3.0
1084,CASE_A,10.0,15.0,3.0
1085,CASE_A,10.0,15.0,3.0
1086,CASE_A,10.0,15.0,3.0
1087,CASE_A,10.0,15.0,3.0
1088,CASE_A,10.0,15.0,3.0
1089,CASE_A,10.0,15.0,3.0
1090,CASE_A,10.0,15.0,3.0
1091,CASE_A,10.0,15.0,3.0
1092,CASE_A,10.0,15.0,3.0
1093,CASE_A,10.0,15.0,3.0
1094,CASE_A,10.0,15.0,3.0
1095,CASE_A,10.0,15.0,3.0
1096,CASE_A,10.0,15.0,3.0
1097,CASE_A,10.0,15.0,3.0
1098,CASE_A,10.0,15.0,3.0
1099,CASE_A,10.0,15.0,3.0
1100,CASE_A,10.0,15.0,3.0
1101,CASE_A,10.0,15.0,3.0
1102,CASE_A,10.0,15.0,3.0
1103,CASE_A,10.0,15.0,3.0
1104,CASE_A,10.0,15.0,3.0
1105,CASE_A,10.0,15.0,3.0
1106,CASE_A,10.0,15.0,3.0
1107,CASE_A,10.0,15.0,3.0
1108,CASE_A,10.0,15.0,3.0
1109,CASE_A,10.0,15.0,3.0
1110,CASE_A,10.0,15.0,3.0
1111,CASE_A,10.0,15.0,3.0
1112,CASE_A,10.0,15.0,3.0
1113,CASE_A,10.0,15.0,3.0
1114,CASE_A,10.0,15.0,3.0
1115,CASE_A,10.0,15.0,3.0
1116,CASE_A,10.0,15.0,3.0
1117,CASE_A,10.0,15.0,3.0
1118,CASE_A,10.0,15.0,3.0
1119,CASE_A,10.0,15.0,3.0
1120,CASE_A,10.0,15.0,3.0
1121,CASE_A,10.0,15.0,3.0
1122,CASE_A,10.0,15.0,3.0
1123,CASE_A,10.0,15.0,3.0
1124,CASE_A,10.0,15.0,3.0
1125,CASE_A,10.0,15.0,3.0
1126,CASE_A,10.0,15.0,3.0
1127,CASE_A,10.0,15.0,3.0
1128,CASE_A,10.0,15.0,3.0
1129,CASE_A,10.0,15.0,3.0
1130,CASE_A,10.0,15.0,3.0
1131,CASE_A,10.0,15.0,3.0
1132,CASE_A,10.0,15.0,3.0
1133,CASE_A,10.0,15.0,3.0
1134,CASE_A,10.0,15.0,3.0
1135,CASE_A,10.0,15.0,3.0
1136,CASE_A,10.0,15.0,3.0
1137,CASE_A,10.0,15.0,3.0
1138,CASE_A,10.0,15.0,3.0
1139,CASE_A,10.0,15.0,3.0
1140,CASE_A,10.0,15.0,3.0
1141,CASE_A,10.0,15.0,3.0
1142,CASE_A,10.0,15.0,3.0
1143,CASE_A,10.0,15.0,3.0
1144,CASE_A,10.0,15.0,3.0
1145,CASE_A,10.0,15.0,3.0
1146,CASE_A,10.0,15.0,3.0
1147,CASE_A,10.0,15.0,3.0
1148,CASE_A,10.0,15.0,3.0
1149,CASE_A,10.0,15.0,3.0
1150,CASE_A,10.0,15.0,3.0
1151,CASE_A,10.0,15.0,3.0
1152,CASE_A,10.0,15.0,3.0
1153,CASE_A,10.0,15.0,3.0
1154,CASE_A,10.0,15.0,3.0
1155,CASE_A,10.0,15.0,3.0
1156,CASE_A,10.0,15.0,3.0
1157,CASE_A,10.0,15.0,3.0
1158,CASE_A,10.0,15.0,3.0
1159,CASE_A,10.0,15.0,3.0
1160,CASE_A,10.0,15.0,3.0
1161,CASE_A,10.0,15.0,3.0
1162,CASE_A,10.0,15.0,3.0
1163,CASE_A,10.0,15.0,3.0
1164,CASE_A,10.0,15.0,3.0
1165,CASE_A,10.0,15.0,3.0
1166,CASE_A,10.0,15.0,3.0
1167,CASE_A,10.0,15.0,3.0
1168,CASE_A,10.0,15.0,3.0
1169,CASE_A,10.0,15.0,3.0
1170,CASE_A,10.0,15.0,3.0
1171,CASE_A,10.0,15.0,3.0
1172,CASE_A,10.0,15.0,3.0
1173,CASE_A,10.0,15.0,3.0
1174,CASE_A,10.0,15.0,3.0
1175,CASE_A,10.0,15.0,3.0
1176,CASE_A,10.0,15.0,3.0
1177,CASE_A,10.0,15.0,3.0
1178,CASE_A,10.0,15.0,3.0
1179,CASE_A,10.0,15.0,3.0
1180,CASE_A,10.0,15.0,3.0
1181,CASE_A,10.0,15.0,3.0
1182,CASE_A,10.0,15.0,3.0
1183,CASE_A,10.0,15.0,3.0
1184,CASE_A,10.0,15.0,3.0
1185,CASE_A,10.0,15.0,3.0
1186,CASE_A,10.0,15.0,3.0
1187,CASE_A,10.0,15.0,3.0
1188,CASE_A,10.0,15.0,3.0
1189,CASE_A,10.0,15.0,3.0
1190,CASE_A,10.0,15.0,3.0
1191,CASE_A,10.0,15.0,3.0
1192,CASE_A,10.0,15.0,3.0
1193,CASE_A,10.0,15.0,3.0
1194,CASE_A,10.0,15.0,3.0
1195,CASE_A,10.0,15.0,3.0
1196,CASE_A,10.0,15.0,3.0
1197,CASE_A,10.0,15.0,3.0
1198,CASE_A,10.0,15.0,3.0
1199,CASE_A,10.0,15.0,3.0
1200,CASE_A,10.0,15.0,3.0
1201,CASE_A,10.0,15.0,2.0
1202,CASE_A,10.0,15.0,2.0
1203,CASE_A,10.0,15.0,2.0
1204,CASE_A,10.0,15.0,2.0
1205,CASE_A,10.0,15.0,2.0
1206,CASE_A,10.0,15.0,2.0
1207,CASE_A,10.0,15.0,2.0
1208,CASE_A,10.0,15.0,2.0
1209,CASE_A,10.0,15.0,2.0
1210,CASE_A,10.0,15.0,2.0
1211,CASE_A,10.0,15.0,2.0
1212,CASE_A,10.0,15.0,2.0
1213,CASE_A,10.0,15.0,2.0
1214,CASE_A,10.0,15.0,2.0
1215,CASE_A,10.0,15.0,2.0
1216,CASE_A,10.0,15.0,2.0
1217,CASE_A,10.0,15.0,2.0
1218,CASE_A,10.0,15.0,2.0
1219,CASE_A,10.0,15.0,2.0
1220,CASE_A,10.0,15.0,2.0
1221,CASE_A,10.0,15.0,2.0
1222,CASE_A,10.0,15.0,2.0
1223,CASE_A,10.0,15.0,2.0
1224,CASE_A,10.0,15.0,2.0
1225,CASE_A,10.0,15.0,2.0
1226,CASE_A,10.0,15.0,2.0
1227,CASE_A,10.0,15.0,2.0
1228,CASE_A,10.0,15.0,2.0
1229,CASE_A,10.0,15.0,2.0
1230,CASE_A,10.0,15.0,2.0
1231,CASE_A,10.0,15.0,2.0
1232,CASE_A,10.0,15.0,2.0
1233,CASE_A,10.0,15.0,2.0
1234,CASE_A,10.0,15.0,2.0
1235,CASE_A,10.0,15.0,2.0
1236,CASE_A,10.0,15.0,2.0
1237,CASE_A,10.0,15.0,2.0
1238,CASE_A,10.0,15.0,2.0
1239,CASE_A,10.0,15.0,2.0
1240,CASE_A,10.0,15.0,2.0
1241,CASE_A,10.0,15.0,2.0
1242,CASE_A,10.0,15.0,2.0
1243,CASE_A,10.0,15.0,2.0
1244,CASE_A,10.0,15.0,2.0
1245,CASE_A,10.0,15.0,2.0
1246,CASE_A,10.0,15.0,2.0
1247,CASE_A,10.0,15.0,2.0
1248,CASE_A,10.0,15.0,2.0
1249,CASE_A,10.0,15.0,2.0
1250,CASE_A,10.0,15.0,2.0
1251,CASE_A,10.0,15.0,2.0
1252,CASE_A,10.0,15.0,2.0
1253,CASE_A,10.0,15.0,2.0
1254,CASE_A,10.0,15.0,2.0
1255,CASE_A,10.0,15.0,2.0
1256,CASE_A,10.0,15.0,2.0
1257,CASE_A,10.0,15.0,2.0
1258,CASE_A,10.0,15.0,2.0
1259,CASE_A,10.0,15.0,2.0
1260,CASE_A,10.0,15.0,2.0
1261,CASE_A,10.0,15.0,2.0
1262,CASE_A,10.0,15.0,2.0
1263,CASE_A,10.0,15.0,2.0
1264,CASE_A,10.0,15.0,2.0
1265,CASE_A,10.0,15.0,2.0
1266,CASE_A,10.0,15.0,2.0
1267,CASE_A,10.0,15.0,2.0
1268,CASE_A,10.0,15.0,2.0
1269,CASE_A,10.0,15.0,2.0
1270,CASE_A,10.0,15.0,2.0
1271,CASE_A,10.0,15.0,2.0
1272,CASE_A,10.0,15.0,2.0
1273,CASE_A,10.0,15.0,2.0
1274,CASE_A,10.0,15.0,2.0
1275,CASE_A,10.0,15.0,2.0
1276,CASE_A,10.0,15.0,2.0
1277,CASE_A,10.0,15.0,2.0
1278,CASE_A,10.0,15.0,2.0
1279,CASE_A,10.0,15.0,2.0
1280,CASE_A,10.0,15.0,2.0
1281,CASE_A,10.0,15.0,2.0
1282,CASE_A,10.0,15.0,2.0
1283,CASE_A,10.0,15.0,2.0
1284,CASE_A,10.0,15.0,2.0
1285,CASE_A,10.0,15.0,2.0
1286,CASE_A,10.0,15.0,2.0
1287,CASE_A,10.0,15.0,2.0
1288,CASE_A,10.0,15.0,2.0
1289,CASE_A,10.0,15.0,2.0
1290,CASE_A,10.0,15.0,2.0
1291,CASE_A,10.0,15.0,2.0
1292,CASE_A,10.0,15.0,2.0
1293,CASE_A,10.0,15.0,2.0
1294,CASE_A,10.0,15.0,2.0
1295,CASE_A,10.0,15.0,2.0
1296,CASE_A,10.0,15.0,2.0
1297,CASE_A,10.0,15.0,2.0
1298,CASE_A,10.0,15.0,2.0
1299,CASE_A,10.0,15.0,2.0
1300,CASE_A,10.0,15.0,2.0
1301,CASE_A,10.0,15.0,2.0
1302,CASE_A,10.0,15.0,2.0
1303,CASE_A,10.0,15.0,2.0
1304,CASE_A,10.0,15.0,2.0
1305,CASE_A,10.0,15.0,2.0
1306,CASE_A,10.0,15.0,2.0
1307,CASE_A,10.0,15.0,2.0
1308,CASE_A,10.0,15.0,2.0
1309,CASE_A,10.0,15.0,2.0
1310,CASE_A,10.0,15.0,2.0
1311,CASE_A,10.0,15.0,2.0
1312,CASE_A,10.0,15.0,2.0
1313,CASE_A,10.0,15.0,2.0
1314,CASE_A,10.0,15.0,2.0
1315,CASE_A,10.0,15.0,2.0
1316,CASE_A,10.0,15.0,2.0
1317,CASE_A,10.0,15.0,2.0
1318,CASE_A,10.0,15.0,2.0
1319,CASE_A,10.0,15.0,2.0
1320,CASE_A,10.0,15.0,2.0
1321,CASE_A,10.0,15.0,2.0
1322,CASE_A,10.0,15.0,2.0
1323,CASE_A,10.0,15.0,2.0
1324,CASE_A,10.0,15.0,2.0
1325,CASE_A,10.0,15.0,2.0
1326,CASE_A,10.0,15.0,2.0
1327,CASE_A,10.0,15.0,2.0
1328,CASE_A,10.0,15.0,2.0
1329,CASE_A,10.0,15.0,2.0
1330,CASE_A,10.0,15.0,2.0
1331,CASE_A,10.0,15.0,2.0
1332,CASE_A,10.0,15.0,2.0
1333,CASE_A,10.0,15.0,2.0
1334,CASE_A,10.0,15.0,2.0
1335,CASE_A,10.0,15.0,2.0
1336,CASE_A,10.0,15.0,2.0
1337,CASE_A,10.0,15.0,2.0
1338,CASE_A,10.0,15.0,2.0
1339,CASE_A,10.0,15.0,2.0
1340,CASE_A,10.0,15.0,2.0
1341,CASE_A,10.0,15.0,2.0
1342,CASE_A,10.0,15.0,2.0
1343,CASE_A,10.0,15.0,2.0
1344,CASE_A,10.0,15.0,2.0
1345,CASE_A,10.0,15.0,2.0
1346,CASE_A,10.0,15.0,2.0
1347,CASE_A,10.0,15.0,2.0
1348,CASE_A,10.0,15.0,2.0
1349,CASE_A,10.0,15.0,2.0
1350,CASE_A,10.0,15.0,2.0
1351,CASE_A,10.0,15.0,2.0
1352,CASE_A,10.0,15.0,2.0
1353,CASE_A,10.0,15.0,2.0
1354,CASE_A,10.0,15.0,2.0
1355,CASE_A,10.0,15.0,2.0
1356,CASE_A,10.0,15.0,2.0
1357,CASE_A,10.0,15.0,2.0
1358,CASE_A,10.0,15.0,2.0
1359,CASE_A,10.0,15.0,2.0
1360,CASE_A,10.0,15.0,2.0
1361,CASE_A,10.0,15.0,2.0
1362,CASE_A,10.0,15.0,2.0
1363,CASE_A,10.0,15.0,2.0
1364,CASE_A,10.0,15.0,2.0
1365,CASE_A,10.0,15.0,2.0
1366,CASE_A,10.0,15.0,2.0
1367,CASE_A,10.0,15.0,2.0
1368,CASE_A,10.0,15.0,2.0
1369,CASE_A,10.0,15.0,2.0
1370,CASE_A,10.0,15.0,2.0
1371,CASE_A,10.0,15.0,2.0
1372,CASE_A,10.0,15.0,2.0
1373,CASE_A,10.0,15.0,2.0
1374,CASE_A,10.0,15.0,2.0
1375,CASE_A,10.0,15.0,2.0
1376,CASE_A,10.0,15.0,2.0
1377,CASE_A,10.0,15.0,2.0
1378,CASE_A,10.0,15.0,2.0
1379,CASE_A,10.0,15.0,2.0
1380,CASE_A,10.0,15.0,2.0
1381,CASE_A,10.0,15.0,2.0
1382,CASE_A,10.0,15.0,2.0
1383,CASE_A,10.0,15.0,2.0
1384,CASE_A,10.0,15.0,2.0
1385,CASE_A,10.0,15.0,2.0
1386,CASE_A,10.0,15.0,2.0
1387,CASE_A,10.0,15.0,2.0
1388,CASE_A,10.0,15.0,2.0
1389,CASE_A,10.0,15.0,2.0
1390,CASE_A,10.0,15.0,2.0
1391,CASE_A,10.0,15.0,2.0
1392,CASE_A,10.0,15.0,2.0
1393,CASE_A,10.0,15.0,2.0
1394,CASE_A,10.0,15.0,2.0
1395,CASE_A,10.0,15.0,2.0
1396,CASE_A,10.0,15.0,2.0
1397,CASE_A,10.0,15.0,2.0
1398,CASE_A,10.0,15.0,2.0
1399,CASE_A,10.0,15.0,2.0
1400,CASE_A,10.0,15.0,2.0
1401,CASE_A,10.0,15.0,2.0
1402,CASE_A,10.0,15.0,2.0
1403,CASE_A,10.0,15.0,2.0
1404,CASE_A,10.0,15.0,2.0
1405,CASE_A,10.0,15.0,2.0
1406,CASE_A,10.0,15.0,2.0
1407,CASE_A,10.0,15.0,2.0
1408,CASE_A,10.0,15.0,2.0
1409,CASE_A,10.0,15.0,2.0
1410,CASE_A,10.0,15.0,2.0
1411,CASE_A,10.0,15.0,2.0
1412,CASE_A,10.0,15.0,2.0
1413,CASE_A,10.0,15.0,2.0
1414,CASE_A,10.0,15.0,2.0
1415,CASE_A,10.0,15.0,2.0
1416,CASE_A,10.0,15.0,2.0
1417,CASE_A,10.0,15.0,2.0
1418,CASE_A,10.0,15.0,2.0
1419,CASE_A,10.0,15.0,2.0
1420,CASE_A,10.0,15.0,2.0
1421,CASE_A,10.0,15.0,2.0
1422,CASE_A,10.0,15.0,2.0
1423,CASE_A,10.0,15.0,2.0
1424,CASE_A,10.0,15.0,2.0
1425,CASE_A,10.0,15.0,2.0
1426,CASE_A,10.0,15.0,2.0
1427,CASE_A,10.0,15.0,2.0
1428,CASE_A,10.0,15.0,2.0
1429,CASE_A,10.0,15.0,2.0
1430,CASE_A,10.0,15.0,2.0
1431,CASE_A,10.0,15.0,2.0
1432,CASE_A,10.0,15.0,2.0
1433,CASE_A,10.0,15.0,2.0
1434,CASE_A,10.0,15.0,2.0
1435,CASE_A,10.0,15.0,2.0
1436,CASE_A,10.0,15.0,2.0
1437,CASE_A,10.0,15.0,2.0
1438,CASE_A,10.0,15.0,2.0
1439,CASE_A,10.0,15.0,2.0
1440,CASE_A,10.0,15.0,2.0
1441,CASE_A,10.0,15.0,2.0
1442,CASE_A,10.0,15.0,2.0
1443,CASE_A,10.0,15.0,2.0
1444,CASE_A,10.0,15.0,2.0
1445,CASE_A,10.0,15.0,2.0
1446,CASE_A,10.0,15.0,2.0
1447,CASE_A,10.0,15.0,2.0
1448,CASE_A,10.0,15.0,2.0
1449,CASE_A,10.0,15.0,2.0
1450,CASE_A,10.0,15.0,2.0
1451,CASE_A,10.0,15.0,2.0
1452,CASE_A,10.0,15.0,2.0
1453,CASE_A,10.0,15.0,2.0
1454,CASE_A,10.0,15.0,2.0
1455,CASE_A,10.0,15.0,2.0
1456,CASE_A,10.0,15.0,2.0
1457,CASE_A,10.0,15.0,2.0
1458,CASE_A,10.0,15.0,2.0
1459,CASE_A,10.0,15.0,2.0
1460,CASE_A,10.0,15.0,2.0
1461,CASE_A,10.0,15.0,2.0
1462,CASE_A,10.0,15.0,2.0
1463,CASE_A,10.0,15.0,2.0
1464,CASE_A,10.0,15.0,2.0
1465,CASE_A,10.0,15.0,2.0
1466,CASE_A,10.0,15.0,2.0
1467,CASE_A,10.0,15.0,2.0
1468,CASE_A,10.0,15.0,2.0
1469,CASE_A,10.0,15.0,2.0
1470,CASE_A,10.0,15.0,2.0
1471,CASE_A,10.0,15.0,2.0
1472,CASE_A,10.0,15.0,2.0
1473,CASE_A,10.0,15.0,2.0
1474,CASE_A,10.0,15.0,2.0
1475,CASE_A,10.0,15.0,2.0
1476,CASE_A,10.0,15.0,2.0
1477,CASE_A,10.0,15.0,2.0
1478,CASE_A,10.0,15.0,2.0
1479,CASE_A,10.0,15.0,2.0
1480,CASE_A,10.0,15.0,2.0
1481,CASE_A,10.0,15.0,2.0
1482,CASE_A,10.0,15.0,2.0
1483,CASE_A,10.0,15.0,2.0
1484,CASE_A,10.0,15.0,2.0
1485,CASE_A,10.0,15.0,2.0
1486,CASE_A,10.0,15.0,2.0
1487,CASE_A,10.0,15.0,2.0
1488,CASE_A,10.0,15.0,2.0
1489,CASE_A,10.0,15.0,2.0
1490,CASE_A,10.0,15.0,2.0
1491,CASE_A,10.0,15.0,2.0
1492,CASE_A,10.0,15.0,2.0
1493,CASE_A,10.0,15.0,2.0
1494,CASE_A,10.0,15.0,2.0
1495,CASE_A,10.0,15.0,2.0
1496,CASE_A,10.0,15.0,2.0
1497,CASE_A,10.0,15.0,2.0
1498,CASE_A,10.0,15.0,2.0
1499,CASE_A,10.0,15.0,2.0
1500,CASE_A,10.0,15.0,2.0
1501,CASE_A,10.0,15.0,2.0
1502,CASE_A,10.0,15.0,2.0
1503,CASE_A,10.0,15.0,2.0
1504,CASE_A,10.0,15.0,2.0
1505,CASE_A,10.0,15.0,2.0
1506,CASE_A,10.0,15.0,2.0
1507,CASE_A,10.0,15.0,2.0
1508,CASE_A,10.0,15.0,2.0
1509,CASE_A,10.0,15.0,2.0
1510,CASE_A,10.0,15.0,2.0
1511,CASE_A,10.0,15.0,2.0
1512,CASE_A,10.0,15.0,2.0
1513,CASE_A,10.0,15.0,2.0
1514,CASE_A,10.0,15.0,2.0
1515,CASE_A,10.0,15.0,2.0
1516,CASE_A,10.0,15.0,2.0
1517,CASE_A,10.0,15.0,2.0
1518,CASE_A,10.0,15.0,2.0
1519,CASE_A,10.0,15.0,2.0
1520,CASE_A,10.0,15.0,2.0
1521,CASE_A,10.0,15.0,2.0
1522,CASE_A,10.0,15.0,2.0
1523,CASE_A,10.0,15.0,2.0
1524,CASE_A,10.0,15.0,2.0
1525,CASE_A,10.0,15.0,2.0
1526,CASE_A,10.0,15.0,2.0
1527,CASE_A,10.0,15.0,2.0
1528,CASE_A,10.0,15.0,2.0
1529,CASE_A,10.0,15.0,2.0
1530,CASE_A,10.0,15.0,2.0
1531,CASE_A,10.0,15.0,2.0
1532,CASE_A,10.0,15.0,2.0
1533,CASE_A,10.0,15.0,2.0
1534,CASE_A,10.0,15.0,2.0
1535,CASE_A,10.0,15.0,2.0
1536,CASE_A,10.0,15.0,2.0
1537,CASE_A,10.0,15.0,2.0
1538,CASE_A,10.0,15.0,2.0
1539,CASE_A,10.0,15.0,2.0
1540,CASE_A,10.0,15.0,2.0
1541,CASE_A,10.0,15.0,2.0
1542,CASE_A,10.0,15.0,2.0
1543,CASE_A,10.0,15.0,2.0
1544,CASE_A,10.0,15.0,2.0
1545,CASE_A,10.0,15.0,2.0
1546,CASE_A,10.0,15.0,2.0
1547,CASE_A,10.0,15.0,2.0
1548,CASE_A,10.0,15.0,2.0
1549,CASE_A,10.0,15.0,2.0
1550,CASE_A,10.0,15.0,2.0
1551,CASE_A,10.0,15.0,2.0
1552,CASE_A,10.0,15.0,2.0
1553,CASE_A,10.0,15.0,2.0
1554,CASE_A,10.0,15.0,2.0
1555,CASE_A,10.0,15.0,2.0
1556,CASE_A,10.0,15.0,2.0
1557,CASE_A,10.0,15.0,2.0
1558,CASE_A,10.0,15.0,2.0
1559,CASE_A,10.0,15.0,2.0
1560,CASE_A,10.0,15.0,2.0
1561,CASE_A,10.0,15.0,2.0
1562,CASE_A,10.0,15.0,2.0
1563,CASE_A,10.0,15.0,2.0
1564,CASE_A,10.0,15.0,2.0
1565,CASE_A,10.0,15.0,2.0
1566,CASE_A,10.0,15.0,2.0
1567,CASE_A,10.0,15.0,2.0
1568,CASE_A,10.0,15.0,2.0
1569,CASE_A,10.0,15.0,2.0
1570,CASE_A,10.0,15.0,2.0
1571,CASE_A,10.0,15.0,2.0
1572,CASE_A,10.0,15.0,2.0
1573,CASE_A,10.0,15.0,2.0
1574,CASE_A,10.0,15.0,2.0
1575,CASE_A,10.0,15.0,2.0
1576,CASE_A,10.0,15.0,2.0
1577,CASE_A,10.0,15.0,2.0
1578,CASE_A,10.0,15.0,2.0
1579,CASE_A,10.0,15.0,2.0
1580,CASE_A,10.0,15.0,2.0
1581,CASE_A,10.0,15.0,2.0
1582,CASE_A,10.0,15.0,2.0
1583,CASE_A,10.0,15.0,2.0
1584,CASE_A,10.0,15.0,2.0
1585,CASE_A,10.0,15.0,2.0
1586,CASE_A,10.0,15.0,2.0
1587,CASE_A,10.0,15.0,2.0
1588,CASE_A,10.0,15.0,2.0
1589,CASE_A,10.0,15.0,2.0
1590,CASE_A,10.0,15.0,2.0
1591,CASE_A,10.0,15.0,2.0
1592,CASE_A,10.0,15.0,2.0
1593,CASE_A,10.0,15.0,2.0
1594,CASE_A,10.0,15.0,2.0
1595,CASE_A,10.0,15.0,2.0
1596,CASE_A,10.0,15.0,2.0
1597,CASE_A,10.0,15.0,2.0
1598,CASE_A,10.0,15.0,2.0
1599,CASE_A,10.0,15.0,2.0
1600,CASE_A,10.0,15.0,2.0
1601,CASE_A,10.0,15.0,2.0
1602,CASE_A,10.0,15.0,2.0
1603,CASE_A,10.0,15.0,2.0
1604,CASE_A,10.0,15.0,2.0
1605,CASE_A,10.0,15.0,2.0
1606,CASE_A,10.0,15.0,2.0
1607,CASE_A,10.0,15.0,2.0
1608,CASE_A,10.0,15.0,2.0
1609,CASE_A,10.0,15.0,2.0
1610,CASE_A,10.0,15.0,2.0
1611,CASE_A,10.0,15.0,2.0
1612,CASE_A,10.0,15.0,2.0
1613,CASE_A,10.0,15.0,2.0
1614,CASE_A,10.0,15.0,2.0
1615,CASE_A,10.0,15.0,2.0
1616,CASE_A,10.0,15.0,2.0
1617,CASE_A,10.0,15.0,2.0
1618,CASE_A,10.0,15.0,2.0
1619,CASE_A,10.0,15.0,2.0
1620,CASE_A,10.0,15.0,2.0
1621,CASE_A,10.0,15.0,2.0
1622,CASE_A,10.0,15.0,2.0
1623,CASE_A,10.0,15.0,2.0
1624,CASE_A,10.0,15.0,2.0
1625,CASE_A,10.0,15.0,2.0
1626,CASE_A,10.0,15.0,2.0
1627,CASE_A,10.0,15.0,2.0
1628,CASE_A,10.0,15.0,2.0
1629,CASE_A,10.0,15.0,2.0
1630,CASE_A,10.0,15.0,2.0
1631,CASE_A,10.0,15.0,2.0
1632,CASE_A,10.0,15.0,2.0
1633,CASE_A,10.0,15.0,2.0
1634,CASE_A,10.0,15.0,2.0
1635,CASE_A,10.0,15.0,2.0
1636,CASE_A,10.0,15.0,2.0
1637,CASE_A,10.0,15.0,2.0
1638,CASE_A,10.0,15.0,2.0
1639,CASE_A,10.0,15.0,2.0
1640,CASE_A,10.0,15.0,2.0
1641,CASE_A,10.0,15.0,2.0
1642,CASE_A,10.0,15.0,2.0
1643,CASE_A,10.0,15.0,2.0
1644,CASE_A,10.0,15.0,2.0
1645,CASE_A,10.0,15.0,2.0
1646,CASE_A,10.0,15.0,2.0
1647,CASE_A,10.0,15.0,2.0
1648,CASE_A,10.0,15.0,2.0
1649,CASE_A,10.0,15.0,2.0
1650,CASE_A,10.0,15.0,2.0
1651,CASE_A,10.0,15.0,2.0
1652,CASE_A,10.0,15.0,2.0
1653,CASE_A,10.0,15.0,2.0
1654,CASE_A,10.0,15.0,2.0
1655,CASE_A,10.0,15.0,2.0
1656,CASE_A,10.0,15.0,2.0
1657,CASE_A,10.0,15.0,2.0
1658,CASE_A,10.0,15.0,2.0
1659,CASE_A,10.0,15.0,2.0
1660,CASE_A,10.0,15.0,2.0
1661,CASE_A,10.0,15.0,2.0
1662,CASE_A,10.0,15.0,2.0
1663,CASE_A,10.0,15.0,2.0
1664,CASE_A,10.0,15.0,2.0
1665,CASE_A,10.0,15.0,2.0
1666,CASE_A,10.0,15.0,2.0
1667,CASE_A,10.0,15.0,2.0
1668,CASE_A,10.0,15.0,2.0
1669,CASE_A,10.0,15.0,2.0
1670,CASE_A,10.0,15.0,2.0
1671,CASE_A,10.0,15.0,2.0
1672,CASE_A,10.0,15.0,2.0
1673,CASE_A,10.0,15.0,2.0
1674,CASE_A,10.0,15.0,2.0
1675,CASE_A,10.0,15.0,2.0
1676,CASE_A,10.0,15.0,2.0
1677,CASE_A,10.0,15.0,2.0
1678,CASE_A,10.0,15.0,2.0
1679,CASE_A,10.0,15.0,2.0
1680,CASE_A,10.0,15.0,2.0
1681,CASE_A,10.0,15.0,1.0
1682,CASE_A,10.0,15.0,1.0
1683,CASE_A,10.0,15.0,1.0
1684,CASE_A,10.0,15.0,1.0
1685,CASE_A,10.0,15.0,1.0
1686,CASE_A,10.0,15.0,1.0
1687,CASE_A,10.0,15.0,1.0
1688,CASE_A,10.0,15.0,1.0
1689,CASE_A,10.0,15.0,1.0
1690,CASE_A,10.0,15.0,1.0
1691,CASE_A,10.0,15.0,1.0
1692,CASE_A,10.0,15.0,1.0
1693,CASE_A,10.0,15.0,1.0
1694,CASE_A,10.0,15.0,1.0
1695,CASE_A,10.0,15.0,1.0
1696,CASE_A,10.0,15.0,1.0
1697,CASE_A,10.0,15.0,1.0
1698,CASE_A,10.0,15.0,1.0
1699,CASE_A,10.0,15.0,1.0
1700,CASE_A,10.0,15.0,1.0
1701,CASE_A,10.0,15.0,1.0
1702,CASE_A,10.0,15.0,1.0
1703,CASE_A,10.0,15.0,1.0
1704,CASE_A,10.0,15.0,1.0
1705,CASE_A,10.0,15.0,1.0
1706,CASE_A,10.0,15.0,1.0
1707,CASE_A,10.0,15.0,1.0
1708,CASE_A,10.0,15.0,1.0
1709,CASE_A,10.0,15.0,1.0
1710,CASE_A,10.0,15.0,1.0
1711,CASE_A,10.0,15.0,1.0
1712,CASE_A,10.0,15.0,1.0
1713,CASE_A,10.0,15.0,1.0
1714,CASE_A,10.0,15.0,1.0
1715,CASE_A,10.0,15.0,1.0
1716,CASE_A,10.0,15.0,1.0
1717,CASE_A,10.0,15.0,1.0
1718,CASE_A,10.0,15.0,1.0
1719,CASE_A,10.0,15.0,1.0
1720,CASE_A,10.0,15.0,1.0
1721,CASE_A,10.0,15.0,1.0
1722,CASE_A,10.0,15.0,1.0
1723,CASE_A,10.0,15.0,1.0
1724,CASE_A,10.0,15.0,1.0
1725,CASE_A,10.0,15.0,1.0
1726,CASE_A,10.0,15.0,1.0
1727,CASE_A,10.0,15.0,1.0
1728,CASE_A,10.0,15.0,1.0
1729,CASE_A,10.0,15.0,1.0
1730,CASE_A,10.0,15.0,1.0
1731,CASE_A,10.0,15.0,1.0
1732,CASE_A,10.0,15.0,1.0
1733,CASE_A,10.0,15.0,1.0
1734,CASE_A,10.0,15.0,1.0
1735,CASE_A,10.0,15.0,1.0
1736,CASE_A,10.0,15.0,1.0
1737,CASE_A,10.0,15.0,1.0
1738,CASE_A,10.0,15.0,1.0
1739,CASE_A,10.0,15.0,1.0
1740,CASE_A,10.0,15.0,1.0
1741,CASE_A,10.0,15.0,1.0
1742,CASE_A,10.0,15.0,1.0
1743,CASE_A,10.0,15.0,1.0
1744,CASE_A,10.0,15.0,1.0
1745,CASE_A,10.0,15.0,1.0
1746,CASE_A,10.0,15.0,1.0
1747,CASE_A,10.0,15.0,1.0
1748,CASE_A,10.0,15.0,1.0
1749,CASE_A,10.0,15.0,1.0
1750,CASE_A,10.0,15.0,1.0
1751,CASE_A,10.0,15.0,1.0
1752,CASE_A,10.0,15.0,1.0
1753,CASE_A,10.0,15.0,1.0
1754,CASE_A,10.0,15.0,1.0
1755,CASE_A,10.0,15.0,1.0
1756,CASE_A,10.0,15.0,1.0
1757,CASE_A,10.0,15.0,1.0
1758,CASE_A,10.0,15.0,1.0
1759,CASE_A,10.0,15.0,1.0
1760,CASE_A,10.0,15.0,1.0
1761,CASE_A,10.0,15.0,1.0
1762,CASE_A,10.0,15.0,1.0
1763,CASE_A,10.0,15.0,1.0
1764,CASE_A,10.0,15.0,1.0
1765,CASE_A,10.0,15.0,1.0
1766,CASE_A,10.0,15.0,1.0
1767,CASE_A,10.0,15.0,1.0
1768,CASE_A,10.0,15.0,1.0
1769,CASE_A,10.0,15.0,1.0
1770,CASE_A,10.0,15.0,1.0
1771,CASE_A,10.0,15.0,1.0
1772,CASE_A,10.0,15.0,1.0
1773,CASE_A,10.0,15.0,1.0
1774,CASE_A,10.0,15.0,1.0
1775,CASE_A,10.0,15.0,1.0
1776,CASE_A,10.0,15.0,1.0
1777,CASE_A,10.0,15.0,1.0
1778,CASE_A,10.0,15.0,1.0
1779,CASE_A,10.0,15.0,1.0
1780,CASE_A,10.0,15.0,1.0
1781,CASE_A,10.0,15.0,1.0
1782,CASE_A,10.0,15.0,1.0
1783,CASE_A,10.0,15.0,1.0
1784,CASE_A,10.0,15.0,1.0
1785,CASE_A,10.0,15.0,1.0
1786,CASE_A,10.0,15.0,1.0
1787,CASE_A,10.0,15.0,1.0
1788,CASE_A,10.0,15.0,1.0
1789,CASE_A,10.0,15.0,1.0
1790,CASE_A,10.0,15.0,1.0
1791,CASE_A,10.0,15.0,1.0
1792,CASE_A,10.0,15.0,1.0
1793,CASE_A,10.0,15.0,1.0
1794,CASE_A,10.0,15.0,1.0
1795,CASE_A,10.0,15.0,1.0
1796,CASE_A,10.0,15.0,1.0
1797,CASE_A,10.0,15.0,1.0
1798,CASE_A,10.0,15.0,1.0
1799,CASE_A,10.0,15.0,1.0
1800,CASE_A,10.0,15.0,1.0
1801,CASE_A,10.0,15.0,2.0
1802,CASE_A,10.0,15.0,2.0
1803,CASE_A,10.0,15.0,2.0
1804,CASE_A,10.0,15.0,2.0
1805,CASE_A,10.0,15.0,2.0
1806,CASE_A,10.0,15.0,2.0
1807,CASE_A,10.0,15.0,2.0
1808,CASE_A,10.0,15.0,2.0
1809,CASE_A,10.0,15.0,2.0
1810,CASE_A,10.0,15.0,2.0
1811,CASE_A,10.0,15.0,2.0
1812,CASE_A,10.0,15.0,2.0
1813,CASE_A,10.0,15.0,2.0
1814,CASE_A,10.0,15.0,2.0
1815,CASE_A,10.0,15.0,2.0
1816,CASE_A,10.0,15.0,2.0
1817,CASE_A,10.0,15.0,2.0
1818,CASE_A,10.0,15.0,2.0
1819,CASE_A,10.0,15.0,2.0
1820,CASE_A,10.0,15.0,2.0
1821,CASE_A,10.0,15.0,2.0
1822,CASE_A,10.0,15.0,2.0
1823,CASE_A,10.0,15.0,2.0
1824,CASE_A,10.0,15.0,2.0
1825,CASE_A,10.0,15.0,2.0
1826,CASE_A,10.0,15.0,2.0
1827,CASE_A,10.0,15.0,2.0
1828,CASE_A,10.0,15.0,2.0
1829,CASE_A,10.0,15.0,2.0
1830,CASE_A,10.0,15.0,2.0
1831,CASE_A,10.0,15.0,2.0
1832,CASE_A,10.0,15.0,2.0
1833,CASE_A,10.0,15.0,2.0
1834,CASE_A,10.0,15.0,2.0
1835,CASE_A,10.0,15.0,2.0
1836,CASE_A,10.0,15.0,2.0
1837,CASE_A,10.0,15.0,2.0
1838,CASE_A,10.0,15.0,2.0
1839,CASE_A,10.0,15.0,2.0
1840,CASE_A,10.0,15.0,2.0
1841,CASE_A,10.0,15.0,2.0
1842,CASE_A,10.0,15.0,2.0
1843,CASE_A,10.0,15.0,2.0
1844,CASE_A,10.0,15.0,2.0
1845,CASE_A,10.0,15.0,2.0
1846,CASE_A,10.0,15.0,2.0
1847,CASE_A,10.0,15.0,2.0
1848,CASE_A,10.0,15.0,2.0
1849,CASE_A,10.0,15.0,2.0
1850,CASE_A,10.0,15.0,2.0
1851,CASE_A,10.0,15.0,2.0
1852,CASE_A,10.0,15.0,2.0
1853,CASE_A,10.0,15.0,2.0
1854,CASE_A,10.0,15.0,2.0
1855,CASE_A,10.0,15.0,2.0
1856,CASE_A,10.0,15.0,2.0
1857,CASE_A,10.0,15.0,2.0
1858,CASE_A,10.0,15.0,2.0
1859,CASE_A,10.0,15.0,2.0
1860,CASE_A,10.0,15.0,2.0
1861,CASE_A,10.0,15.0,2.0
1862,CASE_A,10.0,15.0,2.0
1863,CASE_A,10.0,15.0,2.0
1864,CASE_A,10.0,15.0,2.0
1865,CASE_A,10.0,15.0,2.0
1866,CASE_A,10.0,15.0,2.0
1867,CASE_A,10.0,15.0,2.0
1868,CASE_A,10.0,15.0,2.0
1869,CASE_A,10.0,15.0,2.0
1870,CASE_A,10.0,15.0,2.0
1871,CASE_A,10.0,15.0,2.0
1872,CASE_A,10.0,15.0,2.0
1873,CASE_A,10.0,15.0,2.0
1874,CASE_A,10.0,15.0,2.0
1875,CASE_A,10.0,15.0,2.0
1876,CASE_A,10.0,15.0,2.0
1877,CASE_A,10.0,15.0,2.0
1878,CASE_A,10.0,15.0,2.0
1879,CASE_A,10.0,15.0,2.0
1880,CASE_A,10.0,15.0,2.0
1881,CASE_A,10.0,15.0,2.0
1882,CASE_A,10.0,15.0,2.0
1883,CASE_A,10.0,15.0,2.0
1884,CASE_A,10.0,15.0,2.0
1885,CASE_A,10.0,15.0,2.0
1886,CASE_A,10.0,15.0,2.0
1887,CASE_A,10.0,15.0,2.0
1888,CASE_A,10.0,15.0,2.0
1889,CASE_A,10.0,15.0,2.0
1890,CASE_A,10.0,15.0,2.0
1891,CASE_A,10.0,15.0,2.0
1892,CASE_A,10.0,15.0,2.0
1893,CASE_A,10.0,15.0,2.0
1894,CASE_A,10.0,15.0,2.0
1895,CASE_A,10.0,15.0,2.0
1896,CASE_A,10.0,15.0,2.0
1897,CASE_A,10.0,15.0,2.0
1898,CASE_A,10.0,15.0,2.0
1899,CASE_A,10.0,15.0,2.0
1900,CASE_A,10.0,15.0,2.0
1901,CASE_A,10.0,15.0,2.0
1902,CASE_A,10.0,15.0,2.0
1903,CASE_A,10.0,15.0,2.0
1904,CASE_A,10.0,15.0,2.0
1905,CASE_A,10.0,15.0,2.0
1906,CASE_A,10.0,15.0,2.0
1907,CASE_A,10.0,15.0,2.0
1908,CASE_A,10.0,15.0,2.0
1909,CASE_A,10.0,15.0,2.0
1910,CASE_A,10.0,15.0,2.0
1911,CASE_A,10.0,15.0,2.0
1912,CASE_A,10.0,15.0,2.0
1913,CASE_A,10.0,15.0,2.0
1914,CASE_A,10.0,15.0,2.0
1915,CASE_A,10.0,15.0,2.0
1916,CASE_A,10.0,15.0,2.0
1917,CASE_A,10.0,15.0,2.0
1918,CASE_A,10.0,15.0,2.0
1919,CASE_A,10.0,15.0,2.0
1920,CASE_A,10.0,15.0,2.0
1921,CASE_A,10.0,15.0,1.0
1922,CASE_A,10.0,15.0,1.0
1923,CASE_A,10.0,15.0,1.0
1924,CASE_A,10.0,15.0,1.0
1925,CASE_A,10.0,15.0,1.0
1926,CASE_A,10.0,15.0,1.0
1927,CASE_A,10.0,15.0,1.0
1928,CASE_A,10.0,15.0,1.0
1929,CASE_A,10.0,15.0,1.0
1930,CASE_A,10.0,15.0,1.0
1931,CASE_A,10.0,15.0,1.0
1932,CASE_A,10.0,15.0,1.0
1933,CASE_A,10.0,15.0,1.0
1934,CASE_A,10.0,15.0,1.0
1935,CASE_A,10.0,15.0,1.0
1936,CASE_A,10.0,15.0,1.0
1937,CASE_A,10.0,15.0,1.0
1938,CASE_A,10.0,15.0,1.0
1939,CASE_A,10.0,15.0,1.0
1940,CASE_A,10.0,15.0,1.0
1941,CASE_A,10.0,15.0,1.0
1942,CASE_A,10.0,15.0,1.0
1943,CASE_A,10.0,15.0,1.0
1944,CASE_A,10.0,15.0,1.0
1945,CASE_A,10.0,15.0,1.0
1946,CASE_A,10.0,15.0,1.0
1947,CASE_A,10.0,15.0,1.0
1948,CASE_A,10.0,15.0,1.0
1949,CASE_A,10.0,15.0,1.0
1950,CASE_A,10.0,15.0,1.0
1951,CASE_A,10.0,15.0,1.0
1952,CASE_A,10.0,15.0,1.0
1953,CASE_A,10.0,15.0,1.0
1954,CASE_A,10.0,15.0,1.0
1955,CASE_A,10.0,15.0,1.0
1956,CASE_A,10.0,15.0,1.0
1957,CASE_A,10.0,15.0,1.0
1958,CASE_A,10.0,15.0,1.0
1959,CASE_A,10.0,15.0,1.0
1960,CASE_A,10.0,15.0,1.0
1961,CASE_A,10.0,15.0,1.0
1962,CASE_A,10.0,15.0,1.0
1963,CASE_A,10.0,15.0,1.0
1964,CASE_A,10.0,15.0,1.0
1965,CASE_A,10.0,15.0,1.0
1966,CASE_A,10.0,15.0,1.0
1967,CASE_A,10.0,15.0,1.0
1968,CASE_A,10.0,15.0,1.0
1969,CASE_A,10.0,15.0,1.0
1970,CASE_A,10.0,15.0,1.0
1971,CASE_A,10.0,15.0,1.0
1972,CASE_A,10.0,15.0,1.0
1973,CASE_A,10.0,15.0,1.0
1974,CASE_A,10.0,15.0,1.0
1975,CASE_A,10.0,15.0,1.0
1976,CASE_A,10.0,15.0,1.0
1977,CASE_A,10.0,15.0,1.0
1978,CASE_A,10.0,15.0,1.0
1979,CASE_A,10.0,15.0,1.0
1980,CASE_A,10.0,15.0,1.0
1981,CASE_A,10.0,15.0,1.0
1982,CASE_A,10.0,15.0,1.0
1983,CASE_A,10.0,15.0,1.0
1984,CASE_A,10.0,15.0,1.0
1985,CASE_A,10.0,15.0,1.0
1986,CASE_A,10.0,15.0,1.0
1987,CASE_A,10.0,15.0,1.0
1988,CASE_A,10.0,15.0,1.0
1989,CASE_A,10.0,15.0,1.0
1990,CASE_A,10.0,15.0,1.0
1991,CASE_A,10.0,15.0,1.0
1992,CASE_A,10.0,15.0,1.0
1993,CASE_A,10.0,15.0,1.0
1994,CASE_A,10.0,15.0,1.0
1995,CASE_A,10.0,15.0,1.0
1996,CASE_A,10.0,15.0,1.0
1997,CASE_A,10.0,15.0,1.0
1998,CASE_A,10.0,15.0,1.0
1999,CASE_A,10.0,15.0,1.0
2000,CASE_A,10.0,15.0,1.0
2001,CASE_A,10.0,15.0,1.0
2002,CASE_A,10.0,15.0,1.0
2003,CASE_A,10.0,15.0,1.0
2004,CASE_A,10.0,15.0,1.0
2005,CASE_A,10.0,15.0,1.0
2006,CASE_A,10.0,15.0,1.0
2007,CASE_A,10.0,15.0,1.0
2008,CASE_A,10.0,15.0,1.0
2009,CASE_A,10.0,15.0,1.0
2010,CASE_A,10.0,15.0,1.0
2011,CASE_A,10.0,15.0,1.0
2012,CASE_A,10.0,15.0,1.0
2013,CASE_A,10.0,15.0,1.0
2014,CASE_A,10.0,15.0,1.0
2015,CASE_A,10.0,15.0,1.0
2016,CASE_A,10.0,15.0,1.0
2017,CASE_A,10.0,15.0,1.0
2018,CASE_A,10.0,15.0,1.0
2019,CASE_A,10.0,15.0,1.0
2020,CASE_A,10.0,15.0,1.0
2021,CASE_A,10.0,15.0,1.0
2022,CASE_A,10.0,15.0,1.0
2023,CASE_A,10.0,15.0,1.0
2024,CASE_A,10.0,15.0,1.0
2025,CASE_A,10.0,15.0,1.0
2026,CASE_A,10.0,15.0,1.0
2027,CASE_A,10.0,15.0,1.0
2028,CASE_A,10.0,15.0,1.0
2029,CASE_A,10.0,15.0,1.0
2030,CASE_A,10.0,15.0,1.0
2031,CASE_A,10.0,15.0,1.0
2032,CASE_A,10.0,15.0,1.0
2033,CASE_A,10.0,15.0,1.0
2034,CASE_A,10.0,15.0,1.0
2035,CASE_A,10.0,15.0,1.0
2036,CASE_A,10.0,15.0,1.0
2037,CASE_A,10.0,15.0,1.0
2038,CASE_A,10.0,15.0,1.0
2039,CASE_A,10.0,15.0,1.0
2040,CASE_A,10.0,15.0,1.0
2041,CASE_A,10.0,15.0,1.0
2042,CASE_A,10.0,15.0,1.0
2043,CASE_A,10.0,15.0,1.0
2044,CASE_A,10.0,15.0,1.0
2045,CASE_A,10.0,15.0,1.0
2046,CASE_A,10.0,15.0,1.0
2047,CASE_A,10.0,15.0,1.0
2048,CASE_A,10.0,15.0,1.0
2049,CASE_A,10.0,15.0,1.0
2050,CASE_A,10.0,15.0,1.0
2051,CASE_A,10.0,15.0,1.0
2052,CASE_A,10.0,15.0,1.0
2053,CASE_A,10.0,15.0,1.0
2054,CASE_A,10.0,15.0,1.0
2055,CASE_A,10.0,15.0,1.0
2056,CASE_A,10.0,15.0,1.0
2057,CASE_A,10.0,15.0,1.0
2058,CASE_A,10.0,15.0,1.0
2059,CASE_A,10.0,15.0,1.0
2060,CASE_A,10.0,15.0,1.0
2061,CASE_A,10.0,15.0,1.0
2062,CASE_A,10.0,15.0,1.0
2063,CASE_A,10.0,15.0,1.0
2064,CASE_A,10.0,15.0,1.0
2065,CASE_A,10.0,15.0,1.0
2066,CASE_A,10.0,15.0,1.0
2067,CASE_A,10.0,15.0,1.0
2068,CASE_A,10.0,15.0,1.0
2069,CASE_A,10.0,15.0,1.0
2070,CASE_A,10.0,15.0,1.0
2071,CASE_A,10.0,15.0,1.0
2072,CASE_A,10.0,15.0,1.0
2073,CASE_A,10.0,15.0,1.0
2074,CASE_A,10.0,15.0,1.0
2075,CASE_A,10.0,15.0,1.0
2076,CASE_A,10.0,15.0,1.0
2077,CASE_A,10.0,15.0,1.0
2078,CASE_A,10.0,15.0,1.0
2079,CASE_A,10.0,15.0,1.0
2080,CASE_A,10.0,15.0,1.0
2081,CASE_A,10.0,15.0,1.0
2082,CASE_A,10.0,15.0,1.0
2083,CASE_A,10.0,15.0,1.0
2084,CASE_A,10.0,15.0,1.0
2085,CASE_A,10.0,15.0,1.0
2086,CASE_A,10.0,15.0,1.0
2087,CASE_A,10.0,15.0,1.0
2088,CASE_A,10.0,15.0,1.0
2089,CASE_A,10.0,15.0,1.0
2090,CASE_A,10.0,15.0,1.0
2091,CASE_A,10.0,15.0,1.0
2092,CASE_A,10.0,15.0,1.0
2093,CASE_A,10.0,15.0,1.0
2094,CASE_A,10.0,15.0,1.0
2095,CASE_A,10.0,15.0,1.0
2096,CASE_A,10.0,15.0,1.0
2097,CASE_A,10.0,15.0,1.0
2098,CASE_A,10.0,15.0,1.0
2099,CASE_A,10.0,15.0,1.0
2100,CASE_A,10.0,15.0,1.0
2101,CASE_A,10.0,15.0,1.0
2102,CASE_A,10.0,15.0,1.0
2103,CASE_A,10.0,15.0,1.0
2104,CASE_A,10.0,15.0,1.0
2105,CASE_A,10.0,15.0,1.0
2106,CASE_A,10.0,15.0,1.0
2107,CASE_A,10.0,15.0,1.0
2108,CASE_A,10.0,15.0,1.0
2109,CASE_A,10.0,15.0,1.0
2110,CASE_A,10.0,15.0,1.0
2111,CASE_A,10.0,15.0,1.0
2112,CASE_A,10.0,15.0,1.0
2113,CASE_A,10.0,15.0,1.0
2114,CASE_A,10.0,15.0,1.0
2115,CASE_A,10.0,15.0,1.0
2116,CASE_A,10.0,15.0,1.0
2117,CASE_A,10.0,15.0,1.0
2118,CASE_A,10.0,15.0,1.0
2119,CASE_A,10.0,15.0,1.0
2120,CASE_A,10.0,15.0,1.0
2121,CASE_A,10.0,15.0,1.0
2122,CASE_A,10.0,15.0,1.0
2123,CASE_A,10.0,15.0,1.0
2124,CASE_A,10.0,15.0,1.0
2125,CASE_A,10.0,15.0,1.0
2126,CASE_A,10.0,15.0,1.0
2127,CASE_A,10.0,15.0,1.0
2128,CASE_A,10.0,15.0,1.0
2129,CASE_A,10.0,15.0,1.0
2130,CASE_A,10.0,15.0,1.0
2131,CASE_A,10.0,15.0,1.0
2132,CASE_A,10.0,15.0,1.0
2133,CASE_A,10.0,15.0,1.0
2134,CASE_A,10.0,15.0,1.0
2135,CASE_A,10.0,15.0,1.0
2136,CASE_A,10.0,15.0,1.0
2137,CASE_A,10.0,15.0,1.0
2138,CASE_A,10.0,15.0,1.0
2139,CASE_A,10.0,15.0,1.0
2140,CASE_A,10.0,15.0,1.0
2141,CASE_A,10.0,15.0,1.0
2142,CASE_A,10.0,15.0,1.0
2143,CASE_A,10.0,15.0,1.0
2144,CASE_A,10.0,15.0,1.0
2145,CASE_A,10.0,15.0,1.0
2146,CASE_A,10.0,15.0,1.0
2147,CASE_A,10.0,15.0,1.0
2148,CASE_A,10.0,15.0,1.0
2149,CASE_A,10.0,15.0,1.0
2150,CASE_A,10.0,15.0,1.0
2151,CASE_A,10.0,15.0,1.0
2152,CASE_A,10.0,15.0,1.0
2153,CASE_A,10.0,15.0,1.0
2154,CASE_A,10.0,15.0,1.0
2155,CASE_A,10.0,15.0,1.0
2156,CASE_A,10.0,15.0,1.0
2157,CASE_A,10.0,15.0,1.0
2158,CASE_A,10.0,15.0,1.0
2159,CASE_A,10.0,15.0,1.0
2160,CASE_A,10.0,15.0,1.0
2161,CASE_A,10.0,15.0,1.0
2162,CASE_A,10.0,15.0,1.0
2163,CASE_A,10.0,15.0,1.0
2164,CASE_A,10.0,15.0,1.0
2165,CASE_A,10.0,15.0,1.0
2166,CASE_A,10.0,15.0,1.0
2167,CASE_A,10.0,15.0,1.0
2168,CASE_A,10.0,15.0,1.0
2169,CASE_A,10.0,15.0,1.0
2170,CASE_A,10.0,15.0,1.0
2171,CASE_A,10.0,15.0,1.0
2172,CASE_A,10.0,15.0,1.0
2173,CASE_A,10.0,15.0,1.0
2174,CASE_A,10.0,15.0,1.0
2175,CASE_A,10.0,15.0,1.0
2176,CASE_A,10.0,15.0,1.0
2177,CASE_A,10.0,15.0,1.0
2178,CASE_A,10.0,15.0,1.0
2179,CASE_A,10.0,15.0,1.0
2180,CASE_A,10.0,15.0,1.0
2181,CASE_A,10.0,15.0,1.0
2182,CASE_A,10.0,15.0,1.0
2183,CASE_A,10.0,15.0,1.0
2184,CASE_A,10.0,15.0,1.0
2185,CASE_A,10.0,15.0,1.0
2186,CASE_A,10.0,15.0,1.0
2187,CASE_A,10.0,15.0,1.0
2188,CASE_A,10.0,15.0,1.0
2189,CASE_A,10.0,15.0,1.0
2190,CASE_A,10.0,15.0,1.0
2191,CASE_A,10.0,15.0,1.0
2192,CASE_A,10.0,15.0,1.0
2193,CASE_A,10.0,15.0,1.0
2194,CASE_A,10.0,15.0,1.0
2195,CASE_A,10.0,15.0,1.0
2196,CASE_A,10.0,15.0,1.0
2197,CASE_A,10.0,15.0,1.0
2198,CASE_A,10.0,15.0,1.0
2199,CASE_A,10.0,15.0,1.0
2200,CASE_A,10.0,15.0,1.0
2201,CASE_A,10.0,15.0,1.0
2202,CASE_A,10.0,15.0,1.0
2203,CASE_A,10.0,15.0,1.0
2204,CASE_A,10.0,15.0,1.0
2205,CASE_A,10.0,15.0,1.0
2206,CASE_A,10.0,15.0,1.0
2207,CASE_A,10.0,15.0,1.0
2208,CASE_A,10.0,15.0,1.0
2209,CASE_A,10.0,15.0,1.0
2210,CASE_A,10.0,15.0,1.0
2211,CASE_A,10.0,15.0,1.0
2212,CASE_A,10.0,15.0,1.0
2213,CASE_A,10.0,15.0,1.0
2214,CASE_A,10.0,15.0,1.0
2215,CASE_A,10.0,15.0,1.0
2216,CASE_A,10.0,15.0,1.0
2217,CASE_A,10.0,15.0,1.0
2218,CASE_A,10.0,15.0,1.0
2219,CASE_A,10.0,15.0,1.0
2220,CASE_A,10.0,15.0,1.0
2221,CASE_A,10.0,15.0,1.0
2222,CASE_A,10.0,15.0,1.0
2223,CASE_A,10.0,15.0,1.0
2224,CASE_A,10.0,15.0,1.0
2225,CASE_A,10.0,15.0,1.0
2226,CASE_A,10.0,15.0,1.0
2227,CASE_A,10.0,15.0,1.0
2228,CASE_A,10.0,15.0,1.0
2229,CASE_A,10.0,15.0,1.0
2230,CASE_A,10.0,15.0,1.0
2231,CASE_A,10.0,15.0,1.0
2232,CASE_A,10.0,15.0,1.0
2233,CASE_A,10.0,15.0,1.0
2234,CASE_A,10.0,15.0,1.0
2235,CASE_A,10.0,15.0,1.0
2236,CASE_A,10.0,15.0,1.0
2237,CASE_A,10.0,15.0,1.0
2238,CASE_A,10.0,15.0,1.0
2239,CASE_A,10.0,15.0,1.0
2240,CASE_A,10.0,15.0,1.0
2241,CASE_A,10.0,15.0,1.0
2242,CASE_A,10.0,15.0,1.0
2243,CASE_A,10.0,15.0,1.0
2244,CASE_A,10.0,15.0,1.0
2245,CASE_A,10.0,15.0,1.0
2246,CASE_A,10.0,15.0,1.0
2247,CASE_A,10.0,15.0,1.0
2248,CASE_A,10.0,15.0,1.0
2249,CASE_A,10.0,15.0,1.0
2250,CASE_A,10.0,15.0,1.0
2251,CASE_A,10.0,15.0,1.0
2252,CASE_A,10.0,15.0,1.0
2253,CASE_A,10.0,15.0,1.0
2254,CASE_A,10.0,15.0,1.0
2255,CASE_A,10.0,15.0,1.0
2256,CASE_A,10.0,15.0,1.0
2257,CASE_A,10.0,15.0,1.0
2258,CASE_A,10.0,15.0,1.0
2259,CASE_A,10.0,15.0,1.0
2260,CASE_A,10.0,15.0,1.0
2261,CASE_A,10.0,15.0,1.0
2262,CASE_A,10.0,15.0,1.0
2263,CASE_A,10.0,15.0,1.0
2264,CASE_A,10.0,15.0,1.0
2265,CASE_A,10.0,15.0,1.0
2266,CASE_A,10.0,15.0,1.0
2267,CASE_A,10.0,15.0,1.0
2268,CASE_A,10.0,15.0,1.0
2269,CASE_A,10.0,15.0,1.0
2270,CASE_A,10.0,15.0,1.0
2271,CASE_A,10.0,15.0,1.0
2272,CASE_A,10.0,15.0,1.0
2273,CASE_A,10.0,15.0,1.0
2274,CASE_A,10.0,15.0,1.0
2275,CASE_A,10.0,15.0,1.0
2276,CASE_A,10.0,15.0,1.0
2277,CASE_A,10.0,15.0,1.0
2278,CASE_A,10.0,15.0,1.0
2279,CASE_A,10.0,15.0,1.0
2280,CASE_A,10.0,15.0,1.0
2281,CASE_A,10.0,15.0,1.0
2282,CASE_A,10.0,15.0,1.0
2283,CASE_A,10.0,15.0,1.0
2284,CASE_A,10.0,15.0,1.0
2285,CASE_A,10.0,15.0,1.0
2286,CASE_A,10.0,15.0,1.0
2287,CASE_A,10.0,15.0,1.0
2288,CASE_A,10.0,15.0,1.0
2289,CASE_A,10.0,15.0,1.0
2290,CASE_A,10.0,15.0,1.0
2291,CASE_A,10.0,15.0,1.0
2292,CASE_A,10.0,15.0,1.0
2293,CASE_A,10.0,15.0,1.0
2294,CASE_A,10.0,15.0,1.0
2295,CASE_A,10.0,15.0,1.0
2296,CASE_A,10.0,15.0,1.0
2297,CASE_A,10.0,15.0,1.0
2298,CASE_A,10.0,15.0,1.0
2299,CASE_A,10.0,15.0,1.0
2300,CASE_A,10.0,15.0,1.0
2301,CASE_A,10.0,15.0,1.0
2302,CASE_A,10.0,15.0,1.0
2303,CASE_A,10.0,15.0,1.0
2304,CASE_A,10.0,15.0,1.0
2305,CASE_A,10.0,15.0,1.0
2306,CASE_A,10.0,15.0,1.0
2307,CASE_A,10.0,15.0,1.0
2308,CASE_A,10.0,15.0,1.0
2309,CASE_A,10.0,15.0,1.0
2310,CASE_A,10.0,15.0,1.0
2311,CASE_A,10.0,15.0,1.0
2312,CASE_A,10.0,15.0,1.0
2313,CASE_A,10.0,15.0,1.0
2314,CASE_A,10.0,15.0,1.0
2315,CASE_A,10.0,15.0,1.0
2316,CASE_A,10.0,15.0,1.0
2317,CASE_A,10.0,15.0,1.0
2318,CASE_A,10.0,15.0,1.0
2319,CASE_A,10.0,15.0,1.0
2320,CASE_A,10.0,15.0,1.0
2321,CASE_A,10.0,15.0,1.0
2322,CASE_A,10.0,15.0,1.0
2323,CASE_A,10.0,15.0,1.0
2324,CASE_A,10.0,15.0,1.0
2325,CASE_A,10.0,15.0,1.0
2326,CASE_A,10.0,15.0,1.0
2327,CASE_A,10.0,15.0,1.0
2328,CASE_A,10.0,15.0,1.0
2329,CASE_A,10.0,15.0,1.0
2330,CASE_A,10.0,15.0,1.0
2331,CASE_A,10.0,15.0,1.0
2332,CASE_A,10.0,15.0,1.0
2333,CASE_A,10.0,15.0,1.0
2334,CASE_A,10.0,15.0,1.0
2335,CASE_A,10.0,15.0,1.0
2336,CASE_A,10.0,15.0,1.0
2337,CASE_A,10.0,15.0,1.0
2338,CASE_A,10.0,15.0,1.0
2339,CASE_A,10.0,15.0,1.0
2340,CASE_A,10.0,15.0,1.0
2341,CASE_A,10.0,15.0,1.0
2342,CASE_A,10.0,15.0,1.0
2343,CASE_A,10.0,15.0,1.0
2344,CASE_A,10.0,15.0,1.0
2345,CASE_A,10.0,15.0,1.0
2346,CASE_A,10.0,15.0,1.0
2347,CASE_A,10.0,15.0,1.0
2348,CASE_A,10.0,15.0,1.0
2349,CASE_A,10.0,15.0,1.0
2350,CASE_A,10.0,15.0,1.0
2351,CASE_A,10.0,15.0,1.0
2352,CASE_A,10.0,15.0,1.0
2353,CASE_A,10.0,15.0,1.0
2354,CASE_A,10.0,15.0,1.0
2355,CASE_A,10.0,15.0,1.0
2356,CASE_A,10.0,15.0,1.0
2357,CASE_A,10.0,15.0,1.0
2358,CASE_A,10.0,15.0,1.0
2359,CASE_A,10.0,15.0,1.0
2360,CASE_A,10.0,15.0,1.0
2361,CASE_A,10.0,15.0,1.0
2362,CASE_A,10.0,15.0,1.0
2363,CASE_A,10.0,15.0,1.0
2364,CASE_A,10.0,15.0,1.0
2365,CASE_A,10.0,15.0,1.0
2366,CASE_A,10.0,15.0,1.0
2367,CASE_A,10.0,15.0,1.0
2368,CASE_A,10.0,15.0,1.0
2369,CASE_A,10.0,15.0,1.0
2370,CASE_A,10.0,15.0,1.0
2371,CASE_A,10.0,15.0,1.0
2372,CASE_A,10.0,15.0,1.0
2373,CASE_A,10.0,15.0,1.0
2374,CASE_A,10.0,15.0,1.0
2375,CASE_A,10.0,15.0,1.0
2376,CASE_A,10.0,15.0,1.0
2377,CASE_A,10.0,15.0,1.0
2378,CASE_A,10.0,15.0,1.0
2379,CASE_A,10.0,15.0,1.0
2380,CASE_A,10.0,15.0,1.0
2381,CASE_A,10.0,15.0,1.0
2382,CASE_A,10.0,15.0,1.0
2383,CASE_A,10.0,15.0,1.0
2384,CASE_A,10.0,15.0,1.0
2385,CASE_A,10.0,15.0,1.0
2386,CASE_A,10.0,15.0,1.0
2387,CASE_A,10.0,15.0,1.0
2388,CASE_A,10.0,15.0,1.0
2389,CASE_A,10.0,15.0,1.0
2390,CASE_A,10.0,15.0,1.0
2391,CASE_A,10.0,15.0,1.0
2392,CASE_A,10.0,15.0,1.0
2393,CASE_A,10.0,15.0,1.0
2394,CASE_A,10.0,15.0,1.0
2395,CASE_A,10.0,15.0,1.0
2396,CASE_A,10.0,15.0,1.0
2397,CASE_A,10.0,15.0,1.0
2398,CASE_A,10.0,15.0,1.0
2399,CASE_A,10.0,15.0,1.0
2400,CASE_A,10.0,15.0,1.0
2401,CASE_A,10.0,15.0,0.0
2402,CASE_A,10.0,15.0,0.0
2403,CASE_A,10.0,15.0,0.0
2404,CASE_A,10.0,15.0,0.0
2405,CASE_A,10.0,15.0,0.0
2406,CASE_A,10.0,15.0,0.0
2407,CASE_A,10.0,15.0,0.0
2408,CASE_A,10.0,15.0,0.0
2409,CASE_A,10.0,15.0,0.0
2410,CASE_A,10.0,15.0,0.0
2411,CASE_A,10.0,15.0,0.0
2412,CASE_A,10.0,15.0,0.0
2413,CASE_A,10.0,15.0,0.0
2414,CASE_A,10.0,15.0,0.0
2415,CASE_A,10.0,15.0,0.0
2416,CASE_A,10.0,15.0,0.0
2417,CASE_A,10.0,15.0,0.0
2418,CASE_A,10.0,15.0,0.0
2419,CASE_A,10.0,15.0,0.0
2420,CASE_A,10.0,15.0,0.0
2421,CASE_A,10.0,15.0,0.0
2422,CASE_A,10.0,15.0,0.0
2423,CASE_A,10.0,15.0,0.0
2424,CASE_A,10.0,15.0,0.0
2425,CASE_A,10.0,15.0,0.0
2426,CASE_A,10.0,15.0,0.0
2427,CASE_A,10.0,15.0,0.0
2428,CASE_A,10.0,15.0,0.0
2429,CASE_A,10.0,15.0,0.0
2430,CASE_A,10.0,15.0,0.0
2431,CASE_A,10.0,15.0,0.0
2432,CASE_A,10.0,15.0,0.0
2433,CASE_A,10.0,15.0,0.0
2434,CASE_A,10.0,15.0,0.0
2435,CASE_A,10.0,15.0,0.0
2436,CASE_A,10.0,15.0,0.0
2437,CASE_A,10.0,15.0,0.0
2438,CASE_A,10.0,15.0,0.0
2439,CASE_A,10.0,15.0,0.0
2440,CASE_A,10.0,15.0,0.0
2441,CASE_A,10.0,15.0,0.0
2442,CASE_A,10.0,15.0,0.0
2443,CASE_A,10.0,15.0,0.0
2444,CASE_A,10.0,15.0,0.0
2445,CASE_A,10.0,15.0,0.0
2446,CASE_A,10.0,15.0,0.0
2447,CASE_A,10.0,15.0,0.0
2448,CASE_A,10.0,15.0,0.0
2449,CASE_A,10.0,15.0,0.0
2450,CASE_A,10.0,15.0,0.0
2451,CASE_A,10.0,15.0,0.0
2452,CASE_A,10.0,15.0,0.0
2453,CASE_A,10.0,15.0,0.0
2454,CASE_A,10.0,15.0,0.0
2455,CASE_A,10.0,15.0,0.0
2456,CASE_A,10.0,15.0,0.0
2457,CASE_A,10.0,15.0,0.0
2458,CASE_A,10.0,15.0,0.0
2459,CASE_A,10.0,15.0,0.0
2460,CASE_A,10.0,15.0,0.0
2461,CASE_A,10.0,15.0,0.0
2462,CASE_A,10.0,15.0,0.0
2463,CASE_A,10.0,15.0,0.0
2464,CASE_A,10.0,15.0,0.0
2465,CASE_A,10.0,15.0,0.0
2466,CASE_A,10.0,15.0,0.0
2467,CASE_A,10.0,15.0,0.0
2468,CASE_A,10.0,15.0,0.0
2469,CASE_A,10.0,15.0,0.0
2470,CASE_A,10.0,15.0,0.0
2471,CASE_A,10.0,15.0,0.0
2472,CASE_A,10.0,15.0,0.0
2473,CASE_A,10.0,15.0,0.0
2474,CASE_A,10.0,15.0,0.0
2475,CASE_A,10.0,15.0,0.0
2476,CASE_A,10.0,15.0,0.0
2477,CASE_A,10.0,15.0,0.0
2478,CASE_A,10.0,15.0,0.0
2479,CASE_A,10.0,15.0,0.0
2480,CASE_A,10.0,15.0,0.0
2481,CASE_A,10.0,15.0,0.0
2482,CASE_A,10.0,15.0,0.0
2483,CASE_A,10.0,15.0,0.0
2484,CASE_A,10.0,15.0,0.0
2485,CASE_A,10.0,15.0,0.0
2486,CASE_A,10.0,15.0,0.0
2487,CASE_A,10.0,15.0,0.0
2488,CASE_A,10.0,15.0,0.0
2489,CASE_A,10.0,15.0,0.0
2490,CASE_A,10.0,15.0,0.0
2491,CASE_A,10.0,15.0,0.0
2492,CASE_A,10.0,15.0,0.0
2493,CASE_A,10.0,15.0,0.0
2494,CASE_A,10.0,15.0,0.0
2495,CASE_A,10.0,15.0,0.0
2496,CASE_A,10.0,15.0,0.0
2497,CASE_A,10.0,15.0,0.0
2498,CASE_A,10.0,15.0,0.0
2499,CASE_A,10.0,15.0,0.0
2500,CASE_A,10.0,15.0,0.0
2501,CASE_A,10.0,15.0,0.0
2502,CASE_A,10.0,15.0,0.0
2503,CASE_A,10.0,15.0,0.0
2504,CASE_A,10.0,15.0,0.0
2505,CASE_A,10.0,15.0,0.0
2506,CASE_A,10.0,15.0,0.0
2507,CASE_A,10.0,15.0,0.0
2508,CASE_A,10.0,15.0,0.0
2509,CASE_A,10.0,15.0,0.0
2510,CASE_A,10.0,15.0,0.0
2511,CASE_A,10.0,15.0,0.0
2512,CASE_A,10.0,15.0,0.0
2513,CASE_A,10.0,15.0,0.0
2514,CASE_A,10.0,15.0,0.0
2515,CASE_A,10.0,15.0,0.0
2516,CASE_A,10.0,15.0,0.0
2517,CASE_A,10.0,15.0,0.0
2518,CASE_A,10.0,15.0,0.0
2519,CASE_A,10.0,15.0,0.0
2520,CASE_A,10.0,15.0,0.0
2521,CASE_A,10.0,15.0,1.0
2522,CASE_A,10.0,15.0,1.0
2523,CASE_A,10.0,15.0,1.0
2524,CASE_A,10.0,15.0,1.0
2525,CASE_A,10.0,15.0,1.0
2526,CASE_A,10.0,15.0,1.0
2527,CASE_A,10.0,15.0,1.0
2528,CASE_A,10.0,15.0,1.0
2529,CASE_A,10.0,15.0,1.0
2530,CASE_A,10.0,15.0,1.0
2531,CASE_A,10.0,15.0,1.0
2532,CASE_A,10.0,15.0,1.0
2533,CASE_A,10.0,15.0,1.0
2534,CASE_A,10.0,15.0,1.0
2535,CASE_A,10.0,15.0,1.0
2536,CASE_A,10.0,15.0,1.0
2537,CASE_A,10.0,15.0,1.0
2538,CASE_A,10.0,15.0,1.0
2539,CASE_A,10.0,15.0,1.0
2540,CASE_A,10.0,15.0,1.0
2541,CASE_A,10.0,15.0,1.0
2542,CASE_A,10.0,15.0,1.0
2543,CASE_A,10.0,15.0,1.0
2544,CASE_A,10.0,15.0,1.0
2545,CASE_A,10.0,15.0,1.0
2546,CASE_A,10.0,15.0,1.0
2547,CASE_A,10.0,15.0,1.0
2548,CASE_A,10.0,15.0,1.0
2549,CASE_A,10.0,15.0,1.0
2550,CASE_A,10.0,15.0,1.0
2551,CASE_A,10.0,15.0,1.0
2552,CASE_A,10.0,15.0,1.0
2553,CASE_A,10.0,15.0,1.0
2554,CASE_A,10.0,15.0,1.0
2555,CASE_A,10.0,15.0,1.0
2556,CASE_A,10.0,15.0,1.0
2557,CASE_A,10.0,15.0,1.0
2558,CASE_A,10.0,15.0,1.0
2559,CASE_A,10.0,15.0,1.0
2560,CASE_A,10.0,15.0,1.0
2561,CASE_A,10.0,15.0,1.0
2562,CASE_A,10.0,15.0,1.0
2563,CASE_A,10.0,15.0,1.0
2564,CASE_A,10.0,15.0,1.0
2565,CASE_A,10.0,15.0,1.0
2566,CASE_A,10.0,15.0,1.0
2567,CASE_A,10.0,15.0,1.0
2568,CASE_A,10.0,15.0,1.0
2569,CASE_A,10.0,15.0,1.0
2570,CASE_A,10.0,15.0,1.0
2571,CASE_A,10.0,15.0,1.0
2572,CASE_A,10.0,15.0,1.0
2573,CASE_A,10.0,15.0,1.0
2574,CASE_A,10.0,15.0,1.0
2575,CASE_A,10.0,15.0,1.0
2576,CASE_A,10.0,15.0,1.0
2577,CASE_A,10.0,15.0,1.0
2578,CASE_A,10.0,15.0,1.0
2579,CASE_A,10.0,15.0,1.0
2580,CASE_A,10.0,15.0,1.0
2581,CASE_A,10.0,15.0,1.0
2582,CASE_A,10.0,15.0,1.0
2583,CASE_A,10.0,15.0,1.0
2584,CASE_A,10.0,15.0,1.0
2585,CASE_A,10.0,15.0,1.0
2586,CASE_A,10.0,15.0,1.0
2587,CASE_A,10.0,15.0,1.0
2588,CASE_A,10.0,15.0,1.0
2589,CASE_A,10.0,15.0,1.0
2590,CASE_A,10.0,15.0,1.0
2591,CASE_A,10.0,15.0,1.0
2592,CASE_A,10.0,15.0,1.0
2593,CASE_A,10.0,15.0,1.0
2594,CASE_A,10.0,15.0,1.0
2595,CASE_A,10.0,15.0,1.0
2596,CASE_A,10.0,15.0,1.0
2597,CASE_A,10.0,15.0,1.0
2598,CASE_A,10.0,15.0,1.0
2599,CASE_A,10.0,15.0,1.0
2600,CASE_A,10.0,15.0,1.0
2601,CASE_A,10.0,15.0,1.0
2602,CASE_A,10.0,15.0,1.0
2603,CASE_A,10.0,15.0,1.0
2604,CASE_A,10.0,15.0,1.0
2605,CASE_A,10.0,15.0,1.0
2606,CASE_A,10.0,15.0,1.0
2607,CASE_A,10.0,15.0,1.0
2608,CASE_A,10.0,15.0,1.0
2609,CASE_A,10.0,15.0,1.0
2610,CASE_A,10.0,15.0,1.0
2611,CASE_A,10.0,15.0,1.0
2612,CASE_A,10.0,15.0,1.0
2613,CASE_A,10.0,15.0,1.0
2614,CASE_A,10.0,15.0,1.0
2615,CASE_A,10.0,15.0,1.0
2616,CASE_A,10.0,15.0,1.0
2617,CASE_A,10.0,15.0,1.0
2618,CASE_A,10.0,15.0,1.0
2619,CASE_A,10.0,15.0,1.0
2620,CASE_A,10.0,15.0,1.0
2621,CASE_A,10.0,15.0,1.0
2622,CASE_A,10.0,15.0,1.0
2623,CASE_A,10.0,15.0,1.0
2624,CASE_A,10.0,15.0,1.0
2625,CASE_A,10.0,15.0,1.0
2626,CASE_A,10.0,15.0,1.0
2627,CASE_A,10.0,15.0,1.0
2628,CASE_A,10.0,15.0,1.0
2629,CASE_A,10.0,15.0,1.0
2630,CASE_A,10.0,15.0,1.0
2631,CASE_A,10.0,15.0,1.0
2632,CASE_A,10.0,15.0,1.0
2633,CASE_A,10.0,15.0,1.0
2634,CASE_A,10.0,15.0,1.0
2635,CASE_A,10.0,15.0,1.0
2636,CASE_A,10.0,15.0,1.0
2637,CASE_A,10.0,15.0,1.0
2638,CASE_A,10.0,15.0,1.0
2639,CASE_A,10.0,15.0,1.0
2640,CASE_A,10.0,15.0,1.0
2641,CASE_A,10.0,15.0,1.0
2642,CASE_A,10.0,15.0,1.0
2643,CASE_A,10.0,15.0,1.0
2644,CASE_A,10.0,15.0,1.0
2645,CASE_A,10.0,15.0,1.0
2646,CASE_A,10.0,15.0,1.0
2647,CASE_A,10.0,15.0,1.0
2648,CASE_A,10.0,15.0,1.0
2649,CASE_A,10.0,15.0,1.0
2650,CASE_A,10.0,15.0,1.0
2651,CASE_A,10.0,15.0,1.0
2652,CASE_A,10.0,15.0,1.0
2653,CASE_A,10.0,15.0,1.0
2654,CASE_A,10.0,15.0,1.0
2655,CASE_A,10.0,15.0,1.0
2656,CASE_A,10.0,15.0,1.0
2657,CASE_A,10.0,15.0,1.0
2658,CASE_A,10.0,15.0,1.0
2659,CASE_A,10.0,15.0,1.0
2660,CASE_A,10.0,15.0,1.0
2661,CASE_A,10.0,15.0,1.0
2662,CASE_A,10.0,15.0,1.0
2663,CASE_A,10.0,15.0,1.0
2664,CASE_A,10.0,15.0,1.0
2665,CASE_A,10.0,15.0,1.0
2666,CASE_A,10.0,15.0,1.0
2667,CASE_A,10.0,15.0,1.0
2668,CASE_A,10.0,15.0,1.0
2669,CASE_A,10.0,15.0,1.0
2670,CASE_A,10.0,15.0,1.0
2671,CASE_A,10.0,15.0,1.0
2672,CASE_A,10.0,15.0,1.0
2673,CASE_A,10.0,15.0,1.0
2674,CASE_A,10.0,15.0,1.0
2675,CASE_A,10.0,15.0,1.0
2676,CASE_A,10.0,15.0,1.0
2677,CASE_A,10.0,15.0,1.0
2678,CASE_A,10.0,15.0,1.0
2679,CASE_A,10.0,15.0,1.0
2680,CASE_A,10.0,15.0,1.0
2681,CASE_A,10.0,15.0,1.0
2682,CASE_A,10.0,15.0,1.0
2683,CASE_A,10.0,15.0,1.0
2684,CASE_A,10.0,15.0,1.0
2685,CASE_A,10.0,15.0,1.0
2686,CASE_A,10.0,15.0,1.0
2687,CASE_A,10.0,15.0,1.0
2688,CASE_A,10.0,15.0,1.0
2689,CASE_A,10.0,15.0,1.0
2690,CASE_A,10.0,15.0,1.0
2691,CASE_A,10.0,15.0,1.0
2692,CASE_A,10.0,15.0,1.0
2693,CASE_A,10.0,15.0,1.0
2694,CASE_A,10.0,15.0,1.0
2695,CASE_A,10.0,15.0,1.0
2696,CASE_A,10.0,15.0,1.0
2697,CASE_A,10.0,15.0,1.0
2698,CASE_A,10.0,15.0,1.0
2699,CASE_A,10.0,15.0,1.0
2700,CASE_A,10.0,15.0,1.0
2701,CASE_A,10.0,15.0,1.0
2702,CASE_A,10.0,15.0,1.0
2703,CASE_A,10.0,15.0,1.0
2704,CASE_A,10.0,15.0,1.0
2705,CASE_A,10.0,15.0,1.0
2706,CASE_A,10.0,15.0,1.0
2707,CASE_A,10.0,15.0,1.0
2708,CASE_A,10.0,15.0,1.0
2709,CASE_A,10.0,15.0,1.0
2710,CASE_A,10.0,15.0,1.0
2711,CASE_A,10.0,15.0,1.0
2712,CASE_A,10.0,15.0,1.0
2713,CASE_A,10.0,15.0,1.0
2714,CASE_A,10.0,15.0,1.0
2715,CASE_A,10.0,15.0,1.0
2716,CASE_A,10.0,15.0,1.0
2717,CASE_A,10.0,15.0,1.0
2718,CASE_A,10.0,15.0,1.0
2719,CASE_A,10.0,15.0,1.0
2720,CASE_A,10.0,15.0,1.0
2721,CASE_A,10.0,15.0,1.0
2722,CASE_A,10.0,15.0,1.0
2723,CASE_A,10.0,15.0,1.0
2724,CASE_A,10.0,15.0,1.0
2725,CASE_A,10.0,15.0,1.0
2726,CASE_A,10.0,15.0,1.0
2727,CASE_A,10.0,15.0,1.0
2728,CASE_A,10.0,15.0,1.0
2729,CASE_A,10.0,15.0,1.0
2730,CASE_A,10.0,15.0,1.0
2731,CASE_A,10.0,15.0,1.0
2732,CASE_A,10.0,15.0,1.0
2733,CASE_A,10.0,15.0,1.0
2734,CASE_A,10.0,15.0,1.0
2735,CASE_A,10.0,15.0,1.0
2736,CASE_A,10.0,15.0,1.0
2737,CASE_A,10.0,15.0,1.0
2738,CASE_A,10.0,15.0,1.0
2739,CASE_A,10.0,15.0,1.0
2740,CASE_A,10.0,15.0,1.0
2741,CASE_A,10.0,15.0,1.0
2742,CASE_A,10.0,15.0,1.0
2743,CASE_A,10.0,15.0,1.0
2744,CASE_A,10.0,15.0,1.0
2745,CASE_A,10.0,15.0,1.0
2746,CASE_A,10.0,15.0,1.0
2747,CASE_A,10.0,15.0,1.0
2748,CASE_A,10.0,15.0,1.0
2749,CASE_A,10.0,15.0,1.0
2750,CASE_A,10.0,15.0,1.0
2751,CASE_A,10.0,15.0,1.0
2752,CASE_A,10.0,15.0,1.0
2753,CASE_A,10.0,15.0,1.0
2754,CASE_A,10.0,15.0,1.0
2755,CASE_A,10.0,15.0,1.0
2756,CASE_A,10.0,15.0,1.0
2757,CASE_A,10.0,15.0,1.0
2758,CASE_A,10.0,15.0,1.0
2759,CASE_A,10.0,15.0,1.0
2760,CASE_A,10.0,15.0,1.0
2761,CASE_A,10.0,15.0,0.0
2762,CASE_A,10.0,15.0,0.0
2763,CASE_A,10.0,15.0,0.0
2764,CASE_A,10.0,15.0,0.0
2765,CASE_A,10.0,15.0,0.0
2766,CASE_A,10.0,15.0,0.0
2767,CASE_A,10.0,15.0,0.0
2768,CASE_A,10.0,15.0,0.0
2769,CASE_A,10.0,15.0,0.0
2770,CASE_A,10.0,15.0,0.0
2771,CASE_A,10.0,15.0,0.0
2772,CASE_A,10.0,15.0,0.0
2773,CASE_A,10.0,15.0,0.0
2774,CASE_A,10.0,15.0,0.0
2775,CASE_A,10.0,15.0,0.0
2776,CASE_A,10.0,15.0,0.0
2777,CASE_A,10.0,15.0,0.0
2778,CASE_A,10.0,15.0,0.0
2779,CASE_A,10.0,15.0,0.0
2780,CASE_A,10.0,15.0,0.0
2781,CASE_A,10.0,15.0,0.0
2782,CASE_A,10.0,15.0,0.0
2783,CASE_A,10.0,15.0,0.0
2784,CASE_A,10.0,15.0,0.0
2785,CASE_A,10.0,15.0,0.0
2786,CASE_A,10.0,15.0,0.0
2787,CASE_A,10.0,15.0,0.0
2788,CASE_A,10.0,15.0,0.0
2789,CASE_A,10.0,15.0,0.0
2790,CASE_A,10.0,15.0,0.0
2791,CASE_A,10.0,15.0,0.0
2792,CASE_A,10.0,15.0,0.0
2793,CASE_A,10.0,15.0,0.0
2794,CASE_A,10.0,15.0,0.0
2795,CASE_A,10.0,15.0,0.0
2796,CASE_A,10.0,15.0,0.0
2797,CASE_A,10.0,15.0,0.0
2798,CASE_A,10.0,15.0,0.0
2799,CASE_A,10.0,15.0,0.0
2800,CASE_A,10.0,15.0,0.0
2801,CASE_A,10.0,15.0,0.0
2802,CASE_A,10.0,15.0,0.0
2803,CASE_A,10.0,15.0,0.0
2804,CASE_A,10.0,15.0,0.0
2805,CASE_A,10.0,15.0,0.0
2806,CASE_A,10.0,15.0,0.0
2807,CASE_A,10.0,15.0,0.0
2808,CASE_A,10.0,15.0,0.0
2809,CASE_A,10.0,15.0,0.0
2810,CASE_A,10.0,15.0,0.0
2811,CASE_A,10.0,15.0,0.0
2812,CASE_A,10.0,15.0,0.0
2813,CASE_A,10.0,15.0,0.0
2814,CASE_A,10.0,15.0,0.0
2815,CASE_A,10.0,15.0,0.0
2816,CASE_A,10.0,15.0,0.0
2817,CASE_A,10.0,15.0,0.0
2818,CASE_A,10.0,15.0,0.0
2819,CASE_A,10.0,15.0,0.0
2820,CASE_A,10.0,15.0,0.0
2821,CASE_A,10.0,15.0,0.0
2822,CASE_A,10.0,15.0,0.0
2823,CASE_A,10.0,15.0,0.0
2824,CASE_A,10.0,15.0,0.0
2825,CASE_A,10.0,15.0,0.0
2826,CASE_A,10.0,15.0,0.0
2827,CASE_A,10.0,15.0,0.0
2828,CASE_A,10.0,15.0,0.0
2829,CASE_A,10.0,15.0,0.0
2830,CASE_A,10.0,15.0,0.0
2831,CASE_A,10.0,15.0,0.0
2832,CASE_A,10.0,15.0,0.0
2833,CASE_A,10.0,15.0,0.0
2834,CASE_A,10.0,15.0,0.0
2835,CASE_A,10.0,15.0,0.0
2836,CASE_A,10.0,15.0,0.0
2837,CASE_A,10.0,15.0,0.0
2838,CASE_A,10.0,15.0,0.0
2839,CASE_A,10.0,15.0,0.0
2840,CASE_A,10.0,15.0,0.0
2841,CASE_A,10.0,15.0,0.0
2842,CASE_A,10.0,15.0,0.0
2843,CASE_A,10.0,15.0,0.0
2844,CASE_A,10.0,15.0,0.0
2845,CASE_A,10.0,15.0,0.0
2846,CASE_A,10.0,15.0,0.0
2847,CASE_A,10.0,15.0,0.0
2848,CASE_A,10.0,15.0,0.0
2849,CASE_A,10.0,15.0,0.0
2850,CASE_A,10.0,15.0,0.0
2851,CASE_A,10.0,15.0,0.0
2852,CASE_A,10.0,15.0,0.0
2853,CASE_A,10.0,15.0,0.0
2854,CASE_A,10.0,15.0,0.0
2855,CASE_A,10.0,15.0,0.0
2856,CASE_A,10.0,15.0,0.0
2857,CASE_A,10.0,15.0,0.0
2858,CASE_A,10.0,15.0,0.0
2859,CASE_A,10.0,15.0,0.0
2860,CASE_A,10.0,15.0,0.0
2861,CASE_A,10.0,15.0,0.0
2862,CASE_A,10.0,15.0,0.0
2863,CASE_A,10.0,15.0,0.0
2864,CASE_A,10.0,15.0,0.0
2865,CASE_A,10.0,15.0,0.0
2866,CASE_A,10.0,15.0,0.0
2867,CASE_A,10.0,15.0,0.0
2868,CASE_A,10.0,15.0,0.0
2869,CASE_A,10.0,15.0,0.0
2870,CASE_A,10.0,15.0,0.0
2871,CASE_A,10.0,15.0,0.0
2872,CASE_A,10.0,15.0,0.0
2873,CASE_A,10.0,15.0,0.0
2874,CASE_A,10.0,15.0,0.0
2875,CASE_A,10.0,15.0,0.0
2876,CASE_A,10.0,15.0,0.0
2877,CASE_A,10.0,15.0,0.0
2878,CASE_A,10.0,15.0,0.0
2879,CASE_A,10.0,15.0,0.0
2880,CASE_A,10.0,15.0,0.0
2881,CASE_A,10.0,15.0,1.0
2882,CASE_A,10.0,15.0,1.0
2883,CASE_A,10.0,15.0,1.0
2884,CASE_A,10.0,15.0,1.0
2885,CASE_A,10.0,15.0,1.0
2886,CASE_A,10.0,15.0,1.0
2887,CASE_A,10.0,15.0,1.0
2888,CASE_A,10.0,15.0,1.0
2889,CASE_A,10.0,15.0,1.0
2890,CASE_A,10.0,15.0,1.0
2891,CASE_A,10.0,15.0,1.0
2892,CASE_A,10.0,15.0,1.0
2893,CASE_A,10.0,15.0,1.0
2894,CASE_A,10.0,15.0,1.0
2895,CASE_A,10.0,15.0,1.0
2896,CASE_A,10.0,15.0,1.0
2897,CASE_A,10.0,15.0,1.0
2898,CASE_A,10.0,15.0,1.0
2899,CASE_A,10.0,15.0,1.0
2900,CASE_A,10.0,15.0,1.0
2901,CASE_A,10.0,15.0,1.0
2902,CASE_A,10.0,15.0,1.0
2903,CASE_A,10.0,15.0,1.0
2904,CASE_A,10.0,15.0,1.0
2905,CASE_A,10.0,15.0,1.0
2906,CASE_A,10.0,15.0,1.0
2907,CASE_A,10.0,15.0,1.0
2908,CASE_A,10.0,15.0,1.0
2909,CASE_A,10.0,15.0,1.0
2910,CASE_A,10.0,15.0,1.0
2911,CASE_A,10.0,15.0,1.0
2912,CASE_A,10.0,15.0,1.0
2913,CASE_A,10.0,15.0,1.0
2914,CASE_A,10.0,15.0,1.0
2915,CASE_A,10.0,15.0,1.0
2916,CASE_A,10.0,15.0,1.0
2917,CASE_A,10.0,15.0,1.0
2918,CASE_A,10.0,15.0,1.0
2919,CASE_A,10.0,15.0,1.0
2920,CASE_A,10.0,15.0,1.0
2921,CASE_A,10.0,15.0,1.0
2922,CASE_A,10.0,15.0,1.0
2923,CASE_A,10.0,15.0,1.0
2924,CASE_A,10.0,15.0,1.0
2925,CASE_A,10.0,15.0,1.0
2926,CASE_A,10.0,15.0,1.0
2927,CASE_A,10.0,15.0,1.0
2928,CASE_A,10.0,15.0,1.0
2929,CASE_A,10.0,15.0,1.0
2930,CASE_A,10.0,15.0,1.0
2931,CASE_A,10.0,15.0,1.0
2932,CASE_A,10.0,15.0,1.0
2933,CASE_A,10.0,15.0,1.0
2934,CASE_A,10.0,15.0,1.0
2935,CASE_A,10.0,15.0,1.0
2936,CASE_A,10.0,15.0,1.0
2937,CASE_A,10.0,15.0,1.0
2938,CASE_A,10.0,15.0,1.0
2939,CASE_A,10.0,15.0,1.0
2940,CASE_A,10.0,15.0,1.0
2941,CASE_A,10.0,15.0,1.0
2942,CASE_A,10.0,15.0,1.0
2943,CASE_A,10.0,15.0,1.0
2944,CASE_A,10.0,15.0,1.0
2945,CASE_A,10.0,15.0,1.0
2946,CASE_A,10.0,15.0,1.0
2947,CASE_A,10.0,15.0,1.0
2948,CASE_A,10.0,15.0,1.0
2949,CASE_A,10.0,15.0,1.0
2950,CASE_A,10.0,15.0,1.0
2951,CASE_A,10.0,15.0,1.0
2952,CASE_A,10.0,15.0,1.0
2953,CASE_A,10.0,15.0,1.0
2954,CASE_A,10.0,15.0,1.0
2955,CASE_A,10.0,15.0,1.0
2956,CASE_A,10.0,15.0,1.0
2957,CASE_A,10.0,15.0,1.0
2958,CASE_A,10.0,15.0,1.0
2959,CASE_A,10.0,15.0,1.0
2960,CASE_A,10.0,15.0,1.0
2961,CASE_A,10.0,15.0,1.0
2962,CASE_A,10.0,15.0,1.0
2963,CASE_A,10.0,15.0,1.0
2964,CASE_A,10.0,15.0,1.0
2965,CASE_A,10.0,15.0,1.0
2966,CASE_A,10.0,15.0,1.0
2967,CASE_A,10.0,15.0,1.0
2968,CASE_A,10.0,15.0,1.0
2969,CASE_A,10.0,15.0,1.0
2970,CASE_A,10.0,15.0,1.0
2971,CASE_A,10.0,15.0,1.0
2972,CASE_A,10.0,15.0,1.0
2973,CASE_A,10.0,15.0,1.0
2974,CASE_A,10.0,15.0,1.0
2975,CASE_A,10.0,15.0,1.0
2976,CASE_A,10.0,15.0,1.0
2977,CASE_A,10.0,15.0,1.0
2978,CASE_A,10.0,15.0,1.0
2979,CASE_A,10.0,15.0,1.0
2980,CASE_A,10.0,15.0,1.0
2981,CASE_A,10.0,15.0,1.0
2982,CASE_A,10.0,15.0,1.0
2983,CASE_A,10.0,15.0,1.0
2984,CASE_A,10.0,15.0,1.0
2985,CASE_A,10.0,15.0,1.0
2986,CASE_A,10.0,15.0,1.0
2987,CASE_A,10.0,15.0,1.0
2988,CASE_A,10.0,15.0,1.0
2989,CASE_A,10.0,15.0,1.0
2990,CASE_A,10.0,15.0,1.0
2991,CASE_A,10.0,15.0,1.0
2992,CASE_A,10.0,15.0,1.0
2993,CASE_A,10.0,15.0,1.0
2994,CASE_A,10.0,15.0,1.0
2995,CASE_A,10.0,15.0,1.0
2996,CASE_A,10.0,15.0,1.0
2997,CASE_A,10.0,15.0,1.0
2998,CASE_A,10.0,15.0,1.0
2999,CASE_A,10.0,15.0,1.0
3000,CASE_A,10.0,15.0,1.0
3001,CASE_A,10.0,15.0,1.0
3002,CASE_A,10.0,15.0,1.0
3003,CASE_A,10.0,15.0,1.0
3004,CASE_A,10.0,15.0,1.0
3005,CASE_A,10.0,15.0,1.0
3006,CASE_A,10.0,15.0,1.0
3007,CASE_A,10.0,15.0,1.0
3008,CASE_A,10.0,15.0,1.0
3009,CASE_A,10.0,15.0,1.0
3010,CASE_A,10.0,15.0,1.0
3011,CASE_A,10.0,15.0,1.0
3012,CASE_A,10.0,15.0,1.0
3013,CASE_A,10.0,15.0,1.0
3014,CASE_A,10.0,15.0,1.0
3015,CASE_A,10.0,15.0,1.0
3016,CASE_A,10.0,15.0,1.0
3017,CASE_A,10.0,15.0,1.0
3018,CASE_A,10.0,15.0,1.0
3019,CASE_A,10.0,15.0,1.0
3020,CASE_A,10.0,15.0,1.0
3021,CASE_A,10.0,15.0,1.0
3022,CASE_A,10.0,15.0,1.0
3023,CASE_A,10.0,15.0,1.0
3024,CASE_A,10.0,15.0,1.0
3025,CASE_A,10.0,15.0,1.0
3026,CASE_A,10.0,15.0,1.0
3027,CASE_A,10.0,15.0,1.0
3028,CASE_A,10.0,15.0,1.0
3029,CASE_A,10.0,15.0,1.0
3030,CASE_A,10.0,15.0,1.0
3031,CASE_A,10.0,15.0,1.0
3032,CASE_A,10.0,15.0,1.0
3033,CASE_A,10.0,15.0,1.0
3034,CASE_A,10.0,15.0,1.0
3035,CASE_A,10.0,15.0,1.0
3036,CASE_A,10.0,15.0,1.0
3037,CASE_A,10.0,15.0,1.0
3038,CASE_A,10.0,15.0,1.0
3039,CASE_A,10.0,15.0,1.0
3040,CASE_A,10.0,15.0,1.0
3041,CASE_A,10.0,15.0,1.0
3042,CASE_A,10.0,15.0,1.0
3043,CASE_A,10.0,15.0,1.0
3044,CASE_A,10.0,15.0,1.0
3045,CASE_A,10.0,15.0,1.0
3046,CASE_A,10.0,15.0,1.0
3047,CASE_A,10.0,15.0,1.0
3048,CASE_A,10.0,15.0,1.0
3049,CASE_A,10.0,15.0,1.0
3050,CASE_A,10.0,15.0,1.0
3051,CASE_A,10.0,15.0,1.0
3052,CASE_A,10.0,15.0,1.0
3053,CASE_A,10.0,15.0,1.0
3054,CASE_A,10.0,15.0,1.0
3055,CASE_A,10.0,15.0,1.0
3056,CASE_A,10.0,15.0,1.0
3057,CASE_A,10.0,15.0,1.0
3058,CASE_A,10.0,15.0,1.0
3059,CASE_A,10.0,15.0,1.0
3060,CASE_A,10.0,15.0,1.0
3061,CASE_A,10.0,15.0,1.0
3062,CASE_A,10.0,15.0,1.0
3063,CASE_A,10.0,15.0,1.0
3064,CASE_A,10.0,15.0,1.0
3065,CASE_A,10.0,15.0,1.0
3066,CASE_A,10.0,15.0,1.0
3067,CASE_A,10.0,15.0,1.0
3068,CASE_A,10.0,15.0,1.0
3069,CASE_A,10.0,15.0,1.0
3070,CASE_A,10.0,15.0,1.0
3071,CASE_A,10.0,15.0,1.0
3072,CASE_A,10.0,15.0,1.0
3073,CASE_A,10.0,15.0,1.0
3074,CASE_A,10.0,15.0,1.0
3075,CASE_A,10.0,15.0,1.0
3076,CASE_A,10.0,15.0,1.0
3077,CASE_A,10.0,15.0,1.0
3078,CASE_A,10.0,15.0,1.0
3079,CASE_A,10.0,15.0,1.0
3080,CASE_A,10.0,15.0,1.0
3081,CASE_A,10.0,15.0,1.0
3082,CASE_A,10.0,15.0,1.0
3083,CASE_A,10.0,15.0,1.0
3084,CASE_A,10.0,15.0,1.0
3085,CASE_A,10.0,15.0,1.0
3086,CASE_A,10.0,15.0,1.0
3087,CASE_A,10.0,15.0,1.0
3088,CASE_A,10.0,15.0,1.0
3089,CASE_A,10.0,15.0,1.0
3090,CASE_A,10.0,15.0,1.0
3091,CASE_A,10.0,15.0,1.0
3092,CASE_A,10.0,15.0,1.0
3093,CASE_A,10.0,15.0,1.0
3094,CASE_A,10.0,15.0,1.0
3095,CASE_A,10.0,15.0,1.0
3096,CASE_A,10.0,15.0,1.0
3097,CASE_A,10.0,15.0,1.0
3098,CASE_A,10.0,15.0,1.0
3099,CASE_A,10.0,15.0,1.0
3100,CASE_A,10.0,15.0,1.0
3101,CASE_A,10.0,15.0,1.0
3102,CASE_A,10.0,15.0,1.0
3103,CASE_A,10.0,15.0,1.0
3104,CASE_A,10.0,15.0,1.0
3105,CASE_A,10.0,15.0,1.0
3106,CASE_A,10.0,15.0,1.0
3107,CASE_A,10.0,15.0,1.0
3108,CASE_A,10.0,15.0,1.0
3109,CASE_A,10.0,15.0,1.0
3110,CASE_A,10.0,15.0,1.0
3111,CASE_A,10.0,15.0,1.0
3112,CASE_A,10.0,15.0,1.0
3113,CASE_A,10.0,15.0,1.0
3114,CASE_A,10.0,15.0,1.0
3115,CASE_A,10.0,15.0,1.0
3116,CASE_A,10.0,15.0,1.0
3117,CASE_A,10.0,15.0,1.0
3118,CASE_A,10.0,15.0,1.0
3119,CASE_A,10.0,15.0,1.0
3120,CASE_A,10.0,15.0,1.0
3121,CASE_A,10.0,15.0,0.0
3122,CASE_A,10.0,15.0,0.0
3123,CASE_A,10.0,15.0,0.0
3124,CASE_A,10.0,15.0,0.0
3125,CASE_A,10.0,15.0,0.0
3126,CASE_A,10.0,15.0,0.0
3127,CASE_A,10.0,15.0,0.0
3128,CASE_A,10.0,15.0,0.0
3129,CASE_A,10.0,15.0,0.0
3130,CASE_A,10.0,15.0,0.0
3131,CASE_A,10.0,15.0,0.0
3132,CASE_A,10.0,15.0,0.0
3133,CASE_A,10.0,15.0,0.0
3134,CASE_A,10.0,15.0,0.0
3135,CASE_A,10.0,15.0,0.0
3136,CASE_A,10.0,15.0,0.0
3137,CASE_A,10.0,15.0,0.0
3138,CASE_A,10.0,15.0,0.0
3139,CASE_A,10.0,15.0,0.0
3140,CASE_A,10.0,15.0,0.0
3141,CASE_A,10.0,15.0,0.0
3142,CASE_A,10.0,15.0,0.0
3143,CASE_A,10.0,15.0,0.0
3144,CASE_A,10.0,15.0,0.0
3145,CASE_A,10.0,15.0,0.0
3146,CASE_A,10.0,15.0,0.0
3147,CASE_A,10.0,15.0,0.0
3148,CASE_A,10.0,15.0,0.0
3149,CASE_A,10.0,15.0,0.0
3150,CASE_A,10.0,15.0,0.0
3151,CASE_A,10.0,15.0,0.0
3152,CASE_A,10.0,15.0,0.0
3153,CASE_A,10.0,15.0,0.0
3154,CASE_A,10.0,15.0,0.0
3155,CASE_A,10.0,15.0,0.0
3156,CASE_A,10.0,15.0,0.0
3157,CASE_A,10.0,15.0,0.0
3158,CASE_A,10.0,15.0,0.0
3159,CASE_A,10.0,15.0,0.0
3160,CASE_A,10.0,15.0,0.0
3161,CASE_A,10.0,15.0,0.0
3162,CASE_A,10.0,15.0,0.0
3163,CASE_A,10.0,15.0,0.0
3164,CASE_A,10.0,15.0,0.0
3165,CASE_A,10.0,15.0,0.0
3166,CASE_A,10.0,15.0,0.0
3167,CASE_A,10.0,15.0,0.0
3168,CASE_A,10.0,15.0,0.0
3169,CASE_A,10.0,15.0,0.0
3170,CASE_A,10.0,15.0,0.0
3171,CASE_A,10.0,15.0,0.0
3172,CASE_A,10.0,15.0,0.0
3173,CASE_A,10.0,15.0,0.0
3174,CASE_A,10.0,15.0,0.0
3175,CASE_A,10.0,15.0,0.0
3176,CASE_A,10.0,15.0,0.0
3177,CASE_A,10.0,15.0,0.0
3178,CASE_A,10.0,15.0,0.0
3179,CASE_A,10.0,15.0,0.0
3180,CASE_A,10.0,15.0,0.0
3181,CASE_A,10.0,15.0,0.0
3182,CASE_A,10.0,15.0,0.0
3183,CASE_A,10.0,15.0,0.0
3184,CASE_A,10.0,15.0,0.0
3185,CASE_A,10.0,15.0,0.0
3186,CASE_A,10.0,15.0,0.0
3187,CASE_A,10.0,15.0,0.0
3188,CASE_A,10.0,15.0,0.0
3189,CASE_A,10.0,15.0,0.0
3190,CASE_A,10.0,15.0,0.0
3191,CASE_A,10.0,15.0,0.0
3192,CASE_A,10.0,15.0,0.0
3193,CASE_A,10.0,15.0,0.0
3194,CASE_A,10.0,15.0,0.0
3195,CASE_A,10.0,15.0,0.0
3196,CASE_A,10.0,15.0,0.0
3197,CASE_A,10.0,15.0,0.0
3198,CASE_A,10.0,15.0,0.0
3199,CASE_A,10.0,15.0,0.0
3200,CASE_A,10.0,15.0,0.0
3201,CASE_A,10.0,15.0,0.0
3202,CASE_A,10.0,15.0,0.0
3203,CASE_A,10.0,15.0,0.0
3204,CASE_A,10.0,15.0,0.0
3205,CASE_A,10.0,15.0,0.0
3206,CASE_A,10.0,15.0,0.0
3207,CASE_A,10.0,15.0,0.0
3208,CASE_A,10.0,15.0,0.0
3209,CASE_A,10.0,15.0,0.0
3210,CASE_A,10.0,15.0,0.0
3211,CASE_A,10.0,15.0,0.0
3212,CASE_A,10.0,15.0,0.0
3213,CASE_A,10.0,15.0,0.0
3214,CASE_A,10.0,15.0,0.0
3215,CASE_A,10.0,15.0,0.0
3216,CASE_A,10.0,15.0,0.0
3217,CASE_A,10.0,15.0,0.0
3218,CASE_A,10.0,15.0,0.0
3219,CASE_A,10.0,15.0,0.0
3220,CASE_A,10.0,15.0,0.0
3221,CASE_A,10.0,15.0,0.0
3222,CASE_A,10.0,15.0,0.0
3223,CASE_A,10.0,15.0,0.0
3224,CASE_A,10.0,15.0,0.0
3225,CASE_A,10.0,15.0,0.0
3226,CASE_A,10.0,15.0,0.0
3227,CASE_A,10.0,15.0,0.0
3228,CASE_A,10.0,15.0,0.0
3229,CASE_A,10.0,15.0,0.0
3230,CASE_A,10.0,15.0,0.0
3231,CASE_A,10.0,15.0,0.0
3232,CASE_A,10.0,15.0,0.0
3233,CASE_A,10.0,15.0,0.0
3234,CASE_A,10.0,15.0,0.0
3235,CASE_A,10.0,15.0,0.0
3236,CASE_A,10.0,15.0,0.0
3237,CASE_A,10.0,15.0,0.0
3238,CASE_A,10.0,15.0,0.0
3239,CASE_A,10.0,15.0,0.0
3240,CASE_A,10.0,15.0,0.0
3241,CASE_A,10.0,15.0,1.0
3242,CASE_A,10.0,15.0,1.0
3243,CASE_A,10.0,15.0,1.0
3244,CASE_A,10.0,15.0,1.0
3245,CASE_A,10.0,15.0,1.0
3246,CASE_A,10.0,15.0,1.0
3247,CASE_A,10.0,15.0,1.0
3248,CASE_A,10.0,15.0,1.0
3249,CASE_A,10.0,15.0,1.0
3250,CASE_A,10.0,15.0,1.0
3251,CASE_A,10.0,15.0,1.0
3252,CASE_A,10.0,15.0,1.0
3253,CASE_A,10.0,15.0,1.0
3254,CASE_A,10.0,15.0,1.0
3255,CASE_A,10.0,15.0,1.0
3256,CASE_A,10.0,15.0,1.0
3257,CASE_A,10.0,15.0,1.0
3258,CASE_A,10.0,15.0,1.0
3259,CASE_A,10.0,15.0,1.0
3260,CASE_A,10.0,15.0,1.0
3261,CASE_A,10.0,15.0,1.0
3262,CASE_A,10.0,15.0,1.0
3263,CASE_A,10.0,15.0,1.0
3264,CASE_A,10.0,15.0,1.0
3265,CASE_A,10.0,15.0,1.0
3266,CASE_A,10.0,15.0,1.0
3267,CASE_A,10.0,15.0,1.0
3268,CASE_A,10.0,15.0,1.0
3269,CASE_A,10.0,15.0,1.0
3270,CASE_A,10.0,15.0,1.0
3271,CASE_A,10.0,15.0,1.0
3272,CASE_A,10.0,15.0,1.0
3273,CASE_A,10.0,15.0,1.0
3274,CASE_A,10.0,15.0,1.0
3275,CASE_A,10.0,15.0,1.0
3276,CASE_A,10.0,15.0,1.0
3277,CASE_A,10.0,15.0,1.0
3278,CASE_A,10.0,15.0,1.0
3279,CASE_A,10.0,15.0,1.0
3280,CASE_A,10.0,15.0,1.0
3281,CASE_A,10.0,15.0,1.0
3282,CASE_A,10.0,15.0,1.0
3283,CASE_A,10.0,15.0,1.0
3284,CASE_A,10.0,15.0,1.0
3285,CASE_A,10.0,15.0,1.0
3286,CASE_A,10.0,15.0,1.0
3287,CASE_A,10.0,15.0,1.0
3288,CASE_A,10.0,15.0,1.0
3289,CASE_A,10.0,15.0,1.0
3290,CASE_A,10.0,15.0,1.0
3291,CASE_A,10.0,15.0,1.0
3292,CASE_A,10.0,15.0,1.0
3293,CASE_A,10.0,15.0,1.0
3294,CASE_A,10.0,15.0,1.0
3295,CASE_A,10.0,15.0,1.0
3296,CASE_A,10.0,15.0,1.0
3297,CASE_A,10.0,15.0,1.0
3298,CASE_A,10.0,15.0,1.0
3299,CASE_A,10.0,15.0,1.0
3300,CASE_A,10.0,15.0,1.0
3301,CASE_A,10.0,15.0,1.0
3302,CASE_A,10.0,15.0,1.0
3303,CASE_A,10.0,15.0,1.0
3304,CASE_A,10.0,15.0,1.0
3305,CASE_A,10.0,15.0,1.0
3306,CASE_A,10.0,15.0,1.0
3307,CASE_A,10.0,15.0,1.0
3308,CASE_A,10.0,15.0,1.0
3309,CASE_A,10.0,15.0,1.0
3310,CASE_A,10.0,15.0,1.0
3311,CASE_A,10.0,15.0,1.0
3312,CASE_A,10.0,15.0,1.0
3313,CASE_A,10.0,15.0,1.0
3314,CASE_A,10.0,15.0,1.0
3315,CASE_A,10.0,15.0,1.0
3316,CASE_A,10.0,15.0,1.0
3317,CASE_A,10.0,15.0,1.0
3318,CASE_A,10.0,15.0,1.0
3319,CASE_A,10.0,15.0,1.0
3320,CASE_A,10.0,15.0,1.0
3321,CASE_A,10.0,15.0,1.0
3322,CASE_A,10.0,15.0,1.0
3323,CASE_A,10.0,15.0,1.0
3324,CASE_A,10.0,15.0,1.0
3325,CASE_A,10.0,15.0,1.0
3326,CASE_A,10.0,15.0,1.0
3327,CASE_A,10.0,15.0,1.0
3328,CASE_A,10.0,15.0,1.0
3329,CASE_A,10.0,15.0,1.0
3330,CASE_A,10.0,15.0,1.0
3331,CASE_A,10.0,15.0,1.0
3332,CASE_A,10.0,15.0,1.0
3333,CASE_A,10.0,15.0,1.0
3334,CASE_A,10.0,15.0,1.0
3335,CASE_A,10.0,15.0,1.0
3336,CASE_A,10.0,15.0,1.0
3337,CASE_A,10.0,15.0,1.0
3338,CASE_A,10.0,15.0,1.0
3339,CASE_A,10.0,15.0,1.0
3340,CASE_A,10.0,15.0,1.0
3341,CASE_A,10.0,15.0,1.0
3342,CASE_A,10.0,15.0,1.0
3343,CASE_A,10.0,15.0,1.0
3344,CASE_A,10.0,15.0,1.0
3345,CASE_A,10.0,15.0,1.0
3346,CASE_A,10.0,15.0,1.0
3347,CASE_A,10.0,15.0,1.0
3348,CASE_A,10.0,15.0,1.0
3349,CASE_A,10.0,15.0,1.0
3350,CASE_A,10.0,15.0,1.0
3351,CASE_A,10.0,15.0,1.0
3352,CASE_A,10.0,15.0,1.0
3353,CASE_A,10.0,15.0,1.0
3354,CASE_A,10.0,15.0,1.0
3355,CASE_A,10.0,15.0,1.0
3356,CASE_A,10.0,15.0,1.0
3357,CASE_A,10.0,15.0,1.0
3358,CASE_A,10.0,15.0,1.0
3359,CASE_A,10.0,15.0,1.0
3360,CASE_A,10.0,15.0,1.0
3361,CASE_A,10.0,15.0,1.0
3362,CASE_A,10.0,15.0,1.0
3363,CASE_A,10.0,15.0,1.0
3364,CASE_A,10.0,15.0,1.0
3365,CASE_A,10.0,15.0,1.0
3366,CASE_A,10.0,15.0,1.0
3367,CASE_A,10.0,15.0,1.0
3368,CASE_A,10.0,15.0,1.0
3369,CASE_A,10.0,15.0,1.0
3370,CASE_A,10.0,15.0,1.0
3371,CASE_A,10.0,15.0,1.0
3372,CASE_A,10.0,15.0,1.0
3373,CASE_A,10.0,15.0,1.0
3374,CASE_A,10.0,15.0,1.0
3375,CASE_A,10.0,15.0,1.0
3376,CASE_A,10.0,15.0,1.0
3377,CASE_A,10.0,15.0,1.0
3378,CASE_A,10.0,15.0,1.0
3379,CASE_A,10.0,15.0,1.0
3380,CASE_A,10.0,15.0,1.0
3381,CASE_A,10.0,15.0,1.0
3382,CASE_A,10.0,15.0,1.0
3383,CASE_A,10.0,15.0,1.0
3384,CASE_A,10.0,15.0,1.0
3385,CASE_A,10.0,15.0,1.0
3386,CASE_A,10.0,15.0,1.0
3387,CASE_A,10.0,15.0,1.0
3388,CASE_A,10.0,15.0,1.0
3389,CASE_A,10.0,15.0,1.0
3390,CASE_A,10.0,15.0,1.0
3391,CASE_A,10.0,15.0,1.0
3392,CASE_A,10.0,15.0,1.0
3393,CASE_A,10.0,15.0,1.0
3394,CASE_A,10.0,15.0,1.0
3395,CASE_A,10.0,15.0,1.0
3396,CASE_A,10.0,15.0,1.0
3397,CASE_A,10.0,15.0,1.0
3398,CASE_A,10.0,15.0,1.0
3399,CASE_A,10.0,15.0,1.0
3400,CASE_A,10.0,15.0,1.0
3401,CASE_A,10.0,15.0,1.0
3402,CASE_A,10.0,15.0,1.0
3403,CASE_A,10.0,15.0,1.0
3404,CASE_A,10.0,15.0,1.0
3405,CASE_A,10.0,15.0,1.0
3406,CASE_A,10.0,15.0,1.0
3407,CASE_A,10.0,15.0,1.0
3408,CASE_A,10.0,15.0,1.0
3409,CASE_A,10.0,15.0,1.0
3410,CASE_A,10.0,15.0,1.0
3411,CASE_A,10.0,15.0,1.0
3412,CASE_A,10.0,15.0,1.0
3413,CASE_A,10.0,15.0,1.0
3414,CASE_A,10.0,15.0,1.0
3415,CASE_A,10.0,15.0,1.0
3416,CASE_A,10.0,15.0,1.0
3417,CASE_A,10.0,15.0,1.0
3418,CASE_A,10.0,15.0,1.0
3419,CASE_A,10.0,15.0,1.0
3420,CASE_A,10.0,15.0,1.0
3421,CASE_A,10.0,15.0,1.0
3422,CASE_A,10.0,15.0,1.0
3423,CASE_A,10.0,15.0,1.0
3424,CASE_A,10.0,15.0,1.0
3425,CASE_A,10.0,15.0,1.0
3426,CASE_A,10.0,15.0,1.0
3427,CASE_A,10.0,15.0,1.0
3428,CASE_A,10.0,15.0,1.0
3429,CASE_A,10.0,15.0,1.0
3430,CASE_A,10.0,15.0,1.0
3431,CASE_A,10.0,15.0,1.0
3432,CASE_A,10.0,15.0,1.0
3433,CASE_A,10.0,15.0,1.0
3434,CASE_A,10.0,15.0,1.0
3435,CASE_A,10.0,15.0,1.0
3436,CASE_A,10.0,15.0,1.0
3437,CASE_A,10.0,15.0,1.0
3438,CASE_A,10.0,15.0,1.0
3439,CASE_A,10.0,15.0,1.0
3440,CASE_A,10.0,15.0,1.0
3441,CASE_A,10.0,15.0,1.0
3442,CASE_A,10.0,15.0,1.0
3443,CASE_A,10.0,15.0,1.0
3444,CASE_A,10.0,15.0,1.0
3445,CASE_A,10.0,15.0,1.0
3446,CASE_A,10.0,15.0,1.0
3447,CASE_A,10.0,15.0,1.0
3448,CASE_A,10.0,15.0,1.0
3449,CASE_A,10.0,15.0,1.0
3450,CASE_A,10.0,15.0,1.0
3451,CASE_A,10.0,15.0,1.0
3452,CASE_A,10.0,15.0,1.0
3453,CASE_A,10.0,15.0,1.0
3454,CASE_A,10.0,15.0,1.0
3455,CASE_A,10.0,15.0,1.0
3456,CASE_A,10.0,15.0,1.0
3457,CASE_A,10.0,15.0,1.0
3458,CASE_A,10.0,15.0,1.0
3459,CASE_A,10.0,15.0,1.0
3460,CASE_A,10.0,15.0,1.0
3461,CASE_A,10.0,15.0,1.0
3462,CASE_A,10.0,15.0,1.0
3463,CASE_A,10.0,15.0,1.0
3464,CASE_A,10.0,15.0,1.0
3465,CASE_A,10.0,15.0,1.0
3466,CASE_A,10.0,15.0,1.0
3467,CASE_A,10.0,15.0,1.0
3468,CASE_A,10.0,15.0,1.0
3469,CASE_A,10.0,15.0,1.0
3470,CASE_A,10.0,15.0,1.0
3471,CASE_A,10.0,15.0,1.0
3472,CASE_A,10.0,15.0,1.0
3473,CASE_A,10.0,15.0,1.0
3474,CASE_A,10.0,15.0,1.0
3475,CASE_A,10.0,15.0,1.0
3476,CASE_A,10.0,15.0,1.0
3477,CASE_A,10.0,15.0,1.0
3478,CASE_A,10.0,15.0,1.0
3479,CASE_A,10.0,15.0,1.0
3480,CASE_A,10.0,15.0,1.0
3481,CASE_A,10.0,15.0,0.0
3482,CASE_A,10.0,15.0,0.0
3483,CASE_A,10.0,15.0,0.0
3484,CASE_A,10.0,15.0,0.0
3485,CASE_A,10.0,15.0,0.0
3486,CASE_A,10.0,15.0,0.0
3487,CASE_A,10.0,15.0,0.0
3488,CASE_A,10.0,15.0,0.0
3489,CASE_A,10.0,15.0,0.0
3490,CASE_A,10.0,15.0,0.0
3491,CASE_A,10.0,15.0,0.0
3492,CASE_A,10.0,15.0,0.0
3493,CASE_A,10.0,15.0,0.0
3494,CASE_A,10.0,15.0,0.0
3495,CASE_A,10.0,15.0,0.0
3496,CASE_A,10.0,15.0,0.0
3497,CASE_A,10.0,15.0,0.0
3498,CASE_A,10.0,15.0,0.0
3499,CASE_A,10.0,15.0,0.0
3500,CASE_A,10.0,15.0,0.0
3501,CASE_A,10.0,15.0,0.0
3502,CASE_A,10.0,15.0,0.0
3503,CASE_A,10.0,15.0,0.0
3504,CASE_A,10.0,15.0,0.0
3505,CASE_A,10.0,15.0,0.0
3506,CASE_A,10.0,15.0,0.0
3507,CASE_A,10.0,15.0,0.0
3508,CASE_A,10.0,15.0,0.0
3509,CASE_A,10.0,15.0,0.0
3510,CASE_A,10.0,15.0,0.0
3511,CASE_A,10.0,15.0,0.0
3512,CASE_A,10.0,15.0,0.0
3513,CASE_A,10.0,15.0,0.0
3514,CASE_A,10.0,15.0,0.0
3515,CASE_A,10.0,15.0,0.0
3516,CASE_A,10.0,15.0,0.0
3517,CASE_A,10.0,15.0,0.0
3518,CASE_A,10.0,15.0,0.0
3519,CASE_A,10.0,15.0,0.0
3520,CASE_A,10.0,15.0,0.0
3521,CASE_A,10.0,15.0,0.0
3522,CASE_A,10.0,15.0,0.0
3523,CASE_A,10.0,15.0,0.0
3524,CASE_A,10.0,15.0,0.0
3525,CASE_A,10.0,15.0,0.0
3526,CASE_A,10.0,15.0,0.0
3527,CASE_A,10.0,15.0,0.0
3528,CASE_A,10.0,15.0,0.0
3529,CASE_A,10.0,15.0,0.0
3530,CASE_A,10.0,15.0,0.0
3531,CASE_A,10.0,15.0,0.0
3532,CASE_A,10.0,15.0,0.0
3533,CASE_A,10.0,15.0,0.0
3534,CASE_A,10.0,15.0,0.0
3535,CASE_A,10.0,15.0,0.0
3536,CASE_A,10.0,15.0,0.0
3537,CASE_A,10.0,15.0,0.0
3538,CASE_A,10.0,15.0,0.0
3539,CASE_A,10.0,15.0,0.0
3540,CASE_A,10.0,15.0,0.0
3541,CASE_A,10.0,15.0,0.0
3542,CASE_A,10.0,15.0,0.0
3543,CASE_A,10.0,15.0,0.0
3544,CASE_A,10.0,15.0,0.0
3545,CASE_A,10.0,15.0,0.0
3546,CASE_A,10.0,15.0,0.0
3547,CASE_A,10.0,15.0,0.0
3548,CASE_A,10.0,15.0,0.0
3549,CASE_A,10.0,15.0,0.0
3550,CASE_A,10.0,15.0,0.0
3551,CASE_A,10.0,15.0,0.0
3552,CASE_A,10.0,15.0,0.0
3553,CASE_A,10.0,15.0,0.0
3554,CASE_A,10.0,15.0,0.0
3555,CASE_A,10.0,15.0,0.0
3556,CASE_A,10.0,15.0,0.0
3557,CASE_A,10.0,15.0,0.0
3558,CASE_A,10.0,15.0,0.0
3559,CASE_A,10.0,15.0,0.0
3560,CASE_A,10.0,15.0,0.0
3561,CASE_A,10.0,15.0,0.0
3562,CASE_A,10.0,15.0,0.0
3563,CASE_A,10.0,15.0,0.0
3564,CASE_A,10.0,15.0,0.0
3565,CASE_A,10.0,15.0,0.0
3566,CASE_A,10.0,15.0,0.0
3567,CASE_A,10.0,15.0,0.0
3568,CASE_A,10.0,15.0,0.0
3569,CASE_A,10.0,15.0,0.0
3570,CASE_A,10.0,15.0,0.0
3571,CASE_A,10.0,15.0,0.0
3572,CASE_A,10.0,15.0,0.0
3573,CASE_A,10.0,15.0,0.0
3574,CASE_A,10.0,15.0,0.0
3575,CASE_A,10.0,15.0,0.0
3576,CASE_A,10.0,15.0,0.0
3577,CASE_A,10.0,15.0,0.0
3578,CASE_A,10.0,15.0,0.0
3579,CASE_A,10.0,15.0,0.0
3580,CASE_A,10.0,15.0,0.0
3581,CASE_A,10.0,15.0,0.0
3582,CASE_A,10.0,15.0,0.0
3583,CASE_A,10.0,15.0,0.0
3584,CASE_A,10.0,15.0,0.0
3585,CASE_A,10.0,15.0,0.0
3586,CASE_A,10.0,15.0,0.0
3587,CASE_A,10.0,15.0,0.0
3588,CASE_A,10.0,15.0,0.0
3589,CASE_A,10.0,15.0,0.0
3590,CASE_A,10.0,15.0,0.0
3591,CASE_A,10.0,15.0,0.0
3592,CASE_A,10.0,15.0,0.0
3593,CASE_A,10.0,15.0,0.0
3594,CASE_A,10.0,15.0,0.0
3595,CASE_A,10.0,15.0,0.0
3596,CASE_A,10.0,15.0,0.0
3597,CASE_A,10.0,15.0,0.0
3598,CASE_A,10.0,15.0,0.0
3599,CASE_A,10.0,15.0,0.0
3600,CASE_A,10.0,15.0,0.0
0,CASE_B,15.0,15.0,3.0
1,CASE_B,15.0,15.0,3.0
2,CASE_B,15.0,15.0,3.0
3,CASE_B,15.0,15.0,3.0
4,CASE_B,15.0,15.0,3.0
5,CASE_B,15.0,15.0,3.0
6,CASE_B,15.0,15.0,3.0
7,CASE_B,15.0,15.0,3.0
8,CASE_B,15.0,15.0,3.0
9,CASE_B,15.0,15.0,3.0
10,CASE_B,15.0,15.0,3.0
11,CASE_B,15.0,15.0,3.0
12,CASE_B,15.0,15.0,3.0
13,CASE_B,15.0,15.0,3.0
14,CASE_B,15.0,15.0,3.0
15,CASE_B,15.0,15.0,3.0
16,CASE_B,15.0,15.0,3.0
17,CASE_B,15.0,15.0,3.0
18,CASE_B,15.0,15.0,3.0
19,CASE_B,15.0,15.0,3.0
20,CASE_B,15.0,15.0,3.0
21,CASE_B,15.0,15.0,3.0
22,CASE_B,15.0,15.0,3.0
23,CASE_B,15.0,15.0,3.0
24,CASE_B,15.0,15.0,3.0
25,CASE_B,15.0,15.0,3.0
26,CASE_B,15.0,15.0,3.0
27,CASE_B,15.0,15.0,3.0
28,CASE_B,15.0,15.0,3.0
29,CASE_B,15.0,15.0,3.0
30,CASE_B,15.0,15.0,3.0
31,CASE_B,15.0,15.0,3.0
32,CASE_B,15.0,15.0,3.0
33,CASE_B,15.0,15.0,3.0
34,CASE_B,15.0,15.0,3.0
35,CASE_B,15.0,15.0,3.0
36,CASE_B,15.0,15.0,3.0
37,CASE_B,15.0,15.0,3.0
38,CASE_B,15.0,15.0,3.0
39,CASE_B,15.0,15.0,3.0
40,CASE_B,15.0,15.0,3.0
41,CASE_B,15.0,15.0,3.0
42,CASE_B,15.0,15.0,3.0
43,CASE_B,15.0,15.0,3.0
44,CASE_B,15.0,15.0,3.0
45,CASE_B,15.0,15.0,3.0
46,CASE_B,15.0,15.0,3.0
47,CASE_B,15.0,15.0,3.0
48,CASE_B,15.0,15.0,3.0
49,CASE_B,15.0,15.0,3.0
50,CASE_B,15.0,15.0,3.0
51,CASE_B,15.0,15.0,3.0
52,CASE_B,15.0,15.0,3.0
53,CASE_B,15.0,15.0,3.0
54,CASE_B,15.0,15.0,3.0
55,CASE_B,15.0,15.0,3.0
56,CASE_B,15.0,15.0,3.0
57,CASE_B,15.0,15.0,3.0
58,CASE_B,15.0,15.0,3.0
59,CASE_B,15.0,15.0,3.0
60,CASE_B,15.0,15.0,3.0
61,CASE_B,15.0,15.0,3.0
62,CASE_B,15.0,15.0,3.0
63,CASE_B,15.0,15.0,3.0
64,CASE_B,15.0,15.0,3.0
65,CASE_B,15.0,15.0,3.0
66,CASE_B,15.0,15.0,3.0
67,CASE_B,15.0,15.0,3.0
68,CASE_B,15.0,15.0,3.0
69,CASE_B,15.0,15.0,3.0
70,CASE_B,15.0,15.0,3.0
71,CASE_B,15.0,15.0,3.0
72,CASE_B,15.0,15.0,3.0
73,CASE_B,15.0,15.0,3.0
74,CASE_B,15.0,15.0,3.0
75,CASE_B,15.0,15.0,3.0
76,CASE_B,15.0,15.0,3.0
77,CASE_B,15.0,15.0,3.0
78,CASE_B,15.0,15.0,3.0
79,CASE_B,15.0,15.0,3.0
80,CASE_B,15.0,15.0,3.0
81,CASE_B,15.0,15.0,3.0
82,CASE_B,15.0,15.0,3.0
83,CASE_B,15.0,15.0,3.0
84,CASE_B,15.0,15.0,3.0
85,CASE_B,15.0,15.0,3.0
86,CASE_B,15.0,15.0,3.0
87,CASE_B,15.0,15.0,3.0
88,CASE_B,15.0,15.0,3.0
89,CASE_B,15.0,15.0,3.0
90,CASE_B,15.0,15.0,3.0
91,CASE_B,15.0,15.0,3.0
92,CASE_B,15.0,15.0,3.0
93,CASE_B,15.0,15.0,3.0
94,CASE_B,15.0,15.0,3.0
95,CASE_B,15.0,15.0,3.0
96,CASE_B,15.0,15.0,3.0
97,CASE_B,15.0,15.0,3.0
98,CASE_B,15.0,15.0,3.0
99,CASE_B,15.0,15.0,3.0
100,CASE_B,15.0,15.0,3.0
101,CASE_B,15.0,15.0,3.0
102,CASE_B,15.0,15.0,3.0
103,CASE_B,15.0,15.0,3.0
104,CASE_B,15.0,15.0,3.0
105,CASE_B,15.0,15.0,3.0
106,CASE_B,15.0,15.0,3.0
107,CASE_B,15.0,15.0,3.0
108,CASE_B,15.0,15.0,3.0
109,CASE_B,15.0,15.0,3.0
110,CASE_B,15.0,15.0,3.0
111,CASE_B,15.0,15.0,3.0
112,CASE_B,15.0,15.0,3.0
113,CASE_B,15.0,15.0,3.0
114,CASE_B,15.0,15.0,3.0
115,CASE_B,15.0,15.0,3.0
116,CASE_B,15.0,15.0,3.0
117,CASE_B,15.0,15.0,3.0
118,CASE_B,15.0,15.0,3.0
119,CASE_B,15.0,15.0,3.0
120,CASE_B,15.0,15.0,3.0
121,CASE_B,15.0,15.0,3.0
122,CASE_B,15.0,15.0,3.0
123,CASE_B,15.0,15.0,3.0
124,CASE_B,15.0,15.0,3.0
125,CASE_B,15.0,15.0,3.0
126,CASE_B,15.0,15.0,3.0
127,CASE_B,15.0,15.0,3.0
128,CASE_B,15.0,15.0,3.0
129,CASE_B,15.0,15.0,3.0
130,CASE_B,15.0,15.0,3.0
131,CASE_B,15.0,15.0,3.0
132,CASE_B,15.0,15.0,3.0
133,CASE_B,15.0,15.0,3.0
134,CASE_B,15.0,15.0,3.0
135,CASE_B,15.0,15.0,3.0
136,CASE_B,15.0,15.0,3.0
137,CASE_B,15.0,15.0,3.0
138,CASE_B,15.0,15.0,3.0
139,CASE_B,15.0,15.0,3.0
140,CASE_B,15.0,15.0,3.0
141,CASE_B,15.0,15.0,3.0
142,CASE_B,15.0,15.0,3.0
143,CASE_B,15.0,15.0,3.0
144,CASE_B,15.0,15.0,3.0
145,CASE_B,15.0,15.0,3.0
146,CASE_B,15.0,15.0,3.0
147,CASE_B,15.0,15.0,3.0
148,CASE_B,15.0,15.0,3.0
149,CASE_B,15.0,15.0,3.0
150,CASE_B,15.0,15.0,3.0
151,CASE_B,15.0,15.0,3.0
152,CASE_B,15.0,15.0,3.0
153,CASE_B,15.0,15.0,3.0
154,CASE_B,15.0,15.0,3.0
155,CASE_B,15.0,15.0,3.0
156,CASE_B,15.0,15.0,3.0
157,CASE_B,15.0,15.0,3.0
158,CASE_B,15.0,15.0,3.0
159,CASE_B,15.0,15.0,3.0
160,CASE_B,15.0,15.0,3.0
161,CASE_B,15.0,15.0,3.0
162,CASE_B,15.0,15.0,3.0
163,CASE_B,15.0,15.0,3.0
164,CASE_B,15.0,15.0,3.0
165,CASE_B,15.0,15.0,3.0
166,CASE_B,15.0,15.0,3.0
167,CASE_B,15.0,15.0,3.0
168,CASE_B,15.0,15.0,3.0
169,CASE_B,15.0,15.0,3.0
170,CASE_B,15.0,15.0,3.0
171,CASE_B,15.0,15.0,3.0
172,CASE_B,15.0,15.0,3.0
173,CASE_B,15.0,15.0,3.0
174,CASE_B,15.0,15.0,3.0
175,CASE_B,15.0,15.0,3.0
176,CASE_B,15.0,15.0,3.0
177,CASE_B,15.0,15.0,3.0
178,CASE_B,15.0,15.0,3.0
179,CASE_B,15.0,15.0,3.0
180,CASE_B,15.0,15.0,3.0
181,CASE_B,15.0,15.0,3.0
182,CASE_B,15.0,15.0,3.0
183,CASE_B,15.0,15.0,3.0
184,CASE_B,15.0,15.0,3.0
185,CASE_B,15.0,15.0,3.0
186,CASE_B,15.0,15.0,3.0
187,CASE_B,15.0,15.0,3.0
188,CASE_B,15.0,15.0,3.0
189,CASE_B,15.0,15.0,3.0
190,CASE_B,15.0,15.0,3.0
191,CASE_B,15.0,15.0,3.0
192,CASE_B,15.0,15.0,3.0
193,CASE_B,15.0,15.0,3.0
194,CASE_B,15.0,15.0,3.0
195,CASE_B,15.0,15.0,3.0
196,CASE_B,15.0,15.0,3.0
197,CASE_B,15.0,15.0,3.0
198,CASE_B,15.0,15.0,3.0
199,CASE_B,15.0,15.0,3.0
200,CASE_B,15.0,15.0,3.0
201,CASE_B,15.0,15.0,3.0
202,CASE_B,15.0,15.0,3.0
203,CASE_B,15.0,15.0,3.0
204,CASE_B,15.0,15.0,3.0
205,CASE_B,15.0,15.0,3.0
206,CASE_B,15.0,15.0,3.0
207,CASE_B,15.0,15.0,3.0
208,CASE_B,15.0,15.0,3.0
209,CASE_B,15.0,15.0,3.0
210,CASE_B,15.0,15.0,3.0
211,CASE_B,15.0,15.0,3.0
212,CASE_B,15.0,15.0,3.0
213,CASE_B,15.0,15.0,3.0
214,CASE_B,15.0,15.0,3.0
215,CASE_B,15.0,15.0,3.0
216,CASE_B,15.0,15.0,3.0
217,CASE_B,15.0,15.0,3.0
218,CASE_B,15.0,15.0,3.0
219,CASE_B,15.0,15.0,3.0
220,CASE_B,15.0,15.0,3.0
221,CASE_B,15.0,15.0,3.0
222,CASE_B,15.0,15.0,3.0
223,CASE_B,15.0,15.0,3.0
224,CASE_B,15.0,15.0,3.0
225,CASE_B,15.0,15.0,3.0
226,CASE_B,15.0,15.0,3.0
227,CASE_B,15.0,15.0,3.0
228,CASE_B,15.0,15.0,3.0
229,CASE_B,15.0,15.0,3.0
230,CASE_B,15.0,15.0,3.0
231,CASE_B,15.0,15.0,3.0
232,CASE_B,15.0,15.0,3.0
233,CASE_B,15.0,15.0,3.0
234,CASE_B,15.0,15.0,3.0
235,CASE_B,15.0,15.0,3.0
236,CASE_B,15.0,15.0,3.0
237,CASE_B,15.0,15.0,3.0
238,CASE_B,15.0,15.0,3.0
239,CASE_B,15.0,15.0,3.0
240,CASE_B,15.0,15.0,3.0
241,CASE_B,15.0,15.0,3.0
242,CASE_B,15.0,15.0,3.0
243,CASE_B,15.0,15.0,3.0
244,CASE_B,15.0,15.0,3.0
245,CASE_B,15.0,15.0,3.0
246,CASE_B,15.0,15.0,3.0
247,CASE_B,15.0,15.0,3.0
248,CASE_B,15.0,15.0,3.0
249,CASE_B,15.0,15.0,3.0
250,CASE_B,15.0,15.0,3.0
251,CASE_B,15.0,15.0,3.0
252,CASE_B,15.0,15.0,3.0
253,CASE_B,15.0,15.0,3.0
254,CASE_B,15.0,15.0,3.0
255,CASE_B,15.0,15.0,3.0
256,CASE_B,15.0,15.0,3.0
257,CASE_B,15.0,15.0,3.0
258,CASE_B,15.0,15.0,3.0
259,CASE_B,15.0,15.0,3.0
260,CASE_B,15.0,15.0,3.0
261,CASE_B,15.0,15.0,3.0
262,CASE_B,15.0,15.0,3.0
263,CASE_B,15.0,15.0,3.0
264,CASE_B,15.0,15.0,3.0
265,CASE_B,15.0,15.0,3.0
266,CASE_B,15.0,15.0,3.0
267,CASE_B,15.0,15.0,3.0
268,CASE_B,15.0,15.0,3.0
269,CASE_B,15.0,15.0,3.0
270,CASE_B,15.0,15.0,3.0
271,CASE_B,15.0,15.0,3.0
272,CASE_B,15.0,15.0,3.0
273,CASE_B,15.0,15.0,3.0
274,CASE_B,15.0,15.0,3.0
275,CASE_B,15.0,15.0,3.0
276,CASE_B,15.0,15.0,3.0
277,CASE_B,15.0,15.0,3.0
278,CASE_B,15.0,15.0,3.0
279,CASE_B,15.0,15.0,3.0
280,CASE_B,15.0,15.0,3.0
281,CASE_B,15.0,15.0,3.0
282,CASE_B,15.0,15.0,3.0
283,CASE_B,15.0,15.0,3.0
284,CASE_B,15.0,15.0,3.0
285,CASE_B,15.0,15.0,3.0
286,CASE_B,15.0,15.0,3.0
287,CASE_B,15.0,15.0,3.0
288,CASE_B,15.0,15.0,3.0
289,CASE_B,15.0,15.0,3.0
290,CASE_B,15.0,15.0,3.0
291,CASE_B,15.0,15.0,3.0
292,CASE_B,15.0,15.0,3.0
293,CASE_B,15.0,15.0,3.0
294,CASE_B,15.0,15.0,3.0
295,CASE_B,15.0,15.0,3.0
296,CASE_B,15.0,15.0,3.0
297,CASE_B,15.0,15.0,3.0
298,CASE_B,15.0,15.0,3.0
299,CASE_B,15.0,15.0,3.0
300,CASE_B,15.0,15.0,3.0
301,CASE_B,15.0,15.0,3.0
302,CASE_B,15.0,15.0,3.0
303,CASE_B,15.0,15.0,3.0
304,CASE_B,15.0,15.0,3.0
305,CASE_B,15.0,15.0,3.0
306,CASE_B,15.0,15.0,3.0
307,CASE_B,15.0,15.0,3.0
308,CASE_B,15.0,15.0,3.0
309,CASE_B,15.0,15.0,3.0
310,CASE_B,15.0,15.0,3.0
311,CASE_B,15.0,15.0,3.0
312,CASE_B,15.0,15.0,3.0
313,CASE_B,15.0,15.0,3.0
314,CASE_B,15.0,15.0,3.0
315,CASE_B,15.0,15.0,3.0
316,CASE_B,15.0,15.0,3.0
317,CASE_B,15.0,15.0,3.0
318,CASE_B,15.0,15.0,3.0
319,CASE_B,15.0,15.0,3.0
320,CASE_B,15.0,15.0,3.0
321,CASE_B,15.0,15.0,3.0
322,CASE_B,15.0,15.0,3.0
323,CASE_B,15.0,15.0,3.0
324,CASE_B,15.0,15.0,3.0
325,CASE_B,15.0,15.0,3.0
326,CASE_B,15.0,15.0,3.0
327,CASE_B,15.0,15.0,3.0
328,CASE_B,15.0,15.0,3.0
329,CASE_B,15.0,15.0,3.0
330,CASE_B,15.0,15.0,3.0
331,CASE_B,15.0,15.0,3.0
332,CASE_B,15.0,15.0,3.0
333,CASE_B,15.0,15.0,3.0
334,CASE_B,15.0,15.0,3.0
335,CASE_B,15.0,15.0,3.0
336,CASE_B,15.0,15.0,3.0
337,CASE_B,15.0,15.0,3.0
338,CASE_B,15.0,15.0,3.0
339,CASE_B,15.0,15.0,3.0
340,CASE_B,15.0,15.0,3.0
341,CASE_B,15.0,15.0,3.0
342,CASE_B,15.0,15.0,3.0
343,CASE_B,15.0,15.0,3.0
344,CASE_B,15.0,15.0,3.0
345,CASE_B,15.0,15.0,3.0
346,CASE_B,15.0,15.0,3.0
347,CASE_B,15.0,15.0,3.0
348,CASE_B,15.0,15.0,3.0
349,CASE_B,15.0,15.0,3.0
350,CASE_B,15.0,15.0,3.0
351,CASE_B,15.0,15.0,3.0
352,CASE_B,15.0,15.0,3.0
353,CASE_B,15.0,15.0,3.0
354,CASE_B,15.0,15.0,3.0
355,CASE_B,15.0,15.0,3.0
356,CASE_B,15.0,15.0,3.0
357,CASE_B,15.0,15.0,3.0
358,CASE_B,15.0,15.0,3.0
359,CASE_B,15.0,15.0,3.0
360,CASE_B,15.0,15.0,3.0
361,CASE_B,15.0,15.0,3.0
362,CASE_B,15.0,15.0,3.0
363,CASE_B,15.0,15.0,3.0
364,CASE_B,15.0,15.0,3.0
365,CASE_B,15.0,15.0,3.0
366,CASE_B,15.0,15.0,3.0
367,CASE_B,15.0,15.0,3.0
368,CASE_B,15.0,15.0,3.0
369,CASE_B,15.0,15.0,3.0
370,CASE_B,15.0,15.0,3.0
371,CASE_B,15.0,15.0,3.0
372,CASE_B,15.0,15.0,3.0
373,CASE_B,15.0,15.0,3.0
374,CASE_B,15.0,15.0,3.0
375,CASE_B,15.0,15.0,3.0
376,CASE_B,15.0,15.0,3.0
377,CASE_B,15.0,15.0,3.0
378,CASE_B,15.0,15.0,3.0
379,CASE_B,15.0,15.0,3.0
380,CASE_B,15.0,15.0,3.0
381,CASE_B,15.0,15.0,3.0
382,CASE_B,15.0,15.0,3.0
383,CASE_B,15.0,15.0,3.0
384,CASE_B,15.0,15.0,3.0
385,CASE_B,15.0,15.0,3.0
386,CASE_B,15.0,15.0,3.0
387,CASE_B,15.0,15.0,3.0
388,CASE_B,15.0,15.0,3.0
389,CASE_B,15.0,15.0,3.0
390,CASE_B,15.0,15.0,3.0
391,CASE_B,15.0,15.0,3.0
392,CASE_B,15.0,15.0,3.0
393,CASE_B,15.0,15.0,3.0
394,CASE_B,15.0,15.0,3.0
395,CASE_B,15.0,15.0,3.0
396,CASE_B,15.0,15.0,3.0
397,CASE_B,15.0,15.0,3.0
398,CASE_B,15.0,15.0,3.0
399,CASE_B,15.0,15.0,3.0
400,CASE_B,15.0,15.0,3.0
401,CASE_B,15.0,15.0,3.0
402,CASE_B,15.0,15.0,3.0
403,CASE_B,15.0,15.0,3.0
404,CASE_B,15.0,15.0,3.0
405,CASE_B,15.0,15.0,3.0
406,CASE_B,15.0,15.0,3.0
407,CASE_B,15.0,15.0,3.0
408,CASE_B,15.0,15.0,3.0
409,CASE_B,15.0,15.0,3.0
410,CASE_B,15.0,15.0,3.0
411,CASE_B,15.0,15.0,3.0
412,CASE_B,15.0,15.0,3.0
413,CASE_B,15.0,15.0,3.0
414,CASE_B,15.0,15.0,3.0
415,CASE_B,15.0,15.0,3.0
416,CASE_B,15.0,15.0,3.0
417,CASE_B,15.0,15.0,3.0
418,CASE_B,15.0,15.0,3.0
419,CASE_B,15.0,15.0,3.0
420,CASE_B,15.0,15.0,3.0
421,CASE_B,15.0,15.0,3.0
422,CASE_B,15.0,15.0,3.0
423,CASE_B,15.0,15.0,3.0
424,CASE_B,15.0,15.0,3.0
425,CASE_B,15.0,15.0,3.0
426,CASE_B,15.0,15.0,3.0
427,CASE_B,15.0,15.0,3.0
428,CASE_B,15.0,15.0,3.0
429,CASE_B,15.0,15.0,3.0
430,CASE_B,15.0,15.0,3.0
431,CASE_B,15.0,15.0,3.0
432,CASE_B,15.0,15.0,3.0
433,CASE_B,15.0,15.0,3.0
434,CASE_B,15.0,15.0,3.0
435,CASE_B,15.0,15.0,3.0
436,CASE_B,15.0,15.0,3.0
437,CASE_B,15.0,15.0,3.0
438,CASE_B,15.0,15.0,3.0
439,CASE_B,15.0,15.0,3.0
440,CASE_B,15.0,15.0,3.0
441,CASE_B,15.0,15.0,3.0
442,CASE_B,15.0,15.0,3.0
443,CASE_B,15.0,15.0,3.0
444,CASE_B,15.0,15.0,3.0
445,CASE_B,15.0,15.0,3.0
446,CASE_B,15.0,15.0,3.0
447,CASE_B,15.0,15.0,3.0
448,CASE_B,15.0,15.0,3.0
449,CASE_B,15.0,15.0,3.0
450,CASE_B,15.0,15.0,3.0
451,CASE_B,15.0,15.0,3.0
452,CASE_B,15.0,15.0,3.0
453,CASE_B,15.0,15.0,3.0
454,CASE_B,15.0,15.0,3.0
455,CASE_B,15.0,15.0,3.0
456,CASE_B,15.0,15.0,3.0
457,CASE_B,15.0,15.0,3.0
458,CASE_B,15.0,15.0,3.0
459,CASE_B,15.0,15.0,3.0
460,CASE_B,15.0,15.0,3.0
461,CASE_B,15.0,15.0,3.0
462,CASE_B,15.0,15.0,3.0
463,CASE_B,15.0,15.0,3.0
464,CASE_B,15.0,15.0,3.0
465,CASE_B,15.0,15.0,3.0
466,CASE_B,15.0,15.0,3.0
467,CASE_B,15.0,15.0,3.0
468,CASE_B,15.0,15.0,3.0
469,CASE_B,15.0,15.0,3.0
470,CASE_B,15.0,15.0,3.0
471,CASE_B,15.0,15.0,3.0
472,CASE_B,15.0,15.0,3.0
473,CASE_B,15.0,15.0,3.0
474,CASE_B,15.0,15.0,3.0
475,CASE_B,15.0,15.0,3.0
476,CASE_B,15.0,15.0,3.0
477,CASE_B,15.0,15.0,3.0
478,CASE_B,15.0,15.0,3.0
479,CASE_B,15.0,15.0,3.0
480,CASE_B,15.0,15.0,3.0
481,CASE_B,15.0,15.0,3.0
482,CASE_B,15.0,15.0,3.0
483,CASE_B,15.0,15.0,3.0
484,CASE_B,15.0,15.0,3.0
485,CASE_B,15.0,15.0,3.0
486,CASE_B,15.0,15.0,3.0
487,CASE_B,15.0,15.0,3.0
488,CASE_B,15.0,15.0,3.0
489,CASE_B,15.0,15.0,3.0
490,CASE_B,15.0,15.0,3.0
491,CASE_B,15.0,15.0,3.0
492,CASE_B,15.0,15.0,3.0
493,CASE_B,15.0,15.0,3.0
494,CASE_B,15.0,15.0,3.0
495,CASE_B,15.0,15.0,3.0
496,CASE_B,15.0,15.0,3.0
497,CASE_B,15.0,15.0,3.0
498,CASE_B,15.0,15.0,3.0
499,CASE_B,15.0,15.0,3.0
500,CASE_B,15.0,15.0,3.0
501,CASE_B,15.0,15.0,3.0
502,CASE_B,15.0,15.0,3.0
503,CASE_B,15.0,15.0,3.0
504,CASE_B,15.0,15.0,3.0
505,CASE_B,15.0,15.0,3.0
506,CASE_B,15.0,15.0,3.0
507,CASE_B,15.0,15.0,3.0
508,CASE_B,15.0,15.0,3.0
509,CASE_B,15.0,15.0,3.0
510,CASE_B,15.0,15.0,3.0
511,CASE_B,15.0,15.0,3.0
512,CASE_B,15.0,15.0,3.0
513,CASE_B,15.0,15.0,3.0
514,CASE_B,15.0,15.0,3.0
515,CASE_B,15.0,15.0,3.0
516,CASE_B,15.0,15.0,3.0
517,CASE_B,15.0,15.0,3.0
518,CASE_B,15.0,15.0,3.0
519,CASE_B,15.0,15.0,3.0
520,CASE_B,15.0,15.0,3.0
521,CASE_B,15.0,15.0,3.0
522,CASE_B,15.0,15.0,3.0
523,CASE_B,15.0,15.0,3.0
524,CASE_B,15.0,15.0,3.0
525,CASE_B,15.0,15.0,3.0
526,CASE_B,15.0,15.0,3.0
527,CASE_B,15.0,15.0,3.0
528,CASE_B,15.0,15.0,3.0
529,CASE_B,15.0,15.0,3.0
530,CASE_B,15.0,15.0,3.0
531,CASE_B,15.0,15.0,3.0
532,CASE_B,15.0,15.0,3.0
533,CASE_B,15.0,15.0,3.0
534,CASE_B,15.0,15.0,3.0
535,CASE_B,15.0,15.0,3.0
536,CASE_B,15.0,15.0,3.0
537,CASE_B,15.0,15.0,3.0
538,CASE_B,15.0,15.0,3.0
539,CASE_B,15.0,15.0,3.0
540,CASE_B,15.0,15.0,3.0
541,CASE_B,15.0,15.0,3.0
542,CASE_B,15.0,15.0,3.0
543,CASE_B,15.0,15.0,3.0
544,CASE_B,15.0,15.0,3.0
545,CASE_B,15.0,15.0,3.0
546,CASE_B,15.0,15.0,3.0
547,CASE_B,15.0,15.0,3.0
548,CASE_B,15.0,15.0,3.0
549,CASE_B,15.0,15.0,3.0
550,CASE_B,15.0,15.0,3.0
551,CASE_B,15.0,15.0,3.0
552,CASE_B,15.0,15.0,3.0
553,CASE_B,15.0,15.0,3.0
554,CASE_B,15.0,15.0,3.0
555,CASE_B,15.0,15.0,3.0
556,CASE_B,15.0,15.0,3.0
557,CASE_B,15.0,15.0,3.0
558,CASE_B,15.0,15.0,3.0
559,CASE_B,15.0,15.0,3.0
560,CASE_B,15.0,15.0,3.0
561,CASE_B,15.0,15.0,3.0
562,CASE_B,15.0,15.0,3.0
563,CASE_B,15.0,15.0,3.0
564,CASE_B,15.0,15.0,3.0
565,CASE_B,15.0,15.0,3.0
566,CASE_B,15.0,15.0,3.0
567,CASE_B,15.0,15.0,3.0
568,CASE_B,15.0,15.0,3.0
569,CASE_B,15.0,15.0,3.0
570,CASE_B,15.0,15.0,3.0
571,CASE_B,15.0,15.0,3.0
572,CASE_B,15.0,15.0,3.0
573,CASE_B,15.0,15.0,3.0
574,CASE_B,15.0,15.0,3.0
575,CASE_B,15.0,15.0,3.0
576,CASE_B,15.0,15.0,3.0
577,CASE_B,15.0,15.0,3.0
578,CASE_B,15.0,15.0,3.0
579,CASE_B,15.0,15.0,3.0
580,CASE_B,15.0,15.0,3.0
581,CASE_B,15.0,15.0,3.0
582,CASE_B,15.0,15.0,3.0
583,CASE_B,15.0,15.0,3.0
584,CASE_B,15.0,15.0,3.0
585,CASE_B,15.0,15.0,3.0
586,CASE_B,15.0,15.0,3.0
587,CASE_B,15.0,15.0,3.0
588,CASE_B,15.0,15.0,3.0
589,CASE_B,15.0,15.0,3.0
590,CASE_B,15.0,15.0,3.0
591,CASE_B,15.0,15.0,3.0
592,CASE_B,15.0,15.0,3.0
593,CASE_B,15.0,15.0,3.0
594,CASE_B,15.0,15.0,3.0
595,CASE_B,15.0,15.0,3.0
596,CASE_B,15.0,15.0,3.0
597,CASE_B,15.0,15.0,3.0
598,CASE_B,15.0,15.0,3.0
599,CASE_B,15.0,15.0,3.0
600,CASE_B,15.0,15.0,3.0
601,CASE_B,15.0,15.0,3.0
602,CASE_B,15.0,15.0,3.0
603,CASE_B,15.0,15.0,3.0
604,CASE_B,15.0,15.0,3.0
605,CASE_B,15.0,15.0,3.0
606,CASE_B,15.0,15.0,3.0
607,CASE_B,15.0,15.0,3.0
608,CASE_B,15.0,15.0,3.0
609,CASE_B,15.0,15.0,3.0
610,CASE_B,15.0,15.0,3.0
611,CASE_B,15.0,15.0,3.0
612,CASE_B,15.0,15.0,3.0
613,CASE_B,15.0,15.0,3.0
614,CASE_B,15.0,15.0,3.0
615,CASE_B,15.0,15.0,3.0
616,CASE_B,15.0,15.0,3.0
617,CASE_B,15.0,15.0,3.0
618,CASE_B,15.0,15.0,3.0
619,CASE_B,15.0,15.0,3.0
620,CASE_B,15.0,15.0,3.0
621,CASE_B,15.0,15.0,3.0
622,CASE_B,15.0,15.0,3.0
623,CASE_B,15.0,15.0,3.0
624,CASE_B,15.0,15.0,3.0
625,CASE_B,15.0,15.0,3.0
626,CASE_B,15.0,15.0,3.0
627,CASE_B,15.0,15.0,3.0
628,CASE_B,15.0,15.0,3.0
629,CASE_B,15.0,15.0,3.0
630,CASE_B,15.0,15.0,3.0
631,CASE_B,15.0,15.0,3.0
632,CASE_B,15.0,15.0,3.0
633,CASE_B,15.0,15.0,3.0
634,CASE_B,15.0,15.0,3.0
635,CASE_B,15.0,15.0,3.0
636,CASE_B,15.0,15.0,3.0
637,CASE_B,15.0,15.0,3.0
638,CASE_B,15.0,15.0,3.0
639,CASE_B,15.0,15.0,3.0
640,CASE_B,15.0,15.0,3.0
641,CASE_B,15.0,15.0,3.0
642,CASE_B,15.0,15.0,3.0
643,CASE_B,15.0,15.0,3.0
644,CASE_B,15.0,15.0,3.0
645,CASE_B,15.0,15.0,3.0
646,CASE_B,15.0,15.0,3.0
647,CASE_B,15.0,15.0,3.0
648,CASE_B,15.0,15.0,3.0
649,CASE_B,15.0,15.0,3.0
650,CASE_B,15.0,15.0,3.0
651,CASE_B,15.0,15.0,3.0
652,CASE_B,15.0,15.0,3.0
653,CASE_B,15.0,15.0,3.0
654,CASE_B,15.0,15.0,3.0
655,CASE_B,15.0,15.0,3.0
656,CASE_B,15.0,15.0,3.0
657,CASE_B,15.0,15.0,3.0
658,CASE_B,15.0,15.0,3.0
659,CASE_B,15.0,15.0,3.0
660,CASE_B,15.0,15.0,3.0
661,CASE_B,15.0,15.0,3.0
662,CASE_B,15.0,15.0,3.0
663,CASE_B,15.0,15.0,3.0
664,CASE_B,15.0,15.0,3.0
665,CASE_B,15.0,15.0,3.0
666,CASE_B,15.0,15.0,3.0
667,CASE_B,15.0,15.0,3.0
668,CASE_B,15.0,15.0,3.0
669,CASE_B,15.0,15.0,3.0
670,CASE_B,15.0,15.0,3.0
671,CASE_B,15.0,15.0,3.0
672,CASE_B,15.0,15.0,3.0
673,CASE_B,15.0,15.0,3.0
674,CASE_B,15.0,15.0,3.0
675,CASE_B,15.0,15.0,3.0
676,CASE_B,15.0,15.0,3.0
677,CASE_B,15.0,15.0,3.0
678,CASE_B,15.0,15.0,3.0
679,CASE_B,15.0,15.0,3.0
680,CASE_B,15.0,15.0,3.0
681,CASE_B,15.0,15.0,3.0
682,CASE_B,15.0,15.0,3.0
683,CASE_B,15.0,15.0,3.0
684,CASE_B,15.0,15.0,3.0
685,CASE_B,15.0,15.0,3.0
686,CASE_B,15.0,15.0,3.0
687,CASE_B,15.0,15.0,3.0
688,CASE_B,15.0,15.0,3.0
689,CASE_B,15.0,15.0,3.0
690,CASE_B,15.0,15.0,3.0
691,CASE_B,15.0,15.0,3.0
692,CASE_B,15.0,15.0,3.0
693,CASE_B,15.0,15.0,3.0
694,CASE_B,15.0,15.0,3.0
695,CASE_B,15.0,15.0,3.0
696,CASE_B,15.0,15.0,3.0
697,CASE_B,15.0,15.0,3.0
698,CASE_B,15.0,15.0,3.0
699,CASE_B,15.0,15.0,3.0
700,CASE_B,15.0,15.0,3.0
701,CASE_B,15.0,15.0,3.0
702,CASE_B,15.0,15.0,3.0
703,CASE_B,15.0,15.0,3.0
704,CASE_B,15.0,15.0,3.0
705,CASE_B,15.0,15.0,3.0
706,CASE_B,15.0,15.0,3.0
707,CASE_B,15.0,15.0,3.0
708,CASE_B,15.0,15.0,3.0
709,CASE_B,15.0,15.0,3.0
710,CASE_B,15.0,15.0,3.0
711,CASE_B,15.0,15.0,3.0
712,CASE_B,15.0,15.0,3.0
713,CASE_B,15.0,15.0,3.0
714,CASE_B,15.0,15.0,3.0
715,CASE_B,15.0,15.0,3.0
716,CASE_B,15.0,15.0,3.0
717,CASE_B,15.0,15.0,3.0
718,CASE_B,15.0,15.0,3.0
719,CASE_B,15.0,15.0,3.0
720,CASE_B,15.0,15.0,3.0
721,CASE_B,15.0,15.0,3.0
722,CASE_B,15.0,15.0,3.0
723,CASE_B,15.0,15.0,3.0
724,CASE_B,15.0,15.0,3.0
725,CASE_B,15.0,15.0,3.0
726,CASE_B,15.0,15.0,3.0
727,CASE_B,15.0,15.0,3.0
728,CASE_B,15.0,15.0,3.0
729,CASE_B,15.0,15.0,3.0
730,CASE_B,15.0,15.0,3.0
731,CASE_B,15.0,15.0,3.0
732,CASE_B,15.0,15.0,3.0
733,CASE_B,15.0,15.0,3.0
734,CASE_B,15.0,15.0,3.0
735,CASE_B,15.0,15.0,3.0
736,CASE_B,15.0,15.0,3.0
737,CASE_B,15.0,15.0,3.0
738,CASE_B,15.0,15.0,3.0
739,CASE_B,15.0,15.0,3.0
740,CASE_B,15.0,15.0,3.0
741,CASE_B,15.0,15.0,3.0
742,CASE_B,15.0,15.0,3.0
743,CASE_B,15.0,15.0,3.0
744,CASE_B,15.0,15.0,3.0
745,CASE_B,15.0,15.0,3.0
746,CASE_B,15.0,15.0,3.0
747,CASE_B,15.0,15.0,3.0
748,CASE_B,15.0,15.0,3.0
749,CASE_B,15.0,15.0,3.0
750,CASE_B,15.0,15.0,3.0
751,CASE_B,15.0,15.0,3.0
752,CASE_B,15.0,15.0,3.0
753,CASE_B,15.0,15.0,3.0
754,CASE_B,15.0,15.0,3.0
755,CASE_B,15.0,15.0,3.0
756,CASE_B,15.0,15.0,3.0
757,CASE_B,15.0,15.0,3.0
758,CASE_B,15.0,15.0,3.0
759,CASE_B,15.0,15.0,3.0
760,CASE_B,15.0,15.0,3.0
761,CASE_B,15.0,15.0,3.0
762,CASE_B,15.0,15.0,3.0
763,CASE_B,15.0,15.0,3.0
764,CASE_B,15.0,15.0,3.0
765,CASE_B,15.0,15.0,3.0
766,CASE_B,15.0,15.0,3.0
767,CASE_B,15.0,15.0,3.0
768,CASE_B,15.0,15.0,3.0
769,CASE_B,15.0,15.0,3.0
770,CASE_B,15.0,15.0,3.0
771,CASE_B,15.0,15.0,3.0
772,CASE_B,15.0,15.0,3.0
773,CASE_B,15.0,15.0,3.0
774,CASE_B,15.0,15.0,3.0
775,CASE_B,15.0,15.0,3.0
776,CASE_B,15.0,15.0,3.0
777,CASE_B,15.0,15.0,3.0
778,CASE_B,15.0,15.0,3.0
779,CASE_B,15.0,15.0,3.0
780,CASE_B,15.0,15.0,3.0
781,CASE_B,15.0,15.0,3.0
782,CASE_B,15.0,15.0,3.0
783,CASE_B,15.0,15.0,3.0
784,CASE_B,15.0,15.0,3.0
785,CASE_B,15.0,15.0,3.0
786,CASE_B,15.0,15.0,3.0
787,CASE_B,15.0,15.0,3.0
788,CASE_B,15.0,15.0,3.0
789,CASE_B,15.0,15.0,3.0
790,CASE_B,15.0,15.0,3.0
791,CASE_B,15.0,15.0,3.0
792,CASE_B,15.0,15.0,3.0
793,CASE_B,15.0,15.0,3.0
794,CASE_B,15.0,15.0,3.0
795,CASE_B,15.0,15.0,3.0
796,CASE_B,15.0,15.0,3.0
797,CASE_B,15.0,15.0,3.0
798,CASE_B,15.0,15.0,3.0
799,CASE_B,15.0,15.0,3.0
800,CASE_B,15.0,15.0,3.0
801,CASE_B,15.0,15.0,3.0
802,CASE_B,15.0,15.0,3.0
803,CASE_B,15.0,15.0,3.0
804,CASE_B,15.0,15.0,3.0
805,CASE_B,15.0,15.0,3.0
806,CASE_B,15.0,15.0,3.0
807,CASE_B,15.0,15.0,3.0
808,CASE_B,15.0,15.0,3.0
809,CASE_B,15.0,15.0,3.0
810,CASE_B,15.0,15.0,3.0
811,CASE_B,15.0,15.0,3.0
812,CASE_B,15.0,15.0,3.0
813,CASE_B,15.0,15.0,3.0
814,CASE_B,15.0,15.0,3.0
815,CASE_B,15.0,15.0,3.0
816,CASE_B,15.0,15.0,3.0
817,CASE_B,15.0,15.0,3.0
818,CASE_B,15.0,15.0,3.0
819,CASE_B,15.0,15.0,3.0
820,CASE_B,15.0,15.0,3.0
821,CASE_B,15.0,15.0,3.0
822,CASE_B,15.0,15.0,3.0
823,CASE_B,15.0,15.0,3.0
824,CASE_B,15.0,15.0,3.0
825,CASE_B,15.0,15.0,3.0
826,CASE_B,15.0,15.0,3.0
827,CASE_B,15.0,15.0,3.0
828,CASE_B,15.0,15.0,3.0
829,CASE_B,15.0,15.0,3.0
830,CASE_B,15.0,15.0,3.0
831,CASE_B,15.0,15.0,3.0
832,CASE_B,15.0,15.0,3.0
833,CASE_B,15.0,15.0,3.0
834,CASE_B,15.0,15.0,3.0
835,CASE_B,15.0,15.0,3.0
836,CASE_B,15.0,15.0,3.0
837,CASE_B,15.0,15.0,3.0
838,CASE_B,15.0,15.0,3.0
839,CASE_B,15.0,15.0,3.0
840,CASE_B,15.0,15.0,3.0
841,CASE_B,15.0,15.0,3.0
842,CASE_B,15.0,15.0,3.0
843,CASE_B,15.0,15.0,3.0
844,CASE_B,15.0,15.0,3.0
845,CASE_B,15.0,15.0,3.0
846,CASE_B,15.0,15.0,3.0
847,CASE_B,15.0,15.0,3.0
848,CASE_B,15.0,15.0,3.0
849,CASE_B,15.0,15.0,3.0
850,CASE_B,15.0,15.0,3.0
851,CASE_B,15.0,15.0,3.0
852,CASE_B,15.0,15.0,3.0
853,CASE_B,15.0,15.0,3.0
854,CASE_B,15.0,15.0,3.0
855,CASE_B,15.0,15.0,3.0
856,CASE_B,15.0,15.0,3.0
857,CASE_B,15.0,15.0,3.0
858,CASE_B,15.0,15.0,3.0
859,CASE_B,15.0,15.0,3.0
860,CASE_B,15.0,15.0,3.0
861,CASE_B,15.0,15.0,3.0
862,CASE_B,15.0,15.0,3.0
863,CASE_B,15.0,15.0,3.0
864,CASE_B,15.0,15.0,3.0
865,CASE_B,15.0,15.0,3.0
866,CASE_B,15.0,15.0,3.0
867,CASE_B,15.0,15.0,3.0
868,CASE_B,15.0,15.0,3.0
869,CASE_B,15.0,15.0,3.0
870,CASE_B,15.0,15.0,3.0
871,CASE_B,15.0,15.0,3.0
872,CASE_B,15.0,15.0,3.0
873,CASE_B,15.0,15.0,3.0
874,CASE_B,15.0,15.0,3.0
875,CASE_B,15.0,15.0,3.0
876,CASE_B,15.0,15.0,3.0
877,CASE_B,15.0,15.0,3.0
878,CASE_B,15.0,15.0,3.0
879,CASE_B,15.0,15.0,3.0
880,CASE_B,15.0,15.0,3.0
881,CASE_B,15.0,15.0,3.0
882,CASE_B,15.0,15.0,3.0
883,CASE_B,15.0,15.0,3.0
884,CASE_B,15.0,15.0,3.0
885,CASE_B,15.0,15.0,3.0
886,CASE_B,15.0,15.0,3.0
887,CASE_B,15.0,15.0,3.0
888,CASE_B,15.0,15.0,3.0
889,CASE_B,15.0,15.0,3.0
890,CASE_B,15.0,15.0,3.0
891,CASE_B,15.0,15.0,3.0
892,CASE_B,15.0,15.0,3.0
893,CASE_B,15.0,15.0,3.0
894,CASE_B,15.0,15.0,3.0
895,CASE_B,15.0,15.0,3.0
896,CASE_B,15.0,15.0,3.0
897,CASE_B,15.0,15.0,3.0
898,CASE_B,15.0,15.0,3.0
899,CASE_B,15.0,15.0,3.0
900,CASE_B,15.0,15.0,3.0
901,CASE_B,15.0,15.0,3.0
902,CASE_B,15.0,15.0,3.0
903,CASE_B,15.0,15.0,3.0
904,CASE_B,15.0,15.0,3.0
905,CASE_B,15.0,15.0,3.0
906,CASE_B,15.0,15.0,3.0
907,CASE_B,15.0,15.0,3.0
908,CASE_B,15.0,15.0,3.0
909,CASE_B,15.0,15.0,3.0
910,CASE_B,15.0,15.0,3.0
911,CASE_B,15.0,15.0,3.0
912,CASE_B,15.0,15.0,3.0
913,CASE_B,15.0,15.0,3.0
914,CASE_B,15.0,15.0,3.0
915,CASE_B,15.0,15.0,3.0
916,CASE_B,15.0,15.0,3.0
917,CASE_B,15.0,15.0,3.0
918,CASE_B,15.0,15.0,3.0
919,CASE_B,15.0,15.0,3.0
920,CASE_B,15.0,15.0,3.0
921,CASE_B,15.0,15.0,3.0
922,CASE_B,15.0,15.0,3.0
923,CASE_B,15.0,15.0,3.0
924,CASE_B,15.0,15.0,3.0
925,CASE_B,15.0,15.0,3.0
926,CASE_B,15.0,15.0,3.0
927,CASE_B,15.0,15.0,3.0
928,CASE_B,15.0,15.0,3.0
929,CASE_B,15.0,15.0,3.0
930,CASE_B,15.0,15.0,3.0
931,CASE_B,15.0,15.0,3.0
932,CASE_B,15.0,15.0,3.0
933,CASE_B,15.0,15.0,3.0
934,CASE_B,15.0,15.0,3.0
935,CASE_B,15.0,15.0,3.0
936,CASE_B,15.0,15.0,3.0
937,CASE_B,15.0,15.0,3.0
938,CASE_B,15.0,15.0,3.0
939,CASE_B,15.0,15.0,3.0
940,CASE_B,15.0,15.0,3.0
941,CASE_B,15.0,15.0,3.0
942,CASE_B,15.0,15.0,3.0
943,CASE_B,15.0,15.0,3.0
944,CASE_B,15.0,15.0,3.0
945,CASE_B,15.0,15.0,3.0
946,CASE_B,15.0,15.0,3.0
947,CASE_B,15.0,15.0,3.0
948,CASE_B,15.0,15.0,3.0
949,CASE_B,15.0,15.0,3.0
950,CASE_B,15.0,15.0,3.0
951,CASE_B,15.0,15.0,3.0
952,CASE_B,15.0,15.0,3.0
953,CASE_B,15.0,15.0,3.0
954,CASE_B,15.0,15.0,3.0
955,CASE_B,15.0,15.0,3.0
956,CASE_B,15.0,15.0,3.0
957,CASE_B,15.0,15.0,3.0
958,CASE_B,15.0,15.0,3.0
959,CASE_B,15.0,15.0,3.0
960,CASE_B,15.0,15.0,3.0
961,CASE_B,15.0,15.0,3.0
962,CASE_B,15.0,15.0,3.0
963,CASE_B,15.0,15.0,3.0
964,CASE_B,15.0,15.0,3.0
965,CASE_B,15.0,15.0,3.0
966,CASE_B,15.0,15.0,3.0
967,CASE_B,15.0,15.0,3.0
968,CASE_B,15.0,15.0,3.0
969,CASE_B,15.0,15.0,3.0
970,CASE_B,15.0,15.0,3.0
971,CASE_B,15.0,15.0,3.0
972,CASE_B,15.0,15.0,3.0
973,CASE_B,15.0,15.0,3.0
974,CASE_B,15.0,15.0,3.0
975,CASE_B,15.0,15.0,3.0
976,CASE_B,15.0,15.0,3.0
977,CASE_B,15.0,15.0,3.0
978,CASE_B,15.0,15.0,3.0
979,CASE_B,15.0,15.0,3.0
980,CASE_B,15.0,15.0,3.0
981,CASE_B,15.0,15.0,3.0
982,CASE_B,15.0,15.0,3.0
983,CASE_B,15.0,15.0,3.0
984,CASE_B,15.0,15.0,3.0
985,CASE_B,15.0,15.0,3.0
986,CASE_B,15.0,15.0,3.0
987,CASE_B,15.0,15.0,3.0
988,CASE_B,15.0,15.0,3.0
989,CASE_B,15.0,15.0,3.0
990,CASE_B,15.0,15.0,3.0
991,CASE_B,15.0,15.0,3.0
992,CASE_B,15.0,15.0,3.0
993,CASE_B,15.0,15.0,3.0
994,CASE_B,15.0,15.0,3.0
995,CASE_B,15.0,15.0,3.0
996,CASE_B,15.0,15.0,3.0
997,CASE_B,15.0,15.0,3.0
998,CASE_B,15.0,15.0,3.0
999,CASE_B,15.0,15.0,3.0
1000,CASE_B,15.0,15.0,3.0
1001,CASE_B,15.0,15.0,3.0
1002,CASE_B,15.0,15.0,3.0
1003,CASE_B,15.0,15.0,3.0
1004,CASE_B,15.0,15.0,3.0
1005,CASE_B,15.0,15.0,3.0
1006,CASE_B,15.0,15.0,3.0
1007,CASE_B,15.0,15.0,3.0
1008,CASE_B,15.0,15.0,3.0
1009,CASE_B,15.0,15.0,3.0
1010,CASE_B,15.0,15.0,3.0
1011,CASE_B,15.0,15.0,3.0
1012,CASE_B,15.0,15.0,3.0
1013,CASE_B,15.0,15.0,3.0
1014,CASE_B,15.0,15.0,3.0
1015,CASE_B,15.0,15.0,3.0
1016,CASE_B,15.0,15.0,3.0
1017,CASE_B,15.0,15.0,3.0
1018,CASE_B,15.0,15.0,3.0
1019,CASE_B,15.0,15.0,3.0
1020,CASE_B,15.0,15.0,3.0
1021,CASE_B,15.0,15.0,3.0
1022,CASE_B,15.0,15.0,3.0
1023,CASE_B,15.0,15.0,3.0
1024,CASE_B,15.0,15.0,3.0
1025,CASE_B,15.0,15.0,3.0
1026,CASE_B,15.0,15.0,3.0
1027,CASE_B,15.0,15.0,3.0
1028,CASE_B,15.0,15.0,3.0
1029,CASE_B,15.0,15.0,3.0
1030,CASE_B,15.0,15.0,3.0
1031,CASE_B,15.0,15.0,3.0
1032,CASE_B,15.0,15.0,3.0
1033,CASE_B,15.0,15.0,3.0
1034,CASE_B,15.0,15.0,3.0
1035,CASE_B,15.0,15.0,3.0
1036,CASE_B,15.0,15.0,3.0
1037,CASE_B,15.0,15.0,3.0
1038,CASE_B,15.0,15.0,3.0
1039,CASE_B,15.0,15.0,3.0
1040,CASE_B,15.0,15.0,3.0
1041,CASE_B,15.0,15.0,3.0
1042,CASE_B,15.0,15.0,3.0
1043,CASE_B,15.0,15.0,3.0
1044,CASE_B,15.0,15.0,3.0
1045,CASE_B,15.0,15.0,3.0
1046,CASE_B,15.0,15.0,3.0
1047,CASE_B,15.0,15.0,3.0
1048,CASE_B,15.0,15.0,3.0
1049,CASE_B,15.0,15.0,3.0
1050,CASE_B,15.0,15.0,3.0
1051,CASE_B,15.0,15.0,3.0
1052,CASE_B,15.0,15.0,3.0
1053,CASE_B,15.0,15.0,3.0
1054,CASE_B,15.0,15.0,3.0
1055,CASE_B,15.0,15.0,3.0
1056,CASE_B,15.0,15.0,3.0
1057,CASE_B,15.0,15.0,3.0
1058,CASE_B,15.0,15.0,3.0
1059,CASE_B,15.0,15.0,3.0
1060,CASE_B,15.0,15.0,3.0
1061,CASE_B,15.0,15.0,3.0
1062,CASE_B,15.0,15.0,3.0
1063,CASE_B,15.0,15.0,3.0
1064,CASE_B,15.0,15.0,3.0
1065,CASE_B,15.0,15.0,3.0
1066,CASE_B,15.0,15.0,3.0
1067,CASE_B,15.0,15.0,3.0
1068,CASE_B,15.0,15.0,3.0
1069,CASE_B,15.0,15.0,3.0
1070,CASE_B,15.0,15.0,3.0
1071,CASE_B,15.0,15.0,3.0
1072,CASE_B,15.0,15.0,3.0
1073,CASE_B,15.0,15.0,3.0
1074,CASE_B,15.0,15.0,3.0
1075,CASE_B,15.0,15.0,3.0
1076,CASE_B,15.0,15.0,3.0
1077,CASE_B,15.0,15.0,3.0
1078,CASE_B,15.0,15.0,3.0
1079,CASE_B,15.0,15.0,3.0
1080,CASE_B,15.0,15.0,3.0
1081,CASE_B,15.0,15.0,3.0
1082,CASE_B,15.0,15.0,3.0
1083,CASE_B,15.0,15.0,3.0
1084,CASE_B,15.0,15.0,3.0
1085,CASE_B,15.0,15.0,3.0
1086,CASE_B,15.0,15.0,3.0
1087,CASE_B,15.0,15.0,3.0
1088,CASE_B,15.0,15.0,3.0
1089,CASE_B,15.0,15.0,3.0
1090,CASE_B,15.0,15.0,3.0
1091,CASE_B,15.0,15.0,3.0
1092,CASE_B,15.0,15.0,3.0
1093,CASE_B,15.0,15.0,3.0
1094,CASE_B,15.0,15.0,3.0
1095,CASE_B,15.0,15.0,3.0
1096,CASE_B,15.0,15.0,3.0
1097,CASE_B,15.0,15.0,3.0
1098,CASE_B,15.0,15.0,3.0
1099,CASE_B,15.0,15.0,3.0
1100,CASE_B,15.0,15.0,3.0
1101,CASE_B,15.0,15.0,3.0
1102,CASE_B,15.0,15.0,3.0
1103,CASE_B,15.0,15.0,3.0
1104,CASE_B,15.0,15.0,3.0
1105,CASE_B,15.0,15.0,3.0
1106,CASE_B,15.0,15.0,3.0
1107,CASE_B,15.0,15.0,3.0
1108,CASE_B,15.0,15.0,3.0
1109,CASE_B,15.0,15.0,3.0
1110,CASE_B,15.0,15.0,3.0
1111,CASE_B,15.0,15.0,3.0
1112,CASE_B,15.0,15.0,3.0
1113,CASE_B,15.0,15.0,3.0
1114,CASE_B,15.0,15.0,3.0
1115,CASE_B,15.0,15.0,3.0
1116,CASE_B,15.0,15.0,3.0
1117,CASE_B,15.0,15.0,3.0
1118,CASE_B,15.0,15.0,3.0
1119,CASE_B,15.0,15.0,3.0
1120,CASE_B,15.0,15.0,3.0
1121,CASE_B,15.0,15.0,3.0
1122,CASE_B,15.0,15.0,3.0
1123,CASE_B,15.0,15.0,3.0
1124,CASE_B,15.0,15.0,3.0
1125,CASE_B,15.0,15.0,3.0
1126,CASE_B,15.0,15.0,3.0
1127,CASE_B,15.0,15.0,3.0
1128,CASE_B,15.0,15.0,3.0
1129,CASE_B,15.0,15.0,3.0
1130,CASE_B,15.0,15.0,3.0
1131,CASE_B,15.0,15.0,3.0
1132,CASE_B,15.0,15.0,3.0
1133,CASE_B,15.0,15.0,3.0
1134,CASE_B,15.0,15.0,3.0
1135,CASE_B,15.0,15.0,3.0
1136,CASE_B,15.0,15.0,3.0
1137,CASE_B,15.0,15.0,3.0
1138,CASE_B,15.0,15.0,3.0
1139,CASE_B,15.0,15.0,3.0
1140,CASE_B,15.0,15.0,3.0
1141,CASE_B,15.0,15.0,3.0
1142,CASE_B,15.0,15.0,3.0
1143,CASE_B,15.0,15.0,3.0
1144,CASE_B,15.0,15.0,3.0
1145,CASE_B,15.0,15.0,3.0
1146,CASE_B,15.0,15.0,3.0
1147,CASE_B,15.0,15.0,3.0
1148,CASE_B,15.0,15.0,3.0
1149,CASE_B,15.0,15.0,3.0
1150,CASE_B,15.0,15.0,3.0
1151,CASE_B,15.0,15.0,3.0
1152,CASE_B,15.0,15.0,3.0
1153,CASE_B,15.0,15.0,3.0
1154,CASE_B,15.0,15.0,3.0
1155,CASE_B,15.0,15.0,3.0
1156,CASE_B,15.0,15.0,3.0
1157,CASE_B,15.0,15.0,3.0
1158,CASE_B,15.0,15.0,3.0
1159,CASE_B,15.0,15.0,3.0
1160,CASE_B,15.0,15.0,3.0
1161,CASE_B,15.0,15.0,3.0
1162,CASE_B,15.0,15.0,3.0
1163,CASE_B,15.0,15.0,3.0
1164,CASE_B,15.0,15.0,3.0
1165,CASE_B,15.0,15.0,3.0
1166,CASE_B,15.0,15.0,3.0
1167,CASE_B,15.0,15.0,3.0
1168,CASE_B,15.0,15.0,3.0
1169,CASE_B,15.0,15.0,3.0
1170,CASE_B,15.0,15.0,3.0
1171,CASE_B,15.0,15.0,3.0
1172,CASE_B,15.0,15.0,3.0
1173,CASE_B,15.0,15.0,3.0
1174,CASE_B,15.0,15.0,3.0
1175,CASE_B,15.0,15.0,3.0
1176,CASE_B,15.0,15.0,3.0
1177,CASE_B,15.0,15.0,3.0
1178,CASE_B,15.0,15.0,3.0
1179,CASE_B,15.0,15.0,3.0
1180,CASE_B,15.0,15.0,3.0
1181,CASE_B,15.0,15.0,3.0
1182,CASE_B,15.0,15.0,3.0
1183,CASE_B,15.0,15.0,3.0
1184,CASE_B,15.0,15.0,3.0
1185,CASE_B,15.0,15.0,3.0
1186,CASE_B,15.0,15.0,3.0
1187,CASE_B,15.0,15.0,3.0
1188,CASE_B,15.0,15.0,3.0
1189,CASE_B,15.0,15.0,3.0
1190,CASE_B,15.0,15.0,3.0
1191,CASE_B,15.0,15.0,3.0
1192,CASE_B,15.0,15.0,3.0
1193,CASE_B,15.0,15.0,3.0
1194,CASE_B,15.0,15.0,3.0
1195,CASE_B,15.0,15.0,3.0
1196,CASE_B,15.0,15.0,3.0
1197,CASE_B,15.0,15.0,3.0
1198,CASE_B,15.0,15.0,3.0
1199,CASE_B,15.0,15.0,3.0
1200,CASE_B,15.0,15.0,3.0
1201,CASE_B,15.0,15.0,3.0
1202,CASE_B,15.0,15.0,3.0
1203,CASE_B,15.0,15.0,3.0
1204,CASE_B,15.0,15.0,3.0
1205,CASE_B,15.0,15.0,3.0
1206,CASE_B,15.0,15.0,3.0
1207,CASE_B,15.0,15.0,3.0
1208,CASE_B,15.0,15.0,3.0
1209,CASE_B,15.0,15.0,3.0
1210,CASE_B,15.0,15.0,3.0
1211,CASE_B,15.0,15.0,3.0
1212,CASE_B,15.0,15.0,3.0
1213,CASE_B,15.0,15.0,3.0
1214,CASE_B,15.0,15.0,3.0
1215,CASE_B,15.0,15.0,3.0
1216,CASE_B,15.0,15.0,3.0
1217,CASE_B,15.0,15.0,3.0
1218,CASE_B,15.0,15.0,3.0
1219,CASE_B,15.0,15.0,3.0
1220,CASE_B,15.0,15.0,3.0
1221,CASE_B,15.0,15.0,3.0
1222,CASE_B,15.0,15.0,3.0
1223,CASE_B,15.0,15.0,3.0
1224,CASE_B,15.0,15.0,3.0
1225,CASE_B,15.0,15.0,3.0
1226,CASE_B,15.0,15.0,3.0
1227,CASE_B,15.0,15.0,3.0
1228,CASE_B,15.0,15.0,3.0
1229,CASE_B,15.0,15.0,3.0
1230,CASE_B,15.0,15.0,3.0
1231,CASE_B,15.0,15.0,3.0
1232,CASE_B,15.0,15.0,3.0
1233,CASE_B,15.0,15.0,3.0
1234,CASE_B,15.0,15.0,3.0
1235,CASE_B,15.0,15.0,3.0
1236,CASE_B,15.0,15.0,3.0
1237,CASE_B,15.0,15.0,3.0
1238,CASE_B,15.0,15.0,3.0
1239,CASE_B,15.0,15.0,3.0
1240,CASE_B,15.0,15.0,3.0
1241,CASE_B,15.0,15.0,3.0
1242,CASE_B,15.0,15.0,3.0
1243,CASE_B,15.0,15.0,3.0
1244,CASE_B,15.0,15.0,3.0
1245,CASE_B,15.0,15.0,3.0
1246,CASE_B,15.0,15.0,3.0
1247,CASE_B,15.0,15.0,3.0
1248,CASE_B,15.0,15.0,3.0
1249,CASE_B,15.0,15.0,3.0
1250,CASE_B,15.0,15.0,3.0
1251,CASE_B,15.0,15.0,3.0
1252,CASE_B,15.0,15.0,3.0
1253,CASE_B,15.0,15.0,3.0
1254,CASE_B,15.0,15.0,3.0
1255,CASE_B,15.0,15.0,3.0
1256,CASE_B,15.0,15.0,3.0
1257,CASE_B,15.0,15.0,3.0
1258,CASE_B,15.0,15.0,3.0
1259,CASE_B,15.0,15.0,3.0
1260,CASE_B,15.0,15.0,3.0
1261,CASE_B,15.0,15.0,3.0
1262,CASE_B,15.0,15.0,3.0
1263,CASE_B,15.0,15.0,3.0
1264,CASE_B,15.0,15.0,3.0
1265,CASE_B,15.0,15.0,3.0
1266,CASE_B,15.0,15.0,3.0
1267,CASE_B,15.0,15.0,3.0
1268,CASE_B,15.0,15.0,3.0
1269,CASE_B,15.0,15.0,3.0
1270,CASE_B,15.0,15.0,3.0
1271,CASE_B,15.0,15.0,3.0
1272,CASE_B,15.0,15.0,3.0
1273,CASE_B,15.0,15.0,3.0
1274,CASE_B,15.0,15.0,3.0
1275,CASE_B,15.0,15.0,3.0
1276,CASE_B,15.0,15.0,3.0
1277,CASE_B,15.0,15.0,3.0
1278,CASE_B,15.0,15.0,3.0
1279,CASE_B,15.0,15.0,3.0
1280,CASE_B,15.0,15.0,3.0
1281,CASE_B,15.0,15.0,3.0
1282,CASE_B,15.0,15.0,3.0
1283,CASE_B,15.0,15.0,3.0
1284,CASE_B,15.0,15.0,3.0
1285,CASE_B,15.0,15.0,3.0
1286,CASE_B,15.0,15.0,3.0
1287,CASE_B,15.0,15.0,3.0
1288,CASE_B,15.0,15.0,3.0
1289,CASE_B,15.0,15.0,3.0
1290,CASE_B,15.0,15.0,3.0
1291,CASE_B,15.0,15.0,3.0
1292,CASE_B,15.0,15.0,3.0
1293,CASE_B,15.0,15.0,3.0
1294,CASE_B,15.0,15.0,3.0
1295,CASE_B,15.0,15.0,3.0
1296,CASE_B,15.0,15.0,3.0
1297,CASE_B,15.0,15.0,3.0
1298,CASE_B,15.0,15.0,3.0
1299,CASE_B,15.0,15.0,3.0
1300,CASE_B,15.0,15.0,3.0
1301,CASE_B,15.0,15.0,3.0
1302,CASE_B,15.0,15.0,3.0
1303,CASE_B,15.0,15.0,3.0
1304,CASE_B,15.0,15.0,3.0
1305,CASE_B,15.0,15.0,3.0
1306,CASE_B,15.0,15.0,3.0
1307,CASE_B,15.0,15.0,3.0
1308,CASE_B,15.0,15.0,3.0
1309,CASE_B,15.0,15.0,3.0
1310,CASE_B,15.0,15.0,3.0
1311,CASE_B,15.0,15.0,3.0
1312,CASE_B,15.0,15.0,3.0
1313,CASE_B,15.0,15.0,3.0
1314,CASE_B,15.0,15.0,3.0
1315,CASE_B,15.0,15.0,3.0
1316,CASE_B,15.0,15.0,3.0
1317,CASE_B,15.0,15.0,3.0
1318,CASE_B,15.0,15.0,3.0
1319,CASE_B,15.0,15.0,3.0
1320,CASE_B,15.0,15.0,3.0
1321,CASE_B,15.0,15.0,3.0
1322,CASE_B,15.0,15.0,3.0
1323,CASE_B,15.0,15.0,3.0
1324,CASE_B,15.0,15.0,3.0
1325,CASE_B,15.0,15.0,3.0
1326,CASE_B,15.0,15.0,3.0
1327,CASE_B,15.0,15.0,3.0
1328,CASE_B,15.0,15.0,3.0
1329,CASE_B,15.0,15.0,3.0
1330,CASE_B,15.0,15.0,3.0
1331,CASE_B,15.0,15.0,3.0
1332,CASE_B,15.0,15.0,3.0
1333,CASE_B,15.0,15.0,3.0
1334,CASE_B,15.0,15.0,3.0
1335,CASE_B,15.0,15.0,3.0
1336,CASE_B,15.0,15.0,3.0
1337,CASE_B,15.0,15.0,3.0
1338,CASE_B,15.0,15.0,3.0
1339,CASE_B,15.0,15.0,3.0
1340,CASE_B,15.0,15.0,3.0
1341,CASE_B,15.0,15.0,3.0
1342,CASE_B,15.0,15.0,3.0
1343,CASE_B,15.0,15.0,3.0
1344,CASE_B,15.0,15.0,3.0
1345,CASE_B,15.0,15.0,3.0
1346,CASE_B,15.0,15.0,3.0
1347,CASE_B,15.0,15.0,3.0
1348,CASE_B,15.0,15.0,3.0
1349,CASE_B,15.0,15.0,3.0
1350,CASE_B,15.0,15.0,3.0
1351,CASE_B,15.0,15.0,3.0
1352,CASE_B,15.0,15.0,3.0
1353,CASE_B,15.0,15.0,3.0
1354,CASE_B,15.0,15.0,3.0
1355,CASE_B,15.0,15.0,3.0
1356,CASE_B,15.0,15.0,3.0
1357,CASE_B,15.0,15.0,3.0
1358,CASE_B,15.0,15.0,3.0
1359,CASE_B,15.0,15.0,3.0
1360,CASE_B,15.0,15.0,3.0
1361,CASE_B,15.0,15.0,3.0
1362,CASE_B,15.0,15.0,3.0
1363,CASE_B,15.0,15.0,3.0
1364,CASE_B,15.0,15.0,3.0
1365,CASE_B,15.0,15.0,3.0
1366,CASE_B,15.0,15.0,3.0
1367,CASE_B,15.0,15.0,3.0
1368,CASE_B,15.0,15.0,3.0
1369,CASE_B,15.0,15.0,3.0
1370,CASE_B,15.0,15.0,3.0
1371,CASE_B,15.0,15.0,3.0
1372,CASE_B,15.0,15.0,3.0
1373,CASE_B,15.0,15.0,3.0
1374,CASE_B,15.0,15.0,3.0
1375,CASE_B,15.0,15.0,3.0
1376,CASE_B,15.0,15.0,3.0
1377,CASE_B,15.0,15.0,3.0
1378,CASE_B,15.0,15.0,3.0
1379,CASE_B,15.0,15.0,3.0
1380,CASE_B,15.0,15.0,3.0
1381,CASE_B,15.0,15.0,3.0
1382,CASE_B,15.0,15.0,3.0
1383,CASE_B,15.0,15.0,3.0
1384,CASE_B,15.0,15.0,3.0
1385,CASE_B,15.0,15.0,3.0
1386,CASE_B,15.0,15.0,3.0
1387,CASE_B,15.0,15.0,3.0
1388,CASE_B,15.0,15.0,3.0
1389,CASE_B,15.0,15.0,3.0
1390,CASE_B,15.0,15.0,3.0
1391,CASE_B,15.0,15.0,3.0
1392,CASE_B,15.0,15.0,3.0
1393,CASE_B,15.0,15.0,3.0
1394,CASE_B,15.0,15.0,3.0
1395,CASE_B,15.0,15.0,3.0
1396,CASE_B,15.0,15.0,3.0
1397,CASE_B,15.0,15.0,3.0
1398,CASE_B,15.0,15.0,3.0
1399,CASE_B,15.0,15.0,3.0
1400,CASE_B,15.0,15.0,3.0
1401,CASE_B,15.0,15.0,3.0
1402,CASE_B,15.0,15.0,3.0
1403,CASE_B,15.0,15.0,3.0
1404,CASE_B,15.0,15.0,3.0
1405,CASE_B,15.0,15.0,3.0
1406,CASE_B,15.0,15.0,3.0
1407,CASE_B,15.0,15.0,3.0
1408,CASE_B,15.0,15.0,3.0
1409,CASE_B,15.0,15.0,3.0
1410,CASE_B,15.0,15.0,3.0
1411,CASE_B,15.0,15.0,3.0
1412,CASE_B,15.0,15.0,3.0
1413,CASE_B,15.0,15.0,3.0
1414,CASE_B,15.0,15.0,3.0
1415,CASE_B,15.0,15.0,3.0
1416,CASE_B,15.0,15.0,3.0
1417,CASE_B,15.0,15.0,3.0
1418,CASE_B,15.0,15.0,3.0
1419,CASE_B,15.0,15.0,3.0
1420,CASE_B,15.0,15.0,3.0
1421,CASE_B,15.0,15.0,3.0
1422,CASE_B,15.0,15.0,3.0
1423,CASE_B,15.0,15.0,3.0
1424,CASE_B,15.0,15.0,3.0
1425,CASE_B,15.0,15.0,3.0
1426,CASE_B,15.0,15.0,3.0
1427,CASE_B,15.0,15.0,3.0
1428,CASE_B,15.0,15.0,3.0
1429,CASE_B,15.0,15.0,3.0
1430,CASE_B,15.0,15.0,3.0
1431,CASE_B,15.0,15.0,3.0
1432,CASE_B,15.0,15.0,3.0
1433,CASE_B,15.0,15.0,3.0
1434,CASE_B,15.0,15.0,3.0
1435,CASE_B,15.0,15.0,3.0
1436,CASE_B,15.0,15.0,3.0
1437,CASE_B,15.0,15.0,3.0
1438,CASE_B,15.0,15.0,3.0
1439,CASE_B,15.0,15.0,3.0
1440,CASE_B,15.0,15.0,3.0
1441,CASE_B,15.0,15.0,3.0
1442,CASE_B,15.0,15.0,3.0
1443,CASE_B,15.0,15.0,3.0
1444,CASE_B,15.0,15.0,3.0
1445,CASE_B,15.0,15.0,3.0
1446,CASE_B,15.0,15.0,3.0
1447,CASE_B,15.0,15.0,3.0
1448,CASE_B,15.0,15.0,3.0
1449,CASE_B,15.0,15.0,3.0
1450,CASE_B,15.0,15.0,3.0
1451,CASE_B,15.0,15.0,3.0
1452,CASE_B,15.0,15.0,3.0
1453,CASE_B,15.0,15.0,3.0
1454,CASE_B,15.0,15.0,3.0
1455,CASE_B,15.0,15.0,3.0
1456,CASE_B,15.0,15.0,3.0
1457,CASE_B,15.0,15.0,3.0
1458,CASE_B,15.0,15.0,3.0
1459,CASE_B,15.0,15.0,3.0
1460,CASE_B,15.0,15.0,3.0
1461,CASE_B,15.0,15.0,3.0
1462,CASE_B,15.0,15.0,3.0
1463,CASE_B,15.0,15.0,3.0
1464,CASE_B,15.0,15.0,3.0
1465,CASE_B,15.0,15.0,3.0
1466,CASE_B,15.0,15.0,3.0
1467,CASE_B,15.0,15.0,3.0
1468,CASE_B,15.0,15.0,3.0
1469,CASE_B,15.0,15.0,3.0
1470,CASE_B,15.0,15.0,3.0
1471,CASE_B,15.0,15.0,3.0
1472,CASE_B,15.0,15.0,3.0
1473,CASE_B,15.0,15.0,3.0
1474,CASE_B,15.0,15.0,3.0
1475,CASE_B,15.0,15.0,3.0
1476,CASE_B,15.0,15.0,3.0
1477,CASE_B,15.0,15.0,3.0
1478,CASE_B,15.0,15.0,3.0
1479,CASE_B,15.0,15.0,3.0
1480,CASE_B,15.0,15.0,3.0
1481,CASE_B,15.0,15.0,3.0
1482,CASE_B,15.0,15.0,3.0
1483,CASE_B,15.0,15.0,3.0
1484,CASE_B,15.0,15.0,3.0
1485,CASE_B,15.0,15.0,3.0
1486,CASE_B,15.0,15.0,3.0
1487,CASE_B,15.0,15.0,3.0
1488,CASE_B,15.0,15.0,3.0
1489,CASE_B,15.0,15.0,3.0
1490,CASE_B,15.0,15.0,3.0
1491,CASE_B,15.0,15.0,3.0
1492,CASE_B,15.0,15.0,3.0
1493,CASE_B,15.0,15.0,3.0
1494,CASE_B,15.0,15.0,3.0
1495,CASE_B,15.0,15.0,3.0
1496,CASE_B,15.0,15.0,3.0
1497,CASE_B,15.0,15.0,3.0
1498,CASE_B,15.0,15.0,3.0
1499,CASE_B,15.0,15.0,3.0
1500,CASE_B,15.0,15.0,3.0
1501,CASE_B,15.0,15.0,3.0
1502,CASE_B,15.0,15.0,3.0
1503,CASE_B,15.0,15.0,3.0
1504,CASE_B,15.0,15.0,3.0
1505,CASE_B,15.0,15.0,3.0
1506,CASE_B,15.0,15.0,3.0
1507,CASE_B,15.0,15.0,3.0
1508,CASE_B,15.0,15.0,3.0
1509,CASE_B,15.0,15.0,3.0
1510,CASE_B,15.0,15.0,3.0
1511,CASE_B,15.0,15.0,3.0
1512,CASE_B,15.0,15.0,3.0
1513,CASE_B,15.0,15.0,3.0
1514,CASE_B,15.0,15.0,3.0
1515,CASE_B,15.0,15.0,3.0
1516,CASE_B,15.0,15.0,3.0
1517,CASE_B,15.0,15.0,3.0
1518,CASE_B,15.0,15.0,3.0
1519,CASE_B,15.0,15.0,3.0
1520,CASE_B,15.0,15.0,3.0
1521,CASE_B,15.0,15.0,3.0
1522,CASE_B,15.0,15.0,3.0
1523,CASE_B,15.0,15.0,3.0
1524,CASE_B,15.0,15.0,3.0
1525,CASE_B,15.0,15.0,3.0
1526,CASE_B,15.0,15.0,3.0
1527,CASE_B,15.0,15.0,3.0
1528,CASE_B,15.0,15.0,3.0
1529,CASE_B,15.0,15.0,3.0
1530,CASE_B,15.0,15.0,3.0
1531,CASE_B,15.0,15.0,3.0
1532,CASE_B,15.0,15.0,3.0
1533,CASE_B,15.0,15.0,3.0
1534,CASE_B,15.0,15.0,3.0
1535,CASE_B,15.0,15.0,3.0
1536,CASE_B,15.0,15.0,3.0
1537,CASE_B,15.0,15.0,3.0
1538,CASE_B,15.0,15.0,3.0
1539,CASE_B,15.0,15.0,3.0
1540,CASE_B,15.0,15.0,3.0
1541,CASE_B,15.0,15.0,3.0
1542,CASE_B,15.0,15.0,3.0
1543,CASE_B,15.0,15.0,3.0
1544,CASE_B,15.0,15.0,3.0
1545,CASE_B,15.0,15.0,3.0
1546,CASE_B,15.0,15.0,3.0
1547,CASE_B,15.0,15.0,3.0
1548,CASE_B,15.0,15.0,3.0
1549,CASE_B,15.0,15.0,3.0
1550,CASE_B,15.0,15.0,3.0
1551,CASE_B,15.0,15.0,3.0
1552,CASE_B,15.0,15.0,3.0
1553,CASE_B,15.0,15.0,3.0
1554,CASE_B,15.0,15.0,3.0
1555,CASE_B,15.0,15.0,3.0
1556,CASE_B,15.0,15.0,3.0
1557,CASE_B,15.0,15.0,3.0
1558,CASE_B,15.0,15.0,3.0
1559,CASE_B,15.0,15.0,3.0
1560,CASE_B,15.0,15.0,3.0
1561,CASE_B,15.0,15.0,3.0
1562,CASE_B,15.0,15.0,3.0
1563,CASE_B,15.0,15.0,3.0
1564,CASE_B,15.0,15.0,3.0
1565,CASE_B,15.0,15.0,3.0
1566,CASE_B,15.0,15.0,3.0
1567,CASE_B,15.0,15.0,3.0
1568,CASE_B,15.0,15.0,3.0
1569,CASE_B,15.0,15.0,3.0
1570,CASE_B,15.0,15.0,3.0
1571,CASE_B,15.0,15.0,3.0
1572,CASE_B,15.0,15.0,3.0
1573,CASE_B,15.0,15.0,3.0
1574,CASE_B,15.0,15.0,3.0
1575,CASE_B,15.0,15.0,3.0
1576,CASE_B,15.0,15.0,3.0
1577,CASE_B,15.0,15.0,3.0
1578,CASE_B,15.0,15.0,3.0
1579,CASE_B,15.0,15.0,3.0
1580,CASE_B,15.0,15.0,3.0
1581,CASE_B,15.0,15.0,3.0
1582,CASE_B,15.0,15.0,3.0
1583,CASE_B,15.0,15.0,3.0
1584,CASE_B,15.0,15.0,3.0
1585,CASE_B,15.0,15.0,3.0
1586,CASE_B,15.0,15.0,3.0
1587,CASE_B,15.0,15.0,3.0
1588,CASE_B,15.0,15.0,3.0
1589,CASE_B,15.0,15.0,3.0
1590,CASE_B,15.0,15.0,3.0
1591,CASE_B,15.0,15.0,3.0
1592,CASE_B,15.0,15.0,3.0
1593,CASE_B,15.0,15.0,3.0
1594,CASE_B,15.0,15.0,3.0
1595,CASE_B,15.0,15.0,3.0
1596,CASE_B,15.0,15.0,3.0
1597,CASE_B,15.0,15.0,3.0
1598,CASE_B,15.0,15.0,3.0
1599,CASE_B,15.0,15.0,3.0
1600,CASE_B,15.0,15.0,3.0
1601,CASE_B,15.0,15.0,3.0
1602,CASE_B,15.0,15.0,3.0
1603,CASE_B,15.0,15.0,3.0
1604,CASE_B,15.0,15.0,3.0
1605,CASE_B,15.0,15.0,3.0
1606,CASE_B,15.0,15.0,3.0
1607,CASE_B,15.0,15.0,3.0
1608,CASE_B,15.0,15.0,3.0
1609,CASE_B,15.0,15.0,3.0
1610,CASE_B,15.0,15.0,3.0
1611,CASE_B,15.0,15.0,3.0
1612,CASE_B,15.0,15.0,3.0
1613,CASE_B,15.0,15.0,3.0
1614,CASE_B,15.0,15.0,3.0
1615,CASE_B,15.0,15.0,3.0
1616,CASE_B,15.0,15.0,3.0
1617,CASE_B,15.0,15.0,3.0
1618,CASE_B,15.0,15.0,3.0
1619,CASE_B,15.0,15.0,3.0
1620,CASE_B,15.0,15.0,3.0
1621,CASE_B,15.0,15.0,3.0
1622,CASE_B,15.0,15.0,3.0
1623,CASE_B,15.0,15.0,3.0
1624,CASE_B,15.0,15.0,3.0
1625,CASE_B,15.0,15.0,3.0
1626,CASE_B,15.0,15.0,3.0
1627,CASE_B,15.0,15.0,3.0
1628,CASE_B,15.0,15.0,3.0
1629,CASE_B,15.0,15.0,3.0
1630,CASE_B,15.0,15.0,3.0
1631,CASE_B,15.0,15.0,3.0
1632,CASE_B,15.0,15.0,3.0
1633,CASE_B,15.0,15.0,3.0
1634,CASE_B,15.0,15.0,3.0
1635,CASE_B,15.0,15.0,3.0
1636,CASE_B,15.0,15.0,3.0
1637,CASE_B,15.0,15.0,3.0
1638,CASE_B,15.0,15.0,3.0
1639,CASE_B,15.0,15.0,3.0
1640,CASE_B,15.0,15.0,3.0
1641,CASE_B,15.0,15.0,3.0
1642,CASE_B,15.0,15.0,3.0
1643,CASE_B,15.0,15.0,3.0
1644,CASE_B,15.0,15.0,3.0
1645,CASE_B,15.0,15.0,3.0
1646,CASE_B,15.0,15.0,3.0
1647,CASE_B,15.0,15.0,3.0
1648,CASE_B,15.0,15.0,3.0
1649,CASE_B,15.0,15.0,3.0
1650,CASE_B,15.0,15.0,3.0
1651,CASE_B,15.0,15.0,3.0
1652,CASE_B,15.0,15.0,3.0
1653,CASE_B,15.0,15.0,3.0
1654,CASE_B,15.0,15.0,3.0
1655,CASE_B,15.0,15.0,3.0
1656,CASE_B,15.0,15.0,3.0
1657,CASE_B,15.0,15.0,3.0
1658,CASE_B,15.0,15.0,3.0
1659,CASE_B,15.0,15.0,3.0
1660,CASE_B,15.0,15.0,3.0
1661,CASE_B,15.0,15.0,3.0
1662,CASE_B,15.0,15.0,3.0
1663,CASE_B,15.0,15.0,3.0
1664,CASE_B,15.0,15.0,3.0
1665,CASE_B,15.0,15.0,3.0
1666,CASE_B,15.0,15.0,3.0
1667,CASE_B,15.0,15.0,3.0
1668,CASE_B,15.0,15.0,3.0
1669,CASE_B,15.0,15.0,3.0
1670,CASE_B,15.0,15.0,3.0
1671,CASE_B,15.0,15.0,3.0
1672,CASE_B,15.0,15.0,3.0
1673,CASE_B,15.0,15.0,3.0
1674,CASE_B,15.0,15.0,3.0
1675,CASE_B,15.0,15.0,3.0
1676,CASE_B,15.0,15.0,3.0
1677,CASE_B,15.0,15.0,3.0
1678,CASE_B,15.0,15.0,3.0
1679,CASE_B,15.0,15.0,3.0
1680,CASE_B,15.0,15.0,3.0
1681,CASE_B,15.0,15.0,3.0
1682,CASE_B,15.0,15.0,3.0
1683,CASE_B,15.0,15.0,3.0
1684,CASE_B,15.0,15.0,3.0
1685,CASE_B,15.0,15.0,3.0
1686,CASE_B,15.0,15.0,3.0
1687,CASE_B,15.0,15.0,3.0
1688,CASE_B,15.0,15.0,3.0
1689,CASE_B,15.0,15.0,3.0
1690,CASE_B,15.0,15.0,3.0
1691,CASE_B,15.0,15.0,3.0
1692,CASE_B,15.0,15.0,3.0
1693,CASE_B,15.0,15.0,3.0
1694,CASE_B,15.0,15.0,3.0
1695,CASE_B,15.0,15.0,3.0
1696,CASE_B,15.0,15.0,3.0
1697,CASE_B,15.0,15.0,3.0
1698,CASE_B,15.0,15.0,3.0
1699,CASE_B,15.0,15.0,3.0
1700,CASE_B,15.0,15.0,3.0
1701,CASE_B,15.0,15.0,3.0
1702,CASE_B,15.0,15.0,3.0
1703,CASE_B,15.0,15.0,3.0
1704,CASE_B,15.0,15.0,3.0
1705,CASE_B,15.0,15.0,3.0
1706,CASE_B,15.0,15.0,3.0
1707,CASE_B,15.0,15.0,3.0
1708,CASE_B,15.0,15.0,3.0
1709,CASE_B,15.0,15.0,3.0
1710,CASE_B,15.0,15.0,3.0
1711,CASE_B,15.0,15.0,3.0
1712,CASE_B,15.0,15.0,3.0
1713,CASE_B,15.0,15.0,3.0
1714,CASE_B,15.0,15.0,3.0
1715,CASE_B,15.0,15.0,3.0
1716,CASE_B,15.0,15.0,3.0
1717,CASE_B,15.0,15.0,3.0
1718,CASE_B,15.0,15.0,3.0
1719,CASE_B,15.0,15.0,3.0
1720,CASE_B,15.0,15.0,3.0
1721,CASE_B,15.0,15.0,3.0
1722,CASE_B,15.0,15.0,3.0
1723,CASE_B,15.0,15.0,3.0
1724,CASE_B,15.0,15.0,3.0
1725,CASE_B,15.0,15.0,3.0
1726,CASE_B,15.0,15.0,3.0
1727,CASE_B,15.0,15.0,3.0
1728,CASE_B,15.0,15.0,3.0
1729,CASE_B,15.0,15.0,3.0
1730,CASE_B,15.0,15.0,3.0
1731,CASE_B,15.0,15.0,3.0
1732,CASE_B,15.0,15.0,3.0
1733,CASE_B,15.0,15.0,3.0
1734,CASE_B,15.0,15.0,3.0
1735,CASE_B,15.0,15.0,3.0
1736,CASE_B,15.0,15.0,3.0
1737,CASE_B,15.0,15.0,3.0
1738,CASE_B,15.0,15.0,3.0
1739,CASE_B,15.0,15.0,3.0
1740,CASE_B,15.0,15.0,3.0
1741,CASE_B,15.0,15.0,3.0
1742,CASE_B,15.0,15.0,3.0
1743,CASE_B,15.0,15.0,3.0
1744,CASE_B,15.0,15.0,3.0
1745,CASE_B,15.0,15.0,3.0
1746,CASE_B,15.0,15.0,3.0
1747,CASE_B,15.0,15.0,3.0
1748,CASE_B,15.0,15.0,3.0
1749,CASE_B,15.0,15.0,3.0
1750,CASE_B,15.0,15.0,3.0
1751,CASE_B,15.0,15.0,3.0
1752,CASE_B,15.0,15.0,3.0
1753,CASE_B,15.0,15.0,3.0
1754,CASE_B,15.0,15.0,3.0
1755,CASE_B,15.0,15.0,3.0
1756,CASE_B,15.0,15.0,3.0
1757,CASE_B,15.0,15.0,3.0
1758,CASE_B,15.0,15.0,3.0
1759,CASE_B,15.0,15.0,3.0
1760,CASE_B,15.0,15.0,3.0
1761,CASE_B,15.0,15.0,3.0
1762,CASE_B,15.0,15.0,3.0
1763,CASE_B,15.0,15.0,3.0
1764,CASE_B,15.0,15.0,3.0
1765,CASE_B,15.0,15.0,3.0
1766,CASE_B,15.0,15.0,3.0
1767,CASE_B,15.0,15.0,3.0
1768,CASE_B,15.0,15.0,3.0
1769,CASE_B,15.0,15.0,3.0
1770,CASE_B,15.0,15.0,3.0
1771,CASE_B,15.0,15.0,3.0
1772,CASE_B,15.0,15.0,3.0
1773,CASE_B,15.0,15.0,3.0
1774,CASE_B,15.0,15.0,3.0
1775,CASE_B,15.0,15.0,3.0
1776,CASE_B,15.0,15.0,3.0
1777,CASE_B,15.0,15.0,3.0
1778,CASE_B,15.0,15.0,3.0
1779,CASE_B,15.0,15.0,3.0
1780,CASE_B,15.0,15.0,3.0
1781,CASE_B,15.0,15.0,3.0
1782,CASE_B,15.0,15.0,3.0
1783,CASE_B,15.0,15.0,3.0
1784,CASE_B,15.0,15.0,3.0
1785,CASE_B,15.0,15.0,3.0
1786,CASE_B,15.0,15.0,3.0
1787,CASE_B,15.0,15.0,3.0
1788,CASE_B,15.0,15.0,3.0
1789,CASE_B,15.0,15.0,3.0
1790,CASE_B,15.0,15.0,3.0
1791,CASE_B,15.0,15.0,3.0
1792,CASE_B,15.0,15.0,3.0
1793,CASE_B,15.0,15.0,3.0
1794,CASE_B,15.0,15.0,3.0
1795,CASE_B,15.0,15.0,3.0
1796,CASE_B,15.0,15.0,3.0
1797,CASE_B,15.0,15.0,3.0
1798,CASE_B,15.0,15.0,3.0
1799,CASE_B,15.0,15.0,3.0
1800,CASE_B,15.0,15.0,3.0
1801,CASE_B,15.0,15.0,3.0
1802,CASE_B,15.0,15.0,3.0
1803,CASE_B,15.0,15.0,3.0
1804,CASE_B,15.0,15.0,3.0
1805,CASE_B,15.0,15.0,3.0
1806,CASE_B,15.0,15.0,3.0
1807,CASE_B,15.0,15.0,3.0
1808,CASE_B,15.0,15.0,3.0
1809,CASE_B,15.0,15.0,3.0
1810,CASE_B,15.0,15.0,3.0
1811,CASE_B,15.0,15.0,3.0
1812,CASE_B,15.0,15.0,3.0
1813,CASE_B,15.0,15.0,3.0
1814,CASE_B,15.0,15.0,3.0
1815,CASE_B,15.0,15.0,3.0
1816,CASE_B,15.0,15.0,3.0
1817,CASE_B,15.0,15.0,3.0
1818,CASE_B,15.0,15.0,3.0
1819,CASE_B,15.0,15.0,3.0
1820,CASE_B,15.0,15.0,3.0
1821,CASE_B,15.0,15.0,3.0
1822,CASE_B,15.0,15.0,3.0
1823,CASE_B,15.0,15.0,3.0
1824,CASE_B,15.0,15.0,3.0
1825,CASE_B,15.0,15.0,3.0
1826,CASE_B,15.0,15.0,3.0
1827,CASE_B,15.0,15.0,3.0
1828,CASE_B,15.0,15.0,3.0
1829,CASE_B,15.0,15.0,3.0
1830,CASE_B,15.0,15.0,3.0
1831,CASE_B,15.0,15.0,3.0
1832,CASE_B,15.0,15.0,3.0
1833,CASE_B,15.0,15.0,3.0
1834,CASE_B,15.0,15.0,3.0
1835,CASE_B,15.0,15.0,3.0
1836,CASE_B,15.0,15.0,3.0
1837,CASE_B,15.0,15.0,3.0
1838,CASE_B,15.0,15.0,3.0
1839,CASE_B,15.0,15.0,3.0
1840,CASE_B,15.0,15.0,3.0
1841,CASE_B,15.0,15.0,3.0
1842,CASE_B,15.0,15.0,3.0
1843,CASE_B,15.0,15.0,3.0
1844,CASE_B,15.0,15.0,3.0
1845,CASE_B,15.0,15.0,3.0
1846,CASE_B,15.0,15.0,3.0
1847,CASE_B,15.0,15.0,3.0
1848,CASE_B,15.0,15.0,3.0
1849,CASE_B,15.0,15.0,3.0
1850,CASE_B,15.0,15.0,3.0
1851,CASE_B,15.0,15.0,3.0
1852,CASE_B,15.0,15.0,3.0
1853,CASE_B,15.0,15.0,3.0
1854,CASE_B,15.0,15.0,3.0
1855,CASE_B,15.0,15.0,3.0
1856,CASE_B,15.0,15.0,3.0
1857,CASE_B,15.0,15.0,3.0
1858,CASE_B,15.0,15.0,3.0
1859,CASE_B,15.0,15.0,3.0
1860,CASE_B,15.0,15.0,3.0
1861,CASE_B,15.0,15.0,3.0
1862,CASE_B,15.0,15.0,3.0
1863,CASE_B,15.0,15.0,3.0
1864,CASE_B,15.0,15.0,3.0
1865,CASE_B,15.0,15.0,3.0
1866,CASE_B,15.0,15.0,3.0
1867,CASE_B,15.0,15.0,3.0
1868,CASE_B,15.0,15.0,3.0
1869,CASE_B,15.0,15.0,3.0
1870,CASE_B,15.0,15.0,3.0
1871,CASE_B,15.0,15.0,3.0
1872,CASE_B,15.0,15.0,3.0
1873,CASE_B,15.0,15.0,3.0
1874,CASE_B,15.0,15.0,3.0
1875,CASE_B,15.0,15.0,3.0
1876,CASE_B,15.0,15.0,3.0
1877,CASE_B,15.0,15.0,3.0
1878,CASE_B,15.0,15.0,3.0
1879,CASE_B,15.0,15.0,3.0
1880,CASE_B,15.0,15.0,3.0
1881,CASE_B,15.0,15.0,3.0
1882,CASE_B,15.0,15.0,3.0
1883,CASE_B,15.0,15.0,3.0
1884,CASE_B,15.0,15.0,3.0
1885,CASE_B,15.0,15.0,3.0
1886,CASE_B,15.0,15.0,3.0
1887,CASE_B,15.0,15.0,3.0
1888,CASE_B,15.0,15.0,3.0
1889,CASE_B,15.0,15.0,3.0
1890,CASE_B,15.0,15.0,3.0
1891,CASE_B,15.0,15.0,3.0
1892,CASE_B,15.0,15.0,3.0
1893,CASE_B,15.0,15.0,3.0
1894,CASE_B,15.0,15.0,3.0
1895,CASE_B,15.0,15.0,3.0
1896,CASE_B,15.0,15.0,3.0
1897,CASE_B,15.0,15.0,3.0
1898,CASE_B,15.0,15.0,3.0
1899,CASE_B,15.0,15.0,3.0
1900,CASE_B,15.0,15.0,3.0
1901,CASE_B,15.0,15.0,3.0
1902,CASE_B,15.0,15.0,3.0
1903,CASE_B,15.0,15.0,3.0
1904,CASE_B,15.0,15.0,3.0
1905,CASE_B,15.0,15.0,3.0
1906,CASE_B,15.0,15.0,3.0
1907,CASE_B,15.0,15.0,3.0
1908,CASE_B,15.0,15.0,3.0
1909,CASE_B,15.0,15.0,3.0
1910,CASE_B,15.0,15.0,3.0
1911,CASE_B,15.0,15.0,3.0
1912,CASE_B,15.0,15.0,3.0
1913,CASE_B,15.0,15.0,3.0
1914,CASE_B,15.0,15.0,3.0
1915,CASE_B,15.0,15.0,3.0
1916,CASE_B,15.0,15.0,3.0
1917,CASE_B,15.0,15.0,3.0
1918,CASE_B,15.0,15.0,3.0
1919,CASE_B,15.0,15.0,3.0
1920,CASE_B,15.0,15.0,3.0
1921,CASE_B,15.0,15.0,3.0
1922,CASE_B,15.0,15.0,3.0
1923,CASE_B,15.0,15.0,3.0
1924,CASE_B,15.0,15.0,3.0
1925,CASE_B,15.0,15.0,3.0
1926,CASE_B,15.0,15.0,3.0
1927,CASE_B,15.0,15.0,3.0
1928,CASE_B,15.0,15.0,3.0
1929,CASE_B,15.0,15.0,3.0
1930,CASE_B,15.0,15.0,3.0
1931,CASE_B,15.0,15.0,3.0
1932,CASE_B,15.0,15.0,3.0
1933,CASE_B,15.0,15.0,3.0
1934,CASE_B,15.0,15.0,3.0
1935,CASE_B,15.0,15.0,3.0
1936,CASE_B,15.0,15.0,3.0
1937,CASE_B,15.0,15.0,3.0
1938,CASE_B,15.0,15.0,3.0
1939,CASE_B,15.0,15.0,3.0
1940,CASE_B,15.0,15.0,3.0
1941,CASE_B,15.0,15.0,3.0
1942,CASE_B,15.0,15.0,3.0
1943,CASE_B,15.0,15.0,3.0
1944,CASE_B,15.0,15.0,3.0
1945,CASE_B,15.0,15.0,3.0
1946,CASE_B,15.0,15.0,3.0
1947,CASE_B,15.0,15.0,3.0
1948,CASE_B,15.0,15.0,3.0
1949,CASE_B,15.0,15.0,3.0
1950,CASE_B,15.0,15.0,3.0
1951,CASE_B,15.0,15.0,3.0
1952,CASE_B,15.0,15.0,3.0
1953,CASE_B,15.0,15.0,3.0
1954,CASE_B,15.0,15.0,3.0
1955,CASE_B,15.0,15.0,3.0
1956,CASE_B,15.0,15.0,3.0
1957,CASE_B,15.0,15.0,3.0
1958,CASE_B,15.0,15.0,3.0
1959,CASE_B,15.0,15.0,3.0
1960,CASE_B,15.0,15.0,3.0
1961,CASE_B,15.0,15.0,3.0
1962,CASE_B,15.0,15.0,3.0
1963,CASE_B,15.0,15.0,3.0
1964,CASE_B,15.0,15.0,3.0
1965,CASE_B,15.0,15.0,3.0
1966,CASE_B,15.0,15.0,3.0
1967,CASE_B,15.0,15.0,3.0
1968,CASE_B,15.0,15.0,3.0
1969,CASE_B,15.0,15.0,3.0
1970,CASE_B,15.0,15.0,3.0
1971,CASE_B,15.0,15.0,3.0
1972,CASE_B,15.0,15.0,3.0
1973,CASE_B,15.0,15.0,3.0
1974,CASE_B,15.0,15.0,3.0
1975,CASE_B,15.0,15.0,3.0
1976,CASE_B,15.0,15.0,3.0
1977,CASE_B,15.0,15.0,3.0
1978,CASE_B,15.0,15.0,3.0
1979,CASE_B,15.0,15.0,3.0
1980,CASE_B,15.0,15.0,3.0
1981,CASE_B,15.0,15.0,3.0
1982,CASE_B,15.0,15.0,3.0
1983,CASE_B,15.0,15.0,3.0
1984,CASE_B,15.0,15.0,3.0
1985,CASE_B,15.0,15.0,3.0
1986,CASE_B,15.0,15.0,3.0
1987,CASE_B,15.0,15.0,3.0
1988,CASE_B,15.0,15.0,3.0
1989,CASE_B,15.0,15.0,3.0
1990,CASE_B,15.0,15.0,3.0
1991,CASE_B,15.0,15.0,3.0
1992,CASE_B,15.0,15.0,3.0
1993,CASE_B,15.0,15.0,3.0
1994,CASE_B,15.0,15.0,3.0
1995,CASE_B,15.0,15.0,3.0
1996,CASE_B,15.0,15.0,3.0
1997,CASE_B,15.0,15.0,3.0
1998,CASE_B,15.0,15.0,3.0
1999,CASE_B,15.0,15.0,3.0
2000,CASE_B,15.0,15.0,3.0
2001,CASE_B,15.0,15.0,3.0
2002,CASE_B,15.0,15.0,3.0
2003,CASE_B,15.0,15.0,3.0
2004,CASE_B,15.0,15.0,3.0
2005,CASE_B,15.0,15.0,3.0
2006,CASE_B,15.0,15.0,3.0
2007,CASE_B,15.0,15.0,3.0
2008,CASE_B,15.0,15.0,3.0
2009,CASE_B,15.0,15.0,3.0
2010,CASE_B,15.0,15.0,3.0
2011,CASE_B,15.0,15.0,3.0
2012,CASE_B,15.0,15.0,3.0
2013,CASE_B,15.0,15.0,3.0
2014,CASE_B,15.0,15.0,3.0
2015,CASE_B,15.0,15.0,3.0
2016,CASE_B,15.0,15.0,3.0
2017,CASE_B,15.0,15.0,3.0
2018,CASE_B,15.0,15.0,3.0
2019,CASE_B,15.0,15.0,3.0
2020,CASE_B,15.0,15.0,3.0
2021,CASE_B,15.0,15.0,3.0
2022,CASE_B,15.0,15.0,3.0
2023,CASE_B,15.0,15.0,3.0
2024,CASE_B,15.0,15.0,3.0
2025,CASE_B,15.0,15.0,3.0
2026,CASE_B,15.0,15.0,3.0
2027,CASE_B,15.0,15.0,3.0
2028,CASE_B,15.0,15.0,3.0
2029,CASE_B,15.0,15.0,3.0
2030,CASE_B,15.0,15.0,3.0
2031,CASE_B,15.0,15.0,3.0
2032,CASE_B,15.0,15.0,3.0
2033,CASE_B,15.0,15.0,3.0
2034,CASE_B,15.0,15.0,3.0
2035,CASE_B,15.0,15.0,3.0
2036,CASE_B,15.0,15.0,3.0
2037,CASE_B,15.0,15.0,3.0
2038,CASE_B,15.0,15.0,3.0
2039,CASE_B,15.0,15.0,3.0
2040,CASE_B,15.0,15.0,3.0
2041,CASE_B,15.0,15.0,3.0
2042,CASE_B,15.0,15.0,3.0
2043,CASE_B,15.0,15.0,3.0
2044,CASE_B,15.0,15.0,3.0
2045,CASE_B,15.0,15.0,3.0
2046,CASE_B,15.0,15.0,3.0
2047,CASE_B,15.0,15.0,3.0
2048,CASE_B,15.0,15.0,3.0
2049,CASE_B,15.0,15.0,3.0
2050,CASE_B,15.0,15.0,3.0
2051,CASE_B,15.0,15.0,3.0
2052,CASE_B,15.0,15.0,3.0
2053,CASE_B,15.0,15.0,3.0
2054,CASE_B,15.0,15.0,3.0
2055,CASE_B,15.0,15.0,3.0
2056,CASE_B,15.0,15.0,3.0
2057,CASE_B,15.0,15.0,3.0
2058,CASE_B,15.0,15.0,3.0
2059,CASE_B,15.0,15.0,3.0
2060,CASE_B,15.0,15.0,3.0
2061,CASE_B,15.0,15.0,3.0
2062,CASE_B,15.0,15.0,3.0
2063,CASE_B,15.0,15.0,3.0
2064,CASE_B,15.0,15.0,3.0
2065,CASE_B,15.0,15.0,3.0
2066,CASE_B,15.0,15.0,3.0
2067,CASE_B,15.0,15.0,3.0
2068,CASE_B,15.0,15.0,3.0
2069,CASE_B,15.0,15.0,3.0
2070,CASE_B,15.0,15.0,3.0
2071,CASE_B,15.0,15.0,3.0
2072,CASE_B,15.0,15.0,3.0
2073,CASE_B,15.0,15.0,3.0
2074,CASE_B,15.0,15.0,3.0
2075,CASE_B,15.0,15.0,3.0
2076,CASE_B,15.0,15.0,3.0
2077,CASE_B,15.0,15.0,3.0
2078,CASE_B,15.0,15.0,3.0
2079,CASE_B,15.0,15.0,3.0
2080,CASE_B,15.0,15.0,3.0
2081,CASE_B,15.0,15.0,3.0
2082,CASE_B,15.0,15.0,3.0
2083,CASE_B,15.0,15.0,3.0
2084,CASE_B,15.0,15.0,3.0
2085,CASE_B,15.0,15.0,3.0
2086,CASE_B,15.0,15.0,3.0
2087,CASE_B,15.0,15.0,3.0
2088,CASE_B,15.0,15.0,3.0
2089,CASE_B,15.0,15.0,3.0
2090,CASE_B,15.0,15.0,3.0
2091,CASE_B,15.0,15.0,3.0
2092,CASE_B,15.0,15.0,3.0
2093,CASE_B,15.0,15.0,3.0
2094,CASE_B,15.0,15.0,3.0
2095,CASE_B,15.0,15.0,3.0
2096,CASE_B,15.0,15.0,3.0
2097,CASE_B,15.0,15.0,3.0
2098,CASE_B,15.0,15.0,3.0
2099,CASE_B,15.0,15.0,3.0
2100,CASE_B,15.0,15.0,3.0
2101,CASE_B,15.0,15.0,3.0
2102,CASE_B,15.0,15.0,3.0
2103,CASE_B,15.0,15.0,3.0
2104,CASE_B,15.0,15.0,3.0
2105,CASE_B,15.0,15.0,3.0
2106,CASE_B,15.0,15.0,3.0
2107,CASE_B,15.0,15.0,3.0
2108,CASE_B,15.0,15.0,3.0
2109,CASE_B,15.0,15.0,3.0
2110,CASE_B,15.0,15.0,3.0
2111,CASE_B,15.0,15.0,3.0
2112,CASE_B,15.0,15.0,3.0
2113,CASE_B,15.0,15.0,3.0
2114,CASE_B,15.0,15.0,3.0
2115,CASE_B,15.0,15.0,3.0
2116,CASE_B,15.0,15.0,3.0
2117,CASE_B,15.0,15.0,3.0
2118,CASE_B,15.0,15.0,3.0
2119,CASE_B,15.0,15.0,3.0
2120,CASE_B,15.0,15.0,3.0
2121,CASE_B,15.0,15.0,3.0
2122,CASE_B,15.0,15.0,3.0
2123,CASE_B,15.0,15.0,3.0
2124,CASE_B,15.0,15.0,3.0
2125,CASE_B,15.0,15.0,3.0
2126,CASE_B,15.0,15.0,3.0
2127,CASE_B,15.0,15.0,3.0
2128,CASE_B,15.0,15.0,3.0
2129,CASE_B,15.0,15.0,3.0
2130,CASE_B,15.0,15.0,3.0
2131,CASE_B,15.0,15.0,3.0
2132,CASE_B,15.0,15.0,3.0
2133,CASE_B,15.0,15.0,3.0
2134,CASE_B,15.0,15.0,3.0
2135,CASE_B,15.0,15.0,3.0
2136,CASE_B,15.0,15.0,3.0
2137,CASE_B,15.0,15.0,3.0
2138,CASE_B,15.0,15.0,3.0
2139,CASE_B,15.0,15.0,3.0
2140,CASE_B,15.0,15.0,3.0
2141,CASE_B,15.0,15.0,3.0
2142,CASE_B,15.0,15.0,3.0
2143,CASE_B,15.0,15.0,3.0
2144,CASE_B,15.0,15.0,3.0
2145,CASE_B,15.0,15.0,3.0
2146,CASE_B,15.0,15.0,3.0
2147,CASE_B,15.0,15.0,3.0
2148,CASE_B,15.0,15.0,3.0
2149,CASE_B,15.0,15.0,3.0
2150,CASE_B,15.0,15.0,3.0
2151,CASE_B,15.0,15.0,3.0
2152,CASE_B,15.0,15.0,3.0
2153,CASE_B,15.0,15.0,3.0
2154,CASE_B,15.0,15.0,3.0
2155,CASE_B,15.0,15.0,3.0
2156,CASE_B,15.0,15.0,3.0
2157,CASE_B,15.0,15.0,3.0
2158,CASE_B,15.0,15.0,3.0
2159,CASE_B,15.0,15.0,3.0
2160,CASE_B,15.0,15.0,3.0
2161,CASE_B,15.0,15.0,3.0
2162,CASE_B,15.0,15.0,3.0
2163,CASE_B,15.0,15.0,3.0
2164,CASE_B,15.0,15.0,3.0
2165,CASE_B,15.0,15.0,3.0
2166,CASE_B,15.0,15.0,3.0
2167,CASE_B,15.0,15.0,3.0
2168,CASE_B,15.0,15.0,3.0
2169,CASE_B,15.0,15.0,3.0
2170,CASE_B,15.0,15.0,3.0
2171,CASE_B,15.0,15.0,3.0
2172,CASE_B,15.0,15.0,3.0
2173,CASE_B,15.0,15.0,3.0
2174,CASE_B,15.0,15.0,3.0
2175,CASE_B,15.0,15.0,3.0
2176,CASE_B,15.0,15.0,3.0
2177,CASE_B,15.0,15.0,3.0
2178,CASE_B,15.0,15.0,3.0
2179,CASE_B,15.0,15.0,3.0
2180,CASE_B,15.0,15.0,3.0
2181,CASE_B,15.0,15.0,3.0
2182,CASE_B,15.0,15.0,3.0
2183,CASE_B,15.0,15.0,3.0
2184,CASE_B,15.0,15.0,3.0
2185,CASE_B,15.0,15.0,3.0
2186,CASE_B,15.0,15.0,3.0
2187,CASE_B,15.0,15.0,3.0
2188,CASE_B,15.0,15.0,3.0
2189,CASE_B,15.0,15.0,3.0
2190,CASE_B,15.0,15.0,3.0
2191,CASE_B,15.0,15.0,3.0
2192,CASE_B,15.0,15.0,3.0
2193,CASE_B,15.0,15.0,3.0
2194,CASE_B,15.0,15.0,3.0
2195,CASE_B,15.0,15.0,3.0
2196,CASE_B,15.0,15.0,3.0
2197,CASE_B,15.0,15.0,3.0
2198,CASE_B,15.0,15.0,3.0
2199,CASE_B,15.0,15.0,3.0
2200,CASE_B,15.0,15.0,3.0
2201,CASE_B,15.0,15.0,3.0
2202,CASE_B,15.0,15.0,3.0
2203,CASE_B,15.0,15.0,3.0
2204,CASE_B,15.0,15.0,3.0
2205,CASE_B,15.0,15.0,3.0
2206,CASE_B,15.0,15.0,3.0
2207,CASE_B,15.0,15.0,3.0
2208,CASE_B,15.0,15.0,3.0
2209,CASE_B,15.0,15.0,3.0
2210,CASE_B,15.0,15.0,3.0
2211,CASE_B,15.0,15.0,3.0
2212,CASE_B,15.0,15.0,3.0
2213,CASE_B,15.0,15.0,3.0
2214,CASE_B,15.0,15.0,3.0
2215,CASE_B,15.0,15.0,3.0
2216,CASE_B,15.0,15.0,3.0
2217,CASE_B,15.0,15.0,3.0
2218,CASE_B,15.0,15.0,3.0
2219,CASE_B,15.0,15.0,3.0
2220,CASE_B,15.0,15.0,3.0
2221,CASE_B,15.0,15.0,3.0
2222,CASE_B,15.0,15.0,3.0
2223,CASE_B,15.0,15.0,3.0
2224,CASE_B,15.0,15.0,3.0
2225,CASE_B,15.0,15.0,3.0
2226,CASE_B,15.0,15.0,3.0
2227,CASE_B,15.0,15.0,3.0
2228,CASE_B,15.0,15.0,3.0
2229,CASE_B,15.0,15.0,3.0
2230,CASE_B,15.0,15.0,3.0
2231,CASE_B,15.0,15.0,3.0
2232,CASE_B,15.0,15.0,3.0
2233,CASE_B,15.0,15.0,3.0
2234,CASE_B,15.0,15.0,3.0
2235,CASE_B,15.0,15.0,3.0
2236,CASE_B,15.0,15.0,3.0
2237,CASE_B,15.0,15.0,3.0
2238,CASE_B,15.0,15.0,3.0
2239,CASE_B,15.0,15.0,3.0
2240,CASE_B,15.0,15.0,3.0
2241,CASE_B,15.0,15.0,3.0
2242,CASE_B,15.0,15.0,3.0
2243,CASE_B,15.0,15.0,3.0
2244,CASE_B,15.0,15.0,3.0
2245,CASE_B,15.0,15.0,3.0
2246,CASE_B,15.0,15.0,3.0
2247,CASE_B,15.0,15.0,3.0
2248,CASE_B,15.0,15.0,3.0
2249,CASE_B,15.0,15.0,3.0
2250,CASE_B,15.0,15.0,3.0
2251,CASE_B,15.0,15.0,3.0
2252,CASE_B,15.0,15.0,3.0
2253,CASE_B,15.0,15.0,3.0
2254,CASE_B,15.0,15.0,3.0
2255,CASE_B,15.0,15.0,3.0
2256,CASE_B,15.0,15.0,3.0
2257,CASE_B,15.0,15.0,3.0
2258,CASE_B,15.0,15.0,3.0
2259,CASE_B,15.0,15.0,3.0
2260,CASE_B,15.0,15.0,3.0
2261,CASE_B,15.0,15.0,3.0
2262,CASE_B,15.0,15.0,3.0
2263,CASE_B,15.0,15.0,3.0
2264,CASE_B,15.0,15.0,3.0
2265,CASE_B,15.0,15.0,3.0
2266,CASE_B,15.0,15.0,3.0
2267,CASE_B,15.0,15.0,3.0
2268,CASE_B,15.0,15.0,3.0
2269,CASE_B,15.0,15.0,3.0
2270,CASE_B,15.0,15.0,3.0
2271,CASE_B,15.0,15.0,3.0
2272,CASE_B,15.0,15.0,3.0
2273,CASE_B,15.0,15.0,3.0
2274,CASE_B,15.0,15.0,3.0
2275,CASE_B,15.0,15.0,3.0
2276,CASE_B,15.0,15.0,3.0
2277,CASE_B,15.0,15.0,3.0
2278,CASE_B,15.0,15.0,3.0
2279,CASE_B,15.0,15.0,3.0
2280,CASE_B,15.0,15.0,3.0
2281,CASE_B,15.0,15.0,3.0
2282,CASE_B,15.0,15.0,3.0
2283,CASE_B,15.0,15.0,3.0
2284,CASE_B,15.0,15.0,3.0
2285,CASE_B,15.0,15.0,3.0
2286,CASE_B,15.0,15.0,3.0
2287,CASE_B,15.0,15.0,3.0
2288,CASE_B,15.0,15.0,3.0
2289,CASE_B,15.0,15.0,3.0
2290,CASE_B,15.0,15.0,3.0
2291,CASE_B,15.0,15.0,3.0
2292,CASE_B,15.0,15.0,3.0
2293,CASE_B,15.0,15.0,3.0
2294,CASE_B,15.0,15.0,3.0
2295,CASE_B,15.0,15.0,3.0
2296,CASE_B,15.0,15.0,3.0
2297,CASE_B,15.0,15.0,3.0
2298,CASE_B,15.0,15.0,3.0
2299,CASE_B,15.0,15.0,3.0
2300,CASE_B,15.0,15.0,3.0
2301,CASE_B,15.0,15.0,3.0
2302,CASE_B,15.0,15.0,3.0
2303,CASE_B,15.0,15.0,3.0
2304,CASE_B,15.0,15.0,3.0
2305,CASE_B,15.0,15.0,3.0
2306,CASE_B,15.0,15.0,3.0
2307,CASE_B,15.0,15.0,3.0
2308,CASE_B,15.0,15.0,3.0
2309,CASE_B,15.0,15.0,3.0
2310,CASE_B,15.0,15.0,3.0
2311,CASE_B,15.0,15.0,3.0
2312,CASE_B,15.0,15.0,3.0
2313,CASE_B,15.0,15.0,3.0
2314,CASE_B,15.0,15.0,3.0
2315,CASE_B,15.0,15.0,3.0
2316,CASE_B,15.0,15.0,3.0
2317,CASE_B,15.0,15.0,3.0
2318,CASE_B,15.0,15.0,3.0
2319,CASE_B,15.0,15.0,3.0
2320,CASE_B,15.0,15.0,3.0
2321,CASE_B,15.0,15.0,3.0
2322,CASE_B,15.0,15.0,3.0
2323,CASE_B,15.0,15.0,3.0
2324,CASE_B,15.0,15.0,3.0
2325,CASE_B,15.0,15.0,3.0
2326,CASE_B,15.0,15.0,3.0
2327,CASE_B,15.0,15.0,3.0
2328,CASE_B,15.0,15.0,3.0
2329,CASE_B,15.0,15.0,3.0
2330,CASE_B,15.0,15.0,3.0
2331,CASE_B,15.0,15.0,3.0
2332,CASE_B,15.0,15.0,3.0
2333,CASE_B,15.0,15.0,3.0
2334,CASE_B,15.0,15.0,3.0
2335,CASE_B,15.0,15.0,3.0
2336,CASE_B,15.0,15.0,3.0
2337,CASE_B,15.0,15.0,3.0
2338,CASE_B,15.0,15.0,3.0
2339,CASE_B,15.0,15.0,3.0
2340,CASE_B,15.0,15.0,3.0
2341,CASE_B,15.0,15.0,3.0
2342,CASE_B,15.0,15.0,3.0
2343,CASE_B,15.0,15.0,3.0
2344,CASE_B,15.0,15.0,3.0
2345,CASE_B,15.0,15.0,3.0
2346,CASE_B,15.0,15.0,3.0
2347,CASE_B,15.0,15.0,3.0
2348,CASE_B,15.0,15.0,3.0
2349,CASE_B,15.0,15.0,3.0
2350,CASE_B,15.0,15.0,3.0
2351,CASE_B,15.0,15.0,3.0
2352,CASE_B,15.0,15.0,3.0
2353,CASE_B,15.0,15.0,3.0
2354,CASE_B,15.0,15.0,3.0
2355,CASE_B,15.0,15.0,3.0
2356,CASE_B,15.0,15.0,3.0
2357,CASE_B,15.0,15.0,3.0
2358,CASE_B,15.0,15.0,3.0
2359,CASE_B,15.0,15.0,3.0
2360,CASE_B,15.0,15.0,3.0
2361,CASE_B,15.0,15.0,3.0
2362,CASE_B,15.0,15.0,3.0
2363,CASE_B,15.0,15.0,3.0
2364,CASE_B,15.0,15.0,3.0
2365,CASE_B,15.0,15.0,3.0
2366,CASE_B,15.0,15.0,3.0
2367,CASE_B,15.0,15.0,3.0
2368,CASE_B,15.0,15.0,3.0
2369,CASE_B,15.0,15.0,3.0
2370,CASE_B,15.0,15.0,3.0
2371,CASE_B,15.0,15.0,3.0
2372,CASE_B,15.0,15.0,3.0
2373,CASE_B,15.0,15.0,3.0
2374,CASE_B,15.0,15.0,3.0
2375,CASE_B,15.0,15.0,3.0
2376,CASE_B,15.0,15.0,3.0
2377,CASE_B,15.0,15.0,3.0
2378,CASE_B,15.0,15.0,3.0
2379,CASE_B,15.0,15.0,3.0
2380,CASE_B,15.0,15.0,3.0
2381,CASE_B,15.0,15.0,3.0
2382,CASE_B,15.0,15.0,3.0
2383,CASE_B,15.0,15.0,3.0
2384,CASE_B,15.0,15.0,3.0
2385,CASE_B,15.0,15.0,3.0
2386,CASE_B,15.0,15.0,3.0
2387,CASE_B,15.0,15.0,3.0
2388,CASE_B,15.0,15.0,3.0
2389,CASE_B,15.0,15.0,3.0
2390,CASE_B,15.0,15.0,3.0
2391,CASE_B,15.0,15.0,3.0
2392,CASE_B,15.0,15.0,3.0
2393,CASE_B,15.0,15.0,3.0
2394,CASE_B,15.0,15.0,3.0
2395,CASE_B,15.0,15.0,3.0
2396,CASE_B,15.0,15.0,3.0
2397,CASE_B,15.0,15.0,3.0
2398,CASE_B,15.0,15.0,3.0
2399,CASE_B,15.0,15.0,3.0
2400,CASE_B,15.0,15.0,3.0
2401,CASE_B,15.0,15.0,3.0
2402,CASE_B,15.0,15.0,3.0
2403,CASE_B,15.0,15.0,3.0
2404,CASE_B,15.0,15.0,3.0
2405,CASE_B,15.0,15.0,3.0
2406,CASE_B,15.0,15.0,3.0
2407,CASE_B,15.0,15.0,3.0
2408,CASE_B,15.0,15.0,3.0
2409,CASE_B,15.0,15.0,3.0
2410,CASE_B,15.0,15.0,3.0
2411,CASE_B,15.0,15.0,3.0
2412,CASE_B,15.0,15.0,3.0
2413,CASE_B,15.0,15.0,3.0
2414,CASE_B,15.0,15.0,3.0
2415,CASE_B,15.0,15.0,3.0
2416,CASE_B,15.0,15.0,3.0
2417,CASE_B,15.0,15.0,3.0
2418,CASE_B,15.0,15.0,3.0
2419,CASE_B,15.0,15.0,3.0
2420,CASE_B,15.0,15.0,3.0
2421,CASE_B,15.0,15.0,3.0
2422,CASE_B,15.0,15.0,3.0
2423,CASE_B,15.0,15.0,3.0
2424,CASE_B,15.0,15.0,3.0
2425,CASE_B,15.0,15.0,3.0
2426,CASE_B,15.0,15.0,3.0
2427,CASE_B,15.0,15.0,3.0
2428,CASE_B,15.0,15.0,3.0
2429,CASE_B,15.0,15.0,3.0
2430,CASE_B,15.0,15.0,3.0
2431,CASE_B,15.0,15.0,3.0
2432,CASE_B,15.0,15.0,3.0
2433,CASE_B,15.0,15.0,3.0
2434,CASE_B,15.0,15.0,3.0
2435,CASE_B,15.0,15.0,3.0
2436,CASE_B,15.0,15.0,3.0
2437,CASE_B,15.0,15.0,3.0
2438,CASE_B,15.0,15.0,3.0
2439,CASE_B,15.0,15.0,3.0
2440,CASE_B,15.0,15.0,3.0
2441,CASE_B,15.0,15.0,3.0
2442,CASE_B,15.0,15.0,3.0
2443,CASE_B,15.0,15.0,3.0
2444,CASE_B,15.0,15.0,3.0
2445,CASE_B,15.0,15.0,3.0
2446,CASE_B,15.0,15.0,3.0
2447,CASE_B,15.0,15.0,3.0
2448,CASE_B,15.0,15.0,3.0
2449,CASE_B,15.0,15.0,3.0
2450,CASE_B,15.0,15.0,3.0
2451,CASE_B,15.0,15.0,3.0
2452,CASE_B,15.0,15.0,3.0
2453,CASE_B,15.0,15.0,3.0
2454,CASE_B,15.0,15.0,3.0
2455,CASE_B,15.0,15.0,3.0
2456,CASE_B,15.0,15.0,3.0
2457,CASE_B,15.0,15.0,3.0
2458,CASE_B,15.0,15.0,3.0
2459,CASE_B,15.0,15.0,3.0
2460,CASE_B,15.0,15.0,3.0
2461,CASE_B,15.0,15.0,3.0
2462,CASE_B,15.0,15.0,3.0
2463,CASE_B,15.0,15.0,3.0
2464,CASE_B,15.0,15.0,3.0
2465,CASE_B,15.0,15.0,3.0
2466,CASE_B,15.0,15.0,3.0
2467,CASE_B,15.0,15.0,3.0
2468,CASE_B,15.0,15.0,3.0
2469,CASE_B,15.0,15.0,3.0
2470,CASE_B,15.0,15.0,3.0
2471,CASE_B,15.0,15.0,3.0
2472,CASE_B,15.0,15.0,3.0
2473,CASE_B,15.0,15.0,3.0
2474,CASE_B,15.0,15.0,3.0
2475,CASE_B,15.0,15.0,3.0
2476,CASE_B,15.0,15.0,3.0
2477,CASE_B,15.0,15.0,3.0
2478,CASE_B,15.0,15.0,3.0
2479,CASE_B,15.0,15.0,3.0
2480,CASE_B,15.0,15.0,3.0
2481,CASE_B,15.0,15.0,3.0
2482,CASE_B,15.0,15.0,3.0
2483,CASE_B,15.0,15.0,3.0
2484,CASE_B,15.0,15.0,3.0
2485,CASE_B,15.0,15.0,3.0
2486,CASE_B,15.0,15.0,3.0
2487,CASE_B,15.0,15.0,3.0
2488,CASE_B,15.0,15.0,3.0
2489,CASE_B,15.0,15.0,3.0
2490,CASE_B,15.0,15.0,3.0
2491,CASE_B,15.0,15.0,3.0
2492,CASE_B,15.0,15.0,3.0
2493,CASE_B,15.0,15.0,3.0
2494,CASE_B,15.0,15.0,3.0
2495,CASE_B,15.0,15.0,3.0
2496,CASE_B,15.0,15.0,3.0
2497,CASE_B,15.0,15.0,3.0
2498,CASE_B,15.0,15.0,3.0
2499,CASE_B,15.0,15.0,3.0
2500,CASE_B,15.0,15.0,3.0
2501,CASE_B,15.0,15.0,3.0
2502,CASE_B,15.0,15.0,3.0
2503,CASE_B,15.0,15.0,3.0
2504,CASE_B,15.0,15.0,3.0
2505,CASE_B,15.0,15.0,3.0
2506,CASE_B,15.0,15.0,3.0
2507,CASE_B,15.0,15.0,3.0
2508,CASE_B,15.0,15.0,3.0
2509,CASE_B,15.0,15.0,3.0
2510,CASE_B,15.0,15.0,3.0
2511,CASE_B,15.0,15.0,3.0
2512,CASE_B,15.0,15.0,3.0
2513,CASE_B,15.0,15.0,3.0
2514,CASE_B,15.0,15.0,3.0
2515,CASE_B,15.0,15.0,3.0
2516,CASE_B,15.0,15.0,3.0
2517,CASE_B,15.0,15.0,3.0
2518,CASE_B,15.0,15.0,3.0
2519,CASE_B,15.0,15.0,3.0
2520,CASE_B,15.0,15.0,3.0
2521,CASE_B,15.0,15.0,3.0
2522,CASE_B,15.0,15.0,3.0
2523,CASE_B,15.0,15.0,3.0
2524,CASE_B,15.0,15.0,3.0
2525,CASE_B,15.0,15.0,3.0
2526,CASE_B,15.0,15.0,3.0
2527,CASE_B,15.0,15.0,3.0
2528,CASE_B,15.0,15.0,3.0
2529,CASE_B,15.0,15.0,3.0
2530,CASE_B,15.0,15.0,3.0
2531,CASE_B,15.0,15.0,3.0
2532,CASE_B,15.0,15.0,3.0
2533,CASE_B,15.0,15.0,3.0
2534,CASE_B,15.0,15.0,3.0
2535,CASE_B,15.0,15.0,3.0
2536,CASE_B,15.0,15.0,3.0
2537,CASE_B,15.0,15.0,3.0
2538,CASE_B,15.0,15.0,3.0
2539,CASE_B,15.0,15.0,3.0
2540,CASE_B,15.0,15.0,3.0
2541,CASE_B,15.0,15.0,3.0
2542,CASE_B,15.0,15.0,3.0
2543,CASE_B,15.0,15.0,3.0
2544,CASE_B,15.0,15.0,3.0
2545,CASE_B,15.0,15.0,3.0
2546,CASE_B,15.0,15.0,3.0
2547,CASE_B,15.0,15.0,3.0
2548,CASE_B,15.0,15.0,3.0
2549,CASE_B,15.0,15.0,3.0
2550,CASE_B,15.0,15.0,3.0
2551,CASE_B,15.0,15.0,3.0
2552,CASE_B,15.0,15.0,3.0
2553,CASE_B,15.0,15.0,3.0
2554,CASE_B,15.0,15.0,3.0
2555,CASE_B,15.0,15.0,3.0
2556,CASE_B,15.0,15.0,3.0
2557,CASE_B,15.0,15.0,3.0
2558,CASE_B,15.0,15.0,3.0
2559,CASE_B,15.0,15.0,3.0
2560,CASE_B,15.0,15.0,3.0
2561,CASE_B,15.0,15.0,3.0
2562,CASE_B,15.0,15.0,3.0
2563,CASE_B,15.0,15.0,3.0
2564,CASE_B,15.0,15.0,3.0
2565,CASE_B,15.0,15.0,3.0
2566,CASE_B,15.0,15.0,3.0
2567,CASE_B,15.0,15.0,3.0
2568,CASE_B,15.0,15.0,3.0
2569,CASE_B,15.0,15.0,3.0
2570,CASE_B,15.0,15.0,3.0
2571,CASE_B,15.0,15.0,3.0
2572,CASE_B,15.0,15.0,3.0
2573,CASE_B,15.0,15.0,3.0
2574,CASE_B,15.0,15.0,3.0
2575,CASE_B,15.0,15.0,3.0
2576,CASE_B,15.0,15.0,3.0
2577,CASE_B,15.0,15.0,3.0
2578,CASE_B,15.0,15.0,3.0
2579,CASE_B,15.0,15.0,3.0
2580,CASE_B,15.0,15.0,3.0
2581,CASE_B,15.0,15.0,3.0
2582,CASE_B,15.0,15.0,3.0
2583,CASE_B,15.0,15.0,3.0
2584,CASE_B,15.0,15.0,3.0
2585,CASE_B,15.0,15.0,3.0
2586,CASE_B,15.0,15.0,3.0
2587,CASE_B,15.0,15.0,3.0
2588,CASE_B,15.0,15.0,3.0
2589,CASE_B,15.0,15.0,3.0
2590,CASE_B,15.0,15.0,3.0
2591,CASE_B,15.0,15.0,3.0
2592,CASE_B,15.0,15.0,3.0
2593,CASE_B,15.0,15.0,3.0
2594,CASE_B,15.0,15.0,3.0
2595,CASE_B,15.0,15.0,3.0
2596,CASE_B,15.0,15.0,3.0
2597,CASE_B,15.0,15.0,3.0
2598,CASE_B,15.0,15.0,3.0
2599,CASE_B,15.0,15.0,3.0
2600,CASE_B,15.0,15.0,3.0
2601,CASE_B,15.0,15.0,3.0
2602,CASE_B,15.0,15.0,3.0
2603,CASE_B,15.0,15.0,3.0
2604,CASE_B,15.0,15.0,3.0
2605,CASE_B,15.0,15.0,3.0
2606,CASE_B,15.0,15.0,3.0
2607,CASE_B,15.0,15.0,3.0
2608,CASE_B,15.0,15.0,3.0
2609,CASE_B,15.0,15.0,3.0
2610,CASE_B,15.0,15.0,3.0
2611,CASE_B,15.0,15.0,3.0
2612,CASE_B,15.0,15.0,3.0
2613,CASE_B,15.0,15.0,3.0
2614,CASE_B,15.0,15.0,3.0
2615,CASE_B,15.0,15.0,3.0
2616,CASE_B,15.0,15.0,3.0
2617,CASE_B,15.0,15.0,3.0
2618,CASE_B,15.0,15.0,3.0
2619,CASE_B,15.0,15.0,3.0
2620,CASE_B,15.0,15.0,3.0
2621,CASE_B,15.0,15.0,3.0
2622,CASE_B,15.0,15.0,3.0
2623,CASE_B,15.0,15.0,3.0
2624,CASE_B,15.0,15.0,3.0
2625,CASE_B,15.0,15.0,3.0
2626,CASE_B,15.0,15.0,3.0
2627,CASE_B,15.0,15.0,3.0
2628,CASE_B,15.0,15.0,3.0
2629,CASE_B,15.0,15.0,3.0
2630,CASE_B,15.0,15.0,3.0
2631,CASE_B,15.0,15.0,3.0
2632,CASE_B,15.0,15.0,3.0
2633,CASE_B,15.0,15.0,3.0
2634,CASE_B,15.0,15.0,3.0
2635,CASE_B,15.0,15.0,3.0
2636,CASE_B,15.0,15.0,3.0
2637,CASE_B,15.0,15.0,3.0
2638,CASE_B,15.0,15.0,3.0
2639,CASE_B,15.0,15.0,3.0
2640,CASE_B,15.0,15.0,3.0
2641,CASE_B,15.0,15.0,3.0
2642,CASE_B,15.0,15.0,3.0
2643,CASE_B,15.0,15.0,3.0
2644,CASE_B,15.0,15.0,3.0
2645,CASE_B,15.0,15.0,3.0
2646,CASE_B,15.0,15.0,3.0
2647,CASE_B,15.0,15.0,3.0
2648,CASE_B,15.0,15.0,3.0
2649,CASE_B,15.0,15.0,3.0
2650,CASE_B,15.0,15.0,3.0
2651,CASE_B,15.0,15.0,3.0
2652,CASE_B,15.0,15.0,3.0
2653,CASE_B,15.0,15.0,3.0
2654,CASE_B,15.0,15.0,3.0
2655,CASE_B,15.0,15.0,3.0
2656,CASE_B,15.0,15.0,3.0
2657,CASE_B,15.0,15.0,3.0
2658,CASE_B,15.0,15.0,3.0
2659,CASE_B,15.0,15.0,3.0
2660,CASE_B,15.0,15.0,3.0
2661,CASE_B,15.0,15.0,3.0
2662,CASE_B,15.0,15.0,3.0
2663,CASE_B,15.0,15.0,3.0
2664,CASE_B,15.0,15.0,3.0
2665,CASE_B,15.0,15.0,3.0
2666,CASE_B,15.0,15.0,3.0
2667,CASE_B,15.0,15.0,3.0
2668,CASE_B,15.0,15.0,3.0
2669,CASE_B,15.0,15.0,3.0
2670,CASE_B,15.0,15.0,3.0
2671,CASE_B,15.0,15.0,3.0
2672,CASE_B,15.0,15.0,3.0
2673,CASE_B,15.0,15.0,3.0
2674,CASE_B,15.0,15.0,3.0
2675,CASE_B,15.0,15.0,3.0
2676,CASE_B,15.0,15.0,3.0
2677,CASE_B,15.0,15.0,3.0
2678,CASE_B,15.0,15.0,3.0
2679,CASE_B,15.0,15.0,3.0
2680,CASE_B,15.0,15.0,3.0
2681,CASE_B,15.0,15.0,3.0
2682,CASE_B,15.0,15.0,3.0
2683,CASE_B,15.0,15.0,3.0
2684,CASE_B,15.0,15.0,3.0
2685,CASE_B,15.0,15.0,3.0
2686,CASE_B,15.0,15.0,3.0
2687,CASE_B,15.0,15.0,3.0
2688,CASE_B,15.0,15.0,3.0
2689,CASE_B,15.0,15.0,3.0
2690,CASE_B,15.0,15.0,3.0
2691,CASE_B,15.0,15.0,3.0
2692,CASE_B,15.0,15.0,3.0
2693,CASE_B,15.0,15.0,3.0
2694,CASE_B,15.0,15.0,3.0
2695,CASE_B,15.0,15.0,3.0
2696,CASE_B,15.0,15.0,3.0
2697,CASE_B,15.0,15.0,3.0
2698,CASE_B,15.0,15.0,3.0
2699,CASE_B,15.0,15.0,3.0
2700,CASE_B,15.0,15.0,3.0
2701,CASE_B,15.0,15.0,3.0
2702,CASE_B,15.0,15.0,3.0
2703,CASE_B,15.0,15.0,3.0
2704,CASE_B,15.0,15.0,3.0
2705,CASE_B,15.0,15.0,3.0
2706,CASE_B,15.0,15.0,3.0
2707,CASE_B,15.0,15.0,3.0
2708,CASE_B,15.0,15.0,3.0
2709,CASE_B,15.0,15.0,3.0
2710,CASE_B,15.0,15.0,3.0
2711,CASE_B,15.0,15.0,3.0
2712,CASE_B,15.0,15.0,3.0
2713,CASE_B,15.0,15.0,3.0
2714,CASE_B,15.0,15.0,3.0
2715,CASE_B,15.0,15.0,3.0
2716,CASE_B,15.0,15.0,3.0
2717,CASE_B,15.0,15.0,3.0
2718,CASE_B,15.0,15.0,3.0
2719,CASE_B,15.0,15.0,3.0
2720,CASE_B,15.0,15.0,3.0
2721,CASE_B,15.0,15.0,3.0
2722,CASE_B,15.0,15.0,3.0
2723,CASE_B,15.0,15.0,3.0
2724,CASE_B,15.0,15.0,3.0
2725,CASE_B,15.0,15.0,3.0
2726,CASE_B,15.0,15.0,3.0
2727,CASE_B,15.0,15.0,3.0
2728,CASE_B,15.0,15.0,3.0
2729,CASE_B,15.0,15.0,3.0
2730,CASE_B,15.0,15.0,3.0
2731,CASE_B,15.0,15.0,3.0
2732,CASE_B,15.0,15.0,3.0
2733,CASE_B,15.0,15.0,3.0
2734,CASE_B,15.0,15.0,3.0
2735,CASE_B,15.0,15.0,3.0
2736,CASE_B,15.0,15.0,3.0
2737,CASE_B,15.0,15.0,3.0
2738,CASE_B,15.0,15.0,3.0
2739,CASE_B,15.0,15.0,3.0
2740,CASE_B,15.0,15.0,3.0
2741,CASE_B,15.0,15.0,3.0
2742,CASE_B,15.0,15.0,3.0
2743,CASE_B,15.0,15.0,3.0
2744,CASE_B,15.0,15.0,3.0
2745,CASE_B,15.0,15.0,3.0
2746,CASE_B,15.0,15.0,3.0
2747,CASE_B,15.0,15.0,3.0
2748,CASE_B,15.0,15.0,3.0
2749,CASE_B,15.0,15.0,3.0
2750,CASE_B,15.0,15.0,3.0
2751,CASE_B,15.0,15.0,3.0
2752,CASE_B,15.0,15.0,3.0
2753,CASE_B,15.0,15.0,3.0
2754,CASE_B,15.0,15.0,3.0
2755,CASE_B,15.0,15.0,3.0
2756,CASE_B,15.0,15.0,3.0
2757,CASE_B,15.0,15.0,3.0
2758,CASE_B,15.0,15.0,3.0
2759,CASE_B,15.0,15.0,3.0
2760,CASE_B,15.0,15.0,3.0
2761,CASE_B,15.0,15.0,3.0
2762,CASE_B,15.0,15.0,3.0
2763,CASE_B,15.0,15.0,3.0
2764,CASE_B,15.0,15.0,3.0
2765,CASE_B,15.0,15.0,3.0
2766,CASE_B,15.0,15.0,3.0
2767,CASE_B,15.0,15.0,3.0
2768,CASE_B,15.0,15.0,3.0
2769,CASE_B,15.0,15.0,3.0
2770,CASE_B,15.0,15.0,3.0
2771,CASE_B,15.0,15.0,3.0
2772,CASE_B,15.0,15.0,3.0
2773,CASE_B,15.0,15.0,3.0
2774,CASE_B,15.0,15.0,3.0
2775,CASE_B,15.0,15.0,3.0
2776,CASE_B,15.0,15.0,3.0
2777,CASE_B,15.0,15.0,3.0
2778,CASE_B,15.0,15.0,3.0
2779,CASE_B,15.0,15.0,3.0
2780,CASE_B,15.0,15.0,3.0
2781,CASE_B,15.0,15.0,3.0
2782,CASE_B,15.0,15.0,3.0
2783,CASE_B,15.0,15.0,3.0
2784,CASE_B,15.0,15.0,3.0
2785,CASE_B,15.0,15.0,3.0
2786,CASE_B,15.0,15.0,3.0
2787,CASE_B,15.0,15.0,3.0
2788,CASE_B,15.0,15.0,3.0
2789,CASE_B,15.0,15.0,3.0
2790,CASE_B,15.0,15.0,3.0
2791,CASE_B,15.0,15.0,3.0
2792,CASE_B,15.0,15.0,3.0
2793,CASE_B,15.0,15.0,3.0
2794,CASE_B,15.0,15.0,3.0
2795,CASE_B,15.0,15.0,3.0
2796,CASE_B,15.0,15.0,3.0
2797,CASE_B,15.0,15.0,3.0
2798,CASE_B,15.0,15.0,3.0
2799,CASE_B,15.0,15.0,3.0
2800,CASE_B,15.0,15.0,3.0
2801,CASE_B,15.0,15.0,3.0
2802,CASE_B,15.0,15.0,3.0
2803,CASE_B,15.0,15.0,3.0
2804,CASE_B,15.0,15.0,3.0
2805,CASE_B,15.0,15.0,3.0
2806,CASE_B,15.0,15.0,3.0
2807,CASE_B,15.0,15.0,3.0
2808,CASE_B,15.0,15.0,3.0
2809,CASE_B,15.0,15.0,3.0
2810,CASE_B,15.0,15.0,3.0
2811,CASE_B,15.0,15.0,3.0
2812,CASE_B,15.0,15.0,3.0
2813,CASE_B,15.0,15.0,3.0
2814,CASE_B,15.0,15.0,3.0
2815,CASE_B,15.0,15.0,3.0
2816,CASE_B,15.0,15.0,3.0
2817,CASE_B,15.0,15.0,3.0
2818,CASE_B,15.0,15.0,3.0
2819,CASE_B,15.0,15.0,3.0
2820,CASE_B,15.0,15.0,3.0
2821,CASE_B,15.0,15.0,3.0
2822,CASE_B,15.0,15.0,3.0
2823,CASE_B,15.0,15.0,3.0
2824,CASE_B,15.0,15.0,3.0
2825,CASE_B,15.0,15.0,3.0
2826,CASE_B,15.0,15.0,3.0
2827,CASE_B,15.0,15.0,3.0
2828,CASE_B,15.0,15.0,3.0
2829,CASE_B,15.0,15.0,3.0
2830,CASE_B,15.0,15.0,3.0
2831,CASE_B,15.0,15.0,3.0
2832,CASE_B,15.0,15.0,3.0
2833,CASE_B,15.0,15.0,3.0
2834,CASE_B,15.0,15.0,3.0
2835,CASE_B,15.0,15.0,3.0
2836,CASE_B,15.0,15.0,3.0
2837,CASE_B,15.0,15.0,3.0
2838,CASE_B,15.0,15.0,3.0
2839,CASE_B,15.0,15.0,3.0
2840,CASE_B,15.0,15.0,3.0
2841,CASE_B,15.0,15.0,3.0
2842,CASE_B,15.0,15.0,3.0
2843,CASE_B,15.0,15.0,3.0
2844,CASE_B,15.0,15.0,3.0
2845,CASE_B,15.0,15.0,3.0
2846,CASE_B,15.0,15.0,3.0
2847,CASE_B,15.0,15.0,3.0
2848,CASE_B,15.0,15.0,3.0
2849,CASE_B,15.0,15.0,3.0
2850,CASE_B,15.0,15.0,3.0
2851,CASE_B,15.0,15.0,3.0
2852,CASE_B,15.0,15.0,3.0
2853,CASE_B,15.0,15.0,3.0
2854,CASE_B,15.0,15.0,3.0
2855,CASE_B,15.0,15.0,3.0
2856,CASE_B,15.0,15.0,3.0
2857,CASE_B,15.0,15.0,3.0
2858,CASE_B,15.0,15.0,3.0
2859,CASE_B,15.0,15.0,3.0
2860,CASE_B,15.0,15.0,3.0
2861,CASE_B,15.0,15.0,3.0
2862,CASE_B,15.0,15.0,3.0
2863,CASE_B,15.0,15.0,3.0
2864,CASE_B,15.0,15.0,3.0
2865,CASE_B,15.0,15.0,3.0
2866,CASE_B,15.0,15.0,3.0
2867,CASE_B,15.0,15.0,3.0
2868,CASE_B,15.0,15.0,3.0
2869,CASE_B,15.0,15.0,3.0
2870,CASE_B,15.0,15.0,3.0
2871,CASE_B,15.0,15.0,3.0
2872,CASE_B,15.0,15.0,3.0
2873,CASE_B,15.0,15.0,3.0
2874,CASE_B,15.0,15.0,3.0
2875,CASE_B,15.0,15.0,3.0
2876,CASE_B,15.0,15.0,3.0
2877,CASE_B,15.0,15.0,3.0
2878,CASE_B,15.0,15.0,3.0
2879,CASE_B,15.0,15.0,3.0
2880,CASE_B,15.0,15.0,3.0
2881,CASE_B,15.0,15.0,3.0
2882,CASE_B,15.0,15.0,3.0
2883,CASE_B,15.0,15.0,3.0
2884,CASE_B,15.0,15.0,3.0
2885,CASE_B,15.0,15.0,3.0
2886,CASE_B,15.0,15.0,3.0
2887,CASE_B,15.0,15.0,3.0
2888,CASE_B,15.0,15.0,3.0
2889,CASE_B,15.0,15.0,3.0
2890,CASE_B,15.0,15.0,3.0
2891,CASE_B,15.0,15.0,3.0
2892,CASE_B,15.0,15.0,3.0
2893,CASE_B,15.0,15.0,3.0
2894,CASE_B,15.0,15.0,3.0
2895,CASE_B,15.0,15.0,3.0
2896,CASE_B,15.0,15.0,3.0
2897,CASE_B,15.0,15.0,3.0
2898,CASE_B,15.0,15.0,3.0
2899,CASE_B,15.0,15.0,3.0
2900,CASE_B,15.0,15.0,3.0
2901,CASE_B,15.0,15.0,3.0
2902,CASE_B,15.0,15.0,3.0
2903,CASE_B,15.0,15.0,3.0
2904,CASE_B,15.0,15.0,3.0
2905,CASE_B,15.0,15.0,3.0
2906,CASE_B,15.0,15.0,3.0
2907,CASE_B,15.0,15.0,3.0
2908,CASE_B,15.0,15.0,3.0
2909,CASE_B,15.0,15.0,3.0
2910,CASE_B,15.0,15.0,3.0
2911,CASE_B,15.0,15.0,3.0
2912,CASE_B,15.0,15.0,3.0
2913,CASE_B,15.0,15.0,3.0
2914,CASE_B,15.0,15.0,3.0
2915,CASE_B,15.0,15.0,3.0
2916,CASE_B,15.0,15.0,3.0
2917,CASE_B,15.0,15.0,3.0
2918,CASE_B,15.0,15.0,3.0
2919,CASE_B,15.0,15.0,3.0
2920,CASE_B,15.0,15.0,3.0
2921,CASE_B,15.0,15.0,3.0
2922,CASE_B,15.0,15.0,3.0
2923,CASE_B,15.0,15.0,3.0
2924,CASE_B,15.0,15.0,3.0
2925,CASE_B,15.0,15.0,3.0
2926,CASE_B,15.0,15.0,3.0
2927,CASE_B,15.0,15.0,3.0
2928,CASE_B,15.0,15.0,3.0
2929,CASE_B,15.0,15.0,3.0
2930,CASE_B,15.0,15.0,3.0
2931,CASE_B,15.0,15.0,3.0
2932,CASE_B,15.0,15.0,3.0
2933,CASE_B,15.0,15.0,3.0
2934,CASE_B,15.0,15.0,3.0
2935,CASE_B,15.0,15.0,3.0
2936,CASE_B,15.0,15.0,3.0
2937,CASE_B,15.0,15.0,3.0
2938,CASE_B,15.0,15.0,3.0
2939,CASE_B,15.0,15.0,3.0
2940,CASE_B,15.0,15.0,3.0
2941,CASE_B,15.0,15.0,3.0
2942,CASE_B,15.0,15.0,3.0
2943,CASE_B,15.0,15.0,3.0
2944,CASE_B,15.0,15.0,3.0
2945,CASE_B,15.0,15.0,3.0
2946,CASE_B,15.0,15.0,3.0
2947,CASE_B,15.0,15.0,3.0
2948,CASE_B,15.0,15.0,3.0
2949,CASE_B,15.0,15.0,3.0
2950,CASE_B,15.0,15.0,3.0
2951,CASE_B,15.0,15.0,3.0
2952,CASE_B,15.0,15.0,3.0
2953,CASE_B,15.0,15.0,3.0
2954,CASE_B,15.0,15.0,3.0
2955,CASE_B,15.0,15.0,3.0
2956,CASE_B,15.0,15.0,3.0
2957,CASE_B,15.0,15.0,3.0
2958,CASE_B,15.0,15.0,3.0
2959,CASE_B,15.0,15.0,3.0
2960,CASE_B,15.0,15.0,3.0
2961,CASE_B,15.0,15.0,3.0
2962,CASE_B,15.0,15.0,3.0
2963,CASE_B,15.0,15.0,3.0
2964,CASE_B,15.0,15.0,3.0
2965,CASE_B,15.0,15.0,3.0
2966,CASE_B,15.0,15.0,3.0
2967,CASE_B,15.0,15.0,3.0
2968,CASE_B,15.0,15.0,3.0
2969,CASE_B,15.0,15.0,3.0
2970,CASE_B,15.0,15.0,3.0
2971,CASE_B,15.0,15.0,3.0
2972,CASE_B,15.0,15.0,3.0
2973,CASE_B,15.0,15.0,3.0
2974,CASE_B,15.0,15.0,3.0
2975,CASE_B,15.0,15.0,3.0
2976,CASE_B,15.0,15.0,3.0
2977,CASE_B,15.0,15.0,3.0
2978,CASE_B,15.0,15.0,3.0
2979,CASE_B,15.0,15.0,3.0
2980,CASE_B,15.0,15.0,3.0
2981,CASE_B,15.0,15.0,3.0
2982,CASE_B,15.0,15.0,3.0
2983,CASE_B,15.0,15.0,3.0
2984,CASE_B,15.0,15.0,3.0
2985,CASE_B,15.0,15.0,3.0
2986,CASE_B,15.0,15.0,3.0
2987,CASE_B,15.0,15.0,3.0
2988,CASE_B,15.0,15.0,3.0
2989,CASE_B,15.0,15.0,3.0
2990,CASE_B,15.0,15.0,3.0
2991,CASE_B,15.0,15.0,3.0
2992,CASE_B,15.0,15.0,3.0
2993,CASE_B,15.0,15.0,3.0
2994,CASE_B,15.0,15.0,3.0
2995,CASE_B,15.0,15.0,3.0
2996,CASE_B,15.0,15.0,3.0
2997,CASE_B,15.0,15.0,3.0
2998,CASE_B,15.0,15.0,3.0
2999,CASE_B,15.0,15.0,3.0
3000,CASE_B,15.0,15.0,3.0
3001,CASE_B,15.0,15.0,3.0
3002,CASE_B,15.0,15.0,3.0
3003,CASE_B,15.0,15.0,3.0
3004,CASE_B,15.0,15.0,3.0
3005,CASE_B,15.0,15.0,3.0
3006,CASE_B,15.0,15.0,3.0
3007,CASE_B,15.0,15.0,3.0
3008,CASE_B,15.0,15.0,3.0
3009,CASE_B,15.0,15.0,3.0
3010,CASE_B,15.0,15.0,3.0
3011,CASE_B,15.0,15.0,3.0
3012,CASE_B,15.0,15.0,3.0
3013,CASE_B,15.0,15.0,3.0
3014,CASE_B,15.0,15.0,3.0
3015,CASE_B,15.0,15.0,3.0
3016,CASE_B,15.0,15.0,3.0
3017,CASE_B,15.0,15.0,3.0
3018,CASE_B,15.0,15.0,3.0
3019,CASE_B,15.0,15.0,3.0
3020,CASE_B,15.0,15.0,3.0
3021,CASE_B,15.0,15.0,3.0
3022,CASE_B,15.0,15.0,3.0
3023,CASE_B,15.0,15.0,3.0
3024,CASE_B,15.0,15.0,3.0
3025,CASE_B,15.0,15.0,3.0
3026,CASE_B,15.0,15.0,3.0
3027,CASE_B,15.0,15.0,3.0
3028,CASE_B,15.0,15.0,3.0
3029,CASE_B,15.0,15.0,3.0
3030,CASE_B,15.0,15.0,3.0
3031,CASE_B,15.0,15.0,3.0
3032,CASE_B,15.0,15.0,3.0
3033,CASE_B,15.0,15.0,3.0
3034,CASE_B,15.0,15.0,3.0
3035,CASE_B,15.0,15.0,3.0
3036,CASE_B,15.0,15.0,3.0
3037,CASE_B,15.0,15.0,3.0
3038,CASE_B,15.0,15.0,3.0
3039,CASE_B,15.0,15.0,3.0
3040,CASE_B,15.0,15.0,3.0
3041,CASE_B,15.0,15.0,3.0
3042,CASE_B,15.0,15.0,3.0
3043,CASE_B,15.0,15.0,3.0
3044,CASE_B,15.0,15.0,3.0
3045,CASE_B,15.0,15.0,3.0
3046,CASE_B,15.0,15.0,3.0
3047,CASE_B,15.0,15.0,3.0
3048,CASE_B,15.0,15.0,3.0
3049,CASE_B,15.0,15.0,3.0
3050,CASE_B,15.0,15.0,3.0
3051,CASE_B,15.0,15.0,3.0
3052,CASE_B,15.0,15.0,3.0
3053,CASE_B,15.0,15.0,3.0
3054,CASE_B,15.0,15.0,3.0
3055,CASE_B,15.0,15.0,3.0
3056,CASE_B,15.0,15.0,3.0
3057,CASE_B,15.0,15.0,3.0
3058,CASE_B,15.0,15.0,3.0
3059,CASE_B,15.0,15.0,3.0
3060,CASE_B,15.0,15.0,3.0
3061,CASE_B,15.0,15.0,3.0
3062,CASE_B,15.0,15.0,3.0
3063,CASE_B,15.0,15.0,3.0
3064,CASE_B,15.0,15.0,3.0
3065,CASE_B,15.0,15.0,3.0
3066,CASE_B,15.0,15.0,3.0
3067,CASE_B,15.0,15.0,3.0
3068,CASE_B,15.0,15.0,3.0
3069,CASE_B,15.0,15.0,3.0
3070,CASE_B,15.0,15.0,3.0
3071,CASE_B,15.0,15.0,3.0
3072,CASE_B,15.0,15.0,3.0
3073,CASE_B,15.0,15.0,3.0
3074,CASE_B,15.0,15.0,3.0
3075,CASE_B,15.0,15.0,3.0
3076,CASE_B,15.0,15.0,3.0
3077,CASE_B,15.0,15.0,3.0
3078,CASE_B,15.0,15.0,3.0
3079,CASE_B,15.0,15.0,3.0
3080,CASE_B,15.0,15.0,3.0
3081,CASE_B,15.0,15.0,3.0
3082,CASE_B,15.0,15.0,3.0
3083,CASE_B,15.0,15.0,3.0
3084,CASE_B,15.0,15.0,3.0
3085,CASE_B,15.0,15.0,3.0
3086,CASE_B,15.0,15.0,3.0
3087,CASE_B,15.0,15.0,3.0
3088,CASE_B,15.0,15.0,3.0
3089,CASE_B,15.0,15.0,3.0
3090,CASE_B,15.0,15.0,3.0
3091,CASE_B,15.0,15.0,3.0
3092,CASE_B,15.0,15.0,3.0
3093,CASE_B,15.0,15.0,3.0
3094,CASE_B,15.0,15.0,3.0
3095,CASE_B,15.0,15.0,3.0
3096,CASE_B,15.0,15.0,3.0
3097,CASE_B,15.0,15.0,3.0
3098,CASE_B,15.0,15.0,3.0
3099,CASE_B,15.0,15.0,3.0
3100,CASE_B,15.0,15.0,3.0
3101,CASE_B,15.0,15.0,3.0
3102,CASE_B,15.0,15.0,3.0
3103,CASE_B,15.0,15.0,3.0
3104,CASE_B,15.0,15.0,3.0
3105,CASE_B,15.0,15.0,3.0
3106,CASE_B,15.0,15.0,3.0
3107,CASE_B,15.0,15.0,3.0
3108,CASE_B,15.0,15.0,3.0
3109,CASE_B,15.0,15.0,3.0
3110,CASE_B,15.0,15.0,3.0
3111,CASE_B,15.0,15.0,3.0
3112,CASE_B,15.0,15.0,3.0
3113,CASE_B,15.0,15.0,3.0
3114,CASE_B,15.0,15.0,3.0
3115,CASE_B,15.0,15.0,3.0
3116,CASE_B,15.0,15.0,3.0
3117,CASE_B,15.0,15.0,3.0
3118,CASE_B,15.0,15.0,3.0
3119,CASE_B,15.0,15.0,3.0
3120,CASE_B,15.0,15.0,3.0
3121,CASE_B,15.0,15.0,3.0
3122,CASE_B,15.0,15.0,3.0
3123,CASE_B,15.0,15.0,3.0
3124,CASE_B,15.0,15.0,3.0
3125,CASE_B,15.0,15.0,3.0
3126,CASE_B,15.0,15.0,3.0
3127,CASE_B,15.0,15.0,3.0
3128,CASE_B,15.0,15.0,3.0
3129,CASE_B,15.0,15.0,3.0
3130,CASE_B,15.0,15.0,3.0
3131,CASE_B,15.0,15.0,3.0
3132,CASE_B,15.0,15.0,3.0
3133,CASE_B,15.0,15.0,3.0
3134,CASE_B,15.0,15.0,3.0
3135,CASE_B,15.0,15.0,3.0
3136,CASE_B,15.0,15.0,3.0
3137,CASE_B,15.0,15.0,3.0
3138,CASE_B,15.0,15.0,3.0
3139,CASE_B,15.0,15.0,3.0
3140,CASE_B,15.0,15.0,3.0
3141,CASE_B,15.0,15.0,3.0
3142,CASE_B,15.0,15.0,3.0
3143,CASE_B,15.0,15.0,3.0
3144,CASE_B,15.0,15.0,3.0
3145,CASE_B,15.0,15.0,3.0
3146,CASE_B,15.0,15.0,3.0
3147,CASE_B,15.0,15.0,3.0
3148,CASE_B,15.0,15.0,3.0
3149,CASE_B,15.0,15.0,3.0
3150,CASE_B,15.0,15.0,3.0
3151,CASE_B,15.0,15.0,3.0
3152,CASE_B,15.0,15.0,3.0
3153,CASE_B,15.0,15.0,3.0
3154,CASE_B,15.0,15.0,3.0
3155,CASE_B,15.0,15.0,3.0
3156,CASE_B,15.0,15.0,3.0
3157,CASE_B,15.0,15.0,3.0
3158,CASE_B,15.0,15.0,3.0
3159,CASE_B,15.0,15.0,3.0
3160,CASE_B,15.0,15.0,3.0
3161,CASE_B,15.0,15.0,3.0
3162,CASE_B,15.0,15.0,3.0
3163,CASE_B,15.0,15.0,3.0
3164,CASE_B,15.0,15.0,3.0
3165,CASE_B,15.0,15.0,3.0
3166,CASE_B,15.0,15.0,3.0
3167,CASE_B,15.0,15.0,3.0
3168,CASE_B,15.0,15.0,3.0
3169,CASE_B,15.0,15.0,3.0
3170,CASE_B,15.0,15.0,3.0
3171,CASE_B,15.0,15.0,3.0
3172,CASE_B,15.0,15.0,3.0
3173,CASE_B,15.0,15.0,3.0
3174,CASE_B,15.0,15.0,3.0
3175,CASE_B,15.0,15.0,3.0
3176,CASE_B,15.0,15.0,3.0
3177,CASE_B,15.0,15.0,3.0
3178,CASE_B,15.0,15.0,3.0
3179,CASE_B,15.0,15.0,3.0
3180,CASE_B,15.0,15.0,3.0
3181,CASE_B,15.0,15.0,3.0
3182,CASE_B,15.0,15.0,3.0
3183,CASE_B,15.0,15.0,3.0
3184,CASE_B,15.0,15.0,3.0
3185,CASE_B,15.0,15.0,3.0
3186,CASE_B,15.0,15.0,3.0
3187,CASE_B,15.0,15.0,3.0
3188,CASE_B,15.0,15.0,3.0
3189,CASE_B,15.0,15.0,3.0
3190,CASE_B,15.0,15.0,3.0
3191,CASE_B,15.0,15.0,3.0
3192,CASE_B,15.0,15.0,3.0
3193,CASE_B,15.0,15.0,3.0
3194,CASE_B,15.0,15.0,3.0
3195,CASE_B,15.0,15.0,3.0
3196,CASE_B,15.0,15.0,3.0
3197,CASE_B,15.0,15.0,3.0
3198,CASE_B,15.0,15.0,3.0
3199,CASE_B,15.0,15.0,3.0
3200,CASE_B,15.0,15.0,3.0
3201,CASE_B,15.0,15.0,3.0
3202,CASE_B,15.0,15.0,3.0
3203,CASE_B,15.0,15.0,3.0
3204,CASE_B,15.0,15.0,3.0
3205,CASE_B,15.0,15.0,3.0
3206,CASE_B,15.0,15.0,3.0
3207,CASE_B,15.0,15.0,3.0
3208,CASE_B,15.0,15.0,3.0
3209,CASE_B,15.0,15.0,3.0
3210,CASE_B,15.0,15.0,3.0
3211,CASE_B,15.0,15.0,3.0
3212,CASE_B,15.0,15.0,3.0
3213,CASE_B,15.0,15.0,3.0
3214,CASE_B,15.0,15.0,3.0
3215,CASE_B,15.0,15.0,3.0
3216,CASE_B,15.0,15.0,3.0
3217,CASE_B,15.0,15.0,3.0
3218,CASE_B,15.0,15.0,3.0
3219,CASE_B,15.0,15.0,3.0
3220,CASE_B,15.0,15.0,3.0
3221,CASE_B,15.0,15.0,3.0
3222,CASE_B,15.0,15.0,3.0
3223,CASE_B,15.0,15.0,3.0
3224,CASE_B,15.0,15.0,3.0
3225,CASE_B,15.0,15.0,3.0
3226,CASE_B,15.0,15.0,3.0
3227,CASE_B,15.0,15.0,3.0
3228,CASE_B,15.0,15.0,3.0
3229,CASE_B,15.0,15.0,3.0
3230,CASE_B,15.0,15.0,3.0
3231,CASE_B,15.0,15.0,3.0
3232,CASE_B,15.0,15.0,3.0
3233,CASE_B,15.0,15.0,3.0
3234,CASE_B,15.0,15.0,3.0
3235,CASE_B,15.0,15.0,3.0
3236,CASE_B,15.0,15.0,3.0
3237,CASE_B,15.0,15.0,3.0
3238,CASE_B,15.0,15.0,3.0
3239,CASE_B,15.0,15.0,3.0
3240,CASE_B,15.0,15.0,3.0
3241,CASE_B,15.0,15.0,3.0
3242,CASE_B,15.0,15.0,3.0
3243,CASE_B,15.0,15.0,3.0
3244,CASE_B,15.0,15.0,3.0
3245,CASE_B,15.0,15.0,3.0
3246,CASE_B,15.0,15.0,3.0
3247,CASE_B,15.0,15.0,3.0
3248,CASE_B,15.0,15.0,3.0
3249,CASE_B,15.0,15.0,3.0
3250,CASE_B,15.0,15.0,3.0
3251,CASE_B,15.0,15.0,3.0
3252,CASE_B,15.0,15.0,3.0
3253,CASE_B,15.0,15.0,3.0
3254,CASE_B,15.0,15.0,3.0
3255,CASE_B,15.0,15.0,3.0
3256,CASE_B,15.0,15.0,3.0
3257,CASE_B,15.0,15.0,3.0
3258,CASE_B,15.0,15.0,3.0
3259,CASE_B,15.0,15.0,3.0
3260,CASE_B,15.0,15.0,3.0
3261,CASE_B,15.0,15.0,3.0
3262,CASE_B,15.0,15.0,3.0
3263,CASE_B,15.0,15.0,3.0
3264,CASE_B,15.0,15.0,3.0
3265,CASE_B,15.0,15.0,3.0
3266,CASE_B,15.0,15.0,3.0
3267,CASE_B,15.0,15.0,3.0
3268,CASE_B,15.0,15.0,3.0
3269,CASE_B,15.0,15.0,3.0
3270,CASE_B,15.0,15.0,3.0
3271,CASE_B,15.0,15.0,3.0
3272,CASE_B,15.0,15.0,3.0
3273,CASE_B,15.0,15.0,3.0
3274,CASE_B,15.0,15.0,3.0
3275,CASE_B,15.0,15.0,3.0
3276,CASE_B,15.0,15.0,3.0
3277,CASE_B,15.0,15.0,3.0
3278,CASE_B,15.0,15.0,3.0
3279,CASE_B,15.0,15.0,3.0
3280,CASE_B,15.0,15.0,3.0
3281,CASE_B,15.0,15.0,3.0
3282,CASE_B,15.0,15.0,3.0
3283,CASE_B,15.0,15.0,3.0
3284,CASE_B,15.0,15.0,3.0
3285,CASE_B,15.0,15.0,3.0
3286,CASE_B,15.0,15.0,3.0
3287,CASE_B,15.0,15.0,3.0
3288,CASE_B,15.0,15.0,3.0
3289,CASE_B,15.0,15.0,3.0
3290,CASE_B,15.0,15.0,3.0
3291,CASE_B,15.0,15.0,3.0
3292,CASE_B,15.0,15.0,3.0
3293,CASE_B,15.0,15.0,3.0
3294,CASE_B,15.0,15.0,3.0
3295,CASE_B,15.0,15.0,3.0
3296,CASE_B,15.0,15.0,3.0
3297,CASE_B,15.0,15.0,3.0
3298,CASE_B,15.0,15.0,3.0
3299,CASE_B,15.0,15.0,3.0
3300,CASE_B,15.0,15.0,3.0
3301,CASE_B,15.0,15.0,3.0
3302,CASE_B,15.0,15.0,3.0
3303,CASE_B,15.0,15.0,3.0
3304,CASE_B,15.0,15.0,3.0
3305,CASE_B,15.0,15.0,3.0
3306,CASE_B,15.0,15.0,3.0
3307,CASE_B,15.0,15.0,3.0
3308,CASE_B,15.0,15.0,3.0
3309,CASE_B,15.0,15.0,3.0
3310,CASE_B,15.0,15.0,3.0
3311,CASE_B,15.0,15.0,3.0
3312,CASE_B,15.0,15.0,3.0
3313,CASE_B,15.0,15.0,3.0
3314,CASE_B,15.0,15.0,3.0
3315,CASE_B,15.0,15.0,3.0
3316,CASE_B,15.0,15.0,3.0
3317,CASE_B,15.0,15.0,3.0
3318,CASE_B,15.0,15.0,3.0
3319,CASE_B,15.0,15.0,3.0
3320,CASE_B,15.0,15.0,3.0
3321,CASE_B,15.0,15.0,3.0
3322,CASE_B,15.0,15.0,3.0
3323,CASE_B,15.0,15.0,3.0
3324,CASE_B,15.0,15.0,3.0
3325,CASE_B,15.0,15.0,3.0
3326,CASE_B,15.0,15.0,3.0
3327,CASE_B,15.0,15.0,3.0
3328,CASE_B,15.0,15.0,3.0
3329,CASE_B,15.0,15.0,3.0
3330,CASE_B,15.0,15.0,3.0
3331,CASE_B,15.0,15.0,3.0
3332,CASE_B,15.0,15.0,3.0
3333,CASE_B,15.0,15.0,3.0
3334,CASE_B,15.0,15.0,3.0
3335,CASE_B,15.0,15.0,3.0
3336,CASE_B,15.0,15.0,3.0
3337,CASE_B,15.0,15.0,3.0
3338,CASE_B,15.0,15.0,3.0
3339,CASE_B,15.0,15.0,3.0
3340,CASE_B,15.0,15.0,3.0
3341,CASE_B,15.0,15.0,3.0
3342,CASE_B,15.0,15.0,3.0
3343,CASE_B,15.0,15.0,3.0
3344,CASE_B,15.0,15.0,3.0
3345,CASE_B,15.0,15.0,3.0
3346,CASE_B,15.0,15.0,3.0
3347,CASE_B,15.0,15.0,3.0
3348,CASE_B,15.0,15.0,3.0
3349,CASE_B,15.0,15.0,3.0
3350,CASE_B,15.0,15.0,3.0
3351,CASE_B,15.0,15.0,3.0
3352,CASE_B,15.0,15.0,3.0
3353,CASE_B,15.0,15.0,3.0
3354,CASE_B,15.0,15.0,3.0
3355,CASE_B,15.0,15.0,3.0
3356,CASE_B,15.0,15.0,3.0
3357,CASE_B,15.0,15.0,3.0
3358,CASE_B,15.0,15.0,3.0
3359,CASE_B,15.0,15.0,3.0
3360,CASE_B,15.0,15.0,3.0
3361,CASE_B,15.0,15.0,3.0
3362,CASE_B,15.0,15.0,3.0
3363,CASE_B,15.0,15.0,3.0
3364,CASE_B,15.0,15.0,3.0
3365,CASE_B,15.0,15.0,3.0
3366,CASE_B,15.0,15.0,3.0
3367,CASE_B,15.0,15.0,3.0
3368,CASE_B,15.0,15.0,3.0
3369,CASE_B,15.0,15.0,3.0
3370,CASE_B,15.0,15.0,3.0
3371,CASE_B,15.0,15.0,3.0
3372,CASE_B,15.0,15.0,3.0
3373,CASE_B,15.0,15.0,3.0
3374,CASE_B,15.0,15.0,3.0
3375,CASE_B,15.0,15.0,3.0
3376,CASE_B,15.0,15.0,3.0
3377,CASE_B,15.0,15.0,3.0
3378,CASE_B,15.0,15.0,3.0
3379,CASE_B,15.0,15.0,3.0
3380,CASE_B,15.0,15.0,3.0
3381,CASE_B,15.0,15.0,3.0
3382,CASE_B,15.0,15.0,3.0
3383,CASE_B,15.0,15.0,3.0
3384,CASE_B,15.0,15.0,3.0
3385,CASE_B,15.0,15.0,3.0
3386,CASE_B,15.0,15.0,3.0
3387,CASE_B,15.0,15.0,3.0
3388,CASE_B,15.0,15.0,3.0
3389,CASE_B,15.0,15.0,3.0
3390,CASE_B,15.0,15.0,3.0
3391,CASE_B,15.0,15.0,3.0
3392,CASE_B,15.0,15.0,3.0
3393,CASE_B,15.0,15.0,3.0
3394,CASE_B,15.0,15.0,3.0
3395,CASE_B,15.0,15.0,3.0
3396,CASE_B,15.0,15.0,3.0
3397,CASE_B,15.0,15.0,3.0
3398,CASE_B,15.0,15.0,3.0
3399,CASE_B,15.0,15.0,3.0
3400,CASE_B,15.0,15.0,3.0
3401,CASE_B,15.0,15.0,3.0
3402,CASE_B,15.0,15.0,3.0
3403,CASE_B,15.0,15.0,3.0
3404,CASE_B,15.0,15.0,3.0
3405,CASE_B,15.0,15.0,3.0
3406,CASE_B,15.0,15.0,3.0
3407,CASE_B,15.0,15.0,3.0
3408,CASE_B,15.0,15.0,3.0
3409,CASE_B,15.0,15.0,3.0
3410,CASE_B,15.0,15.0,3.0
3411,CASE_B,15.0,15.0,3.0
3412,CASE_B,15.0,15.0,3.0
3413,CASE_B,15.0,15.0,3.0
3414,CASE_B,15.0,15.0,3.0
3415,CASE_B,15.0,15.0,3.0
3416,CASE_B,15.0,15.0,3.0
3417,CASE_B,15.0,15.0,3.0
3418,CASE_B,15.0,15.0,3.0
3419,CASE_B,15.0,15.0,3.0
3420,CASE_B,15.0,15.0,3.0
3421,CASE_B,15.0,15.0,3.0
3422,CASE_B,15.0,15.0,3.0
3423,CASE_B,15.0,15.0,3.0
3424,CASE_B,15.0,15.0,3.0
3425,CASE_B,15.0,15.0,3.0
3426,CASE_B,15.0,15.0,3.0
3427,CASE_B,15.0,15.0,3.0
3428,CASE_B,15.0,15.0,3.0
3429,CASE_B,15.0,15.0,3.0
3430,CASE_B,15.0,15.0,3.0
3431,CASE_B,15.0,15.0,3.0
3432,CASE_B,15.0,15.0,3.0
3433,CASE_B,15.0,15.0,3.0
3434,CASE_B,15.0,15.0,3.0
3435,CASE_B,15.0,15.0,3.0
3436,CASE_B,15.0,15.0,3.0
3437,CASE_B,15.0,15.0,3.0
3438,CASE_B,15.0,15.0,3.0
3439,CASE_B,15.0,15.0,3.0
3440,CASE_B,15.0,15.0,3.0
3441,CASE_B,15.0,15.0,3.0
3442,CASE_B,15.0,15.0,3.0
3443,CASE_B,15.0,15.0,3.0
3444,CASE_B,15.0,15.0,3.0
3445,CASE_B,15.0,15.0,3.0
3446,CASE_B,15.0,15.0,3.0
3447,CASE_B,15.0,15.0,3.0
3448,CASE_B,15.0,15.0,3.0
3449,CASE_B,15.0,15.0,3.0
3450,CASE_B,15.0,15.0,3.0
3451,CASE_B,15.0,15.0,3.0
3452,CASE_B,15.0,15.0,3.0
3453,CASE_B,15.0,15.0,3.0
3454,CASE_B,15.0,15.0,3.0
3455,CASE_B,15.0,15.0,3.0
3456,CASE_B,15.0,15.0,3.0
3457,CASE_B,15.0,15.0,3.0
3458,CASE_B,15.0,15.0,3.0
3459,CASE_B,15.0,15.0,3.0
3460,CASE_B,15.0,15.0,3.0
3461,CASE_B,15.0,15.0,3.0
3462,CASE_B,15.0,15.0,3.0
3463,CASE_B,15.0,15.0,3.0
3464,CASE_B,15.0,15.0,3.0
3465,CASE_B,15.0,15.0,3.0
3466,CASE_B,15.0,15.0,3.0
3467,CASE_B,15.0,15.0,3.0
3468,CASE_B,15.0,15.0,3.0
3469,CASE_B,15.0,15.0,3.0
3470,CASE_B,15.0,15.0,3.0
3471,CASE_B,15.0,15.0,3.0
3472,CASE_B,15.0,15.0,3.0
3473,CASE_B,15.0,15.0,3.0
3474,CASE_B,15.0,15.0,3.0
3475,CASE_B,15.0,15.0,3.0
3476,CASE_B,15.0,15.0,3.0
3477,CASE_B,15.0,15.0,3.0
3478,CASE_B,15.0,15.0,3.0
3479,CASE_B,15.0,15.0,3.0
3480,CASE_B,15.0,15.0,3.0
3481,CASE_B,15.0,15.0,3.0
3482,CASE_B,15.0,15.0,3.0
3483,CASE_B,15.0,15.0,3.0
3484,CASE_B,15.0,15.0,3.0
3485,CASE_B,15.0,15.0,3.0
3486,CASE_B,15.0,15.0,3.0
3487,CASE_B,15.0,15.0,3.0
3488,CASE_B,15.0,15.0,3.0
3489,CASE_B,15.0,15.0,3.0
3490,CASE_B,15.0,15.0,3.0
3491,CASE_B,15.0,15.0,3.0
3492,CASE_B,15.0,15.0,3.0
3493,CASE_B,15.0,15.0,3.0
3494,CASE_B,15.0,15.0,3.0
3495,CASE_B,15.0,15.0,3.0
3496,CASE_B,15.0,15.0,3.0
3497,CASE_B,15.0,15.0,3.0
3498,CASE_B,15.0,15.0,3.0
3499,CASE_B,15.0,15.0,3.0
3500,CASE_B,15.0,15.0,3.0
3501,CASE_B,15.0,15.0,3.0
3502,CASE_B,15.0,15.0,3.0
3503,CASE_B,15.0,15.0,3.0
3504,CASE_B,15.0,15.0,3.0
3505,CASE_B,15.0,15.0,3.0
3506,CASE_B,15.0,15.0,3.0
3507,CASE_B,15.0,15.0,3.0
3508,CASE_B,15.0,15.0,3.0
3509,CASE_B,15.0,15.0,3.0
3510,CASE_B,15.0,15.0,3.0
3511,CASE_B,15.0,15.0,3.0
3512,CASE_B,15.0,15.0,3.0
3513,CASE_B,15.0,15.0,3.0
3514,CASE_B,15.0,15.0,3.0
3515,CASE_B,15.0,15.0,3.0
3516,CASE_B,15.0,15.0,3.0
3517,CASE_B,15.0,15.0,3.0
3518,CASE_B,15.0,15.0,3.0
3519,CASE_B,15.0,15.0,3.0
3520,CASE_B,15.0,15.0,3.0
3521,CASE_B,15.0,15.0,3.0
3522,CASE_B,15.0,15.0,3.0
3523,CASE_B,15.0,15.0,3.0
3524,CASE_B,15.0,15.0,3.0
3525,CASE_B,15.0,15.0,3.0
3526,CASE_B,15.0,15.0,3.0
3527,CASE_B,15.0,15.0,3.0
3528,CASE_B,15.0,15.0,3.0
3529,CASE_B,15.0,15.0,3.0
3530,CASE_B,15.0,15.0,3.0
3531,CASE_B,15.0,15.0,3.0
3532,CASE_B,15.0,15.0,3.0
3533,CASE_B,15.0,15.0,3.0
3534,CASE_B,15.0,15.0,3.0
3535,CASE_B,15.0,15.0,3.0
3536,CASE_B,15.0,15.0,3.0
3537,CASE_B,15.0,15.0,3.0
3538,CASE_B,15.0,15.0,3.0
3539,CASE_B,15.0,15.0,3.0
3540,CASE_B,15.0,15.0,3.0
3541,CASE_B,15.0,15.0,3.0
3542,CASE_B,15.0,15.0,3.0
3543,CASE_B,15.0,15.0,3.0
3544,CASE_B,15.0,15.0,3.0
3545,CASE_B,15.0,15.0,3.0
3546,CASE_B,15.0,15.0,3.0
3547,CASE_B,15.0,15.0,3.0
3548,CASE_B,15.0,15.0,3.0
3549,CASE_B,15.0,15.0,3.0
3550,CASE_B,15.0,15.0,3.0
3551,CASE_B,15.0,15.0,3.0
3552,CASE_B,15.0,15.0,3.0
3553,CASE_B,15.0,15.0,3.0
3554,CASE_B,15.0,15.0,3.0
3555,CASE_B,15.0,15.0,3.0
3556,CASE_B,15.0,15.0,3.0
3557,CASE_B,15.0,15.0,3.0
3558,CASE_B,15.0,15.0,3.0
3559,CASE_B,15.0,15.0,3.0
3560,CASE_B,15.0,15.0,3.0
3561,CASE_B,15.0,15.0,3.0
3562,CASE_B,15.0,15.0,3.0
3563,CASE_B,15.0,15.0,3.0
3564,CASE_B,15.0,15.0,3.0
3565,CASE_B,15.0,15.0,3.0
3566,CASE_B,15.0,15.0,3.0
3567,CASE_B,15.0,15.0,3.0
3568,CASE_B,15.0,15.0,3.0
3569,CASE_B,15.0,15.0,3.0
3570,CASE_B,15.0,15.0,3.0
3571,CASE_B,15.0,15.0,3.0
3572,CASE_B,15.0,15.0,3.0
3573,CASE_B,15.0,15.0,3.0
3574,CASE_B,15.0,15.0,3.0
3575,CASE_B,15.0,15.0,3.0
3576,CASE_B,15.0,15.0,3.0
3577,CASE_B,15.0,15.0,3.0
3578,CASE_B,15.0,15.0,3.0
3579,CASE_B,15.0,15.0,3.0
3580,CASE_B,15.0,15.0,3.0
3581,CASE_B,15.0,15.0,3.0
3582,CASE_B,15.0,15.0,3.0
3583,CASE_B,15.0,15.0,3.0
3584,CASE_B,15.0,15.0,3.0
3585,CASE_B,15.0,15.0,3.0
3586,CASE_B,15.0,15.0,3.0
3587,CASE_B,15.0,15.0,3.0
3588,CASE_B,15.0,15.0,3.0
3589,CASE_B,15.0,15.0,3.0
3590,CASE_B,15.0,15.0,3.0
3591,CASE_B,15.0,15.0,3.0
3592,CASE_B,15.0,15.0,3.0
3593,CASE_B,15.0,15.0,3.0
3594,CASE_B,15.0,15.0,3.0
3595,CASE_B,15.0,15.0,3.0
3596,CASE_B,15.0,15.0,3.0
3597,CASE_B,15.0,15.0,3.0
3598,CASE_B,15.0,15.0,3.0
3599,CASE_B,15.0,15.0,3.0
3600,CASE_B,15.0,15.0,3.0
0,CASE_C,22.5,15.0,0.0
1,CASE_C,22.5,15.0,0.0
2,CASE_C,22.5,15.0,0.0
3,CASE_C,22.5,15.0,0.0
4,CASE_C,22.5,15.0,0.0
5,CASE_C,22.5,15.0,0.0
6,CASE_C,22.5,15.0,0.0
7,CASE_C,22.5,15.0,0.0
8,CASE_C,22.5,15.0,0.0
9,CASE_C,22.5,15.0,0.0
10,CASE_C,22.5,15.0,0.0
11,CASE_C,22.5,15.0,0.0
12,CASE_C,22.5,15.0,0.0
13,CASE_C,22.5,15.0,0.0
14,CASE_C,22.5,15.0,0.0
15,CASE_C,22.5,15.0,0.0
16,CASE_C,22.5,15.0,0.0
17,CASE_C,22.5,15.0,0.0
18,CASE_C,22.5,15.0,0.0
19,CASE_C,22.5,15.0,0.0
20,CASE_C,22.5,15.0,0.0
21,CASE_C,22.5,15.0,0.0
22,CASE_C,22.5,15.0,0.0
23,CASE_C,22.5,15.0,0.0
24,CASE_C,22.5,15.0,0.0
25,CASE_C,22.5,15.0,0.0
26,CASE_C,22.5,15.0,0.0
27,CASE_C,22.5,15.0,0.0
28,CASE_C,22.5,15.0,0.0
29,CASE_C,22.5,15.0,0.0
30,CASE_C,22.5,15.0,0.0
31,CASE_C,22.5,15.0,0.0
32,CASE_C,22.5,15.0,0.0
33,CASE_C,22.5,15.0,0.0
34,CASE_C,22.5,15.0,0.0
35,CASE_C,22.5,15.0,0.0
36,CASE_C,22.5,15.0,0.0
37,CASE_C,22.5,15.0,0.0
38,CASE_C,22.5,15.0,0.0
39,CASE_C,22.5,15.0,0.0
40,CASE_C,22.5,15.0,0.0
41,CASE_C,22.5,15.0,0.0
42,CASE_C,22.5,15.0,0.0
43,CASE_C,22.5,15.0,0.0
44,CASE_C,22.5,15.0,0.0
45,CASE_C,22.5,15.0,0.0
46,CASE_C,22.5,15.0,0.0
47,CASE_C,22.5,15.0,0.0
48,CASE_C,22.5,15.0,0.0
49,CASE_C,22.5,15.0,0.0
50,CASE_C,22.5,15.0,0.0
51,CASE_C,22.5,15.0,0.0
52,CASE_C,22.5,15.0,0.0
53,CASE_C,22.5,15.0,0.0
54,CASE_C,22.5,15.0,0.0
55,CASE_C,22.5,15.0,0.0
56,CASE_C,22.5,15.0,0.0
57,CASE_C,22.5,15.0,0.0
58,CASE_C,22.5,15.0,0.0
59,CASE_C,22.5,15.0,0.0
60,CASE_C,22.5,15.0,0.0
61,CASE_C,22.5,15.0,0.0
62,CASE_C,22.5,15.0,0.0
63,CASE_C,22.5,15.0,0.0
64,CASE_C,22.5,15.0,0.0
65,CASE_C,22.5,15.0,0.0
66,CASE_C,22.5,15.0,0.0
67,CASE_C,22.5,15.0,0.0
68,CASE_C,22.5,15.0,0.0
69,CASE_C,22.5,15.0,0.0
70,CASE_C,22.5,15.0,0.0
71,CASE_C,22.5,15.0,0.0
72,CASE_C,22.5,15.0,0.0
73,CASE_C,22.5,15.0,0.0
74,CASE_C,22.5,15.0,0.0
75,CASE_C,22.5,15.0,0.0
76,CASE_C,22.5,15.0,0.0
77,CASE_C,22.5,15.0,0.0
78,CASE_C,22.5,15.0,0.0
79,CASE_C,22.5,15.0,0.0
80,CASE_C,22.5,15.0,0.0
81,CASE_C,22.5,15.0,0.0
82,CASE_C,22.5,15.0,0.0
83,CASE_C,22.5,15.0,0.0
84,CASE_C,22.5,15.0,0.0
85,CASE_C,22.5,15.0,0.0
86,CASE_C,22.5,15.0,0.0
87,CASE_C,22.5,15.0,0.0
88,CASE_C,22.5,15.0,0.0
89,CASE_C,22.5,15.0,0.0
90,CASE_C,22.5,15.0,0.0
91,CASE_C,22.5,15.0,0.0
92,CASE_C,22.5,15.0,0.0
93,CASE_C,22.5,15.0,0.0
94,CASE_C,22.5,15.0,0.0
95,CASE_C,22.5,15.0,0.0
96,CASE_C,22.5,15.0,0.0
97,CASE_C,22.5,15.0,0.0
98,CASE_C,22.5,15.0,0.0
99,CASE_C,22.5,15.0,0.0
100,CASE_C,22.5,15.0,0.0
101,CASE_C,22.5,15.0,0.0
102,CASE_C,22.5,15.0,0.0
103,CASE_C,22.5,15.0,0.0
104,CASE_C,22.5,15.0,0.0
105,CASE_C,22.5,15.0,0.0
106,CASE_C,22.5,15.0,0.0
107,CASE_C,22.5,15.0,0.0
108,CASE_C,22.5,15.0,0.0
109,CASE_C,22.5,15.0,0.0
110,CASE_C,22.5,15.0,0.0
111,CASE_C,22.5,15.0,0.0
112,CASE_C,22.5,15.0,0.0
113,CASE_C,22.5,15.0,0.0
114,CASE_C,22.5,15.0,0.0
115,CASE_C,22.5,15.0,0.0
116,CASE_C,22.5,15.0,0.0
117,CASE_C,22.5,15.0,0.0
118,CASE_C,22.5,15.0,0.0
119,CASE_C,22.5,15.0,0.0
120,CASE_C,22.5,15.0,0.0
121,CASE_C,22.5,15.0,0.0
122,CASE_C,22.5,15.0,0.0
123,CASE_C,22.5,15.0,0.0
124,CASE_C,22.5,15.0,0.0
125,CASE_C,22.5,15.0,0.0
126,CASE_C,22.5,15.0,0.0
127,CASE_C,22.5,15.0,0.0
128,CASE_C,22.5,15.0,0.0
129,CASE_C,22.5,15.0,0.0
130,CASE_C,22.5,15.0,0.0
131,CASE_C,22.5,15.0,0.0
132,CASE_C,22.5,15.0,0.0
133,CASE_C,22.5,15.0,0.0
134,CASE_C,22.5,15.0,0.0
135,CASE_C,22.5,15.0,0.0
136,CASE_C,22.5,15.0,0.0
137,CASE_C,22.5,15.0,0.0
138,CASE_C,22.5,15.0,0.0
139,CASE_C,22.5,15.0,0.0
140,CASE_C,22.5,15.0,0.0
141,CASE_C,22.5,15.0,0.0
142,CASE_C,22.5,15.0,0.0
143,CASE_C,22.5,15.0,0.0
144,CASE_C,22.5,15.0,0.0
145,CASE_C,22.5,15.0,0.0
146,CASE_C,22.5,15.0,0.0
147,CASE_C,22.5,15.0,0.0
148,CASE_C,22.5,15.0,0.0
149,CASE_C,22.5,15.0,0.0
150,CASE_C,22.5,15.0,0.0
151,CASE_C,22.5,15.0,0.0
152,CASE_C,22.5,15.0,0.0
153,CASE_C,22.5,15.0,0.0
154,CASE_C,22.5,15.0,0.0
155,CASE_C,22.5,15.0,0.0
156,CASE_C,22.5,15.0,0.0
157,CASE_C,22.5,15.0,0.0
158,CASE_C,22.5,15.0,0.0
159,CASE_C,22.5,15.0,0.0
160,CASE_C,22.5,15.0,0.0
161,CASE_C,22.5,15.0,1.0
162,CASE_C,22.5,15.0,1.0
163,CASE_C,22.5,15.0,1.0
164,CASE_C,22.5,15.0,1.0
165,CASE_C,22.5,15.0,1.0
166,CASE_C,22.5,15.0,1.0
167,CASE_C,22.5,15.0,1.0
168,CASE_C,22.5,15.0,1.0
169,CASE_C,22.5,15.0,1.0
170,CASE_C,22.5,15.0,1.0
171,CASE_C,22.5,15.0,1.0
172,CASE_C,22.5,15.0,1.0
173,CASE_C,22.5,15.0,1.0
174,CASE_C,22.5,15.0,1.0
175,CASE_C,22.5,15.0,1.0
176,CASE_C,22.5,15.0,1.0
177,CASE_C,22.5,15.0,1.0
178,CASE_C,22.5,15.0,1.0
179,CASE_C,22.5,15.0,1.0
180,CASE_C,22.5,15.0,1.0
181,CASE_C,22.5,15.0,1.0
182,CASE_C,22.5,15.0,1.0
183,CASE_C,22.5,15.0,1.0
184,CASE_C,22.5,15.0,1.0
185,CASE_C,22.5,15.0,1.0
186,CASE_C,22.5,15.0,1.0
187,CASE_C,22.5,15.0,1.0
188,CASE_C,22.5,15.0,1.0
189,CASE_C,22.5,15.0,1.0
190,CASE_C,22.5,15.0,1.0
191,CASE_C,22.5,15.0,1.0
192,CASE_C,22.5,15.0,1.0
193,CASE_C,22.5,15.0,1.0
194,CASE_C,22.5,15.0,1.0
195,CASE_C,22.5,15.0,1.0
196,CASE_C,22.5,15.0,1.0
197,CASE_C,22.5,15.0,1.0
198,CASE_C,22.5,15.0,1.0
199,CASE_C,22.5,15.0,1.0
200,CASE_C,22.5,15.0,1.0
201,CASE_C,22.5,15.0,1.0
202,CASE_C,22.5,15.0,1.0
203,CASE_C,22.5,15.0,1.0
204,CASE_C,22.5,15.0,1.0
205,CASE_C,22.5,15.0,1.0
206,CASE_C,22.5,15.0,1.0
207,CASE_C,22.5,15.0,1.0
208,CASE_C,22.5,15.0,1.0
209,CASE_C,22.5,15.0,1.0
210,CASE_C,22.5,15.0,1.0
211,CASE_C,22.5,15.0,1.0
212,CASE_C,22.5,15.0,1.0
213,CASE_C,22.5,15.0,1.0
214,CASE_C,22.5,15.0,1.0
215,CASE_C,22.5,15.0,1.0
216,CASE_C,22.5,15.0,1.0
217,CASE_C,22.5,15.0,1.0
218,CASE_C,22.5,15.0,1.0
219,CASE_C,22.5,15.0,1.0
220,CASE_C,22.5,15.0,1.0
221,CASE_C,22.5,15.0,1.0
222,CASE_C,22.5,15.0,1.0
223,CASE_C,22.5,15.0,1.0
224,CASE_C,22.5,15.0,1.0
225,CASE_C,22.5,15.0,1.0
226,CASE_C,22.5,15.0,1.0
227,CASE_C,22.5,15.0,1.0
228,CASE_C,22.5,15.0,1.0
229,CASE_C,22.5,15.0,1.0
230,CASE_C,22.5,15.0,1.0
231,CASE_C,22.5,15.0,1.0
232,CASE_C,22.5,15.0,1.0
233,CASE_C,22.5,15.0,1.0
234,CASE_C,22.5,15.0,1.0
235,CASE_C,22.5,15.0,1.0
236,CASE_C,22.5,15.0,1.0
237,CASE_C,22.5,15.0,1.0
238,CASE_C,22.5,15.0,1.0
239,CASE_C,22.5,15.0,1.0
240,CASE_C,22.5,15.0,1.0
241,CASE_C,22.5,15.0,1.0
242,CASE_C,22.5,15.0,1.0
243,CASE_C,22.5,15.0,1.0
244,CASE_C,22.5,15.0,1.0
245,CASE_C,22.5,15.0,1.0
246,CASE_C,22.5,15.0,1.0
247,CASE_C,22.5,15.0,1.0
248,CASE_C,22.5,15.0,1.0
249,CASE_C,22.5,15.0,1.0
250,CASE_C,22.5,15.0,1.0
251,CASE_C,22.5,15.0,1.0
252,CASE_C,22.5,15.0,1.0
253,CASE_C,22.5,15.0,1.0
254,CASE_C,22.5,15.0,1.0
255,CASE_C,22.5,15.0,1.0
256,CASE_C,22.5,15.0,1.0
257,CASE_C,22.5,15.0,1.0
258,CASE_C,22.5,15.0,1.0
259,CASE_C,22.5,15.0,1.0
260,CASE_C,22.5,15.0,1.0
261,CASE_C,22.5,15.0,1.0
262,CASE_C,22.5,15.0,1.0
263,CASE_C,22.5,15.0,1.0
264,CASE_C,22.5,15.0,1.0
265,CASE_C,22.5,15.0,1.0
266,CASE_C,22.5,15.0,1.0
267,CASE_C,22.5,15.0,1.0
268,CASE_C,22.5,15.0,1.0
269,CASE_C,22.5,15.0,1.0
270,CASE_C,22.5,15.0,1.0
271,CASE_C,22.5,15.0,1.0
272,CASE_C,22.5,15.0,1.0
273,CASE_C,22.5,15.0,1.0
274,CASE_C,22.5,15.0,1.0
275,CASE_C,22.5,15.0,1.0
276,CASE_C,22.5,15.0,1.0
277,CASE_C,22.5,15.0,1.0
278,CASE_C,22.5,15.0,1.0
279,CASE_C,22.5,15.0,1.0
280,CASE_C,22.5,15.0,1.0
281,CASE_C,22.5,15.0,1.0
282,CASE_C,22.5,15.0,1.0
283,CASE_C,22.5,15.0,1.0
284,CASE_C,22.5,15.0,1.0
285,CASE_C,22.5,15.0,1.0
286,CASE_C,22.5,15.0,1.0
287,CASE_C,22.5,15.0,1.0
288,CASE_C,22.5,15.0,1.0
289,CASE_C,22.5,15.0,1.0
290,CASE_C,22.5,15.0,1.0
291,CASE_C,22.5,15.0,1.0
292,CASE_C,22.5,15.0,1.0
293,CASE_C,22.5,15.0,1.0
294,CASE_C,22.5,15.0,1.0
295,CASE_C,22.5,15.0,1.0
296,CASE_C,22.5,15.0,1.0
297,CASE_C,22.5,15.0,1.0
298,CASE_C,22.5,15.0,1.0
299,CASE_C,22.5,15.0,1.0
300,CASE_C,22.5,15.0,1.0
301,CASE_C,22.5,15.0,1.0
302,CASE_C,22.5,15.0,1.0
303,CASE_C,22.5,15.0,1.0
304,CASE_C,22.5,15.0,1.0
305,CASE_C,22.5,15.0,1.0
306,CASE_C,22.5,15.0,1.0
307,CASE_C,22.5,15.0,1.0
308,CASE_C,22.5,15.0,1.0
309,CASE_C,22.5,15.0,1.0
310,CASE_C,22.5,15.0,1.0
311,CASE_C,22.5,15.0,1.0
312,CASE_C,22.5,15.0,1.0
313,CASE_C,22.5,15.0,1.0
314,CASE_C,22.5,15.0,1.0
315,CASE_C,22.5,15.0,1.0
316,CASE_C,22.5,15.0,1.0
317,CASE_C,22.5,15.0,1.0
318,CASE_C,22.5,15.0,1.0
319,CASE_C,22.5,15.0,1.0
320,CASE_C,22.5,15.0,1.0
321,CASE_C,22.5,15.0,2.0
322,CASE_C,22.5,15.0,2.0
323,CASE_C,22.5,15.0,2.0
324,CASE_C,22.5,15.0,2.0
325,CASE_C,22.5,15.0,2.0
326,CASE_C,22.5,15.0,2.0
327,CASE_C,22.5,15.0,2.0
328,CASE_C,22.5,15.0,2.0
329,CASE_C,22.5,15.0,2.0
330,CASE_C,22.5,15.0,2.0
331,CASE_C,22.5,15.0,2.0
332,CASE_C,22.5,15.0,2.0
333,CASE_C,22.5,15.0,2.0
334,CASE_C,22.5,15.0,2.0
335,CASE_C,22.5,15.0,2.0
336,CASE_C,22.5,15.0,2.0
337,CASE_C,22.5,15.0,2.0
338,CASE_C,22.5,15.0,2.0
339,CASE_C,22.5,15.0,2.0
340,CASE_C,22.5,15.0,2.0
341,CASE_C,22.5,15.0,2.0
342,CASE_C,22.5,15.0,2.0
343,CASE_C,22.5,15.0,2.0
344,CASE_C,22.5,15.0,2.0
345,CASE_C,22.5,15.0,2.0
346,CASE_C,22.5,15.0,2.0
347,CASE_C,22.5,15.0,2.0
348,CASE_C,22.5,15.0,2.0
349,CASE_C,22.5,15.0,2.0
350,CASE_C,22.5,15.0,2.0
351,CASE_C,22.5,15.0,2.0
352,CASE_C,22.5,15.0,2.0
353,CASE_C,22.5,15.0,2.0
354,CASE_C,22.5,15.0,2.0
355,CASE_C,22.5,15.0,2.0
356,CASE_C,22.5,15.0,2.0
357,CASE_C,22.5,15.0,2.0
358,CASE_C,22.5,15.0,2.0
359,CASE_C,22.5,15.0,2.0
360,CASE_C,22.5,15.0,2.0
361,CASE_C,22.5,15.0,2.0
362,CASE_C,22.5,15.0,2.0
363,CASE_C,22.5,15.0,2.0
364,CASE_C,22.5,15.0,2.0
365,CASE_C,22.5,15.0,2.0
366,CASE_C,22.5,15.0,2.0
367,CASE_C,22.5,15.0,2.0
368,CASE_C,22.5,15.0,2.0
369,CASE_C,22.5,15.0,2.0
370,CASE_C,22.5,15.0,2.0
371,CASE_C,22.5,15.0,2.0
372,CASE_C,22.5,15.0,2.0
373,CASE_C,22.5,15.0,2.0
374,CASE_C,22.5,15.0,2.0
375,CASE_C,22.5,15.0,2.0
376,CASE_C,22.5,15.0,2.0
377,CASE_C,22.5,15.0,2.0
378,CASE_C,22.5,15.0,2.0
379,CASE_C,22.5,15.0,2.0
380,CASE_C,22.5,15.0,2.0
381,CASE_C,22.5,15.0,2.0
382,CASE_C,22.5,15.0,2.0
383,CASE_C,22.5,15.0,2.0
384,CASE_C,22.5,15.0,2.0
385,CASE_C,22.5,15.0,2.0
386,CASE_C,22.5,15.0,2.0
387,CASE_C,22.5,15.0,2.0
388,CASE_C,22.5,15.0,2.0
389,CASE_C,22.5,15.0,2.0
390,CASE_C,22.5,15.0,2.0
391,CASE_C,22.5,15.0,2.0
392,CASE_C,22.5,15.0,2.0
393,CASE_C,22.5,15.0,2.0
394,CASE_C,22.5,15.0,2.0
395,CASE_C,22.5,15.0,2.0
396,CASE_C,22.5,15.0,2.0
397,CASE_C,22.5,15.0,2.0
398,CASE_C,22.5,15.0,2.0
399,CASE_C,22.5,15.0,2.0
400,CASE_C,22.5,15.0,2.0
401,CASE_C,22.5,15.0,1.0
402,CASE_C,22.5,15.0,1.0
403,CASE_C,22.5,15.0,1.0
404,CASE_C,22.5,15.0,1.0
405,CASE_C,22.5,15.0,1.0
406,CASE_C,22.5,15.0,1.0
407,CASE_C,22.5,15.0,1.0
408,CASE_C,22.5,15.0,1.0
409,CASE_C,22.5,15.0,1.0
410,CASE_C,22.5,15.0,1.0
411,CASE_C,22.5,15.0,1.0
412,CASE_C,22.5,15.0,1.0
413,CASE_C,22.5,15.0,1.0
414,CASE_C,22.5,15.0,1.0
415,CASE_C,22.5,15.0,1.0
416,CASE_C,22.5,15.0,1.0
417,CASE_C,22.5,15.0,1.0
418,CASE_C,22.5,15.0,1.0
419,CASE_C,22.5,15.0,1.0
420,CASE_C,22.5,15.0,1.0
421,CASE_C,22.5,15.0,1.0
422,CASE_C,22.5,15.0,1.0
423,CASE_C,22.5,15.0,1.0
424,CASE_C,22.5,15.0,1.0
425,CASE_C,22.5,15.0,1.0
426,CASE_C,22.5,15.0,1.0
427,CASE_C,22.5,15.0,1.0
428,CASE_C,22.5,15.0,1.0
429,CASE_C,22.5,15.0,1.0
430,CASE_C,22.5,15.0,1.0
431,CASE_C,22.5,15.0,1.0
432,CASE_C,22.5,15.0,1.0
433,CASE_C,22.5,15.0,1.0
434,CASE_C,22.5,15.0,1.0
435,CASE_C,22.5,15.0,1.0
436,CASE_C,22.5,15.0,1.0
437,CASE_C,22.5,15.0,1.0
438,CASE_C,22.5,15.0,1.0
439,CASE_C,22.5,15.0,1.0
440,CASE_C,22.5,15.0,1.0
441,CASE_C,22.5,15.0,1.0
442,CASE_C,22.5,15.0,1.0
443,CASE_C,22.5,15.0,1.0
444,CASE_C,22.5,15.0,1.0
445,CASE_C,22.5,15.0,1.0
446,CASE_C,22.5,15.0,1.0
447,CASE_C,22.5,15.0,1.0
448,CASE_C,22.5,15.0,1.0
449,CASE_C,22.5,15.0,1.0
450,CASE_C,22.5,15.0,1.0
451,CASE_C,22.5,15.0,1.0
452,CASE_C,22.5,15.0,1.0
453,CASE_C,22.5,15.0,1.0
454,CASE_C,22.5,15.0,1.0
455,CASE_C,22.5,15.0,1.0
456,CASE_C,22.5,15.0,1.0
457,CASE_C,22.5,15.0,1.0
458,CASE_C,22.5,15.0,1.0
459,CASE_C,22.5,15.0,1.0
460,CASE_C,22.5,15.0,1.0
461,CASE_C,22.5,15.0,1.0
462,CASE_C,22.5,15.0,1.0
463,CASE_C,22.5,15.0,1.0
464,CASE_C,22.5,15.0,1.0
465,CASE_C,22.5,15.0,1.0
466,CASE_C,22.5,15.0,1.0
467,CASE_C,22.5,15.0,1.0
468,CASE_C,22.5,15.0,1.0
469,CASE_C,22.5,15.0,1.0
470,CASE_C,22.5,15.0,1.0
471,CASE_C,22.5,15.0,1.0
472,CASE_C,22.5,15.0,1.0
473,CASE_C,22.5,15.0,1.0
474,CASE_C,22.5,15.0,1.0
475,CASE_C,22.5,15.0,1.0
476,CASE_C,22.5,15.0,1.0
477,CASE_C,22.5,15.0,1.0
478,CASE_C,22.5,15.0,1.0
479,CASE_C,22.5,15.0,1.0
480,CASE_C,22.5,15.0,1.0
481,CASE_C,22.5,15.0,2.0
482,CASE_C,22.5,15.0,2.0
483,CASE_C,22.5,15.0,2.0
484,CASE_C,22.5,15.0,2.0
485,CASE_C,22.5,15.0,2.0
486,CASE_C,22.5,15.0,2.0
487,CASE_C,22.5,15.0,2.0
488,CASE_C,22.5,15.0,2.0
489,CASE_C,22.5,15.0,2.0
490,CASE_C,22.5,15.0,2.0
491,CASE_C,22.5,15.0,2.0
492,CASE_C,22.5,15.0,2.0
493,CASE_C,22.5,15.0,2.0
494,CASE_C,22.5,15.0,2.0
495,CASE_C,22.5,15.0,2.0
496,CASE_C,22.5,15.0,2.0
497,CASE_C,22.5,15.0,2.0
498,CASE_C,22.5,15.0,2.0
499,CASE_C,22.5,15.0,2.0
500,CASE_C,22.5,15.0,2.0
501,CASE_C,22.5,15.0,2.0
502,CASE_C,22.5,15.0,2.0
503,CASE_C,22.5,15.0,2.0
504,CASE_C,22.5,15.0,2.0
505,CASE_C,22.5,15.0,2.0
506,CASE_C,22.5,15.0,2.0
507,CASE_C,22.5,15.0,2.0
508,CASE_C,22.5,15.0,2.0
509,CASE_C,22.5,15.0,2.0
510,CASE_C,22.5,15.0,2.0
511,CASE_C,22.5,15.0,2.0
512,CASE_C,22.5,15.0,2.0
513,CASE_C,22.5,15.0,2.0
514,CASE_C,22.5,15.0,2.0
515,CASE_C,22.5,15.0,2.0
516,CASE_C,22.5,15.0,2.0
517,CASE_C,22.5,15.0,2.0
518,CASE_C,22.5,15.0,2.0
519,CASE_C,22.5,15.0,2.0
520,CASE_C,22.5,15.0,2.0
521,CASE_C,22.5,15.0,2.0
522,CASE_C,22.5,15.0,2.0
523,CASE_C,22.5,15.0,2.0
524,CASE_C,22.5,15.0,2.0
525,CASE_C,22.5,15.0,2.0
526,CASE_C,22.5,15.0,2.0
527,CASE_C,22.5,15.0,2.0
528,CASE_C,22.5,15.0,2.0
529,CASE_C,22.5,15.0,2.0
530,CASE_C,22.5,15.0,2.0
531,CASE_C,22.5,15.0,2.0
532,CASE_C,22.5,15.0,2.0
533,CASE_C,22.5,15.0,2.0
534,CASE_C,22.5,15.0,2.0
535,CASE_C,22.5,15.0,2.0
536,CASE_C,22.5,15.0,2.0
537,CASE_C,22.5,15.0,2.0
538,CASE_C,22.5,15.0,2.0
539,CASE_C,22.5,15.0,2.0
540,CASE_C,22.5,15.0,2.0
541,CASE_C,22.5,15.0,2.0
542,CASE_C,22.5,15.0,2.0
543,CASE_C,22.5,15.0,2.0
544,CASE_C,22.5,15.0,2.0
545,CASE_C,22.5,15.0,2.0
546,CASE_C,22.5,15.0,2.0
547,CASE_C,22.5,15.0,2.0
548,CASE_C,22.5,15.0,2.0
549,CASE_C,22.5,15.0,2.0
550,CASE_C,22.5,15.0,2.0
551,CASE_C,22.5,15.0,2.0
552,CASE_C,22.5,15.0,2.0
553,CASE_C,22.5,15.0,2.0
554,CASE_C,22.5,15.0,2.0
555,CASE_C,22.5,15.0,2.0
556,CASE_C,22.5,15.0,2.0
557,CASE_C,22.5,15.0,2.0
558,CASE_C,22.5,15.0,2.0
559,CASE_C,22.5,15.0,2.0
560,CASE_C,22.5,15.0,2.0
561,CASE_C,22.5,15.0,2.0
562,CASE_C,22.5,15.0,2.0
563,CASE_C,22.5,15.0,2.0
564,CASE_C,22.5,15.0,2.0
565,CASE_C,22.5,15.0,2.0
566,CASE_C,22.5,15.0,2.0
567,CASE_C,22.5,15.0,2.0
568,CASE_C,22.5,15.0,2.0
569,CASE_C,22.5,15.0,2.0
570,CASE_C,22.5,15.0,2.0
571,CASE_C,22.5,15.0,2.0
572,CASE_C,22.5,15.0,2.0
573,CASE_C,22.5,15.0,2.0
574,CASE_C,22.5,15.0,2.0
575,CASE_C,22.5,15.0,2.0
576,CASE_C,22.5,15.0,2.0
577,CASE_C,22.5,15.0,2.0
578,CASE_C,22.5,15.0,2.0
579,CASE_C,22.5,15.0,2.0
580,CASE_C,22.5,15.0,2.0
581,CASE_C,22.5,15.0,2.0
582,CASE_C,22.5,15.0,2.0
583,CASE_C,22.5,15.0,2.0
584,CASE_C,22.5,15.0,2.0
585,CASE_C,22.5,15.0,2.0
586,CASE_C,22.5,15.0,2.0
587,CASE_C,22.5,15.0,2.0
588,CASE_C,22.5,15.0,2.0
589,CASE_C,22.5,15.0,2.0
590,CASE_C,22.5,15.0,2.0
591,CASE_C,22.5,15.0,2.0
592,CASE_C,22.5,15.0,2.0
593,CASE_C,22.5,15.0,2.0
594,CASE_C,22.5,15.0,2.0
595,CASE_C,22.5,15.0,2.0
596,CASE_C,22.5,15.0,2.0
597,CASE_C,22.5,15.0,2.0
598,CASE_C,22.5,15.0,2.0
599,CASE_C,22.5,15.0,2.0
600,CASE_C,22.5,15.0,2.0
601,CASE_C,22.5,15.0,2.0
602,CASE_C,22.5,15.0,2.0
603,CASE_C,22.5,15.0,2.0
604,CASE_C,22.5,15.0,2.0
605,CASE_C,22.5,15.0,2.0
606,CASE_C,22.5,15.0,2.0
607,CASE_C,22.5,15.0,2.0
608,CASE_C,22.5,15.0,2.0
609,CASE_C,22.5,15.0,2.0
610,CASE_C,22.5,15.0,2.0
611,CASE_C,22.5,15.0,2.0
612,CASE_C,22.5,15.0,2.0
613,CASE_C,22.5,15.0,2.0
614,CASE_C,22.5,15.0,2.0
615,CASE_C,22.5,15.0,2.0
616,CASE_C,22.5,15.0,2.0
617,CASE_C,22.5,15.0,2.0
618,CASE_C,22.5,15.0,2.0
619,CASE_C,22.5,15.0,2.0
620,CASE_C,22.5,15.0,2.0
621,CASE_C,22.5,15.0,2.0
622,CASE_C,22.5,15.0,2.0
623,CASE_C,22.5,15.0,2.0
624,CASE_C,22.5,15.0,2.0
625,CASE_C,22.5,15.0,2.0
626,CASE_C,22.5,15.0,2.0
627,CASE_C,22.5,15.0,2.0
628,CASE_C,22.5,15.0,2.0
629,CASE_C,22.5,15.0,2.0
630,CASE_C,22.5,15.0,2.0
631,CASE_C,22.5,15.0,2.0
632,CASE_C,22.5,15.0,2.0
633,CASE_C,22.5,15.0,2.0
634,CASE_C,22.5,15.0,2.0
635,CASE_C,22.5,15.0,2.0
636,CASE_C,22.5,15.0,2.0
637,CASE_C,22.5,15.0,2.0
638,CASE_C,22.5,15.0,2.0
639,CASE_C,22.5,15.0,2.0
640,CASE_C,22.5,15.0,2.0
641,CASE_C,22.5,15.0,2.0
642,CASE_C,22.5,15.0,2.0
643,CASE_C,22.5,15.0,2.0
644,CASE_C,22.5,15.0,2.0
645,CASE_C,22.5,15.0,2.0
646,CASE_C,22.5,15.0,2.0
647,CASE_C,22.5,15.0,2.0
648,CASE_C,22.5,15.0,2.0
649,CASE_C,22.5,15.0,2.0
650,CASE_C,22.5,15.0,2.0
651,CASE_C,22.5,15.0,2.0
652,CASE_C,22.5,15.0,2.0
653,CASE_C,22.5,15.0,2.0
654,CASE_C,22.5,15.0,2.0
655,CASE_C,22.5,15.0,2.0
656,CASE_C,22.5,15.0,2.0
657,CASE_C,22.5,15.0,2.0
658,CASE_C,22.5,15.0,2.0
659,CASE_C,22.5,15.0,2.0
660,CASE_C,22.5,15.0,2.0
661,CASE_C,22.5,15.0,2.0
662,CASE_C,22.5,15.0,2.0
663,CASE_C,22.5,15.0,2.0
664,CASE_C,22.5,15.0,2.0
665,CASE_C,22.5,15.0,2.0
666,CASE_C,22.5,15.0,2.0
667,CASE_C,22.5,15.0,2.0
668,CASE_C,22.5,15.0,2.0
669,CASE_C,22.5,15.0,2.0
670,CASE_C,22.5,15.0,2.0
671,CASE_C,22.5,15.0,2.0
672,CASE_C,22.5,15.0,2.0
673,CASE_C,22.5,15.0,2.0
674,CASE_C,22.5,15.0,2.0
675,CASE_C,22.5,15.0,2.0
676,CASE_C,22.5,15.0,2.0
677,CASE_C,22.5,15.0,2.0
678,CASE_C,22.5,15.0,2.0
679,CASE_C,22.5,15.0,2.0
680,CASE_C,22.5,15.0,2.0
681,CASE_C,22.5,15.0,2.0
682,CASE_C,22.5,15.0,2.0
683,CASE_C,22.5,15.0,2.0
684,CASE_C,22.5,15.0,2.0
685,CASE_C,22.5,15.0,2.0
686,CASE_C,22.5,15.0,2.0
687,CASE_C,22.5,15.0,2.0
688,CASE_C,22.5,15.0,2.0
689,CASE_C,22.5,15.0,2.0
690,CASE_C,22.5,15.0,2.0
691,CASE_C,22.5,15.0,2.0
692,CASE_C,22.5,15.0,2.0
693,CASE_C,22.5,15.0,2.0
694,CASE_C,22.5,15.0,2.0
695,CASE_C,22.5,15.0,2.0
696,CASE_C,22.5,15.0,2.0
697,CASE_C,22.5,15.0,2.0
698,CASE_C,22.5,15.0,2.0
699,CASE_C,22.5,15.0,2.0
700,CASE_C,22.5,15.0,2.0
701,CASE_C,22.5,15.0,2.0
702,CASE_C,22.5,15.0,2.0
703,CASE_C,22.5,15.0,2.0
704,CASE_C,22.5,15.0,2.0
705,CASE_C,22.5,15.0,2.0
706,CASE_C,22.5,15.0,2.0
707,CASE_C,22.5,15.0,2.0
708,CASE_C,22.5,15.0,2.0
709,CASE_C,22.5,15.0,2.0
710,CASE_C,22.5,15.0,2.0
711,CASE_C,22.5,15.0,2.0
712,CASE_C,22.5,15.0,2.0
713,CASE_C,22.5,15.0,2.0
714,CASE_C,22.5,15.0,2.0
715,CASE_C,22.5,15.0,2.0
716,CASE_C,22.5,15.0,2.0
717,CASE_C,22.5,15.0,2.0
718,CASE_C,22.5,15.0,2.0
719,CASE_C,22.5,15.0,2.0
720,CASE_C,22.5,15.0,2.0
721,CASE_C,22.5,15.0,2.0
722,CASE_C,22.5,15.0,2.0
723,CASE_C,22.5,15.0,2.0
724,CASE_C,22.5,15.0,2.0
725,CASE_C,22.5,15.0,2.0
726,CASE_C,22.5,15.0,2.0
727,CASE_C,22.5,15.0,2.0
728,CASE_C,22.5,15.0,2.0
729,CASE_C,22.5,15.0,2.0
730,CASE_C,22.5,15.0,2.0
731,CASE_C,22.5,15.0,2.0
732,CASE_C,22.5,15.0,2.0
733,CASE_C,22.5,15.0,2.0
734,CASE_C,22.5,15.0,2.0
735,CASE_C,22.5,15.0,2.0
736,CASE_C,22.5,15.0,2.0
737,CASE_C,22.5,15.0,2.0
738,CASE_C,22.5,15.0,2.0
739,CASE_C,22.5,15.0,2.0
740,CASE_C,22.5,15.0,2.0
741,CASE_C,22.5,15.0,2.0
742,CASE_C,22.5,15.0,2.0
743,CASE_C,22.5,15.0,2.0
744,CASE_C,22.5,15.0,2.0
745,CASE_C,22.5,15.0,2.0
746,CASE_C,22.5,15.0,2.0
747,CASE_C,22.5,15.0,2.0
748,CASE_C,22.5,15.0,2.0
749,CASE_C,22.5,15.0,2.0
750,CASE_C,22.5,15.0,2.0
751,CASE_C,22.5,15.0,2.0
752,CASE_C,22.5,15.0,2.0
753,CASE_C,22.5,15.0,2.0
754,CASE_C,22.5,15.0,2.0
755,CASE_C,22.5,15.0,2.0
756,CASE_C,22.5,15.0,2.0
757,CASE_C,22.5,15.0,2.0
758,CASE_C,22.5,15.0,2.0
759,CASE_C,22.5,15.0,2.0
760,CASE_C,22.5,15.0,2.0
761,CASE_C,22.5,15.0,2.0
762,CASE_C,22.5,15.0,2.0
763,CASE_C,22.5,15.0,2.0
764,CASE_C,22.5,15.0,2.0
765,CASE_C,22.5,15.0,2.0
766,CASE_C,22.5,15.0,2.0
767,CASE_C,22.5,15.0,2.0
768,CASE_C,22.5,15.0,2.0
769,CASE_C,22.5,15.0,2.0
770,CASE_C,22.5,15.0,2.0
771,CASE_C,22.5,15.0,2.0
772,CASE_C,22.5,15.0,2.0
773,CASE_C,22.5,15.0,2.0
774,CASE_C,22.5,15.0,2.0
775,CASE_C,22.5,15.0,2.0
776,CASE_C,22.5,15.0,2.0
777,CASE_C,22.5,15.0,2.0
778,CASE_C,22.5,15.0,2.0
779,CASE_C,22.5,15.0,2.0
780,CASE_C,22.5,15.0,2.0
781,CASE_C,22.5,15.0,2.0
782,CASE_C,22.5,15.0,2.0
783,CASE_C,22.5,15.0,2.0
784,CASE_C,22.5,15.0,2.0
785,CASE_C,22.5,15.0,2.0
786,CASE_C,22.5,15.0,2.0
787,CASE_C,22.5,15.0,2.0
788,CASE_C,22.5,15.0,2.0
789,CASE_C,22.5,15.0,2.0
790,CASE_C,22.5,15.0,2.0
791,CASE_C,22.5,15.0,2.0
792,CASE_C,22.5,15.0,2.0
793,CASE_C,22.5,15.0,2.0
794,CASE_C,22.5,15.0,2.0
795,CASE_C,22.5,15.0,2.0
796,CASE_C,22.5,15.0,2.0
797,CASE_C,22.5,15.0,2.0
798,CASE_C,22.5,15.0,2.0
799,CASE_C,22.5,15.0,2.0
800,CASE_C,22.5,15.0,2.0
801,CASE_C,22.5,15.0,3.0
802,CASE_C,22.5,15.0,3.0
803,CASE_C,22.5,15.0,3.0
804,CASE_C,22.5,15.0,3.0
805,CASE_C,22.5,15.0,3.0
806,CASE_C,22.5,15.0,3.0
807,CASE_C,22.5,15.0,3.0
808,CASE_C,22.5,15.0,3.0
809,CASE_C,22.5,15.0,3.0
810,CASE_C,22.5,15.0,3.0
811,CASE_C,22.5,15.0,3.0
812,CASE_C,22.5,15.0,3.0
813,CASE_C,22.5,15.0,3.0
814,CASE_C,22.5,15.0,3.0
815,CASE_C,22.5,15.0,3.0
816,CASE_C,22.5,15.0,3.0
817,CASE_C,22.5,15.0,3.0
818,CASE_C,22.5,15.0,3.0
819,CASE_C,22.5,15.0,3.0
820,CASE_C,22.5,15.0,3.0
821,CASE_C,22.5,15.0,3.0
822,CASE_C,22.5,15.0,3.0
823,CASE_C,22.5,15.0,3.0
824,CASE_C,22.5,15.0,3.0
825,CASE_C,22.5,15.0,3.0
826,CASE_C,22.5,15.0,3.0
827,CASE_C,22.5,15.0,3.0
828,CASE_C,22.5,15.0,3.0
829,CASE_C,22.5,15.0,3.0
830,CASE_C,22.5,15.0,3.0
831,CASE_C,22.5,15.0,3.0
832,CASE_C,22.5,15.0,3.0
833,CASE_C,22.5,15.0,3.0
834,CASE_C,22.5,15.0,3.0
835,CASE_C,22.5,15.0,3.0
836,CASE_C,22.5,15.0,3.0
837,CASE_C,22.5,15.0,3.0
838,CASE_C,22.5,15.0,3.0
839,CASE_C,22.5,15.0,3.0
840,CASE_C,22.5,15.0,3.0
841,CASE_C,22.5,15.0,3.0
842,CASE_C,22.5,15.0,3.0
843,CASE_C,22.5,15.0,3.0
844,CASE_C,22.5,15.0,3.0
845,CASE_C,22.5,15.0,3.0
846,CASE_C,22.5,15.0,3.0
847,CASE_C,22.5,15.0,3.0
848,CASE_C,22.5,15.0,3.0
849,CASE_C,22.5,15.0,3.0
850,CASE_C,22.5,15.0,3.0
851,CASE_C,22.5,15.0,3.0
852,CASE_C,22.5,15.0,3.0
853,CASE_C,22.5,15.0,3.0
854,CASE_C,22.5,15.0,3.0
855,CASE_C,22.5,15.0,3.0
856,CASE_C,22.5,15.0,3.0
857,CASE_C,22.5,15.0,3.0
858,CASE_C,22.5,15.0,3.0
859,CASE_C,22.5,15.0,3.0
860,CASE_C,22.5,15.0,3.0
861,CASE_C,22.5,15.0,3.0
862,CASE_C,22.5,15.0,3.0
863,CASE_C,22.5,15.0,3.0
864,CASE_C,22.5,15.0,3.0
865,CASE_C,22.5,15.0,3.0
866,CASE_C,22.5,15.0,3.0
867,CASE_C,22.5,15.0,3.0
868,CASE_C,22.5,15.0,3.0
869,CASE_C,22.5,15.0,3.0
870,CASE_C,22.5,15.0,3.0
871,CASE_C,22.5,15.0,3.0
872,CASE_C,22.5,15.0,3.0
873,CASE_C,22.5,15.0,3.0
874,CASE_C,22.5,15.0,3.0
875,CASE_C,22.5,15.0,3.0
876,CASE_C,22.5,15.0,3.0
877,CASE_C,22.5,15.0,3.0
878,CASE_C,22.5,15.0,3.0
879,CASE_C,22.5,15.0,3.0
880,CASE_C,22.5,15.0,3.0
881,CASE_C,22.5,15.0,2.0
882,CASE_C,22.5,15.0,2.0
883,CASE_C,22.5,15.0,2.0
884,CASE_C,22.5,15.0,2.0
885,CASE_C,22.5,15.0,2.0
886,CASE_C,22.5,15.0,2.0
887,CASE_C,22.5,15.0,2.0
888,CASE_C,22.5,15.0,2.0
889,CASE_C,22.5,15.0,2.0
890,CASE_C,22.5,15.0,2.0
891,CASE_C,22.5,15.0,2.0
892,CASE_C,22.5,15.0,2.0
893,CASE_C,22.5,15.0,2.0
894,CASE_C,22.5,15.0,2.0
895,CASE_C,22.5,15.0,2.0
896,CASE_C,22.5,15.0,2.0
897,CASE_C,22.5,15.0,2.0
898,CASE_C,22.5,15.0,2.0
899,CASE_C,22.5,15.0,2.0
900,CASE_C,22.5,15.0,2.0
901,CASE_C,22.5,15.0,2.0
902,CASE_C,22.5,15.0,2.0
903,CASE_C,22.5,15.0,2.0
904,CASE_C,22.5,15.0,2.0
905,CASE_C,22.5,15.0,2.0
906,CASE_C,22.5,15.0,2.0
907,CASE_C,22.5,15.0,2.0
908,CASE_C,22.5,15.0,2.0
909,CASE_C,22.5,15.0,2.0
910,CASE_C,22.5,15.0,2.0
911,CASE_C,22.5,15.0,2.0
912,CASE_C,22.5,15.0,2.0
913,CASE_C,22.5,15.0,2.0
914,CASE_C,22.5,15.0,2.0
915,CASE_C,22.5,15.0,2.0
916,CASE_C,22.5,15.0,2.0
917,CASE_C,22.5,15.0,2.0
918,CASE_C,22.5,15.0,2.0
919,CASE_C,22.5,15.0,2.0
920,CASE_C,22.5,15.0,2.0
921,CASE_C,22.5,15.0,2.0
922,CASE_C,22.5,15.0,2.0
923,CASE_C,22.5,15.0,2.0
924,CASE_C,22.5,15.0,2.0
925,CASE_C,22.5,15.0,2.0
926,CASE_C,22.5,15.0,2.0
927,CASE_C,22.5,15.0,2.0
928,CASE_C,22.5,15.0,2.0
929,CASE_C,22.5,15.0,2.0
930,CASE_C,22.5,15.0,2.0
931,CASE_C,22.5,15.0,2.0
932,CASE_C,22.5,15.0,2.0
933,CASE_C,22.5,15.0,2.0
934,CASE_C,22.5,15.0,2.0
935,CASE_C,22.5,15.0,2.0
936,CASE_C,22.5,15.0,2.0
937,CASE_C,22.5,15.0,2.0
938,CASE_C,22.5,15.0,2.0
939,CASE_C,22.5,15.0,2.0
940,CASE_C,22.5,15.0,2.0
941,CASE_C,22.5,15.0,2.0
942,CASE_C,22.5,15.0,2.0
943,CASE_C,22.5,15.0,2.0
944,CASE_C,22.5,15.0,2.0
945,CASE_C,22.5,15.0,2.0
946,CASE_C,22.5,15.0,2.0
947,CASE_C,22.5,15.0,2.0
948,CASE_C,22.5,15.0,2.0
949,CASE_C,22.5,15.0,2.0
950,CASE_C,22.5,15.0,2.0
951,CASE_C,22.5,15.0,2.0
952,CASE_C,22.5,15.0,2.0
953,CASE_C,22.5,15.0,2.0
954,CASE_C,22.5,15.0,2.0
955,CASE_C,22.5,15.0,2.0
956,CASE_C,22.5,15.0,2.0
957,CASE_C,22.5,15.0,2.0
958,CASE_C,22.5,15.0,2.0
959,CASE_C,22.5,15.0,2.0
960,CASE_C,22.5,15.0,2.0
961,CASE_C,22.5,15.0,3.0
962,CASE_C,22.5,15.0,3.0
963,CASE_C,22.5,15.0,3.0
964,CASE_C,22.5,15.0,3.0
965,CASE_C,22.5,15.0,3.0
966,CASE_C,22.5,15.0,3.0
967,CASE_C,22.5,15.0,3.0
968,CASE_C,22.5,15.0,3.0
969,CASE_C,22.5,15.0,3.0
970,CASE_C,22.5,15.0,3.0
971,CASE_C,22.5,15.0,3.0
972,CASE_C,22.5,15.0,3.0
973,CASE_C,22.5,15.0,3.0
974,CASE_C,22.5,15.0,3.0
975,CASE_C,22.5,15.0,3.0
976,CASE_C,22.5,15.0,3.0
977,CASE_C,22.5,15.0,3.0
978,CASE_C,22.5,15.0,3.0
979,CASE_C,22.5,15.0,3.0
980,CASE_C,22.5,15.0,3.0
981,CASE_C,22.5,15.0,3.0
982,CASE_C,22.5,15.0,3.0
983,CASE_C,22.5,15.0,3.0
984,CASE_C,22.5,15.0,3.0
985,CASE_C,22.5,15.0,3.0
986,CASE_C,22.5,15.0,3.0
987,CASE_C,22.5,15.0,3.0
988,CASE_C,22.5,15.0,3.0
989,CASE_C,22.5,15.0,3.0
990,CASE_C,22.5,15.0,3.0
991,CASE_C,22.5,15.0,3.0
992,CASE_C,22.5,15.0,3.0
993,CASE_C,22.5,15.0,3.0
994,CASE_C,22.5,15.0,3.0
995,CASE_C,22.5,15.0,3.0
996,CASE_C,22.5,15.0,3.0
997,CASE_C,22.5,15.0,3.0
998,CASE_C,22.5,15.0,3.0
999,CASE_C,22.5,15.0,3.0
1000,CASE_C,22.5,15.0,3.0
1001,CASE_C,22.5,15.0,3.0
1002,CASE_C,22.5,15.0,3.0
1003,CASE_C,22.5,15.0,3.0
1004,CASE_C,22.5,15.0,3.0
1005,CASE_C,22.5,15.0,3.0
1006,CASE_C,22.5,15.0,3.0
1007,CASE_C,22.5,15.0,3.0
1008,CASE_C,22.5,15.0,3.0
1009,CASE_C,22.5,15.0,3.0
1010,CASE_C,22.5,15.0,3.0
1011,CASE_C,22.5,15.0,3.0
1012,CASE_C,22.5,15.0,3.0
1013,CASE_C,22.5,15.0,3.0
1014,CASE_C,22.5,15.0,3.0
1015,CASE_C,22.5,15.0,3.0
1016,CASE_C,22.5,15.0,3.0
1017,CASE_C,22.5,15.0,3.0
1018,CASE_C,22.5,15.0,3.0
1019,CASE_C,22.5,15.0,3.0
1020,CASE_C,22.5,15.0,3.0
1021,CASE_C,22.5,15.0,3.0
1022,CASE_C,22.5,15.0,3.0
1023,CASE_C,22.5,15.0,3.0
1024,CASE_C,22.5,15.0,3.0
1025,CASE_C,22.5,15.0,3.0
1026,CASE_C,22.5,15.0,3.0
1027,CASE_C,22.5,15.0,3.0
1028,CASE_C,22.5,15.0,3.0
1029,CASE_C,22.5,15.0,3.0
1030,CASE_C,22.5,15.0,3.0
1031,CASE_C,22.5,15.0,3.0
1032,CASE_C,22.5,15.0,3.0
1033,CASE_C,22.5,15.0,3.0
1034,CASE_C,22.5,15.0,3.0
1035,CASE_C,22.5,15.0,3.0
1036,CASE_C,22.5,15.0,3.0
1037,CASE_C,22.5,15.0,3.0
1038,CASE_C,22.5,15.0,3.0
1039,CASE_C,22.5,15.0,3.0
1040,CASE_C,22.5,15.0,3.0
1041,CASE_C,22.5,15.0,3.0
1042,CASE_C,22.5,15.0,3.0
1043,CASE_C,22.5,15.0,3.0
1044,CASE_C,22.5,15.0,3.0
1045,CASE_C,22.5,15.0,3.0
1046,CASE_C,22.5,15.0,3.0
1047,CASE_C,22.5,15.0,3.0
1048,CASE_C,22.5,15.0,3.0
1049,CASE_C,22.5,15.0,3.0
1050,CASE_C,22.5,15.0,3.0
1051,CASE_C,22.5,15.0,3.0
1052,CASE_C,22.5,15.0,3.0
1053,CASE_C,22.5,15.0,3.0
1054,CASE_C,22.5,15.0,3.0
1055,CASE_C,22.5,15.0,3.0
1056,CASE_C,22.5,15.0,3.0
1057,CASE_C,22.5,15.0,3.0
1058,CASE_C,22.5,15.0,3.0
1059,CASE_C,22.5,15.0,3.0
1060,CASE_C,22.5,15.0,3.0
1061,CASE_C,22.5,15.0,3.0
1062,CASE_C,22.5,15.0,3.0
1063,CASE_C,22.5,15.0,3.0
1064,CASE_C,22.5,15.0,3.0
1065,CASE_C,22.5,15.0,3.0
1066,CASE_C,22.5,15.0,3.0
1067,CASE_C,22.5,15.0,3.0
1068,CASE_C,22.5,15.0,3.0
1069,CASE_C,22.5,15.0,3.0
1070,CASE_C,22.5,15.0,3.0
1071,CASE_C,22.5,15.0,3.0
1072,CASE_C,22.5,15.0,3.0
1073,CASE_C,22.5,15.0,3.0
1074,CASE_C,22.5,15.0,3.0
1075,CASE_C,22.5,15.0,3.0
1076,CASE_C,22.5,15.0,3.0
1077,CASE_C,22.5,15.0,3.0
1078,CASE_C,22.5,15.0,3.0
1079,CASE_C,22.5,15.0,3.0
1080,CASE_C,22.5,15.0,3.0
1081,CASE_C,22.5,15.0,3.0
1082,CASE_C,22.5,15.0,3.0
1083,CASE_C,22.5,15.0,3.0
1084,CASE_C,22.5,15.0,3.0
1085,CASE_C,22.5,15.0,3.0
1086,CASE_C,22.5,15.0,3.0
1087,CASE_C,22.5,15.0,3.0
1088,CASE_C,22.5,15.0,3.0
1089,CASE_C,22.5,15.0,3.0
1090,CASE_C,22.5,15.0,3.0
1091,CASE_C,22.5,15.0,3.0
1092,CASE_C,22.5,15.0,3.0
1093,CASE_C,22.5,15.0,3.0
1094,CASE_C,22.5,15.0,3.0
1095,CASE_C,22.5,15.0,3.0
1096,CASE_C,22.5,15.0,3.0
1097,CASE_C,22.5,15.0,3.0
1098,CASE_C,22.5,15.0,3.0
1099,CASE_C,22.5,15.0,3.0
1100,CASE_C,22.5,15.0,3.0
1101,CASE_C,22.5,15.0,3.0
1102,CASE_C,22.5,15.0,3.0
1103,CASE_C,22.5,15.0,3.0
1104,CASE_C,22.5,15.0,3.0
1105,CASE_C,22.5,15.0,3.0
1106,CASE_C,22.5,15.0,3.0
1107,CASE_C,22.5,15.0,3.0
1108,CASE_C,22.5,15.0,3.0
1109,CASE_C,22.5,15.0,3.0
1110,CASE_C,22.5,15.0,3.0
1111,CASE_C,22.5,15.0,3.0
1112,CASE_C,22.5,15.0,3.0
1113,CASE_C,22.5,15.0,3.0
1114,CASE_C,22.5,15.0,3.0
1115,CASE_C,22.5,15.0,3.0
1116,CASE_C,22.5,15.0,3.0
1117,CASE_C,22.5,15.0,3.0
1118,CASE_C,22.5,15.0,3.0
1119,CASE_C,22.5,15.0,3.0
1120,CASE_C,22.5,15.0,3.0
1121,CASE_C,22.5,15.0,3.0
1122,CASE_C,22.5,15.0,3.0
1123,CASE_C,22.5,15.0,3.0
1124,CASE_C,22.5,15.0,3.0
1125,CASE_C,22.5,15.0,3.0
1126,CASE_C,22.5,15.0,3.0
1127,CASE_C,22.5,15.0,3.0
1128,CASE_C,22.5,15.0,3.0
1129,CASE_C,22.5,15.0,3.0
1130,CASE_C,22.5,15.0,3.0
1131,CASE_C,22.5,15.0,3.0
1132,CASE_C,22.5,15.0,3.0
1133,CASE_C,22.5,15.0,3.0
1134,CASE_C,22.5,15.0,3.0
1135,CASE_C,22.5,15.0,3.0
1136,CASE_C,22.5,15.0,3.0
1137,CASE_C,22.5,15.0,3.0
1138,CASE_C,22.5,15.0,3.0
1139,CASE_C,22.5,15.0,3.0
1140,CASE_C,22.5,15.0,3.0
1141,CASE_C,22.5,15.0,3.0
1142,CASE_C,22.5,15.0,3.0
1143,CASE_C,22.5,15.0,3.0
1144,CASE_C,22.5,15.0,3.0
1145,CASE_C,22.5,15.0,3.0
1146,CASE_C,22.5,15.0,3.0
1147,CASE_C,22.5,15.0,3.0
1148,CASE_C,22.5,15.0,3.0
1149,CASE_C,22.5,15.0,3.0
1150,CASE_C,22.5,15.0,3.0
1151,CASE_C,22.5,15.0,3.0
1152,CASE_C,22.5,15.0,3.0
1153,CASE_C,22.5,15.0,3.0
1154,CASE_C,22.5,15.0,3.0
1155,CASE_C,22.5,15.0,3.0
1156,CASE_C,22.5,15.0,3.0
1157,CASE_C,22.5,15.0,3.0
1158,CASE_C,22.5,15.0,3.0
1159,CASE_C,22.5,15.0,3.0
1160,CASE_C,22.5,15.0,3.0
1161,CASE_C,22.5,15.0,3.0
1162,CASE_C,22.5,15.0,3.0
1163,CASE_C,22.5,15.0,3.0
1164,CASE_C,22.5,15.0,3.0
1165,CASE_C,22.5,15.0,3.0
1166,CASE_C,22.5,15.0,3.0
1167,CASE_C,22.5,15.0,3.0
1168,CASE_C,22.5,15.0,3.0
1169,CASE_C,22.5,15.0,3.0
1170,CASE_C,22.5,15.0,3.0
1171,CASE_C,22.5,15.0,3.0
1172,CASE_C,22.5,15.0,3.0
1173,CASE_C,22.5,15.0,3.0
1174,CASE_C,22.5,15.0,3.0
1175,CASE_C,22.5,15.0,3.0
1176,CASE_C,22.5,15.0,3.0
1177,CASE_C,22.5,15.0,3.0
1178,CASE_C,22.5,15.0,3.0
1179,CASE_C,22.5,15.0,3.0
1180,CASE_C,22.5,15.0,3.0
1181,CASE_C,22.5,15.0,3.0
1182,CASE_C,22.5,15.0,3.0
1183,CASE_C,22.5,15.0,3.0
1184,CASE_C,22.5,15.0,3.0
1185,CASE_C,22.5,15.0,3.0
1186,CASE_C,22.5,15.0,3.0
1187,CASE_C,22.5,15.0,3.0
1188,CASE_C,22.5,15.0,3.0
1189,CASE_C,22.5,15.0,3.0
1190,CASE_C,22.5,15.0,3.0
1191,CASE_C,22.5,15.0,3.0
1192,CASE_C,22.5,15.0,3.0
1193,CASE_C,22.5,15.0,3.0
1194,CASE_C,22.5,15.0,3.0
1195,CASE_C,22.5,15.0,3.0
1196,CASE_C,22.5,15.0,3.0
1197,CASE_C,22.5,15.0,3.0
1198,CASE_C,22.5,15.0,3.0
1199,CASE_C,22.5,15.0,3.0
1200,CASE_C,22.5,15.0,3.0
1201,CASE_C,22.5,15.0,3.0
1202,CASE_C,22.5,15.0,3.0
1203,CASE_C,22.5,15.0,3.0
1204,CASE_C,22.5,15.0,3.0
1205,CASE_C,22.5,15.0,3.0
1206,CASE_C,22.5,15.0,3.0
1207,CASE_C,22.5,15.0,3.0
1208,CASE_C,22.5,15.0,3.0
1209,CASE_C,22.5,15.0,3.0
1210,CASE_C,22.5,15.0,3.0
1211,CASE_C,22.5,15.0,3.0
1212,CASE_C,22.5,15.0,3.0
1213,CASE_C,22.5,15.0,3.0
1214,CASE_C,22.5,15.0,3.0
1215,CASE_C,22.5,15.0,3.0
1216,CASE_C,22.5,15.0,3.0
1217,CASE_C,22.5,15.0,3.0
1218,CASE_C,22.5,15.0,3.0
1219,CASE_C,22.5,15.0,3.0
1220,CASE_C,22.5,15.0,3.0
1221,CASE_C,22.5,15.0,3.0
1222,CASE_C,22.5,15.0,3.0
1223,CASE_C,22.5,15.0,3.0
1224,CASE_C,22.5,15.0,3.0
1225,CASE_C,22.5,15.0,3.0
1226,CASE_C,22.5,15.0,3.0
1227,CASE_C,22.5,15.0,3.0
1228,CASE_C,22.5,15.0,3.0
1229,CASE_C,22.5,15.0,3.0
1230,CASE_C,22.5,15.0,3.0
1231,CASE_C,22.5,15.0,3.0
1232,CASE_C,22.5,15.0,3.0
1233,CASE_C,22.5,15.0,3.0
1234,CASE_C,22.5,15.0,3.0
1235,CASE_C,22.5,15.0,3.0
1236,CASE_C,22.5,15.0,3.0
1237,CASE_C,22.5,15.0,3.0
1238,CASE_C,22.5,15.0,3.0
1239,CASE_C,22.5,15.0,3.0
1240,CASE_C,22.5,15.0,3.0
1241,CASE_C,22.5,15.0,3.0
1242,CASE_C,22.5,15.0,3.0
1243,CASE_C,22.5,15.0,3.0
1244,CASE_C,22.5,15.0,3.0
1245,CASE_C,22.5,15.0,3.0
1246,CASE_C,22.5,15.0,3.0
1247,CASE_C,22.5,15.0,3.0
1248,CASE_C,22.5,15.0,3.0
1249,CASE_C,22.5,15.0,3.0
1250,CASE_C,22.5,15.0,3.0
1251,CASE_C,22.5,15.0,3.0
1252,CASE_C,22.5,15.0,3.0
1253,CASE_C,22.5,15.0,3.0
1254,CASE_C,22.5,15.0,3.0
1255,CASE_C,22.5,15.0,3.0
1256,CASE_C,22.5,15.0,3.0
1257,CASE_C,22.5,15.0,3.0
1258,CASE_C,22.5,15.0,3.0
1259,CASE_C,22.5,15.0,3.0
1260,CASE_C,22.5,15.0,3.0
1261,CASE_C,22.5,15.0,3.0
1262,CASE_C,22.5,15.0,3.0
1263,CASE_C,22.5,15.0,3.0
1264,CASE_C,22.5,15.0,3.0
1265,CASE_C,22.5,15.0,3.0
1266,CASE_C,22.5,15.0,3.0
1267,CASE_C,22.5,15.0,3.0
1268,CASE_C,22.5,15.0,3.0
1269,CASE_C,22.5,15.0,3.0
1270,CASE_C,22.5,15.0,3.0
1271,CASE_C,22.5,15.0,3.0
1272,CASE_C,22.5,15.0,3.0
1273,CASE_C,22.5,15.0,3.0
1274,CASE_C,22.5,15.0,3.0
1275,CASE_C,22.5,15.0,3.0
1276,CASE_C,22.5,15.0,3.0
1277,CASE_C,22.5,15.0,3.0
1278,CASE_C,22.5,15.0,3.0
1279,CASE_C,22.5,15.0,3.0
1280,CASE_C,22.5,15.0,3.0
1281,CASE_C,22.5,15.0,4.0
1282,CASE_C,22.5,15.0,4.0
1283,CASE_C,22.5,15.0,4.0
1284,CASE_C,22.5,15.0,4.0
1285,CASE_C,22.5,15.0,4.0
1286,CASE_C,22.5,15.0,4.0
1287,CASE_C,22.5,15.0,4.0
1288,CASE_C,22.5,15.0,4.0
1289,CASE_C,22.5,15.0,4.0
1290,CASE_C,22.5,15.0,4.0
1291,CASE_C,22.5,15.0,4.0
1292,CASE_C,22.5,15.0,4.0
1293,CASE_C,22.5,15.0,4.0
1294,CASE_C,22.5,15.0,4.0
1295,CASE_C,22.5,15.0,4.0
1296,CASE_C,22.5,15.0,4.0
1297,CASE_C,22.5,15.0,4.0
1298,CASE_C,22.5,15.0,4.0
1299,CASE_C,22.5,15.0,4.0
1300,CASE_C,22.5,15.0,4.0
1301,CASE_C,22.5,15.0,4.0
1302,CASE_C,22.5,15.0,4.0
1303,CASE_C,22.5,15.0,4.0
1304,CASE_C,22.5,15.0,4.0
1305,CASE_C,22.5,15.0,4.0
1306,CASE_C,22.5,15.0,4.0
1307,CASE_C,22.5,15.0,4.0
1308,CASE_C,22.5,15.0,4.0
1309,CASE_C,22.5,15.0,4.0
1310,CASE_C,22.5,15.0,4.0
1311,CASE_C,22.5,15.0,4.0
1312,CASE_C,22.5,15.0,4.0
1313,CASE_C,22.5,15.0,4.0
1314,CASE_C,22.5,15.0,4.0
1315,CASE_C,22.5,15.0,4.0
1316,CASE_C,22.5,15.0,4.0
1317,CASE_C,22.5,15.0,4.0
1318,CASE_C,22.5,15.0,4.0
1319,CASE_C,22.5,15.0,4.0
1320,CASE_C,22.5,15.0,4.0
1321,CASE_C,22.5,15.0,4.0
1322,CASE_C,22.5,15.0,4.0
1323,CASE_C,22.5,15.0,4.0
1324,CASE_C,22.5,15.0,4.0
1325,CASE_C,22.5,15.0,4.0
1326,CASE_C,22.5,15.0,4.0
1327,CASE_C,22.5,15.0,4.0
1328,CASE_C,22.5,15.0,4.0
1329,CASE_C,22.5,15.0,4.0
1330,CASE_C,22.5,15.0,4.0
1331,CASE_C,22.5,15.0,4.0
1332,CASE_C,22.5,15.0,4.0
1333,CASE_C,22.5,15.0,4.0
1334,CASE_C,22.5,15.0,4.0
1335,CASE_C,22.5,15.0,4.0
1336,CASE_C,22.5,15.0,4.0
1337,CASE_C,22.5,15.0,4.0
1338,CASE_C,22.5,15.0,4.0
1339,CASE_C,22.5,15.0,4.0
1340,CASE_C,22.5,15.0,4.0
1341,CASE_C,22.5,15.0,4.0
1342,CASE_C,22.5,15.0,4.0
1343,CASE_C,22.5,15.0,4.0
1344,CASE_C,22.5,15.0,4.0
1345,CASE_C,22.5,15.0,4.0
1346,CASE_C,22.5,15.0,4.0
1347,CASE_C,22.5,15.0,4.0
1348,CASE_C,22.5,15.0,4.0
1349,CASE_C,22.5,15.0,4.0
1350,CASE_C,22.5,15.0,4.0
1351,CASE_C,22.5,15.0,4.0
1352,CASE_C,22.5,15.0,4.0
1353,CASE_C,22.5,15.0,4.0
1354,CASE_C,22.5,15.0,4.0
1355,CASE_C,22.5,15.0,4.0
1356,CASE_C,22.5,15.0,4.0
1357,CASE_C,22.5,15.0,4.0
1358,CASE_C,22.5,15.0,4.0
1359,CASE_C,22.5,15.0,4.0
1360,CASE_C,22.5,15.0,4.0
1361,CASE_C,22.5,15.0,3.0
1362,CASE_C,22.5,15.0,3.0
1363,CASE_C,22.5,15.0,3.0
1364,CASE_C,22.5,15.0,3.0
1365,CASE_C,22.5,15.0,3.0
1366,CASE_C,22.5,15.0,3.0
1367,CASE_C,22.5,15.0,3.0
1368,CASE_C,22.5,15.0,3.0
1369,CASE_C,22.5,15.0,3.0
1370,CASE_C,22.5,15.0,3.0
1371,CASE_C,22.5,15.0,3.0
1372,CASE_C,22.5,15.0,3.0
1373,CASE_C,22.5,15.0,3.0
1374,CASE_C,22.5,15.0,3.0
1375,CASE_C,22.5,15.0,3.0
1376,CASE_C,22.5,15.0,3.0
1377,CASE_C,22.5,15.0,3.0
1378,CASE_C,22.5,15.0,3.0
1379,CASE_C,22.5,15.0,3.0
1380,CASE_C,22.5,15.0,3.0
1381,CASE_C,22.5,15.0,3.0
1382,CASE_C,22.5,15.0,3.0
1383,CASE_C,22.5,15.0,3.0
1384,CASE_C,22.5,15.0,3.0
1385,CASE_C,22.5,15.0,3.0
1386,CASE_C,22.5,15.0,3.0
1387,CASE_C,22.5,15.0,3.0
1388,CASE_C,22.5,15.0,3.0
1389,CASE_C,22.5,15.0,3.0
1390,CASE_C,22.5,15.0,3.0
1391,CASE_C,22.5,15.0,3.0
1392,CASE_C,22.5,15.0,3.0
1393,CASE_C,22.5,15.0,3.0
1394,CASE_C,22.5,15.0,3.0
1395,CASE_C,22.5,15.0,3.0
1396,CASE_C,22.5,15.0,3.0
1397,CASE_C,22.5,15.0,3.0
1398,CASE_C,22.5,15.0,3.0
1399,CASE_C,22.5,15.0,3.0
1400,CASE_C,22.5,15.0,3.0
1401,CASE_C,22.5,15.0,3.0
1402,CASE_C,22.5,15.0,3.0
1403,CASE_C,22.5,15.0,3.0
1404,CASE_C,22.5,15.0,3.0
1405,CASE_C,22.5,15.0,3.0
1406,CASE_C,22.5,15.0,3.0
1407,CASE_C,22.5,15.0,3.0
1408,CASE_C,22.5,15.0,3.0
1409,CASE_C,22.5,15.0,3.0
1410,CASE_C,22.5,15.0,3.0
1411,CASE_C,22.5,15.0,3.0
1412,CASE_C,22.5,15.0,3.0
1413,CASE_C,22.5,15.0,3.0
1414,CASE_C,22.5,15.0,3.0
1415,CASE_C,22.5,15.0,3.0
1416,CASE_C,22.5,15.0,3.0
1417,CASE_C,22.5,15.0,3.0
1418,CASE_C,22.5,15.0,3.0
1419,CASE_C,22.5,15.0,3.0
1420,CASE_C,22.5,15.0,3.0
1421,CASE_C,22.5,15.0,3.0
1422,CASE_C,22.5,15.0,3.0
1423,CASE_C,22.5,15.0,3.0
1424,CASE_C,22.5,15.0,3.0
1425,CASE_C,22.5,15.0,3.0
1426,CASE_C,22.5,15.0,3.0
1427,CASE_C,22.5,15.0,3.0
1428,CASE_C,22.5,15.0,3.0
1429,CASE_C,22.5,15.0,3.0
1430,CASE_C,22.5,15.0,3.0
1431,CASE_C,22.5,15.0,3.0
1432,CASE_C,22.5,15.0,3.0
1433,CASE_C,22.5,15.0,3.0
1434,CASE_C,22.5,15.0,3.0
1435,CASE_C,22.5,15.0,3.0
1436,CASE_C,22.5,15.0,3.0
1437,CASE_C,22.5,15.0,3.0
1438,CASE_C,22.5,15.0,3.0
1439,CASE_C,22.5,15.0,3.0
1440,CASE_C,22.5,15.0,3.0
1441,CASE_C,22.5,15.0,4.0
1442,CASE_C,22.5,15.0,4.0
1443,CASE_C,22.5,15.0,4.0
1444,CASE_C,22.5,15.0,4.0
1445,CASE_C,22.5,15.0,4.0
1446,CASE_C,22.5,15.0,4.0
1447,CASE_C,22.5,15.0,4.0
1448,CASE_C,22.5,15.0,4.0
1449,CASE_C,22.5,15.0,4.0
1450,CASE_C,22.5,15.0,4.0
1451,CASE_C,22.5,15.0,4.0
1452,CASE_C,22.5,15.0,4.0
1453,CASE_C,22.5,15.0,4.0
1454,CASE_C,22.5,15.0,4.0
1455,CASE_C,22.5,15.0,4.0
1456,CASE_C,22.5,15.0,4.0
1457,CASE_C,22.5,15.0,4.0
1458,CASE_C,22.5,15.0,4.0
1459,CASE_C,22.5,15.0,4.0
1460,CASE_C,22.5,15.0,4.0
1461,CASE_C,22.5,15.0,4.0
1462,CASE_C,22.5,15.0,4.0
1463,CASE_C,22.5,15.0,4.0
1464,CASE_C,22.5,15.0,4.0
1465,CASE_C,22.5,15.0,4.0
1466,CASE_C,22.5,15.0,4.0
1467,CASE_C,22.5,15.0,4.0
1468,CASE_C,22.5,15.0,4.0
1469,CASE_C,22.5,15.0,4.0
1470,CASE_C,22.5,15.0,4.0
1471,CASE_C,22.5,15.0,4.0
1472,CASE_C,22.5,15.0,4.0
1473,CASE_C,22.5,15.0,4.0
1474,CASE_C,22.5,15.0,4.0
1475,CASE_C,22.5,15.0,4.0
1476,CASE_C,22.5,15.0,4.0
1477,CASE_C,22.5,15.0,4.0
1478,CASE_C,22.5,15.0,4.0
1479,CASE_C,22.5,15.0,4.0
1480,CASE_C,22.5,15.0,4.0
1481,CASE_C,22.5,15.0,4.0
1482,CASE_C,22.5,15.0,4.0
1483,CASE_C,22.5,15.0,4.0
1484,CASE_C,22.5,15.0,4.0
1485,CASE_C,22.5,15.0,4.0
1486,CASE_C,22.5,15.0,4.0
1487,CASE_C,22.5,15.0,4.0
1488,CASE_C,22.5,15.0,4.0
1489,CASE_C,22.5,15.0,4.0
1490,CASE_C,22.5,15.0,4.0
1491,CASE_C,22.5,15.0,4.0
1492,CASE_C,22.5,15.0,4.0
1493,CASE_C,22.5,15.0,4.0
1494,CASE_C,22.5,15.0,4.0
1495,CASE_C,22.5,15.0,4.0
1496,CASE_C,22.5,15.0,4.0
1497,CASE_C,22.5,15.0,4.0
1498,CASE_C,22.5,15.0,4.0
1499,CASE_C,22.5,15.0,4.0
1500,CASE_C,22.5,15.0,4.0
1501,CASE_C,22.5,15.0,4.0
1502,CASE_C,22.5,15.0,4.0
1503,CASE_C,22.5,15.0,4.0
1504,CASE_C,22.5,15.0,4.0
1505,CASE_C,22.5,15.0,4.0
1506,CASE_C,22.5,15.0,4.0
1507,CASE_C,22.5,15.0,4.0
1508,CASE_C,22.5,15.0,4.0
1509,CASE_C,22.5,15.0,4.0
1510,CASE_C,22.5,15.0,4.0
1511,CASE_C,22.5,15.0,4.0
1512,CASE_C,22.5,15.0,4.0
1513,CASE_C,22.5,15.0,4.0
1514,CASE_C,22.5,15.0,4.0
1515,CASE_C,22.5,15.0,4.0
1516,CASE_C,22.5,15.0,4.0
1517,CASE_C,22.5,15.0,4.0
1518,CASE_C,22.5,15.0,4.0
1519,CASE_C,22.5,15.0,4.0
1520,CASE_C,22.5,15.0,4.0
1521,CASE_C,22.5,15.0,4.0
1522,CASE_C,22.5,15.0,4.0
1523,CASE_C,22.5,15.0,4.0
1524,CASE_C,22.5,15.0,4.0
1525,CASE_C,22.5,15.0,4.0
1526,CASE_C,22.5,15.0,4.0
1527,CASE_C,22.5,15.0,4.0
1528,CASE_C,22.5,15.0,4.0
1529,CASE_C,22.5,15.0,4.0
1530,CASE_C,22.5,15.0,4.0
1531,CASE_C,22.5,15.0,4.0
1532,CASE_C,22.5,15.0,4.0
1533,CASE_C,22.5,15.0,4.0
1534,CASE_C,22.5,15.0,4.0
1535,CASE_C,22.5,15.0,4.0
1536,CASE_C,22.5,15.0,4.0
1537,CASE_C,22.5,15.0,4.0
1538,CASE_C,22.5,15.0,4.0
1539,CASE_C,22.5,15.0,4.0
1540,CASE_C,22.5,15.0,4.0
1541,CASE_C,22.5,15.0,4.0
1542,CASE_C,22.5,15.0,4.0
1543,CASE_C,22.5,15.0,4.0
1544,CASE_C,22.5,15.0,4.0
1545,CASE_C,22.5,15.0,4.0
1546,CASE_C,22.5,15.0,4.0
1547,CASE_C,22.5,15.0,4.0
1548,CASE_C,22.5,15.0,4.0
1549,CASE_C,22.5,15.0,4.0
1550,CASE_C,22.5,15.0,4.0
1551,CASE_C,22.5,15.0,4.0
1552,CASE_C,22.5,15.0,4.0
1553,CASE_C,22.5,15.0,4.0
1554,CASE_C,22.5,15.0,4.0
1555,CASE_C,22.5,15.0,4.0
1556,CASE_C,22.5,15.0,4.0
1557,CASE_C,22.5,15.0,4.0
1558,CASE_C,22.5,15.0,4.0
1559,CASE_C,22.5,15.0,4.0
1560,CASE_C,22.5,15.0,4.0
1561,CASE_C,22.5,15.0,4.0
1562,CASE_C,22.5,15.0,4.0
1563,CASE_C,22.5,15.0,4.0
1564,CASE_C,22.5,15.0,4.0
1565,CASE_C,22.5,15.0,4.0
1566,CASE_C,22.5,15.0,4.0
1567,CASE_C,22.5,15.0,4.0
1568,CASE_C,22.5,15.0,4.0
1569,CASE_C,22.5,15.0,4.0
1570,CASE_C,22.5,15.0,4.0
1571,CASE_C,22.5,15.0,4.0
1572,CASE_C,22.5,15.0,4.0
1573,CASE_C,22.5,15.0,4.0
1574,CASE_C,22.5,15.0,4.0
1575,CASE_C,22.5,15.0,4.0
1576,CASE_C,22.5,15.0,4.0
1577,CASE_C,22.5,15.0,4.0
1578,CASE_C,22.5,15.0,4.0
1579,CASE_C,22.5,15.0,4.0
1580,CASE_C,22.5,15.0,4.0
1581,CASE_C,22.5,15.0,4.0
1582,CASE_C,22.5,15.0,4.0
1583,CASE_C,22.5,15.0,4.0
1584,CASE_C,22.5,15.0,4.0
1585,CASE_C,22.5,15.0,4.0
1586,CASE_C,22.5,15.0,4.0
1587,CASE_C,22.5,15.0,4.0
1588,CASE_C,22.5,15.0,4.0
1589,CASE_C,22.5,15.0,4.0
1590,CASE_C,22.5,15.0,4.0
1591,CASE_C,22.5,15.0,4.0
1592,CASE_C,22.5,15.0,4.0
1593,CASE_C,22.5,15.0,4.0
1594,CASE_C,22.5,15.0,4.0
1595,CASE_C,22.5,15.0,4.0
1596,CASE_C,22.5,15.0,4.0
1597,CASE_C,22.5,15.0,4.0
1598,CASE_C,22.5,15.0,4.0
1599,CASE_C,22.5,15.0,4.0
1600,CASE_C,22.5,15.0,4.0
1601,CASE_C,22.5,15.0,4.0
1602,CASE_C,22.5,15.0,4.0
1603,CASE_C,22.5,15.0,4.0
1604,CASE_C,22.5,15.0,4.0
1605,CASE_C,22.5,15.0,4.0
1606,CASE_C,22.5,15.0,4.0
1607,CASE_C,22.5,15.0,4.0
1608,CASE_C,22.5,15.0,4.0
1609,CASE_C,22.5,15.0,4.0
1610,CASE_C,22.5,15.0,4.0
1611,CASE_C,22.5,15.0,4.0
1612,CASE_C,22.5,15.0,4.0
1613,CASE_C,22.5,15.0,4.0
1614,CASE_C,22.5,15.0,4.0
1615,CASE_C,22.5,15.0,4.0
1616,CASE_C,22.5,15.0,4.0
1617,CASE_C,22.5,15.0,4.0
1618,CASE_C,22.5,15.0,4.0
1619,CASE_C,22.5,15.0,4.0
1620,CASE_C,22.5,15.0,4.0
1621,CASE_C,22.5,15.0,4.0
1622,CASE_C,22.5,15.0,4.0
1623,CASE_C,22.5,15.0,4.0
1624,CASE_C,22.5,15.0,4.0
1625,CASE_C,22.5,15.0,4.0
1626,CASE_C,22.5,15.0,4.0
1627,CASE_C,22.5,15.0,4.0
1628,CASE_C,22.5,15.0,4.0
1629,CASE_C,22.5,15.0,4.0
1630,CASE_C,22.5,15.0,4.0
1631,CASE_C,22.5,15.0,4.0
1632,CASE_C,22.5,15.0,4.0
1633,CASE_C,22.5,15.0,4.0
1634,CASE_C,22.5,15.0,4.0
1635,CASE_C,22.5,15.0,4.0
1636,CASE_C,22.5,15.0,4.0
1637,CASE_C,22.5,15.0,4.0
1638,CASE_C,22.5,15.0,4.0
1639,CASE_C,22.5,15.0,4.0
1640,CASE_C,22.5,15.0,4.0
1641,CASE_C,22.5,15.0,4.0
1642,CASE_C,22.5,15.0,4.0
1643,CASE_C,22.5,15.0,4.0
1644,CASE_C,22.5,15.0,4.0
1645,CASE_C,22.5,15.0,4.0
1646,CASE_C,22.5,15.0,4.0
1647,CASE_C,22.5,15.0,4.0
1648,CASE_C,22.5,15.0,4.0
1649,CASE_C,22.5,15.0,4.0
1650,CASE_C,22.5,15.0,4.0
1651,CASE_C,22.5,15.0,4.0
1652,CASE_C,22.5,15.0,4.0
1653,CASE_C,22.5,15.0,4.0
1654,CASE_C,22.5,15.0,4.0
1655,CASE_C,22.5,15.0,4.0
1656,CASE_C,22.5,15.0,4.0
1657,CASE_C,22.5,15.0,4.0
1658,CASE_C,22.5,15.0,4.0
1659,CASE_C,22.5,15.0,4.0
1660,CASE_C,22.5,15.0,4.0
1661,CASE_C,22.5,15.0,4.0
1662,CASE_C,22.5,15.0,4.0
1663,CASE_C,22.5,15.0,4.0
1664,CASE_C,22.5,15.0,4.0
1665,CASE_C,22.5,15.0,4.0
1666,CASE_C,22.5,15.0,4.0
1667,CASE_C,22.5,15.0,4.0
1668,CASE_C,22.5,15.0,4.0
1669,CASE_C,22.5,15.0,4.0
1670,CASE_C,22.5,15.0,4.0
1671,CASE_C,22.5,15.0,4.0
1672,CASE_C,22.5,15.0,4.0
1673,CASE_C,22.5,15.0,4.0
1674,CASE_C,22.5,15.0,4.0
1675,CASE_C,22.5,15.0,4.0
1676,CASE_C,22.5,15.0,4.0
1677,CASE_C,22.5,15.0,4.0
1678,CASE_C,22.5,15.0,4.0
1679,CASE_C,22.5,15.0,4.0
1680,CASE_C,22.5,15.0,4.0
1681,CASE_C,22.5,15.0,4.0
1682,CASE_C,22.5,15.0,4.0
1683,CASE_C,22.5,15.0,4.0
1684,CASE_C,22.5,15.0,4.0
1685,CASE_C,22.5,15.0,4.0
1686,CASE_C,22.5,15.0,4.0
1687,CASE_C,22.5,15.0,4.0
1688,CASE_C,22.5,15.0,4.0
1689,CASE_C,22.5,15.0,4.0
1690,CASE_C,22.5,15.0,4.0
1691,CASE_C,22.5,15.0,4.0
1692,CASE_C,22.5,15.0,4.0
1693,CASE_C,22.5,15.0,4.0
1694,CASE_C,22.5,15.0,4.0
1695,CASE_C,22.5,15.0,4.0
1696,CASE_C,22.5,15.0,4.0
1697,CASE_C,22.5,15.0,4.0
1698,CASE_C,22.5,15.0,4.0
1699,CASE_C,22.5,15.0,4.0
1700,CASE_C,22.5,15.0,4.0
1701,CASE_C,22.5,15.0,4.0
1702,CASE_C,22.5,15.0,4.0
1703,CASE_C,22.5,15.0,4.0
1704,CASE_C,22.5,15.0,4.0
1705,CASE_C,22.5,15.0,4.0
1706,CASE_C,22.5,15.0,4.0
1707,CASE_C,22.5,15.0,4.0
1708,CASE_C,22.5,15.0,4.0
1709,CASE_C,22.5,15.0,4.0
1710,CASE_C,22.5,15.0,4.0
1711,CASE_C,22.5,15.0,4.0
1712,CASE_C,22.5,15.0,4.0
1713,CASE_C,22.5,15.0,4.0
1714,CASE_C,22.5,15.0,4.0
1715,CASE_C,22.5,15.0,4.0
1716,CASE_C,22.5,15.0,4.0
1717,CASE_C,22.5,15.0,4.0
1718,CASE_C,22.5,15.0,4.0
1719,CASE_C,22.5,15.0,4.0
1720,CASE_C,22.5,15.0,4.0
1721,CASE_C,22.5,15.0,4.0
1722,CASE_C,22.5,15.0,4.0
1723,CASE_C,22.5,15.0,4.0
1724,CASE_C,22.5,15.0,4.0
1725,CASE_C,22.5,15.0,4.0
1726,CASE_C,22.5,15.0,4.0
1727,CASE_C,22.5,15.0,4.0
1728,CASE_C,22.5,15.0,4.0
1729,CASE_C,22.5,15.0,4.0
1730,CASE_C,22.5,15.0,4.0
1731,CASE_C,22.5,15.0,4.0
1732,CASE_C,22.5,15.0,4.0
1733,CASE_C,22.5,15.0,4.0
1734,CASE_C,22.5,15.0,4.0
1735,CASE_C,22.5,15.0,4.0
1736,CASE_C,22.5,15.0,4.0
1737,CASE_C,22.5,15.0,4.0
1738,CASE_C,22.5,15.0,4.0
1739,CASE_C,22.5,15.0,4.0
1740,CASE_C,22.5,15.0,4.0
1741,CASE_C,22.5,15.0,4.0
1742,CASE_C,22.5,15.0,4.0
1743,CASE_C,22.5,15.0,4.0
1744,CASE_C,22.5,15.0,4.0
1745,CASE_C,22.5,15.0,4.0
1746,CASE_C,22.5,15.0,4.0
1747,CASE_C,22.5,15.0,4.0
1748,CASE_C,22.5,15.0,4.0
1749,CASE_C,22.5,15.0,4.0
1750,CASE_C,22.5,15.0,4.0
1751,CASE_C,22.5,15.0,4.0
1752,CASE_C,22.5,15.0,4.0
1753,CASE_C,22.5,15.0,4.0
1754,CASE_C,22.5,15.0,4.0
1755,CASE_C,22.5,15.0,4.0
1756,CASE_C,22.5,15.0,4.0
1757,CASE_C,22.5,15.0,4.0
1758,CASE_C,22.5,15.0,4.0
1759,CASE_C,22.5,15.0,4.0
1760,CASE_C,22.5,15.0,4.0
1761,CASE_C,22.5,15.0,5.0
1762,CASE_C,22.5,15.0,5.0
1763,CASE_C,22.5,15.0,5.0
1764,CASE_C,22.5,15.0,5.0
1765,CASE_C,22.5,15.0,5.0
1766,CASE_C,22.5,15.0,5.0
1767,CASE_C,22.5,15.0,5.0
1768,CASE_C,22.5,15.0,5.0
1769,CASE_C,22.5,15.0,5.0
1770,CASE_C,22.5,15.0,5.0
1771,CASE_C,22.5,15.0,5.0
1772,CASE_C,22.5,15.0,5.0
1773,CASE_C,22.5,15.0,5.0
1774,CASE_C,22.5,15.0,5.0
1775,CASE_C,22.5,15.0,5.0
1776,CASE_C,22.5,15.0,5.0
1777,CASE_C,22.5,15.0,5.0
1778,CASE_C,22.5,15.0,5.0
1779,CASE_C,22.5,15.0,5.0
1780,CASE_C,22.5,15.0,5.0
1781,CASE_C,22.5,15.0,5.0
1782,CASE_C,22.5,15.0,5.0
1783,CASE_C,22.5,15.0,5.0
1784,CASE_C,22.5,15.0,5.0
1785,CASE_C,22.5,15.0,5.0
1786,CASE_C,22.5,15.0,5.0
1787,CASE_C,22.5,15.0,5.0
1788,CASE_C,22.5,15.0,5.0
1789,CASE_C,22.5,15.0,5.0
1790,CASE_C,22.5,15.0,5.0
1791,CASE_C,22.5,15.0,5.0
1792,CASE_C,22.5,15.0,5.0
1793,CASE_C,22.5,15.0,5.0
1794,CASE_C,22.5,15.0,5.0
1795,CASE_C,22.5,15.0,5.0
1796,CASE_C,22.5,15.0,5.0
1797,CASE_C,22.5,15.0,5.0
1798,CASE_C,22.5,15.0,5.0
1799,CASE_C,22.5,15.0,5.0
1800,CASE_C,22.5,15.0,5.0
1801,CASE_C,22.5,15.0,5.0
1802,CASE_C,22.5,15.0,5.0
1803,CASE_C,22.5,15.0,5.0
1804,CASE_C,22.5,15.0,5.0
1805,CASE_C,22.5,15.0,5.0
1806,CASE_C,22.5,15.0,5.0
1807,CASE_C,22.5,15.0,5.0
1808,CASE_C,22.5,15.0,5.0
1809,CASE_C,22.5,15.0,5.0
1810,CASE_C,22.5,15.0,5.0
1811,CASE_C,22.5,15.0,5.0
1812,CASE_C,22.5,15.0,5.0
1813,CASE_C,22.5,15.0,5.0
1814,CASE_C,22.5,15.0,5.0
1815,CASE_C,22.5,15.0,5.0
1816,CASE_C,22.5,15.0,5.0
1817,CASE_C,22.5,15.0,5.0
1818,CASE_C,22.5,15.0,5.0
1819,CASE_C,22.5,15.0,5.0
1820,CASE_C,22.5,15.0,5.0
1821,CASE_C,22.5,15.0,5.0
1822,CASE_C,22.5,15.0,5.0
1823,CASE_C,22.5,15.0,5.0
1824,CASE_C,22.5,15.0,5.0
1825,CASE_C,22.5,15.0,5.0
1826,CASE_C,22.5,15.0,5.0
1827,CASE_C,22.5,15.0,5.0
1828,CASE_C,22.5,15.0,5.0
1829,CASE_C,22.5,15.0,5.0
1830,CASE_C,22.5,15.0,5.0
1831,CASE_C,22.5,15.0,5.0
1832,CASE_C,22.5,15.0,5.0
1833,CASE_C,22.5,15.0,5.0
1834,CASE_C,22.5,15.0,5.0
1835,CASE_C,22.5,15.0,5.0
1836,CASE_C,22.5,15.0,5.0
1837,CASE_C,22.5,15.0,5.0
1838,CASE_C,22.5,15.0,5.0
1839,CASE_C,22.5,15.0,5.0
1840,CASE_C,22.5,15.0,5.0
1841,CASE_C,22.5,15.0,4.0
1842,CASE_C,22.5,15.0,4.0
1843,CASE_C,22.5,15.0,4.0
1844,CASE_C,22.5,15.0,4.0
1845,CASE_C,22.5,15.0,4.0
1846,CASE_C,22.5,15.0,4.0
1847,CASE_C,22.5,15.0,4.0
1848,CASE_C,22.5,15.0,4.0
1849,CASE_C,22.5,15.0,4.0
1850,CASE_C,22.5,15.0,4.0
1851,CASE_C,22.5,15.0,4.0
1852,CASE_C,22.5,15.0,4.0
1853,CASE_C,22.5,15.0,4.0
1854,CASE_C,22.5,15.0,4.0
1855,CASE_C,22.5,15.0,4.0
1856,CASE_C,22.5,15.0,4.0
1857,CASE_C,22.5,15.0,4.0
1858,CASE_C,22.5,15.0,4.0
1859,CASE_C,22.5,15.0,4.0
1860,CASE_C,22.5,15.0,4.0
1861,CASE_C,22.5,15.0,4.0
1862,CASE_C,22.5,15.0,4.0
1863,CASE_C,22.5,15.0,4.0
1864,CASE_C,22.5,15.0,4.0
1865,CASE_C,22.5,15.0,4.0
1866,CASE_C,22.5,15.0,4.0
1867,CASE_C,22.5,15.0,4.0
1868,CASE_C,22.5,15.0,4.0
1869,CASE_C,22.5,15.0,4.0
1870,CASE_C,22.5,15.0,4.0
1871,CASE_C,22.5,15.0,4.0
1872,CASE_C,22.5,15.0,4.0
1873,CASE_C,22.5,15.0,4.0
1874,CASE_C,22.5,15.0,4.0
1875,CASE_C,22.5,15.0,4.0
1876,CASE_C,22.5,15.0,4.0
1877,CASE_C,22.5,15.0,4.0
1878,CASE_C,22.5,15.0,4.0
1879,CASE_C,22.5,15.0,4.0
1880,CASE_C,22.5,15.0,4.0
1881,CASE_C,22.5,15.0,4.0
1882,CASE_C,22.5,15.0,4.0
1883,CASE_C,22.5,15.0,4.0
1884,CASE_C,22.5,15.0,4.0
1885,CASE_C,22.5,15.0,4.0
1886,CASE_C,22.5,15.0,4.0
1887,CASE_C,22.5,15.0,4.0
1888,CASE_C,22.5,15.0,4.0
1889,CASE_C,22.5,15.0,4.0
1890,CASE_C,22.5,15.0,4.0
1891,CASE_C,22.5,15.0,4.0
1892,CASE_C,22.5,15.0,4.0
1893,CASE_C,22.5,15.0,4.0
1894,CASE_C,22.5,15.0,4.0
1895,CASE_C,22.5,15.0,4.0
1896,CASE_C,22.5,15.0,4.0
1897,CASE_C,22.5,15.0,4.0
1898,CASE_C,22.5,15.0,4.0
1899,CASE_C,22.5,15.0,4.0
1900,CASE_C,22.5,15.0,4.0
1901,CASE_C,22.5,15.0,4.0
1902,CASE_C,22.5,15.0,4.0
1903,CASE_C,22.5,15.0,4.0
1904,CASE_C,22.5,15.0,4.0
1905,CASE_C,22.5,15.0,4.0
1906,CASE_C,22.5,15.0,4.0
1907,CASE_C,22.5,15.0,4.0
1908,CASE_C,22.5,15.0,4.0
1909,CASE_C,22.5,15.0,4.0
1910,CASE_C,22.5,15.0,4.0
1911,CASE_C,22.5,15.0,4.0
1912,CASE_C,22.5,15.0,4.0
1913,CASE_C,22.5,15.0,4.0
1914,CASE_C,22.5,15.0,4.0
1915,CASE_C,22.5,15.0,4.0
1916,CASE_C,22.5,15.0,4.0
1917,CASE_C,22.5,15.0,4.0
1918,CASE_C,22.5,15.0,4.0
1919,CASE_C,22.5,15.0,4.0
1920,CASE_C,22.5,15.0,4.0
1921,CASE_C,22.5,15.0,5.0
1922,CASE_C,22.5,15.0,5.0
1923,CASE_C,22.5,15.0,5.0
1924,CASE_C,22.5,15.0,5.0
1925,CASE_C,22.5,15.0,5.0
1926,CASE_C,22.5,15.0,5.0
1927,CASE_C,22.5,15.0,5.0
1928,CASE_C,22.5,15.0,5.0
1929,CASE_C,22.5,15.0,5.0
1930,CASE_C,22.5,15.0,5.0
1931,CASE_C,22.5,15.0,5.0
1932,CASE_C,22.5,15.0,5.0
1933,CASE_C,22.5,15.0,5.0
1934,CASE_C,22.5,15.0,5.0
1935,CASE_C,22.5,15.0,5.0
1936,CASE_C,22.5,15.0,5.0
1937,CASE_C,22.5,15.0,5.0
1938,CASE_C,22.5,15.0,5.0
1939,CASE_C,22.5,15.0,5.0
1940,CASE_C,22.5,15.0,5.0
1941,CASE_C,22.5,15.0,5.0
1942,CASE_C,22.5,15.0,5.0
1943,CASE_C,22.5,15.0,5.0
1944,CASE_C,22.5,15.0,5.0
1945,CASE_C,22.5,15.0,5.0
1946,CASE_C,22.5,15.0,5.0
1947,CASE_C,22.5,15.0,5.0
1948,CASE_C,22.5,15.0,5.0
1949,CASE_C,22.5,15.0,5.0
1950,CASE_C,22.5,15.0,5.0
1951,CASE_C,22.5,15.0,5.0
1952,CASE_C,22.5,15.0,5.0
1953,CASE_C,22.5,15.0,5.0
1954,CASE_C,22.5,15.0,5.0
1955,CASE_C,22.5,15.0,5.0
1956,CASE_C,22.5,15.0,5.0
1957,CASE_C,22.5,15.0,5.0
1958,CASE_C,22.5,15.0,5.0
1959,CASE_C,22.5,15.0,5.0
1960,CASE_C,22.5,15.0,5.0
1961,CASE_C,22.5,15.0,5.0
1962,CASE_C,22.5,15.0,5.0
1963,CASE_C,22.5,15.0,5.0
1964,CASE_C,22.5,15.0,5.0
1965,CASE_C,22.5,15.0,5.0
1966,CASE_C,22.5,15.0,5.0
1967,CASE_C,22.5,15.0,5.0
1968,CASE_C,22.5,15.0,5.0
1969,CASE_C,22.5,15.0,5.0
1970,CASE_C,22.5,15.0,5.0
1971,CASE_C,22.5,15.0,5.0
1972,CASE_C,22.5,15.0,5.0
1973,CASE_C,22.5,15.0,5.0
1974,CASE_C,22.5,15.0,5.0
1975,CASE_C,22.5,15.0,5.0
1976,CASE_C,22.5,15.0,5.0
1977,CASE_C,22.5,15.0,5.0
1978,CASE_C,22.5,15.0,5.0
1979,CASE_C,22.5,15.0,5.0
1980,CASE_C,22.5,15.0,5.0
1981,CASE_C,22.5,15.0,5.0
1982,CASE_C,22.5,15.0,5.0
1983,CASE_C,22.5,15.0,5.0
1984,CASE_C,22.5,15.0,5.0
1985,CASE_C,22.5,15.0,5.0
1986,CASE_C,22.5,15.0,5.0
1987,CASE_C,22.5,15.0,5.0
1988,CASE_C,22.5,15.0,5.0
1989,CASE_C,22.5,15.0,5.0
1990,CASE_C,22.5,15.0,5.0
1991,CASE_C,22.5,15.0,5.0
1992,CASE_C,22.5,15.0,5.0
1993,CASE_C,22.5,15.0,5.0
1994,CASE_C,22.5,15.0,5.0
1995,CASE_C,22.5,15.0,5.0
1996,CASE_C,22.5,15.0,5.0
1997,CASE_C,22.5,15.0,5.0
1998,CASE_C,22.5,15.0,5.0
1999,CASE_C,22.5,15.0,5.0
2000,CASE_C,22.5,15.0,5.0
2001,CASE_C,22.5,15.0,5.0
2002,CASE_C,22.5,15.0,5.0
2003,CASE_C,22.5,15.0,5.0
2004,CASE_C,22.5,15.0,5.0
2005,CASE_C,22.5,15.0,5.0
2006,CASE_C,22.5,15.0,5.0
2007,CASE_C,22.5,15.0,5.0
2008,CASE_C,22.5,15.0,5.0
2009,CASE_C,22.5,15.0,5.0
2010,CASE_C,22.5,15.0,5.0
2011,CASE_C,22.5,15.0,5.0
2012,CASE_C,22.5,15.0,5.0
2013,CASE_C,22.5,15.0,5.0
2014,CASE_C,22.5,15.0,5.0
2015,CASE_C,22.5,15.0,5.0
2016,CASE_C,22.5,15.0,5.0
2017,CASE_C,22.5,15.0,5.0
2018,CASE_C,22.5,15.0,5.0
2019,CASE_C,22.5,15.0,5.0
2020,CASE_C,22.5,15.0,5.0
2021,CASE_C,22.5,15.0,5.0
2022,CASE_C,22.5,15.0,5.0
2023,CASE_C,22.5,15.0,5.0
2024,CASE_C,22.5,15.0,5.0
2025,CASE_C,22.5,15.0,5.0
2026,CASE_C,22.5,15.0,5.0
2027,CASE_C,22.5,15.0,5.0
2028,CASE_C,22.5,15.0,5.0
2029,CASE_C,22.5,15.0,5.0
2030,CASE_C,22.5,15.0,5.0
2031,CASE_C,22.5,15.0,5.0
2032,CASE_C,22.5,15.0,5.0
2033,CASE_C,22.5,15.0,5.0
2034,CASE_C,22.5,15.0,5.0
2035,CASE_C,22.5,15.0,5.0
2036,CASE_C,22.5,15.0,5.0
2037,CASE_C,22.5,15.0,5.0
2038,CASE_C,22.5,15.0,5.0
2039,CASE_C,22.5,15.0,5.0
2040,CASE_C,22.5,15.0,5.0
2041,CASE_C,22.5,15.0,5.0
2042,CASE_C,22.5,15.0,5.0
2043,CASE_C,22.5,15.0,5.0
2044,CASE_C,22.5,15.0,5.0
2045,CASE_C,22.5,15.0,5.0
2046,CASE_C,22.5,15.0,5.0
2047,CASE_C,22.5,15.0,5.0
2048,CASE_C,22.5,15.0,5.0
2049,CASE_C,22.5,15.0,5.0
2050,CASE_C,22.5,15.0,5.0
2051,CASE_C,22.5,15.0,5.0
2052,CASE_C,22.5,15.0,5.0
2053,CASE_C,22.5,15.0,5.0
2054,CASE_C,22.5,15.0,5.0
2055,CASE_C,22.5,15.0,5.0
2056,CASE_C,22.5,15.0,5.0
2057,CASE_C,22.5,15.0,5.0
2058,CASE_C,22.5,15.0,5.0
2059,CASE_C,22.5,15.0,5.0
2060,CASE_C,22.5,15.0,5.0
2061,CASE_C,22.5,15.0,5.0
2062,CASE_C,22.5,15.0,5.0
2063,CASE_C,22.5,15.0,5.0
2064,CASE_C,22.5,15.0,5.0
2065,CASE_C,22.5,15.0,5.0
2066,CASE_C,22.5,15.0,5.0
2067,CASE_C,22.5,15.0,5.0
2068,CASE_C,22.5,15.0,5.0
2069,CASE_C,22.5,15.0,5.0
2070,CASE_C,22.5,15.0,5.0
2071,CASE_C,22.5,15.0,5.0
2072,CASE_C,22.5,15.0,5.0
2073,CASE_C,22.5,15.0,5.0
2074,CASE_C,22.5,15.0,5.0
2075,CASE_C,22.5,15.0,5.0
2076,CASE_C,22.5,15.0,5.0
2077,CASE_C,22.5,15.0,5.0
2078,CASE_C,22.5,15.0,5.0
2079,CASE_C,22.5,15.0,5.0
2080,CASE_C,22.5,15.0,5.0
2081,CASE_C,22.5,15.0,5.0
2082,CASE_C,22.5,15.0,5.0
2083,CASE_C,22.5,15.0,5.0
2084,CASE_C,22.5,15.0,5.0
2085,CASE_C,22.5,15.0,5.0
2086,CASE_C,22.5,15.0,5.0
2087,CASE_C,22.5,15.0,5.0
2088,CASE_C,22.5,15.0,5.0
2089,CASE_C,22.5,15.0,5.0
2090,CASE_C,22.5,15.0,5.0
2091,CASE_C,22.5,15.0,5.0
2092,CASE_C,22.5,15.0,5.0
2093,CASE_C,22.5,15.0,5.0
2094,CASE_C,22.5,15.0,5.0
2095,CASE_C,22.5,15.0,5.0
2096,CASE_C,22.5,15.0,5.0
2097,CASE_C,22.5,15.0,5.0
2098,CASE_C,22.5,15.0,5.0
2099,CASE_C,22.5,15.0,5.0
2100,CASE_C,22.5,15.0,5.0
2101,CASE_C,22.5,15.0,5.0
2102,CASE_C,22.5,15.0,5.0
2103,CASE_C,22.5,15.0,5.0
2104,CASE_C,22.5,15.0,5.0
2105,CASE_C,22.5,15.0,5.0
2106,CASE_C,22.5,15.0,5.0
2107,CASE_C,22.5,15.0,5.0
2108,CASE_C,22.5,15.0,5.0
2109,CASE_C,22.5,15.0,5.0
2110,CASE_C,22.5,15.0,5.0
2111,CASE_C,22.5,15.0,5.0
2112,CASE_C,22.5,15.0,5.0
2113,CASE_C,22.5,15.0,5.0
2114,CASE_C,22.5,15.0,5.0
2115,CASE_C,22.5,15.0,5.0
2116,CASE_C,22.5,15.0,5.0
2117,CASE_C,22.5,15.0,5.0
2118,CASE_C,22.5,15.0,5.0
2119,CASE_C,22.5,15.0,5.0
2120,CASE_C,22.5,15.0,5.0
2121,CASE_C,22.5,15.0,5.0
2122,CASE_C,22.5,15.0,5.0
2123,CASE_C,22.5,15.0,5.0
2124,CASE_C,22.5,15.0,5.0
2125,CASE_C,22.5,15.0,5.0
2126,CASE_C,22.5,15.0,5.0
2127,CASE_C,22.5,15.0,5.0
2128,CASE_C,22.5,15.0,5.0
2129,CASE_C,22.5,15.0,5.0
2130,CASE_C,22.5,15.0,5.0
2131,CASE_C,22.5,15.0,5.0
2132,CASE_C,22.5,15.0,5.0
2133,CASE_C,22.5,15.0,5.0
2134,CASE_C,22.5,15.0,5.0
2135,CASE_C,22.5,15.0,5.0
2136,CASE_C,22.5,15.0,5.0
2137,CASE_C,22.5,15.0,5.0
2138,CASE_C,22.5,15.0,5.0
2139,CASE_C,22.5,15.0,5.0
2140,CASE_C,22.5,15.0,5.0
2141,CASE_C,22.5,15.0,5.0
2142,CASE_C,22.5,15.0,5.0
2143,CASE_C,22.5,15.0,5.0
2144,CASE_C,22.5,15.0,5.0
2145,CASE_C,22.5,15.0,5.0
2146,CASE_C,22.5,15.0,5.0
2147,CASE_C,22.5,15.0,5.0
2148,CASE_C,22.5,15.0,5.0
2149,CASE_C,22.5,15.0,5.0
2150,CASE_C,22.5,15.0,5.0
2151,CASE_C,22.5,15.0,5.0
2152,CASE_C,22.5,15.0,5.0
2153,CASE_C,22.5,15.0,5.0
2154,CASE_C,22.5,15.0,5.0
2155,CASE_C,22.5,15.0,5.0
2156,CASE_C,22.5,15.0,5.0
2157,CASE_C,22.5,15.0,5.0
2158,CASE_C,22.5,15.0,5.0
2159,CASE_C,22.5,15.0,5.0
2160,CASE_C,22.5,15.0,5.0
2161,CASE_C,22.5,15.0,5.0
2162,CASE_C,22.5,15.0,5.0
2163,CASE_C,22.5,15.0,5.0
2164,CASE_C,22.5,15.0,5.0
2165,CASE_C,22.5,15.0,5.0
2166,CASE_C,22.5,15.0,5.0
2167,CASE_C,22.5,15.0,5.0
2168,CASE_C,22.5,15.0,5.0
2169,CASE_C,22.5,15.0,5.0
2170,CASE_C,22.5,15.0,5.0
2171,CASE_C,22.5,15.0,5.0
2172,CASE_C,22.5,15.0,5.0
2173,CASE_C,22.5,15.0,5.0
2174,CASE_C,22.5,15.0,5.0
2175,CASE_C,22.5,15.0,5.0
2176,CASE_C,22.5,15.0,5.0
2177,CASE_C,22.5,15.0,5.0
2178,CASE_C,22.5,15.0,5.0
2179,CASE_C,22.5,15.0,5.0
2180,CASE_C,22.5,15.0,5.0
2181,CASE_C,22.5,15.0,5.0
2182,CASE_C,22.5,15.0,5.0
2183,CASE_C,22.5,15.0,5.0
2184,CASE_C,22.5,15.0,5.0
2185,CASE_C,22.5,15.0,5.0
2186,CASE_C,22.5,15.0,5.0
2187,CASE_C,22.5,15.0,5.0
2188,CASE_C,22.5,15.0,5.0
2189,CASE_C,22.5,15.0,5.0
2190,CASE_C,22.5,15.0,5.0
2191,CASE_C,22.5,15.0,5.0
2192,CASE_C,22.5,15.0,5.0
2193,CASE_C,22.5,15.0,5.0
2194,CASE_C,22.5,15.0,5.0
2195,CASE_C,22.5,15.0,5.0
2196,CASE_C,22.5,15.0,5.0
2197,CASE_C,22.5,15.0,5.0
2198,CASE_C,22.5,15.0,5.0
2199,CASE_C,22.5,15.0,5.0
2200,CASE_C,22.5,15.0,5.0
2201,CASE_C,22.5,15.0,5.0
2202,CASE_C,22.5,15.0,5.0
2203,CASE_C,22.5,15.0,5.0
2204,CASE_C,22.5,15.0,5.0
2205,CASE_C,22.5,15.0,5.0
2206,CASE_C,22.5,15.0,5.0
2207,CASE_C,22.5,15.0,5.0
2208,CASE_C,22.5,15.0,5.0
2209,CASE_C,22.5,15.0,5.0
2210,CASE_C,22.5,15.0,5.0
2211,CASE_C,22.5,15.0,5.0
2212,CASE_C,22.5,15.0,5.0
2213,CASE_C,22.5,15.0,5.0
2214,CASE_C,22.5,15.0,5.0
2215,CASE_C,22.5,15.0,5.0
2216,CASE_C,22.5,15.0,5.0
2217,CASE_C,22.5,15.0,5.0
2218,CASE_C,22.5,15.0,5.0
2219,CASE_C,22.5,15.0,5.0
2220,CASE_C,22.5,15.0,5.0
2221,CASE_C,22.5,15.0,5.0
2222,CASE_C,22.5,15.0,5.0
2223,CASE_C,22.5,15.0,5.0
2224,CASE_C,22.5,15.0,5.0
2225,CASE_C,22.5,15.0,5.0
2226,CASE_C,22.5,15.0,5.0
2227,CASE_C,22.5,15.0,5.0
2228,CASE_C,22.5,15.0,5.0
2229,CASE_C,22.5,15.0,5.0
2230,CASE_C,22.5,15.0,5.0
2231,CASE_C,22.5,15.0,5.0
2232,CASE_C,22.5,15.0,5.0
2233,CASE_C,22.5,15.0,5.0
2234,CASE_C,22.5,15.0,5.0
2235,CASE_C,22.5,15.0,5.0
2236,CASE_C,22.5,15.0,5.0
2237,CASE_C,22.5,15.0,5.0
2238,CASE_C,22.5,15.0,5.0
2239,CASE_C,22.5,15.0,5.0
2240,CASE_C,22.5,15.0,5.0
2241,CASE_C,22.5,15.0,6.0
2242,CASE_C,22.5,15.0,6.0
2243,CASE_C,22.5,15.0,6.0
2244,CASE_C,22.5,15.0,6.0
2245,CASE_C,22.5,15.0,6.0
2246,CASE_C,22.5,15.0,6.0
2247,CASE_C,22.5,15.0,6.0
2248,CASE_C,22.5,15.0,6.0
2249,CASE_C,22.5,15.0,6.0
2250,CASE_C,22.5,15.0,6.0
2251,CASE_C,22.5,15.0,6.0
2252,CASE_C,22.5,15.0,6.0
2253,CASE_C,22.5,15.0,6.0
2254,CASE_C,22.5,15.0,6.0
2255,CASE_C,22.5,15.0,6.0
2256,CASE_C,22.5,15.0,6.0
2257,CASE_C,22.5,15.0,6.0
2258,CASE_C,22.5,15.0,6.0
2259,CASE_C,22.5,15.0,6.0
2260,CASE_C,22.5,15.0,6.0
2261,CASE_C,22.5,15.0,6.0
2262,CASE_C,22.5,15.0,6.0
2263,CASE_C,22.5,15.0,6.0
2264,CASE_C,22.5,15.0,6.0
2265,CASE_C,22.5,15.0,6.0
2266,CASE_C,22.5,15.0,6.0
2267,CASE_C,22.5,15.0,6.0
2268,CASE_C,22.5,15.0,6.0
2269,CASE_C,22.5,15.0,6.0
2270,CASE_C,22.5,15.0,6.0
2271,CASE_C,22.5,15.0,6.0
2272,CASE_C,22.5,15.0,6.0
2273,CASE_C,22.5,15.0,6.0
2274,CASE_C,22.5,15.0,6.0
2275,CASE_C,22.5,15.0,6.0
2276,CASE_C,22.5,15.0,6.0
2277,CASE_C,22.5,15.0,6.0
2278,CASE_C,22.5,15.0,6.0
2279,CASE_C,22.5,15.0,6.0
2280,CASE_C,22.5,15.0,6.0
2281,CASE_C,22.5,15.0,6.0
2282,CASE_C,22.5,15.0,6.0
2283,CASE_C,22.5,15.0,6.0
2284,CASE_C,22.5,15.0,6.0
2285,CASE_C,22.5,15.0,6.0
2286,CASE_C,22.5,15.0,6.0
2287,CASE_C,22.5,15.0,6.0
2288,CASE_C,22.5,15.0,6.0
2289,CASE_C,22.5,15.0,6.0
2290,CASE_C,22.5,15.0,6.0
2291,CASE_C,22.5,15.0,6.0
2292,CASE_C,22.5,15.0,6.0
2293,CASE_C,22.5,15.0,6.0
2294,CASE_C,22.5,15.0,6.0
2295,CASE_C,22.5,15.0,6.0
2296,CASE_C,22.5,15.0,6.0
2297,CASE_C,22.5,15.0,6.0
2298,CASE_C,22.5,15.0,6.0
2299,CASE_C,22.5,15.0,6.0
2300,CASE_C,22.5,15.0,6.0
2301,CASE_C,22.5,15.0,6.0
2302,CASE_C,22.5,15.0,6.0
2303,CASE_C,22.5,15.0,6.0
2304,CASE_C,22.5,15.0,6.0
2305,CASE_C,22.5,15.0,6.0
2306,CASE_C,22.5,15.0,6.0
2307,CASE_C,22.5,15.0,6.0
2308,CASE_C,22.5,15.0,6.0
2309,CASE_C,22.5,15.0,6.0
2310,CASE_C,22.5,15.0,6.0
2311,CASE_C,22.5,15.0,6.0
2312,CASE_C,22.5,15.0,6.0
2313,CASE_C,22.5,15.0,6.0
2314,CASE_C,22.5,15.0,6.0
2315,CASE_C,22.5,15.0,6.0
2316,CASE_C,22.5,15.0,6.0
2317,CASE_C,22.5,15.0,6.0
2318,CASE_C,22.5,15.0,6.0
2319,CASE_C,22.5,15.0,6.0
2320,CASE_C,22.5,15.0,6.0
2321,CASE_C,22.5,15.0,5.0
2322,CASE_C,22.5,15.0,5.0
2323,CASE_C,22.5,15.0,5.0
2324,CASE_C,22.5,15.0,5.0
2325,CASE_C,22.5,15.0,5.0
2326,CASE_C,22.5,15.0,5.0
2327,CASE_C,22.5,15.0,5.0
2328,CASE_C,22.5,15.0,5.0
2329,CASE_C,22.5,15.0,5.0
2330,CASE_C,22.5,15.0,5.0
2331,CASE_C,22.5,15.0,5.0
2332,CASE_C,22.5,15.0,5.0
2333,CASE_C,22.5,15.0,5.0
2334,CASE_C,22.5,15.0,5.0
2335,CASE_C,22.5,15.0,5.0
2336,CASE_C,22.5,15.0,5.0
2337,CASE_C,22.5,15.0,5.0
2338,CASE_C,22.5,15.0,5.0
2339,CASE_C,22.5,15.0,5.0
2340,CASE_C,22.5,15.0,5.0
2341,CASE_C,22.5,15.0,5.0
2342,CASE_C,22.5,15.0,5.0
2343,CASE_C,22.5,15.0,5.0
2344,CASE_C,22.5,15.0,5.0
2345,CASE_C,22.5,15.0,5.0
2346,CASE_C,22.5,15.0,5.0
2347,CASE_C,22.5,15.0,5.0
2348,CASE_C,22.5,15.0,5.0
2349,CASE_C,22.5,15.0,5.0
2350,CASE_C,22.5,15.0,5.0
2351,CASE_C,22.5,15.0,5.0
2352,CASE_C,22.5,15.0,5.0
2353,CASE_C,22.5,15.0,5.0
2354,CASE_C,22.5,15.0,5.0
2355,CASE_C,22.5,15.0,5.0
2356,CASE_C,22.5,15.0,5.0
2357,CASE_C,22.5,15.0,5.0
2358,CASE_C,22.5,15.0,5.0
2359,CASE_C,22.5,15.0,5.0
2360,CASE_C,22.5,15.0,5.0
2361,CASE_C,22.5,15.0,5.0
2362,CASE_C,22.5,15.0,5.0
2363,CASE_C,22.5,15.0,5.0
2364,CASE_C,22.5,15.0,5.0
2365,CASE_C,22.5,15.0,5.0
2366,CASE_C,22.5,15.0,5.0
2367,CASE_C,22.5,15.0,5.0
2368,CASE_C,22.5,15.0,5.0
2369,CASE_C,22.5,15.0,5.0
2370,CASE_C,22.5,15.0,5.0
2371,CASE_C,22.5,15.0,5.0
2372,CASE_C,22.5,15.0,5.0
2373,CASE_C,22.5,15.0,5.0
2374,CASE_C,22.5,15.0,5.0
2375,CASE_C,22.5,15.0,5.0
2376,CASE_C,22.5,15.0,5.0
2377,CASE_C,22.5,15.0,5.0
2378,CASE_C,22.5,15.0,5.0
2379,CASE_C,22.5,15.0,5.0
2380,CASE_C,22.5,15.0,5.0
2381,CASE_C,22.5,15.0,5.0
2382,CASE_C,22.5,15.0,5.0
2383,CASE_C,22.5,15.0,5.0
2384,CASE_C,22.5,15.0,5.0
2385,CASE_C,22.5,15.0,5.0
2386,CASE_C,22.5,15.0,5.0
2387,CASE_C,22.5,15.0,5.0
2388,CASE_C,22.5,15.0,5.0
2389,CASE_C,22.5,15.0,5.0
2390,CASE_C,22.5,15.0,5.0
2391,CASE_C,22.5,15.0,5.0
2392,CASE_C,22.5,15.0,5.0
2393,CASE_C,22.5,15.0,5.0
2394,CASE_C,22.5,15.0,5.0
2395,CASE_C,22.5,15.0,5.0
2396,CASE_C,22.5,15.0,5.0
2397,CASE_C,22.5,15.0,5.0
2398,CASE_C,22.5,15.0,5.0
2399,CASE_C,22.5,15.0,5.0
2400,CASE_C,22.5,15.0,5.0
2401,CASE_C,22.5,15.0,6.0
2402,CASE_C,22.5,15.0,6.0
2403,CASE_C,22.5,15.0,6.0
2404,CASE_C,22.5,15.0,6.0
2405,CASE_C,22.5,15.0,6.0
2406,CASE_C,22.5,15.0,6.0
2407,CASE_C,22.5,15.0,6.0
2408,CASE_C,22.5,15.0,6.0
2409,CASE_C,22.5,15.0,6.0
2410,CASE_C,22.5,15.0,6.0
2411,CASE_C,22.5,15.0,6.0
2412,CASE_C,22.5,15.0,6.0
2413,CASE_C,22.5,15.0,6.0
2414,CASE_C,22.5,15.0,6.0
2415,CASE_C,22.5,15.0,6.0
2416,CASE_C,22.5,15.0,6.0
2417,CASE_C,22.5,15.0,6.0
2418,CASE_C,22.5,15.0,6.0
2419,CASE_C,22.5,15.0,6.0
2420,CASE_C,22.5,15.0,6.0
2421,CASE_C,22.5,15.0,6.0
2422,CASE_C,22.5,15.0,6.0
2423,CASE_C,22.5,15.0,6.0
2424,CASE_C,22.5,15.0,6.0
2425,CASE_C,22.5,15.0,6.0
2426,CASE_C,22.5,15.0,6.0
2427,CASE_C,22.5,15.0,6.0
2428,CASE_C,22.5,15.0,6.0
2429,CASE_C,22.5,15.0,6.0
2430,CASE_C,22.5,15.0,6.0
2431,CASE_C,22.5,15.0,6.0
2432,CASE_C,22.5,15.0,6.0
2433,CASE_C,22.5,15.0,6.0
2434,CASE_C,22.5,15.0,6.0
2435,CASE_C,22.5,15.0,6.0
2436,CASE_C,22.5,15.0,6.0
2437,CASE_C,22.5,15.0,6.0
2438,CASE_C,22.5,15.0,6.0
2439,CASE_C,22.5,15.0,6.0
2440,CASE_C,22.5,15.0,6.0
2441,CASE_C,22.5,15.0,6.0
2442,CASE_C,22.5,15.0,6.0
2443,CASE_C,22.5,15.0,6.0
2444,CASE_C,22.5,15.0,6.0
2445,CASE_C,22.5,15.0,6.0
2446,CASE_C,22.5,15.0,6.0
2447,CASE_C,22.5,15.0,6.0
2448,CASE_C,22.5,15.0,6.0
2449,CASE_C,22.5,15.0,6.0
2450,CASE_C,22.5,15.0,6.0
2451,CASE_C,22.5,15.0,6.0
2452,CASE_C,22.5,15.0,6.0
2453,CASE_C,22.5,15.0,6.0
2454,CASE_C,22.5,15.0,6.0
2455,CASE_C,22.5,15.0,6.0
2456,CASE_C,22.5,15.0,6.0
2457,CASE_C,22.5,15.0,6.0
2458,CASE_C,22.5,15.0,6.0
2459,CASE_C,22.5,15.0,6.0
2460,CASE_C,22.5,15.0,6.0
2461,CASE_C,22.5,15.0,6.0
2462,CASE_C,22.5,15.0,6.0
2463,CASE_C,22.5,15.0,6.0
2464,CASE_C,22.5,15.0,6.0
2465,CASE_C,22.5,15.0,6.0
2466,CASE_C,22.5,15.0,6.0
2467,CASE_C,22.5,15.0,6.0
2468,CASE_C,22.5,15.0,6.0
2469,CASE_C,22.5,15.0,6.0
2470,CASE_C,22.5,15.0,6.0
2471,CASE_C,22.5,15.0,6.0
2472,CASE_C,22.5,15.0,6.0
2473,CASE_C,22.5,15.0,6.0
2474,CASE_C,22.5,15.0,6.0
2475,CASE_C,22.5,15.0,6.0
2476,CASE_C,22.5,15.0,6.0
2477,CASE_C,22.5,15.0,6.0
2478,CASE_C,22.5,15.0,6.0
2479,CASE_C,22.5,15.0,6.0
2480,CASE_C,22.5,15.0,6.0
2481,CASE_C,22.5,15.0,6.0
2482,CASE_C,22.5,15.0,6.0
2483,CASE_C,22.5,15.0,6.0
2484,CASE_C,22.5,15.0,6.0
2485,CASE_C,22.5,15.0,6.0
2486,CASE_C,22.5,15.0,6.0
2487,CASE_C,22.5,15.0,6.0
2488,CASE_C,22.5,15.0,6.0
2489,CASE_C,22.5,15.0,6.0
2490,CASE_C,22.5,15.0,6.0
2491,CASE_C,22.5,15.0,6.0
2492,CASE_C,22.5,15.0,6.0
2493,CASE_C,22.5,15.0,6.0
2494,CASE_C,22.5,15.0,6.0
2495,CASE_C,22.5,15.0,6.0
2496,CASE_C,22.5,15.0,6.0
2497,CASE_C,22.5,15.0,6.0
2498,CASE_C,22.5,15.0,6.0
2499,CASE_C,22.5,15.0,6.0
2500,CASE_C,22.5,15.0,6.0
2501,CASE_C,22.5,15.0,6.0
2502,CASE_C,22.5,15.0,6.0
2503,CASE_C,22.5,15.0,6.0
2504,CASE_C,22.5,15.0,6.0
2505,CASE_C,22.5,15.0,6.0
2506,CASE_C,22.5,15.0,6.0
2507,CASE_C,22.5,15.0,6.0
2508,CASE_C,22.5,15.0,6.0
2509,CASE_C,22.5,15.0,6.0
2510,CASE_C,22.5,15.0,6.0
2511,CASE_C,22.5,15.0,6.0
2512,CASE_C,22.5,15.0,6.0
2513,CASE_C,22.5,15.0,6.0
2514,CASE_C,22.5,15.0,6.0
2515,CASE_C,22.5,15.0,6.0
2516,CASE_C,22.5,15.0,6.0
2517,CASE_C,22.5,15.0,6.0
2518,CASE_C,22.5,15.0,6.0
2519,CASE_C,22.5,15.0,6.0
2520,CASE_C,22.5,15.0,6.0
2521,CASE_C,22.5,15.0,6.0
2522,CASE_C,22.5,15.0,6.0
2523,CASE_C,22.5,15.0,6.0
2524,CASE_C,22.5,15.0,6.0
2525,CASE_C,22.5,15.0,6.0
2526,CASE_C,22.5,15.0,6.0
2527,CASE_C,22.5,15.0,6.0
2528,CASE_C,22.5,15.0,6.0
2529,CASE_C,22.5,15.0,6.0
2530,CASE_C,22.5,15.0,6.0
2531,CASE_C,22.5,15.0,6.0
2532,CASE_C,22.5,15.0,6.0
2533,CASE_C,22.5,15.0,6.0
2534,CASE_C,22.5,15.0,6.0
2535,CASE_C,22.5,15.0,6.0
2536,CASE_C,22.5,15.0,6.0
2537,CASE_C,22.5,15.0,6.0
2538,CASE_C,22.5,15.0,6.0
2539,CASE_C,22.5,15.0,6.0
2540,CASE_C,22.5,15.0,6.0
2541,CASE_C,22.5,15.0,6.0
2542,CASE_C,22.5,15.0,6.0
2543,CASE_C,22.5,15.0,6.0
2544,CASE_C,22.5,15.0,6.0
2545,CASE_C,22.5,15.0,6.0
2546,CASE_C,22.5,15.0,6.0
2547,CASE_C,22.5,15.0,6.0
2548,CASE_C,22.5,15.0,6.0
2549,CASE_C,22.5,15.0,6.0
2550,CASE_C,22.5,15.0,6.0
2551,CASE_C,22.5,15.0,6.0
2552,CASE_C,22.5,15.0,6.0
2553,CASE_C,22.5,15.0,6.0
2554,CASE_C,22.5,15.0,6.0
2555,CASE_C,22.5,15.0,6.0
2556,CASE_C,22.5,15.0,6.0
2557,CASE_C,22.5,15.0,6.0
2558,CASE_C,22.5,15.0,6.0
2559,CASE_C,22.5,15.0,6.0
2560,CASE_C,22.5,15.0,6.0
2561,CASE_C,22.5,15.0,6.0
2562,CASE_C,22.5,15.0,6.0
2563,CASE_C,22.5,15.0,6.0
2564,CASE_C,22.5,15.0,6.0
2565,CASE_C,22.5,15.0,6.0
2566,CASE_C,22.5,15.0,6.0
2567,CASE_C,22.5,15.0,6.0
2568,CASE_C,22.5,15.0,6.0
2569,CASE_C,22.5,15.0,6.0
2570,CASE_C,22.5,15.0,6.0
2571,CASE_C,22.5,15.0,6.0
2572,CASE_C,22.5,15.0,6.0
2573,CASE_C,22.5,15.0,6.0
2574,CASE_C,22.5,15.0,6.0
2575,CASE_C,22.5,15.0,6.0
2576,CASE_C,22.5,15.0,6.0
2577,CASE_C,22.5,15.0,6.0
2578,CASE_C,22.5,15.0,6.0
2579,CASE_C,22.5,15.0,6.0
2580,CASE_C,22.5,15.0,6.0
2581,CASE_C,22.5,15.0,6.0
2582,CASE_C,22.5,15.0,6.0
2583,CASE_C,22.5,15.0,6.0
2584,CASE_C,22.5,15.0,6.0
2585,CASE_C,22.5,15.0,6.0
2586,CASE_C,22.5,15.0,6.0
2587,CASE_C,22.5,15.0,6.0
2588,CASE_C,22.5,15.0,6.0
2589,CASE_C,22.5,15.0,6.0
2590,CASE_C,22.5,15.0,6.0
2591,CASE_C,22.5,15.0,6.0
2592,CASE_C,22.5,15.0,6.0
2593,CASE_C,22.5,15.0,6.0
2594,CASE_C,22.5,15.0,6.0
2595,CASE_C,22.5,15.0,6.0
2596,CASE_C,22.5,15.0,6.0
2597,CASE_C,22.5,15.0,6.0
2598,CASE_C,22.5,15.0,6.0
2599,CASE_C,22.5,15.0,6.0
2600,CASE_C,22.5,15.0,6.0
2601,CASE_C,22.5,15.0,6.0
2602,CASE_C,22.5,15.0,6.0
2603,CASE_C,22.5,15.0,6.0
2604,CASE_C,22.5,15.0,6.0
2605,CASE_C,22.5,15.0,6.0
2606,CASE_C,22.5,15.0,6.0
2607,CASE_C,22.5,15.0,6.0
2608,CASE_C,22.5,15.0,6.0
2609,CASE_C,22.5,15.0,6.0
2610,CASE_C,22.5,15.0,6.0
2611,CASE_C,22.5,15.0,6.0
2612,CASE_C,22.5,15.0,6.0
2613,CASE_C,22.5,15.0,6.0
2614,CASE_C,22.5,15.0,6.0
2615,CASE_C,22.5,15.0,6.0
2616,CASE_C,22.5,15.0,6.0
2617,CASE_C,22.5,15.0,6.0
2618,CASE_C,22.5,15.0,6.0
2619,CASE_C,22.5,15.0,6.0
2620,CASE_C,22.5,15.0,6.0
2621,CASE_C,22.5,15.0,6.0
2622,CASE_C,22.5,15.0,6.0
2623,CASE_C,22.5,15.0,6.0
2624,CASE_C,22.5,15.0,6.0
2625,CASE_C,22.5,15.0,6.0
2626,CASE_C,22.5,15.0,6.0
2627,CASE_C,22.5,15.0,6.0
2628,CASE_C,22.5,15.0,6.0
2629,CASE_C,22.5,15.0,6.0
2630,CASE_C,22.5,15.0,6.0
2631,CASE_C,22.5,15.0,6.0
2632,CASE_C,22.5,15.0,6.0
2633,CASE_C,22.5,15.0,6.0
2634,CASE_C,22.5,15.0,6.0
2635,CASE_C,22.5,15.0,6.0
2636,CASE_C,22.5,15.0,6.0
2637,CASE_C,22.5,15.0,6.0
2638,CASE_C,22.5,15.0,6.0
2639,CASE_C,22.5,15.0,6.0
2640,CASE_C,22.5,15.0,6.0
2641,CASE_C,22.5,15.0,6.0
2642,CASE_C,22.5,15.0,6.0
2643,CASE_C,22.5,15.0,6.0
2644,CASE_C,22.5,15.0,6.0
2645,CASE_C,22.5,15.0,6.0
2646,CASE_C,22.5,15.0,6.0
2647,CASE_C,22.5,15.0,6.0
2648,CASE_C,22.5,15.0,6.0
2649,CASE_C,22.5,15.0,6.0
2650,CASE_C,22.5,15.0,6.0
2651,CASE_C,22.5,15.0,6.0
2652,CASE_C,22.5,15.0,6.0
2653,CASE_C,22.5,15.0,6.0
2654,CASE_C,22.5,15.0,6.0
2655,CASE_C,22.5,15.0,6.0
2656,CASE_C,22.5,15.0,6.0
2657,CASE_C,22.5,15.0,6.0
2658,CASE_C,22.5,15.0,6.0
2659,CASE_C,22.5,15.0,6.0
2660,CASE_C,22.5,15.0,6.0
2661,CASE_C,22.5,15.0,6.0
2662,CASE_C,22.5,15.0,6.0
2663,CASE_C,22.5,15.0,6.0
2664,CASE_C,22.5,15.0,6.0
2665,CASE_C,22.5,15.0,6.0
2666,CASE_C,22.5,15.0,6.0
2667,CASE_C,22.5,15.0,6.0
2668,CASE_C,22.5,15.0,6.0
2669,CASE_C,22.5,15.0,6.0
2670,CASE_C,22.5,15.0,6.0
2671,CASE_C,22.5,15.0,6.0
2672,CASE_C,22.5,15.0,6.0
2673,CASE_C,22.5,15.0,6.0
2674,CASE_C,22.5,15.0,6.0
2675,CASE_C,22.5,15.0,6.0
2676,CASE_C,22.5,15.0,6.0
2677,CASE_C,22.5,15.0,6.0
2678,CASE_C,22.5,15.0,6.0
2679,CASE_C,22.5,15.0,6.0
2680,CASE_C,22.5,15.0,6.0
2681,CASE_C,22.5,15.0,6.0
2682,CASE_C,22.5,15.0,6.0
2683,CASE_C,22.5,15.0,6.0
2684,CASE_C,22.5,15.0,6.0
2685,CASE_C,22.5,15.0,6.0
2686,CASE_C,22.5,15.0,6.0
2687,CASE_C,22.5,15.0,6.0
2688,CASE_C,22.5,15.0,6.0
2689,CASE_C,22.5,15.0,6.0
2690,CASE_C,22.5,15.0,6.0
2691,CASE_C,22.5,15.0,6.0
2692,CASE_C,22.5,15.0,6.0
2693,CASE_C,22.5,15.0,6.0
2694,CASE_C,22.5,15.0,6.0
2695,CASE_C,22.5,15.0,6.0
2696,CASE_C,22.5,15.0,6.0
2697,CASE_C,22.5,15.0,6.0
2698,CASE_C,22.5,15.0,6.0
2699,CASE_C,22.5,15.0,6.0
2700,CASE_C,22.5,15.0,6.0
2701,CASE_C,22.5,15.0,6.0
2702,CASE_C,22.5,15.0,6.0
2703,CASE_C,22.5,15.0,6.0
2704,CASE_C,22.5,15.0,6.0
2705,CASE_C,22.5,15.0,6.0
2706,CASE_C,22.5,15.0,6.0
2707,CASE_C,22.5,15.0,6.0
2708,CASE_C,22.5,15.0,6.0
2709,CASE_C,22.5,15.0,6.0
2710,CASE_C,22.5,15.0,6.0
2711,CASE_C,22.5,15.0,6.0
2712,CASE_C,22.5,15.0,6.0
2713,CASE_C,22.5,15.0,6.0
2714,CASE_C,22.5,15.0,6.0
2715,CASE_C,22.5,15.0,6.0
2716,CASE_C,22.5,15.0,6.0
2717,CASE_C,22.5,15.0,6.0
2718,CASE_C,22.5,15.0,6.0
2719,CASE_C,22.5,15.0,6.0
2720,CASE_C,22.5,15.0,6.0
2721,CASE_C,22.5,15.0,7.0
2722,CASE_C,22.5,15.0,7.0
2723,CASE_C,22.5,15.0,7.0
2724,CASE_C,22.5,15.0,7.0
2725,CASE_C,22.5,15.0,7.0
2726,CASE_C,22.5,15.0,7.0
2727,CASE_C,22.5,15.0,7.0
2728,CASE_C,22.5,15.0,7.0
2729,CASE_C,22.5,15.0,7.0
2730,CASE_C,22.5,15.0,7.0
2731,CASE_C,22.5,15.0,7.0
2732,CASE_C,22.5,15.0,7.0
2733,CASE_C,22.5,15.0,7.0
2734,CASE_C,22.5,15.0,7.0
2735,CASE_C,22.5,15.0,7.0
2736,CASE_C,22.5,15.0,7.0
2737,CASE_C,22.5,15.0,7.0
2738,CASE_C,22.5,15.0,7.0
2739,CASE_C,22.5,15.0,7.0
2740,CASE_C,22.5,15.0,7.0
2741,CASE_C,22.5,15.0,7.0
2742,CASE_C,22.5,15.0,7.0
2743,CASE_C,22.5,15.0,7.0
2744,CASE_C,22.5,15.0,7.0
2745,CASE_C,22.5,15.0,7.0
2746,CASE_C,22.5,15.0,7.0
2747,CASE_C,22.5,15.0,7.0
2748,CASE_C,22.5,15.0,7.0
2749,CASE_C,22.5,15.0,7.0
2750,CASE_C,22.5,15.0,7.0
2751,CASE_C,22.5,15.0,7.0
2752,CASE_C,22.5,15.0,7.0
2753,CASE_C,22.5,15.0,7.0
2754,CASE_C,22.5,15.0,7.0
2755,CASE_C,22.5,15.0,7.0
2756,CASE_C,22.5,15.0,7.0
2757,CASE_C,22.5,15.0,7.0
2758,CASE_C,22.5,15.0,7.0
2759,CASE_C,22.5,15.0,7.0
2760,CASE_C,22.5,15.0,7.0
2761,CASE_C,22.5,15.0,7.0
2762,CASE_C,22.5,15.0,7.0
2763,CASE_C,22.5,15.0,7.0
2764,CASE_C,22.5,15.0,7.0
2765,CASE_C,22.5,15.0,7.0
2766,CASE_C,22.5,15.0,7.0
2767,CASE_C,22.5,15.0,7.0
2768,CASE_C,22.5,15.0,7.0
2769,CASE_C,22.5,15.0,7.0
2770,CASE_C,22.5,15.0,7.0
2771,CASE_C,22.5,15.0,7.0
2772,CASE_C,22.5,15.0,7.0
2773,CASE_C,22.5,15.0,7.0
2774,CASE_C,22.5,15.0,7.0
2775,CASE_C,22.5,15.0,7.0
2776,CASE_C,22.5,15.0,7.0
2777,CASE_C,22.5,15.0,7.0
2778,CASE_C,22.5,15.0,7.0
2779,CASE_C,22.5,15.0,7.0
2780,CASE_C,22.5,15.0,7.0
2781,CASE_C,22.5,15.0,7.0
2782,CASE_C,22.5,15.0,7.0
2783,CASE_C,22.5,15.0,7.0
2784,CASE_C,22.5,15.0,7.0
2785,CASE_C,22.5,15.0,7.0
2786,CASE_C,22.5,15.0,7.0
2787,CASE_C,22.5,15.0,7.0
2788,CASE_C,22.5,15.0,7.0
2789,CASE_C,22.5,15.0,7.0
2790,CASE_C,22.5,15.0,7.0
2791,CASE_C,22.5,15.0,7.0
2792,CASE_C,22.5,15.0,7.0
2793,CASE_C,22.5,15.0,7.0
2794,CASE_C,22.5,15.0,7.0
2795,CASE_C,22.5,15.0,7.0
2796,CASE_C,22.5,15.0,7.0
2797,CASE_C,22.5,15.0,7.0
2798,CASE_C,22.5,15.0,7.0
2799,CASE_C,22.5,15.0,7.0
2800,CASE_C,22.5,15.0,7.0
2801,CASE_C,22.5,15.0,6.0
2802,CASE_C,22.5,15.0,6.0
2803,CASE_C,22.5,15.0,6.0
2804,CASE_C,22.5,15.0,6.0
2805,CASE_C,22.5,15.0,6.0
2806,CASE_C,22.5,15.0,6.0
2807,CASE_C,22.5,15.0,6.0
2808,CASE_C,22.5,15.0,6.0
2809,CASE_C,22.5,15.0,6.0
2810,CASE_C,22.5,15.0,6.0
2811,CASE_C,22.5,15.0,6.0
2812,CASE_C,22.5,15.0,6.0
2813,CASE_C,22.5,15.0,6.0
2814,CASE_C,22.5,15.0,6.0
2815,CASE_C,22.5,15.0,6.0
2816,CASE_C,22.5,15.0,6.0
2817,CASE_C,22.5,15.0,6.0
2818,CASE_C,22.5,15.0,6.0
2819,CASE_C,22.5,15.0,6.0
2820,CASE_C,22.5,15.0,6.0
2821,CASE_C,22.5,15.0,6.0
2822,CASE_C,22.5,15.0,6.0
2823,CASE_C,22.5,15.0,6.0
2824,CASE_C,22.5,15.0,6.0
2825,CASE_C,22.5,15.0,6.0
2826,CASE_C,22.5,15.0,6.0
2827,CASE_C,22.5,15.0,6.0
2828,CASE_C,22.5,15.0,6.0
2829,CASE_C,22.5,15.0,6.0
2830,CASE_C,22.5,15.0,6.0
2831,CASE_C,22.5,15.0,6.0
2832,CASE_C,22.5,15.0,6.0
2833,CASE_C,22.5,15.0,6.0
2834,CASE_C,22.5,15.0,6.0
2835,CASE_C,22.5,15.0,6.0
2836,CASE_C,22.5,15.0,6.0
2837,CASE_C,22.5,15.0,6.0
2838,CASE_C,22.5,15.0,6.0
2839,CASE_C,22.5,15.0,6.0
2840,CASE_C,22.5,15.0,6.0
2841,CASE_C,22.5,15.0,6.0
2842,CASE_C,22.5,15.0,6.0
2843,CASE_C,22.5,15.0,6.0
2844,CASE_C,22.5,15.0,6.0
2845,CASE_C,22.5,15.0,6.0
2846,CASE_C,22.5,15.0,6.0
2847,CASE_C,22.5,15.0,6.0
2848,CASE_C,22.5,15.0,6.0
2849,CASE_C,22.5,15.0,6.0
2850,CASE_C,22.5,15.0,6.0
2851,CASE_C,22.5,15.0,6.0
2852,CASE_C,22.5,15.0,6.0
2853,CASE_C,22.5,15.0,6.0
2854,CASE_C,22.5,15.0,6.0
2855,CASE_C,22.5,15.0,6.0
2856,CASE_C,22.5,15.0,6.0
2857,CASE_C,22.5,15.0,6.0
2858,CASE_C,22.5,15.0,6.0
2859,CASE_C,22.5,15.0,6.0
2860,CASE_C,22.5,15.0,6.0
2861,CASE_C,22.5,15.0,6.0
2862,CASE_C,22.5,15.0,6.0
2863,CASE_C,22.5,15.0,6.0
2864,CASE_C,22.5,15.0,6.0
2865,CASE_C,22.5,15.0,6.0
2866,CASE_C,22.5,15.0,6.0
2867,CASE_C,22.5,15.0,6.0
2868,CASE_C,22.5,15.0,6.0
2869,CASE_C,22.5,15.0,6.0
2870,CASE_C,22.5,15.0,6.0
2871,CASE_C,22.5,15.0,6.0
2872,CASE_C,22.5,15.0,6.0
2873,CASE_C,22.5,15.0,6.0
2874,CASE_C,22.5,15.0,6.0
2875,CASE_C,22.5,15.0,6.0
2876,CASE_C,22.5,15.0,6.0
2877,CASE_C,22.5,15.0,6.0
2878,CASE_C,22.5,15.0,6.0
2879,CASE_C,22.5,15.0,6.0
2880,CASE_C,22.5,15.0,6.0
2881,CASE_C,22.5,15.0,7.0
2882,CASE_C,22.5,15.0,7.0
2883,CASE_C,22.5,15.0,7.0
2884,CASE_C,22.5,15.0,7.0
2885,CASE_C,22.5,15.0,7.0
2886,CASE_C,22.5,15.0,7.0
2887,CASE_C,22.5,15.0,7.0
2888,CASE_C,22.5,15.0,7.0
2889,CASE_C,22.5,15.0,7.0
2890,CASE_C,22.5,15.0,7.0
2891,CASE_C,22.5,15.0,7.0
2892,CASE_C,22.5,15.0,7.0
2893,CASE_C,22.5,15.0,7.0
2894,CASE_C,22.5,15.0,7.0
2895,CASE_C,22.5,15.0,7.0
2896,CASE_C,22.5,15.0,7.0
2897,CASE_C,22.5,15.0,7.0
2898,CASE_C,22.5,15.0,7.0
2899,CASE_C,22.5,15.0,7.0
2900,CASE_C,22.5,15.0,7.0
2901,CASE_C,22.5,15.0,7.0
2902,CASE_C,22.5,15.0,7.0
2903,CASE_C,22.5,15.0,7.0
2904,CASE_C,22.5,15.0,7.0
2905,CASE_C,22.5,15.0,7.0
2906,CASE_C,22.5,15.0,7.0
2907,CASE_C,22.5,15.0,7.0
2908,CASE_C,22.5,15.0,7.0
2909,CASE_C,22.5,15.0,7.0
2910,CASE_C,22.5,15.0,7.0
2911,CASE_C,22.5,15.0,7.0
2912,CASE_C,22.5,15.0,7.0
2913,CASE_C,22.5,15.0,7.0
2914,CASE_C,22.5,15.0,7.0
2915,CASE_C,22.5,15.0,7.0
2916,CASE_C,22.5,15.0,7.0
2917,CASE_C,22.5,15.0,7.0
2918,CASE_C,22.5,15.0,7.0
2919,CASE_C,22.5,15.0,7.0
2920,CASE_C,22.5,15.0,7.0
2921,CASE_C,22.5,15.0,7.0
2922,CASE_C,22.5,15.0,7.0
2923,CASE_C,22.5,15.0,7.0
2924,CASE_C,22.5,15.0,7.0
2925,CASE_C,22.5,15.0,7.0
2926,CASE_C,22.5,15.0,7.0
2927,CASE_C,22.5,15.0,7.0
2928,CASE_C,22.5,15.0,7.0
2929,CASE_C,22.5,15.0,7.0
2930,CASE_C,22.5,15.0,7.0
2931,CASE_C,22.5,15.0,7.0
2932,CASE_C,22.5,15.0,7.0
2933,CASE_C,22.5,15.0,7.0
2934,CASE_C,22.5,15.0,7.0
2935,CASE_C,22.5,15.0,7.0
2936,CASE_C,22.5,15.0,7.0
2937,CASE_C,22.5,15.0,7.0
2938,CASE_C,22.5,15.0,7.0
2939,CASE_C,22.5,15.0,7.0
2940,CASE_C,22.5,15.0,7.0
2941,CASE_C,22.5,15.0,7.0
2942,CASE_C,22.5,15.0,7.0
2943,CASE_C,22.5,15.0,7.0
2944,CASE_C,22.5,15.0,7.0
2945,CASE_C,22.5,15.0,7.0
2946,CASE_C,22.5,15.0,7.0
2947,CASE_C,22.5,15.0,7.0
2948,CASE_C,22.5,15.0,7.0
2949,CASE_C,22.5,15.0,7.0
2950,CASE_C,22.5,15.0,7.0
2951,CASE_C,22.5,15.0,7.0
2952,CASE_C,22.5,15.0,7.0
2953,CASE_C,22.5,15.0,7.0
2954,CASE_C,22.5,15.0,7.0
2955,CASE_C,22.5,15.0,7.0
2956,CASE_C,22.5,15.0,7.0
2957,CASE_C,22.5,15.0,7.0
2958,CASE_C,22.5,15.0,7.0
2959,CASE_C,22.5,15.0,7.0
2960,CASE_C,22.5,15.0,7.0
2961,CASE_C,22.5,15.0,7.0
2962,CASE_C,22.5,15.0,7.0
2963,CASE_C,22.5,15.0,7.0
2964,CASE_C,22.5,15.0,7.0
2965,CASE_C,22.5,15.0,7.0
2966,CASE_C,22.5,15.0,7.0
2967,CASE_C,22.5,15.0,7.0
2968,CASE_C,22.5,15.0,7.0
2969,CASE_C,22.5,15.0,7.0
2970,CASE_C,22.5,15.0,7.0
2971,CASE_C,22.5,15.0,7.0
2972,CASE_C,22.5,15.0,7.0
2973,CASE_C,22.5,15.0,7.0
2974,CASE_C,22.5,15.0,7.0
2975,CASE_C,22.5,15.0,7.0
2976,CASE_C,22.5,15.0,7.0
2977,CASE_C,22.5,15.0,7.0
2978,CASE_C,22.5,15.0,7.0
2979,CASE_C,22.5,15.0,7.0
2980,CASE_C,22.5,15.0,7.0
2981,CASE_C,22.5,15.0,7.0
2982,CASE_C,22.5,15.0,7.0
2983,CASE_C,22.5,15.0,7.0
2984,CASE_C,22.5,15.0,7.0
2985,CASE_C,22.5,15.0,7.0
2986,CASE_C,22.5,15.0,7.0
2987,CASE_C,22.5,15.0,7.0
2988,CASE_C,22.5,15.0,7.0
2989,CASE_C,22.5,15.0,7.0
2990,CASE_C,22.5,15.0,7.0
2991,CASE_C,22.5,15.0,7.0
2992,CASE_C,22.5,15.0,7.0
2993,CASE_C,22.5,15.0,7.0
2994,CASE_C,22.5,15.0,7.0
2995,CASE_C,22.5,15.0,7.0
2996,CASE_C,22.5,15.0,7.0
2997,CASE_C,22.5,15.0,7.0
2998,CASE_C,22.5,15.0,7.0
2999,CASE_C,22.5,15.0,7.0
3000,CASE_C,22.5,15.0,7.0
3001,CASE_C,22.5,15.0,7.0
3002,CASE_C,22.5,15.0,7.0
3003,CASE_C,22.5,15.0,7.0
3004,CASE_C,22.5,15.0,7.0
3005,CASE_C,22.5,15.0,7.0
3006,CASE_C,22.5,15.0,7.0
3007,CASE_C,22.5,15.0,7.0
3008,CASE_C,22.5,15.0,7.0
3009,CASE_C,22.5,15.0,7.0
3010,CASE_C,22.5,15.0,7.0
3011,CASE_C,22.5,15.0,7.0
3012,CASE_C,22.5,15.0,7.0
3013,CASE_C,22.5,15.0,7.0
3014,CASE_C,22.5,15.0,7.0
3015,CASE_C,22.5,15.0,7.0
3016,CASE_C,22.5,15.0,7.0
3017,CASE_C,22.5,15.0,7.0
3018,CASE_C,22.5,15.0,7.0
3019,CASE_C,22.5,15.0,7.0
3020,CASE_C,22.5,15.0,7.0
3021,CASE_C,22.5,15.0,7.0
3022,CASE_C,22.5,15.0,7.0
3023,CASE_C,22.5,15.0,7.0
3024,CASE_C,22.5,15.0,7.0
3025,CASE_C,22.5,15.0,7.0
3026,CASE_C,22.5,15.0,7.0
3027,CASE_C,22.5,15.0,7.0
3028,CASE_C,22.5,15.0,7.0
3029,CASE_C,22.5,15.0,7.0
3030,CASE_C,22.5,15.0,7.0
3031,CASE_C,22.5,15.0,7.0
3032,CASE_C,22.5,15.0,7.0
3033,CASE_C,22.5,15.0,7.0
3034,CASE_C,22.5,15.0,7.0
3035,CASE_C,22.5,15.0,7.0
3036,CASE_C,22.5,15.0,7.0
3037,CASE_C,22.5,15.0,7.0
3038,CASE_C,22.5,15.0,7.0
3039,CASE_C,22.5,15.0,7.0
3040,CASE_C,22.5,15.0,7.0
3041,CASE_C,22.5,15.0,7.0
3042,CASE_C,22.5,15.0,7.0
3043,CASE_C,22.5,15.0,7.0
3044,CASE_C,22.5,15.0,7.0
3045,CASE_C,22.5,15.0,7.0
3046,CASE_C,22.5,15.0,7.0
3047,CASE_C,22.5,15.0,7.0
3048,CASE_C,22.5,15.0,7.0
3049,CASE_C,22.5,15.0,7.0
3050,CASE_C,22.5,15.0,7.0
3051,CASE_C,22.5,15.0,7.0
3052,CASE_C,22.5,15.0,7.0
3053,CASE_C,22.5,15.0,7.0
3054,CASE_C,22.5,15.0,7.0
3055,CASE_C,22.5,15.0,7.0
3056,CASE_C,22.5,15.0,7.0
3057,CASE_C,22.5,15.0,7.0
3058,CASE_C,22.5,15.0,7.0
3059,CASE_C,22.5,15.0,7.0
3060,CASE_C,22.5,15.0,7.0
3061,CASE_C,22.5,15.0,7.0
3062,CASE_C,22.5,15.0,7.0
3063,CASE_C,22.5,15.0,7.0
3064,CASE_C,22.5,15.0,7.0
3065,CASE_C,22.5,15.0,7.0
3066,CASE_C,22.5,15.0,7.0
3067,CASE_C,22.5,15.0,7.0
3068,CASE_C,22.5,15.0,7.0
3069,CASE_C,22.5,15.0,7.0
3070,CASE_C,22.5,15.0,7.0
3071,CASE_C,22.5,15.0,7.0
3072,CASE_C,22.5,15.0,7.0
3073,CASE_C,22.5,15.0,7.0
3074,CASE_C,22.5,15.0,7.0
3075,CASE_C,22.5,15.0,7.0
3076,CASE_C,22.5,15.0,7.0
3077,CASE_C,22.5,15.0,7.0
3078,CASE_C,22.5,15.0,7.0
3079,CASE_C,22.5,15.0,7.0
3080,CASE_C,22.5,15.0,7.0
3081,CASE_C,22.5,15.0,7.0
3082,CASE_C,22.5,15.0,7.0
3083,CASE_C,22.5,15.0,7.0
3084,CASE_C,22.5,15.0,7.0
3085,CASE_C,22.5,15.0,7.0
3086,CASE_C,22.5,15.0,7.0
3087,CASE_C,22.5,15.0,7.0
3088,CASE_C,22.5,15.0,7.0
3089,CASE_C,22.5,15.0,7.0
3090,CASE_C,22.5,15.0,7.0
3091,CASE_C,22.5,15.0,7.0
3092,CASE_C,22.5,15.0,7.0
3093,CASE_C,22.5,15.0,7.0
3094,CASE_C,22.5,15.0,7.0
3095,CASE_C,22.5,15.0,7.0
3096,CASE_C,22.5,15.0,7.0
3097,CASE_C,22.5,15.0,7.0
3098,CASE_C,22.5,15.0,7.0
3099,CASE_C,22.5,15.0,7.0
3100,CASE_C,22.5,15.0,7.0
3101,CASE_C,22.5,15.0,7.0
3102,CASE_C,22.5,15.0,7.0
3103,CASE_C,22.5,15.0,7.0
3104,CASE_C,22.5,15.0,7.0
3105,CASE_C,22.5,15.0,7.0
3106,CASE_C,22.5,15.0,7.0
3107,CASE_C,22.5,15.0,7.0
3108,CASE_C,22.5,15.0,7.0
3109,CASE_C,22.5,15.0,7.0
3110,CASE_C,22.5,15.0,7.0
3111,CASE_C,22.5,15.0,7.0
3112,CASE_C,22.5,15.0,7.0
3113,CASE_C,22.5,15.0,7.0
3114,CASE_C,22.5,15.0,7.0
3115,CASE_C,22.5,15.0,7.0
3116,CASE_C,22.5,15.0,7.0
3117,CASE_C,22.5,15.0,7.0
3118,CASE_C,22.5,15.0,7.0
3119,CASE_C,22.5,15.0,7.0
3120,CASE_C,22.5,15.0,7.0
3121,CASE_C,22.5,15.0,7.0
3122,CASE_C,22.5,15.0,7.0
3123,CASE_C,22.5,15.0,7.0
3124,CASE_C,22.5,15.0,7.0
3125,CASE_C,22.5,15.0,7.0
3126,CASE_C,22.5,15.0,7.0
3127,CASE_C,22.5,15.0,7.0
3128,CASE_C,22.5,15.0,7.0
3129,CASE_C,22.5,15.0,7.0
3130,CASE_C,22.5,15.0,7.0
3131,CASE_C,22.5,15.0,7.0
3132,CASE_C,22.5,15.0,7.0
3133,CASE_C,22.5,15.0,7.0
3134,CASE_C,22.5,15.0,7.0
3135,CASE_C,22.5,15.0,7.0
3136,CASE_C,22.5,15.0,7.0
3137,CASE_C,22.5,15.0,7.0
3138,CASE_C,22.5,15.0,7.0
3139,CASE_C,22.5,15.0,7.0
3140,CASE_C,22.5,15.0,7.0
3141,CASE_C,22.5,15.0,7.0
3142,CASE_C,22.5,15.0,7.0
3143,CASE_C,22.5,15.0,7.0
3144,CASE_C,22.5,15.0,7.0
3145,CASE_C,22.5,15.0,7.0
3146,CASE_C,22.5,15.0,7.0
3147,CASE_C,22.5,15.0,7.0
3148,CASE_C,22.5,15.0,7.0
3149,CASE_C,22.5,15.0,7.0
3150,CASE_C,22.5,15.0,7.0
3151,CASE_C,22.5,15.0,7.0
3152,CASE_C,22.5,15.0,7.0
3153,CASE_C,22.5,15.0,7.0
3154,CASE_C,22.5,15.0,7.0
3155,CASE_C,22.5,15.0,7.0
3156,CASE_C,22.5,15.0,7.0
3157,CASE_C,22.5,15.0,7.0
3158,CASE_C,22.5,15.0,7.0
3159,CASE_C,22.5,15.0,7.0
3160,CASE_C,22.5,15.0,7.0
3161,CASE_C,22.5,15.0,7.0
3162,CASE_C,22.5,15.0,7.0
3163,CASE_C,22.5,15.0,7.0
3164,CASE_C,22.5,15.0,7.0
3165,CASE_C,22.5,15.0,7.0
3166,CASE_C,22.5,15.0,7.0
3167,CASE_C,22.5,15.0,7.0
3168,CASE_C,22.5,15.0,7.0
3169,CASE_C,22.5,15.0,7.0
3170,CASE_C,22.5,15.0,7.0
3171,CASE_C,22.5,15.0,7.0
3172,CASE_C,22.5,15.0,7.0
3173,CASE_C,22.5,15.0,7.0
3174,CASE_C,22.5,15.0,7.0
3175,CASE_C,22.5,15.0,7.0
3176,CASE_C,22.5,15.0,7.0
3177,CASE_C,22.5,15.0,7.0
3178,CASE_C,22.5,15.0,7.0
3179,CASE_C,22.5,15.0,7.0
3180,CASE_C,22.5,15.0,7.0
3181,CASE_C,22.5,15.0,7.0
3182,CASE_C,22.5,15.0,7.0
3183,CASE_C,22.5,15.0,7.0
3184,CASE_C,22.5,15.0,7.0
3185,CASE_C,22.5,15.0,7.0
3186,CASE_C,22.5,15.0,7.0
3187,CASE_C,22.5,15.0,7.0
3188,CASE_C,22.5,15.0,7.0
3189,CASE_C,22.5,15.0,7.0
3190,CASE_C,22.5,15.0,7.0
3191,CASE_C,22.5,15.0,7.0
3192,CASE_C,22.5,15.0,7.0
3193,CASE_C,22.5,15.0,7.0
3194,CASE_C,22.5,15.0,7.0
3195,CASE_C,22.5,15.0,7.0
3196,CASE_C,22.5,15.0,7.0
3197,CASE_C,22.5,15.0,7.0
3198,CASE_C,22.5,15.0,7.0
3199,CASE_C,22.5,15.0,7.0
3200,CASE_C,22.5,15.0,7.0
3201,CASE_C,22.5,15.0,8.0
3202,CASE_C,22.5,15.0,8.0
3203,CASE_C,22.5,15.0,8.0
3204,CASE_C,22.5,15.0,8.0
3205,CASE_C,22.5,15.0,8.0
3206,CASE_C,22.5,15.0,8.0
3207,CASE_C,22.5,15.0,8.0
3208,CASE_C,22.5,15.0,8.0
3209,CASE_C,22.5,15.0,8.0
3210,CASE_C,22.5,15.0,8.0
3211,CASE_C,22.5,15.0,8.0
3212,CASE_C,22.5,15.0,8.0
3213,CASE_C,22.5,15.0,8.0
3214,CASE_C,22.5,15.0,8.0
3215,CASE_C,22.5,15.0,8.0
3216,CASE_C,22.5,15.0,8.0
3217,CASE_C,22.5,15.0,8.0
3218,CASE_C,22.5,15.0,8.0
3219,CASE_C,22.5,15.0,8.0
3220,CASE_C,22.5,15.0,8.0
3221,CASE_C,22.5,15.0,8.0
3222,CASE_C,22.5,15.0,8.0
3223,CASE_C,22.5,15.0,8.0
3224,CASE_C,22.5,15.0,8.0
3225,CASE_C,22.5,15.0,8.0
3226,CASE_C,22.5,15.0,8.0
3227,CASE_C,22.5,15.0,8.0
3228,CASE_C,22.5,15.0,8.0
3229,CASE_C,22.5,15.0,8.0
3230,CASE_C,22.5,15.0,8.0
3231,CASE_C,22.5,15.0,8.0
3232,CASE_C,22.5,15.0,8.0
3233,CASE_C,22.5,15.0,8.0
3234,CASE_C,22.5,15.0,8.0
3235,CASE_C,22.5,15.0,8.0
3236,CASE_C,22.5,15.0,8.0
3237,CASE_C,22.5,15.0,8.0
3238,CASE_C,22.5,15.0,8.0
3239,CASE_C,22.5,15.0,8.0
3240,CASE_C,22.5,15.0,8.0
3241,CASE_C,22.5,15.0,8.0
3242,CASE_C,22.5,15.0,8.0
3243,CASE_C,22.5,15.0,8.0
3244,CASE_C,22.5,15.0,8.0
3245,CASE_C,22.5,15.0,8.0
3246,CASE_C,22.5,15.0,8.0
3247,CASE_C,22.5,15.0,8.0
3248,CASE_C,22.5,15.0,8.0
3249,CASE_C,22.5,15.0,8.0
3250,CASE_C,22.5,15.0,8.0
3251,CASE_C,22.5,15.0,8.0
3252,CASE_C,22.5,15.0,8.0
3253,CASE_C,22.5,15.0,8.0
3254,CASE_C,22.5,15.0,8.0
3255,CASE_C,22.5,15.0,8.0
3256,CASE_C,22.5,15.0,8.0
3257,CASE_C,22.5,15.0,8.0
3258,CASE_C,22.5,15.0,8.0
3259,CASE_C,22.5,15.0,8.0
3260,CASE_C,22.5,15.0,8.0
3261,CASE_C,22.5,15.0,8.0
3262,CASE_C,22.5,15.0,8.0
3263,CASE_C,22.5,15.0,8.0
3264,CASE_C,22.5,15.0,8.0
3265,CASE_C,22.5,15.0,8.0
3266,CASE_C,22.5,15.0,8.0
3267,CASE_C,22.5,15.0,8.0
3268,CASE_C,22.5,15.0,8.0
3269,CASE_C,22.5,15.0,8.0
3270,CASE_C,22.5,15.0,8.0
3271,CASE_C,22.5,15.0,8.0
3272,CASE_C,22.5,15.0,8.0
3273,CASE_C,22.5,15.0,8.0
3274,CASE_C,22.5,15.0,8.0
3275,CASE_C,22.5,15.0,8.0
3276,CASE_C,22.5,15.0,8.0
3277,CASE_C,22.5,15.0,8.0
3278,CASE_C,22.5,15.0,8.0
3279,CASE_C,22.5,15.0,8.0
3280,CASE_C,22.5,15.0,8.0
3281,CASE_C,22.5,15.0,7.0
3282,CASE_C,22.5,15.0,7.0
3283,CASE_C,22.5,15.0,7.0
3284,CASE_C,22.5,15.0,7.0
3285,CASE_C,22.5,15.0,7.0
3286,CASE_C,22.5,15.0,7.0
3287,CASE_C,22.5,15.0,7.0
3288,CASE_C,22.5,15.0,7.0
3289,CASE_C,22.5,15.0,7.0
3290,CASE_C,22.5,15.0,7.0
3291,CASE_C,22.5,15.0,7.0
3292,CASE_C,22.5,15.0,7.0
3293,CASE_C,22.5,15.0,7.0
3294,CASE_C,22.5,15.0,7.0
3295,CASE_C,22.5,15.0,7.0
3296,CASE_C,22.5,15.0,7.0
3297,CASE_C,22.5,15.0,7.0
3298,CASE_C,22.5,15.0,7.0
3299,CASE_C,22.5,15.0,7.0
3300,CASE_C,22.5,15.0,7.0
3301,CASE_C,22.5,15.0,7.0
3302,CASE_C,22.5,15.0,7.0
3303,CASE_C,22.5,15.0,7.0
3304,CASE_C,22.5,15.0,7.0
3305,CASE_C,22.5,15.0,7.0
3306,CASE_C,22.5,15.0,7.0
3307,CASE_C,22.5,15.0,7.0
3308,CASE_C,22.5,15.0,7.0
3309,CASE_C,22.5,15.0,7.0
3310,CASE_C,22.5,15.0,7.0
3311,CASE_C,22.5,15.0,7.0
3312,CASE_C,22.5,15.0,7.0
3313,CASE_C,22.5,15.0,7.0
3314,CASE_C,22.5,15.0,7.0
3315,CASE_C,22.5,15.0,7.0
3316,CASE_C,22.5,15.0,7.0
3317,CASE_C,22.5,15.0,7.0
3318,CASE_C,22.5,15.0,7.0
3319,CASE_C,22.5,15.0,7.0
3320,CASE_C,22.5,15.0,7.0
3321,CASE_C,22.5,15.0,7.0
3322,CASE_C,22.5,15.0,7.0
3323,CASE_C,22.5,15.0,7.0
3324,CASE_C,22.5,15.0,7.0
3325,CASE_C,22.5,15.0,7.0
3326,CASE_C,22.5,15.0,7.0
3327,CASE_C,22.5,15.0,7.0
3328,CASE_C,22.5,15.0,7.0
3329,CASE_C,22.5,15.0,7.0
3330,CASE_C,22.5,15.0,7.0
3331,CASE_C,22.5,15.0,7.0
3332,CASE_C,22.5,15.0,7.0
3333,CASE_C,22.5,15.0,7.0
3334,CASE_C,22.5,15.0,7.0
3335,CASE_C,22.5,15.0,7.0
3336,CASE_C,22.5,15.0,7.0
3337,CASE_C,22.5,15.0,7.0
3338,CASE_C,22.5,15.0,7.0
3339,CASE_C,22.5,15.0,7.0
3340,CASE_C,22.5,15.0,7.0
3341,CASE_C,22.5,15.0,7.0
3342,CASE_C,22.5,15.0,7.0
3343,CASE_C,22.5,15.0,7.0
3344,CASE_C,22.5,15.0,7.0
3345,CASE_C,22.5,15.0,7.0
3346,CASE_C,22.5,15.0,7.0
3347,CASE_C,22.5,15.0,7.0
3348,CASE_C,22.5,15.0,7.0
3349,CASE_C,22.5,15.0,7.0
3350,CASE_C,22.5,15.0,7.0
3351,CASE_C,22.5,15.0,7.0
3352,CASE_C,22.5,15.0,7.0
3353,CASE_C,22.5,15.0,7.0
3354,CASE_C,22.5,15.0,7.0
3355,CASE_C,22.5,15.0,7.0
3356,CASE_C,22.5,15.0,7.0
3357,CASE_C,22.5,15.0,7.0
3358,CASE_C,22.5,15.0,7.0
3359,CASE_C,22.5,15.0,7.0
3360,CASE_C,22.5,15.0,7.0
3361,CASE_C,22.5,15.0,8.0
3362,CASE_C,22.5,15.0,8.0
3363,CASE_C,22.5,15.0,8.0
3364,CASE_C,22.5,15.0,8.0
3365,CASE_C,22.5,15.0,8.0
3366,CASE_C,22.5,15.0,8.0
3367,CASE_C,22.5,15.0,8.0
3368,CASE_C,22.5,15.0,8.0
3369,CASE_C,22.5,15.0,8.0
3370,CASE_C,22.5,15.0,8.0
3371,CASE_C,22.5,15.0,8.0
3372,CASE_C,22.5,15.0,8.0
3373,CASE_C,22.5,15.0,8.0
3374,CASE_C,22.5,15.0,8.0
3375,CASE_C,22.5,15.0,8.0
3376,CASE_C,22.5,15.0,8.0
3377,CASE_C,22.5,15.0,8.0
3378,CASE_C,22.5,15.0,8.0
3379,CASE_C,22.5,15.0,8.0
3380,CASE_C,22.5,15.0,8.0
3381,CASE_C,22.5,15.0,8.0
3382,CASE_C,22.5,15.0,8.0
3383,CASE_C,22.5,15.0,8.0
3384,CASE_C,22.5,15.0,8.0
3385,CASE_C,22.5,15.0,8.0
3386,CASE_C,22.5,15.0,8.0
3387,CASE_C,22.5,15.0,8.0
3388,CASE_C,22.5,15.0,8.0
3389,CASE_C,22.5,15.0,8.0
3390,CASE_C,22.5,15.0,8.0
3391,CASE_C,22.5,15.0,8.0
3392,CASE_C,22.5,15.0,8.0
3393,CASE_C,22.5,15.0,8.0
3394,CASE_C,22.5,15.0,8.0
3395,CASE_C,22.5,15.0,8.0
3396,CASE_C,22.5,15.0,8.0
3397,CASE_C,22.5,15.0,8.0
3398,CASE_C,22.5,15.0,8.0
3399,CASE_C,22.5,15.0,8.0
3400,CASE_C,22.5,15.0,8.0
3401,CASE_C,22.5,15.0,8.0
3402,CASE_C,22.5,15.0,8.0
3403,CASE_C,22.5,15.0,8.0
3404,CASE_C,22.5,15.0,8.0
3405,CASE_C,22.5,15.0,8.0
3406,CASE_C,22.5,15.0,8.0
3407,CASE_C,22.5,15.0,8.0
3408,CASE_C,22.5,15.0,8.0
3409,CASE_C,22.5,15.0,8.0
3410,CASE_C,22.5,15.0,8.0
3411,CASE_C,22.5,15.0,8.0
3412,CASE_C,22.5,15.0,8.0
3413,CASE_C,22.5,15.0,8.0
3414,CASE_C,22.5,15.0,8.0
3415,CASE_C,22.5,15.0,8.0
3416,CASE_C,22.5,15.0,8.0
3417,CASE_C,22.5,15.0,8.0
3418,CASE_C,22.5,15.0,8.0
3419,CASE_C,22.5,15.0,8.0
3420,CASE_C,22.5,15.0,8.0
3421,CASE_C,22.5,15.0,8.0
3422,CASE_C,22.5,15.0,8.0
3423,CASE_C,22.5,15.0,8.0
3424,CASE_C,22.5,15.0,8.0
3425,CASE_C,22.5,15.0,8.0
3426,CASE_C,22.5,15.0,8.0
3427,CASE_C,22.5,15.0,8.0
3428,CASE_C,22.5,15.0,8.0
3429,CASE_C,22.5,15.0,8.0
3430,CASE_C,22.5,15.0,8.0
3431,CASE_C,22.5,15.0,8.0
3432,CASE_C,22.5,15.0,8.0
3433,CASE_C,22.5,15.0,8.0
3434,CASE_C,22.5,15.0,8.0
3435,CASE_C,22.5,15.0,8.0
3436,CASE_C,22.5,15.0,8.0
3437,CASE_C,22.5,15.0,8.0
3438,CASE_C,22.5,15.0,8.0
3439,CASE_C,22.5,15.0,8.0
3440,CASE_C,22.5,15.0,8.0
3441,CASE_C,22.5,15.0,8.0
3442,CASE_C,22.5,15.0,8.0
3443,CASE_C,22.5,15.0,8.0
3444,CASE_C,22.5,15.0,8.0
3445,CASE_C,22.5,15.0,8.0
3446,CASE_C,22.5,15.0,8.0
3447,CASE_C,22.5,15.0,8.0
3448,CASE_C,22.5,15.0,8.0
3449,CASE_C,22.5,15.0,8.0
3450,CASE_C,22.5,15.0,8.0
3451,CASE_C,22.5,15.0,8.0
3452,CASE_C,22.5,15.0,8.0
3453,CASE_C,22.5,15.0,8.0
3454,CASE_C,22.5,15.0,8.0
3455,CASE_C,22.5,15.0,8.0
3456,CASE_C,22.5,15.0,8.0
3457,CASE_C,22.5,15.0,8.0
3458,CASE_C,22.5,15.0,8.0
3459,CASE_C,22.5,15.0,8.0
3460,CASE_C,22.5,15.0,8.0
3461,CASE_C,22.5,15.0,8.0
3462,CASE_C,22.5,15.0,8.0
3463,CASE_C,22.5,15.0,8.0
3464,CASE_C,22.5,15.0,8.0
3465,CASE_C,22.5,15.0,8.0
3466,CASE_C,22.5,15.0,8.0
3467,CASE_C,22.5,15.0,8.0
3468,CASE_C,22.5,15.0,8.0
3469,CASE_C,22.5,15.0,8.0
3470,CASE_C,22.5,15.0,8.0
3471,CASE_C,22.5,15.0,8.0
3472,CASE_C,22.5,15.0,8.0
3473,CASE_C,22.5,15.0,8.0
3474,CASE_C,22.5,15.0,8.0
3475,CASE_C,22.5,15.0,8.0
3476,CASE_C,22.5,15.0,8.0
3477,CASE_C,22.5,15.0,8.0
3478,CASE_C,22.5,15.0,8.0
3479,CASE_C,22.5,15.0,8.0
3480,CASE_C,22.5,15.0,8.0
3481,CASE_C,22.5,15.0,8.0
3482,CASE_C,22.5,15.0,8.0
3483,CASE_C,22.5,15.0,8.0
3484,CASE_C,22.5,15.0,8.0
3485,CASE_C,22.5,15.0,8.0
3486,CASE_C,22.5,15.0,8.0
3487,CASE_C,22.5,15.0,8.0
3488,CASE_C,22.5,15.0,8.0
3489,CASE_C,22.5,15.0,8.0
3490,CASE_C,22.5,15.0,8.0
3491,CASE_C,22.5,15.0,8.0
3492,CASE_C,22.5,15.0,8.0
3493,CASE_C,22.5,15.0,8.0
3494,CASE_C,22.5,15.0,8.0
3495,CASE_C,22.5,15.0,8.0
3496,CASE_C,22.5,15.0,8.0
3497,CASE_C,22.5,15.0,8.0
3498,CASE_C,22.5,15.0,8.0
3499,CASE_C,22.5,15.0,8.0
3500,CASE_C,22.5,15.0,8.0
3501,CASE_C,22.5,15.0,8.0
3502,CASE_C,22.5,15.0,8.0
3503,CASE_C,22.5,15.0,8.0
3504,CASE_C,22.5,15.0,8.0
3505,CASE_C,22.5,15.0,8.0
3506,CASE_C,22.5,15.0,8.0
3507,CASE_C,22.5,15.0,8.0
3508,CASE_C,22.5,15.0,8.0
3509,CASE_C,22.5,15.0,8.0
3510,CASE_C,22.5,15.0,8.0
3511,CASE_C,22.5,15.0,8.0
3512,CASE_C,22.5,15.0,8.0
3513,CASE_C,22.5,15.0,8.0
3514,CASE_C,22.5,15.0,8.0
3515,CASE_C,22.5,15.0,8.0
3516,CASE_C,22.5,15.0,8.0
3517,CASE_C,22.5,15.0,8.0
3518,CASE_C,22.5,15.0,8.0
3519,CASE_C,22.5,15.0,8.0
3520,CASE_C,22.5,15.0,8.0
3521,CASE_C,22.5,15.0,8.0
3522,CASE_C,22.5,15.0,8.0
3523,CASE_C,22.5,15.0,8.0
3524,CASE_C,22.5,15.0,8.0
3525,CASE_C,22.5,15.0,8.0
3526,CASE_C,22.5,15.0,8.0
3527,CASE_C,22.5,15.0,8.0
3528,CASE_C,22.5,15.0,8.0
3529,CASE_C,22.5,15.0,8.0
3530,CASE_C,22.5,15.0,8.0
3531,CASE_C,22.5,15.0,8.0
3532,CASE_C,22.5,15.0,8.0
3533,CASE_C,22.5,15.0,8.0
3534,CASE_C,22.5,15.0,8.0
3535,CASE_C,22.5,15.0,8.0
3536,CASE_C,22.5,15.0,8.0
3537,CASE_C,22.5,15.0,8.0
3538,CASE_C,22.5,15.0,8.0
3539,CASE_C,22.5,15.0,8.0
3540,CASE_C,22.5,15.0,8.0
3541,CASE_C,22.5,15.0,8.0
3542,CASE_C,22.5,15.0,8.0
3543,CASE_C,22.5,15.0,8.0
3544,CASE_C,22.5,15.0,8.0
3545,CASE_C,22.5,15.0,8.0
3546,CASE_C,22.5,15.0,8.0
3547,CASE_C,22.5,15.0,8.0
3548,CASE_C,22.5,15.0,8.0
3549,CASE_C,22.5,15.0,8.0
3550,CASE_C,22.5,15.0,8.0
3551,CASE_C,22.5,15.0,8.0
3552,CASE_C,22.5,15.0,8.0
3553,CASE_C,22.5,15.0,8.0
3554,CASE_C,22.5,15.0,8.0
3555,CASE_C,22.5,15.0,8.0
3556,CASE_C,22.5,15.0,8.0
3557,CASE_C,22.5,15.0,8.0
3558,CASE_C,22.5,15.0,8.0
3559,CASE_C,22.5,15.0,8.0
3560,CASE_C,22.5,15.0,8.0
3561,CASE_C,22.5,15.0,8.0
3562,CASE_C,22.5,15.0,8.0
3563,CASE_C,22.5,15.0,8.0
3564,CASE_C,22.5,15.0,8.0
3565,CASE_C,22.5,15.0,8.0
3566,CASE_C,22.5,15.0,8.0
3567,CASE_C,22.5,15.0,8.0
3568,CASE_C,22.5,15.0,8.0
3569,CASE_C,22.5,15.0,8.0
3570,CASE_C,22.5,15.0,8.0
3571,CASE_C,22.5,15.0,8.0
3572,CASE_C,22.5,15.0,8.0
3573,CASE_C,22.5,15.0,8.0
3574,CASE_C,22.5,15.0,8.0
3575,CASE_C,22.5,15.0,8.0
3576,CASE_C,22.5,15.0,8.0
3577,CASE_C,22.5,15.0,8.0
3578,CASE_C,22.5,15.0,8.0
3579,CASE_C,22.5,15.0,8.0
3580,CASE_C,22.5,15.0,8.0
3581,CASE_C,22.5,15.0,8.0
3582,CASE_C,22.5,15.0,8.0
3583,CASE_C,22.5,15.0,8.0
3584,CASE_C,22.5,15.0,8.0
3585,CASE_C,22.5,15.0,8.0
3586,CASE_C,22.5,15.0,8.0
3587,CASE_C,22.5,15.0,8.0
3588,CASE_C,22.5,15.0,8.0
3589,CASE_C,22.5,15.0,8.0
3590,CASE_C,22.5,15.0,8.0
3591,CASE_C,22.5,15.0,8.0
3592,CASE_C,22.5,15.0,8.0
3593,CASE_C,22.5,15.0,8.0
3594,CASE_C,22.5,15.0,8.0
3595,CASE_C,22.5,15.0,8.0
3596,CASE_C,22.5,15.0,8.0
3597,CASE_C,22.5,15.0,8.0
3598,CASE_C,22.5,15.0,8.0
3599,CASE_C,22.5,15.0,8.0
3600,CASE_C,22.5,15.0,8.0
